,True_3TC,True_ABC,True_AZT,True_D4T,True_DDI,True_TDF,Pred_Proba_3TC,Pred_Proba_ABC,Pred_Proba_AZT,Pred_Proba_D4T,Pred_Proba_DDI,Pred_Proba_TDF,kFolds
0,1.0,1.0,0.0,1.0,1.0,1.0,0.9122329916969143,0.7708055135182283,0.010392729924205157,0.3524969401269914,0.8906335489087112,0.4014137074183678,2.0
1,1.0,1.0,0.0,1.0,1.0,1.0,0.9198431101391883,0.7620165725097418,0.011320090047652897,0.40855645878698943,0.8433358172945324,0.6789575998969012,4.0
2,1.0,0.0,0.0,0.0,0.0,1.0,0.9277473756147697,0.7958668338884343,0.010996710967740034,0.26976649071532727,0.9191274877569267,0.6877979650081141,2.0
3,0.0,0.0,0.0,0.0,0.0,0.0,0.02733683945315433,0.04234768924298694,0.008553769183258531,0.04262869815463442,0.07623452946829821,0.011314619708897624,2.0
4,0.0,0.0,0.0,0.0,0.0,0.0,0.024985493345574875,0.04246325347014503,0.01036215221307103,0.040738458443112156,0.0853125737149333,0.012665408133558693,3.0
5,0.0,0.0,0.0,0.0,0.0,0.0,0.02186891708165124,0.054588356827679284,0.010410903575668201,0.032272239661268666,0.07587858866870378,0.013100919365858757,2.0
6,1.0,1.0,0.0,1.0,1.0,1.0,0.8940099815761974,0.8201123067563315,0.01024680808313482,0.24608089890313664,0.8845230770369505,0.34556782938866865,2.0
7,0.0,1.0,0.0,0.0,1.0,0.0,0.028272412978885105,0.40671761902832265,0.008467689664708119,0.033351004007793145,0.5146398970491585,0.005109877225053854,2.0
8,0.0,1.0,0.0,0.0,0.0,0.0,0.029540621653306412,0.04279224943330546,0.011915901443242205,0.03307655412094848,0.10012041129483923,0.018826037605120558,4.0
9,1.0,1.0,0.0,0.0,0.0,0.0,0.9788961620015999,0.9762642519658788,0.009476700878312884,0.021174329020529105,0.5253921740604236,0.011332394249422072,3.0
10,1.0,1.0,0.0,0.0,1.0,0.0,0.9900273488369039,0.9954028899066857,0.011605717834569528,0.09373377658797134,0.9765155669844494,0.1554479179350458,1.0
11,1.0,1.0,0.0,0.0,1.0,0.0,0.9771739095698891,0.9901922302476523,0.007026773010647834,0.018923973030686284,0.9326229487904906,0.005866965899499829,3.0
12,1.0,1.0,0.0,0.0,1.0,0.0,0.9705366497194653,0.9794855361247975,0.009277586179171172,0.02197095220136298,0.5915860955610801,0.008994560096507644,2.0
13,1.0,1.0,0.0,0.0,1.0,0.0,0.9834883022393056,0.9854113291048879,0.006335032629662422,0.02578638434916599,0.9672572570537062,0.09789534431417637,4.0
14,0.0,0.0,0.0,0.0,0.0,0.0,0.028440615513471965,0.04389845178770977,0.008172145912247668,0.048135120480950436,0.0726293020230664,0.01537205959330414,4.0
15,0.0,0.0,0.0,0.0,0.0,0.0,0.03067691070846069,0.04052589307283137,0.008954418242348276,0.04100102564665608,0.07157185135021937,0.015168027255690202,0.0
16,0.0,1.0,0.0,1.0,1.0,0.0,0.03354912869281851,0.8088268154347271,0.0430084745486273,0.6737806457545408,0.689095419423905,0.013439748751640345,3.0
17,0.0,1.0,0.0,1.0,1.0,0.0,0.03354912869281851,0.8088268154347271,0.0430084745486273,0.6737806457545408,0.689095419423905,0.013439748751640345,3.0
18,0.0,0.0,0.0,0.0,0.0,0.0,0.22522101362621674,0.12897663427002362,0.14158473079810638,0.26795717398867064,0.12447963343072577,0.06109821266915795,1.0
19,0.0,0.0,0.0,0.0,0.0,0.0,0.0347547297796981,0.09921922811168513,0.12190736835644754,0.2478627495233758,0.12426287658440574,0.04365657048502492,3.0
20,0.0,1.0,0.0,1.0,1.0,0.0,0.03800909326118166,0.8622414428253715,0.6381527298305727,0.9157549406522364,0.7544310532594729,0.08264255959846699,4.0
21,1.0,1.0,0.0,1.0,1.0,0.0,0.03800909326118166,0.8622414428253715,0.6381527298305727,0.9157549406522364,0.7544310532594729,0.08264255959846699,4.0
22,1.0,1.0,0.0,1.0,1.0,0.0,0.03191766367631234,0.8311491323400823,0.1008201317395083,0.3464165607083344,0.7040270021333044,0.026321020219542874,3.0
23,0.0,1.0,0.0,1.0,1.0,0.0,0.4962744003264486,0.8381217287993271,0.09879033101075538,0.28494385646651765,0.7699223700660653,0.02780585755787835,0.0
24,0.0,1.0,0.0,0.0,1.0,0.0,0.035283657387047404,0.3828036757670849,0.00624618300044384,0.04869334305129732,0.5204851999333294,0.004642995242026665,2.0
25,0.0,1.0,0.0,0.0,1.0,0.0,0.035283657387047404,0.3828036757670849,0.00624618300044384,0.04869334305129732,0.5204851999333294,0.004642995242026665,2.0
26,0.0,0.0,0.0,0.0,0.0,0.0,0.03232807055295135,0.04279151786527535,0.00796948520443601,0.04855656832396254,0.07744494549836187,0.0141993317833121,4.0
27,0.0,0.0,0.0,0.0,0.0,0.0,0.02733683945315433,0.04234768924298694,0.008553769183258531,0.04262869815463442,0.07623452946829821,0.011314619708897624,2.0
28,0.0,0.0,0.0,0.0,0.0,0.0,0.02586053621185762,0.08500784572225645,0.011723334725869651,0.03687697364243935,0.14016198959942916,0.013899469497363297,3.0
29,0.0,0.0,0.0,0.0,0.0,0.0,0.02523778000080938,0.04916575490571645,0.011995708008345905,0.03362779240658854,0.08290658550242232,0.017621118372588267,0.0
30,1.0,1.0,0.0,0.0,1.0,0.0,0.8551227105909542,0.66686644301748,0.012862165157397219,0.03330961709839279,0.6662606976591452,0.014336336292394987,0.0
31,1.0,1.0,0.0,0.0,1.0,0.0,0.8590888671845185,0.6634327146694244,0.011283223520677019,0.025643831956596832,0.6892039156621536,0.012893357587301313,1.0
32,1.0,1.0,0.0,0.0,1.0,0.0,0.9828358997188084,0.9838944947428001,0.011741678853623453,0.023114794490044135,0.6782897795459639,0.010319684576791237,0.0
33,1.0,1.0,0.0,0.0,1.0,0.0,0.9704741363300544,0.9729692688981668,0.008995278859141335,0.02258619756878153,0.7353672092857622,0.008848494455864908,2.0
34,1.0,1.0,0.0,0.0,1.0,0.0,0.8670011956957119,0.40427437715189846,0.011492923284088071,0.03003991051309144,0.4342199455319064,0.015095936439633941,4.0
35,1.0,1.0,0.0,0.0,1.0,0.0,0.8569138490024828,0.3380834467910291,0.011772955808109652,0.03427982069190234,0.3594631927560745,0.013477746907688435,3.0
36,1.0,1.0,0.0,0.0,1.0,0.0,0.9788961620015999,0.9762642519658788,0.009476700878312884,0.021174329020529105,0.5253921740604236,0.011332394249422072,3.0
37,1.0,1.0,0.0,0.0,1.0,0.0,0.9775597589208671,0.9542096992411044,0.010203667089910171,0.017973749989504587,0.4957620570404418,0.0121998547167692,4.0
38,0.0,0.0,0.0,0.0,0.0,0.0,0.023726989432264534,0.05004421979526923,0.011920973064579012,0.03587993704164402,0.09571595618437173,0.01421479750267953,3.0
39,0.0,0.0,0.0,0.0,0.0,0.0,0.02186891708165124,0.054588356827679284,0.010410903575668201,0.032272239661268666,0.07587858866870378,0.013100919365858757,2.0
40,1.0,1.0,1.0,1.0,1.0,1.0,0.13737197641045126,0.7706274700698656,0.9055042180775089,0.7956234601648042,0.6328666697761527,0.7739549280800078,4.0
41,0.0,1.0,1.0,1.0,1.0,1.0,0.8066432199341875,0.8045419553934818,0.88950371122624,0.8188913286560074,0.5957609247153083,0.8495024828624456,1.0
42,1.0,1.0,1.0,1.0,1.0,1.0,0.9937607866746943,0.9974040382418353,0.9685750815846097,0.9576958915743895,0.9491487457839198,0.7533124692933381,2.0
43,1.0,1.0,1.0,1.0,1.0,1.0,0.9950764147324905,0.9977751579394145,0.9629251757795718,0.96148603702474,0.9530054875952128,0.7237633352648568,0.0
44,1.0,1.0,1.0,1.0,1.0,1.0,0.7873314336630279,0.9597249254745143,0.9478197646755179,0.9687577462313257,0.8041597746942216,0.8723604729288139,0.0
45,1.0,1.0,1.0,1.0,1.0,1.0,0.7538717771114309,0.9581934939074929,0.935157647335707,0.9488186901129175,0.721510150768657,0.8474436994635683,2.0
46,1.0,1.0,0.0,0.0,0.0,0.0,0.9882357796368869,0.9983721407241092,0.640986837136635,0.5026350573216263,0.5772427484890005,0.19647475911786402,3.0
47,1.0,1.0,0.0,0.0,0.0,0.0,0.9904435995490977,0.9972339766901562,0.627048268635327,0.45050153748318855,0.5371578805182836,0.25270323284892515,2.0
48,1.0,1.0,1.0,1.0,1.0,0.0,0.9939668446591107,0.9980573802241958,0.9460541421180341,0.8624326056408076,0.9117525129219218,0.1997694881594925,1.0
49,1.0,1.0,1.0,1.0,1.0,0.0,0.9937808804714028,0.998169332482012,0.9347241114181319,0.8441951870973561,0.8846815187480775,0.109357253124283,0.0
50,0.0,1.0,1.0,1.0,0.0,1.0,0.20859844299280123,0.5323983053953396,0.9223755541807488,0.6131607907423582,0.33022578173074,0.8103934703161562,3.0
51,0.0,1.0,1.0,1.0,0.0,1.0,0.18567803134512947,0.5499277519104159,0.8891531785089226,0.6806113954455643,0.30123161481554667,0.8139883584730225,0.0
52,0.0,0.0,0.0,0.0,0.0,0.0,0.029646348630732164,0.04616115071265964,0.008199524426109729,0.041727626231883586,0.09905987166527536,0.011103658096317436,2.0
53,0.0,0.0,0.0,0.0,0.0,0.0,0.03299846566674408,0.056396812464174745,0.007660826856653974,0.05501397592686477,0.08542971503203542,0.01366264824662794,4.0
54,1.0,1.0,0.0,1.0,1.0,0.0,0.8705038630165068,0.7296207899626936,0.010047415930227618,0.031212460425750477,0.6731112418393015,0.011593379058940425,1.0
55,1.0,1.0,0.0,1.0,1.0,0.0,0.9001922541895471,0.6385446674140413,0.00790996460161949,0.03848432914805593,0.7092864819219518,0.010539103700175623,2.0
56,1.0,1.0,0.0,0.0,1.0,0.0,0.8787121576389797,0.734025063853127,0.009231829636372306,0.05094930265387392,0.7099484873507029,0.01208885777236169,0.0
57,1.0,1.0,0.0,0.0,1.0,0.0,0.875756168054142,0.7466454814548341,0.010482228006463186,0.05606482121054986,0.6383506832266235,0.012090625182336553,3.0
58,0.0,0.0,0.0,0.0,0.0,0.0,0.03303519853304969,0.04722833924005738,0.010219014222575998,0.033822785649219936,0.08127265436261531,0.013962464992345904,1.0
59,0.0,0.0,0.0,0.0,0.0,0.0,0.029447840953883985,0.05195783332098932,0.008507290601931781,0.052921283477531327,0.09372190124833771,0.014165165841136959,0.0
60,0.0,0.0,0.0,0.0,0.0,0.0,0.028095868669261947,0.04277990275704626,0.008632483375960783,0.04280286927255785,0.08144309771953266,0.011393020271515545,2.0
61,0.0,0.0,0.0,0.0,0.0,0.0,0.024831029692775293,0.04490391053014318,0.010654505926625027,0.044211360896238366,0.0868966376395259,0.012890417734127337,3.0
62,0.0,0.0,0.0,0.0,0.0,0.0,0.018063518955304843,0.033156796947848385,0.011146781798452677,0.04607935707364193,0.06010706892630004,0.02463012418393302,2.0
63,0.0,0.0,0.0,0.0,0.0,0.0,0.026946948964472757,0.03719008508022334,0.01779007625316582,0.04326846274109644,0.1002899949443147,0.0333789449170715,1.0
64,0.0,0.0,0.0,0.0,0.0,0.0,0.025588978748543333,0.015970724084920517,0.008533408430076732,0.03005635984208285,0.05614421586275017,0.017826258596295306,4.0
65,0.0,0.0,0.0,0.0,0.0,0.0,0.02007266363630784,0.025320338474739443,0.01006468051105434,0.021773443690407138,0.061561679430522244,0.0183814835883628,0.0
66,1.0,1.0,1.0,1.0,1.0,1.0,0.9137403124509041,0.9764362804291031,0.03801957025386433,0.9497849676966224,0.9886709739374436,0.8390091121604549,2.0
67,0.0,0.0,0.0,1.0,1.0,1.0,0.10717074417225285,0.10810484693834647,0.08967985617715622,0.09113998612093939,0.20356134979610271,0.15429205253178743,0.0
68,1.0,1.0,1.0,1.0,1.0,1.0,0.7854651227846099,0.971606050723635,0.9700411951653652,0.9854857176849442,0.8648429954161919,0.9676418952366862,2.0
69,0.0,1.0,1.0,1.0,1.0,0.0,0.9936255464262773,0.998386150945827,0.7159027358074892,0.9549353747659255,0.9707299494317714,0.38507477813251434,0.0
70,1.0,1.0,1.0,1.0,1.0,0.0,0.9970201469242896,0.9983001431803011,0.9246801846439386,0.9774736947517524,0.984208849923872,0.1859134021748983,0.0
71,0.0,0.0,0.0,0.0,0.0,0.0,0.025488714267807796,0.02094184374771728,0.010222261408820791,0.031200167148286485,0.059398341061270066,0.015007108056782282,2.0
72,1.0,1.0,0.0,0.0,1.0,1.0,0.9011975287434192,0.8238510818488539,0.04114137469500111,0.17363196037256362,0.8237298329157647,0.6243055419455591,2.0
73,0.0,0.0,0.0,0.0,0.0,0.0,0.021787170637387988,0.03202731128924615,0.00556545054265427,0.014527843052957535,0.041186027447659326,0.01754128909188885,0.0
74,1.0,1.0,0.0,0.0,1.0,0.0,0.985506038939001,0.993575628831217,0.2896833047276778,0.43247762502611875,0.6212135010235745,0.23869401089706174,2.0
75,1.0,1.0,1.0,1.0,1.0,0.0,0.99391154076728,0.9987100621761276,0.9079416262403612,0.8229505905720503,0.9130505832574471,0.4538034714118797,3.0
76,1.0,1.0,0.0,1.0,1.0,0.0,0.9863301738553609,0.9973279388507367,0.5960182806014032,0.8281133409365504,0.93354872270052,0.15503837377901272,0.0
77,0.0,0.0,0.0,0.0,0.0,0.0,0.01856413232965914,0.030131983461730884,0.010394027889041053,0.028684677015550178,0.06916397712306195,0.010213036954428881,2.0
78,1.0,1.0,0.0,0.0,1.0,1.0,0.9930361504470847,0.9916167037159059,0.010725072417681268,0.11313349231118718,0.953627045920839,0.37342430070203214,0.0
79,0.0,1.0,1.0,1.0,1.0,0.0,0.2164147318009943,0.7035229363240312,0.9355978215809388,0.6496935398835827,0.4714852370692796,0.5969271531052273,3.0
80,0.0,1.0,0.0,0.0,1.0,0.0,0.7501297767537424,0.8587703113898811,0.006412119582712028,0.020311873152278836,0.7490829083722826,0.004491701930598836,2.0
81,1.0,1.0,1.0,0.0,1.0,1.0,0.9760654650501476,0.9959896045265691,0.9063807454551007,0.6392078192830075,0.7022099570524172,0.5262564984799899,1.0
82,1.0,1.0,0.0,0.0,1.0,0.0,0.9854698164848011,0.9926191653910694,0.41146439983355226,0.2614567347224048,0.6320205706713121,0.11028611182077423,2.0
83,1.0,1.0,0.0,0.0,1.0,0.0,0.9783119935909232,0.9898669566309606,0.18868785292463564,0.2455832995361523,0.9214120399155385,0.382840470599878,1.0
84,1.0,1.0,0.0,0.0,0.0,0.0,0.959637419092169,0.943843350651518,0.007104484089700722,0.023240791825795547,0.6927535130748954,0.007555859253057853,2.0
85,1.0,1.0,1.0,1.0,1.0,1.0,0.996789958996882,0.9983525000469186,0.9028966195012191,0.9556039218026473,0.9301469123800754,0.39067741933401384,2.0
86,1.0,1.0,1.0,1.0,1.0,1.0,0.9943084324221892,0.9992341067735617,0.8969161581284144,0.9196256643023297,0.8213718679619595,0.3234577478494641,1.0
87,0.0,0.0,0.0,0.0,0.0,0.0,0.026737944563294164,0.00991861236528119,0.00924916836932893,0.037202061957001695,0.026618483111432167,0.008700999695040854,4.0
88,0.0,0.0,1.0,0.0,0.0,0.0,0.19069369893996713,0.8082039633292865,0.940834190600101,0.7781233310184485,0.201206294443558,0.6713668053633781,1.0
89,0.0,0.0,0.0,0.0,0.0,0.0,0.0354021145526245,0.026737408204359225,0.017109837994026444,0.04450364932626174,0.08879887659772522,0.02686940290204034,3.0
90,0.0,1.0,1.0,1.0,1.0,1.0,0.24929718207820722,0.8423077406118685,0.8971207215527535,0.9663270755015757,0.5723503521313593,0.7886824953557486,3.0
91,0.0,0.0,0.0,0.0,0.0,0.0,0.02749092342837766,0.032564940284217664,0.010889064080110481,0.03566324629966244,0.04310616097276207,0.019097859673309892,4.0
92,0.0,0.0,0.0,0.0,0.0,0.0,0.020183686408127167,0.03261646261635936,0.011686587399911186,0.03353132459435095,0.08917977980630203,0.023581069510136037,2.0
93,0.0,0.0,0.0,0.0,0.0,0.0,0.09448974393561173,0.09661498682621311,0.04654435963211325,0.07024063411800964,0.12232270980191459,0.07907434880865241,3.0
94,1.0,1.0,0.0,0.0,0.0,0.0,0.9733030702172449,0.9457119168058753,0.006959942102824412,0.026276332134527024,0.49466334779405036,0.010366941136353393,2.0
95,0.0,1.0,1.0,1.0,0.0,1.0,0.3513815628710653,0.8223894017176449,0.9556080004396168,0.8239905617584354,0.22103640804126162,0.8140007972219572,4.0
96,0.0,0.0,0.0,0.0,0.0,0.0,0.06922235305870612,0.037851712733794736,0.009489418219275361,0.021717732570768374,0.34038624725250105,0.01645276366286687,1.0
97,1.0,1.0,1.0,1.0,1.0,1.0,0.9867694831019426,0.9931445090397553,0.9895762357732915,0.9890340927328475,0.9394724395175416,0.9582298118482101,2.0
98,0.0,0.0,0.0,0.0,0.0,0.0,0.02286322745538037,0.009945740685705038,0.009943341267628926,0.02974146920090639,0.045416765779702314,0.015327786401756784,4.0
99,1.0,0.0,0.0,0.0,0.0,0.0,0.9825798886571163,0.9558399993404707,0.01322745129481512,0.023585223285167094,0.6755009990306843,0.014622205228953446,0.0
100,1.0,1.0,0.0,0.0,1.0,0.0,0.7705707873586027,0.9251821726954517,0.010692777470045657,0.0797239057742605,0.7564565459490344,0.12463300236580022,0.0
101,0.0,0.0,0.0,0.0,0.0,0.0,0.01791668040019053,0.029850072764143597,0.010393965177130952,0.04090308456292949,0.04969892643694324,0.015169708315286055,0.0
102,1.0,1.0,0.0,1.0,1.0,0.0,0.9877258620213283,0.9958202915415169,0.6933476865238827,0.3471370687957823,0.7793869494875361,0.30765448895289776,2.0
103,1.0,1.0,0.0,1.0,1.0,0.0,0.9940688639708304,0.9983268133695163,0.9249453052943528,0.9019014334976138,0.9212886076036185,0.40731561540459293,4.0
104,1.0,1.0,1.0,1.0,1.0,0.0,0.9931150035556837,0.9990644145347128,0.9085794004188786,0.978655218047535,0.9826736224856092,0.23367802365732623,2.0
105,0.0,0.0,0.0,0.0,0.0,0.0,0.027363642641330618,0.023014182305536084,0.014874072453902223,0.03531309018576713,0.20369103361317134,0.026000866440041754,2.0
106,0.0,1.0,1.0,1.0,0.0,1.0,0.24645090108445594,0.5749973992813324,0.6055584468974664,0.5794582192617725,0.41101953326781787,0.6282762856321813,2.0
107,0.0,1.0,1.0,1.0,0.0,1.0,0.46222296835874443,0.9532098136917613,0.9397539044230979,0.9337956574507965,0.5693020558326126,0.8873267172655304,0.0
108,0.0,0.0,0.0,0.0,0.0,0.0,0.03090401642026355,0.09245502398765061,0.06721543113281266,0.11952155950836736,0.19116245763724402,0.08350659585976396,3.0
109,1.0,1.0,1.0,1.0,0.0,0.0,0.9931423180329413,0.9952909815271043,0.9259674493972951,0.9449790000755378,0.9342156645139216,0.5847735284845118,0.0
110,1.0,1.0,1.0,1.0,1.0,0.0,0.9861358262722009,0.9964268139410297,0.915174540541706,0.9103796053337166,0.7187644321210278,0.3829418573590347,2.0
111,1.0,1.0,1.0,1.0,1.0,0.0,0.9944633733341102,0.9993529037771643,0.9483683616867695,0.9729556099650014,0.9671238619162781,0.5357071653292758,1.0
112,0.0,0.0,0.0,0.0,0.0,0.0,0.027942015394909737,0.02500876213580405,0.012621066393126469,0.03511380781111613,0.1088181094586876,0.022587886907453694,4.0
113,1.0,1.0,1.0,1.0,1.0,1.0,0.9906606523808934,0.9990541480778548,0.7465671843422453,0.7142060473210129,0.9803660634198282,0.1747897404726285,1.0
114,1.0,1.0,0.0,0.0,0.0,0.0,0.9903125300095216,0.9934925276444574,0.6077249056012571,0.5423412627414699,0.7635850239266166,0.05945025187311451,3.0
115,1.0,1.0,0.0,0.0,1.0,0.0,0.990700454927753,0.9886326859417204,0.10729211774039851,0.09279709740668986,0.6202783914480773,0.05484801296275823,0.0
116,1.0,1.0,1.0,1.0,1.0,1.0,0.5202804844260814,0.9925862541159938,0.9704171957523646,0.9868676081030793,0.8622267457750786,0.7710547935733589,3.0
117,1.0,1.0,1.0,1.0,1.0,0.0,0.9953674192996119,0.9994555828691529,0.9458082125186157,0.9826949080759971,0.9888634691984496,0.3111308618900528,2.0
118,0.0,1.0,1.0,1.0,0.0,1.0,0.47373532315300515,0.9084132529452619,0.9762664931590016,0.933601737623991,0.5217990695862496,0.9123721037249708,3.0
119,1.0,1.0,1.0,1.0,1.0,0.0,0.9930301820799438,0.9983341719454013,0.8455024131635545,0.8778125639555616,0.8378415839853453,0.5092837735564274,3.0
120,0.0,0.0,0.0,0.0,0.0,0.0,0.03665172892013784,0.06557091341142289,0.02225536581683178,0.08607833854098289,0.11831848879455877,0.03392746994402212,2.0
121,1.0,1.0,0.0,0.0,1.0,0.0,0.9708443031388543,0.8998089069777925,0.013822901963707048,0.020595943077783223,0.37929726183961776,0.032354965921712234,4.0
122,0.0,1.0,1.0,1.0,1.0,0.0,0.19852580046632382,0.9734643248456121,0.8780622049634079,0.8755061290609994,0.8576614432211837,0.47874952306994134,4.0
123,0.0,0.0,0.0,0.0,0.0,0.0,0.02143243562547534,0.013136122132885673,0.009237465018610181,0.024597734305830118,0.07359628356818983,0.016036853624185686,0.0
124,0.0,0.0,0.0,0.0,0.0,0.0,0.021975984875612867,0.029264998420392027,0.009219735464332798,0.02188848647754754,0.05307607859618777,0.016001151679893067,0.0
125,0.0,1.0,1.0,1.0,0.0,1.0,0.523589186220031,0.9616570351710315,0.9749982176235267,0.9446661828289805,0.7345854252242582,0.943243692025264,2.0
126,0.0,1.0,1.0,1.0,1.0,1.0,0.11374981114144166,0.8352084552567475,0.9221731296100495,0.8957843204356762,0.8250400335956672,0.07354470260292863,1.0
127,1.0,1.0,0.0,0.0,1.0,0.0,0.9694627284535823,0.986937647509733,0.006901344172625744,0.019758321807936043,0.8907932738188407,0.006886946616833239,3.0
128,1.0,1.0,0.0,0.0,0.0,0.0,0.9806113210694697,0.9661072323751289,0.008208246231826853,0.018573448319336716,0.5781261318173639,0.007707238588558003,0.0
129,0.0,0.0,0.0,1.0,1.0,0.0,0.026625922005546532,0.02684433162874158,0.016421193452484086,0.024736722991781687,0.052840742063565066,0.01372435531439791,1.0
130,1.0,1.0,1.0,1.0,1.0,0.0,0.99064316690994,0.9983925866966156,0.8691986527673298,0.8754401015795102,0.9338395946494552,0.5619433936991316,4.0
131,1.0,1.0,1.0,1.0,1.0,1.0,0.9880705453783928,0.9983643817884299,0.8756862179939646,0.8692096418596745,0.8292331497876931,0.27335502868744305,1.0
132,0.0,1.0,1.0,1.0,0.0,1.0,0.3021908970989703,0.8139276052601975,0.8494795554914981,0.7569715195675535,0.48040998328609846,0.6603819559814875,2.0
133,0.0,0.0,0.0,0.0,0.0,0.0,0.03329844942794647,0.02949477610746697,0.0113393564185555,0.021812144310555993,0.06623145698713237,0.01088199716852268,3.0
134,0.0,0.0,0.0,0.0,0.0,0.0,0.14605527798099938,0.38129114532887604,0.5282407804022174,0.3578375129626942,0.3639604443228723,0.5340054873284631,4.0
135,1.0,1.0,1.0,0.0,1.0,0.0,0.9846967205548085,0.9932547762523248,0.5395915768591039,0.49629504586696765,0.8159321277627943,0.09171828492164157,0.0
136,1.0,1.0,1.0,0.0,1.0,0.0,0.7491898414347514,0.6123481414623643,0.15540384896919918,0.18635891013111738,0.3727189412038318,0.08777731793750732,2.0
137,0.0,0.0,0.0,0.0,0.0,0.0,0.02474611923743265,0.03179684519651511,0.012130155681903223,0.045093383501720284,0.08871610765682575,0.028348260733739975,2.0
138,0.0,0.0,0.0,0.0,0.0,0.0,0.03765318143922028,0.033693171258349114,0.009156333092080087,0.04846212821548653,0.11109699049317198,0.015016266254302338,2.0
139,0.0,0.0,0.0,0.0,0.0,0.0,0.02220264462639513,0.024659939426878448,0.009453812973827937,0.021890607286805835,0.08541565407021195,0.014443575592624242,2.0
140,0.0,0.0,0.0,0.0,0.0,0.0,0.02652412767323894,0.021847294618230532,0.01148292129619707,0.03373549603677173,0.07320428344259829,0.02065330906334707,1.0
141,1.0,1.0,0.0,1.0,1.0,0.0,0.022949315576792848,0.023982365428037552,0.010049783478367148,0.025997515275254558,0.05424390647753763,0.02325086683024287,0.0
142,1.0,1.0,0.0,0.0,1.0,0.0,0.9887003146172224,0.9991825447054925,0.9272580056795173,0.9187980282028066,0.8939635101414999,0.44251934472320203,1.0
143,1.0,1.0,0.0,0.0,1.0,0.0,0.9737142843107506,0.9412450642456456,0.00860700058395175,0.01838002925885844,0.5092343930758887,0.014224569134316325,4.0
144,0.0,0.0,0.0,0.0,0.0,0.0,0.044910599775360216,0.05496235192980993,0.0072180662736456725,0.06428349079954158,0.1713992560597886,0.029534171558510625,2.0
145,0.0,0.0,0.0,0.0,0.0,0.0,0.02172289004844221,0.02323972512459597,0.011150249550971292,0.03470949489163481,0.07477775130451478,0.010099307157397115,3.0
146,1.0,1.0,1.0,1.0,1.0,0.0,0.9967740016497177,0.9987060125242486,0.9659141465594929,0.985850937690941,0.9753181128077719,0.6575788921947234,4.0
147,1.0,1.0,0.0,1.0,1.0,0.0,0.9844823628404208,0.9990635295401988,0.8067569524926635,0.9484445394384752,0.9795167308672166,0.30141320230105406,1.0
148,0.0,0.0,0.0,0.0,0.0,0.0,0.02781203829723727,0.036111984011479734,0.012258802226217969,0.036777251380096625,0.07717597518578857,0.019749393122796704,1.0
149,1.0,0.0,0.0,0.0,0.0,0.0,0.9449924776287746,0.9498855992718281,0.011481280584563866,0.01617952922921122,0.4417463743864887,0.01080482623495841,3.0
150,0.0,0.0,0.0,0.0,0.0,0.0,0.7542567490661635,0.4459922430536024,0.018706184383665617,0.01907977811837345,0.2595519465780028,0.016267713259146502,4.0
151,1.0,1.0,0.0,0.0,0.0,0.0,0.984502305569657,0.9908349793605794,0.45203377377968296,0.2159370593753537,0.48344587986565135,0.039647525552048875,4.0
152,0.0,0.0,0.0,0.0,0.0,0.0,0.6399340797127911,0.500847920951219,0.00814155715652766,0.019552711970224547,0.376616846286388,0.011196754126231086,4.0
153,1.0,1.0,1.0,1.0,1.0,0.0,0.9944123388322562,0.9989485474553024,0.9339114851327665,0.956116320828521,0.9236945030831345,0.6961250643826158,3.0
154,0.0,0.0,0.0,0.0,0.0,0.0,0.01852147084874988,0.024141095387122214,0.012386108948479139,0.03504349067725901,0.07683936225045607,0.022978816900211967,3.0
155,0.0,0.0,0.0,0.0,0.0,0.0,0.016281627655233694,0.02186061200270261,0.009262431680300132,0.025321316126771232,0.07209331840142763,0.018773981253767346,1.0
156,0.0,0.0,0.0,0.0,0.0,0.0,0.07019258548443101,0.037235931180280506,0.029614964067863667,0.029098659963481866,0.0626350317662154,0.038667689172500824,1.0
157,1.0,1.0,1.0,1.0,1.0,1.0,0.9947487160068216,0.9983483864196815,0.9552554503733786,0.9055525434814662,0.9240994027641185,0.4000129509266845,3.0
158,1.0,1.0,1.0,1.0,1.0,1.0,0.9932973439951501,0.9986026079682364,0.9402274037381012,0.9444814654884723,0.8521421915220313,0.5793246950930749,1.0
159,0.0,0.0,0.0,0.0,0.0,0.0,0.020542876671903545,0.038457268014956025,0.014630885431582061,0.045113591054391854,0.08365810085756174,0.016182767127110174,3.0
160,0.0,0.0,0.0,0.0,0.0,0.0,0.0252450354105979,0.027135630053529553,0.011685959931708009,0.034398155986745935,0.05648483188717409,0.01981040936495202,4.0
161,1.0,1.0,0.0,0.0,1.0,0.0,0.9628332301534873,0.9554939158811412,0.014259340241943412,0.03024307708026749,0.5357738375582605,0.029942951348027463,4.0
162,1.0,1.0,0.0,0.0,0.0,0.0,0.9848792607976088,0.9915432552245801,0.2743601524927744,0.4201459476678502,0.8454989010511389,0.13461288914172162,0.0
163,0.0,0.0,0.0,0.0,0.0,0.0,0.02094247580544097,0.022991785553953287,0.009851058630688811,0.027896793829345706,0.053342587000804,0.013987416935158772,0.0
164,1.0,1.0,0.0,0.0,1.0,0.0,0.9884482826965436,0.9959074206052579,0.5212689151008189,0.4644387922657549,0.8297064867131522,0.09125819341869257,1.0
165,1.0,1.0,1.0,1.0,1.0,1.0,0.998482993405675,0.9952493200225405,0.8108303313308616,0.8376609291863056,0.8970994164607194,0.783384362211718,2.0
166,1.0,1.0,1.0,1.0,1.0,0.0,0.9942477623299899,0.9993697742731956,0.9539004726396143,0.9801678872549473,0.9692158824581382,0.4523249149118112,4.0
167,1.0,1.0,1.0,1.0,1.0,0.0,0.9955977792202737,0.998979619579978,0.958379710423912,0.9597756705991134,0.9906719795973061,0.26995705828015,2.0
168,0.0,0.0,0.0,0.0,0.0,0.0,0.02314797562779953,0.03633418749375522,0.010777615312385018,0.03818334043632468,0.06332481396700186,0.014900151753846954,0.0
169,0.0,1.0,0.0,1.0,1.0,1.0,0.18981288914480463,0.21635561954043897,0.016588676000471984,0.15903626275527802,0.3331330873300381,0.11536013553185513,3.0
170,1.0,1.0,0.0,1.0,1.0,1.0,0.8674828667048655,0.8021920405462802,0.011767924536861478,0.43002858447457754,0.8959360127322933,0.8675375902456792,0.0
171,0.0,0.0,0.0,0.0,0.0,0.0,0.01912935565149407,0.02736656380363716,0.00946711348036163,0.02886514897012843,0.05999085904791215,0.011209346917192756,2.0
172,1.0,1.0,0.0,1.0,1.0,0.0,0.04490451741925167,0.6350770089124549,0.8625355544828932,0.5928020753037868,0.20395494090985086,0.5929235597888968,3.0
173,1.0,1.0,1.0,0.0,1.0,0.0,0.9849551028802073,0.9970970192392586,0.7502262157310038,0.714343187498309,0.8285932901637454,0.11891674980561369,0.0
174,1.0,1.0,1.0,1.0,0.0,1.0,0.6696501997262725,0.827860291556172,0.9816354910168134,0.7829312505223033,0.412064269361267,0.8255790155013155,1.0
175,1.0,1.0,0.0,1.0,1.0,1.0,0.9918894247555139,0.9969485908618565,0.7886179382860838,0.9685851457841285,0.9935866882194715,0.5647575523377494,0.0
176,1.0,1.0,0.0,1.0,1.0,0.0,0.9951283555050362,0.9985810090110672,0.8994673184684271,0.9658908096572837,0.9813914398182076,0.3739676606511834,3.0
177,0.0,1.0,1.0,1.0,1.0,1.0,0.0952078984044267,0.8984571197673462,0.8839353334912928,0.9144496447222226,0.9182545690812854,0.7016500590459873,1.0
178,0.0,1.0,1.0,1.0,1.0,0.0,0.278795803406886,0.747251776349345,0.9116775486920264,0.8383691459415393,0.46173458008939466,0.6091895973130649,1.0
179,1.0,1.0,0.0,1.0,1.0,0.0,0.9826837505589381,0.9985004652058923,0.32901864229274624,0.42518022846164266,0.9587715271148259,0.039417283840023264,1.0
180,0.0,0.0,0.0,0.0,0.0,0.0,0.1925334846940479,0.5277419398053731,0.5051070296919585,0.37606597581374734,0.4650712364677,0.45808913163900666,3.0
181,1.0,1.0,1.0,1.0,0.0,0.0,0.9860123851221916,0.9975418477842413,0.8928972164730434,0.8696020350896833,0.8102936721932664,0.3572133399578531,1.0
182,0.0,0.0,0.0,0.0,0.0,0.0,0.025874690322752567,0.03696821665726184,0.010635202115937126,0.03609872610637761,0.06837135096241165,0.014197458380889143,2.0
183,1.0,1.0,1.0,1.0,1.0,1.0,0.9928122020503102,0.9989730729144279,0.9326216833424115,0.9851521091722536,0.9897351210611653,0.3327077787209065,2.0
184,1.0,1.0,1.0,1.0,1.0,1.0,0.9958461453549635,0.9981608555067364,0.9661195805621142,0.9637805640610944,0.9570112384731474,0.5280624062970275,0.0
185,0.0,0.0,0.0,0.0,0.0,0.0,0.02336447921169964,0.012765901951207493,0.010836571850115355,0.026023978764711863,0.05412493779352802,0.017575576939067885,0.0
186,1.0,1.0,1.0,1.0,1.0,1.0,0.9871292207730762,0.997924485638766,0.8916378862723179,0.860778611434719,0.7985262139673965,0.5800781154335176,4.0
187,1.0,1.0,1.0,1.0,1.0,0.0,0.9835632712308156,0.9849587038718969,0.8802917487503273,0.8918166942300924,0.9616144403184074,0.17435765490916497,4.0
188,1.0,1.0,0.0,0.0,1.0,0.0,0.9807130473209021,0.9869151103563103,0.010352161820671543,0.038585111148453574,0.6966560363366768,0.01416355586608382,0.0
189,1.0,1.0,1.0,1.0,0.0,0.0,0.9896889898372436,0.9963909597309427,0.9417603211974296,0.9116406385948758,0.8413509053162885,0.45214336417178114,4.0
190,0.0,0.0,0.0,0.0,0.0,0.0,0.022100448576724042,0.030640700379546616,0.008895982789650281,0.036185781862573874,0.0718189162407092,0.011570237393570635,3.0
191,0.0,0.0,0.0,0.0,0.0,0.0,0.04444406681670722,0.3936841514807535,0.5776832423872141,0.3730872310828237,0.10975482142351338,0.14340786289306165,3.0
192,0.0,1.0,0.0,1.0,1.0,0.0,0.12177575476862394,0.9261936343113246,0.42228103776236314,0.5579110456058447,0.8059580760488977,0.14760138247631643,1.0
193,0.0,0.0,0.0,0.0,0.0,0.0,0.023156732690893855,0.03798964937779218,0.008576768750922331,0.029721967805221,0.09809936784144771,0.012342074820225526,2.0
194,1.0,1.0,1.0,1.0,0.0,0.0,0.9845613527077848,0.9896460599754726,0.8450353302191311,0.5211953367514934,0.8159964758534042,0.25410495793757915,2.0
195,0.0,1.0,1.0,1.0,1.0,1.0,0.174089413709466,0.3936233147586854,0.8914720571739717,0.6213530346028319,0.19683641235931998,0.3025682258033649,1.0
196,1.0,1.0,1.0,1.0,1.0,1.0,0.9959016883441859,0.9972442235121749,0.8488220988419469,0.9191683035405277,0.9512004596963014,0.4663847723782514,1.0
197,1.0,1.0,1.0,1.0,1.0,1.0,0.9892728637555724,0.9981329386437054,0.9839042271541485,0.973458651099255,0.9643343963558487,0.6808608260389616,4.0
198,0.0,0.0,0.0,0.0,0.0,0.0,0.04363490777975586,0.03635426549701091,0.012726100117661033,0.05963937216788391,0.12069377571155553,0.04123786521292649,0.0
199,0.0,0.0,1.0,0.0,0.0,0.0,0.1417327393557585,0.8463523396861232,0.8668709073546427,0.7560534160487988,0.425178790783515,0.5196857032837976,0.0
200,0.0,0.0,0.0,0.0,0.0,0.0,0.023107353474320608,0.015292642283390466,0.004159844983630454,0.019164801203507845,0.08190257684674317,0.016672402304418427,4.0
201,1.0,1.0,1.0,1.0,1.0,0.0,0.9918243361793654,0.9986655125963556,0.9345829955351425,0.9451167186101099,0.8935681765094444,0.48363637678673765,4.0
202,1.0,1.0,1.0,1.0,1.0,1.0,0.9967841674895136,0.9991553088875286,0.9520225937124712,0.9912468022359316,0.992022117879097,0.4720719802813174,4.0
203,0.0,0.0,1.0,0.0,0.0,1.0,0.08043708527182347,0.1978022899817661,0.6819386185101112,0.35588955968570335,0.11325822302362108,0.46773916877139987,0.0
204,1.0,1.0,1.0,1.0,1.0,0.0,0.9938920157531298,0.9966632962258076,0.8927632942895272,0.9217030506388908,0.8419368209756453,0.26889181477852353,2.0
205,1.0,1.0,1.0,1.0,1.0,1.0,0.9925468129452688,0.9988163752595611,0.9634163446667823,0.9651124541623762,0.906371426650775,0.48720349926139694,4.0
206,1.0,1.0,1.0,1.0,1.0,0.0,0.9936760332771789,0.9985171175321167,0.9257985510388372,0.9664306704006428,0.9864012895712179,0.33089767121186553,4.0
207,1.0,1.0,0.0,0.0,1.0,1.0,0.9636494198630885,0.9696904265773093,0.013969329179745325,0.035070887040829835,0.9496275695547775,0.34871259444952096,4.0
208,1.0,1.0,1.0,1.0,1.0,1.0,0.7274768275339677,0.956038007040789,0.9760264730913435,0.9693091522466122,0.5585911552358204,0.8993104373809425,1.0
209,1.0,1.0,1.0,1.0,1.0,1.0,0.9745944954889921,0.99637410684902,0.7808755472957677,0.5011295498554156,0.648746700651493,0.23952467936210428,1.0
210,1.0,1.0,1.0,1.0,1.0,1.0,0.9954256398126196,0.9986258538774722,0.9373311979862415,0.9439273157392655,0.8800838415045359,0.41715619232326856,0.0
211,1.0,1.0,1.0,1.0,1.0,1.0,0.6190010897882021,0.9458957913283113,0.9410189187546383,0.9365206108933757,0.5321158476862786,0.8787883985818364,2.0
212,0.0,0.0,0.0,0.0,0.0,0.0,0.019844625120733924,0.02754599697018779,0.010438579972860254,0.02917497554870077,0.05379196174405695,0.011915609889652491,0.0
213,1.0,1.0,0.0,0.0,0.0,0.0,0.9967862433794228,0.9933771433430919,0.612734124627803,0.4749114568326308,0.6989609406829393,0.2135642542095669,2.0
214,1.0,1.0,0.0,0.0,0.0,0.0,0.9673182799095972,0.9975720425916562,0.1494881024831396,0.33597307621281214,0.9512691267694658,0.01738493746876456,1.0
215,0.0,0.0,0.0,0.0,0.0,0.0,0.021596511185151768,0.023197041009361097,0.00898573378127746,0.028798956429490208,0.06971304956190753,0.013941896878561068,2.0
216,0.0,0.0,0.0,0.0,0.0,0.0,0.020261396243652603,0.02224800602342857,0.00875406434109606,0.029154064449001982,0.0433182446029831,0.016091419999682357,4.0
217,0.0,0.0,0.0,0.0,0.0,0.0,0.02024408562881007,0.027448939209641025,0.014224361004622635,0.02804875966820607,0.06930605744856554,0.012978150343609633,3.0
218,0.0,0.0,0.0,0.0,0.0,0.0,0.028722807049537225,0.023218241125373906,0.007541659529591952,0.02446948880968525,0.04461100595250546,0.011805127941903908,1.0
219,1.0,1.0,0.0,0.0,1.0,0.0,0.9858987925255114,0.9971636936918373,0.5384002850547929,0.6257978684017469,0.9458047128244895,0.057415150695453165,4.0
220,0.0,1.0,0.0,0.0,1.0,1.0,0.992836319802586,0.990726418361576,0.020134819485865978,0.12488408264314654,0.950671351545553,0.5129130386888003,0.0
221,1.0,1.0,0.0,0.0,0.0,0.0,0.9781163214098365,0.9443228856489674,0.01238000134358555,0.02033532889201234,0.5704179811284569,0.012673858070784867,1.0
222,1.0,1.0,0.0,0.0,1.0,0.0,0.9922434824955396,0.997854337798976,0.29662680574404926,0.34866173722231,0.9074939046853221,0.04716240214543315,2.0
223,0.0,0.0,0.0,0.0,0.0,0.0,0.024446356031434732,0.037512601685902536,0.0376931840473269,0.08250072233889183,0.14663694300288552,0.021339028106337383,3.0
224,1.0,1.0,0.0,0.0,0.0,0.0,0.967274771507931,0.9785190349509838,0.0819959334481467,0.0444176523611428,0.5227314898967768,0.039405672644813296,2.0
225,0.0,0.0,0.0,0.0,0.0,0.0,0.02928409193580836,0.015140053979775766,0.006674391068221931,0.0350659745442202,0.10874588512874486,0.01817054972241115,4.0
226,1.0,1.0,1.0,1.0,1.0,0.0,0.9874037005997385,0.9973573000600672,0.8777810300932393,0.8869141072000454,0.9836147962431112,0.15113503695680477,0.0
227,0.0,1.0,1.0,1.0,0.0,1.0,0.1797053689359915,0.9073129374372008,0.9234211906557571,0.9251264483875544,0.6604238222417506,0.8691765671303605,2.0
228,1.0,1.0,1.0,1.0,1.0,1.0,0.9923045249877224,0.9946953687772612,0.7753157449826581,0.46869145724698674,0.6313198860949056,0.3079979175898944,2.0
229,1.0,1.0,1.0,1.0,1.0,1.0,0.9834552380909555,0.9910120516017379,0.40108740529633224,0.30859713741588995,0.8335370289806859,0.1752139101428298,4.0
230,0.0,0.0,0.0,0.0,0.0,0.0,0.055185836079309755,0.033122209147310636,0.015269649090945326,0.045730178312468686,0.06986598398399128,0.016085510497371863,4.0
231,0.0,0.0,0.0,0.0,0.0,0.0,0.055963209932512296,0.13697617793211492,0.15351104775775198,0.0861787773805406,0.0639529549247735,0.09714769369918284,0.0
232,0.0,0.0,0.0,0.0,0.0,0.0,0.873903047279929,0.8234207075220227,0.04824267430874821,0.09307493355242988,0.43424396265866116,0.028806346524306786,2.0
233,0.0,1.0,1.0,1.0,1.0,1.0,0.3159965581701359,0.899780742859337,0.9740363488662069,0.9110983323796186,0.49446133131280334,0.8267813395723678,1.0
234,0.0,1.0,1.0,1.0,0.0,1.0,0.12857823642466304,0.6125197936926328,0.9636247920027772,0.7518673784280125,0.2759483923659773,0.42683440240770093,3.0
235,0.0,0.0,0.0,0.0,0.0,0.0,0.021821534093964808,0.02399544466046937,0.009077903974914188,0.032729526013140074,0.06135014525463007,0.028576684812491433,2.0
236,1.0,1.0,0.0,0.0,1.0,0.0,0.991341243457834,0.9863958662091322,0.11617816372507443,0.2595056224977277,0.8038828774440283,0.18451155882227394,1.0
237,1.0,1.0,1.0,1.0,1.0,1.0,0.5938293527677873,0.9270674596342595,0.9068228537236552,0.9438008354627072,0.7011230179133656,0.7348910938129863,0.0
238,1.0,1.0,1.0,1.0,1.0,1.0,0.08356637874621066,0.7992351026144903,0.8793312277375124,0.8823295752984137,0.3016367493945463,0.7335319021512375,3.0
239,0.0,0.0,0.0,0.0,0.0,0.0,0.01696229445450223,0.014292769194379985,0.010662279649752426,0.02144181612188058,0.02565990589068557,0.01207361338620575,0.0
240,0.0,0.0,0.0,0.0,0.0,0.0,0.412669743416908,0.3568565260002302,0.015348302445686425,0.008580899073139666,0.24087286146541514,0.00941983717461757,0.0
241,1.0,1.0,1.0,1.0,1.0,1.0,0.46551964010523683,0.844314736796413,0.9529754243160037,0.7472477424267251,0.2904035894024928,0.5738788485016612,4.0
242,0.0,0.0,0.0,0.0,0.0,0.0,0.023625118886865467,0.016858291589593385,0.008308155763755386,0.035411072431150596,0.07754187874926427,0.0292506804839605,2.0
243,0.0,0.0,0.0,0.0,0.0,0.0,0.021168125483361642,0.014438655563172247,0.012849687146689943,0.02316122965897562,0.044578267638243095,0.01484088567850463,1.0
244,1.0,1.0,1.0,0.0,0.0,0.0,0.9830617630926829,0.9932478635761011,0.6777071831202723,0.5244578563408486,0.7402217661208158,0.15667243102437442,0.0
245,0.0,0.0,0.0,0.0,0.0,0.0,0.02333171668883786,0.03937767128578998,0.013364086466312488,0.035038425177050386,0.09839696369717205,0.03525895728961011,3.0
246,0.0,1.0,1.0,1.0,1.0,1.0,0.9931141034119378,0.9980958777995775,0.8884970667694547,0.908473453331839,0.9366592847991948,0.31961076260603977,4.0
247,1.0,1.0,1.0,1.0,1.0,1.0,0.9948952815701106,0.999051926217631,0.93334542460062,0.9846289354856413,0.9670626239133595,0.7579868484409142,0.0
248,0.0,1.0,1.0,1.0,0.0,1.0,0.18247466440552765,0.8127686446198176,0.9554623521292882,0.5990672628839174,0.4161871778764848,0.7421751910716502,2.0
249,0.0,0.0,0.0,0.0,0.0,0.0,0.021157447886249733,0.033010657735213875,0.008840951247833094,0.03137124614810137,0.06651502197875576,0.01021181720503609,2.0
250,0.0,0.0,0.0,0.0,0.0,0.0,0.020917393327470567,0.03480208057033491,0.012362160178857756,0.031185731168437928,0.0701231089404716,0.01300154117710897,3.0
251,0.0,1.0,1.0,1.0,1.0,1.0,0.10638265984863267,0.6746721640605757,0.8986344010844529,0.7548784494921549,0.8552420513162079,0.5152214138682973,0.0
252,1.0,1.0,0.0,0.0,1.0,0.0,0.9829084967078399,0.9974659682823607,0.5070325014821323,0.6134432065956107,0.9494142274695797,0.05427923496627004,4.0
253,1.0,1.0,1.0,1.0,1.0,0.0,0.99397035529555,0.997739487327087,0.9337272453502187,0.8880400047447626,0.7898773250378306,0.4977249951705536,4.0
254,1.0,1.0,1.0,0.0,1.0,1.0,0.9906738566597164,0.9949210333681602,0.646391931116995,0.5058297422832047,0.9022414956290057,0.26020591529746406,1.0
255,1.0,1.0,1.0,0.0,1.0,0.0,0.9865397919057971,0.995159144454567,0.5996549302326447,0.43186551711296284,0.7317025213772969,0.14273621209838463,3.0
256,1.0,1.0,1.0,1.0,1.0,0.0,0.9940599118945098,0.9988268386312928,0.921449487804646,0.9553330329813883,0.9189783794864164,0.6140155094641998,2.0
257,0.0,0.0,0.0,0.0,0.0,0.0,0.017635086054588658,0.02294713388475275,0.011941834772333591,0.03223851738107575,0.07228494048889066,0.01571030412597067,3.0
258,0.0,0.0,0.0,0.0,0.0,0.0,0.05223366242904629,0.03816229016855263,0.009121335284308654,0.04259185991933572,0.1468065191613797,0.031495469540728065,2.0
259,1.0,0.0,0.0,0.0,1.0,0.0,0.7877555881566354,0.19190338894180786,0.010159517240733235,0.017954597928035557,0.4609355856478831,0.015581979944413496,0.0
260,0.0,0.0,1.0,0.0,0.0,1.0,0.06140367603607851,0.5058254551651026,0.6473271042369375,0.4919307723013268,0.17303725037245057,0.6059841772166419,2.0
261,1.0,1.0,0.0,0.0,1.0,0.0,0.9894442506612419,0.9909787190676868,0.7608143096465972,0.44497408281506967,0.6500483357925663,0.26760493871295293,0.0
262,1.0,1.0,0.0,0.0,1.0,1.0,0.8885818106679918,0.8230812050706645,0.025388160545507032,0.3902153082882667,0.8812338851807465,0.5700282297928406,4.0
263,0.0,0.0,0.0,1.0,1.0,1.0,0.020020564593375974,0.03444253696575954,0.009017015261930513,0.02934584662947221,0.09543137028846456,0.013281892163007868,3.0
264,0.0,0.0,0.0,0.0,0.0,0.0,0.2548374287493126,0.421693734362186,0.11766241091806548,0.24242984734749642,0.22132774430069269,0.44062646242384723,3.0
265,1.0,1.0,0.0,0.0,1.0,0.0,0.8872660600028969,0.9519531086844584,0.6705682722076667,0.6789676003881403,0.7279635044351113,0.3949620195317702,1.0
266,1.0,1.0,1.0,1.0,1.0,0.0,0.9895375457078615,0.9990201519408288,0.8798355347577367,0.9195898212890821,0.8238192203679477,0.44625636607148755,1.0
267,1.0,1.0,1.0,1.0,1.0,0.0,0.9927980570032687,0.9979689688264586,0.792501376402247,0.867386017098617,0.81732497825587,0.2531944008319871,2.0
268,1.0,1.0,0.0,1.0,1.0,0.0,0.3531482331636717,0.8581662664342266,0.44388716682117313,0.4771752681210661,0.6818763160461088,0.2395238947662571,3.0
269,0.0,0.0,0.0,0.0,0.0,0.0,0.033359764304101515,0.21987703392063568,0.011599477537847626,0.05513236515298174,0.49500077174250473,0.018038474509154637,4.0
270,0.0,1.0,1.0,1.0,0.0,1.0,0.06324459559429967,0.5652743338932077,0.5821086114090507,0.3472490358767786,0.11799060183428768,0.20204801274093742,0.0
271,1.0,1.0,1.0,1.0,1.0,0.0,0.9769472262907797,0.9913819471151472,0.20457799426570858,0.11659556262961884,0.5596128782868506,0.04853244974393569,0.0
272,1.0,1.0,0.0,0.0,1.0,0.0,0.9581305017693426,0.935440088573828,0.009381610279170291,0.027730438950468075,0.3822574540222489,0.00972302893591059,2.0
273,0.0,1.0,1.0,0.0,0.0,0.0,0.8255943272968079,0.7664301070197058,0.12276852253591605,0.12129896758390882,0.49186049606684673,0.12531993283561302,2.0
274,0.0,0.0,0.0,0.0,0.0,0.0,0.037570387027299965,0.05257720997543077,0.3880248071103098,0.1453800866132754,0.10587281436282049,0.16726491509114846,0.0
275,0.0,0.0,0.0,0.0,0.0,0.0,0.02387610045440612,0.01932770068868709,0.011278408158538165,0.03224517676726248,0.05232225605333946,0.017611727712634456,0.0
276,1.0,1.0,1.0,1.0,1.0,1.0,0.9920875016596238,0.998233820971865,0.7632828685606768,0.9178155166049571,0.9753925978562953,0.2392147728526287,4.0
277,1.0,1.0,1.0,1.0,1.0,1.0,0.4101297968001063,0.7174477527864204,0.8419412057599482,0.7633518117584802,0.3501918202133176,0.703979814381331,1.0
278,1.0,1.0,1.0,1.0,1.0,0.0,0.9606330005934373,0.9967268070487059,0.9748909665651223,0.9827452981610274,0.9812102253931749,0.4737683182262641,3.0
279,1.0,1.0,1.0,1.0,1.0,0.0,0.9881867343298145,0.9986284346688236,0.9801520503991006,0.9891358433127362,0.9883064798011911,0.3988196752532456,4.0
280,1.0,1.0,1.0,1.0,1.0,1.0,0.1352123258991245,0.5028873081765179,0.8034205330852224,0.539740897787518,0.34228002388415635,0.5443266614415466,2.0
281,0.0,0.0,0.0,0.0,0.0,0.0,0.043503048064017,0.08542959026901188,0.03282403521467528,0.06761106261793447,0.09326946117625343,0.028514281758837693,2.0
282,1.0,1.0,1.0,1.0,1.0,0.0,0.9857327121072024,0.9976990375322835,0.9276851429866587,0.8472442750249626,0.9265375217753389,0.4762862872417334,1.0
283,1.0,1.0,0.0,0.0,1.0,0.0,0.9692172162941999,0.9392748931680508,0.009054204568092137,0.022074435352717206,0.48888251573567854,0.011987623422191004,4.0
284,1.0,1.0,1.0,0.0,0.0,1.0,0.9951904091828383,0.9989309713893098,0.7533656810086464,0.5677401824047714,0.655801604265463,0.5743238286178765,3.0
285,1.0,1.0,1.0,1.0,1.0,1.0,0.9910035995360724,0.9992636664311176,0.9347152404362393,0.9488657691632434,0.9275031055500637,0.488918644305617,1.0
286,0.0,0.0,0.0,0.0,0.0,0.0,0.02779834324926879,0.016463507072004172,0.010217733412481634,0.02312882802703079,0.06275043653631265,0.011398926618157348,1.0
287,1.0,1.0,1.0,1.0,0.0,0.0,0.9935663767470648,0.9973763823258411,0.849343796566913,0.6443320613344999,0.8096248429305473,0.216275445618149,1.0
288,1.0,1.0,0.0,0.0,1.0,0.0,0.99223081404408,0.9978661772263334,0.9258635933026085,0.9645955386437055,0.9590777164698382,0.3200879314340571,4.0
289,0.0,0.0,0.0,0.0,0.0,0.0,0.022594703396328623,0.046193119150944,0.015466764264175205,0.03575911200903,0.06794649792829807,0.03981751873650454,0.0
290,0.0,1.0,1.0,1.0,1.0,1.0,0.3215281180741846,0.9856712116037855,0.8909803449451092,0.9304049381847026,0.9118456774192963,0.5064784309117792,1.0
291,1.0,1.0,1.0,1.0,1.0,0.0,0.9939678623436753,0.9990233460593576,0.9492695226084489,0.9883021060265653,0.992395180288997,0.415613172062512,1.0
292,1.0,1.0,1.0,0.0,1.0,1.0,0.9928652687619457,0.9991530671538449,0.9081682870993315,0.919869626161397,0.8734837032419811,0.32445763690251744,1.0
293,1.0,1.0,0.0,0.0,1.0,0.0,0.9763223369358329,0.9471643133911004,0.48628505738991373,0.21888518407999402,0.688935124340657,0.12447459676331117,4.0
294,1.0,1.0,1.0,1.0,1.0,0.0,0.9942787909628045,0.9993128339556867,0.9349146328979593,0.9820180911013761,0.9430207057110929,0.7258144445164173,1.0
295,1.0,1.0,0.0,0.0,0.0,0.0,0.6343100769897062,0.5123038404316635,0.014551387230166947,0.020760522893831374,0.45412244680835245,0.020787016484761667,4.0
296,0.0,1.0,1.0,1.0,0.0,1.0,0.18682200278397107,0.4718792735782408,0.9405814819646061,0.6413255315246859,0.26555460584092916,0.7563082837989107,1.0
297,1.0,1.0,1.0,1.0,1.0,1.0,0.5798375041243407,0.929773923978904,0.9871654520949988,0.9685082537980397,0.8109357548745055,0.9028674829630691,0.0
298,1.0,1.0,1.0,1.0,1.0,0.0,0.9938106959385944,0.9980926636900632,0.8285760466608253,0.934206410231665,0.9810061815274093,0.2253194557950422,0.0
299,1.0,1.0,1.0,1.0,1.0,0.0,0.9936772150343187,0.998944723220743,0.9333725719182353,0.9360623342752813,0.9242519993838592,0.7407293101400484,2.0
300,0.0,0.0,0.0,0.0,0.0,0.0,0.020127134862651268,0.027516058113598533,0.010260197496559141,0.03316895870571186,0.04635121192004988,0.015037068565552038,0.0
301,1.0,1.0,1.0,1.0,1.0,0.0,0.9959122426101711,0.9993230045061194,0.9590848971028036,0.9371599235075577,0.9627588972494288,0.564648381227156,3.0
302,1.0,1.0,1.0,1.0,1.0,1.0,0.9946137170680381,0.998965080443645,0.9635871906218415,0.9741071765059819,0.9566709557920647,0.750260266708207,2.0
303,1.0,1.0,1.0,0.0,0.0,0.0,0.992858599680768,0.9991774942982433,0.9171131492851664,0.9507326688473834,0.9410402291972031,0.5980822604675669,0.0
304,0.0,0.0,0.0,0.0,0.0,0.0,0.04240492145262406,0.03893700564275218,0.01735904529988047,0.04013682608394175,0.09179576463935021,0.0225378355222356,3.0
305,1.0,1.0,1.0,1.0,1.0,0.0,0.9964208623141287,0.9931816456229581,0.6901207033465253,0.6461687207528329,0.7873319041011001,0.21262409150329561,2.0
306,0.0,0.0,0.0,0.0,0.0,0.0,0.027872377993840524,0.03136335658532349,0.012699901289041683,0.03294192578414644,0.06591609605914314,0.015673181718041752,1.0
307,1.0,1.0,1.0,1.0,1.0,1.0,0.5911695338683853,0.9617267480290043,0.9654009432789582,0.9713017378527345,0.631928838902426,0.9577144302697801,2.0
308,1.0,1.0,0.0,0.0,0.0,0.0,0.9765263246856211,0.9096796760556457,0.012915340566319834,0.020327118441119917,0.5809149916093548,0.009741833074351093,1.0
309,0.0,0.0,0.0,0.0,0.0,0.0,0.017024662205796612,0.01158773389689297,0.008811737593405151,0.021557750700510612,0.040968355167173454,0.019179263587837055,1.0
310,0.0,0.0,0.0,0.0,0.0,0.0,0.02718152495726568,0.021939528875587377,0.010540936191155845,0.03061414385985283,0.07150237183613396,0.013789509199178991,1.0
311,1.0,1.0,1.0,1.0,1.0,1.0,0.9928928795005119,0.9980754772936345,0.9526323022627282,0.8833158135365484,0.8568008535912599,0.5611586042625372,2.0
312,1.0,1.0,1.0,1.0,1.0,1.0,0.9830534445020137,0.9991462114545723,0.931499015750287,0.9243675162792826,0.9101745711897975,0.7000114742793374,1.0
313,1.0,1.0,1.0,1.0,1.0,1.0,0.7082079596355477,0.9530573396882059,0.9573270228467812,0.9533868266793948,0.830847050573429,0.9164190674564738,3.0
314,1.0,1.0,1.0,1.0,1.0,0.0,0.9888894064718239,0.9950509334067698,0.9080297606274513,0.8258178839713962,0.8497846430674484,0.4917763289960424,2.0
315,1.0,1.0,1.0,1.0,1.0,1.0,0.9923490085901261,0.9936756637200612,0.6859509167764823,0.3370853843239216,0.8097165729464356,0.38654194025091376,4.0
316,1.0,1.0,1.0,1.0,1.0,1.0,0.8640407026857816,0.9439280544045163,0.7755755251293843,0.41887275840178223,0.7282787305832183,0.3911373683070793,0.0
317,0.0,0.0,0.0,0.0,0.0,0.0,0.025293966857989188,0.029022368595626975,0.01401368636145714,0.0354733236330949,0.08380696428821259,0.026402393506730796,4.0
318,1.0,1.0,1.0,1.0,1.0,0.0,0.9872227974952034,0.9963156467957474,0.48787680881029455,0.6058552869594261,0.6834545372885104,0.1468841540711393,2.0
319,0.0,0.0,0.0,0.0,0.0,0.0,0.02158788717898883,0.016678380298273805,0.0071158565329154395,0.025298256081071634,0.09383903025716951,0.01407533981847317,2.0
320,1.0,1.0,1.0,1.0,1.0,1.0,0.9451294125689701,0.992831805165531,0.7223522564463656,0.9549815172007392,0.7960689184100149,0.8706950910977109,3.0
321,0.0,0.0,0.0,0.0,0.0,0.0,0.02156057115720666,0.01869342975364671,0.008274506400437982,0.030666902737269807,0.059275328378406204,0.011635653117108794,2.0
322,1.0,1.0,1.0,1.0,1.0,1.0,0.9901305588231024,0.9986193108752827,0.9281138926384696,0.8685839382359511,0.8092484285137775,0.49803074242664985,1.0
323,0.0,0.0,0.0,0.0,0.0,0.0,0.026673840223853128,0.03134687223824682,0.012364493742230859,0.0287042661830832,0.06261550485591114,0.01813925954648417,1.0
324,0.0,1.0,1.0,1.0,1.0,1.0,0.4049328121495174,0.9707737545550519,0.9053102651528162,0.9102668032747123,0.6550906158002511,0.824157522274712,0.0
325,0.0,1.0,1.0,1.0,0.0,1.0,0.41975150929950894,0.927671773247828,0.9613467721244247,0.9606660481976386,0.6614544991366191,0.9460569259294422,2.0
326,1.0,1.0,0.0,0.0,0.0,0.0,0.973091790154938,0.9372183936814474,0.013491507576360934,0.026137104837301726,0.5812394015757052,0.016233180015558204,1.0
327,1.0,1.0,0.0,0.0,1.0,0.0,0.970697049586411,0.9509496278301551,0.029976106627685857,0.039731155930363124,0.5374807766396126,0.04583237260178734,1.0
328,1.0,1.0,1.0,1.0,1.0,1.0,0.9845921788816314,0.9951685346912367,0.5675868809662036,0.5528266432967017,0.7510649245585584,0.34342061336872615,2.0
329,1.0,1.0,1.0,1.0,1.0,1.0,0.9915021501364529,0.997213979809475,0.9116246624551513,0.7361070450676638,0.7663947569150771,0.4901150275631967,2.0
330,0.0,0.0,0.0,0.0,0.0,0.0,0.7139022682113054,0.4511428495952073,0.009919184992880104,0.021763385961171597,0.36187364317956205,0.020696397806993408,4.0
331,0.0,0.0,0.0,0.0,0.0,0.0,0.02013749433303998,0.019206019077234283,0.003986854894101574,0.046923382225936734,0.04643128871286164,0.018389767614352633,0.0
332,1.0,1.0,1.0,1.0,1.0,1.0,0.995867914367614,0.9989467011924901,0.9571444333048527,0.9718673140556402,0.9602185264716787,0.6385411779994419,0.0
333,0.0,0.0,0.0,0.0,0.0,0.0,0.021606135187494126,0.020713407920543565,0.010971052196972171,0.03723008116802742,0.03947044740357197,0.02354382232628522,2.0
334,1.0,1.0,1.0,1.0,0.0,1.0,0.12139364373635407,0.8631329566490119,0.7432284612425232,0.6437759913877831,0.21028211643865863,0.4987606973373867,2.0
335,1.0,1.0,1.0,1.0,1.0,1.0,0.9963014842252651,0.9992867200686508,0.9616228613664978,0.9851261127385406,0.9744894582037386,0.588649871683066,3.0
336,0.0,0.0,0.0,0.0,0.0,0.0,0.021929846850930305,0.030063002424188346,0.0114266123585638,0.03249198926171114,0.05960946948001214,0.015089551018384773,2.0
337,1.0,1.0,1.0,1.0,1.0,0.0,0.9941734616546993,0.9981440339938145,0.9158092106448368,0.8740118739043575,0.8061795510574546,0.4976489405122625,4.0
338,0.0,1.0,1.0,1.0,0.0,1.0,0.16929716271662484,0.8679358895390152,0.952522361693292,0.8329537724315947,0.20366065422553853,0.7618275313576344,3.0
339,1.0,1.0,0.0,0.0,0.0,0.0,0.9763291451482601,0.9730221640863669,0.007692889819104465,0.015605840760357842,0.5076370621454623,0.010553044814024406,0.0
340,0.0,0.0,0.0,0.0,0.0,0.0,0.018533595155169183,0.026872880044676205,0.011007294923718299,0.02377615653004649,0.057193498506328204,0.01351693439132456,3.0
341,1.0,1.0,1.0,1.0,1.0,1.0,0.33066446139121486,0.8561321485744863,0.9039541863019774,0.8049396012464437,0.621753954187217,0.6978778563311091,1.0
342,0.0,0.0,0.0,0.0,0.0,0.0,0.020093072061289234,0.015427601321766642,0.009578832151413405,0.03220004949801683,0.03438265817883374,0.016923788771257393,0.0
343,1.0,1.0,1.0,1.0,1.0,0.0,0.9853762690680264,0.9876598246515516,0.4682760536857459,0.3514468960860448,0.6924802991597728,0.19134772625062707,4.0
344,0.0,0.0,0.0,0.0,0.0,0.0,0.019317912211063302,0.033471549960671546,0.014355693430812153,0.030262545975405286,0.056015077791827156,0.0193335400976489,0.0
345,1.0,1.0,0.0,0.0,0.0,0.0,0.9950478781695884,0.9977715753846419,0.9533839579497859,0.8877222301108434,0.9090352535274048,0.4214602778857123,4.0
346,0.0,0.0,0.0,0.0,0.0,0.0,0.01933428930435548,0.0599105058949864,0.13101045205059098,0.13984267667701197,0.05665271953115381,0.07338914859618922,1.0
347,1.0,1.0,1.0,1.0,1.0,1.0,0.9952904529741441,0.9993316467151987,0.9716415017261493,0.9744989500847553,0.9203345758161537,0.7329876500628713,3.0
348,0.0,0.0,0.0,0.0,1.0,0.0,0.01905011869533644,0.027968589862343005,0.010285487069397414,0.026297825347155766,0.05490756362638675,0.014945602673933814,1.0
349,0.0,0.0,0.0,0.0,0.0,0.0,0.08612496499728584,0.13696372074432253,0.1594813444123877,0.20378359757513037,0.1637999769079357,0.20566057601587867,2.0
350,1.0,1.0,1.0,1.0,1.0,1.0,0.9901533940934323,0.9971170175747829,0.8234125086123516,0.7679244149080284,0.7074590194386753,0.3801307004830546,0.0
351,0.0,0.0,0.0,0.0,0.0,0.0,0.018669995532036666,0.01822826492780281,0.010133420049775615,0.02710188182168081,0.06873466331297601,0.011890803874482584,0.0
352,1.0,1.0,0.0,0.0,0.0,0.0,0.9882713802559286,0.9830140150495826,0.09104397086850397,0.06162477202320623,0.45817816377564036,0.01874533341618199,0.0
353,0.0,0.0,0.0,0.0,0.0,0.0,0.959355161137539,0.9459879366874943,0.014980338198400223,0.020351565753015475,0.405112554427248,0.012368034412826094,0.0
354,0.0,1.0,1.0,0.0,1.0,0.0,0.11914372195230664,0.47937458507402075,0.3746734175765858,0.32942940023698075,0.47036846469534827,0.1906841818808215,1.0
355,0.0,0.0,1.0,0.0,1.0,0.0,0.06040075620444596,0.3104446468817323,0.12799641913921403,0.26327454523603594,0.6546456905648639,0.12929367517279897,1.0
356,1.0,1.0,0.0,0.0,1.0,0.0,0.9811620032070325,0.9788059606651223,0.035936182967669476,0.08372160766303381,0.7630583111489585,0.019965388756182267,3.0
357,1.0,1.0,0.0,0.0,1.0,0.0,0.9630285685920883,0.9659479337950843,0.032279922057108036,0.03922709077864469,0.43357359327375994,0.02340886665321991,3.0
358,0.0,0.0,0.0,0.0,0.0,0.0,0.02558774085548461,0.020528235601452356,0.008676870356729715,0.02458925094717877,0.04029339061840503,0.013365799451253808,1.0
359,1.0,1.0,0.0,1.0,1.0,0.0,0.9899112275537654,0.9967142556251112,0.842025412988986,0.7648702539097745,0.757259906051129,0.29176448499591856,2.0
360,0.0,0.0,0.0,0.0,0.0,0.0,0.028128901033671994,0.02369647351825826,0.011085731359569898,0.03175012184104923,0.056639756513153824,0.01511795843131942,1.0
361,1.0,1.0,1.0,1.0,1.0,1.0,0.5082248070163764,0.8481029742432394,0.937751855631693,0.869361421340747,0.5181411308707533,0.8236626299827553,1.0
362,0.0,0.0,0.0,0.0,0.0,0.0,0.01896267033248078,0.02308831962521493,0.009832024696869565,0.02548262589147175,0.07337352865433053,0.014229237757026838,2.0
363,1.0,1.0,1.0,1.0,1.0,1.0,0.4260966678240169,0.8450788954919105,0.9024320547950839,0.8782837078060599,0.5258326857634269,0.7833780139153552,1.0
364,1.0,1.0,1.0,1.0,0.0,1.0,0.9904013728701413,0.9981434401901116,0.8775124790820908,0.915413617070439,0.9574384013608238,0.2125090906645466,2.0
365,1.0,1.0,1.0,1.0,0.0,0.0,0.31450964533378556,0.11886498874757555,0.29117182469576236,0.2060161469450301,0.35384949107505176,0.26173887171950605,1.0
366,1.0,1.0,0.0,1.0,1.0,0.0,0.9915804903980276,0.9949987280433094,0.39963474299057433,0.25540304023251764,0.9363062551454743,0.18318299819743453,0.0
367,0.0,0.0,0.0,0.0,0.0,0.0,0.2783777725734572,0.6305984457576249,0.7491054810208734,0.5586057861714129,0.4916030692310119,0.7632754669306934,0.0
368,0.0,0.0,0.0,1.0,1.0,1.0,0.026169940479661744,0.0859966671457431,0.037280527596854816,0.07383037934985473,0.08521066145004731,0.019962826157123956,2.0
369,1.0,1.0,0.0,0.0,0.0,0.0,0.43798634732970426,0.44220932372587646,0.00887548122118992,0.022213885671527947,0.3648552857838471,0.01302191309019861,3.0
370,0.0,0.0,0.0,0.0,0.0,0.0,0.025258184798342496,0.01910004452524733,0.004082461556667816,0.008836854862068502,0.05872927969433092,0.01674971236049491,1.0
371,0.0,0.0,0.0,0.0,0.0,0.0,0.018749193953946117,0.022126810095250922,0.010455127136671294,0.020697988146325386,0.0877137556277902,0.01573231779249285,0.0
372,0.0,0.0,0.0,0.0,0.0,0.0,0.01620201962928433,0.014137057561919871,0.007238852110454612,0.02500668972676938,0.04526101249308627,0.009854473542900125,3.0
373,0.0,0.0,0.0,0.0,0.0,0.0,0.2890745617515603,0.35219202332564264,0.36955196863938894,0.5533011694435646,0.3276170031476307,0.480953526037798,3.0
374,0.0,0.0,0.0,0.0,0.0,0.0,0.3491237407515319,0.5099741861304109,0.8202774814717747,0.5575473714578663,0.4469218526222365,0.6506220538812593,0.0
375,1.0,1.0,1.0,0.0,0.0,0.0,0.9906675732050214,0.9944661408710287,0.8487299876035331,0.7355903622495015,0.7142001094252195,0.3677796070423541,2.0
376,1.0,1.0,1.0,0.0,1.0,0.0,0.9727225396366371,0.9960656769623762,0.6594535467438046,0.5869264304649727,0.5225830622683176,0.21557755665864997,2.0
377,0.0,0.0,0.0,0.0,0.0,0.0,0.022672917899884994,0.02370959717360224,0.011488793773977065,0.028507133105539338,0.05912631151683948,0.018782392459570182,1.0
378,1.0,1.0,0.0,0.0,1.0,0.0,0.9775208688365049,0.9564949679521144,0.14947564350942366,0.09181849519255321,0.48412532466970576,0.043694940328082285,4.0
379,1.0,1.0,1.0,1.0,1.0,1.0,0.9870593027276773,0.9980770699539364,0.9204066936553563,0.7249448140649701,0.6866875368544934,0.31633088022027106,4.0
380,1.0,1.0,1.0,1.0,1.0,0.0,0.9882517022747181,0.9975276492456371,0.9201274276771662,0.7459562392177885,0.9426076224713132,0.6453281413279053,1.0
381,1.0,1.0,0.0,0.0,1.0,0.0,0.9938177631899204,0.9984537867468616,0.8969394543594515,0.7551067514475728,0.8059148147833936,0.5441468912445452,1.0
382,0.0,0.0,1.0,0.0,0.0,0.0,0.044756310586906226,0.15371373871685096,0.09085216065099574,0.08660525390730137,0.05456267295912706,0.03603423072923566,0.0
383,0.0,0.0,0.0,0.0,0.0,0.0,0.028726029863328353,0.028856488785434023,0.01356353565607041,0.030310518617420536,0.0477636897218292,0.02330500920264898,1.0
384,0.0,0.0,0.0,0.0,0.0,0.0,0.035346142218206894,0.19140060536711664,0.15402038846646676,0.08467302861267859,0.06306731534587247,0.052750995690268435,4.0
385,1.0,1.0,0.0,0.0,1.0,0.0,0.9835073376119895,0.9927979187593265,0.006684478792511503,0.021035340744715726,0.9535156227354052,0.208243352737615,4.0
386,0.0,0.0,0.0,0.0,0.0,0.0,0.019228472260755167,0.02475800805167043,0.010382189902100878,0.026493716092628135,0.057800361052248915,0.009554959539251113,3.0
387,0.0,0.0,0.0,0.0,0.0,0.0,0.022476891663329893,0.021087313369264785,0.008562941402458219,0.02881053867081884,0.05917305107658811,0.014394551585438217,4.0
388,1.0,1.0,1.0,1.0,1.0,0.0,0.9950043915754135,0.9980288171176334,0.8675564953429319,0.9428083163624541,0.9424398307499645,0.44342648109514665,2.0
389,0.0,0.0,0.0,0.0,0.0,0.0,0.02521325182277037,0.02875771462721859,0.009565118460307071,0.07761287269396172,0.09108867705229187,0.020464858029327827,3.0
390,0.0,0.0,0.0,0.0,0.0,0.0,0.027884995569858274,0.04128935740600932,0.01735047597688987,0.033773220786692995,0.03270028691396021,0.03129738947862068,1.0
391,1.0,1.0,0.0,0.0,0.0,0.0,0.9837797747147667,0.9929077151046247,0.5591303783072925,0.2433121272060599,0.5671605041626481,0.06382143918642356,4.0
392,0.0,0.0,0.0,0.0,0.0,0.0,0.030329911313487275,0.03895545116534422,0.014715370400883785,0.03946396899196287,0.0628193969593208,0.028130116336798665,4.0
393,0.0,0.0,0.0,0.0,0.0,0.0,0.024041219369695478,0.02626803962609332,0.013343141547802688,0.03283035387690144,0.03608221507836919,0.026646262520658964,2.0
394,1.0,1.0,1.0,1.0,1.0,1.0,0.9939358027568121,0.9868047054239871,0.9623036864424517,0.9120066643199766,0.9556569653909982,0.44686194976822247,0.0
395,1.0,1.0,1.0,1.0,1.0,1.0,0.9946221048834297,0.9984870808141906,0.9267853335440527,0.9643017860358253,0.9524565817337499,0.5978496593498361,3.0
396,1.0,1.0,1.0,0.0,0.0,1.0,0.9918265519954943,0.9975315225670152,0.7976406212124955,0.7982091313440942,0.8492388223135091,0.20942665480453934,3.0
397,1.0,1.0,1.0,0.0,0.0,0.0,0.9780497811881947,0.9824817707198218,0.608918526043348,0.0662092935439158,0.6005956854425284,0.12462489326128545,4.0
398,0.0,0.0,0.0,0.0,0.0,0.0,0.021930951704292337,0.0268065724372122,0.012492489903441885,0.039332424608542756,0.09729412118114651,0.020302467444268488,0.0
399,1.0,1.0,1.0,1.0,1.0,0.0,0.9899726051828394,0.9955184188137686,0.4915695825603668,0.57995821345059,0.9760738462627566,0.06556959663971892,3.0
400,1.0,1.0,0.0,0.0,1.0,1.0,0.9705417860356081,0.9910672105230078,0.018284803646640584,0.018919888613543982,0.9502764202119655,0.5539148896503852,4.0
401,1.0,1.0,1.0,1.0,1.0,1.0,0.9902472562628214,0.9968729949742142,0.8616171772261302,0.8174421431756274,0.8009864018655515,0.5145662926109162,4.0
402,1.0,1.0,0.0,0.0,1.0,0.0,0.9846162919693499,0.987237754637271,0.05047722055233339,0.26615762963077,0.80419156491039,0.08770051404156533,4.0
403,1.0,1.0,1.0,1.0,1.0,0.0,0.9847735969599588,0.9954102091150214,0.8258107311638088,0.7508617166331113,0.756540517395051,0.2536657984064896,4.0
404,0.0,0.0,0.0,0.0,0.0,0.0,0.02368947476171709,0.02364781071649532,0.008724596598527652,0.029304809959261467,0.0690946509183677,0.013527004818485398,2.0
405,1.0,1.0,1.0,1.0,1.0,1.0,0.9938642432565947,0.9980657386908164,0.9262545009223866,0.9360510743234483,0.9519725702893477,0.6100014786552697,0.0
406,0.0,0.0,0.0,0.0,0.0,0.0,0.026747621337345165,0.02502402011123995,0.009983661185518845,0.034350846620868854,0.06299036765761325,0.017787123973656963,4.0
407,1.0,1.0,1.0,1.0,1.0,0.0,0.9902617549616641,0.996995450795414,0.8241707124250076,0.7729405537321188,0.8608982276934,0.22780579956067545,3.0
408,0.0,0.0,0.0,0.0,0.0,0.0,0.03625962322708505,0.0503610730767471,0.030917067663199,0.06348231421614726,0.0938811744994586,0.050241042684412075,0.0
409,0.0,0.0,1.0,1.0,0.0,0.0,0.040698167701353,0.06405419577465904,0.3511662906988262,0.1654853079113105,0.08302868420440758,0.09279335334852457,2.0
410,0.0,0.0,0.0,0.0,0.0,0.0,0.030219571184575397,0.03510118632456276,0.012613122714655282,0.0309820072586359,0.07137129969460788,0.019719924933942465,1.0
411,1.0,1.0,0.0,0.0,1.0,0.0,0.9822556375446931,0.9635202961040034,0.013552655121009104,0.022866222630363003,0.5312151889871489,0.00916830760525542,0.0
412,1.0,1.0,0.0,1.0,1.0,0.0,0.9931602309316238,0.9988049779596015,0.9476159873881413,0.9445136626754522,0.8508873184520299,0.5470037730924063,3.0
413,0.0,1.0,1.0,1.0,1.0,0.0,0.035737028588680914,0.8941745727169642,0.8691984384071424,0.9238867919724721,0.8413254548263579,0.04961240614016874,0.0
414,0.0,0.0,0.0,0.0,0.0,0.0,0.03035304286132949,0.03145321330831677,0.012459253630575966,0.02672449439977749,0.06930456225772176,0.017540010590053737,1.0
415,0.0,0.0,0.0,0.0,0.0,0.0,0.026995057870552654,0.03248283758539232,0.01187834768995797,0.034872883636469475,0.054053084096678916,0.02711482235857812,0.0
416,0.0,0.0,0.0,0.0,0.0,0.0,0.021904895300189155,0.0209234273439625,0.010729127933592575,0.03119284044182822,0.10812566341467472,0.020782609246400793,0.0
417,1.0,1.0,1.0,1.0,1.0,1.0,0.9963615553746266,0.9994581836823178,0.9816761404412072,0.9904841754328751,0.9866043837727253,0.7872840628598742,3.0
418,1.0,1.0,1.0,1.0,1.0,1.0,0.9933845844472023,0.9989516212818926,0.9621023937795788,0.9674845323750894,0.9081406650566975,0.7513681606028447,4.0
419,0.0,0.0,0.0,0.0,0.0,0.0,0.025048630315877972,0.020024042636389353,0.01404392895743207,0.028164688139337535,0.059553913010839385,0.0177688606212262,1.0
420,1.0,1.0,1.0,1.0,1.0,1.0,0.8690556665012676,0.984598590636005,0.8821199673443892,0.9688384120607523,0.9878677420843716,0.9032699767400049,0.0
421,1.0,1.0,1.0,1.0,1.0,0.0,0.993193623210179,0.9991967321941084,0.9314798770020835,0.9633572815712129,0.921725029470663,0.33040071062194,2.0
422,0.0,0.0,0.0,0.0,0.0,0.0,0.027410794743825528,0.03593925693557315,0.012337188316369553,0.03366072874550003,0.05852754236854534,0.024995877961511006,0.0
423,1.0,1.0,1.0,0.0,1.0,0.0,0.9938954436620654,0.9980274460569318,0.7148772885730014,0.8745140896476405,0.9701988932499216,0.1509017078652095,1.0
424,1.0,1.0,1.0,0.0,1.0,0.0,0.9910441848506437,0.995921387501136,0.8338190471171558,0.5246640493439203,0.6276744876171312,0.29388779963731687,2.0
425,1.0,1.0,1.0,1.0,1.0,0.0,0.9796828394271139,0.9986230605517676,0.7219889985259621,0.8793196883266629,0.9756950238143892,0.10295407323369758,1.0
426,0.0,0.0,0.0,0.0,0.0,0.0,0.02327819035424136,0.012062097701414925,0.00991943568120198,0.0255179967322807,0.07290652074415536,0.017190402650833863,0.0
427,1.0,1.0,1.0,1.0,1.0,1.0,0.9961594572334654,0.9986887531807873,0.9617302508282798,0.9458067007780377,0.9396505584843172,0.5590352778247576,0.0
428,0.0,0.0,0.0,0.0,0.0,0.0,0.03425123024881584,0.022697106014882243,0.010422007103783803,0.03787585166756328,0.08334531510809323,0.028755258653535672,1.0
429,1.0,1.0,0.0,0.0,0.0,0.0,0.9898384583803711,0.9913479326337618,0.061974080159144004,0.15065242136977888,0.6608748872718346,0.0817971537137896,0.0
430,0.0,0.0,0.0,0.0,0.0,0.0,0.026237669685216,0.018979859969863424,0.010924198986759887,0.03437979176685752,0.04472555144052817,0.014085013167486605,1.0
431,1.0,1.0,1.0,1.0,1.0,0.0,0.9874766540045998,0.9983291588498405,0.9353323474158078,0.8097768530917747,0.8796864256046258,0.5365125092550815,3.0
432,0.0,0.0,1.0,1.0,0.0,1.0,0.11473944731485963,0.6899141489803174,0.8139037190705734,0.7229051080278949,0.33991013574866047,0.5001690777327111,0.0
433,1.0,1.0,1.0,1.0,1.0,0.0,0.9779372874066683,0.9919095505662512,0.7099672825493407,0.7014873150823666,0.8520303610403278,0.4140486344674032,0.0
434,1.0,1.0,0.0,1.0,1.0,1.0,0.8609174442791442,0.7603956700284141,0.015254454174255421,0.18670961444204534,0.8703793617225816,0.2789601524938672,2.0
435,1.0,1.0,1.0,1.0,1.0,0.0,0.6492339478770489,0.979105813033133,0.9666613274932614,0.9821581894596181,0.9049199760259863,0.7842849622346973,1.0
436,1.0,1.0,1.0,1.0,1.0,1.0,0.5628548674026803,0.9821780031946208,0.9809834382188235,0.9846107358062012,0.8811477377099672,0.8574192950266389,2.0
437,1.0,1.0,0.0,0.0,1.0,0.0,0.9884445885384903,0.9952232663847738,0.3773700440637485,0.3925632458351513,0.9381722752378424,0.06531218183493201,4.0
438,1.0,1.0,1.0,1.0,1.0,1.0,0.9816327407529947,0.997447640885271,0.7378986654508556,0.8955804800582934,0.9817443074318805,0.5307774405615204,0.0
439,0.0,0.0,0.0,0.0,0.0,0.0,0.02954146505083435,0.025047573727223472,0.01455327432014586,0.032306023023991624,0.06473811899411414,0.030533329831467716,0.0
440,1.0,1.0,1.0,1.0,1.0,1.0,0.8164423457305046,0.9723114395315636,0.9815072877834602,0.9866634676422453,0.7381732715568765,0.9091962412789297,2.0
441,1.0,1.0,0.0,0.0,0.0,0.0,0.9875362192389638,0.9969938779972742,0.6520303392983061,0.5702994704608492,0.6698194230374165,0.08413433709132773,4.0
442,0.0,0.0,0.0,0.0,0.0,0.0,0.022558062195895144,0.023068204206599482,0.005374151358076974,0.029047855667065543,0.0863253243106709,0.016374886411282027,2.0
443,0.0,1.0,1.0,1.0,1.0,0.0,0.4025846603528671,0.9555231208938674,0.9514408107520331,0.9201744366333411,0.7949351205998614,0.5420028401295333,3.0
444,1.0,1.0,0.0,0.0,0.0,0.0,0.9822670860761427,0.997775746679425,0.6873418530289728,0.5599426211391263,0.9413283638766057,0.10407161792787008,3.0
445,0.0,1.0,1.0,1.0,1.0,1.0,0.10849981857800814,0.8760096104164737,0.6416447219798791,0.6161471739135534,0.7228836847010324,0.16018207363457948,2.0
446,0.0,0.0,0.0,0.0,0.0,0.0,0.023634784013284716,0.015366680814466755,0.008361867987941328,0.02840005710565272,0.06754684951467158,0.013226982689786757,2.0
447,0.0,0.0,0.0,0.0,0.0,0.0,0.021099569621271092,0.018935748789533368,0.012453821325107655,0.036535041219749105,0.06679224186839668,0.022667775456133823,1.0
448,0.0,0.0,0.0,0.0,0.0,0.0,0.023431460815025,0.0313017631224369,0.009720810997274136,0.028512766441072455,0.07048126195181821,0.012615138852608954,2.0
449,0.0,0.0,0.0,0.0,0.0,0.0,0.023731314217742796,0.029793619241855963,0.021808995247242068,0.027365744134425826,0.06533212176634327,0.016493079834033367,3.0
450,1.0,1.0,0.0,0.0,0.0,0.0,0.9722358636792656,0.9680777154898972,0.025720534443478667,0.0325588270301396,0.5753795143152443,0.019530691521782977,1.0
451,1.0,1.0,1.0,1.0,1.0,1.0,0.9897503707061405,0.9987158334783304,0.9120354725435729,0.9385488398586707,0.9033084109124555,0.39362067451434596,1.0
452,0.0,0.0,0.0,0.0,0.0,0.0,0.018659779114256012,0.010303180875873359,0.010921062976353178,0.027081876828562765,0.027102835189118962,0.01554790713405837,4.0
453,1.0,1.0,1.0,1.0,0.0,0.0,0.9903645917773756,0.9988001756231737,0.9019650376975331,0.8488714796774773,0.7915276858091165,0.37865178838990404,1.0
454,1.0,1.0,1.0,1.0,1.0,0.0,0.9962272040461608,0.9989244189746974,0.9621856118902858,0.9476704547235099,0.922870764032638,0.5642743096249494,3.0
455,0.0,0.0,0.0,0.0,0.0,0.0,0.08628933446392646,0.061503205877465356,0.038350991024345665,0.0704444595877539,0.11602314738644243,0.1244348660590208,4.0
456,1.0,1.0,1.0,1.0,1.0,0.0,0.9961162285560587,0.9988275567050798,0.9641288568204146,0.9812285596874097,0.9936453054926695,0.24644093556479024,3.0
457,1.0,1.0,0.0,1.0,0.0,0.0,0.9926722360378983,0.9937573958225167,0.7650582991646488,0.5777455507358386,0.6312220730088479,0.48657914972190314,2.0
458,0.0,1.0,1.0,1.0,0.0,1.0,0.16973680699875013,0.7563609711448108,0.8908801722241604,0.8170877152328284,0.3937818178696472,0.7006258590726622,2.0
459,1.0,1.0,0.0,0.0,0.0,0.0,0.9760417709762929,0.9874304360728441,0.17227002687449594,0.08113501279033736,0.5360026198597803,0.15091997817993114,4.0
460,0.0,0.0,1.0,0.0,0.0,1.0,0.9132942347912287,0.9865939111311761,0.9038875064147374,0.7079567020002786,0.7080894203490982,0.500652310113733,3.0
461,1.0,1.0,1.0,1.0,1.0,1.0,0.9916329405129339,0.9986533990138601,0.9681548560575274,0.9796235114841497,0.9397273502151062,0.4880386162351579,1.0
462,1.0,1.0,0.0,1.0,0.0,0.0,0.9966631829590181,0.9991083858891682,0.9342115978725699,0.9597204671575145,0.9116277844068175,0.8337837016475512,0.0
463,0.0,0.0,0.0,0.0,0.0,0.0,0.024446336912354684,0.026836396475877197,0.009054387218114923,0.03232843431058621,0.05931061093249272,0.01475723344017332,4.0
464,1.0,1.0,0.0,0.0,0.0,0.0,0.9839860790687797,0.9929341688465353,0.48253391118382305,0.2742645935718525,0.6871471532661482,0.12984028411581175,0.0
465,1.0,1.0,1.0,1.0,1.0,0.0,0.9834790969201095,0.9953976288836115,0.873410746532956,0.7826387209273818,0.8437251754096718,0.27684415425667713,2.0
466,0.0,0.0,0.0,0.0,0.0,0.0,0.028000676197113456,0.029630567339432652,0.020009912881831654,0.03551083726052331,0.08107275826158254,0.030973825623552078,4.0
467,0.0,0.0,0.0,0.0,0.0,0.0,0.019136179170730155,0.02303551851894225,0.008950164047176988,0.03197863952507791,0.04441789656700137,0.018611821065096255,2.0
468,1.0,1.0,0.0,0.0,1.0,0.0,0.9373853862812237,0.9924851364934896,0.2497795608091598,0.0875819937505648,0.6530965292822961,0.06520348519220197,1.0
469,1.0,1.0,0.0,0.0,1.0,1.0,0.7956989199683905,0.7173909468209368,0.010641283625651875,0.2244049660819167,0.8385575660653704,0.6054369103835702,4.0
470,0.0,1.0,0.0,0.0,1.0,0.0,0.08914662769957485,0.8473053800473136,0.3665528438603807,0.3974430944523839,0.6913209646945095,0.4245945533205418,3.0
471,1.0,1.0,1.0,1.0,1.0,1.0,0.9834856268261649,0.9990647295358958,0.9277635096724618,0.8771768035039617,0.7875090536099862,0.5625049658633104,1.0
472,1.0,1.0,1.0,0.0,0.0,0.0,0.9872165977356971,0.9853256577225163,0.5347498288723579,0.3981430194551257,0.7386812610808542,0.1536403589767585,4.0
473,1.0,1.0,0.0,0.0,0.0,0.0,0.9842601401676495,0.9877017861645816,0.04504126252189846,0.07689553973023158,0.5602458496802721,0.0695339615990489,3.0
474,0.0,1.0,1.0,1.0,0.0,1.0,0.28983683220349,0.8742845791018832,0.9378823916199462,0.9234272940868167,0.521789389237369,0.7048058173475547,4.0
475,1.0,1.0,1.0,1.0,1.0,1.0,0.9938141359693434,0.9987484008918484,0.9385146012968674,0.9723398150063639,0.9458899071858428,0.40385064400737114,3.0
476,0.0,0.0,1.0,0.0,0.0,0.0,0.2937909938767934,0.7355738194648529,0.933067480710958,0.8671088936724364,0.4858318054818008,0.6326046568500981,3.0
477,1.0,1.0,1.0,1.0,1.0,1.0,0.7387160700734233,0.9769019131473528,0.9828402461589585,0.9863342350763069,0.8611947994856739,0.9634344683377412,1.0
478,0.0,1.0,1.0,1.0,1.0,1.0,0.5422520915560028,0.9433047607073589,0.981532818709128,0.9741535068437185,0.9219316625216759,0.9690428498274957,0.0
479,0.0,0.0,0.0,0.0,0.0,0.0,0.022522881527386966,0.028078431448972915,0.009002047192137904,0.027513360064336325,0.05829909491505176,0.016808401161233368,0.0
480,0.0,0.0,0.0,0.0,0.0,0.0,0.020606963605040968,0.015675644775186272,0.011201760683896483,0.0994631939606634,0.1628403069279149,0.015045485621882357,2.0
481,0.0,0.0,0.0,0.0,0.0,0.0,0.022442421797629147,0.023525346470596484,0.008946668974585757,0.027582171419907077,0.05946411354953296,0.01626293327607461,0.0
482,0.0,0.0,0.0,0.0,0.0,0.0,0.02703772065633605,0.020041556516562854,0.009818791064568882,0.031152912710046516,0.05110365473428996,0.015939319456008242,1.0
483,1.0,1.0,1.0,1.0,1.0,1.0,0.9843049306701683,0.9980927981275229,0.8772072953400745,0.9484038591850718,0.9843172986833807,0.5929457945216502,0.0
484,1.0,1.0,1.0,1.0,1.0,1.0,0.997569054774972,0.9991040104846894,0.9682162564886998,0.9881819446037449,0.9665303187934762,0.7755315201465837,4.0
485,1.0,1.0,1.0,1.0,1.0,0.0,0.9912395322548608,0.9989853640780857,0.9176430224260501,0.9480257676488354,0.8117098819264338,0.6329209600291192,1.0
486,0.0,0.0,0.0,0.0,0.0,0.0,0.023738011873750957,0.01739991341509735,0.009872132754522934,0.024662540263497252,0.0773945982632714,0.018062314511887893,0.0
487,0.0,1.0,1.0,1.0,0.0,1.0,0.16295698736628575,0.8608415270787246,0.8658493780053255,0.8037084763996335,0.5035325707914542,0.6677525203598791,3.0
488,0.0,0.0,0.0,0.0,0.0,0.0,0.023897510747203046,0.013167694263679515,0.009570019355322402,0.035710862896565713,0.06054916537100894,0.01513106256333807,4.0
489,0.0,0.0,0.0,0.0,0.0,0.0,0.05035162998323089,0.06128378024825926,0.012919493122723074,0.043840353624239166,0.16424000783594608,0.01412303385176593,3.0
490,1.0,1.0,0.0,0.0,1.0,0.0,0.9846307762138595,0.9797270999304736,0.009970779352048296,0.02402822381508426,0.4943121339751415,0.013768133159942842,0.0
491,0.0,0.0,0.0,0.0,0.0,0.0,0.021419407219836917,0.025145544201620237,0.010779220924718676,0.029869702549999606,0.08019436512097428,0.014085335135131959,3.0
492,1.0,1.0,1.0,1.0,1.0,0.0,0.9856358075945019,0.9950769939752294,0.8927677820035462,0.7062530464622766,0.8979853416267034,0.4362180678796678,4.0
493,0.0,0.0,0.0,0.0,0.0,0.0,0.027785160778590168,0.03779358924694222,0.011706889368975522,0.03183966277168564,0.06858141745924497,0.016879304780143236,1.0
494,1.0,1.0,1.0,1.0,1.0,1.0,0.9902559893376591,0.9970930257516639,0.8120102595378788,0.4670333407691843,0.753193865385856,0.3587063583923907,0.0
495,1.0,1.0,0.0,0.0,0.0,0.0,0.9923369209048224,0.9959109616560576,0.7824417614536507,0.7108777514656165,0.7990289162648492,0.27407671161138647,1.0
496,1.0,1.0,1.0,1.0,1.0,1.0,0.6116719171076797,0.9889762657785405,0.9824309477370128,0.9893168050656723,0.9242870367079111,0.822889751052078,3.0
497,1.0,1.0,1.0,1.0,1.0,1.0,0.9956881065941069,0.9992994474751112,0.9424535508503549,0.953741063185437,0.9395758341223831,0.3907235452351236,1.0
498,1.0,1.0,1.0,1.0,1.0,1.0,0.5790252175815715,0.9742165510186145,0.9887108471105894,0.9900527025094354,0.6939554350608284,0.9911726704256488,3.0
499,1.0,1.0,0.0,1.0,1.0,0.0,0.9957352649771863,0.999083441645534,0.9588541968937707,0.9692531667695283,0.8801612776920548,0.7453933009121985,3.0
500,0.0,0.0,0.0,0.0,0.0,0.0,0.0477622287330201,0.02451686721162054,0.021508363489221194,0.02812617601579163,0.11868668078479903,0.02051936058074227,1.0
501,0.0,0.0,0.0,0.0,0.0,0.0,0.01700617426536892,0.014271552093394028,0.012318715920347813,0.03045139748156638,0.09880284068608067,0.015554509068263616,3.0
502,1.0,1.0,1.0,1.0,1.0,0.0,0.9933706363421555,0.9985989363732074,0.9412312928991627,0.9583453215415737,0.9263682166806833,0.559297713509918,4.0
503,0.0,0.0,0.0,0.0,0.0,0.0,0.02248740409518523,0.027993971377597515,0.011652989474134212,0.037190478648161954,0.2443012738510292,0.029518266831074155,2.0
504,0.0,0.0,0.0,0.0,0.0,0.0,0.01855266932596851,0.031657154568373876,0.01185557215395534,0.03297211761910541,0.06180067714960436,0.015968795676824833,3.0
505,1.0,1.0,0.0,0.0,1.0,0.0,0.9843199540008047,0.9865278312407427,0.0223566443374588,0.09772294510913976,0.7503553321891556,0.057763502238163476,2.0
506,1.0,1.0,0.0,0.0,1.0,0.0,0.984050428637862,0.9867177343428813,0.031392130167318254,0.07683854037803915,0.7663838036804825,0.06262000403426263,0.0
507,0.0,1.0,1.0,1.0,0.0,1.0,0.1865017431473806,0.501441314809709,0.3518666689711756,0.4758915958836216,0.28380091933316165,0.47013364176588984,2.0
508,1.0,1.0,0.0,0.0,1.0,0.0,0.9657283967784013,0.9510609007732934,0.011322530558637668,0.013477772711861942,0.46912763934343066,0.016963091194687082,4.0
509,0.0,0.0,0.0,0.0,0.0,0.0,0.027377575994269345,0.029525316044063724,0.008961036872736599,0.04308632773463006,0.058988955460826734,0.016607238695799702,4.0
510,1.0,1.0,1.0,1.0,1.0,1.0,0.9928229836069217,0.9973674485618962,0.9627259346716921,0.8760899437729318,0.9051665098390171,0.7677115814174429,4.0
511,1.0,1.0,0.0,1.0,0.0,0.0,0.994786247330178,0.9992224022795352,0.9489092979925539,0.9175210076534436,0.9444293796726408,0.5076350625256942,3.0
512,1.0,1.0,1.0,1.0,1.0,1.0,0.9959881159494006,0.9991891261961439,0.9703097331139627,0.9627912766107825,0.9322236947829556,0.7685975423470434,3.0
513,1.0,1.0,1.0,0.0,1.0,1.0,0.9834354026744221,0.9940826198045141,0.802018172104595,0.7207015229323473,0.8194650994680944,0.3733212889757491,0.0
514,1.0,1.0,1.0,1.0,1.0,1.0,0.9954537111784184,0.9989600163602208,0.9711205760499165,0.9798776491963501,0.9629889609874601,0.7615536154581786,0.0
515,1.0,1.0,0.0,0.0,0.0,0.0,0.972787469952285,0.9806981719940907,0.014619501430631407,0.046593420846233705,0.7182703761745414,0.06091478456938066,3.0
516,1.0,1.0,1.0,1.0,1.0,1.0,0.992130483660137,0.9992245531075484,0.9326138609455336,0.962260032276531,0.9312660282929951,0.688162746354401,1.0
517,0.0,0.0,1.0,0.0,0.0,0.0,0.050957792680833516,0.06502156382188322,0.3386638120634179,0.12616918694679882,0.18050811927940696,0.09399935560263019,3.0
518,0.0,1.0,0.0,0.0,0.0,0.0,0.6947068677797879,0.4210620318146812,0.01566030697644902,0.018136030603038714,0.3894914760578872,0.019702265092871457,1.0
519,0.0,0.0,0.0,0.0,0.0,0.0,0.020867835472292155,0.024916466634588692,0.008258815434152468,0.02859794457048852,0.054665445748227195,0.01560915876845508,2.0
520,1.0,1.0,1.0,0.0,0.0,1.0,0.9746408844914894,0.9747428025491335,0.5671725979813633,0.3972389859801029,0.6266184179002893,0.2574944669576093,4.0
521,1.0,1.0,1.0,1.0,1.0,1.0,0.9930224980322337,0.9958682461040672,0.5387475470689391,0.7356487377605417,0.8989496803725788,0.2505197223283638,3.0
522,0.0,0.0,0.0,0.0,0.0,0.0,0.02255890993544777,0.029184055509029822,0.0110793359071643,0.02807962126047334,0.058926227855627684,0.01743273168932937,0.0
523,1.0,1.0,0.0,0.0,0.0,0.0,0.9665739909366263,0.9560263398569975,0.007898265925610512,0.019571261000464982,0.5815841822938608,0.008664377822208755,2.0
524,0.0,0.0,0.0,0.0,0.0,0.0,0.08176982668744648,0.0505106573059015,0.005649230313243893,0.042450584751142,0.236499769313946,0.06762842960233892,4.0
525,0.0,0.0,0.0,0.0,0.0,0.0,0.02013842656717852,0.028649670505127456,0.013025881380126829,0.03183493665917289,0.05243515240517414,0.018669399290364794,2.0
526,0.0,0.0,0.0,0.0,0.0,0.0,0.03498776057133551,0.030478946988136888,0.01022330249611787,0.03552357953380409,0.07139300297620253,0.019641846743748966,0.0
527,1.0,1.0,0.0,0.0,1.0,0.0,0.9817214188312472,0.964215221369633,0.04290013071718756,0.12323007723770493,0.7542149755089226,0.026755882858970487,0.0
528,1.0,1.0,1.0,1.0,0.0,0.0,0.9912356711466671,0.9958733779338896,0.715999561893053,0.29996776727721247,0.7377428155736477,0.1291934520299781,1.0
529,1.0,1.0,0.0,0.0,1.0,0.0,0.903185680456734,0.7057676969763594,0.016142024912354426,0.17796437145341243,0.8374249289010298,0.8269382313512391,0.0
530,0.0,0.0,0.0,0.0,0.0,0.0,0.34234009651811503,0.5827284794692534,0.47098817502767826,0.3600014935110021,0.22611845284937676,0.4593179283500771,1.0
531,0.0,0.0,0.0,0.0,0.0,0.0,0.018227868353275032,0.02860853408440506,0.009733439489307624,0.022817996505997216,0.05933661047492204,0.009646777854727378,2.0
532,1.0,1.0,1.0,1.0,1.0,1.0,0.9954077086544214,0.9968200356312364,0.9651619570983835,0.9495122821471127,0.9552211651860416,0.7629322114083622,0.0
533,1.0,1.0,1.0,1.0,1.0,1.0,0.10864360003367703,0.6924445049766215,0.9029785144667798,0.7603147519177021,0.3123833691357087,0.8605216157523968,2.0
534,1.0,1.0,1.0,1.0,1.0,1.0,0.991463894330727,0.9977643213166747,0.8595159554086886,0.6941900741403466,0.8178634297286157,0.33599014137951616,0.0
535,1.0,1.0,1.0,1.0,1.0,1.0,0.9867306673301584,0.998035480668984,0.9320564295131235,0.9424777114358321,0.940359020119622,0.49501716964584347,0.0
536,1.0,1.0,1.0,1.0,1.0,1.0,0.8049225350525296,0.9774211314378303,0.9779696794347457,0.9881075939060661,0.7631595402030792,0.9395534225282988,2.0
537,0.0,0.0,0.0,0.0,0.0,0.0,0.042047324095746165,0.08963953883520961,0.2440428660254634,0.16527616090583638,0.22162737451496894,0.12516575148794842,3.0
538,0.0,0.0,0.0,0.0,0.0,0.0,0.41995982967578005,0.35671719153522813,0.5167927914033007,0.5260196157305851,0.5013793259510801,0.5582249050731993,1.0
539,0.0,0.0,0.0,0.0,0.0,0.0,0.5647784061125448,0.5484078799729174,0.6253545087692033,0.6400726578763319,0.5837556462832513,0.6006519905637362,3.0
540,1.0,1.0,1.0,1.0,1.0,1.0,0.4812713426020932,0.94777877373626,0.8593543063711476,0.9584564587858514,0.7461060503538539,0.9093344658796878,4.0
541,1.0,1.0,1.0,1.0,1.0,0.0,0.9922260387817746,0.9977025413445099,0.9408925070682218,0.8412446407916825,0.8354510357692493,0.5004191731145242,2.0
542,1.0,1.0,1.0,1.0,1.0,1.0,0.9873656686058185,0.9978868001109087,0.9107902120191717,0.9072206192592878,0.813273040720813,0.7488907551644044,2.0
543,0.0,0.0,0.0,0.0,0.0,0.0,0.025228503815100986,0.02518244140777924,0.009992488302427955,0.029881431265770912,0.07219077570054433,0.017593509238311725,0.0
544,1.0,1.0,1.0,1.0,1.0,0.0,0.9910978113046756,0.9973688557198149,0.8793116433387815,0.8806015250016985,0.8090216194779253,0.3890642529994593,0.0
545,0.0,0.0,0.0,0.0,0.0,0.0,0.024448824209529065,0.0254776419093777,0.013017718401104685,0.03341398195259499,0.1029414449654836,0.019797763210242757,2.0
546,1.0,0.0,0.0,0.0,1.0,0.0,0.8407638117752164,0.672947008355546,0.014433266502478934,0.049799939671465836,0.6013309540423615,0.01422589961685391,3.0
547,1.0,1.0,1.0,1.0,1.0,0.0,0.9880703510089425,0.9982939114089601,0.8743470912867009,0.8743195249655509,0.949254150947826,0.17900191880158584,2.0
548,1.0,1.0,1.0,0.0,0.0,1.0,0.9882964616900597,0.9974737549437886,0.7984565128621709,0.7948459782730322,0.9018092512912669,0.39194093925516477,0.0
549,1.0,1.0,1.0,1.0,1.0,1.0,0.7503872761272884,0.9113370926921236,0.9740124257195393,0.9796038082067049,0.850369600628701,0.9715409557366474,2.0
550,1.0,1.0,0.0,0.0,0.0,0.0,0.9721898303460271,0.9582672315484493,0.008607785267380192,0.016642536672787412,0.44623056134790207,0.011912555456981938,4.0
551,0.0,0.0,0.0,0.0,0.0,0.0,0.021631057598454576,0.02401356663266159,0.009346361474128937,0.027608762858641243,0.04971983702701867,0.02418536661610908,0.0
552,1.0,1.0,0.0,0.0,0.0,0.0,0.9800302208260914,0.9766162610473371,0.01062058279899802,0.018204484367229035,0.6289113172651623,0.01163375609197877,1.0
553,1.0,1.0,0.0,0.0,0.0,0.0,0.9526044377473621,0.9547239767058061,0.002149071307097144,0.01790786516426964,0.45471794835044044,0.010539344536843409,2.0
554,1.0,1.0,1.0,1.0,1.0,1.0,0.9884351188759134,0.9954329241136229,0.5849658096090216,0.7079193181055999,0.7282623916242875,0.43645436060818055,0.0
555,1.0,1.0,1.0,0.0,1.0,0.0,0.9954838150120809,0.998030602092589,0.8901153500865585,0.794217175984133,0.841881466601423,0.4498216563448397,0.0
556,1.0,1.0,1.0,1.0,1.0,0.0,0.996798083847299,0.9989744486265748,0.9615536223314636,0.989333073453744,0.9573636865978344,0.5843929435353432,4.0
557,0.0,0.0,0.0,0.0,0.0,0.0,0.46637876811424567,0.4860663253815137,0.6161731704696447,0.4758908301374647,0.4091460176486144,0.43522800007873064,1.0
558,1.0,1.0,0.0,1.0,1.0,0.0,0.9778103511656209,0.9914686048972281,0.7124683715773201,0.4580956565177855,0.814069604541091,0.09073078789095167,2.0
559,0.0,0.0,0.0,0.0,0.0,0.0,0.06604696695033414,0.037021172534519114,0.01969567558077351,0.07607042426700607,0.10998957091934214,0.018741251087749995,3.0
560,0.0,0.0,0.0,0.0,0.0,0.0,0.04378018077478448,0.030875204984836858,0.014168571037291546,0.039995465736088226,0.08784712683546836,0.025223300132219385,0.0
561,1.0,0.0,0.0,0.0,1.0,0.0,0.8455510170435296,0.35560569054618557,0.0051861361273076775,0.026905963222312864,0.40678570288691673,0.016676095032146777,1.0
562,0.0,0.0,0.0,0.0,0.0,0.0,0.02447089604102626,0.02234203452818503,0.011693063122899526,0.059493419720878925,0.08503511524146187,0.0192518980450542,4.0
563,1.0,1.0,1.0,1.0,1.0,1.0,0.9884359670145245,0.9964349274631346,0.8913945690006541,0.7107598914533017,0.8069947571276976,0.44024821542857395,4.0
564,0.0,0.0,0.0,0.0,0.0,0.0,0.01992686015163211,0.011248140308142217,0.00995780878819514,0.025450806004254572,0.046700416417419066,0.017533610919875882,4.0
565,1.0,1.0,1.0,1.0,1.0,0.0,0.993659968044817,0.9978544627687213,0.8954834742006722,0.847344096518516,0.8640539694393097,0.5747766560885649,4.0
566,0.0,1.0,1.0,1.0,1.0,0.0,0.15624314963819125,0.9728459996419938,0.7410120036828507,0.9270645686442579,0.8502837492957792,0.4957733481372187,0.0
567,1.0,1.0,1.0,1.0,0.0,1.0,0.9896113978264043,0.9955357667552169,0.6590307787433074,0.5991094718732781,0.646665498300696,0.39035608727795146,0.0
568,1.0,1.0,1.0,1.0,1.0,1.0,0.9963098218278331,0.9989531830745997,0.9639471078756617,0.9676623968511884,0.892645184799883,0.4002809733081923,3.0
569,1.0,1.0,1.0,1.0,1.0,1.0,0.9889150598093029,0.9931848586804288,0.25548765786320926,0.4388573158612126,0.5888538823842067,0.37747208159762774,3.0
570,0.0,0.0,0.0,0.0,0.0,0.0,0.025146447684633547,0.04382007476043701,0.012038493277308613,0.037270106702139,0.03524279840006947,0.024675260977716433,0.0
571,1.0,1.0,1.0,1.0,1.0,1.0,0.9865171349330666,0.9976757875997326,0.8967458262438949,0.8229750668396113,0.8014221794283505,0.45280706841497875,1.0
572,0.0,0.0,0.0,0.0,0.0,0.0,0.019946146678572918,0.026264486050491257,0.00928099211185434,0.026486778032623146,0.06944677849474722,0.013774585680042497,2.0
573,1.0,1.0,0.0,0.0,1.0,0.0,0.9591737477116061,0.9250814264952718,0.007605370830929223,0.020053584284823386,0.47533643930304936,0.007809590684682329,2.0
574,0.0,1.0,1.0,1.0,1.0,1.0,0.7054907107758728,0.9352860635589996,0.9382071922898726,0.9570766246671895,0.5263756443305142,0.8334634369314183,3.0
575,1.0,1.0,0.0,1.0,1.0,0.0,0.9936347253242969,0.9970393835164041,0.9599843883849118,0.9622612947982038,0.9421150183232574,0.6256040303610362,0.0
576,1.0,1.0,1.0,1.0,1.0,1.0,0.9951075839883097,0.9988813313613975,0.9636469775359174,0.9771187633251465,0.9105260652565992,0.7032005543586451,0.0
577,1.0,1.0,1.0,1.0,1.0,0.0,0.9942632597279772,0.9985705372634582,0.9511410185450742,0.957536427295203,0.8951720232684368,0.4048499138923602,4.0
578,1.0,1.0,0.0,0.0,0.0,0.0,0.9928702003748603,0.9967959655071712,0.7937913805326018,0.5253647332887593,0.8030247520913965,0.23625777332879036,1.0
579,1.0,1.0,0.0,1.0,1.0,0.0,0.990634644964181,0.9989886379414079,0.9146040161816699,0.9263914406817643,0.9325152407647971,0.47171661033073153,2.0
580,0.0,0.0,0.0,0.0,0.0,0.0,0.023178975273177884,0.02517052571185131,0.011121379008719817,0.03676026213737575,0.07220960978254504,0.015441731460341395,3.0
581,0.0,1.0,0.0,1.0,1.0,1.0,0.20626056807554172,0.9326215431693179,0.7727835707380519,0.8218756456785282,0.8438805761068072,0.30546079025606887,2.0
582,0.0,0.0,0.0,0.0,0.0,0.0,0.035651559489391305,0.06895256668434835,0.026679110440456663,0.05401171710168013,0.14726916814317303,0.03860957788177747,1.0
583,0.0,0.0,0.0,0.0,0.0,0.0,0.028177921843242512,0.018920843832309953,0.009861415430028778,0.029331054679069823,0.0781129468872477,0.017885151436274258,1.0
584,0.0,0.0,0.0,0.0,0.0,0.0,0.019762041615115807,0.02172924826417201,0.00962529013977134,0.02906906511956698,0.06176722842959078,0.01405705910157621,0.0
585,1.0,1.0,1.0,1.0,1.0,1.0,0.9894031848004652,0.9993433752572444,0.9194657115748532,0.9007381316569845,0.8445663002684319,0.40938749220246173,1.0
586,0.0,1.0,1.0,1.0,1.0,1.0,0.23349488104740607,0.5023116863209459,0.9178510355896428,0.8488012257609284,0.48005180555156496,0.869320143800065,4.0
587,0.0,0.0,0.0,0.0,1.0,0.0,0.2631221998484695,0.8749274498286271,0.09985663414153993,0.3215281845567809,0.662738261079098,0.31138893677797735,3.0
588,1.0,1.0,0.0,0.0,0.0,0.0,0.9765616191551179,0.9961234287754088,0.514407478072366,0.2995373743612599,0.5214939725119183,0.05939061892126,1.0
589,1.0,1.0,0.0,0.0,1.0,0.0,0.9791906950615747,0.9673469922041997,0.012317651445697601,0.02169154290039296,0.5031203485533915,0.02641853573371371,0.0
590,0.0,0.0,0.0,0.0,0.0,0.0,0.028707701409316746,0.034464682025494575,0.014271295516405985,0.03538474389664082,0.07923222150436358,0.030256200633244083,1.0
591,0.0,0.0,0.0,0.0,1.0,0.0,0.02542099384387249,0.019994658345490177,0.010444773478419224,0.036451049020610804,0.06472732015494062,0.018230601898643884,1.0
592,1.0,1.0,1.0,1.0,1.0,1.0,0.3228168132014673,0.8489557489298685,0.9561939113260937,0.70890344830492,0.254419476325115,0.7195004724853915,4.0
593,1.0,1.0,1.0,1.0,1.0,1.0,0.9938612404307112,0.9980164634357318,0.9083517618930347,0.7483869951409652,0.771258127579428,0.19848678041760828,1.0
594,1.0,1.0,1.0,1.0,1.0,1.0,0.9794449548952537,0.9870311168389275,0.822528570129184,0.906961860000568,0.9374505783885103,0.13276648735312915,2.0
595,0.0,0.0,0.0,0.0,0.0,0.0,0.020227043914583825,0.02487327092938823,0.010023963401879258,0.029822545480614887,0.06565123361498013,0.013566920480711125,3.0
596,1.0,1.0,1.0,0.0,1.0,0.0,0.9923199407929983,0.9920123395405536,0.5041061693265112,0.5278002768891481,0.7671859547620612,0.12620168580182117,1.0
597,1.0,1.0,1.0,1.0,1.0,1.0,0.6907396756263285,0.9700728214332714,0.9738813752020055,0.9768473998113768,0.7493760952771955,0.9354336294958618,1.0
598,1.0,1.0,0.0,0.0,1.0,0.0,0.9690928251644558,0.9807404163497804,0.20212556331497106,0.09599282488863815,0.6300783112109242,0.06702659526447265,1.0
599,1.0,1.0,0.0,0.0,0.0,0.0,0.9810503904677167,0.9841972622839507,0.1832017305767976,0.07177527426018346,0.8051186622484166,0.0698083579110503,1.0
600,0.0,0.0,0.0,0.0,0.0,0.0,0.03950478869507777,0.014531754504009882,0.01702639598206637,0.025660751457063626,0.06540435047995984,0.03156721980775963,4.0
601,1.0,1.0,1.0,1.0,1.0,0.0,0.9949081425900834,0.9988643174184153,0.951008611282954,0.9727335854381446,0.9705509381694853,0.7201575215593228,0.0
602,0.0,1.0,1.0,1.0,1.0,1.0,0.5769765383915986,0.7748476498118366,0.9843949061462508,0.9458923522172347,0.8805861186242762,0.8862093026069929,0.0
603,0.0,0.0,0.0,0.0,0.0,0.0,0.04083387511696824,0.04407185396372717,0.014814259445992418,0.035092752175034894,0.09362325502127543,0.021982873027668715,2.0
604,1.0,1.0,1.0,1.0,1.0,0.0,0.9862666559159645,0.9973800553306856,0.8190676072652446,0.7986800154253426,0.7482625708990351,0.2617703492579367,3.0
605,1.0,1.0,1.0,1.0,1.0,1.0,0.9851872258866557,0.9973185589721946,0.8823864564408546,0.7534045195422344,0.8783835652403384,0.3869360232017461,2.0
606,0.0,0.0,0.0,0.0,0.0,0.0,0.022112381768002985,0.033006028407536185,0.011758858945151125,0.033905238805234904,0.0831242146943679,0.013328603981301588,3.0
607,1.0,1.0,1.0,1.0,1.0,0.0,0.9864633784879853,0.9973325642367771,0.7627009110726634,0.9270279842244383,0.990528732703961,0.450637740812392,0.0
608,1.0,1.0,1.0,0.0,0.0,0.0,0.9904189053352105,0.9979874217383471,0.878151455308274,0.875329371664869,0.8033134243057859,0.5831130172749961,4.0
609,1.0,1.0,1.0,1.0,0.0,0.0,0.9938687143337012,0.9982535444135939,0.8819686763067226,0.8576100793243486,0.7889996411690317,0.32638819995900414,2.0
610,0.0,0.0,0.0,0.0,0.0,0.0,0.028045151753554844,0.022710621216476053,0.008858101830428655,0.03939317370245144,0.06779839517665556,0.012914379729875192,0.0
611,1.0,1.0,1.0,1.0,1.0,1.0,0.8097843423859798,0.9647254038031127,0.9460436026630219,0.9611168844366607,0.868738967530317,0.8566517647481094,1.0
612,0.0,0.0,0.0,0.0,0.0,0.0,0.02658685346014446,0.030173690159395132,0.01167284345130733,0.042743219295894114,0.0866293788622198,0.01873393819961434,4.0
613,1.0,1.0,1.0,0.0,0.0,1.0,0.9848819182129602,0.982394064677521,0.5688613539989541,0.1825540201801349,0.7232228308233872,0.20795770465910585,0.0
614,0.0,1.0,1.0,0.0,0.0,0.0,0.23348237274580735,0.9473989976618903,0.5375315425308742,0.6151265858419429,0.8460999915757258,0.37235490686226996,1.0
615,1.0,1.0,0.0,0.0,0.0,0.0,0.97712176189195,0.9001281419637394,0.010180864205447492,0.018935446738863108,0.44937742062492336,0.008531591370717344,1.0
616,1.0,1.0,1.0,1.0,1.0,1.0,0.9915752952657487,0.9985278406809344,0.8274327402298631,0.9424240979371037,0.9823269579208928,0.5169364398195113,3.0
617,0.0,0.0,0.0,0.0,0.0,0.0,0.02414233138808979,0.028633672032665012,0.012115532790495579,0.02585729481135839,0.056605642294977276,0.018095574420039617,1.0
618,1.0,1.0,0.0,0.0,1.0,1.0,0.8880537184848926,0.6230801828014734,0.011485106084180024,0.5860383924608883,0.85944448025695,0.7541324188035611,0.0
619,1.0,1.0,1.0,1.0,1.0,0.0,0.9602208480313555,0.9876392491226414,0.817300666375817,0.5532744624334841,0.6908628336944304,0.19607704059191453,1.0
620,1.0,1.0,0.0,0.0,1.0,0.0,0.979960683942597,0.9949324502794553,0.003108089293252856,0.019472015600119005,0.9551248845323383,0.0025424107383189135,1.0
621,0.0,1.0,1.0,1.0,1.0,0.0,0.9819493158439095,0.9937294766783915,0.04557993409727854,0.818669214184463,0.9865294011535742,0.011774075282620571,1.0
622,1.0,1.0,0.0,0.0,1.0,0.0,0.9348284446456776,0.9590157815123603,0.04306915907087291,0.03717453736508674,0.6129971618107258,0.020438742564495824,2.0
623,0.0,0.0,0.0,0.0,0.0,0.0,0.053896906144050356,0.17614360150801445,0.5868921319211345,0.2629463213404465,0.10078919659267614,0.10387236289562632,4.0
624,0.0,0.0,0.0,0.0,0.0,0.0,0.019217992105550745,0.02628229769670131,0.019619612180224223,0.033090440868601106,0.0697719321578264,0.022607966655123973,2.0
625,0.0,0.0,0.0,0.0,0.0,0.0,0.019712613240010585,0.022867558087965333,0.013511730914058774,0.03482212775280329,0.0929014201491264,0.018627489099201075,3.0
626,1.0,1.0,0.0,0.0,0.0,0.0,0.9874411571135309,0.9898449814427223,0.06569438591008303,0.1523910911714405,0.6916106378749827,0.06627988855980818,1.0
627,1.0,1.0,0.0,0.0,1.0,0.0,0.9854395963376213,0.9918713580094906,0.4830095035103426,0.19943467332769077,0.6003462869815446,0.13340225591285565,4.0
628,1.0,1.0,0.0,0.0,1.0,0.0,0.9849743549478642,0.9902444208185652,0.11400508019101133,0.09293202137230261,0.492275294851763,0.1352777943119725,0.0
629,0.0,0.0,0.0,0.0,0.0,0.0,0.027149932587717095,0.022402894770017966,0.012140650407176474,0.03125385371501157,0.0682334398761214,0.015618613280730859,1.0
630,1.0,1.0,0.0,0.0,1.0,0.0,0.9879862511735603,0.9849195764467925,0.0601052986765652,0.08705723641464583,0.5761594553782837,0.08119009776639242,2.0
631,1.0,1.0,0.0,0.0,0.0,0.0,0.9797876656318318,0.9879286338337907,0.42845323534806695,0.2693409890467784,0.6134010421567238,0.15776681694846065,1.0
632,0.0,0.0,0.0,0.0,1.0,0.0,0.7191931112773299,0.5981096307819003,0.008655995897366854,0.01880459894356014,0.3471408864149028,0.010726833639331095,4.0
633,1.0,1.0,1.0,1.0,1.0,1.0,0.9966610407042493,0.9989768868344284,0.8873214788151657,0.9770250835857045,0.976443704109949,0.6396491760695382,3.0
634,0.0,0.0,0.0,0.0,0.0,0.0,0.025507326179341386,0.08411603258888606,0.018920109058343765,0.04245610358871427,0.19934953361514368,0.019438346369215573,0.0
635,0.0,0.0,0.0,0.0,0.0,0.0,0.017819862116164265,0.025676744696358174,0.019278296658705125,0.03806987273207554,0.07945252024527512,0.023069091058893765,3.0
636,1.0,1.0,1.0,1.0,1.0,1.0,0.1542952939502117,0.8285846360768346,0.9573332140845571,0.870642902952512,0.4093741219159739,0.8181476137683845,1.0
637,0.0,1.0,1.0,1.0,1.0,1.0,0.48416218442012643,0.8727247596277731,0.9796122678501288,0.9587460320888473,0.7315547167798441,0.9025184323500928,0.0
638,1.0,1.0,1.0,1.0,1.0,1.0,0.9939811356993464,0.9985572519958688,0.9626832174884665,0.9200830415717632,0.9071037259493265,0.8621588357907365,2.0
639,1.0,1.0,0.0,0.0,1.0,0.0,0.9703367464356975,0.9634459668201727,0.09213502969122069,0.11645568312809669,0.5465410259422872,0.11714905263409817,4.0
640,1.0,1.0,1.0,1.0,1.0,0.0,0.9489412481111714,0.9925445799618646,0.9346611234970318,0.9160340638372945,0.8099570412983044,0.7223831606476224,4.0
641,1.0,1.0,1.0,1.0,1.0,1.0,0.9980405007354897,0.9973488536166717,0.9675842653191025,0.847595342881064,0.9179015269875301,0.6879692857250242,4.0
642,0.0,0.0,0.0,0.0,0.0,0.0,0.7356688676334758,0.6582995018322417,0.0024163486257384637,0.0211935407455449,0.4765970727243037,0.01393112187721624,4.0
643,1.0,1.0,0.0,1.0,1.0,1.0,0.9926633396059867,0.9964817951845433,0.7008397093557387,0.7058955129512684,0.8528852646160056,0.4985900473848711,0.0
644,0.0,0.0,0.0,0.0,0.0,0.0,0.652184753566246,0.5067150876603085,0.01599073280376209,0.02658497931368041,0.5731566154302669,0.020675192896142593,2.0
645,1.0,1.0,0.0,0.0,1.0,0.0,0.9837037205052721,0.9667933420378644,0.4623894644804627,0.20313078206766727,0.4956701181557844,0.2070042778776942,4.0
646,0.0,0.0,1.0,0.0,0.0,0.0,0.18022869333072183,0.3985220013857387,0.6006636406252168,0.28054106064473355,0.5487972948492504,0.48972296466080834,4.0
647,0.0,0.0,0.0,0.0,0.0,0.0,0.05726749795568981,0.0678346241962094,0.08661768994567497,0.13016170007269576,0.1470484564229029,0.15910694034647266,4.0
648,1.0,1.0,0.0,0.0,1.0,0.0,0.9786226981085251,0.9831451858215311,0.25111154762024046,0.1264624857614961,0.5119894673682949,0.0421206305832737,4.0
649,0.0,0.0,0.0,0.0,0.0,0.0,0.018909849619097835,0.021638789528179467,0.008134014915203835,0.03143214208638382,0.032181176242928995,0.013255195202303548,2.0
650,1.0,1.0,1.0,0.0,1.0,0.0,0.9941286703780264,0.9970343133731113,0.9297440420508142,0.9121605948480125,0.8454182729406743,0.741336598311142,0.0
651,1.0,1.0,0.0,0.0,0.0,0.0,0.9733530569894654,0.9696594917115188,0.0059056772520791915,0.020585722458539884,0.6845456939197789,0.00581825344251437,1.0
652,1.0,1.0,0.0,0.0,0.0,0.0,0.9946579338456526,0.997567274534634,0.6031071772508535,0.5573228817007276,0.7579366935451202,0.11244021796719637,3.0
653,1.0,1.0,1.0,1.0,1.0,1.0,0.47258156257681483,0.8991538408973341,0.8995955294765404,0.8537146485250193,0.7245578125274349,0.7759741399032049,3.0
654,0.0,1.0,1.0,1.0,1.0,1.0,0.2581583093479236,0.8619240039301352,0.8979835881730778,0.7750018082994019,0.3202588172567602,0.8776644999981836,1.0
655,1.0,1.0,0.0,1.0,1.0,1.0,0.2841067438887352,0.9044150809976753,0.810693067488795,0.837336532894199,0.8618339428248762,0.5294221333767146,3.0
656,1.0,1.0,0.0,1.0,0.0,0.0,0.9880152851650414,0.9938745564815291,0.7522782388874127,0.4196981945106104,0.6819240717607475,0.16286726198449494,3.0
657,0.0,0.0,0.0,0.0,0.0,0.0,0.02233632434135762,0.03237492197477614,0.01713030559478518,0.0229048008386075,0.0942436158467987,0.011483813804196668,3.0
658,0.0,0.0,0.0,0.0,0.0,0.0,0.02479045498613247,0.027118790362985718,0.010386001916482087,0.03211108738093803,0.07077759488053807,0.012540581634642792,3.0
659,1.0,1.0,0.0,0.0,1.0,0.0,0.9717326977275947,0.9257585492492144,0.006237079256338056,0.017102629035154197,0.3475920034539933,0.009722065446433623,4.0
660,1.0,1.0,1.0,1.0,1.0,0.0,0.990373674912776,0.9973814713813489,0.8992770291183018,0.9525952567530006,0.9327765355525643,0.7561504319109431,1.0
661,0.0,1.0,1.0,1.0,1.0,1.0,0.09747028253564617,0.18955174763006696,0.18649299068350572,0.2690918331779709,0.25564259603974643,0.2655725216378864,2.0
662,0.0,1.0,1.0,1.0,1.0,1.0,0.1551464973489898,0.9258295330401157,0.9660836930203307,0.8794062657075675,0.5032784898745122,0.90016690697135,3.0
663,1.0,1.0,1.0,1.0,1.0,0.0,0.9691591264788227,0.9966458147097845,0.7679548305934576,0.913242658026548,0.9782357774447622,0.26037784881413284,4.0
664,0.0,1.0,1.0,1.0,1.0,1.0,0.29143466059947737,0.9671098807957383,0.8770822877592893,0.942602040903062,0.8774101331603258,0.6211512623318742,1.0
665,1.0,1.0,0.0,0.0,1.0,0.0,0.9893997440558869,0.9915643163968273,0.02452036471582598,0.15736191517223827,0.9302429771454819,0.022147500366900903,2.0
666,1.0,1.0,1.0,1.0,1.0,1.0,0.9945908346163509,0.9988247239823453,0.9486509236655528,0.9547427349190029,0.9482978141525751,0.4244358208861433,2.0
667,0.0,0.0,0.0,0.0,0.0,0.0,0.44269165902904506,0.5499666895796992,0.6388478930595488,0.6202128557630958,0.32134906391280055,0.5196551584208035,3.0
668,1.0,1.0,1.0,1.0,1.0,1.0,0.9953191381529826,0.9986669758781839,0.9006934765480278,0.9792027297909893,0.9405199180429445,0.7100185969883525,0.0
669,0.0,1.0,1.0,1.0,0.0,1.0,0.19095278861275894,0.3032297409341488,0.9113449209413526,0.7167104960632014,0.5117821867089136,0.5163674021378262,1.0
670,0.0,1.0,1.0,1.0,0.0,1.0,0.12745522126420017,0.3994196716972352,0.5940678866974759,0.4927441523676919,0.2362884844470889,0.4327842882052361,1.0
671,1.0,1.0,1.0,1.0,1.0,0.0,0.8509497154935745,0.9911484498331213,0.9665095519433116,0.8221428504112217,0.7771094305133066,0.5926874783792777,3.0
672,0.0,0.0,0.0,0.0,0.0,0.0,0.022620080820960016,0.027994587398138995,0.011758486210870093,0.031999518358585215,0.06493181967686922,0.018030443719931434,2.0
673,0.0,0.0,0.0,0.0,0.0,0.0,0.020785824287338456,0.03177452923965363,0.008138346730857515,0.333746562901454,0.16449430658914654,0.015249493308543189,2.0
674,1.0,1.0,0.0,0.0,1.0,0.0,0.9820691297501387,0.9664304326589851,0.007519556531378863,0.01408822835997457,0.3476606367822934,0.014137931034725548,0.0
675,0.0,0.0,0.0,0.0,0.0,0.0,0.01698813256752105,0.014514648823853386,0.008629901131344125,0.02313682263584146,0.03243320937916116,0.012261552040876866,3.0
676,1.0,0.0,1.0,1.0,1.0,0.0,0.1723273648458009,0.6651142964036048,0.8939794644854752,0.5891047458946432,0.2528256568914099,0.5994315449035323,2.0
677,0.0,0.0,0.0,0.0,0.0,0.0,0.027484227775206847,0.02387459322726444,0.01087939868321584,0.031219125093438223,0.07179063457907948,0.014532476345690161,1.0
678,1.0,1.0,1.0,1.0,1.0,1.0,0.9926633396059867,0.9964817951845433,0.7008397093557387,0.7058955129512684,0.8528852646160056,0.4985900473848711,0.0
679,1.0,1.0,1.0,1.0,1.0,1.0,0.9333681316219479,0.97019792851342,0.7248636565746633,0.9601017300880103,0.9794290690037201,0.793225795142414,0.0
680,0.0,1.0,1.0,1.0,0.0,1.0,0.17530104823477335,0.5773880042574315,0.8990190440912387,0.701788851627118,0.19492206295173958,0.7169397450047725,1.0
681,0.0,0.0,0.0,0.0,0.0,0.0,0.021040673048423175,0.02172330404968117,0.013438861202066965,0.03363517392301821,0.05483405328684226,0.018793514401428037,4.0
682,0.0,1.0,1.0,1.0,0.0,0.0,0.24830897994620385,0.8409821347053571,0.865995353305842,0.902888394057946,0.4948219240798458,0.7866960394161139,0.0
683,1.0,1.0,0.0,0.0,1.0,0.0,0.9484165668421033,0.9424230349544162,0.011730732853000607,0.10113234020966479,0.8671273401909524,0.49359285401961606,4.0
684,0.0,1.0,1.0,1.0,0.0,1.0,0.05026560125080298,0.2999331198163677,0.7874677753399545,0.4485257646426906,0.19186799690464584,0.19838649960377827,3.0
685,0.0,1.0,1.0,1.0,1.0,1.0,0.5054458285760651,0.9897747816238258,0.9668793364469391,0.9463872437922426,0.8644421471592522,0.836079968758876,3.0
686,1.0,1.0,1.0,1.0,1.0,1.0,0.9816306294052878,0.9910661449135194,0.8385124145251885,0.6116254917590709,0.6898213194608499,0.15659681297100336,4.0
687,1.0,1.0,1.0,1.0,1.0,1.0,0.9451835396267261,0.9773309659037261,0.8858107995735507,0.8428701420277342,0.7052833924007745,0.31803154379256204,4.0
688,1.0,1.0,1.0,1.0,1.0,1.0,0.43431275674419967,0.4470891758543589,0.5547776518184147,0.33533801477962155,0.3462847230429417,0.49472723035391825,2.0
689,0.0,0.0,0.0,0.0,0.0,0.0,0.11955049865014292,0.18713050461436898,0.1719065141885654,0.13434002727239144,0.1255869847585435,0.2635508594495061,3.0
690,0.0,0.0,0.0,0.0,0.0,0.0,0.05035928194463352,0.048060645614300505,0.28033387704902246,0.17662778577584773,0.08370368588618424,0.0764262659019512,3.0
691,1.0,1.0,1.0,1.0,1.0,1.0,0.5213669952433997,0.9773751299891561,0.9368445401749951,0.9687705136413733,0.8825329970108484,0.8845404053964182,2.0
692,1.0,1.0,1.0,1.0,1.0,1.0,0.9923272572801577,0.9943779145277585,0.5130076502053266,0.25502084001315534,0.6233199422982904,0.058375612253446646,0.0
693,0.0,0.0,0.0,1.0,1.0,0.0,0.02271179286259815,0.020747161963188872,0.011412120124957082,0.029198617402562764,0.07791676090233732,0.019296547844889184,0.0
694,0.0,0.0,0.0,0.0,0.0,0.0,0.020638794392684026,0.02188032738667697,0.012228372871486383,0.02435330778883214,0.046383177734094165,0.021482064004960805,0.0
695,0.0,1.0,1.0,1.0,1.0,1.0,0.2220470159359675,0.9475718108335518,0.957087355198763,0.9109605904017672,0.683595663679036,0.9005786093763413,2.0
696,1.0,1.0,1.0,1.0,1.0,1.0,0.9881748682274034,0.9979264950617944,0.7883201890031205,0.8378059863738337,0.863869435110015,0.4144726657879654,3.0
697,1.0,1.0,0.0,1.0,1.0,1.0,0.7952311424096843,0.8098923297456148,0.17790011148121168,0.6667164473910046,0.8713019692633867,0.6663234448499052,3.0
698,0.0,1.0,1.0,1.0,0.0,1.0,0.4542871834901904,0.9558472331920652,0.9432521082264494,0.8794826611414976,0.7101714355582742,0.8603732322247559,4.0
699,1.0,1.0,1.0,1.0,1.0,1.0,0.6391949082463039,0.9761414860332146,0.9840355322907117,0.9895657953340214,0.9155534172912794,0.7612803125376153,4.0
700,0.0,0.0,0.0,0.0,0.0,0.0,0.0239438808460168,0.018546439121318512,0.010079098884352518,0.027639734645938645,0.049440178940615385,0.011122604720408867,1.0
701,1.0,1.0,1.0,1.0,1.0,0.0,0.9962966140020362,0.9986899443084494,0.9470864819617342,0.9824698288110464,0.9587377464393658,0.2585790625559233,0.0
702,1.0,1.0,1.0,1.0,1.0,1.0,0.9938835829572683,0.9988200241316901,0.851378446790185,0.9679388655833538,0.9472625430787253,0.6000499590261896,4.0
703,0.0,0.0,1.0,0.0,0.0,1.0,0.0847892129753285,0.2546003144031729,0.8280718914602114,0.5426063182148146,0.1714946948332309,0.40271729894236574,3.0
704,1.0,1.0,0.0,0.0,1.0,0.0,0.9854579830291366,0.9980275823247367,0.5496788522575909,0.7142532421245679,0.9495820749622274,0.08642835676658311,0.0
705,1.0,1.0,1.0,1.0,0.0,1.0,0.987432191202062,0.998711393817655,0.9156362150544021,0.8575364729275687,0.8576015469844125,0.46530443708577807,1.0
706,1.0,1.0,0.0,0.0,1.0,0.0,0.986022995615744,0.9970559474030223,0.6729121428015165,0.6726437206156468,0.7467350939736004,0.10891454471745231,1.0
707,0.0,0.0,0.0,0.0,0.0,0.0,0.02117473917667,0.01259065940363214,0.011131154642357014,0.03209415947964175,0.061644052682048735,0.01923538134557892,1.0
708,1.0,1.0,1.0,1.0,1.0,1.0,0.9924769243774235,0.9980732296052859,0.8654879019672411,0.8316956718443853,0.9321267336544549,0.49182956825269036,3.0
709,0.0,1.0,0.0,0.0,1.0,0.0,0.02515044146843453,0.4530471912273023,0.005778268196451569,0.030032215118641965,0.7254591163879419,0.007243110721457281,4.0
710,0.0,1.0,1.0,0.0,0.0,1.0,0.19302316061435562,0.7008476755101344,0.9353708610524295,0.7784456089798881,0.33380114603462396,0.6104469493770697,1.0
711,1.0,1.0,0.0,0.0,1.0,0.0,0.9700104722002342,0.9867137284119581,0.0055076338330292225,0.014102044453584156,0.8755176958469478,0.00357200029079126,0.0
712,1.0,1.0,0.0,0.0,0.0,0.0,0.9934629487969379,0.9931033867461166,0.6063338191170969,0.42756629011711145,0.7241096587613,0.3158565141928368,0.0
713,1.0,1.0,1.0,0.0,0.0,0.0,0.984921235221197,0.9934688483491098,0.42682859499586784,0.3214985458836615,0.6626669390678458,0.1559636434494285,3.0
714,1.0,1.0,0.0,0.0,1.0,1.0,0.974574478030998,0.9897915004296987,0.010938406302817668,0.2412246003260713,0.966388632892166,0.3352046497108912,2.0
715,1.0,1.0,1.0,1.0,1.0,0.0,0.99330266819805,0.99773649774952,0.9540205403980795,0.983567135937147,0.9844040308407767,0.22536723924721738,0.0
716,0.0,0.0,0.0,0.0,0.0,0.0,0.020992412575383614,0.019619055464982993,0.011096951655720088,0.04299935483825547,0.11203071735854056,0.02597719222747579,2.0
717,0.0,0.0,0.0,0.0,0.0,0.0,0.020413322788142674,0.043484392029673656,0.019859803814423937,0.08856866316533116,0.11366581407351393,0.026395655279315405,3.0
718,1.0,1.0,1.0,1.0,1.0,0.0,0.9966825000518978,0.9973460449455187,0.6323959033099722,0.7673099716110567,0.8252297477370031,0.2601552455625104,2.0
719,0.0,0.0,0.0,0.0,0.0,0.0,0.03799685745795071,0.02058260255090488,0.010009414338970266,0.04078100790411567,0.06617588522731188,0.015970088969025503,4.0
720,0.0,0.0,0.0,1.0,1.0,0.0,0.023683124738223107,0.019246099637924296,0.010274743888953539,0.02874205973519773,0.07553533806100624,0.013180660893904907,1.0
721,0.0,0.0,1.0,0.0,0.0,1.0,0.09355796231887561,0.720354693801263,0.8438846290415685,0.7121196883569986,0.36509741802562734,0.5719854939904632,0.0
722,1.0,1.0,1.0,0.0,1.0,0.0,0.9736081468107516,0.9861609007941915,0.08864851919971577,0.06161754349255901,0.41735375800819335,0.043371586718757155,2.0
723,0.0,0.0,0.0,0.0,0.0,0.0,0.04608213505970454,0.051076207881607855,0.02546217042267529,0.08325191064337957,0.09493052118312194,0.04781339550141445,2.0
724,0.0,1.0,1.0,1.0,1.0,1.0,0.6051374137704671,0.9723346981620835,0.8205689990042944,0.9413368774063231,0.9685721424789693,0.8093399645453597,1.0
725,0.0,1.0,1.0,1.0,0.0,1.0,0.1611525930842365,0.8258539358236986,0.8931534779312769,0.891016489955194,0.6240442901749045,0.7038096564485873,4.0
726,1.0,1.0,1.0,1.0,1.0,0.0,0.9913436188614698,0.9925279552023891,0.8758473041207339,0.5309672336958468,0.8226913959671581,0.2753937469759377,3.0
727,0.0,0.0,0.0,0.0,0.0,0.0,0.05198508237748299,0.17148251092052214,0.1850983827299281,0.14986665712008856,0.1438853864888681,0.10511454960824775,0.0
728,0.0,0.0,0.0,0.0,0.0,0.0,0.7130540002061284,0.8740725489772536,0.19375254985376766,0.0981069478579782,0.4029498117852616,0.11221726078140261,3.0
729,1.0,1.0,0.0,0.0,1.0,0.0,0.9798750700670783,0.9846581662183304,0.11483211106807743,0.07891546016322486,0.5572544852149456,0.038598805361676605,4.0
730,0.0,0.0,0.0,0.0,0.0,0.0,0.02642117824454734,0.01928537723609049,0.010389579472397173,0.03214180420485952,0.05960094750768232,0.01464151323507626,1.0
731,1.0,1.0,1.0,1.0,1.0,1.0,0.36463289422019185,0.7969751139994212,0.871140337987406,0.8361443162621947,0.5172143765378218,0.8535543148080492,3.0
732,1.0,1.0,1.0,1.0,1.0,1.0,0.8888858094823758,0.9929108784667371,0.968729311304733,0.9919523394402602,0.9015107931407866,0.9490265395319142,3.0
733,1.0,0.0,0.0,0.0,0.0,0.0,0.6423342593215662,0.38133796433314276,0.008805796007146332,0.022262239744123453,0.33586662280388296,0.01063714694274235,2.0
734,0.0,0.0,1.0,0.0,0.0,0.0,0.043088126622351716,0.08085947954616875,0.29088079718540727,0.20024929365187794,0.12651239831190425,0.05733712181439806,3.0
735,0.0,0.0,1.0,0.0,0.0,0.0,0.07717809755606533,0.24747160427247716,0.16259508465880898,0.2446416431415194,0.2446222971923648,0.28715634642904225,3.0
736,1.0,1.0,1.0,1.0,0.0,0.0,0.9926754988967573,0.9982152857495673,0.8386309774850196,0.845346361557534,0.8836170861297663,0.4216514473840179,2.0
737,0.0,0.0,0.0,0.0,0.0,0.0,0.019477437195747377,0.026446909476134203,0.012058807666508964,0.030548178867034696,0.08068576308200105,0.01776704608402114,2.0
738,1.0,1.0,1.0,1.0,1.0,0.0,0.9932766961114555,0.9987655617595306,0.959942282782887,0.833895739900848,0.8593799217449777,0.48325273309931327,3.0
739,0.0,0.0,0.0,0.0,0.0,0.0,0.0200960118165451,0.016982138981343427,0.009292735772505018,0.03147209357355037,0.06418860797868949,0.010999336116039584,3.0
740,0.0,0.0,0.0,0.0,0.0,0.0,0.01599825377844703,0.026024166197049347,0.012492926537367508,0.03928951241783732,0.08099877503188335,0.014437500488742518,3.0
741,1.0,1.0,1.0,0.0,1.0,0.0,0.9864647890019312,0.9941439469837462,0.5143851939967846,0.5380388379641814,0.8291678587739905,0.3638072262192402,2.0
742,0.0,1.0,1.0,1.0,1.0,1.0,0.7463571622694147,0.982595272231471,0.9896082817108115,0.99343317218705,0.8777330579814455,0.9466516622724339,4.0
743,1.0,1.0,1.0,1.0,1.0,1.0,0.9952986439619553,0.9976914440419291,0.8774941221101538,0.924548791207832,0.9598185115601136,0.6835707931004543,0.0
744,0.0,0.0,0.0,0.0,0.0,0.0,0.020305296281976346,0.02856539703922411,0.012508021057885566,0.04191311866596048,0.07398540795765052,0.03030470166920666,1.0
745,1.0,1.0,0.0,0.0,1.0,0.0,0.9875074344492863,0.99822196803495,0.8124574820431296,0.8274119577627709,0.9095168120142056,0.24820830946301609,1.0
746,1.0,1.0,1.0,1.0,1.0,0.0,0.2436207166346503,0.9402830059854952,0.9534528918206987,0.923436597452409,0.38494875894583214,0.937715627325371,2.0
747,0.0,0.0,0.0,0.0,0.0,0.0,0.032258521042644595,0.022478689377624737,0.009124648100624952,0.03139153282827453,0.06506311508275327,0.016846533765298138,4.0
748,1.0,1.0,0.0,0.0,1.0,0.0,0.9788650903629679,0.9759691527326874,0.007932815394911561,0.025133197732788173,0.8860100484547272,0.007335126926761422,4.0
749,0.0,0.0,0.0,0.0,0.0,0.0,0.029946626415044027,0.03485264206006107,0.026890251596663837,0.06876985956870353,0.13239925792301602,0.05129364801358658,4.0
750,1.0,1.0,1.0,0.0,0.0,0.0,0.7822512994806574,0.955484437281893,0.8081029851988656,0.5281031397397479,0.6231061467256532,0.3107016914425107,3.0
751,0.0,0.0,0.0,0.0,0.0,0.0,0.02775328922609072,0.03163815310956711,0.01052504924167075,0.040143017234063424,0.07841176551263207,0.01539616418522978,4.0
752,1.0,1.0,0.0,0.0,1.0,0.0,0.985806288013097,0.9255705124159653,0.037617744699697954,0.14146811093967546,0.9503996407076785,0.32628566413167986,0.0
753,1.0,1.0,1.0,1.0,0.0,0.0,0.9949786297254412,0.9987452915439239,0.9602830133902239,0.9554778923991115,0.9190500930083136,0.5416868147176338,3.0
754,1.0,1.0,0.0,0.0,1.0,1.0,0.9838806497334031,0.9942785783875537,0.016191442210160882,0.04732582027923285,0.9732025471282174,0.40378211429341376,1.0
755,1.0,0.0,0.0,0.0,0.0,0.0,0.9077409226470237,0.6729620938732668,0.32948244341037086,0.10618291303438167,0.2626859250992339,0.06541558187364087,1.0
756,1.0,1.0,0.0,0.0,1.0,0.0,0.9793266484687514,0.9912423862757597,0.2861665721514353,0.5660205129181672,0.8307675680458712,0.2418442385075426,2.0
757,1.0,1.0,1.0,1.0,0.0,1.0,0.9148566450023549,0.9838776100347726,0.8607658117728583,0.9084973471083896,0.800075593997616,0.7590286217794352,1.0
758,0.0,1.0,1.0,1.0,0.0,1.0,0.5382297607703564,0.7096155609436374,0.8770198876889889,0.8282725874833461,0.39821622180432475,0.7645076096205784,3.0
759,1.0,1.0,1.0,1.0,0.0,1.0,0.7666949523431129,0.8501465632736409,0.8581930588938433,0.9067585620937735,0.788939048003675,0.8250660904482734,0.0
760,1.0,0.0,0.0,0.0,0.0,0.0,0.9711528559040523,0.960963351282768,0.009266444666128366,0.02074974112299173,0.48213767518506623,0.016407199019853925,3.0
761,1.0,1.0,1.0,1.0,1.0,1.0,0.43586678820871055,0.9479586562401632,0.9760462741684076,0.9576515839777986,0.7282435515002875,0.9594614953938742,3.0
762,1.0,1.0,1.0,1.0,1.0,0.0,0.9967470822801386,0.999320437136726,0.9435516270835586,0.9709202326757055,0.9446926818395591,0.6496256631256427,2.0
763,1.0,1.0,1.0,1.0,1.0,1.0,0.6067507307360063,0.38520914542321794,0.3301805696274512,0.7788182598305659,0.7096982531678611,0.7879826780156634,4.0
764,1.0,1.0,1.0,1.0,1.0,1.0,0.9943630420321268,0.9982025954964049,0.880660172440329,0.9243143397046746,0.9071638648061505,0.503081483609037,0.0
765,0.0,0.0,0.0,0.0,0.0,0.0,0.022901845502057504,0.01733363857147694,0.010622332774315166,0.03405608312062479,0.05598220542592999,0.019297370976756878,0.0
766,1.0,1.0,1.0,1.0,1.0,1.0,0.9857357642389052,0.995306884069638,0.9131189850176686,0.8277460406576161,0.7951994541981756,0.6894463972133225,4.0
767,0.0,0.0,0.0,0.0,0.0,0.0,0.03000221823712227,0.031968127896537954,0.016157049921205622,0.02271132737465448,0.030029130034529592,0.04299883617618693,1.0
768,1.0,1.0,1.0,1.0,1.0,1.0,0.989866183093486,0.9985644850373867,0.9263908755312322,0.9307624480187758,0.9246850595743087,0.48881216699518126,3.0
769,0.0,0.0,0.0,0.0,0.0,0.0,0.027584869912557968,0.036233050209924185,0.014001393376625598,0.03430967122722592,0.08788958600326234,0.02067375499862603,4.0
770,1.0,1.0,0.0,0.0,1.0,0.0,0.9820877167080974,0.99117016131209,0.3481689466056052,0.36413950485214247,0.7335033662490387,0.12910976489914963,2.0
771,0.0,0.0,0.0,0.0,0.0,0.0,0.04297200701909081,0.07041345532848164,0.009999424947129165,0.036121323782633184,0.10887882120197823,0.011825698635380116,2.0
772,1.0,1.0,1.0,1.0,1.0,1.0,0.9917549037341488,0.9975586835413353,0.7651987700320534,0.8341790956841372,0.930515221898218,0.8461081252090262,1.0
773,1.0,1.0,1.0,1.0,1.0,1.0,0.9939886421583463,0.9983758786423345,0.9436879307570354,0.9488484567931295,0.9095480650237097,0.7224656564186953,3.0
774,1.0,1.0,1.0,1.0,1.0,1.0,0.9509065863242985,0.9797061418273966,0.9727383220204782,0.9697137008624727,0.8961417835669445,0.8592840873354816,0.0
775,1.0,1.0,0.0,0.0,1.0,0.0,0.9691302835381126,0.9588267470930173,0.007163849626303544,0.019599818886909145,0.40245180025171967,0.011276149789123481,4.0
776,0.0,1.0,0.0,1.0,0.0,0.0,0.5774266224804292,0.9838108640264646,0.8543067490278192,0.9683754133290002,0.9199177323985096,0.6974795915637484,4.0
777,1.0,1.0,1.0,1.0,1.0,1.0,0.9886934816011042,0.9973118973512283,0.7783693645148337,0.6384789446967197,0.8427029694415494,0.3197096407899142,0.0
778,1.0,1.0,1.0,1.0,1.0,1.0,0.9933859619682333,0.9963385756834162,0.8208565272756393,0.7238500554190804,0.7024415338438416,0.4940773044746581,2.0
779,0.0,0.0,1.0,1.0,1.0,1.0,0.14794926341009007,0.48016195153577423,0.5697012548041628,0.6696413765433507,0.30224384328869847,0.45095559686588,4.0
780,1.0,1.0,0.0,1.0,1.0,0.0,0.9887189350761861,0.9951251302626645,0.5910530194799798,0.5181842256506267,0.8723474832599194,0.22517481804329315,1.0
781,1.0,1.0,1.0,1.0,1.0,1.0,0.8602835895931292,0.9477140941879616,0.9439651332457734,0.9614670895804054,0.9128026795880348,0.7907351575685685,1.0
782,0.0,0.0,0.0,0.0,0.0,0.0,0.03013308137469025,0.03877858658312211,0.012177546190902474,0.029698737987537954,0.08647865377622507,0.013784805461536114,1.0
783,0.0,0.0,0.0,0.0,0.0,0.0,0.019421577521824995,0.0295772463339048,0.026587303253311965,0.029042867684014987,0.08122003771746626,0.01921574621105536,3.0
784,1.0,1.0,1.0,1.0,1.0,0.0,0.9930649631480144,0.9982193132426416,0.9431546922435623,0.9058362341519784,0.8138080438764658,0.6023121047763281,3.0
785,1.0,1.0,1.0,1.0,1.0,0.0,0.99165823650035,0.9971243906255535,0.7461598813785443,0.8558326571119351,0.8886316162023059,0.30015369498138683,0.0
786,0.0,0.0,0.0,0.0,0.0,0.0,0.02777120021554244,0.028079732157073236,0.015886717528623185,0.03276887548631019,0.08042573983888873,0.016022370147215668,1.0
787,1.0,1.0,0.0,0.0,1.0,0.0,0.8115897714729058,0.14371287491496465,0.010077896786276146,0.021318017897348506,0.40702498653110447,0.01201270533242499,0.0
788,0.0,0.0,0.0,0.0,0.0,0.0,0.04879810312287789,0.08420246013633674,0.1616998467380108,0.11035256023113417,0.11001509666674185,0.06890989936735054,2.0
789,0.0,0.0,0.0,0.0,0.0,0.0,0.041181709791790484,0.03144744969460161,0.010678302229258325,0.03553583169722945,0.0820701927706691,0.01034536472696174,3.0
790,1.0,1.0,1.0,1.0,1.0,0.0,0.9933783590119922,0.9961782919416583,0.658470360977427,0.5629026520306184,0.8515044647200954,0.19006309538020993,3.0
791,1.0,1.0,1.0,1.0,1.0,0.0,0.99352944041413,0.9983555320367915,0.9033699503976053,0.9422585176686595,0.9332184705575872,0.4079285751335666,4.0
792,1.0,1.0,0.0,0.0,1.0,0.0,0.9846266039658749,0.9940681440810288,0.1561478062398242,0.2688863526280359,0.949246673800979,0.37296521085490086,1.0
793,1.0,1.0,0.0,0.0,0.0,0.0,0.9828035610408794,0.9794387831835992,0.04854137028543028,0.07092687588676076,0.5285161121717044,0.04853034282912684,2.0
794,1.0,1.0,0.0,0.0,0.0,0.0,0.7831003535372659,0.7258230490042187,0.058859559874046855,0.06573832709237204,0.4003483804852506,0.05248698801076828,4.0
795,0.0,0.0,0.0,0.0,0.0,0.0,0.028126890490301863,0.036245765566273146,0.013015028079312891,0.04808983815351486,0.09188876597805293,0.031922041338697055,4.0
796,0.0,0.0,0.0,0.0,0.0,0.0,0.02224628219843202,0.030636201242238478,0.008620953398171177,0.01682767957048385,0.10066762252848181,0.013143810100299164,2.0
797,1.0,1.0,0.0,0.0,1.0,0.0,0.7553192850515364,0.5519821690227867,0.009504683074698787,0.021859766365052553,0.3700503231425401,0.013588872705888662,4.0
798,1.0,1.0,0.0,0.0,1.0,0.0,0.9836528838848301,0.9143238185966548,0.018773383910932605,0.029911777519511133,0.7082604969036699,0.02473719694839875,1.0
799,1.0,1.0,1.0,1.0,1.0,1.0,0.9954778095324988,0.9990315961570417,0.9291995053232982,0.9513150411203856,0.84607375058714,0.661745125736449,2.0
800,1.0,1.0,0.0,1.0,1.0,0.0,0.9909398138970494,0.9979051769105051,0.8860162130155008,0.8794409050826251,0.9492319014673913,0.715745406323903,4.0
801,1.0,1.0,1.0,1.0,1.0,1.0,0.992006915076217,0.9978646484007976,0.7218790119101828,0.8159605829415141,0.8743754574904243,0.18923437531560355,3.0
802,0.0,0.0,0.0,0.0,0.0,0.0,0.01792972038865516,0.016924023031007412,0.008448651834599237,0.047298954252514624,0.05131887419939587,0.015566761566328153,2.0
803,0.0,0.0,0.0,0.0,0.0,0.0,0.02344268816205213,0.016255638667407056,0.008902880542894134,0.029344890379559355,0.07287267016583972,0.01706155595885074,2.0
804,1.0,1.0,1.0,1.0,1.0,1.0,0.9908226450100394,0.9977507261851289,0.9446735644943389,0.8944359816952708,0.7909955853748962,0.5498298827830058,4.0
805,1.0,1.0,0.0,0.0,1.0,0.0,0.9758990493902696,0.9423056390587089,0.009576325918143848,0.02046333692359396,0.48401183313799007,0.013829526296079113,4.0
806,1.0,1.0,1.0,1.0,1.0,1.0,0.8997519346076872,0.9593014819894753,0.9820663413286699,0.986290263507077,0.8056563231281159,0.9375842658733805,2.0
807,1.0,1.0,1.0,1.0,1.0,1.0,0.9935590803605489,0.9977799681598957,0.9253516548766326,0.9707380334819016,0.9711352382486733,0.38272710267790266,1.0
808,1.0,1.0,1.0,1.0,1.0,0.0,0.9890942012274692,0.9968472190705403,0.8690260579505166,0.6481260197543748,0.8771241797128633,0.3429368545512505,0.0
809,1.0,1.0,0.0,0.0,1.0,0.0,0.9842922065856085,0.9918784197515629,0.31211474196958156,0.17810721577222155,0.9253902280351276,0.03688785591390346,0.0
810,1.0,1.0,0.0,0.0,0.0,0.0,0.9796289249754814,0.9705624662389213,0.00944612538731138,0.018218495489970517,0.46828601577843554,0.016060808176201653,1.0
811,1.0,1.0,0.0,0.0,0.0,0.0,0.9635075124338655,0.881593898285396,0.012735902917549101,0.017766096814190623,0.5369050997723012,0.013460816605209194,1.0
812,1.0,1.0,1.0,1.0,1.0,1.0,0.07031856223354925,0.567799036845271,0.6563320182619865,0.49461753474915965,0.2181081853632156,0.4029831950871876,2.0
813,0.0,0.0,0.0,0.0,0.0,0.0,0.03324598665347747,0.06073723207537225,0.021488294510017426,0.058667840346609074,0.05521581508201624,0.018881886396153503,2.0
814,0.0,1.0,1.0,1.0,1.0,1.0,0.23470375463497395,0.9290604597695451,0.9517133340076476,0.9789978597085953,0.6885555046761206,0.8862494456525561,3.0
815,1.0,1.0,0.0,0.0,0.0,0.0,0.6338205625893312,0.8711272087783796,0.19490052631544505,0.10590653291940179,0.5611952530551745,0.10019177983490664,4.0
816,1.0,1.0,1.0,1.0,1.0,1.0,0.3692985469756134,0.9543327969562153,0.9797277983045078,0.9556298579645244,0.6168548699109285,0.8845788943292151,1.0
817,1.0,1.0,1.0,1.0,1.0,0.0,0.9911421590753945,0.9985298046861717,0.9097136724199644,0.9856032661214069,0.9839444862525624,0.35439682022041546,0.0
818,1.0,1.0,1.0,1.0,1.0,1.0,0.9975170399876261,0.99845766390948,0.949904197597893,0.9865111152045124,0.9719749543572334,0.7728585781328106,0.0
819,1.0,1.0,1.0,1.0,1.0,1.0,0.6555399214350663,0.9799743676208138,0.9802164947197681,0.9659892215799853,0.71012824785334,0.9190771469023776,1.0
820,1.0,1.0,0.0,0.0,0.0,0.0,0.9635395858472314,0.9975925201301092,0.6921818392209914,0.8529703550924342,0.8341501175426312,0.5202496846993202,1.0
821,1.0,1.0,0.0,0.0,0.0,0.0,0.6748057598020132,0.43032923083967267,0.010211530114613088,0.018302210990215593,0.38409041141463957,0.013605496645674512,4.0
822,1.0,0.0,0.0,0.0,0.0,0.0,0.13233266039639444,0.1012373051360348,0.05655887824845176,0.09714878741389496,0.1225867980116923,0.06827801829696732,3.0
823,0.0,0.0,0.0,0.0,0.0,0.0,0.02015146657161965,0.026285870993195504,0.008514926362233107,0.02587168339490314,0.06520941460089419,0.00871808407753113,3.0
824,1.0,1.0,0.0,0.0,1.0,0.0,0.831838411459276,0.7281352332805248,0.009130540651004892,0.04080368384558976,0.567048145668845,0.008242334012180705,2.0
825,0.0,0.0,0.0,0.0,0.0,0.0,0.021651516151139583,0.017272964654878875,0.010709591900001003,0.03389523750812135,0.06374101269834027,0.011637077505919271,3.0
826,0.0,0.0,1.0,1.0,1.0,1.0,0.9491983585106772,0.9313185246330911,0.32680068545858754,0.38253309263794055,0.771138453364205,0.19721622665314192,2.0
827,1.0,1.0,0.0,0.0,0.0,0.0,0.9733039015526527,0.973255033982906,0.055578502765496335,0.0628113860023042,0.44143668856077684,0.019045226710529054,3.0
828,1.0,1.0,1.0,1.0,1.0,1.0,0.9970516821007123,0.9995077167084616,0.9759108428606025,0.9882378437280782,0.9596071350239913,0.678968662145857,3.0
829,0.0,0.0,0.0,0.0,0.0,0.0,0.13624950788916076,0.0984495728929109,0.031619241344735864,0.06940755803384582,0.13181909175883344,0.08671619371526344,0.0
830,0.0,0.0,0.0,0.0,0.0,0.0,0.024186532546322793,0.06282271798530423,0.047718262772102685,0.13751643622371656,0.11510689851193631,0.027335041004738256,3.0
831,0.0,0.0,0.0,0.0,0.0,0.0,0.02937964507323341,0.025924067571312312,0.010688490689175765,0.02630692638415063,0.0579005554834701,0.016176791001662475,4.0
832,1.0,1.0,1.0,1.0,1.0,1.0,0.997072383806849,0.9992303095754148,0.9657674659716188,0.9791657786646327,0.9719051214117156,0.5543057681617631,0.0
833,1.0,1.0,1.0,1.0,1.0,0.0,0.9939905735779335,0.9975367053950619,0.9648052558699833,0.9286475424905013,0.8616159054928653,0.549646004178362,3.0
834,1.0,1.0,1.0,0.0,1.0,1.0,0.8815922717791654,0.9718546844066316,0.14293244535827235,0.15768770007318894,0.8895514887846349,0.1366304484210019,2.0
835,0.0,0.0,0.0,0.0,1.0,0.0,0.022155967427841587,0.014051998688967397,0.011690698296491367,0.028216434737162767,0.05217841787382987,0.015277312448094512,4.0
836,1.0,1.0,1.0,1.0,1.0,0.0,0.9910991835964357,0.9991508147659315,0.8014850259207345,0.9786298194957548,0.9842092712090372,0.26565024340090604,0.0
837,1.0,1.0,0.0,0.0,1.0,0.0,0.9721147686433299,0.9806476062420365,0.008780157283797914,0.022758045584821578,0.5128303272183332,0.014052368512279721,3.0
838,1.0,1.0,1.0,0.0,1.0,0.0,0.9852318764503785,0.9984684419476092,0.8399873850023919,0.7526172861058986,0.6852215269064643,0.3878284671393718,1.0
839,1.0,1.0,1.0,1.0,1.0,1.0,0.9882420236929754,0.9989389643679835,0.8919140824243297,0.880132288420843,0.7822842014043746,0.42387140936003587,1.0
840,1.0,1.0,1.0,1.0,1.0,1.0,0.9611076277154874,0.9782614588608664,0.9772743053087433,0.931102645483519,0.9796148361715352,0.8405194681039012,4.0
841,1.0,1.0,0.0,0.0,1.0,0.0,0.9959962180634881,0.9901385633326375,0.02285877527125825,0.04683408432529216,0.9321356404611585,0.4009346075994489,0.0
842,0.0,1.0,1.0,1.0,0.0,1.0,0.3029236151506189,0.8679855958219215,0.9528700869657821,0.9621024498548443,0.5494657891909595,0.8912686778605952,1.0
843,1.0,1.0,1.0,1.0,1.0,1.0,0.9939792640303969,0.9979004530792415,0.889745762686613,0.8876356518492297,0.6696907613320233,0.6586834681542127,0.0
844,0.0,0.0,0.0,0.0,0.0,0.0,0.033877624171763585,0.04786373674741135,0.014493440793670067,0.04297635840676602,0.09122620004768062,0.017135519334641258,2.0
845,0.0,1.0,0.0,1.0,1.0,0.0,0.5070432918336347,0.9578863291660574,0.830535363636016,0.9113028001318547,0.8977605583487047,0.5332724426723257,1.0
846,1.0,1.0,1.0,1.0,1.0,0.0,0.982635868510878,0.9983317667739567,0.9202202842161011,0.8975192915802562,0.8666152572218505,0.46822199629592537,1.0
847,1.0,1.0,1.0,1.0,1.0,1.0,0.995958018642908,0.9985472401567818,0.8979799571108688,0.9373603344734134,0.9578398029331561,0.5953886008897797,2.0
848,0.0,0.0,0.0,0.0,0.0,0.0,0.01742286851872704,0.04932253197276875,0.008773867360942492,0.02604811228482242,0.1264309710147708,0.011300300943542969,3.0
849,1.0,1.0,1.0,1.0,1.0,1.0,0.9931612533323851,0.9988365872451704,0.9360260977420247,0.9769803779696259,0.9252373931589768,0.30700912911666306,2.0
850,0.0,0.0,0.0,0.0,0.0,0.0,0.019225168660946854,0.018121142071923255,0.008975209276460653,0.031008955698868676,0.0881863611790725,0.011775280337005003,3.0
851,1.0,1.0,0.0,0.0,1.0,0.0,0.9901173159723037,0.9973807287699159,0.8635210839492541,0.6556691383131846,0.7032282408956311,0.1765202717727449,3.0
852,0.0,1.0,1.0,1.0,0.0,1.0,0.29008496913377146,0.696836533795341,0.5900805368540101,0.6823020249399844,0.36843579895411877,0.7023111656779547,2.0
853,0.0,0.0,0.0,0.0,0.0,0.0,0.035320952606068635,0.025285364262183987,0.0094716172323206,0.038902974614973294,0.10760680512345673,0.021906952778108814,3.0
854,1.0,1.0,0.0,0.0,1.0,0.0,0.9839937524907599,0.9904670701188187,0.015440117105313077,0.050486429465430686,0.9281567775643323,0.35056388794186116,4.0
855,1.0,1.0,1.0,1.0,1.0,0.0,0.9937660297562353,0.9969433691831011,0.7823596897057346,0.7442207430759884,0.796235108596998,0.2335524394383251,0.0
856,1.0,1.0,1.0,1.0,1.0,0.0,0.9950089253802805,0.9959190206856201,0.9572509254867857,0.9552395186088346,0.8644915052590356,0.36241708973926606,4.0
857,1.0,1.0,1.0,1.0,1.0,1.0,0.9890695165491333,0.9984633620181228,0.9530977798985418,0.9487509494550774,0.9634557643625956,0.6796135757882356,1.0
858,0.0,1.0,1.0,1.0,1.0,0.0,0.3917780478601782,0.987567898344586,0.9488050898944453,0.941621075363063,0.9208738718105478,0.5515293453267162,2.0
859,1.0,1.0,1.0,1.0,1.0,0.0,0.9934267839448722,0.9975493479587682,0.9438399660674832,0.9077604524119312,0.9568128849351416,0.2910449519842908,1.0
860,0.0,0.0,0.0,0.0,0.0,0.0,0.033622195896982,0.028362205120537803,0.011718139806424775,0.03404748790322141,0.05824131206487674,0.02649632368867781,4.0
861,1.0,0.0,0.0,0.0,0.0,0.0,0.9178050213335059,0.7386093436049641,0.0435481906652304,0.09680645853204249,0.3498487322306664,0.09087227602310599,1.0
862,0.0,0.0,0.0,0.0,0.0,0.0,0.04416530484934444,0.04830478722339615,0.01450500677921163,0.0505780614741597,0.07823004328892012,0.03857434198827788,2.0
863,0.0,0.0,0.0,0.0,0.0,0.0,0.036865825065368056,0.10802473285186376,0.2757945871378973,0.09867529921202685,0.09825334306587229,0.14003019548808998,4.0
864,1.0,1.0,1.0,0.0,0.0,0.0,0.8596436274781503,0.8931548733110174,0.538994225563602,0.49897216097866703,0.5433376475954204,0.4613358484970787,0.0
865,0.0,0.0,0.0,0.0,0.0,0.0,0.08078368866796708,0.2706878157258596,0.005262970757846508,0.13203290847074,0.4944360492886921,0.16000774269755846,0.0
866,1.0,1.0,1.0,1.0,1.0,0.0,0.9935252509762571,0.9983947392593487,0.9452468096490529,0.9178555441371503,0.8573891117783387,0.6737064121345872,3.0
867,0.0,0.0,0.0,0.0,0.0,0.0,0.025798115108139407,0.02082045676608011,0.012062922240652689,0.03427110750440982,0.06924542925079766,0.019885329142230523,1.0
868,0.0,0.0,0.0,0.0,0.0,0.0,0.04707829205026539,0.021467454055448948,0.015557892035205537,0.0330467390686492,0.09824067960924185,0.018324116398035425,3.0
869,1.0,0.0,0.0,0.0,0.0,0.0,0.8557424606855032,0.3626245483485536,0.005378877786700645,0.030140315228680395,0.5035158583224012,0.012763163314447061,2.0
870,0.0,0.0,0.0,0.0,0.0,0.0,0.024948289657936145,0.013221166542885177,0.01675384449693919,0.02850707052487644,0.046189003076401565,0.03024648427249857,4.0
871,1.0,1.0,1.0,1.0,1.0,0.0,0.9827988606432827,0.9981976552237756,0.3873365749222297,0.7849221385882487,0.9780768446148409,0.2072575775624015,4.0
872,1.0,1.0,1.0,1.0,1.0,1.0,0.06608783170220138,0.863257654610348,0.9300258330704775,0.9589696978856096,0.9139684132287835,0.2502606686606406,3.0
873,0.0,0.0,0.0,0.0,0.0,0.0,0.02049221985950806,0.019634575230148495,0.009931106682395685,0.026206565591309582,0.060114811692354206,0.020775386198624513,1.0
874,1.0,1.0,1.0,1.0,0.0,0.0,0.9904937803259035,0.9970501961759118,0.9045071705645921,0.8025477114654471,0.7528982743047338,0.6154049343302338,0.0
875,1.0,1.0,1.0,1.0,1.0,1.0,0.9958420142961343,0.9986858900587373,0.9603439910439177,0.96512175792779,0.9584833072285347,0.7866999271615387,3.0
876,1.0,1.0,0.0,0.0,1.0,0.0,0.8264697406555758,0.9730202820378672,0.5683085611592262,0.5765659942192662,0.7062084379007958,0.2979548263418736,3.0
877,1.0,1.0,1.0,1.0,1.0,1.0,0.9903408457971535,0.9969923268665832,0.5878061161428367,0.6165289189340548,0.9260644180006499,0.1277405778165929,4.0
878,1.0,1.0,0.0,0.0,1.0,0.0,0.9729276605744472,0.9864789995687347,0.009978063998964282,0.05653431101623803,0.8862771033741699,0.15903474045016858,4.0
879,0.0,0.0,1.0,0.0,0.0,0.0,0.05718539273640056,0.15404810511686995,0.6864337402510675,0.34601515217592765,0.11896240084223693,0.3101315237707603,1.0
880,0.0,0.0,0.0,0.0,0.0,0.0,0.029014875651154896,0.032770148575095664,0.013998580628222177,0.03752177467293357,0.0702387482414999,0.02338784592314738,4.0
881,0.0,0.0,0.0,0.0,0.0,0.0,0.012858094850400008,0.019846249064215362,0.002746453243293803,0.03094063094649738,0.07936373539801213,0.030027787828645385,2.0
882,1.0,0.0,0.0,1.0,1.0,1.0,0.9149152081819429,0.8795454304839294,0.013094612418784084,0.2905940150066559,0.8243394251199966,0.6992655252750815,3.0
883,0.0,0.0,0.0,0.0,0.0,0.0,0.022535053569905192,0.026241778116432045,0.011020021776605533,0.05517038669145151,0.07974797866940225,0.01788653708039222,4.0
884,1.0,1.0,1.0,0.0,1.0,0.0,0.989696977516108,0.9940474211428948,0.3885009192662877,0.34461723369752434,0.727428467049826,0.17017366307149848,3.0
885,0.0,1.0,0.0,1.0,1.0,0.0,0.9353517795690972,0.9783196150990591,0.010122567339296354,0.02042025524665295,0.7060423896691322,0.03461272084693873,3.0
886,0.0,0.0,0.0,0.0,1.0,0.0,0.020169863792057638,0.01416915827078259,0.010130716760636942,0.025904704441599317,0.057160925628114825,0.01982090674673642,0.0
887,0.0,0.0,1.0,0.0,0.0,0.0,0.07847986312000835,0.7263326015843388,0.61009016280348,0.4341435792776634,0.14975178620848753,0.2815740958523678,0.0
888,0.0,0.0,0.0,0.0,0.0,0.0,0.04080406483418963,0.038016271132577814,0.014058763065142732,0.042232733419582766,0.1146844227182449,0.02185145211986514,1.0
889,0.0,0.0,0.0,0.0,0.0,0.0,0.030367747511967132,0.03619456457511577,0.01134275517272395,0.03919000771169248,0.06441597434047514,0.01735804993524379,1.0
890,0.0,0.0,0.0,0.0,0.0,0.0,0.02005432131257824,0.017875984921672482,0.00894263294771115,0.03466990158697343,0.06869422992205444,0.011332708576681854,3.0
891,0.0,0.0,0.0,0.0,0.0,0.0,0.03969272546632249,0.04124598383744571,0.013947119758387512,0.03331097135031277,0.06299653288784715,0.02285518624579073,4.0
892,1.0,1.0,1.0,1.0,1.0,0.0,0.9881689780119352,0.9970153820470739,0.6383299285069846,0.4391744573479707,0.6917295599536506,0.14792415476601875,1.0
893,1.0,1.0,0.0,0.0,1.0,0.0,0.9834376505697394,0.9980296181769985,0.6278958330234501,0.8208894187678648,0.9727156962261952,0.08722366948934394,2.0
894,0.0,0.0,0.0,0.0,0.0,0.0,0.017955954739341366,0.022326634698191874,0.008440382244785244,0.024060417708800654,0.054032954456092484,0.012429608260241991,3.0
895,1.0,1.0,0.0,0.0,1.0,0.0,0.9815997995780207,0.9941519969330223,0.1323157652687624,0.4100306332796814,0.9515885443375788,0.0732512723026957,3.0
896,0.0,1.0,0.0,1.0,1.0,0.0,0.04651995146085999,0.7645066474534016,0.306144772786388,0.7004780188439095,0.7251380540147918,0.04090759486077297,4.0
897,0.0,0.0,1.0,0.0,0.0,1.0,0.16340172596621827,0.45858138426744416,0.8480055106516345,0.6298974115696772,0.2373312218266458,0.6977057753120968,4.0
898,1.0,1.0,0.0,0.0,1.0,0.0,0.9752531897167303,0.9805958985037595,0.018039957483801553,0.024474087504256226,0.6811122218047041,0.007052930679400652,0.0
899,1.0,1.0,0.0,0.0,1.0,0.0,0.9727175620447545,0.9876075460886733,0.011380372055731343,0.020755984399891098,0.8870724101636227,0.00776886449824257,0.0
900,0.0,0.0,0.0,0.0,0.0,0.0,0.02014915776880797,0.023417146939880062,0.00885554445812504,0.023342513602433924,0.060031462423050096,0.01060387823637236,1.0
901,0.0,0.0,0.0,0.0,0.0,0.0,0.3090968921516499,0.5822799375244042,0.005533569595369119,0.18059425518498368,0.5637547540307317,0.17185252637391438,1.0
902,1.0,1.0,0.0,0.0,0.0,0.0,0.9947166959768147,0.9971936390923394,0.2779310256637682,0.3100771881502028,0.5635786939128962,0.18166831618651363,3.0
903,1.0,1.0,0.0,1.0,1.0,1.0,0.9867829177773895,0.9932413369890453,0.36308093323383733,0.47978076498432426,0.9674768864015717,0.31412716352148573,1.0
904,1.0,1.0,1.0,1.0,1.0,1.0,0.7989390818467836,0.9838915267376327,0.9835770222930291,0.9848447497540053,0.8318267847023216,0.9831892651312826,1.0
905,0.0,1.0,1.0,1.0,0.0,1.0,0.506996600808657,0.7730998734080661,0.9641734786888806,0.836946682167656,0.27651413390082225,0.7877539263261373,1.0
906,1.0,1.0,1.0,1.0,1.0,0.0,0.9957914064835756,0.9986836956591857,0.9451585655689142,0.9608067312187053,0.9334910339774543,0.571605351436319,0.0
907,1.0,1.0,1.0,1.0,1.0,1.0,0.8053670866723883,0.9607422481053713,0.9777376940612986,0.9718009055024042,0.7160406655069105,0.9338134401082235,1.0
908,1.0,1.0,1.0,0.0,0.0,0.0,0.9267162680891723,0.9122930074713476,0.9694630464351996,0.8469788826947968,0.4145946165791257,0.4217581054045382,3.0
909,1.0,1.0,0.0,0.0,1.0,0.0,0.9906092165823489,0.9969971387277422,0.328619877901007,0.357727397149368,0.6030748874724999,0.14481882457407624,2.0
910,1.0,1.0,1.0,1.0,1.0,1.0,0.9942513522561524,0.9986885409783796,0.9490029565514001,0.9562848603095062,0.9225545947637699,0.46973715766292523,0.0
911,1.0,1.0,0.0,0.0,1.0,0.0,0.1643592573750372,0.9657354246677509,0.856404801359259,0.9746611690305221,0.7567276811442663,0.8372539091867373,3.0
912,0.0,0.0,0.0,0.0,0.0,0.0,0.20794442627539733,0.4591527185806267,0.5857780074578456,0.42542012160075976,0.3834901868648159,0.1551851068708056,3.0
913,0.0,1.0,1.0,1.0,0.0,0.0,0.3693042214482276,0.7848086574417539,0.7038800340446926,0.6096138083438589,0.31258194105602055,0.14502347901950238,4.0
914,0.0,0.0,0.0,0.0,0.0,0.0,0.022548153153853466,0.02166179978253291,0.008779588212751883,0.02872323663396601,0.08862280178546501,0.01758246027325148,2.0
915,1.0,1.0,1.0,1.0,1.0,1.0,0.9543304043719798,0.9628583518815526,0.821016472118161,0.8562938190299507,0.9043756581026885,0.9027144809275993,0.0
916,1.0,1.0,1.0,1.0,1.0,1.0,0.6164967060478044,0.980022478935107,0.9772412904138773,0.9753359554184322,0.759565002980579,0.9208317803833579,2.0
917,1.0,1.0,1.0,1.0,1.0,1.0,0.63252681781332,0.9915651329687496,0.9741531083359232,0.9932636449163353,0.9833088345616192,0.8844632148472911,1.0
918,0.0,0.0,0.0,0.0,0.0,0.0,0.025505059988405198,0.03115276007549171,0.019800109904204406,0.029999929914792067,0.06062879811363883,0.022685810732989236,2.0
919,1.0,1.0,0.0,0.0,1.0,0.0,0.9642482662036369,0.9712744665655662,0.008211318168776537,0.018870688506545854,0.42548526673461584,0.012804449889142418,3.0
920,0.0,0.0,0.0,0.0,0.0,0.0,0.02162841414956163,0.021630313486240286,0.014350078820208488,0.044808750072687045,0.08755311799957625,0.01226368486726595,3.0
921,1.0,1.0,1.0,0.0,1.0,0.0,0.9911419540655771,0.9977474467414019,0.8178009855816366,0.679776579630873,0.8342142056357398,0.250622731128106,0.0
922,1.0,1.0,0.0,0.0,1.0,0.0,0.9599397759280497,0.8378211323954962,0.013322719677604485,0.02134190662690041,0.4829674771258167,0.013101583925307343,1.0
923,1.0,1.0,1.0,0.0,0.0,0.0,0.9880431623546571,0.9977354106427382,0.834221037725195,0.7774313276102975,0.8093421574568317,0.40270009526778683,1.0
924,0.0,1.0,1.0,1.0,1.0,0.0,0.9939622539786117,0.9981786270932532,0.718918546647778,0.9485738810873995,0.985328292800224,0.333592753972944,3.0
925,1.0,1.0,0.0,0.0,0.0,0.0,0.9894090248134111,0.9957936275254483,0.5086355327208422,0.4749317101255592,0.6859819942110916,0.3436169119146051,2.0
926,0.0,0.0,0.0,0.0,0.0,0.0,0.6306478038628576,0.3557997256341818,0.008949696179364076,0.019348122042680188,0.4043411129409125,0.012902042317225446,2.0
927,0.0,0.0,0.0,0.0,0.0,0.0,0.019656931680761276,0.03014516472154213,0.012827343227008651,0.03126951720248733,0.06459869627051101,0.015323129895257111,3.0
928,1.0,1.0,1.0,1.0,1.0,0.0,0.9909297373124177,0.9952559863133256,0.6222239400360261,0.6325185017337931,0.8389149259754028,0.3937393064941124,4.0
929,0.0,0.0,0.0,0.0,0.0,0.0,0.0472460917891905,0.04347068573474965,0.018515448914170927,0.044913703415143384,0.09467867000150956,0.026749735102070415,4.0
930,0.0,0.0,1.0,0.0,0.0,0.0,0.049556435690949203,0.16197489979720633,0.39166350992087273,0.21942190844723078,0.12338166209351413,0.21297296299447988,2.0
931,0.0,0.0,0.0,0.0,0.0,0.0,0.06418701799267275,0.1396821503344488,0.2585130760396791,0.2290512130681056,0.1620457385924691,0.1220582881324955,0.0
932,1.0,1.0,1.0,1.0,1.0,1.0,0.9956893092616526,0.9982392106010425,0.9037441539493308,0.9484742962356382,0.9154885109023281,0.6102517520963406,0.0
933,1.0,1.0,0.0,0.0,1.0,1.0,0.9698915212724435,0.9906530047852898,0.009609485521709718,0.05255983562614572,0.9385592060866883,0.21928081279296877,3.0
934,1.0,1.0,0.0,0.0,1.0,0.0,0.9757847096558158,0.9702974069721017,0.010083836899363229,0.02351461867380432,0.6652365850024466,0.00987036308597844,3.0
935,1.0,0.0,0.0,0.0,1.0,1.0,0.21188126387577988,0.3302635552940322,0.6137143856631487,0.44267230199693564,0.3612398802585734,0.527712861766224,3.0
936,0.0,0.0,1.0,0.0,0.0,1.0,0.3906043814557754,0.1890635744051722,0.25910104750025753,0.3805656242914563,0.4059301375125171,0.4096025522636921,2.0
937,1.0,1.0,1.0,1.0,1.0,0.0,0.9904895578380916,0.998668935305119,0.8850312296607039,0.8818258547097252,0.9422238199187413,0.26894880549422306,1.0
938,1.0,1.0,1.0,1.0,1.0,1.0,0.4887566024185534,0.9552791867038466,0.986741118619543,0.972313416967898,0.6574233304170355,0.954534515176307,1.0
939,0.0,0.0,0.0,0.0,0.0,0.0,0.02833121456977126,0.020528072558111024,0.011824873811243102,0.031486513473249295,0.06525087388457734,0.020765376826853036,1.0
940,1.0,1.0,1.0,1.0,1.0,1.0,0.9915776015527785,0.9974689736476722,0.9277105081626926,0.9393242874676566,0.896816058119431,0.5988298288425032,0.0
941,0.0,0.0,0.0,0.0,0.0,0.0,0.02198742008471139,0.01911212998493643,0.007031298891119492,0.028470543983936843,0.05724562385647257,0.019852015280926616,2.0
942,1.0,1.0,1.0,1.0,1.0,1.0,0.9915605149506009,0.9966359276058657,0.7483118525535186,0.7564630112620444,0.8999095216679408,0.5362316358736409,1.0
943,1.0,1.0,0.0,1.0,1.0,0.0,0.8864426328559528,0.7693460544645004,0.010407441807372533,0.2039911266719287,0.8287320931098737,0.7570896428840868,1.0
944,1.0,1.0,1.0,1.0,1.0,1.0,0.9861193480930471,0.9976439226529633,0.7374093617021272,0.8259567554957921,0.9749507647008425,0.21436948459372399,2.0
945,1.0,1.0,1.0,1.0,1.0,1.0,0.9895831963069824,0.9979750281961511,0.9270723693363381,0.8268396805790315,0.7099835378073525,0.47745310176718625,3.0
946,0.0,0.0,0.0,0.0,0.0,0.0,0.026315909216467148,0.02132183776135261,0.012509715387739453,0.02998631299264474,0.06068149212983207,0.015368524601480194,1.0
947,0.0,0.0,0.0,0.0,0.0,0.0,0.04693649522291326,0.034632505665662984,0.027692132149986642,0.0367401951699942,0.06626801709656537,0.022417948147605345,3.0
948,1.0,1.0,1.0,1.0,1.0,1.0,0.8488625714634495,0.9601757537982504,0.9818070722353148,0.979021752576172,0.78149411102703,0.9687844882810555,0.0
949,1.0,1.0,1.0,1.0,1.0,1.0,0.25837809967757386,0.507589433602558,0.7320935875762218,0.645229160511441,0.6274311840108295,0.6662055211704425,0.0
950,1.0,1.0,0.0,0.0,0.0,0.0,0.987761992641054,0.9895649935848978,0.26754479583053475,0.16332807554267761,0.5662560478359208,0.052608560516711915,0.0
951,0.0,0.0,0.0,0.0,0.0,0.0,0.03505984644161635,0.04734089049257482,0.009495325820446831,0.04091372517666758,0.06715918370353008,0.020764232173307737,4.0
952,1.0,1.0,0.0,0.0,0.0,0.0,0.977935640799153,0.9748904745489985,0.009470467021215248,0.01878593785201693,0.5715183254994731,0.01197404632048846,0.0
953,1.0,1.0,0.0,0.0,1.0,0.0,0.7326433246766922,0.1761902775575562,0.003929237014600896,0.03108565238879974,0.28834726990136766,0.01081388471077481,3.0
954,0.0,0.0,0.0,0.0,0.0,0.0,0.07925374569217299,0.041317736064080644,0.014479672344919658,0.04158134970272755,0.18615120118815237,0.06810561519578628,4.0
955,0.0,0.0,0.0,0.0,0.0,0.0,0.0533916377169593,0.2985558382490885,0.3836677207210107,0.14984207582104572,0.18828305833464543,0.4329864808547603,4.0
956,0.0,0.0,0.0,0.0,0.0,0.0,0.039010079941868274,0.24127160912722287,0.23866046633853302,0.10858537614897268,0.1282629736092643,0.11555761581410276,4.0
957,0.0,1.0,1.0,1.0,0.0,1.0,0.11585441273833771,0.64170866803388,0.8311422377739053,0.6242155860397878,0.29128686502690554,0.3952105456957573,4.0
958,1.0,1.0,0.0,0.0,1.0,0.0,0.9664974168237929,0.9721282579127134,0.050355610965895824,0.10102010358893673,0.716009766768835,0.13570164575327714,3.0
959,0.0,0.0,0.0,0.0,0.0,0.0,0.016787557415775842,0.034654062317264096,0.008117580303368616,0.019843525581381832,0.07403369398533645,0.011056614322363923,3.0
960,1.0,1.0,1.0,1.0,1.0,1.0,0.9868857501967425,0.9944888003859199,0.8303835956958585,0.8850248741814689,0.8127595116202084,0.3364812470091517,4.0
961,0.0,1.0,1.0,1.0,0.0,1.0,0.16326725764188896,0.4026339571308781,0.9309941980492339,0.8421220495115674,0.2704438475119526,0.5825563347437589,3.0
962,0.0,0.0,0.0,0.0,0.0,0.0,0.02154072395733854,0.024276348953179,0.010544113384899483,0.055446624376693406,0.1184692530136058,0.01776700906591039,2.0
963,1.0,1.0,1.0,1.0,1.0,1.0,0.9888090849693988,0.9931260131076601,0.8514015782718073,0.8067270648751571,0.803407897629249,0.39698110986694346,0.0
964,1.0,1.0,0.0,0.0,1.0,0.0,0.9889674317303561,0.9942282664429828,0.34982516434441874,0.3008326940704968,0.5985734587696943,0.16022338397350785,1.0
965,1.0,1.0,0.0,1.0,1.0,0.0,0.9874143929393001,0.9947308728765215,0.3197534309242628,0.5213988121908222,0.780628372345752,0.13643040807606302,2.0
966,1.0,1.0,0.0,0.0,1.0,0.0,0.9750095007430295,0.9729957193323228,0.007595563540811521,0.022788354577939332,0.5281214499472852,0.009232990996645632,2.0
967,0.0,0.0,0.0,0.0,0.0,0.0,0.024139772064720844,0.02928341560000547,0.011259816579461847,0.032365670420508565,0.07846141641449242,0.012437579901594185,3.0
968,1.0,1.0,1.0,1.0,1.0,1.0,0.9905559068148027,0.998487656254076,0.7505790817604042,0.7383253482342692,0.8119279930611008,0.30015652796068915,0.0
969,1.0,0.0,0.0,0.0,0.0,0.0,0.5557607761105315,0.5444038427482525,0.00969365449763036,0.015741642008731547,0.42478181415085897,0.013352124411328428,3.0
970,1.0,1.0,1.0,0.0,1.0,0.0,0.9839468561409339,0.9923560284038818,0.30179056987804515,0.19172913731790645,0.5745674416279615,0.05202239119855188,3.0
971,1.0,1.0,1.0,1.0,1.0,1.0,0.042825934400071985,0.6575100977145767,0.8429228375944853,0.6483136019045913,0.23331231366067262,0.5201546639809532,3.0
972,1.0,1.0,1.0,1.0,1.0,1.0,0.9911824402366051,0.998132612554334,0.9612655064866549,0.9495290539973107,0.9410835608168497,0.6765629993634857,4.0
973,1.0,1.0,1.0,1.0,1.0,0.0,0.9830800842192428,0.9990836040185112,0.9218366543339334,0.9049765869154414,0.8729752940348204,0.4230447564280285,1.0
974,0.0,0.0,0.0,0.0,0.0,0.0,0.021643981029500308,0.034438902256454455,0.011315731559491452,0.0340801035668665,0.06291475735190895,0.0143119377768726,2.0
975,0.0,0.0,0.0,0.0,0.0,0.0,0.04121108517825672,0.19330359949667666,0.03384898168501678,0.05995218827146131,0.30134688041458,0.04256423721652563,4.0
976,1.0,1.0,0.0,0.0,1.0,0.0,0.9883352915789118,0.9919710233068105,0.7799758446579088,0.4959514581425221,0.7742209899036387,0.4046235531405695,2.0
977,1.0,1.0,0.0,0.0,1.0,0.0,0.9745508736991001,0.9963391764578713,0.637950238900172,0.9097517697567843,0.9691981626955302,0.09102483336933395,3.0
978,0.0,0.0,0.0,0.0,0.0,0.0,0.02075813732264918,0.038103726532284755,0.00936173399510739,0.03082782309962887,0.07145303110397067,0.012342372556228168,2.0
979,0.0,0.0,0.0,0.0,0.0,0.0,0.03286545461499246,0.0367363603783985,0.01277873714195617,0.0596079346793367,0.19969511182770142,0.04406845178345774,2.0
980,1.0,1.0,0.0,0.0,1.0,0.0,0.971273813404339,0.972635398763811,0.00842921941138614,0.026060170680480266,0.4740415177753507,0.013043325443215924,3.0
981,1.0,1.0,0.0,1.0,1.0,0.0,0.9836416356616797,0.9804398500822847,0.5867783303559808,0.7753977934681017,0.8597021920957383,0.40845165991385546,4.0
982,1.0,1.0,1.0,1.0,1.0,1.0,0.883671873880161,0.9688815752223057,0.9826176950666214,0.9709937488518269,0.8537508028759164,0.941695844624335,1.0
983,1.0,1.0,0.0,1.0,1.0,1.0,0.923182251974066,0.9923854702334538,0.9461800532159099,0.9502692309608345,0.8529683902108404,0.8106021180850989,1.0
984,1.0,1.0,1.0,1.0,1.0,1.0,0.9964592909091022,0.9984667968626025,0.9206454404111286,0.8488134093336818,0.8211440610115167,0.7277822345320152,0.0
985,1.0,1.0,1.0,0.0,0.0,0.0,0.9901652503600762,0.9984588319704994,0.6653636709191811,0.7894825801790833,0.8650027606692362,0.28107045701836836,1.0
986,0.0,0.0,0.0,0.0,0.0,0.0,0.04391777910134093,0.02175095741001726,0.016603367678987794,0.03918293899248218,0.16416804710563748,0.03417604565612066,2.0
987,0.0,0.0,0.0,0.0,0.0,0.0,0.018604772557977656,0.026605317273000344,0.008285607101363474,0.015649000450191613,0.03030521486175402,0.015761305970557683,0.0
988,1.0,1.0,1.0,1.0,1.0,0.0,0.987332348320453,0.9980654086708094,0.5823836298906482,0.8169354734754235,0.9809568180223636,0.13727484177868451,2.0
989,1.0,1.0,0.0,0.0,1.0,1.0,0.842422171620957,0.8372754579023104,0.021595730050815946,0.2531968642454469,0.8766487798133107,0.7941405642620272,1.0
990,1.0,1.0,1.0,1.0,1.0,0.0,0.9897544288979893,0.9982477290923526,0.6842192381616614,0.818511698578838,0.9524153590739609,0.2705092008532048,2.0
991,1.0,1.0,0.0,0.0,1.0,0.0,0.9552863867962081,0.9619804135744334,0.019686462729223652,0.021571164706231733,0.4033588640901995,0.02754022894797828,3.0
992,1.0,0.0,0.0,0.0,1.0,1.0,0.890727543085721,0.8463885223715916,0.011542667840453028,0.1864467177759139,0.7777842483027575,0.4669129594577023,3.0
993,1.0,1.0,0.0,0.0,1.0,0.0,0.9756064316535026,0.9501087226360955,0.011160504221149118,0.024598629588600877,0.3502069900388884,0.01529626950001377,0.0
994,1.0,1.0,1.0,1.0,1.0,1.0,0.9926175143846213,0.9956485381018072,0.6444472575201177,0.6985108160003785,0.7777811472233753,0.2212544113734478,2.0
995,1.0,1.0,1.0,1.0,1.0,0.0,0.9955228351624261,0.9990234525013937,0.9532525226973861,0.9809792672115643,0.9764190950809684,0.6110024826061066,4.0
996,0.0,1.0,1.0,1.0,0.0,1.0,0.4121730179618565,0.7058477855131539,0.9628928112703743,0.8060484740920022,0.2910338441842847,0.7497631615457765,3.0
997,1.0,1.0,1.0,1.0,1.0,1.0,0.9927086411939129,0.9995781253999869,0.9698006700882802,0.973498126927858,0.9463301805063646,0.5844985855742423,1.0
998,1.0,1.0,1.0,1.0,0.0,1.0,0.294660683606854,0.773902204764667,0.9625130146844323,0.8340754936211705,0.3596478647313475,0.7764263712156959,0.0
999,1.0,1.0,0.0,0.0,0.0,0.0,0.9726150725123144,0.9612094381834736,0.011387354293429583,0.024001589912246636,0.556035095088484,0.013523187190208372,1.0
1000,1.0,1.0,0.0,0.0,0.0,0.0,0.9681884557978732,0.9581074382433545,0.010492582810509085,0.023943615013367277,0.6660046161690797,0.005218743090961624,0.0
1001,1.0,1.0,1.0,1.0,1.0,1.0,0.9863819459220637,0.9973296930506934,0.9373826401872545,0.9767753130208316,0.9793053383028041,0.590573133827341,1.0
1002,1.0,1.0,1.0,0.0,1.0,0.0,0.9934946475381434,0.9978355590634852,0.7369135806017536,0.4896609457395012,0.46607676553955757,0.2202579327894016,3.0
1003,1.0,1.0,1.0,1.0,1.0,1.0,0.5406633794353772,0.889116647323105,0.9129849776378776,0.6848053235294258,0.5029855734565409,0.7477582487107256,3.0
1004,1.0,1.0,1.0,1.0,1.0,0.0,0.9890584246720164,0.9990636363537849,0.9571735017732541,0.9588556203085405,0.9668384660889777,0.5092528173826449,1.0
1005,1.0,1.0,0.0,0.0,1.0,0.0,0.981038736491228,0.9848904281037902,0.14945830497500984,0.0646554862947711,0.5337239380518463,0.029873239128776128,1.0
1006,1.0,1.0,0.0,0.0,1.0,0.0,0.782895923436952,0.9726336093307365,0.008375161085313453,0.03854377578171308,0.714370132736449,0.07920662492998035,2.0
1007,1.0,1.0,1.0,0.0,1.0,1.0,0.9760159539658402,0.997948839770566,0.8094047787971459,0.688093941511938,0.6535081807237769,0.23368276255395942,1.0
1008,1.0,1.0,1.0,1.0,1.0,0.0,0.9897605400880769,0.9937715421442507,0.7818569838736352,0.46111593676765117,0.6766190643202311,0.17116304853737613,3.0
1009,1.0,1.0,1.0,1.0,1.0,0.0,0.9958912475573487,0.993181399794344,0.9077715361674692,0.8633008737738496,0.9653135702271893,0.22449365300209437,0.0
1010,1.0,1.0,0.0,0.0,0.0,0.0,0.9708533873359605,0.9557263073231339,0.014576008960093628,0.014597748245599469,0.5152848514725362,0.009355702418716236,2.0
1011,1.0,1.0,0.0,0.0,1.0,0.0,0.9722033483188756,0.9772240597990515,0.16386577103049466,0.09931309817524081,0.5693132211186472,0.0331217199652077,3.0
1012,0.0,1.0,1.0,0.0,0.0,1.0,0.1625123145974777,0.4787217622414618,0.6688905701503032,0.6012744822565467,0.2051115435369304,0.6084523234292194,4.0
1013,0.0,0.0,0.0,0.0,0.0,0.0,0.02358203160373569,0.03289865121725324,0.012777269337124355,0.037561903126111795,0.0766828644864281,0.018477203467521734,2.0
1014,1.0,1.0,1.0,1.0,1.0,1.0,0.9952174951032047,0.9988070755368951,0.9500985463291145,0.98005265237972,0.9363261631295261,0.6384054766036715,4.0
1015,1.0,1.0,0.0,0.0,1.0,1.0,0.8849458051229895,0.8762444355529831,0.019015656979835458,0.500909468325724,0.8620058876214144,0.6524023970077144,3.0
1016,1.0,1.0,1.0,1.0,1.0,1.0,0.8549112055149932,0.9797416749084512,0.9901971223558187,0.9814051335172718,0.8929502849416412,0.956343952713231,4.0
1017,1.0,1.0,1.0,1.0,1.0,0.0,0.9932362493300103,0.9990021385499481,0.9232744383297613,0.9768417975333562,0.9736868199032847,0.11867906383697253,4.0
1018,0.0,1.0,1.0,1.0,0.0,1.0,0.27935896940566973,0.7961869064817694,0.9332170206935255,0.856885418529347,0.33244585029532153,0.7468471917529551,1.0
1019,1.0,1.0,0.0,0.0,0.0,0.0,0.9940540192919344,0.9979846074130296,0.11960059377096131,0.2652190815446796,0.7921843296256594,0.06610610348661987,3.0
1020,1.0,1.0,1.0,1.0,1.0,1.0,0.976961804443765,0.9923447952902242,0.9884597011928953,0.9674273127349395,0.8973467896696747,0.8991627009609618,4.0
1021,1.0,1.0,0.0,0.0,0.0,0.0,0.9760162372930498,0.9417589669660646,0.009645226341887081,0.023641074630092396,0.4967183531806905,0.01427343170581608,4.0
1022,1.0,1.0,1.0,1.0,1.0,0.0,0.9900483857385713,0.9981128698787345,0.9171068068253322,0.9582776557958308,0.8933554592032904,0.4466705998613174,2.0
1023,1.0,1.0,0.0,0.0,1.0,0.0,0.6572909605098723,0.5051693611805405,0.007345429671220251,0.024051948195859697,0.3216523101962878,0.017853970557563124,2.0
1024,1.0,1.0,0.0,0.0,1.0,0.0,0.9722034861004006,0.9609088580376322,0.011779740786159133,0.02440625883203427,0.44329355937511805,0.0177736481229669,3.0
1025,1.0,1.0,1.0,1.0,1.0,1.0,0.9886907027721544,0.9952113246946657,0.2877475966800453,0.6301767314569854,0.7802837400603245,0.31423999332901487,4.0
1026,0.0,0.0,0.0,0.0,0.0,0.0,0.02364579450409211,0.0416436237453963,0.012053093301899322,0.029618102604132487,0.06287333000206767,0.01736533736938641,0.0
1027,1.0,1.0,0.0,0.0,1.0,0.0,0.9625332322309187,0.9646371117752618,0.018789984646855398,0.020227275398408448,0.5168772069811781,0.021688532057190197,1.0
1028,0.0,0.0,0.0,0.0,0.0,0.0,0.2744711239071833,0.2993196413008838,0.3644198821616271,0.31905351305192625,0.4572271364900467,0.5021938929171718,4.0
1029,1.0,1.0,0.0,0.0,0.0,0.0,0.9846240732372872,0.9908666161360457,0.1679478684765593,0.17286135962361313,0.6050934010739878,0.14678171144557875,2.0
1030,0.0,0.0,0.0,0.0,0.0,0.0,0.019284910849710398,0.020700659173097182,0.010234811092277326,0.030767651888358498,0.05517008921020296,0.029152127484915663,0.0
1031,0.0,1.0,1.0,1.0,0.0,1.0,0.19825048968709022,0.6350483463559384,0.9561995817546352,0.7456148220642406,0.19673858293338498,0.7860521066233309,3.0
1032,1.0,1.0,1.0,1.0,0.0,1.0,0.19333601277523074,0.7255926241711874,0.9670952428368765,0.8238984871857623,0.2033379361562501,0.8451875511319611,3.0
1033,0.0,0.0,0.0,0.0,0.0,0.0,0.03155531436407472,0.026960637042300596,0.010264527729956695,0.03209348007567176,0.06230808697520734,0.023846273625353954,0.0
1034,0.0,0.0,0.0,0.0,0.0,0.0,0.021425257663377544,0.025095758674432964,0.010806167328062732,0.035709422114785914,0.08156831859686513,0.022941146713300286,1.0
1035,1.0,1.0,1.0,1.0,1.0,0.0,0.9863850216708693,0.9962002505442745,0.6138220426229026,0.6983300498527474,0.8726894514766258,0.3550093078195057,3.0
1036,1.0,0.0,0.0,0.0,0.0,0.0,0.974579294189218,0.9335113425126259,0.0677599638547709,0.05156249097129498,0.5931342874124601,0.056754017522747745,1.0
1037,1.0,0.0,0.0,0.0,0.0,0.0,0.9814030106937324,0.9964496865915328,0.8378022051411331,0.5314027696322058,0.6556277000208809,0.23468551185329414,1.0
1038,1.0,1.0,0.0,0.0,1.0,0.0,0.9864282735956434,0.9855104545943467,0.5749936606262148,0.18656043346578235,0.4066354801967977,0.03729034574706709,4.0
1039,1.0,1.0,0.0,0.0,0.0,0.0,0.9125844357463004,0.9489291090999545,0.019547489714119976,0.06880658061611014,0.5994429465809921,0.08910863144303707,3.0
1040,1.0,1.0,1.0,1.0,1.0,0.0,0.9880029279534398,0.9971266348797324,0.44622000854068833,0.7390499633992317,0.8865098902231663,0.20198451297754452,0.0
1041,0.0,0.0,0.0,0.0,0.0,0.0,0.016993225564344377,0.01876456582443497,0.008008454262621839,0.01965839083566598,0.059035597019676804,0.01747224420407448,2.0
1042,1.0,1.0,1.0,1.0,0.0,0.0,0.9933098399428779,0.9986300009075074,0.9128635664193164,0.8732308139348856,0.8601271024767869,0.4737849610420357,3.0
1043,0.0,0.0,0.0,0.0,0.0,0.0,0.02102213233261375,0.026795659061135027,0.008214260229046425,0.031980540719443576,0.06813421685238596,0.014940823925650945,2.0
1044,1.0,1.0,1.0,1.0,1.0,0.0,0.9883340050832236,0.9965004584456875,0.8528252937064124,0.7777276025255189,0.7526165566622018,0.3082321376224883,4.0
1045,0.0,0.0,0.0,0.0,0.0,0.0,0.022745907817586054,0.015661948592774932,0.013256650675502113,0.034927840796079974,0.05384729141802912,0.022127921200815612,4.0
1046,1.0,1.0,1.0,0.0,0.0,0.0,0.9858077400507861,0.9934149834614715,0.7184223794742859,0.3936795064814025,0.6847064710483747,0.17007619001406932,2.0
1047,1.0,1.0,0.0,0.0,1.0,0.0,0.9926483753626341,0.9937599715181342,0.022113831710563362,0.1997143110498752,0.9629119026391085,0.358529665300553,0.0
1048,1.0,1.0,0.0,0.0,0.0,0.0,0.9899978324073877,0.9974910421885426,0.7390222092041135,0.46144061914363166,0.34510458426690876,0.29210034629058657,3.0
1049,0.0,1.0,1.0,1.0,0.0,1.0,0.8723141152214338,0.845889759102299,0.7195536359564448,0.2986971090992334,0.43433984531864434,0.5661255090113374,0.0
1050,1.0,1.0,1.0,1.0,1.0,0.0,0.5498302594759849,0.9549913404596477,0.8385856452672694,0.9263527656662288,0.80083641015767,0.49795929051948923,0.0
1051,0.0,0.0,0.0,0.0,0.0,0.0,0.029153499916342463,0.025468503342334744,0.012347136135128617,0.0325065220832539,0.07518778479822683,0.024784111173443743,4.0
1052,1.0,1.0,1.0,0.0,0.0,1.0,0.9928255980670633,0.9981708613440583,0.9395655260511102,0.8034702613725813,0.8127268220759777,0.466522882619664,1.0
1053,1.0,1.0,1.0,1.0,1.0,0.0,0.9813712539760696,0.9982781884425552,0.8735065190485954,0.8521891347917899,0.8962339327202492,0.3185024157050438,1.0
1054,0.0,0.0,0.0,0.0,0.0,0.0,0.01741226331867074,0.008617631110499574,0.009372196243311277,0.04088369270186304,0.05490326046985469,0.012085319305723752,0.0
1055,0.0,0.0,0.0,0.0,0.0,0.0,0.028014910261749317,0.02915116362519423,0.008736460896791021,0.039034517434258176,0.14076198999287656,0.03443604861692753,2.0
1056,0.0,0.0,0.0,0.0,0.0,0.0,0.6158783122043077,0.32257401746172104,0.01253381847735637,0.020092512125365124,0.46011446961704194,0.017045842983046885,4.0
1057,0.0,0.0,0.0,0.0,0.0,0.0,0.01355628033480369,0.01330635833406841,0.007948100091373764,0.03113805315820392,0.034034875465518616,0.018880086190401046,0.0
1058,1.0,1.0,1.0,1.0,1.0,1.0,0.8056419855930849,0.9495798666402978,0.9782132925377571,0.9657300138308398,0.7880818763181681,0.945907772768481,2.0
1059,1.0,1.0,1.0,1.0,1.0,1.0,0.988160157070172,0.9915835696256662,0.6516017953154003,0.36549155178332404,0.6689029761935009,0.37265837213304426,4.0
1060,1.0,1.0,0.0,0.0,1.0,0.0,0.9827652946337816,0.9924143418650297,0.006519630780591216,0.025958256009233394,0.9315952623875439,0.2812545862495741,4.0
1061,1.0,1.0,1.0,1.0,1.0,0.0,0.9861967458647957,0.9875571240703515,0.8249915515769269,0.42954952748478636,0.7540654267023473,0.2826469880842997,2.0
1062,1.0,1.0,0.0,0.0,1.0,0.0,0.9769195461806284,0.9942992232399741,0.20616964599954288,0.26003157587038883,0.8958388304656195,0.028308713378475906,3.0
1063,0.0,0.0,0.0,0.0,0.0,0.0,0.02496367649449431,0.03149032045279664,0.008647279104612984,0.025780902245037002,0.060925344410044255,0.014939500435197524,2.0
1064,1.0,1.0,0.0,0.0,0.0,0.0,0.9652085250004494,0.9222164299565154,0.009011072531314552,0.01902011587660604,0.42951556226146553,0.010028290271862337,4.0
1065,0.0,1.0,1.0,1.0,1.0,0.0,0.019086673249227495,0.8646361306351129,0.703720245085786,0.8150773441346107,0.7991893277647031,0.021260509350446523,3.0
1066,1.0,1.0,0.0,0.0,1.0,0.0,0.988898220081511,0.9915342763527469,0.18506418195106325,0.09244062102726003,0.5691306004586273,0.045304481394058765,3.0
1067,1.0,1.0,0.0,0.0,1.0,0.0,0.968154569134336,0.9685818600151112,0.007621443941036827,0.018415844150193095,0.45606488221248914,0.010876581772665025,3.0
1068,0.0,0.0,0.0,0.0,0.0,0.0,0.020431438723374554,0.03341561728521652,0.0206681536729525,0.07911527327725527,0.1251914689078014,0.011923147994839794,3.0
1069,1.0,1.0,0.0,1.0,1.0,0.0,0.9946654126753415,0.9976224339762746,0.4670627625676631,0.4426713337390011,0.9429470969938458,0.16530079527219987,3.0
1070,1.0,1.0,0.0,1.0,1.0,0.0,0.996103930511569,0.9987824661406073,0.8290586153165679,0.6131560420449265,0.7526857217896851,0.3903130757223515,3.0
1071,0.0,0.0,0.0,0.0,0.0,0.0,0.022829749327007886,0.040560197823688485,0.012321343494753605,0.033806245907338044,0.06993997424184302,0.02076053604836649,4.0
1072,0.0,0.0,0.0,0.0,0.0,0.0,0.037757638518771355,0.015205946601935014,0.013772891329866808,0.031176956844245072,0.12035564128780746,0.009772628244471516,3.0
1073,1.0,1.0,1.0,1.0,1.0,1.0,0.9888540148995644,0.9989886572076065,0.9518637535574195,0.9438265155320459,0.9160349575922256,0.7134917591949855,1.0
1074,1.0,1.0,1.0,1.0,1.0,1.0,0.9941661274128877,0.9982632699165734,0.921773531812675,0.9760652262048066,0.9567221902058576,0.7889312535167655,0.0
1075,0.0,0.0,0.0,0.0,0.0,0.0,0.015426806811303049,0.035787842727151305,0.019933463361093424,0.08275698474100361,0.09254185239632003,0.04991129888151919,2.0
1076,0.0,0.0,0.0,0.0,0.0,0.0,0.022147994664097895,0.03138064241406765,0.013436998638228247,0.04572210144141293,0.08673335834706766,0.021772031003645415,4.0
1077,0.0,0.0,0.0,0.0,0.0,0.0,0.15133765358473672,0.24962013232776606,0.12463607191008103,0.16691180319766982,0.12980964133166484,0.30425182270043283,3.0
1078,0.0,0.0,0.0,0.0,0.0,0.0,0.048011672531879816,0.12479739560731817,0.15155443704720467,0.08743027388913323,0.12187253865709131,0.13554493215036903,0.0
1079,1.0,1.0,0.0,0.0,1.0,0.0,0.9741990226134419,0.998156861720539,0.8072885096895661,0.869493802242836,0.9705773833317946,0.11279598076520128,1.0
1080,0.0,0.0,0.0,0.0,0.0,0.0,0.04482500273759876,0.057000069610049636,0.04494713280296818,0.09560484376241586,0.15594552239884485,0.03956241952815011,3.0
1081,1.0,1.0,0.0,0.0,1.0,0.0,0.9912803941081536,0.9948946661978315,0.5252471781359197,0.5993834404487426,0.7777444023873767,0.12325781863073909,3.0
1082,1.0,1.0,1.0,1.0,1.0,1.0,0.9932895480425984,0.9984849432875095,0.9636742043751392,0.9728232867124486,0.9606434807759106,0.8802235592226683,4.0
1083,1.0,1.0,1.0,1.0,1.0,1.0,0.9904876369196901,0.9938591590388712,0.8792627665442398,0.9192232560457387,0.9776470099382648,0.5409441309284979,0.0
1084,1.0,1.0,1.0,1.0,1.0,1.0,0.985183724108406,0.9931468889264491,0.9460802423978251,0.91257875502764,0.9703105025475957,0.7491028089549543,0.0
1085,0.0,0.0,0.0,0.0,0.0,0.0,0.09642302352809587,0.11390175723042627,0.04950828300625842,0.11849491871400815,0.19392610577631283,0.12726788425147753,0.0
1086,1.0,1.0,1.0,1.0,0.0,1.0,0.9793234870184694,0.9913858724370218,0.958954629044076,0.8995276649433914,0.9040704101041274,0.6578146412200588,4.0
1087,1.0,1.0,1.0,1.0,1.0,1.0,0.9970864696845059,0.9989932121679754,0.9578616046325753,0.9585150561042243,0.9303474325249338,0.44085147173633155,2.0
1088,0.0,0.0,0.0,0.0,0.0,0.0,0.022292035370078137,0.023106946642927007,0.009880870039220314,0.030314369129851023,0.07902747255352012,0.023172055644626446,2.0
1089,1.0,1.0,0.0,0.0,1.0,0.0,0.9734898313237682,0.9873640994317483,0.06732590967362662,0.07011034719865217,0.8104952578474917,0.025442490774115957,1.0
1090,1.0,1.0,0.0,1.0,1.0,0.0,0.886799604257031,0.8324283202447322,0.034040792906319485,0.6623244037796326,0.8937902110127913,0.767560574118516,0.0
1091,1.0,1.0,1.0,1.0,1.0,0.0,0.9912660327868984,0.9991037742986137,0.637146500517435,0.9195541146377473,0.9835517889406568,0.12067244213695341,1.0
1092,0.0,1.0,1.0,1.0,0.0,1.0,0.3177603934322007,0.6849052615988217,0.9696551973289024,0.8976074304575198,0.40985363481045,0.8564562893318826,3.0
1093,0.0,0.0,1.0,1.0,0.0,1.0,0.1111672691631535,0.7352313724532741,0.9222747295355566,0.6742207877961588,0.125748562880764,0.5686859462922259,2.0
1094,1.0,1.0,0.0,0.0,0.0,0.0,0.9637865974730196,0.9271210499668824,0.013679608928610015,0.030091131917955375,0.5359077570396505,0.015860546027608127,2.0
1095,1.0,1.0,1.0,1.0,1.0,0.0,0.9892812561728924,0.9966089512516526,0.842767404310272,0.78352390520949,0.779825997250111,0.31707816401584743,4.0
1096,0.0,1.0,1.0,1.0,0.0,0.0,0.06349079698660835,0.529676806557272,0.689624977520077,0.22694837881587362,0.0958150238865062,0.2045312570672724,2.0
1097,1.0,1.0,1.0,0.0,0.0,0.0,0.9898312534501882,0.9942014647283822,0.7855744409511911,0.42442721335207567,0.6768359735730906,0.19954102076298927,3.0
1098,1.0,1.0,0.0,0.0,0.0,0.0,0.9941564933090294,0.9991020782617991,0.9451726513988357,0.8887952380124393,0.8576787506835967,0.49570325653763103,3.0
1099,1.0,1.0,1.0,1.0,1.0,0.0,0.9955756124875406,0.9994072833899491,0.9573323715013576,0.978571786475857,0.9535058200509161,0.5033397563662277,3.0
1100,1.0,1.0,1.0,1.0,1.0,1.0,0.8275066687595255,0.974182888205181,0.969000140307031,0.9845999972989529,0.847419964020031,0.9151559719906305,2.0
1101,1.0,1.0,1.0,1.0,1.0,1.0,0.709889252657979,0.9470708635225372,0.9766442565159428,0.9784981289623905,0.8288177342623009,0.9422199983176894,1.0
1102,1.0,1.0,1.0,1.0,1.0,0.0,0.0328873709623752,0.7278464878364957,0.6047483899345026,0.8538248521853165,0.6872324267475733,0.04279220488914657,2.0
1103,0.0,0.0,1.0,0.0,0.0,1.0,0.1868974263106095,0.7190574637144691,0.7600778623588799,0.7160621291631555,0.36729443234903575,0.2708501062459077,0.0
1104,1.0,1.0,1.0,0.0,1.0,0.0,0.8809364011794968,0.9277772916175321,0.6586605761168515,0.3508391854956547,0.5249022244095527,0.0793439470064995,4.0
1105,0.0,0.0,0.0,1.0,0.0,0.0,0.22320955671282477,0.22189048875131034,0.2478406115423147,0.25489522296653716,0.14846561491426657,0.23690724689517345,1.0
1106,0.0,0.0,0.0,0.0,0.0,0.0,0.046437523765748404,0.20856977233579777,0.21377188139730474,0.20239021275643876,0.20978262798450537,0.26786872457536665,3.0
1107,1.0,1.0,0.0,0.0,1.0,0.0,0.977144979388154,0.9837262120457001,0.05329710986335401,0.10875653499154123,0.6754422277414679,0.07878807884684734,1.0
1108,0.0,0.0,0.0,0.0,0.0,0.0,0.025520425757289997,0.020565433918160434,0.012379440781591186,0.02707602500468426,0.07630994970405175,0.014415444106709778,1.0
1109,1.0,1.0,1.0,1.0,1.0,1.0,0.2729682977058893,0.9609403373441731,0.9655424451108446,0.8743276727432726,0.9245415712447552,0.6630692680623961,4.0
1110,1.0,1.0,1.0,1.0,0.0,1.0,0.9918029477878192,0.9979383059538012,0.9489750180379335,0.9310562391156395,0.8369232825273197,0.7915334686119392,2.0
1111,1.0,1.0,1.0,1.0,1.0,1.0,0.7787258337954094,0.9476922330636005,0.9834122090742077,0.9854627165075407,0.8406040102210225,0.9763922069507597,2.0
1112,1.0,0.0,0.0,0.0,0.0,0.0,0.8684527764337643,0.4196989739813848,0.03396669741924827,0.09804068445765499,0.8198842667885868,0.027637616590886684,0.0
1113,1.0,1.0,1.0,1.0,1.0,0.0,0.9848477886948827,0.9930075778266627,0.7129382147835429,0.43777724265867024,0.7317432852235268,0.20565697035932748,2.0
1114,1.0,1.0,1.0,1.0,1.0,1.0,0.9904211610813908,0.9984428514856751,0.9014269453371172,0.9047829393037905,0.8730670015931705,0.35329759064987437,2.0
1115,0.0,0.0,1.0,0.0,0.0,0.0,0.09601135044197048,0.5227630517388743,0.736431614760806,0.6959286619857986,0.1448887809719601,0.5284137383943286,3.0
1116,1.0,1.0,0.0,0.0,1.0,0.0,0.9768304830491253,0.9623389780323635,0.024717557545945495,0.024123915768800644,0.5485230021873316,0.012129614668782644,1.0
1117,1.0,1.0,0.0,0.0,1.0,0.0,0.975398738634772,0.9917192639331953,0.005639595560033817,0.020772587653740595,0.8270973675194945,0.0031445782605768412,2.0
1118,0.0,0.0,0.0,0.0,0.0,0.0,0.025946275750892166,0.01927664333449148,0.01151675633427575,0.02725073143329379,0.05647285249220832,0.015103700218610017,1.0
1119,1.0,1.0,0.0,0.0,0.0,0.0,0.9802868010586283,0.9650858117607389,0.01134343981156154,0.015957482943351847,0.5523777487966057,0.01786213341722561,3.0
1120,0.0,0.0,0.0,0.0,0.0,0.0,0.02059427384483654,0.03014118194965584,0.008150824610183625,0.03110204208905769,0.07838347885635762,0.01478591250327041,2.0
1121,0.0,0.0,0.0,0.0,0.0,0.0,0.02443605735548777,0.03151397671385062,0.0159487104533094,0.03083366873897836,0.07285325423330101,0.02017016278012071,0.0
1122,0.0,0.0,0.0,0.0,0.0,0.0,0.02113259378197702,0.02931542465653742,0.015972873805765554,0.03138509035225081,0.04918868254620605,0.020569319488153992,4.0
1123,0.0,0.0,0.0,0.0,0.0,0.0,0.027483516963875205,0.026757670875711626,0.009680475617167162,0.047079503383688374,0.057506426370540174,0.02289872681912666,4.0
1124,1.0,1.0,1.0,1.0,1.0,1.0,0.9869417642219233,0.9956659640658015,0.482632432656748,0.2662054636560627,0.7263527691107154,0.10150875075825735,0.0
1125,0.0,0.0,1.0,0.0,0.0,0.0,0.0459875965538488,0.08056373777049047,0.4455377784567565,0.16243378748061107,0.13387969225256188,0.07364733971716803,1.0
1126,0.0,1.0,1.0,1.0,1.0,1.0,0.6089063653516754,0.9873244874976136,0.9576339015702191,0.904419201483175,0.9015756993578037,0.8688118451201168,4.0
1127,1.0,1.0,0.0,1.0,1.0,0.0,0.9354095988978414,0.9068715094411673,0.2740126590964809,0.6647135283554731,0.8507362899963439,0.742496111094479,3.0
1128,1.0,1.0,1.0,0.0,1.0,0.0,0.9872032945520607,0.9974347326259038,0.8302301114742598,0.5287792143336171,0.669110951534002,0.45953446394621245,3.0
1129,1.0,1.0,0.0,1.0,1.0,0.0,0.9845436461271907,0.9832435672594729,0.6190881009974727,0.7865399972956943,0.9015836765372103,0.07099594303959529,4.0
1130,1.0,1.0,1.0,1.0,1.0,1.0,0.7813294109596892,0.9887934083694986,0.978876361339219,0.9809896880799255,0.969020560671068,0.9082519146356967,4.0
1131,0.0,1.0,0.0,1.0,1.0,0.0,0.03434934354777719,0.06818733344568338,0.07583280644276462,0.13312399720633458,0.11442953720463174,0.07722438403485794,0.0
1132,1.0,1.0,1.0,1.0,1.0,0.0,0.9875073669465106,0.9978284261572853,0.9112311323683457,0.9432738123924403,0.9648766711312919,0.23888746582983064,0.0
1133,0.0,0.0,0.0,0.0,0.0,0.0,0.03603839033142718,0.0260954756746554,0.030047702747240862,0.057131939855070424,0.09546839421459248,0.04698618396009924,2.0
1134,1.0,1.0,1.0,0.0,0.0,0.0,0.7260312235814909,0.7662981520387663,0.2182081828627166,0.20002716393969755,0.4727431696298711,0.4400002547289308,0.0
1135,0.0,0.0,0.0,0.0,0.0,0.0,0.017326080006930956,0.01038759764291159,0.008337911977027561,0.030670631147723067,0.04366622255770504,0.015888346134431092,4.0
1136,1.0,1.0,0.0,0.0,1.0,0.0,0.9662088130851025,0.9862246673785963,0.00531041553889985,0.017317524921511927,0.8596056564635343,0.008428683902458819,4.0
1137,0.0,0.0,0.0,0.0,0.0,0.0,0.022031366286576655,0.03253955368913372,0.01101701758946868,0.032220819002321884,0.07592022726416138,0.01326893733540143,3.0
1138,1.0,1.0,1.0,1.0,1.0,1.0,0.878803241556085,0.9642688759780109,0.8394704092110801,0.7024980106397701,0.7161999384471422,0.3038939868709217,0.0
1139,1.0,1.0,1.0,1.0,1.0,1.0,0.9902445658770886,0.997188186488781,0.8002743106122334,0.8027136380668063,0.7630482065011226,0.4400112518467491,3.0
1140,1.0,0.0,0.0,0.0,0.0,0.0,0.07449664690162158,0.055529995494799936,0.02638245273019339,0.0637312268257176,0.1018404321780894,0.033535246221012095,2.0
1141,0.0,0.0,0.0,0.0,0.0,0.0,0.02326610148109997,0.038431186011982525,0.010130735925249344,0.03448460616365342,0.11068052072315261,0.012954197706363678,3.0
1142,1.0,1.0,1.0,0.0,1.0,0.0,0.9775785806240164,0.9877504130887209,0.5874147404364863,0.3236125900256076,0.7161201820480667,0.22058409377131455,2.0
1143,0.0,0.0,0.0,0.0,0.0,0.0,0.01962033467514387,0.010473369580648232,0.007524899087249124,0.029113249487631464,0.052811007600196865,0.01539291858186525,4.0
1144,1.0,1.0,1.0,1.0,1.0,0.0,0.9938340558410067,0.9993161632096753,0.9519658503200145,0.9835885536318855,0.9879398112910007,0.386445890739402,1.0
1145,1.0,1.0,1.0,1.0,1.0,1.0,0.9900202545412232,0.9985296444319958,0.9592914554068372,0.9666830295551401,0.9264860681083298,0.6642193726740787,2.0
1146,1.0,1.0,0.0,0.0,0.0,0.0,0.9726302845165818,0.9472776023979658,0.010764349965843871,0.027783248152117777,0.5505505768863916,0.0090821740985455,2.0
1147,1.0,0.0,0.0,0.0,0.0,0.0,0.7302267066934761,0.3380368609712397,0.013232657166484887,0.026136229643448555,0.3987467503081707,0.030429934769687493,4.0
1148,1.0,1.0,1.0,1.0,1.0,0.0,0.9935007887965646,0.9993588558325947,0.9806045621807318,0.9734309939153339,0.9537613796716309,0.7884514715209602,3.0
1149,1.0,1.0,0.0,1.0,1.0,0.0,0.9905812718961408,0.9972081668304674,0.6980299287047468,0.8679078120334677,0.9695045599680837,0.16216166493630424,3.0
1150,1.0,0.0,0.0,0.0,0.0,0.0,0.6214018338464606,0.5839863192216247,0.010362574764626813,0.025174893116591848,0.37898317059832737,0.013180128924921762,3.0
1151,1.0,1.0,1.0,1.0,1.0,0.0,0.9921078239304637,0.9980462228093403,0.8989034401800707,0.7008109792780205,0.790698741236705,0.3574769680861676,2.0
1152,0.0,0.0,0.0,0.0,0.0,0.0,0.0216986512459044,0.014282365757713956,0.011415690822867475,0.04150944435945063,0.053798417348559904,0.024800658917796314,4.0
1153,1.0,1.0,1.0,1.0,1.0,1.0,0.9889743178530715,0.9980727729239502,0.8671565298717496,0.9130158740728679,0.898468653592416,0.8213490039405653,4.0
1154,0.0,0.0,0.0,0.0,0.0,0.0,0.03125482000156014,0.02226296010836165,0.03582055059898546,0.05630180227602832,0.05488560756460861,0.03869545745245518,4.0
1155,1.0,1.0,1.0,1.0,1.0,1.0,0.9839363579619456,0.9962985555971227,0.9643580495243005,0.9879707928722918,0.9841486919931065,0.7359514184015863,0.0
1156,1.0,1.0,1.0,1.0,1.0,1.0,0.3443879953116829,0.9480425495936896,0.9780878307574268,0.9069898545376798,0.7470461488677956,0.8693302896754631,1.0
1157,1.0,1.0,1.0,1.0,1.0,1.0,0.9901089161190515,0.9994386662251443,0.9043251999579889,0.9576332277158184,0.848774522857438,0.6357432296139552,1.0
1158,0.0,0.0,0.0,0.0,0.0,0.0,0.020572658262889235,0.0227168934811578,0.009731734533151973,0.02845855529173655,0.06390821330130213,0.02056829089836354,4.0
1159,1.0,1.0,1.0,1.0,1.0,0.0,0.8585249844022693,0.9554420585882557,0.2990702273440551,0.19267549873340062,0.9047189273958067,0.08130983566561692,2.0
1160,0.0,1.0,0.0,0.0,1.0,0.0,0.13053655452531387,0.5675544326547032,0.3492298958339262,0.30170933411429407,0.7572302743346501,0.08690081359296238,2.0
1161,0.0,0.0,0.0,0.0,0.0,0.0,0.043233162419012754,0.027083737894071317,0.012051970092500955,0.036469051596058774,0.10064716848235182,0.012611658718419124,1.0
1162,0.0,0.0,1.0,0.0,0.0,0.0,0.5863386993643527,0.9257771022239744,0.9814823095110229,0.9831245210534104,0.8305282237807222,0.8912157053015166,4.0
1163,0.0,1.0,1.0,1.0,0.0,1.0,0.42190747807814394,0.9727310060590758,0.9803606342307843,0.9730603884599492,0.6833877339369142,0.9719702678859272,3.0
1164,1.0,1.0,1.0,1.0,0.0,0.0,0.13227983015397987,0.7452927898820086,0.691353519940392,0.5103786975938467,0.6237328155471176,0.2939255786661377,0.0
1165,0.0,0.0,0.0,0.0,0.0,0.0,0.028622406133455437,0.02683244202346729,0.011947472710535924,0.031355367699666854,0.056693741531371,0.018615978907553454,1.0
1166,0.0,0.0,0.0,0.0,0.0,0.0,0.037004009071960955,0.22846270663031923,0.3763546441281901,0.19497859948626525,0.14886251815379672,0.1910863206033208,3.0
1167,0.0,0.0,0.0,0.0,0.0,0.0,0.021883099983308923,0.018175252284061586,0.010499556015138719,0.026612799537052152,0.07674291032023578,0.013536795870298978,3.0
1168,0.0,0.0,0.0,0.0,0.0,0.0,0.16502220720183106,0.1389011812502527,0.34650705385581204,0.20220941504813347,0.25031080745070056,0.15001249361889232,1.0
1169,0.0,0.0,0.0,0.0,0.0,0.0,0.264606671923384,0.3341581279717536,0.57808155364076,0.3896918746786739,0.3654810343618862,0.4134221909456183,0.0
1170,0.0,0.0,0.0,0.0,0.0,0.0,0.05211668213568341,0.0656590884250002,0.01430359341238838,0.0413538035117858,0.11428686303585013,0.022414708998743666,3.0
1171,1.0,1.0,1.0,1.0,1.0,1.0,0.9890082808172662,0.9982009016692611,0.9498619062065983,0.9615711130573821,0.889097734190042,0.7097268278481133,4.0
1172,1.0,1.0,1.0,1.0,1.0,1.0,0.9924760096907832,0.9989397576758167,0.9334253936084651,0.9628643611626986,0.9282902980991184,0.8810846708462549,2.0
1173,0.0,0.0,0.0,0.0,0.0,0.0,0.029117598833141495,0.022883350911163548,0.010701029863110785,0.025921333400498535,0.050731873068183664,0.02156257959336646,1.0
1174,1.0,1.0,0.0,0.0,0.0,0.0,0.862669356827754,0.5695780353678571,0.02614364628897405,0.047009735483414666,0.592579659728245,0.03214405777759933,2.0
1175,1.0,1.0,1.0,0.0,1.0,0.0,0.9893964677203853,0.9975778714730317,0.7985417998273524,0.7382428795414014,0.753312302231665,0.26602528414115645,1.0
1176,1.0,1.0,1.0,1.0,1.0,1.0,0.3977344228602619,0.8183198030040428,0.9499011465231905,0.8790448593464999,0.3276981787465315,0.8889316871466708,2.0
1177,0.0,1.0,1.0,1.0,1.0,1.0,0.12044002552114026,0.8815404543484928,0.7755269098077019,0.9277472125793905,0.8008158790894535,0.6209590750801935,2.0
1178,1.0,1.0,1.0,1.0,1.0,1.0,0.9906822291848905,0.9962227091692297,0.9270622989034507,0.8778383786475046,0.9041234367744114,0.7926866868612418,0.0
1179,1.0,1.0,1.0,1.0,1.0,0.0,0.9965313511371995,0.9985156501674202,0.9302834043644131,0.954165529443975,0.8519984071189973,0.31594372528890974,1.0
1180,1.0,1.0,1.0,1.0,1.0,1.0,0.48231616288073753,0.7406805383907727,0.9399723663415449,0.8699071688832243,0.5389177739502319,0.8368479933860562,4.0
1181,1.0,1.0,1.0,1.0,1.0,0.0,0.9885287687512625,0.9885939457990088,0.9269216596750532,0.9197344991448045,0.9443251085754444,0.29333387838092717,0.0
1182,1.0,1.0,1.0,1.0,0.0,1.0,0.3951223567221967,0.7937750069779618,0.952701660096884,0.7811521394202392,0.38969231421942746,0.8039636777055259,0.0
1183,1.0,1.0,1.0,1.0,0.0,1.0,0.7105572770834098,0.9800100067968305,0.9478154909171468,0.9824750539178417,0.8725864583834219,0.8803140164854061,4.0
1184,1.0,1.0,1.0,1.0,1.0,0.0,0.989962461445275,0.9967699067387282,0.8586299847344674,0.8122878815616739,0.8956640414515666,0.33790284674147963,4.0
1185,1.0,1.0,0.0,1.0,1.0,0.0,0.9821582065312888,0.998530494660991,0.6819023956462176,0.9074751238373524,0.9523226085289164,0.09664507864704647,2.0
1186,0.0,0.0,0.0,0.0,1.0,0.0,0.031065198110093627,0.02349355756845759,0.01100067013048344,0.03104316464351468,0.04909122873282426,0.018311237214604564,4.0
1187,1.0,1.0,1.0,1.0,1.0,0.0,0.9914659234052067,0.9975490453990761,0.9577326263583472,0.9624823686905272,0.9536611406187815,0.49761904547981856,0.0
1188,0.0,0.0,0.0,0.0,0.0,0.0,0.045071037438599575,0.03432949837844094,0.014551853269633326,0.032993878864648406,0.13451247136049485,0.041991521170877656,0.0
1189,1.0,1.0,1.0,1.0,1.0,1.0,0.9855627204787748,0.996788783086842,0.9360481588222048,0.9378693481362401,0.9399580889685402,0.8052967155293977,0.0
1190,0.0,0.0,0.0,0.0,0.0,0.0,0.023481364670079604,0.0399016777832426,0.010586702824026753,0.028982077933648438,0.05758404065945247,0.01806834499400714,0.0
1191,1.0,1.0,1.0,1.0,1.0,0.0,0.9960115176024238,0.9962087118447638,0.9080117601771996,0.8607432732965478,0.8773954265442614,0.34425274610702833,0.0
1192,0.0,0.0,0.0,0.0,0.0,0.0,0.012899423925110344,0.014988317441686952,0.014425434255635479,0.022428506439725826,0.053259846606940164,0.012438806454631251,1.0
1193,0.0,0.0,0.0,0.0,0.0,0.0,0.02030851021993367,0.022319832399231774,0.011327740561563875,0.034540037139445944,0.07882253783910238,0.023894845580997064,2.0
1194,1.0,1.0,0.0,1.0,0.0,1.0,0.9891452984251511,0.998090810688402,0.9019194419851556,0.8714330188849688,0.785542040306979,0.5489901637764264,4.0
1195,1.0,1.0,1.0,1.0,1.0,1.0,0.7938970924912316,0.9693000027470741,0.8318609427965035,0.482405470299601,0.5971979724591063,0.4141236590215406,3.0
1196,0.0,0.0,0.0,0.0,0.0,0.0,0.70813166827102,0.7606175114094602,0.12267436625631252,0.08726348138360845,0.3574401485668676,0.061995718378733466,1.0
1197,1.0,1.0,0.0,0.0,1.0,0.0,0.7390873621828126,0.7773236086065543,0.24149588561575802,0.20030059710737572,0.5203182811566486,0.13670169970250703,1.0
1198,0.0,1.0,1.0,1.0,0.0,1.0,0.26260053568716807,0.9190905179863131,0.9451211721901461,0.9337030685117826,0.48245463439321445,0.8711327261710545,2.0
1199,0.0,0.0,0.0,0.0,0.0,0.0,0.021634470896082586,0.018720036441685017,0.010608041801789406,0.028437347484718347,0.07664770324565068,0.015802645521736082,3.0
1200,1.0,1.0,1.0,1.0,1.0,0.0,0.98799376318608,0.9961454216163922,0.8610812820385192,0.8640987858982819,0.8904585349600079,0.36802626856538084,0.0
1201,1.0,1.0,0.0,0.0,0.0,0.0,0.9730456481026803,0.9769000039774715,0.0063257383180445855,0.023391089533887986,0.6081786682909028,0.01838570962477369,0.0
1202,1.0,1.0,1.0,1.0,1.0,1.0,0.8282622453940071,0.8865450843939461,0.281485621091035,0.10616457056295553,0.570260353000494,0.1173736294158175,1.0
1203,0.0,0.0,0.0,0.0,0.0,0.0,0.02572905351493975,0.03129739846463765,0.011154634842281791,0.03081319530387517,0.06238317436431871,0.013150258480305033,1.0
1204,0.0,1.0,0.0,0.0,0.0,0.0,0.830178644003372,0.79736641349026,0.32382492507148264,0.20322144990207094,0.5942949614355724,0.0552125264212219,0.0
1205,1.0,1.0,1.0,1.0,1.0,0.0,0.987526500467719,0.9943396271203714,0.7287071468009839,0.5110341784657391,0.7942053335649758,0.08834751850613053,3.0
1206,1.0,1.0,0.0,0.0,1.0,0.0,0.9911502402544357,0.9909285080430484,0.48378772239117424,0.3314333372244958,0.5788209378252654,0.15184740092673674,1.0
1207,1.0,1.0,0.0,0.0,1.0,0.0,0.9789047894531026,0.9678564958272408,0.013923735156623653,0.03490833938923186,0.6766653980785269,0.021284575871829553,4.0
1208,0.0,1.0,1.0,1.0,1.0,1.0,0.7733522187253348,0.9559135491490067,0.9436839719503868,0.9366157307763776,0.7309139729572285,0.7662066437907258,0.0
1209,0.0,0.0,0.0,0.0,0.0,0.0,0.017299029226672518,0.02160484159035703,0.004576842116715228,0.019227113419934053,0.04150852115728174,0.014789692732707806,1.0
1210,1.0,1.0,1.0,1.0,1.0,0.0,0.9958325822731519,0.9987371395969092,0.9516786372521591,0.9664483452164655,0.98190838378456,0.34070973865558407,0.0
1211,1.0,1.0,0.0,0.0,0.0,0.0,0.9546657995797843,0.9558645117413795,0.004331255269004529,0.019809074403519554,0.47124459450641787,0.010398276728055563,2.0
1212,0.0,0.0,0.0,0.0,0.0,0.0,0.021490753286858615,0.023693122841898596,0.011432449222541935,0.03252408094762838,0.0682764472340183,0.012864713635031447,3.0
1213,1.0,1.0,0.0,1.0,1.0,0.0,0.9914744017268466,0.9982560359852622,0.8485220024127308,0.9183474887256841,0.8736950888095508,0.28415736511721995,3.0
1214,0.0,0.0,0.0,0.0,0.0,0.0,0.029063372316900662,0.032594550517745194,0.011141467788052162,0.02801868763093746,0.06890135016676212,0.01680113485528327,1.0
1215,0.0,0.0,0.0,0.0,0.0,0.0,0.027164751733920335,0.039715235799696255,0.014181736473083465,0.0374504812753383,0.05168177567846742,0.03807847738953195,4.0
1216,1.0,1.0,0.0,1.0,1.0,0.0,0.9782723928809449,0.9922093825091253,0.4657289488988415,0.6240867941179986,0.6221679992948436,0.2790813876080826,2.0
1217,1.0,1.0,1.0,0.0,1.0,0.0,0.9827240270813192,0.9913441592352121,0.3938188737789874,0.406771645295996,0.684045833135294,0.09538902497348069,2.0
1218,0.0,0.0,0.0,0.0,0.0,0.0,0.022943033653029556,0.025218796810197883,0.008086014558688697,0.32131062071475724,0.26036986689721414,0.27525814818652244,4.0
1219,0.0,0.0,0.0,0.0,0.0,0.0,0.019435830529612112,0.044728121588843144,0.0032101852890615437,0.0341759627289525,0.09216200158373632,0.01241675634191635,3.0
1220,1.0,1.0,1.0,1.0,1.0,0.0,0.9658678184992319,0.9646496779835878,0.8388719024510776,0.9105321565792974,0.9515373941104838,0.18484239523361987,2.0
1221,0.0,1.0,1.0,1.0,1.0,0.0,0.07877277052534926,0.8320607253813757,0.697279694433345,0.86602274805029,0.7821114225604497,0.019833940546930166,1.0
1222,1.0,1.0,0.0,1.0,1.0,0.0,0.9923042943911269,0.9991633413814724,0.8991975789810747,0.9645541921826235,0.9854304137422045,0.1872806699773014,1.0
1223,1.0,1.0,0.0,0.0,1.0,0.0,0.9851387636703467,0.9836765651943359,0.37811718141660833,0.19544099380358576,0.7010022622911347,0.09699975315144331,1.0
1224,1.0,1.0,0.0,1.0,1.0,0.0,0.9826065178760163,0.9913169829379714,0.015218201410293777,0.03317031862234983,0.9470727023489384,0.3158368805648874,4.0
1225,1.0,1.0,0.0,0.0,0.0,0.0,0.841208843047156,0.8236789453272744,0.08721200880336093,0.17485453722126262,0.43661370908591113,0.1563848688816006,2.0
1226,0.0,1.0,1.0,1.0,1.0,1.0,0.16333872219360152,0.8599139654391336,0.9584790798770922,0.9483260048533242,0.41409315256052975,0.8945624969063515,3.0
1227,0.0,0.0,0.0,0.0,1.0,0.0,0.021390643841487155,0.02291038618175591,0.011239531858834535,0.028522406116230872,0.0684897185879359,0.013515869560843267,2.0
1228,1.0,1.0,1.0,1.0,1.0,1.0,0.9912260101744695,0.9986008365266739,0.9842964082669613,0.9940557603873852,0.9861939394673058,0.7480525652903204,1.0
1229,1.0,1.0,1.0,1.0,1.0,0.0,0.995030810875516,0.9983250906890545,0.962990173316817,0.9362762114219585,0.9640519229873221,0.538713384090493,2.0
1230,0.0,0.0,0.0,0.0,0.0,0.0,0.023752965207065505,0.02086740630484943,0.011233681321120098,0.021788570979982536,0.05711213992958899,0.018635800799553976,0.0
1231,1.0,1.0,0.0,0.0,1.0,0.0,0.9713323710777267,0.9973473498669309,0.7661397445616955,0.5536583827502902,0.6275641382966898,0.21456321003804496,1.0
1232,1.0,1.0,1.0,1.0,1.0,0.0,0.9958308194622815,0.9989307496693042,0.9049427623468007,0.956804823126877,0.8466725284099118,0.5079436942453827,2.0
1233,1.0,1.0,1.0,1.0,1.0,1.0,0.993682195188676,0.9989629721286395,0.9586238209685661,0.8842635619911859,0.9115291584566327,0.8288018131934645,3.0
1234,1.0,1.0,1.0,1.0,1.0,0.0,0.9826471589658001,0.9965226220549253,0.7076386665295927,0.6431494588244607,0.822657791626411,0.44386767649299447,2.0
1235,1.0,1.0,1.0,1.0,1.0,1.0,0.9878783636472827,0.9990533195874919,0.9398685941060777,0.9123805546281981,0.8839683408754866,0.33121060730810825,1.0
1236,1.0,1.0,1.0,1.0,1.0,1.0,0.47565489921280085,0.9666461327932957,0.9709030905812863,0.9807819348764897,0.6008550203239437,0.9416478881152637,1.0
1237,1.0,1.0,1.0,1.0,1.0,1.0,0.4484964920604867,0.9078846202757924,0.9585716577069863,0.8732271302678413,0.42621971934982156,0.8362748040134085,1.0
1238,1.0,1.0,1.0,1.0,1.0,0.0,0.9925447140044903,0.9978046629691628,0.757953117633352,0.9157903203265138,0.9411188608746514,0.24695003164961316,4.0
1239,0.0,0.0,0.0,0.0,0.0,0.0,0.02231889189900179,0.016488259204354903,0.012467991906242181,0.0306029384182478,0.059286002786568585,0.0244697649639957,1.0
1240,1.0,1.0,0.0,0.0,0.0,0.0,0.9779413487323662,0.9572170999767337,0.01187302472807774,0.02144819976843248,0.49438155318478544,0.010375976313253928,0.0
1241,1.0,1.0,0.0,0.0,1.0,0.0,0.9767511846955657,0.9745048546724442,0.014225518844722741,0.06442560830685036,0.648511290253728,0.031404150821945476,4.0
1242,0.0,0.0,0.0,0.0,0.0,0.0,0.020592104938708423,0.02558375694538233,0.009268540667134907,0.028148424174750726,0.11019345622883735,0.016003707908399247,2.0
1243,1.0,1.0,1.0,1.0,1.0,1.0,0.9954126346301487,0.9990575880419634,0.954618651244893,0.9476446351066633,0.8882441588569832,0.25080566502585483,3.0
1244,1.0,1.0,1.0,1.0,1.0,1.0,0.9950684548744556,0.9990777732049806,0.9600089974942139,0.9783099094766917,0.9650548681617028,0.7153274963784721,3.0
1245,0.0,1.0,1.0,1.0,1.0,1.0,0.14587021362360564,0.8088956876977151,0.780981497006982,0.8743222720341045,0.6516741419106917,0.6615847897773446,3.0
1246,1.0,1.0,0.0,0.0,1.0,0.0,0.9779587637011539,0.9871841191008244,0.18681686368779665,0.03607187261900066,0.46046095419469507,0.042478026851463624,0.0
1247,1.0,1.0,0.0,0.0,0.0,0.0,0.9901712356666925,0.9896171885495039,0.036249785102187945,0.07046280335743603,0.5344673688735004,0.04535284027713885,0.0
1248,0.0,0.0,0.0,1.0,0.0,1.0,0.8852758221214168,0.9562399654299925,0.3926526783179097,0.2519459867243446,0.5274240824964045,0.19574751834171872,4.0
1249,1.0,1.0,1.0,1.0,1.0,1.0,0.9923617016040654,0.9974316937698756,0.9295363713819074,0.862080918256792,0.9080202362536397,0.6858350719218207,2.0
1250,1.0,1.0,0.0,0.0,0.0,0.0,0.9734924525009273,0.9632769621987141,0.009467561547918934,0.017576608753322696,0.5383564591479179,0.012795231812060335,4.0
1251,1.0,1.0,0.0,0.0,1.0,0.0,0.9548895378721397,0.9599499064196416,0.009820260299794452,0.01938041028248386,0.5369128421873642,0.017999197088417903,3.0
1252,1.0,1.0,1.0,1.0,1.0,0.0,0.9938628897728503,0.9985120847721596,0.9654541288771944,0.9626559813149148,0.9432214088897501,0.3925900339188519,3.0
1253,0.0,1.0,1.0,1.0,1.0,0.0,0.0463498624271143,0.7697553546268813,0.6703551286559696,0.8602523075667243,0.8481045554688129,0.054025371168877324,2.0
1254,1.0,1.0,0.0,0.0,0.0,0.0,0.9898046074120473,0.9981024825215572,0.89821066741476,0.6702952214219143,0.8879665317314187,0.3764779738063041,4.0
1255,1.0,1.0,0.0,0.0,0.0,0.0,0.9920939186637862,0.9974166878775261,0.7488648415933473,0.7017908857350107,0.8754182783914517,0.33415037900669964,1.0
1256,1.0,1.0,0.0,0.0,0.0,0.0,0.9835796693899792,0.9872213923315902,0.4243048747387106,0.33799260038249157,0.8145855570244631,0.16528659558648456,4.0
1257,1.0,1.0,1.0,1.0,1.0,0.0,0.9888226820520476,0.9974752685546603,0.8419524056962989,0.7889886325377907,0.7664220468642824,0.22500279092630732,4.0
1258,0.0,0.0,0.0,0.0,0.0,0.0,0.07766599890118181,0.06030725625445093,0.029152217525860002,0.04219510861626103,0.11550269111149529,0.07165323982140073,0.0
1259,1.0,1.0,0.0,0.0,1.0,0.0,0.9946561784735949,0.9938857062182084,0.6471278191140885,0.5754958452079337,0.8531602796438559,0.13381340604925956,2.0
1260,0.0,0.0,0.0,0.0,0.0,0.0,0.601852212408061,0.42253239809977666,0.007110915401693836,0.023203938164122303,0.3829744881650443,0.014801187645674663,2.0
1261,1.0,1.0,1.0,1.0,1.0,0.0,0.9948957171906795,0.9956139667111269,0.5921733756333554,0.42671109228441784,0.6694995028224471,0.5243370874742037,2.0
1262,0.0,0.0,1.0,0.0,0.0,0.0,0.05857314952128573,0.28079125783951353,0.5704943692847406,0.33717595621373186,0.0961390553664815,0.21587363337783688,2.0
1263,0.0,0.0,1.0,0.0,0.0,0.0,0.07899117889905627,0.2509560903709273,0.3060093831685856,0.16058940515962228,0.10182927264016373,0.2708525888076835,1.0
1264,0.0,1.0,1.0,1.0,0.0,1.0,0.2750094816775243,0.9174010040321637,0.9341637086173135,0.8371556073513913,0.33046894429903595,0.6419091878690426,4.0
1265,1.0,1.0,1.0,1.0,0.0,0.0,0.9898774370573259,0.9959826314041363,0.7318270626320004,0.4856062916984782,0.6263274819876189,0.18812558935531096,0.0
1266,0.0,0.0,0.0,0.0,0.0,0.0,0.02589818237116447,0.03745240459096486,0.009939356510208042,0.04203807666104938,0.07389597215488161,0.018443344950729492,4.0
1267,0.0,1.0,1.0,1.0,0.0,1.0,0.5748814787382677,0.9337101707685246,0.9513283099312816,0.9681379762442308,0.5884887971581637,0.8784450880824979,4.0
1268,1.0,1.0,1.0,1.0,1.0,0.0,0.9915444259672469,0.9966983009411174,0.7466332087507528,0.7684034894872506,0.5987978378065001,0.1520292772307819,1.0
1269,0.0,0.0,0.0,0.0,0.0,0.0,0.028611236920726528,0.026905480596394315,0.013626804192262075,0.03638630121843859,0.06615692792071894,0.03536700235577571,1.0
1270,1.0,1.0,1.0,1.0,1.0,0.0,0.9932899414254822,0.9986471123078863,0.9030202111114164,0.9112659069690007,0.8793136589594059,0.5363576912324914,2.0
1271,1.0,1.0,1.0,0.0,0.0,0.0,0.9846997869317681,0.9898483294830654,0.794118582877726,0.49061952094013517,0.7212110374817405,0.21622446677718984,2.0
1272,0.0,0.0,0.0,0.0,0.0,0.0,0.02181962523975327,0.014445209611375158,0.00883632177699757,0.029176290224279637,0.05759735410405525,0.010807905358208005,3.0
1273,1.0,1.0,1.0,0.0,1.0,0.0,0.9977544479995717,0.9966188673252884,0.9141675988876582,0.7514913251512226,0.7835817373651017,0.44101164549836464,2.0
1274,0.0,0.0,0.0,0.0,1.0,0.0,0.6371792937475134,0.3067722285992176,0.012734197839998377,0.01516340124231854,0.27967785610836454,0.013667151500723812,1.0
1275,1.0,1.0,1.0,1.0,1.0,1.0,0.9830741540242669,0.9926857521235297,0.8226500458930844,0.6314684683434294,0.7698362607140933,0.1824982806905042,4.0
1276,0.0,0.0,0.0,0.0,0.0,0.0,0.020118570123138974,0.01857768718240702,0.004796347574214835,0.009862705632482514,0.0356311936055614,0.01192349523788131,3.0
1277,1.0,1.0,1.0,0.0,1.0,0.0,0.9893184758187215,0.9971680359559204,0.6891154770926851,0.664049427096043,0.8488940836040471,0.09821220412089492,3.0
1278,1.0,1.0,1.0,1.0,1.0,1.0,0.9829125021190431,0.991093100718971,0.9064048197198473,0.9780189827227104,0.965962292591411,0.49735744445111885,2.0
1279,1.0,1.0,0.0,0.0,1.0,0.0,0.9843700519229698,0.9861472238651141,0.22259769494210557,0.08922976849467029,0.47093373732835647,0.07855832319354421,3.0
1280,1.0,1.0,0.0,0.0,0.0,0.0,0.9868745498387324,0.9907685917277544,0.26179823492354437,0.17197110572491808,0.48633976114535865,0.04267714443582869,0.0
1281,0.0,0.0,0.0,0.0,0.0,0.0,0.018135706784815214,0.020221628721178306,0.011923044556040267,0.045508881310529326,0.05975760295929354,0.01147671110810207,2.0
1282,1.0,1.0,1.0,1.0,1.0,1.0,0.9936966331569758,0.9987618449896448,0.9339623828954409,0.9490670422441705,0.865384745723662,0.8206060439686459,4.0
1283,1.0,1.0,1.0,1.0,1.0,1.0,0.994705101480016,0.9990561563295791,0.9759967360237041,0.9825944093326608,0.933267066085018,0.6243059033812327,3.0
1284,0.0,0.0,0.0,0.0,0.0,0.0,0.047900920949925235,0.017380324411139066,0.012688580022965197,0.02886174017516957,0.06846031812078805,0.015307388241836965,1.0
1285,1.0,1.0,1.0,1.0,1.0,1.0,0.9898165947309514,0.9981971617987799,0.942744030823256,0.73325695754618,0.7732133439323308,0.5827488902895491,0.0
1286,0.0,0.0,0.0,0.0,0.0,0.0,0.02077255336757653,0.02284070104067344,0.009517389076911081,0.06598507320908577,0.07077487451018721,0.013706305419609913,2.0
1287,0.0,0.0,0.0,0.0,0.0,0.0,0.02194182318237979,0.02236153440223218,0.00978667170931269,0.029667163555622187,0.06497348221538428,0.013183401343181177,2.0
1288,0.0,0.0,0.0,0.0,0.0,0.0,0.05587285973772406,0.049239102236393384,0.0205904531780233,0.04262191896246387,0.098157252383285,0.030292984554349495,0.0
1289,1.0,1.0,1.0,1.0,1.0,1.0,0.6890542429074439,0.9711712874318773,0.9780418827432474,0.9843601913909349,0.7318705389142381,0.9785994853844179,3.0
1290,1.0,1.0,1.0,1.0,1.0,1.0,0.9951491283113741,0.999010666748965,0.9467320580587865,0.9852829790533452,0.9767414524724572,0.4895456062513717,0.0
1291,0.0,0.0,0.0,0.0,1.0,0.0,0.02078894035180479,0.02202577893425953,0.009984638578766537,0.03388700370659008,0.07826663782596159,0.021259986522778235,4.0
1292,0.0,0.0,0.0,0.0,0.0,0.0,0.04500786680566265,0.03594674709978838,0.01459821738610048,0.04072115312764243,0.10932905203025313,0.013952109899752582,3.0
1293,1.0,1.0,0.0,0.0,0.0,0.0,0.9762325339683552,0.9920309112167296,0.2117408615507415,0.23946068307214846,0.9260509563783094,0.4016149425045173,1.0
1294,1.0,1.0,1.0,1.0,1.0,1.0,0.9922824075242638,0.9969341756657952,0.7138847715500847,0.9087027865666459,0.9387651071196632,0.4611642734604151,4.0
1295,0.0,0.0,0.0,0.0,0.0,0.0,0.020506054273066336,0.027821411280890936,0.016259403615423836,0.029066349127690346,0.10615211344275655,0.0225372668029721,3.0
1296,1.0,1.0,1.0,1.0,1.0,0.0,0.9960070233626094,0.9979553529027868,0.9253844819998633,0.9232096048019371,0.8610045897048746,0.4141841904345927,2.0
1297,1.0,1.0,1.0,1.0,1.0,1.0,0.9857477475807246,0.9948086653212065,0.8335892390166986,0.3548091527169603,0.7124049500515669,0.17735094406458063,4.0
1298,1.0,1.0,1.0,0.0,0.0,0.0,0.9917932677130907,0.9970020107414017,0.9176665850970803,0.8597702591691926,0.6755658828014519,0.4633855738148104,0.0
1299,1.0,1.0,1.0,1.0,1.0,0.0,0.9937372320008409,0.9978553587339253,0.7791248076140341,0.8109135593347601,0.8044093984675369,0.2760339914104978,2.0
1300,1.0,1.0,1.0,0.0,0.0,0.0,0.9845960880019852,0.9911080145523818,0.6916832304508814,0.4249739495194701,0.7203750769156111,0.2814065055809744,4.0
1301,0.0,0.0,0.0,0.0,0.0,0.0,0.04258744988714531,0.03612953409694604,0.014451496488528939,0.04247681285470307,0.14618681211136814,0.02803866030665175,0.0
1302,1.0,1.0,0.0,0.0,1.0,0.0,0.9743396880424615,0.9887159291435959,0.007768605676042161,0.03353033052082981,0.9478524283570673,0.007015599035158063,0.0
1303,0.0,0.0,0.0,0.0,0.0,0.0,0.020520158488869608,0.02918103177902818,0.018686287613709312,0.04054305352604024,0.06780867649232501,0.019527001991426585,3.0
1304,0.0,0.0,0.0,0.0,0.0,0.0,0.027382895956425193,0.035893555361493454,0.01428355777757934,0.03725844763987695,0.07199846782236753,0.02210169116782805,1.0
1305,1.0,0.0,0.0,0.0,0.0,0.0,0.8038526066384157,0.3228277969913239,0.008570499512663704,0.02505364259017329,0.3382774501699996,0.010517912395811202,1.0
1306,0.0,0.0,0.0,0.0,0.0,0.0,0.026430223044667824,0.02923790592964206,0.002794370754410787,0.020033843472541068,0.08097797893780477,0.016168960924917482,4.0
1307,1.0,1.0,1.0,1.0,1.0,1.0,0.45691663317411335,0.9344646287199989,0.9815383507938114,0.9523593173921446,0.6318751814948398,0.8993225986438972,1.0
1308,0.0,0.0,1.0,1.0,0.0,1.0,0.10921664485031111,0.4353016014089264,0.8487042172552055,0.5864557048997756,0.1998269907741528,0.6517627499381203,1.0
1309,1.0,1.0,0.0,1.0,1.0,0.0,0.9886364016554043,0.9963115260197983,0.6110257547985155,0.8720428163564425,0.9583420720307883,0.2261217354601644,0.0
1310,1.0,1.0,0.0,0.0,1.0,0.0,0.9745268641880069,0.9711059943284367,0.011749273348692019,0.01887558978241134,0.3082270424112268,0.015524510552488961,0.0
1311,0.0,0.0,0.0,0.0,0.0,0.0,0.020357928317394355,0.029285018080306265,0.012092125382460022,0.020055989753102587,0.06133888763094721,0.015369303643692132,2.0
1312,1.0,1.0,1.0,1.0,1.0,1.0,0.9953037907173885,0.9964104962991375,0.7056725151223496,0.8818983978324866,0.932723634461305,0.40255686699162035,0.0
1313,0.0,0.0,0.0,1.0,1.0,0.0,0.022400306100144644,0.02311708483190382,0.007376641311742613,0.015010779477084367,0.03356033564732358,0.011133010698795819,0.0
1314,1.0,1.0,1.0,1.0,1.0,0.0,0.9947771337671169,0.9986960365077215,0.8628673825638558,0.9307078729369092,0.9855363914570232,0.20929756325533513,3.0
1315,1.0,1.0,1.0,1.0,1.0,0.0,0.9897055167810356,0.9985268188760732,0.9604211072234023,0.9359962906293755,0.8419020071888137,0.7334031565368662,1.0
1316,1.0,1.0,0.0,0.0,1.0,0.0,0.7046232346624997,0.3900603606124357,0.01863711305400449,0.03922728260500479,0.30282992381119145,0.027508181635724556,3.0
1317,0.0,0.0,0.0,0.0,0.0,0.0,0.024174343816238175,0.03414112573971462,0.009377652867994116,0.029861385143967006,0.06608956539992515,0.013506572404051247,2.0
1318,0.0,0.0,0.0,0.0,0.0,0.0,0.050154561982710566,0.04895191495042771,0.026427070249216582,0.03704191322318606,0.07756446870878503,0.04825640703455609,1.0
1319,0.0,0.0,0.0,0.0,0.0,0.0,0.019401544087696575,0.017987589498061233,0.008776241507349056,0.023654897030675793,0.06413016580239288,0.014305285169179035,1.0
1320,0.0,0.0,0.0,0.0,0.0,0.0,0.02120881407182374,0.018771541381067916,0.007755174999809343,0.028884383504434622,0.04914295124784653,0.011396269880152292,3.0
1321,0.0,0.0,0.0,0.0,0.0,0.0,0.08952995986617364,0.883644328206432,0.6566545419846694,0.49028116291822077,0.4848291342233345,0.1519159962004391,4.0
1322,1.0,1.0,1.0,1.0,1.0,1.0,0.9750822522109416,0.993492609731712,0.9856418497601591,0.9822008229041592,0.8927508684460902,0.9490464944420207,3.0
1323,1.0,1.0,1.0,1.0,1.0,0.0,0.9924736369864081,0.9979593717069761,0.9064974444248406,0.8476882648327696,0.8695280364527511,0.4890085236456823,2.0
1324,1.0,1.0,1.0,1.0,1.0,1.0,0.9949565500505567,0.9977308406852875,0.912227834912126,0.9320474972050526,0.922111906514446,0.2814251723151955,2.0
1325,1.0,1.0,1.0,1.0,1.0,0.0,0.9930554954964446,0.9979129964549549,0.6980920939719338,0.8883883524452668,0.9673331333745585,0.33012511842506087,1.0
1326,1.0,1.0,1.0,1.0,1.0,0.0,0.8316112325948908,0.7597056004809449,0.6186890575028021,0.11571030568507337,0.47102116404322314,0.13538993231557944,1.0
1327,1.0,1.0,1.0,1.0,1.0,0.0,0.987691410821455,0.9977603160250941,0.9749373570854825,0.9758769114356969,0.9609361595149206,0.42596020453437705,4.0
1328,1.0,1.0,1.0,1.0,1.0,1.0,0.28621854870090296,0.9252597624845063,0.9520331537747518,0.957257133157278,0.6444967149329164,0.8806559755696444,2.0
1329,1.0,1.0,0.0,0.0,1.0,0.0,0.9831402940758345,0.9967497305609454,0.3841198168235126,0.3774498776325813,0.942660867022992,0.03827368470516729,2.0
1330,0.0,0.0,0.0,0.0,0.0,0.0,0.030316503795781595,0.020999438202585104,0.012753054676241986,0.03306542909607554,0.0826443454092425,0.022789738628314595,1.0
1331,0.0,0.0,0.0,0.0,0.0,0.0,0.022384907801434626,0.020802325557427243,0.014542034731124523,0.05894366223086289,0.1542856998464383,0.07008912888627163,0.0
1332,0.0,0.0,1.0,1.0,1.0,1.0,0.05813659628933343,0.09582094435715072,0.3008093427634261,0.06832340470712214,0.06618754433243049,0.1027044698272749,4.0
1333,0.0,0.0,1.0,1.0,0.0,1.0,0.2775731543303962,0.7771841859088894,0.9404897683315059,0.9109434523891143,0.45215301692416704,0.7819326608616379,1.0
1334,0.0,0.0,0.0,0.0,0.0,0.0,0.029418512234154114,0.02532295052513515,0.0311552305425508,0.03839909236555293,0.05081371959104244,0.016368504511766697,0.0
1335,1.0,1.0,1.0,1.0,1.0,1.0,0.9949303042661446,0.998679256067526,0.9483681928280142,0.9712891876006121,0.9597013400982686,0.7558551305252034,2.0
1336,1.0,1.0,1.0,1.0,1.0,1.0,0.9949471618554637,0.9985994749791811,0.847602940168602,0.847664696429425,0.7422710001093745,0.3951864264030461,2.0
1337,0.0,0.0,0.0,1.0,0.0,0.0,0.10565395574028041,0.5311317777351361,0.23048653325365742,0.19200583248229408,0.5501591260708264,0.32286899050977913,4.0
1338,0.0,0.0,0.0,0.0,0.0,0.0,0.022534302686482058,0.03528183406349332,0.008146354749220298,0.03704775215788865,0.07460007509734334,0.01165006444764753,2.0
1339,0.0,1.0,1.0,1.0,0.0,1.0,0.13906299120738497,0.3570887622872623,0.8708402003649458,0.6695835442452043,0.3934529402822378,0.4136716190126048,0.0
1340,0.0,0.0,0.0,0.0,0.0,0.0,0.022559954804604425,0.011418656556553611,0.008457833096429378,0.026588955473153857,0.04126517558093222,0.015144921011197967,0.0
1341,0.0,0.0,0.0,0.0,0.0,0.0,0.02090034112984268,0.027403328618722606,0.010660836143325532,0.032160119178332745,0.07135806227914157,0.015936597705735835,3.0
1342,0.0,0.0,0.0,0.0,0.0,0.0,0.02047637932883177,0.02353650917050972,0.009935774811917349,0.028636467382814865,0.08817897791045161,0.01299086589149231,3.0
1343,1.0,1.0,1.0,1.0,1.0,1.0,0.9904426395096204,0.9988927152906212,0.895673922269565,0.788683894674898,0.8269042617108565,0.319826082949623,1.0
1344,1.0,1.0,1.0,1.0,1.0,1.0,0.9898618415197482,0.9991626581253531,0.9536379549540914,0.9607189938506058,0.8974046939727068,0.6735184418877557,1.0
1345,0.0,0.0,0.0,1.0,0.0,0.0,0.07639905453392158,0.17470398655069475,0.4910967137097912,0.3243756888344029,0.1535528217940272,0.20971320075226707,1.0
1346,0.0,1.0,1.0,1.0,0.0,1.0,0.9912524753135232,0.9969204419326325,0.6694132843403553,0.5262153145148774,0.7459342617631075,0.15834424447158,2.0
1347,1.0,1.0,0.0,0.0,1.0,0.0,0.9908868314217844,0.9938383786708933,0.2162835440304614,0.33586297514239294,0.6943337989797919,0.2767560626273445,2.0
1348,1.0,0.0,0.0,0.0,0.0,0.0,0.8167241989902903,0.2594674896648986,0.00882821351991264,0.026194039426787132,0.4120048774725594,0.013677427280630972,0.0
1349,1.0,1.0,0.0,0.0,1.0,0.0,0.971527797637813,0.967795894584852,0.016210287921189375,0.05905799796809672,0.6510993041722296,0.05459409945208371,4.0
1350,1.0,1.0,1.0,0.0,0.0,1.0,0.9888798422625684,0.9964132216718595,0.8733641150812431,0.42047577134423064,0.7342471652532888,0.5123927612055869,2.0
1351,0.0,1.0,1.0,1.0,1.0,1.0,0.5583422505304722,0.9537480608283997,0.9708010270460559,0.9766524273133479,0.7701571697897915,0.9215940440312755,0.0
1352,1.0,1.0,1.0,1.0,1.0,1.0,0.9941837054297222,0.9986015356831839,0.9515934457791287,0.9644656841099539,0.9428105929607308,0.6724469280264868,2.0
1353,1.0,1.0,1.0,1.0,1.0,1.0,0.5323772077966431,0.9258268333233849,0.9761846562678287,0.963937160433737,0.6458391557621702,0.953875130536693,2.0
1354,1.0,1.0,0.0,0.0,1.0,0.0,0.727423202920346,0.5820640758778945,0.4136714250857477,0.15989281129060604,0.5459345518705176,0.07330597630990993,4.0
1355,1.0,1.0,1.0,0.0,1.0,0.0,0.9775815175959224,0.9975895573885445,0.7718697102176757,0.5160966710432147,0.6377823152537598,0.274519799687231,1.0
1356,1.0,1.0,0.0,0.0,1.0,1.0,0.8795936450169565,0.7121040852492072,0.008869129085580421,0.2264872919530889,0.8563975650930882,0.6817345178284675,2.0
1357,0.0,0.0,0.0,0.0,0.0,0.0,0.023441248401842908,0.023536445504037627,0.009540908817837965,0.02843483368152179,0.05762765874872113,0.017706194314937085,0.0
1358,1.0,1.0,0.0,0.0,0.0,0.0,0.96348213785085,0.9192374535968489,0.010159065082337566,0.023202325577495613,0.4879426162286879,0.013635108146096838,2.0
1359,0.0,1.0,0.0,1.0,1.0,0.0,0.03133003460363305,0.05803823243221922,0.021537471803832343,0.03347807737591076,0.0686855534488665,0.03366492044291274,0.0
1360,0.0,0.0,0.0,0.0,0.0,0.0,0.02741071861325901,0.01869085782374998,0.012261073433627713,0.040403189319101106,0.12930944176890347,0.024271987204506244,1.0
1361,1.0,1.0,1.0,1.0,1.0,1.0,0.1960545615018535,0.9608949330086113,0.9896780321873238,0.9697174044516317,0.708404075335062,0.9094388551963077,3.0
1362,1.0,1.0,1.0,1.0,1.0,1.0,0.8103169743432,0.9638826126329388,0.9869351980120301,0.9844430897984069,0.7995737699785516,0.9535135780559508,4.0
1363,1.0,1.0,0.0,0.0,1.0,0.0,0.7936717003088163,0.38604156300909187,0.010722180663036492,0.03853073160191448,0.6458756465887382,0.02581207976036796,4.0
1364,0.0,0.0,0.0,0.0,0.0,0.0,0.01942376984899497,0.024485266744471896,0.006587890672330254,0.03807376261205541,0.0984330474000892,0.013652231714535322,3.0
1365,1.0,1.0,0.0,0.0,0.0,0.0,0.8248634193347493,0.99522725364519,0.38244266536748983,0.2704987413554873,0.5327053338431648,0.042927215789024295,1.0
1366,1.0,1.0,1.0,1.0,1.0,1.0,0.35986370235928944,0.9222423040945681,0.9736964516629117,0.9120124677059495,0.7120240869557861,0.8599319463277185,3.0
1367,0.0,0.0,0.0,0.0,0.0,0.0,0.02407886231409788,0.031499386020740504,0.009358233099974444,0.029088564898265563,0.05295336706603073,0.01750100342365399,4.0
1368,1.0,1.0,1.0,1.0,1.0,1.0,0.9867645304581605,0.9979887552608625,0.9331408177407233,0.9459089547896419,0.9082294425800816,0.709706265718655,2.0
1369,0.0,0.0,1.0,1.0,0.0,0.0,0.11518501420625013,0.6412916192760271,0.7934916923334766,0.5739479940510865,0.22403251504980673,0.3567001455307642,4.0
1370,1.0,1.0,0.0,0.0,1.0,0.0,0.9852355215137604,0.9919947689495927,0.0065017135135057,0.048330986470357454,0.951367201007365,0.26724868417079395,2.0
1371,0.0,0.0,0.0,0.0,0.0,0.0,0.011565368712838092,0.035295525878284495,0.017808057830657423,0.06548284703840036,0.053577621306906915,0.01773885028005498,4.0
1372,1.0,1.0,0.0,0.0,1.0,0.0,0.9524246514932859,0.9918735115369761,0.21161110991770196,0.17080856189268664,0.8983412351923807,0.05166820074066737,4.0
1373,0.0,0.0,0.0,0.0,0.0,0.0,0.027085982304002117,0.3642913497305454,0.01208658215258301,0.04931292173125005,0.3553891623555367,0.01532764814969949,3.0
1374,0.0,0.0,0.0,0.0,0.0,0.0,0.022822550996800386,0.026870888621670835,0.009617018373536495,0.02796360852697947,0.0672416711815458,0.016464989043703387,0.0
1375,0.0,1.0,1.0,1.0,0.0,0.0,0.10403525341212126,0.5617538368964193,0.7459913855535828,0.7164407396557697,0.22821040612658938,0.450089197197538,0.0
1376,0.0,0.0,0.0,0.0,0.0,0.0,0.11843929217162352,0.34441560736062093,0.5106119984455743,0.30349283525401605,0.2547095858474717,0.2800911803784424,0.0
1377,0.0,0.0,0.0,0.0,0.0,0.0,0.02256845685256398,0.037177061229117916,0.019555355183312566,0.030805963650200236,0.06824598249218805,0.029814462046926154,1.0
1378,0.0,1.0,1.0,1.0,0.0,1.0,0.17354961937075217,0.8332575470442993,0.8623638400651868,0.83228630969707,0.23976432060461814,0.7567139171947002,1.0
1379,0.0,0.0,0.0,0.0,0.0,0.0,0.02214807270508897,0.012123904540160772,0.008531066876096659,0.026202845262932043,0.05544218683575475,0.015590199884271126,0.0
1380,1.0,1.0,1.0,1.0,1.0,0.0,0.8208336680992481,0.9767261934482778,0.7692149904407614,0.5929384682361711,0.7425505237636163,0.18179282997143079,1.0
1381,1.0,1.0,1.0,1.0,1.0,0.0,0.9779563006022366,0.997859351013354,0.8079604747888077,0.5813687320288192,0.7716360386622212,0.23605168789836292,1.0
1382,0.0,0.0,0.0,0.0,0.0,0.0,0.16597900762374743,0.2606357224223319,0.31992756875732925,0.3033896685176165,0.3169351867425888,0.18005847200400107,4.0
1383,0.0,0.0,0.0,0.0,0.0,0.0,0.02115505504235727,0.014462092901391155,0.008758064523085982,0.02534363974180206,0.05059141560237207,0.015574573784882511,0.0
1384,1.0,1.0,0.0,0.0,0.0,0.0,0.9688114784850955,0.8396589471361708,0.012609427889425165,0.022709484934650123,0.5230868819404164,0.014494902580240148,1.0
1385,1.0,1.0,0.0,0.0,0.0,0.0,0.9778769547146655,0.9580555387429648,0.011905037022410442,0.02900108853030563,0.5403387011184574,0.015164668479533554,0.0
1386,1.0,1.0,1.0,1.0,1.0,0.0,0.9964056702723617,0.9989246591244872,0.890416436440128,0.9615874511617035,0.9390559080364723,0.6722813993355303,0.0
1387,1.0,1.0,1.0,1.0,1.0,1.0,0.9933474201329062,0.998722349916978,0.9852126049240265,0.9897663235915092,0.9632075979149332,0.7930378565173818,4.0
1388,1.0,1.0,1.0,1.0,1.0,1.0,0.8877453366747209,0.9620983643482564,0.9717259421830791,0.9806674877504163,0.7726763227185133,0.8912566324589427,3.0
1389,1.0,1.0,1.0,1.0,1.0,0.0,0.7315657397752479,0.9662762289792478,0.9087785912964658,0.8668032947806956,0.8519923056786278,0.6202480588400393,0.0
1390,1.0,1.0,1.0,1.0,1.0,1.0,0.9867982243703892,0.997053923045498,0.902657232401797,0.641270208199301,0.6046510487722798,0.46999135661000496,4.0
1391,1.0,1.0,0.0,0.0,1.0,0.0,0.9524879372705337,0.9694111294897224,0.051037136796246586,0.05653923864337171,0.8133938583429059,0.030471259065554094,2.0
1392,1.0,1.0,1.0,1.0,1.0,0.0,0.9791408119663781,0.9933420150722264,0.8810846436378356,0.9586421743577926,0.9753689781875489,0.07948742809035522,0.0
1393,1.0,1.0,0.0,0.0,1.0,1.0,0.8636032713773933,0.7543629610113272,0.012451443111452838,0.1496408859809726,0.7658074797627962,0.49806847041362085,3.0
1394,0.0,0.0,0.0,0.0,0.0,0.0,0.014899488429934871,0.02152359720630267,0.008801839090944397,0.05523370507944534,0.09250167748728146,0.017572801803330068,3.0
1395,0.0,0.0,0.0,0.0,0.0,0.0,0.08988591541507489,0.7705924938865931,0.9163044555426867,0.6432499558263499,0.12577194944592082,0.33756132915700565,4.0
1396,1.0,1.0,0.0,0.0,0.0,0.0,0.9923243683565744,0.9984617267213874,0.965940837581646,0.968345296073863,0.8608313474626762,0.3921312841088328,4.0
1397,1.0,1.0,1.0,1.0,1.0,0.0,0.31083095870640015,0.8670186036497415,0.5357370791883621,0.6681753277359332,0.7990265663483507,0.3517011280787086,4.0
1398,0.0,0.0,0.0,0.0,0.0,0.0,0.03083590488207403,0.0370097123903973,0.015460003160218814,0.04385066416006603,0.07261757315919368,0.03147459094095448,1.0
1399,1.0,1.0,1.0,0.0,1.0,0.0,0.9887039304458254,0.9991462801958192,0.951178571308431,0.9404662771152651,0.8945733206793388,0.5544307759062678,2.0
1400,1.0,1.0,0.0,1.0,1.0,1.0,0.9708807869448907,0.9904033372994444,0.010995943289213926,0.019713823631059144,0.9483474352402902,0.4123315148954809,4.0
1401,0.0,0.0,0.0,0.0,0.0,0.0,0.021146974193769166,0.036186929704378305,0.009558800156776,0.024864833703586494,0.06427602463851738,0.012864082150763985,2.0
1402,0.0,0.0,0.0,0.0,0.0,0.0,0.02073185111839421,0.023179716111333144,0.008629639529979367,0.027727901166643067,0.07364663714831057,0.01503441678383581,2.0
1403,0.0,0.0,0.0,0.0,0.0,0.0,0.13913071223049941,0.5963556989384629,0.322171636581037,0.6270670730779904,0.3597512603742104,0.2654061342065357,3.0
1404,0.0,1.0,1.0,1.0,0.0,1.0,0.2514500395006162,0.8843386883734178,0.9523309996342345,0.9427201009136132,0.6091056025432499,0.8540698246955434,1.0
1405,1.0,1.0,1.0,1.0,0.0,1.0,0.9887441832240319,0.9991445345788935,0.905004300952721,0.8674020038305477,0.8429183030026338,0.47576705663127694,1.0
1406,1.0,1.0,0.0,0.0,1.0,0.0,0.9824148823396832,0.9933956050906867,0.11929047307461633,0.4707106803708524,0.9725675878077985,0.15961069425859176,1.0
1407,0.0,0.0,0.0,0.0,0.0,0.0,0.024219050523658008,0.023694978843233946,0.009487750178026118,0.02644569723701422,0.0556386805917154,0.022006561114490435,0.0
1408,0.0,1.0,0.0,0.0,1.0,0.0,0.03678865153503567,0.5582561180098484,0.008349030121039188,0.034662233912220355,0.5545042319863218,0.008909272581611784,4.0
1409,0.0,0.0,0.0,0.0,0.0,0.0,0.6738077030090394,0.6753522398992228,0.7297151565403402,0.681627179520527,0.7086730551493423,0.6528893212544347,4.0
1410,0.0,0.0,0.0,0.0,0.0,0.0,0.018961117820155336,0.013428150362096984,0.010508138443337887,0.052313669525433336,0.06715910673216734,0.016885759174272694,4.0
1411,0.0,0.0,0.0,0.0,1.0,0.0,0.028651939954893263,0.02163592061394572,0.02241134559530272,0.0237039936486809,0.06044077719646253,0.02577474446171519,4.0
1412,1.0,1.0,1.0,1.0,1.0,0.0,0.9952959409864612,0.9985719485309472,0.9606816308325326,0.9526209648999613,0.9554026766663977,0.4807238794157292,3.0
1413,1.0,1.0,0.0,0.0,0.0,0.0,0.9825246022504975,0.9904515872244211,0.4958779914257606,0.3345582165353018,0.8117781554971175,0.1396847476864651,4.0
1414,0.0,0.0,0.0,0.0,0.0,0.0,0.022675103222638136,0.03512619751126625,0.010072683223729102,0.031329670369181425,0.0728404538836292,0.013221095460064359,2.0
1415,0.0,0.0,0.0,0.0,0.0,0.0,0.022322817248490275,0.07933818722902247,0.01620496618261075,0.07748584408599511,0.11294645534390617,0.020701539004706945,1.0
1416,0.0,0.0,0.0,0.0,0.0,0.0,0.027604433000042023,0.01936651012610314,0.016545892215978346,0.030935087183887763,0.020804184231648325,0.025252564388016364,1.0
1417,1.0,1.0,1.0,1.0,1.0,1.0,0.9924865733148229,0.9983685625423088,0.9400995455183883,0.9127623538867562,0.8745780928148523,0.4207787157427912,0.0
1418,0.0,0.0,0.0,0.0,0.0,0.0,0.022268687952125315,0.02140908147492029,0.010771984632019838,0.03815297082325879,0.07771512425811763,0.021472137893729308,2.0
1419,0.0,0.0,0.0,0.0,0.0,0.0,0.11025687949951166,0.11501770674099421,0.09562312369135044,0.20305138342687645,0.26810645377899267,0.1451609081005043,4.0
1420,0.0,0.0,0.0,0.0,0.0,0.0,0.015248241072458035,0.016749072868745163,0.008875769087516073,0.02595411779998346,0.06739788971461387,0.011147870187073743,3.0
1421,0.0,0.0,1.0,0.0,0.0,0.0,0.10913692480366181,0.3513910395981808,0.738674798281692,0.5463943266281109,0.30445575024857624,0.3733323991206219,1.0
1422,1.0,1.0,1.0,1.0,1.0,0.0,0.9903514288166388,0.9970938630956102,0.6790088996551902,0.8915606442786778,0.8793857930328183,0.24136812762449986,1.0
1423,1.0,1.0,1.0,1.0,1.0,0.0,0.9903796207034112,0.9965060351366996,0.833883454330386,0.8531397472390878,0.9112320497210497,0.3627335044841182,0.0
1424,0.0,0.0,1.0,0.0,0.0,0.0,0.056169227624354556,0.09742338794404315,0.3967418006574907,0.15929300465749915,0.1385175889892955,0.1238272586056328,0.0
1425,1.0,1.0,1.0,1.0,0.0,0.0,0.993398818876362,0.9956616785820489,0.7668096188218584,0.5755524183782569,0.7327711606825028,0.5269371780577224,0.0
1426,0.0,0.0,1.0,1.0,0.0,1.0,0.13964570631998857,0.23654275832984692,0.7796200465374135,0.49093942663671064,0.16054168694469287,0.19366234685596237,4.0
1427,0.0,0.0,0.0,0.0,0.0,0.0,0.016431619447837872,0.03192469445155656,0.010644926911468285,0.037018293019754095,0.054766595157144535,0.014729040139727345,3.0
1428,1.0,1.0,0.0,0.0,1.0,0.0,0.9753314691659087,0.977748054655943,0.00879052945580461,0.02187265327928614,0.48407196037702926,0.03332373245897369,0.0
1429,1.0,1.0,1.0,1.0,1.0,0.0,0.9935987285551384,0.9987028177215953,0.9743870403026182,0.9719354964818777,0.9657884921035136,0.7344901409211447,4.0
1430,1.0,1.0,1.0,0.0,0.0,0.0,0.9837139388322823,0.9950983632448838,0.5978401769656236,0.3330688784775515,0.5901249566605005,0.19378805123689022,4.0
1431,1.0,1.0,1.0,1.0,1.0,1.0,0.9921988201337643,0.9981594200624685,0.8461060504012649,0.876522370930014,0.8513872309283395,0.44647927141428484,2.0
1432,0.0,0.0,0.0,0.0,0.0,0.0,0.2884591996421537,0.0779889534578038,0.07269955862774537,0.09706214063623025,0.13164872470038286,0.03882149582952479,1.0
1433,1.0,1.0,0.0,0.0,1.0,0.0,0.96365824305942,0.9693629687726704,0.009031353648101915,0.01979608018400864,0.49310435345156645,0.01564723663431395,3.0
1434,1.0,1.0,1.0,1.0,1.0,1.0,0.9858803239888961,0.995639147067994,0.7358408120618146,0.8406932084278975,0.8522770149875024,0.4133666949546184,4.0
1435,1.0,1.0,1.0,0.0,0.0,1.0,0.9832354784602898,0.9958699685961843,0.5101246698675135,0.23153477672674333,0.7821428646925725,0.16839292127502253,0.0
1436,1.0,1.0,1.0,1.0,1.0,0.0,0.993995559494122,0.9968639555525112,0.9121927851955972,0.7141048175078044,0.7388120303840607,0.4432868981376614,2.0
1437,1.0,1.0,1.0,1.0,1.0,0.0,0.9965735090812718,0.9972982535572874,0.9653571673584571,0.9249705628333762,0.9331371224614008,0.7863127968569364,4.0
1438,1.0,1.0,1.0,1.0,1.0,1.0,0.9821308699432916,0.9881722947438744,0.9584964810135683,0.9687673024101735,0.9638012847775794,0.6968917370264117,0.0
1439,1.0,1.0,1.0,1.0,1.0,1.0,0.822468032624467,0.9062155792994899,0.9805899415167556,0.9875321521546401,0.9292941478597622,0.8630335018592884,4.0
1440,1.0,1.0,1.0,1.0,1.0,1.0,0.860081279573874,0.9481670405414832,0.9655178792642174,0.9863523001432608,0.8815246440576364,0.9595174305106969,3.0
1441,0.0,1.0,1.0,1.0,1.0,1.0,0.6503625633756775,0.971573119815112,0.986944441442763,0.9573807089818519,0.8909876093191657,0.9141824159628249,1.0
1442,1.0,1.0,0.0,0.0,1.0,0.0,0.9861415909996956,0.9933687325577274,0.5342225585617169,0.49540914197331903,0.8105758115091887,0.09455178671881281,3.0
1443,0.0,0.0,0.0,0.0,0.0,0.0,0.020227043914583825,0.02487327092938823,0.010023963401879258,0.029822545480614887,0.06565123361498013,0.013566920480711125,3.0
1444,1.0,1.0,0.0,0.0,1.0,0.0,0.9881687207918238,0.9973994931327599,0.8454653301811083,0.878226505302598,0.8998202219608055,0.3829486237652986,2.0
1445,1.0,1.0,0.0,0.0,1.0,0.0,0.9927069608496134,0.9972442973993751,0.8923223897441096,0.8059433154961411,0.9096713297365165,0.3963918893921847,3.0
1446,1.0,1.0,0.0,0.0,0.0,0.0,0.9891957581407864,0.9953812128873842,0.3972466152227028,0.27406821948587967,0.6000661506083272,0.07480084472370993,1.0
1447,0.0,0.0,0.0,1.0,1.0,0.0,0.25252566918550934,0.40881085272143886,0.32050393502649915,0.2765334502580614,0.22006540244003078,0.28472189508852397,0.0
1448,1.0,1.0,0.0,0.0,1.0,0.0,0.9772251373287465,0.9944321356621165,0.009576835488778562,0.04893372461332624,0.905123588707857,0.034337967215405406,2.0
1449,1.0,0.0,0.0,0.0,1.0,0.0,0.5035393193876377,0.36751077456450293,0.011293695616410334,0.019577601251023025,0.3899304582469374,0.00981665335160936,3.0
1450,1.0,1.0,1.0,1.0,1.0,1.0,0.991724742222554,0.9966397486889451,0.6964046811346086,0.41400391223652033,0.5811945460078729,0.3940610497664104,0.0
1451,1.0,1.0,1.0,1.0,1.0,0.0,0.995355799414179,0.9989308756983156,0.9639107459598276,0.9839985253522123,0.9835281032284069,0.503117431485279,4.0
1452,0.0,0.0,0.0,0.0,0.0,0.0,0.020148161313425426,0.016024700905937554,0.0072842517234165734,0.023051227385391764,0.04886346266372726,0.012570651055775501,2.0
1453,1.0,1.0,0.0,1.0,1.0,0.0,0.9878701838749828,0.9970237279845257,0.8578848026391547,0.9713997836062271,0.9759854771566008,0.9162950864444684,4.0
1454,1.0,1.0,0.0,0.0,0.0,0.0,0.9887327721683592,0.9964060640463032,0.526713940009157,0.3647817523578827,0.6418617594103225,0.20466671208636947,2.0
1455,0.0,0.0,0.0,0.0,0.0,0.0,0.029573006271259954,0.027972187608882287,0.012730566196338281,0.03333808708978955,0.09583974558070378,0.015780194287960264,3.0
1456,1.0,1.0,1.0,1.0,1.0,1.0,0.9442514107356459,0.9903112589435779,0.9738495596982116,0.9685842874694558,0.9901470112260475,0.9201832101158232,1.0
1457,1.0,1.0,0.0,0.0,0.0,0.0,0.9848600053629389,0.9888011222736439,0.1417663856567947,0.11234992890364529,0.5565656129293677,0.04946685304139558,1.0
1458,0.0,0.0,0.0,0.0,1.0,0.0,0.027822181592677936,0.04182645864138819,0.012659193443041544,0.02838287601701395,0.07204255548280096,0.024215754185590674,0.0
1459,0.0,1.0,1.0,1.0,1.0,1.0,0.25840411250235146,0.986720644342467,0.9035096179868721,0.9595242527012268,0.8647321612560883,0.9181368228675942,4.0
1460,0.0,0.0,0.0,0.0,0.0,0.0,0.04598527727897668,0.019602766623585222,0.014953929427019178,0.03202833250414001,0.06431957519682943,0.01586677041011037,1.0
1461,1.0,1.0,0.0,0.0,1.0,1.0,0.8613860405315178,0.7774787003664126,0.5170489820596553,0.5549290094475978,0.8168463381727816,0.7725705198941012,2.0
1462,1.0,1.0,0.0,0.0,1.0,0.0,0.9776538868541663,0.998795928770028,0.3864567570363876,0.37286014288205394,0.9497250562510084,0.0664112366674543,1.0
1463,0.0,0.0,1.0,1.0,1.0,1.0,0.10292454573542813,0.3523115595606537,0.8631858509296659,0.5540521075109911,0.19461088714678593,0.6519849554339343,3.0
1464,1.0,1.0,1.0,1.0,1.0,0.0,0.9879983617850077,0.9955232475684461,0.8196266824804201,0.6714139002641999,0.7773212157073742,0.44162493642539163,4.0
1465,0.0,0.0,0.0,0.0,0.0,0.0,0.026760273680678712,0.022311462965683725,0.006400264700327818,0.03139280124017246,0.04154976428361362,0.01560202047825034,4.0
1466,1.0,1.0,1.0,1.0,1.0,1.0,0.9927305372624141,0.9983550187253442,0.9270294417249006,0.9411962369015328,0.9072489518849834,0.4326749746908463,3.0
1467,0.0,0.0,1.0,0.0,0.0,1.0,0.06825931489327691,0.49643213532974656,0.7873405856223006,0.49258249618042893,0.12401900342594026,0.6453285753191994,2.0
1468,0.0,1.0,1.0,1.0,1.0,1.0,0.3552665902173252,0.7780771834256338,0.9537656667211232,0.8923599113623719,0.35790479063193886,0.741486481717263,1.0
1469,0.0,0.0,0.0,0.0,0.0,0.0,0.023452094632436263,0.031782450109701335,0.013639483750354288,0.023607419674749327,0.12732870994580262,0.019734913384744708,2.0
1470,1.0,1.0,1.0,1.0,1.0,0.0,0.9785020095328768,0.9964968152231861,0.8076452075756585,0.9020296908616083,0.9499877077729036,0.15608579105908063,4.0
1471,0.0,0.0,0.0,0.0,0.0,0.0,0.8991296635748528,0.9258894219776224,0.5676396721535801,0.24769426220052204,0.7185591198227466,0.10871148310444417,2.0
1472,1.0,1.0,0.0,1.0,1.0,1.0,0.9602596529680815,0.9873655448559459,0.928551534623058,0.8698431244794429,0.8901645432239956,0.6527464264937366,1.0
1473,1.0,1.0,1.0,1.0,0.0,1.0,0.4896434074748482,0.9523531487277759,0.972975706093414,0.9743565145405374,0.6344779113379931,0.9527406949805116,3.0
1474,1.0,1.0,1.0,1.0,1.0,0.0,0.9857987473582625,0.9978642108134274,0.834553880419492,0.908950969333244,0.915954642667625,0.5209266416813829,2.0
1475,0.0,0.0,0.0,0.0,0.0,0.0,0.03298015253542027,0.0341199527477309,0.03293751160978872,0.08562923275325188,0.14317821816014084,0.06770974127493212,2.0
1476,1.0,1.0,1.0,1.0,1.0,1.0,0.8087240805937668,0.9837121875409112,0.98432901302787,0.9915514232778326,0.9680939205111078,0.9639980133225701,1.0
1477,1.0,1.0,1.0,1.0,1.0,1.0,0.9954122279746173,0.9984128340105357,0.9338999057031421,0.9742049403821533,0.9391951346322223,0.7278618418660121,0.0
1478,1.0,1.0,0.0,0.0,0.0,0.0,0.9632309666777715,0.9220845842062455,0.007999763267146742,0.015137604681690882,0.46948081950668835,0.013385890513084192,4.0
1479,1.0,1.0,0.0,1.0,1.0,0.0,0.9867002683461088,0.9924647663734488,0.41519035938186954,0.39331289636674116,0.9584323438673323,0.13896872729932094,0.0
1480,1.0,1.0,1.0,1.0,1.0,0.0,0.992757803013272,0.9983889233667607,0.916840238868861,0.9241007882504831,0.8959313141767642,0.7026583127718226,4.0
1481,1.0,1.0,0.0,0.0,1.0,0.0,0.9851403291230884,0.989936777109628,0.09847151417413247,0.12265374120366726,0.9561394109225317,0.15094632015128942,0.0
1482,1.0,1.0,0.0,1.0,1.0,1.0,0.8386863191456329,0.9759139933597171,0.45551567256815395,0.6364320691755602,0.8891676765555895,0.468265727771417,4.0
1483,1.0,1.0,1.0,1.0,1.0,1.0,0.687990542079577,0.7554681563985841,0.8947053717632465,0.8913410636769258,0.8429237332804528,0.9127981944090928,4.0
1484,1.0,1.0,1.0,1.0,1.0,1.0,0.9865733883388593,0.9982272277318297,0.9634277629736397,0.9539269446233192,0.9200649871145312,0.6434802081302108,4.0
1485,1.0,1.0,0.0,0.0,1.0,0.0,0.9754239310423919,0.994658403627809,0.08590884006698975,0.20096983216835573,0.9025605549393794,0.04407168792309873,4.0
1486,1.0,1.0,1.0,1.0,1.0,1.0,0.9928883242952657,0.9974226871052677,0.9433232129452342,0.9308824566854318,0.8751186588188367,0.6983243516962324,0.0
1487,0.0,0.0,0.0,0.0,0.0,0.0,0.02493334157849563,0.01917702500185262,0.009454717622522056,0.02362471241267963,0.07682039780289322,0.01307020089067069,1.0
1488,0.0,0.0,1.0,1.0,0.0,1.0,0.19007004241169595,0.5437846000041294,0.9371757485434276,0.6830701124604162,0.2662393221735002,0.6556717918371381,3.0
1489,1.0,1.0,1.0,1.0,1.0,1.0,0.9959019993569003,0.9988758329481104,0.965597973651438,0.9683894789882675,0.975911946907457,0.5891326164568356,0.0
1490,0.0,0.0,0.0,0.0,0.0,0.0,0.023168606285713288,0.025525189887261136,0.00994521542487258,0.02714275405863372,0.06696323095225486,0.018757886709726196,0.0
1491,0.0,1.0,1.0,1.0,1.0,0.0,0.5376901259774989,0.9580629305716701,0.9556700741447876,0.9456574639553169,0.9409501369946877,0.9199021358704753,2.0
1492,0.0,0.0,0.0,0.0,0.0,0.0,0.02314322311703712,0.04185214182692594,0.012423745958716733,0.03151673677794588,0.07996472828996362,0.014659335338146558,3.0
1493,0.0,1.0,1.0,1.0,1.0,1.0,0.4448912935510934,0.9688151694181293,0.9646986023639205,0.9661870673487705,0.5323128829051736,0.9560140936150356,1.0
1494,1.0,1.0,1.0,1.0,0.0,0.0,0.37006646943568705,0.6398910771763018,0.8999857062825379,0.8566602438975658,0.33987959503840376,0.4236446198355542,3.0
1495,1.0,1.0,1.0,1.0,1.0,1.0,0.98680439767576,0.992375591921109,0.7224949857441049,0.9008998906016384,0.9239547433696839,0.47018805378997786,4.0
1496,1.0,1.0,0.0,0.0,0.0,0.0,0.9944126805327154,0.9983833446099524,0.8438049373832543,0.8553867247394218,0.8783020267729398,0.19864513350085267,3.0
1497,1.0,1.0,1.0,0.0,1.0,0.0,0.9866776741861205,0.9971120208459392,0.734494437257529,0.7430180262765333,0.8359694198274632,0.1553151726588205,0.0
1498,0.0,0.0,0.0,0.0,0.0,0.0,0.02421027269513095,0.01015984788222125,0.009297892868931009,0.025664816001198833,0.048170499902960115,0.015745201011450178,4.0
1499,1.0,1.0,1.0,1.0,1.0,0.0,0.7728092316003821,0.7906891373845935,0.22747809756769866,0.09253186302092702,0.45101782988500055,0.10290080727452239,4.0
1500,1.0,1.0,1.0,1.0,1.0,1.0,0.917256061424013,0.9661789912589783,0.8094895360165886,0.5530115973307642,0.6528021958421304,0.3003349684387793,4.0
1501,0.0,1.0,1.0,1.0,0.0,1.0,0.208965431761587,0.8475352056190991,0.8534849189031181,0.8881143510817572,0.4613556118483967,0.774732975995475,0.0
1502,1.0,1.0,1.0,1.0,1.0,1.0,0.9242472274646533,0.9777718157602668,0.9098089198256043,0.979418602700401,0.9678042075134307,0.9499511270514828,0.0
1503,0.0,0.0,1.0,0.0,0.0,1.0,0.1490216831305844,0.23273458711530073,0.840846408379312,0.4226826914505176,0.16406667874836475,0.6351719171073836,0.0
1504,1.0,1.0,0.0,0.0,0.0,0.0,0.9851243133490848,0.983796746438023,0.8026330245877218,0.5710348587426576,0.673942142404909,0.38964575625512204,2.0
1505,0.0,1.0,1.0,1.0,0.0,1.0,0.0414282884485927,0.4485348772009615,0.6891292887031483,0.38728094198367435,0.12108739642319563,0.22548675485857458,3.0
1506,1.0,1.0,1.0,1.0,1.0,1.0,0.9925003575037155,0.9971516743854563,0.9453661132157503,0.8932907000248967,0.8246971030725577,0.731244164582365,2.0
1507,0.0,0.0,0.0,0.0,0.0,0.0,0.018479586246989952,0.01991432054796489,0.012664923479473124,0.034483597982213066,0.07451022244692587,0.014272415698125901,3.0
1508,1.0,1.0,1.0,1.0,1.0,1.0,0.9933658552696599,0.9986309636095332,0.9377415672798711,0.9575898635769688,0.8842744260090517,0.6809898159233857,4.0
1509,0.0,0.0,0.0,0.0,0.0,0.0,0.029511493879768386,0.03318744444510119,0.011720921226796764,0.04035609741247407,0.06272139978966906,0.019990100343129393,4.0
1510,0.0,0.0,0.0,0.0,0.0,0.0,0.021425274775441427,0.024531846087407733,0.014622628963925636,0.04366249976946726,0.07959506337389102,0.030558856066458577,0.0
1511,1.0,1.0,1.0,1.0,1.0,1.0,0.9965181448355329,0.998106415967101,0.8690924472663792,0.9597972752766605,0.8467689131347599,0.6518187617984244,0.0
1512,0.0,0.0,0.0,0.0,0.0,0.0,0.110336362264626,0.04984139218064776,0.014102773957743078,0.04989335579075898,0.11084620412945193,0.1322731296311375,4.0
1513,1.0,1.0,1.0,1.0,1.0,1.0,0.5968506915362344,0.7429595676283943,0.7751693669131454,0.9283346899892431,0.8207988990156541,0.7626278646227725,4.0
1514,0.0,0.0,0.0,0.0,0.0,0.0,0.025981794110961114,0.028243393292954964,0.012519013199603676,0.03015524311951365,0.06804544837228967,0.017410047435305106,1.0
1515,1.0,1.0,1.0,1.0,1.0,1.0,0.9905860169429536,0.9985966426019439,0.8182929356644064,0.9529539531134437,0.9752137430020003,0.23262515975901013,4.0
1516,0.0,0.0,0.0,0.0,0.0,0.0,0.029759143132691967,0.03554264223566069,0.028869847996830043,0.06666853544931228,0.10695736525937269,0.04550201384793699,2.0
1517,0.0,1.0,1.0,1.0,1.0,1.0,0.6369323296105199,0.9707218603916614,0.9868310801340444,0.9572417493744457,0.9078569305314538,0.9141824159628249,1.0
1518,1.0,1.0,1.0,1.0,1.0,1.0,0.9945618169834723,0.9908990269998825,0.924784746763751,0.9540394951565856,0.974636985465406,0.44770414705500344,3.0
1519,1.0,1.0,1.0,1.0,0.0,0.0,0.967501176047441,0.5979896617133155,0.8335845241589735,0.338013452363882,0.21565162164943188,0.5231135349935794,2.0
1520,1.0,1.0,1.0,1.0,1.0,1.0,0.9959933392564503,0.9984195704155485,0.9445385419025026,0.9678603815347089,0.8902241873977442,0.44308900708741505,4.0
1521,0.0,1.0,1.0,1.0,1.0,1.0,0.28189515889289485,0.9017651490275459,0.9311335140133933,0.9501520240176257,0.6949802953063273,0.8545460471185358,4.0
1522,0.0,1.0,1.0,1.0,0.0,1.0,0.3886926194275578,0.20148055595257774,0.2803280468442472,0.39515015739668563,0.4688782139585658,0.5091046127431044,4.0
1523,0.0,0.0,0.0,0.0,0.0,0.0,0.017999507791495402,0.029645155156514242,0.012326422141843927,0.03405059880773272,0.06483480431881235,0.017339235782953304,3.0
1524,0.0,0.0,0.0,0.0,1.0,0.0,0.07766599890118181,0.06030725625445093,0.029152217525860002,0.04219510861626103,0.11550269111149529,0.07165323982140073,0.0
1525,1.0,1.0,0.0,0.0,0.0,0.0,0.976603181403984,0.9958392602555316,0.8603304835289742,0.7169816546072836,0.8270195240949834,0.5824849239386028,1.0
1526,0.0,0.0,0.0,0.0,0.0,0.0,0.03129699254907592,0.09219048506017527,0.021772538823209835,0.0891598576376161,0.16608234693116627,0.047801501967803584,0.0
1527,1.0,1.0,1.0,1.0,1.0,0.0,0.9938235762751847,0.9951235339613186,0.9014268132940466,0.8183601934425347,0.785232484811099,0.2479497097965849,3.0
1528,1.0,1.0,1.0,1.0,0.0,1.0,0.9941222781466931,0.9977584672761262,0.9452003281348698,0.8113591998514039,0.907945135083863,0.7186263844838244,4.0
1529,1.0,1.0,0.0,0.0,1.0,0.0,0.9942929924862517,0.9965106468231727,0.8525274287393272,0.7922260050545359,0.7681602593788623,0.5560133667353846,2.0
1530,0.0,0.0,0.0,0.0,0.0,0.0,0.02007680840011356,0.008777571653165148,0.00767292522512506,0.027259578217771842,0.04072352892994414,0.015224652000963287,4.0
1531,1.0,1.0,0.0,0.0,1.0,0.0,0.9619641598697942,0.9783157932433778,0.0030067378015984723,0.014136631932259369,0.8197190994774943,0.006151985791193839,4.0
1532,0.0,0.0,0.0,0.0,0.0,0.0,0.6893656385093645,0.8475326072312768,0.004047088003279169,0.013884241487431177,0.5878847539030861,0.004688990436355225,1.0
1533,0.0,1.0,1.0,1.0,0.0,1.0,0.7725032408134498,0.9907304353334077,0.9705174204282261,0.990197662141944,0.9653299000036967,0.8280644142737659,1.0
1534,1.0,1.0,1.0,1.0,1.0,1.0,0.992942438645577,0.9984284429146862,0.8907942101984901,0.8406659191550498,0.9455829461719537,0.6619707563350863,4.0
1535,1.0,1.0,1.0,1.0,1.0,1.0,0.42238390917183405,0.9507847873622265,0.9053233377278462,0.9623904900519514,0.6333197611510862,0.7781449512664884,2.0
1536,1.0,1.0,1.0,1.0,1.0,1.0,0.7342320280082292,0.9866008384458826,0.9890624282097252,0.996208331741496,0.9507818598586543,0.9180052724327256,4.0
1537,1.0,1.0,1.0,1.0,1.0,1.0,0.9961627548676335,0.9985437457933586,0.9733495903929664,0.9872650242366647,0.9727089242443012,0.6395262769406802,0.0
1538,1.0,1.0,1.0,1.0,1.0,0.0,0.9937600065520379,0.9985584173817343,0.9432457124379358,0.9690125972404693,0.9712474347165703,0.39443204449728403,0.0
1539,1.0,1.0,1.0,1.0,1.0,0.0,0.9902562169983461,0.9989441956700071,0.9631127250057765,0.9794546688214675,0.9728681367462114,0.4636867466363489,1.0
1540,0.0,0.0,0.0,0.0,0.0,0.0,0.017543755554061107,0.016756478015963028,0.01107668847467537,0.029234491200145242,0.040433679516082045,0.01731770357602596,0.0
1541,1.0,1.0,1.0,1.0,1.0,1.0,0.9842817638831488,0.9580134432047749,0.8992741060386897,0.8787480217035599,0.9158740475851507,0.8097909791397396,4.0
1542,0.0,0.0,0.0,0.0,0.0,0.0,0.02047322054724548,0.03747725601799112,0.008079650670264582,0.02441404266457873,0.07469992828063957,0.014040634146172631,3.0
1543,0.0,0.0,1.0,0.0,0.0,0.0,0.11138263106506606,0.8311209587938193,0.8880721098321878,0.5499362384917675,0.1999693728357289,0.5346644843913779,2.0
1544,1.0,1.0,0.0,0.0,1.0,0.0,0.968285771268719,0.9454208182907737,0.03704964399175315,0.02402767214865368,0.3596437568960037,0.028599470794737795,4.0
1545,0.0,0.0,0.0,0.0,0.0,0.0,0.20461853544790787,0.4300446540409057,0.07700582927968959,0.35033284200198556,0.2646427526531631,0.5218470917689658,3.0
1546,1.0,1.0,1.0,1.0,1.0,1.0,0.9920147368046497,0.9989584392363968,0.9656402721908542,0.9569662890291282,0.9345581614991654,0.863918122350561,1.0
1547,0.0,0.0,1.0,1.0,0.0,0.0,0.07737252534233874,0.5662927964787502,0.6521904119016467,0.5462790287983781,0.3341493588805004,0.49073715348206404,2.0
1548,0.0,0.0,0.0,0.0,0.0,0.0,0.0266719014576643,0.04763953648373435,0.017535436424042414,0.04675607344450002,0.07693589244725098,0.023623672257067237,2.0
1549,1.0,1.0,1.0,1.0,1.0,1.0,0.6058850759571771,0.9835871104978622,0.981687739979919,0.9905774538157514,0.8784253772437102,0.8530963972339888,2.0
1550,0.0,0.0,0.0,0.0,0.0,0.0,0.026038128994152903,0.046970125677721464,0.009915345356369041,0.031172498640793214,0.06233333904900612,0.0128576447786772,0.0
1551,1.0,1.0,0.0,0.0,1.0,0.0,0.9498761819285066,0.9553073896842839,0.010417852617041,0.024333523154445848,0.5820140160617809,0.02377944338744507,2.0
1552,0.0,0.0,0.0,1.0,0.0,0.0,0.020984364045241018,0.024986464568723162,0.014243986772643828,0.037610686998364624,0.06720832879498925,0.023925078457224632,1.0
1553,0.0,0.0,0.0,0.0,0.0,0.0,0.02174964264021279,0.01761103667376695,0.009555163513371734,0.026234141643871896,0.04821533808536279,0.017937788988553395,0.0
1554,1.0,1.0,1.0,1.0,1.0,1.0,0.9870992973110351,0.98851256085507,0.6535843585239939,0.6098252445886247,0.8350925765616611,0.45802198395266575,2.0
1555,0.0,0.0,0.0,0.0,0.0,0.0,0.04890176457927497,0.05810445370214318,0.016515971451495772,0.0374317582466274,0.06651795794558933,0.039501196557947246,0.0
1556,1.0,1.0,1.0,1.0,1.0,1.0,0.9959957271262505,0.9986408507998553,0.9080701595509969,0.9035454279885485,0.8973953767963448,0.297699192434552,3.0
1557,0.0,0.0,0.0,0.0,0.0,0.0,0.022115161994909673,0.021893088553307377,0.009186455542746325,0.02551500916756992,0.0888977629079666,0.01501498232485212,0.0
1558,1.0,1.0,0.0,1.0,1.0,1.0,0.9001258596147366,0.5729239526033584,0.0075862654865107,0.14363759072395452,0.783094147113622,0.6796763344988791,0.0
1559,1.0,1.0,0.0,1.0,1.0,1.0,0.860086471849678,0.8795005069530641,0.011162506401150931,0.33206387060506176,0.8309359269977209,0.6982768529458395,3.0
1560,1.0,0.0,0.0,0.0,1.0,0.0,0.8422884299578113,0.33265493649828765,0.02565101881592158,0.038056550268850985,0.3045704410769773,0.022221415733209023,2.0
1561,0.0,1.0,1.0,1.0,1.0,1.0,0.3238006474496549,0.8011254428410328,0.9057752198700182,0.8848997851974014,0.43921045628961797,0.8944770302739976,1.0
1562,1.0,1.0,1.0,1.0,1.0,1.0,0.7935125041371855,0.9638634422492888,0.9803125876515513,0.9881426498939214,0.8679124723791402,0.9414583656845207,0.0
1563,1.0,1.0,1.0,1.0,1.0,0.0,0.9913954695324925,0.9982574111974714,0.9229608743567173,0.918119267163846,0.9118659142192763,0.5195964214536338,0.0
1564,0.0,0.0,0.0,0.0,0.0,0.0,0.019486299803581374,0.026274878387276768,0.009234307487600261,0.06041771398830502,0.07712248317046654,0.01388946910841142,3.0
1565,0.0,0.0,0.0,0.0,0.0,0.0,0.06054516134867936,0.030859526129042768,0.015652742661348213,0.042152397724436436,0.218364039383639,0.028253788091856046,1.0
1566,1.0,1.0,0.0,1.0,1.0,0.0,0.9894664385493619,0.9978854480884782,0.8910979787543172,0.9306174035000283,0.9722388535710659,0.14212159780782108,4.0
1567,0.0,1.0,1.0,0.0,0.0,1.0,0.16928750254087152,0.30021764481512014,0.926396183960443,0.5408023973233957,0.15864284793781191,0.48088935247392645,3.0
1568,0.0,0.0,0.0,0.0,0.0,0.0,0.014927782971415858,0.04083260270872442,0.011727841432288603,0.02939478862965165,0.07834970678492258,0.011346483829187681,3.0
1569,0.0,0.0,0.0,0.0,0.0,0.0,0.03039801993474167,0.03829057473205405,0.01151403500402401,0.04363884067516547,0.12021820448820385,0.04256693212290297,4.0
1570,1.0,1.0,1.0,1.0,1.0,0.0,0.9813239415890315,0.9915753429471276,0.5192398484859114,0.31741201419805254,0.6224955877246803,0.1425081630815164,3.0
1571,1.0,1.0,1.0,1.0,1.0,1.0,0.7486421802893142,0.9602554974210722,0.9861165067996027,0.9777188361503534,0.802810086625966,0.9684969209222608,4.0
1572,0.0,0.0,1.0,0.0,0.0,1.0,0.10417150208016523,0.14627015292048898,0.38180805544119983,0.1433139983141036,0.133764398267021,0.2517781359646481,1.0
1573,0.0,0.0,0.0,0.0,0.0,0.0,0.0270302428447169,0.023894443048808885,0.011807164862248433,0.03100995380699284,0.0696183383334554,0.02102630588263218,1.0
1574,1.0,1.0,1.0,1.0,1.0,0.0,0.9933245593533713,0.9981931992662327,0.940698600696853,0.9333341534030208,0.9317329229012318,0.7833296447728889,4.0
1575,1.0,1.0,1.0,1.0,1.0,1.0,0.9674094294753454,0.9845329652930268,0.9114772156412354,0.9644334002238701,0.9781778767934507,0.7035451841546583,0.0
1576,1.0,1.0,1.0,1.0,1.0,1.0,0.9928910705087743,0.9982743212371045,0.7601701454835983,0.9463542774472594,0.9922579159823969,0.7772266443432813,4.0
1577,1.0,1.0,1.0,1.0,1.0,1.0,0.4476945781331049,0.8265887641189074,0.9639810441782458,0.8497811296305353,0.5767166081276569,0.8917636827382306,3.0
1578,0.0,0.0,1.0,1.0,0.0,0.0,0.4668125720392695,0.8432136842125377,0.9635472618083927,0.8570602991068997,0.28301019051749354,0.7025954011752319,1.0
1579,0.0,0.0,0.0,0.0,0.0,0.0,0.06823639891830251,0.07380538184690183,0.01488701793637757,0.06902039995390054,0.17159902508026934,0.024759469923784406,4.0
1580,1.0,1.0,1.0,1.0,1.0,0.0,0.9880095539451348,0.9986486925736887,0.8912578628335276,0.8540198851611055,0.7913256786222445,0.31166281077617775,1.0
1581,1.0,1.0,0.0,0.0,1.0,0.0,0.7061813535978307,0.6430662874206698,0.010323191151220754,0.03194106264565673,0.5578230490930944,0.010690391825072471,0.0
1582,1.0,1.0,0.0,0.0,1.0,0.0,0.9869583957392493,0.9949963011189369,0.014608930840053703,0.039469928816784926,0.9707755670307517,0.19225784920882621,1.0
1583,1.0,1.0,0.0,0.0,1.0,0.0,0.9848312430873629,0.989399207245722,0.014338473897487818,0.04806036030965005,0.8055482800884899,0.028926989778333148,1.0
1584,1.0,1.0,0.0,0.0,1.0,0.0,0.9473656629152445,0.931791010062262,0.012434088633945425,0.09296100243275027,0.8742733917692425,0.4937685171963377,4.0
1585,0.0,0.0,0.0,0.0,0.0,0.0,0.03175982211149035,0.03379776142500535,0.014781830006924875,0.032222297699842445,0.12761907300939013,0.02362637013874547,4.0
1586,0.0,0.0,0.0,0.0,0.0,0.0,0.06434932898465444,0.20143468700823391,0.1706180801624029,0.08465776832458241,0.09218686616934904,0.13191254669721716,1.0
1587,1.0,1.0,1.0,1.0,1.0,1.0,0.34039152614469453,0.9081809610993559,0.9812849509828655,0.957585243326553,0.6670294227886696,0.9639473830264452,1.0
1588,0.0,0.0,0.0,0.0,1.0,0.0,0.024081288344873344,0.020988197361099293,0.011039414597287156,0.020207697545563594,0.07155586398616887,0.017596537961818627,0.0
1589,1.0,1.0,1.0,1.0,1.0,0.0,0.9886676414860488,0.9984003650854711,0.9289021463134265,0.9321349621547131,0.8794021144390898,0.7691889542202566,3.0
1590,0.0,0.0,0.0,0.0,0.0,0.0,0.026973815549064407,0.022009619905109575,0.01178625755655832,0.042094622161905,0.10076328862633338,0.019001403840913998,4.0
1591,1.0,1.0,1.0,1.0,1.0,1.0,0.7877121314225556,0.9620107464009902,0.9744869417270218,0.9783781709830885,0.9298627074663053,0.9740600091744941,0.0
1592,0.0,0.0,0.0,0.0,0.0,0.0,0.018505525898644272,0.022315454481065197,0.009042256315470136,0.02395397254729188,0.08738339993617582,0.012159833813418817,3.0
1593,1.0,1.0,0.0,0.0,1.0,0.0,0.19545339768579548,0.313863736608092,0.013042677126569101,0.07150316200260412,0.6270740063299716,0.03654999002500758,0.0
1594,1.0,1.0,0.0,0.0,1.0,0.0,0.9751935674575127,0.9779509841933369,0.007808246727829207,0.03715454111910576,0.584143975777231,0.015020305588467658,3.0
1595,0.0,0.0,0.0,0.0,0.0,0.0,0.024614422662260188,0.02538962304627015,0.011642995805461331,0.03730584452088644,0.0707970542526405,0.020577944460712747,4.0
1596,0.0,0.0,0.0,0.0,0.0,0.0,0.017507370918208708,0.01660005428904087,0.009371868190699066,0.030217240346991425,0.04593436794231011,0.015074265071904958,4.0
1597,0.0,0.0,0.0,0.0,0.0,0.0,0.023575461993221223,0.014463983937201505,0.009119349247455897,0.02748441322904871,0.055700180370330005,0.018929665662511447,0.0
1598,1.0,1.0,0.0,0.0,1.0,0.0,0.9702351785951786,0.9552478388195899,0.00961555865434435,0.01998849847134629,0.4816458854242806,0.010995078418193516,3.0
1599,0.0,0.0,0.0,0.0,0.0,0.0,0.020042826376549146,0.025937759399917566,0.01123504407610791,0.03577190756867689,0.16360572687574285,0.015980801205272073,3.0
1600,1.0,1.0,0.0,0.0,1.0,0.0,0.9700361460292475,0.988760016112836,0.013058332429411467,0.03964992185980061,0.9231137835604294,0.008888794378235103,0.0
1601,1.0,1.0,0.0,0.0,1.0,0.0,0.9702112457011307,0.9521105730691299,0.005225047140346392,0.10490267594033845,0.939118523255078,0.4778936486998307,0.0
1602,0.0,1.0,1.0,1.0,1.0,0.0,0.1576498392154088,0.9441810882470697,0.5372295781811678,0.5572675717065534,0.6630221457674612,0.3476938932295519,4.0
1603,1.0,1.0,0.0,0.0,1.0,0.0,0.9777351044437149,0.9857263051382641,0.031843141549010134,0.04576603516253844,0.9203998443866189,0.019251468935438193,0.0
1604,0.0,0.0,0.0,0.0,0.0,0.0,0.01790652658106235,0.018511288465309646,0.010024119820913138,0.030339794194990225,0.055811270541064856,0.020425413344803647,1.0
1605,0.0,0.0,0.0,0.0,0.0,0.0,0.02550068374942526,0.022628818539868815,0.0105926500272052,0.029021530771282427,0.07661280144146658,0.014079629262927358,1.0
1606,1.0,1.0,1.0,1.0,1.0,1.0,0.9910876025615198,0.9979753657001212,0.8674011840103859,0.9063023913812935,0.9021356993397085,0.31374590136855873,4.0
1607,1.0,1.0,1.0,1.0,1.0,0.0,0.9859440072101632,0.9927376769505601,0.7209690838841005,0.5448243246983158,0.7574989742068625,0.16930707453069008,0.0
1608,1.0,1.0,0.0,0.0,0.0,0.0,0.9833709288366206,0.9926387781900797,0.38252584735523065,0.2348776283636142,0.5341077741639655,0.06096863477403341,2.0
1609,1.0,1.0,1.0,0.0,0.0,0.0,0.9851376536979144,0.996725246016995,0.879722138033279,0.6413449295197909,0.8233879181205299,0.6085766489661056,4.0
1610,1.0,1.0,0.0,0.0,1.0,0.0,0.9832433462416109,0.9946690664737292,0.1148005718695078,0.13334900822553356,0.9164009542579268,0.040907716404816906,0.0
1611,0.0,0.0,0.0,0.0,0.0,0.0,0.021282590450700054,0.021396798742482483,0.011310321362804583,0.03698388744500407,0.0654328099544209,0.011558289101057224,3.0
1612,1.0,1.0,0.0,0.0,0.0,0.0,0.9685599065665343,0.9131262551209476,0.02165337193635663,0.022308478076961992,0.5161889884901134,0.025862738608869142,1.0
1613,1.0,1.0,1.0,1.0,1.0,1.0,0.34513202681654903,0.9067042591784947,0.9383081817863888,0.9405440267013924,0.5582444239867332,0.7592608390719501,0.0
1614,1.0,1.0,0.0,1.0,1.0,0.0,0.9930237523489795,0.9985567645398155,0.8542863548823251,0.8931222144624782,0.8809863037402891,0.37402906081840426,1.0
1615,0.0,1.0,1.0,1.0,0.0,1.0,0.27992822038424703,0.8154846675838701,0.966595295529022,0.7768129225391759,0.2773119028869214,0.866292542421318,0.0
1616,1.0,1.0,0.0,0.0,0.0,0.0,0.6456142088425008,0.6971014766810238,0.5827094714778515,0.27554650975312867,0.34097401999398513,0.32111294216511743,0.0
1617,0.0,0.0,0.0,0.0,0.0,0.0,0.8185786045121153,0.9402045103362218,0.4232011632350132,0.2686580911867768,0.31351342657717357,0.1835782143019045,3.0
1618,1.0,1.0,0.0,0.0,1.0,0.0,0.9804617353705749,0.9830300697839237,0.016329326989609524,0.03397807188271053,0.5178966686647944,0.015781429010098078,0.0
1619,1.0,1.0,1.0,1.0,1.0,1.0,0.9963663892214771,0.9986847846878805,0.9725620971206127,0.9835716094897775,0.9536937222480737,0.3111924039876051,0.0
1620,1.0,1.0,1.0,1.0,1.0,1.0,0.9897470205947431,0.9991607816413168,0.9448596935451127,0.8811773906331297,0.88406656730978,0.46521077308070097,1.0
1621,1.0,1.0,1.0,1.0,1.0,1.0,0.9918853073981968,0.9981266501138538,0.8855242569800922,0.9146744967323888,0.887112315728258,0.312807141546141,3.0
1622,1.0,1.0,1.0,1.0,1.0,1.0,0.9850370349941513,0.9979652425124607,0.8893788282342376,0.9284285050830631,0.8450860389300838,0.6513861887305129,4.0
1623,0.0,1.0,1.0,1.0,1.0,1.0,0.5652377694309374,0.9726201513487824,0.9705909346276574,0.9706462591558701,0.7727777992535665,0.9458957140005899,0.0
1624,1.0,1.0,1.0,1.0,1.0,1.0,0.9591755675572292,0.9943361778166312,0.9214948805948647,0.9334388318465667,0.9308408345214431,0.4836507393732695,0.0
1625,1.0,1.0,1.0,1.0,1.0,1.0,0.9933973365290496,0.9986970055541694,0.92957826474297,0.953598866128739,0.9386756871956515,0.7451208424457711,2.0
1626,1.0,1.0,0.0,0.0,1.0,0.0,0.7276006969702453,0.848151398237422,0.21889623592787263,0.08416145932148282,0.3071663693284832,0.07293082392819975,3.0
1627,0.0,0.0,0.0,0.0,0.0,0.0,0.025719348609500925,0.016146326440671196,0.024877417256113817,0.041951078392951154,0.06321852506118239,0.04757304640460952,4.0
1628,1.0,1.0,1.0,0.0,1.0,0.0,0.9929702683242249,0.9983246971599699,0.8880286762397431,0.7071875321090016,0.7035150947593025,0.49823480110660884,3.0
1629,0.0,0.0,0.0,0.0,0.0,0.0,0.03226329998980099,0.0568814592944845,0.0139849775976441,0.04509401298392196,0.0908771105062007,0.032011340768365946,1.0
1630,0.0,0.0,0.0,0.0,0.0,0.0,0.024507561162633654,0.016034821253060206,0.006882249450335411,0.040313701522346715,0.14737044367874433,0.01239631486553,4.0
1631,0.0,0.0,0.0,0.0,1.0,0.0,0.027695967932604572,0.03797478918873252,0.012744371854657382,0.03758955843345651,0.08124594358476035,0.01782902241122578,4.0
1632,1.0,1.0,1.0,1.0,1.0,1.0,0.992511339824751,0.9956981536390862,0.16843406985786283,0.5422255371869579,0.9607710293126164,0.028984781799347038,1.0
1633,0.0,0.0,0.0,0.0,0.0,0.0,0.02272354924620745,0.044343598327266066,0.01427990081804453,0.03641479121854959,0.231621849020561,0.014898404379965651,3.0
1634,1.0,1.0,0.0,0.0,1.0,0.0,0.992166049973189,0.9978106135215068,0.8942855770471854,0.7699851200450563,0.9690549108284958,0.0691737912233454,3.0
1635,1.0,1.0,1.0,1.0,1.0,1.0,0.9921807152879547,0.9986045829582733,0.9725227480115818,0.92438608408551,0.8994246214624552,0.7540999044996525,3.0
1636,1.0,1.0,0.0,0.0,0.0,0.0,0.9850509076027849,0.9971659315799791,0.8170540906808005,0.855205743330246,0.894311706374801,0.4693828828370662,2.0
1637,0.0,0.0,0.0,0.0,1.0,0.0,0.05200483291693933,0.030669731908372237,0.019488869494075228,0.03794332827904059,0.07519411935859713,0.027825936752577055,1.0
1638,1.0,1.0,1.0,1.0,1.0,0.0,0.9885036580558508,0.9868147459219757,0.6863772714799649,0.47008446175602775,0.7945793795734154,0.21032542172184363,4.0
1639,0.0,0.0,0.0,0.0,0.0,0.0,0.022127283549695533,0.023764947110722023,0.009804260489285673,0.026137006546061194,0.04890774762022145,0.020681395180173576,0.0
1640,0.0,0.0,0.0,0.0,0.0,0.0,0.02182348405094336,0.028097341998647364,0.010632912521068193,0.03540788003233577,0.07762182556628419,0.015413727530512615,2.0
1641,1.0,1.0,0.0,0.0,1.0,0.0,0.9844407737136588,0.9943677281679836,0.008613640836860685,0.08762638513173279,0.9606611326002015,0.19511809251854317,3.0
1642,0.0,0.0,0.0,0.0,0.0,0.0,0.02685858972060717,0.03187087506532979,0.011811486931263215,0.020658532089371535,0.06892274302949612,0.02981208883819815,0.0
1643,1.0,1.0,0.0,1.0,1.0,1.0,0.990674030393171,0.997932252885346,0.7582246809878587,0.8447212417395283,0.9560478506807405,0.3863800991868559,3.0
1644,1.0,1.0,0.0,0.0,1.0,0.0,0.967609946537899,0.9714333539013053,0.014915393662197603,0.0227493975837086,0.7731567062719279,0.016423170547252584,4.0
1645,0.0,0.0,0.0,0.0,0.0,0.0,0.044315988094881534,0.08996629151985054,0.02431567265592101,0.06130206644808068,0.11221507701664958,0.025394478519282514,3.0
1646,1.0,1.0,1.0,1.0,1.0,1.0,0.9922944166198756,0.9984042558870703,0.6907045864360029,0.7797655633698445,0.6957582029283335,0.2484335771227784,2.0
1647,1.0,1.0,0.0,1.0,1.0,0.0,0.9944908527458852,0.9987864419325717,0.8959584388192462,0.919682610431306,0.8672439027805326,0.4004723338347876,4.0
1648,1.0,1.0,1.0,1.0,1.0,1.0,0.9919543456180157,0.9980865118406358,0.8894227739931567,0.8681081101470649,0.8777358328114792,0.3625970370910941,3.0
1649,1.0,1.0,1.0,1.0,1.0,1.0,0.4182833843088239,0.9511309608910066,0.9257757465915011,0.918115977446552,0.4727064250034097,0.8360593124064003,2.0
1650,1.0,1.0,1.0,1.0,1.0,1.0,0.7914873300685004,0.948072899821523,0.8995846150001449,0.929571984703349,0.4730300784740216,0.8252339291319981,2.0
1651,1.0,1.0,0.0,0.0,0.0,0.0,0.981562564246533,0.9974387800760104,0.7643980951014505,0.4158261438969563,0.8799533220646747,0.09893304312898277,4.0
1652,1.0,1.0,1.0,1.0,1.0,1.0,0.9872641507858521,0.9930564372344262,0.4650655547092406,0.4399089570619336,0.6410715812594714,0.20407245837277782,3.0
1653,1.0,1.0,1.0,1.0,1.0,0.0,0.989346918429059,0.9962924731114422,0.7954043422983217,0.792787468201457,0.7933270290791196,0.2552908831448549,0.0
1654,1.0,1.0,0.0,0.0,1.0,0.0,0.979570647480994,0.9852458416329908,0.0378525433935465,0.045990147487652434,0.7008444189665897,0.05548116838110204,0.0
1655,0.0,0.0,0.0,0.0,0.0,0.0,0.027476735613721805,0.035326348855402916,0.013460135564384737,0.03282602034083483,0.061478185993702014,0.02161808679125154,1.0
1656,1.0,1.0,0.0,0.0,1.0,0.0,0.9757838780942056,0.9981521919358001,0.4162156395556431,0.3845321025625962,0.9667547226098065,0.04065953242380926,1.0
1657,1.0,1.0,0.0,0.0,0.0,0.0,0.968334339521027,0.9144739792239235,0.00779013721198664,0.013462680166839077,0.49399568043287034,0.010753843204802294,4.0
1658,0.0,0.0,0.0,0.0,0.0,0.0,0.019700637804438485,0.0242892764878123,0.007307415114483789,0.029147422911213743,0.05372265318452277,0.011834756919828373,3.0
1659,1.0,1.0,1.0,1.0,1.0,1.0,0.684241094396188,0.9163435685745009,0.9708575940166633,0.9282487658728296,0.7170509913977164,0.8296857366597854,1.0
1660,1.0,1.0,1.0,1.0,1.0,1.0,0.9935044869646793,0.9991939459499406,0.9568215643837255,0.9591522430800389,0.9186392948755207,0.7450961322027647,1.0
1661,1.0,1.0,1.0,1.0,1.0,1.0,0.9956103955482112,0.9977211636544443,0.9340384639869197,0.8974939360928118,0.6458706044603594,0.4237163284586825,0.0
1662,1.0,1.0,1.0,1.0,1.0,0.0,0.9920311449525212,0.9982203644206077,0.841460933722654,0.7586863240528989,0.81201476176298,0.32854666047368863,0.0
1663,0.0,0.0,0.0,0.0,0.0,0.0,0.028576104339368868,0.027332808112853366,0.010762165055696753,0.030162651290088657,0.07487401801470582,0.024771683380408967,0.0
1664,0.0,0.0,0.0,0.0,0.0,0.0,0.028110254006512677,0.01790773445025007,0.013842575523703016,0.039442364406139976,0.05330684721549684,0.016973051745877123,1.0
1665,1.0,1.0,1.0,1.0,1.0,1.0,0.9882617602553054,0.9993433752572444,0.9194657115748532,0.9080954545124579,0.9026736201961116,0.40864774976911183,1.0
1666,0.0,0.0,0.0,0.0,0.0,0.0,0.024980680440892186,0.013507350676201834,0.00843093667339104,0.03237286313132784,0.10725158654341212,0.023477617770227367,4.0
1667,0.0,0.0,0.0,0.0,0.0,0.0,0.022948233545152595,0.02381564043382437,0.00954859388645151,0.029676695939117263,0.058845727100144705,0.015839408443933597,0.0
1668,1.0,1.0,1.0,1.0,0.0,1.0,0.9822250247442967,0.9905217356943824,0.9344157723896911,0.9538823858618577,0.9088430544821251,0.47026889403443084,0.0
1669,1.0,1.0,0.0,0.0,0.0,0.0,0.9676647852579399,0.9666320729724555,0.010407011887970278,0.05482193972608519,0.5497983953640528,0.034949280596506545,2.0
1670,0.0,0.0,0.0,0.0,0.0,0.0,0.7123527484564603,0.3342784476097161,0.022972098757482178,0.020642819128245615,0.28274094518685494,0.020404535914485513,4.0
1671,1.0,1.0,1.0,1.0,1.0,1.0,0.4175092523372871,0.9007678999169358,0.9677682327929267,0.9492146760606367,0.5885046381271423,0.9274370988734842,3.0
1672,1.0,1.0,0.0,1.0,1.0,0.0,0.9817333630327831,0.9982863497883241,0.7734438375369315,0.907275334769267,0.9843740963321185,0.13110786514625367,4.0
1673,0.0,0.0,0.0,0.0,0.0,0.0,0.02161881345343557,0.03246225738228639,0.01165736481185196,0.03487346290194842,0.11237157732899167,0.014024542142939002,3.0
