,True_3TC,True_ABC,True_AZT,True_D4T,True_DDI,True_TDF,Pred_Proba_3TC,Pred_Proba_ABC,Pred_Proba_AZT,Pred_Proba_D4T,Pred_Proba_DDI,Pred_Proba_TDF,kFolds
0,0.0,1.0,1.0,1.0,0.0,,0.54443824,0.618084,0.4168531,0.41532272,0.50715625,0.24532296,3.0
1,0.0,1.0,1.0,1.0,0.0,,0.57427365,0.63732916,0.38098046,0.44983745,0.5039062,0.24088903,4.0
2,1.0,1.0,0.0,0.0,0.0,,0.58535486,0.64449275,0.4512492,0.47085023,0.5415194,0.2796188,1.0
3,1.0,1.0,0.0,0.0,0.0,,0.6049268,0.6640985,0.49149227,0.48327637,0.5854206,0.28632745,2.0
4,1.0,1.0,1.0,0.0,0.0,,0.5743803,0.62560207,0.41735268,0.42023197,0.51004475,0.2431063,3.0
5,0.0,0.0,1.0,0.0,0.0,,0.5844839,0.65777314,0.49422032,0.4916225,0.55240244,0.29775473,2.0
6,1.0,1.0,0.0,1.0,1.0,,0.6083902,0.66233814,0.48032036,0.46374768,0.55080813,0.28252393,2.0
7,0.0,,0.0,0.0,1.0,,0.5954744,0.65826154,0.48762745,0.47258225,0.56522673,0.2989995,2.0
8,0.0,,0.0,1.0,0.0,,0.56908214,0.6446273,0.4016025,0.4577249,0.5230857,0.24688762,4.0
9,1.0,1.0,1.0,1.0,1.0,,0.52021194,0.61356574,0.41394025,0.4228853,0.49242762,0.24296789,3.0
10,0.0,1.0,1.0,1.0,1.0,,0.57127523,0.66072595,0.47807875,0.4669321,0.5585415,0.27458885,2.0
11,1.0,1.0,1.0,1.0,1.0,,0.57537293,0.6364371,0.42808384,0.43849373,0.5393942,0.24774423,3.0
12,1.0,1.0,0.0,0.0,0.0,,0.60738,0.66734797,0.5001763,0.49452406,0.5732966,0.29411072,2.0
13,1.0,1.0,0.0,1.0,1.0,,0.6162839,0.7023825,0.47878796,0.49767247,0.5674841,0.2784948,0.0
14,1.0,1.0,0.0,1.0,1.0,1.0,0.6011222,0.6548367,0.47505862,0.4564858,0.5367007,0.25884694,2.0
15,1.0,1.0,0.0,1.0,1.0,1.0,0.5962746,0.6539576,0.44063997,0.41134334,0.55310243,0.27918154,1.0
16,1.0,0.0,0.0,0.0,0.0,1.0,0.578944,0.63009745,0.45197904,0.47844163,0.6048159,0.24614912,4.0
17,0.0,0.0,0.0,0.0,0.0,0.0,0.57798404,0.63019985,0.39671358,0.4386745,0.52664536,0.2387082,4.0
18,0.0,0.0,0.0,0.0,0.0,0.0,0.6027792,0.6634013,0.4870382,0.4801703,0.5843113,0.28766406,2.0
19,0.0,0.0,0.0,0.0,0.0,0.0,0.5760333,0.6262987,0.41738868,0.45327747,0.48462203,0.24634361,4.0
20,1.0,1.0,0.0,1.0,1.0,1.0,0.5851473,0.65012115,0.41134095,0.40924525,0.52124673,0.2665759,0.0
21,0.0,1.0,0.0,0.0,1.0,0.0,0.5680992,0.6140192,0.4174501,0.4407107,0.49137008,0.25187743,4.0
22,0.0,1.0,0.0,0.0,0.0,0.0,0.58862156,0.6432095,0.44585216,0.40966427,0.48166153,0.2498816,3.0
23,1.0,1.0,0.0,0.0,0.0,0.0,0.6151258,0.65745026,0.49220443,0.47342822,0.55821943,0.27497095,0.0
24,1.0,1.0,0.0,0.0,1.0,0.0,0.5730403,0.6489384,0.47154403,0.4553932,0.5350858,0.25833666,2.0
25,1.0,1.0,0.0,0.0,1.0,0.0,0.57839227,0.65310395,0.37171295,0.42733482,0.48514223,0.2767627,1.0
26,1.0,1.0,0.0,0.0,1.0,0.0,0.55987614,0.5894836,0.42147982,0.4339062,0.4696729,0.2428079,4.0
27,1.0,1.0,0.0,0.0,1.0,0.0,0.5730571,0.6441691,0.47375175,0.4544708,0.5168104,0.27016038,2.0
28,1.0,1.0,1.0,1.0,1.0,,0.52422893,0.61949205,0.41595823,0.42587346,0.49604926,0.24470852,3.0
29,0.0,0.0,0.0,0.0,0.0,0.0,0.5810561,0.6524876,0.4431572,0.4830182,0.55666363,0.2539164,0.0
30,0.0,0.0,0.0,0.0,0.0,0.0,0.58344334,0.66960186,0.43469974,0.5850297,0.58609456,0.249944,1.0
31,0.0,0.0,,,,0.0,0.5925325,0.65246147,0.4884714,0.48012394,0.5620231,0.26965636,2.0
32,1.0,1.0,,,,1.0,0.583347,0.6480702,0.44873235,0.4116527,0.5500952,0.27681816,1.0
33,0.0,1.0,0.0,1.0,1.0,0.0,0.5559212,0.63142025,0.4156582,0.4215761,0.5344524,0.24745017,3.0
34,0.0,1.0,0.0,1.0,1.0,0.0,0.57220536,0.6188932,0.32501438,0.42911816,0.5088505,0.23833467,4.0
35,0.0,0.0,0.0,0.0,0.0,0.0,0.57874,0.64961135,0.3921583,0.44890475,0.53280663,0.23660448,4.0
36,0.0,0.0,0.0,0.0,0.0,0.0,0.57094413,0.63999826,0.40863088,0.4132487,0.50593626,0.24459924,3.0
37,0.0,1.0,0.0,1.0,1.0,0.0,0.5738225,0.63832086,0.32560068,0.43576053,0.519142,0.23570311,4.0
38,1.0,1.0,0.0,1.0,1.0,0.0,0.56489414,0.6311042,0.41236153,0.41317242,0.52080005,0.2464382,3.0
39,1.0,1.0,0.0,1.0,1.0,0.0,0.56420946,0.66189826,0.36722103,0.4501935,0.5374124,0.26103476,1.0
40,0.0,1.0,0.0,1.0,1.0,0.0,0.5660363,0.6422199,0.41785893,0.41570994,0.5150403,0.24315916,3.0
41,0.0,1.0,0.0,0.0,1.0,0.0,0.5670048,0.66395795,0.3666063,0.4485224,0.532111,0.27001357,1.0
42,0.0,1.0,0.0,0.0,1.0,0.0,0.5954744,0.65826154,0.48762745,0.47258225,0.56522673,0.2989995,2.0
43,0.0,0.0,0.0,0.0,0.0,0.0,0.5737474,0.6699786,0.45279422,0.4729792,0.5542174,0.2751038,1.0
44,0.0,0.0,0.0,0.0,0.0,0.0,0.6012869,0.6700549,0.45959798,0.48585102,0.5311773,0.28017256,0.0
45,0.0,0.0,0.0,0.0,0.0,0.0,0.57043695,0.6461064,0.46909085,0.4656868,0.5370668,0.27459764,1.0
46,0.0,0.0,0.0,0.0,0.0,0.0,0.58212614,0.6606964,0.4532235,0.47998333,0.5167934,0.24104556,3.0
47,1.0,1.0,0.0,0.0,1.0,0.0,0.57236385,0.6437423,0.4820619,0.43759394,0.52871025,0.21423975,2.0
48,1.0,1.0,0.0,0.0,1.0,0.0,0.57236385,0.6437423,0.4820619,0.43759394,0.52871025,0.21423975,2.0
49,1.0,1.0,0.0,0.0,1.0,0.0,0.6073101,0.6600738,0.48002854,0.46507138,0.5546555,0.26343644,0.0
50,1.0,1.0,0.0,0.0,1.0,0.0,0.60684603,0.6792604,0.5002007,0.51325834,0.56706685,0.27022725,4.0
51,1.0,1.0,0.0,0.0,1.0,0.0,0.60355324,0.6517302,0.46095723,0.46707654,0.5474684,0.27488887,0.0
52,1.0,1.0,0.0,0.0,1.0,0.0,0.5676921,0.6440864,0.4735692,0.46620518,0.55127275,0.25473043,2.0
53,1.0,1.0,0.0,0.0,1.0,0.0,0.5905793,0.6419109,0.43238395,0.46803933,0.5032616,0.2480706,4.0
54,1.0,1.0,0.0,0.0,1.0,0.0,0.5675222,0.645965,0.475668,0.47318432,0.55581975,0.25554156,2.0
55,0.0,0.0,0.0,0.0,0.0,0.0,0.5668583,0.6435221,0.47061634,0.46196234,0.548545,0.25695425,2.0
56,0.0,0.0,0.0,0.0,0.0,0.0,0.59275746,0.6468755,0.44581467,0.460642,0.5363893,0.27495763,0.0
57,1.0,1.0,1.0,1.0,1.0,1.0,0.59804577,0.64098924,0.38688037,0.47982204,0.5172353,0.22835252,3.0
58,0.0,1.0,1.0,1.0,1.0,1.0,0.58710617,0.6446992,0.4868372,0.563557,0.5430075,0.25682247,1.0
59,1.0,1.0,1.0,1.0,1.0,1.0,0.6116433,0.6877904,0.48046476,0.4890879,0.53555727,0.28093696,1.0
60,1.0,1.0,1.0,1.0,1.0,1.0,0.6086686,0.655195,0.49867907,0.48968062,0.54905194,0.30189818,2.0
61,1.0,1.0,1.0,1.0,1.0,1.0,0.560755,0.6462408,0.43611982,0.41430885,0.48897773,0.24563184,3.0
62,1.0,1.0,1.0,1.0,1.0,1.0,0.560755,0.6462408,0.43611982,0.41430885,0.48897773,0.24563184,3.0
63,1.0,1.0,0.0,0.0,0.0,0.0,0.6158109,0.66758525,0.48267627,0.44671893,0.5387464,0.2536113,0.0
64,1.0,1.0,0.0,0.0,0.0,0.0,0.6107663,0.71818614,0.45126984,0.4652667,0.5776439,0.24977475,4.0
65,1.0,1.0,1.0,1.0,1.0,0.0,0.6008346,0.639734,0.4623883,0.46252173,0.5316055,0.25181952,0.0
66,1.0,1.0,1.0,1.0,1.0,0.0,0.6045502,0.66942364,0.49983588,0.49318832,0.56314194,0.28724107,2.0
67,0.0,1.0,1.0,1.0,0.0,1.0,0.5853721,0.6371001,0.44483283,0.47483584,0.52757883,0.25451678,0.0
68,0.0,1.0,1.0,1.0,0.0,1.0,0.5642641,0.6576097,0.49067777,0.49411422,0.56895745,0.2592438,2.0
69,0.0,0.0,0.0,0.0,0.0,0.0,0.58782357,0.6533234,0.44838813,0.466718,0.5420872,0.26918504,0.0
70,0.0,0.0,0.0,0.0,0.0,0.0,0.58782357,0.6533234,0.44838813,0.466718,0.5420872,0.26918504,0.0
71,1.0,1.0,0.0,1.0,1.0,0.0,0.60512114,0.66915005,0.4626268,0.48145685,0.5535864,0.2688986,0.0
72,1.0,1.0,0.0,1.0,1.0,0.0,0.57012856,0.6270006,0.45508736,0.48206836,0.5470232,0.2749598,1.0
73,1.0,1.0,0.0,0.0,1.0,0.0,0.573552,0.64867103,0.47663587,0.49281484,0.56093603,0.27607825,1.0
74,1.0,1.0,0.0,0.0,1.0,0.0,0.5673716,0.6644825,0.4457644,0.45956552,0.5210109,0.24500993,3.0
75,0.0,0.0,0.0,0.0,0.0,0.0,0.57017386,0.6667223,0.4481012,0.4731267,0.52506375,0.24711844,3.0
76,0.0,0.0,0.0,0.0,0.0,0.0,0.5973695,0.6657844,0.45040345,0.4734878,0.5469301,0.26900548,0.0
77,0.0,0.0,0.0,0.0,0.0,0.0,0.6023092,0.66636705,0.48676842,0.47993132,0.57946223,0.2913912,2.0
78,0.0,0.0,0.0,0.0,0.0,0.0,0.57653975,0.68157625,0.4778897,0.48923638,0.5685383,0.2747379,1.0
79,0.0,0.0,0.0,0.0,0.0,0.0,0.5459851,0.5766422,0.44379616,0.4639366,0.509201,0.24452902,3.0
80,0.0,0.0,0.0,0.0,0.0,0.0,0.5781549,0.6225773,0.4434806,0.45572716,0.54243696,0.24171333,3.0
81,0.0,0.0,0.0,0.0,0.0,0.0,0.5796354,0.6392912,0.4907168,0.49253651,0.5807093,0.29194102,2.0
82,0.0,0.0,0.0,0.0,0.0,0.0,0.5712359,0.6274743,0.46211642,0.48121464,0.5464198,0.2512216,3.0
83,1.0,1.0,1.0,1.0,1.0,1.0,0.5536178,0.6297301,0.46445674,0.45211336,0.48145056,0.25810093,2.0
84,0.0,0.0,0.0,1.0,1.0,1.0,0.5621846,0.62139624,0.4771793,0.4647669,0.5108505,0.26424706,2.0
85,1.0,1.0,1.0,1.0,1.0,1.0,0.5572514,0.6231839,0.46354944,0.43086976,0.44035512,0.21602805,2.0
86,0.0,1.0,1.0,1.0,1.0,0.0,0.59050035,0.63847023,0.48008174,0.46905363,0.5217328,0.22355528,2.0
87,1.0,1.0,1.0,1.0,1.0,0.0,0.55660343,0.61871517,0.4747556,0.46749786,0.5447552,0.23072693,2.0
88,0.0,0.0,0.0,0.0,0.0,0.0,0.6088201,0.67138946,0.49405876,0.49508622,0.5808069,0.27113876,2.0
89,1.0,1.0,0.0,0.0,1.0,1.0,0.5541024,0.60936725,0.417248,0.4533988,0.5120583,0.24190241,3.0
90,0.0,0.0,0.0,0.0,0.0,,0.61549467,0.6472017,0.4363404,0.4648608,0.50859785,0.23791258,3.0
91,0.0,0.0,0.0,0.0,0.0,0.0,0.5753114,0.6411108,0.4347074,0.45161653,0.5297986,0.27170128,1.0
92,,1.0,1.0,1.0,1.0,1.0,0.5487268,0.61950815,0.4690015,0.43870065,0.44207096,0.33385238,2.0
93,1.0,1.0,1.0,1.0,1.0,,0.54424536,0.62085146,0.4453789,0.4186737,0.5191865,0.22980124,3.0
94,1.0,1.0,0.0,0.0,1.0,0.0,0.64460075,0.6935298,0.4364981,0.49546534,0.52341425,0.36635774,3.0
95,1.0,1.0,1.0,1.0,1.0,0.0,0.59569794,0.64068663,0.44319093,0.5123223,0.5718343,0.26572105,4.0
96,1.0,1.0,0.0,1.0,1.0,0.0,0.602289,0.6420667,0.50631493,0.47325566,0.53838205,0.2510962,0.0
97,0.0,0.0,0.0,0.0,0.0,0.0,0.54592264,0.59036064,0.42322963,0.4226922,0.5315318,0.2366474,3.0
98,1.0,1.0,0.0,0.0,1.0,1.0,0.58540696,0.6783606,0.42375624,0.45005426,0.51887405,0.25273642,4.0
99,1.0,1.0,1.0,1.0,1.0,,0.6076024,0.6517755,0.402085,0.39567983,0.547682,0.24613337,0.0
100,0.0,1.0,1.0,1.0,1.0,0.0,0.5845339,0.64972967,0.457771,0.45367497,0.5166492,0.26333326,0.0
101,0.0,1.0,0.0,0.0,1.0,0.0,0.57931685,0.6121659,0.37327963,0.42716885,0.56028545,0.2609169,1.0
102,1.0,1.0,1.0,0.0,1.0,1.0,0.547744,0.5632489,0.39117387,0.44724405,0.49194947,0.2437421,3.0
103,0.0,1.0,1.0,1.0,1.0,,0.6207427,0.6617525,0.4434106,0.42417523,0.4813887,0.2418151,4.0
104,1.0,1.0,0.0,0.0,1.0,0.0,0.59340966,0.6111895,0.43227422,0.43568978,0.5243005,0.23676008,3.0
105,1.0,1.0,0.0,0.0,1.0,0.0,0.5714485,0.64642745,0.4922856,0.52013063,0.52773887,0.261732,0.0
106,1.0,,1.0,1.0,1.0,,0.58475596,0.65061694,0.4903856,0.48973787,0.4940741,0.26406744,2.0
107,1.0,1.0,0.0,0.0,0.0,0.0,0.5471432,0.5992289,0.42367232,0.4505185,0.5431695,0.26800868,1.0
108,1.0,1.0,1.0,1.0,1.0,1.0,0.62087864,0.6885585,0.4737823,0.5091333,0.57137203,0.24464935,3.0
109,1.0,1.0,1.0,1.0,1.0,1.0,0.6228964,0.6611317,0.502021,0.48301828,0.5660209,0.27825305,0.0
110,0.0,0.0,0.0,0.0,0.0,0.0,0.5444249,0.63417214,0.48372817,0.45567834,0.54347426,0.252307,2.0
111,0.0,0.0,1.0,0.0,0.0,0.0,0.56545377,0.63511646,0.47089952,0.41997916,0.5064626,0.25833473,0.0
112,0.0,0.0,0.0,0.0,0.0,0.0,0.5916713,0.64324194,0.41038913,0.4492728,0.55744433,0.2519081,4.0
113,0.0,1.0,1.0,1.0,1.0,1.0,0.5862949,0.67313206,0.4813529,0.47608572,0.5531714,0.239657,2.0
114,0.0,0.0,0.0,0.0,0.0,0.0,0.6223298,0.6595542,0.45372558,0.48386136,0.52887017,0.23992345,3.0
115,0.0,0.0,0.0,0.0,0.0,,0.55977947,0.6189744,0.39642802,0.41387254,0.49308556,0.2519113,0.0
116,0.0,0.0,0.0,0.0,0.0,0.0,0.5601632,0.6236713,0.46394277,0.4816308,0.5314022,0.24534184,3.0
117,1.0,1.0,1.0,1.0,1.0,,0.5970075,0.6365539,0.43910488,0.45583045,0.5283711,0.24854867,3.0
118,0.0,0.0,0.0,0.0,0.0,0.0,0.6203249,0.652579,0.4884839,0.4829442,0.56712514,0.33077237,2.0
119,1.0,1.0,0.0,0.0,0.0,0.0,0.5962937,0.62688375,0.3938619,0.40257713,0.5472572,0.23987764,3.0
120,0.0,1.0,1.0,1.0,0.0,1.0,0.6188399,0.6687151,0.50870323,0.5133358,0.5234897,0.26439828,0.0
121,1.0,1.0,1.0,1.0,1.0,,0.6110586,0.66234064,0.5262443,0.52111477,0.52593946,0.26404366,0.0
122,0.0,,1.0,0.0,0.0,1.0,0.5936401,0.68653685,0.44139233,0.4736061,0.5661547,0.24377146,4.0
123,1.0,1.0,1.0,1.0,1.0,,0.55100864,0.54285496,0.43606523,0.43569773,0.48051852,0.27378103,1.0
124,1.0,1.0,1.0,1.0,1.0,,0.5625091,0.6428282,0.47361177,0.49812827,0.51508176,0.26229534,0.0
125,0.0,0.0,0.0,0.0,0.0,0.0,0.542123,0.6420783,0.5036576,0.50138974,0.52294165,0.3278364,2.0
126,1.0,1.0,1.0,1.0,1.0,1.0,0.5702578,0.6477854,0.47953457,0.4692528,0.5419935,0.22675538,2.0
127,0.0,0.0,0.0,0.0,0.0,0.0,0.57802653,0.62732303,0.43605667,0.46285653,0.49750355,0.25773942,4.0
128,1.0,0.0,0.0,0.0,0.0,0.0,0.6079971,0.65960103,0.50354695,0.5026435,0.53704894,0.28017497,0.0
129,1.0,1.0,0.0,0.0,1.0,0.0,0.5928038,0.6530678,0.48550475,0.45886764,0.5164325,0.24128771,2.0
130,0.0,0.0,0.0,0.0,0.0,0.0,0.6028068,0.6660496,0.47182688,0.47803155,0.51361746,0.24775137,4.0
131,1.0,1.0,0.0,1.0,1.0,0.0,0.62621284,0.66132075,0.47692057,0.45752138,0.54352456,0.26519555,2.0
132,1.0,1.0,0.0,1.0,1.0,0.0,0.6157762,0.6508464,0.43244776,0.46257263,0.53233075,0.24116759,3.0
133,1.0,1.0,1.0,1.0,1.0,0.0,0.5709795,0.6240048,0.45645186,0.48534423,0.5280082,0.24277918,3.0
134,0.0,0.0,0.0,0.0,0.0,0.0,0.58087426,0.6542345,0.50830615,0.49877602,0.4964674,0.25910616,0.0
135,0.0,0.0,0.0,0.0,0.0,,0.5967327,0.6495608,0.496692,0.5195349,0.539741,0.2716593,0.0
136,,1.0,0.0,0.0,0.0,0.0,0.551831,0.64360535,0.4474088,0.45540744,0.5383193,0.27761823,1.0
137,0.0,1.0,1.0,1.0,0.0,1.0,0.59174615,0.6345124,0.4696192,0.44398972,0.49743924,0.3809681,2.0
138,0.0,1.0,1.0,1.0,0.0,1.0,0.58735067,0.63302916,0.480106,0.4658388,0.5382337,0.23691906,2.0
139,0.0,0.0,0.0,0.0,0.0,0.0,0.6398756,0.6524461,0.4894408,0.48002553,0.53984535,0.26170117,2.0
140,1.0,1.0,1.0,1.0,0.0,0.0,0.59547627,0.64106727,0.4786108,0.4496416,0.54098487,0.21728633,2.0
141,1.0,1.0,1.0,1.0,1.0,0.0,0.6014398,0.687723,0.449521,0.494083,0.5717109,0.23882052,1.0
142,1.0,1.0,1.0,1.0,1.0,0.0,0.54877794,0.6317984,0.47291017,0.45807996,0.53747445,0.28380144,2.0
143,0.0,1.0,1.0,1.0,0.0,,0.5967466,0.6586422,0.40940243,0.5914314,0.56797415,0.25135008,4.0
144,0.0,0.0,0.0,0.0,0.0,0.0,0.56195796,0.6366941,0.49836302,0.4843594,0.54127383,0.2745865,2.0
145,1.0,1.0,1.0,1.0,1.0,1.0,0.51860106,0.60555166,0.41873002,0.4126233,0.47249568,0.22978336,3.0
146,1.0,1.0,0.0,0.0,0.0,0.0,0.6045619,0.683518,0.4589423,0.5060147,0.4971341,0.2514869,4.0
147,1.0,1.0,0.0,0.0,1.0,0.0,0.5730604,0.6359572,0.4755117,0.45301917,0.5399144,0.22047557,2.0
148,1.0,,1.0,1.0,1.0,0.0,0.56536794,0.59168726,0.38189942,0.4386223,0.54115385,0.24875335,1.0
149,1.0,1.0,1.0,1.0,1.0,1.0,0.57842565,0.617845,0.51488036,0.43337584,0.50825137,0.26357186,4.0
150,1.0,1.0,1.0,1.0,1.0,0.0,0.5798223,0.62517357,0.4591095,0.42446572,0.50490564,0.26631656,4.0
151,0.0,1.0,1.0,1.0,0.0,1.0,0.58098197,0.68648356,0.4547261,0.47647905,0.5151356,0.26820824,4.0
152,1.0,1.0,0.0,0.0,1.0,,0.59125113,0.6893001,0.4731614,0.4895313,0.5451776,0.25116208,4.0
153,1.0,1.0,1.0,1.0,1.0,0.0,0.5522939,0.6243202,0.43822488,0.45660406,0.51074183,0.23602806,3.0
154,0.0,0.0,0.0,0.0,0.0,0.0,0.57312065,0.6212993,0.40361518,0.46781486,0.54613906,0.25110903,4.0
155,1.0,1.0,0.0,0.0,1.0,0.0,0.58995926,0.63695556,0.48128086,0.48211014,0.5715344,0.25149986,2.0
156,0.0,1.0,1.0,1.0,1.0,0.0,0.5705816,0.6214356,0.48354378,0.45555228,0.52375054,0.2831024,2.0
157,0.0,0.0,0.0,0.0,0.0,0.0,0.5925905,0.6578683,0.44739336,0.45214063,0.5249958,0.24969976,4.0
158,,,,1.0,1.0,1.0,0.5771084,0.59961504,0.41403544,0.45176506,0.5739832,0.25446674,1.0
159,1.0,,1.0,1.0,1.0,1.0,0.5860251,0.60756546,0.44440812,0.45113948,0.520797,0.2525336,3.0
160,0.0,0.0,0.0,0.0,0.0,0.0,0.57731867,0.6151581,0.41708165,0.44596297,0.4886257,0.2480797,4.0
161,0.0,1.0,1.0,1.0,0.0,1.0,0.575722,0.6648915,0.3921773,0.45670846,0.5885695,0.25589678,4.0
162,0.0,1.0,1.0,1.0,1.0,1.0,0.584359,0.6877678,0.39647686,0.44308466,0.54936796,0.22724149,0.0
163,1.0,1.0,0.0,0.0,1.0,0.0,0.5586686,0.60924953,0.3620902,0.41227204,0.4995421,0.26606834,1.0
164,1.0,1.0,0.0,0.0,0.0,0.0,0.6043593,0.6839381,0.50952095,0.5004425,0.56619114,0.2664082,2.0
165,0.0,0.0,0.0,1.0,1.0,0.0,0.57456994,0.6122378,0.43933803,0.42748463,0.52148485,0.24696338,3.0
166,1.0,1.0,1.0,1.0,1.0,0.0,0.518651,0.63313603,0.49098796,0.4592603,0.5027997,0.22549099,3.0
167,1.0,1.0,1.0,1.0,1.0,1.0,0.5912701,0.65403676,0.46136937,0.473858,0.524022,0.24261642,1.0
168,1.0,,1.0,1.0,1.0,1.0,0.6260319,0.69405216,0.49258807,0.516011,0.57239866,0.24400061,0.0
169,0.0,1.0,1.0,1.0,0.0,1.0,0.61118364,0.6395806,0.45518637,0.48940107,0.55409026,0.2409042,3.0
170,0.0,0.0,0.0,0.0,0.0,0.0,0.60002244,0.670245,0.46743488,0.44628644,0.55041414,0.27206197,1.0
171,0.0,0.0,0.0,0.0,0.0,0.0,0.57233894,0.640435,0.48328972,0.48233652,0.49796042,0.30330527,2.0
172,1.0,1.0,1.0,0.0,1.0,0.0,0.5563115,0.5998383,0.44909298,0.42681897,0.5023496,0.23141746,3.0
173,1.0,1.0,1.0,0.0,1.0,0.0,0.6159286,0.65999365,0.44761255,0.45577508,0.5639827,0.25268298,0.0
174,0.0,0.0,0.0,0.0,0.0,0.0,0.61618704,0.6632012,0.48123372,0.4642467,0.581402,0.24734247,2.0
175,0.0,0.0,0.0,0.0,0.0,0.0,0.5501671,0.63619477,0.45068273,0.4552609,0.52556497,0.27743834,1.0
176,0.0,0.0,0.0,0.0,0.0,0.0,0.5497471,0.6410984,0.4548115,0.44162282,0.52332956,0.24109957,3.0
177,0.0,0.0,0.0,0.0,0.0,0.0,0.60489273,0.64489794,0.47545877,0.45538625,0.54694545,0.2600816,2.0
178,1.0,1.0,0.0,1.0,1.0,0.0,0.5818419,0.64247674,0.47170907,0.4401564,0.49497333,0.25686297,2.0
179,1.0,1.0,0.0,0.0,1.0,0.0,0.6303898,0.6518619,0.4953613,0.4820621,0.54712844,0.2831999,2.0
180,1.0,1.0,0.0,0.0,1.0,0.0,0.58413,0.64882493,0.44337738,0.46381354,0.5315887,0.25266808,4.0
181,0.0,0.0,0.0,0.0,0.0,0.0,0.6173856,0.6291387,0.49128386,0.48460847,0.5466035,0.253179,2.0
182,,1.0,,,,,0.61611867,0.6846566,0.43825966,0.46160644,0.5594622,0.27086172,1.0
183,0.0,0.0,0.0,0.0,0.0,0.0,0.57700324,0.6386699,0.4846456,0.4723304,0.55156875,0.3156836,2.0
184,1.0,1.0,1.0,1.0,1.0,0.0,0.5609557,0.6246517,0.40223148,0.42237958,0.54674304,0.25793022,0.0
185,1.0,1.0,0.0,1.0,1.0,0.0,0.59097123,0.6577905,0.50264,0.46405903,0.5113879,0.26120153,0.0
186,0.0,0.0,0.0,0.0,0.0,0.0,0.600812,0.67697364,0.48053297,0.5014434,0.5570033,0.25476563,4.0
187,1.0,0.0,0.0,0.0,0.0,0.0,0.5950715,0.6586815,0.4245383,0.4431161,0.5300859,0.26599556,1.0
188,0.0,0.0,0.0,0.0,0.0,0.0,0.60180426,0.6155131,0.39181224,0.4194438,0.4972726,0.25156632,0.0
189,0.0,1.0,1.0,1.0,0.0,,0.5980056,0.6424873,0.46173015,0.44287735,0.50656134,0.24717976,4.0
190,1.0,1.0,0.0,0.0,0.0,0.0,0.6143753,0.68576515,0.47106758,0.47449934,0.5823226,0.247539,4.0
191,0.0,0.0,0.0,0.0,0.0,0.0,0.5743574,0.61511546,0.4631601,0.4346311,0.49475956,0.24964109,3.0
192,1.0,1.0,1.0,1.0,1.0,0.0,0.5787171,0.6527354,0.48958826,0.4746228,0.5715658,0.2793399,1.0
193,0.0,0.0,0.0,0.0,0.0,0.0,0.5879327,0.6731267,0.49555272,0.49788016,0.60736316,0.26546955,2.0
194,0.0,0.0,0.0,0.0,0.0,0.0,0.5864284,0.6423653,0.44355845,0.46903166,0.5418278,0.26221657,1.0
195,0.0,0.0,0.0,0.0,0.0,0.0,0.56256896,0.6373538,0.4840224,0.46348307,0.52850497,0.25862437,2.0
196,1.0,1.0,0.0,0.0,1.0,,0.6014204,0.6160641,0.45358044,0.47224328,0.5154833,0.25264364,0.0
197,1.0,1.0,0.0,0.0,1.0,,0.6003018,0.6829084,0.46196458,0.4430526,0.519315,0.2498142,4.0
198,0.0,0.0,0.0,0.0,0.0,,0.5932962,0.6557608,0.45005497,0.44644764,0.55061245,0.2702233,0.0
199,1.0,1.0,1.0,1.0,1.0,1.0,0.59910256,0.6516021,0.47396624,0.45637205,0.5531372,0.2791202,1.0
200,1.0,1.0,1.0,1.0,1.0,1.0,0.58866304,0.65967697,0.51371175,0.46937835,0.4991648,0.2519136,4.0
201,0.0,0.0,0.0,0.0,0.0,0.0,0.54515475,0.6109433,0.32404432,0.36835048,0.4833394,0.24473368,4.0
202,0.0,0.0,0.0,0.0,0.0,0.0,0.59749794,0.62865907,0.38914573,0.4463588,0.5401268,0.24024692,4.0
203,1.0,1.0,0.0,0.0,1.0,0.0,0.6061404,0.7037435,0.48385638,0.4641785,0.5493854,0.27256265,1.0
204,1.0,1.0,0.0,0.0,0.0,0.0,0.61692375,0.65877897,0.49002188,0.4643546,0.5890008,0.22894046,2.0
205,0.0,0.0,0.0,0.0,0.0,0.0,0.5861184,0.6557151,0.50318766,0.46933344,0.57070327,0.2685113,0.0
206,1.0,1.0,0.0,0.0,1.0,0.0,0.594222,0.67057127,0.4331928,0.43954858,0.45318907,0.24841283,4.0
207,1.0,1.0,1.0,1.0,1.0,,0.6083407,0.6722891,0.56478643,0.4862015,0.57060903,0.2480542,4.0
208,1.0,1.0,1.0,1.0,1.0,1.0,0.5789524,0.65579534,0.46537805,0.45151916,0.5586773,0.26313502,1.0
209,1.0,1.0,1.0,1.0,1.0,0.0,0.6012509,0.6543914,0.48182297,0.47369963,0.55456406,0.26214027,2.0
210,1.0,1.0,1.0,1.0,1.0,0.0,0.6143864,0.652723,0.49060085,0.4878952,0.50093055,0.26820606,0.0
211,0.0,0.0,0.0,0.0,0.0,0.0,0.61408216,0.6606255,0.5085285,0.49410024,0.55356103,0.26962098,0.0
212,0.0,1.0,0.0,1.0,1.0,1.0,0.5789503,0.62441427,0.5108251,0.47216097,0.53552794,0.25673375,0.0
213,1.0,1.0,0.0,1.0,1.0,1.0,0.59671396,0.67787665,0.50040674,0.47164124,0.55888474,0.26243523,2.0
214,0.0,0.0,0.0,0.0,0.0,0.0,0.63484275,0.6822112,0.50352937,0.48781353,0.6095262,0.28246808,2.0
215,1.0,1.0,0.0,1.0,1.0,0.0,0.6161757,0.63434374,0.4991436,0.46413907,0.55373204,0.2974131,2.0
216,1.0,1.0,1.0,0.0,1.0,0.0,0.541863,0.60824174,0.44004104,0.4293374,0.49451178,0.24153875,3.0
217,1.0,1.0,1.0,1.0,1.0,,0.59472626,0.63179994,0.43348747,0.45616484,0.5434464,0.23667696,3.0
218,0.0,0.0,1.0,1.0,0.0,,0.5622674,0.69081765,0.48082432,0.4714668,0.5226855,0.28412917,1.0
219,1.0,1.0,1.0,1.0,1.0,,0.5808151,0.60831845,0.39636785,0.44088137,0.5027871,0.24728678,4.0
220,1.0,1.0,1.0,1.0,0.0,1.0,0.62210375,0.6359335,0.5335764,0.4732319,0.56037366,0.26780275,0.0
221,1.0,1.0,0.0,1.0,1.0,1.0,0.6097603,0.6461145,0.47905436,0.47468492,0.5338393,0.24600464,2.0
222,0.0,0.0,0.0,0.0,0.0,,0.58571523,0.61542463,0.42752782,0.4471946,0.54284805,0.26308614,1.0
223,1.0,1.0,0.0,1.0,1.0,0.0,0.5428999,0.63258874,0.48635817,0.48104045,0.5389828,0.25435427,3.0
224,0.0,1.0,1.0,1.0,1.0,1.0,0.5687343,0.64635676,0.48041448,0.4564077,0.51250255,0.30622494,2.0
225,1.0,1.0,0.0,0.0,0.0,,0.5883045,0.6590769,0.4744608,0.47676826,0.57077014,0.2363669,4.0
226,0.0,1.0,1.0,1.0,1.0,0.0,0.57923365,0.6844789,0.4687134,0.45198327,0.5537491,0.27834183,1.0
227,1.0,1.0,0.0,1.0,1.0,0.0,0.5905738,0.6448992,0.48674378,0.49259916,0.55196124,0.28273255,2.0
228,0.0,0.0,0.0,0.0,0.0,0.0,0.58487165,0.65229553,0.46435714,0.46072757,0.523164,0.25157112,2.0
229,1.0,1.0,1.0,1.0,0.0,0.0,0.5692153,0.6377535,0.41566655,0.4640937,0.5764487,0.25191942,4.0
230,1.0,1.0,0.0,0.0,0.0,,0.6090683,0.6386418,0.47939664,0.46189806,0.529459,0.24994667,0.0
231,0.0,0.0,0.0,0.0,0.0,0.0,0.57844216,0.64628434,0.49815905,0.515619,0.5188552,0.2719704,0.0
232,1.0,1.0,1.0,1.0,1.0,1.0,0.5727648,0.6337006,0.47899282,0.4589743,0.5328021,0.20986539,2.0
233,1.0,1.0,1.0,1.0,1.0,1.0,0.60535455,0.6715734,0.52297366,0.5256534,0.5435984,0.2847867,0.0
234,0.0,0.0,0.0,0.0,0.0,0.0,0.5853288,0.6460922,0.44937953,0.45713267,0.5314025,0.25320616,3.0
235,1.0,1.0,1.0,1.0,1.0,1.0,0.5472479,0.5724942,0.38519305,0.42774218,0.4877323,0.23220553,3.0
236,0.0,,1.0,1.0,1.0,1.0,0.5623624,0.64759386,0.46342254,0.47201037,0.52556974,0.25506294,1.0
237,1.0,1.0,1.0,1.0,1.0,0.0,0.60600495,0.672212,0.47112104,0.4982988,0.5542754,0.26997852,0.0
238,1.0,1.0,0.0,0.0,1.0,0.0,0.579853,0.67009467,0.49443632,0.5026957,0.5355399,0.26295266,2.0
239,1.0,1.0,1.0,1.0,0.0,0.0,0.6037042,0.67234427,0.5421819,0.5025013,0.52948433,0.25413904,0.0
240,0.0,0.0,0.0,0.0,0.0,0.0,0.61024106,0.6960664,0.49112552,0.480866,0.5402366,0.281931,0.0
241,0.0,0.0,0.0,0.0,0.0,0.0,0.5794594,0.63070244,0.44914868,0.46521312,0.5273855,0.2568874,4.0
242,0.0,1.0,0.0,1.0,1.0,0.0,0.6013612,0.6472823,0.48020884,0.46241754,0.5254775,0.27549616,2.0
243,0.0,0.0,0.0,0.0,0.0,0.0,0.5739265,0.6354213,0.46337083,0.43884945,0.5235085,0.2532984,2.0
244,1.0,1.0,1.0,1.0,0.0,0.0,0.6125285,0.6517563,0.4672754,0.46379173,0.53687966,0.26847816,1.0
245,,1.0,,,,,0.61515075,0.67844087,0.57570887,0.50589985,0.54221463,0.26281947,4.0
246,1.0,1.0,0.0,0.0,1.0,,0.5946954,0.6646015,0.45044175,0.45987332,0.5364517,0.2585688,4.0
247,0.0,1.0,1.0,1.0,1.0,1.0,0.62726915,0.67298985,0.50481516,0.49603817,0.52808285,0.27374887,0.0
248,1.0,1.0,1.0,1.0,1.0,1.0,0.5889157,0.625621,0.42386952,0.44091338,0.51087815,0.2359856,3.0
249,1.0,1.0,1.0,1.0,1.0,1.0,0.5151683,0.6194199,0.45433185,0.4497009,0.5087349,0.2377798,3.0
250,0.0,0.0,0.0,0.0,0.0,0.0,0.5935239,0.65347725,0.48249358,0.46595418,0.50127715,0.2808466,1.0
251,0.0,0.0,1.0,0.0,0.0,0.0,0.53454643,0.60652095,0.43041816,0.40343553,0.51809657,0.25243118,0.0
252,0.0,0.0,0.0,0.0,0.0,0.0,0.57236415,0.6728967,0.4720825,0.45046136,0.49752808,0.26520902,4.0
253,1.0,1.0,1.0,1.0,1.0,0.0,0.6170849,0.7078334,0.48886746,0.5006176,0.5481257,0.2487311,4.0
254,1.0,1.0,1.0,1.0,1.0,1.0,0.6186294,0.6800337,0.51211053,0.5856598,0.56539744,0.300712,0.0
255,0.0,0.0,1.0,0.0,0.0,1.0,0.54656357,0.61009175,0.4063383,0.43419075,0.50040054,0.2429553,3.0
256,1.0,1.0,1.0,1.0,1.0,0.0,0.6394297,0.6910406,0.5292953,0.51486135,0.5796477,0.27467263,0.0
257,,1.0,1.0,1.0,1.0,1.0,0.5699892,0.6231232,0.4640313,0.46184626,0.5067468,0.23463953,3.0
258,1.0,1.0,1.0,1.0,1.0,1.0,0.5956657,0.6536365,0.48263252,0.4559284,0.5712363,0.20794123,2.0
259,1.0,1.0,1.0,1.0,1.0,0.0,0.585362,0.6251892,0.43253514,0.44873327,0.5481026,0.25694954,0.0
260,1.0,1.0,0.0,0.0,1.0,1.0,0.5219307,0.6482083,0.50544393,0.48479965,0.54217684,0.26262414,2.0
261,1.0,1.0,1.0,1.0,1.0,1.0,0.57895756,0.6706755,0.42000544,0.4272089,0.45289102,0.26916048,1.0
262,1.0,1.0,1.0,1.0,1.0,1.0,0.64614147,0.680784,0.4335151,0.4506048,0.5262995,0.24516898,4.0
263,1.0,1.0,1.0,1.0,1.0,,0.5793851,0.62196183,0.439755,0.4785992,0.5037735,0.2572139,4.0
264,1.0,1.0,1.0,1.0,1.0,1.0,0.60156065,0.60845417,0.42211848,0.4214678,0.5281913,0.24292377,3.0
265,1.0,1.0,1.0,1.0,1.0,1.0,0.5758578,0.67959285,0.50146943,0.4866282,0.5317989,0.28348646,1.0
266,0.0,0.0,0.0,0.0,0.0,0.0,0.580255,0.6408663,0.48056006,0.45138285,0.543045,0.2768168,1.0
267,1.0,1.0,0.0,0.0,0.0,0.0,0.5227457,0.62186444,0.4525538,0.44861448,0.48307836,0.23765239,3.0
268,1.0,1.0,0.0,0.0,0.0,0.0,0.59818625,0.6612658,0.4695577,0.47546983,0.53758645,0.2525892,3.0
269,0.0,0.0,0.0,0.0,0.0,0.0,0.61097366,0.649413,0.4804301,0.4603351,0.5580998,0.25368732,2.0
270,0.0,0.0,0.0,0.0,0.0,0.0,0.58289444,0.6499645,0.48133838,0.44910112,0.54492754,0.2742082,1.0
271,0.0,0.0,0.0,0.0,0.0,0.0,0.5968361,0.59591675,0.45152682,0.44966274,0.5367271,0.26306278,1.0
272,0.0,0.0,0.0,0.0,0.0,0.0,0.5611621,0.6188497,0.41650978,0.40592974,0.524504,0.25800437,1.0
273,1.0,1.0,,1.0,1.0,1.0,0.569088,0.6355331,0.43632308,0.43469068,0.5498492,0.23844801,1.0
274,1.0,1.0,0.0,0.0,1.0,0.0,0.5694164,0.63553363,0.3958395,0.39115465,0.48823336,0.26912773,1.0
275,0.0,1.0,0.0,0.0,1.0,1.0,0.58132994,0.6429413,0.38919288,0.43732753,0.54617286,0.21558845,0.0
276,1.0,1.0,0.0,0.0,0.0,0.0,0.57428014,0.6524906,0.4805512,0.4773375,0.5685132,0.2565868,2.0
277,1.0,,1.0,1.0,1.0,,0.58795565,0.6826423,0.4995532,0.47816628,0.541907,0.28705844,1.0
278,1.0,1.0,0.0,0.0,1.0,0.0,0.60915595,0.6508624,0.45668888,0.45530546,0.510937,0.36515915,3.0
279,0.0,0.0,0.0,0.0,0.0,0.0,0.60148895,0.6652593,0.47002238,0.45871222,0.55448306,0.2473407,4.0
280,1.0,1.0,0.0,0.0,0.0,0.0,0.5778048,0.64445144,0.4801049,0.45895368,0.55760425,0.28301692,2.0
281,0.0,0.0,0.0,0.0,0.0,0.0,0.5834172,0.60346615,0.40853742,0.42594823,0.47093698,0.23220903,0.0
282,1.0,1.0,1.0,1.0,1.0,0.0,0.58892596,0.61263424,0.3940454,0.42807633,0.544097,0.23750114,0.0
283,0.0,1.0,1.0,1.0,0.0,1.0,0.5896679,0.67517036,0.5274695,0.4780118,0.5941895,0.26389894,4.0
284,1.0,1.0,1.0,1.0,1.0,1.0,0.595538,0.6334491,0.4128836,0.4459175,0.51787335,0.2332345,3.0
285,1.0,1.0,1.0,1.0,1.0,1.0,0.60221326,0.6520068,0.47102302,0.45044675,0.52950746,0.242888,2.0
286,0.0,0.0,0.0,0.0,0.0,0.0,0.5647574,0.629022,0.47156972,0.4656737,0.5549056,0.2805565,1.0
287,0.0,0.0,0.0,0.0,0.0,0.0,0.5509165,0.626834,0.50075233,0.47843188,0.49874568,0.26649,2.0
288,0.0,0.0,0.0,0.0,0.0,0.0,0.5962825,0.63128537,0.4870055,0.46072254,0.53748524,0.21624956,2.0
289,0.0,1.0,1.0,1.0,1.0,1.0,0.63837004,0.666176,0.4254666,0.46738586,0.5194082,0.2621937,0.0
290,0.0,1.0,1.0,1.0,0.0,1.0,0.63501453,0.65131277,0.45450252,0.5276982,0.5212027,0.26059633,0.0
291,0.0,0.0,0.0,0.0,0.0,0.0,0.5977424,0.6751779,0.47859436,0.49120766,0.54276645,0.27777788,1.0
292,0.0,0.0,0.0,0.0,0.0,,0.6039378,0.6263144,0.41920686,0.42924652,0.52954686,0.2618521,1.0
293,1.0,1.0,0.0,0.0,1.0,0.0,0.58201474,0.6365446,0.46038875,0.4878459,0.48980546,0.2542904,4.0
294,1.0,1.0,1.0,1.0,1.0,1.0,0.5654019,0.6209309,0.48025426,0.4741402,0.5117958,0.28005734,1.0
295,1.0,1.0,1.0,1.0,1.0,1.0,0.63612366,0.66530055,0.48426348,0.47383326,0.5570497,0.2965656,2.0
296,0.0,0.0,0.0,0.0,0.0,0.0,0.55885535,0.65734357,0.4506015,0.45061505,0.54285,0.25911313,0.0
297,0.0,0.0,0.0,0.0,0.0,0.0,0.5898952,0.65811837,0.45671946,0.47631907,0.54802203,0.25498733,0.0
298,1.0,1.0,1.0,1.0,1.0,1.0,0.56674147,0.6114846,0.43460304,0.43597525,0.5230148,0.24741457,0.0
299,1.0,1.0,0.0,0.0,1.0,,0.60629046,0.67706645,0.48847762,0.4827095,0.54175377,0.27076,0.0
300,0.0,0.0,0.0,0.0,0.0,0.0,0.59021246,0.6763288,0.4886269,0.4743423,0.55151784,0.27225947,1.0
301,0.0,0.0,0.0,0.0,0.0,0.0,0.5913995,0.67475444,0.52349585,0.50408345,0.6057431,0.30698436,4.0
302,1.0,1.0,1.0,0.0,0.0,0.0,0.54944944,0.62568474,0.4899714,0.46454036,0.51510453,0.25232375,2.0
303,0.0,,0.0,0.0,0.0,0.0,0.62287205,0.64601696,0.40413144,0.40343523,0.56404155,0.21120778,0.0
304,0.0,0.0,0.0,0.0,0.0,,0.5686225,0.61084914,0.3969687,0.43585524,0.46208286,0.2453869,4.0
305,0.0,0.0,0.0,0.0,0.0,0.0,0.5570853,0.6375707,0.44046876,0.4587648,0.53191894,0.2772739,1.0
306,0.0,1.0,1.0,1.0,1.0,1.0,0.54473704,0.621554,0.42617705,0.4133889,0.48829997,0.22414644,0.0
307,1.0,1.0,1.0,1.0,1.0,1.0,0.6592823,0.6945243,0.48884326,0.43341786,0.58863604,0.25901836,0.0
308,0.0,1.0,1.0,1.0,0.0,1.0,0.5926862,0.6458669,0.3982585,0.47986752,0.5067462,0.2507794,0.0
309,0.0,0.0,0.0,0.0,0.0,0.0,0.58125025,0.6408656,0.48720434,0.45372817,0.5392262,0.26990545,1.0
310,0.0,0.0,0.0,0.0,0.0,0.0,0.5847335,0.67748535,0.4680576,0.47281998,0.56214905,0.28194687,1.0
311,0.0,1.0,1.0,1.0,1.0,1.0,0.57818663,0.6618249,0.40074617,0.42182773,0.5381212,0.25581056,1.0
312,1.0,1.0,0.0,1.0,1.0,,0.63492787,0.6582593,0.50066,0.5034976,0.57088566,0.32963818,2.0
313,1.0,1.0,0.0,0.0,1.0,0.0,0.60264933,0.6778095,0.51947945,0.5175044,0.5485584,0.25750256,4.0
314,1.0,1.0,1.0,1.0,1.0,0.0,0.6253768,0.67239237,0.50037116,0.4850079,0.56571925,0.27760878,2.0
315,1.0,1.0,1.0,0.0,1.0,1.0,0.5722796,0.63515174,0.43268436,0.4436206,0.5364982,0.27641308,1.0
316,1.0,1.0,1.0,0.0,1.0,0.0,0.56348413,0.6174905,0.44073877,0.407826,0.49769825,0.2583181,0.0
317,1.0,1.0,1.0,1.0,1.0,0.0,0.5659189,0.61115736,0.408179,0.46107173,0.47546527,0.25854492,4.0
318,0.0,0.0,0.0,0.0,0.0,0.0,0.59383166,0.6711495,0.49580336,0.47149867,0.547633,0.27846193,1.0
319,1.0,1.0,0.0,0.0,0.0,,0.6127603,0.6478499,0.50357443,0.47329605,0.56392115,0.27474502,2.0
320,0.0,,1.0,0.0,0.0,1.0,0.56425714,0.59065145,0.37423253,0.43035895,0.4674166,0.22632395,4.0
321,0.0,0.0,0.0,0.0,0.0,0.0,0.58042824,0.67134094,0.5306696,0.52839047,0.52748096,0.30713183,0.0
322,1.0,0.0,0.0,0.0,1.0,0.0,0.5823373,0.6746693,0.51704687,0.45962444,0.52838725,0.27611387,1.0
323,0.0,0.0,1.0,0.0,0.0,1.0,0.5600668,0.64735544,0.47915512,0.46971023,0.54741526,0.26935515,2.0
324,1.0,1.0,0.0,0.0,1.0,0.0,0.6276614,0.65599585,0.4963317,0.48559684,0.5203408,0.26364577,0.0
325,1.0,1.0,0.0,0.0,1.0,1.0,0.60890454,0.6459827,0.485909,0.48625505,0.54801744,0.2772772,2.0
326,0.0,0.0,0.0,1.0,1.0,1.0,0.57766676,0.63191885,0.4630939,0.46742007,0.5065594,0.2990808,2.0
327,0.0,0.0,0.0,0.0,0.0,0.0,0.6211878,0.6627381,0.50272673,0.49009645,0.55513763,0.38061506,2.0
328,1.0,1.0,0.0,0.0,1.0,0.0,0.57559186,0.63617784,0.48823643,0.4451324,0.51404005,0.26111382,2.0
329,1.0,1.0,1.0,1.0,1.0,0.0,0.58572346,0.6289632,0.47790188,0.4529024,0.51739365,0.23500778,2.0
330,1.0,1.0,1.0,1.0,1.0,0.0,0.58323616,0.65792096,0.48332226,0.47303098,0.56144017,0.24527155,4.0
331,1.0,1.0,0.0,1.0,1.0,0.0,0.5610596,0.62701803,0.3544767,0.4130717,0.5234401,0.26034236,1.0
332,1.0,,1.0,1.0,1.0,1.0,0.59207654,0.6636501,0.45275304,0.45326862,0.56238025,0.26557416,0.0
333,0.0,0.0,0.0,0.0,0.0,0.0,0.62769395,0.64891547,0.4934837,0.47757423,0.5580637,0.25549042,2.0
334,0.0,1.0,1.0,1.0,0.0,1.0,0.6002701,0.6116843,0.4448624,0.42609602,0.5695729,0.2816135,1.0
335,1.0,1.0,1.0,1.0,1.0,0.0,0.59042645,0.6365576,0.45495367,0.4579054,0.52454203,0.25063607,3.0
336,,1.0,1.0,1.0,1.0,0.0,0.60295576,0.6732421,0.47564918,0.48228866,0.5704052,0.23848142,2.0
337,1.0,1.0,0.0,0.0,1.0,0.0,0.6053233,0.68266666,0.4274659,0.48025122,0.5374382,0.24854116,4.0
338,1.0,1.0,0.0,1.0,1.0,,0.60125047,0.6601703,0.4700601,0.44386196,0.49796844,0.24746981,3.0
339,0.0,1.0,1.0,0.0,0.0,0.0,0.5987407,0.66455734,0.46107924,0.44723493,0.5494227,0.2731155,1.0
340,0.0,0.0,0.0,0.0,0.0,0.0,0.5776127,0.6418726,0.44667637,0.44879854,0.5038647,0.2360101,3.0
341,1.0,1.0,0.0,0.0,0.0,,0.570898,0.64763784,0.4948175,0.45238218,0.55477834,0.29734942,2.0
342,0.0,0.0,0.0,0.0,0.0,0.0,0.6078681,0.665664,0.4688317,0.46480975,0.55191976,0.27078807,0.0
343,1.0,1.0,1.0,1.0,1.0,1.0,0.6083623,0.636494,0.4437,0.47023788,0.5184761,0.2736778,1.0
344,1.0,1.0,1.0,1.0,1.0,1.0,0.57406235,0.64751184,0.4493904,0.48271316,0.538258,0.2766676,1.0
345,1.0,1.0,1.0,1.0,1.0,0.0,0.5651171,0.65274626,0.43382323,0.45809966,0.47233894,0.23440273,4.0
346,1.0,1.0,1.0,1.0,1.0,0.0,0.6364216,0.6610067,0.49377054,0.49559486,0.50289434,0.2542984,2.0
347,1.0,1.0,1.0,1.0,1.0,1.0,0.5969371,0.66989285,0.44653592,0.44675565,0.54171056,0.24898766,3.0
348,0.0,0.0,0.0,0.0,0.0,0.0,0.5888474,0.6275305,0.48486018,0.50185055,0.5201053,0.3042784,2.0
349,1.0,1.0,1.0,1.0,1.0,0.0,0.6306637,0.64573985,0.49115914,0.44920424,0.5333055,0.22787903,2.0
350,1.0,1.0,0.0,0.0,1.0,0.0,0.6255987,0.65514326,0.46856257,0.4513023,0.56665957,0.2690202,0.0
351,1.0,1.0,1.0,0.0,0.0,1.0,0.5694511,0.6325865,0.45834666,0.45860246,0.5466335,0.2780323,1.0
352,1.0,1.0,1.0,1.0,1.0,1.0,0.5977968,0.63102865,0.43069142,0.4426369,0.57125676,0.26737264,1.0
353,0.0,0.0,0.0,0.0,0.0,0.0,0.59704924,0.66266805,0.45483688,0.44501677,0.53497875,0.24574699,0.0
354,0.0,,0.0,0.0,0.0,0.0,0.5721772,0.6554355,0.40770683,0.42515808,0.53081834,0.24444795,0.0
355,1.0,1.0,1.0,1.0,0.0,0.0,0.614067,0.6705195,0.49757403,0.49041295,0.56945795,0.28573737,2.0
356,1.0,1.0,0.0,0.0,1.0,0.0,0.55204076,0.6357492,0.45026562,0.44531667,0.5163916,0.252133,3.0
357,1.0,1.0,1.0,1.0,1.0,,0.5683163,0.6107289,0.443993,0.45028266,0.55249035,0.2508119,3.0
358,0.0,0.0,0.0,0.0,0.0,0.0,0.55685985,0.631513,0.43891966,0.427707,0.5660528,0.25880766,1.0
359,0.0,1.0,1.0,1.0,1.0,1.0,0.5583228,0.63678354,0.4777207,0.4617246,0.49697953,0.26454103,2.0
360,1.0,1.0,1.0,1.0,1.0,0.0,0.6077335,0.64969295,0.49100024,0.43993965,0.520386,0.236401,2.0
361,1.0,1.0,1.0,0.0,1.0,1.0,0.58385307,0.6318492,0.45647284,0.45352527,0.52492964,0.26112542,0.0
362,1.0,1.0,0.0,0.0,1.0,0.0,0.6248412,0.6582866,0.48941723,0.48761746,0.58201265,0.2995354,2.0
363,1.0,1.0,1.0,1.0,1.0,0.0,0.60152256,0.65145123,0.48193896,0.43386024,0.5572312,0.27276504,1.0
364,1.0,,1.0,1.0,1.0,1.0,0.6252472,0.6563506,0.47678798,0.45923835,0.56250644,0.28364792,2.0
365,1.0,1.0,0.0,0.0,0.0,0.0,0.56865585,0.65300924,0.4448995,0.45024568,0.5353418,0.25506264,1.0
366,0.0,1.0,1.0,1.0,0.0,1.0,0.5886612,0.6551136,0.47894487,0.4726209,0.56175065,0.2666127,1.0
367,1.0,1.0,1.0,1.0,1.0,1.0,0.59905577,0.6596746,0.47531027,0.48114988,0.51757276,0.26272234,0.0
368,1.0,1.0,1.0,1.0,1.0,0.0,0.6412514,0.6796253,0.48800182,0.45139116,0.57690907,0.2570858,0.0
369,1.0,1.0,1.0,1.0,1.0,0.0,0.567711,0.6132566,0.4521727,0.4293661,0.5027996,0.23716031,3.0
370,0.0,0.0,0.0,0.0,0.0,0.0,0.57909465,0.65906197,0.49131814,0.48530418,0.5339849,0.24139072,2.0
371,1.0,1.0,1.0,1.0,1.0,0.0,0.58885825,0.66123337,0.4410653,0.4656081,0.547736,0.2804655,1.0
372,1.0,1.0,1.0,1.0,1.0,1.0,0.5835239,0.60320336,0.4275369,0.42816755,0.51310796,0.23731138,3.0
373,1.0,1.0,1.0,0.0,0.0,0.0,0.6265248,0.63285977,0.47691116,0.47636035,0.54248744,0.25456518,3.0
374,0.0,0.0,0.0,0.0,0.0,0.0,0.61607254,0.65330017,0.46814632,0.46504128,0.5730512,0.27575848,1.0
375,1.0,1.0,1.0,1.0,1.0,0.0,0.56491303,0.6353185,0.4746812,0.43541962,0.50099826,0.233922,2.0
376,0.0,0.0,0.0,0.0,0.0,0.0,0.5863263,0.64425564,0.47870708,0.46530104,0.555898,0.27454984,1.0
377,1.0,1.0,1.0,1.0,1.0,1.0,0.5426477,0.65484273,0.44589818,0.4616388,0.52212846,0.27750462,1.0
378,1.0,1.0,0.0,0.0,0.0,0.0,0.57029504,0.61000204,0.4409327,0.47393915,0.49553508,0.24852508,4.0
379,0.0,1.0,1.0,1.0,0.0,,0.6308677,0.6936833,0.4607961,0.4475771,0.6142315,0.24862617,4.0
380,0.0,0.0,0.0,0.0,0.0,0.0,0.62651217,0.6677592,0.49811447,0.4747302,0.5810192,0.2768478,2.0
381,0.0,0.0,0.0,0.0,0.0,0.0,0.5754463,0.67403847,0.4585465,0.46741876,0.5483815,0.2766508,1.0
382,0.0,0.0,0.0,0.0,0.0,,0.5614742,0.6094857,0.44256803,0.4397907,0.4944076,0.24710256,0.0
383,1.0,1.0,1.0,1.0,1.0,1.0,0.58710223,0.6191869,0.45194027,0.4566164,0.52619696,0.2560725,0.0
384,1.0,1.0,1.0,1.0,1.0,1.0,0.5925626,0.6692787,0.49936706,0.46985033,0.525616,0.2537018,4.0
385,1.0,1.0,1.0,1.0,1.0,1.0,0.57429874,0.63035166,0.4745474,0.46545598,0.44860968,0.26225615,2.0
386,1.0,1.0,1.0,1.0,1.0,0.0,0.5937323,0.6258098,0.43039823,0.4522583,0.5206825,0.24440335,3.0
387,1.0,1.0,1.0,1.0,1.0,1.0,0.5945141,0.62165606,0.50949395,0.49999768,0.5463822,0.2528891,0.0
388,1.0,1.0,1.0,1.0,1.0,1.0,0.62680864,0.6803666,0.4396004,0.5055942,0.55712014,0.23889029,3.0
389,0.0,0.0,0.0,0.0,0.0,0.0,0.5609514,0.6550894,0.47312808,0.51158077,0.54200494,0.24549188,3.0
390,1.0,1.0,0.0,0.0,0.0,,0.5957165,0.65698487,0.4836359,0.47432226,0.5675861,0.29449022,2.0
391,1.0,1.0,1.0,1.0,1.0,0.0,0.5699766,0.6139287,0.39741105,0.47216633,0.47195897,0.250493,4.0
392,0.0,0.0,0.0,0.0,0.0,0.0,0.5866762,0.6599198,0.4302494,0.43495473,0.5318888,0.2516803,4.0
393,1.0,1.0,1.0,1.0,1.0,1.0,0.5529211,0.6705916,0.4883181,0.46914473,0.55014193,0.27838483,1.0
394,0.0,0.0,0.0,0.0,0.0,,0.556533,0.66546124,0.47965053,0.4727979,0.5514412,0.2819759,1.0
395,1.0,,1.0,1.0,1.0,1.0,0.6159926,0.68643695,0.46177447,0.47499442,0.56012857,0.24846983,3.0
396,0.0,0.0,0.0,0.0,0.0,0.0,0.5985894,0.6474083,0.4456177,0.4752505,0.50148433,0.35123095,3.0
397,1.0,1.0,1.0,1.0,1.0,1.0,0.5901178,0.6634568,0.4696378,0.46266657,0.5630599,0.24986763,4.0
398,0.0,0.0,0.0,0.0,0.0,0.0,0.5995344,0.65781325,0.49474418,0.47989362,0.554772,0.2791255,1.0
399,0.0,1.0,1.0,1.0,1.0,1.0,0.6315567,0.7119902,0.44014162,0.48417425,0.5898566,0.25943905,4.0
400,1.0,,1.0,1.0,1.0,0.0,0.6029988,0.68187064,0.5267068,0.44304797,0.60684776,0.2475369,4.0
401,0.0,1.0,1.0,1.0,0.0,1.0,0.6220458,0.6458428,0.4834115,0.46947342,0.5586582,0.23672187,2.0
402,1.0,1.0,0.0,0.0,0.0,0.0,0.53798187,0.61814815,0.3015145,0.37603644,0.53675,0.24106672,4.0
403,1.0,1.0,0.0,0.0,1.0,0.0,0.53774405,0.6105798,0.29548386,0.3813218,0.52914053,0.23893343,4.0
404,1.0,1.0,1.0,1.0,1.0,1.0,0.610793,0.63792694,0.4476147,0.46279043,0.5267071,0.2357865,3.0
405,1.0,1.0,1.0,1.0,1.0,1.0,0.5763979,0.5962372,0.48455888,0.44514954,0.53236854,0.2783572,1.0
406,0.0,0.0,0.0,0.0,0.0,0.0,0.61385626,0.6752193,0.52269363,0.5013756,0.5618983,0.26436484,0.0
407,0.0,0.0,0.0,0.0,0.0,,0.5871258,0.65849274,0.3995909,0.48529777,0.5647652,0.24718776,4.0
408,1.0,0.0,0.0,0.0,1.0,,0.6063213,0.6626727,0.51869625,0.50069505,0.5645608,0.26230025,0.0
409,1.0,0.0,0.0,0.0,0.0,,0.58655334,0.64974606,0.46228954,0.46820503,0.5129161,0.26362318,0.0
410,0.0,0.0,0.0,0.0,0.0,0.0,0.6064913,0.64319474,0.35464963,0.34849632,0.534468,0.2620591,0.0
411,0.0,0.0,0.0,0.0,0.0,,0.5845111,0.6350498,0.46687156,0.44443008,0.5539292,0.27056664,1.0
412,1.0,,1.0,1.0,1.0,1.0,0.61146754,0.61741155,0.44302818,0.44458735,0.51567113,0.23363605,3.0
413,1.0,1.0,1.0,1.0,1.0,1.0,0.5680236,0.58124465,0.40037847,0.40536612,0.4809754,0.25998008,1.0
414,0.0,0.0,0.0,0.0,0.0,0.0,0.589321,0.6691184,0.49938163,0.5092726,0.54584587,0.27561575,0.0
415,0.0,0.0,0.0,0.0,0.0,,0.54094756,0.64472187,0.47914344,0.42971936,0.5205997,0.26815343,1.0
416,1.0,1.0,1.0,1.0,0.0,1.0,0.6287626,0.6680361,0.5446917,0.5241546,0.5667407,0.28665608,0.0
417,1.0,,1.0,1.0,1.0,1.0,0.6284827,0.63182896,0.47258645,0.47767466,0.5509491,0.24967203,3.0
418,1.0,1.0,1.0,1.0,1.0,1.0,0.61280876,0.7056212,0.5710331,0.49049312,0.5581022,0.28116783,4.0
419,0.0,1.0,1.0,1.0,0.0,,0.5893451,0.6504522,0.4900195,0.5001483,0.54799896,0.31016153,2.0
420,0.0,0.0,0.0,0.0,0.0,0.0,0.5898588,0.6544156,0.5083361,0.43661118,0.5327442,0.27327082,0.0
421,1.0,1.0,1.0,1.0,1.0,0.0,0.62759703,0.67807066,0.5060887,0.49593925,0.581349,0.31449553,2.0
422,0.0,1.0,1.0,1.0,0.0,1.0,0.5633241,0.6176778,0.4281171,0.40616786,0.5501012,0.26500517,0.0
423,1.0,1.0,0.0,0.0,0.0,0.0,0.66479886,0.66755795,0.50142187,0.4562226,0.5776128,0.25671554,2.0
424,0.0,0.0,0.0,0.0,0.0,0.0,0.6657422,0.6721847,0.50218666,0.45620245,0.5760155,0.2556591,2.0
425,1.0,1.0,1.0,1.0,1.0,1.0,0.60366684,0.6335287,0.4194792,0.44597498,0.50577796,0.26643667,1.0
426,0.0,0.0,0.0,0.0,0.0,0.0,0.589248,0.61392474,0.43341172,0.44151372,0.5089451,0.25549555,0.0
427,1.0,1.0,1.0,1.0,1.0,0.0,0.59824747,0.64330083,0.48547134,0.44998902,0.5107822,0.26709062,0.0
428,0.0,0.0,0.0,0.0,0.0,0.0,0.5605413,0.6366822,0.48002818,0.47460765,0.5469086,0.25026152,2.0
429,1.0,1.0,1.0,1.0,1.0,,0.53930825,0.60941887,0.39960405,0.4089989,0.5228095,0.277116,1.0
430,1.0,1.0,0.0,0.0,0.0,0.0,0.608598,0.70236063,0.54939634,0.5318588,0.549615,0.31266844,0.0
431,0.0,0.0,0.0,0.0,0.0,0.0,0.55736536,0.6044481,0.44429109,0.43514338,0.48471126,0.24008092,3.0
432,1.0,1.0,1.0,1.0,1.0,1.0,0.6041014,0.6534398,0.42798942,0.42695156,0.5395119,0.25811675,0.0
433,0.0,0.0,0.0,0.0,1.0,0.0,0.58828664,0.65020347,0.5023904,0.49058825,0.5355137,0.27568373,0.0
434,0.0,0.0,0.0,0.0,0.0,0.0,0.554991,0.6464621,0.4545826,0.4830814,0.505086,0.24284613,3.0
435,1.0,1.0,1.0,1.0,1.0,1.0,0.61355925,0.6766167,0.473311,0.46244085,0.5846387,0.2724486,1.0
436,0.0,0.0,0.0,0.0,0.0,0.0,0.6079654,0.64017385,0.51206285,0.48480308,0.5690391,0.27683184,1.0
437,1.0,1.0,0.0,0.0,0.0,0.0,0.58523315,0.65633637,0.4347362,0.45121422,0.55534524,0.25347194,4.0
438,0.0,0.0,0.0,0.0,0.0,,0.5967138,0.6300251,0.44053525,0.44459587,0.5276238,0.25554845,0.0
439,0.0,0.0,0.0,0.0,0.0,0.0,0.5893672,0.5961737,0.4701211,0.43280652,0.50033176,0.27750233,1.0
440,0.0,1.0,1.0,1.0,1.0,,0.5623359,0.6405586,0.52291024,0.52152187,0.49061224,0.25144166,0.0
441,0.0,0.0,0.0,0.0,0.0,,0.5916085,0.6994108,0.49027136,0.50258654,0.5412076,0.2611982,4.0
442,1.0,1.0,0.0,1.0,1.0,,0.5986031,0.6485792,0.48188555,0.48079824,0.56388193,0.2686435,2.0
443,0.0,1.0,1.0,0.0,1.0,0.0,0.5909041,0.63030756,0.5093273,0.48087502,0.50362873,0.27883345,4.0
444,0.0,0.0,1.0,0.0,1.0,0.0,0.61388475,0.6409295,0.43980488,0.47379267,0.5513015,0.23983464,3.0
445,1.0,1.0,0.0,0.0,1.0,0.0,0.5841585,0.6459235,0.43436474,0.47682709,0.54627776,0.2521857,0.0
446,1.0,1.0,0.0,0.0,1.0,0.0,0.5460731,0.6316276,0.4299722,0.42015952,0.47462988,0.23812027,3.0
447,0.0,0.0,0.0,0.0,0.0,0.0,0.5680576,0.6039944,0.44134068,0.4201709,0.5284356,0.2647481,1.0
448,1.0,1.0,0.0,1.0,1.0,0.0,0.58288443,0.62768555,0.42298862,0.42395368,0.5168805,0.24378057,3.0
449,0.0,0.0,0.0,0.0,0.0,0.0,0.6196635,0.6401641,0.42010722,0.43604717,0.54161084,0.2519346,3.0
450,1.0,1.0,1.0,1.0,1.0,,0.6325812,0.6606117,0.43839204,0.43421692,0.5517671,0.26163357,0.0
451,1.0,1.0,1.0,1.0,1.0,1.0,0.5949197,0.6636238,0.4851821,0.46668082,0.5349923,0.23498774,2.0
452,0.0,1.0,1.0,1.0,1.0,,0.597304,0.65931106,0.4445837,0.48199466,0.5918725,0.24929935,4.0
453,0.0,0.0,0.0,0.0,0.0,0.0,0.7284828,0.77041465,0.49463356,0.4760518,0.564686,0.27455717,1.0
454,1.0,1.0,1.0,1.0,1.0,1.0,0.6109352,0.66264856,0.45436355,0.464799,0.56846404,0.24975489,3.0
455,0.0,0.0,0.0,0.0,0.0,,0.57989633,0.6410871,0.45259693,0.45277312,0.50429296,0.25180823,4.0
456,1.0,1.0,1.0,1.0,0.0,1.0,0.54134095,0.62881744,0.46033242,0.45329773,0.48832828,0.24840973,3.0
457,,1.0,1.0,1.0,1.0,0.0,0.60335535,0.67333925,0.49719945,0.46939638,0.5471173,0.23156013,2.0
458,1.0,1.0,1.0,1.0,0.0,0.0,0.5827048,0.66632473,0.49475253,0.4959138,0.55024564,0.28125837,1.0
459,1.0,1.0,0.0,1.0,1.0,0.0,0.5696653,0.6473789,0.38264084,0.4264855,0.48909038,0.25328386,4.0
460,0.0,0.0,0.0,0.0,0.0,0.0,0.523485,0.5903982,0.4206064,0.41747457,0.4843653,0.24028039,3.0
461,1.0,1.0,1.0,1.0,1.0,,0.6313675,0.696248,0.48280138,0.47281274,0.5345858,0.26709643,0.0
462,0.0,0.0,0.0,1.0,1.0,1.0,0.57241994,0.6223773,0.42622286,0.42603663,0.48958853,0.26951474,1.0
463,1.0,1.0,0.0,0.0,0.0,0.0,0.58516115,0.6714606,0.46741176,0.46492186,0.6187688,0.24883385,4.0
464,0.0,0.0,0.0,0.0,0.0,0.0,0.6069089,0.64507794,0.49433243,0.47472742,0.55523854,0.2619598,0.0
465,0.0,0.0,0.0,0.0,0.0,,0.5526465,0.620873,0.42209396,0.44007468,0.4854461,0.27254885,1.0
466,0.0,0.0,0.0,0.0,0.0,0.0,0.6123692,0.69782025,0.4551264,0.48916745,0.57290864,0.25780156,4.0
467,0.0,0.0,0.0,0.0,0.0,0.0,0.6051938,0.6425892,0.48750246,0.47970057,0.5867658,0.28288275,2.0
468,1.0,,0.0,0.0,1.0,0.0,0.58041453,0.6515273,0.49588603,0.48226815,0.5533299,0.27716154,2.0
469,0.0,0.0,0.0,0.0,0.0,0.0,0.5788605,0.6453054,0.4106913,0.43740764,0.51252025,0.2514156,4.0
470,0.0,0.0,0.0,0.0,0.0,0.0,0.5810134,0.6495873,0.41428244,0.44206426,0.53247374,0.2515617,4.0
471,1.0,1.0,1.0,1.0,1.0,,0.6225854,0.67716724,0.5405089,0.49130923,0.5742538,0.26731107,0.0
472,1.0,1.0,1.0,0.0,0.0,0.0,0.6037347,0.6745676,0.44897944,0.43595922,0.55151176,0.24608785,4.0
473,1.0,1.0,1.0,0.0,1.0,0.0,0.508429,0.6209159,0.4464871,0.44535822,0.47213122,0.23179683,3.0
474,0.0,0.0,0.0,0.0,0.0,0.0,0.57595325,0.61603165,0.43208906,0.42573637,0.51533765,0.24587183,4.0
475,0.0,1.0,1.0,1.0,0.0,,0.5692972,0.6040914,0.4258289,0.4389736,0.51955336,0.24353203,3.0
476,1.0,1.0,0.0,0.0,0.0,,0.57460433,0.6659772,0.46006837,0.44923958,0.5214169,0.24508703,4.0
477,1.0,,1.0,1.0,1.0,1.0,0.49911267,0.6231135,0.48513788,0.5022292,0.48817974,0.27595422,2.0
478,1.0,1.0,0.0,0.0,1.0,0.0,0.62315875,0.66234905,0.50854504,0.49726006,0.55038106,0.26800814,0.0
479,1.0,1.0,1.0,1.0,1.0,1.0,0.606408,0.64936864,0.48992562,0.46088415,0.5407585,0.26895058,0.0
480,0.0,0.0,0.0,0.0,0.0,,0.59971666,0.67851675,0.524371,0.5131187,0.5427966,0.28199142,0.0
481,1.0,1.0,1.0,1.0,1.0,0.0,0.5779972,0.6085625,0.392584,0.41014242,0.55949867,0.25998652,1.0
482,1.0,1.0,0.0,0.0,1.0,0.0,0.538298,0.60442305,0.374498,0.41698453,0.5073358,0.242612,0.0
483,0.0,0.0,1.0,0.0,0.0,0.0,0.57211787,0.65502423,0.45292315,0.4388089,0.5320395,0.2727684,1.0
484,1.0,,1.0,1.0,1.0,0.0,0.6345722,0.6539397,0.48985317,0.46293974,0.51902986,0.25611514,2.0
485,0.0,0.0,0.0,0.0,0.0,0.0,0.5951971,0.6704471,0.43455356,0.4694973,0.52873236,0.26902798,0.0
486,0.0,0.0,0.0,0.0,0.0,0.0,0.57477206,0.6483516,0.45117474,0.44546425,0.49930987,0.26021057,0.0
487,1.0,1.0,0.0,0.0,1.0,0.0,0.56784534,0.595037,0.38821098,0.46067017,0.52962065,0.24301496,3.0
488,0.0,0.0,0.0,0.0,0.0,0.0,0.58525777,0.70466185,0.48338962,0.50739515,0.55710757,0.26539588,4.0
489,0.0,0.0,0.0,0.0,0.0,0.0,0.58512145,0.6545688,0.44904065,0.44992322,0.5302824,0.2573065,4.0
490,1.0,1.0,1.0,1.0,1.0,0.0,0.5592822,0.6320199,0.46687767,0.45238736,0.48694554,0.23383956,2.0
491,0.0,0.0,0.0,0.0,0.0,0.0,0.60778594,0.6619793,0.4406491,0.425196,0.52292925,0.23606873,3.0
492,0.0,0.0,0.0,0.0,0.0,0.0,0.59931153,0.7119038,0.47227922,0.49061912,0.52548975,0.26750794,4.0
493,1.0,1.0,0.0,0.0,0.0,,0.57668877,0.650842,0.45177978,0.46966565,0.530046,0.26819807,1.0
494,0.0,0.0,0.0,0.0,0.0,,0.5753503,0.6364591,0.45046523,0.45994398,0.56224006,0.24389926,0.0
495,1.0,1.0,0.0,0.0,0.0,0.0,0.6238319,0.66932887,0.5266945,0.5111021,0.5740031,0.27364787,0.0
496,0.0,0.0,0.0,0.0,0.0,0.0,0.5776337,0.6053346,0.4316788,0.45367607,0.5082907,0.25082704,4.0
497,0.0,0.0,0.0,0.0,0.0,0.0,0.6046175,0.6892985,0.4845599,0.48334205,0.52760625,0.27883554,1.0
498,1.0,1.0,1.0,1.0,1.0,1.0,0.55490136,0.62901294,0.44164574,0.41082835,0.5056422,0.22739758,3.0
499,1.0,1.0,0.0,1.0,1.0,,0.58693206,0.6680478,0.43636572,0.42498136,0.5210746,0.24094798,3.0
500,0.0,0.0,0.0,0.0,0.0,,0.585158,0.6480213,0.48858505,0.49102595,0.56437784,0.27867508,2.0
501,1.0,1.0,1.0,1.0,1.0,1.0,0.6308186,0.6606138,0.43002474,0.4620022,0.52176964,0.24526751,3.0
502,1.0,,0.0,0.0,1.0,0.0,0.55458426,0.60170346,0.42891416,0.47711417,0.4871056,0.2531956,4.0
503,1.0,1.0,1.0,0.0,0.0,1.0,0.6094009,0.6458465,0.49103135,0.47873464,0.5385958,0.26821983,2.0
504,1.0,1.0,1.0,0.0,0.0,0.0,0.55870247,0.6333507,0.45194817,0.47841188,0.5555451,0.23634693,3.0
505,0.0,0.0,0.0,0.0,0.0,0.0,0.6018035,0.6535158,0.5107317,0.46309185,0.575732,0.264996,1.0
506,1.0,1.0,1.0,1.0,1.0,0.0,0.5867443,0.66468024,0.41855222,0.46520126,0.48725662,0.26938424,1.0
507,1.0,1.0,0.0,0.0,1.0,1.0,0.5922056,0.62753665,0.47136343,0.4168911,0.5330228,0.26838028,0.0
508,0.0,,1.0,1.0,0.0,0.0,0.59954643,0.6534927,0.44920325,0.3986651,0.54919845,0.24288854,0.0
509,1.0,1.0,1.0,1.0,1.0,1.0,0.59540564,0.6225573,0.4687218,0.4674554,0.5247039,0.24621779,4.0
510,1.0,,1.0,1.0,1.0,0.0,0.589708,0.59880924,0.40769345,0.42637095,0.5086884,0.25402135,3.0
511,1.0,1.0,0.0,0.0,1.0,0.0,0.58149123,0.6360389,0.41776517,0.45336252,0.4875716,0.23769622,4.0
512,1.0,1.0,1.0,1.0,1.0,0.0,0.5772103,0.57070285,0.4271705,0.41175166,0.50727415,0.23183042,3.0
513,0.0,0.0,0.0,0.0,0.0,0.0,0.46034822,0.63278127,0.4922688,0.47731018,0.51795214,0.28881374,2.0
514,1.0,1.0,0.0,0.0,1.0,,0.6099453,0.66954184,0.45810252,0.45780328,0.5028348,0.250463,0.0
515,1.0,1.0,1.0,1.0,1.0,1.0,0.559511,0.6051701,0.40867907,0.42694235,0.51241064,0.24306157,3.0
516,0.0,,1.0,1.0,1.0,1.0,0.61943614,0.6483492,0.4639814,0.44612303,0.54089916,0.2229551,2.0
517,0.0,0.0,0.0,0.0,0.0,0.0,0.5940356,0.6346875,0.42750284,0.48554245,0.48877573,0.25989395,4.0
518,1.0,1.0,1.0,1.0,1.0,0.0,0.5627822,0.6582988,0.46454626,0.46273857,0.52305025,0.27492654,1.0
519,0.0,0.0,0.0,0.0,0.0,0.0,0.5875894,0.67586285,0.4779095,0.50269747,0.5474102,0.24612163,0.0
520,0.0,0.0,1.0,1.0,0.0,0.0,0.60265005,0.6533369,0.47139668,0.45939273,0.56504357,0.27702147,1.0
521,0.0,0.0,0.0,0.0,0.0,0.0,0.57635206,0.59945416,0.34940398,0.4332847,0.5140501,0.2347149,3.0
522,1.0,1.0,0.0,0.0,1.0,0.0,0.41443726,0.56376064,0.48437303,0.46219614,0.4528509,0.25522017,2.0
523,1.0,,0.0,0.0,1.0,0.0,0.57719785,0.6592926,0.49064088,0.4743837,0.5504711,0.257034,2.0
524,1.0,1.0,0.0,1.0,1.0,0.0,0.62036395,0.7136456,0.5907578,0.4752714,0.58311045,0.2705935,4.0
525,0.0,1.0,1.0,1.0,1.0,0.0,0.5990102,0.6669677,0.48468775,0.46011776,0.5547343,0.2586323,2.0
526,0.0,0.0,0.0,0.0,0.0,0.0,0.6016744,0.6355435,0.5032108,0.48913336,0.56745404,0.28010628,1.0
527,0.0,0.0,0.0,0.0,0.0,0.0,0.5954319,0.63485885,0.49057582,0.47465864,0.54766786,0.2715533,0.0
528,0.0,0.0,0.0,0.0,0.0,0.0,0.60797536,0.6370619,0.45145586,0.4232748,0.50468874,0.26605034,2.0
529,1.0,1.0,1.0,1.0,1.0,1.0,0.6002473,0.68221873,0.46252853,0.476084,0.557121,0.2642403,0.0
530,0.0,0.0,1.0,1.0,0.0,,0.63382554,0.67387027,0.4282874,0.37443358,0.54688215,0.23559745,0.0
531,1.0,1.0,1.0,1.0,1.0,1.0,0.60954845,0.6577805,0.48417774,0.4608121,0.5782218,0.22526827,2.0
532,0.0,0.0,0.0,0.0,0.0,0.0,0.61498684,0.6696566,0.48475984,0.47041607,0.56846446,0.27666155,1.0
533,1.0,1.0,1.0,1.0,1.0,1.0,0.5501758,0.6393987,0.46344537,0.44460526,0.47725818,0.23873644,2.0
534,1.0,1.0,1.0,1.0,1.0,0.0,0.718549,0.7596293,0.49241936,0.4693644,0.5442129,0.27242768,1.0
535,1.0,1.0,0.0,0.0,0.0,,0.56708646,0.6462268,0.53456557,0.5134841,0.50193655,0.27269292,0.0
536,0.0,0.0,0.0,0.0,0.0,0.0,0.5688804,0.66528654,0.47959885,0.44866103,0.5367553,0.2603543,2.0
537,1.0,1.0,1.0,0.0,1.0,0.0,0.56847477,0.6098867,0.43598095,0.46927157,0.51013386,0.26300442,4.0
538,1.0,1.0,1.0,0.0,1.0,0.0,0.5630259,0.5902178,0.47223163,0.4057796,0.516098,0.25644204,0.0
539,1.0,,1.0,1.0,1.0,0.0,0.55189943,0.619719,0.42165408,0.43845707,0.49694803,0.24714297,3.0
540,0.0,0.0,0.0,0.0,0.0,,0.58937895,0.644713,0.45614845,0.48781332,0.5442878,0.24269643,4.0
541,1.0,1.0,1.0,1.0,1.0,0.0,0.56851864,0.63035965,0.44203,0.45879164,0.51526433,0.24454805,3.0
542,0.0,0.0,0.0,0.0,0.0,0.0,0.6045951,0.65750194,0.4926261,0.49983343,0.57058805,0.2802906,2.0
543,1.0,1.0,1.0,1.0,1.0,1.0,0.5872879,0.6343058,0.48651242,0.456766,0.51312566,0.27713665,1.0
544,0.0,0.0,0.0,0.0,0.0,0.0,0.60003865,0.6436013,0.4665709,0.48592383,0.55434436,0.25271907,0.0
545,1.0,1.0,0.0,0.0,0.0,0.0,0.6308922,0.6655457,0.49572507,0.486942,0.5521108,0.2323764,2.0
546,,1.0,1.0,1.0,1.0,1.0,0.5836507,0.66630316,0.4032141,0.490982,0.5629323,0.25923523,4.0
547,0.0,0.0,0.0,0.0,0.0,0.0,0.6357819,0.66342914,0.49002722,0.4803938,0.5722627,0.25604674,2.0
548,1.0,1.0,1.0,1.0,1.0,,0.6086332,0.6440245,0.50775796,0.5055641,0.5361132,0.23821108,0.0
549,1.0,1.0,1.0,1.0,1.0,0.0,0.56494915,0.64171183,0.4652241,0.44806284,0.53323036,0.24395531,2.0
550,0.0,0.0,1.0,1.0,0.0,1.0,0.603968,0.62867785,0.4650322,0.49141577,0.5192936,0.25550896,4.0
551,1.0,1.0,1.0,1.0,1.0,0.0,0.6040713,0.65321696,0.5014848,0.4728923,0.58100635,0.24604736,1.0
552,1.0,1.0,0.0,1.0,1.0,1.0,0.57605994,0.65667063,0.43114847,0.40309334,0.54318905,0.25100914,0.0
553,1.0,1.0,1.0,1.0,1.0,0.0,0.5130015,0.6303601,0.45534605,0.44660977,0.44143295,0.21575938,2.0
554,1.0,1.0,1.0,1.0,1.0,1.0,0.59903735,0.6500566,0.42632443,0.42906663,0.5320663,0.25802302,0.0
555,1.0,1.0,,1.0,1.0,1.0,0.5849057,0.6701332,0.50830036,0.5162143,0.5344742,0.26762,0.0
556,1.0,1.0,0.0,0.0,1.0,0.0,0.61004025,0.65986663,0.43074772,0.3887812,0.5204789,0.24653451,0.0
557,1.0,1.0,1.0,1.0,1.0,1.0,0.5717008,0.6733941,0.387622,0.4599951,0.45346436,0.2772678,1.0
558,0.0,0.0,0.0,0.0,0.0,0.0,0.5880293,0.6475433,0.48304275,0.45815477,0.5505976,0.2567656,2.0
559,1.0,1.0,1.0,1.0,1.0,1.0,0.60013163,0.6415237,0.46250555,0.48362792,0.5190254,0.24655019,3.0
560,1.0,1.0,0.0,0.0,0.0,0.0,0.61043495,0.65512127,0.4904908,0.48134667,0.5930149,0.28136423,2.0
561,1.0,1.0,1.0,1.0,1.0,,0.6052965,0.67814326,0.5090769,0.5265185,0.5591597,0.24215308,0.0
562,1.0,1.0,1.0,1.0,1.0,,0.5863567,0.66353303,0.55686474,0.5099437,0.52788323,0.25408483,4.0
563,0.0,0.0,0.0,0.0,0.0,0.0,0.58184165,0.6232414,0.4345565,0.43610135,0.4993875,0.2526972,4.0
564,0.0,1.0,1.0,1.0,1.0,0.0,0.5996564,0.67798096,0.54054904,0.49329397,0.54345095,0.26209792,0.0
565,1.0,1.0,0.0,0.0,0.0,0.0,0.5824063,0.6707253,0.46829915,0.4913733,0.5357929,0.26356798,4.0
566,0.0,1.0,1.0,1.0,1.0,1.0,0.5556809,0.62912333,0.46599567,0.44920328,0.4897882,0.28045648,2.0
567,0.0,0.0,0.0,0.0,0.0,0.0,0.5964338,0.6182584,0.4206778,0.42778593,0.5042576,0.23249474,0.0
568,0.0,0.0,0.0,0.0,0.0,0.0,0.6377468,0.6379317,0.44712704,0.46898103,0.557588,0.2476325,3.0
569,0.0,0.0,0.0,0.0,0.0,0.0,0.5788362,0.60435283,0.36949068,0.43256664,0.46561062,0.24093996,4.0
570,0.0,0.0,0.0,0.0,0.0,0.0,0.5614579,0.619903,0.5302588,0.47823587,0.27317494,0.26919138,1.0
571,1.0,1.0,0.0,0.0,1.0,,0.5892643,0.632524,0.4575761,0.4677627,0.5678073,0.26686507,1.0
572,1.0,1.0,0.0,0.0,0.0,0.0,0.5969148,0.60514206,0.47897416,0.43661657,0.28252354,0.27148372,1.0
573,1.0,1.0,1.0,1.0,1.0,1.0,0.5775331,0.6585083,0.47892815,0.4889146,0.52971613,0.25044775,2.0
574,0.0,0.0,0.0,0.0,0.0,0.0,0.58798057,0.64748317,0.42199168,0.48139977,0.60150254,0.26123518,4.0
575,0.0,0.0,0.0,0.0,0.0,,0.5639105,0.6387255,0.44524154,0.46409988,0.55049026,0.24876264,1.0
576,1.0,1.0,1.0,1.0,0.0,0.0,0.5609921,0.6824015,0.4914881,0.4823554,0.56111807,0.2694478,1.0
577,1.0,,1.0,1.0,1.0,0.0,0.54608816,0.6240434,0.45153847,0.4572175,0.51026714,0.25164086,3.0
578,1.0,1.0,1.0,1.0,1.0,0.0,0.5797163,0.6554389,0.47918183,0.47129205,0.55422884,0.26394415,2.0
579,0.0,0.0,0.0,0.0,0.0,0.0,0.5796594,0.664849,0.4696499,0.48328722,0.5196915,0.28045914,1.0
580,1.0,1.0,0.0,0.0,1.0,,0.5690317,0.61100966,0.44885713,0.44621927,0.5047472,0.25561804,3.0
581,1.0,1.0,1.0,1.0,1.0,0.0,0.58607054,0.641172,0.38636217,0.41257408,0.52372694,0.261506,1.0
582,1.0,1.0,0.0,1.0,0.0,0.0,0.61942667,0.6607853,0.51089483,0.5895941,0.56529474,0.29775125,0.0
583,0.0,1.0,1.0,1.0,0.0,1.0,0.6020127,0.68210614,0.50701845,0.4856316,0.54967564,0.28292835,1.0
584,1.0,1.0,0.0,0.0,0.0,0.0,0.56897575,0.6545094,0.52908474,0.46331233,0.5497782,0.2805331,1.0
585,0.0,0.0,1.0,0.0,0.0,1.0,0.6028319,0.6580554,0.56516147,0.5621039,0.5551375,0.2772107,0.0
586,1.0,1.0,1.0,1.0,1.0,1.0,0.57210696,0.6354373,0.52242,0.4765575,0.55847883,0.25828964,4.0
587,1.0,1.0,0.0,1.0,0.0,0.0,0.5581384,0.6278652,0.42946592,0.44243732,0.49267197,0.24970844,3.0
588,0.0,0.0,0.0,0.0,0.0,0.0,0.60537815,0.67094594,0.4473025,0.4349003,0.53179765,0.26406863,0.0
589,1.0,1.0,0.0,0.0,0.0,0.0,0.6133671,0.651489,0.4929583,0.48540777,0.5741488,0.2850731,2.0
590,1.0,1.0,1.0,1.0,1.0,0.0,0.5825007,0.6958121,0.5187661,0.49330485,0.56460696,0.2794456,1.0
591,0.0,0.0,0.0,0.0,0.0,0.0,0.60316736,0.6535143,0.45792767,0.45547923,0.5314218,0.2535941,1.0
592,1.0,1.0,1.0,1.0,1.0,,0.62132114,0.6925905,0.4390574,0.47420728,0.57741666,0.27324766,1.0
593,0.0,0.0,0.0,0.0,0.0,0.0,0.6060932,0.6730257,0.47065797,0.46485806,0.5660511,0.2734825,1.0
594,1.0,1.0,0.0,0.0,1.0,0.0,0.6357248,0.66133064,0.50488865,0.4995364,0.5622145,0.27488673,2.0
595,1.0,1.0,0.0,0.0,1.0,1.0,0.5772579,0.6293142,0.4332869,0.446374,0.5134598,0.23756365,3.0
596,0.0,1.0,0.0,0.0,1.0,0.0,0.5893872,0.6500188,0.48539448,0.48790208,0.5554876,0.26440513,0.0
597,,1.0,,1.0,1.0,1.0,0.56668985,0.6307752,0.47689855,0.46045527,0.5454893,0.37909222,2.0
598,0.0,0.0,0.0,0.0,0.0,,0.56979704,0.675622,0.45698947,0.47156528,0.516837,0.27762252,1.0
599,1.0,1.0,0.0,0.0,1.0,,0.5973844,0.65717226,0.51593757,0.49299154,0.5395751,0.26654956,0.0
600,1.0,1.0,1.0,1.0,1.0,1.0,0.5878004,0.69456923,0.4699819,0.49482775,0.55112773,0.26944083,4.0
601,1.0,1.0,1.0,0.0,0.0,0.0,0.5885471,0.6524802,0.49551138,0.49898455,0.55555713,0.2647574,2.0
602,1.0,1.0,0.0,0.0,0.0,0.0,0.62153643,0.6643485,0.55183214,0.53433317,0.56625915,0.27620262,0.0
603,0.0,1.0,1.0,1.0,0.0,1.0,0.5798903,0.63968647,0.46256295,0.44645828,0.49723917,0.23210806,2.0
604,1.0,1.0,1.0,1.0,1.0,1.0,0.6194951,0.6706075,0.43841168,0.47077113,0.543389,0.249112,3.0
605,0.0,0.0,1.0,0.0,0.0,0.0,0.5692099,0.6712461,0.49645746,0.48096246,0.58181316,0.28098243,1.0
606,1.0,1.0,1.0,1.0,1.0,,0.58176756,0.6362125,0.41934353,0.4732345,0.5703524,0.24137715,4.0
607,1.0,1.0,1.0,1.0,1.0,1.0,0.61510205,0.66234064,0.45301545,0.4750072,0.5629668,0.26760918,1.0
608,0.0,1.0,1.0,1.0,1.0,1.0,0.57750976,0.663317,0.38507393,0.44073638,0.4891225,0.24535474,4.0
609,1.0,,0.0,0.0,0.0,0.0,0.5768033,0.63496596,0.42275047,0.42402098,0.4899578,0.25593853,1.0
610,0.0,0.0,0.0,0.0,0.0,0.0,0.5789925,0.6325059,0.44727,0.47570783,0.50286543,0.257145,0.0
611,0.0,0.0,0.0,0.0,0.0,0.0,0.5608966,0.6429478,0.41913348,0.44689643,0.51687175,0.25155485,0.0
612,0.0,0.0,0.0,0.0,0.0,0.0,0.60071385,0.63937676,0.47111034,0.51420295,0.5595232,0.24311633,4.0
613,0.0,0.0,0.0,0.0,0.0,0.0,0.6474461,0.6714366,0.46012023,0.46033356,0.54332,0.26829126,0.0
614,1.0,1.0,1.0,1.0,1.0,1.0,0.5844567,0.65451854,0.4282765,0.43531066,0.52795106,0.26946646,1.0
615,0.0,,0.0,0.0,0.0,0.0,0.57945395,0.66333437,0.50015414,0.51098156,0.5466335,0.25794047,2.0
616,1.0,1.0,1.0,1.0,1.0,1.0,0.58164775,0.65324605,0.4516326,0.47887534,0.5098175,0.23090844,3.0
617,1.0,1.0,1.0,1.0,1.0,0.0,0.5810362,0.6869439,0.45389816,0.46917486,0.53290385,0.27365258,1.0
618,1.0,1.0,1.0,1.0,1.0,,0.60677004,0.6871853,0.53748196,0.5043598,0.56916255,0.28289086,1.0
619,0.0,0.0,0.0,0.0,0.0,0.0,0.5910252,0.6424102,0.4780983,0.4764432,0.57873243,0.25034797,1.0
620,0.0,1.0,1.0,1.0,0.0,1.0,0.57713884,0.6303425,0.46630278,0.46649063,0.53323835,0.2649115,0.0
621,0.0,0.0,0.0,0.0,0.0,0.0,0.6141671,0.6871593,0.4593346,0.4522252,0.5389013,0.2658387,0.0
622,0.0,0.0,0.0,0.0,0.0,0.0,0.5766909,0.6502802,0.48266774,0.44091842,0.524141,0.29394546,2.0
623,1.0,1.0,0.0,0.0,1.0,0.0,0.6045818,0.6585954,0.46149552,0.4844696,0.57748234,0.24684656,4.0
624,0.0,0.0,0.0,0.0,0.0,0.0,0.6113148,0.6668103,0.4895265,0.48345742,0.57038355,0.2535972,2.0
625,1.0,1.0,1.0,1.0,1.0,0.0,0.5721444,0.6549589,0.35239524,0.41330874,0.5722845,0.25707608,4.0
626,0.0,0.0,0.0,0.0,0.0,0.0,0.5086933,0.6240425,0.46410692,0.4448234,0.5193135,0.24870434,2.0
627,1.0,1.0,1.0,1.0,1.0,1.0,0.59635353,0.6756097,0.51571465,0.5372328,0.6245535,0.26644567,4.0
628,1.0,1.0,0.0,0.0,0.0,0.0,0.60010296,0.6757926,0.4956966,0.4727555,0.53237605,0.27762967,1.0
629,1.0,1.0,1.0,1.0,1.0,1.0,0.60240686,0.6452348,0.47720444,0.47299471,0.53879726,0.3066638,2.0
630,1.0,1.0,1.0,1.0,1.0,1.0,0.58251536,0.629062,0.43546042,0.4403213,0.5630367,0.2622424,1.0
631,1.0,1.0,1.0,1.0,1.0,1.0,0.7430366,0.77221173,0.5319402,0.4995921,0.5710322,0.2772554,1.0
632,1.0,1.0,0.0,1.0,1.0,0.0,0.5960419,0.67520887,0.5742801,0.482477,0.5806503,0.2500412,4.0
633,0.0,0.0,0.0,0.0,0.0,0.0,0.5816931,0.6326064,0.40477997,0.41596246,0.5125697,0.24144277,3.0
634,0.0,0.0,0.0,0.0,0.0,0.0,0.58833617,0.62291163,0.3968817,0.43300226,0.55849314,0.2430601,1.0
635,1.0,1.0,1.0,1.0,1.0,0.0,0.6064173,0.6780607,0.47898197,0.49877176,0.549669,0.25634617,3.0
636,0.0,0.0,0.0,0.0,0.0,0.0,0.59917396,0.67241764,0.4542367,0.46697944,0.4992423,0.26753834,0.0
637,,1.0,1.0,1.0,1.0,1.0,0.6186985,0.6637383,0.48886335,0.5026833,0.5627723,0.27102324,0.0
638,0.0,0.0,0.0,0.0,0.0,0.0,0.6309574,0.6710935,0.49931872,0.48502737,0.59289247,0.265598,2.0
639,1.0,1.0,0.0,0.0,1.0,0.0,0.6077744,0.6572182,0.49747634,0.49234793,0.60832274,0.25084805,4.0
640,1.0,1.0,0.0,0.0,1.0,0.0,0.5987047,0.5967973,0.4424001,0.4402117,0.5355872,0.2441274,4.0
641,,1.0,1.0,1.0,1.0,0.0,0.5870781,0.6645601,0.45517576,0.49006003,0.5222378,0.24926716,4.0
642,0.0,1.0,1.0,1.0,0.0,1.0,0.5490565,0.64587504,0.49020326,0.4735748,0.5401223,0.22011273,2.0
643,1.0,1.0,0.0,0.0,1.0,0.0,0.58760154,0.653296,0.4882417,0.48934805,0.560192,0.27273807,2.0
644,0.0,0.0,0.0,0.0,0.0,0.0,0.57189554,0.63587207,0.48193702,0.4526007,0.53951335,0.23929435,2.0
645,1.0,1.0,1.0,1.0,1.0,1.0,0.57307184,0.6461843,0.46884888,0.43079942,0.525089,0.19912,2.0
646,1.0,1.0,0.0,1.0,0.0,0.0,0.5904746,0.6500625,0.47855577,0.4493109,0.51155645,0.2533558,4.0
647,1.0,1.0,1.0,1.0,1.0,1.0,0.60335237,0.63793164,0.4345071,0.48584354,0.50369513,0.26478028,0.0
648,1.0,1.0,1.0,0.0,1.0,1.0,0.61423826,0.6585567,0.4385485,0.4706226,0.57881916,0.2535408,4.0
649,,1.0,1.0,1.0,1.0,0.0,0.55548096,0.5747649,0.39208078,0.43494198,0.47662717,0.2678337,1.0
650,1.0,1.0,1.0,1.0,1.0,1.0,0.57070553,0.70096076,0.46441174,0.47295928,0.5584009,0.2779042,1.0
651,1.0,1.0,0.0,0.0,0.0,0.0,0.5768307,0.64289594,0.47933176,0.4376095,0.53211963,0.2691626,1.0
652,0.0,1.0,1.0,1.0,0.0,,0.57157975,0.61692876,0.43447065,0.47491747,0.5487518,0.2486029,3.0
653,0.0,0.0,1.0,1.0,0.0,,0.57977617,0.6380619,0.42700928,0.44303972,0.55130273,0.25804967,4.0
654,1.0,1.0,1.0,1.0,1.0,,0.59191024,0.6412945,0.4471105,0.44292542,0.53726524,0.2765435,1.0
655,1.0,1.0,1.0,1.0,1.0,1.0,0.55631053,0.6066648,0.38674092,0.45050573,0.49426237,0.23830384,3.0
656,1.0,,1.0,1.0,1.0,1.0,0.58271164,0.60911006,0.4212941,0.43990898,0.52109224,0.25216955,3.0
657,0.0,0.0,1.0,0.0,0.0,0.0,0.55149734,0.62135214,0.41370457,0.43681073,0.49842852,0.2352125,3.0
658,0.0,1.0,0.0,0.0,0.0,0.0,0.5870643,0.6507672,0.37956542,0.40100718,0.5428112,0.24730088,4.0
659,1.0,,1.0,1.0,0.0,,0.5820816,0.6251915,0.42695454,0.46892524,0.47056898,0.242906,4.0
660,1.0,1.0,0.0,0.0,0.0,,0.60599923,0.65882635,0.49333924,0.467067,0.56633973,0.26889372,2.0
661,0.0,0.0,0.0,0.0,0.0,0.0,0.6323464,0.65324163,0.49706385,0.4850017,0.57180125,0.295256,2.0
662,0.0,0.0,0.0,0.0,0.0,,0.5565142,0.6137487,0.44137147,0.42426646,0.48279962,0.24092315,3.0
663,1.0,1.0,1.0,0.0,0.0,1.0,0.5845463,0.66117597,0.4405154,0.4693483,0.5736417,0.23835082,4.0
664,1.0,1.0,1.0,1.0,1.0,1.0,0.5540421,0.64956594,0.47800416,0.4758346,0.53666174,0.2655011,2.0
665,0.0,0.0,0.0,0.0,0.0,0.0,0.62020123,0.6505296,0.47891748,0.4479146,0.53792137,0.25253373,2.0
666,1.0,1.0,0.0,0.0,0.0,0.0,0.5899609,0.6411275,0.48240885,0.47867727,0.5621552,0.26351494,2.0
667,0.0,0.0,0.0,0.0,0.0,0.0,0.5967213,0.64214915,0.4671468,0.4565386,0.5102208,0.24615034,3.0
668,0.0,0.0,0.0,0.0,0.0,0.0,0.5956691,0.6502438,0.48265368,0.4511989,0.56614804,0.2774958,1.0
669,0.0,0.0,0.0,0.0,0.0,0.0,0.5721629,0.64515305,0.47241062,0.46901914,0.5475619,0.2441144,2.0
670,,1.0,1.0,1.0,1.0,1.0,0.57476604,0.6547846,0.4540843,0.47558528,0.5433289,0.27169946,0.0
671,1.0,1.0,0.0,0.0,1.0,0.0,0.61751646,0.6405072,0.47906378,0.48176318,0.5941612,0.25304472,3.0
672,1.0,1.0,1.0,1.0,0.0,0.0,0.59681785,0.65770465,0.49146697,0.47952855,0.5302944,0.25024354,2.0
673,1.0,1.0,0.0,0.0,1.0,0.0,0.55533564,0.6194513,0.442901,0.46509746,0.52985823,0.25062564,3.0
674,1.0,,,0.0,1.0,,0.6183986,0.65765506,0.46959025,0.44237733,0.5580286,0.27241164,0.0
675,0.0,0.0,0.0,0.0,0.0,,0.6048397,0.65466684,0.43966043,0.44678912,0.53334635,0.25154936,3.0
676,0.0,,1.0,1.0,1.0,1.0,0.6432686,0.64546055,0.4372012,0.43654895,0.58585936,0.2434797,3.0
677,0.0,0.0,0.0,0.0,0.0,0.0,0.5993301,0.65193766,0.48714173,0.48797196,0.5603166,0.34053853,2.0
678,0.0,0.0,0.0,0.0,0.0,0.0,0.61408985,0.64084816,0.4362141,0.41484052,0.5050216,0.25755292,0.0
679,1.0,1.0,1.0,1.0,1.0,1.0,0.59836805,0.63312554,0.4075336,0.37275517,0.50722927,0.22291696,0.0
680,1.0,1.0,1.0,1.0,1.0,1.0,0.5786605,0.63324314,0.4559093,0.45556632,0.51888794,0.27054656,0.0
681,1.0,1.0,1.0,1.0,1.0,1.0,0.6008341,0.6809123,0.4651972,0.4787745,0.628271,0.26127583,4.0
682,1.0,1.0,1.0,1.0,1.0,1.0,0.62469906,0.6731383,0.49647933,0.4890001,0.5240171,0.24671994,2.0
683,1.0,1.0,0.0,0.0,0.0,,0.57483196,0.59074295,0.43036404,0.44531816,0.5090348,0.2575978,4.0
684,1.0,1.0,1.0,1.0,1.0,1.0,0.5494756,0.6627939,0.47099864,0.47838396,0.49013293,0.24013418,4.0
685,0.0,0.0,0.0,0.0,0.0,0.0,0.59347445,0.68225133,0.45585948,0.4782412,0.5306062,0.260242,4.0
686,0.0,0.0,0.0,0.0,0.0,0.0,0.5662642,0.62789124,0.4837317,0.4688185,0.5494539,0.27705044,1.0
687,0.0,0.0,0.0,0.0,0.0,0.0,0.608045,0.6788231,0.47999418,0.5184183,0.57021004,0.25116163,4.0
688,1.0,1.0,1.0,1.0,1.0,1.0,0.5281329,0.63225883,0.4599873,0.4668285,0.51138175,0.24276297,3.0
689,1.0,1.0,1.0,1.0,1.0,0.0,0.6259791,0.6647279,0.3949414,0.49433255,0.49825346,0.35819748,3.0
690,1.0,1.0,1.0,1.0,1.0,1.0,0.5959804,0.65948427,0.5119842,0.4546926,0.52369356,0.23004998,3.0
691,0.0,0.0,0.0,0.0,0.0,0.0,0.5924315,0.65621567,0.48824996,0.49029619,0.57832813,0.33447942,2.0
692,1.0,1.0,1.0,1.0,1.0,0.0,0.5937439,0.6725136,0.46603456,0.44211996,0.5520878,0.26897258,1.0
693,0.0,,0.0,0.0,0.0,0.0,0.5763186,0.6160674,0.44632015,0.44886565,0.516683,0.25777557,0.0
694,0.0,0.0,0.0,0.0,0.0,0.0,0.6013466,0.66586834,0.5024639,0.51169354,0.5156645,0.26765132,0.0
695,1.0,0.0,0.0,0.0,1.0,0.0,0.5930567,0.65268576,0.5091605,0.52216554,0.53247094,0.2569719,0.0
696,1.0,1.0,1.0,1.0,1.0,0.0,0.5446621,0.6153659,0.43127152,0.45985967,0.5122374,0.23600551,3.0
697,1.0,1.0,1.0,0.0,0.0,1.0,0.6146904,0.64795244,0.43274817,0.46312797,0.53808415,0.24357423,3.0
698,1.0,1.0,1.0,1.0,1.0,1.0,0.55525064,0.67857194,0.3886026,0.39553195,0.5184494,0.2502886,4.0
699,1.0,1.0,0.0,0.0,0.0,,0.5918385,0.6778376,0.40578586,0.4898082,0.5469937,0.259379,4.0
700,0.0,0.0,1.0,1.0,0.0,,0.54051244,0.6388309,0.47801387,0.45642927,0.5143861,0.2494688,2.0
701,1.0,1.0,0.0,0.0,0.0,0.0,0.5839528,0.61319137,0.41739535,0.38529277,0.4696683,0.26654994,1.0
702,0.0,0.0,0.0,0.0,0.0,0.0,0.6067199,0.6944891,0.433282,0.44209373,0.55105436,0.24873193,4.0
703,1.0,1.0,0.0,0.0,0.0,0.0,0.6085447,0.6293038,0.44024694,0.45444322,0.54352254,0.24026598,3.0
704,1.0,1.0,0.0,0.0,0.0,0.0,0.715404,0.7509298,0.47616583,0.45527184,0.5657576,0.27870542,1.0
705,0.0,0.0,0.0,0.0,0.0,,0.55340505,0.66793925,0.4920815,0.4762795,0.50582397,0.26808622,1.0
706,0.0,0.0,0.0,0.0,0.0,,0.5807706,0.6458091,0.47878614,0.43941897,0.5141613,0.25301144,2.0
707,1.0,1.0,1.0,1.0,1.0,1.0,0.61767626,0.66677934,0.46629453,0.5083743,0.55788004,0.2587561,0.0
708,1.0,,1.0,1.0,1.0,1.0,0.5391607,0.6379165,0.4213405,0.4309687,0.5095018,0.2486589,3.0
709,1.0,1.0,1.0,0.0,1.0,0.0,0.5715742,0.6203468,0.3874433,0.4466408,0.5121686,0.25752455,4.0
710,1.0,1.0,1.0,1.0,1.0,0.0,0.63083005,0.6875612,0.4594838,0.4581936,0.5713335,0.25707832,0.0
711,0.0,0.0,0.0,0.0,0.0,0.0,0.58748484,0.63486314,0.47873503,0.4608386,0.5386812,0.27624226,2.0
712,1.0,1.0,0.0,1.0,1.0,0.0,0.581356,0.60134476,0.42885217,0.47019744,0.52674913,0.27643928,1.0
713,0.0,0.0,0.0,0.0,0.0,0.0,0.582255,0.6480994,0.44722816,0.47316387,0.53342974,0.25121704,3.0
714,0.0,0.0,0.0,0.0,0.0,0.0,0.5932098,0.6515939,0.47687262,0.47594187,0.55647814,0.24230312,2.0
715,1.0,0.0,0.0,0.0,1.0,0.0,0.6066815,0.6405063,0.45880255,0.46872514,0.5391691,0.27358517,1.0
716,0.0,0.0,0.0,0.0,0.0,0.0,0.5206577,0.60603935,0.440503,0.47582456,0.5059756,0.24362658,3.0
717,1.0,1.0,0.0,0.0,1.0,,0.56513834,0.61941636,0.44486696,0.4638298,0.5357561,0.2552347,3.0
718,1.0,1.0,1.0,1.0,1.0,1.0,0.5878293,0.6607497,0.48305464,0.4452945,0.5277487,0.2539696,2.0
719,0.0,0.0,0.0,0.0,0.0,0.0,0.590705,0.6646561,0.4897527,0.4746474,0.56076556,0.27572292,1.0
720,1.0,1.0,1.0,1.0,1.0,0.0,0.55747306,0.65256035,0.51809776,0.45266277,0.52747834,0.27683234,1.0
721,1.0,1.0,1.0,1.0,1.0,,0.59535867,0.6242141,0.43284434,0.4551689,0.5462556,0.27690467,1.0
722,0.0,1.0,1.0,1.0,1.0,0.0,0.6310921,0.6398481,0.4813047,0.4854897,0.48829576,0.29458588,2.0
723,1.0,1.0,1.0,1.0,0.0,1.0,0.650697,0.6627514,0.48169076,0.4482717,0.5924249,0.24200314,2.0
724,1.0,1.0,1.0,1.0,1.0,1.0,0.63130665,0.66016746,0.4863456,0.47425354,0.5832003,0.25615093,2.0
725,1.0,1.0,1.0,1.0,1.0,1.0,0.53804195,0.64072204,0.46527717,0.44573507,0.51613015,0.22006679,2.0
726,0.0,0.0,0.0,0.0,0.0,0.0,0.5663263,0.6419958,0.44847897,0.4533557,0.49026105,0.25959963,4.0
727,1.0,1.0,1.0,1.0,1.0,1.0,0.578069,0.58072126,0.41256097,0.38920343,0.51784986,0.2609682,1.0
728,0.0,0.0,0.0,0.0,0.0,0.0,0.5589069,0.625307,0.48582008,0.47334915,0.53521115,0.24104458,3.0
729,1.0,1.0,0.0,0.0,1.0,0.0,0.61556464,0.68764323,0.47315747,0.49305642,0.5801916,0.26048943,4.0
730,0.0,1.0,1.0,1.0,1.0,1.0,0.5898117,0.65966296,0.47219515,0.47343808,0.5453043,0.28089526,1.0
731,0.0,,1.0,1.0,1.0,0.0,0.56563586,0.6093724,0.425878,0.43477124,0.5087996,0.24150561,3.0
732,1.0,1.0,0.0,1.0,1.0,0.0,0.61756825,0.65241814,0.4538452,0.4691506,0.53894293,0.24557456,3.0
733,0.0,1.0,1.0,1.0,1.0,,0.5896328,0.6428644,0.42661583,0.42341048,0.52888817,0.2676744,1.0
734,1.0,1.0,1.0,1.0,1.0,,0.59048563,0.6739437,0.44426528,0.4505098,0.5192542,0.2446832,3.0
735,0.0,0.0,0.0,0.0,0.0,,0.5332453,0.6151032,0.45561332,0.41502586,0.51223874,0.2439693,3.0
736,1.0,1.0,1.0,1.0,1.0,1.0,0.59692854,0.63770294,0.51434267,0.483582,0.5280975,0.24811015,0.0
737,1.0,1.0,1.0,1.0,1.0,0.0,0.54990524,0.6052642,0.46812436,0.48002663,0.5336291,0.25099164,3.0
738,1.0,1.0,1.0,1.0,1.0,,0.57389736,0.61292535,0.44819662,0.4576674,0.52435344,0.24089876,3.0
739,1.0,1.0,0.0,0.0,0.0,0.0,0.52421963,0.6102137,0.4282807,0.44333938,0.48335642,0.24748337,3.0
740,1.0,1.0,0.0,1.0,1.0,0.0,0.5999268,0.6490783,0.44951123,0.41900712,0.5237598,0.23978545,3.0
741,0.0,0.0,0.0,0.0,0.0,0.0,0.6015453,0.6687399,0.45823628,0.45912856,0.49154598,0.27820873,1.0
742,0.0,1.0,0.0,1.0,1.0,1.0,0.58082724,0.63507414,0.4025892,0.44759393,0.52094257,0.2531451,0.0
743,1.0,,1.0,1.0,1.0,1.0,0.59087694,0.6485528,0.41822472,0.407039,0.5175812,0.2449214,1.0
744,0.0,0.0,0.0,0.0,0.0,0.0,0.58550906,0.6626488,0.49112147,0.44074696,0.43481803,0.28037077,1.0
745,0.0,,0.0,0.0,0.0,0.0,0.5733535,0.64488393,0.48404717,0.48106018,0.547294,0.2846514,2.0
746,0.0,0.0,0.0,0.0,0.0,0.0,0.6050971,0.6637884,0.4791413,0.4922654,0.53574944,0.25677162,0.0
747,0.0,0.0,0.0,0.0,0.0,0.0,0.5691009,0.6230713,0.4037381,0.447011,0.50260645,0.2501987,4.0
748,1.0,1.0,1.0,1.0,1.0,1.0,0.6181621,0.68077844,0.52211815,0.49351645,0.5809216,0.28170872,1.0
749,0.0,1.0,1.0,1.0,1.0,1.0,0.61179024,0.674656,0.46669164,0.45088515,0.58424485,0.25961202,4.0
750,0.0,0.0,0.0,0.0,1.0,0.0,0.5393153,0.64435935,0.4682296,0.48595423,0.55467933,0.2434265,3.0
751,1.0,1.0,0.0,0.0,0.0,0.0,0.59210324,0.6257821,0.435096,0.44963932,0.51979846,0.2465063,4.0
752,1.0,1.0,0.0,0.0,1.0,0.0,0.6150333,0.6530396,0.4871423,0.5141425,0.56188047,0.25201306,0.0
753,0.0,0.0,0.0,0.0,0.0,0.0,0.57005864,0.61702925,0.4367832,0.44305038,0.5164135,0.24652058,3.0
754,0.0,0.0,0.0,0.0,1.0,0.0,0.6287601,0.6559331,0.4880924,0.46212587,0.5699943,0.25594956,2.0
755,,1.0,1.0,1.0,1.0,1.0,0.556059,0.64326334,0.4187187,0.4781862,0.5263604,0.25532317,0.0
756,1.0,1.0,1.0,1.0,1.0,1.0,0.6060808,0.6563486,0.45927373,0.44694397,0.5360824,0.26607814,1.0
757,1.0,1.0,1.0,1.0,1.0,1.0,0.5639011,0.62656254,0.46764037,0.46711367,0.54639506,0.2693048,1.0
758,1.0,1.0,1.0,1.0,1.0,1.0,0.585503,0.67814916,0.3953005,0.4755382,0.6411489,0.23315722,4.0
759,0.0,0.0,0.0,0.0,0.0,0.0,0.6025872,0.69579595,0.5540975,0.54045075,0.5389243,0.3123124,0.0
760,1.0,1.0,1.0,0.0,1.0,0.0,0.5785542,0.6353613,0.45219985,0.47586387,0.5281411,0.2472307,3.0
761,1.0,1.0,1.0,1.0,1.0,1.0,0.62479675,0.65703887,0.46671018,0.51555115,0.5555661,0.25071448,3.0
762,1.0,1.0,1.0,1.0,1.0,,0.55913746,0.63883317,0.45493352,0.478923,0.52860844,0.24130425,3.0
763,1.0,1.0,0.0,0.0,1.0,0.0,0.5819419,0.66933036,0.489198,0.4924423,0.5081154,0.25122485,4.0
764,0.0,0.0,0.0,0.0,0.0,,0.5868292,0.6477595,0.47481936,0.47097632,0.52569723,0.2764578,0.0
765,1.0,1.0,0.0,0.0,0.0,0.0,0.5865364,0.6093427,0.4306593,0.41384146,0.5028122,0.25987017,0.0
766,0.0,0.0,0.0,0.0,0.0,0.0,0.5745618,0.68023473,0.51560634,0.48670572,0.5425656,0.26658073,4.0
767,1.0,1.0,1.0,1.0,1.0,0.0,0.5650568,0.55716515,0.41540104,0.425141,0.50327355,0.26681554,1.0
768,0.0,1.0,1.0,1.0,1.0,1.0,0.62280846,0.6453558,0.43882793,0.45464343,0.5538047,0.24444929,3.0
769,0.0,0.0,0.0,0.0,0.0,0.0,0.59773237,0.6179564,0.44886404,0.45864177,0.5402403,0.25564277,4.0
770,1.0,1.0,1.0,1.0,1.0,0.0,0.58008116,0.61723256,0.43622312,0.4067001,0.50140893,0.24885824,3.0
771,1.0,1.0,1.0,1.0,1.0,1.0,0.61104053,0.6538504,0.5016998,0.5009024,0.57937324,0.2803309,1.0
772,0.0,0.0,0.0,0.0,0.0,0.0,0.60205793,0.64997554,0.4328119,0.41350526,0.52492136,0.26523253,0.0
773,1.0,1.0,1.0,1.0,1.0,0.0,0.46535185,0.57976246,0.40877777,0.44642305,0.50249004,0.24012487,3.0
774,0.0,1.0,1.0,1.0,0.0,,0.63785887,0.65312415,0.49603185,0.47253302,0.5663966,0.2538938,2.0
775,1.0,,1.0,1.0,1.0,0.0,0.5730002,0.6562979,0.45948642,0.454264,0.5333837,0.2509231,4.0
776,1.0,1.0,1.0,0.0,0.0,0.0,0.61738116,0.65275216,0.4838582,0.45688182,0.54402775,0.26300555,2.0
777,1.0,1.0,1.0,1.0,0.0,0.0,0.59600073,0.65176034,0.47372282,0.45069215,0.51088834,0.28546062,2.0
778,0.0,0.0,0.0,0.0,0.0,0.0,0.5999031,0.65487176,0.49226445,0.49407083,0.5813258,0.28705782,2.0
779,1.0,1.0,0.0,0.0,1.0,,0.57559186,0.62714356,0.40949753,0.44815388,0.54564035,0.24640419,4.0
780,,1.0,,0.0,,,0.5993107,0.5746833,0.45125103,0.46997726,0.5332976,0.27458733,1.0
781,1.0,1.0,1.0,1.0,1.0,1.0,0.57932603,0.6395579,0.48797578,0.4680933,0.5199115,0.27159613,0.0
782,0.0,0.0,0.0,0.0,0.0,0.0,0.6098782,0.65546,0.47418168,0.47046834,0.55657214,0.26400274,0.0
783,1.0,1.0,1.0,0.0,0.0,1.0,0.5602723,0.6510297,0.4597009,0.47668943,0.5122956,0.24396789,3.0
784,0.0,1.0,1.0,0.0,0.0,0.0,0.57022834,0.6195681,0.4634767,0.47872084,0.53358144,0.2518885,4.0
785,1.0,1.0,0.0,0.0,1.0,,0.6228054,0.68248343,0.5117741,0.4588365,0.53855395,0.26569927,0.0
786,1.0,1.0,0.0,0.0,0.0,0.0,0.6143674,0.6363734,0.4846278,0.49469382,0.5101934,0.25747937,0.0
787,1.0,1.0,1.0,1.0,1.0,1.0,0.5527442,0.5963489,0.37605637,0.4306202,0.50075984,0.26765177,1.0
788,0.0,0.0,0.0,0.0,0.0,0.0,0.5908316,0.65290177,0.43048966,0.46298847,0.52151513,0.26120716,0.0
789,1.0,1.0,0.0,0.0,1.0,1.0,0.51663166,0.6276098,0.42713985,0.44291085,0.5174586,0.24070509,3.0
790,1.0,1.0,1.0,1.0,1.0,0.0,0.5815408,0.62341106,0.4819939,0.47680894,0.52044827,0.25081813,3.0
791,1.0,1.0,0.0,0.0,1.0,0.0,0.59849787,0.68379784,0.47529233,0.4621362,0.59036595,0.2696115,4.0
792,0.0,1.0,1.0,1.0,1.0,0.0,0.6032019,0.65845585,0.4325238,0.46989006,0.5727991,0.2681163,1.0
793,1.0,1.0,0.0,0.0,1.0,0.0,0.59695995,0.645646,0.48792788,0.4584762,0.54627454,0.2653489,2.0
794,0.0,0.0,0.0,0.0,0.0,0.0,0.5602661,0.63337034,0.43157625,0.4275618,0.4993517,0.24180025,3.0
795,0.0,0.0,0.0,0.0,0.0,0.0,0.60021293,0.6411678,0.39208,0.42944527,0.5424547,0.24644771,4.0
796,0.0,0.0,0.0,0.0,0.0,0.0,0.5564285,0.6268035,0.46454337,0.45684642,0.5291395,0.259071,2.0
797,1.0,1.0,0.0,0.0,0.0,0.0,0.5763488,0.6741577,0.3879034,0.44162455,0.55375767,0.24684304,4.0
798,1.0,1.0,0.0,0.0,1.0,0.0,0.59176695,0.6311375,0.473772,0.46732214,0.542895,0.2676052,0.0
799,,1.0,1.0,1.0,1.0,1.0,0.5489751,0.6551074,0.48307228,0.43544787,0.5229856,0.21436088,2.0
800,1.0,1.0,0.0,1.0,1.0,,0.5703528,0.6790538,0.5176727,0.48749438,0.5320147,0.2512825,4.0
801,1.0,1.0,0.0,0.0,1.0,0.0,0.61960846,0.6470769,0.43820184,0.4472929,0.53288466,0.24941003,3.0
802,0.0,0.0,0.0,0.0,0.0,0.0,0.5721048,0.6372725,0.48230043,0.48454857,0.55361134,0.2801972,2.0
803,1.0,1.0,0.0,0.0,1.0,0.0,0.5757817,0.6509893,0.48947546,0.48598135,0.5714685,0.2267848,2.0
804,1.0,1.0,0.0,0.0,0.0,0.0,0.6005714,0.64189273,0.40799284,0.45161366,0.5801499,0.24343026,4.0
805,0.0,0.0,0.0,0.0,1.0,0.0,0.5494794,0.6083869,0.4395017,0.42185286,0.4908369,0.24449359,3.0
806,1.0,1.0,1.0,1.0,1.0,1.0,0.5548239,0.6485661,0.41231367,0.45797324,0.5049246,0.2689397,1.0
807,0.0,0.0,0.0,0.0,0.0,0.0,0.5454025,0.61531305,0.34445113,0.3809928,0.50638235,0.25262094,0.0
808,0.0,0.0,0.0,0.0,0.0,0.0,0.59264284,0.62285733,0.47428933,0.4760809,0.5342375,0.2734446,0.0
809,1.0,1.0,1.0,1.0,1.0,1.0,0.60493857,0.6333191,0.4918092,0.46268314,0.5465633,0.27665234,1.0
810,0.0,1.0,1.0,1.0,1.0,1.0,0.62313306,0.69263184,0.43663514,0.42788023,0.52911115,0.2731965,0.0
811,1.0,1.0,1.0,1.0,1.0,1.0,0.5764641,0.63629305,0.48943296,0.49068162,0.52003646,0.38346732,2.0
812,1.0,1.0,0.0,0.0,1.0,0.0,0.6321089,0.6043554,0.43738592,0.45241004,0.55150414,0.27190447,1.0
813,1.0,1.0,,1.0,1.0,1.0,0.5935625,0.64357054,0.48424137,0.44986832,0.5281474,0.2148569,2.0
814,0.0,0.0,1.0,1.0,0.0,,0.62577724,0.6707441,0.45929337,0.49305767,0.5461076,0.24289875,3.0
815,0.0,0.0,1.0,1.0,0.0,,0.6033922,0.6576726,0.48878342,0.480526,0.48831728,0.24113064,4.0
816,1.0,1.0,0.0,0.0,1.0,,0.5903087,0.6282976,0.4755751,0.43089247,0.5144074,0.26270062,0.0
817,1.0,1.0,0.0,0.0,1.0,,0.58461404,0.63612723,0.4610411,0.4464897,0.5567139,0.27511054,1.0
818,1.0,1.0,1.0,1.0,1.0,0.0,0.6130466,0.638425,0.4027611,0.46724916,0.53867936,0.26083323,0.0
819,0.0,0.0,0.0,0.0,0.0,,0.5823437,0.62239796,0.46570572,0.48826873,0.54365313,0.25597036,0.0
820,1.0,1.0,1.0,1.0,1.0,1.0,0.6233832,0.65606433,0.48219144,0.4592693,0.5718315,0.2517212,2.0
821,0.0,0.0,0.0,0.0,0.0,0.0,0.57785976,0.64257944,0.44170433,0.4973601,0.5474492,0.23569319,4.0
822,1.0,,1.0,1.0,1.0,1.0,0.58498406,0.66178465,0.45192283,0.45552352,0.50516796,0.2642805,3.0
823,1.0,1.0,0.0,1.0,1.0,1.0,0.6425645,0.6822845,0.45107743,0.4894601,0.56218255,0.23701657,3.0
824,0.0,0.0,0.0,0.0,0.0,0.0,0.5398468,0.6467069,0.48584563,0.46399522,0.53575057,0.36473584,2.0
825,1.0,1.0,0.0,0.0,1.0,0.0,0.56741476,0.6169837,0.43149787,0.4440113,0.4822255,0.23091021,3.0
826,0.0,0.0,1.0,0.0,0.0,0.0,0.57322514,0.6709317,0.4542777,0.43932244,0.53175485,0.2541777,3.0
827,0.0,0.0,0.0,0.0,0.0,0.0,0.5945768,0.64382404,0.4248136,0.46236,0.5285528,0.24647382,4.0
828,1.0,1.0,0.0,0.0,1.0,0.0,0.5703792,0.64560604,0.43622136,0.4327805,0.5064086,0.2468912,3.0
829,0.0,0.0,0.0,0.0,0.0,0.0,0.5943057,0.61463886,0.43152604,0.42912167,0.4583245,0.26434726,1.0
830,1.0,1.0,1.0,0.0,1.0,0.0,0.55141836,0.6304731,0.4474861,0.46663806,0.5100874,0.24437863,3.0
831,1.0,1.0,0.0,0.0,0.0,0.0,0.6053695,0.6191472,0.3726255,0.42473638,0.51232976,0.26867998,1.0
832,1.0,1.0,0.0,0.0,0.0,0.0,0.58203155,0.64964247,0.4882325,0.46822733,0.5501666,0.2918238,2.0
833,1.0,1.0,1.0,1.0,1.0,1.0,0.5873446,0.63943475,0.47137862,0.45028287,0.5045432,0.24361375,4.0
834,0.0,1.0,1.0,1.0,1.0,1.0,0.59281766,0.64238435,0.49136278,0.4635065,0.5521656,0.21908581,2.0
835,1.0,1.0,0.0,1.0,1.0,1.0,0.55636203,0.5876699,0.34490412,0.43351594,0.47576922,0.2540375,4.0
836,1.0,1.0,0.0,1.0,0.0,0.0,0.60221195,0.63317484,0.47501764,0.45467794,0.5305832,0.2790122,1.0
837,0.0,0.0,0.0,0.0,0.0,0.0,0.5755243,0.6439089,0.50211376,0.50156426,0.5443189,0.27019414,4.0
838,0.0,0.0,0.0,0.0,0.0,0.0,0.5733144,0.6539708,0.4754051,0.45701507,0.54753894,0.27807307,1.0
839,1.0,1.0,0.0,0.0,1.0,0.0,0.6251314,0.66589445,0.49122366,0.4945991,0.5225295,0.2615668,0.0
840,1.0,1.0,1.0,1.0,1.0,0.0,0.59154624,0.6527184,0.374906,0.36387905,0.53612477,0.2512687,0.0
841,0.0,1.0,1.0,1.0,1.0,1.0,0.604679,0.6357215,0.48928574,0.49005228,0.5144073,0.2737897,0.0
842,0.0,1.0,1.0,1.0,1.0,1.0,0.5524732,0.6342988,0.48537382,0.46768183,0.5112213,0.26102543,2.0
843,1.0,1.0,1.0,1.0,1.0,0.0,0.60990727,0.6446604,0.47575775,0.47598964,0.56362605,0.2780013,2.0
844,0.0,1.0,1.0,1.0,1.0,1.0,0.62560254,0.6430176,0.47569913,0.46285984,0.5424103,0.23757179,2.0
845,1.0,1.0,1.0,1.0,1.0,,0.58814013,0.63554066,0.4788714,0.4564697,0.53296506,0.2831025,1.0
846,1.0,1.0,1.0,0.0,1.0,,0.60057765,0.6518366,0.494544,0.4792908,0.5428422,0.2517799,2.0
847,0.0,0.0,1.0,0.0,0.0,,0.6008399,0.6568888,0.49578202,0.48866895,0.54327774,0.2689061,2.0
848,1.0,1.0,0.0,0.0,1.0,,0.57684964,0.62152123,0.4317822,0.47273618,0.555851,0.24671298,3.0
849,1.0,1.0,0.0,0.0,1.0,0.0,0.57789636,0.6005438,0.42803848,0.4374872,0.29176098,0.23438367,1.0
850,1.0,1.0,1.0,1.0,1.0,,0.59768075,0.66028506,0.44703105,0.47579172,0.53199637,0.25014964,3.0
851,1.0,1.0,1.0,1.0,1.0,1.0,0.5828198,0.652857,0.46684748,0.47595507,0.5366114,0.2507586,3.0
852,0.0,0.0,0.0,0.0,0.0,0.0,0.6255541,0.6869573,0.44896978,0.4947082,0.55057067,0.35423398,3.0
853,1.0,1.0,1.0,1.0,1.0,1.0,0.607076,0.69787574,0.56141186,0.47617304,0.58988863,0.2773103,4.0
854,0.0,1.0,1.0,1.0,0.0,1.0,0.5845285,0.6831117,0.45871016,0.44938934,0.5037494,0.25464788,4.0
855,0.0,1.0,1.0,1.0,0.0,1.0,0.6042719,0.650536,0.46997637,0.46195322,0.5312795,0.25007778,2.0
856,1.0,1.0,1.0,1.0,1.0,0.0,0.58337057,0.66531426,0.43096954,0.42127368,0.54994524,0.26615936,1.0
857,0.0,0.0,0.0,0.0,0.0,0.0,0.6100206,0.65928185,0.49762508,0.47560072,0.5636564,0.2808028,1.0
858,0.0,0.0,0.0,0.0,0.0,0.0,0.5430698,0.5724626,0.41805643,0.41387248,0.5264717,0.23016664,3.0
859,1.0,1.0,0.0,0.0,1.0,0.0,0.6064642,0.6401226,0.4819767,0.47417063,0.54178095,0.26577562,0.0
860,0.0,0.0,0.0,0.0,0.0,0.0,0.60855925,0.6797671,0.46234488,0.45519772,0.54105294,0.2584334,4.0
861,1.0,,1.0,1.0,1.0,1.0,0.5726835,0.5849424,0.4424709,0.44621876,0.48695785,0.24503136,1.0
862,1.0,1.0,1.0,1.0,1.0,,0.57892823,0.67225105,0.45085865,0.48914462,0.5559748,0.2732924,0.0
863,1.0,0.0,1.0,1.0,1.0,0.0,0.5879469,0.6728698,0.46556133,0.4802886,0.5476607,0.26293904,4.0
864,1.0,1.0,1.0,1.0,1.0,,0.6188556,0.6516551,0.48918027,0.46003938,0.5051358,0.25758597,2.0
865,0.0,1.0,1.0,1.0,1.0,,0.5872869,0.67058975,0.45753005,0.45769686,0.54602444,0.27141327,1.0
866,0.0,1.0,1.0,1.0,0.0,,0.587889,0.6466768,0.45758227,0.44563884,0.5174757,0.2464523,3.0
867,0.0,0.0,0.0,0.0,0.0,0.0,0.59291536,0.65067554,0.4267239,0.44395998,0.5353945,0.26658478,0.0
868,1.0,1.0,1.0,1.0,1.0,1.0,0.6425645,0.6822845,0.45107743,0.4894601,0.56218255,0.23701657,3.0
869,1.0,1.0,1.0,1.0,1.0,1.0,0.6210102,0.6877463,0.5070543,0.49213287,0.5442475,0.2656561,0.0
870,0.0,0.0,0.0,0.0,0.0,,0.59273267,0.6366048,0.43155816,0.4573758,0.52157897,0.25061858,4.0
871,0.0,1.0,1.0,1.0,0.0,1.0,0.58724916,0.6373611,0.41469657,0.4264245,0.4652373,0.25438717,4.0
872,0.0,0.0,0.0,0.0,0.0,0.0,0.5832432,0.65544105,0.46046695,0.46903777,0.54423463,0.25190488,3.0
873,0.0,1.0,1.0,1.0,0.0,0.0,0.5672818,0.6272907,0.4234014,0.44993517,0.5129541,0.26239797,0.0
874,1.0,1.0,1.0,1.0,1.0,,0.61854637,0.6817224,0.50311834,0.47022873,0.5650668,0.27989134,1.0
875,1.0,1.0,0.0,0.0,1.0,0.0,0.5430133,0.57019085,0.4472228,0.44898942,0.5472715,0.25190735,3.0
876,0.0,1.0,1.0,1.0,0.0,1.0,0.5910145,0.6520332,0.4498543,0.49278614,0.53339815,0.2464188,3.0
877,0.0,1.0,1.0,1.0,1.0,1.0,0.56638366,0.64115727,0.43753055,0.4476142,0.5144732,0.24909669,4.0
878,1.0,1.0,1.0,1.0,1.0,1.0,0.57395995,0.66244376,0.44938958,0.4666062,0.5371876,0.24013674,4.0
879,1.0,1.0,1.0,1.0,1.0,1.0,0.572595,0.6647888,0.4578886,0.4439581,0.5383598,0.27063695,1.0
880,1.0,1.0,1.0,1.0,1.0,1.0,0.5686092,0.6366838,0.54916596,0.485023,0.52150226,0.24775091,4.0
881,0.0,0.0,0.0,0.0,0.0,0.0,0.5687737,0.6463027,0.48531455,0.45007098,0.557338,0.257519,2.0
882,0.0,0.0,0.0,0.0,0.0,0.0,0.5418492,0.62146467,0.43828094,0.43133387,0.4920209,0.23730473,3.0
883,1.0,1.0,1.0,1.0,1.0,1.0,0.6107143,0.66501445,0.54911,0.47507417,0.6026981,0.25578964,4.0
884,1.0,1.0,1.0,1.0,1.0,1.0,0.58951724,0.63506174,0.44617912,0.44111747,0.5427344,0.24212968,3.0
885,0.0,0.0,0.0,1.0,1.0,0.0,0.59416986,0.63744956,0.44567934,0.45191494,0.53970426,0.25148425,3.0
886,0.0,0.0,0.0,0.0,0.0,0.0,0.5952397,0.6767413,0.47062606,0.4660172,0.5010825,0.27373487,0.0
887,0.0,1.0,1.0,1.0,1.0,1.0,0.67124707,0.6642514,0.49496767,0.47998825,0.559811,0.26187617,2.0
888,0.0,0.0,0.0,0.0,0.0,,0.57987034,0.68570465,0.48536626,0.45920193,0.55075884,0.2758538,1.0
889,1.0,1.0,0.0,0.0,1.0,,0.5879019,0.6229874,0.46481812,0.46429303,0.34221593,0.27556795,1.0
890,1.0,1.0,1.0,1.0,1.0,1.0,0.60280454,0.6350281,0.45196855,0.46417794,0.521934,0.24304664,3.0
891,1.0,1.0,0.0,1.0,1.0,1.0,0.5868877,0.63594455,0.43308684,0.43399626,0.56570745,0.25172296,1.0
892,0.0,1.0,1.0,1.0,0.0,1.0,0.5812024,0.614649,0.4156338,0.40974692,0.505814,0.2665593,0.0
893,1.0,1.0,1.0,1.0,1.0,1.0,0.6257924,0.6720568,0.41059038,0.41409665,0.58106595,0.26710218,0.0
894,0.0,0.0,0.0,0.0,0.0,0.0,0.550011,0.6288313,0.46235302,0.47193924,0.52646685,0.24726436,3.0
895,1.0,1.0,1.0,1.0,1.0,0.0,0.60906863,0.63887894,0.42496032,0.446227,0.5355103,0.24251363,3.0
896,1.0,1.0,1.0,1.0,1.0,1.0,0.60497344,0.676229,0.5039826,0.48381698,0.52758676,0.25047654,4.0
897,0.0,0.0,1.0,0.0,0.0,1.0,0.60861146,0.64637226,0.4814667,0.46849027,0.5895818,0.24867754,2.0
898,1.0,1.0,0.0,0.0,1.0,0.0,0.6266944,0.66678417,0.48379186,0.45878762,0.56925905,0.2353266,2.0
899,0.0,,1.0,1.0,1.0,0.0,0.616826,0.64712715,0.51177394,0.48285645,0.55191904,0.27596694,2.0
900,1.0,1.0,1.0,1.0,0.0,1.0,0.60608315,0.64526373,0.47883862,0.45781514,0.53889537,0.27492428,1.0
901,1.0,1.0,0.0,0.0,1.0,0.0,0.60654765,0.6602117,0.48892733,0.4868586,0.5566021,0.26186177,2.0
902,0.0,0.0,0.0,0.0,0.0,0.0,0.5947907,0.62948906,0.4468708,0.4833641,0.5568891,0.25937966,4.0
903,1.0,1.0,1.0,1.0,1.0,1.0,0.61797726,0.65335053,0.49939197,0.47896874,0.570781,0.26278782,0.0
904,0.0,1.0,0.0,0.0,1.0,0.0,0.5603696,0.59449613,0.37730515,0.4218001,0.54142547,0.26603073,1.0
905,0.0,1.0,1.0,0.0,0.0,1.0,0.5766216,0.6156772,0.45811826,0.4352551,0.5352419,0.25740427,0.0
906,1.0,1.0,0.0,0.0,1.0,0.0,0.6036162,0.68825877,0.484379,0.42520872,0.5395236,0.2681337,0.0
907,1.0,,1.0,1.0,1.0,0.0,0.5861799,0.64048463,0.41172996,0.434452,0.5540488,0.23451231,0.0
908,1.0,1.0,0.0,0.0,0.0,0.0,0.6275817,0.6416294,0.44224998,0.44036323,0.5463982,0.2484943,3.0
909,1.0,1.0,1.0,0.0,0.0,0.0,0.6168966,0.66364676,0.5436466,0.52770543,0.5807172,0.26531243,0.0
910,1.0,1.0,0.0,0.0,1.0,1.0,0.59312254,0.6664472,0.48676455,0.46301922,0.53441584,0.2579972,2.0
911,1.0,1.0,1.0,1.0,1.0,0.0,0.5814356,0.6257082,0.4342868,0.41823927,0.5196718,0.33377737,3.0
912,0.0,0.0,0.0,0.0,0.0,0.0,0.53665936,0.62015444,0.39047492,0.4222393,0.49655482,0.23802204,3.0
913,0.0,0.0,0.0,0.0,0.0,0.0,0.5748056,0.630681,0.46412402,0.48064733,0.55484223,0.2543466,4.0
914,1.0,1.0,1.0,1.0,1.0,0.0,0.5628896,0.6581786,0.4975557,0.47076577,0.5605267,0.2788987,1.0
915,0.0,0.0,0.0,0.0,0.0,0.0,0.608715,0.6863533,0.445405,0.4491666,0.5480564,0.22983497,1.0
916,0.0,0.0,0.0,1.0,1.0,0.0,0.60270905,0.6600979,0.44980177,0.4647646,0.5481221,0.25200725,0.0
917,,1.0,1.0,1.0,0.0,1.0,0.5747078,0.62698025,0.48706204,0.4689934,0.54831845,0.39441738,2.0
918,1.0,1.0,1.0,1.0,1.0,,0.54096794,0.62628186,0.4596691,0.44477105,0.5187801,0.25060105,3.0
919,0.0,0.0,1.0,0.0,0.0,1.0,0.5902897,0.6470236,0.46088618,0.48223203,0.5289774,0.24748337,3.0
920,1.0,1.0,1.0,0.0,1.0,0.0,0.6168126,0.64086396,0.49691385,0.4756745,0.5643183,0.23210877,4.0
921,1.0,1.0,0.0,0.0,0.0,,0.5776694,0.64126605,0.45974556,0.46975705,0.53171533,0.26564032,1.0
922,0.0,0.0,0.0,0.0,0.0,0.0,0.61990625,0.66820586,0.49568248,0.49421597,0.5971678,0.40446344,2.0
923,0.0,1.0,1.0,1.0,1.0,1.0,0.5958901,0.63275003,0.45145604,0.45076624,0.5316403,0.26979357,1.0
924,0.0,1.0,1.0,1.0,0.0,1.0,0.5509884,0.62619954,0.43554816,0.44890943,0.5285561,0.24024627,3.0
925,0.0,1.0,1.0,1.0,0.0,,0.64070183,0.6852887,0.56839174,0.518683,0.5486296,0.2688932,0.0
926,1.0,1.0,1.0,1.0,1.0,,0.5994744,0.6863895,0.49194846,0.47962394,0.5544472,0.28174847,1.0
927,0.0,1.0,1.0,1.0,1.0,,0.58939064,0.64418715,0.40305972,0.4514259,0.52314043,0.24276762,4.0
928,1.0,1.0,1.0,1.0,1.0,0.0,0.56573284,0.6479134,0.46245933,0.4794162,0.5563012,0.2540568,4.0
929,0.0,0.0,0.0,0.0,0.0,0.0,0.55882424,0.6054204,0.4556588,0.44470334,0.5346573,0.27145976,0.0
930,0.0,0.0,0.0,0.0,0.0,0.0,0.5726828,0.6429147,0.487162,0.46300215,0.52892137,0.2724513,1.0
931,0.0,,0.0,0.0,0.0,0.0,0.5414103,0.6392652,0.45583493,0.44842592,0.528085,0.23899452,0.0
932,1.0,1.0,0.0,0.0,1.0,,0.61465377,0.68797326,0.48092464,0.47649604,0.53946465,0.27581763,1.0
933,1.0,1.0,0.0,0.0,1.0,0.0,0.55615616,0.6359367,0.41644552,0.4171925,0.49203774,0.24361087,3.0
934,0.0,0.0,0.0,0.0,0.0,0.0,0.5166154,0.62090737,0.4115441,0.4167631,0.46938178,0.23366249,3.0
935,0.0,0.0,0.0,0.0,0.0,,0.57788026,0.63573456,0.4287681,0.46453747,0.5333362,0.24419557,3.0
936,0.0,0.0,0.0,0.0,0.0,,0.58993703,0.64767283,0.48899966,0.49996403,0.5702223,0.29535514,2.0
937,1.0,1.0,0.0,0.0,1.0,,0.6158568,0.66823983,0.46838287,0.44080386,0.5334977,0.27731252,1.0
938,1.0,1.0,1.0,1.0,1.0,,0.552888,0.63104826,0.4586717,0.45067632,0.4890154,0.2734876,2.0
939,1.0,1.0,1.0,1.0,1.0,1.0,0.5589018,0.58380264,0.408251,0.42831296,0.5204017,0.26759246,1.0
940,1.0,1.0,1.0,1.0,1.0,1.0,0.6301295,0.64634717,0.4758335,0.46535718,0.5459098,0.22557946,2.0
941,1.0,1.0,,,0.0,1.0,0.5950395,0.6629681,0.4725264,0.47889584,0.537998,0.26910976,0.0
942,1.0,0.0,0.0,0.0,0.0,0.0,0.60009664,0.66567636,0.5133514,0.5112764,0.5420405,0.27519542,0.0
943,0.0,0.0,1.0,0.0,0.0,0.0,0.61386424,0.6513197,0.4619837,0.47675502,0.53280884,0.26523772,0.0
944,0.0,0.0,1.0,0.0,0.0,0.0,0.5677034,0.64734095,0.44771883,0.45300302,0.51828307,0.28040946,0.0
945,1.0,1.0,1.0,1.0,0.0,0.0,0.5481785,0.5915104,0.44898698,0.42810303,0.50831044,0.25156197,3.0
946,0.0,0.0,0.0,0.0,0.0,0.0,0.6028802,0.6742929,0.4974658,0.4736202,0.562282,0.245048,2.0
947,0.0,0.0,0.0,0.0,0.0,,0.55234766,0.61338305,0.42092398,0.42543373,0.52031463,0.23017985,3.0
948,1.0,1.0,1.0,1.0,1.0,0.0,0.5798085,0.6563414,0.4524939,0.45032045,0.4831435,0.26575905,1.0
949,0.0,0.0,0.0,0.0,0.0,0.0,0.60054225,0.6702023,0.45964128,0.42516872,0.52292836,0.25064516,0.0
950,0.0,0.0,0.0,0.0,0.0,0.0,0.6163529,0.6598811,0.4833585,0.48085335,0.57872176,0.24456212,2.0
951,1.0,1.0,1.0,0.0,1.0,0.0,0.5733468,0.64904827,0.46508768,0.4969437,0.5657267,0.26857132,4.0
952,0.0,1.0,1.0,1.0,1.0,1.0,0.5672257,0.6199473,0.39104635,0.47739428,0.5219947,0.27615875,0.0
953,0.0,0.0,0.0,0.0,0.0,,0.55492455,0.58916897,0.4405834,0.43684453,0.52199966,0.23886518,3.0
954,1.0,1.0,1.0,1.0,1.0,,0.57631654,0.61518687,0.36250573,0.4308,0.46926004,0.2324084,4.0
955,1.0,1.0,1.0,1.0,1.0,,0.57804704,0.62490356,0.3711975,0.43576238,0.4642233,0.24128747,4.0
956,1.0,1.0,1.0,1.0,1.0,1.0,0.584974,0.64314795,0.47156456,0.48151973,0.5082252,0.25403494,4.0
957,0.0,0.0,0.0,0.0,0.0,0.0,0.6211485,0.6566469,0.46738192,0.46357086,0.5308268,0.2561535,3.0
958,1.0,1.0,0.0,0.0,1.0,0.0,0.6226477,0.671523,0.43591464,0.43756562,0.52404237,0.24410103,3.0
959,1.0,1.0,1.0,1.0,1.0,0.0,0.5980059,0.5918921,0.44649297,0.44342253,0.55768335,0.24700117,4.0
960,1.0,1.0,0.0,0.0,1.0,,0.5955929,0.65542084,0.42677832,0.48478726,0.5630566,0.2532273,4.0
961,0.0,0.0,0.0,0.0,0.0,0.0,0.58438945,0.67118937,0.44630814,0.49324763,0.5077633,0.2706289,4.0
962,1.0,1.0,0.0,0.0,1.0,0.0,0.60448724,0.64504904,0.49162614,0.470223,0.53122276,0.27665037,2.0
963,0.0,0.0,0.0,0.0,0.0,0.0,0.5972278,0.64171255,0.4605502,0.4493978,0.54061556,0.2752112,1.0
964,1.0,1.0,1.0,0.0,0.0,0.0,0.6496671,0.68465596,0.49229628,0.48335284,0.5779349,0.27917174,0.0
965,0.0,0.0,0.0,0.0,0.0,0.0,0.5512777,0.66726524,0.45570797,0.4497771,0.5258554,0.27460003,1.0
966,1.0,1.0,1.0,1.0,1.0,,0.56600523,0.6365627,0.47702992,0.4553685,0.5262576,0.24118075,2.0
967,1.0,1.0,0.0,0.0,1.0,0.0,0.5308125,0.60361177,0.41323566,0.44786417,0.55023557,0.24887797,3.0
968,1.0,1.0,0.0,0.0,0.0,,0.5632196,0.6571801,0.4851655,0.45178798,0.52154,0.26565558,2.0
969,0.0,0.0,0.0,0.0,0.0,,0.5929363,0.64643633,0.45627502,0.4633798,0.52856016,0.2562139,3.0
970,0.0,0.0,0.0,0.0,0.0,,0.52442884,0.6088003,0.44439557,0.42978767,0.5144192,0.24707665,3.0
971,1.0,1.0,1.0,1.0,0.0,0.0,0.57239884,0.65068084,0.44120002,0.45785418,0.5396008,0.2399958,4.0
972,1.0,1.0,0.0,0.0,1.0,1.0,0.5855824,0.6432054,0.46660084,0.48596096,0.6182856,0.25082394,4.0
973,1.0,0.0,0.0,0.0,0.0,0.0,0.63875556,0.65274423,0.5069783,0.4856489,0.5818481,0.27479804,2.0
974,1.0,1.0,0.0,0.0,1.0,0.0,0.60725343,0.698135,0.45759827,0.42236587,0.551814,0.2555556,0.0
975,1.0,1.0,1.0,1.0,0.0,1.0,0.5864848,0.6342391,0.4915443,0.49150458,0.5427592,0.26495987,4.0
976,0.0,1.0,1.0,1.0,0.0,1.0,0.583303,0.6785882,0.44154698,0.47570223,0.52962047,0.27771488,1.0
977,1.0,1.0,1.0,1.0,0.0,1.0,0.55327356,0.6378321,0.42510533,0.46094483,0.54042405,0.24887183,3.0
978,1.0,0.0,0.0,0.0,0.0,0.0,0.5985057,0.6228085,0.4222454,0.33101818,0.5367632,0.27084926,0.0
979,1.0,1.0,1.0,0.0,0.0,,0.6246182,0.65358365,0.4874978,0.466196,0.57145894,0.2915211,2.0
980,1.0,1.0,1.0,1.0,1.0,1.0,0.6072006,0.64372945,0.4474067,0.45181742,0.554576,0.25855544,4.0
981,1.0,1.0,1.0,1.0,1.0,0.0,0.5976255,0.6190053,0.46124098,0.4366186,0.51203877,0.2494371,4.0
982,1.0,1.0,1.0,1.0,1.0,1.0,0.6138909,0.66353256,0.47622132,0.48152524,0.4986387,0.29140794,2.0
983,1.0,1.0,1.0,1.0,1.0,1.0,0.6030392,0.6649266,0.45314506,0.45249093,0.50401914,0.23232384,3.0
984,0.0,0.0,0.0,0.0,0.0,0.0,0.6061721,0.65292495,0.49630153,0.48295873,0.5915312,0.25531113,2.0
985,1.0,1.0,0.0,0.0,1.0,,0.59268594,0.6433769,0.4635486,0.46447355,0.5432182,0.27355933,1.0
986,0.0,0.0,0.0,0.0,0.0,,0.5759533,0.66928566,0.489921,0.46277332,0.53421336,0.275281,1.0
987,1.0,1.0,0.0,1.0,1.0,,0.5965654,0.6902054,0.44391552,0.4938599,0.54471785,0.27901256,0.0
988,1.0,1.0,1.0,1.0,1.0,1.0,0.6218841,0.69731814,0.5192784,0.52636516,0.5819575,0.26404268,0.0
989,0.0,0.0,0.0,0.0,0.0,0.0,0.6306959,0.6883997,0.455948,0.4777718,0.569374,0.25578758,3.0
990,1.0,1.0,1.0,1.0,1.0,1.0,0.5826366,0.67421293,0.41414982,0.44342744,0.560385,0.26489386,1.0
991,0.0,0.0,0.0,0.0,0.0,0.0,0.5732352,0.6608356,0.45199153,0.48143035,0.525566,0.23883002,3.0
992,0.0,,1.0,1.0,0.0,1.0,0.57132775,0.62450933,0.43618894,0.43742222,0.48737958,0.23873824,4.0
993,1.0,,1.0,1.0,0.0,1.0,0.5443438,0.6189556,0.37929434,0.44284207,0.49902296,0.23200364,0.0
994,1.0,1.0,0.0,0.0,1.0,0.0,0.62210864,0.6507154,0.49120447,0.45102054,0.5369638,0.21261254,2.0
995,0.0,0.0,0.0,0.0,0.0,0.0,0.5853953,0.6742174,0.46510845,0.49979052,0.49698496,0.25103557,4.0
996,1.0,1.0,1.0,0.0,0.0,,0.5630437,0.61032724,0.4283587,0.41179448,0.5078253,0.2550972,3.0
997,1.0,1.0,1.0,1.0,1.0,1.0,0.5590105,0.6504013,0.38990268,0.4548892,0.55612665,0.26708782,1.0
998,1.0,1.0,1.0,1.0,1.0,1.0,0.5824004,0.6655687,0.47760063,0.49982783,0.5678782,0.28081107,0.0
999,1.0,1.0,1.0,1.0,1.0,1.0,0.57279456,0.62535936,0.45431098,0.43235764,0.56494457,0.25839522,1.0
1000,1.0,1.0,0.0,0.0,1.0,0.0,0.60011035,0.6466624,0.45241785,0.45893177,0.5586806,0.27699816,1.0
1001,0.0,1.0,0.0,1.0,0.0,0.0,0.56213284,0.6320063,0.47592548,0.43365538,0.49353004,0.25965798,0.0
1002,1.0,1.0,1.0,1.0,1.0,1.0,0.5876052,0.6275126,0.46314293,0.423507,0.50941294,0.24309246,4.0
1003,1.0,1.0,1.0,1.0,1.0,1.0,0.5821827,0.64592016,0.45928088,0.42097428,0.49248764,0.22897312,3.0
1004,0.0,0.0,1.0,1.0,1.0,1.0,0.5730245,0.6764098,0.42628932,0.45728645,0.5441803,0.26260617,1.0
1005,1.0,1.0,0.0,1.0,1.0,0.0,0.5604238,0.6501847,0.4861908,0.46283358,0.5605335,0.2564469,2.0
1006,1.0,1.0,1.0,1.0,1.0,1.0,0.589901,0.6663705,0.47987887,0.47970638,0.54646426,0.27996835,2.0
1007,0.0,0.0,0.0,0.0,0.0,0.0,0.573719,0.65649456,0.473205,0.47467107,0.56059825,0.29475698,2.0
1008,0.0,0.0,0.0,0.0,0.0,0.0,0.557564,0.5879017,0.44912285,0.4545198,0.5326817,0.24003594,3.0
1009,1.0,1.0,1.0,1.0,1.0,,0.5738277,0.6323331,0.4620287,0.48811853,0.54565257,0.2572916,0.0
1010,1.0,1.0,1.0,1.0,1.0,0.0,0.589271,0.63560086,0.48323378,0.46376103,0.5204017,0.2378972,2.0
1011,1.0,1.0,1.0,1.0,1.0,0.0,0.58697563,0.6460286,0.4525955,0.47938928,0.51448125,0.36457327,3.0
1012,0.0,0.0,1.0,1.0,0.0,,0.56696224,0.6254777,0.4560156,0.45757872,0.5428711,0.24302584,3.0
1013,1.0,1.0,0.0,0.0,1.0,,0.5993379,0.650031,0.4982721,0.47286734,0.5202828,0.29051843,2.0
1014,1.0,1.0,0.0,0.0,1.0,,0.6054585,0.6649171,0.402307,0.4711844,0.5817682,0.23845504,4.0
1015,1.0,,1.0,1.0,1.0,0.0,0.56537443,0.6364964,0.44669807,0.45760834,0.5165853,0.25358224,3.0
1016,0.0,0.0,0.0,0.0,0.0,0.0,0.5803977,0.674443,0.44913685,0.45031008,0.508095,0.2570092,4.0
1017,1.0,1.0,0.0,0.0,0.0,,0.61173415,0.6549359,0.417611,0.4505706,0.52875227,0.25222996,0.0
1018,1.0,1.0,0.0,0.0,1.0,0.0,0.60627353,0.6450559,0.48758167,0.48865855,0.5778672,0.41223398,2.0
1019,0.0,0.0,0.0,0.0,0.0,0.0,0.60726357,0.66789794,0.4608426,0.45637724,0.5237758,0.25328025,4.0
1020,0.0,0.0,0.0,0.0,0.0,0.0,0.6059744,0.66827434,0.45986876,0.4560526,0.5205254,0.2513138,4.0
1021,1.0,1.0,1.0,1.0,1.0,0.0,0.58532447,0.63065404,0.3833026,0.44747636,0.53060466,0.25633067,4.0
1022,1.0,1.0,1.0,1.0,1.0,0.0,0.54786223,0.61053306,0.42216438,0.43236712,0.5155253,0.2514511,1.0
1023,1.0,1.0,0.0,0.0,1.0,0.0,0.5861982,0.6240268,0.4285849,0.4251702,0.5741311,0.2805056,1.0
1024,1.0,1.0,1.0,1.0,1.0,,0.59208846,0.5826816,0.45375475,0.4787336,0.5675853,0.25065744,3.0
1025,1.0,1.0,1.0,1.0,1.0,,0.59005445,0.65547997,0.4550038,0.44980463,0.5660963,0.24936804,0.0
1026,1.0,1.0,0.0,1.0,1.0,,0.57172114,0.64317876,0.49454692,0.48461664,0.5419474,0.24500878,2.0
1027,,1.0,,,,,0.60929924,0.65187377,0.49748078,0.496869,0.5461469,0.27239895,2.0
1028,1.0,1.0,0.0,0.0,1.0,,0.5886007,0.6506522,0.43046394,0.42172763,0.5310404,0.2579873,4.0
1029,1.0,,1.0,1.0,1.0,1.0,0.5826911,0.62528175,0.4365451,0.505213,0.5236753,0.23813054,0.0
1030,1.0,1.0,0.0,0.0,0.0,0.0,0.60166043,0.6283345,0.48166424,0.444636,0.5234162,0.2581886,2.0
1031,1.0,1.0,0.0,0.0,0.0,0.0,0.6108377,0.6340312,0.45607764,0.48816407,0.5779418,0.25391203,3.0
1032,1.0,1.0,1.0,1.0,1.0,,0.56759703,0.63019985,0.52623963,0.49618396,0.54207516,0.2407119,3.0
1033,0.0,0.0,0.0,0.0,0.0,0.0,0.5694852,0.62385887,0.43719125,0.42820805,0.5323606,0.27132848,1.0
1034,0.0,0.0,0.0,0.0,0.0,0.0,0.55650115,0.6042587,0.40398046,0.42073387,0.53296506,0.26039726,1.0
1035,1.0,1.0,0.0,0.0,1.0,0.0,0.5519319,0.61231065,0.44742554,0.4216853,0.49659082,0.245083,3.0
1036,1.0,1.0,0.0,0.0,1.0,0.0,0.59051555,0.63802224,0.50030845,0.45554465,0.56612957,0.27720752,1.0
1037,1.0,1.0,1.0,1.0,1.0,1.0,0.6136088,0.6783677,0.50550944,0.500377,0.530042,0.2781639,0.0
1038,1.0,1.0,1.0,1.0,1.0,,0.5844686,0.6411342,0.4916128,0.46226755,0.49805743,0.25012308,4.0
1039,1.0,1.0,0.0,1.0,1.0,0.0,0.5970697,0.65913635,0.46555975,0.48997518,0.51438093,0.24501833,3.0
1040,1.0,1.0,1.0,1.0,1.0,1.0,0.5803365,0.6384285,0.47841054,0.4753155,0.52375376,0.2752202,2.0
1041,1.0,1.0,1.0,1.0,1.0,,0.5887665,0.64569706,0.3860439,0.3804935,0.54063857,0.23638013,0.0
1042,0.0,0.0,0.0,0.0,0.0,0.0,0.62136906,0.64208597,0.43934038,0.45895335,0.5167711,0.25218105,3.0
1043,0.0,0.0,0.0,0.0,0.0,0.0,0.5653154,0.6694206,0.5019177,0.4952222,0.54120576,0.27295417,0.0
1044,1.0,1.0,1.0,1.0,1.0,1.0,0.6321215,0.6901331,0.48894268,0.47632387,0.56804955,0.27236253,0.0
1045,1.0,1.0,0.0,0.0,1.0,0.0,0.57773787,0.63899666,0.45493194,0.44021025,0.5013101,0.25707453,4.0
1046,1.0,1.0,1.0,1.0,1.0,1.0,0.57974935,0.6521584,0.4604563,0.48988384,0.53927267,0.24955341,3.0
1047,1.0,1.0,1.0,1.0,1.0,1.0,0.59394443,0.6392809,0.42827535,0.4248515,0.32737443,0.26365146,1.0
1048,1.0,1.0,1.0,1.0,1.0,0.0,0.5948254,0.6553684,0.44727957,0.45388776,0.53340816,0.24892125,3.0
1049,1.0,1.0,0.0,0.0,1.0,0.0,0.584949,0.63664144,0.47615314,0.46952534,0.53361607,0.24798018,2.0
1050,1.0,1.0,0.0,0.0,0.0,0.0,0.5753343,0.66624314,0.46809095,0.46241948,0.54461753,0.28017008,1.0
1051,1.0,1.0,0.0,0.0,0.0,0.0,0.5922651,0.70305085,0.4693781,0.49806845,0.5588413,0.26399338,4.0
1052,1.0,1.0,1.0,1.0,1.0,1.0,0.56039625,0.6023573,0.3857767,0.40602037,0.4736361,0.26137543,0.0
1053,,1.0,,,,,0.5965935,0.68273616,0.5045865,0.5194471,0.51574105,0.2643287,0.0
1054,0.0,0.0,0.0,0.0,0.0,0.0,0.58914447,0.64887816,0.4804769,0.47065622,0.5403035,0.27394015,2.0
1055,0.0,1.0,1.0,1.0,1.0,1.0,0.6078067,0.6714765,0.4771781,0.45472568,0.5350296,0.27458578,1.0
1056,1.0,,1.0,1.0,0.0,0.0,0.5800872,0.6532701,0.39865693,0.4527599,0.5647816,0.2597105,4.0
1057,1.0,1.0,0.0,0.0,0.0,0.0,0.56203073,0.6704219,0.40429416,0.4292117,0.56212306,0.25455272,1.0
1058,1.0,1.0,1.0,1.0,1.0,1.0,0.6031531,0.67374074,0.49026906,0.49169934,0.5799127,0.2770559,1.0
1059,1.0,1.0,1.0,1.0,1.0,0.0,0.6058166,0.6843823,0.56316435,0.45136443,0.55131996,0.2633344,4.0
1060,1.0,1.0,1.0,1.0,1.0,1.0,0.5944409,0.689882,0.5566674,0.4672561,0.5557046,0.2633415,4.0
1061,,1.0,0.0,0.0,1.0,0.0,0.61011857,0.6982568,0.42628175,0.3776325,0.55140185,0.2563245,0.0
1062,1.0,1.0,1.0,1.0,1.0,1.0,0.5973072,0.64999115,0.5322977,0.46694282,0.58766025,0.25957638,4.0
1063,1.0,1.0,0.0,0.0,0.0,0.0,0.50649697,0.6160953,0.46254665,0.43842494,0.47586077,0.28611833,2.0
1064,1.0,,1.0,1.0,0.0,1.0,0.59822696,0.64120185,0.4240947,0.4632229,0.51063883,0.23725753,0.0
1065,1.0,1.0,0.0,0.0,0.0,0.0,0.5835493,0.6246327,0.45585975,0.46482873,0.51777315,0.2505944,3.0
1066,1.0,0.0,0.0,0.0,0.0,0.0,0.57127285,0.6444656,0.44327626,0.4479625,0.5390839,0.2513338,3.0
1067,0.0,0.0,0.0,0.0,0.0,0.0,0.5717556,0.7090323,0.5076954,0.49029619,0.5472408,0.2664605,1.0
1068,1.0,1.0,0.0,0.0,1.0,0.0,0.6191241,0.6700601,0.45398945,0.46254677,0.5608994,0.27646613,0.0
1069,0.0,0.0,0.0,0.0,0.0,0.0,0.57162374,0.5980933,0.4422625,0.4492903,0.4848936,0.24790095,4.0
1070,0.0,0.0,1.0,1.0,1.0,1.0,0.49479437,0.61130553,0.40563905,0.41964597,0.49280456,0.2387954,3.0
1071,1.0,1.0,0.0,0.0,0.0,0.0,0.57917154,0.66652805,0.48395684,0.46528444,0.54899234,0.28141674,1.0
1072,1.0,1.0,1.0,1.0,1.0,1.0,0.5637052,0.6076458,0.48126033,0.4677088,0.51332146,0.25394374,4.0
1073,0.0,0.0,0.0,0.0,0.0,0.0,0.59673893,0.6793753,0.4482552,0.4812168,0.535485,0.26153034,1.0
1074,0.0,0.0,0.0,0.0,0.0,0.0,0.60213727,0.6471632,0.48008662,0.45909548,0.55507845,0.26099274,2.0
1075,0.0,0.0,0.0,0.0,0.0,0.0,0.60024464,0.6452672,0.4197012,0.48296195,0.5067187,0.25779176,0.0
1076,1.0,1.0,1.0,1.0,1.0,1.0,0.59504163,0.62745106,0.5094251,0.4772249,0.5302752,0.24289477,4.0
1077,1.0,1.0,1.0,1.0,1.0,0.0,0.58193624,0.65644467,0.42883956,0.4675618,0.5322969,0.25340667,4.0
1078,1.0,1.0,1.0,0.0,1.0,1.0,0.59943247,0.6054935,0.39398748,0.4280885,0.5267371,0.24776375,0.0
1079,0.0,0.0,0.0,0.0,1.0,0.0,0.57554924,0.6344793,0.47331148,0.4699312,0.54415447,0.29185927,2.0
1080,1.0,1.0,1.0,1.0,1.0,0.0,0.62323904,0.6659325,0.48001388,0.46412057,0.56352156,0.25921708,2.0
1081,1.0,1.0,0.0,0.0,1.0,0.0,0.58474034,0.62467104,0.4873689,0.46045113,0.5304294,0.25813168,3.0
1082,1.0,1.0,1.0,0.0,1.0,0.0,0.5927812,0.6865213,0.42698306,0.49657133,0.5313147,0.25693002,4.0
1083,1.0,1.0,1.0,1.0,1.0,1.0,0.60362196,0.6825569,0.5011489,0.4687793,0.5502608,0.2814429,1.0
1084,1.0,1.0,1.0,1.0,1.0,1.0,0.57517457,0.66251445,0.46214065,0.4613639,0.5376332,0.26495892,1.0
1085,0.0,,1.0,1.0,0.0,0.0,0.5475488,0.6406348,0.42820486,0.43443948,0.49103963,0.25390202,1.0
1086,1.0,1.0,0.0,0.0,1.0,0.0,0.56971735,0.66294956,0.47734123,0.42716184,0.5433877,0.27804983,1.0
1087,0.0,1.0,1.0,1.0,0.0,1.0,0.6391814,0.6692472,0.508776,0.4732218,0.53553367,0.26600945,0.0
1088,1.0,1.0,1.0,1.0,1.0,,0.54046315,0.606878,0.4450481,0.42484435,0.49817774,0.22738163,3.0
1089,1.0,1.0,1.0,1.0,1.0,1.0,0.59379554,0.64676297,0.48195615,0.4747592,0.5933781,0.26005495,2.0
1090,1.0,1.0,1.0,,1.0,,0.71796006,0.75433934,0.5091157,0.46839026,0.5402727,0.27013692,1.0
1091,0.0,0.0,0.0,0.0,0.0,0.0,0.54998934,0.6432789,0.4770768,0.4893096,0.5324463,0.22679517,2.0
1092,0.0,1.0,0.0,1.0,1.0,0.0,0.47914886,0.61232436,0.46357062,0.43591923,0.49187937,0.23993658,3.0
1093,1.0,1.0,1.0,1.0,1.0,0.0,0.5656806,0.62309355,0.450209,0.45559293,0.5145674,0.24587046,3.0
1094,1.0,1.0,0.0,0.0,0.0,,0.50582206,0.6261938,0.49100494,0.47050124,0.48825306,0.24849662,2.0
1095,1.0,1.0,1.0,1.0,1.0,1.0,0.59609455,0.6723392,0.5062101,0.4851132,0.55309266,0.2528698,4.0
1096,1.0,,0.0,1.0,0.0,0.0,0.63151217,0.66178346,0.4917948,0.46699804,0.5485921,0.29613155,2.0
1097,0.0,0.0,0.0,0.0,0.0,0.0,0.63683677,0.6901577,0.4659432,0.51219124,0.53177476,0.24484645,3.0
1098,1.0,1.0,1.0,1.0,1.0,1.0,0.560001,0.61148757,0.4424791,0.43620282,0.524505,0.24884836,3.0
1099,0.0,0.0,0.0,0.0,0.0,0.0,0.57530755,0.64842933,0.44162184,0.46279448,0.5554803,0.2537798,3.0
1100,1.0,1.0,0.0,0.0,1.0,0.0,0.6338007,0.6904128,0.53165627,0.50547725,0.56775165,0.27967978,0.0
1101,0.0,1.0,1.0,1.0,0.0,1.0,0.61544627,0.6751295,0.4643749,0.48815113,0.5284883,0.254233,3.0
1102,0.0,0.0,0.0,0.0,0.0,0.0,0.60055125,0.6549893,0.4073245,0.42443693,0.5408683,0.22773622,0.0
1103,,1.0,1.0,1.0,1.0,0.0,0.5871531,0.62396663,0.36003238,0.3812487,0.5571536,0.21612817,0.0
1104,1.0,1.0,0.0,0.0,1.0,0.0,0.58796024,0.6532206,0.46185553,0.45214665,0.5403528,0.24672055,4.0
1105,0.0,,1.0,1.0,0.0,1.0,0.5698534,0.672211,0.47904286,0.4912986,0.51598465,0.25759548,1.0
1106,1.0,1.0,1.0,1.0,1.0,0.0,0.6408666,0.6744495,0.51570946,0.50288266,0.5805986,0.33041847,2.0
1107,1.0,1.0,1.0,1.0,1.0,0.0,0.609428,0.67325914,0.49795553,0.4768471,0.54662937,0.27335358,0.0
1108,1.0,1.0,1.0,1.0,1.0,1.0,0.55675876,0.6273037,0.43888718,0.48700875,0.52343935,0.24980769,3.0
1109,0.0,1.0,1.0,1.0,1.0,0.0,0.55998385,0.59727985,0.44803935,0.46499366,0.556716,0.24819414,3.0
1110,1.0,1.0,1.0,1.0,1.0,0.0,0.55331796,0.6122445,0.43049657,0.42842185,0.5601434,0.26641402,1.0
1111,0.0,0.0,0.0,0.0,0.0,0.0,0.64133346,0.6351781,0.5060099,0.4552214,0.5565529,0.29602116,2.0
1112,1.0,0.0,0.0,0.0,0.0,0.0,0.55252594,0.5324886,0.44093645,0.43823,0.4804908,0.2700479,1.0
1113,0.0,0.0,0.0,0.0,0.0,0.0,0.5899593,0.65532035,0.45415258,0.45321763,0.52771366,0.27782324,1.0
1114,0.0,0.0,0.0,0.0,0.0,0.0,0.6170794,0.6545351,0.4441771,0.43341732,0.56212306,0.2767219,1.0
1115,1.0,1.0,,1.0,1.0,1.0,0.58960384,0.64503276,0.40313634,0.48379177,0.53772235,0.24853113,4.0
1116,1.0,1.0,1.0,1.0,1.0,,0.5704459,0.60645545,0.46718067,0.44237357,0.55575824,0.26868924,1.0
1117,1.0,,1.0,1.0,1.0,0.0,0.5818118,0.64269423,0.44666606,0.44380292,0.55179095,0.24966748,0.0
1118,1.0,1.0,1.0,0.0,0.0,0.0,0.5603978,0.64533466,0.48643553,0.47035635,0.54353774,0.30430907,2.0
1119,0.0,0.0,0.0,0.0,0.0,0.0,0.5293996,0.64177155,0.4435759,0.45567715,0.509937,0.24982308,3.0
1120,1.0,1.0,1.0,1.0,1.0,0.0,0.6565257,0.6699282,0.4999284,0.4899565,0.608267,0.3502584,2.0
1121,0.0,0.0,0.0,0.0,0.0,0.0,0.60549223,0.65860754,0.4513883,0.45952886,0.5385222,0.26185134,0.0
1122,0.0,0.0,0.0,0.0,0.0,0.0,0.5824124,0.61576545,0.44343203,0.45204636,0.5326615,0.2538634,4.0
1123,1.0,0.0,0.0,0.0,0.0,0.0,0.5901767,0.64188063,0.4672515,0.47091648,0.55345124,0.25666344,3.0
1124,0.0,0.0,0.0,0.0,0.0,0.0,0.56933707,0.61507976,0.39954948,0.39303064,0.51574385,0.23033959,0.0
1125,1.0,1.0,1.0,1.0,1.0,0.0,0.5874835,0.6540997,0.39375785,0.4249355,0.53122795,0.24728885,1.0
1126,1.0,,0.0,1.0,1.0,1.0,0.5833213,0.59031737,0.41395023,0.43923122,0.55894107,0.2356546,3.0
1127,1.0,,1.0,1.0,1.0,1.0,0.5803506,0.64316,0.21984175,0.45378682,0.47497198,0.2420161,4.0
1128,1.0,,0.0,0.0,1.0,0.0,0.5768684,0.64388835,0.454489,0.4677233,0.5561379,0.266289,1.0
1129,1.0,1.0,1.0,1.0,1.0,1.0,0.5822593,0.6460681,0.41191298,0.48325685,0.59080106,0.23331271,4.0
1130,0.0,0.0,0.0,0.0,0.0,,0.58329,0.64548165,0.42031726,0.44961512,0.54159206,0.25408182,4.0
1131,0.0,0.0,0.0,0.0,0.0,0.0,0.5908035,0.66271174,0.45676845,0.4658515,0.5318977,0.2619982,0.0
1132,1.0,1.0,0.0,0.0,0.0,,0.595267,0.66385406,0.47553962,0.48410004,0.5315133,0.28175297,1.0
1133,1.0,1.0,1.0,1.0,0.0,0.0,0.6140864,0.65672,0.48789644,0.40669045,0.48819757,0.24951452,2.0
1134,1.0,1.0,1.0,1.0,1.0,1.0,0.61231375,0.6745382,0.43014374,0.468477,0.5498642,0.25873774,0.0
1135,1.0,1.0,0.0,0.0,1.0,0.0,0.5604116,0.63088775,0.40202594,0.46985194,0.51056343,0.25095433,4.0
1136,1.0,1.0,1.0,1.0,1.0,1.0,0.6017141,0.7042281,0.50822747,0.4950748,0.5249229,0.25699562,4.0
1137,1.0,1.0,0.0,0.0,1.0,0.0,0.5825695,0.6692904,0.46246594,0.3924332,0.56988657,0.2695672,1.0
1138,0.0,0.0,1.0,0.0,0.0,0.0,0.753842,0.7693658,0.48772556,0.48059458,0.5406226,0.27379578,1.0
1139,0.0,0.0,0.0,0.0,0.0,0.0,0.5947252,0.6145233,0.44135273,0.48541445,0.53752446,0.24284704,4.0
1140,0.0,0.0,0.0,0.0,0.0,0.0,0.51685107,0.6005461,0.43068156,0.46440408,0.51563907,0.23376517,3.0
1141,1.0,0.0,0.0,1.0,1.0,1.0,0.55133814,0.6040773,0.4332722,0.4658519,0.5379068,0.24633084,3.0
1142,0.0,0.0,0.0,0.0,0.0,0.0,0.5893984,0.6519797,0.4509307,0.48768735,0.54687387,0.24903108,3.0
1143,0.0,0.0,0.0,0.0,0.0,,0.5888849,0.68583393,0.39357564,0.45070067,0.51056105,0.24295923,4.0
1144,1.0,1.0,1.0,0.0,1.0,0.0,0.5725059,0.6611631,0.490563,0.44128233,0.539042,0.23910046,2.0
1145,0.0,1.0,0.0,1.0,1.0,0.0,0.6046921,0.60067964,0.40995654,0.43537372,0.50015664,0.24205476,3.0
1146,0.0,0.0,0.0,0.0,1.0,0.0,0.5502703,0.62396705,0.47599027,0.49281347,0.49933863,0.25405467,0.0
1147,0.0,,0.0,1.0,0.0,0.0,0.57294637,0.6098591,0.42819637,0.4712196,0.51559174,0.25761017,4.0
1148,0.0,0.0,1.0,0.0,0.0,0.0,0.5810455,0.6369648,0.45005408,0.4670542,0.5498576,0.24892353,4.0
1149,0.0,0.0,0.0,0.0,0.0,0.0,0.57967114,0.644097,0.4604201,0.47832575,0.51953053,0.24915811,3.0
1150,1.0,,1.0,0.0,1.0,0.0,0.6005983,0.63085145,0.46314362,0.4835202,0.5366831,0.25648615,3.0
1151,0.0,0.0,0.0,0.0,0.0,0.0,0.6325186,0.67689055,0.4655144,0.49258804,0.5224243,0.27438954,0.0
1152,0.0,0.0,0.0,0.0,0.0,0.0,0.57815987,0.594407,0.40990913,0.46373293,0.5192241,0.24258664,4.0
1153,0.0,0.0,0.0,0.0,0.0,0.0,0.5793822,0.6014273,0.39309734,0.44788325,0.58703625,0.2453225,4.0
1154,1.0,1.0,0.0,0.0,1.0,,0.610646,0.6541048,0.42659497,0.45588136,0.5612481,0.24286318,4.0
1155,1.0,1.0,1.0,1.0,1.0,0.0,0.59790397,0.6762269,0.4458263,0.47430515,0.55023956,0.24550387,3.0
1156,1.0,1.0,1.0,1.0,1.0,,0.59068596,0.62463784,0.43859237,0.4500647,0.5130826,0.24273363,3.0
1157,1.0,1.0,0.0,0.0,1.0,0.0,0.5631571,0.6425534,0.43831977,0.4238324,0.5241435,0.2703647,1.0
1158,0.0,0.0,0.0,0.0,0.0,0.0,0.57565314,0.57143575,0.40790698,0.458202,0.47511756,0.24836877,4.0
1159,1.0,1.0,0.0,0.0,1.0,0.0,0.5688987,0.6379688,0.408567,0.44534346,0.56707704,0.26579857,1.0
1160,0.0,1.0,0.0,1.0,1.0,0.0,0.5255344,0.6302369,0.46162498,0.46160546,0.4990174,0.22687264,2.0
1161,0.0,0.0,1.0,0.0,0.0,1.0,0.5728401,0.66253966,0.44302964,0.45246863,0.53951824,0.26899076,1.0
1162,1.0,1.0,0.0,0.0,1.0,0.0,0.59766537,0.6199212,0.40332472,0.4572969,0.5621568,0.23699981,4.0
1163,1.0,1.0,0.0,0.0,1.0,0.0,0.625169,0.6906367,0.4801154,0.44068226,0.545282,0.25811303,0.0
1164,0.0,0.0,0.0,0.0,0.0,,0.6066921,0.64502335,0.45992666,0.4879269,0.49728402,0.24738228,0.0
1165,0.0,0.0,0.0,0.0,0.0,0.0,0.5682255,0.515314,0.35015154,0.35292932,0.47591203,0.23091084,0.0
1166,1.0,1.0,1.0,1.0,1.0,,0.596959,0.62113065,0.41513124,0.46262532,0.51157206,0.2593801,4.0
1167,0.0,0.0,0.0,0.0,0.0,0.0,0.52449834,0.6568519,0.43624443,0.45387024,0.49569064,0.24943899,3.0
1168,1.0,1.0,0.0,0.0,0.0,0.0,0.60981077,0.6313397,0.45810333,0.44277382,0.5126298,0.25089222,3.0
1169,1.0,1.0,1.0,1.0,1.0,,0.57403743,0.6597935,0.47103134,0.47280923,0.5310353,0.2507484,2.0
1170,1.0,1.0,0.0,1.0,1.0,1.0,0.59340453,0.6313951,0.38493103,0.41225412,0.51069975,0.24965656,0.0
1171,1.0,1.0,1.0,1.0,1.0,1.0,0.61697286,0.6594011,0.51975733,0.48076186,0.58441585,0.24392869,4.0
1172,0.0,1.0,1.0,1.0,0.0,1.0,0.538111,0.6116885,0.4225011,0.41233495,0.4934314,0.23265429,3.0
1173,1.0,1.0,1.0,1.0,1.0,0.0,0.5864306,0.6086512,0.4400461,0.43763646,0.5740379,0.25278455,1.0
1174,0.0,0.0,0.0,0.0,0.0,,0.5254995,0.63853556,0.45459098,0.47232372,0.49783778,0.25218138,3.0
1175,0.0,,1.0,1.0,0.0,1.0,0.43582773,0.60363275,0.4652017,0.4609209,0.4784147,0.24648345,2.0
1176,1.0,1.0,1.0,1.0,1.0,1.0,0.58101565,0.65192455,0.44607764,0.45471567,0.5252517,0.25594425,0.0
1177,1.0,1.0,1.0,0.0,0.0,0.0,0.5554908,0.59022504,0.4976734,0.42662233,0.5451242,0.2641487,0.0
1178,1.0,1.0,0.0,0.0,1.0,0.0,0.6191932,0.66410124,0.5419718,0.5141843,0.5772544,0.27976286,0.0
1179,1.0,1.0,1.0,1.0,1.0,1.0,0.5504348,0.6297092,0.47299182,0.43493295,0.503452,0.24321112,2.0
1180,1.0,1.0,0.0,0.0,1.0,0.0,0.59014,0.6530888,0.5370167,0.45455274,0.5938746,0.26308477,4.0
1181,0.0,0.0,0.0,0.0,0.0,0.0,0.5569052,0.63977665,0.39229995,0.40103173,0.5300571,0.2617342,0.0
1182,0.0,1.0,1.0,1.0,0.0,0.0,0.5411782,0.6001745,0.4230488,0.43281484,0.51202595,0.26680815,0.0
1183,0.0,0.0,0.0,0.0,0.0,0.0,0.6216445,0.72592974,0.5160576,0.46773282,0.53145283,0.25897694,4.0
1184,1.0,1.0,1.0,1.0,1.0,1.0,0.55387723,0.61438286,0.42072052,0.4419608,0.5353494,0.23897584,4.0
1185,1.0,1.0,1.0,1.0,1.0,1.0,0.5554452,0.64117455,0.47675028,0.48883834,0.4709593,0.2720482,2.0
1186,1.0,1.0,1.0,1.0,1.0,1.0,0.56704813,0.6830079,0.4191036,0.45047203,0.5070965,0.23375334,4.0
1187,0.0,0.0,0.0,0.0,0.0,0.0,0.6163539,0.6740807,0.50760657,0.49201024,0.56879276,0.28646508,2.0
1188,1.0,1.0,0.0,0.0,1.0,0.0,0.55769813,0.62825876,0.46812868,0.42922845,0.51832354,0.24699771,3.0
1189,0.0,0.0,0.0,0.0,0.0,0.0,0.59887147,0.5911898,0.45816118,0.45821905,0.5595927,0.25818437,1.0
1190,1.0,1.0,1.0,0.0,1.0,0.0,0.6032167,0.6336566,0.4442609,0.45859686,0.54889894,0.27265328,1.0
1191,,1.0,1.0,1.0,1.0,1.0,0.5312133,0.6176585,0.47538692,0.46367815,0.50521755,0.23964135,3.0
1192,1.0,1.0,0.0,0.0,1.0,0.0,0.6202336,0.67446154,0.38654843,0.35797247,0.5776083,0.25197047,0.0
1193,1.0,1.0,1.0,0.0,0.0,0.0,0.6191795,0.6457414,0.4918823,0.46200645,0.5389742,0.24567062,2.0
1194,0.0,1.0,1.0,1.0,1.0,0.0,0.61210436,0.66625744,0.38572395,0.44904134,0.55871224,0.23374549,0.0
1195,,1.0,1.0,1.0,1.0,1.0,0.559163,0.6275818,0.40361482,0.4640468,0.49207836,0.23894443,4.0
1196,1.0,1.0,0.0,0.0,0.0,0.0,0.6119487,0.6507766,0.4853827,0.4926082,0.50080526,0.2481514,0.0
1197,0.0,0.0,0.0,0.0,0.0,0.0,0.5687303,0.6638364,0.524327,0.48263276,0.51121277,0.26014817,3.0
1198,1.0,1.0,0.0,0.0,1.0,,0.6019989,0.66873986,0.489886,0.5052194,0.57004064,0.27700835,0.0
1199,1.0,1.0,0.0,1.0,1.0,,0.5760696,0.6548208,0.48639023,0.46274787,0.49072126,0.26938725,4.0
1200,0.0,0.0,0.0,0.0,0.0,0.0,0.5941363,0.6353732,0.48156056,0.46628225,0.5335377,0.2641568,0.0
1201,1.0,1.0,1.0,1.0,1.0,0.0,0.6087259,0.65158963,0.4630993,0.50370455,0.5552317,0.24684899,3.0
1202,0.0,0.0,0.0,0.0,0.0,0.0,0.59790635,0.62931424,0.46436554,0.46668237,0.55741405,0.27046615,1.0
1203,1.0,1.0,0.0,0.0,0.0,,0.6088137,0.64320314,0.43894646,0.456922,0.5262867,0.25439602,3.0
1204,0.0,0.0,0.0,0.0,0.0,,0.57135075,0.6429362,0.49609125,0.49731332,0.55258083,0.26720047,2.0
1205,0.0,0.0,1.0,0.0,0.0,0.0,0.5549502,0.62155193,0.42410612,0.44360197,0.5187223,0.24867629,3.0
1206,0.0,0.0,0.0,0.0,0.0,0.0,0.5784839,0.6311232,0.48981228,0.48434943,0.51451117,0.4104362,2.0
1207,1.0,1.0,1.0,1.0,1.0,1.0,0.59066623,0.681135,0.4220333,0.46927816,0.52629966,0.24796167,4.0
1208,1.0,1.0,0.0,0.0,1.0,1.0,0.6010996,0.6583021,0.46389097,0.42205063,0.5436364,0.27694896,1.0
1209,1.0,1.0,0.0,0.0,1.0,0.0,0.5892422,0.6047599,0.41614258,0.4275349,0.53127766,0.27753273,3.0
1210,1.0,0.0,0.0,0.0,1.0,1.0,0.6134923,0.6539188,0.497917,0.46014917,0.56203216,0.27118888,2.0
1211,0.0,0.0,1.0,0.0,0.0,1.0,0.6631015,0.6619168,0.48876226,0.45365447,0.5762134,0.23377116,2.0
1212,1.0,1.0,1.0,1.0,1.0,0.0,0.5539853,0.6260817,0.46069065,0.4801062,0.5346563,0.24808517,3.0
1213,0.0,1.0,1.0,1.0,1.0,,0.5778066,0.60802066,0.48216036,0.45605388,0.5325218,0.31293732,4.0
1214,1.0,1.0,1.0,0.0,0.0,,0.6367676,0.6908363,0.4360984,0.46976334,0.5253842,0.23926651,3.0
1215,1.0,1.0,1.0,1.0,1.0,1.0,0.5794117,0.63437974,0.43495357,0.45704833,0.535164,0.24930373,4.0
1216,0.0,0.0,0.0,0.0,0.0,0.0,0.60341746,0.65652895,0.48297343,0.482052,0.5604621,0.3277747,2.0
1217,1.0,1.0,1.0,1.0,1.0,1.0,0.5145005,0.610519,0.4243871,0.4472411,0.49909735,0.23614432,3.0
1218,,1.0,1.0,1.0,0.0,1.0,0.6213045,0.67764556,0.48838383,0.51934844,0.62639713,0.24945867,4.0
1219,0.0,0.0,0.0,0.0,0.0,,0.62372893,0.6564851,0.44961444,0.48452082,0.5555962,0.23498261,3.0
1220,0.0,,0.0,1.0,0.0,0.0,0.56418645,0.62141913,0.42723417,0.4607395,0.5352693,0.24357376,1.0
1221,0.0,0.0,0.0,0.0,0.0,0.0,0.55616593,0.6473849,0.5022558,0.47106093,0.5316725,0.2378721,2.0
1222,1.0,,1.0,1.0,1.0,0.0,0.5915146,0.617815,0.46368182,0.49268642,0.5177817,0.24583535,1.0
1223,1.0,1.0,1.0,1.0,1.0,1.0,0.5718036,0.65615106,0.48374712,0.45694113,0.56687975,0.2883996,2.0
1224,1.0,1.0,0.0,0.0,0.0,,0.58858,0.66413665,0.48438653,0.4667969,0.5383636,0.24257796,4.0
1225,1.0,1.0,0.0,1.0,1.0,0.0,0.59831375,0.67230105,0.45091268,0.43279335,0.5375256,0.2643142,0.0
1226,1.0,1.0,1.0,1.0,1.0,1.0,0.6069846,0.6908566,0.533323,0.5207144,0.55883837,0.32244927,0.0
1227,0.0,0.0,0.0,0.0,0.0,,0.5922729,0.62526447,0.43000713,0.4652342,0.55548435,0.24980946,3.0
1228,1.0,1.0,1.0,1.0,1.0,1.0,0.6095854,0.69165564,0.46447983,0.3990255,0.5301448,0.27357715,1.0
1229,0.0,0.0,0.0,0.0,0.0,0.0,0.5973525,0.6460032,0.4935801,0.5230351,0.5493594,0.26185393,0.0
1230,0.0,0.0,0.0,0.0,0.0,0.0,0.56416214,0.6269543,0.43617812,0.4346919,0.48950702,0.24187544,3.0
1231,1.0,1.0,1.0,1.0,1.0,1.0,0.5599878,0.6410326,0.49237007,0.4849002,0.5577656,0.27424493,1.0
1232,1.0,1.0,1.0,1.0,1.0,1.0,0.5661092,0.6623784,0.47703275,0.45946094,0.51693106,0.25438565,2.0
1233,1.0,1.0,0.0,0.0,0.0,0.0,0.5794494,0.681012,0.49324584,0.46054855,0.55652744,0.26965863,1.0
1234,0.0,0.0,0.0,0.0,0.0,0.0,0.594794,0.6698841,0.4886506,0.46717623,0.57271206,0.25638777,2.0
1235,1.0,1.0,0.0,0.0,0.0,0.0,0.60972065,0.6476448,0.48890436,0.49109855,0.57585955,0.29566407,2.0
1236,1.0,1.0,0.0,0.0,1.0,0.0,0.5014601,0.5886162,0.41547105,0.41718075,0.4807867,0.23983794,3.0
1237,0.0,0.0,0.0,0.0,0.0,0.0,0.6007669,0.63937664,0.4904238,0.4808502,0.5731646,0.29188552,2.0
1238,0.0,0.0,0.0,0.0,0.0,0.0,0.5782107,0.6560048,0.41759866,0.47110927,0.57680535,0.25625876,4.0
1239,0.0,0.0,0.0,0.0,0.0,0.0,0.60284114,0.64385235,0.44625023,0.44553414,0.5310409,0.267458,0.0
1240,0.0,1.0,1.0,1.0,0.0,1.0,0.5270258,0.6140007,0.46750626,0.45012861,0.4997919,0.24841383,3.0
1241,1.0,1.0,0.0,0.0,1.0,0.0,0.6127261,0.6564248,0.5392968,0.5103584,0.5550417,0.2693047,0.0
1242,0.0,0.0,0.0,0.0,0.0,,0.58896375,0.6315218,0.48808026,0.5101746,0.5388006,0.25551504,0.0
1243,0.0,0.0,0.0,0.0,0.0,0.0,0.5808752,0.6173306,0.43439388,0.4386252,0.50840694,0.2446551,4.0
1244,1.0,1.0,1.0,1.0,1.0,1.0,0.61679995,0.66579163,0.50572646,0.50911176,0.5968009,0.27375755,2.0
1245,0.0,1.0,1.0,1.0,0.0,1.0,0.61447257,0.6535994,0.41648275,0.43722057,0.5450806,0.24572301,1.0
1246,0.0,0.0,0.0,0.0,0.0,0.0,0.5481051,0.63854545,0.4601725,0.4797801,0.5161626,0.24196774,3.0
1247,1.0,1.0,1.0,1.0,1.0,1.0,0.5948436,0.6361407,0.4963269,0.45533246,0.27064088,0.27559924,1.0
1248,1.0,1.0,0.0,0.0,1.0,0.0,0.5986357,0.68848956,0.42005184,0.43302202,0.5093856,0.24622826,4.0
1249,1.0,1.0,0.0,1.0,1.0,0.0,0.65644616,0.6786157,0.4998451,0.47972366,0.6049249,0.27293426,2.0
1250,1.0,1.0,0.0,0.0,0.0,,0.58675385,0.6594985,0.49748093,0.4971336,0.49386865,0.2369346,4.0
1251,1.0,1.0,0.0,0.0,1.0,0.0,0.6246054,0.6581302,0.49651396,0.49362528,0.5979246,0.30106422,2.0
1252,0.0,0.0,0.0,0.0,0.0,0.0,0.56751394,0.6157292,0.42269054,0.41536322,0.49464488,0.24230078,3.0
1253,1.0,1.0,1.0,1.0,1.0,1.0,0.59951544,0.62971056,0.45507264,0.46185163,0.5117075,0.24144094,3.0
1254,1.0,0.0,0.0,0.0,0.0,0.0,0.6029653,0.6660138,0.4792619,0.49650916,0.5987245,0.24868326,4.0
1255,1.0,1.0,1.0,0.0,1.0,0.0,0.5871392,0.6375881,0.50137687,0.4707022,0.5378961,0.26890442,0.0
1256,1.0,1.0,1.0,1.0,1.0,1.0,0.5927885,0.67106456,0.4933802,0.47682348,0.5356321,0.25126442,4.0
1257,1.0,1.0,1.0,1.0,1.0,1.0,0.6098551,0.7051711,0.472869,0.475854,0.55382305,0.25727946,4.0
1258,1.0,1.0,1.0,1.0,1.0,0.0,0.6290363,0.6490832,0.49264404,0.461186,0.54470265,0.24546477,2.0
1259,0.0,0.0,0.0,0.0,0.0,,0.5584196,0.6456122,0.47952986,0.4588327,0.53831273,0.27011263,2.0
1260,0.0,0.0,0.0,0.0,0.0,0.0,0.5765429,0.62487125,0.43878233,0.45890677,0.5374862,0.24723971,3.0
1261,0.0,0.0,0.0,0.0,0.0,0.0,0.59842,0.69095534,0.47031817,0.49197257,0.52761924,0.27828753,1.0
1262,,1.0,1.0,1.0,1.0,0.0,0.5453379,0.62258077,0.44138828,0.46756706,0.5325333,0.23778029,3.0
1263,1.0,1.0,0.0,0.0,1.0,0.0,0.6262573,0.6532158,0.48972136,0.46628565,0.541076,0.2504667,2.0
1264,1.0,1.0,0.0,0.0,1.0,0.0,0.5607479,0.66042686,0.42478162,0.46333715,0.5186109,0.2668699,1.0
1265,0.0,0.0,1.0,1.0,0.0,,0.57107717,0.63530713,0.46090916,0.44737914,0.53338397,0.24981073,3.0
1266,0.0,0.0,0.0,0.0,0.0,0.0,0.60911644,0.6461355,0.44920427,0.44842777,0.550114,0.2767533,0.0
1267,0.0,0.0,0.0,0.0,0.0,0.0,0.5895625,0.7089435,0.46182078,0.47978497,0.53153884,0.2645145,4.0
1268,1.0,,0.0,0.0,1.0,0.0,0.62633646,0.6845977,0.46379796,0.4905669,0.586797,0.23775716,0.0
1269,1.0,1.0,0.0,0.0,1.0,0.0,0.6581762,0.6868101,0.4864457,0.45766884,0.5734492,0.2661888,0.0
1270,1.0,1.0,0.0,1.0,1.0,0.0,0.54225016,0.6326677,0.4682237,0.46639776,0.49570453,0.2703113,2.0
1271,1.0,1.0,1.0,1.0,1.0,1.0,0.6262977,0.65746355,0.51784545,0.51761436,0.5616875,0.26021472,0.0
1272,1.0,1.0,0.0,1.0,1.0,1.0,0.5529211,0.6705916,0.4883181,0.46914473,0.55014193,0.27838483,1.0
1273,1.0,1.0,0.0,0.0,1.0,,0.5859702,0.6657076,0.44142583,0.45067316,0.54388463,0.2660743,1.0
1274,1.0,1.0,1.0,1.0,1.0,1.0,0.52118444,0.602205,0.46112746,0.46920043,0.50183964,0.24396883,3.0
1275,1.0,1.0,0.0,0.0,0.0,,0.5776106,0.6528854,0.47354236,0.47438154,0.52609444,0.24256036,4.0
1276,1.0,1.0,1.0,0.0,0.0,0.0,0.5176883,0.6019969,0.44018558,0.4412722,0.5091819,0.24862316,3.0
1277,1.0,1.0,0.0,0.0,1.0,,0.600365,0.6487986,0.43676263,0.44796115,0.51653326,0.24543515,3.0
1278,0.0,0.0,0.0,0.0,0.0,0.0,0.57917285,0.66097885,0.45831937,0.48203388,0.51793134,0.25962755,0.0
1279,0.0,0.0,0.0,0.0,0.0,0.0,0.6039707,0.67709804,0.46881256,0.47775605,0.5126136,0.24128368,4.0
1280,1.0,1.0,1.0,1.0,1.0,0.0,0.59938395,0.67850477,0.42954552,0.4571466,0.5432478,0.278408,1.0
1281,0.0,0.0,1.0,1.0,1.0,,0.58501136,0.6362492,0.47757688,0.4870656,0.54838747,0.2785862,1.0
1282,1.0,1.0,0.0,0.0,1.0,1.0,0.6248114,0.70190954,0.525564,0.5009771,0.63401186,0.24875751,4.0
1283,1.0,1.0,1.0,1.0,1.0,0.0,0.6086825,0.6418537,0.49384513,0.47835368,0.55423975,0.23724084,2.0
1284,1.0,,1.0,1.0,1.0,0.0,0.5863725,0.65079343,0.47832203,0.4915836,0.48380935,0.30577704,2.0
1285,1.0,1.0,0.0,0.0,1.0,0.0,0.5651129,0.6290463,0.40211666,0.43514732,0.50774944,0.2728883,1.0
1286,1.0,0.0,0.0,0.0,1.0,1.0,0.5560275,0.64611286,0.47578686,0.42389387,0.29438987,0.27776718,1.0
1287,1.0,1.0,0.0,0.0,1.0,0.0,0.6163741,0.63816154,0.49393392,0.4428364,0.554859,0.24475676,2.0
1288,1.0,1.0,1.0,1.0,1.0,1.0,0.60319436,0.6704593,0.497711,0.4738364,0.54105645,0.28204703,2.0
1289,1.0,1.0,1.0,1.0,1.0,0.0,0.5660287,0.64977306,0.4473045,0.4748376,0.541989,0.2577426,0.0
1290,0.0,1.0,1.0,1.0,0.0,1.0,0.5873755,0.6644656,0.4757946,0.4413966,0.5208796,0.27806103,2.0
1291,0.0,0.0,0.0,0.0,0.0,,0.5693436,0.6155178,0.42531258,0.45653504,0.49768692,0.25140005,4.0
1292,0.0,0.0,0.0,0.0,0.0,,0.57085544,0.6153329,0.45457816,0.43566728,0.4925628,0.27530378,1.0
1293,1.0,1.0,1.0,1.0,1.0,1.0,0.5820836,0.6229192,0.46522957,0.4404262,0.510281,0.22545466,2.0
1294,1.0,1.0,1.0,1.0,0.0,1.0,0.61559296,0.6867468,0.5869408,0.48682564,0.5833978,0.2651823,4.0
1295,1.0,1.0,0.0,0.0,0.0,0.0,0.60946625,0.62763155,0.47555155,0.4744748,0.5621806,0.2598687,3.0
1296,1.0,1.0,0.0,0.0,0.0,0.0,0.62027293,0.6536112,0.47388366,0.4707457,0.5526315,0.2559201,3.0
1297,0.0,0.0,0.0,0.0,0.0,,0.5831257,0.61780584,0.47483772,0.46700573,0.5246031,0.26014656,4.0
1298,1.0,1.0,1.0,1.0,1.0,1.0,0.5946608,0.64518946,0.48830217,0.50377756,0.56534815,0.2611326,0.0
1299,1.0,1.0,1.0,0.0,1.0,0.0,0.60048956,0.6640525,0.4815138,0.42173788,0.505481,0.25977415,2.0
1300,1.0,1.0,1.0,1.0,1.0,1.0,0.5841188,0.63613516,0.46980047,0.45339173,0.6257504,0.2549554,4.0
1301,1.0,1.0,1.0,1.0,1.0,0.0,0.56252617,0.6504699,0.48042315,0.44066638,0.50535095,0.26488885,1.0
1302,1.0,1.0,0.0,0.0,1.0,0.0,0.581201,0.64301515,0.4443682,0.43841583,0.5254497,0.2738194,1.0
1303,1.0,1.0,0.0,0.0,1.0,0.0,0.59298843,0.6162983,0.45763606,0.42651972,0.5628303,0.27748856,1.0
1304,1.0,1.0,1.0,0.0,1.0,1.0,0.66330266,0.6616205,0.48147538,0.43438798,0.53744084,0.22229722,2.0
1305,1.0,1.0,1.0,1.0,1.0,0.0,0.5811253,0.6263824,0.43429202,0.4268397,0.5148676,0.24494283,3.0
1306,1.0,1.0,1.0,1.0,1.0,0.0,0.56264925,0.64338714,0.37997377,0.4547323,0.52730244,0.24969748,4.0
1307,1.0,1.0,0.0,0.0,0.0,0.0,0.62330073,0.6681856,0.49146494,0.4477784,0.57671624,0.23954014,2.0
1308,1.0,1.0,0.0,0.0,1.0,0.0,0.6159614,0.66280305,0.46264756,0.47345155,0.5226691,0.24025923,3.0
1309,0.0,1.0,1.0,0.0,0.0,1.0,0.5840571,0.63724506,0.4891372,0.45631278,0.5695978,0.24212041,2.0
1310,1.0,,0.0,1.0,1.0,0.0,0.58623487,0.6690368,0.5293829,0.5276856,0.52829707,0.30588895,0.0
1311,0.0,0.0,0.0,0.0,0.0,0.0,0.5886368,0.6051913,0.4317146,0.474187,0.5289618,0.23823085,4.0
1312,0.0,1.0,1.0,1.0,1.0,,0.64083904,0.6603292,0.42851642,0.4401049,0.5367356,0.2543543,3.0
1313,1.0,1.0,1.0,1.0,1.0,1.0,0.61085516,0.65114754,0.48827657,0.47509956,0.56382245,0.25210175,2.0
1314,1.0,1.0,0.0,0.0,1.0,1.0,0.5912333,0.6259643,0.43852553,0.41544244,0.5678358,0.2586503,1.0
1315,1.0,1.0,1.0,1.0,1.0,1.0,0.562523,0.6457146,0.4646104,0.43373948,0.54695684,0.204729,2.0
1316,1.0,1.0,1.0,1.0,1.0,0.0,0.57203025,0.6612841,0.40099508,0.43191501,0.5242267,0.27271914,1.0
1317,0.0,0.0,1.0,1.0,0.0,,0.5709193,0.6343129,0.39979708,0.41492105,0.5159281,0.24168763,0.0
1318,0.0,1.0,1.0,1.0,0.0,1.0,0.5421104,0.61238945,0.43337554,0.42484152,0.5017902,0.25288984,0.0
1319,1.0,1.0,0.0,0.0,0.0,0.0,0.60911775,0.6227262,0.40896428,0.4345914,0.52551794,0.24347065,3.0
1320,1.0,1.0,1.0,1.0,1.0,1.0,0.56249696,0.6384217,0.47958606,0.4250666,0.51621515,0.21439072,2.0
1321,1.0,1.0,0.0,0.0,0.0,0.0,0.5959912,0.6458088,0.45186484,0.48100856,0.6229361,0.2465281,4.0
1322,1.0,1.0,1.0,1.0,1.0,0.0,0.64413816,0.6655042,0.47355008,0.43763837,0.5675039,0.24234945,0.0
1323,1.0,1.0,0.0,0.0,1.0,0.0,0.612759,0.6591855,0.48608407,0.4575043,0.5527509,0.2512524,2.0
1324,0.0,0.0,0.0,0.0,0.0,,0.58500785,0.63684404,0.45020524,0.4643147,0.5293345,0.23966952,3.0
1325,1.0,,0.0,0.0,1.0,0.0,0.5823853,0.63901746,0.45179346,0.45271495,0.49536055,0.25211075,3.0
1326,1.0,1.0,0.0,0.0,1.0,0.0,0.5862987,0.59890366,0.46146438,0.46586704,0.5406857,0.2490668,3.0
1327,1.0,1.0,1.0,1.0,1.0,1.0,0.5877525,0.6949833,0.44142374,0.46883404,0.52618176,0.25224686,4.0
1328,0.0,,1.0,1.0,0.0,1.0,0.620089,0.6556309,0.46036667,0.4496952,0.524646,0.251163,3.0
1329,1.0,,1.0,1.0,1.0,0.0,0.636034,0.65029997,0.4485072,0.45257854,0.56776077,0.2593681,3.0
1330,1.0,1.0,0.0,0.0,0.0,,0.64269286,0.68203455,0.50514185,0.49259025,0.58663756,0.29845512,2.0
1331,1.0,1.0,0.0,0.0,1.0,,0.5739749,0.64544857,0.47385612,0.47029346,0.5366889,0.28617495,2.0
1332,1.0,1.0,1.0,1.0,1.0,,0.581071,0.58356816,0.48473236,0.4531656,0.47613758,0.2746274,1.0
1333,1.0,1.0,1.0,0.0,0.0,,0.5941759,0.61511886,0.4918039,0.47624135,0.5099455,0.23489733,2.0
1334,1.0,1.0,1.0,1.0,1.0,,0.58733267,0.6341273,0.45176083,0.46428522,0.52979404,0.27077,1.0
1335,0.0,,0.0,0.0,0.0,,0.59928495,0.6856663,0.49531,0.4663351,0.54746324,0.27781674,1.0
1336,0.0,0.0,0.0,0.0,0.0,0.0,0.5875339,0.6623584,0.45149985,0.46363404,0.5337207,0.2664086,1.0
1337,1.0,1.0,1.0,1.0,1.0,,0.5664253,0.60242796,0.47478166,0.46194065,0.27504212,0.26542753,1.0
1338,1.0,1.0,0.0,0.0,0.0,,0.577707,0.65014607,0.49759555,0.4855005,0.58496964,0.27771577,2.0
1339,,1.0,1.0,1.0,0.0,,0.59246576,0.6364269,0.4305095,0.4509616,0.5062286,0.25226733,3.0
1340,1.0,1.0,0.0,0.0,1.0,0.0,0.5816081,0.62961787,0.46394205,0.44771415,0.5423371,0.26838157,1.0
1341,0.0,0.0,0.0,0.0,0.0,0.0,0.56978756,0.62758595,0.46756607,0.4417315,0.521601,0.27999046,1.0
1342,1.0,1.0,0.0,0.0,0.0,0.0,0.5921358,0.6838135,0.4637197,0.46710247,0.55017585,0.27415654,1.0
1343,0.0,0.0,0.0,0.0,0.0,0.0,0.60813016,0.65689206,0.4492457,0.485197,0.5404628,0.27300513,1.0
1344,0.0,1.0,1.0,1.0,0.0,1.0,0.5664594,0.629461,0.4695014,0.45016837,0.54847986,0.26412365,2.0
1345,1.0,1.0,1.0,1.0,0.0,1.0,0.56347746,0.6272185,0.47171456,0.45137113,0.5537087,0.2651301,2.0
1346,1.0,,1.0,1.0,1.0,1.0,0.56540304,0.60521907,0.434357,0.43955603,0.5622132,0.24933016,4.0
1347,1.0,,1.0,1.0,1.0,1.0,0.52711356,0.6219136,0.49497744,0.49314207,0.5289006,0.28558195,2.0
1348,1.0,1.0,1.0,1.0,1.0,,0.59749526,0.6207319,0.41736263,0.42847276,0.5431471,0.22883028,3.0
1349,1.0,1.0,0.0,0.0,0.0,,0.59574354,0.700531,0.45986617,0.46954617,0.55856,0.2413838,4.0
1350,0.0,0.0,0.0,0.0,0.0,0.0,0.5559169,0.6228588,0.42511582,0.41439325,0.5062518,0.25190383,3.0
1351,0.0,0.0,0.0,0.0,0.0,0.0,0.56776047,0.65195066,0.47647035,0.4630496,0.5236503,0.2466176,2.0
1352,1.0,1.0,1.0,1.0,1.0,0.0,0.5338715,0.62648773,0.45175108,0.44486582,0.47905272,0.22523046,2.0
1353,1.0,0.0,0.0,0.0,0.0,0.0,0.58672386,0.6648956,0.45142442,0.464129,0.50923663,0.2330317,3.0
1354,1.0,0.0,0.0,0.0,0.0,0.0,0.60490024,0.65416765,0.3944799,0.43187276,0.51185167,0.24264288,4.0
1355,1.0,1.0,0.0,0.0,1.0,0.0,0.6213561,0.69177264,0.50214,0.4930104,0.62808937,0.2603036,2.0
1356,1.0,1.0,0.0,0.0,0.0,0.0,0.6090772,0.63423765,0.49258268,0.46842825,0.5044859,0.27208996,2.0
1357,1.0,1.0,1.0,1.0,1.0,0.0,0.59604377,0.6163877,0.41354242,0.40520078,0.49246177,0.23928507,0.0
1358,0.0,0.0,0.0,0.0,0.0,0.0,0.5450936,0.6335629,0.46484953,0.46840096,0.5279894,0.25885147,2.0
1359,1.0,1.0,1.0,1.0,0.0,0.0,0.59232354,0.661931,0.51037335,0.4816911,0.55229187,0.27291572,1.0
1360,0.0,,1.0,1.0,1.0,0.0,0.5574243,0.65205824,0.49611136,0.4516263,0.5049232,0.263103,2.0
1361,0.0,0.0,0.0,0.0,0.0,0.0,0.56163085,0.64000094,0.486474,0.47684297,0.5258257,0.2516755,2.0
1362,,1.0,,1.0,1.0,1.0,0.6023859,0.69146544,0.4655249,0.45708585,0.5141486,0.34549937,3.0
1363,1.0,,1.0,1.0,1.0,1.0,0.5679346,0.61953986,0.3605682,0.45912933,0.49343053,0.23200303,4.0
1364,0.0,0.0,0.0,0.0,0.0,,0.59791523,0.6501577,0.48641995,0.46647117,0.5407455,0.26431665,2.0
1365,1.0,1.0,1.0,1.0,1.0,0.0,0.58087236,0.6402936,0.439008,0.44530228,0.55553615,0.24931693,4.0
1366,0.0,0.0,0.0,0.0,0.0,,0.6318167,0.6499127,0.47877112,0.4716355,0.5848812,0.3075853,2.0
1367,0.0,0.0,0.0,0.0,0.0,0.0,0.59223104,0.6676998,0.44315475,0.46585068,0.5518072,0.2532916,4.0
1368,1.0,1.0,1.0,0.0,0.0,0.0,0.60787433,0.649282,0.46285862,0.44767997,0.5410072,0.27381286,0.0
1369,1.0,1.0,0.0,0.0,1.0,0.0,0.6160544,0.6798328,0.5203489,0.49048787,0.58879036,0.23740345,4.0
1370,1.0,1.0,0.0,0.0,0.0,0.0,0.63855714,0.6723428,0.48367107,0.43113977,0.57513773,0.24085836,0.0
1371,0.0,1.0,1.0,1.0,0.0,1.0,0.6143735,0.6662695,0.43017498,0.4680058,0.59916157,0.2802168,4.0
1372,1.0,1.0,1.0,1.0,1.0,0.0,0.5671255,0.6115707,0.47186354,0.47396943,0.53006256,0.23240957,4.0
1373,0.0,0.0,0.0,0.0,0.0,0.0,0.59133106,0.6483151,0.46909142,0.49331757,0.5352222,0.24765821,3.0
1374,1.0,1.0,1.0,0.0,0.0,1.0,0.5845754,0.6254975,0.48623326,0.4558957,0.540559,0.27982557,0.0
1375,0.0,0.0,0.0,0.0,0.0,,0.590076,0.6835017,0.48362958,0.47735,0.5461468,0.2854848,1.0
1376,1.0,1.0,1.0,1.0,1.0,0.0,0.57278436,0.6491831,0.48734593,0.49320564,0.5115532,0.25498816,2.0
1377,0.0,0.0,0.0,0.0,0.0,0.0,0.5858573,0.6315119,0.4557688,0.45368636,0.5110181,0.2770249,4.0
1378,1.0,1.0,0.0,0.0,1.0,,0.6081678,0.61675066,0.43279082,0.44661945,0.5259578,0.23871696,3.0
1379,0.0,0.0,0.0,0.0,0.0,0.0,0.5171829,0.584442,0.49980783,0.47032726,0.5201765,0.23265944,2.0
1380,0.0,0.0,0.0,0.0,0.0,0.0,0.6116617,0.6658433,0.51028275,0.5043975,0.5657112,0.25645596,0.0
1381,0.0,0.0,0.0,0.0,0.0,0.0,0.6004035,0.60826087,0.45997873,0.43467665,0.57221407,0.23465687,1.0
1382,1.0,1.0,1.0,1.0,1.0,1.0,0.608844,0.7087095,0.5602205,0.48622674,0.67604625,0.2577284,4.0
1383,1.0,1.0,1.0,1.0,1.0,1.0,0.5884865,0.6325549,0.40620488,0.4375366,0.5380695,0.26378185,1.0
1384,1.0,1.0,0.0,0.0,1.0,0.0,0.55825514,0.59599644,0.38535023,0.4529379,0.5318932,0.24082887,3.0
1385,1.0,1.0,1.0,1.0,1.0,0.0,0.62079906,0.6505389,0.47409067,0.47242793,0.51083565,0.26955298,0.0
1386,1.0,1.0,1.0,1.0,0.0,,0.60813445,0.6755605,0.48703837,0.4896036,0.55551344,0.23952988,1.0
1387,1.0,1.0,0.0,0.0,1.0,0.0,0.62098455,0.65828377,0.4971983,0.4935845,0.5618004,0.26645666,2.0
1388,0.0,0.0,0.0,0.0,0.0,0.0,0.60538894,0.6775277,0.4185116,0.4370194,0.55733615,0.24703056,4.0
1389,1.0,1.0,0.0,0.0,0.0,0.0,0.5752207,0.6462307,0.477328,0.45001572,0.5494511,0.27543843,1.0
1390,0.0,0.0,0.0,0.0,0.0,,0.592043,0.68829715,0.48360142,0.4861046,0.57263726,0.26830074,4.0
1391,0.0,1.0,1.0,1.0,1.0,0.0,0.5613204,0.5864756,0.4343475,0.45976812,0.53902334,0.24132448,3.0
1392,1.0,1.0,0.0,0.0,1.0,0.0,0.5506419,0.5821987,0.42799565,0.43717518,0.5195817,0.23359305,3.0
1393,0.0,0.0,0.0,0.0,0.0,,0.61191523,0.6430095,0.48116755,0.4646651,0.5874486,0.23946443,2.0
1394,0.0,0.0,0.0,0.0,0.0,,0.5773045,0.6370485,0.4851725,0.45418382,0.5349333,0.279165,1.0
1395,1.0,1.0,0.0,0.0,1.0,0.0,0.59478176,0.62541187,0.41983548,0.44437736,0.5265351,0.24821548,3.0
1396,0.0,0.0,0.0,0.0,0.0,0.0,0.594136,0.64718103,0.4851114,0.4532799,0.5409363,0.25327682,4.0
1397,1.0,1.0,0.0,1.0,1.0,0.0,0.5981837,0.6785867,0.5409591,0.5084829,0.5320797,0.25387612,4.0
1398,1.0,1.0,0.0,1.0,1.0,0.0,0.6164048,0.6754509,0.44013694,0.4959907,0.5453209,0.25400674,4.0
1399,0.0,0.0,0.0,0.0,0.0,0.0,0.5467709,0.5846293,0.42273825,0.42986822,0.5178876,0.23489402,3.0
1400,0.0,0.0,0.0,0.0,0.0,0.0,0.5778043,0.65554905,0.48842242,0.4780141,0.5302667,0.257802,4.0
1401,1.0,1.0,1.0,1.0,1.0,1.0,0.6141106,0.6752926,0.49618924,0.4857929,0.6209519,0.2621823,2.0
1402,1.0,,1.0,1.0,1.0,0.0,0.57354575,0.66283387,0.4418875,0.44111308,0.526578,0.24557123,0.0
1403,1.0,1.0,1.0,1.0,1.0,1.0,0.5899805,0.67482287,0.53201616,0.52821106,0.5323144,0.29758638,0.0
1404,0.0,0.0,0.0,0.0,0.0,0.0,0.5831814,0.6423719,0.40832135,0.44601777,0.54641414,0.23484172,0.0
1405,0.0,0.0,0.0,0.0,0.0,0.0,0.5606285,0.6288916,0.41799128,0.4249969,0.51774794,0.27005726,1.0
1406,0.0,0.0,0.0,0.0,0.0,0.0,0.64906454,0.6822253,0.5050713,0.4853186,0.6052759,0.27141207,2.0
1407,0.0,0.0,0.0,0.0,0.0,0.0,0.57300603,0.62059253,0.42989412,0.4453548,0.5295962,0.24375378,3.0
1408,1.0,1.0,0.0,0.0,1.0,0.0,0.58130866,0.64160323,0.41812623,0.43028772,0.54872036,0.2499148,4.0
1409,0.0,0.0,0.0,0.0,0.0,0.0,0.5930538,0.6647444,0.37615883,0.44705594,0.55428505,0.2426418,4.0
1410,1.0,1.0,0.0,0.0,1.0,0.0,0.5796939,0.66156816,0.4742363,0.48121166,0.53780866,0.25063112,4.0
1411,1.0,1.0,1.0,1.0,1.0,1.0,0.5579758,0.6151125,0.39733136,0.4136171,0.43787885,0.27314788,1.0
1412,1.0,1.0,1.0,1.0,1.0,1.0,0.5926736,0.645512,0.40344864,0.37875298,0.5378639,0.24116902,0.0
1413,1.0,1.0,1.0,1.0,1.0,1.0,0.5706871,0.6667548,0.45214382,0.46944508,0.53142136,0.24838433,3.0
1414,0.0,0.0,0.0,0.0,0.0,0.0,0.57977253,0.6134145,0.36345744,0.42105117,0.5351278,0.25598687,0.0
1415,1.0,1.0,1.0,1.0,0.0,1.0,0.5763251,0.5649943,0.3938142,0.44823804,0.55777615,0.25475997,4.0
1416,1.0,1.0,1.0,1.0,1.0,1.0,0.5997552,0.63356435,0.44334006,0.4378932,0.5789361,0.2537941,4.0
1417,0.0,0.0,0.0,0.0,0.0,0.0,0.5013742,0.590074,0.4598353,0.48131552,0.5393675,0.24726233,3.0
1418,1.0,1.0,0.0,0.0,1.0,0.0,0.65820885,0.66541684,0.49425966,0.48861998,0.59245175,0.3886221,2.0
1419,1.0,1.0,0.0,1.0,1.0,0.0,0.56429654,0.6189855,0.44679588,0.41067094,0.52448314,0.28030044,1.0
1420,1.0,1.0,1.0,0.0,1.0,,0.6043031,0.66216403,0.52176875,0.4776461,0.52102816,0.26963833,0.0
1421,1.0,1.0,1.0,1.0,1.0,0.0,0.57163984,0.67746603,0.4278602,0.44253075,0.54632264,0.27935913,1.0
1422,1.0,1.0,0.0,0.0,1.0,,0.61524737,0.63891554,0.48409224,0.47926906,0.5691836,0.2565999,2.0
1423,0.0,1.0,1.0,1.0,0.0,1.0,0.6006185,0.6500597,0.47608653,0.4162603,0.5212074,0.26241753,0.0
1424,0.0,0.0,1.0,1.0,0.0,1.0,0.59852695,0.66615486,0.48968923,0.46667284,0.49061936,0.26767576,0.0
1425,0.0,,1.0,1.0,1.0,1.0,0.5412618,0.60255367,0.4067574,0.4325129,0.49753165,0.24559715,3.0
1426,1.0,1.0,0.0,0.0,0.0,0.0,0.5791228,0.60858166,0.39451477,0.44052884,0.53144246,0.2498462,4.0
1427,1.0,1.0,1.0,1.0,1.0,,0.57362616,0.60835785,0.42461127,0.4296052,0.50935036,0.26682252,1.0
1428,1.0,1.0,1.0,1.0,1.0,0.0,0.59017575,0.6815003,0.49689722,0.4803644,0.5403177,0.28542694,1.0
1429,0.0,1.0,1.0,1.0,0.0,0.0,0.60740525,0.6585573,0.49483868,0.47824195,0.55092615,0.2603079,2.0
1430,1.0,1.0,1.0,0.0,0.0,0.0,0.60222256,0.6187726,0.44851702,0.4095566,0.5278294,0.27000523,0.0
1431,1.0,1.0,0.0,0.0,0.0,0.0,0.59762305,0.66266125,0.49316278,0.46398222,0.5234499,0.28240117,1.0
1432,1.0,1.0,1.0,1.0,1.0,0.0,0.6060051,0.6613636,0.4265215,0.46081966,0.52977014,0.24783204,3.0
1433,1.0,1.0,0.0,0.0,1.0,,0.54234827,0.6558123,0.4844123,0.4637676,0.51802087,0.25027984,2.0
1434,1.0,1.0,1.0,1.0,1.0,1.0,0.5685233,0.60929036,0.46830106,0.4438252,0.51283085,0.2520014,4.0
1435,1.0,1.0,1.0,1.0,1.0,1.0,0.5704339,0.6382784,0.4688337,0.45805305,0.51783335,0.22402486,2.0
1436,1.0,1.0,1.0,1.0,1.0,0.0,0.5855821,0.624711,0.41182512,0.42575616,0.52539515,0.23392418,1.0
1437,0.0,0.0,1.0,0.0,0.0,1.0,0.58520865,0.62732244,0.43668896,0.442603,0.54305,0.2617796,0.0
1438,1.0,1.0,1.0,0.0,1.0,0.0,0.5752915,0.6503208,0.45167398,0.47340924,0.54573613,0.25727165,4.0
1439,0.0,0.0,0.0,1.0,0.0,0.0,0.57950675,0.6388467,0.50001603,0.45208782,0.502607,0.25310194,4.0
1440,1.0,,0.0,1.0,1.0,0.0,0.6474499,0.62707514,0.39952797,0.42379943,0.55824286,0.24691252,3.0
1441,0.0,0.0,0.0,0.0,0.0,0.0,0.5388451,0.5939647,0.47735494,0.4712154,0.4993898,0.27772784,1.0
1442,1.0,1.0,0.0,0.0,1.0,0.0,0.56905913,0.5971956,0.42329043,0.4288363,0.548993,0.26946616,1.0
1443,0.0,0.0,0.0,0.0,0.0,0.0,0.5719655,0.6143844,0.42784148,0.46874517,0.5059005,0.24620283,4.0
1444,1.0,1.0,1.0,1.0,1.0,1.0,0.5345216,0.6235379,0.45663583,0.45167777,0.5190764,0.23116891,3.0
1445,1.0,1.0,1.0,1.0,0.0,1.0,0.5688751,0.5870234,0.39879626,0.44205463,0.52022123,0.25604033,4.0
1446,1.0,1.0,1.0,1.0,1.0,1.0,0.5548488,0.63796425,0.47081107,0.47370723,0.5632469,0.27138615,1.0
1447,1.0,0.0,0.0,0.0,0.0,0.0,0.56940776,0.6396392,0.5218116,0.48256418,0.55047476,0.2520231,0.0
1448,1.0,1.0,1.0,1.0,1.0,0.0,0.6653815,0.70312274,0.50807446,0.5183419,0.53758657,0.275268,0.0
1449,1.0,,1.0,1.0,1.0,1.0,0.5749879,0.64708024,0.46787003,0.45715365,0.55829275,0.2622574,0.0
1450,1.0,1.0,1.0,1.0,1.0,1.0,0.5840386,0.62160516,0.46777654,0.48373818,0.5841775,0.25696665,3.0
1451,1.0,1.0,,1.0,1.0,1.0,0.6133711,0.6615117,0.5127776,0.5059986,0.57394063,0.4014094,2.0
1452,0.0,0.0,1.0,0.0,0.0,0.0,0.5873753,0.65654033,0.4903868,0.46896383,0.5695734,0.24999076,2.0
1453,1.0,1.0,0.0,0.0,1.0,0.0,0.59331554,0.63466275,0.42933637,0.44166872,0.51529104,0.24422546,3.0
1454,1.0,1.0,0.0,0.0,1.0,0.0,0.5777205,0.567169,0.3653379,0.4104847,0.5321126,0.2682317,1.0
1455,0.0,0.0,0.0,0.0,0.0,0.0,0.5714933,0.7025273,0.50760233,0.4810282,0.5278191,0.27241248,1.0
1456,1.0,1.0,0.0,0.0,0.0,0.0,0.623436,0.6955499,0.4623718,0.45298338,0.5529911,0.27033925,0.0
1457,0.0,0.0,0.0,0.0,0.0,0.0,0.54202586,0.6061673,0.38825747,0.37902254,0.5403183,0.25745696,0.0
1458,0.0,0.0,0.0,0.0,0.0,0.0,0.53684014,0.63064414,0.45261365,0.46882886,0.49739823,0.24216148,3.0
1459,1.0,1.0,1.0,1.0,1.0,,0.5549074,0.5957302,0.4320536,0.4601963,0.5081038,0.24622527,3.0
1460,0.0,0.0,0.0,0.0,0.0,0.0,0.5943513,0.65610695,0.4519562,0.45431706,0.5272389,0.2658484,0.0
1461,1.0,1.0,1.0,1.0,1.0,,0.6105672,0.6432041,0.4537283,0.44613922,0.54682505,0.26280087,1.0
1462,1.0,1.0,1.0,1.0,1.0,,0.595552,0.68875045,0.5228405,0.51164985,0.5686007,0.24648607,4.0
1463,0.0,0.0,0.0,0.0,0.0,0.0,0.60959864,0.6460996,0.4791538,0.48288482,0.5516012,0.26737976,0.0
1464,1.0,1.0,1.0,1.0,1.0,1.0,0.5961543,0.6302193,0.49017757,0.5005352,0.5313179,0.2577001,0.0
1465,0.0,0.0,1.0,0.0,0.0,0.0,0.60627735,0.61931294,0.47000042,0.44717672,0.52285194,0.26625413,0.0
1466,0.0,1.0,1.0,1.0,1.0,1.0,0.58149326,0.6353207,0.43969584,0.4477427,0.50823295,0.2600063,0.0
1467,0.0,0.0,0.0,0.0,0.0,,0.6071007,0.67413205,0.50820225,0.4737601,0.5872095,0.24726748,2.0
1468,1.0,1.0,0.0,1.0,1.0,0.0,0.58135426,0.64112115,0.4456778,0.4169295,0.54972357,0.27551097,1.0
1469,1.0,1.0,1.0,0.0,1.0,0.0,0.6165553,0.6668648,0.45315754,0.48203945,0.560948,0.26548275,0.0
1470,1.0,1.0,0.0,1.0,1.0,0.0,0.592688,0.63511986,0.44960213,0.45875865,0.54517496,0.24902976,3.0
1471,1.0,1.0,1.0,1.0,1.0,1.0,0.5738234,0.6475194,0.49613172,0.47869775,0.5232711,0.2689112,0.0
1472,0.0,1.0,0.0,1.0,1.0,0.0,0.60843784,0.66709226,0.45108834,0.4708152,0.5372722,0.25103873,3.0
1473,1.0,1.0,1.0,1.0,1.0,0.0,0.5633592,0.6365887,0.37802508,0.4282717,0.5116348,0.26578283,1.0
1474,0.0,0.0,0.0,0.0,0.0,0.0,0.5904637,0.6319042,0.42891443,0.44761598,0.5326235,0.23651211,3.0
1475,1.0,1.0,1.0,0.0,0.0,0.0,0.5662726,0.63533324,0.4855938,0.48815617,0.5431464,0.27068907,1.0
1476,0.0,0.0,0.0,0.0,0.0,0.0,0.57741714,0.66757685,0.48242372,0.4626618,0.5437275,0.27457237,1.0
1477,1.0,1.0,0.0,0.0,1.0,0.0,0.57128304,0.61566204,0.37326974,0.41517162,0.49131808,0.23726374,3.0
1478,0.0,0.0,0.0,0.0,0.0,0.0,0.6074294,0.66378605,0.42102405,0.49840876,0.5524816,0.2517481,4.0
1479,1.0,1.0,1.0,1.0,1.0,1.0,0.60787815,0.6498461,0.4447499,0.48390085,0.5535673,0.25164595,4.0
1480,1.0,1.0,1.0,1.0,1.0,1.0,0.6037205,0.65874016,0.49871477,0.4679072,0.5445837,0.2826027,1.0
1481,1.0,0.0,0.0,0.0,0.0,0.0,0.59792465,0.6444485,0.43873972,0.42541015,0.527579,0.24933824,3.0
1482,0.0,0.0,0.0,0.0,0.0,0.0,0.5787631,0.64532894,0.47795618,0.48450184,0.5336442,0.24534427,4.0
1483,1.0,1.0,1.0,0.0,1.0,0.0,0.56568396,0.62742686,0.529701,0.54711205,0.5060583,0.26882154,0.0
1484,0.0,0.0,0.0,0.0,0.0,0.0,0.6395181,0.67203546,0.5858098,0.6267277,0.56376684,0.26055133,4.0
1485,1.0,1.0,1.0,1.0,1.0,0.0,0.6029156,0.67307013,0.5542983,0.4560622,0.52944136,0.25881743,4.0
1486,1.0,1.0,1.0,1.0,1.0,1.0,0.61935955,0.6555625,0.4982389,0.51072437,0.5138193,0.24234682,0.0
1487,1.0,1.0,0.0,0.0,0.0,0.0,0.6024451,0.65630025,0.49455,0.4887866,0.57297736,0.27502462,2.0
1488,1.0,0.0,0.0,0.0,0.0,0.0,0.5498165,0.63371915,0.44816467,0.48084694,0.49203607,0.25779673,0.0
1489,1.0,1.0,1.0,1.0,1.0,0.0,0.59972423,0.6438709,0.42498475,0.4336845,0.44907948,0.26710564,1.0
1490,1.0,1.0,0.0,1.0,1.0,0.0,0.60276496,0.66779035,0.4050063,0.4421512,0.5477612,0.27508402,1.0
1491,1.0,1.0,1.0,1.0,1.0,,0.5714623,0.6791077,0.51059425,0.4737241,0.55811423,0.27846286,1.0
1492,1.0,0.0,0.0,0.0,0.0,0.0,0.5961585,0.64659226,0.43406993,0.43685573,0.53034693,0.2510141,3.0
1493,1.0,1.0,1.0,1.0,1.0,0.0,0.5865014,0.60715234,0.45026484,0.42345896,0.47352016,0.26675022,1.0
1494,0.0,0.0,0.0,0.0,0.0,0.0,0.5845006,0.627547,0.40771824,0.4059351,0.50369513,0.24565512,3.0
1495,1.0,1.0,0.0,0.0,1.0,,0.5934683,0.65483236,0.42707497,0.45134172,0.53273344,0.24572289,4.0
1496,1.0,1.0,1.0,1.0,1.0,1.0,0.6008916,0.6760874,0.50342345,0.50180817,0.51522255,0.25116214,4.0
1497,0.0,0.0,0.0,0.0,0.0,0.0,0.56549394,0.5891461,0.43234363,0.45077807,0.5268446,0.24970992,3.0
1498,1.0,1.0,1.0,1.0,1.0,1.0,0.5862264,0.65240353,0.4553362,0.480325,0.51557255,0.241247,3.0
1499,0.0,,1.0,1.0,0.0,1.0,0.6051507,0.61804885,0.4223929,0.3987418,0.5212119,0.23295538,0.0
1500,1.0,1.0,1.0,1.0,1.0,1.0,0.5523433,0.6481593,0.44996977,0.4929123,0.4627664,0.26713246,4.0
1501,1.0,1.0,1.0,1.0,1.0,1.0,0.5823311,0.6639346,0.48384818,0.46267366,0.5603838,0.27085575,1.0
1502,0.0,,1.0,0.0,0.0,,0.5746916,0.6726515,0.48946762,0.47138706,0.55433786,0.2782282,1.0
1503,1.0,1.0,0.0,0.0,0.0,,0.6169481,0.6556197,0.48504865,0.45949093,0.576055,0.2451083,2.0
1504,0.0,0.0,0.0,0.0,0.0,,0.58656037,0.6760393,0.46518278,0.46232033,0.52043253,0.26226732,4.0
1505,0.0,0.0,0.0,0.0,0.0,0.0,0.6139726,0.6546903,0.46963924,0.4807297,0.5610404,0.27425903,1.0
1506,1.0,1.0,1.0,1.0,1.0,0.0,0.563153,0.64431363,0.42288142,0.4339873,0.52108616,0.27521828,0.0
1507,0.0,1.0,0.0,0.0,1.0,0.0,0.54467946,0.6088888,0.41281742,0.4075916,0.52730376,0.25266507,3.0
1508,0.0,0.0,0.0,0.0,0.0,0.0,0.5663821,0.65415096,0.47627336,0.468966,0.55967337,0.24425836,2.0
1509,0.0,0.0,1.0,0.0,0.0,0.0,0.57925636,0.63689214,0.42765123,0.43195987,0.55185497,0.25259596,1.0
1510,0.0,1.0,1.0,1.0,0.0,1.0,0.6687738,0.6541525,0.49825442,0.46539956,0.5528212,0.2532973,2.0
1511,1.0,1.0,1.0,1.0,0.0,0.0,0.5972373,0.6572205,0.47190678,0.50324565,0.5709389,0.24645749,3.0
1512,0.0,0.0,0.0,0.0,0.0,0.0,0.5811039,0.66670877,0.43440178,0.44582668,0.53280926,0.2779801,1.0
1513,0.0,0.0,0.0,0.0,0.0,0.0,0.59479827,0.6473808,0.47481978,0.43976292,0.52603674,0.2644702,0.0
1514,0.0,0.0,0.0,0.0,0.0,0.0,0.59884536,0.66025364,0.41853374,0.43739438,0.53106904,0.25928432,0.0
1515,0.0,0.0,0.0,0.0,0.0,0.0,0.5791884,0.6164988,0.55062765,0.4610318,0.508047,0.26581496,4.0
1516,0.0,0.0,0.0,0.0,0.0,0.0,0.52104473,0.6086042,0.44618502,0.42321086,0.52732074,0.24860837,3.0
1517,0.0,0.0,0.0,0.0,0.0,0.0,0.5215252,0.6308986,0.4745768,0.44502345,0.51599216,0.26994723,2.0
1518,1.0,1.0,1.0,1.0,1.0,1.0,0.58789134,0.6560882,0.4694512,0.45072114,0.56919825,0.27259976,1.0
1519,1.0,1.0,1.0,1.0,1.0,1.0,0.56313366,0.66162735,0.40831125,0.45171744,0.52017623,0.26761156,1.0
1520,0.0,0.0,0.0,0.0,0.0,0.0,0.61108,0.6878754,0.45349818,0.47262335,0.584585,0.2575209,4.0
1521,1.0,1.0,0.0,0.0,0.0,0.0,0.5692608,0.6354988,0.45465675,0.4849504,0.55507684,0.26846477,1.0
1522,1.0,1.0,1.0,0.0,1.0,0.0,0.59404737,0.6645821,0.44214994,0.49474627,0.47831258,0.2305574,4.0
1523,1.0,1.0,1.0,1.0,1.0,1.0,0.58387256,0.65615296,0.45697856,0.45305687,0.5612031,0.27557883,1.0
1524,0.0,1.0,1.0,1.0,1.0,1.0,0.53770137,0.6322055,0.46212593,0.455773,0.5249768,0.24142653,3.0
1525,1.0,1.0,1.0,1.0,1.0,1.0,0.61357737,0.6166755,0.46276093,0.48489714,0.542263,0.25086546,3.0
1526,1.0,1.0,1.0,1.0,1.0,0.0,0.5695822,0.64539176,0.3556532,0.4198592,0.5007634,0.20794529,2.0
1527,1.0,1.0,1.0,1.0,1.0,1.0,0.5778807,0.6106936,0.45462558,0.48207802,0.5602051,0.253949,4.0
1528,1.0,1.0,1.0,1.0,1.0,0.0,0.55780834,0.654223,0.40918106,0.48461846,0.53593934,0.25744355,4.0
1529,1.0,1.0,1.0,1.0,0.0,1.0,0.58486485,0.6275039,0.42854327,0.47877303,0.54972804,0.24746612,4.0
1530,1.0,1.0,1.0,1.0,0.0,1.0,0.51655275,0.59882814,0.4681121,0.47605366,0.5332221,0.26636884,2.0
1531,1.0,1.0,1.0,1.0,1.0,0.0,0.62346935,0.65182406,0.47293192,0.45887274,0.57214487,0.24373198,2.0
1532,1.0,1.0,1.0,1.0,1.0,,0.5036304,0.6092082,0.4598358,0.4338203,0.44595003,0.22113377,2.0
1533,1.0,1.0,0.0,1.0,1.0,0.0,0.5589944,0.61983883,0.45299706,0.4790231,0.5344641,0.2542542,4.0
1534,0.0,0.0,0.0,0.0,1.0,0.0,0.60269386,0.6810821,0.4020317,0.45998088,0.4945724,0.23824157,4.0
1535,1.0,1.0,1.0,1.0,1.0,0.0,0.5804356,0.618879,0.47401845,0.4526435,0.51812595,0.25381085,4.0
1536,0.0,0.0,0.0,0.0,0.0,0.0,0.56298167,0.63188714,0.46265712,0.47505468,0.5407778,0.2742686,1.0
1537,1.0,1.0,1.0,1.0,1.0,1.0,0.61532927,0.67370695,0.49284738,0.46162832,0.5282524,0.27431566,1.0
1538,0.0,0.0,0.0,0.0,0.0,0.0,0.65525156,0.6818373,0.5106123,0.5001367,0.59051037,0.32494003,2.0
1539,1.0,1.0,1.0,1.0,1.0,0.0,0.5871003,0.66147083,0.4309284,0.46627063,0.5843605,0.23346804,4.0
1540,0.0,0.0,0.0,0.0,0.0,0.0,0.5755309,0.6346975,0.50392276,0.4567259,0.57239866,0.26965708,1.0
1541,0.0,0.0,0.0,0.0,0.0,0.0,0.6077037,0.6632281,0.48096925,0.46709228,0.5535599,0.23564845,2.0
1542,1.0,1.0,0.0,0.0,1.0,,0.58939815,0.6317039,0.43050694,0.44047713,0.5220145,0.24733025,3.0
1543,1.0,1.0,0.0,1.0,0.0,1.0,0.62218416,0.6674436,0.5244522,0.48526517,0.55949396,0.2761635,0.0
1544,,1.0,1.0,1.0,1.0,1.0,0.5805634,0.64684385,0.5198844,0.49800554,0.559086,0.26337183,0.0
1545,1.0,,0.0,1.0,0.0,,0.60722274,0.66674805,0.503988,0.5020819,0.5788808,0.26580963,2.0
1546,1.0,1.0,1.0,1.0,1.0,1.0,0.5500216,0.64465445,0.48525068,0.4528981,0.4929461,0.2480291,2.0
1547,0.0,0.0,0.0,0.0,0.0,0.0,0.57480973,0.6217815,0.524367,0.5017799,0.54715276,0.27057865,0.0
1548,1.0,1.0,0.0,0.0,1.0,0.0,0.5553703,0.6037251,0.4652223,0.45347765,0.52308303,0.24777947,3.0
1549,0.0,1.0,1.0,1.0,0.0,1.0,0.5051027,0.6139191,0.43581092,0.4728362,0.4971308,0.24917436,3.0
1550,0.0,0.0,0.0,0.0,0.0,0.0,0.6242412,0.6432044,0.48740304,0.5036329,0.60042393,0.43422237,2.0
1551,1.0,1.0,0.0,0.0,0.0,,0.5991926,0.6563696,0.45763394,0.46246296,0.5592034,0.2678806,1.0
1552,1.0,1.0,1.0,1.0,1.0,0.0,0.5670529,0.63711756,0.47869354,0.45228454,0.4819941,0.27735558,1.0
1553,1.0,1.0,0.0,0.0,0.0,0.0,0.5832037,0.6860342,0.52889687,0.5341869,0.5554177,0.26106077,0.0
1554,1.0,1.0,1.0,1.0,1.0,1.0,0.56399417,0.6546377,0.4097548,0.47246477,0.5354143,0.26616648,0.0
1555,0.0,0.0,0.0,0.0,0.0,0.0,0.60962677,0.6397024,0.42643163,0.42588806,0.5273505,0.24945804,3.0
1556,0.0,1.0,0.0,0.0,0.0,0.0,0.53446865,0.6027166,0.4133333,0.41401675,0.51458555,0.24325126,3.0
1557,1.0,1.0,1.0,1.0,1.0,0.0,0.57304424,0.6123402,0.42857197,0.42726088,0.48094764,0.24100569,3.0
1558,1.0,1.0,0.0,0.0,1.0,0.0,0.5367753,0.6047559,0.44028914,0.42119503,0.4775666,0.24499771,3.0
1559,1.0,1.0,0.0,0.0,1.0,0.0,0.5968347,0.64985466,0.4925274,0.4987497,0.5651385,0.32518533,2.0
1560,0.0,1.0,1.0,1.0,1.0,1.0,0.51990783,0.6176382,0.47878882,0.4570529,0.45081306,0.25675425,2.0
1561,0.0,0.0,0.0,0.0,0.0,0.0,0.57817817,0.60935587,0.44004518,0.4467201,0.55111265,0.2687166,1.0
1562,1.0,1.0,1.0,1.0,1.0,0.0,0.55577844,0.6398615,0.46263424,0.45150653,0.513787,0.36267963,3.0
1563,1.0,1.0,0.0,0.0,0.0,0.0,0.7410104,0.7754146,0.4808886,0.48768812,0.53815925,0.27737087,1.0
1564,0.0,0.0,0.0,0.0,0.0,0.0,0.58319384,0.6541552,0.48160246,0.49455538,0.54498535,0.28101376,0.0
1565,0.0,,1.0,1.0,1.0,1.0,0.5831234,0.64852744,0.48437166,0.4744714,0.573271,0.25493777,1.0
1566,1.0,1.0,0.0,1.0,1.0,0.0,0.6235783,0.65079683,0.47656733,0.45446885,0.56086177,0.22995567,2.0
1567,0.0,0.0,0.0,0.0,0.0,,0.58737594,0.64509517,0.472238,0.4640171,0.45870048,0.26530254,2.0
1568,1.0,,1.0,1.0,1.0,1.0,0.61791164,0.67969775,0.4652548,0.46135977,0.54833865,0.2529214,3.0
1569,0.0,0.0,0.0,0.0,0.0,0.0,0.62093604,0.6697397,0.46075705,0.46047232,0.5428501,0.24937901,3.0
1570,0.0,0.0,0.0,0.0,0.0,0.0,0.57775414,0.64066374,0.42083627,0.46027848,0.5005203,0.24238405,4.0
1571,1.0,1.0,0.0,1.0,1.0,0.0,0.59196943,0.6207234,0.45322713,0.44212496,0.5063996,0.2474515,3.0
1572,1.0,1.0,1.0,0.0,1.0,0.0,0.59423155,0.66065603,0.46038598,0.49608234,0.5173203,0.25067863,3.0
1573,0.0,0.0,0.0,0.0,0.0,0.0,0.581046,0.65211433,0.4987133,0.46577013,0.55132246,0.25939494,1.0
1574,0.0,0.0,0.0,0.0,0.0,0.0,0.5745792,0.62607044,0.43982404,0.42158976,0.542851,0.2740625,1.0
1575,1.0,1.0,1.0,1.0,1.0,0.0,0.59941506,0.66504014,0.4693728,0.48361778,0.57037055,0.25218853,0.0
1576,0.0,1.0,1.0,1.0,1.0,0.0,0.57092845,0.6527785,0.47513157,0.4691326,0.5275774,0.27562442,2.0
1577,1.0,1.0,0.0,1.0,1.0,0.0,0.5229639,0.6180924,0.46350867,0.452624,0.4673217,0.24658611,2.0
1578,1.0,1.0,0.0,0.0,1.0,0.0,0.6099987,0.66980034,0.52532023,0.49385023,0.5214659,0.26651472,0.0
1579,,1.0,0.0,1.0,1.0,0.0,0.6000442,0.6405177,0.57427704,0.48973542,0.51701105,0.26382837,4.0
1580,1.0,1.0,0.0,1.0,1.0,0.0,0.6027159,0.617904,0.44845974,0.49877465,0.5875128,0.2417839,3.0
1581,1.0,1.0,0.0,0.0,0.0,0.0,0.60773295,0.6507883,0.48440397,0.47719863,0.5746046,0.24708939,2.0
1582,0.0,1.0,1.0,1.0,1.0,1.0,0.579644,0.7095919,0.49943343,0.47640562,0.57296026,0.27421263,1.0
1583,1.0,1.0,1.0,1.0,1.0,,0.5321131,0.64686954,0.46587288,0.45758757,0.4424211,0.277978,2.0
1584,1.0,,1.0,0.0,1.0,1.0,0.493653,0.6066064,0.46761513,0.44401455,0.48219576,0.25528014,3.0
1585,0.0,0.0,0.0,0.0,1.0,0.0,0.5824432,0.6502733,0.4651026,0.47149923,0.5496597,0.25454196,4.0
1586,1.0,1.0,1.0,1.0,1.0,1.0,0.60716337,0.6378894,0.45567828,0.4765938,0.5570516,0.25248936,3.0
1587,1.0,1.0,1.0,1.0,1.0,0.0,0.5535077,0.6483469,0.49405864,0.45876127,0.44135982,0.27456588,2.0
1588,0.0,0.0,0.0,0.0,0.0,0.0,0.5590282,0.63286436,0.4738028,0.44809282,0.5188833,0.2403929,2.0
1589,1.0,1.0,0.0,0.0,1.0,0.0,0.597612,0.6660522,0.46248347,0.4842341,0.5862794,0.2606404,4.0
1590,1.0,1.0,1.0,1.0,1.0,0.0,0.61184007,0.65580064,0.42612398,0.44529513,0.50877494,0.24796863,3.0
1591,1.0,1.0,1.0,1.0,1.0,1.0,0.6026736,0.6386651,0.47034413,0.48501548,0.55099225,0.24924493,3.0
1592,1.0,1.0,1.0,1.0,1.0,0.0,0.631262,0.63877964,0.49709433,0.5142983,0.59543574,0.2548145,0.0
1593,1.0,1.0,1.0,1.0,1.0,1.0,0.57702833,0.6314938,0.47584867,0.45735854,0.5252662,0.26699093,0.0
1594,1.0,1.0,0.0,0.0,1.0,,0.5966689,0.6591697,0.4380384,0.398915,0.5321634,0.26794365,0.0
1595,1.0,1.0,0.0,0.0,0.0,,0.60820645,0.672433,0.46276754,0.4553947,0.541383,0.2563987,4.0
1596,1.0,1.0,0.0,0.0,0.0,,0.5980832,0.65810126,0.49872553,0.48676205,0.5536209,0.24527851,2.0
1597,1.0,1.0,1.0,1.0,1.0,1.0,0.6038601,0.66566265,0.5219642,0.430525,0.55562913,0.25231457,4.0
1598,1.0,1.0,1.0,1.0,1.0,1.0,0.58640724,0.64177537,0.46766645,0.47791147,0.54326254,0.27265158,1.0
1599,1.0,1.0,1.0,1.0,1.0,0.0,0.60146356,0.6202968,0.44933352,0.43403688,0.54014325,0.24996004,0.0
1600,0.0,0.0,0.0,0.0,0.0,0.0,0.60652775,0.6490935,0.44977516,0.48274696,0.5509359,0.2501694,3.0
1601,1.0,1.0,0.0,0.0,0.0,0.0,0.5861526,0.6468622,0.49791956,0.4866178,0.5556603,0.276511,2.0
1602,1.0,1.0,0.0,0.0,1.0,0.0,0.58568954,0.6271515,0.42669463,0.46433416,0.53475535,0.23891523,0.0
1603,0.0,0.0,0.0,0.0,0.0,0.0,0.5886855,0.6717762,0.5036651,0.50900567,0.5425145,0.25567383,4.0
1604,1.0,1.0,1.0,1.0,1.0,1.0,0.59007746,0.6349293,0.4288985,0.43341187,0.5358267,0.2523606,0.0
1605,1.0,1.0,1.0,1.0,1.0,1.0,0.54975575,0.6252154,0.43712193,0.43738374,0.5354053,0.2679885,1.0
1606,0.0,1.0,1.0,1.0,1.0,1.0,0.583748,0.6290325,0.42469403,0.43840557,0.50357264,0.24711713,3.0
1607,1.0,1.0,0.0,0.0,1.0,0.0,0.5720977,0.6417461,0.4842887,0.47635528,0.5421593,0.2619388,2.0
1608,1.0,1.0,0.0,0.0,0.0,0.0,0.5587399,0.6473988,0.502102,0.43191397,0.53804934,0.27578723,1.0
1609,0.0,0.0,0.0,1.0,0.0,1.0,0.6000876,0.6637497,0.4158677,0.39495167,0.5415955,0.25617766,0.0
1610,1.0,1.0,1.0,1.0,1.0,1.0,0.515402,0.5886125,0.45474237,0.45712966,0.48888952,0.2447982,3.0
1611,1.0,1.0,0.0,0.0,0.0,0.0,0.61325973,0.6510863,0.42828292,0.45820138,0.5316304,0.25802985,0.0
1612,1.0,1.0,0.0,0.0,1.0,0.0,0.5811458,0.6265797,0.43804422,0.41563183,0.48984978,0.24390166,3.0
1613,1.0,1.0,1.0,1.0,1.0,0.0,0.5832418,0.6283119,0.47233886,0.4637489,0.50236046,0.33609807,2.0
1614,0.0,1.0,1.0,1.0,1.0,0.0,0.5753006,0.596631,0.4538813,0.46158662,0.56955385,0.27391097,1.0
1615,1.0,1.0,0.0,0.0,0.0,0.0,0.60960066,0.66734576,0.44338688,0.43985662,0.50454664,0.23293176,3.0
1616,1.0,1.0,0.0,0.0,0.0,0.0,0.56842357,0.653516,0.48599106,0.45813388,0.5411327,0.24029449,2.0
1617,1.0,1.0,0.0,0.0,0.0,0.0,0.5794281,0.6369802,0.48926032,0.46260765,0.5909547,0.2760378,2.0
1618,1.0,1.0,1.0,1.0,1.0,0.0,0.5757477,0.6514499,0.47467324,0.46079502,0.5223229,0.27166665,1.0
1619,0.0,0.0,0.0,0.0,0.0,0.0,0.5684979,0.63850707,0.44641757,0.432753,0.48700476,0.24031806,3.0
1620,1.0,1.0,0.0,0.0,1.0,0.0,0.6002209,0.652273,0.4813437,0.46207675,0.5547694,0.30058703,2.0
1621,0.0,0.0,0.0,0.0,0.0,0.0,0.5906172,0.64688677,0.45416474,0.46932384,0.5597797,0.2666811,1.0
1622,1.0,1.0,1.0,1.0,1.0,0.0,0.6135042,0.6887975,0.5402165,0.5892335,0.57068795,0.28757027,0.0
1623,0.0,0.0,1.0,0.0,0.0,0.0,0.59465957,0.6498736,0.48475945,0.4903675,0.559754,0.26175427,2.0
1624,0.0,0.0,1.0,0.0,0.0,0.0,0.5845275,0.6469668,0.46133408,0.49322313,0.5248899,0.23994254,3.0
1625,0.0,1.0,1.0,1.0,0.0,1.0,0.5716133,0.6354113,0.56766033,0.5919735,0.5142049,0.30878103,0.0
1626,1.0,,1.0,1.0,0.0,1.0,0.52341306,0.5680735,0.40586367,0.43023163,0.5050977,0.22285181,0.0
1627,1.0,1.0,1.0,1.0,0.0,0.0,0.55741614,0.63170713,0.44924992,0.45868173,0.48095793,0.24946555,3.0
1628,1.0,1.0,0.0,0.0,1.0,,0.5768633,0.6399756,0.47820818,0.46789113,0.56197876,0.24286744,2.0
1629,0.0,0.0,0.0,0.0,0.0,0.0,0.60955626,0.6536078,0.46803334,0.45598087,0.5346266,0.2724383,0.0
1630,0.0,1.0,1.0,1.0,0.0,1.0,0.5653967,0.6077722,0.39194065,0.38725713,0.49952042,0.22782984,1.0
1631,1.0,1.0,1.0,1.0,1.0,0.0,0.5923693,0.6760604,0.4609298,0.47561324,0.5751135,0.2538644,4.0
1632,0.0,0.0,0.0,0.0,0.0,0.0,0.61212355,0.67378443,0.4756921,0.49680653,0.55978936,0.25362733,4.0
1633,1.0,1.0,1.0,1.0,0.0,,0.57137495,0.667317,0.4454211,0.45667398,0.5156033,0.22965214,4.0
1634,0.0,1.0,1.0,1.0,1.0,,0.5872412,0.6566265,0.54581666,0.45400357,0.5344896,0.25823554,4.0
1635,1.0,1.0,0.0,0.0,0.0,,0.5029557,0.5984184,0.44844615,0.45684487,0.49829954,0.25515595,3.0
1636,1.0,,1.0,1.0,1.0,0.0,0.6004215,0.6570799,0.52901924,0.4944471,0.53356844,0.25970906,4.0
1637,1.0,1.0,1.0,1.0,1.0,0.0,0.55310893,0.62499833,0.47646883,0.465702,0.5688231,0.2699385,1.0
1638,1.0,1.0,1.0,0.0,0.0,0.0,0.6139462,0.6832158,0.47754607,0.48818493,0.5689659,0.25654674,4.0
1639,0.0,0.0,0.0,0.0,0.0,0.0,0.61841244,0.6912512,0.48698106,0.48289177,0.53739524,0.27203304,0.0
1640,1.0,1.0,1.0,0.0,1.0,0.0,0.6200357,0.65927225,0.44416887,0.46022645,0.5370703,0.22978266,3.0
1641,0.0,0.0,0.0,0.0,1.0,0.0,0.6341638,0.6715841,0.5035037,0.4976201,0.6091839,0.27726,2.0
1642,1.0,1.0,1.0,1.0,1.0,1.0,0.5745237,0.6742223,0.5030952,0.48286176,0.55287236,0.27639854,1.0
1643,0.0,0.0,0.0,0.0,0.0,0.0,0.57935864,0.6625961,0.47044265,0.4909823,0.54468495,0.272004,4.0
1644,1.0,1.0,1.0,0.0,1.0,0.0,0.5837408,0.6566243,0.44318345,0.4467898,0.5320463,0.27480885,1.0
1645,1.0,1.0,1.0,1.0,1.0,1.0,0.5426546,0.60102475,0.44362196,0.42389184,0.4977688,0.23741321,3.0
1646,1.0,1.0,0.0,0.0,1.0,0.0,0.6204084,0.67613685,0.51884955,0.5202599,0.55652964,0.27779806,0.0
1647,1.0,,0.0,0.0,1.0,0.0,0.5741788,0.66097766,0.45678857,0.4663838,0.50255936,0.2609558,1.0
1648,1.0,1.0,0.0,0.0,0.0,0.0,0.6143753,0.68576515,0.47106758,0.47449934,0.5823226,0.247539,4.0
1649,1.0,1.0,0.0,0.0,0.0,,0.5848359,0.6085167,0.4783126,0.4650537,0.535374,0.27913725,1.0
1650,0.0,0.0,0.0,0.0,0.0,0.0,0.6206522,0.6431546,0.49864468,0.47576666,0.5817256,0.2641262,2.0
1651,1.0,1.0,1.0,1.0,1.0,1.0,0.5325688,0.6280345,0.43258667,0.46785992,0.513192,0.25952402,1.0
1652,1.0,1.0,1.0,1.0,1.0,1.0,0.5962401,0.6492624,0.49649417,0.51838356,0.53868824,0.2568163,0.0
1653,0.0,0.0,0.0,0.0,0.0,0.0,0.57298964,0.6702054,0.46898413,0.4677641,0.579674,0.2692976,1.0
1654,1.0,1.0,1.0,1.0,1.0,1.0,0.5640045,0.6701985,0.48515677,0.46168914,0.56665283,0.275158,1.0
1655,0.0,0.0,0.0,0.0,0.0,,0.5816197,0.63899153,0.47938746,0.48671854,0.5364178,0.25792548,0.0
1656,0.0,0.0,0.0,0.0,0.0,0.0,0.59739727,0.6629661,0.48629922,0.5017047,0.5360437,0.2675969,0.0
1657,0.0,0.0,,,,,0.56583065,0.59819424,0.4633314,0.45610863,0.55592,0.2778789,1.0
1658,1.0,1.0,1.0,1.0,1.0,,0.5843406,0.65137905,0.47957528,0.4771637,0.5612604,0.24155727,2.0
1659,,1.0,,1.0,,,0.62145007,0.6544625,0.49344558,0.4781192,0.5217052,0.25843334,2.0
1660,0.0,0.0,0.0,0.0,0.0,0.0,0.54391843,0.66399187,0.49975953,0.4614494,0.4970069,0.27882677,1.0
1661,0.0,0.0,0.0,0.0,0.0,0.0,0.5880516,0.6443473,0.46609557,0.4728969,0.548164,0.25370556,4.0
1662,0.0,0.0,0.0,0.0,0.0,,0.5680604,0.60614794,0.46868747,0.4915197,0.5542901,0.26402,4.0
1663,1.0,1.0,1.0,1.0,1.0,1.0,0.5836815,0.6291606,0.5172126,0.46617997,0.5000199,0.24462028,4.0
1664,1.0,1.0,1.0,1.0,1.0,1.0,0.57815015,0.617251,0.43044597,0.45221484,0.52212524,0.24636702,3.0
1665,0.0,0.0,0.0,0.0,1.0,0.0,0.59257984,0.68592685,0.47425097,0.45480174,0.5204754,0.26808304,0.0
1666,0.0,0.0,0.0,0.0,0.0,0.0,0.58287036,0.6346514,0.46092126,0.46820945,0.5127271,0.23455137,3.0
1667,1.0,1.0,1.0,0.0,1.0,,0.64781326,0.6662621,0.4752008,0.49404943,0.5476173,0.268934,0.0
1668,1.0,1.0,0.0,0.0,0.0,0.0,0.58134425,0.639614,0.42603266,0.4831403,0.5278608,0.23727451,3.0
1669,1.0,1.0,1.0,1.0,1.0,1.0,0.5998596,0.6542264,0.42396006,0.4715621,0.51469505,0.24322523,3.0
1670,0.0,0.0,0.0,0.0,0.0,0.0,0.5870681,0.65467,0.4543783,0.47404078,0.55033696,0.27523452,0.0
1671,1.0,1.0,1.0,1.0,1.0,0.0,0.6201352,0.68451774,0.49017262,0.46982697,0.54910564,0.27379227,0.0
1672,1.0,1.0,1.0,1.0,1.0,1.0,0.57641345,0.6480205,0.4940306,0.46143183,0.5519729,0.2589221,1.0
1673,1.0,1.0,1.0,0.0,0.0,0.0,0.5214836,0.6178782,0.4694652,0.4782012,0.50427854,0.24820201,3.0
1674,,1.0,,,,,0.61716473,0.6646042,0.43735638,0.45916456,0.5085965,0.24939117,3.0
1675,0.0,0.0,0.0,0.0,0.0,,0.56126636,0.6106688,0.43347722,0.45543295,0.5019775,0.24948551,4.0
1676,1.0,1.0,1.0,0.0,1.0,,0.596531,0.67077905,0.49031758,0.47868773,0.54720825,0.27429903,1.0
1677,1.0,1.0,1.0,1.0,1.0,0.0,0.6413924,0.6822647,0.4807307,0.46044213,0.5763641,0.2711963,0.0
1678,1.0,1.0,1.0,0.0,0.0,0.0,0.5824327,0.6076396,0.39192697,0.44087923,0.49906373,0.24279189,4.0
1679,,1.0,,0.0,,,0.6362173,0.64941484,0.50522435,0.52151257,0.5265174,0.2674753,0.0
1680,0.0,0.0,0.0,0.0,0.0,0.0,0.5546395,0.59726024,0.42056927,0.42318073,0.5295792,0.26723915,1.0
1681,1.0,1.0,0.0,0.0,1.0,0.0,0.608178,0.6915257,0.516656,0.49998492,0.5438537,0.2863604,0.0
1682,,1.0,0.0,0.0,0.0,0.0,0.60793734,0.6684023,0.47755057,0.4989838,0.4638046,0.2491706,4.0
1683,0.0,1.0,1.0,1.0,1.0,,0.59442866,0.6740311,0.49743322,0.45983568,0.55499744,0.24367847,2.0
1684,0.0,0.0,0.0,0.0,0.0,0.0,0.59335405,0.64912575,0.4717911,0.4498204,0.5357051,0.26290548,0.0
1685,0.0,0.0,0.0,0.0,0.0,0.0,0.6419845,0.69772017,0.57247514,0.61882305,0.6008435,0.26629835,4.0
1686,1.0,0.0,0.0,0.0,0.0,0.0,0.5786805,0.6310494,0.4192327,0.4542111,0.5445422,0.25272942,4.0
1687,0.0,0.0,0.0,0.0,0.0,0.0,0.47897393,0.60058945,0.45176336,0.43007654,0.49826637,0.23816256,3.0
1688,1.0,1.0,1.0,1.0,1.0,1.0,0.5736118,0.62139034,0.4755885,0.46473524,0.4969666,0.2538865,4.0
1689,0.0,0.0,1.0,1.0,0.0,1.0,0.5963069,0.66240185,0.49069008,0.5036764,0.54306775,0.2756383,0.0
1690,1.0,1.0,0.0,1.0,1.0,0.0,0.5806885,0.64828557,0.4845046,0.4810197,0.5203916,0.23980391,2.0
1691,1.0,1.0,0.0,0.0,1.0,0.0,0.59453,0.64116865,0.4633282,0.45973027,0.5392614,0.26463163,0.0
1692,0.0,0.0,0.0,0.0,0.0,0.0,0.5915327,0.64989454,0.40662867,0.461529,0.51380014,0.25920892,0.0
1693,1.0,1.0,1.0,1.0,1.0,1.0,0.6111305,0.70752776,0.57216376,0.4973076,0.6022171,0.26122612,4.0
1694,1.0,0.0,0.0,0.0,1.0,,0.6188346,0.6193585,0.48542383,0.48341948,0.5473158,0.23069583,2.0
1695,0.0,0.0,0.0,1.0,1.0,0.0,0.5811453,0.6254087,0.4079663,0.43454874,0.5029986,0.24498695,4.0
1696,1.0,1.0,1.0,1.0,1.0,0.0,0.58507156,0.66961026,0.42417413,0.43375382,0.5666399,0.25834787,4.0
1697,1.0,1.0,1.0,1.0,1.0,0.0,0.57879645,0.6359091,0.46051782,0.44210777,0.50689626,0.36689514,2.0
1698,1.0,,1.0,1.0,1.0,1.0,0.58117354,0.63668174,0.45254016,0.48336264,0.50073767,0.24100232,4.0
1699,1.0,1.0,0.0,0.0,1.0,0.0,0.596436,0.65670806,0.47203928,0.4368564,0.5101892,0.24512331,3.0
1700,0.0,0.0,0.0,0.0,0.0,0.0,0.60158426,0.680252,0.3991137,0.45562223,0.5253236,0.23946989,4.0
1701,1.0,1.0,0.0,0.0,0.0,,0.5769815,0.64015275,0.4550869,0.44899073,0.5257334,0.26673913,1.0
1702,0.0,0.0,0.0,0.0,0.0,0.0,0.60044295,0.6617162,0.4806155,0.4780275,0.56731176,0.25071675,2.0
1703,0.0,0.0,0.0,0.0,0.0,0.0,0.5899027,0.6508139,0.47203273,0.46551794,0.5580213,0.24091667,2.0
1704,,1.0,1.0,1.0,1.0,1.0,0.5441121,0.57409996,0.42641634,0.44008097,0.48569566,0.24855097,4.0
1705,0.0,0.0,0.0,0.0,0.0,0.0,0.60688686,0.6842854,0.48888543,0.4922352,0.5419413,0.26685968,4.0
1706,1.0,1.0,1.0,1.0,1.0,,0.5816011,0.6175223,0.44738984,0.46771854,0.5350891,0.23502004,3.0
1707,0.0,0.0,0.0,0.0,0.0,0.0,0.5644448,0.64604163,0.42096588,0.48938185,0.5168067,0.25496566,4.0
1708,1.0,1.0,1.0,1.0,1.0,1.0,0.61257356,0.6670096,0.50414145,0.48207593,0.5732821,0.2505143,2.0
1709,1.0,1.0,1.0,1.0,1.0,0.0,0.604708,0.6423682,0.47739393,0.48478925,0.49004537,0.25147045,2.0
1710,1.0,1.0,1.0,1.0,1.0,1.0,0.5613002,0.6547292,0.45626062,0.44823605,0.5124067,0.26487458,0.0
1711,1.0,1.0,1.0,1.0,1.0,0.0,0.59975296,0.66843396,0.4262404,0.43525168,0.55386543,0.28190646,1.0
1712,1.0,1.0,1.0,1.0,1.0,0.0,0.550033,0.5905888,0.43393865,0.40615425,0.4605714,0.23994912,3.0
1713,1.0,1.0,1.0,1.0,1.0,0.0,0.64454204,0.68862945,0.45447218,0.48705572,0.5642654,0.23390062,3.0
1714,1.0,1.0,1.0,1.0,1.0,1.0,0.63412946,0.6933235,0.554859,0.52264535,0.5562489,0.27771473,0.0
1715,1.0,1.0,0.0,0.0,1.0,0.0,0.5854928,0.64547724,0.42909655,0.44181615,0.5424316,0.25095606,4.0
1716,0.0,0.0,0.0,0.0,0.0,0.0,0.59617174,0.6463467,0.45632362,0.47177294,0.5257663,0.25448,0.0
1717,0.0,0.0,0.0,0.0,0.0,,0.57418156,0.63316274,0.45741048,0.46555132,0.52999455,0.24604976,3.0
1718,0.0,0.0,0.0,0.0,0.0,0.0,0.64923036,0.65470976,0.50066686,0.48729673,0.596858,0.38092032,2.0
1719,0.0,0.0,1.0,1.0,1.0,1.0,0.5866627,0.6126236,0.46087325,0.42947593,0.5320925,0.23881838,3.0
1720,1.0,1.0,1.0,1.0,1.0,,0.5821831,0.6229485,0.44583318,0.4651601,0.5218633,0.2502008,3.0
1721,0.0,0.0,1.0,1.0,0.0,1.0,0.5675639,0.60360014,0.41739452,0.4727568,0.5226233,0.25466985,4.0
1722,0.0,,0.0,0.0,0.0,0.0,0.55495334,0.5960643,0.41016573,0.46154428,0.490403,0.24981013,4.0
1723,1.0,1.0,0.0,0.0,0.0,,0.5870472,0.6536987,0.4688893,0.48192635,0.55181074,0.2667576,1.0
1724,0.0,0.0,0.0,0.0,0.0,0.0,0.62188154,0.6553764,0.50670713,0.49500787,0.5300023,0.25873962,0.0
1725,1.0,1.0,1.0,1.0,1.0,1.0,0.5470957,0.5966609,0.4433981,0.43699053,0.5167392,0.23744173,3.0
1726,1.0,1.0,1.0,1.0,1.0,1.0,0.5612944,0.60701114,0.41312957,0.41840124,0.5386208,0.25250676,1.0
1727,0.0,0.0,0.0,1.0,0.0,0.0,0.5837281,0.65981966,0.46078196,0.50069046,0.54994273,0.24745509,3.0
1728,0.0,0.0,0.0,0.0,0.0,0.0,0.5805321,0.62159187,0.4385128,0.4426064,0.5475225,0.2678859,1.0
1729,0.0,1.0,1.0,1.0,0.0,1.0,0.583277,0.64162743,0.41506273,0.47620818,0.47653425,0.24043162,4.0
1730,0.0,0.0,0.0,0.0,0.0,0.0,0.5745895,0.6530993,0.48012608,0.44995382,0.5521212,0.27389055,1.0
1731,0.0,0.0,0.0,0.0,0.0,0.0,0.61213267,0.6606004,0.4864578,0.47716734,0.57466996,0.25906125,2.0
1732,0.0,0.0,0.0,0.0,0.0,0.0,0.5947169,0.66184163,0.46709344,0.45333937,0.5221516,0.24444601,2.0
1733,1.0,1.0,1.0,1.0,1.0,,0.5894135,0.60727334,0.3994476,0.45017368,0.4964168,0.2445241,4.0
1734,1.0,1.0,1.0,1.0,1.0,1.0,0.5829201,0.66747105,0.549455,0.47769937,0.5602424,0.26412132,4.0
1735,1.0,1.0,1.0,1.0,1.0,1.0,0.6187334,0.64439136,0.4789375,0.47331384,0.5705128,0.27635464,2.0
1736,1.0,,1.0,1.0,1.0,0.0,0.5517416,0.6340786,0.47534508,0.45811665,0.5280046,0.2689517,2.0
1737,0.0,0.0,0.0,1.0,0.0,0.0,0.57456267,0.58889854,0.44262093,0.4356597,0.49896583,0.2512746,0.0
1738,0.0,1.0,1.0,1.0,0.0,1.0,0.643708,0.6609057,0.46753863,0.44277877,0.56536037,0.21577862,2.0
1739,1.0,1.0,0.0,0.0,1.0,0.0,0.5811977,0.64602184,0.45732906,0.4541251,0.5320053,0.25288865,3.0
1740,1.0,0.0,0.0,0.0,0.0,0.0,0.57615435,0.668925,0.5017122,0.49142998,0.5784496,0.29409543,2.0
1741,1.0,1.0,0.0,0.0,1.0,0.0,0.6585736,0.6614434,0.49252215,0.46261105,0.5982167,0.28713104,2.0
1742,1.0,1.0,1.0,0.0,0.0,1.0,0.5879744,0.66164374,0.48306665,0.45481205,0.5340419,0.26824176,0.0
1743,1.0,1.0,1.0,1.0,1.0,,0.5827371,0.65949553,0.47332007,0.48585325,0.5657318,0.20402786,4.0
1744,1.0,1.0,1.0,1.0,1.0,,0.5971166,0.6156714,0.42392427,0.47024384,0.5291451,0.23875026,3.0
1745,1.0,1.0,1.0,1.0,1.0,,0.6140224,0.6669666,0.5037366,0.49628666,0.5177,0.26705495,0.0
1746,1.0,1.0,1.0,1.0,1.0,,0.6134741,0.6838094,0.4955743,0.5050607,0.5587734,0.26584733,0.0
1747,1.0,1.0,1.0,1.0,1.0,,0.59987515,0.6658906,0.45549107,0.49271333,0.5251889,0.25413436,0.0
1748,0.0,1.0,1.0,1.0,1.0,1.0,0.5663546,0.6390114,0.4310571,0.41869742,0.51718616,0.25626677,0.0
1749,1.0,1.0,1.0,1.0,1.0,1.0,0.60178757,0.6448269,0.4537239,0.4471103,0.55086064,0.241858,3.0
1750,1.0,1.0,1.0,1.0,1.0,1.0,0.60026324,0.65518343,0.49058694,0.45813504,0.49451166,0.2631108,2.0
1751,1.0,1.0,0.0,0.0,1.0,0.0,0.61740357,0.6927875,0.49929085,0.46995386,0.59121454,0.26135772,4.0
1752,1.0,1.0,1.0,0.0,1.0,0.0,0.6155834,0.656957,0.47022796,0.46415606,0.53314334,0.27576384,1.0
1753,1.0,1.0,0.0,0.0,1.0,1.0,0.5748255,0.62045485,0.4433738,0.46156213,0.5469002,0.2480398,3.0
1754,1.0,1.0,1.0,1.0,1.0,,0.59118724,0.67863476,0.49942285,0.450284,0.3269335,0.27021503,1.0
1755,,0.0,,,,,0.5907733,0.6351081,0.45034224,0.4198625,0.5357229,0.2521553,3.0
1756,0.0,0.0,0.0,0.0,0.0,0.0,0.61094016,0.6716446,0.45996946,0.4655155,0.5405663,0.2720124,0.0
1757,,1.0,1.0,1.0,1.0,1.0,0.5982933,0.70595026,0.5192547,0.482646,0.54973865,0.24925934,4.0
1758,1.0,,1.0,1.0,1.0,1.0,0.6149241,0.6993841,0.45805195,0.45451427,0.59781486,0.22878662,4.0
1759,1.0,1.0,0.0,0.0,0.0,0.0,0.6288294,0.68826205,0.48423612,0.49449039,0.5836566,0.2494958,4.0
1760,1.0,1.0,0.0,1.0,1.0,,0.58255625,0.64006877,0.43211323,0.43254232,0.52028215,0.24179135,3.0
1761,0.0,1.0,0.0,1.0,1.0,0.0,0.55454624,0.6225392,0.45024082,0.42123082,0.5119103,0.24058722,3.0
1762,0.0,0.0,0.0,0.0,0.0,0.0,0.6141579,0.6428706,0.48841444,0.46461123,0.5600214,0.29303306,2.0
1763,1.0,1.0,1.0,1.0,1.0,1.0,0.6101506,0.6359617,0.4462635,0.45385614,0.54329526,0.26614654,0.0
1764,1.0,1.0,1.0,1.0,1.0,1.0,0.5961124,0.6572128,0.4452073,0.44052827,0.5405921,0.26884082,1.0
1765,1.0,1.0,0.0,0.0,1.0,0.0,0.55225366,0.63675845,0.48946685,0.4571581,0.5010519,0.23867585,2.0
1766,0.0,0.0,0.0,0.0,0.0,0.0,0.5649629,0.6548737,0.49090642,0.45700103,0.5409116,0.2592234,1.0
1767,1.0,1.0,0.0,0.0,0.0,0.0,0.6111408,0.60616016,0.4522798,0.47115505,0.57448274,0.2523167,3.0
1768,0.0,1.0,1.0,1.0,1.0,,0.5662379,0.60173583,0.4064788,0.4706788,0.5362777,0.24089795,4.0
1769,,1.0,1.0,1.0,1.0,0.0,0.62545836,0.6647867,0.48179638,0.46113145,0.55335116,0.2637406,2.0
1770,1.0,1.0,1.0,1.0,1.0,1.0,0.5307737,0.5896904,0.45429498,0.45003527,0.50735074,0.23839529,3.0
1771,0.0,0.0,0.0,0.0,0.0,0.0,0.60850865,0.65004563,0.48381126,0.49124107,0.58050406,0.29565626,2.0
1772,1.0,1.0,1.0,1.0,1.0,1.0,0.57855827,0.5943485,0.4430544,0.4540611,0.5059637,0.27820015,1.0
1773,1.0,1.0,0.0,1.0,0.0,,0.6304954,0.6669537,0.4721958,0.4476849,0.55050117,0.27295184,0.0
1774,0.0,0.0,1.0,1.0,0.0,0.0,0.61058104,0.6918972,0.52381164,0.5392624,0.5187374,0.26413944,0.0
1775,1.0,,1.0,1.0,1.0,1.0,0.61652756,0.63773996,0.44231153,0.4445075,0.50538546,0.25819468,1.0
1776,1.0,1.0,0.0,0.0,1.0,0.0,0.52895665,0.63880575,0.4402898,0.46174598,0.5095386,0.2429689,3.0
1777,0.0,0.0,0.0,0.0,0.0,0.0,0.60534376,0.6343087,0.48780775,0.47617942,0.52703166,0.26891452,0.0
1778,1.0,,0.0,0.0,0.0,0.0,0.63670003,0.67858845,0.47251335,0.43427247,0.57537335,0.22183962,0.0
1779,1.0,1.0,0.0,0.0,1.0,0.0,0.5817237,0.6311305,0.4630396,0.44981748,0.53783643,0.24245009,3.0
1780,0.0,0.0,0.0,0.0,0.0,0.0,0.5757155,0.64445657,0.49273282,0.4553058,0.50951207,0.27255,0.0
1781,0.0,0.0,0.0,0.0,0.0,0.0,0.59561443,0.6542822,0.40461993,0.34494573,0.51261854,0.26910064,0.0
1782,0.0,1.0,1.0,1.0,0.0,0.0,0.56695724,0.63371,0.43245745,0.44439518,0.4954099,0.24009627,3.0
1783,0.0,0.0,0.0,0.0,0.0,0.0,0.56570846,0.6267895,0.4415505,0.45124707,0.5523487,0.2691637,1.0
1784,0.0,0.0,0.0,0.0,0.0,0.0,0.63797945,0.67172945,0.50266504,0.4960039,0.58084536,0.27161515,2.0
1785,0.0,1.0,1.0,1.0,0.0,1.0,0.6557275,0.67119,0.52572805,0.50084877,0.59901065,0.28878176,2.0
1786,0.0,0.0,1.0,1.0,0.0,,0.5714637,0.67944694,0.49292737,0.47235277,0.54825467,0.27802852,1.0
1787,0.0,0.0,0.0,0.0,0.0,0.0,0.57929873,0.6094813,0.40572047,0.45692843,0.51725596,0.24535626,4.0
1788,1.0,1.0,1.0,1.0,1.0,0.0,0.5984055,0.66147023,0.49195534,0.47635892,0.5519748,0.27675292,0.0
1789,1.0,1.0,1.0,1.0,1.0,0.0,0.6164005,0.6838172,0.46861142,0.47315064,0.56961334,0.24487121,0.0
1790,0.0,0.0,0.0,0.0,0.0,0.0,0.5889488,0.65800124,0.42610416,0.4588532,0.5207752,0.27331835,1.0
1791,0.0,0.0,0.0,0.0,0.0,0.0,0.5897548,0.62209404,0.4498409,0.4795857,0.53793496,0.2696075,4.0
1792,1.0,1.0,0.0,0.0,0.0,0.0,0.58608496,0.65184623,0.48104993,0.48298076,0.5279907,0.28730333,2.0
1793,1.0,1.0,0.0,0.0,0.0,0.0,0.5931941,0.6546796,0.46384263,0.48700666,0.48899347,0.26137918,0.0
1794,1.0,1.0,1.0,1.0,1.0,0.0,0.5805082,0.6357475,0.4356405,0.44814122,0.49018922,0.23824668,4.0
1795,1.0,1.0,1.0,1.0,1.0,,0.5885236,0.6750014,0.36379522,0.37457615,0.5260288,0.25192985,0.0
1796,1.0,1.0,1.0,0.0,0.0,,0.607882,0.66707355,0.41210964,0.4515342,0.49175054,0.24158886,4.0
1797,0.0,0.0,0.0,0.0,0.0,,0.59289414,0.66529995,0.46823433,0.47414613,0.5557134,0.27037102,0.0
1798,1.0,,1.0,1.0,1.0,1.0,0.5967471,0.6824466,0.51277363,0.512858,0.5630792,0.26375532,1.0
1799,1.0,1.0,1.0,1.0,1.0,1.0,0.61416423,0.7090853,0.48809057,0.46057808,0.5854311,0.257262,4.0
1800,1.0,1.0,1.0,1.0,1.0,1.0,0.5691763,0.6664198,0.46555752,0.47246543,0.5348329,0.2781788,1.0
1801,1.0,1.0,1.0,1.0,1.0,0.0,0.5810799,0.64913726,0.53291214,0.5012315,0.55070835,0.25724816,4.0
1802,1.0,1.0,1.0,1.0,1.0,1.0,0.57976013,0.6412296,0.3693021,0.4329971,0.5405233,0.2427363,4.0
1803,0.0,0.0,1.0,1.0,0.0,,0.59836566,0.6591689,0.4614369,0.47135,0.55718666,0.26273134,1.0
1804,1.0,1.0,0.0,0.0,1.0,0.0,0.73312145,0.74408346,0.46319738,0.44234166,0.5664358,0.28046358,1.0
1805,1.0,1.0,1.0,1.0,1.0,0.0,0.5654033,0.6434893,0.38260955,0.42417037,0.5311014,0.25969464,1.0
1806,1.0,1.0,0.0,0.0,1.0,1.0,0.5872927,0.6500292,0.44592327,0.46611202,0.59045506,0.26111686,4.0
1807,0.0,1.0,1.0,1.0,0.0,,0.5848401,0.65481806,0.45279267,0.44099423,0.54491264,0.28043193,1.0
1808,0.0,0.0,0.0,0.0,0.0,0.0,0.599548,0.62041515,0.39751008,0.43908322,0.48232386,0.23064065,0.0
1809,0.0,0.0,0.0,0.0,0.0,0.0,0.5969962,0.67241216,0.4586793,0.47252372,0.56480867,0.23612368,4.0
1810,1.0,1.0,0.0,0.0,0.0,0.0,0.6361747,0.6560866,0.51530206,0.4754022,0.5916772,0.38365707,2.0
1811,1.0,1.0,1.0,1.0,1.0,0.0,0.5524767,0.5699113,0.4403607,0.44675237,0.49446282,0.22980371,3.0
1812,0.0,1.0,1.0,1.0,0.0,,0.5878207,0.64465815,0.4632399,0.46218202,0.56677955,0.2601388,0.0
1813,0.0,0.0,0.0,0.0,0.0,0.0,0.62418854,0.652377,0.44814998,0.43518886,0.5603515,0.25952074,0.0
1814,1.0,1.0,1.0,0.0,1.0,0.0,0.54048496,0.6288755,0.47410026,0.46550235,0.4174715,0.23049837,2.0
1815,1.0,1.0,0.0,1.0,1.0,1.0,0.601092,0.6686106,0.42655507,0.4796818,0.51646274,0.24743505,3.0
1816,0.0,0.0,0.0,0.0,0.0,0.0,0.6158528,0.67110956,0.49668,0.47992775,0.57941103,0.27452222,2.0
1817,0.0,0.0,0.0,0.0,0.0,0.0,0.56260383,0.6448145,0.44231337,0.45576745,0.5601042,0.2717891,1.0
1818,0.0,0.0,0.0,0.0,0.0,0.0,0.55559003,0.62788904,0.4842414,0.47529846,0.50693727,0.24899964,2.0
1819,0.0,1.0,1.0,1.0,0.0,1.0,0.5703784,0.6200461,0.4044248,0.4427585,0.5310195,0.24692792,4.0
1820,1.0,1.0,0.0,0.0,0.0,,0.60814255,0.6822391,0.4786576,0.453519,0.5590273,0.23284146,1.0
1821,1.0,1.0,1.0,1.0,0.0,1.0,0.6027465,0.65084046,0.44089773,0.48134717,0.538548,0.24743521,3.0
1822,1.0,,1.0,1.0,1.0,1.0,0.6466108,0.7032688,0.4364227,0.48496222,0.54611784,0.25155687,3.0
1823,1.0,1.0,0.0,0.0,1.0,0.0,0.58074915,0.63301134,0.4875364,0.47745866,0.537604,0.30030158,2.0
1824,0.0,0.0,0.0,0.0,0.0,0.0,0.58443165,0.65438175,0.4816751,0.48252878,0.5581721,0.28607592,2.0
1825,0.0,1.0,0.0,0.0,1.0,0.0,0.5560949,0.6441147,0.42876086,0.42166093,0.53678596,0.2728689,1.0
1826,0.0,0.0,0.0,0.0,0.0,0.0,0.5887526,0.66133183,0.4714963,0.4771138,0.56384885,0.23808634,3.0
1827,0.0,0.0,0.0,0.0,0.0,0.0,0.6110592,0.6618353,0.49400252,0.49418527,0.5496074,0.2692168,0.0
1828,0.0,0.0,0.0,0.0,1.0,0.0,0.5899621,0.61843354,0.4100097,0.45681885,0.36198124,0.2469708,1.0
1829,1.0,1.0,1.0,0.0,1.0,,0.59389615,0.64476717,0.3777315,0.420012,0.48092982,0.26882553,1.0
1830,1.0,1.0,1.0,1.0,1.0,0.0,0.60319656,0.6529447,0.5258259,0.452415,0.54554695,0.24461183,4.0
1831,1.0,1.0,0.0,0.0,0.0,0.0,0.553827,0.63229597,0.4950485,0.47317034,0.521005,0.30854076,2.0
1832,0.0,0.0,0.0,0.0,0.0,0.0,0.6171211,0.66838205,0.46190724,0.46708262,0.56186974,0.26808494,0.0
1833,0.0,0.0,0.0,0.0,0.0,0.0,0.59276515,0.64151615,0.47389227,0.45166263,0.59233034,0.23001696,2.0
1834,0.0,0.0,0.0,0.0,0.0,0.0,0.58353496,0.6480112,0.46528506,0.47156194,0.5633234,0.27252042,1.0
1835,0.0,,1.0,0.0,0.0,0.0,0.588127,0.6704201,0.49710807,0.47116655,0.5552725,0.2615222,1.0
1836,0.0,,1.0,1.0,0.0,1.0,0.57535166,0.60597897,0.4291442,0.43069085,0.5164347,0.25867566,3.0
1837,1.0,1.0,1.0,1.0,1.0,1.0,0.55031306,0.6191714,0.42811742,0.46622217,0.51848316,0.24634415,3.0
1838,0.0,0.0,0.0,0.0,0.0,0.0,0.5742728,0.6126623,0.40184912,0.45218772,0.4977319,0.23895557,3.0
1839,0.0,0.0,0.0,0.0,0.0,0.0,0.5938128,0.6260055,0.48836362,0.46996683,0.5638791,0.26265684,1.0
1840,0.0,0.0,0.0,0.0,0.0,0.0,0.61612475,0.6827686,0.480496,0.49012426,0.5253918,0.2544105,0.0
1841,0.0,0.0,1.0,0.0,0.0,0.0,0.59685194,0.65158075,0.506328,0.5064469,0.5363513,0.28331384,0.0
1842,1.0,1.0,1.0,1.0,1.0,0.0,0.57795393,0.6823564,0.5428397,0.47734028,0.55011004,0.24714725,4.0
1843,1.0,1.0,1.0,1.0,1.0,0.0,0.5922251,0.6598483,0.40783632,0.44450504,0.5368045,0.24394771,4.0
1844,0.0,0.0,1.0,0.0,0.0,0.0,0.5807378,0.62590164,0.4293768,0.43849617,0.5510052,0.23335728,3.0
1845,1.0,1.0,1.0,1.0,0.0,0.0,0.5737656,0.6261027,0.4261649,0.42872608,0.5510289,0.23048387,1.0
1846,1.0,1.0,0.0,0.0,0.0,,0.57996947,0.64660215,0.46167326,0.45251185,0.5499403,0.26868778,1.0
1847,0.0,1.0,1.0,1.0,0.0,,0.5517834,0.6956521,0.516557,0.4792173,0.51358104,0.27659506,1.0
1848,0.0,0.0,1.0,1.0,0.0,1.0,0.55211973,0.64093316,0.4783511,0.4452262,0.4854045,0.25974238,2.0
1849,0.0,0.0,0.0,0.0,0.0,0.0,0.5633319,0.6415507,0.4363538,0.44603693,0.5215391,0.24127291,3.0
1850,1.0,1.0,0.0,0.0,1.0,0.0,0.5901958,0.63146627,0.38316414,0.45821655,0.58502114,0.23978056,4.0
1851,1.0,0.0,0.0,0.0,1.0,,0.5298392,0.6173068,0.42576724,0.4437873,0.50306886,0.24768642,3.0
1852,0.0,,1.0,1.0,0.0,,0.6094394,0.6533836,0.4348774,0.45113784,0.5427709,0.27088127,0.0
1853,1.0,1.0,1.0,1.0,1.0,0.0,0.6015293,0.6496273,0.523368,0.4868636,0.5855076,0.2605371,4.0
1854,1.0,1.0,1.0,1.0,1.0,,0.6063478,0.6466925,0.44621393,0.47179106,0.52157444,0.24350354,3.0
1855,1.0,1.0,1.0,0.0,0.0,0.0,0.60568464,0.6538054,0.4905985,0.49606273,0.57297987,0.2672072,2.0
1856,1.0,1.0,1.0,1.0,1.0,1.0,0.59645975,0.68487555,0.5212578,0.47441968,0.5176877,0.2646072,0.0
1857,0.0,0.0,0.0,0.0,0.0,0.0,0.570718,0.61737376,0.48914447,0.43382907,0.50034535,0.27231184,0.0
1858,1.0,1.0,0.0,0.0,1.0,0.0,0.6311982,0.67312026,0.49881208,0.48901594,0.5321896,0.2614067,0.0
1859,1.0,1.0,1.0,1.0,1.0,1.0,0.5416802,0.64102876,0.4651787,0.46823192,0.5076308,0.30165672,2.0
1860,0.0,0.0,0.0,0.0,0.0,,0.61487544,0.6727143,0.46250394,0.48048007,0.5569376,0.24196953,4.0
1861,1.0,1.0,1.0,1.0,1.0,,0.606462,0.687341,0.4792661,0.4469574,0.52931756,0.27821213,1.0
1862,1.0,1.0,1.0,0.0,0.0,1.0,0.5790949,0.6492306,0.47244588,0.45411038,0.56703746,0.2629047,1.0
1863,1.0,1.0,1.0,1.0,1.0,,0.5875898,0.70331633,0.57330143,0.5267437,0.6067082,0.25484633,4.0
1864,0.0,0.0,0.0,0.0,0.0,,0.5905733,0.63537294,0.443376,0.45431852,0.5372114,0.2590986,3.0
1865,1.0,1.0,1.0,1.0,1.0,0.0,0.614155,0.65945053,0.4908036,0.46602324,0.5891655,0.26593998,2.0
1866,1.0,1.0,1.0,1.0,1.0,0.0,0.59761095,0.6315038,0.39345676,0.4117234,0.5572328,0.23514585,0.0
1867,1.0,1.0,1.0,1.0,1.0,1.0,0.57974315,0.65310305,0.4747301,0.4527138,0.5481988,0.27264625,1.0
1868,1.0,1.0,1.0,1.0,1.0,1.0,0.544966,0.65367186,0.49359167,0.49571925,0.50997907,0.29732755,0.0
1869,1.0,1.0,1.0,1.0,1.0,1.0,0.59685796,0.6584678,0.47115466,0.46619186,0.49889863,0.25283265,4.0
1870,0.0,1.0,1.0,1.0,1.0,1.0,0.58682674,0.63434625,0.447293,0.45153013,0.4933673,0.25787458,4.0
1871,,1.0,1.0,1.0,1.0,1.0,0.5756174,0.6223633,0.45956877,0.47334605,0.5238485,0.36454993,3.0
1872,1.0,1.0,0.0,0.0,1.0,0.0,0.6165693,0.626236,0.3743003,0.40465757,0.52956045,0.2572013,0.0
1873,0.0,1.0,1.0,1.0,0.0,,0.5652612,0.65703344,0.47588545,0.47002852,0.5398636,0.2795684,1.0
1874,0.0,0.0,0.0,0.0,0.0,0.0,0.5852521,0.63272893,0.46889222,0.4523462,0.5554755,0.25819308,2.0
1875,1.0,1.0,0.0,0.0,1.0,0.0,0.59552735,0.6615939,0.47137812,0.4634987,0.60769767,0.25093684,4.0
1876,1.0,1.0,0.0,0.0,1.0,0.0,0.5790779,0.6300031,0.43417054,0.42399225,0.49849832,0.23963544,3.0
1877,1.0,1.0,0.0,0.0,1.0,,0.582553,0.65332776,0.49425572,0.48142168,0.5589809,0.27634972,2.0
1878,1.0,1.0,0.0,0.0,0.0,0.0,0.6120857,0.6459755,0.4319706,0.4320308,0.5251363,0.24968927,3.0
1879,0.0,0.0,0.0,1.0,1.0,0.0,0.5866401,0.6102389,0.45877123,0.44151476,0.5860513,0.26829737,1.0
1880,1.0,1.0,0.0,0.0,1.0,0.0,0.6131377,0.63644767,0.48947528,0.47114164,0.514801,0.29257137,2.0
1881,1.0,0.0,0.0,0.0,1.0,0.0,0.5844022,0.6565563,0.4618166,0.49335796,0.5022377,0.24932122,4.0
1882,1.0,1.0,1.0,1.0,1.0,1.0,0.61167324,0.66217756,0.48691764,0.47278336,0.59041893,0.3271635,2.0
1883,1.0,1.0,1.0,1.0,1.0,0.0,0.5587205,0.6062816,0.48255,0.5055901,0.5359386,0.2635131,0.0
1884,1.0,,1.0,1.0,1.0,1.0,0.5632821,0.6378041,0.4610521,0.47648248,0.50911975,0.23850608,4.0
1885,0.0,0.0,0.0,0.0,0.0,0.0,0.57799155,0.6697764,0.45785502,0.45175922,0.52707446,0.27583838,1.0
1886,1.0,1.0,0.0,1.0,1.0,0.0,0.584182,0.63931435,0.5310013,0.49173236,0.5966396,0.25665775,4.0
1887,1.0,1.0,0.0,0.0,0.0,0.0,0.6179526,0.6917987,0.55609316,0.5511086,0.5390935,0.2751367,0.0
1888,1.0,1.0,0.0,0.0,1.0,,0.62261546,0.687961,0.47494692,0.4791598,0.5493052,0.25445756,0.0
1889,0.0,0.0,0.0,0.0,0.0,0.0,0.5969934,0.63480526,0.44033396,0.45416212,0.5266826,0.2562977,0.0
1890,1.0,1.0,1.0,1.0,1.0,1.0,0.5601982,0.6290186,0.416564,0.44080144,0.5134043,0.2440081,3.0
1891,1.0,1.0,0.0,0.0,0.0,0.0,0.6388947,0.69317627,0.5255475,0.5087604,0.57251394,0.26517934,0.0
1892,0.0,0.0,0.0,0.0,1.0,0.0,0.58727306,0.62268937,0.43232316,0.43549153,0.5179543,0.2725803,1.0
1893,0.0,1.0,1.0,1.0,1.0,1.0,0.5644851,0.6489767,0.46631303,0.45994517,0.5166396,0.19832884,2.0
1894,1.0,,1.0,1.0,1.0,1.0,0.58507025,0.65520537,0.45695886,0.44236028,0.5086044,0.2511345,3.0
1895,1.0,1.0,0.0,0.0,1.0,,0.59970945,0.6679088,0.42022046,0.46888775,0.58111924,0.25255877,4.0
1896,0.0,0.0,0.0,0.0,0.0,0.0,0.590765,0.65771693,0.47912598,0.4537023,0.5515914,0.2725585,1.0
1897,1.0,1.0,0.0,0.0,1.0,1.0,0.63567406,0.6695011,0.42692766,0.3877517,0.51311326,0.2529207,0.0
1898,1.0,1.0,0.0,0.0,1.0,0.0,0.5750857,0.6670921,0.4568441,0.46898565,0.5125102,0.2604014,0.0
1899,0.0,0.0,1.0,1.0,1.0,1.0,0.57480127,0.61467123,0.42278272,0.4342686,0.4789089,0.2454849,4.0
1900,0.0,0.0,0.0,0.0,0.0,,0.58331287,0.66448903,0.47048536,0.47406584,0.5456414,0.2809107,1.0
1901,1.0,1.0,1.0,1.0,1.0,,0.61317277,0.66184497,0.47941083,0.47369996,0.55591947,0.28155696,2.0
1902,1.0,1.0,1.0,1.0,1.0,,0.5935576,0.64523935,0.42833984,0.45538542,0.5764655,0.24492234,1.0
1903,1.0,1.0,1.0,1.0,1.0,0.0,0.5804108,0.64308745,0.4530095,0.4455573,0.54794693,0.2774333,1.0
1904,0.0,0.0,0.0,0.0,0.0,0.0,0.5857953,0.64235866,0.45490465,0.4298872,0.56012636,0.2723318,1.0
1905,1.0,1.0,1.0,1.0,1.0,1.0,0.5949572,0.6373834,0.45951828,0.45847282,0.550933,0.26053265,0.0
1906,0.0,0.0,1.0,0.0,0.0,1.0,0.5783525,0.6479212,0.37682015,0.42364267,0.46662408,0.24265477,4.0
1907,1.0,,1.0,1.0,1.0,1.0,0.56515634,0.6102456,0.46725276,0.42301288,0.50130755,0.24973461,3.0
1908,0.0,1.0,1.0,1.0,1.0,1.0,0.56270355,0.60324436,0.44860992,0.48100397,0.46995965,0.23945089,4.0
1909,0.0,0.0,0.0,0.0,0.0,0.0,0.62979513,0.667155,0.4752688,0.50545937,0.546744,0.24168451,3.0
1910,1.0,1.0,0.0,0.0,1.0,,0.5862017,0.6633898,0.5274672,0.5150751,0.5323647,0.2750582,0.0
1911,1.0,1.0,1.0,1.0,1.0,0.0,0.6081899,0.64494133,0.4772067,0.43108705,0.55004376,0.21709774,2.0
1912,0.0,0.0,0.0,0.0,0.0,0.0,0.59024477,0.6336679,0.42795914,0.43940684,0.54414546,0.26043558,1.0
1913,1.0,1.0,0.0,1.0,1.0,1.0,0.5955085,0.67261934,0.48835263,0.5076241,0.5915543,0.2644201,4.0
1914,1.0,1.0,1.0,1.0,0.0,1.0,0.58536565,0.63573945,0.39031607,0.45262986,0.5276291,0.24161077,4.0
1915,1.0,1.0,1.0,1.0,1.0,0.0,0.58008343,0.6392107,0.47357064,0.47614372,0.5273588,0.25497738,3.0
1916,0.0,0.0,0.0,0.0,0.0,0.0,0.579285,0.6318373,0.37712944,0.45721588,0.54130226,0.24916077,4.0
1917,1.0,1.0,0.0,0.0,0.0,,0.5632229,0.6420984,0.4908831,0.48329777,0.55462825,0.27856988,2.0
1918,1.0,1.0,1.0,1.0,1.0,1.0,0.6237232,0.62626183,0.51809937,0.5136806,0.57032084,0.35895672,3.0
1919,1.0,1.0,1.0,1.0,1.0,1.0,0.58691716,0.6667075,0.4673515,0.45217675,0.54966354,0.24852774,0.0
1920,1.0,1.0,0.0,0.0,0.0,0.0,0.58706725,0.60820675,0.36856413,0.4265789,0.48622346,0.24390477,3.0
1921,1.0,1.0,0.0,1.0,1.0,0.0,0.58315724,0.59800076,0.46798092,0.47774202,0.5543996,0.24249667,3.0
1922,1.0,1.0,1.0,1.0,1.0,0.0,0.5955761,0.66456276,0.50135416,0.4646903,0.5577638,0.28012508,1.0
1923,1.0,1.0,0.0,0.0,1.0,0.0,0.5981919,0.6732007,0.44692373,0.45888534,0.61872524,0.25957057,4.0
1924,1.0,1.0,0.0,1.0,1.0,1.0,0.57216376,0.64371604,0.48654288,0.45390186,0.53782946,0.273892,2.0
1925,1.0,1.0,1.0,1.0,1.0,1.0,0.5525703,0.6543094,0.4286091,0.4742728,0.51929957,0.2448747,3.0
1926,1.0,1.0,1.0,1.0,1.0,1.0,0.5869733,0.61607516,0.4628503,0.4495042,0.4973503,0.25611413,0.0
1927,1.0,1.0,0.0,0.0,1.0,0.0,0.58636975,0.6516404,0.48915836,0.46542636,0.52227485,0.253968,0.0
1928,1.0,1.0,1.0,1.0,1.0,1.0,0.59662324,0.64996773,0.48415974,0.47520098,0.52484757,0.2751198,1.0
1929,1.0,,1.0,1.0,1.0,1.0,0.5581125,0.6329357,0.3966934,0.42249817,0.5321005,0.24806039,1.0
1930,0.0,0.0,0.0,0.0,0.0,0.0,0.59129643,0.6708785,0.50043815,0.5212138,0.5963385,0.25865984,4.0
1931,0.0,0.0,0.0,0.0,0.0,,0.6036835,0.66139686,0.4756404,0.4646384,0.4773487,0.24233791,2.0
1932,0.0,0.0,1.0,1.0,0.0,1.0,0.6081941,0.65739065,0.46988195,0.49852055,0.51314014,0.26256865,0.0
1933,1.0,1.0,0.0,0.0,0.0,,0.54247177,0.6430439,0.48186862,0.4628701,0.5282358,0.2642737,2.0
1934,1.0,1.0,1.0,1.0,1.0,1.0,0.74732196,0.7795463,0.48016053,0.4678031,0.5482096,0.2663826,1.0
1935,1.0,1.0,1.0,1.0,1.0,,0.59600693,0.6543993,0.4806477,0.46897975,0.53498816,0.27686042,2.0
1936,1.0,1.0,1.0,1.0,1.0,,0.583406,0.6436859,0.42845395,0.44923693,0.51314795,0.2501076,4.0
1937,0.0,0.0,0.0,0.0,0.0,0.0,0.57265544,0.65835106,0.44654012,0.47702217,0.52498937,0.23931964,3.0
1938,0.0,1.0,1.0,1.0,1.0,0.0,0.5564785,0.60797405,0.42267323,0.43283287,0.52287954,0.27110362,1.0
1939,0.0,0.0,0.0,0.0,0.0,0.0,0.5780776,0.63332915,0.4669489,0.47165605,0.5424384,0.2438246,3.0
1940,0.0,1.0,1.0,1.0,1.0,1.0,0.5804113,0.67226654,0.50239366,0.48139477,0.5588178,0.27740502,1.0
1941,1.0,1.0,1.0,1.0,0.0,0.0,0.62324667,0.6425063,0.4703659,0.50393313,0.55348414,0.24993813,3.0
1942,1.0,1.0,1.0,1.0,1.0,1.0,0.5601981,0.63523954,0.47530967,0.4601664,0.52564895,0.24231942,2.0
1943,1.0,1.0,0.0,0.0,0.0,0.0,0.61822736,0.6808139,0.43876293,0.4638107,0.56100297,0.25334296,0.0
1944,1.0,1.0,1.0,0.0,1.0,0.0,0.5369928,0.61940086,0.43613762,0.4254129,0.49091697,0.2785182,1.0
1945,0.0,0.0,0.0,0.0,0.0,0.0,0.59744763,0.6584042,0.49363202,0.4732505,0.5709857,0.27040187,2.0
1946,1.0,1.0,1.0,1.0,1.0,0.0,0.64146686,0.6632411,0.49708772,0.49436748,0.5875426,0.26907638,2.0
1947,1.0,1.0,1.0,1.0,1.0,1.0,0.56123495,0.59868014,0.42404985,0.4036866,0.5068429,0.24098757,3.0
1948,0.0,1.0,1.0,1.0,0.0,1.0,0.6179924,0.67133427,0.49471897,0.44306418,0.5593281,0.26360977,0.0
1949,1.0,1.0,1.0,1.0,1.0,1.0,0.5516049,0.6388005,0.43426958,0.48311517,0.572496,0.24665034,4.0
1950,0.0,0.0,1.0,0.0,0.0,1.0,0.56647336,0.5952718,0.36668202,0.4142741,0.50818217,0.22799915,3.0
1951,1.0,1.0,0.0,0.0,0.0,0.0,0.6137874,0.6433915,0.4824813,0.49650937,0.5285297,0.27021867,0.0
1952,0.0,1.0,1.0,1.0,0.0,1.0,0.61970866,0.68343675,0.47127363,0.46135846,0.50654197,0.26770842,1.0
1953,1.0,1.0,1.0,1.0,1.0,1.0,0.60528225,0.66773427,0.44624978,0.48195496,0.56743854,0.2556556,4.0
1954,0.0,0.0,0.0,0.0,0.0,0.0,0.5740272,0.6316431,0.49901226,0.4349524,0.51381445,0.2762649,0.0
1955,1.0,1.0,1.0,1.0,1.0,1.0,0.6207139,0.6977033,0.43991944,0.46652785,0.5931323,0.24641971,4.0
1956,0.0,0.0,0.0,0.0,0.0,0.0,0.54982895,0.66263944,0.4731254,0.44826362,0.48609906,0.22952566,1.0
1957,0.0,0.0,0.0,0.0,0.0,0.0,0.59499776,0.6631986,0.518091,0.4634272,0.5334901,0.27253902,1.0
1958,1.0,1.0,1.0,1.0,1.0,1.0,0.6211449,0.65511334,0.44077185,0.44787127,0.55638695,0.24626382,3.0
1959,0.0,0.0,0.0,0.0,0.0,0.0,0.6240314,0.6465485,0.481991,0.46473497,0.5351645,0.26030195,2.0
1960,1.0,1.0,1.0,1.0,1.0,1.0,0.60863304,0.7002613,0.5220282,0.46934673,0.5312171,0.25012022,4.0
1961,0.0,0.0,0.0,0.0,0.0,0.0,0.58220947,0.62466687,0.42452407,0.44073427,0.51959264,0.24681452,3.0
1962,1.0,,1.0,0.0,1.0,1.0,0.5670352,0.6309954,0.40045625,0.4724451,0.5724892,0.24823953,4.0
1963,1.0,1.0,1.0,1.0,1.0,1.0,0.5596319,0.6462392,0.4445012,0.47553623,0.51833785,0.24454673,3.0
1964,0.0,0.0,0.0,0.0,0.0,0.0,0.60986716,0.6614681,0.46615523,0.428831,0.53426784,0.2640776,0.0
1965,0.0,1.0,1.0,1.0,1.0,1.0,0.47538686,0.62669426,0.46462578,0.47329906,0.3987818,0.27503908,2.0
1966,1.0,1.0,1.0,1.0,1.0,1.0,0.55679655,0.6074059,0.44355705,0.47078454,0.52103233,0.26682502,1.0
1967,1.0,1.0,1.0,1.0,0.0,0.0,0.61834705,0.69184756,0.4747156,0.496414,0.5522303,0.36858937,3.0
1968,1.0,1.0,1.0,1.0,0.0,,0.60281986,0.66401607,0.4822501,0.5471867,0.5003111,0.26348454,1.0
1969,1.0,1.0,1.0,1.0,1.0,1.0,0.5819931,0.674409,0.44117746,0.4792198,0.5437969,0.25185445,4.0
1970,0.0,1.0,1.0,1.0,1.0,1.0,0.56187135,0.6403871,0.44174922,0.3928565,0.4712016,0.24192864,0.0
1971,0.0,1.0,1.0,1.0,0.0,1.0,0.5772838,0.62397665,0.4455397,0.45795482,0.48627806,0.24638125,3.0
1972,0.0,0.0,0.0,0.0,0.0,,0.5796482,0.6544951,0.46579385,0.46319434,0.5510527,0.2528686,4.0
1973,0.0,0.0,0.0,0.0,0.0,0.0,0.5808095,0.64437306,0.3637216,0.3726256,0.5467305,0.2312398,0.0
1974,0.0,0.0,0.0,0.0,1.0,0.0,0.57454896,0.6799796,0.48336124,0.4647705,0.56948537,0.27002558,1.0
1975,1.0,1.0,0.0,0.0,0.0,0.0,0.48422223,0.6013199,0.43992788,0.40709874,0.49656278,0.23896635,3.0
1976,0.0,0.0,0.0,0.0,0.0,0.0,0.5825625,0.62613875,0.46120733,0.46467394,0.5339452,0.25735998,0.0
1977,1.0,1.0,1.0,1.0,1.0,0.0,0.5787225,0.655377,0.48700052,0.48923174,0.5421067,0.25153136,2.0
1978,1.0,1.0,1.0,1.0,0.0,1.0,0.5767524,0.63878524,0.4541328,0.42865825,0.48803148,0.24533783,3.0
1979,1.0,1.0,0.0,0.0,1.0,0.0,0.58311385,0.6372742,0.50022405,0.4758336,0.5591873,0.26937371,2.0
1980,0.0,0.0,0.0,0.0,0.0,0.0,0.6068926,0.64593315,0.46820083,0.44077754,0.5501258,0.2747468,1.0
1981,0.0,0.0,0.0,0.0,0.0,,0.56082094,0.60918885,0.40871066,0.46454126,0.5004534,0.2531184,4.0
1982,1.0,1.0,0.0,0.0,1.0,0.0,0.6442621,0.6949614,0.43109027,0.41827032,0.5402186,0.24017179,0.0
1983,0.0,0.0,0.0,0.0,0.0,0.0,0.60500324,0.65386385,0.5069527,0.5177072,0.5432207,0.31195033,2.0
1984,0.0,1.0,1.0,1.0,0.0,1.0,0.6311954,0.66660255,0.45621544,0.45629796,0.5560257,0.23617898,3.0
1985,1.0,1.0,1.0,1.0,1.0,1.0,0.6118624,0.656154,0.502182,0.47247088,0.5179279,0.2472972,0.0
1986,1.0,1.0,1.0,1.0,1.0,1.0,0.63578916,0.67482316,0.47049353,0.45507723,0.53051144,0.24120231,3.0
1987,1.0,1.0,1.0,1.0,1.0,1.0,0.6123475,0.6339368,0.42997137,0.42642218,0.5236959,0.26725566,0.0
1988,0.0,1.0,1.0,1.0,0.0,,0.5348722,0.62454665,0.43183634,0.43628442,0.47546688,0.23870848,3.0
1989,1.0,1.0,1.0,1.0,1.0,1.0,0.59088457,0.63327426,0.4892922,0.45416087,0.53953725,0.26356524,0.0
1990,1.0,1.0,1.0,1.0,1.0,0.0,0.60164785,0.6405856,0.44896725,0.45123085,0.519907,0.24063127,3.0
1991,1.0,1.0,1.0,1.0,1.0,0.0,0.60887927,0.6616763,0.4373667,0.44566587,0.58696747,0.22824396,0.0
1992,0.0,0.0,0.0,0.0,0.0,0.0,0.5883409,0.66590565,0.48007974,0.44226524,0.5317744,0.27220196,0.0
1993,1.0,1.0,1.0,1.0,1.0,1.0,0.61785144,0.68478584,0.46060365,0.44938022,0.5489675,0.24650197,0.0
1994,0.0,0.0,0.0,0.0,0.0,0.0,0.56821585,0.6091697,0.38334703,0.40206593,0.512612,0.2518655,0.0
1995,0.0,0.0,1.0,0.0,0.0,0.0,0.5630492,0.6095356,0.39844617,0.43711364,0.5408006,0.24794929,4.0
1996,1.0,1.0,0.0,0.0,1.0,0.0,0.64803535,0.6622641,0.49397722,0.44603437,0.5237394,0.24168208,2.0
1997,,1.0,,,,,0.54632825,0.6012184,0.44048417,0.4019154,0.48919988,0.23731248,3.0
1998,0.0,0.0,0.0,0.0,0.0,0.0,0.60516566,0.6960323,0.5301669,0.52930534,0.56236184,0.2666865,4.0
1999,1.0,1.0,1.0,,1.0,,0.6694304,0.6619538,0.5035105,0.4747449,0.54371583,0.29749292,2.0
2000,1.0,1.0,1.0,1.0,1.0,1.0,0.57909226,0.5964898,0.49465585,0.46605617,0.5315522,0.31767857,4.0
2001,0.0,0.0,1.0,1.0,0.0,0.0,0.72979087,0.7533258,0.5044545,0.46736944,0.58480376,0.27864787,1.0
2002,1.0,1.0,0.0,0.0,1.0,,0.59399486,0.629662,0.48412037,0.4407216,0.5156902,0.2708675,1.0
2003,0.0,0.0,0.0,0.0,0.0,0.0,0.58672595,0.6748397,0.50443935,0.5129917,0.5605395,0.275423,1.0
2004,1.0,1.0,1.0,1.0,1.0,1.0,0.6012256,0.6849148,0.5427406,0.47715014,0.5565476,0.28128237,4.0
2005,0.0,1.0,1.0,1.0,1.0,,0.57655424,0.61307466,0.48953936,0.45455575,0.5245432,0.28281572,1.0
2006,0.0,0.0,0.0,0.0,0.0,0.0,0.5990656,0.5769857,0.4582858,0.4393459,0.5575921,0.27477658,1.0
2007,1.0,1.0,1.0,1.0,1.0,,0.608067,0.6405605,0.43912983,0.46753612,0.53896743,0.2525729,3.0
2008,0.0,,1.0,1.0,0.0,0.0,0.57263416,0.6328027,0.45088995,0.4350636,0.5499874,0.25996485,1.0
2009,1.0,1.0,0.0,0.0,1.0,0.0,0.6063,0.6397914,0.45163667,0.44728208,0.5067458,0.24803554,3.0
2010,0.0,0.0,0.0,1.0,0.0,0.0,0.6127231,0.6763605,0.4648489,0.46179268,0.5811642,0.26632017,1.0
2011,0.0,0.0,0.0,0.0,0.0,0.0,0.5974347,0.6917554,0.4943545,0.4744822,0.56639814,0.28060547,1.0
2012,1.0,1.0,1.0,1.0,1.0,,0.61214846,0.6879895,0.39948118,0.5048813,0.5572576,0.24986397,4.0
2013,1.0,1.0,1.0,1.0,1.0,1.0,0.57210594,0.63590246,0.4170296,0.46168903,0.48255798,0.23021148,4.0
2014,0.0,0.0,0.0,0.0,0.0,0.0,0.5692245,0.6385942,0.43839893,0.4787139,0.48142597,0.25186402,4.0
2015,1.0,1.0,1.0,1.0,1.0,1.0,0.62786514,0.65145653,0.4862175,0.46644667,0.5463742,0.21966177,2.0
2016,0.0,0.0,0.0,0.0,0.0,0.0,0.5812837,0.64341104,0.4340692,0.43542808,0.515499,0.25028235,3.0
2017,,1.0,,,,,0.59792936,0.6131311,0.44853944,0.45443717,0.53635883,0.24908383,4.0
2018,1.0,1.0,0.0,1.0,1.0,1.0,0.60276926,0.6598133,0.48137447,0.47399962,0.5631832,0.2702939,2.0
2019,1.0,1.0,0.0,1.0,1.0,1.0,0.5924546,0.61740774,0.41705582,0.41743657,0.52730876,0.25844878,0.0
2020,1.0,0.0,0.0,0.0,1.0,0.0,0.59498197,0.6743366,0.5136907,0.46583098,0.5629689,0.27880403,1.0
2021,0.0,1.0,1.0,1.0,1.0,1.0,0.62990874,0.6509843,0.48669705,0.44106787,0.51244783,0.22633316,2.0
2022,1.0,1.0,1.0,1.0,1.0,1.0,0.59108984,0.6778671,0.49995396,0.47811675,0.5493889,0.2684346,0.0
2023,,1.0,1.0,1.0,1.0,0.0,0.6230144,0.679918,0.49944684,0.48520273,0.5519169,0.280061,0.0
2024,1.0,1.0,1.0,1.0,1.0,0.0,0.56992495,0.57832044,0.46210495,0.42973348,0.43799287,0.2729441,1.0
2025,0.0,0.0,0.0,0.0,0.0,0.0,0.6028944,0.6631893,0.43659183,0.44508076,0.51790166,0.24820112,4.0
2026,0.0,0.0,0.0,0.0,0.0,0.0,0.57247,0.6290103,0.47793078,0.4941235,0.524241,0.2357786,0.0
2027,0.0,1.0,1.0,1.0,1.0,,0.5978917,0.6471031,0.47370383,0.4911743,0.5488221,0.25223264,4.0
2028,0.0,0.0,1.0,1.0,0.0,,0.59684694,0.6933737,0.5128995,0.512478,0.5174635,0.306188,0.0
2029,1.0,1.0,0.0,1.0,1.0,0.0,0.6115424,0.68096304,0.48071218,0.4181555,0.51985514,0.23767555,0.0
2030,0.0,1.0,1.0,1.0,1.0,,0.61459684,0.6678362,0.47599995,0.48178,0.5206851,0.26873446,0.0
2031,0.0,1.0,1.0,0.0,0.0,1.0,0.6008164,0.65667623,0.4869144,0.47004336,0.547709,0.30909014,2.0
2032,0.0,0.0,0.0,0.0,0.0,0.0,0.5721717,0.6194992,0.4730542,0.43879658,0.5431686,0.27354822,1.0
2033,1.0,1.0,0.0,0.0,1.0,,0.6096086,0.63960665,0.41982445,0.45684144,0.5432217,0.2515666,3.0
2034,0.0,0.0,0.0,0.0,0.0,0.0,0.62051874,0.7275861,0.46393168,0.48607337,0.5775171,0.25192142,4.0
2035,1.0,1.0,1.0,1.0,1.0,0.0,0.5886508,0.5421337,0.40970215,0.422533,0.49865228,0.25640553,1.0
2036,1.0,1.0,1.0,1.0,1.0,1.0,0.5718668,0.6089447,0.45909923,0.47263956,0.50883615,0.26230472,4.0
2037,,1.0,1.0,1.0,1.0,0.0,0.61811733,0.64865214,0.53076,0.504246,0.5597752,0.26999295,0.0
2038,0.0,0.0,1.0,0.0,0.0,1.0,0.581899,0.63618827,0.49332142,0.49946085,0.5339748,0.24853373,4.0
2039,1.0,1.0,1.0,1.0,1.0,,0.56681573,0.60947114,0.4259194,0.4630146,0.5737854,0.24399243,4.0
2040,0.0,0.0,0.0,0.0,0.0,0.0,0.56164455,0.62326574,0.37763768,0.3814745,0.53269947,0.21898422,0.0
2041,1.0,1.0,1.0,1.0,0.0,,0.5807941,0.5964043,0.46095008,0.512938,0.56010973,0.25124636,4.0
2042,1.0,1.0,1.0,1.0,1.0,,0.57853776,0.6237447,0.45248747,0.51391035,0.58076906,0.2598223,4.0
2043,1.0,1.0,1.0,1.0,1.0,0.0,0.5880702,0.63485867,0.4358271,0.4333877,0.5399297,0.2382272,3.0
2044,1.0,1.0,1.0,1.0,1.0,1.0,0.5888768,0.65861875,0.5338628,0.51625425,0.5658491,0.27244258,0.0
2045,1.0,1.0,1.0,1.0,1.0,1.0,0.58896846,0.6564959,0.515709,0.46714514,0.6176357,0.25716817,4.0
2046,1.0,1.0,1.0,1.0,1.0,1.0,0.55132264,0.5968176,0.44807974,0.4944865,0.5316608,0.24817498,3.0
2047,1.0,,1.0,1.0,1.0,1.0,0.594235,0.6378318,0.5162833,0.4727822,0.5260366,0.24352065,4.0
2048,0.0,0.0,1.0,1.0,0.0,0.0,0.61066145,0.69109166,0.54929215,0.4808482,0.57969624,0.2493321,4.0
2049,0.0,0.0,0.0,0.0,0.0,0.0,0.5888737,0.66751206,0.4634153,0.47876376,0.55968326,0.2541022,4.0
2050,1.0,1.0,1.0,1.0,1.0,0.0,0.64478076,0.657674,0.4960114,0.49246234,0.58630764,0.2521557,2.0
2051,1.0,1.0,0.0,0.0,1.0,0.0,0.5943793,0.65227437,0.4112044,0.4412715,0.5601665,0.25268072,4.0
2052,0.0,,1.0,1.0,1.0,0.0,0.55315596,0.6446092,0.46497646,0.46854848,0.51586294,0.22170275,2.0
2053,1.0,1.0,0.0,0.0,1.0,0.0,0.58231634,0.60149014,0.4034664,0.43929678,0.53151125,0.23715895,3.0
2054,1.0,1.0,0.0,0.0,1.0,0.0,0.5586634,0.6003509,0.45696726,0.4137133,0.52148896,0.25772032,1.0
2055,1.0,1.0,0.0,0.0,1.0,0.0,0.6072107,0.64763606,0.50701535,0.50142646,0.55913144,0.26910838,0.0
2056,1.0,1.0,1.0,1.0,0.0,,0.59245384,0.6801317,0.4891721,0.48209098,0.5442713,0.28141183,1.0
2057,0.0,0.0,0.0,0.0,0.0,0.0,0.5928417,0.65244365,0.42375576,0.39102668,0.49923608,0.24042186,0.0
2058,1.0,,1.0,1.0,1.0,0.0,0.62197244,0.660793,0.45991015,0.46893913,0.5612425,0.2403191,0.0
2059,0.0,0.0,0.0,0.0,0.0,0.0,0.5838856,0.66713685,0.50754076,0.4766499,0.5663264,0.26409665,4.0
2060,1.0,1.0,1.0,1.0,1.0,1.0,0.61429226,0.6654879,0.4560006,0.46214917,0.547706,0.25273395,0.0
2061,0.0,0.0,0.0,0.0,1.0,0.0,0.56644833,0.5649205,0.36573935,0.43171182,0.5165312,0.23637693,4.0
2062,1.0,1.0,1.0,1.0,1.0,0.0,0.58852744,0.6293827,0.4212233,0.43969154,0.6013082,0.25534615,4.0
2063,0.0,0.0,0.0,0.0,0.0,0.0,0.6023287,0.64035136,0.43787277,0.42292815,0.5339051,0.2693773,0.0
2064,1.0,1.0,1.0,1.0,1.0,1.0,0.5279069,0.6375496,0.4358711,0.43787587,0.50600195,0.24043609,3.0
2065,0.0,0.0,0.0,0.0,0.0,0.0,0.5693735,0.6084757,0.4027829,0.42321733,0.5011127,0.2482878,3.0
2066,1.0,1.0,0.0,0.0,1.0,0.0,0.580587,0.6734876,0.46031544,0.4745721,0.55353576,0.2532196,3.0
2067,1.0,1.0,0.0,0.0,1.0,0.0,0.58283365,0.60419655,0.4714569,0.45768854,0.53830636,0.23274831,4.0
2068,0.0,0.0,0.0,0.0,0.0,0.0,0.59520346,0.64977163,0.45372024,0.49248543,0.5471995,0.25167415,4.0
2069,0.0,0.0,0.0,0.0,0.0,0.0,0.6083286,0.6620751,0.49098086,0.48473588,0.574482,0.2704772,2.0
2070,0.0,0.0,0.0,0.0,0.0,0.0,0.59977895,0.6562773,0.40915295,0.46901196,0.52731884,0.2621198,0.0
2071,1.0,1.0,0.0,0.0,1.0,0.0,0.5919455,0.6466715,0.48803115,0.4841817,0.57309574,0.26868337,2.0
2072,0.0,0.0,0.0,0.0,0.0,0.0,0.582378,0.67092353,0.46405882,0.46400568,0.5100298,0.26915708,0.0
2073,1.0,1.0,0.0,0.0,1.0,0.0,0.5891256,0.64767134,0.4515233,0.46585834,0.54894394,0.26029086,0.0
2074,1.0,1.0,0.0,0.0,1.0,0.0,0.65655315,0.669955,0.5105958,0.45212907,0.5891292,0.2424837,2.0
2075,0.0,1.0,1.0,1.0,1.0,0.0,0.5801366,0.6335515,0.40308422,0.44335252,0.4663266,0.23790738,4.0
2076,1.0,1.0,0.0,0.0,1.0,0.0,0.564726,0.63708055,0.4820985,0.4591795,0.52110344,0.26704788,2.0
2077,0.0,0.0,0.0,0.0,0.0,0.0,0.6028495,0.6499882,0.45118403,0.49564373,0.5370535,0.2543411,3.0
2078,0.0,0.0,0.0,0.0,0.0,0.0,0.5432697,0.64496666,0.47489104,0.43134174,0.5029717,0.22097915,2.0
2079,1.0,1.0,1.0,1.0,1.0,1.0,0.5543878,0.58500147,0.42218888,0.42625847,0.53275037,0.26322144,1.0
2080,1.0,1.0,1.0,1.0,1.0,0.0,0.61442626,0.6498958,0.44932345,0.43610144,0.5554743,0.26267293,0.0
2081,1.0,1.0,0.0,0.0,0.0,0.0,0.5917136,0.63184494,0.45217493,0.4763778,0.5307314,0.2493423,3.0
2082,1.0,1.0,1.0,0.0,0.0,0.0,0.5877268,0.6622834,0.47553638,0.45883843,0.54761946,0.26771623,1.0
2083,1.0,1.0,0.0,0.0,1.0,0.0,0.613703,0.662256,0.46839264,0.4851989,0.53815144,0.2460337,3.0
2084,0.0,0.0,0.0,0.0,0.0,0.0,0.6033459,0.66892827,0.50382113,0.4679066,0.5277868,0.25966722,4.0
2085,1.0,1.0,0.0,0.0,0.0,0.0,0.5507901,0.59363633,0.4365148,0.4290988,0.49744618,0.26635104,1.0
2086,1.0,1.0,0.0,0.0,0.0,,0.6017409,0.63885003,0.49732813,0.48334455,0.58056843,0.3585523,2.0
2087,1.0,1.0,1.0,1.0,1.0,1.0,0.5689675,0.65596384,0.45071688,0.4604109,0.52692145,0.24624896,1.0
2088,1.0,1.0,0.0,1.0,1.0,0.0,0.608138,0.6692203,0.46761498,0.44311386,0.4941551,0.24862722,4.0
2089,0.0,1.0,1.0,1.0,0.0,1.0,0.5995706,0.66997087,0.46934268,0.49826583,0.5753689,0.2730624,4.0
2090,1.0,1.0,0.0,0.0,0.0,0.0,0.5755646,0.60375994,0.4661327,0.49569505,0.48878312,0.24506572,0.0
2091,0.0,0.0,0.0,0.0,0.0,0.0,0.7153092,0.7618954,0.5051641,0.46581498,0.5386379,0.26871258,1.0
2092,1.0,1.0,0.0,0.0,1.0,0.0,0.6157917,0.6552354,0.49509507,0.47038946,0.5260601,0.25024796,0.0
2093,1.0,1.0,1.0,1.0,1.0,1.0,0.616549,0.6582045,0.44798383,0.4411056,0.5667984,0.26899043,0.0
2094,0.0,0.0,0.0,0.0,0.0,,0.5801129,0.6617768,0.47930628,0.47082737,0.55689543,0.27846548,1.0
2095,1.0,1.0,1.0,1.0,1.0,1.0,0.60621876,0.6669819,0.4672503,0.45785332,0.54576737,0.27637058,1.0
2096,1.0,1.0,1.0,1.0,1.0,1.0,0.58965975,0.6544587,0.46841913,0.4839972,0.5749001,0.2570247,4.0
2097,1.0,1.0,1.0,1.0,1.0,1.0,0.57201964,0.6375754,0.46919304,0.43643793,0.4951657,0.24190576,2.0
2098,0.0,1.0,1.0,1.0,1.0,1.0,0.60709566,0.6556558,0.53762406,0.52340555,0.5495665,0.25750536,0.0
2099,1.0,1.0,1.0,1.0,1.0,1.0,0.559668,0.6342367,0.5022323,0.5027075,0.520497,0.2517632,0.0
2100,1.0,1.0,1.0,1.0,1.0,1.0,0.57492125,0.6167538,0.51426286,0.52055264,0.53756624,0.24923295,0.0
2101,1.0,1.0,0.0,0.0,1.0,0.0,0.6021695,0.66844386,0.50696373,0.46573517,0.5658505,0.2784996,0.0
2102,0.0,0.0,0.0,0.0,0.0,0.0,0.6581547,0.6615207,0.48331565,0.44977558,0.5795707,0.24332666,2.0
2103,1.0,1.0,1.0,0.0,1.0,0.0,0.5866373,0.6179257,0.42243627,0.4519858,0.5492115,0.2721249,1.0
2104,0.0,0.0,0.0,0.0,0.0,0.0,0.5770435,0.6121705,0.45843816,0.46348286,0.5513823,0.25207663,3.0
2105,1.0,1.0,0.0,0.0,1.0,,0.59391934,0.67785865,0.44574103,0.4799042,0.52965444,0.23402338,4.0
2106,0.0,0.0,0.0,0.0,0.0,0.0,0.61488473,0.6655882,0.43729168,0.4097504,0.52575797,0.2397935,3.0
2107,0.0,0.0,0.0,0.0,1.0,0.0,0.58591944,0.6342718,0.43728942,0.4763621,0.5432197,0.26481116,4.0
2108,1.0,1.0,0.0,0.0,0.0,,0.63415927,0.68999225,0.4692875,0.52973086,0.6140178,0.2536882,4.0
2109,1.0,1.0,1.0,1.0,1.0,1.0,0.5673591,0.63238513,0.37608638,0.42735505,0.4971348,0.24792436,4.0
2110,1.0,1.0,0.0,0.0,1.0,,0.59006613,0.6660979,0.51361924,0.4941328,0.52423966,0.24071024,4.0
2111,0.0,0.0,0.0,0.0,0.0,0.0,0.5235813,0.6522053,0.45562455,0.46424717,0.49198818,0.23929995,3.0
2112,1.0,1.0,0.0,0.0,1.0,0.0,0.5997979,0.6308992,0.47623244,0.48033547,0.5541149,0.25419044,3.0
2113,,1.0,1.0,1.0,1.0,0.0,0.5612917,0.62666655,0.3850308,0.44244534,0.47878182,0.24561445,4.0
2114,1.0,1.0,1.0,1.0,1.0,,0.5528583,0.65446156,0.4756574,0.4670621,0.52674705,0.2865198,2.0
2115,0.0,0.0,0.0,0.0,0.0,,0.5805068,0.6434679,0.47995645,0.4877504,0.5062645,0.27472806,4.0
2116,0.0,,1.0,1.0,1.0,1.0,0.6494568,0.64866614,0.48464543,0.47340235,0.544429,0.31194073,2.0
2117,1.0,1.0,0.0,0.0,0.0,,0.57691425,0.64970005,0.49380475,0.48189515,0.55961156,0.27263373,2.0
2118,1.0,1.0,1.0,1.0,1.0,,0.49225494,0.61439013,0.42172697,0.42722923,0.44241744,0.24007991,3.0
2119,1.0,1.0,1.0,1.0,1.0,1.0,0.57598746,0.67889625,0.48038864,0.42009616,0.5569628,0.27351773,1.0
2120,1.0,1.0,0.0,0.0,0.0,0.0,0.62440085,0.6881654,0.4750525,0.48724583,0.56864274,0.23733968,4.0
2121,0.0,0.0,0.0,0.0,1.0,0.0,0.616218,0.6563138,0.46944287,0.47978112,0.5282,0.25493598,3.0
2122,1.0,1.0,0.0,0.0,0.0,,0.61358654,0.6494952,0.45853448,0.48416173,0.52694654,0.25237644,3.0
2123,1.0,1.0,1.0,1.0,1.0,0.0,0.5954976,0.66917646,0.5238161,0.5063518,0.54980373,0.23693371,1.0
2124,0.0,0.0,0.0,0.0,0.0,0.0,0.5643466,0.66356623,0.46215,0.44012445,0.5551548,0.2764768,1.0
2125,0.0,0.0,0.0,0.0,0.0,0.0,0.5915151,0.6259329,0.42989287,0.4251728,0.5067138,0.24886508,3.0
2126,1.0,1.0,0.0,0.0,1.0,0.0,0.5659837,0.62453353,0.41254985,0.45643866,0.5072052,0.23230165,3.0
2127,0.0,0.0,0.0,0.0,0.0,0.0,0.5735647,0.64172983,0.42258787,0.44838268,0.5366583,0.23774791,0.0
2128,1.0,1.0,0.0,1.0,1.0,1.0,0.53597414,0.62879986,0.45540673,0.4317075,0.4817304,0.24436574,3.0
2129,1.0,1.0,0.0,0.0,1.0,0.0,0.5635309,0.6260473,0.32298893,0.35647696,0.5349227,0.2401482,4.0
2130,0.0,0.0,0.0,0.0,0.0,0.0,0.607705,0.6493831,0.48636147,0.47157055,0.52745557,0.26883796,0.0
2131,1.0,1.0,1.0,1.0,1.0,1.0,0.58507484,0.6657694,0.4951727,0.46433508,0.5319482,0.28523785,1.0
2132,1.0,1.0,0.0,1.0,1.0,0.0,0.55369306,0.63678867,0.4457407,0.44462293,0.52498037,0.27043813,1.0
2133,1.0,1.0,1.0,1.0,1.0,1.0,0.5996856,0.6479166,0.46964228,0.46290633,0.53948516,0.2693761,2.0
2134,1.0,1.0,1.0,1.0,1.0,1.0,0.5819866,0.6383264,0.44696248,0.46195355,0.52348644,0.26865095,0.0
2135,1.0,1.0,1.0,1.0,1.0,1.0,0.6020295,0.64082605,0.41786447,0.45194206,0.6255492,0.23331203,4.0
2136,1.0,1.0,1.0,1.0,1.0,,0.5721717,0.6811323,0.43306187,0.450659,0.5523538,0.26333907,1.0
2137,0.0,0.0,0.0,0.0,0.0,,0.5959998,0.6838638,0.5094254,0.4723612,0.55190444,0.27425864,1.0
2138,1.0,1.0,0.0,0.0,0.0,0.0,0.57547796,0.58686703,0.3956717,0.41411218,0.5091893,0.274306,1.0
2139,1.0,1.0,1.0,1.0,1.0,1.0,0.49469098,0.5801371,0.44696617,0.4186758,0.48327366,0.24550772,3.0
2140,,1.0,1.0,1.0,1.0,0.0,0.5672814,0.6291216,0.42672122,0.42189437,0.474208,0.2515932,4.0
2141,1.0,1.0,1.0,1.0,1.0,,0.60307384,0.6530093,0.53790337,0.46492994,0.54615575,0.24919775,4.0
2142,1.0,1.0,1.0,1.0,1.0,0.0,0.6205192,0.6643682,0.5411362,0.49232334,0.5557878,0.2719439,0.0
2143,1.0,1.0,0.0,0.0,1.0,0.0,0.5949699,0.7091554,0.48768616,0.5195462,0.56328475,0.27390742,1.0
2144,0.0,0.0,0.0,0.0,0.0,0.0,0.5999106,0.6191041,0.4041189,0.41699943,0.5193179,0.24386796,3.0
2145,1.0,1.0,0.0,0.0,1.0,0.0,0.73366654,0.76380855,0.426201,0.46053833,0.55616784,0.2686746,1.0
2146,1.0,1.0,0.0,0.0,0.0,0.0,0.5935213,0.6678736,0.49377245,0.46974003,0.5338256,0.2867228,2.0
2147,0.0,0.0,0.0,0.0,0.0,0.0,0.5756,0.6597446,0.47754234,0.4443196,0.5349865,0.25333244,2.0
2148,1.0,1.0,1.0,1.0,1.0,1.0,0.5770168,0.63056666,0.46463463,0.46326926,0.5171661,0.27189696,1.0
2149,1.0,1.0,1.0,1.0,1.0,1.0,0.6035388,0.644805,0.47482273,0.45543167,0.562233,0.25410542,4.0
2150,1.0,1.0,1.0,1.0,1.0,1.0,0.5939283,0.6469173,0.45459706,0.4877152,0.54550564,0.27589118,4.0
2151,1.0,1.0,1.0,1.0,1.0,0.0,0.64572763,0.67842937,0.47619137,0.50021076,0.5212393,0.26637197,0.0
2152,0.0,0.0,0.0,0.0,0.0,0.0,0.58119375,0.6356021,0.4764659,0.49536383,0.55994344,0.25136945,4.0
2153,0.0,0.0,0.0,0.0,0.0,0.0,0.5806096,0.629239,0.48693478,0.47481942,0.55137765,0.2709574,2.0
2154,0.0,0.0,0.0,0.0,0.0,,0.61092716,0.6653311,0.47431463,0.466092,0.53929955,0.26699048,0.0
2155,1.0,1.0,1.0,1.0,1.0,1.0,0.6015422,0.66565496,0.48671156,0.44971693,0.5227439,0.2736716,2.0
2156,0.0,0.0,0.0,0.0,0.0,0.0,0.6093694,0.66276586,0.43308806,0.42919466,0.56457037,0.26389444,1.0
2157,0.0,0.0,0.0,0.0,0.0,0.0,0.5849649,0.62337285,0.4005469,0.45668685,0.52064604,0.24510765,4.0
2158,1.0,1.0,0.0,0.0,0.0,,0.6223406,0.6664897,0.5196962,0.4976621,0.5125465,0.27507567,0.0
2159,1.0,1.0,1.0,1.0,0.0,1.0,0.62565225,0.658123,0.53494745,0.4567627,0.51373863,0.25600946,0.0
2160,1.0,1.0,0.0,0.0,0.0,0.0,0.52695143,0.62012655,0.43074664,0.44502854,0.49610808,0.24193642,3.0
2161,0.0,0.0,0.0,0.0,0.0,0.0,0.6098181,0.6718281,0.40646744,0.41163817,0.50155497,0.26805052,1.0
2162,1.0,1.0,1.0,1.0,1.0,1.0,0.58995914,0.6398301,0.46308997,0.4426634,0.44473755,0.23635577,2.0
2163,0.0,0.0,0.0,0.0,0.0,,0.5591043,0.61934704,0.44701272,0.46327615,0.52582717,0.24519946,3.0
2164,1.0,1.0,0.0,1.0,1.0,0.0,0.5712499,0.6219127,0.3842177,0.4237446,0.46079624,0.26746133,1.0
2165,1.0,,1.0,1.0,1.0,0.0,0.5931427,0.64550745,0.48707289,0.45309013,0.5175487,0.2482538,2.0
2166,0.0,0.0,0.0,0.0,0.0,0.0,0.585883,0.5998114,0.41723818,0.4253891,0.52579,0.24428502,3.0
