,True_3TC,True_ABC,True_AZT,True_D4T,True_DDI,True_TDF,Pred_Proba_3TC,Pred_Proba_ABC,Pred_Proba_AZT,Pred_Proba_D4T,Pred_Proba_DDI,Pred_Proba_TDF,kFolds
0,0.0,0.0,0.0,0.0,0.0,0.0,0.71,0.58,0.0,0.53,0.8,0.51,2.0
1,0.0,1.0,0.0,1.0,1.0,0.0,0.94,0.75,0.01,0.71,0.79,0.74,4.0
2,0.0,0.0,0.0,0.0,0.0,0.0,0.75,0.61,0.01,0.53,0.79,0.6,2.0
3,1.0,1.0,0.0,0.0,1.0,0.0,0.0,0.01,0.0,0.02,0.0,0.0,2.0
4,1.0,1.0,0.0,0.0,1.0,0.0,0.0,0.0,0.0,0.0,0.0,0.0,3.0
5,1.0,1.0,1.0,1.0,1.0,1.0,0.02,0.1,0.0,0.0,0.05,0.0,2.0
6,1.0,1.0,1.0,1.0,1.0,1.0,0.65,0.53,0.0,0.17,0.7,0.26,2.0
7,1.0,1.0,1.0,1.0,1.0,0.0,0.24533333333333335,0.49,0.0,0.09,0.6,0.01,2.0
8,0.0,1.0,1.0,1.0,0.0,1.0,0.29,0.36,0.0,0.0,0.24,0.0,4.0
9,1.0,1.0,0.0,0.0,1.0,0.0,1.0,0.99,0.0,0.0,0.82,0.0,3.0
10,0.0,0.0,0.0,0.0,0.0,0.0,1.0,1.0,0.0,0.26,0.9153809523809524,0.38,1.0
11,0.0,0.0,0.0,0.0,0.0,0.0,0.9,1.0,0.0,0.0,0.94,0.0,3.0
12,0.0,0.0,0.0,1.0,1.0,1.0,0.92,1.0,0.01,0.0,0.6522380952380952,0.01,2.0
13,0.0,1.0,1.0,1.0,1.0,0.0,0.96,0.93,0.01,0.09,0.945,0.21,4.0
14,1.0,1.0,1.0,1.0,1.0,0.0,0.0,0.0,0.0,0.01,0.01,0.0,4.0
15,0.0,0.0,0.0,0.0,0.0,0.0,0.03,0.0,0.0,0.0,0.03,0.0,0.0
16,1.0,1.0,0.0,1.0,1.0,0.0,0.193,0.54,0.14,0.68,0.6,0.0,3.0
17,1.0,1.0,0.0,0.0,1.0,1.0,0.193,0.54,0.14,0.68,0.6,0.0,3.0
18,1.0,0.0,0.0,0.0,0.0,0.0,0.1525,0.25,0.01,0.25,0.21,0.01,1.0
19,1.0,1.0,0.0,0.0,1.0,0.0,0.1075,0.25,0.02,0.26,0.25,0.0,3.0
20,0.0,0.0,0.0,0.0,0.0,0.0,0.05,0.55,0.08,0.68,0.55,0.01,4.0
21,0.0,1.0,1.0,1.0,0.0,1.0,0.05,0.55,0.08,0.68,0.55,0.01,4.0
22,1.0,1.0,1.0,1.0,0.0,0.0,0.0525,0.9,0.01,0.72,0.93,0.0,3.0
23,1.0,1.0,0.0,0.0,1.0,0.0,0.6066666666666667,0.81,0.01,0.61,0.87,0.01,0.0
24,0.0,0.0,0.0,0.0,0.0,0.0,0.28900000000000003,0.48,0.0,0.32,0.65,0.0,2.0
25,0.0,0.0,0.0,0.0,0.0,0.0,0.28900000000000003,0.48,0.0,0.32,0.65,0.0,2.0
26,1.0,1.0,0.0,0.0,0.0,0.0,0.0,0.01,0.0,0.01,0.01,0.0,4.0
27,1.0,1.0,1.0,0.0,1.0,0.0,0.0,0.01,0.0,0.02,0.0,0.0,2.0
28,1.0,1.0,0.0,1.0,1.0,0.0,0.12,0.16,0.0,0.0,0.11,0.02,3.0
29,1.0,1.0,0.0,0.0,0.0,0.0,0.05,0.1,0.0,0.0,0.1,0.0,0.0
30,0.0,0.0,0.0,0.0,0.0,0.0,0.98,0.91,0.0,0.01,0.99,0.0,0.0
31,0.0,0.0,0.0,0.0,0.0,0.0,0.93,0.9,0.0,0.0,0.9,0.0,1.0
32,1.0,1.0,0.0,1.0,1.0,1.0,1.0,0.99,0.0,0.0,0.9298095238095238,0.0,0.0
33,1.0,1.0,1.0,0.0,1.0,0.0,1.0,0.98,0.0,0.0,0.9583333333333335,0.0,2.0
34,1.0,1.0,0.0,1.0,1.0,1.0,0.97,0.85,0.0,0.0,0.81,0.0,4.0
35,1.0,1.0,1.0,1.0,1.0,1.0,0.91,0.83,0.0,0.0,0.84,0.02,3.0
36,0.0,0.0,0.0,0.0,0.0,0.0,1.0,0.99,0.0,0.0,0.82,0.0,3.0
37,1.0,1.0,0.0,0.0,1.0,0.0,1.0,1.0,0.01,0.0,0.4937142857142857,0.0,4.0
38,0.0,0.0,0.0,0.0,0.0,0.0,0.03,0.06,0.0,0.0,0.08,0.03,3.0
39,0.0,0.0,1.0,0.0,0.0,0.0,0.02,0.1,0.0,0.0,0.05,0.0,2.0
40,0.0,0.0,1.0,0.0,0.0,1.0,0.15,0.83,0.88,0.83,0.76,0.77,4.0
41,1.0,1.0,1.0,1.0,1.0,1.0,0.85,0.8,0.86,0.83,0.76,0.8,1.0
42,0.0,0.0,0.0,0.0,0.0,0.0,0.98,0.99,1.0,0.98,0.98,0.97,2.0
43,0.0,1.0,0.0,0.0,1.0,1.0,1.0,0.98,0.99,0.96,0.95,0.93,0.0
44,1.0,1.0,1.0,1.0,1.0,0.0,0.94,1.0,0.97,0.98,0.97,0.96,0.0
45,0.0,0.0,0.0,0.0,0.0,0.0,0.95,0.99,0.95,0.98,0.96,0.91,2.0
46,1.0,1.0,1.0,1.0,1.0,1.0,0.97,0.98,0.24600000000000002,0.15,0.24,0.09,3.0
47,0.0,0.0,0.0,0.0,0.0,0.0,0.99,0.99,0.26,0.18,0.21,0.11,2.0
48,0.0,0.0,0.0,0.0,0.0,0.0,0.94,0.99,0.95,0.94,0.98,0.04,1.0
49,1.0,1.0,1.0,0.0,0.0,0.0,0.98,1.0,0.93,0.99,0.98,0.09,0.0
50,1.0,1.0,1.0,1.0,1.0,1.0,0.25,0.86,0.96,0.81,0.29,0.88,3.0
51,0.0,1.0,1.0,1.0,1.0,1.0,0.19,0.85,0.98,0.84,0.21,0.9,0.0
52,1.0,0.0,0.0,0.0,1.0,0.0,0.03,0.07,0.0,0.0,0.03,0.0,2.0
53,1.0,1.0,0.0,0.0,1.0,0.0,0.04,0.07,0.0,0.0,0.04,0.0,4.0
54,0.0,1.0,1.0,1.0,0.0,1.0,0.97,0.94,0.0,0.69,0.94,0.0,1.0
55,1.0,1.0,1.0,1.0,1.0,0.0,1.0,0.86,0.0,0.58,0.94,0.0,2.0
56,0.0,0.0,0.0,0.0,0.0,0.0,0.93,0.87,0.0,0.18,0.93,0.0,0.0
57,0.0,0.0,0.0,0.0,0.0,0.0,0.91,0.88,0.0,0.2,0.94,0.0,3.0
58,0.0,0.0,0.0,0.0,0.0,0.0,0.04,0.04,0.0,0.12,0.06,0.0,1.0
59,1.0,1.0,1.0,1.0,1.0,1.0,0.03,0.11,0.0,0.16,0.05,0.0,0.0
60,1.0,1.0,1.0,1.0,1.0,0.0,0.0,0.03,0.0,0.0,0.0,0.0,2.0
61,0.0,0.0,0.0,0.0,0.0,0.0,0.01,0.0,0.0,0.0,0.0,0.0,3.0
62,1.0,1.0,1.0,0.0,0.0,0.0,0.08,0.06,0.04,0.15,0.07,0.14,2.0
63,1.0,1.0,1.0,1.0,1.0,1.0,0.13,0.19,0.11,0.1,0.245,0.12,1.0
64,0.0,1.0,1.0,1.0,1.0,1.0,0.05,0.06,0.02,0.01,0.07,0.0,4.0
65,0.0,0.0,0.0,0.0,0.0,0.0,0.05,0.07,0.03,0.03,0.04,0.0,0.0
66,1.0,1.0,1.0,1.0,1.0,1.0,0.63,0.79,0.55,0.72,0.89,0.54,2.0
67,1.0,1.0,0.0,0.0,0.0,0.0,0.35,0.43,0.36,0.27,0.34,0.26,0.0
68,0.0,0.0,0.0,0.0,0.0,0.0,0.87,0.99,0.9390000000000001,0.95,0.78,0.8,2.0
69,0.0,0.0,0.0,0.0,0.0,0.0,0.92,0.99,0.79,0.95,0.95,0.41,0.0
70,1.0,1.0,1.0,1.0,1.0,1.0,0.96,0.97,0.86,0.91,0.95,0.35,0.0
71,0.0,0.0,0.0,0.0,0.0,0.0,0.09,0.1,0.12,0.13,0.02,0.09,2.0
72,1.0,1.0,0.0,0.0,0.0,0.0,0.54,0.56,0.12,0.24,0.66,0.41,2.0
73,0.0,0.0,0.0,0.0,0.0,0.0,0.08,0.1,0.03,0.06,0.03,0.05,0.0
74,1.0,1.0,0.0,1.0,1.0,0.0,0.81,0.95,0.44,0.52,0.58,0.39,2.0
75,0.0,0.0,0.0,0.0,0.0,0.0,0.89,0.95,0.7275,0.74,0.74,0.52,3.0
76,0.0,0.0,0.0,0.0,0.0,0.0,0.86,0.99,0.52,0.59,0.68,0.29,0.0
77,0.0,0.0,0.0,0.0,0.0,0.0,0.06,0.07,0.04,0.01,0.09,0.0,2.0
78,0.0,0.0,1.0,0.0,0.0,0.0,0.91,0.87,0.02,0.33,0.78,0.63,0.0
79,1.0,1.0,1.0,1.0,1.0,1.0,0.58,0.85,0.87,0.66,0.48,0.59,3.0
80,0.0,0.0,0.0,0.0,0.0,0.0,0.73,0.81,0.03,0.05,0.61,0.05,2.0
81,1.0,1.0,1.0,1.0,1.0,1.0,0.9,0.98,0.84,0.68,0.74,0.54,1.0
82,0.0,0.0,0.0,0.0,0.0,0.0,0.9,0.93,0.3,0.2,0.45799999999999996,0.13,2.0
83,1.0,1.0,0.0,0.0,1.0,0.0,0.87,0.93,0.32,0.43,0.7,0.37,1.0
84,0.0,1.0,1.0,1.0,1.0,0.0,0.72,0.87,0.05,0.07,0.56,0.08,2.0
85,0.0,0.0,0.0,0.0,0.0,0.0,0.97,0.99,0.75,0.88,0.88,0.38,2.0
86,0.0,0.0,0.0,0.0,0.0,0.0,0.96,0.99,0.87,0.94,0.82,0.42,1.0
87,1.0,1.0,1.0,1.0,1.0,1.0,0.13,0.21,0.05,0.07,0.21,0.04,4.0
88,0.0,0.0,0.0,0.0,0.0,0.0,0.415,0.69,0.77,0.67,0.37,0.5,1.0
89,0.0,0.0,0.0,0.0,0.0,0.0,0.13,0.14,0.03,0.09,0.09,0.07,3.0
90,1.0,1.0,1.0,1.0,1.0,1.0,0.54,0.89,0.8,0.86,0.67,0.49,3.0
91,1.0,1.0,0.0,0.0,0.0,0.0,0.08,0.15,0.02,0.06,0.11,0.05,4.0
92,0.0,0.0,1.0,1.0,0.0,1.0,0.03,0.06,0.0,0.02,0.02,0.01,2.0
93,1.0,1.0,1.0,1.0,1.0,0.0,0.29,0.46,0.21,0.21,0.4,0.17,3.0
94,1.0,1.0,1.0,1.0,1.0,1.0,0.89,0.85,0.01,0.02,0.5121666666666667,0.01,2.0
95,0.0,0.0,0.0,0.0,0.0,0.0,0.51,0.77,0.84,0.64,0.39,0.57,4.0
96,1.0,1.0,0.0,1.0,0.0,0.0,0.2,0.2,0.08,0.09,0.3233333333333333,0.14,1.0
97,1.0,1.0,0.0,0.0,0.0,0.0,0.79,0.93,0.91,0.95,0.91,0.68,2.0
98,0.0,1.0,1.0,1.0,1.0,1.0,0.06,0.0,0.0,0.01,0.05,0.0,4.0
99,0.0,0.0,0.0,0.0,0.0,0.0,0.88,0.86,0.05,0.11,0.53,0.06,0.0
100,0.0,0.0,0.0,0.0,0.0,0.0,0.74,0.67,0.04,0.18,0.71,0.2,0.0
101,1.0,1.0,1.0,1.0,1.0,1.0,0.07,0.08,0.0,0.07,0.19,0.06,0.0
102,0.0,0.0,0.0,0.0,0.0,0.0,0.86,0.9,0.62,0.45,0.59,0.3,2.0
103,1.0,1.0,0.0,0.0,1.0,0.0,0.96,0.99,0.92,0.83,0.93,0.4,4.0
104,1.0,1.0,1.0,1.0,1.0,1.0,0.97,1.0,0.92,0.95,0.98,0.4,2.0
105,1.0,1.0,0.0,0.0,1.0,0.0,0.13,0.13,0.07,0.05,0.29,0.15,2.0
106,1.0,1.0,1.0,0.0,1.0,1.0,0.57,0.79,0.71,0.58,0.48,0.54,2.0
107,1.0,1.0,1.0,1.0,1.0,1.0,0.54,0.88,0.83,0.87,0.58,0.76,0.0
108,0.0,0.0,0.0,0.0,0.0,0.0,0.19,0.24,0.3,0.21,0.23,0.19,3.0
109,0.0,0.0,0.0,0.0,0.0,0.0,0.94,0.95,0.905,0.92,0.95,0.31,0.0
110,1.0,1.0,0.0,0.0,1.0,0.0,0.86,0.93,0.77,0.84,0.53,0.37,2.0
111,1.0,1.0,0.0,0.0,1.0,0.0,0.96,0.97,0.78,0.86,0.88,0.55,1.0
112,1.0,1.0,1.0,1.0,1.0,1.0,0.05,0.01,0.01,0.05,0.16,0.0,4.0
113,1.0,1.0,1.0,1.0,1.0,1.0,0.94,0.99,0.71,0.57,0.88,0.27,1.0
114,1.0,1.0,1.0,1.0,1.0,1.0,0.82,0.84,0.47,0.38,0.63,0.18,3.0
115,0.0,0.0,0.0,0.0,0.0,0.0,0.81,0.87,0.35,0.34,0.53,0.26,0.0
116,1.0,1.0,1.0,1.0,1.0,0.0,0.71,0.97,0.93,0.95,0.83,0.6,3.0
117,1.0,1.0,1.0,0.0,0.0,1.0,0.93,0.99,0.85,0.96,0.94,0.46,2.0
118,0.0,0.0,0.0,0.0,0.0,0.0,0.61,0.87,0.8,0.67,0.64,0.67,3.0
119,1.0,1.0,1.0,1.0,1.0,1.0,0.97,0.94,0.6275,0.7,0.75,0.42,3.0
120,1.0,1.0,1.0,0.0,1.0,0.0,0.21,0.39,0.15,0.21,0.27,0.14,2.0
121,0.0,0.0,0.0,0.0,0.0,0.0,0.83,0.72,0.13,0.05,0.22,0.06,4.0
122,0.0,1.0,1.0,1.0,1.0,0.0,0.59,0.93,0.8,0.81,0.82,0.46,4.0
123,1.0,1.0,1.0,1.0,0.0,1.0,0.05,0.05,0.0,0.07,0.15,0.0,0.0
124,0.0,0.0,0.0,0.0,0.0,0.0,0.11,0.08,0.0,0.04,0.08,0.0,0.0
125,1.0,1.0,0.0,1.0,1.0,0.0,0.67,0.88,0.8340000000000001,0.84,0.72,0.6,2.0
126,1.0,1.0,1.0,1.0,1.0,1.0,0.445,0.73,0.76,0.73,0.81,0.36,1.0
127,0.0,0.0,0.0,0.0,0.0,0.0,0.88,0.91,0.08,0.08,0.75,0.02,3.0
128,1.0,1.0,0.0,0.0,1.0,0.0,0.74,0.77,0.03,0.05,0.42,0.02,0.0
129,1.0,1.0,1.0,1.0,1.0,0.0,0.03,0.06,0.01,0.03,0.08,0.0,1.0
130,0.0,1.0,1.0,1.0,1.0,1.0,0.89,0.97,0.7,0.72,0.79,0.57,4.0
131,1.0,1.0,1.0,1.0,1.0,0.0,0.96,0.98,0.9,0.92,0.84,0.31,1.0
132,0.0,0.0,0.0,0.0,0.0,0.0,0.53,0.78,0.82,0.64,0.52,0.62,2.0
133,1.0,1.0,1.0,0.0,0.0,1.0,0.15,0.11,0.01,0.05,0.08,0.01,3.0
134,1.0,1.0,0.0,0.0,1.0,1.0,0.52,0.78,0.66,0.48,0.58,0.5,4.0
135,1.0,1.0,0.0,0.0,1.0,0.0,0.8,0.9,0.47,0.53,0.79,0.16,0.0
136,0.0,0.0,0.0,0.0,0.0,0.0,0.75,0.63,0.25,0.26,0.5,0.16,2.0
137,0.0,1.0,1.0,1.0,1.0,1.0,0.11,0.07,0.04,0.13,0.12,0.05,2.0
138,1.0,1.0,0.0,1.0,1.0,1.0,0.2,0.25,0.07,0.1,0.21,0.03,2.0
139,1.0,1.0,1.0,0.0,1.0,0.0,0.05,0.05,0.01,0.03,0.16,0.03,2.0
140,1.0,1.0,1.0,1.0,1.0,1.0,0.03,0.0,0.01,0.01,0.0,0.01,1.0
141,1.0,1.0,0.0,0.0,1.0,0.0,0.13,0.17,0.1,0.17,0.25,0.08,0.0
142,1.0,1.0,1.0,1.0,1.0,1.0,0.93,0.97,0.93,0.92,0.86,0.48,1.0
143,1.0,1.0,1.0,1.0,1.0,1.0,0.89,0.85,0.01,0.0,0.355,0.0,4.0
144,0.0,1.0,1.0,1.0,0.0,0.0,0.35,0.41,0.21,0.33,0.41,0.15,2.0
145,1.0,1.0,1.0,1.0,1.0,1.0,0.03,0.04,0.01,0.02,0.0,0.0,3.0
146,0.0,0.0,0.0,1.0,1.0,0.0,0.93,0.98,0.87,0.9,0.91,0.48,4.0
147,0.0,0.0,0.0,0.0,0.0,0.0,0.96,1.0,0.76,0.96,0.95,0.48,1.0
148,1.0,1.0,1.0,1.0,1.0,0.0,0.04,0.03,0.0,0.01,0.12,0.0,1.0
149,1.0,1.0,0.0,0.0,1.0,0.0,0.68,0.63,0.05,0.03,0.33,0.01,3.0
150,1.0,1.0,0.0,0.0,1.0,0.0,0.83,0.38,0.1,0.04,0.26,0.11,4.0
151,1.0,1.0,0.0,0.0,0.0,0.0,0.93,0.96,0.14,0.13,0.15,0.02,4.0
152,1.0,1.0,1.0,1.0,1.0,0.0,0.66,0.36,0.04,0.09,0.38,0.01,4.0
153,0.0,0.0,1.0,0.0,0.0,1.0,0.98,0.96,0.86,0.94,0.8,0.55,3.0
154,0.0,0.0,0.0,0.0,0.0,0.0,0.07,0.07,0.02,0.0,0.07,0.0,3.0
155,1.0,1.0,1.0,1.0,1.0,1.0,0.03,0.05,0.02,0.04,0.12,0.03,1.0
156,1.0,1.0,0.0,0.0,1.0,0.0,0.13,0.29,0.14,0.17,0.32,0.18,1.0
157,1.0,1.0,1.0,1.0,0.0,1.0,0.93,0.99,0.95,0.89,0.86,0.49,3.0
158,1.0,1.0,1.0,1.0,1.0,1.0,0.98,1.0,0.84,0.85,0.84,0.55,1.0
159,0.0,0.0,0.0,0.0,0.0,0.0,0.09,0.16,0.04,0.06,0.15,0.07,3.0
160,1.0,1.0,1.0,1.0,1.0,1.0,0.08,0.07,0.01,0.02,0.08,0.0,4.0
161,1.0,1.0,1.0,1.0,1.0,1.0,0.92,0.84,0.03,0.02,0.58,0.04,4.0
162,1.0,1.0,1.0,1.0,1.0,0.0,0.88,0.87,0.46,0.52,0.77,0.28,0.0
163,1.0,1.0,0.0,0.0,1.0,0.0,0.06,0.05,0.01,0.01,0.04,0.01,0.0
164,1.0,1.0,1.0,1.0,1.0,0.0,0.89,0.93,0.6,0.52,0.655,0.22,1.0
165,1.0,1.0,0.0,0.0,1.0,0.0,0.9,0.96,0.8240000000000001,0.79,0.83,0.59,2.0
166,1.0,1.0,1.0,1.0,1.0,0.0,0.98,1.0,1.0,0.98,0.98,0.67,4.0
167,1.0,1.0,1.0,1.0,1.0,1.0,0.93,0.98,0.92,0.9,0.97,0.34,2.0
168,0.0,0.0,0.0,0.0,0.0,0.0,0.11,0.1,0.0,0.08,0.15,0.04,0.0
169,1.0,1.0,1.0,1.0,1.0,1.0,0.47,0.51,0.03,0.43,0.52,0.33,3.0
170,1.0,1.0,1.0,1.0,1.0,0.0,0.44,0.73,0.03,0.45,0.78,0.63,0.0
171,1.0,1.0,0.0,0.0,1.0,0.0,0.09,0.09,0.01,0.02,0.11,0.03,2.0
172,1.0,1.0,1.0,1.0,1.0,1.0,0.29,0.7,0.56,0.47,0.48,0.28,3.0
173,1.0,1.0,1.0,1.0,1.0,0.0,0.91,0.91,0.59,0.6,0.68,0.23,0.0
174,1.0,1.0,1.0,0.0,0.0,0.0,0.72,0.81,0.91,0.66,0.55,0.75,1.0
175,0.0,0.0,0.0,0.0,0.0,0.0,0.86,0.96,0.78,0.91,0.9,0.465,0.0
176,1.0,1.0,1.0,1.0,0.0,0.0,0.94,0.97,0.92,0.93,0.92,0.44666666666666666,3.0
177,0.0,0.0,0.0,0.0,1.0,0.0,0.478,0.81,0.71,0.8,0.75,0.47,1.0
178,0.0,0.0,1.0,0.0,0.0,0.0,0.58,0.73,0.71,0.68,0.65,0.54,1.0
179,1.0,1.0,0.0,0.0,1.0,0.0,0.83,0.96,0.4,0.36,0.86,0.12,1.0
180,1.0,1.0,0.0,0.0,1.0,0.0,0.39,0.72,0.66,0.67,0.62,0.48,3.0
181,1.0,1.0,1.0,1.0,1.0,0.0,0.85,0.91,0.72,0.79,0.79,0.45,1.0
182,1.0,1.0,1.0,1.0,1.0,1.0,0.04,0.07,0.0,0.01,0.06,0.01,2.0
183,1.0,1.0,1.0,1.0,1.0,1.0,0.93,0.99,0.94,0.97,0.96,0.65,2.0
184,1.0,1.0,1.0,0.0,1.0,0.0,0.97,1.0,0.95,0.96,0.93,0.58,0.0
185,0.0,0.0,0.0,0.0,0.0,0.0,0.02,0.02,0.0,0.01,0.01,0.0,0.0
186,1.0,1.0,1.0,1.0,1.0,1.0,0.97,0.97,0.91,0.83,0.89,0.47,4.0
187,1.0,1.0,1.0,1.0,1.0,1.0,0.94,0.98,0.76,0.86,0.841,0.47,4.0
188,1.0,1.0,1.0,1.0,1.0,1.0,0.79,0.83,0.13,0.12,0.61,0.09,0.0
189,1.0,1.0,1.0,1.0,1.0,1.0,0.87,0.91,0.81,0.73,0.81,0.58,4.0
190,1.0,1.0,0.0,0.0,0.0,0.0,0.04,0.05,0.0,0.0,0.07,0.0,3.0
191,1.0,1.0,0.0,0.0,0.0,0.0,0.19,0.62,0.36,0.38,0.27,0.03,3.0
192,1.0,1.0,1.0,1.0,1.0,1.0,0.36,0.7,0.35,0.51,0.68,0.24,1.0
193,1.0,1.0,1.0,1.0,1.0,1.0,0.01,0.03,0.01,0.0,0.06,0.0,2.0
194,1.0,1.0,1.0,1.0,1.0,1.0,0.95,0.98,0.68,0.54,0.67,0.29,2.0
195,0.0,0.0,0.0,0.0,0.0,0.0,0.395,0.67,0.72,0.56,0.33,0.45,1.0
196,1.0,1.0,0.0,0.0,1.0,0.0,0.99,0.99,0.89,0.92,0.84,0.46,1.0
197,1.0,1.0,1.0,1.0,0.0,1.0,0.95,0.96,0.95,0.95,0.97,0.59,4.0
198,1.0,1.0,0.0,0.0,0.0,0.0,0.2,0.24,0.08,0.1,0.21,0.17,0.0
199,1.0,1.0,1.0,1.0,1.0,0.0,0.34,0.77,0.79,0.58,0.43,0.49,0.0
200,0.0,0.0,0.0,0.0,0.0,0.0,0.09,0.08,0.07,0.1,0.08,0.08,4.0
201,0.0,0.0,0.0,0.0,0.0,0.0,0.91,0.96,0.82,0.8,0.83,0.6,4.0
202,0.0,0.0,0.0,0.0,0.0,0.0,0.98,0.98,0.96,0.95,0.94,0.69,4.0
203,1.0,1.0,1.0,1.0,1.0,0.0,0.366,0.43,0.53,0.31,0.3,0.37,0.0
204,1.0,1.0,0.0,0.0,1.0,0.0,0.92,0.95,0.91,0.78,0.68,0.24,2.0
205,0.0,1.0,1.0,1.0,0.0,1.0,0.95,0.99,0.93,0.98,0.93,0.65,4.0
206,1.0,1.0,1.0,1.0,1.0,0.0,0.95,0.98,0.88,0.9,0.89,0.5,4.0
207,0.0,0.0,0.0,0.0,0.0,0.0,0.94,0.68,0.06,0.33,0.81,0.46,4.0
208,0.0,0.0,0.0,0.0,0.0,0.0,0.73,0.9,0.91,0.92,0.74,0.54,1.0
209,1.0,1.0,1.0,1.0,1.0,1.0,0.91,0.93,0.64,0.57,0.75,0.29,1.0
210,0.0,0.0,0.0,0.0,0.0,0.0,0.98,0.99,0.85,0.89,0.84,0.51,0.0
211,1.0,1.0,1.0,1.0,1.0,1.0,0.66,0.99,0.91,0.88,0.79,0.68,2.0
212,1.0,1.0,1.0,1.0,1.0,1.0,0.07,0.1,0.03,0.01,0.05,0.0,0.0
213,0.0,0.0,0.0,0.0,0.0,0.0,0.89,0.93,0.57,0.46,0.66,0.32,2.0
214,1.0,1.0,0.0,1.0,1.0,0.0,0.82,0.91,0.22,0.36,0.76,0.12,1.0
215,0.0,0.0,1.0,0.0,0.0,1.0,0.02,0.0,0.0,0.01,0.01,0.0,2.0
216,1.0,0.0,0.0,0.0,0.0,0.0,0.03,0.04,0.02,0.07,0.05,0.0,4.0
217,0.0,0.0,0.0,0.0,0.0,0.0,0.02,0.02,0.02,0.01,0.03,0.03,3.0
218,1.0,1.0,1.0,1.0,1.0,1.0,0.08,0.09,0.0,0.01,0.04,0.02,1.0
219,0.0,1.0,0.0,1.0,1.0,0.0,0.9,0.93,0.68,0.63,0.82,0.25,4.0
220,1.0,1.0,1.0,1.0,1.0,0.0,0.84,0.78,0.14,0.35,0.75,0.51,0.0
221,1.0,1.0,1.0,0.0,0.0,0.0,0.96,0.93,0.0,0.0,0.538547619047619,0.02,1.0
222,1.0,1.0,1.0,1.0,1.0,1.0,0.95,0.96,0.58,0.57,0.82,0.19,2.0
223,1.0,1.0,1.0,1.0,1.0,1.0,0.24,0.29,0.11,0.31,0.32,0.12,3.0
224,1.0,1.0,1.0,1.0,0.0,0.0,0.87,0.81,0.3,0.09,0.44,0.08,2.0
225,0.0,0.0,0.0,0.0,0.0,0.0,0.12,0.17,0.09,0.12,0.24,0.11,4.0
226,1.0,1.0,1.0,1.0,1.0,1.0,0.89,0.98,0.8,0.69,0.89,0.35,0.0
227,1.0,1.0,1.0,1.0,1.0,0.0,0.48,0.92,0.86,0.82,0.63,0.71,2.0
228,1.0,1.0,1.0,1.0,0.0,1.0,0.87,0.94,0.69,0.58,0.72,0.52,2.0
229,1.0,1.0,1.0,1.0,1.0,0.0,0.89,0.88,0.5366666666666666,0.44,0.7,0.41,4.0
230,0.0,0.0,0.0,0.0,0.0,0.0,0.14,0.16,0.11,0.09,0.16,0.0,4.0
231,1.0,1.0,1.0,1.0,1.0,1.0,0.21,0.35,0.17,0.08,0.16,0.12,0.0
232,0.0,0.0,0.0,0.0,0.0,0.0,0.83,0.76,0.14,0.2,0.6,0.12,2.0
233,1.0,1.0,1.0,1.0,1.0,0.0,0.35,0.9,0.89,0.85,0.54,0.7,1.0
234,1.0,1.0,1.0,1.0,1.0,0.0,0.46,0.7,0.8,0.71,0.51,0.54,3.0
235,1.0,1.0,0.0,0.0,0.0,0.0,0.09,0.11,0.04,0.04,0.03,0.03,2.0
236,0.0,1.0,0.0,0.0,0.0,0.0,0.82,0.91,0.34,0.4,0.8,0.21,1.0
237,0.0,1.0,1.0,1.0,1.0,1.0,0.61,0.8,0.83,0.86,0.71,0.52,0.0
238,1.0,1.0,1.0,1.0,1.0,0.0,0.43,0.84,0.79,0.78,0.47,0.43,3.0
239,0.0,0.0,0.0,0.0,0.0,0.0,0.01,0.03,0.0,0.03,0.05,0.01,0.0
240,1.0,1.0,0.0,0.0,0.0,0.0,0.54,0.42,0.16,0.12,0.4,0.07,0.0
241,1.0,1.0,0.0,0.0,1.0,0.0,0.58,0.77,0.73,0.75,0.53,0.53,4.0
242,1.0,1.0,0.0,0.0,0.0,0.0,0.09,0.07,0.12,0.13,0.05,0.12,2.0
243,0.0,0.0,0.0,0.0,0.0,0.0,0.11,0.04,0.02,0.02,0.05,0.04,1.0
244,1.0,1.0,1.0,1.0,0.0,0.0,0.89,0.95,0.61,0.46,0.71,0.19,0.0
245,1.0,1.0,0.0,0.0,0.0,0.0,0.1,0.02,0.02,0.01,0.11,0.03,3.0
246,1.0,1.0,1.0,1.0,1.0,1.0,0.97,0.95,0.79,0.85,0.93,0.52,4.0
247,0.0,0.0,0.0,0.0,0.0,0.0,0.92,1.0,0.85,0.96,0.9,0.65,0.0
248,1.0,1.0,1.0,1.0,1.0,1.0,0.55,0.78,0.8,0.62,0.52,0.53,2.0
249,1.0,1.0,1.0,0.0,0.0,0.0,0.03,0.07,0.0,0.05,0.1,0.0,2.0
250,0.0,0.0,0.0,0.0,0.0,0.0,0.01,0.02,0.01,0.01,0.04,0.01,3.0
251,1.0,1.0,0.0,0.0,1.0,0.0,0.3,0.73,0.77,0.6,0.72,0.45,0.0
252,1.0,1.0,0.0,1.0,1.0,0.0,0.86,0.91,0.63,0.52,0.84,0.28,4.0
253,1.0,1.0,0.0,0.0,1.0,0.0,0.83,0.99,0.85,0.75,0.72,0.44,4.0
254,1.0,1.0,1.0,1.0,1.0,1.0,0.92,0.92,0.61,0.6,0.75,0.36,1.0
255,0.0,0.0,0.0,1.0,1.0,0.0,0.91,0.95,0.7,0.45,0.73,0.26,3.0
256,0.0,0.0,0.0,0.0,0.0,0.0,0.9,0.99,0.8416666666666666,0.85,0.92,0.62,2.0
257,0.0,0.0,0.0,0.0,0.0,0.0,0.01,0.0,0.0,0.0,0.02,0.02,3.0
258,0.0,1.0,1.0,1.0,0.0,1.0,0.23,0.23,0.1,0.14,0.17,0.08,2.0
259,0.0,0.0,0.0,0.0,0.0,0.0,0.4,0.24,0.03,0.03,0.33,0.06,0.0
260,1.0,0.0,0.0,0.0,0.0,0.0,0.38,0.61,0.51,0.37,0.39,0.42,2.0
261,0.0,1.0,1.0,1.0,1.0,1.0,0.74,0.75,0.64,0.48,0.5666666666666667,0.41,0.0
262,0.0,0.0,0.0,0.0,0.0,0.0,0.66,0.68,0.06,0.25,0.66,0.36,4.0
263,0.0,1.0,0.0,1.0,1.0,0.0,0.18,0.18,0.03,0.04,0.16,0.02,3.0
264,0.0,0.0,0.0,0.0,0.0,0.0,0.53,0.67,0.41,0.5,0.4,0.49,3.0
265,0.0,1.0,1.0,1.0,0.0,0.0,0.75,0.86,0.76,0.72,0.75,0.43,1.0
266,0.0,0.0,0.0,0.0,0.0,0.0,0.85,1.0,0.79,0.87,0.74,0.47,1.0
267,0.0,0.0,0.0,0.0,0.0,0.0,0.9,0.94,0.76,0.73,0.77,0.3,2.0
268,0.0,0.0,0.0,0.0,0.0,0.0,0.51,0.74,0.6,0.63,0.57,0.48,3.0
269,1.0,1.0,0.0,0.0,0.0,0.0,0.12,0.17,0.03,0.02,0.22,0.02,4.0
270,1.0,1.0,1.0,1.0,1.0,0.0,0.31,0.43,0.38,0.22,0.19,0.07,0.0
271,1.0,1.0,1.0,1.0,1.0,0.0,0.74,0.91,0.25,0.15,0.46,0.06,0.0
272,1.0,1.0,1.0,1.0,1.0,0.0,0.96,0.91,0.05,0.09,0.26666666666666666,0.04,2.0
273,0.0,0.0,0.0,0.0,0.0,0.0,0.8,0.76,0.47,0.33,0.54,0.12,2.0
274,1.0,1.0,1.0,1.0,1.0,1.0,0.1,0.12,0.35,0.2,0.11,0.14,0.0
275,1.0,1.0,1.0,1.0,1.0,0.0,0.04,0.03,0.0,0.02,0.0,0.0,0.0
276,0.0,0.0,1.0,0.0,0.0,0.0,0.93,0.99,0.765,0.91,0.88,0.38,4.0
277,1.0,1.0,1.0,1.0,0.0,0.0,0.62,0.84,0.63,0.64,0.69,0.5,1.0
278,1.0,1.0,0.0,0.0,1.0,0.0,0.94,0.95,0.88,0.91,0.89,0.375,3.0
279,1.0,1.0,1.0,0.0,0.0,1.0,0.96,1.0,0.98,0.97,0.99,0.54,4.0
280,1.0,1.0,1.0,1.0,1.0,1.0,0.53,0.7,0.72,0.59,0.52625,0.47,2.0
281,0.0,0.0,0.0,1.0,1.0,0.0,0.23,0.31,0.1,0.14,0.2,0.11,2.0
282,1.0,1.0,1.0,1.0,1.0,1.0,0.75,0.94,0.67,0.63,0.81,0.42,1.0
283,0.0,0.0,0.0,0.0,1.0,0.0,0.93,0.75,0.03,0.03,0.38333333333333336,0.01,4.0
284,1.0,1.0,1.0,1.0,1.0,1.0,0.96,0.97,0.7,0.67,0.69,0.52,3.0
285,1.0,1.0,0.0,1.0,1.0,0.0,0.95,0.97,0.84,0.91,0.92,0.51,1.0
286,1.0,1.0,0.0,0.0,1.0,0.0,0.06,0.03,0.03,0.01,0.08,0.0,1.0
287,1.0,1.0,1.0,1.0,1.0,1.0,0.98,0.98,0.72,0.61,0.85,0.29,1.0
288,1.0,1.0,1.0,1.0,1.0,1.0,0.85,0.91,0.78,0.83,0.85,0.38,4.0
289,0.0,0.0,0.0,0.0,0.0,0.0,0.16,0.23,0.11,0.07,0.16,0.1,0.0
290,1.0,1.0,1.0,0.0,1.0,0.0,0.56,0.93,0.71,0.68,0.79,0.45,1.0
291,0.0,1.0,1.0,1.0,0.0,1.0,0.96,0.99,0.93,0.91,0.96,0.54,1.0
292,1.0,1.0,1.0,1.0,1.0,1.0,0.96,0.98,0.89,0.87,0.88,0.49,1.0
293,0.0,0.0,1.0,0.0,0.0,1.0,0.78,0.74,0.4,0.31,0.32,0.25,4.0
294,0.0,0.0,0.0,0.0,0.0,0.0,0.99,0.98,0.9,0.96,0.92,0.81,1.0
295,1.0,1.0,1.0,1.0,1.0,1.0,0.61,0.44,0.15,0.12,0.4,0.09,4.0
296,0.0,0.0,0.0,0.0,1.0,0.0,0.36,0.64,0.67,0.43,0.32,0.51,1.0
297,0.0,0.0,0.0,0.0,0.0,0.0,0.67,0.86,0.95,0.87,0.71,0.67,0.0
298,1.0,1.0,1.0,1.0,1.0,1.0,0.94,1.0,0.89,0.89,0.94,0.45,0.0
299,1.0,1.0,1.0,1.0,1.0,0.0,0.9166666666666667,0.96,0.89,0.91,0.87,0.61,2.0
300,0.0,0.0,0.0,0.0,0.0,0.0,0.01,0.04,0.0,0.01,0.24,0.01,0.0
301,0.0,0.0,0.0,0.0,0.0,0.0,0.94,1.0,0.88,0.85,0.91,0.64,3.0
302,0.0,0.0,0.0,0.0,0.0,0.0,0.95,0.99,0.93,0.98,0.98,0.62,2.0
303,0.0,0.0,0.0,0.0,0.0,0.0,0.86,1.0,0.855,0.87,0.86,0.515,0.0
304,0.0,0.0,0.0,0.0,0.0,0.0,0.11,0.13,0.03,0.04,0.09,0.02,3.0
305,1.0,1.0,0.0,1.0,1.0,1.0,0.95,0.94,0.9,0.81,0.92,0.14,2.0
306,1.0,1.0,1.0,1.0,1.0,1.0,0.0,0.03,0.0,0.02,0.01,0.01,1.0
307,1.0,1.0,1.0,1.0,1.0,0.0,0.81,0.91,0.93,0.93,0.8,0.83,2.0
308,1.0,1.0,1.0,1.0,1.0,1.0,0.88,0.91,0.03,0.01,0.65,0.01,1.0
309,1.0,1.0,0.0,0.0,1.0,0.0,0.06,0.07,0.01,0.02,0.08,0.04,1.0
310,0.0,0.0,0.0,0.0,1.0,0.0,0.0,0.02,0.0,0.01,0.0,0.01,1.0
311,1.0,1.0,1.0,1.0,1.0,1.0,0.88,0.99,0.87,0.85,0.82,0.48,2.0
312,1.0,1.0,0.0,0.0,1.0,0.0,0.92,0.94,0.87,0.85,0.9,0.51,1.0
313,0.0,0.0,0.0,0.0,0.0,0.0,0.61,0.92,0.75,0.84,0.75,0.58,3.0
314,1.0,1.0,0.0,0.0,1.0,0.0,0.97,0.99,0.84,0.83,0.91,0.41,2.0
315,1.0,1.0,0.0,0.0,1.0,0.0,0.92,0.95,0.6,0.48,0.71,0.45,4.0
316,1.0,1.0,0.0,0.0,1.0,0.0,0.83,0.84,0.67,0.59,0.66,0.42,0.0
317,1.0,1.0,1.0,1.0,1.0,0.0,0.03,0.01,0.0,0.02,0.07,0.01,4.0
318,1.0,1.0,0.0,0.0,1.0,0.0,0.98,0.97,0.53,0.54,0.79,0.28,2.0
319,1.0,1.0,1.0,1.0,1.0,1.0,0.02,0.01,0.0,0.02,0.09,0.0,2.0
320,0.0,1.0,1.0,1.0,0.0,1.0,0.95,0.97,0.28,0.98,0.96,0.89,3.0
321,1.0,1.0,0.0,0.0,0.0,0.0,0.03,0.08,0.04,0.04,0.09,0.0,2.0
322,1.0,1.0,0.0,0.0,1.0,0.0,0.87,0.97,0.9,0.78,0.75,0.49,1.0
323,1.0,1.0,1.0,1.0,1.0,1.0,0.02,0.04,0.01,0.01,0.02,0.0,1.0
324,0.0,1.0,1.0,1.0,1.0,1.0,0.55,0.83,0.71,0.67,0.68,0.67,0.0
325,1.0,1.0,1.0,1.0,1.0,1.0,0.62,0.87,0.97,0.95,0.7,0.87,2.0
326,0.0,0.0,0.0,0.0,0.0,0.0,0.74,0.77,0.03,0.01,0.51,0.01,1.0
327,0.0,0.0,0.0,0.0,0.0,0.0,0.71,0.79,0.19,0.16,0.52,0.07,1.0
328,1.0,1.0,1.0,1.0,1.0,0.0,0.89,0.96,0.63,0.6,0.75,0.41,2.0
329,1.0,1.0,0.0,0.0,1.0,0.0,0.96,0.98,0.83,0.67,0.72,0.41,2.0
330,1.0,1.0,1.0,1.0,1.0,1.0,0.76,0.41,0.08,0.09,0.335,0.1,4.0
331,1.0,1.0,1.0,1.0,1.0,0.0,0.06,0.06,0.06,0.19,0.11,0.09,0.0
332,0.0,0.0,0.0,0.0,0.0,0.0,0.9,0.98,0.9,0.93,0.91,0.67,0.0
333,0.0,0.0,0.0,0.0,0.0,0.0,0.07,0.04,0.01,0.01,0.14,0.05,2.0
334,1.0,1.0,1.0,1.0,0.0,1.0,0.49,0.68,0.47,0.47,0.39,0.36,2.0
335,1.0,1.0,0.0,0.0,1.0,0.0,0.96,0.99,0.89,0.98,0.94,0.61,3.0
336,0.0,0.0,0.0,0.0,0.0,0.0,0.06,0.06,0.02,0.01,0.2,0.09,2.0
337,1.0,1.0,0.0,0.0,1.0,0.0,0.95,0.98,0.79,0.88,0.81,0.59,4.0
338,0.0,1.0,1.0,1.0,1.0,1.0,0.49,0.76,0.69,0.72,0.41,0.51,3.0
339,1.0,1.0,1.0,1.0,1.0,0.0,0.85,0.87,0.06,0.03,0.5,0.02,0.0
340,1.0,1.0,0.0,1.0,1.0,0.0,0.16,0.07,0.02,0.04,0.13,0.0,3.0
341,0.0,0.0,0.0,0.0,0.0,0.0,0.71,0.78,0.73,0.66,0.59,0.6,1.0
342,0.0,0.0,0.0,0.0,0.0,0.0,0.03,0.04,0.01,0.02,0.05,0.0,0.0
343,1.0,1.0,1.0,0.0,1.0,1.0,0.8,0.8,0.52,0.41,0.6,0.25,4.0
344,1.0,1.0,0.0,0.0,1.0,0.0,0.09,0.08,0.1,0.07,0.15,0.07,0.0
345,1.0,1.0,1.0,1.0,1.0,1.0,0.92,0.98,0.86,0.82,0.9,0.49,4.0
346,0.0,0.0,1.0,0.0,0.0,0.0,0.17,0.23,0.09,0.24,0.08,0.11,1.0
347,0.0,0.0,0.0,0.0,0.0,0.0,0.96,1.0,0.87,0.96,0.9,0.63,3.0
348,1.0,1.0,1.0,1.0,1.0,0.0,0.02,0.04,0.02,0.0,0.0,0.0,1.0
349,1.0,1.0,1.0,1.0,1.0,1.0,0.25,0.27,0.37,0.25,0.24,0.26,2.0
350,0.0,1.0,1.0,1.0,1.0,1.0,0.89,0.95,0.85,0.74,0.8,0.52,0.0
351,0.0,0.0,0.0,1.0,1.0,0.0,0.12,0.09,0.01,0.05,0.11,0.01,0.0
352,1.0,1.0,1.0,1.0,1.0,1.0,0.88,0.93,0.18,0.15,0.615,0.06,0.0
353,0.0,0.0,0.0,0.0,0.0,0.0,0.78,0.77,0.11,0.06,0.48,0.05,0.0
354,1.0,1.0,0.0,0.0,1.0,0.0,0.61,0.79,0.55,0.56,0.62,0.51,1.0
355,1.0,1.0,0.0,1.0,1.0,0.0,0.48,0.69,0.48,0.47,0.47,0.41,1.0
356,0.0,0.0,0.0,0.0,0.0,0.0,0.73,0.71,0.1125,0.13,0.57,0.08,3.0
357,0.0,0.0,0.0,0.0,0.0,0.0,0.6,0.67,0.18,0.13,0.31,0.13,3.0
358,0.0,0.0,0.0,0.0,0.0,0.0,0.09,0.08,0.09,0.06,0.04,0.05,1.0
359,1.0,1.0,1.0,1.0,1.0,1.0,0.95,0.91,0.82,0.77,0.77,0.35,2.0
360,1.0,1.0,0.0,0.0,1.0,0.0,0.05,0.03,0.0,0.03,0.02,0.01,1.0
361,1.0,1.0,1.0,1.0,0.0,1.0,0.68,0.89,0.88,0.79,0.7,0.63,1.0
362,0.0,1.0,1.0,1.0,1.0,1.0,0.05,0.04,0.04,0.03,0.13,0.02,2.0
363,0.0,1.0,1.0,1.0,1.0,0.0,0.61,0.83,0.76,0.77,0.64,0.48,1.0
364,1.0,1.0,0.0,1.0,1.0,0.0,0.92,0.99,0.8066666666666665,0.84,0.89,0.38,2.0
365,1.0,1.0,1.0,1.0,0.0,0.0,0.4,0.49,0.43,0.4,0.44,0.43,1.0
366,0.0,1.0,0.0,1.0,1.0,0.0,0.93,0.94,0.61,0.41,0.75,0.39,0.0
367,0.0,1.0,1.0,1.0,1.0,1.0,0.56,0.79,0.74,0.76,0.65,0.605,0.0
368,1.0,1.0,1.0,1.0,1.0,1.0,0.13,0.15,0.06,0.07,0.18,0.0,2.0
369,1.0,1.0,1.0,1.0,1.0,1.0,0.52,0.4,0.07,0.08,0.46333333333333326,0.04,3.0
370,1.0,1.0,1.0,1.0,1.0,1.0,0.02,0.04,0.01,0.04,0.01,0.01,1.0
371,1.0,1.0,0.0,0.0,0.0,0.0,0.11,0.11,0.0,0.02,0.21,0.03,0.0
372,0.0,0.0,0.0,0.0,0.0,0.0,0.03,0.0,0.0,0.02,0.04,0.0,3.0
373,1.0,1.0,0.0,0.0,0.0,0.0,0.31,0.46,0.24,0.37,0.29,0.41,3.0
374,0.0,1.0,1.0,1.0,1.0,1.0,0.37,0.62,0.68,0.54,0.51,0.43,0.0
375,1.0,1.0,0.0,0.0,1.0,0.0,0.91,0.94,0.7,0.46,0.6,0.29,2.0
376,0.0,0.0,0.0,0.0,0.0,0.0,0.79,0.84,0.506,0.51,0.6,0.35,2.0
377,1.0,1.0,1.0,0.0,1.0,1.0,0.08,0.09,0.18,0.08,0.04,0.12,1.0
378,1.0,1.0,0.0,0.0,1.0,0.0,0.82,0.71,0.15,0.05,0.35,0.04,4.0
379,1.0,1.0,1.0,1.0,1.0,0.0,0.99,1.0,0.85,0.49,0.61,0.28,4.0
380,1.0,1.0,1.0,1.0,1.0,1.0,0.89,0.96,0.68,0.63,0.86,0.51,1.0
381,1.0,1.0,1.0,1.0,1.0,0.0,0.91,0.91,0.86,0.85,0.73,0.66,1.0
382,1.0,1.0,1.0,1.0,1.0,1.0,0.36,0.35,0.14,0.11,0.2,0.14,0.0
383,0.0,0.0,0.0,0.0,0.0,0.0,0.14,0.1,0.03,0.0,0.06,0.06,1.0
384,1.0,1.0,1.0,1.0,0.0,0.0,0.24,0.35,0.23,0.13,0.18,0.07,4.0
385,0.0,1.0,1.0,1.0,1.0,1.0,0.91,0.91,0.03,0.08,0.74,0.25,4.0
386,1.0,1.0,1.0,1.0,1.0,0.0,0.05,0.06,0.02,0.02,0.05,0.01,3.0
387,1.0,1.0,1.0,0.0,1.0,1.0,0.07,0.14,0.0,0.07,0.09,0.03,4.0
388,1.0,1.0,1.0,1.0,1.0,0.0,0.87,0.87,0.75,0.77,0.84,0.37,2.0
389,0.0,1.0,1.0,1.0,0.0,1.0,0.17,0.18,0.09,0.18,0.23,0.12,3.0
390,0.0,0.0,0.0,0.0,0.0,0.0,0.06,0.06,0.04,0.01,0.07,0.07,1.0
391,1.0,1.0,0.0,0.0,0.0,0.0,0.94,0.98,0.43,0.26,0.6366666666666666,0.08,4.0
392,0.0,0.0,0.0,0.0,0.0,0.0,0.01,0.09,0.02,0.0,0.04,0.01,4.0
393,0.0,0.0,0.0,0.0,0.0,0.0,0.03,0.03,0.02,0.04,0.02,0.03,2.0
394,1.0,1.0,1.0,1.0,1.0,1.0,0.93,0.95,0.67,0.72,0.78,0.53,0.0
395,1.0,1.0,1.0,1.0,1.0,1.0,0.95,0.99,0.91,0.97,0.9,0.57,3.0
396,0.0,0.0,0.0,0.0,0.0,0.0,0.94,0.98,0.78,0.74,0.84,0.34,3.0
397,1.0,1.0,0.0,0.0,0.0,0.0,0.85,0.86,0.68,0.42,0.57,0.28,4.0
398,1.0,1.0,0.0,0.0,1.0,0.0,0.08,0.1,0.08,0.09,0.17,0.11,0.0
399,1.0,1.0,1.0,1.0,1.0,1.0,0.88,0.96,0.7,0.59,0.86,0.31,3.0
400,0.0,0.0,0.0,0.0,0.0,0.0,0.95,0.92,0.11,0.17,0.73,0.32,4.0
401,0.0,0.0,0.0,0.0,1.0,0.0,0.99,1.0,0.9,0.83,0.87,0.4775,4.0
402,0.0,1.0,1.0,0.0,1.0,0.0,0.9,0.95,0.32933333333333337,0.54,0.74,0.22,4.0
403,0.0,0.0,1.0,0.0,1.0,0.0,0.89,0.96,0.72,0.66,0.71,0.39,4.0
404,0.0,0.0,0.0,0.0,0.0,0.0,0.12,0.09,0.02,0.01,0.079,0.05,2.0
405,0.0,0.0,0.0,0.0,0.0,0.0,0.96,0.98,0.81,0.82,0.84,0.55,0.0
406,1.0,1.0,1.0,1.0,1.0,1.0,0.04,0.09,0.02,0.0,0.02,0.02,4.0
407,1.0,1.0,1.0,1.0,1.0,1.0,0.91,0.94,0.62,0.7,0.76,0.3,3.0
408,1.0,1.0,1.0,1.0,0.0,0.0,0.29,0.37,0.14,0.08,0.3,0.11,0.0
409,0.0,0.0,0.0,0.0,0.0,0.0,0.11,0.19,0.33,0.05,0.12,0.05,2.0
410,0.0,0.0,0.0,0.0,0.0,0.0,0.21,0.15,0.0,0.01,0.09,0.01,1.0
411,1.0,1.0,1.0,1.0,1.0,0.0,0.84,0.88,0.02,0.0,0.4880833333333333,0.02,0.0
412,1.0,1.0,0.0,0.0,1.0,0.0,0.97,0.99,0.93,0.9,0.81,0.57,3.0
413,0.0,0.0,0.0,0.0,0.0,0.0,0.25,0.81,0.56,0.93,0.86,0.19,0.0
414,0.0,0.0,0.0,0.0,0.0,0.0,0.03,0.02,0.02,0.01,0.1,0.04,1.0
415,0.0,0.0,0.0,0.0,0.0,0.0,0.18,0.16,0.11,0.11,0.08,0.02,0.0
416,0.0,0.0,0.0,0.0,0.0,0.0,0.07,0.05,0.02,0.06,0.1,0.05,0.0
417,0.0,0.0,0.0,0.0,0.0,0.0,0.95,0.99,0.92,0.98,0.93,0.565,3.0
418,1.0,1.0,1.0,0.0,1.0,0.0,0.97,1.0,0.97,0.98,0.95,0.83,4.0
419,1.0,1.0,1.0,1.0,1.0,0.0,0.0,0.01,0.04,0.0,0.0,0.0,1.0
420,0.0,0.0,0.0,0.0,0.0,0.0,0.57,0.77,0.61,0.67,0.81,0.43,0.0
421,0.0,0.0,0.0,0.0,0.0,0.0,0.92,0.98,0.82,0.89,0.93,0.6,2.0
422,1.0,1.0,1.0,1.0,1.0,0.0,0.06,0.13,0.05,0.08,0.12,0.03,0.0
423,0.0,0.0,0.0,0.0,0.0,0.0,0.91,0.95,0.7,0.84,0.86,0.46,1.0
424,1.0,1.0,0.0,0.0,0.0,0.0,0.9,0.96,0.82,0.68,0.58,0.44,2.0
425,1.0,1.0,1.0,1.0,1.0,1.0,0.88,0.97,0.72,0.83,0.88,0.32,1.0
426,1.0,1.0,1.0,1.0,0.0,0.0,0.02,0.01,0.01,0.02,0.03,0.02,0.0
427,1.0,1.0,1.0,1.0,1.0,1.0,0.97,1.0,0.97,0.95,0.94,0.6383333333333333,0.0
428,1.0,1.0,0.0,0.0,1.0,0.0,0.11,0.07,0.02,0.07,0.06,0.04,1.0
429,1.0,1.0,1.0,1.0,1.0,1.0,0.84,0.86,0.27,0.38,0.5766666666666667,0.2,0.0
430,1.0,1.0,1.0,1.0,1.0,1.0,0.09,0.15,0.01,0.05,0.14,0.06,1.0
431,0.0,0.0,0.0,0.0,0.0,0.0,0.89,0.95,0.8,0.74,0.82,0.46,3.0
432,1.0,1.0,1.0,1.0,1.0,0.0,0.26,0.59,0.63,0.54,0.37,0.34,0.0
433,0.0,0.0,0.0,0.0,0.0,0.0,0.92,0.93,0.55,0.75,0.85,0.462,0.0
434,1.0,1.0,0.0,0.0,0.0,0.0,0.66,0.51,0.08,0.2,0.72,0.22,2.0
435,1.0,1.0,1.0,1.0,1.0,1.0,0.74,0.95,0.87,0.93,0.91,0.62,1.0
436,0.0,0.0,0.0,0.0,0.0,0.0,0.83,0.94,0.95,0.94,0.84,0.66,2.0
437,1.0,1.0,1.0,1.0,1.0,1.0,0.91,0.92,0.5,0.49,0.73,0.22,4.0
438,0.0,1.0,0.0,0.0,0.0,0.0,0.94,0.96,0.84,0.86,0.84,0.52,0.0
439,1.0,1.0,1.0,1.0,0.0,0.0,0.07,0.06,0.06,0.06,0.14,0.04,0.0
440,0.0,0.0,0.0,0.0,0.0,0.0,0.9,0.98,0.98,0.93,0.81,0.74,2.0
441,0.0,0.0,0.0,0.0,0.0,0.0,0.81,0.91,0.52,0.48,0.68,0.21,4.0
442,1.0,1.0,0.0,0.0,0.0,0.0,0.15,0.08,0.0,0.08,0.12,0.07,2.0
443,0.0,0.0,0.0,0.0,0.0,0.0,0.63,0.92,0.85,0.8,0.65,0.53,3.0
444,1.0,0.0,0.0,0.0,1.0,0.0,0.89,0.98,0.5,0.76,0.83,0.26,3.0
445,1.0,1.0,1.0,1.0,1.0,1.0,0.275,0.82,0.53,0.66,0.73,0.28,2.0
446,1.0,1.0,0.0,0.0,0.0,0.0,0.08,0.06,0.01,0.04,0.135,0.0,2.0
447,0.0,0.0,0.0,0.0,0.0,0.0,0.07,0.01,0.02,0.05,0.07,0.01,1.0
448,0.0,0.0,0.0,0.0,0.0,0.0,0.01,0.05,0.01,0.01,0.03,0.0,2.0
449,1.0,1.0,1.0,1.0,1.0,1.0,0.04,0.07,0.1,0.03,0.085,0.09,3.0
450,1.0,1.0,0.0,0.0,0.0,0.0,0.88,0.92,0.03,0.03,0.67,0.02,1.0
451,0.0,0.0,0.0,0.0,0.0,0.0,0.94,0.99,0.94,0.89,0.93,0.27,1.0
452,0.0,0.0,0.0,0.0,1.0,0.0,0.09,0.08,0.04,0.06,0.13,0.05,4.0
453,1.0,1.0,1.0,1.0,1.0,1.0,0.94,0.97,0.92,0.77,0.81,0.51,1.0
454,1.0,1.0,1.0,0.0,1.0,0.0,0.92,0.94,0.91,0.86,0.9,0.59,3.0
455,1.0,1.0,1.0,1.0,1.0,1.0,0.2,0.24,0.2,0.11,0.21,0.11,4.0
456,1.0,1.0,0.0,0.0,1.0,0.0,0.97,0.99,0.95,0.94,0.97,0.45,3.0
457,1.0,1.0,0.0,0.0,0.0,0.0,0.77,0.81,0.705,0.59,0.51,0.57,2.0
458,1.0,1.0,1.0,1.0,1.0,1.0,0.45,0.8,0.81,0.73,0.44,0.57,2.0
459,0.0,1.0,1.0,0.0,0.0,0.0,0.82,0.82,0.4,0.3,0.40666666666666673,0.24,4.0
460,1.0,1.0,0.0,0.0,0.0,0.0,0.91,0.92,0.83,0.63,0.57,0.34,3.0
461,0.0,0.0,0.0,0.0,0.0,0.0,0.89,0.96,0.91,0.96,0.91,0.56,1.0
462,1.0,1.0,1.0,1.0,1.0,0.0,0.97,0.99,0.895,0.96,0.96,0.72,0.0
463,1.0,1.0,0.0,0.0,1.0,0.0,0.03,0.09,0.02,0.01,0.06,0.0,4.0
464,0.0,1.0,1.0,1.0,1.0,0.0,0.88,0.9,0.45,0.47,0.7,0.28,0.0
465,1.0,1.0,0.0,0.0,0.0,0.0,0.92,0.91,0.8099999999999998,0.7,0.74,0.41,2.0
466,0.0,0.0,0.0,0.0,0.0,0.0,0.15,0.21,0.15,0.04,0.19,0.04,4.0
467,1.0,1.0,0.0,0.0,0.0,0.0,0.09,0.12,0.04,0.08,0.17,0.03,2.0
468,1.0,1.0,1.0,1.0,1.0,1.0,0.77,0.85,0.42,0.32,0.63,0.2,1.0
469,1.0,1.0,0.0,0.0,0.0,0.0,0.65,0.6,0.01,0.22,0.65,0.44,4.0
470,0.0,1.0,1.0,1.0,1.0,1.0,0.34,0.6,0.52,0.5,0.56,0.51,3.0
471,1.0,1.0,1.0,1.0,1.0,0.0,0.9,0.98,0.93,0.9,0.86,0.54,1.0
472,0.0,1.0,1.0,1.0,1.0,1.0,0.95,0.94,0.54,0.5,0.62,0.24,4.0
473,0.0,1.0,1.0,1.0,0.0,1.0,0.96,0.86,0.24,0.19,0.55,0.18,3.0
474,0.0,1.0,1.0,1.0,0.0,1.0,0.54,0.9,0.84,0.87,0.71,0.42,4.0
475,0.0,0.0,0.0,0.0,0.0,0.0,0.97,0.99,0.87,0.91,0.94,0.29,3.0
476,0.0,1.0,1.0,1.0,0.0,1.0,0.44,0.85,0.83,0.78,0.34,0.6,3.0
477,0.0,0.0,0.0,0.0,0.0,0.0,0.81,0.85,0.92,0.94,0.79,0.77,1.0
478,1.0,1.0,1.0,1.0,0.0,1.0,0.62,0.92,0.84,0.81,0.81,0.76,0.0
479,1.0,1.0,0.0,0.0,1.0,0.0,0.04,0.05,0.0,0.02,0.06,0.0,0.0
480,0.0,0.0,0.0,0.0,0.0,0.0,0.01,0.02,0.02,0.17,0.39,0.01,2.0
481,0.0,1.0,1.0,0.0,0.0,1.0,0.05,0.02,0.0,0.0,0.01,0.0,0.0
482,0.0,0.0,0.0,1.0,1.0,0.0,0.04,0.04,0.0,0.0,0.04,0.0,1.0
483,0.0,1.0,1.0,1.0,1.0,1.0,0.88,0.97,0.83,0.8,0.89,0.532,0.0
484,0.0,0.0,0.0,0.0,0.0,0.0,0.94,1.0,0.93,0.94,0.91,0.66,4.0
485,0.0,0.0,0.0,0.0,0.0,0.0,0.85,1.0,0.86,0.89,0.76,0.58,1.0
486,1.0,1.0,0.0,0.0,1.0,0.0,0.03,0.07,0.02,0.02,0.12,0.04,0.0
487,1.0,1.0,0.0,0.0,1.0,1.0,0.49,0.82,0.67,0.62,0.59,0.48,3.0
488,1.0,0.0,0.0,0.0,0.0,0.0,0.01,0.04,0.01,0.03,0.09,0.0,4.0
489,1.0,1.0,1.0,1.0,0.0,1.0,0.28,0.3,0.04,0.06,0.34,0.04,3.0
490,0.0,0.0,0.0,0.0,0.0,0.0,0.94,0.95,0.01,0.01,0.5275,0.0,0.0
491,1.0,1.0,1.0,1.0,1.0,1.0,0.05,0.05,0.03,0.01,0.07,0.0,3.0
492,1.0,1.0,0.0,1.0,1.0,0.0,0.93,0.95,0.72,0.5,0.78,0.47,4.0
493,1.0,1.0,1.0,1.0,1.0,1.0,0.02,0.04,0.0,0.03,0.08,0.01,1.0
494,0.0,0.0,0.0,0.0,0.0,0.0,0.77,0.89,0.75,0.5,0.64,0.38,0.0
495,0.0,0.0,0.0,0.0,0.0,0.0,0.95,0.95,0.8,0.79,0.73,0.36,1.0
496,1.0,1.0,0.0,0.0,1.0,0.0,0.77,0.98,0.92,0.93,0.92,0.6,3.0
497,1.0,1.0,0.0,0.0,1.0,0.0,0.96,0.97,0.88,0.94,0.91,0.38,1.0
498,1.0,1.0,1.0,1.0,1.0,1.0,0.75,0.98,0.99,0.98,0.93,0.82,3.0
499,1.0,1.0,0.0,0.0,0.0,0.0,0.95,0.99,0.98,0.98,0.92,0.695,3.0
500,1.0,1.0,0.0,0.0,0.0,0.0,0.08,0.05,0.09,0.05,0.17,0.05,1.0
501,1.0,1.0,1.0,1.0,1.0,1.0,0.04,0.04,0.03,0.04,0.14,0.03,3.0
502,1.0,1.0,1.0,1.0,1.0,1.0,0.95,0.98,0.92,0.9,0.89,0.6783333333333332,4.0
503,1.0,1.0,0.0,0.0,0.0,0.0,0.07,0.07,0.01,0.05,0.19,0.05,2.0
504,1.0,1.0,1.0,0.0,1.0,0.0,0.0,0.02,0.0,0.03,0.05,0.0,3.0
505,1.0,1.0,1.0,1.0,1.0,1.0,0.85,0.92,0.16,0.32,0.81,0.23,2.0
506,0.0,1.0,1.0,1.0,0.0,1.0,0.88,0.87,0.2,0.2,0.64,0.17,0.0
507,0.0,1.0,0.0,1.0,1.0,0.0,0.57,0.63,0.335,0.44,0.45,0.39,2.0
508,1.0,1.0,1.0,1.0,1.0,0.0,0.71,0.75,0.02,0.03,0.47,0.04,4.0
509,1.0,1.0,1.0,1.0,1.0,1.0,0.0,0.04,0.0,0.0,0.01,0.0,4.0
510,1.0,1.0,1.0,1.0,1.0,0.0,0.99,1.0,0.83,0.82,0.8,0.63,4.0
511,1.0,0.0,0.0,0.0,0.0,0.0,0.95,0.94,0.81,0.75,0.95,0.59,3.0
512,0.0,0.0,0.0,0.0,0.0,0.0,0.95,1.0,0.95,0.94,0.95,0.82,3.0
513,0.0,0.0,0.0,0.0,0.0,0.0,0.78,0.9,0.71,0.64,0.65,0.32,0.0
514,0.0,0.0,1.0,0.0,0.0,0.0,0.94,0.98,0.92,0.94,0.9,0.69,0.0
515,0.0,0.0,0.0,0.0,0.0,0.0,0.65,0.7,0.17,0.31,0.525,0.16,3.0
516,0.0,0.0,0.0,0.0,0.0,0.0,0.97,0.99,0.9,0.8,0.87,0.61,1.0
517,1.0,1.0,1.0,1.0,1.0,0.0,0.16,0.23,0.47,0.31,0.21,0.12,3.0
518,0.0,0.0,0.0,0.0,0.0,0.0,0.65,0.41,0.05,0.01,0.38,0.04,1.0
519,0.0,0.0,0.0,0.0,0.0,0.0,0.07,0.06,0.02,0.04,0.12,0.01,2.0
520,1.0,1.0,0.0,1.0,1.0,1.0,0.8,0.75,0.46,0.49,0.62,0.4066666666666666,4.0
521,1.0,1.0,1.0,1.0,1.0,1.0,0.95,0.99,0.73,0.75,0.84,0.42,3.0
522,0.0,1.0,1.0,1.0,0.0,1.0,0.04,0.05,0.0,0.02,0.09,0.01,0.0
523,1.0,1.0,1.0,1.0,1.0,1.0,0.88,0.9,0.03,0.07,0.44383333333333325,0.0,2.0
524,1.0,1.0,1.0,1.0,1.0,1.0,0.14,0.19,0.07,0.11,0.4927777777777777,0.11,4.0
525,1.0,1.0,0.0,0.0,1.0,0.0,0.03,0.03,0.01,0.02,0.06,0.02,2.0
526,1.0,1.0,1.0,0.0,0.0,0.0,0.09,0.08,0.03,0.04,0.1,0.01,0.0
527,1.0,1.0,1.0,1.0,1.0,0.0,0.75,0.83,0.27,0.28,0.58,0.13,0.0
528,1.0,1.0,1.0,1.0,1.0,1.0,0.89,0.88,0.63,0.47,0.72,0.37,1.0
529,0.0,0.0,0.0,0.0,0.0,0.0,0.74,0.48,0.12,0.26,0.69,0.58,0.0
530,1.0,1.0,1.0,1.0,1.0,1.0,0.57,0.79,0.55,0.61,0.46,0.48,1.0
531,1.0,1.0,0.0,1.0,1.0,0.0,0.08,0.09,0.01,0.05,0.14,0.0,2.0
532,0.0,0.0,0.0,0.0,0.0,0.0,0.94,0.96,0.84,0.79,0.89,0.628,0.0
533,1.0,1.0,0.0,0.0,1.0,0.0,0.1,0.91,0.98,0.9,0.11,0.87,2.0
534,1.0,1.0,1.0,1.0,1.0,0.0,0.88,0.94,0.71,0.6,0.83,0.44,0.0
535,1.0,1.0,1.0,1.0,1.0,1.0,0.87,0.95,0.85,0.88,0.75,0.49,0.0
536,1.0,1.0,0.0,1.0,1.0,1.0,0.77,0.9,0.825,0.93,0.73,0.75,2.0
537,1.0,1.0,1.0,0.0,0.0,0.0,0.26,0.4,0.29,0.18,0.34,0.32,3.0
538,1.0,1.0,0.0,0.0,1.0,1.0,0.4,0.63,0.5525,0.57,0.55,0.49,1.0
539,1.0,1.0,1.0,1.0,1.0,1.0,0.58,0.58,0.63,0.6,0.65,0.495,3.0
540,1.0,1.0,0.0,0.0,0.0,0.0,0.74,0.89,0.63,0.86,0.72,0.72,4.0
541,1.0,1.0,1.0,1.0,1.0,1.0,0.93,0.98,0.91,0.71,0.72,0.55,2.0
542,1.0,1.0,1.0,1.0,1.0,0.0,0.88,0.95,0.8,0.77,0.83,0.62,2.0
543,1.0,1.0,0.0,0.0,1.0,0.0,0.01,0.04,0.0,0.0,0.07,0.0,0.0
544,1.0,1.0,1.0,0.0,1.0,1.0,0.92,0.97,0.8483333333333333,0.83,0.86,0.51,0.0
545,0.0,1.0,1.0,1.0,0.0,1.0,0.05,0.03,0.0,0.02,0.03,0.01,2.0
546,1.0,1.0,0.0,0.0,1.0,0.0,0.64,0.58,0.09,0.15,0.52,0.03,3.0
547,0.0,0.0,0.0,0.0,0.0,0.0,0.98,0.98,0.76,0.87,0.93,0.31,2.0
548,1.0,0.0,0.0,0.0,0.0,0.0,0.85,0.89,0.6,0.66,0.78,0.35,0.0
549,1.0,0.0,0.0,0.0,0.0,0.0,0.65,0.83,0.75,0.83,0.74,0.71,2.0
550,1.0,1.0,1.0,0.0,0.0,1.0,0.86,0.83,0.06,0.01,0.37,0.0,4.0
551,1.0,1.0,1.0,1.0,1.0,0.0,0.05,0.01,0.0,0.0,0.02,0.0,0.0
552,1.0,1.0,1.0,1.0,1.0,1.0,0.78,0.81,0.05,0.08,0.55,0.02,1.0
553,1.0,1.0,0.0,0.0,1.0,0.0,0.72,0.79,0.05,0.04,0.49,0.02,2.0
554,1.0,1.0,0.0,0.0,1.0,0.0,0.9,0.9,0.56,0.65,0.75,0.39,0.0
555,1.0,1.0,1.0,1.0,1.0,0.0,0.99,0.98,0.89,0.75,0.87,0.46,0.0
556,1.0,1.0,1.0,1.0,1.0,1.0,0.99,0.96,0.93,0.98,0.96,0.58,4.0
557,0.0,0.0,0.0,1.0,0.0,0.0,0.67,0.82,0.76,0.75,0.65,0.5,1.0
558,1.0,1.0,0.0,0.0,1.0,0.0,0.89,0.88,0.64,0.52,0.75,0.3,2.0
559,0.0,0.0,0.0,0.0,0.0,0.0,0.17,0.17,0.15,0.14,0.2,0.08,3.0
560,1.0,1.0,0.0,0.0,1.0,0.0,0.16,0.18,0.09,0.12,0.03,0.04,0.0
561,0.0,0.0,0.0,0.0,0.0,0.0,0.72,0.52,0.02,0.04,0.4,0.0,1.0
562,0.0,0.0,1.0,0.0,0.0,0.0,0.04,0.01,0.01,0.11,0.26,0.01,4.0
563,1.0,1.0,1.0,1.0,1.0,0.0,0.98,0.97,0.86,0.75,0.84,0.61,4.0
564,1.0,1.0,1.0,1.0,1.0,1.0,0.06,0.07,0.03,0.0,0.07,0.0,4.0
565,1.0,1.0,1.0,1.0,1.0,1.0,0.92,0.97,0.845,0.74,0.77,0.41,4.0
566,0.0,0.0,0.0,0.0,0.0,0.0,0.62,0.85,0.75,0.84,0.78,0.49,0.0
567,0.0,0.0,0.0,0.0,0.0,0.0,0.85,0.93,0.69,0.55,0.69,0.44,0.0
568,0.0,0.0,0.0,0.0,0.0,0.0,0.97,0.97,0.94,0.89,0.85,0.49,3.0
569,0.0,0.0,0.0,0.0,0.0,0.0,0.83,0.92,0.5633333333333334,0.6,0.57,0.48,3.0
570,1.0,1.0,1.0,0.0,1.0,0.0,0.11,0.13,0.01,0.07,0.07,0.03,0.0
571,1.0,1.0,1.0,1.0,1.0,0.0,0.91,0.93,0.81,0.76,0.79,0.6,1.0
572,0.0,0.0,0.0,0.0,0.0,0.0,0.0,0.01,0.02,0.0,0.21,0.0,2.0
573,0.0,0.0,0.0,0.0,0.0,0.0,0.81,0.79,0.02,0.0,0.3916666666666667,0.01,2.0
574,1.0,1.0,0.0,0.0,1.0,0.0,0.7,0.93,0.76,0.83,0.7,0.6,3.0
575,1.0,1.0,1.0,1.0,1.0,1.0,0.84,0.95,0.81,0.83,0.79,0.6166666666666667,0.0
576,0.0,0.0,0.0,0.0,0.0,0.0,0.91,0.97,0.84,0.85,0.82,0.6675,0.0
577,1.0,1.0,0.0,0.0,1.0,0.0,0.97,1.0,0.93,0.89,0.9,0.57,4.0
578,0.0,0.0,0.0,0.0,0.0,0.0,0.89,0.9,0.74,0.6,0.7,0.3,1.0
579,0.0,0.0,0.0,0.0,0.0,0.0,0.89,0.99,0.9,0.88,0.92,0.53,2.0
580,0.0,1.0,1.0,1.0,1.0,0.0,0.07,0.02,0.0,0.03,0.02,0.05,3.0
581,1.0,1.0,0.0,1.0,1.0,0.0,0.52,0.84,0.725,0.66,0.73,0.4,2.0
582,1.0,1.0,0.0,0.0,1.0,0.0,0.17,0.25,0.1,0.1,0.21,0.14,1.0
583,1.0,1.0,1.0,1.0,1.0,1.0,0.03,0.03,0.01,0.01,0.05,0.01,1.0
584,1.0,1.0,0.0,0.0,1.0,0.0,0.01,0.02,0.01,0.04,0.07,0.0,0.0
585,1.0,1.0,1.0,1.0,1.0,1.0,0.96,0.98,0.93,0.88,0.83,0.37,1.0
586,1.0,1.0,1.0,1.0,1.0,1.0,0.47,0.75,0.62,0.64,0.64,0.61,4.0
587,1.0,1.0,1.0,1.0,1.0,1.0,0.45,0.74,0.49333333333333335,0.48,0.61,0.46,3.0
588,0.0,0.0,0.0,0.0,0.0,0.0,0.84,0.8,0.52,0.37,0.5425,0.12,1.0
589,1.0,1.0,0.0,0.0,0.0,0.0,0.83,0.85,0.06,0.07,0.54,0.06,0.0
590,0.0,0.0,1.0,0.0,0.0,0.0,0.02,0.01,0.01,0.06,0.11,0.02,1.0
591,1.0,1.0,1.0,1.0,1.0,0.0,0.06,0.02,0.0,0.01,0.05,0.0,1.0
592,0.0,0.0,0.0,0.0,0.0,0.0,0.46,0.83,0.91,0.62,0.2,0.59,4.0
593,0.0,0.0,0.0,0.0,1.0,0.0,0.99,1.0,0.9,0.72,0.78,0.23,1.0
594,0.0,0.0,0.0,0.0,0.0,0.0,0.79,0.94,0.77,0.81,0.845,0.43,2.0
595,1.0,1.0,0.0,0.0,0.0,0.0,0.02,0.0,0.0,0.0,0.03,0.0,3.0
596,0.0,0.0,0.0,0.0,0.0,0.0,0.92,0.96,0.55,0.57,0.66,0.25,1.0
597,1.0,0.0,0.0,0.0,0.0,0.0,0.79,0.94,0.93,0.91,0.78,0.78,1.0
598,1.0,1.0,1.0,1.0,1.0,1.0,0.79,0.88,0.27,0.23,0.63,0.12,1.0
599,0.0,0.0,1.0,1.0,0.0,1.0,0.81,0.69,0.31,0.24,0.61,0.23,1.0
600,1.0,1.0,1.0,1.0,1.0,0.0,0.09,0.12,0.0,0.06,0.15,0.02,4.0
601,0.0,0.0,0.0,0.0,0.0,0.0,0.97,0.97,0.88,0.96,0.93,0.71,0.0
602,0.0,0.0,0.0,0.0,0.0,0.0,0.85,0.88,0.91,0.87,0.87,0.72,0.0
603,1.0,1.0,1.0,1.0,1.0,0.0,0.05,0.08,0.06,0.03,0.06,0.06,2.0
604,1.0,1.0,1.0,1.0,1.0,0.0,0.83,0.94,0.84,0.83,0.79,0.33,3.0
605,0.0,0.0,0.0,0.0,0.0,0.0,0.87,0.99,0.77,0.7,0.84,0.41,2.0
606,0.0,0.0,1.0,1.0,0.0,1.0,0.01,0.04,0.0,0.0,0.11,0.0,3.0
607,1.0,1.0,1.0,1.0,1.0,1.0,0.84,0.96,0.76,0.75,0.85,0.38,0.0
608,1.0,1.0,1.0,1.0,1.0,1.0,0.88,0.95,0.78,0.77,0.76,0.51,4.0
609,0.0,0.0,0.0,1.0,0.0,0.0,0.94,0.98,0.77,0.73,0.78,0.39,2.0
610,1.0,1.0,1.0,0.0,1.0,0.0,0.0,0.02,0.0,0.01,0.03,0.0,0.0
611,0.0,0.0,0.0,0.0,0.0,0.0,0.93,1.0,0.98,0.98,0.91,0.94,1.0
612,1.0,1.0,0.0,0.0,0.0,0.0,0.03,0.06,0.0,0.02,0.06,0.01,4.0
613,0.0,0.0,0.0,0.0,0.0,0.0,0.82,0.94,0.5866666666666667,0.55,0.63,0.28,0.0
614,0.0,1.0,1.0,1.0,0.0,1.0,0.56,0.9,0.53,0.5,0.77,0.38,1.0
615,1.0,1.0,1.0,1.0,1.0,0.0,0.88,0.81,0.01,0.0,0.3135,0.0,1.0
616,1.0,1.0,1.0,1.0,1.0,0.0,0.92,1.0,0.81,0.9,0.93,0.54,3.0
617,1.0,1.0,0.0,0.0,0.0,0.0,0.05,0.06,0.0,0.02,0.04,0.01,1.0
618,0.0,0.0,0.0,0.0,0.0,0.0,0.7,0.58,0.06,0.44,0.67,0.54,0.0
619,0.0,1.0,1.0,1.0,0.0,1.0,0.7375,0.81,0.455,0.41,0.54,0.32,1.0
620,1.0,1.0,1.0,1.0,0.0,1.0,0.87,0.98,0.01,0.01,0.89,0.02,1.0
621,1.0,1.0,0.0,0.0,1.0,0.0,0.96,0.95,0.37,0.54,0.845,0.2,1.0
622,0.0,0.0,0.0,0.0,0.0,0.0,0.71,0.81,0.06,0.07,0.4825,0.05,2.0
623,0.0,0.0,0.0,0.0,0.0,0.0,0.07,0.22,0.44,0.16,0.06,0.12,4.0
624,0.0,0.0,1.0,0.0,0.0,0.0,0.13,0.16,0.18,0.17,0.18,0.21,2.0
625,1.0,1.0,1.0,1.0,1.0,0.0,0.07,0.05,0.02,0.02,0.07,0.03,3.0
626,0.0,0.0,0.0,0.0,0.0,0.0,0.85,0.87,0.3,0.29,0.61,0.21,1.0
627,0.0,1.0,1.0,1.0,1.0,1.0,0.86,0.9,0.7,0.67,0.64,0.33,4.0
628,1.0,1.0,0.0,0.0,0.0,0.0,0.83,0.83,0.3,0.34,0.54,0.24,0.0
629,1.0,1.0,1.0,1.0,1.0,1.0,0.01,0.0,0.03,0.02,0.02,0.0,1.0
630,1.0,1.0,0.0,0.0,0.0,0.0,0.9,0.92,0.23,0.14,0.45,0.15,2.0
631,0.0,0.0,0.0,0.0,0.0,0.0,0.93,0.91,0.49,0.25,0.6,0.26,1.0
632,1.0,1.0,0.0,0.0,1.0,0.0,0.87,0.4,0.01,0.0,0.2675,0.0,4.0
633,0.0,1.0,1.0,1.0,1.0,1.0,0.93,0.98,0.84,0.91,0.93,0.55,3.0
634,1.0,1.0,0.0,1.0,1.0,1.0,0.19,0.39,0.09,0.16,0.38,0.07,0.0
635,1.0,1.0,1.0,1.0,1.0,1.0,0.06,0.13,0.11,0.11,0.12,0.03,3.0
636,0.0,0.0,0.0,0.0,0.0,0.0,0.18,0.87,0.87,0.78,0.66,0.73,1.0
637,0.0,1.0,1.0,1.0,1.0,1.0,0.73,0.9,0.93,0.81,0.62,0.74,0.0
638,0.0,0.0,0.0,0.0,0.0,0.0,0.93,0.99,0.89,0.83,0.92,0.6,2.0
639,0.0,1.0,1.0,1.0,1.0,1.0,0.79,0.82,0.36,0.27,0.48,0.21,4.0
640,1.0,1.0,0.0,0.0,0.0,0.0,0.91,0.98,0.818,0.74,0.78,0.49,4.0
641,0.0,0.0,0.0,0.0,0.0,0.0,0.87,0.96,0.78,0.78,0.92,0.61,4.0
642,0.0,1.0,1.0,1.0,0.0,1.0,0.79,0.48,0.02,0.07,0.2975,0.01,4.0
643,1.0,1.0,1.0,1.0,1.0,0.0,0.84,0.93,0.58,0.71,0.74,0.45,0.0
644,1.0,1.0,1.0,1.0,1.0,1.0,0.58,0.49,0.12,0.14,0.62,0.13,2.0
645,0.0,0.0,0.0,1.0,0.0,0.0,0.87,0.83,0.46,0.29,0.52,0.3,4.0
646,0.0,1.0,1.0,1.0,1.0,1.0,0.64,0.83,0.78,0.69,0.57,0.39,4.0
647,0.0,0.0,0.0,0.0,0.0,0.0,0.17,0.29,0.26,0.27,0.16,0.27,4.0
648,0.0,0.0,1.0,0.0,0.0,1.0,0.84,0.77,0.35,0.11,0.33,0.07,4.0
649,0.0,0.0,0.0,0.0,0.0,0.0,0.01,0.02,0.02,0.03,0.07,0.02,2.0
650,0.0,0.0,1.0,1.0,0.0,0.0,1.0,0.98,0.94,0.96,0.57,0.7833333333333334,0.0
651,1.0,1.0,1.0,1.0,1.0,0.0,0.86,0.83,0.08,0.07,0.61,0.03,1.0
652,1.0,1.0,0.0,0.0,1.0,0.0,0.91,0.92,0.63,0.64,0.71,0.23,3.0
653,1.0,1.0,0.0,0.0,1.0,0.0,0.65,0.87,0.75,0.75,0.73,0.71,3.0
654,0.0,0.0,0.0,0.0,0.0,0.0,0.49,0.8,0.7625,0.72,0.52,0.51,1.0
655,1.0,1.0,1.0,1.0,1.0,1.0,0.51,0.88,0.7,0.72,0.84,0.59,3.0
656,0.0,0.0,0.0,0.0,0.0,0.0,0.91,0.93,0.75,0.56,0.67,0.22,3.0
657,0.0,0.0,0.0,0.0,0.0,0.0,0.07,0.14,0.13,0.04,0.16,0.01,3.0
658,1.0,1.0,0.0,0.0,0.0,0.0,0.18,0.16,0.02,0.0,0.09,0.0,3.0
659,1.0,1.0,0.0,1.0,1.0,0.0,0.84,0.67,0.08,0.02,0.31,0.01,4.0
660,1.0,1.0,1.0,1.0,1.0,1.0,0.82,0.89,0.77,0.76,0.75,0.68,1.0
661,0.0,0.0,0.0,0.0,0.0,0.0,0.15,0.49,0.52,0.48,0.47,0.44,2.0
662,1.0,1.0,1.0,1.0,1.0,1.0,0.23,0.84,0.89,0.72,0.65,0.75,3.0
663,0.0,0.0,0.0,0.0,1.0,0.0,0.9,0.93,0.74,0.83,0.88,0.41,4.0
664,0.0,0.0,0.0,0.0,0.0,0.0,0.64,0.85,0.76,0.87,0.78,0.5,1.0
665,1.0,1.0,0.0,0.0,1.0,0.0,0.86,0.89,0.16,0.34,0.79,0.2,2.0
666,1.0,1.0,1.0,1.0,1.0,1.0,0.98,1.0,0.91,0.86,0.88,0.56,2.0
667,1.0,1.0,1.0,1.0,1.0,1.0,0.61,0.78,0.65,0.76,0.52,0.54,3.0
668,0.0,0.0,0.0,0.0,0.0,0.0,0.78,0.92,0.82,0.87,0.8,0.53,0.0
669,1.0,1.0,1.0,1.0,1.0,1.0,0.38,0.59,0.59,0.54,0.47,0.48,1.0
670,1.0,1.0,0.0,1.0,1.0,1.0,0.49,0.58,0.61,0.57,0.46,0.44,1.0
671,1.0,0.0,0.0,0.0,0.0,1.0,0.78,0.99,0.84,0.74,0.8,0.56,3.0
672,0.0,0.0,0.0,0.0,0.0,0.0,0.01,0.01,0.0,0.0,0.01,0.0,2.0
673,0.0,0.0,0.0,0.0,0.0,0.0,0.06,0.04,0.01,0.51,0.53,0.01,2.0
674,1.0,1.0,0.0,1.0,1.0,1.0,0.71,0.77,0.04,0.04,0.33,0.01,0.0
675,0.0,1.0,0.0,0.0,1.0,0.0,0.05,0.1,0.05,0.01,0.09,0.01,3.0
676,1.0,1.0,0.0,0.0,1.0,0.0,0.41,0.71,0.66,0.6,0.39,0.45,2.0
677,0.0,1.0,0.0,0.0,1.0,0.0,0.02,0.0,0.0,0.01,0.0,0.01,1.0
678,0.0,1.0,0.0,0.0,1.0,0.0,0.84,0.93,0.58,0.71,0.74,0.45,0.0
679,0.0,0.0,0.0,0.0,0.0,0.0,0.7,0.78,0.54,0.63,0.78,0.43,0.0
680,1.0,1.0,0.0,0.0,1.0,0.0,0.46,0.63,0.57,0.53,0.43,0.55,1.0
681,0.0,0.0,0.0,0.0,0.0,0.0,0.08,0.13,0.1,0.15,0.06,0.07,4.0
682,1.0,1.0,1.0,1.0,1.0,1.0,0.49,0.83,0.79,0.93,0.6,0.72,0.0
683,1.0,1.0,1.0,1.0,1.0,1.0,0.88,0.59,0.09,0.26,0.73,0.42,4.0
684,1.0,1.0,0.0,0.0,0.0,0.0,0.36,0.42,0.43,0.47,0.28,0.24,3.0
685,0.0,0.0,0.0,0.0,0.0,0.0,0.55,0.87,0.85,0.78,0.81,0.55,3.0
686,1.0,1.0,0.0,1.0,1.0,0.0,0.83,0.89,0.76,0.59,0.73,0.29,4.0
687,0.0,0.0,0.0,0.0,0.0,0.0,0.86,0.81,0.665,0.65,0.67,0.39,4.0
688,0.0,0.0,0.0,0.0,0.0,0.0,0.41,0.63,0.6709999999999999,0.67,0.47,0.53,2.0
689,1.0,1.0,1.0,1.0,1.0,1.0,0.3,0.43,0.41,0.4,0.28,0.34,3.0
690,1.0,1.0,1.0,1.0,1.0,1.0,0.205,0.21,0.16,0.13,0.21,0.09,3.0
691,0.0,0.0,0.0,0.0,0.0,0.0,0.73,0.96,0.85,0.91,0.74,0.74,2.0
692,1.0,1.0,0.0,0.0,1.0,1.0,0.92,0.98,0.44,0.29,0.69,0.1,0.0
693,1.0,1.0,0.0,0.0,1.0,0.0,0.01,0.01,0.01,0.02,0.06,0.01,0.0
694,0.0,0.0,0.0,0.0,0.0,0.0,0.13,0.18,0.02,0.03,0.12,0.01,0.0
695,0.0,1.0,0.0,0.0,1.0,0.0,0.59,0.8,0.81,0.75,0.75,0.67,2.0
696,1.0,1.0,0.0,0.0,1.0,0.0,0.87,0.9,0.7733333333333334,0.71,0.76,0.41,3.0
697,1.0,1.0,0.0,0.0,0.0,0.0,0.61,0.74,0.36,0.48,0.65,0.57,3.0
698,1.0,1.0,1.0,1.0,1.0,1.0,0.71,0.96,0.82,0.72,0.76,0.75,4.0
699,0.0,0.0,0.0,0.0,0.0,0.0,0.66,0.93,0.77,0.81,0.77,0.55,4.0
700,1.0,1.0,0.0,0.0,0.0,0.0,0.03,0.04,0.0,0.01,0.01,0.0,1.0
701,1.0,1.0,1.0,1.0,1.0,1.0,0.92,0.98,0.82,0.87,0.84,0.38,0.0
702,1.0,1.0,0.0,1.0,1.0,0.0,0.91,0.99,0.78,0.89,0.88,0.57,4.0
703,1.0,1.0,1.0,1.0,1.0,0.0,0.33333333333333337,0.57,0.49,0.46,0.29,0.32,3.0
704,0.0,0.0,0.0,0.0,0.0,0.0,0.88,0.99,0.63,0.72,0.82,0.46,0.0
705,0.0,1.0,1.0,1.0,0.0,1.0,0.97,1.0,0.88,0.61,0.92,0.29,1.0
706,1.0,1.0,1.0,1.0,1.0,0.0,0.91,0.92,0.69,0.67,0.685,0.16,1.0
707,1.0,1.0,1.0,1.0,1.0,0.0,0.03,0.06,0.01,0.0,0.03,0.02,1.0
708,0.0,0.0,0.0,0.0,0.0,0.0,0.95,0.98,0.93,0.89,0.9,0.27,3.0
709,0.0,1.0,1.0,1.0,0.0,1.0,0.145,0.58,0.03,0.04,0.58,0.01,4.0
710,0.0,1.0,1.0,1.0,0.0,1.0,0.47,0.69,0.68,0.65,0.43,0.39,1.0
711,1.0,1.0,1.0,0.0,1.0,0.0,0.83,0.84,0.04,0.04,0.68,0.05,0.0
712,0.0,0.0,0.0,0.0,0.0,0.0,0.87,0.92,0.55,0.45,0.57,0.34,0.0
713,0.0,0.0,0.0,0.0,0.0,0.0,0.87,0.95,0.36,0.37,0.66,0.28,3.0
714,0.0,0.0,0.0,0.0,0.0,0.0,0.84,0.87,0.01,0.41,0.8,0.43,2.0
715,0.0,0.0,0.0,0.0,0.0,0.0,0.9,0.96,0.82,0.89,0.86,0.38,0.0
716,1.0,1.0,1.0,1.0,1.0,1.0,0.03,0.04,0.01,0.08,0.12,0.06,2.0
717,1.0,1.0,1.0,1.0,1.0,0.0,0.15,0.15,0.09,0.15,0.16,0.09,3.0
718,0.0,0.0,0.0,0.0,0.0,0.0,0.95,0.95,0.8,0.75,0.76,0.36,2.0
719,0.0,0.0,0.0,0.0,0.0,0.0,0.1,0.13,0.02,0.05,0.09,0.03,4.0
720,1.0,1.0,1.0,1.0,1.0,1.0,0.03,0.01,0.01,0.1,0.14,0.0,1.0
721,0.0,0.0,0.0,0.0,0.0,0.0,0.3,0.56,0.515,0.51,0.48,0.34,0.0
722,1.0,1.0,1.0,1.0,0.0,0.0,0.8,0.86,0.22,0.11,0.4666666666666666,0.14,2.0
723,1.0,1.0,1.0,1.0,1.0,0.0,0.23,0.23,0.15,0.08,0.18,0.08,2.0
724,1.0,1.0,1.0,1.0,1.0,1.0,0.53,0.79,0.58,0.68,0.78,0.43,1.0
725,1.0,1.0,0.0,0.0,0.0,0.0,0.44,0.84,0.72,0.74,0.68,0.52,4.0
726,0.0,0.0,0.0,0.0,0.0,0.0,0.93,0.85,0.71,0.58,0.64,0.34,3.0
727,1.0,1.0,0.0,0.0,1.0,0.0,0.1,0.23,0.27,0.1,0.24,0.12,0.0
728,1.0,1.0,0.0,0.0,0.0,0.0,0.72,0.66,0.26,0.24,0.42,0.1,3.0
729,0.0,1.0,1.0,1.0,0.0,1.0,0.86,0.77,0.24,0.18,0.39,0.17,4.0
730,1.0,1.0,1.0,1.0,1.0,1.0,0.01,0.0,0.0,0.0,0.0,0.0,1.0
731,0.0,0.0,0.0,0.0,0.0,0.0,0.49,0.7,0.54,0.6,0.55,0.44,3.0
732,0.0,0.0,0.0,0.0,0.0,0.0,0.74,0.96,0.93,0.95,0.8,0.66,3.0
733,0.0,0.0,0.0,0.0,0.0,0.0,0.68,0.35,0.0,0.0,0.33083333333333337,0.0,2.0
734,0.0,1.0,1.0,1.0,0.0,1.0,0.185,0.41,0.25,0.2,0.26,0.12,3.0
735,0.0,0.0,0.0,0.0,0.0,0.0,0.37,0.63,0.44,0.48,0.49,0.32,3.0
736,1.0,1.0,1.0,1.0,1.0,0.0,0.86,0.97,0.8,0.73,0.82,0.35,2.0
737,0.0,0.0,0.0,0.0,0.0,0.0,0.03,0.04,0.03,0.03,0.04,0.01,2.0
738,0.0,0.0,1.0,0.0,0.0,1.0,0.95,0.96,0.9,0.79,0.74,0.54,3.0
739,1.0,1.0,1.0,1.0,1.0,0.0,0.01,0.01,0.0,0.0,0.01,0.0,3.0
740,1.0,1.0,0.0,0.0,1.0,0.0,0.04,0.03,0.02,0.01,0.03,0.02,3.0
741,0.0,1.0,1.0,0.0,0.0,0.0,0.81,0.96,0.62,0.52,0.73,0.3,2.0
742,1.0,1.0,1.0,1.0,1.0,1.0,0.7,0.93,0.9266666666666665,0.95,0.78,0.76,4.0
743,0.0,0.0,0.0,0.0,0.0,0.0,0.92,0.92,0.85,0.91,0.84,0.69,0.0
744,1.0,1.0,1.0,1.0,1.0,0.0,0.21,0.32,0.14,0.23,0.25,0.11,1.0
745,1.0,1.0,1.0,1.0,1.0,1.0,0.94,0.98,0.79,0.81,0.94,0.33,1.0
746,1.0,1.0,1.0,1.0,1.0,0.0,0.63,0.85,0.87,0.8,0.62,0.66,2.0
747,1.0,1.0,1.0,1.0,1.0,1.0,0.02,0.03,0.04,0.01,0.06,0.02,4.0
748,1.0,1.0,1.0,1.0,1.0,1.0,0.9,0.92,0.05,0.08,0.76,0.06,4.0
749,1.0,1.0,1.0,1.0,1.0,0.0,0.15,0.26,0.21,0.13,0.24,0.13,4.0
750,1.0,1.0,1.0,1.0,1.0,0.0,0.82,0.78,0.65,0.49,0.68,0.21,3.0
751,0.0,0.0,0.0,0.0,0.0,0.0,0.08,0.04,0.0,0.06,0.14,0.02,4.0
752,0.0,0.0,0.0,0.0,0.0,0.0,0.76,0.66,0.1,0.29,0.7,0.4,0.0
753,0.0,1.0,1.0,1.0,0.0,1.0,0.95,0.98,0.86,0.93,0.84,0.57,3.0
754,1.0,1.0,1.0,1.0,1.0,1.0,0.95,0.87,0.07,0.09,0.7708333333333333,0.31,1.0
755,1.0,1.0,1.0,1.0,1.0,1.0,0.82,0.73,0.43,0.24,0.38,0.19,1.0
756,0.0,0.0,0.0,0.0,0.0,0.0,0.88,0.93,0.58,0.62,0.73,0.41,2.0
757,1.0,1.0,1.0,1.0,0.0,1.0,0.88,0.95,0.86,0.81,0.75,0.64,1.0
758,0.0,0.0,0.0,0.0,0.0,0.0,0.54,0.78,0.68,0.7,0.51,0.58,3.0
759,0.0,0.0,0.0,0.0,0.0,0.0,0.7,0.92,0.9,0.83,0.82,0.69,0.0
760,1.0,1.0,0.0,1.0,1.0,0.0,0.79,0.79,0.01,0.04,0.47,0.0,3.0
761,0.0,0.0,0.0,0.0,0.0,0.0,0.53,0.92,0.88,0.87,0.83,0.74,3.0
762,1.0,1.0,1.0,1.0,0.0,1.0,0.96,1.0,0.96,0.97,0.95,0.73,2.0
763,0.0,0.0,0.0,1.0,1.0,1.0,0.54,0.8,0.65,0.68,0.68,0.6,4.0
764,1.0,1.0,1.0,0.0,0.0,0.0,0.97,0.98,0.8,0.9,0.95,0.61,0.0
765,1.0,1.0,1.0,0.0,1.0,0.0,0.01,0.03,0.0,0.0,0.05,0.0,0.0
766,1.0,1.0,1.0,1.0,1.0,0.0,0.95,0.9,0.83,0.77,0.84,0.63,4.0
767,0.0,0.0,0.0,0.0,0.0,0.0,0.3,0.25,0.13,0.13,0.13,0.1,1.0
768,0.0,0.0,0.0,0.0,0.0,0.0,0.9,0.98,0.83,0.85,0.82,0.55,3.0
769,0.0,0.0,1.0,1.0,0.0,0.0,0.03,0.03,0.0,0.02,0.035,0.01,4.0
770,1.0,1.0,1.0,1.0,1.0,0.0,0.87,0.83,0.5983333333333333,0.53,0.65,0.27,2.0
771,1.0,1.0,1.0,0.0,1.0,0.0,0.23,0.31,0.04,0.12,0.18,0.13,2.0
772,1.0,1.0,0.0,1.0,1.0,1.0,0.89,0.96,0.86,0.86,0.87,0.71,1.0
773,1.0,1.0,1.0,1.0,1.0,1.0,0.93,0.9,0.85,0.83,0.8,0.68,3.0
774,1.0,1.0,1.0,1.0,1.0,1.0,0.78,0.92,0.835,0.86,0.82,0.53,0.0
775,0.0,0.0,0.0,0.0,0.0,0.0,0.84,0.7,0.1,0.03,0.44666666666666666,0.0,4.0
776,0.0,1.0,1.0,1.0,1.0,1.0,0.67,0.92,0.83,0.86,0.75,0.57,4.0
777,0.0,0.0,0.0,0.0,0.0,0.0,0.93,0.99,0.82,0.72,0.83,0.51,0.0
778,0.0,0.0,0.0,0.0,0.0,0.0,0.92,0.99,0.8,0.82,0.71,0.54,2.0
779,1.0,1.0,0.0,1.0,0.0,0.0,0.5,0.8,0.39,0.77,0.58,0.29,4.0
780,0.0,1.0,1.0,1.0,0.0,1.0,0.72,0.77,0.7,0.59,0.8,0.44,1.0
781,1.0,1.0,1.0,1.0,1.0,0.0,0.82,0.88,0.86,0.83,0.9,0.59,1.0
782,0.0,0.0,0.0,0.0,0.0,0.0,0.03,0.02,0.02,0.0,0.02,0.0,1.0
783,0.0,0.0,0.0,0.0,0.0,0.0,0.03,0.05,0.11,0.02,0.08,0.06,3.0
784,0.0,0.0,0.0,0.0,0.0,0.0,0.98,0.98,0.92,0.88,0.91,0.51,3.0
785,1.0,1.0,0.0,0.0,1.0,0.0,0.95,1.0,0.79,0.83,0.86,0.34,0.0
786,0.0,1.0,1.0,1.0,0.0,1.0,0.22,0.29,0.07,0.11,0.16,0.03,1.0
787,0.0,0.0,0.0,0.0,0.0,0.0,0.5,0.24,0.03,0.01,0.38,0.01,0.0
788,1.0,1.0,0.0,0.0,0.0,0.0,0.14,0.3,0.28,0.16,0.16,0.11,2.0
789,0.0,0.0,0.0,0.0,0.0,0.0,0.08,0.18,0.03,0.05,0.15,0.05,3.0
790,0.0,0.0,0.0,0.0,0.0,0.0,0.98,0.97,0.8733333333333334,0.87,0.91,0.15,3.0
791,1.0,1.0,1.0,1.0,1.0,1.0,0.94,0.97,0.85,0.93,0.87,0.59,4.0
792,1.0,1.0,1.0,1.0,1.0,1.0,0.92,0.88,0.24,0.25,0.75,0.24,1.0
793,1.0,1.0,1.0,1.0,1.0,0.0,0.95,0.89,0.11,0.06,0.38,0.08,2.0
794,1.0,1.0,1.0,1.0,1.0,1.0,0.87,0.73,0.13,0.09,0.35,0.06,4.0
795,0.0,0.0,0.0,0.0,0.0,0.0,0.01,0.03,0.01,0.08,0.06,0.05,4.0
796,1.0,1.0,1.0,1.0,1.0,0.0,0.07,0.08,0.03,0.03,0.18,0.02,2.0
797,1.0,1.0,1.0,1.0,1.0,1.0,0.82,0.46,0.02,0.02,0.28,0.02,4.0
798,1.0,1.0,0.0,0.0,0.0,0.0,0.78,0.74,0.14,0.08,0.6,0.07,1.0
799,1.0,1.0,0.0,1.0,1.0,0.0,0.95,1.0,0.93,0.94,0.9,0.67,2.0
800,0.0,0.0,0.0,0.0,0.0,0.0,0.92,0.96,0.78,0.83,0.84,0.56,4.0
801,1.0,1.0,0.0,0.0,1.0,0.0,0.85,0.95,0.78,0.91,0.86,0.3,3.0
802,1.0,1.0,0.0,1.0,1.0,0.0,0.02,0.05,0.02,0.08,0.19,0.0,2.0
803,0.0,1.0,0.0,1.0,1.0,1.0,0.07,0.05,0.01,0.02,0.11,0.06,2.0
804,1.0,1.0,1.0,1.0,1.0,1.0,0.9,0.98,0.74,0.86,0.72,0.57,4.0
805,0.0,0.0,0.0,0.0,0.0,0.0,0.92,0.81,0.05,0.02,0.369,0.01,4.0
806,1.0,1.0,1.0,1.0,1.0,1.0,0.67,0.97,0.935,0.95,0.91,0.66,2.0
807,1.0,1.0,1.0,1.0,0.0,0.0,0.92,1.0,0.87,0.9,0.92,0.52,1.0
808,1.0,1.0,0.0,0.0,1.0,0.0,0.84,0.91,0.81,0.64,0.82,0.36,0.0
809,0.0,0.0,0.0,0.0,0.0,0.0,0.89,0.93,0.38,0.24,0.81,0.04,0.0
810,1.0,1.0,0.0,0.0,1.0,0.0,0.84,0.78,0.0,0.04,0.36933333333333335,0.02,1.0
811,1.0,1.0,1.0,1.0,1.0,1.0,0.66,0.72,0.03,0.02,0.46,0.02,1.0
812,0.0,0.0,0.0,0.0,0.0,0.0,0.33,0.48,0.36,0.35,0.34,0.29,2.0
813,0.0,0.0,0.0,0.0,0.0,0.0,0.14,0.19,0.05,0.03,0.19,0.07,2.0
814,0.0,1.0,1.0,1.0,1.0,1.0,0.61,0.9,0.82,0.9,0.76,0.5,3.0
815,1.0,1.0,0.0,0.0,1.0,0.0,0.68,0.82,0.45,0.29,0.58,0.22,4.0
816,1.0,1.0,1.0,1.0,1.0,1.0,0.62,0.88,0.92,0.81,0.79,0.62,1.0
817,0.0,0.0,0.0,0.0,0.0,0.0,0.94,0.96,0.85,0.89,0.91,0.52,0.0
818,0.0,0.0,0.0,0.0,0.0,0.0,0.96,1.0,0.86,0.95,0.85,0.6966666666666665,0.0
819,1.0,0.0,1.0,1.0,1.0,0.0,0.69,0.9,0.85,0.91,0.86,0.77,1.0
820,1.0,1.0,1.0,1.0,1.0,1.0,0.86,0.93,0.68,0.57,0.64,0.63,1.0
821,1.0,1.0,1.0,1.0,1.0,1.0,0.75,0.4,0.01,0.01,0.45,0.02,4.0
822,0.0,1.0,1.0,1.0,1.0,1.0,0.56,0.3,0.12,0.09,0.23,0.1,3.0
823,1.0,1.0,0.0,0.0,1.0,1.0,0.09,0.15,0.02,0.03,0.1,0.03,3.0
824,0.0,0.0,0.0,0.0,0.0,0.0,0.85,0.82,0.02,0.08,0.84,0.04,2.0
825,1.0,1.0,1.0,1.0,1.0,0.0,0.03,0.0,0.0,0.01,0.02,0.01,3.0
826,1.0,1.0,1.0,0.0,1.0,0.0,0.77,0.81,0.46,0.46,0.53,0.28,2.0
827,0.0,0.0,0.0,0.0,0.0,0.0,0.89,0.93,0.05,0.06,0.44,0.02,3.0
828,1.0,0.0,0.0,0.0,0.0,0.0,0.92,1.0,0.94,0.95,0.98,0.55,3.0
829,1.0,1.0,1.0,1.0,0.0,0.0,0.25,0.28,0.12,0.19,0.22,0.18,0.0
830,0.0,0.0,0.0,0.0,0.0,0.0,0.16666666666666663,0.23,0.02,0.17,0.24,0.11,3.0
831,1.0,1.0,1.0,0.0,1.0,0.0,0.09,0.1,0.04,0.02,0.07,0.01,4.0
832,1.0,1.0,1.0,1.0,1.0,0.0,0.99,1.0,0.98,0.97,0.99,0.57,0.0
833,1.0,1.0,0.0,0.0,1.0,0.0,0.91,0.98,0.96,0.94,0.81,0.61,3.0
834,1.0,1.0,1.0,1.0,1.0,0.0,0.75,0.87,0.25,0.4,0.77,0.2,2.0
835,1.0,1.0,0.0,0.0,1.0,0.0,0.02,0.0,0.01,0.0,0.02,0.01,4.0
836,0.0,0.0,0.0,0.0,0.0,0.0,0.89,1.0,0.87,0.88,0.93,0.47,0.0
837,1.0,1.0,1.0,1.0,1.0,1.0,0.82,0.87,0.02,0.08,0.62,0.05,3.0
838,0.0,0.0,0.0,0.0,0.0,0.0,0.97,0.95,0.84,0.71,0.7,0.49,1.0
839,1.0,1.0,0.0,0.0,0.0,0.0,0.89,0.97,0.92,0.86,0.85,0.55,1.0
840,0.0,0.0,0.0,0.0,0.0,0.0,0.91,0.92,0.765,0.78,0.8,0.7,4.0
841,1.0,1.0,1.0,1.0,1.0,1.0,0.91,0.85,0.05,0.09,0.6271428571428571,0.35,0.0
842,0.0,0.0,0.0,0.0,0.0,0.0,0.6,0.91,0.89,0.9,0.7,0.7,1.0
843,0.0,0.0,0.0,0.0,0.0,0.0,0.87,0.96,0.82,0.79,0.68,0.45,0.0
844,1.0,1.0,1.0,1.0,1.0,1.0,0.06,0.18,0.06,0.11,0.23,0.05,2.0
845,1.0,1.0,1.0,1.0,1.0,1.0,0.68,0.91,0.65,0.74,0.79,0.59,1.0
846,0.0,0.0,0.0,0.0,0.0,0.0,0.95,0.96,0.92,0.87,0.84,0.53,1.0
847,1.0,1.0,0.0,0.0,1.0,0.0,0.88,0.95,0.8,0.89,0.92,0.48,2.0
848,0.0,0.0,1.0,1.0,1.0,1.0,0.1,0.1,0.03,0.04,0.12,0.0,3.0
849,1.0,1.0,1.0,0.0,1.0,1.0,0.98,0.98,0.99,0.98,0.97,0.19,2.0
850,0.0,0.0,0.0,0.0,0.0,0.0,0.14,0.12,0.0,0.09,0.08,0.01,3.0
851,1.0,1.0,1.0,1.0,1.0,1.0,0.94,0.96,0.62,0.53,0.63,0.3,3.0
852,1.0,1.0,1.0,1.0,1.0,1.0,0.445,0.52,0.39,0.35,0.39,0.32,2.0
853,0.0,1.0,1.0,1.0,0.0,1.0,0.18,0.18,0.09,0.19,0.26,0.12,3.0
854,0.0,1.0,1.0,1.0,1.0,0.0,0.95,0.94,0.12,0.42,0.8357142857142857,0.53,4.0
855,0.0,0.0,0.0,0.0,0.0,0.0,0.92,0.97,0.85,0.8,0.77,0.19,0.0
856,1.0,0.0,0.0,0.0,0.0,0.0,0.97,0.97,0.94,0.92,0.87,0.32,4.0
857,0.0,0.0,0.0,0.0,0.0,0.0,0.98,0.96,0.89,0.86,0.91,0.53,1.0
858,1.0,1.0,0.0,0.0,1.0,0.0,0.58,0.96,0.9,0.94,0.83,0.28,2.0
859,1.0,1.0,0.0,0.0,1.0,0.0,0.92,0.93,0.9,0.95,0.94,0.15,1.0
860,0.0,0.0,0.0,0.0,0.0,0.0,0.04,0.05,0.02,0.02,0.11,0.0,4.0
861,1.0,1.0,1.0,1.0,1.0,1.0,0.86,0.72,0.22,0.14,0.34,0.18,1.0
862,0.0,0.0,0.0,0.0,0.0,0.0,0.1,0.1,0.05,0.14,0.08,0.05,2.0
863,1.0,1.0,0.0,0.0,0.0,0.0,0.12,0.46,0.36,0.21,0.18,0.14,4.0
864,0.0,0.0,0.0,0.0,0.0,0.0,0.75,0.79,0.54,0.51,0.51,0.31,0.0
865,0.0,0.0,1.0,0.0,0.0,0.0,0.38,0.56,0.1,0.17,0.55,0.25,0.0
866,0.0,0.0,1.0,0.0,0.0,1.0,0.88,0.94,0.92,0.81,0.79,0.5166666666666666,3.0
867,0.0,0.0,0.0,0.0,0.0,0.0,0.01,0.0,0.0,0.01,0.03,0.01,1.0
868,1.0,1.0,1.0,1.0,1.0,1.0,0.12,0.08,0.05,0.0,0.13,0.03,3.0
869,0.0,0.0,0.0,0.0,0.0,0.0,0.57,0.32,0.01,0.05,0.49,0.03,2.0
870,1.0,1.0,0.0,1.0,1.0,0.0,0.09,0.08,0.02,0.05,0.07,0.04,4.0
871,1.0,1.0,0.0,0.0,1.0,0.0,0.84,0.98,0.61,0.67,0.86,0.42,4.0
872,0.0,0.0,0.0,0.0,0.0,0.0,0.33,0.71,0.76,0.83,0.79,0.4,3.0
873,1.0,1.0,0.0,0.0,1.0,0.0,0.04,0.01,0.01,0.0,0.02,0.0,1.0
874,0.0,0.0,0.0,0.0,0.0,0.0,0.84,0.93,0.73,0.73,0.74,0.44,0.0
875,0.0,0.0,0.0,0.0,0.0,0.0,0.99,1.0,0.97,0.96,0.98,0.87,3.0
876,0.0,0.0,0.0,0.0,0.0,0.0,0.7,0.81,0.51,0.57,0.67,0.37,3.0
877,1.0,1.0,1.0,1.0,1.0,0.0,0.9,0.98,0.69,0.75,0.87,0.48,4.0
878,1.0,1.0,1.0,1.0,1.0,0.0,0.9,0.85,0.09,0.43,0.68,0.52,4.0
879,1.0,1.0,1.0,1.0,1.0,1.0,0.22,0.45,0.53,0.31,0.17,0.35,1.0
880,1.0,1.0,0.0,0.0,1.0,0.0,0.01,0.04,0.01,0.01,0.04,0.0,4.0
881,1.0,1.0,0.0,0.0,0.0,0.0,0.19,0.14,0.04,0.05,0.21,0.13,2.0
882,0.0,0.0,0.0,0.0,0.0,0.0,0.77,0.82,0.01,0.55,0.78,0.65,3.0
883,1.0,1.0,1.0,1.0,1.0,0.0,0.05,0.01,0.0,0.13,0.11,0.01,4.0
884,1.0,1.0,0.0,0.0,1.0,0.0,0.75,0.89,0.40333333333333327,0.37,0.58,0.44,3.0
885,1.0,1.0,0.0,0.0,0.0,0.0,0.75,0.67,0.18,0.2,0.47,0.19,3.0
886,0.0,0.0,0.0,0.0,0.0,0.0,0.06,0.04,0.05,0.05,0.04,0.02,0.0
887,0.0,0.0,0.0,0.0,0.0,0.0,0.23,0.58,0.51,0.38,0.29,0.31,0.0
888,1.0,1.0,1.0,0.0,0.0,0.0,0.09,0.12,0.05,0.07,0.17,0.02,1.0
889,0.0,0.0,0.0,0.0,0.0,0.0,0.1,0.15,0.01,0.0,0.09,0.06,1.0
890,1.0,1.0,1.0,1.0,1.0,1.0,0.08,0.06,0.02,0.02,0.06,0.01,3.0
891,1.0,1.0,1.0,1.0,1.0,0.0,0.27,0.25,0.04,0.1,0.24,0.02,4.0
892,0.0,0.0,0.0,0.0,0.0,0.0,0.84,0.91,0.51,0.32,0.64,0.21,1.0
893,0.0,0.0,0.0,0.0,0.0,0.0,0.93,0.99,0.69,0.79,0.95,0.25,2.0
894,1.0,1.0,1.0,1.0,1.0,1.0,0.01,0.0,0.0,0.01,0.04,0.02,3.0
895,0.0,0.0,0.0,0.0,0.0,0.0,0.85,0.95,0.63,0.53,0.74,0.35,3.0
896,0.0,0.0,1.0,1.0,0.0,1.0,0.11,0.52,0.38,0.46,0.5,0.04,4.0
897,1.0,1.0,0.0,0.0,0.0,0.0,0.2,0.44,0.74,0.55,0.26,0.59,4.0
898,0.0,1.0,1.0,1.0,0.0,0.0,0.81,0.87,0.03,0.02,0.4633333333333334,0.05,0.0
899,1.0,1.0,1.0,1.0,1.0,1.0,0.86,0.93,0.06,0.09,0.77,0.06,0.0
900,1.0,1.0,1.0,1.0,1.0,0.0,0.06,0.05,0.01,0.05,0.065,0.02,1.0
901,1.0,1.0,1.0,1.0,0.0,1.0,0.49,0.61,0.01,0.15,0.66,0.17,1.0
902,1.0,1.0,1.0,1.0,1.0,1.0,0.88,0.95,0.64,0.58,0.75,0.29,3.0
903,1.0,1.0,1.0,1.0,1.0,0.0,0.79,0.81,0.56,0.63,0.7708333333333335,0.45,1.0
904,1.0,1.0,1.0,1.0,1.0,1.0,0.89,1.0,0.95,0.99,0.89,0.91,1.0
905,1.0,1.0,0.0,0.0,1.0,0.0,0.62,0.79,0.83,0.76,0.48,0.57,1.0
906,0.0,0.0,0.0,0.0,0.0,0.0,0.98,0.98,0.94,0.97,0.92,0.57,0.0
907,0.0,0.0,0.0,0.0,0.0,0.0,0.81,0.95,0.9233333333333335,0.94,0.75,0.77,1.0
908,1.0,0.0,0.0,0.0,0.0,0.0,0.76,0.85,0.87,0.65,0.31,0.46,3.0
909,1.0,1.0,1.0,0.0,1.0,0.0,0.87,0.96,0.41,0.48,0.66,0.26,2.0
910,1.0,1.0,1.0,1.0,1.0,1.0,0.92,0.95,0.88,0.87,0.9,0.6,0.0
911,1.0,1.0,0.0,0.0,0.0,0.0,0.56,0.92,0.79,0.91,0.81,0.59,3.0
912,1.0,1.0,1.0,1.0,1.0,0.0,0.34,0.75,0.73,0.54,0.35,0.17,3.0
913,1.0,1.0,1.0,1.0,1.0,0.0,0.34,0.46,0.53,0.43,0.36,0.19,4.0
914,0.0,1.0,0.0,0.0,1.0,0.0,0.11,0.11,0.01,0.06,0.07,0.06,2.0
915,1.0,1.0,1.0,1.0,1.0,1.0,0.63,0.82,0.59,0.7,0.62,0.5,0.0
916,1.0,1.0,0.0,0.0,0.0,0.0,0.78,0.98,0.96,0.84,0.76,0.73,2.0
917,1.0,1.0,1.0,1.0,1.0,1.0,0.71,0.97,0.91,0.96,0.9,0.58,1.0
918,0.0,1.0,1.0,1.0,1.0,1.0,0.07,0.08,0.03,0.0,0.05,0.03,2.0
919,1.0,1.0,0.0,1.0,1.0,0.0,0.8,0.89,0.0,0.01,0.48,0.01,3.0
920,0.0,0.0,0.0,0.0,0.0,0.0,0.22,0.27,0.02,0.11,0.18,0.08,3.0
921,0.0,1.0,1.0,1.0,0.0,1.0,0.88,0.98,0.66,0.71,0.83,0.4,0.0
922,1.0,1.0,0.0,0.0,0.0,0.0,0.77,0.86,0.01,0.07,0.46,0.11,1.0
923,1.0,1.0,0.0,1.0,1.0,0.0,0.9,0.98,0.82,0.76,0.7,0.43,1.0
924,1.0,1.0,1.0,0.0,1.0,0.0,0.99,1.0,0.77,0.87,0.97,0.47,3.0
925,1.0,1.0,1.0,1.0,1.0,0.0,0.74,0.84,0.68,0.48,0.63,0.4,2.0
926,1.0,1.0,0.0,0.0,0.0,0.0,0.55,0.33,0.0,0.04,0.5,0.01,2.0
927,0.0,0.0,0.0,0.0,1.0,0.0,0.01,0.01,0.0,0.0,0.03,0.01,3.0
928,1.0,1.0,1.0,1.0,1.0,0.0,0.95,0.97,0.81,0.73,0.76,0.4,4.0
929,1.0,1.0,1.0,1.0,1.0,0.0,0.1,0.16,0.12,0.08,0.09,0.06,4.0
930,1.0,1.0,1.0,1.0,1.0,0.0,0.2,0.25,0.33,0.1,0.2,0.11,2.0
931,0.0,0.0,0.0,0.0,0.0,0.0,0.4,0.36,0.24,0.35,0.32,0.12,0.0
932,1.0,1.0,1.0,1.0,1.0,1.0,0.95,0.94,0.86,0.92,0.85,0.69,0.0
933,0.0,1.0,1.0,1.0,1.0,0.0,0.92,0.84,0.07,0.17,0.88,0.24,3.0
934,1.0,1.0,0.0,0.0,1.0,0.0,0.74,0.82,0.08,0.1,0.41,0.08,3.0
935,0.0,0.0,0.0,0.0,0.0,0.0,0.37,0.61,0.6,0.49,0.4,0.51,3.0
936,1.0,1.0,1.0,1.0,1.0,0.0,0.58,0.4,0.57,0.54,0.53,0.53,2.0
937,0.0,0.0,1.0,0.0,0.0,0.0,0.87,0.95,0.88,0.77,0.93,0.5,1.0
938,1.0,1.0,1.0,1.0,1.0,0.0,0.65,0.95,0.92,0.91,0.78,0.84,1.0
939,1.0,1.0,1.0,0.0,0.0,0.0,0.07,0.1,0.01,0.01,0.06,0.02,1.0
940,1.0,1.0,1.0,0.0,1.0,0.0,0.95,0.99,0.81,0.83,0.74,0.5866666666666667,0.0
941,1.0,1.0,1.0,1.0,1.0,1.0,0.075,0.07,0.0,0.09,0.06,0.08,2.0
942,0.0,0.0,0.0,0.0,0.0,0.0,0.9,0.88,0.7,0.65,0.7,0.55,1.0
943,0.0,0.0,0.0,0.0,0.0,0.0,0.68,0.52,0.0,0.2,0.72,0.47,1.0
944,0.0,0.0,0.0,0.0,0.0,0.0,0.84,0.99,0.74,0.79,0.84,0.44,2.0
945,1.0,1.0,1.0,1.0,1.0,0.0,0.95,0.99,0.86,0.66,0.56,0.49333333333333335,3.0
946,1.0,1.0,1.0,1.0,1.0,0.0,0.05,0.01,0.08,0.02,0.01,0.0,1.0
947,0.0,0.0,0.0,0.0,0.0,0.0,0.22,0.18,0.08,0.1,0.16,0.02,3.0
948,0.0,0.0,0.0,0.0,0.0,0.0,0.82,0.95,0.96,0.95,0.93,0.78,0.0
949,1.0,1.0,1.0,1.0,1.0,0.0,0.55,0.67,0.72,0.63,0.56,0.57,0.0
950,1.0,1.0,1.0,1.0,1.0,1.0,0.87,0.85,0.27,0.12,0.32,0.16,0.0
951,1.0,1.0,1.0,1.0,1.0,1.0,0.04,0.12,0.01,0.05,0.05,0.02,4.0
952,1.0,1.0,0.0,0.0,1.0,0.0,0.82,0.8,0.0,0.02,0.6,0.01,0.0
953,1.0,1.0,1.0,1.0,1.0,1.0,0.51,0.35,0.01,0.04,0.37,0.02,3.0
954,1.0,1.0,1.0,1.0,1.0,1.0,0.28,0.29,0.05,0.07,0.17666666666666664,0.19,4.0
955,0.0,0.0,0.0,0.0,0.0,0.0,0.39,0.67,0.58,0.42,0.5,0.44,4.0
956,0.0,1.0,1.0,1.0,0.0,1.0,0.26,0.53,0.39,0.27,0.32,0.14,4.0
957,1.0,1.0,0.0,0.0,1.0,0.0,0.45,0.66,0.58,0.54,0.43,0.37,4.0
958,1.0,1.0,1.0,0.0,0.0,1.0,0.76,0.78,0.28,0.24,0.636,0.24,3.0
959,1.0,1.0,1.0,1.0,1.0,1.0,0.07,0.08,0.01,0.01,0.22,0.0,3.0
960,1.0,1.0,1.0,1.0,1.0,1.0,0.78,0.95,0.7,0.73,0.68,0.59,4.0
961,1.0,1.0,0.0,0.0,1.0,1.0,0.48,0.66,0.77,0.7,0.45,0.45,3.0
962,1.0,1.0,0.0,0.0,0.0,0.0,0.04,0.07,0.0,0.05,0.22,0.03,2.0
963,1.0,1.0,1.0,1.0,1.0,1.0,0.97,0.93,0.81,0.8,0.85,0.33,0.0
964,1.0,1.0,0.0,0.0,1.0,0.0,0.94,0.92,0.52,0.4,0.51,0.3,1.0
965,1.0,1.0,0.0,0.0,1.0,0.0,0.88,0.96,0.55,0.53,0.72,0.26,2.0
966,1.0,1.0,1.0,0.0,1.0,0.0,0.86,0.85,0.0,0.05,0.37,0.0,2.0
967,0.0,0.0,0.0,0.0,0.0,0.0,0.0,0.02,0.0,0.0,0.07,0.0,3.0
968,0.0,0.0,0.0,0.0,0.0,0.0,0.87,0.96,0.65,0.69,0.74,0.31,0.0
969,0.0,0.0,0.0,0.0,0.0,0.0,0.63,0.49,0.08,0.05,0.51,0.01,3.0
970,0.0,0.0,0.0,0.0,0.0,0.0,0.85,0.89,0.22,0.21,0.43,0.13,3.0
971,1.0,1.0,1.0,1.0,1.0,1.0,0.24,0.69,0.66,0.58,0.39,0.34,3.0
972,1.0,1.0,1.0,1.0,1.0,0.0,0.93,0.91,0.86,0.87,0.87,0.65,4.0
973,1.0,1.0,0.0,0.0,1.0,0.0,0.98,0.99,0.88,0.94,0.86,0.54,1.0
974,1.0,1.0,0.0,0.0,1.0,0.0,0.01,0.01,0.0,0.02,0.03,0.0,2.0
975,0.0,0.0,0.0,0.0,0.0,0.0,0.295,0.52,0.21,0.21,0.46,0.06,4.0
976,1.0,1.0,0.0,0.0,0.0,0.0,0.95,0.94,0.71,0.57,0.75,0.35,2.0
977,1.0,1.0,0.0,0.0,1.0,1.0,0.84,0.93,0.65,0.75,0.74,0.16,3.0
978,0.0,0.0,1.0,0.0,0.0,1.0,0.01,0.0,0.01,0.0,0.0,0.0,2.0
979,0.0,0.0,0.0,0.0,0.0,0.0,0.14,0.23,0.09,0.14,0.255,0.11,2.0
980,0.0,0.0,0.0,0.0,0.0,0.0,0.75,0.84,0.01,0.08,0.44,0.0,3.0
981,1.0,1.0,1.0,1.0,1.0,0.0,0.79,0.84,0.48,0.65,0.68,0.425,4.0
982,0.0,0.0,0.0,0.0,0.0,0.0,0.92,0.97,0.96,0.98,0.87,0.76,1.0
983,0.0,1.0,1.0,1.0,1.0,0.0,0.98,1.0,0.97,0.95,0.93,0.88,1.0
984,1.0,1.0,0.0,0.0,0.0,0.0,0.97,0.96,0.78,0.75,0.77,0.58,0.0
985,1.0,1.0,1.0,1.0,1.0,1.0,0.87,0.92,0.63,0.68,0.53,0.4,1.0
986,0.0,0.0,0.0,0.0,0.0,0.0,0.1,0.1,0.09,0.05,0.11,0.02,2.0
987,1.0,1.0,1.0,1.0,0.0,0.0,0.04,0.09,0.02,0.01,0.09,0.04,0.0
988,1.0,1.0,0.0,0.0,1.0,0.0,0.87,0.98,0.6733333333333333,0.71,0.91,0.42,2.0
989,1.0,1.0,1.0,1.0,1.0,1.0,0.59,0.6,0.14,0.22,0.62,0.39,1.0
990,0.0,0.0,1.0,0.0,0.0,0.0,0.96,1.0,0.87,0.95,0.95,0.46,2.0
991,0.0,0.0,1.0,1.0,0.0,0.0,0.87,0.81,0.17,0.21,0.57,0.19,3.0
992,0.0,0.0,0.0,0.0,0.0,0.0,0.59,0.72,0.0,0.07,0.74,0.35,3.0
993,1.0,1.0,1.0,1.0,1.0,1.0,0.74,0.7,0.05,0.08,0.34916666666666674,0.03,0.0
994,1.0,1.0,0.0,0.0,1.0,0.0,0.93,0.96,0.69,0.73,0.7,0.38,2.0
995,1.0,1.0,1.0,1.0,1.0,1.0,0.94,0.98,0.915,0.94,0.92,0.7033333333333333,4.0
996,1.0,0.0,0.0,0.0,1.0,0.0,0.6,0.79,0.8066666666666665,0.69,0.36,0.55,3.0
997,1.0,1.0,0.0,0.0,0.0,0.0,0.92,1.0,0.94,0.92,0.93,0.73,1.0
998,1.0,1.0,1.0,1.0,1.0,1.0,0.55,0.9,0.73,0.75,0.46,0.55,0.0
999,1.0,1.0,0.0,0.0,0.0,0.0,0.85,0.89,0.0,0.05,0.54,0.03,1.0
1000,0.0,0.0,0.0,0.0,0.0,0.0,0.93,0.87,0.04,0.05,0.42,0.04,0.0
1001,1.0,1.0,1.0,1.0,1.0,1.0,0.95,0.99,0.89,0.96,0.96,0.5,1.0
1002,1.0,1.0,1.0,1.0,1.0,1.0,0.91,0.88,0.6666666666666665,0.57,0.58,0.28,3.0
1003,1.0,1.0,1.0,1.0,1.0,1.0,0.55,0.73,0.69,0.49,0.55,0.35,3.0
1004,1.0,1.0,0.0,0.0,0.0,0.0,0.87,1.0,0.96,0.92,0.94,0.53,1.0
1005,0.0,0.0,0.0,0.0,0.0,0.0,0.73,0.88,0.29,0.09,0.54,0.04,1.0
1006,1.0,1.0,0.0,0.0,0.0,0.0,0.78,0.71,0.02,0.07,0.62,0.1,2.0
1007,1.0,1.0,0.0,0.0,1.0,0.0,0.82,0.94,0.82,0.79,0.54,0.4,1.0
1008,0.0,1.0,0.0,1.0,1.0,0.0,0.97,0.99,0.82,0.46,0.62,0.05,3.0
1009,0.0,1.0,0.0,1.0,1.0,0.0,0.93,1.0,0.58,0.7,0.83,0.39,0.0
1010,0.0,0.0,0.0,0.0,0.0,0.0,0.92,0.84,0.07,0.07,0.48166666666666663,0.06,2.0
1011,1.0,1.0,0.0,1.0,1.0,0.0,0.74,0.86,0.35,0.24,0.53,0.08,3.0
1012,0.0,0.0,0.0,0.0,0.0,0.0,0.59,0.69,0.54,0.63,0.5,0.41,4.0
1013,1.0,1.0,0.0,0.0,1.0,0.0,0.04,0.02,0.0,0.03,0.11,0.01,2.0
1014,1.0,1.0,0.0,0.0,1.0,0.0,0.99,1.0,0.93,0.99,0.92,0.565,4.0
1015,0.0,0.0,0.0,0.0,0.0,0.0,0.67,0.63,0.09,0.33,0.63,0.36,3.0
1016,1.0,1.0,0.0,0.0,0.0,0.0,0.91,0.93,0.99,0.94,0.9,0.7,4.0
1017,0.0,1.0,1.0,1.0,0.0,1.0,0.96,1.0,0.94,0.96,0.98,0.22,4.0
1018,1.0,1.0,0.0,0.0,1.0,0.0,0.54,0.79,0.84,0.87,0.51,0.51,1.0
1019,0.0,0.0,0.0,0.0,0.0,0.0,0.81,0.85,0.55,0.64,0.73,0.24,3.0
1020,1.0,1.0,1.0,1.0,1.0,0.0,0.99,0.99,0.99,0.95,0.95,0.82,4.0
1021,0.0,1.0,1.0,1.0,1.0,0.0,0.95,0.81,0.02,0.02,0.45150000000000007,0.02,4.0
1022,0.0,0.0,0.0,0.0,0.0,0.0,0.92,0.99,0.9,0.91,0.91,0.45,2.0
1023,0.0,1.0,1.0,1.0,1.0,1.0,0.78,0.54,0.02,0.01,0.37,0.0,2.0
1024,0.0,0.0,0.0,0.0,0.0,0.0,0.86,0.83,0.06,0.05,0.4,0.06,3.0
1025,0.0,0.0,0.0,0.0,0.0,0.0,0.85,0.92,0.67,0.54,0.68,0.54,4.0
1026,1.0,1.0,0.0,0.0,0.0,0.0,0.01,0.03,0.0,0.01,0.06,0.01,0.0
1027,1.0,1.0,1.0,1.0,1.0,1.0,0.71,0.76,0.07,0.07,0.36,0.04,1.0
1028,0.0,1.0,1.0,1.0,0.0,1.0,0.43,0.7,0.57,0.58,0.49,0.4766666666666666,4.0
1029,1.0,1.0,1.0,1.0,1.0,0.0,0.83,0.81,0.21,0.17,0.49,0.17,2.0
1030,1.0,1.0,0.0,0.0,1.0,0.0,0.05,0.02,0.0,0.03,0.12,0.03,0.0
1031,0.0,0.0,0.0,0.0,0.0,0.0,0.48,0.83,0.75,0.64,0.33,0.58,3.0
1032,0.0,0.0,0.0,0.0,0.0,0.0,0.49,0.81,0.76,0.63,0.3,0.6,3.0
1033,1.0,0.0,0.0,0.0,0.0,0.0,0.07,0.01,0.03,0.02,0.0,0.02,0.0
1034,1.0,1.0,1.0,1.0,1.0,0.0,0.1,0.07,0.09,0.02,0.07,0.04,1.0
1035,0.0,0.0,0.0,0.0,0.0,0.0,0.77,0.94,0.51,0.65,0.74,0.47,3.0
1036,1.0,1.0,1.0,1.0,1.0,1.0,0.84,0.82,0.15,0.17,0.45,0.15,1.0
1037,0.0,0.0,0.0,0.0,0.0,0.0,0.92,0.98,0.6,0.41,0.62,0.3,1.0
1038,0.0,1.0,0.0,1.0,1.0,1.0,0.84,0.84,0.24,0.17,0.32,0.06,4.0
1039,1.0,1.0,0.0,1.0,1.0,0.0,0.7,0.82,0.2,0.19,0.5233333333333333,0.14,3.0
1040,1.0,1.0,0.0,1.0,1.0,0.0,0.85,0.95,0.56,0.67,0.78,0.44,0.0
1041,0.0,0.0,0.0,0.0,0.0,0.0,0.01,0.05,0.01,0.01,0.08,0.0,2.0
1042,0.0,0.0,0.0,0.0,0.0,0.0,0.92,0.93,0.75,0.75,0.62,0.38,3.0
1043,0.0,0.0,0.0,0.0,0.0,0.0,0.08,0.12,0.01,0.0,0.13,0.01,2.0
1044,0.0,0.0,0.0,0.0,0.0,0.0,0.99,1.0,0.82,0.68,0.88,0.37,4.0
1045,0.0,0.0,0.0,0.0,0.0,0.0,0.0,0.01,0.03,0.01,0.02,0.01,4.0
1046,0.0,1.0,1.0,1.0,0.0,1.0,0.98,0.98,0.74,0.59,0.613,0.17,2.0
1047,1.0,1.0,1.0,1.0,1.0,1.0,0.9,0.9,0.25,0.25,0.75,0.4,0.0
1048,0.0,0.0,0.0,0.0,0.0,0.0,0.93,0.9,0.6775,0.67,0.58,0.4,3.0
1049,0.0,0.0,0.0,0.0,0.0,0.0,0.71,0.73,0.77,0.39,0.41,0.5,0.0
1050,1.0,1.0,1.0,0.0,1.0,0.0,0.49,0.81,0.73,0.59,0.64,0.49,0.0
1051,0.0,0.0,0.0,0.0,0.0,0.0,0.02,0.04,0.01,0.01,0.145,0.01,4.0
1052,0.0,0.0,0.0,1.0,1.0,1.0,1.0,0.98,0.84,0.78,0.77,0.3,1.0
1053,0.0,0.0,0.0,0.0,0.0,0.0,0.94,0.99,0.83,0.89,0.92,0.22,1.0
1054,1.0,1.0,0.0,1.0,1.0,0.0,0.07,0.02,0.09,0.08,0.06,0.02,0.0
1055,1.0,1.0,1.0,1.0,1.0,0.0,0.15633333333333332,0.23,0.05,0.07,0.28,0.07,2.0
1056,1.0,1.0,1.0,0.0,0.0,1.0,0.68,0.37,0.03,0.0,0.465,0.0,4.0
1057,1.0,1.0,1.0,1.0,1.0,0.0,0.02,0.06,0.01,0.06,0.06,0.05,0.0
1058,0.0,0.0,0.0,0.0,0.0,0.0,0.73,0.9,0.9,0.84,0.79,0.67,2.0
1059,1.0,1.0,1.0,1.0,1.0,1.0,0.9,0.86,0.63,0.51,0.7,0.49,4.0
1060,1.0,1.0,1.0,1.0,1.0,1.0,0.96,0.89,0.03,0.06,0.81,0.34,4.0
1061,1.0,1.0,1.0,1.0,1.0,1.0,0.92,0.94,0.65,0.51,0.7,0.21,2.0
1062,0.0,1.0,1.0,1.0,0.0,1.0,0.87,0.92,0.24,0.29,0.79,0.09,3.0
1063,0.0,0.0,0.0,0.0,0.0,0.0,0.06,0.13,0.03,0.02,0.06,0.01,2.0
1064,1.0,1.0,1.0,1.0,1.0,1.0,0.84,0.7,0.02,0.0,0.26,0.02,4.0
1065,1.0,1.0,0.0,0.0,1.0,0.0,0.15,0.57,0.5,0.74,0.72,0.1,3.0
1066,1.0,1.0,0.0,0.0,1.0,0.0,0.77,0.71,0.41,0.36,0.64,0.19,3.0
1067,1.0,1.0,0.0,0.0,0.0,0.0,0.79,0.85,0.0,0.01,0.62,0.01,3.0
1068,0.0,0.0,0.0,0.0,0.0,0.0,0.18,0.27,0.04,0.2,0.33,0.03,3.0
1069,0.0,0.0,0.0,0.0,0.0,0.0,0.93,0.94,0.63,0.62,0.83,0.34,3.0
1070,0.0,0.0,0.0,0.0,0.0,0.0,0.97,0.96,0.81,0.66,0.61,0.46,3.0
1071,0.0,0.0,0.0,0.0,0.0,0.0,0.0,0.01,0.01,0.01,0.01,0.0,4.0
1072,1.0,1.0,1.0,1.0,1.0,1.0,0.19,0.19,0.05,0.05,0.22,0.0,3.0
1073,1.0,1.0,1.0,0.0,0.0,1.0,0.95,1.0,0.85,0.94,0.85,0.69,1.0
1074,1.0,1.0,1.0,1.0,1.0,0.0,0.94,0.96,0.79,0.84,0.86,0.63,0.0
1075,1.0,1.0,1.0,1.0,1.0,0.0,0.12,0.2,0.11,0.14,0.15,0.11,2.0
1076,1.0,1.0,0.0,1.0,1.0,0.0,0.01,0.04,0.07,0.05,0.12,0.01,4.0
1077,1.0,1.0,1.0,1.0,1.0,1.0,0.46,0.57,0.36,0.42,0.34,0.39,3.0
1078,1.0,1.0,1.0,1.0,1.0,0.0,0.26,0.36,0.25,0.26,0.18,0.22,0.0
1079,0.0,1.0,1.0,1.0,1.0,0.0,0.82,0.93,0.7,0.79,0.77,0.25,1.0
1080,1.0,1.0,0.0,0.0,0.0,0.0,0.34,0.41,0.22,0.23,0.38,0.13,3.0
1081,0.0,0.0,0.0,0.0,0.0,0.0,0.82,0.95,0.57,0.58,0.71,0.28,3.0
1082,1.0,1.0,1.0,1.0,1.0,0.0,0.91,0.99,0.87,0.94,0.9,0.71,4.0
1083,1.0,1.0,1.0,1.0,1.0,0.0,0.83,0.94,0.66,0.69,0.83,0.56,0.0
1084,0.0,0.0,1.0,0.0,0.0,1.0,0.82,0.88,0.65,0.67,0.79,0.58,0.0
1085,0.0,1.0,0.0,0.0,1.0,0.0,0.23,0.36,0.17,0.21,0.32,0.18,0.0
1086,1.0,1.0,0.0,0.0,0.0,0.0,0.9,0.96,0.78,0.8,0.83,0.6,4.0
1087,1.0,1.0,1.0,1.0,1.0,1.0,0.97,0.99,0.9,0.95,0.91,0.58,2.0
1088,0.0,0.0,1.0,0.0,0.0,0.0,0.08,0.1,0.0,0.07,0.09,0.1,2.0
1089,0.0,1.0,1.0,1.0,0.0,1.0,0.83,0.88,0.34,0.18,0.62,0.1,1.0
1090,0.0,0.0,0.0,0.0,0.0,0.0,0.65,0.6,0.22,0.39,0.61,0.42,0.0
1091,0.0,0.0,0.0,0.0,0.0,0.0,0.95,0.99,0.76,0.81,0.96,0.25,1.0
1092,1.0,1.0,1.0,1.0,1.0,1.0,0.46,0.78,0.93,0.85,0.45,0.72,3.0
1093,1.0,1.0,1.0,1.0,1.0,1.0,0.31,0.87,0.78,0.63,0.38,0.52,2.0
1094,1.0,1.0,0.0,1.0,1.0,0.0,0.78,0.73,0.03,0.03,0.5033333333333333,0.05,2.0
1095,0.0,0.0,0.0,0.0,0.0,0.0,1.0,1.0,0.87,0.79,0.92,0.35,4.0
1096,0.0,0.0,0.0,0.0,0.0,0.0,0.28,0.43,0.4,0.25,0.15,0.12,2.0
1097,1.0,1.0,0.0,1.0,0.0,0.0,0.94,0.97,0.82,0.46,0.6,0.1,3.0
1098,1.0,1.0,1.0,1.0,1.0,1.0,0.96,1.0,0.9,0.91,0.88,0.66,3.0
1099,1.0,1.0,0.0,0.0,0.0,0.0,0.95,0.99,0.89,0.91,0.96,0.7,3.0
1100,0.0,0.0,1.0,0.0,0.0,0.0,0.71,0.91,0.8,0.9,0.77,0.7,2.0
1101,1.0,1.0,1.0,1.0,1.0,1.0,0.76,0.98,0.93,0.97,0.9,0.8,1.0
1102,0.0,0.0,0.0,0.0,0.0,0.0,0.24,0.61,0.62,0.66,0.75,0.14,2.0
1103,0.0,0.0,0.0,0.0,0.0,0.0,0.45,0.5,0.55,0.49,0.5,0.19,0.0
1104,1.0,0.0,0.0,0.0,1.0,0.0,0.78,0.58,0.47,0.34,0.61,0.21,4.0
1105,0.0,0.0,0.0,0.0,0.0,0.0,0.42,0.57,0.53,0.42,0.29,0.34,1.0
1106,1.0,1.0,1.0,1.0,1.0,1.0,0.27,0.39,0.4,0.22,0.3,0.25,3.0
1107,1.0,1.0,1.0,1.0,1.0,1.0,0.82,0.85,0.25,0.37,0.67,0.13,1.0
1108,0.0,1.0,1.0,1.0,1.0,1.0,0.1,0.05,0.02,0.0,0.04,0.01,1.0
1109,0.0,0.0,0.0,0.0,0.0,0.0,0.49,0.79,0.82,0.72,0.72,0.48,4.0
1110,0.0,0.0,0.0,0.0,1.0,0.0,0.83,0.91,0.8240000000000001,0.86,0.78,0.64,2.0
1111,0.0,0.0,0.0,0.0,0.0,0.0,0.7,0.88,0.88,0.92,0.87,0.83,2.0
1112,1.0,1.0,1.0,1.0,1.0,0.0,0.722,0.55,0.2,0.21,0.62,0.15,0.0
1113,0.0,0.0,0.0,0.0,0.0,0.0,0.93,0.97,0.6,0.57,0.62,0.17,2.0
1114,1.0,1.0,1.0,1.0,1.0,1.0,0.92,0.98,0.84,0.78,0.88,0.43,2.0
1115,0.0,0.0,0.0,0.0,0.0,0.0,0.36,0.64,0.61,0.47,0.36,0.33,3.0
1116,1.0,1.0,1.0,1.0,1.0,1.0,0.83,0.81,0.17,0.1,0.4475,0.03,1.0
1117,0.0,0.0,0.0,0.0,0.0,0.0,0.82,0.91,0.01,0.03,0.7866666666666666,0.04,2.0
1118,1.0,1.0,0.0,0.0,0.0,0.0,0.03,0.01,0.0,0.02,0.01,0.01,1.0
1119,1.0,1.0,1.0,1.0,1.0,1.0,0.7,0.77,0.07,0.06,0.44,0.11,3.0
1120,1.0,1.0,0.0,1.0,1.0,1.0,0.12,0.09,0.03,0.03,0.17,0.0,2.0
1121,1.0,1.0,0.0,1.0,0.0,0.0,0.1,0.08,0.05,0.07,0.09,0.07,0.0
1122,0.0,0.0,0.0,0.0,0.0,0.0,0.03,0.08,0.07,0.08,0.1,0.05,4.0
1123,0.0,0.0,0.0,0.0,0.0,0.0,0.07,0.15,0.04,0.11,0.15,0.09,4.0
1124,0.0,1.0,1.0,1.0,1.0,1.0,0.82,0.95,0.4,0.34,0.58,0.21,0.0
1125,0.0,0.0,0.0,0.0,0.0,0.0,0.1,0.27,0.38,0.15,0.22,0.12,1.0
1126,1.0,1.0,1.0,1.0,1.0,0.0,0.76,0.97,0.92,0.88,0.9,0.68,4.0
1127,0.0,0.0,0.0,0.0,0.0,0.0,0.7033333333333333,0.59,0.26,0.51,0.7,0.48,3.0
1128,0.0,1.0,1.0,1.0,0.0,1.0,0.96,0.99,0.87,0.63,0.76,0.34,3.0
1129,0.0,1.0,1.0,1.0,1.0,1.0,0.86,0.84,0.61,0.62,0.68,0.29,4.0
1130,0.0,0.0,0.0,0.0,0.0,0.0,0.91,0.92,0.85,0.86,0.87,0.68,4.0
1131,0.0,0.0,0.0,0.0,0.0,0.0,0.4,0.61,0.18,0.26,0.43,0.16,0.0
1132,1.0,1.0,1.0,1.0,1.0,1.0,0.94,0.99,0.81,0.77,0.9,0.38,0.0
1133,1.0,1.0,0.0,1.0,1.0,1.0,0.12,0.24,0.19,0.21,0.14,0.08,2.0
1134,0.0,0.0,1.0,0.0,0.0,1.0,0.74,0.71,0.48,0.37,0.42,0.19,0.0
1135,1.0,1.0,1.0,1.0,1.0,1.0,0.0,0.0,0.0,0.0,0.02,0.0,4.0
1136,1.0,1.0,1.0,0.0,0.0,0.0,0.92,0.87,0.02,0.08,0.67,0.1,4.0
1137,0.0,0.0,0.0,0.0,0.0,0.0,0.06,0.03,0.01,0.01,0.07,0.0,3.0
1138,1.0,1.0,1.0,1.0,1.0,0.0,0.88,0.84,0.82,0.64,0.7,0.35,0.0
1139,0.0,0.0,0.0,0.0,0.0,0.0,0.92,0.98,0.83,0.88,0.9,0.47,3.0
1140,1.0,1.0,1.0,1.0,1.0,1.0,0.49,0.3,0.05,0.06,0.17,0.08,2.0
1141,1.0,1.0,1.0,1.0,1.0,1.0,0.05,0.05,0.0,0.02,0.07,0.01,3.0
1142,0.0,0.0,1.0,0.0,0.0,0.0,0.9,0.93,0.46,0.41,0.71,0.31,2.0
1143,0.0,0.0,1.0,0.0,0.0,0.0,0.05,0.05,0.02,0.05,0.1,0.01,4.0
1144,1.0,1.0,1.0,1.0,1.0,0.0,0.92,0.99,0.96,0.96,0.9,0.38,1.0
1145,0.0,0.0,0.0,0.0,0.0,0.0,0.88,0.99,0.87,0.93,0.76,0.68,2.0
1146,0.0,0.0,0.0,0.0,0.0,0.0,0.93,0.89,0.01,0.03,0.5279999999999999,0.01,2.0
1147,1.0,1.0,1.0,0.0,0.0,0.0,0.76,0.39,0.07,0.02,0.41,0.05,4.0
1148,1.0,1.0,1.0,1.0,0.0,0.0,0.93,0.98,0.94,0.95,0.84,0.6566666666666666,3.0
1149,0.0,1.0,1.0,1.0,0.0,1.0,0.85,0.97,0.77,0.87,0.85,0.34,3.0
1150,1.0,0.0,0.0,0.0,0.0,0.0,0.77,0.59,0.0,0.01,0.49,0.02,3.0
1151,1.0,1.0,1.0,1.0,1.0,1.0,0.87,0.95,0.76,0.69,0.59,0.42,2.0
1152,1.0,1.0,1.0,1.0,1.0,1.0,0.13,0.15,0.03,0.11,0.19,0.18,4.0
1153,1.0,1.0,1.0,1.0,1.0,1.0,0.92,0.95,0.715,0.77,0.83,0.64,4.0
1154,0.0,0.0,0.0,0.0,0.0,0.0,0.02,0.09,0.04,0.02,0.03,0.04,4.0
1155,1.0,1.0,1.0,1.0,1.0,0.0,0.96,1.0,0.95,0.96,0.97,0.68,0.0
1156,0.0,0.0,0.0,0.0,0.0,0.0,0.62,0.88,0.89,0.88,0.73,0.8,1.0
1157,1.0,1.0,1.0,1.0,1.0,0.0,0.9,1.0,0.88,0.98,0.85,0.61,1.0
1158,1.0,1.0,1.0,1.0,1.0,1.0,0.03,0.03,0.0,0.03,0.16,0.02,4.0
1159,0.0,1.0,1.0,1.0,1.0,1.0,0.79,0.89,0.5886666666666667,0.5,0.63,0.45,2.0
1160,1.0,0.0,0.0,0.0,0.0,0.0,0.5,0.77,0.6486666666666667,0.54,0.71,0.4,2.0
1161,0.0,0.0,0.0,0.0,0.0,0.0,0.05,0.08,0.04,0.05,0.06,0.01,1.0
1162,0.0,0.0,0.0,0.0,0.0,0.0,0.77,0.91,0.89,0.92,0.81,0.67,4.0
1163,1.0,1.0,0.0,0.0,0.0,0.0,0.59,0.91,0.95,0.85,0.79,0.7766666666666666,3.0
1164,1.0,1.0,1.0,1.0,1.0,1.0,0.36,0.67,0.63,0.54,0.61,0.37,0.0
1165,0.0,0.0,0.0,0.0,0.0,0.0,0.02,0.04,0.01,0.0,0.04,0.01,1.0
1166,1.0,1.0,1.0,1.0,1.0,0.0,0.24,0.5,0.46,0.27,0.27,0.23,3.0
1167,1.0,1.0,0.0,0.0,1.0,0.0,0.02,0.01,0.0,0.01,0.02,0.02,3.0
1168,0.0,0.0,0.0,0.0,0.0,0.0,0.48,0.54,0.49,0.49,0.46,0.3,1.0
1169,0.0,0.0,0.0,0.0,0.0,0.0,0.39,0.49,0.515,0.45,0.53,0.4,0.0
1170,1.0,1.0,0.0,0.0,1.0,0.0,0.25,0.29,0.1,0.13,0.25,0.09,3.0
1171,0.0,0.0,0.0,0.0,0.0,0.0,0.92,0.99,0.93,0.92,0.9,0.73,4.0
1172,1.0,1.0,1.0,1.0,1.0,0.0,0.95,0.99,0.935,0.96,0.96,0.77,2.0
1173,0.0,0.0,0.0,0.0,0.0,0.0,0.07,0.08,0.0,0.0,0.01,0.0,1.0
1174,1.0,1.0,1.0,1.0,1.0,1.0,0.68,0.48,0.04,0.08,0.5,0.03,2.0
1175,1.0,1.0,1.0,1.0,1.0,1.0,0.84,0.93,0.8,0.62,0.698,0.35,1.0
1176,1.0,1.0,0.0,0.0,1.0,0.0,0.51,0.88,0.91,0.81,0.32,0.68,2.0
1177,1.0,0.0,0.0,1.0,1.0,1.0,0.37666666666666665,0.65,0.69,0.6,0.55,0.46,2.0
1178,1.0,1.0,1.0,0.0,1.0,0.0,0.91,0.96,0.84,0.87,0.85,0.67,0.0
1179,0.0,1.0,0.0,1.0,1.0,0.0,0.92,0.95,0.91,0.88,0.81,0.37,1.0
1180,0.0,0.0,0.0,0.0,0.0,0.0,0.52,0.72,0.75,0.71,0.51,0.56,4.0
1181,0.0,0.0,0.0,0.0,0.0,0.0,0.83,0.92,0.74,0.66,0.77,0.44,0.0
1182,1.0,1.0,0.0,0.0,1.0,0.0,0.5583333333333333,0.84,0.91,0.67,0.58,0.58,0.0
1183,1.0,1.0,0.0,0.0,0.0,0.0,0.77,0.91,0.85,0.91,0.78,0.72,4.0
1184,1.0,1.0,1.0,0.0,0.0,0.0,0.87,0.96,0.79,0.76,0.7,0.49,4.0
1185,1.0,1.0,0.0,0.0,1.0,0.0,0.95,0.95,0.68,0.87,0.84,0.33,2.0
1186,0.0,0.0,0.0,0.0,0.0,0.0,0.06,0.07,0.04,0.02,0.11,0.07,4.0
1187,1.0,1.0,0.0,0.0,1.0,0.0,0.86,0.93,0.8,0.84,0.85,0.57,0.0
1188,0.0,0.0,0.0,0.0,0.0,0.0,0.09,0.12,0.06,0.03,0.11,0.04,0.0
1189,0.0,1.0,1.0,1.0,1.0,0.0,0.95,0.99,0.8825,0.94,0.83,0.65,0.0
1190,0.0,0.0,0.0,0.0,0.0,0.0,0.06,0.05,0.0,0.01,0.09,0.0,0.0
1191,1.0,1.0,0.0,0.0,1.0,1.0,0.99,0.99,0.93,0.85,0.91,0.44,0.0
1192,1.0,1.0,0.0,0.0,1.0,0.0,0.05,0.05,0.06,0.03,0.13,0.03,1.0
1193,1.0,0.0,0.0,0.0,1.0,1.0,0.02,0.05,0.0,0.02,0.08,0.01,2.0
1194,1.0,1.0,1.0,1.0,1.0,1.0,0.97,1.0,0.86,0.88,0.8,0.62,4.0
1195,0.0,0.0,0.0,0.0,0.0,0.0,0.87,0.94,0.68,0.47,0.59,0.32,3.0
1196,1.0,1.0,0.0,0.0,1.0,0.0,0.66,0.55,0.14,0.28,0.42,0.18,1.0
1197,1.0,1.0,0.0,0.0,1.0,0.0,0.58,0.59,0.26,0.33,0.47,0.25,1.0
1198,0.0,0.0,0.0,0.0,0.0,0.0,0.49,0.9,0.825,0.83,0.61,0.71,2.0
1199,0.0,1.0,1.0,1.0,0.0,1.0,0.12,0.23,0.05,0.01,0.15,0.09,3.0
1200,0.0,0.0,0.0,0.0,0.0,0.0,0.89,0.95,0.77,0.73,0.76,0.48,0.0
1201,1.0,0.0,0.0,0.0,0.0,0.0,0.72,0.7,0.12,0.13,0.51,0.08,0.0
1202,1.0,1.0,1.0,0.0,1.0,0.0,0.75,0.72,0.36,0.28,0.46,0.21,1.0
1203,1.0,1.0,1.0,1.0,1.0,1.0,0.04,0.03,0.03,0.02,0.08,0.01,1.0
1204,1.0,1.0,0.0,0.0,1.0,0.0,0.78,0.81,0.56,0.39,0.61,0.12,0.0
1205,1.0,1.0,0.0,0.0,1.0,0.0,0.85,0.96,0.6,0.48,0.73,0.18,3.0
1206,1.0,1.0,0.0,0.0,1.0,0.0,0.93,0.98,0.52,0.45,0.56,0.36,1.0
1207,1.0,0.0,0.0,0.0,1.0,1.0,0.81,0.83,0.11,0.11,0.61,0.06,4.0
1208,0.0,1.0,1.0,1.0,0.0,1.0,0.78,0.88,0.83,0.81,0.72,0.64,0.0
1209,1.0,1.0,1.0,0.0,1.0,0.0,0.06,0.07,0.02,0.07,0.09,0.0,1.0
1210,1.0,1.0,1.0,1.0,1.0,1.0,0.94,0.99,0.9,0.87,0.91,0.32,0.0
1211,1.0,1.0,1.0,1.0,1.0,0.0,0.71,0.78,0.03,0.05,0.53,0.01,2.0
1212,1.0,1.0,0.0,0.0,1.0,0.0,0.02,0.01,0.01,0.01,0.02,0.0,3.0
1213,1.0,1.0,0.0,0.0,1.0,1.0,0.91,0.98,0.69,0.78,0.77,0.43,3.0
1214,1.0,1.0,0.0,0.0,0.0,0.0,0.01,0.03,0.0,0.01,0.05,0.0,1.0
1215,1.0,1.0,0.0,0.0,1.0,0.0,0.15,0.26,0.09,0.03,0.24,0.07,4.0
1216,0.0,1.0,1.0,1.0,0.0,1.0,0.82,0.95,0.58,0.45,0.69,0.26,2.0
1217,1.0,1.0,1.0,1.0,0.0,1.0,0.92,0.9,0.35,0.35,0.68,0.18,2.0
1218,1.0,1.0,1.0,1.0,1.0,0.0,0.07,0.13,0.06,0.3,0.28,0.24,4.0
1219,1.0,1.0,0.0,0.0,0.0,0.0,0.23,0.3,0.02,0.09,0.3,0.02,3.0
1220,1.0,1.0,1.0,1.0,0.0,0.0,0.8233333333333333,0.85,0.6,0.72,0.75,0.4,2.0
1221,1.0,1.0,0.0,0.0,0.0,0.0,0.23,0.61,0.64,0.83,0.73,0.06,1.0
1222,1.0,1.0,0.0,0.0,1.0,0.0,0.93,0.99,0.87,0.9,0.94,0.35,1.0
1223,0.0,1.0,1.0,1.0,1.0,0.0,0.82,0.79,0.44,0.25,0.55,0.21,1.0
1224,1.0,1.0,0.0,0.0,1.0,0.0,0.87,0.83,0.08,0.06,0.71,0.31,4.0
1225,1.0,1.0,0.0,0.0,1.0,0.0,0.83,0.87,0.37,0.33,0.5,0.23,2.0
1226,0.0,0.0,0.0,0.0,0.0,0.0,0.43,0.9,0.88,0.86,0.54,0.56,3.0
1227,1.0,1.0,0.0,1.0,1.0,0.0,0.03,0.03,0.02,0.0,0.04,0.0,2.0
1228,1.0,1.0,0.0,1.0,1.0,0.0,0.96,0.99,0.91,0.95,0.96,0.59,1.0
1229,0.0,0.0,0.0,0.0,0.0,0.0,0.89,0.95,0.88,0.88,0.84,0.63,2.0
1230,0.0,0.0,0.0,0.0,0.0,0.0,0.07,0.03,0.02,0.03,0.11,0.02,0.0
1231,0.0,0.0,0.0,0.0,0.0,0.0,0.83,0.91,0.65,0.61,0.55,0.36,1.0
1232,1.0,1.0,0.0,0.0,1.0,0.0,0.95,0.99,0.8266666666666667,0.95,0.91,0.67,2.0
1233,0.0,1.0,1.0,1.0,0.0,1.0,0.94,0.97,0.92,0.82,0.89,0.59,3.0
1234,1.0,1.0,1.0,0.0,0.0,0.0,0.85,0.9,0.5720000000000001,0.51,0.74,0.5,2.0
1235,1.0,1.0,0.0,0.0,0.0,0.0,0.95,0.98,0.87,0.87,0.81,0.43,1.0
1236,1.0,1.0,1.0,1.0,1.0,0.0,0.73,0.96,0.95,0.98,0.75,0.7,1.0
1237,0.0,0.0,0.0,0.0,0.0,0.0,0.53,0.81,0.81,0.67,0.69,0.63,1.0
1238,0.0,0.0,1.0,0.0,0.0,0.0,0.94,0.98,0.77,0.85,0.83,0.44,4.0
1239,1.0,1.0,0.0,0.0,0.0,0.0,0.03,0.06,0.01,0.03,0.05,0.05,1.0
1240,1.0,1.0,0.0,1.0,1.0,0.0,0.87,0.85,0.01,0.0,0.44516666666666665,0.0,0.0
1241,1.0,1.0,1.0,0.0,1.0,0.0,0.82,0.77,0.13,0.18,0.5,0.21,4.0
1242,0.0,0.0,0.0,0.0,0.0,0.0,0.06,0.03,0.0,0.02,0.17,0.0,2.0
1243,1.0,1.0,1.0,1.0,1.0,1.0,0.98,0.99,0.95,0.9,0.89,0.51,3.0
1244,0.0,0.0,0.0,0.0,0.0,0.0,0.97,0.98,0.91,0.88,0.9,0.72,3.0
1245,1.0,1.0,1.0,1.0,1.0,0.0,0.64,0.83,0.65,0.6,0.65,0.42,3.0
1246,1.0,1.0,0.0,1.0,1.0,0.0,0.82,0.92,0.28,0.12,0.56,0.11,0.0
1247,1.0,0.0,0.0,0.0,0.0,0.0,0.82,0.82,0.22,0.29,0.51,0.12,0.0
1248,0.0,1.0,1.0,1.0,0.0,1.0,0.78,0.66,0.48,0.28,0.48,0.24,4.0
1249,0.0,0.0,0.0,0.0,0.0,0.0,0.87,0.95,0.77,0.73,0.78,0.54,2.0
1250,0.0,0.0,0.0,0.0,0.0,0.0,0.84,0.77,0.02,0.01,0.45838095238095233,0.0,4.0
1251,0.0,0.0,0.0,0.0,0.0,0.0,0.73,0.74,0.06,0.04,0.59,0.02,3.0
1252,1.0,1.0,1.0,1.0,1.0,1.0,0.84,0.98,0.86,0.85,0.87,0.58,3.0
1253,0.0,0.0,0.0,0.0,0.0,0.0,0.23,0.63,0.5166666666666666,0.65,0.67,0.18,2.0
1254,1.0,1.0,1.0,1.0,1.0,0.0,0.91,0.98,0.77,0.64,0.83,0.47,4.0
1255,0.0,0.0,0.0,0.0,0.0,0.0,0.97,0.98,0.81,0.87,0.92,0.49,1.0
1256,1.0,1.0,0.0,1.0,1.0,0.0,0.88,0.82,0.37,0.41,0.53,0.37,4.0
1257,0.0,0.0,0.0,0.0,0.0,0.0,0.99,1.0,0.84,0.78,0.87,0.37,4.0
1258,0.0,1.0,1.0,1.0,1.0,1.0,0.22,0.21,0.07,0.08,0.2,0.1,0.0
1259,1.0,1.0,1.0,1.0,1.0,1.0,0.87,0.95,0.57,0.53,0.75,0.27,2.0
1260,1.0,1.0,1.0,1.0,1.0,1.0,0.69,0.44,0.03,0.04,0.39,0.04,2.0
1261,1.0,1.0,1.0,1.0,1.0,1.0,0.85,0.86,0.63,0.46,0.52,0.31,2.0
1262,0.0,1.0,1.0,1.0,1.0,1.0,0.16,0.33,0.29,0.29,0.08,0.15,2.0
1263,1.0,1.0,0.0,0.0,1.0,0.0,0.31,0.72,0.53,0.44,0.23,0.52,1.0
1264,1.0,1.0,1.0,1.0,1.0,0.0,0.28,0.67,0.77,0.63,0.28,0.33,4.0
1265,0.0,0.0,0.0,0.0,0.0,0.0,0.88,0.95,0.62,0.52,0.52,0.25,0.0
1266,0.0,0.0,0.0,0.0,0.0,0.0,0.02,0.06,0.0,0.0,0.1,0.02,4.0
1267,1.0,1.0,1.0,0.0,1.0,0.0,0.66,0.94,0.87,0.88,0.78,0.57,4.0
1268,1.0,1.0,0.0,0.0,1.0,0.0,0.88,0.99,0.64,0.57,0.66,0.37,1.0
1269,1.0,1.0,1.0,1.0,1.0,1.0,0.19,0.15,0.04,0.01,0.16,0.07,1.0
1270,1.0,1.0,1.0,1.0,1.0,1.0,0.88,1.0,0.85,0.9,0.79,0.52,2.0
1271,0.0,0.0,0.0,0.0,0.0,0.0,0.99,0.9,0.64,0.61,0.715,0.23,2.0
1272,0.0,0.0,0.0,0.0,0.0,0.0,0.06,0.02,0.01,0.01,0.04,0.01,3.0
1273,0.0,0.0,0.0,0.0,0.0,0.0,0.85,0.96,0.79,0.62,0.73,0.42,2.0
1274,1.0,1.0,1.0,1.0,1.0,0.0,0.57,0.37,0.01,0.0,0.3,0.0,1.0
1275,1.0,1.0,0.0,0.0,1.0,0.0,0.86,0.89,0.71,0.56,0.67,0.41,4.0
1276,0.0,0.0,0.0,0.0,0.0,0.0,0.03,0.01,0.0,0.01,0.01,0.0,3.0
1277,1.0,1.0,1.0,1.0,1.0,1.0,0.91,0.9,0.68,0.67,0.7,0.2,3.0
1278,0.0,0.0,0.0,0.0,0.0,0.0,0.83,0.91,0.71,0.82,0.78,0.46,2.0
1279,0.0,0.0,0.0,0.0,0.0,0.0,0.9,0.92,0.29,0.12,0.4,0.08,3.0
1280,1.0,1.0,1.0,1.0,1.0,1.0,0.97,0.98,0.09,0.03,0.14,0.01,0.0
1281,0.0,0.0,0.0,0.0,0.0,0.0,0.07,0.05,0.08,0.07,0.04,0.02,2.0
1282,1.0,1.0,1.0,1.0,1.0,1.0,0.97,0.97,0.95,0.83,0.92,0.82,4.0
1283,0.0,0.0,0.0,0.0,0.0,0.0,0.97,1.0,0.97,0.96,0.89,0.5966666666666667,3.0
1284,1.0,1.0,1.0,1.0,1.0,1.0,0.09,0.06,0.05,0.06,0.06,0.0,1.0
1285,1.0,1.0,0.0,0.0,1.0,1.0,0.95,0.98,0.81,0.66,0.75,0.52,0.0
1286,0.0,0.0,0.0,0.0,0.0,0.0,0.01,0.0,0.0,0.05,0.03,0.0,2.0
1287,0.0,0.0,0.0,0.0,0.0,0.0,0.0,0.05,0.01,0.0,0.06,0.0,2.0
1288,1.0,1.0,1.0,1.0,1.0,0.0,0.29,0.31,0.09,0.12,0.41,0.18,0.0
1289,0.0,0.0,0.0,0.0,0.0,0.0,0.79,0.98,0.98,0.99,0.89,0.94,3.0
1290,0.0,0.0,0.0,0.0,0.0,0.0,0.91,0.98,0.89,0.93,0.96,0.51,0.0
1291,1.0,1.0,0.0,0.0,1.0,0.0,0.01,0.0,0.01,0.04,0.04,0.01,4.0
1292,1.0,1.0,1.0,1.0,1.0,1.0,0.07,0.1,0.06,0.11,0.11,0.03,3.0
1293,1.0,1.0,0.0,0.0,1.0,0.0,0.79,0.81,0.29,0.3,0.655,0.25,1.0
1294,0.0,0.0,0.0,0.0,0.0,0.0,0.89,0.95,0.83,0.86,0.84,0.61,4.0
1295,1.0,1.0,0.0,0.0,1.0,0.0,0.07,0.08,0.04,0.04,0.13,0.01,3.0
1296,1.0,0.0,0.0,0.0,1.0,0.0,0.97,0.97,0.88,0.82,0.83,0.25,2.0
1297,0.0,0.0,0.0,0.0,0.0,0.0,0.98,0.91,0.57,0.29,0.53,0.25,4.0
1298,0.0,0.0,1.0,1.0,1.0,1.0,0.9,0.96,0.85,0.77,0.72,0.49,0.0
1299,1.0,1.0,1.0,1.0,1.0,1.0,0.9,0.95,0.7,0.61,0.72,0.36,2.0
1300,1.0,1.0,1.0,1.0,0.0,1.0,0.89,0.93,0.72,0.39,0.63,0.4,4.0
1301,0.0,0.0,1.0,1.0,0.0,1.0,0.1,0.07,0.05,0.04,0.34,0.04,0.0
1302,0.0,0.0,0.0,0.0,0.0,0.0,0.88,0.91,0.08,0.05,0.82,0.07,0.0
1303,1.0,1.0,1.0,1.0,0.0,0.0,0.1,0.19,0.14,0.17,0.1,0.07,3.0
1304,1.0,1.0,0.0,0.0,0.0,0.0,0.02,0.01,0.01,0.03,0.03,0.01,1.0
1305,0.0,1.0,1.0,1.0,0.0,1.0,0.66,0.36,0.0,0.01,0.31,0.0,1.0
1306,0.0,0.0,0.0,0.0,0.0,0.0,0.06,0.08,0.01,0.06,0.08,0.02,4.0
1307,1.0,1.0,1.0,1.0,1.0,1.0,0.63,0.93,0.89,0.89,0.76,0.73,1.0
1308,0.0,0.0,0.0,0.0,0.0,0.0,0.17,0.61,0.68,0.39,0.19,0.56,1.0
1309,1.0,1.0,1.0,1.0,1.0,0.0,0.88,0.94,0.73,0.8,0.85,0.4,0.0
1310,0.0,0.0,0.0,0.0,0.0,0.0,0.8,0.75,0.04,0.02,0.36,0.05,0.0
1311,0.0,0.0,0.0,0.0,0.0,0.0,0.06,0.07,0.04,0.01,0.08,0.0,2.0
1312,1.0,1.0,1.0,1.0,1.0,1.0,0.9,0.97,0.84,0.8,0.86,0.51,0.0
1313,1.0,1.0,0.0,1.0,1.0,1.0,0.08,0.09,0.02,0.04,0.1,0.01,0.0
1314,0.0,0.0,0.0,0.0,0.0,0.0,0.97,0.95,0.73,0.83,0.8,0.42333333333333334,3.0
1315,0.0,1.0,1.0,0.0,0.0,1.0,0.86,0.94,0.8033333333333332,0.82,0.76,0.58,1.0
1316,0.0,0.0,0.0,0.0,0.0,0.0,0.54,0.61,0.08,0.07,0.44,0.09,3.0
1317,1.0,1.0,1.0,1.0,1.0,0.0,0.03,0.01,0.0,0.0,0.11,0.01,2.0
1318,1.0,1.0,1.0,1.0,1.0,1.0,0.22,0.21,0.12,0.07,0.16,0.05,1.0
1319,1.0,1.0,1.0,1.0,1.0,0.0,0.03,0.01,0.0,0.0,0.02,0.0,1.0
1320,0.0,0.0,0.0,0.0,0.0,0.0,0.17,0.13,0.03,0.08,0.13,0.02,3.0
1321,1.0,1.0,0.0,0.0,1.0,0.0,0.29,0.69,0.63,0.32,0.47,0.14,4.0
1322,1.0,1.0,0.0,0.0,1.0,0.0,0.95,0.99,0.96,0.98,0.92,0.86,3.0
1323,0.0,0.0,0.0,0.0,0.0,0.0,0.93,0.99,0.85,0.85,0.84,0.54,2.0
1324,0.0,0.0,0.0,0.0,0.0,0.0,0.93,0.96,0.89,0.84,0.81,0.18,2.0
1325,0.0,0.0,0.0,0.0,0.0,0.0,0.97,0.99,0.91,0.87,0.88,0.46,1.0
1326,1.0,1.0,1.0,1.0,1.0,1.0,0.85,0.71,0.55,0.32,0.46,0.28,1.0
1327,1.0,1.0,0.0,0.0,1.0,0.0,0.89,0.93,0.91,0.92,0.88,0.44,4.0
1328,1.0,1.0,1.0,0.0,1.0,0.0,0.4,0.82,0.89,0.9,0.7,0.79,2.0
1329,0.0,0.0,0.0,0.0,0.0,0.0,0.91,0.96,0.47,0.5,0.86,0.08,2.0
1330,1.0,1.0,0.0,0.0,1.0,0.0,0.14,0.13,0.02,0.07,0.18,0.05,1.0
1331,1.0,1.0,1.0,1.0,1.0,1.0,0.1,0.08,0.12,0.23,0.27,0.25,0.0
1332,1.0,1.0,0.0,0.0,1.0,0.0,0.11,0.16,0.21,0.07,0.1,0.05,4.0
1333,1.0,1.0,0.0,1.0,1.0,1.0,0.64,0.83,0.86,0.92,0.67,0.53,1.0
1334,0.0,0.0,0.0,0.0,0.0,0.0,0.1,0.12,0.08,0.08,0.13,0.02,0.0
1335,1.0,1.0,1.0,1.0,1.0,1.0,0.93,0.99,0.87,0.88,0.89,0.7,2.0
1336,1.0,1.0,1.0,1.0,1.0,1.0,0.8,0.82,0.6333333333333333,0.59,0.57,0.42,2.0
1337,0.0,0.0,0.0,0.0,0.0,0.0,0.34,0.67,0.61,0.48,0.61,0.36,4.0
1338,1.0,1.0,1.0,1.0,1.0,1.0,0.03,0.03,0.0,0.0,0.08,0.0,2.0
1339,0.0,0.0,0.0,0.0,0.0,0.0,0.21,0.5,0.8,0.4,0.42,0.38,0.0
1340,1.0,1.0,0.0,1.0,1.0,1.0,0.02,0.03,0.01,0.0,0.0,0.0,0.0
1341,0.0,1.0,0.0,0.0,0.0,0.0,0.02,0.02,0.0,0.01,0.02,0.01,3.0
1342,1.0,1.0,0.0,0.0,1.0,0.0,0.01,0.0,0.0,0.05,0.15,0.01,3.0
1343,0.0,0.0,0.0,0.0,0.0,0.0,0.97,0.99,0.84,0.72,0.76,0.4,1.0
1344,0.0,1.0,0.0,1.0,1.0,0.0,0.93,0.98,0.95,0.98,0.87,0.61,1.0
1345,1.0,1.0,0.0,1.0,1.0,0.0,0.33,0.39,0.34,0.36,0.37,0.24,1.0
1346,0.0,0.0,0.0,0.0,0.0,0.0,0.94,0.98,0.57,0.55,0.75,0.23,2.0
1347,1.0,1.0,0.0,0.0,1.0,0.0,0.81,0.85,0.53,0.37,0.69,0.38,2.0
1348,1.0,1.0,0.0,0.0,1.0,0.0,0.64,0.35,0.01,0.04,0.39,0.0,0.0
1349,1.0,1.0,1.0,1.0,1.0,1.0,0.81,0.87,0.17,0.23,0.62,0.18,4.0
1350,0.0,0.0,0.0,0.0,0.0,0.0,0.88,0.95,0.91,0.5,0.68,0.6,2.0
1351,0.0,0.0,0.0,0.0,0.0,0.0,0.75,0.97,0.9,0.96,0.9,0.87,0.0
1352,0.0,0.0,0.0,0.0,0.0,0.0,0.8,0.97,0.88,0.93,0.94,0.74,2.0
1353,0.0,0.0,0.0,0.0,0.0,0.0,0.71,0.93,0.9616666666666666,0.83,0.75,0.82,2.0
1354,0.0,1.0,1.0,1.0,0.0,1.0,0.59,0.36,0.43,0.16,0.49,0.11,4.0
1355,0.0,0.0,0.0,0.0,0.0,0.0,0.86,0.94,0.57,0.46,0.63,0.28,1.0
1356,1.0,1.0,0.0,1.0,1.0,0.0,0.62,0.38,0.0,0.18,0.76,0.32,2.0
1357,0.0,0.0,0.0,0.0,0.0,0.0,0.0,0.0,0.0,0.0,0.01,0.0,0.0
1358,1.0,1.0,0.0,0.0,1.0,0.0,0.92,0.79,0.0,0.02,0.414,0.01,2.0
1359,0.0,1.0,1.0,1.0,1.0,0.0,0.17,0.3,0.08,0.04,0.24,0.04,0.0
1360,1.0,1.0,1.0,1.0,1.0,0.0,0.04,0.05,0.04,0.02,0.13,0.01,1.0
1361,0.0,0.0,0.0,0.0,0.0,0.0,0.53,0.93,0.93,0.79,0.79,0.61,3.0
1362,1.0,1.0,0.0,0.0,1.0,0.0,0.84,0.98,0.97,0.92,0.86,0.84,4.0
1363,1.0,1.0,1.0,1.0,1.0,0.0,0.66,0.34,0.04,0.06,0.59,0.06,4.0
1364,0.0,0.0,0.0,0.0,0.0,0.0,0.15,0.21,0.01,0.02,0.18,0.01,3.0
1365,1.0,1.0,0.0,0.0,0.0,0.0,0.67,0.82,0.44,0.19,0.49,0.14,1.0
1366,0.0,0.0,0.0,0.0,0.0,0.0,0.64,0.92,0.92,0.83,0.82,0.61,3.0
1367,0.0,0.0,0.0,0.0,0.0,0.0,0.09,0.09,0.03,0.0,0.04,0.0,4.0
1368,1.0,1.0,0.0,0.0,1.0,0.0,0.9,0.99,0.84,0.88,0.9,0.57,2.0
1369,1.0,1.0,1.0,1.0,1.0,0.0,0.28,0.52,0.49,0.47,0.35,0.23,4.0
1370,1.0,1.0,1.0,1.0,1.0,1.0,0.91,0.89,0.04,0.19,0.77,0.39,2.0
1371,1.0,1.0,1.0,1.0,1.0,0.0,0.13,0.18,0.1,0.15,0.1,0.04,4.0
1372,1.0,1.0,1.0,1.0,0.0,0.0,0.79,0.79,0.28,0.31,0.66,0.23,4.0
1373,1.0,1.0,1.0,1.0,1.0,1.0,0.14,0.28,0.03,0.02,0.31,0.08,3.0
1374,0.0,0.0,0.0,0.0,0.0,0.0,0.04,0.03,0.0,0.0,0.03,0.0,0.0
1375,1.0,1.0,1.0,1.0,1.0,0.0,0.4,0.67,0.68,0.51,0.45,0.37,0.0
1376,1.0,1.0,1.0,1.0,1.0,1.0,0.27,0.64,0.6,0.54,0.35,0.32,0.0
1377,1.0,1.0,1.0,1.0,1.0,1.0,0.14,0.14,0.13,0.15,0.13,0.1,1.0
1378,1.0,1.0,1.0,1.0,1.0,0.0,0.47,0.7,0.67,0.67,0.46,0.61,1.0
1379,1.0,1.0,0.0,0.0,1.0,1.0,0.01,0.0,0.03,0.01,0.01,0.0,0.0
1380,0.0,0.0,0.0,0.0,0.0,0.0,0.75,0.95,0.7,0.64,0.62,0.35,1.0
1381,1.0,1.0,0.0,0.0,1.0,0.0,0.84,0.96,0.78,0.63,0.74,0.28,1.0
1382,0.0,0.0,0.0,0.0,0.0,0.0,0.41,0.56,0.25,0.29,0.42,0.14,4.0
1383,1.0,1.0,1.0,1.0,1.0,1.0,0.03,0.06,0.0,0.0,0.03,0.0,0.0
1384,0.0,0.0,0.0,0.0,0.0,0.0,0.69,0.66,0.02,0.0,0.431,0.01,1.0
1385,1.0,1.0,1.0,1.0,1.0,1.0,0.72,0.67,0.11,0.15,0.5485,0.08,0.0
1386,0.0,1.0,1.0,1.0,1.0,1.0,0.9,0.98,0.87,0.9,0.78,0.57,0.0
1387,1.0,1.0,0.0,0.0,1.0,0.0,0.96,1.0,0.99,0.98,0.94,0.67,4.0
1388,1.0,1.0,1.0,1.0,1.0,0.0,0.87,0.96,0.92,0.93,0.9,0.68,3.0
1389,1.0,1.0,0.0,0.0,1.0,1.0,0.68,0.92,0.74,0.74,0.79,0.51,0.0
1390,0.0,0.0,0.0,0.0,0.0,0.0,0.93,0.94,0.79,0.54,0.66,0.4,4.0
1391,1.0,1.0,1.0,1.0,1.0,1.0,0.77,0.69,0.19,0.14,0.58,0.19,2.0
1392,1.0,1.0,1.0,1.0,1.0,0.0,0.87,0.94,0.79,0.86,0.87,0.37,0.0
1393,1.0,1.0,0.0,0.0,1.0,0.0,0.63,0.6,0.04,0.1,0.73,0.34,3.0
1394,1.0,1.0,0.0,0.0,1.0,0.0,0.09,0.12,0.07,0.13,0.16,0.03,3.0
1395,1.0,1.0,0.0,0.0,1.0,0.0,0.31,0.53,0.65,0.39,0.25,0.2,4.0
1396,1.0,1.0,0.0,0.0,0.0,0.0,0.91,0.98,0.96,0.92,0.89,0.59,4.0
1397,1.0,1.0,1.0,1.0,1.0,1.0,0.68,0.72,0.63,0.68,0.66,0.49,4.0
1398,0.0,0.0,0.0,0.0,0.0,0.0,0.12,0.13,0.04,0.11,0.13,0.03,1.0
1399,0.0,0.0,0.0,0.0,0.0,0.0,0.89,0.98,0.96,0.91,0.79,0.62,2.0
1400,1.0,1.0,1.0,1.0,1.0,0.0,0.91,0.87,0.05,0.09,0.75,0.38,4.0
1401,1.0,1.0,1.0,1.0,1.0,0.0,0.04,0.05,0.01,0.04,0.09,0.0,2.0
1402,1.0,1.0,0.0,0.0,0.0,0.0,0.02,0.0,0.0,0.01,0.0,0.0,2.0
1403,1.0,1.0,0.0,0.0,1.0,0.0,0.45,0.63,0.51,0.58,0.47,0.3,3.0
1404,1.0,1.0,1.0,1.0,1.0,1.0,0.62,0.93,0.77,0.84,0.8,0.67,1.0
1405,0.0,0.0,0.0,0.0,0.0,0.0,0.97,0.96,0.93,0.87,0.86,0.53,1.0
1406,1.0,1.0,0.0,0.0,1.0,0.0,0.92,0.9,0.17,0.28,0.76,0.27,1.0
1407,0.0,0.0,0.0,0.0,0.0,0.0,0.05,0.03,0.0,0.0,0.01,0.02,0.0
1408,1.0,1.0,0.0,0.0,0.0,0.0,0.36,0.65,0.16,0.13,0.65,0.07,4.0
1409,0.0,0.0,0.0,0.0,0.0,0.0,0.65,0.74,0.71,0.68,0.69,0.5833333333333334,4.0
1410,1.0,1.0,1.0,0.0,0.0,0.0,0.02,0.0,0.05,0.08,0.04,0.0,4.0
1411,1.0,1.0,0.0,0.0,1.0,1.0,0.09,0.14,0.15,0.14,0.23,0.04,4.0
1412,1.0,1.0,1.0,1.0,1.0,1.0,0.95,0.98,0.96,0.9,0.91,0.545,3.0
1413,1.0,1.0,0.0,0.0,1.0,0.0,0.84,0.91,0.61,0.48,0.67,0.35,4.0
1414,1.0,1.0,1.0,1.0,1.0,0.0,0.01,0.0,0.0,0.01,0.04,0.0,2.0
1415,0.0,0.0,0.0,0.0,0.0,0.0,0.04,0.15,0.07,0.15,0.16,0.05,1.0
1416,1.0,1.0,1.0,1.0,1.0,1.0,0.1,0.07,0.09,0.08,0.09,0.11,1.0
1417,1.0,1.0,0.0,0.0,1.0,0.0,0.88,0.96,0.87,0.8,0.67,0.42,0.0
1418,1.0,1.0,0.0,0.0,0.0,0.0,0.11,0.16,0.07,0.11,0.07,0.02,2.0
1419,0.0,0.0,0.0,0.0,0.0,0.0,0.32,0.41,0.30333333333333334,0.33,0.33,0.37,4.0
1420,0.0,0.0,0.0,0.0,0.0,0.0,0.03,0.04,0.04,0.01,0.27,0.0,3.0
1421,1.0,1.0,0.0,0.0,0.0,0.0,0.44,0.5,0.44,0.39,0.36,0.33,1.0
1422,0.0,0.0,0.0,0.0,0.0,0.0,0.93,0.97,0.72,0.71,0.8,0.46,1.0
1423,0.0,0.0,0.0,0.0,0.0,0.0,0.96,0.97,0.83,0.79,0.9,0.47,0.0
1424,1.0,1.0,0.0,0.0,1.0,1.0,0.28,0.29,0.26,0.19,0.29,0.13,0.0
1425,1.0,1.0,1.0,0.0,0.0,0.0,0.9,0.97,0.73,0.71,0.7,0.53,0.0
1426,0.0,1.0,1.0,1.0,0.0,1.0,0.4,0.48,0.6,0.4,0.33,0.27,4.0
1427,1.0,1.0,1.0,1.0,1.0,1.0,0.11,0.14,0.07,0.13,0.16,0.05,3.0
1428,0.0,0.0,0.0,0.0,0.0,0.0,0.75,0.73,0.18,0.15,0.5,0.09,0.0
1429,1.0,1.0,1.0,1.0,1.0,0.0,0.95,1.0,0.95,0.94,0.97,0.66,4.0
1430,1.0,1.0,1.0,1.0,1.0,0.0,0.95,0.98,0.61,0.4,0.74,0.2,4.0
1431,1.0,1.0,0.0,0.0,1.0,0.0,0.89,0.95,0.86,0.82,0.71,0.45,2.0
1432,0.0,0.0,0.0,0.0,0.0,0.0,0.27,0.35,0.23,0.19,0.34,0.13,1.0
1433,1.0,1.0,1.0,1.0,1.0,1.0,0.73,0.73,0.1,0.07,0.36,0.06,3.0
1434,1.0,1.0,1.0,0.0,0.0,1.0,0.82,0.83,0.7233333333333334,0.67,0.64,0.49,4.0
1435,0.0,0.0,0.0,0.0,0.0,0.0,0.91,0.89,0.64,0.58,0.73,0.32,0.0
1436,1.0,1.0,1.0,1.0,1.0,1.0,0.95,0.96,0.77,0.76,0.78,0.37,2.0
1437,1.0,1.0,0.0,0.0,0.0,0.0,0.93,0.96,0.82,0.89,0.82,0.53,4.0
1438,1.0,1.0,1.0,1.0,1.0,0.0,0.94,0.99,0.97,0.97,0.92,0.86,0.0
1439,0.0,0.0,0.0,0.0,0.0,0.0,0.8,0.9,0.92,0.91,0.91,0.76,4.0
1440,1.0,1.0,1.0,1.0,1.0,1.0,0.84,0.98,0.96,0.97,0.86,0.91,3.0
1441,0.0,0.0,0.0,0.0,0.0,0.0,0.735,0.95,0.9,0.85,0.89,0.67,1.0
1442,1.0,1.0,1.0,1.0,1.0,0.0,0.79,0.88,0.51,0.48,0.64,0.29,3.0
1443,1.0,1.0,1.0,1.0,1.0,0.0,0.02,0.0,0.0,0.0,0.03,0.0,3.0
1444,0.0,1.0,1.0,1.0,1.0,1.0,0.785,0.89,0.58,0.71,0.82,0.34,2.0
1445,1.0,1.0,1.0,1.0,1.0,1.0,0.91,0.97,0.79,0.75,0.81,0.42,3.0
1446,0.0,0.0,0.0,0.0,0.0,0.0,0.97,0.98,0.31,0.16,0.376,0.09,1.0
1447,1.0,1.0,1.0,0.0,0.0,0.0,0.32,0.64,0.43,0.31,0.39,0.29,0.0
1448,0.0,0.0,0.0,0.0,0.0,0.0,0.81,0.87,0.13,0.16,0.75,0.13,2.0
1449,0.0,0.0,0.0,0.0,0.0,0.0,0.59,0.55,0.01,0.02,0.38,0.01,3.0
1450,1.0,1.0,0.0,0.0,1.0,0.0,0.85,0.92,0.64,0.49,0.72,0.39,0.0
1451,0.0,0.0,0.0,0.0,1.0,0.0,0.98,1.0,0.94,0.99,0.95,0.45666666666666667,4.0
1452,1.0,1.0,0.0,0.0,1.0,0.0,0.03,0.03,0.0,0.01,0.04,0.01,2.0
1453,1.0,1.0,1.0,1.0,1.0,0.0,0.86,0.92,0.73,0.67,0.69,0.47,4.0
1454,1.0,1.0,1.0,1.0,1.0,1.0,0.82,0.85,0.51,0.35,0.51,0.24,2.0
1455,0.0,0.0,0.0,0.0,0.0,0.0,0.06,0.1,0.11,0.06,0.14,0.02,3.0
1456,1.0,1.0,0.0,0.0,1.0,0.0,0.75,0.83,0.81,0.79,0.86,0.68,1.0
1457,0.0,0.0,1.0,0.0,0.0,0.0,0.92,0.91,0.12,0.14,0.38,0.06,1.0
1458,0.0,0.0,0.0,0.0,0.0,0.0,0.03,0.05,0.01,0.0,0.06,0.02,0.0
1459,1.0,1.0,0.0,0.0,1.0,0.0,0.85,0.93,0.8633333333333333,0.86,0.89,0.77,4.0
1460,1.0,1.0,0.0,0.0,1.0,0.0,0.08,0.08,0.01,0.0,0.08,0.01,1.0
1461,1.0,1.0,1.0,1.0,1.0,0.0,0.44,0.61,0.61,0.44,0.57,0.46,2.0
1462,0.0,0.0,0.0,0.0,0.0,0.0,0.84,0.91,0.56,0.41,0.75,0.28,1.0
1463,1.0,1.0,0.0,0.0,1.0,0.0,0.53,0.72,0.62,0.54,0.465,0.33,3.0
1464,1.0,1.0,1.0,1.0,1.0,1.0,0.85,0.89,0.79,0.61,0.75,0.48,4.0
1465,1.0,1.0,1.0,1.0,1.0,1.0,0.06,0.09,0.03,0.01,0.04,0.0,4.0
1466,0.0,1.0,1.0,1.0,0.0,1.0,0.89,0.95,0.8,0.87,0.81,0.46,3.0
1467,1.0,1.0,1.0,1.0,1.0,1.0,0.26,0.61,0.69,0.63,0.15,0.58,2.0
1468,1.0,1.0,1.0,1.0,1.0,1.0,0.55,0.83,0.7,0.72,0.57,0.56,1.0
1469,0.0,1.0,0.0,0.0,1.0,0.0,0.09,0.19,0.02,0.03,0.2,0.11,2.0
1470,0.0,0.0,0.0,0.0,0.0,0.0,0.87,0.97,0.78,0.8,0.85,0.32,4.0
1471,0.0,1.0,1.0,1.0,0.0,1.0,0.78,0.73,0.63,0.62,0.7,0.28,2.0
1472,1.0,1.0,0.0,0.0,1.0,0.0,0.8,0.89,0.7266666666666666,0.79,0.76,0.64,1.0
1473,0.0,1.0,1.0,1.0,1.0,1.0,0.69,0.91,0.94,0.93,0.73,0.8716666666666666,3.0
1474,0.0,0.0,0.0,0.0,0.0,0.0,0.92,0.96,0.73,0.83,0.92,0.53,2.0
1475,1.0,1.0,0.0,0.0,1.0,0.0,0.13,0.2,0.17,0.16,0.2,0.09,2.0
1476,0.0,0.0,0.0,0.0,0.0,0.0,0.79,0.94,0.9,0.88,0.95,0.75,1.0
1477,0.0,0.0,0.0,0.0,0.0,0.0,0.93,0.98,0.89,0.93,0.89,0.67,0.0
1478,1.0,1.0,1.0,1.0,1.0,1.0,0.79,0.77,0.05,0.02,0.4,0.01,4.0
1479,1.0,1.0,1.0,1.0,1.0,1.0,0.94,0.97,0.59,0.52,0.73,0.24,0.0
1480,0.0,0.0,0.0,0.0,0.0,0.0,0.98,1.0,0.95,0.9,0.95,0.81,4.0
1481,1.0,1.0,0.0,0.0,1.0,0.0,0.87,0.98,0.13,0.17,0.73,0.26,0.0
1482,0.0,1.0,0.0,1.0,0.0,0.0,0.61,0.62,0.34,0.35,0.6,0.37,4.0
1483,0.0,0.0,1.0,1.0,1.0,1.0,0.77,0.9,0.89,0.87,0.81,0.75,4.0
1484,1.0,1.0,1.0,1.0,1.0,0.0,0.96,1.0,0.88,0.89,0.85,0.52,4.0
1485,1.0,1.0,0.0,0.0,0.0,0.0,0.85,0.96,0.4,0.37,0.73,0.19,4.0
1486,0.0,0.0,0.0,0.0,0.0,0.0,0.89,0.99,0.84,0.86,0.88,0.62,0.0
1487,1.0,1.0,0.0,0.0,1.0,0.0,0.07,0.12,0.03,0.0,0.15,0.02,1.0
1488,1.0,1.0,0.0,1.0,1.0,0.0,0.41,0.69,0.78,0.74,0.36,0.58,3.0
1489,1.0,1.0,1.0,1.0,1.0,1.0,0.95,1.0,0.97,0.93,0.93,0.7,0.0
1490,1.0,1.0,0.0,0.0,1.0,0.0,0.04,0.02,0.01,0.03,0.04,0.02,0.0
1491,1.0,1.0,0.0,0.0,0.0,0.0,0.62,0.89,0.81,0.86,0.8,0.72,2.0
1492,1.0,1.0,0.0,0.0,0.0,0.0,0.08,0.06,0.03,0.0,0.07400000000000001,0.03,3.0
1493,0.0,0.0,0.0,0.0,0.0,0.0,0.65,0.95,0.91,0.93,0.69,0.79,1.0
1494,0.0,0.0,0.0,0.0,1.0,0.0,0.58,0.74,0.74,0.69,0.44,0.26,3.0
1495,1.0,1.0,1.0,1.0,1.0,1.0,0.91,0.96,0.78,0.8,0.83,0.7,4.0
1496,1.0,1.0,0.0,0.0,1.0,0.0,0.9,0.96,0.75,0.71,0.79,0.35,3.0
1497,1.0,1.0,1.0,1.0,1.0,0.0,0.84,0.93,0.54,0.66,0.84,0.35,0.0
1498,0.0,0.0,0.0,0.0,0.0,0.0,0.1,0.11,0.02,0.12,0.12,0.0,4.0
1499,0.0,0.0,0.0,0.0,0.0,0.0,0.83,0.71,0.25,0.12,0.4066666666666666,0.18,4.0
1500,0.0,0.0,0.0,0.0,0.0,0.0,0.82,0.84,0.72,0.51,0.57,0.32,4.0
1501,1.0,1.0,1.0,1.0,1.0,0.0,0.45,0.8,0.65,0.8,0.63,0.46,0.0
1502,1.0,1.0,1.0,1.0,1.0,1.0,0.82,0.85,0.64,0.78,0.85,0.6,0.0
1503,1.0,1.0,0.0,0.0,1.0,0.0,0.25,0.4,0.65,0.46,0.15,0.47,0.0
1504,0.0,0.0,0.0,0.0,0.0,0.0,0.85,0.85,0.7,0.58,0.57,0.4,2.0
1505,0.0,0.0,0.0,0.0,0.0,0.0,0.22,0.49,0.52,0.26,0.1,0.09,3.0
1506,0.0,0.0,0.0,0.0,0.0,0.0,0.86,0.98,0.825,0.81,0.76,0.47,2.0
1507,0.0,1.0,0.0,1.0,1.0,0.0,0.07,0.07,0.03,0.03,0.08,0.01,3.0
1508,0.0,0.0,1.0,0.0,0.0,1.0,0.94,1.0,0.9,0.94,0.91,0.67,4.0
1509,0.0,1.0,1.0,1.0,0.0,0.0,0.03,0.07,0.0,0.04,0.06,0.0,4.0
1510,1.0,1.0,1.0,1.0,1.0,0.0,0.04,0.06,0.06,0.02,0.11,0.06,0.0
1511,0.0,0.0,0.0,0.0,0.0,0.0,0.94,0.95,0.71,0.85,0.92,0.45,0.0
1512,0.0,0.0,0.0,0.0,0.0,0.0,0.28,0.33,0.13,0.25,0.41,0.18,4.0
1513,0.0,0.0,0.0,0.0,0.0,0.0,0.78,0.83,0.76,0.83,0.79,0.67,4.0
1514,0.0,0.0,0.0,0.0,0.0,0.0,0.01,0.04,0.0,0.02,0.02,0.01,1.0
1515,0.0,0.0,0.0,0.0,0.0,0.0,0.88,0.99,0.84,0.86,0.91,0.45,4.0
1516,0.0,1.0,1.0,1.0,0.0,1.0,0.1,0.13,0.13,0.1,0.08,0.11,2.0
1517,1.0,1.0,1.0,1.0,1.0,1.0,0.735,0.94,0.9,0.85,0.87,0.66,1.0
1518,1.0,1.0,1.0,1.0,1.0,1.0,0.86,0.95,0.72,0.7,0.76,0.52,3.0
1519,0.0,0.0,0.0,0.0,0.0,0.0,0.86,0.65,0.65,0.44,0.24,0.38,2.0
1520,1.0,1.0,0.0,1.0,1.0,0.0,0.94,0.99,0.94,0.97,0.8,0.75,4.0
1521,1.0,1.0,1.0,1.0,1.0,0.0,0.61,0.89,0.79,0.88,0.75,0.73,4.0
1522,0.0,1.0,1.0,0.0,0.0,1.0,0.55,0.68,0.59,0.49,0.55,0.56,4.0
1523,1.0,1.0,1.0,1.0,1.0,1.0,0.04,0.06,0.0,0.0,0.02,0.04,3.0
1524,1.0,1.0,1.0,1.0,1.0,1.0,0.22,0.21,0.07,0.08,0.2,0.1,0.0
1525,1.0,1.0,1.0,1.0,1.0,0.0,0.86,0.88,0.75,0.76,0.71,0.52,1.0
1526,1.0,1.0,1.0,1.0,1.0,1.0,0.172,0.33,0.12,0.18,0.21,0.1,0.0
1527,1.0,1.0,0.0,0.0,0.0,0.0,0.97,0.97,0.88,0.74,0.69,0.42,3.0
1528,1.0,1.0,1.0,1.0,1.0,1.0,0.94,1.0,0.78,0.71,0.85,0.54,4.0
1529,0.0,0.0,0.0,0.0,0.0,0.0,0.88,0.95,0.82,0.88,0.73,0.62,2.0
1530,1.0,1.0,0.0,0.0,1.0,0.0,0.04,0.01,0.0,0.02,0.08,0.0,4.0
1531,1.0,1.0,1.0,1.0,1.0,0.0,0.82,0.77,0.03,0.03,0.76,0.01,4.0
1532,0.0,0.0,0.0,0.0,0.0,0.0,0.75,0.56,0.01,0.02,0.62,0.06,1.0
1533,0.0,0.0,0.0,0.0,0.0,0.0,0.89,0.98,0.97,0.97,0.94,0.67,1.0
1534,0.0,0.0,0.0,0.0,0.0,0.0,0.87,0.95,0.88,0.82,0.85,0.45333333333333337,4.0
1535,1.0,1.0,1.0,1.0,1.0,1.0,0.55,0.89,0.72,0.87,0.59,0.61,2.0
1536,1.0,1.0,0.0,0.0,1.0,0.0,0.82,0.92,0.93,0.91,0.94,0.71,4.0
1537,1.0,1.0,0.0,0.0,0.0,0.0,0.9,0.99,0.84,0.9,0.9,0.56,0.0
1538,0.0,0.0,0.0,0.0,0.0,0.0,0.96,0.99,0.95,0.95,0.95,0.48,0.0
1539,0.0,0.0,0.0,0.0,0.0,0.0,1.0,1.0,0.95,0.97,0.95,0.41,1.0
1540,1.0,1.0,1.0,1.0,1.0,1.0,0.01,0.0,0.01,0.01,0.0,0.0,0.0
1541,1.0,1.0,1.0,1.0,0.0,1.0,0.91,0.97,0.86,0.76,0.83,0.61,4.0
1542,1.0,1.0,1.0,1.0,1.0,0.0,0.06,0.04,0.01,0.0,0.03,0.0,3.0
1543,1.0,1.0,1.0,0.0,1.0,0.0,0.36,0.86,0.81,0.56,0.29,0.56,2.0
1544,1.0,1.0,1.0,1.0,1.0,1.0,0.94,0.72,0.03,0.06,0.3633333333333333,0.02,4.0
1545,0.0,0.0,0.0,0.0,0.0,0.0,0.5,0.63,0.52,0.43,0.54,0.5,3.0
1546,0.0,0.0,0.0,0.0,0.0,0.0,0.92,0.98,0.9033333333333334,0.84,0.87,0.74,1.0
1547,0.0,1.0,1.0,1.0,1.0,1.0,0.36,0.69,0.57,0.48,0.52,0.42,2.0
1548,1.0,1.0,0.0,1.0,1.0,0.0,0.14,0.28,0.07,0.11,0.25,0.09,2.0
1549,1.0,1.0,1.0,1.0,1.0,1.0,0.79,0.98,0.87,0.96,0.8,0.6,2.0
1550,0.0,0.0,0.0,0.0,0.0,0.0,0.16,0.27,0.01,0.03,0.26,0.01,0.0
1551,1.0,1.0,0.0,0.0,1.0,0.0,0.84,0.86,0.07,0.08,0.56,0.07,2.0
1552,0.0,0.0,0.0,0.0,0.0,0.0,0.2,0.17,0.1,0.08,0.14,0.11,1.0
1553,1.0,0.0,0.0,0.0,0.0,0.0,0.02,0.01,0.01,0.0,0.03,0.01,0.0
1554,0.0,0.0,0.0,0.0,0.0,0.0,0.84,0.86,0.6,0.64,0.69,0.43,2.0
1555,1.0,1.0,1.0,1.0,1.0,1.0,0.18,0.28,0.16,0.13,0.22,0.07,0.0
1556,0.0,0.0,0.0,0.0,0.0,0.0,0.94,0.99,0.86,0.87,0.96,0.32,3.0
1557,0.0,0.0,0.0,0.0,0.0,0.0,0.03,0.02,0.0,0.02,0.15,0.0,0.0
1558,0.0,0.0,1.0,0.0,0.0,0.0,0.56,0.55,0.06,0.25,0.65,0.42,0.0
1559,1.0,1.0,1.0,1.0,1.0,1.0,0.6,0.7,0.03,0.3,0.68,0.53,3.0
1560,1.0,1.0,1.0,1.0,1.0,1.0,0.66,0.3,0.1,0.05,0.37,0.05,2.0
1561,1.0,1.0,1.0,1.0,0.0,1.0,0.45,0.73,0.74,0.74,0.53,0.55,1.0
1562,1.0,1.0,1.0,1.0,1.0,0.0,0.87,0.97,0.95,0.92,0.89,0.81,0.0
1563,0.0,0.0,0.0,0.0,1.0,0.0,0.96,0.96,0.8,0.94,0.9,0.5833333333333333,0.0
1564,1.0,1.0,0.0,1.0,0.0,1.0,0.02,0.01,0.01,0.05,0.13,0.02,3.0
1565,1.0,1.0,0.0,0.0,1.0,0.0,0.23,0.22,0.11,0.12,0.24333333333333332,0.1,1.0
1566,0.0,0.0,0.0,0.0,0.0,0.0,0.86,0.95,0.7125,0.75,0.79,0.3833333333333333,4.0
1567,0.0,0.0,0.0,0.0,0.0,0.0,0.37,0.65,0.74,0.64,0.3,0.42,3.0
1568,1.0,1.0,0.0,1.0,1.0,0.0,0.05,0.09,0.0,0.0,0.08,0.01,3.0
1569,1.0,1.0,1.0,1.0,1.0,0.0,0.23,0.19,0.09,0.13,0.17,0.06,4.0
1570,1.0,1.0,0.0,0.0,1.0,0.0,0.81,0.92,0.45,0.34,0.58,0.28,3.0
1571,0.0,0.0,0.0,1.0,0.0,1.0,0.75,0.87,0.88,0.85,0.77,0.81,4.0
1572,1.0,1.0,0.0,0.0,0.0,0.0,0.29,0.47,0.42,0.36,0.24,0.25,1.0
1573,1.0,1.0,0.0,0.0,0.0,0.0,0.26,0.28,0.08,0.1,0.09,0.07,1.0
1574,1.0,1.0,0.0,0.0,0.0,0.0,0.98,1.0,0.95,0.88,0.93,0.82,4.0
1575,1.0,1.0,1.0,1.0,1.0,0.0,0.87,0.93,0.82,0.85,0.83,0.62,0.0
1576,0.0,1.0,1.0,1.0,0.0,1.0,0.92,0.97,0.8,0.91,0.96,0.6,4.0
1577,0.0,0.0,0.0,0.0,0.0,0.0,0.55,0.85,0.84,0.84,0.61,0.67,3.0
1578,0.0,1.0,1.0,1.0,0.0,1.0,0.73,0.87,0.87,0.77,0.52,0.5,1.0
1579,1.0,1.0,1.0,1.0,1.0,1.0,0.31,0.36,0.13,0.17,0.3,0.1,4.0
1580,1.0,1.0,1.0,1.0,1.0,1.0,0.92,0.95,0.9,0.92,0.9,0.34,1.0
1581,0.0,0.0,0.0,0.0,1.0,0.0,0.89,0.82,0.02,0.02,0.86,0.01,0.0
1582,1.0,1.0,1.0,1.0,1.0,1.0,0.92,0.95,0.05,0.09,0.7835714285714286,0.23,1.0
1583,1.0,1.0,1.0,1.0,1.0,1.0,0.88,0.87,0.03,0.06,0.68,0.14,1.0
1584,1.0,1.0,1.0,0.0,0.0,0.0,0.83,0.54,0.08,0.22,0.73,0.39,4.0
1585,0.0,0.0,0.0,0.0,0.0,0.0,0.17,0.22,0.1,0.1,0.23,0.11,4.0
1586,0.0,0.0,0.0,0.0,0.0,0.0,0.28,0.41,0.38,0.34,0.34,0.3,1.0
1587,1.0,1.0,1.0,1.0,1.0,0.0,0.56,0.89,0.8975,0.94,0.71,0.89,1.0
1588,0.0,0.0,1.0,1.0,1.0,1.0,0.03,0.01,0.0,0.01,0.05,0.02,0.0
1589,0.0,0.0,0.0,1.0,0.0,0.0,0.9,0.94,0.89,0.92,0.87,0.61,3.0
1590,1.0,1.0,0.0,0.0,1.0,0.0,0.05,0.06,0.03,0.01,0.24,0.02,4.0
1591,1.0,1.0,0.0,0.0,1.0,0.0,0.73,0.92,0.86,0.89,0.78,0.67,0.0
1592,1.0,1.0,1.0,1.0,1.0,1.0,0.01,0.01,0.0,0.04,0.11,0.01,3.0
1593,1.0,1.0,0.0,0.0,1.0,0.0,0.39,0.59,0.3,0.28,0.61,0.27,0.0
1594,0.0,0.0,0.0,0.0,0.0,0.0,0.81,0.84,0.05,0.12,0.69,0.14,3.0
1595,0.0,0.0,1.0,1.0,0.0,0.0,0.01,0.01,0.0,0.01,0.03,0.02,4.0
1596,0.0,0.0,0.0,0.0,0.0,0.0,0.06,0.04,0.01,0.04,0.1,0.02,4.0
1597,1.0,1.0,0.0,0.0,1.0,0.0,0.05,0.01,0.0,0.0,0.03,0.0,0.0
1598,0.0,0.0,0.0,0.0,0.0,0.0,0.92,0.9,0.01,0.02,0.24,0.0,3.0
1599,1.0,1.0,1.0,1.0,1.0,1.0,0.01,0.0,0.0,0.04,0.18,0.01,3.0
1600,1.0,1.0,1.0,1.0,1.0,1.0,0.83,0.87,0.22,0.16,0.67,0.08,0.0
1601,0.0,0.0,0.0,0.0,0.0,0.0,0.96,0.62,0.0,0.37,0.85,0.68,0.0
1602,1.0,1.0,0.0,0.0,0.0,0.0,0.49,0.66,0.37,0.4,0.52,0.4,4.0
1603,1.0,1.0,1.0,1.0,1.0,0.0,0.81,0.88,0.23,0.13,0.68,0.08,0.0
1604,1.0,1.0,0.0,1.0,1.0,1.0,0.04,0.01,0.0,0.01,0.02,0.0,1.0
1605,0.0,1.0,0.0,0.0,1.0,0.0,0.02,0.03,0.0,0.0,0.01,0.0,1.0
1606,0.0,0.0,0.0,0.0,0.0,0.0,0.9,0.94,0.79,0.84,0.85,0.53,4.0
1607,0.0,0.0,0.0,0.0,0.0,0.0,0.91,0.92,0.69,0.54,0.6166666666666667,0.18,0.0
1608,0.0,0.0,0.0,0.0,1.0,0.0,0.82,0.86,0.36,0.25,0.5,0.11,2.0
1609,1.0,1.0,0.0,0.0,0.0,0.0,0.89,0.95,0.7833333333333333,0.69,0.73,0.51,4.0
1610,0.0,0.0,0.0,0.0,0.0,0.0,0.83,0.94,0.41,0.28,0.71,0.14,0.0
1611,0.0,0.0,1.0,1.0,0.0,1.0,0.03,0.02,0.0,0.0,0.01,0.0,3.0
1612,1.0,1.0,1.0,1.0,1.0,0.0,0.71,0.73,0.2,0.14,0.52,0.06,1.0
1613,1.0,1.0,1.0,0.0,0.0,0.0,0.5,0.86,0.88,0.9,0.63,0.62,0.0
1614,1.0,1.0,1.0,1.0,1.0,1.0,0.9,0.98,0.83,0.76,0.81,0.31,1.0
1615,1.0,1.0,1.0,1.0,1.0,0.0,0.46,0.75,0.75,0.7,0.33,0.69,0.0
1616,1.0,1.0,1.0,1.0,1.0,1.0,0.5,0.46,0.55,0.42,0.43,0.26,0.0
1617,1.0,1.0,1.0,1.0,1.0,0.0,0.83,0.87,0.36,0.32,0.37,0.26,3.0
1618,1.0,1.0,0.0,1.0,1.0,0.0,0.78,0.81,0.13,0.21,0.47166666666666673,0.08,0.0
1619,0.0,1.0,1.0,1.0,1.0,1.0,0.89,1.0,0.9,0.93,0.87,0.38,0.0
1620,1.0,1.0,1.0,1.0,1.0,0.0,0.91,0.94,0.85,0.81,0.82,0.48,1.0
1621,0.0,0.0,0.0,0.0,0.0,0.0,0.91,0.98,0.76,0.95,0.83,0.35,3.0
1622,1.0,1.0,1.0,1.0,1.0,0.0,0.85,0.97,0.74,0.87,0.78,0.49,4.0
1623,1.0,1.0,0.0,0.0,0.0,0.0,0.74,0.96,0.905,0.85,0.81,0.69,0.0
1624,1.0,1.0,1.0,1.0,1.0,0.0,0.87,0.88,0.83,0.86,0.84,0.532,0.0
1625,1.0,1.0,0.0,1.0,1.0,1.0,0.94,0.99,0.88,0.95,0.91,0.64,2.0
1626,1.0,1.0,1.0,1.0,1.0,1.0,0.78,0.73,0.24,0.13,0.39,0.06,3.0
1627,1.0,1.0,1.0,1.0,1.0,1.0,0.09,0.31,0.14,0.15,0.19,0.05,4.0
1628,1.0,1.0,0.0,0.0,1.0,0.0,0.89,0.93,0.78,0.61,0.62,0.47,3.0
1629,1.0,1.0,1.0,1.0,1.0,1.0,0.2,0.29,0.07,0.12,0.22,0.14,1.0
1630,0.0,0.0,0.0,0.0,0.0,0.0,0.18,0.12,0.03,0.05,0.23,0.0,4.0
1631,1.0,1.0,1.0,1.0,1.0,0.0,0.03,0.08,0.01,0.01,0.04,0.02,4.0
1632,1.0,1.0,1.0,1.0,1.0,1.0,0.97,1.0,0.53,0.46,0.7,0.21,1.0
1633,1.0,1.0,1.0,1.0,1.0,1.0,0.06,0.06,0.01,0.05,0.24,0.04,3.0
1634,0.0,0.0,0.0,0.0,0.0,0.0,0.92,0.97,0.78,0.69,0.85,0.25,3.0
1635,0.0,0.0,0.0,0.0,0.0,0.0,0.93,0.95,0.8,0.85,0.74,0.59,3.0
1636,1.0,1.0,1.0,1.0,1.0,1.0,0.86,0.91,0.76,0.71,0.74,0.41,2.0
1637,1.0,1.0,1.0,1.0,1.0,1.0,0.3,0.23,0.09,0.05,0.14,0.06,1.0
1638,1.0,1.0,1.0,1.0,1.0,1.0,0.78,0.89,0.52,0.41,0.61,0.26,4.0
1639,0.0,1.0,1.0,1.0,1.0,1.0,0.03,0.0,0.0,0.0,0.03,0.01,0.0
1640,0.0,1.0,1.0,1.0,0.0,1.0,0.05,0.04,0.02,0.09,0.29,0.02,2.0
1641,1.0,1.0,1.0,1.0,0.0,1.0,0.89,0.88,0.01,0.17,0.81,0.23,3.0
1642,0.0,0.0,0.0,0.0,0.0,0.0,0.14,0.22,0.07,0.03,0.14,0.08,0.0
1643,1.0,1.0,0.0,0.0,1.0,0.0,0.9,0.93,0.71,0.79,0.84,0.44,3.0
1644,1.0,1.0,1.0,1.0,1.0,1.0,0.88,0.93,0.11,0.1,0.5866666666666667,0.05,4.0
1645,1.0,1.0,1.0,1.0,1.0,1.0,0.18,0.32,0.11,0.18,0.2,0.18,3.0
1646,1.0,1.0,1.0,1.0,1.0,1.0,0.96,0.98,0.72,0.62,0.74,0.33,2.0
1647,1.0,1.0,0.0,0.0,1.0,0.0,0.95,0.94,0.93,0.93,0.88,0.5,4.0
1648,1.0,1.0,0.0,1.0,1.0,0.0,0.9,0.94,0.86,0.82,0.85,0.34,3.0
1649,0.0,0.0,0.0,0.0,0.0,0.0,0.58,0.94,0.88,0.82,0.43,0.79,2.0
1650,1.0,1.0,1.0,1.0,1.0,1.0,0.68,0.86,0.74,0.74,0.65,0.49,2.0
1651,1.0,1.0,1.0,1.0,1.0,0.0,0.85,0.91,0.49,0.5,0.8,0.33,4.0
1652,1.0,1.0,1.0,1.0,1.0,1.0,0.74,0.88,0.59,0.53,0.57,0.44,3.0
1653,0.0,0.0,0.0,0.0,0.0,0.0,0.97,0.95,0.74,0.66,0.75,0.38,0.0
1654,1.0,1.0,0.0,0.0,1.0,0.0,0.86,0.78,0.15,0.04,0.63,0.05,0.0
1655,0.0,0.0,0.0,0.0,0.0,0.0,0.01,0.03,0.01,0.07,0.06,0.0,1.0
1656,0.0,0.0,0.0,0.0,0.0,0.0,0.92,0.95,0.45,0.41,0.77,0.15,1.0
1657,0.0,0.0,0.0,0.0,0.0,0.0,0.73,0.71,0.05,0.05,0.44,0.04,4.0
1658,0.0,0.0,0.0,0.0,0.0,0.0,0.06,0.11,0.03,0.08,0.17,0.0,3.0
1659,0.0,1.0,1.0,1.0,1.0,0.0,0.77,0.83,0.86,0.77,0.79,0.5,1.0
1660,1.0,1.0,1.0,1.0,1.0,1.0,0.98,1.0,0.94,0.93,0.89,0.6,1.0
1661,1.0,1.0,1.0,0.0,0.0,0.0,0.88,0.93,0.87,0.74,0.58,0.46,0.0
1662,1.0,1.0,1.0,1.0,1.0,1.0,0.92,1.0,0.72,0.8,0.74,0.36,0.0
1663,0.0,0.0,0.0,0.0,0.0,0.0,0.11,0.03,0.02,0.01,0.06,0.0,0.0
1664,0.0,0.0,0.0,0.0,0.0,0.0,0.08,0.1,0.02,0.06,0.05,0.03,1.0
1665,0.0,0.0,0.0,0.0,1.0,0.0,0.96,0.98,0.93,0.88,0.83,0.37,1.0
1666,1.0,1.0,1.0,1.0,1.0,0.0,0.1,0.17,0.09,0.12,0.2,0.13,4.0
1667,1.0,1.0,0.0,0.0,1.0,0.0,0.0,0.0,0.0,0.03,0.05,0.01,0.0
1668,1.0,1.0,0.0,1.0,1.0,0.0,0.93,0.92,0.9,0.87,0.82,0.62,0.0
1669,1.0,1.0,0.0,0.0,0.0,0.0,0.85,0.83,0.05,0.25,0.62,0.12,2.0
1670,1.0,1.0,0.0,0.0,0.0,0.0,0.64,0.46,0.11,0.1,0.36,0.1,4.0
1671,0.0,0.0,0.0,0.0,0.0,0.0,0.58,0.83,0.91,0.84,0.56,0.82,3.0
1672,0.0,0.0,0.0,0.0,0.0,0.0,0.89,0.96,0.79,0.85,0.84,0.45,4.0
1673,1.0,1.0,0.0,1.0,1.0,0.0,0.06,0.06,0.0,0.04,0.11,0.02,3.0
