,True_EFV,True_NVP,True_ETR,True_RPV,Pred_Proba_EFV,Pred_Proba_NVP,Pred_Proba_ETR,Pred_Proba_RPV,kFolds
0,0.0,0.0,,,0.002188175916671753,0.022946946322917938,0.007768735289573669,0.0077407872304320335,3.0
1,0.0,0.0,,,0.0075408658012747765,0.02494673989713192,0.015525171533226967,0.004300989210605621,4.0
2,0.0,0.0,,,0.00574229983612895,0.01772421784698963,0.021893233060836792,0.007872264832258224,1.0
3,0.0,0.0,,,0.00193821731954813,0.019367225468158722,0.002825042698532343,0.004449659492820501,2.0
4,0.0,0.0,,,0.01254221796989441,0.028612490743398666,0.11254174262285233,0.006216907873749733,4.0
5,0.0,0.0,,,0.003156720194965601,0.01659182831645012,0.005377423018217087,0.007121708244085312,2.0
6,0.0,0.0,,,0.0026323762722313404,0.020186785608530045,0.008756603114306927,0.005989970173686743,2.0
7,1.0,1.0,,,0.9058660268783569,0.5650227069854736,0.6514050960540771,0.9304332137107849,3.0
8,1.0,1.0,,,0.48293575644493103,0.9588601589202881,0.5430850982666016,0.8644856214523315,1.0
9,1.0,1.0,,,0.9937127828598022,0.9952194094657898,0.07516553997993469,0.009672850370407104,3.0
10,0.0,1.0,,,0.5766781568527222,0.45558813214302063,0.011222907342016697,0.0071970997378230095,2.0
11,0.0,1.0,,,0.29752981662750244,0.0323917530477047,0.021674126386642456,0.00963506754487753,3.0
12,1.0,1.0,,,0.3814825117588043,0.9889068007469177,0.7539445757865906,0.7472732663154602,2.0
13,1.0,1.0,,,0.9938954710960388,0.9719254970550537,0.07667667418718338,0.9694936275482178,1.0
14,1.0,1.0,,,0.8548643589019775,0.9825888872146606,0.008038537576794624,0.007512992713600397,2.0
15,1.0,1.0,,,0.987461268901825,0.9788512587547302,0.11646577715873718,0.02512277476489544,1.0
16,1.0,1.0,,,0.9702543020248413,0.9944009780883789,0.3924911618232727,0.01449650526046753,4.0
17,1.0,1.0,,,0.9969979524612427,0.9933918714523315,0.38750287890434265,0.019057409837841988,4.0
18,1.0,1.0,,,0.9932660460472107,0.9998586177825928,0.8877972960472107,0.7700842618942261,0.0
19,1.0,1.0,,,0.9973912239074707,0.9993841648101807,0.1610274314880371,0.005187466274946928,4.0
20,1.0,1.0,,,0.8062645792961121,0.5877652764320374,0.6215885281562805,0.8683958053588867,1.0
21,1.0,1.0,,,0.7969486117362976,0.9963245391845703,0.9579179286956787,0.7364588379859924,4.0
22,1.0,1.0,,,0.9928601980209351,0.9937320947647095,0.4812011122703552,0.006165376864373684,4.0
23,1.0,1.0,,,0.8778049945831299,0.9723116159439087,0.021457895636558533,0.015817083418369293,0.0
24,1.0,1.0,,,0.9863595366477966,0.9792940616607666,0.010872997343540192,0.009642498567700386,2.0
25,1.0,1.0,,,0.31987735629081726,0.09854219853878021,0.011596393771469593,0.01502576470375061,0.0
26,1.0,1.0,,,0.9760808348655701,0.9724909067153931,0.009903299622237682,0.008094615302979946,2.0
27,1.0,1.0,,,0.8859087824821472,0.9837416410446167,0.033019859343767166,0.010001772083342075,3.0
28,1.0,1.0,,,0.9577106833457947,0.9978615045547485,0.28758925199508667,0.014362476766109467,3.0
29,1.0,1.0,,,0.9304160475730896,0.9995791912078857,0.7948947548866272,0.7596079707145691,0.0
30,0.0,1.0,,,0.8829120993614197,0.23511597514152527,0.08678867667913437,0.042260102927684784,1.0
31,1.0,1.0,,,0.8881155252456665,0.8813506364822388,0.01516545470803976,0.007488051429390907,2.0
32,1.0,1.0,,,0.3579561412334442,0.17631052434444427,0.08548294007778168,0.023889726027846336,1.0
33,0.0,1.0,,,0.5732791423797607,0.09188030660152435,0.021334698423743248,0.010548141784965992,3.0
34,1.0,1.0,,,0.9916089773178101,0.996940016746521,0.067400261759758,0.005822038743644953,4.0
35,0.0,0.0,,,0.006551537662744522,0.029517725110054016,0.2035807967185974,0.0039001000113785267,4.0
36,1.0,1.0,,,0.994543731212616,0.982961893081665,0.42422640323638916,0.972969651222229,3.0
37,1.0,1.0,,,0.9994030594825745,0.9990831017494202,0.13364236056804657,0.9728081822395325,1.0
38,0.0,0.0,,,0.0030522365123033524,0.019780756905674934,0.01408990565687418,0.015067623928189278,3.0
39,1.0,1.0,,,0.9913298487663269,0.9878585934638977,0.06682679802179337,0.023311367258429527,1.0
40,1.0,1.0,,,0.49417242407798767,0.9968804717063904,0.8794385194778442,0.6580151319503784,3.0
41,1.0,1.0,,,0.9990649223327637,0.9977737069129944,0.8555579781532288,0.9685723185539246,2.0
42,1.0,1.0,,,0.9951481223106384,0.9917815923690796,0.12084497511386871,0.015254732221364975,3.0
43,0.0,0.0,,,0.005978289991617203,0.01974361576139927,0.008478539064526558,0.007713432423770428,1.0
44,0.0,0.0,,,0.002569356467574835,0.02056226320564747,0.005197433289140463,0.010246367193758488,0.0
45,1.0,1.0,,,0.40716058015823364,0.10100124031305313,0.13823819160461426,0.18985959887504578,1.0
46,0.0,0.0,,,0.0063197435811161995,0.027121085673570633,0.03318591043353081,0.0038396958261728287,4.0
47,0.0,0.0,,,0.002523638540878892,0.020046235993504524,0.028743088245391846,0.007963209412992,3.0
48,0.0,0.0,,,0.0023215655237436295,0.029075216501951218,0.010553773492574692,0.007896358147263527,0.0
49,1.0,1.0,,,0.6210687756538391,0.753510594367981,0.7245336771011353,0.8878306746482849,0.0
50,0.0,0.0,,,0.07918800413608551,0.37284615635871887,0.12788589298725128,0.0038665698375552893,4.0
51,1.0,0.0,,,0.041716575622558594,0.15938076376914978,0.2019408941268921,0.008865769021213055,0.0
52,1.0,1.0,,,0.9711040258407593,0.7887600064277649,0.533352255821228,0.9075497388839722,3.0
53,0.0,0.0,,,0.008792800828814507,0.018916133791208267,0.06046297401189804,0.012066665105521679,1.0
54,0.0,0.0,,,0.0035607763566076756,0.0412212498486042,0.04732963815331459,0.00475664995610714,2.0
55,0.0,0.0,0.0,0.0,0.0026690431404858828,0.028768418356776237,0.32711082696914673,0.00770459184423089,3.0
56,0.0,0.0,0.0,0.0,0.0019331943476572633,0.030761931091547012,0.2763114869594574,0.009802487678825855,0.0
57,0.0,0.0,0.0,0.0,0.0026329285465180874,0.024776190519332886,0.3114774227142334,0.007646886631846428,3.0
58,0.0,0.0,0.0,0.0,0.0010937139159068465,0.016179997473955154,0.013205920346081257,0.0035676590632647276,2.0
59,0.0,0.0,0.0,0.0,0.0022240772377699614,0.015013279393315315,0.00886831246316433,0.00742914155125618,1.0
60,0.0,0.0,0.0,0.0,0.0023238679859787226,0.016315948218107224,0.006186851300299168,0.007825322449207306,3.0
61,1.0,1.0,0.0,0.0,0.9596662521362305,0.9933754205703735,0.3116317391395569,0.09144893288612366,3.0
62,1.0,1.0,1.0,0.0,0.5503754615783691,0.9948112964630127,0.6466808319091797,0.6524068117141724,3.0
63,0.0,0.0,0.0,0.0,0.0027118998114019632,0.021440764889121056,0.001984274946153164,0.008407012559473515,1.0
64,1.0,1.0,0.0,0.0,0.990446150302887,0.9916660785675049,0.013543251901865005,0.0057802931405603886,4.0
65,1.0,1.0,0.0,0.0,0.9927015900611877,0.9996830224990845,0.7196494340896606,0.09504371881484985,0.0
66,0.0,0.0,0.0,0.0,0.026727255433797836,0.09140212833881378,0.05965767428278923,0.012993614189326763,2.0
67,,,0.0,,0.0018323719268664718,0.023109816014766693,0.006311171688139439,0.008761312812566757,0.0
68,,,0.0,,0.9935856461524963,0.9897066354751587,0.01596817374229431,0.01355079747736454,3.0
69,,,0.0,,0.9897586703300476,0.9592850208282471,0.015301145613193512,0.022051244974136353,0.0
70,,,0.0,,0.0018323719268664718,0.023109816014766693,0.006311171688139439,0.008761312812566757,0.0
71,,,1.0,,0.41310834884643555,0.8143594264984131,0.8275234699249268,0.9382294416427612,1.0
72,,,1.0,,0.7238856554031372,0.6799927353858948,0.8842644095420837,0.9376524686813354,2.0
73,,,1.0,,0.6993864178657532,0.7039754986763,0.8014479875564575,0.9090499877929688,0.0
74,,,1.0,,0.7436957359313965,0.7704477310180664,0.8240523338317871,0.9487508535385132,3.0
75,,,1.0,,0.7436957359313965,0.7704477310180664,0.8240523338317871,0.9487508535385132,3.0
76,,,0.0,,0.9911954402923584,0.993977963924408,0.06572667509317398,0.017245372757315636,0.0
77,,,0.0,,0.9937758445739746,0.9953999519348145,0.033747054636478424,0.010296573862433434,3.0
78,,,0.0,,0.8609833121299744,0.9791102409362793,0.025294721126556396,0.020674386993050575,1.0
79,,,0.0,,0.9937758445739746,0.9953999519348145,0.033747054636478424,0.010296573862433434,3.0
80,,,0.0,,0.9937758445739746,0.9953999519348145,0.033747054636478424,0.010296573862433434,3.0
81,,,0.0,,0.9955795407295227,0.992236852645874,0.18239077925682068,0.017727985978126526,2.0
82,,,1.0,,0.9966393113136292,0.9978929758071899,0.033747054636478424,0.9367422461509705,3.0
83,,,1.0,,0.9787631630897522,0.76874178647995,0.6408648490905762,0.8449584245681763,1.0
84,,,1.0,,0.9888405203819275,0.8571730256080627,0.7158386707305908,0.8737477660179138,0.0
85,,,1.0,,0.98685622215271,0.8759433031082153,0.6159908175468445,0.9510355591773987,2.0
86,,,1.0,,0.98685622215271,0.8759433031082153,0.6159908175468445,0.9510355591773987,2.0
87,,,1.0,,0.9787631630897522,0.76874178647995,0.6408648490905762,0.8449584245681763,1.0
88,,,0.0,,0.08025409281253815,0.14866216480731964,0.6576475501060486,0.012826362624764442,2.0
89,,,0.0,,0.8363564014434814,0.990422248840332,0.007946161553263664,0.01039856020361185,3.0
90,,,0.0,,0.0726734921336174,0.1065119206905365,0.5283428430557251,0.01610271818935871,3.0
91,,,0.0,,0.2853778898715973,0.1368374526500702,0.6055067181587219,0.022436993196606636,1.0
92,,,1.0,,0.9240016341209412,0.5869660377502441,0.5283428430557251,0.9439451098442078,3.0
93,,,0.0,,0.0017761606723070145,0.017983034253120422,0.009699785150587559,0.00433430727571249,4.0
94,,,0.0,,0.0022174245677888393,0.019022300839424133,0.006172304041683674,0.008603065274655819,3.0
95,,,0.0,,0.0017761606723070145,0.017983034253120422,0.009699785150587559,0.00433430727571249,4.0
96,,,0.0,,0.0419854037463665,0.119090735912323,0.14689937233924866,0.008925965055823326,0.0
97,,,0.0,,0.011904102750122547,0.051571428775787354,0.09585919976234436,0.009230896830558777,3.0
98,,,0.0,,0.1062987744808197,0.08157519996166229,0.08378051221370697,0.005543492268770933,4.0
99,,,0.0,,0.0419854037463665,0.119090735912323,0.14689937233924866,0.008925965055823326,0.0
100,,,0.0,,0.8541877865791321,0.9667189717292786,0.00868313666433096,0.01708986982703209,0.0
101,,,0.0,,0.08851572871208191,0.027362726628780365,0.20171144604682922,0.010788350366055965,1.0
102,,,1.0,,0.46742746233940125,0.9933473467826843,0.8621872067451477,0.6428816318511963,3.0
103,,,1.0,,0.38361290097236633,0.9930959939956665,0.914813756942749,0.8177902698516846,4.0
104,,,1.0,,0.46742746233940125,0.9933473467826843,0.8621872067451477,0.6428816318511963,3.0
105,,,1.0,,0.2916414439678192,0.9967809915542603,0.8567264080047607,0.573829710483551,1.0
106,,,0.0,,0.8363564014434814,0.990422248840332,0.007946161553263664,0.01039856020361185,3.0
107,,,0.0,,0.9789335131645203,0.9759576320648193,0.08092424273490906,0.027493659406900406,1.0
108,,,0.0,,0.9935856461524963,0.9897066354751587,0.01596817374229431,0.01355079747736454,3.0
109,,,0.0,,0.9897586703300476,0.9592850208282471,0.015301145613193512,0.022051244974136353,0.0
110,,,0.0,,0.9935856461524963,0.9897066354751587,0.01596817374229431,0.01355079747736454,3.0
111,,,,1.0,0.9926801323890686,0.9617573618888855,0.08694323897361755,0.967782735824585,0.0
112,,,,0.0,0.0026302144397050142,0.026643775403499603,0.34137630462646484,0.0037939297035336494,2.0
113,,,,0.0,0.0018074314575642347,0.019217465072870255,0.005230125039815903,0.0042836107313632965,2.0
114,,,,0.0,0.5136751532554626,0.9931548237800598,0.869726300239563,0.6290430426597595,3.0
115,,,,0.0,0.5994232296943665,0.9588601589202881,0.5430850982666016,0.8644856214523315,1.0
116,,,,1.0,0.2302912473678589,0.9867123365402222,0.9503875374794006,0.8183304667472839,4.0
117,,,,0.0,0.0064725144766271114,0.2952997386455536,0.282890647649765,0.011645875871181488,3.0
118,,,,0.0,0.009137548506259918,0.37122243642807007,0.4368390738964081,0.009312253445386887,0.0
119,,,,0.0,0.006955305580049753,0.03223567083477974,0.33093324303627014,0.0040422361344099045,4.0
120,,,,0.0,0.9902716875076294,0.9934766292572021,0.042521264404058456,0.018907779827713966,0.0
121,,,,0.0,0.005389112513512373,0.01890425570309162,0.05507577210664749,0.008003300055861473,1.0
122,,,,0.0,0.006551537662744522,0.029517725110054016,0.2035807967185974,0.0039001000113785267,4.0
123,,,,0.0,0.00885806791484356,0.19039955735206604,0.20998939871788025,0.009805139154195786,1.0
124,,,,1.0,0.6713053584098816,0.7217671871185303,0.7846738696098328,0.8881069421768188,0.0
125,,,,0.0,0.7795988321304321,0.7576965093612671,0.7301428318023682,0.937200129032135,3.0
126,0.0,0.0,0.0,0.0,0.0634661614894867,0.12637761235237122,0.039980895817279816,0.012335754930973053,2.0
127,1.0,1.0,1.0,1.0,0.998157799243927,0.9725691080093384,0.82742840051651,0.8533046841621399,4.0
128,1.0,1.0,1.0,1.0,0.9991758465766907,0.9993414878845215,0.7458572387695312,0.8727054595947266,0.0
129,1.0,0.0,0.0,0.0,0.10974162071943283,0.16037186980247498,0.6686434745788574,0.012243572622537613,2.0
130,1.0,1.0,0.0,0.0,0.8663432598114014,0.8019801378250122,0.20189471542835236,0.006101165898144245,4.0
131,1.0,1.0,1.0,0.0,0.9900388121604919,0.8808759450912476,0.25103577971458435,0.9469180703163147,2.0
132,1.0,0.0,0.0,0.0,0.10825752466917038,0.4699437916278839,0.8928712606430054,0.014705529436469078,3.0
133,1.0,1.0,1.0,1.0,0.9963408708572388,0.949130117893219,0.9231695532798767,0.9192644357681274,3.0
134,0.0,1.0,1.0,1.0,0.686066210269928,0.787469744682312,0.7050637006759644,0.8746236562728882,0.0
135,0.0,0.0,1.0,1.0,0.005578038282692432,0.1621035933494568,0.3798809051513672,0.8271556496620178,0.0
136,0.0,0.0,1.0,1.0,0.03352544084191322,0.9637919664382935,0.596896767616272,0.7798607349395752,1.0
137,0.0,0.0,0.0,0.0,0.003039086004719138,0.03170810267329216,0.562203586101532,0.0077211251482367516,3.0
138,0.0,1.0,1.0,1.0,0.6585329174995422,0.8952375650405884,0.16572721302509308,0.9097511768341064,2.0
139,0.0,,,,0.9040621519088745,0.791927695274353,0.0638546571135521,0.007849889807403088,2.0
140,1.0,,,,0.014750363305211067,0.46604645252227783,0.008132020942866802,0.006801909301429987,2.0
141,1.0,,,,0.7818637490272522,0.8854301571846008,0.3116782605648041,0.038602471351623535,1.0
142,1.0,,,,0.6446958780288696,0.7669714093208313,0.026480337604880333,0.008005935698747635,2.0
143,0.0,,,,0.04702988639473915,0.11124388128519058,0.02341913990676403,0.008525422774255276,3.0
144,1.0,,,,0.8692095875740051,0.5934904217720032,0.015780869871377945,0.008639290928840637,2.0
145,1.0,,,,0.9936168789863586,0.97971510887146,0.1073632761836052,0.9735932350158691,3.0
146,1.0,1.0,0.0,1.0,0.9980247616767883,0.989513635635376,0.0912906602025032,0.9310899376869202,4.0
147,1.0,1.0,,,0.997762143611908,0.9985446929931641,0.502662181854248,0.9691845178604126,2.0
148,0.0,0.0,0.0,,0.0020297374576330185,0.033868640661239624,0.009376647882163525,0.008705140091478825,2.0
149,0.0,0.0,,,0.010595779865980148,0.10459894686937332,0.012900756672024727,0.005973362363874912,4.0
150,0.0,0.0,,,0.0019514933228492737,0.019233085215091705,0.0030379267409443855,0.004498754162341356,2.0
151,0.0,0.0,,,0.0029156249947845936,0.11855506151914597,0.004261573310941458,0.00906382966786623,1.0
152,0.0,0.0,,,0.0016638074303045869,0.022840244695544243,0.007224163506180048,0.003857797011733055,2.0
153,1.0,1.0,,,0.7856810688972473,0.8242637515068054,0.009234333410859108,0.006151415873318911,4.0
154,1.0,1.0,,,0.5015902519226074,0.9871400594711304,0.4757974147796631,0.007161655463278294,4.0
155,0.0,0.0,,,0.0018718107603490353,0.020630285143852234,0.006394765339791775,0.008482536301016808,2.0
156,1.0,1.0,0.0,,0.9400256276130676,0.98323655128479,0.03622795268893242,0.354583203792572,2.0
157,0.0,1.0,,,0.10127255320549011,0.02140745334327221,0.008158139884471893,0.005317806266248226,4.0
158,1.0,1.0,0.0,,0.9758334755897522,0.96698397397995,0.03919010981917381,0.0228327214717865,1.0
159,0.0,0.0,,,0.002099459758028388,0.014292082749307156,0.00340847484767437,0.00983827281743288,3.0
160,0.0,0.0,,,0.005996921565383673,0.027461688965559006,0.11601494252681732,0.008733036927878857,4.0
161,1.0,1.0,,,0.7046830654144287,0.9737043380737305,0.048896707594394684,0.009442776441574097,4.0
162,1.0,1.0,1.0,,0.9974662065505981,0.9998393654823303,0.8477696776390076,0.8867018222808838,1.0
163,1.0,1.0,0.0,,0.9675220847129822,0.9996951818466187,0.5232125520706177,0.19226479530334473,0.0
164,0.0,0.0,,,0.0015994228888303041,0.031034888699650764,0.004225388169288635,0.012354303151369095,2.0
165,1.0,1.0,,,0.9899863004684448,0.9957785606384277,0.023215733468532562,0.01189090684056282,3.0
166,0.0,1.0,,,0.992892324924469,0.9955620169639587,0.030566900968551636,0.018085118383169174,3.0
167,1.0,1.0,0.0,,0.9834979772567749,0.9880146384239197,0.06977156549692154,0.9375477433204651,2.0
168,0.0,0.0,0.0,,0.002700406825169921,0.023607958108186722,0.005132914055138826,0.01665349490940571,0.0
169,1.0,1.0,,,0.9935261011123657,0.9996938705444336,0.8398082852363586,0.699096143245697,3.0
170,0.0,0.0,0.0,,0.0025444847997277975,0.02568250522017479,0.011586141772568226,0.008307491429150105,1.0
171,0.0,0.0,0.0,,0.003040619194507599,0.8856915235519409,0.24527648091316223,0.09346378594636917,2.0
172,1.0,1.0,,,0.9845870137214661,0.999755859375,0.6350799798965454,0.7126265168190002,3.0
173,0.0,0.0,,,0.002084061736240983,0.1378665566444397,0.0013208817690610886,0.059994764626026154,0.0
174,0.0,0.0,,,0.002099566161632538,0.02068946696817875,0.0010424323845654726,0.008049983531236649,0.0
175,1.0,1.0,0.0,,0.9924280047416687,0.9771293997764587,0.022936159744858742,0.9787615537643433,1.0
176,1.0,1.0,,,0.9836021661758423,0.9251776337623596,0.01121465303003788,0.023779528215527534,3.0
177,0.0,0.0,,,0.0031013621482998133,0.018042368814349174,0.0015696079935878515,0.05852404236793518,1.0
178,0.0,0.0,,,0.0018850895576179028,0.039572104811668396,0.002488539321348071,0.010632168501615524,0.0
179,0.0,1.0,0.0,,0.3685956299304962,0.8645115494728088,0.006147611886262894,0.17545464634895325,0.0
180,0.0,0.0,0.0,,0.004526956472545862,0.03751425817608833,0.05286598950624466,0.00611417181789875,4.0
181,1.0,1.0,,,0.9337887763977051,0.936612606048584,0.007577560376375914,0.01056198962032795,2.0
182,1.0,1.0,,,0.9941695928573608,0.9990171194076538,0.6532849073410034,0.8456072807312012,1.0
183,1.0,1.0,,,0.8197657465934753,0.9885864853858948,0.11217810213565826,0.013474473729729652,3.0
184,1.0,1.0,1.0,,0.9931300282478333,0.9998764395713806,0.80706787109375,0.8768947124481201,0.0
185,1.0,1.0,0.0,,0.9836298227310181,0.9516178369522095,0.012021750211715698,0.9630828499794006,0.0
186,1.0,1.0,,,0.9123702645301819,0.9923250675201416,0.05681733787059784,0.00702091958373785,4.0
187,0.0,0.0,,,0.004580896347761154,0.041029367595911026,0.03804106265306473,0.009874955751001835,1.0
188,1.0,1.0,1.0,,0.9959470629692078,0.9943877458572388,0.024366067722439766,0.9873671531677246,0.0
189,0.0,0.0,0.0,0.0,0.0022130971774458885,0.03217563033103943,0.04350984841585159,0.005822391249239445,4.0
190,0.0,0.0,,,0.003230930306017399,0.08622840791940689,0.007548123132437468,0.0069623589515686035,4.0
191,0.0,0.0,0.0,,0.0019474090076982975,0.0185961052775383,0.004683919250965118,0.009163600392639637,3.0
192,0.0,0.0,0.0,,0.0024838715326040983,0.030870135873556137,0.00552845373749733,0.03169969469308853,0.0
193,0.0,0.0,0.0,,0.0020727310329675674,0.025539061054587364,0.026643427088856697,0.054036106914281845,2.0
194,0.0,0.0,,,0.0031240987591445446,0.01848580129444599,0.06043320894241333,0.010432803072035313,1.0
195,0.0,0.0,0.0,,0.0012345124268904328,0.016193047165870667,0.01301633007824421,0.003630448132753372,2.0
196,1.0,1.0,,,0.9845800995826721,0.9934872388839722,0.007650305517017841,0.07475297898054123,0.0
197,0.0,0.0,,,0.0025472266133874655,0.023641394451260567,0.011946502141654491,0.006381019949913025,4.0
198,1.0,1.0,,,0.9601767659187317,0.9997813701629639,0.4416724145412445,0.21743303537368774,1.0
199,1.0,1.0,,,0.6904148459434509,0.5813421010971069,0.015258949249982834,0.03212640434503555,1.0
200,1.0,1.0,,,0.9942253232002258,0.9947760701179504,0.1248776987195015,0.018481889739632607,4.0
201,1.0,1.0,0.0,,0.9900293350219727,0.997587263584137,0.019943278282880783,0.00813231896609068,4.0
202,0.0,0.0,,,0.00313998619094491,0.02253229171037674,0.002189202466979623,0.005746669601649046,4.0
203,0.0,1.0,0.0,,0.9924764633178711,0.9918063879013062,0.010818378068506718,0.07044121623039246,1.0
204,1.0,1.0,1.0,,0.9982807040214539,0.9994709491729736,0.8790866136550903,0.9803340435028076,3.0
205,1.0,1.0,,,0.985700786113739,0.9891334176063538,0.010583870112895966,0.04404587671160698,1.0
206,1.0,1.0,1.0,,0.9965765476226807,0.9998453855514526,0.7482558488845825,0.7884988188743591,4.0
207,0.0,1.0,0.0,,0.9148813486099243,0.9674795269966125,0.00293915206566453,0.04194525256752968,1.0
208,0.0,0.0,,,0.0016620045062154531,0.022366195917129517,0.006420412100851536,0.012702342122793198,0.0
209,0.0,0.0,,,0.007195271551609039,0.028759606182575226,0.00967511348426342,0.008775226771831512,1.0
210,1.0,1.0,,,0.9055690765380859,0.9994343519210815,0.6940693855285645,0.8704105615615845,0.0
211,0.0,1.0,0.0,,0.4749917984008789,0.9844806790351868,0.3929469585418701,0.36271166801452637,0.0
212,1.0,1.0,,,0.9917345643043518,0.9941060543060303,0.007998712360858917,0.029802797362208366,0.0
213,0.0,0.0,,,0.002167465165257454,0.020671427249908447,0.0502685010433197,0.0609297975897789,3.0
214,0.0,0.0,0.0,,0.00220259721390903,0.014728942885994911,0.007822304032742977,0.005397618282586336,2.0
215,1.0,1.0,0.0,,0.9940105676651001,0.9921032190322876,0.3830409049987793,0.021420104429125786,2.0
216,1.0,1.0,1.0,,0.9976041913032532,0.999409019947052,0.6086702346801758,0.733995258808136,3.0
217,0.0,0.0,,,0.0028173483442515135,0.10392921417951584,0.004148283042013645,0.005379615351557732,4.0
218,0.0,1.0,,,0.5524770021438599,0.9990570545196533,0.7280895709991455,0.9394994378089905,0.0
219,0.0,0.0,,,0.002387548564001918,0.055483125150203705,0.08494957536458969,0.010607998818159103,0.0
220,0.0,0.0,,,0.1461338996887207,0.9966057538986206,0.12336936593055725,0.012959057465195656,0.0
221,1.0,1.0,,,0.9909408092498779,0.9998245239257812,0.6379902958869934,0.8186795115470886,1.0
222,0.0,1.0,,,0.09200529754161835,0.990058183670044,0.8715594410896301,0.9067357182502747,1.0
223,1.0,1.0,,,0.9908003211021423,0.9954712986946106,0.03531739488244057,0.010221470147371292,3.0
224,0.0,0.0,0.0,,0.0020489832386374474,0.019973326474428177,0.002739327261224389,0.004098318517208099,2.0
225,0.0,0.0,0.0,,0.0021541432943195105,0.01797831431031227,0.022652655839920044,0.005558502394706011,4.0
226,0.0,0.0,0.0,,0.0019486467353999615,0.08558875322341919,0.10565192997455597,0.005080529022961855,2.0
227,0.0,0.0,0.0,,0.001997599843889475,0.023103851824998856,0.01618112064898014,0.00978999026119709,2.0
228,0.0,0.0,,,0.04979630932211876,0.8812210559844971,0.01756414957344532,0.25467878580093384,2.0
229,0.0,0.0,,,0.008645555935800076,0.11452895402908325,0.004635168239474297,0.05029188096523285,0.0
230,0.0,0.0,0.0,0.0,0.002277779160067439,0.0286756232380867,0.011372311972081661,0.02694767527282238,0.0
231,0.0,0.0,,,0.0065421294420957565,0.03534705564379692,0.20064745843410492,0.0759081095457077,0.0
232,1.0,1.0,,,0.9754346013069153,0.9973474740982056,0.39646950364112854,0.396769255399704,3.0
233,0.0,0.0,,,0.005781249143183231,0.0349055640399456,0.13381566107273102,0.011006919667124748,0.0
234,0.0,0.0,,,0.0031155666802078485,0.016389504075050354,0.005714253056794405,0.012455638498067856,3.0
235,0.0,0.0,0.0,,0.0028593246825039387,0.10608673095703125,0.04662616550922394,0.01421579159796238,3.0
236,1.0,,,,0.9984484910964966,0.9942117929458618,0.12317969650030136,0.9233731031417847,2.0
237,1.0,1.0,,,0.9991651773452759,0.9997214078903198,0.031253326684236526,0.060607582330703735,1.0
238,1.0,1.0,0.0,,0.9936460256576538,0.9945797920227051,0.01869109272956848,0.017603831365704536,3.0
239,1.0,1.0,0.0,,0.877309262752533,0.48325514793395996,0.006026584655046463,0.03131037577986717,0.0
240,0.0,0.0,0.0,0.0,0.0013972102897241712,0.02274405024945736,0.007085178513079882,0.01164496224373579,0.0
241,0.0,1.0,,,0.2049904614686966,0.9497435092926025,0.6120211482048035,0.8819441795349121,4.0
242,0.0,0.0,,,0.003400656161829829,0.9185291528701782,0.4384216070175171,0.10003870725631714,2.0
243,1.0,1.0,,,0.2214134931564331,0.04873207211494446,0.03068794123828411,0.00945870578289032,2.0
244,0.0,1.0,,,0.27329498529434204,0.9893738627433777,0.8287190794944763,0.5743492841720581,1.0
245,1.0,1.0,0.0,,0.9991464018821716,0.9972782135009766,0.2671327590942383,0.9477240443229675,4.0
246,0.0,0.0,0.0,,0.0021516303531825542,0.016895433887839317,0.0033054868690669537,0.004007956013083458,4.0
247,1.0,1.0,,,0.9399181008338928,0.9777060151100159,0.04801489785313606,0.05522017925977707,0.0
248,0.0,0.0,,,0.0031946455128490925,0.03526797518134117,0.009241214953362942,0.008040200918912888,3.0
249,1.0,1.0,0.0,,0.9972481727600098,0.9984656572341919,0.7322575449943542,0.04274867847561836,3.0
250,1.0,1.0,,,0.9891579151153564,0.9995776414871216,0.9712970852851868,0.660386323928833,1.0
251,0.0,0.0,0.0,,0.010590597055852413,0.5705636739730835,0.01754104159772396,0.015683168545365334,0.0
252,1.0,1.0,,,0.999592661857605,0.9972395896911621,0.39845529198646545,0.011697319336235523,4.0
253,0.0,0.0,0.0,,0.004920547362416983,0.02611151710152626,0.006419242359697819,0.004806710872799158,4.0
254,0.0,0.0,,,0.0016752614174038172,0.024191487580537796,0.009305757470428944,0.010323229245841503,0.0
255,1.0,1.0,,,0.9983183741569519,0.9998419284820557,0.9367103576660156,0.7241434454917908,3.0
256,1.0,1.0,1.0,,0.9928334355354309,0.9953159093856812,0.026420315727591515,0.9944858551025391,1.0
257,1.0,1.0,,,0.9929137229919434,0.9949117302894592,0.023124029859900475,0.009767601266503334,3.0
258,0.0,0.0,,,0.001642832299694419,0.018669165670871735,0.008721787482500076,0.00415155291557312,2.0
259,0.0,0.0,0.0,,0.0023005737457424402,0.023295043036341667,0.0012212323490530252,0.0081120440736413,0.0
260,0.0,0.0,,,0.0033713579177856445,0.04585552588105202,0.03340403363108635,0.0043546417728066444,2.0
261,0.0,0.0,0.0,,0.004444688092917204,0.03515518829226494,0.10040223598480225,0.00971490889787674,1.0
262,0.0,1.0,,,0.2013179063796997,0.13649602234363556,0.003958531189709902,0.009160656481981277,4.0
263,0.0,1.0,,,0.18179506063461304,0.9898641109466553,0.2873924970626831,0.009008579887449741,4.0
264,0.0,0.0,,,0.0023467906285077333,0.04091886058449745,0.045589033514261246,0.08953332901000977,3.0
265,0.0,0.0,,,0.0038294412661343813,0.024015679955482483,0.01062534935772419,0.01887625642120838,1.0
266,1.0,1.0,0.0,0.0,0.9536842703819275,0.9967875480651855,0.15335674583911896,0.04954090714454651,1.0
267,1.0,1.0,0.0,,0.47193050384521484,0.9846458435058594,0.20096240937709808,0.40047118067741394,3.0
268,1.0,1.0,0.0,,0.9905779361724854,0.48588964343070984,0.47384417057037354,0.02762725204229355,4.0
269,0.0,0.0,,,0.0012931791134178638,0.012765849940478802,0.00582158612087369,0.003751167794689536,2.0
270,1.0,1.0,,,0.9918064475059509,0.9895649552345276,0.01763555407524109,0.019428495317697525,1.0
271,0.0,0.0,0.0,0.0,0.002132331719622016,0.01644640602171421,0.0021595973521471024,0.008628316223621368,1.0
272,0.0,0.0,,,0.0027653442230075598,0.08512379229068756,0.042720161378383636,0.018798794597387314,1.0
273,1.0,1.0,,,0.9989627003669739,0.9990904331207275,0.5632320046424866,0.9542505145072937,1.0
274,1.0,1.0,0.0,,0.9600576758384705,0.9967120885848999,0.6978572010993958,0.4109501540660858,1.0
275,0.0,0.0,0.0,0.0,0.002839480061084032,0.029326433315873146,0.08210894465446472,0.0984332263469696,0.0
276,1.0,1.0,,,0.9944974184036255,0.9932807087898254,0.004698622971773148,0.01808258891105652,2.0
277,0.0,0.0,,,0.0022121001966297626,0.015435714274644852,0.06047021597623825,0.007402762770652771,1.0
278,0.0,0.0,,,0.0022224029526114464,0.020306363701820374,0.009637849405407906,0.010987700894474983,3.0
279,0.0,0.0,0.0,,0.07334278523921967,0.08853229880332947,0.025884553790092468,0.0076155164279043674,4.0
280,1.0,1.0,,,0.9939773678779602,0.9961510896682739,0.0765175148844719,0.03586462140083313,3.0
281,1.0,1.0,1.0,,0.9984670281410217,0.9972533583641052,0.33872100710868835,0.9759796261787415,0.0
282,0.0,0.0,0.0,,0.0026080026291310787,0.10727745294570923,0.002446909202262759,0.014869692735373974,0.0
283,0.0,0.0,0.0,,0.0018089830409735441,0.01720510795712471,0.0012138696620240808,0.011301116086542606,0.0
284,0.0,0.0,0.0,,0.001877455972135067,0.021105589345097542,0.0026014107279479504,0.21523743867874146,3.0
285,0.0,1.0,,,0.28399500250816345,0.12103258818387985,0.008193262852728367,0.006880135275423527,2.0
286,0.0,0.0,,,0.011345628648996353,0.302502304315567,0.11808071285486221,0.37492820620536804,2.0
287,0.0,0.0,,,0.003517432603985071,0.022253209725022316,0.0361052080988884,0.0092119500041008,1.0
288,0.0,0.0,,,0.001989765325561166,0.03209478780627251,0.010765185579657555,0.03294524550437927,2.0
289,1.0,1.0,,,0.9931519031524658,0.9970375895500183,0.02123367413878441,0.03498267009854317,0.0
290,0.0,0.0,,,0.002403070218861103,0.03680161386728287,0.09259258210659027,0.0078620295971632,0.0
291,1.0,1.0,,,0.9864777326583862,0.9957618117332458,0.09479072690010071,0.021354712545871735,2.0
292,0.0,0.0,0.0,,0.002230071695521474,0.016826678067445755,0.0074712783098220825,0.006286416202783585,1.0
293,1.0,1.0,0.0,,0.975562572479248,0.989806592464447,0.06709133088588715,0.009392567910254002,4.0
294,1.0,1.0,1.0,1.0,0.994583785533905,0.9982383847236633,0.21120528876781464,0.8305981159210205,1.0
295,0.0,0.0,0.0,,0.0020724469795823097,0.021997855976223946,0.0016307539772242308,0.00398947112262249,2.0
296,0.0,0.0,,,0.0021414002403616905,0.019334519281983376,0.014955847524106503,0.029493682086467743,1.0
297,1.0,1.0,,,0.9793621897697449,0.9906891584396362,0.5685969591140747,0.9047017693519592,0.0
298,0.0,0.0,,,0.0019457351882010698,0.025366395711898804,0.002134313341230154,0.010440422222018242,0.0
299,0.0,0.0,,,0.008007731288671494,0.024466071277856827,0.002303514862433076,0.016828503459692,0.0
300,0.0,0.0,,,0.003863201942294836,0.0854901373386383,0.0037680051755160093,0.010019618086516857,1.0
301,0.0,0.0,,,0.003100841073319316,0.031086133792996407,0.1627936214208603,0.010941119864583015,4.0
302,1.0,1.0,,,0.9835848212242126,0.9956610202789307,0.32934507727622986,0.625468909740448,3.0
303,0.0,0.0,0.0,,0.0015756093198433518,0.030573036521673203,0.004409519489854574,0.011412039399147034,0.0
304,1.0,1.0,1.0,,0.9992071390151978,0.9947502017021179,0.5737740993499756,0.893591046333313,4.0
305,0.0,0.0,1.0,1.0,0.00779144000262022,0.2499392032623291,0.039298031479120255,0.7225437164306641,1.0
306,1.0,1.0,,,0.9952733516693115,0.9978874921798706,0.10528570413589478,0.0258929505944252,0.0
307,1.0,1.0,,,0.9930593371391296,0.9962844252586365,0.4382845163345337,0.0503372922539711,0.0
308,1.0,1.0,,,0.9947726130485535,0.9976024031639099,0.4882971942424774,0.12325053662061691,1.0
309,1.0,1.0,1.0,,0.998512864112854,0.9954906105995178,0.4127393960952759,0.9638983011245728,2.0
310,1.0,1.0,0.0,,0.9992607235908508,0.9989311695098877,0.9160245060920715,0.09375126659870148,1.0
311,0.0,0.0,0.0,,0.03682548925280571,0.6365153789520264,0.019224289804697037,0.030743028968572617,2.0
312,0.0,0.0,,,0.0015357789816334844,0.03512127324938774,0.0031958601903170347,0.015441392548382282,2.0
313,0.0,0.0,0.0,,0.0025341766886413097,0.02146386355161667,0.013268202543258667,0.018663913011550903,4.0
314,0.0,1.0,0.0,,0.40513721108436584,0.9937708377838135,0.41886067390441895,0.05686432123184204,2.0
315,1.0,1.0,0.0,,0.6344128847122192,0.5695140957832336,0.01497699599713087,0.0811975747346878,1.0
316,1.0,1.0,,,0.9894211292266846,0.9869194030761719,0.03145873174071312,0.027843184769153595,1.0
317,0.0,0.0,0.0,,0.0031469298992305994,0.044807128608226776,0.19316545128822327,0.006166126113384962,4.0
318,0.0,0.0,,,0.0024479632265865803,0.027426397427916527,0.0013902198988944292,0.009283561259508133,1.0
319,1.0,1.0,0.0,,0.9955201745033264,0.9943164587020874,0.017443399876356125,0.04560333117842674,2.0
320,0.0,1.0,,,0.4185422956943512,0.9835916757583618,0.46812522411346436,0.009790362790226936,4.0
321,1.0,1.0,1.0,1.0,0.9924175143241882,0.9985655546188354,0.5376392602920532,0.8968070149421692,0.0
322,0.0,0.0,0.0,,0.0030680466443300247,0.10164619237184525,0.001829995191656053,0.0208294540643692,1.0
323,1.0,1.0,1.0,1.0,0.7101777791976929,0.9958803057670593,0.6008582711219788,0.9180522561073303,2.0
324,0.0,0.0,0.0,,0.0016130519798025489,0.028004707768559456,0.007210621610283852,0.01268189586699009,0.0
325,1.0,1.0,1.0,1.0,0.899667501449585,0.9784494638442993,0.036867186427116394,0.8954163193702698,2.0
326,0.0,0.0,0.0,,0.01318201795220375,0.7889510989189148,0.20923176407814026,0.04016291722655296,2.0
327,0.0,1.0,,,0.07671085745096207,0.9746604561805725,0.7300423383712769,0.8713975548744202,2.0
328,0.0,0.0,0.0,,0.012991731986403465,0.144407719373703,0.05256635323166847,0.003981320653110743,2.0
329,0.0,0.0,,,0.0016506077954545617,0.024035608395934105,0.02288949489593506,0.07799497991800308,2.0
330,1.0,1.0,,,0.999704897403717,0.9995598196983337,0.8605732917785645,0.8327240943908691,4.0
331,0.0,0.0,0.0,,0.0038539685774594545,0.08681076765060425,0.03014146350324154,0.00814462173730135,1.0
332,0.0,0.0,,,0.0015372474445030093,0.02084890753030777,0.006158656906336546,0.07321082800626755,0.0
333,0.0,0.0,,,0.005613099317997694,0.018625468015670776,0.0029178226832300425,0.004859576001763344,2.0
334,0.0,0.0,0.0,,0.007324347738176584,0.02725137770175934,0.0022818222641944885,0.023223742842674255,1.0
335,1.0,1.0,,,0.9993909597396851,0.9998092651367188,0.7120400667190552,0.7200944423675537,3.0
336,0.0,1.0,,,0.36561498045921326,0.9967194199562073,0.7957375645637512,0.695125162601471,3.0
337,0.0,0.0,,,0.0016779390862211585,0.022361645475029945,0.00912567414343357,0.00502732302993536,4.0
338,1.0,1.0,,,0.9944683313369751,0.994853138923645,0.006247394718229771,0.013881294056773186,3.0
339,0.0,0.0,,,0.003908913116902113,0.022087382152676582,0.0020871320739388466,0.033095963299274445,1.0
340,1.0,1.0,1.0,,0.9963909387588501,0.9997866153717041,0.8578100800514221,0.8507336378097534,4.0
341,0.0,1.0,0.0,,0.993628978729248,0.9926689863204956,0.023283138871192932,0.06543799489736557,2.0
342,1.0,1.0,,,0.9859840869903564,0.993544340133667,0.05536866560578346,0.019930319860577583,0.0
343,0.0,0.0,,,0.002143475227057934,0.014879381284117699,0.004565160255879164,0.007875359617173672,1.0
344,1.0,1.0,,,0.9926877021789551,0.9887928366661072,0.028238145634531975,0.02193385362625122,1.0
345,1.0,1.0,0.0,,0.9923584461212158,0.9967746734619141,0.006913613993674517,0.043595317751169205,3.0
346,1.0,1.0,1.0,1.0,0.9384555220603943,0.9855919480323792,0.10219931602478027,0.9304596781730652,2.0
347,1.0,,,,0.9763892292976379,0.9816374778747559,0.06118354573845863,0.9566841125488281,3.0
348,0.0,0.0,,,0.004572385456413031,0.0169974435120821,0.008906926959753036,0.012593240477144718,1.0
349,0.0,1.0,,,0.3327428102493286,0.0904679149389267,0.20993269979953766,0.01541920006275177,3.0
350,1.0,1.0,0.0,,0.6936312317848206,0.5227630734443665,0.0012680586660280824,0.028371606022119522,0.0
351,1.0,1.0,1.0,1.0,0.9979725480079651,0.9956855177879333,0.6803689002990723,0.976560652256012,0.0
352,0.0,0.0,,,0.0031305975280702114,0.029878295958042145,0.06279440969228745,0.027368519455194473,1.0
353,1.0,1.0,0.0,0.0,0.9956531524658203,0.9982245564460754,0.07606568932533264,0.11674622446298599,0.0
354,0.0,0.0,0.0,0.0,0.002381222788244486,0.03147668391466141,0.0009958301670849323,0.010492932982742786,0.0
355,0.0,1.0,,,0.516437828540802,0.18451029062271118,0.35710424184799194,0.18692205846309662,2.0
356,0.0,0.0,,,0.015278305858373642,0.14962007105350494,0.01649818941950798,0.011333787813782692,4.0
357,0.0,0.0,0.0,,0.0017322826897725463,0.033954113721847534,0.03803853690624237,0.011534295976161957,3.0
358,1.0,1.0,1.0,,0.9993264079093933,0.9998903870582581,0.9712612628936768,0.7146316766738892,1.0
359,0.0,0.0,,,0.013122020289301872,0.11084351688623428,0.005307413637638092,0.012611983343958855,3.0
360,1.0,1.0,0.0,,0.990276038646698,0.952985405921936,0.28176677227020264,0.9393391013145447,0.0
361,0.0,1.0,0.0,,0.23428252339363098,0.8716548681259155,0.25526463985443115,0.425886869430542,1.0
362,0.0,1.0,0.0,,0.12449008226394653,0.9765335917472839,0.1806977242231369,0.15308384597301483,2.0
363,1.0,1.0,1.0,,0.9907570481300354,0.9967090487480164,0.41368168592453003,0.8928806185722351,1.0
364,1.0,1.0,1.0,,0.9831632971763611,0.989071786403656,0.7159005403518677,0.9631500244140625,2.0
365,0.0,0.0,,,0.04719420522451401,0.48160091042518616,0.45431333780288696,0.051661912351846695,1.0
366,1.0,1.0,,,0.8719081282615662,0.9789019227027893,0.0036121367011219263,0.07911764085292816,0.0
367,0.0,0.0,0.0,,0.002120080403983593,0.019105780869722366,0.002877778373658657,0.01399928331375122,0.0
368,0.0,0.0,,,0.0028724682051688433,0.03429977968335152,0.05705850571393967,0.010844264179468155,0.0
369,0.0,0.0,0.0,0.0,0.022273695096373558,0.19912728667259216,0.0949370265007019,0.00460455846041441,4.0
370,1.0,1.0,,,0.9927634000778198,0.9922613501548767,0.006848263554275036,0.018502797931432724,2.0
371,1.0,1.0,,,0.8191988468170166,0.9899048805236816,0.2365654855966568,0.031631775200366974,1.0
372,1.0,1.0,,,0.9911389350891113,0.9969422221183777,0.0580160990357399,0.2956336736679077,3.0
373,0.0,0.0,,,0.002556722378358245,0.01995466835796833,0.0018966972129419446,0.008035901933908463,3.0
374,0.0,0.0,,,0.0034825473558157682,0.060561273247003555,0.007637024857103825,0.01366428006440401,0.0
375,0.0,0.0,0.0,,0.004203595221042633,0.06851901113986969,0.04421630874276161,0.011575200594961643,2.0
376,0.0,0.0,0.0,0.0,0.0020095794461667538,0.015590278431773186,0.011476529762148857,0.007543229032307863,1.0
377,0.0,1.0,1.0,1.0,0.07396277040243149,0.9897935390472412,0.8004222512245178,0.8880522847175598,2.0
378,1.0,1.0,,,0.9867814779281616,0.9775017499923706,0.037360936403274536,0.00601166533306241,4.0
379,1.0,1.0,,,0.9979649782180786,0.9943346381187439,0.0634014904499054,0.9556757211685181,4.0
380,0.0,0.0,,,0.002857804298400879,0.01612044684588909,0.11553151160478592,0.008192433044314384,1.0
381,1.0,1.0,1.0,,0.9941324591636658,0.998260498046875,0.011526414193212986,0.7656392455101013,1.0
382,0.0,0.0,,,0.0028089017141610384,0.12729287147521973,0.010819416493177414,0.01404460147023201,1.0
383,1.0,1.0,0.0,,0.5657609105110168,0.6693233251571655,0.0741482749581337,0.06350907683372498,0.0
384,0.0,0.0,,,0.003701667068526149,0.14416421949863434,0.008839992806315422,0.009306097403168678,3.0
385,0.0,0.0,,,0.002217722125351429,0.022004982456564903,0.0340738445520401,0.0900733545422554,2.0
386,0.0,0.0,0.0,,0.003414771519601345,0.030427152290940285,0.1564468890428543,0.010574588552117348,3.0
387,1.0,1.0,,,0.9993270039558411,0.9989809393882751,0.017010467126965523,0.9735018014907837,1.0
388,,0.0,,,0.0019102166406810284,0.018002429977059364,0.003566895378753543,0.007521960884332657,3.0
389,0.0,0.0,,,0.0023869655560702085,0.026803476735949516,0.00553445890545845,0.008038805797696114,3.0
390,0.0,1.0,,,0.7793948650360107,0.9505805373191833,0.06069318577647209,0.10378176718950272,2.0
391,1.0,1.0,0.0,,0.9937407374382019,0.9980970025062561,0.007153448183089495,0.007642058189958334,4.0
392,1.0,1.0,,,0.9975372552871704,0.9940604567527771,0.33228006958961487,0.06301426142454147,4.0
393,1.0,1.0,,,0.9896441698074341,0.9998344779014587,0.6537768840789795,0.5454463958740234,1.0
394,1.0,1.0,,,0.7592870593070984,0.6055469512939453,0.5269799828529358,0.9615822434425354,1.0
395,1.0,1.0,,,0.9980476498603821,0.998790979385376,0.563545286655426,0.9062083959579468,3.0
396,0.0,1.0,,,0.21135997772216797,0.04304191470146179,0.0018680375069379807,0.013448087498545647,3.0
397,1.0,1.0,,,0.9985513091087341,0.9996445178985596,0.689172625541687,0.8936805725097656,4.0
398,0.0,0.0,0.0,,0.002497271401807666,0.028974927961826324,0.0027361921966075897,0.008292479440569878,1.0
399,0.0,0.0,,,0.006436468102037907,0.041199009865522385,0.010369672439992428,0.015944063663482666,4.0
400,1.0,1.0,,,0.9971323013305664,0.9966136813163757,0.024866512045264244,0.9481667876243591,4.0
401,1.0,1.0,1.0,,0.9987293481826782,0.9995346069335938,0.20105978846549988,0.983997106552124,2.0
402,0.0,0.0,,,0.005189503543078899,0.06291165202856064,0.07938491553068161,0.07548585534095764,0.0
403,,1.0,,,0.3296269476413727,0.18980294466018677,0.004792931489646435,0.00809556059539318,4.0
404,0.0,1.0,,,0.43086832761764526,0.13401837646961212,0.0028914904687553644,0.016810540109872818,3.0
405,1.0,1.0,1.0,,0.9992190599441528,0.9951462745666504,0.8061733841896057,0.993714451789856,2.0
406,1.0,1.0,1.0,1.0,0.9897875189781189,0.9910986423492432,0.7247616052627563,0.898414134979248,0.0
407,0.0,0.0,,,0.0013578110374510288,0.020406009629368782,0.004947967827320099,0.0039027780294418335,4.0
408,0.0,0.0,,,0.00670675840228796,0.13757114112377167,0.0060049667954444885,0.08303792774677277,0.0
409,1.0,1.0,,,0.29083332419395447,0.9995427131652832,0.8130359053611755,0.6803738474845886,1.0
410,0.0,0.0,0.0,0.0,0.005186974070966244,0.04010869190096855,0.05896104872226715,0.07860218733549118,0.0
411,0.0,0.0,0.0,,0.002738848328590393,0.016537785530090332,0.010813497006893158,0.014911077916622162,1.0
412,1.0,1.0,1.0,,0.9957480430603027,0.9990229606628418,0.7237210869789124,0.9446045756340027,3.0
413,1.0,1.0,0.0,,0.6240826845169067,0.5883726477622986,0.02033163607120514,0.035808954387903214,1.0
414,0.0,0.0,0.0,,0.0015447165351361036,0.022358153015375137,0.004424868151545525,0.01206331979483366,0.0
415,1.0,1.0,0.0,,0.9937553405761719,0.9985325932502747,0.48190051317214966,0.08712448924779892,1.0
416,0.0,0.0,,,0.0025273989886045456,0.01810719445347786,0.014276035130023956,0.01041977945715189,0.0
417,0.0,1.0,1.0,,0.30496498942375183,0.9970957040786743,0.935543954372406,0.6702749729156494,3.0
418,1.0,1.0,,,0.9837275743484497,0.8407617211341858,0.18659499287605286,0.012259140610694885,4.0
419,1.0,1.0,,,0.996394157409668,0.9968934059143066,0.011070150882005692,0.017903950065374374,2.0
420,0.0,0.0,,,0.12200691550970078,0.9833901524543762,0.0921345204114914,0.37098056077957153,0.0
421,1.0,1.0,,,0.9977531433105469,0.9995532631874084,0.6702220439910889,0.9106607437133789,2.0
422,,0.0,,,0.0014729478862136602,0.02055952325463295,0.0022393325343728065,0.008133037015795708,0.0
423,1.0,1.0,,,0.9940081238746643,0.999864935874939,0.63381427526474,0.8525494337081909,0.0
424,1.0,1.0,,,0.9112693071365356,0.9059733748435974,0.03957400843501091,0.11480804532766342,2.0
425,1.0,1.0,1.0,,0.9950310587882996,0.9998975396156311,0.9873931407928467,0.6561964750289917,1.0
426,0.0,0.0,0.0,,0.0014228882500901818,0.021133357658982277,0.007035406306385994,0.013461463153362274,0.0
427,1.0,1.0,0.0,,0.9920783042907715,0.9908700585365295,0.15222497284412384,0.04434819146990776,1.0
428,0.0,0.0,0.0,,0.0010171937756240368,0.015046622604131699,0.002773563377559185,0.004271251615136862,2.0
429,0.0,0.0,,,0.002104756888002157,0.017739394679665565,0.06051265448331833,0.024892520159482956,1.0
430,0.0,0.0,,,0.005948720499873161,0.04363312944769859,0.04813483729958534,0.10514134168624878,0.0
431,1.0,1.0,1.0,1.0,0.989797055721283,0.999680757522583,0.8200894594192505,0.817826509475708,4.0
432,1.0,1.0,,,0.9283082485198975,0.9989055395126343,0.6160396337509155,0.8913528919219971,0.0
433,0.0,0.0,,,0.00260249269194901,0.020481830462813377,0.0035974415950477123,0.0140769612044096,0.0
434,0.0,0.0,,,0.0019224995048716664,0.20119580626487732,0.0030148213263601065,0.021089980378746986,3.0
435,0.0,0.0,,,0.0016686605522409081,0.020098071545362473,0.003957113716751337,0.008704513311386108,0.0
436,0.0,1.0,,,0.378948837518692,0.028536127880215645,0.014438009820878506,0.02066805213689804,1.0
437,1.0,1.0,0.0,,0.9790413975715637,0.9963653683662415,0.46864786744117737,0.6349897980690002,3.0
438,1.0,1.0,0.0,,0.9273138642311096,0.8221294283866882,0.06543172150850296,0.4224586486816406,0.0
439,0.0,0.0,0.0,,0.011184373870491982,0.023522041738033295,0.038304898887872696,0.015119441784918308,1.0
440,1.0,1.0,0.0,0.0,0.9519945979118347,0.9939004182815552,0.14739616215229034,0.027097050100564957,0.0
441,0.0,0.0,0.0,,0.0017559234984219074,0.01616806350648403,0.0015476838452741504,0.008379016071557999,3.0
442,1.0,1.0,0.0,,0.709000825881958,0.5086122751235962,0.4482352137565613,0.03643535077571869,2.0
443,0.0,0.0,,,0.0062812999822199345,0.03915789723396301,0.10593847930431366,0.008649769239127636,4.0
444,0.0,0.0,,,0.0016496269963681698,0.020271969959139824,0.006880476605147123,0.010048776865005493,3.0
445,0.0,0.0,,,0.00250686495564878,0.02557460591197014,0.0033974414691329002,0.033059559762477875,0.0
446,1.0,1.0,,,0.9928996562957764,0.9963070154190063,0.009062257595360279,0.014850353822112083,3.0
447,1.0,1.0,,,0.9991797208786011,0.9981053471565247,0.49904412031173706,0.04846024885773659,1.0
448,1.0,0.0,0.0,,0.09385787695646286,0.9968384504318237,0.18870140612125397,0.014011395163834095,3.0
449,0.0,0.0,0.0,,0.0018270547734573483,0.014831606298685074,0.002952998038381338,0.008934835903346539,3.0
450,1.0,1.0,1.0,1.0,0.995695173740387,0.9988680481910706,0.581262469291687,0.9047510027885437,1.0
451,0.0,1.0,0.0,,0.7932959794998169,0.6895325779914856,0.01869557425379753,0.03870544582605362,2.0
452,0.0,0.0,,,0.0035228405613452196,0.025034835562109947,0.038916077464818954,0.011207045055925846,4.0
453,1.0,1.0,0.0,,0.7132019400596619,0.6390255093574524,0.011191220954060555,0.03508814051747322,1.0
454,0.0,1.0,0.0,,0.9129743576049805,0.6003543734550476,0.006986458320170641,0.010483959689736366,3.0
455,1.0,1.0,0.0,1.0,0.9994837045669556,0.9993566870689392,0.07547996938228607,0.9481850862503052,4.0
456,1.0,1.0,1.0,,0.9974231123924255,0.9988900423049927,0.41843414306640625,0.9411150217056274,3.0
457,1.0,1.0,0.0,,0.9880560636520386,0.9985160231590271,0.0013729793718084693,0.03993723914027214,0.0
458,1.0,1.0,,,0.9900305867195129,0.9882535338401794,0.031033415347337723,0.025487709790468216,1.0
459,0.0,0.0,,,0.0040725707076489925,0.022447185590863228,0.0056324973702430725,0.005099641624838114,4.0
460,0.0,0.0,,,0.016484875231981277,0.661190390586853,0.06689468771219254,0.008074676617980003,3.0
461,0.0,0.0,,,0.001697686268016696,0.02116543799638748,0.004009243566542864,0.015533224679529667,0.0
462,1.0,1.0,,,0.9032191038131714,0.7856648564338684,0.1916855275630951,0.037274088710546494,1.0
463,0.0,0.0,,,0.002459507202729583,0.05128498375415802,0.04259345307946205,0.0114460913464427,0.0
464,1.0,1.0,,,0.907274067401886,0.997393012046814,0.6805205345153809,0.8430624604225159,0.0
465,0.0,0.0,0.0,,0.0022043301723897457,0.015582384541630745,0.0026537347584962845,0.01910642720758915,1.0
466,0.0,0.0,0.0,,0.002813938772305846,0.02490188740193844,0.03211443871259689,0.008490934036672115,4.0
467,1.0,1.0,1.0,,0.9709174036979675,0.9901694059371948,0.00872048456221819,0.890951931476593,2.0
468,0.0,0.0,0.0,,0.003483811393380165,0.13493648171424866,0.05935322865843773,0.01619662530720234,2.0
469,1.0,1.0,1.0,,0.9993051886558533,0.9984166026115417,0.6944412589073181,0.9084018468856812,4.0
470,1.0,1.0,0.0,,0.9994363784790039,0.9958751201629639,0.5989398956298828,0.0198662169277668,4.0
471,0.0,0.0,0.0,,0.002192397601902485,0.01823703572154045,0.005261612590402365,0.007038538344204426,1.0
472,1.0,1.0,,,0.7000522017478943,0.6638345718383789,0.11505892872810364,0.057070471346378326,0.0
473,0.0,0.0,,,0.009695803746581078,0.05401574820280075,0.01945793442428112,0.02188156731426716,4.0
474,0.0,1.0,,,0.24884475767612457,0.9741018414497375,0.04670758545398712,0.03610730171203613,4.0
475,0.0,0.0,,,0.0018511785892769694,0.08692403137683868,0.0624987855553627,0.06758401542901993,3.0
476,1.0,1.0,0.0,,0.6911908388137817,0.9982776045799255,0.5445370078086853,0.02181934006512165,4.0
477,1.0,1.0,,,0.8297133445739746,0.6527066230773926,0.03874233737587929,0.18219706416130066,2.0
478,1.0,1.0,,,0.9905802607536316,0.9962586164474487,0.05720476061105728,0.13023968040943146,0.0
479,0.0,1.0,0.0,,0.4163065552711487,0.9698911905288696,0.6571714878082275,0.042979251593351364,0.0
480,0.0,0.0,,,0.002294266363605857,0.023741232231259346,0.0075557841919362545,0.0696185752749443,0.0
481,1.0,1.0,,,0.9086668491363525,0.8875492215156555,0.011452821083366871,0.018746735528111458,2.0
482,1.0,1.0,,,0.9948107600212097,0.9998809099197388,0.5873280167579651,0.8165614604949951,0.0
483,1.0,1.0,0.0,,0.9845946431159973,0.9932965040206909,0.2763769328594208,0.06964245438575745,1.0
484,0.0,1.0,,,0.4964272677898407,0.2652652859687805,0.02989579737186432,0.07286826521158218,2.0
485,1.0,1.0,1.0,,0.6046342253684998,0.9803298115730286,0.762249231338501,0.7196555137634277,0.0
486,1.0,1.0,0.0,,0.9780960083007812,0.9504381418228149,0.04805133119225502,0.9371845722198486,0.0
487,1.0,1.0,,,0.9823906421661377,0.9890862107276917,0.0017958285752683878,0.0061270324513316154,4.0
488,1.0,1.0,,,0.904861569404602,0.9993516802787781,0.8238171339035034,0.8277448415756226,4.0
489,1.0,1.0,0.0,,0.9980119466781616,0.9932835698127747,0.013915937393903732,0.9567526578903198,4.0
490,1.0,1.0,,,0.9991098642349243,0.9975422024726868,0.5092718601226807,0.9717490077018738,2.0
491,1.0,1.0,0.0,,0.3526342809200287,0.12748272716999054,0.11002035439014435,0.011912550777196884,3.0
492,1.0,1.0,1.0,,0.7901105880737305,0.994918704032898,0.4867044985294342,0.733784556388855,4.0
493,0.0,0.0,0.0,,0.0016947323456406593,0.01601729728281498,0.002993188565596938,0.004936113953590393,2.0
494,1.0,1.0,,,0.9894323945045471,0.973780632019043,0.005343874916434288,0.035909976810216904,1.0
495,0.0,0.0,0.0,,0.016950737684965134,0.024656130000948906,0.010020030662417412,0.04236545041203499,1.0
496,0.0,1.0,,,0.12457239627838135,0.7449407577514648,0.16610713303089142,0.04978608340024948,4.0
497,0.0,0.0,,,0.001930351834744215,0.02182634547352791,0.005215690936893225,0.004083974752575159,2.0
498,1.0,1.0,1.0,,0.9829733967781067,0.9996437430381775,0.8062168955802917,0.6589874625205994,3.0
499,0.0,0.0,0.0,0.0,0.003134422702714801,0.035497307777404785,0.24018947780132294,0.013308264315128326,3.0
500,0.0,1.0,,,0.990639328956604,0.987964928150177,0.032969072461128235,0.15888234972953796,2.0
501,0.0,0.0,0.0,0.0,0.0023401135113090277,0.026808056980371475,0.21632538735866547,0.011617378331720829,3.0
502,0.0,0.0,,,0.004599418956786394,0.02562323398888111,0.12808865308761597,0.009741058573126793,4.0
503,0.0,1.0,,,0.24803778529167175,0.9941132664680481,0.7970775961875916,0.7412099838256836,2.0
504,1.0,1.0,,,0.992340087890625,0.9929148554801941,0.01191007997840643,0.012823563069105148,3.0
505,1.0,1.0,,,0.8860116004943848,0.9868103861808777,0.18591418862342834,0.02388015016913414,1.0
506,1.0,1.0,1.0,,0.9986584186553955,0.9979076385498047,0.6512717008590698,0.9759291410446167,2.0
507,1.0,1.0,,,0.9796220660209656,0.9922992587089539,0.0010124603286385536,0.027474716305732727,0.0
508,0.0,0.0,,,0.002221299335360527,0.02465849183499813,0.0656169056892395,0.06883884966373444,0.0
509,0.0,1.0,,,0.27686595916748047,0.9950441718101501,0.8126222491264343,0.44783538579940796,1.0
510,0.0,0.0,0.0,0.0,0.026577936485409737,0.1124664843082428,0.004064715001732111,0.008001771755516529,3.0
511,0.0,1.0,1.0,,0.7833449840545654,0.9943766593933105,0.36966028809547424,0.8530718088150024,4.0
512,0.0,0.0,,,0.08042734861373901,0.07827698439359665,0.29916703701019287,0.011261820793151855,4.0
513,0.0,1.0,,,0.9564424753189087,0.9973841905593872,0.2227039635181427,0.19840335845947266,2.0
514,1.0,1.0,0.0,,0.9939230680465698,0.9928572177886963,0.0064777289517223835,0.13706976175308228,0.0
515,0.0,1.0,0.0,,0.497444212436676,0.9891587495803833,0.7528746128082275,0.20332196354866028,3.0
516,1.0,1.0,1.0,,0.9822343587875366,0.9998058676719666,0.8689876794815063,0.830985426902771,2.0
517,0.0,0.0,,,0.03944561257958412,0.29949113726615906,0.028414364904165268,0.008875608444213867,4.0
518,0.0,1.0,,,0.19252926111221313,0.6595838069915771,0.2594446837902069,0.3867110013961792,1.0
519,0.0,1.0,,,0.3962858021259308,0.9988127946853638,0.638648509979248,0.5709536671638489,1.0
520,1.0,1.0,,,0.9953446984291077,0.9935568571090698,0.009333282709121704,0.04817170277237892,2.0
521,1.0,1.0,,,0.8970633745193481,0.8578895330429077,0.8501617908477783,0.9275890588760376,4.0
522,,0.0,,,0.002466419246047735,0.021167919039726257,0.011654522269964218,0.010392287746071815,0.0
523,1.0,1.0,,,0.9975860118865967,0.9998127818107605,0.7476801872253418,0.7029504776000977,3.0
524,0.0,0.0,0.0,,0.001740342820994556,0.060138627886772156,0.006709049455821514,0.004364596679806709,4.0
525,1.0,1.0,0.0,,0.9952279329299927,0.9960146546363831,0.02366534061729908,0.01077420637011528,3.0
526,0.0,0.0,0.0,,0.002749779960140586,0.0203934945166111,0.001806584419682622,0.007825838401913643,1.0
527,0.0,0.0,,,0.002013743855059147,0.031824491918087006,0.011605069041252136,0.015377060510218143,0.0
528,0.0,0.0,,,0.0019460543990135193,0.024949250742793083,0.005719895474612713,0.01396847702562809,0.0
529,1.0,1.0,1.0,,0.9520809054374695,0.9996639490127563,0.6012826561927795,0.8706281185150146,0.0
530,1.0,1.0,0.0,,0.9989547729492188,0.9992582201957703,0.18956832587718964,0.9671435356140137,0.0
531,0.0,0.0,0.0,,0.0015609503025189042,0.01901453733444214,0.0008887835429050028,0.004521224647760391,2.0
532,0.0,0.0,0.0,,0.00155408785212785,0.019111789762973785,0.003912315703928471,0.00976331252604723,0.0
533,0.0,0.0,0.0,,0.0021083548199385405,0.0168905109167099,0.0012865259777754545,0.00837897602468729,3.0
534,0.0,0.0,0.0,0.0,0.005588078871369362,0.020400388166308403,0.04734259471297264,0.009163105860352516,1.0
535,0.0,0.0,0.0,,0.00477449269965291,0.018259277567267418,0.015416345559060574,0.01047012023627758,1.0
536,0.0,1.0,1.0,0.0,0.38884782791137695,0.988656222820282,0.8044575452804565,0.7259907722473145,2.0
537,1.0,1.0,0.0,,0.9924836754798889,0.9959439039230347,0.011701714247465134,0.00599263608455658,4.0
538,1.0,1.0,,,0.9915509819984436,0.993648886680603,0.045568715780973434,0.0731324777007103,1.0
539,0.0,0.0,,,0.004549140576273203,0.039526090025901794,0.006948108784854412,0.0089341439306736,3.0
540,0.0,0.0,,,0.00974343717098236,0.9926085472106934,0.8517996668815613,0.8086131811141968,4.0
541,1.0,1.0,,,0.8157356977462769,0.9868348836898804,0.00847595278173685,0.015085958875715733,3.0
542,1.0,1.0,0.0,,0.7065176367759705,0.8823779821395874,0.5343072414398193,0.22192434966564178,2.0
543,1.0,1.0,0.0,,0.9946060180664062,0.9916192293167114,0.2750770151615143,0.042350634932518005,0.0
544,0.0,1.0,1.0,,0.4212936758995056,0.9988929033279419,0.9910793304443359,0.9498159885406494,0.0
545,0.0,0.0,,,0.0023099733516573906,0.020229602232575417,0.0017489611636847258,0.0076856003142893314,3.0
546,0.0,0.0,,,0.00292751332744956,0.10412552952766418,0.0034684520214796066,0.005509914830327034,4.0
547,1.0,1.0,,,0.9373499751091003,0.9733661413192749,0.04453330859541893,0.1522507667541504,2.0
548,0.0,0.0,0.0,,0.0017994854133576155,0.019793063402175903,0.00205189548432827,0.008498662151396275,0.0
549,1.0,1.0,,,0.999143660068512,0.9982901811599731,0.6746453046798706,0.9783719182014465,2.0
550,0.0,0.0,,,0.004571389406919479,0.030359145253896713,0.0017239843728020787,0.00556205864995718,4.0
551,0.0,0.0,,,0.0017074263887479901,0.033173199743032455,0.009805441834032536,0.005174385383725166,2.0
552,0.0,1.0,0.0,,0.0981849804520607,0.9735898971557617,0.3775928020477295,0.4138079583644867,0.0
553,1.0,1.0,0.0,,0.984695315361023,0.985420823097229,0.004592671059072018,0.02289455011487007,2.0
554,0.0,0.0,,,0.0015691133448854089,0.02222716622054577,0.001247732201591134,0.011509154923260212,0.0
555,1.0,1.0,,,0.3701413571834564,0.9979255199432373,0.17982298135757446,0.47371143102645874,0.0
556,0.0,0.0,,,0.002823961665853858,0.02011306956410408,0.006943957880139351,0.008911797776818275,1.0
557,1.0,1.0,,,0.9693300127983093,0.38297998905181885,0.1836794912815094,0.023276427760720253,2.0
558,1.0,1.0,,,0.9948816299438477,0.9998490810394287,0.9384501576423645,0.850828230381012,2.0
559,0.0,0.0,,,0.004774795845150948,0.0379134938120842,0.0037809230852872133,0.008761311881244183,4.0
560,0.0,0.0,,,0.0071260686963796616,0.10929206758737564,0.004765914287418127,0.004934128373861313,2.0
561,0.0,0.0,,,0.0044389450922608376,0.017497558146715164,0.002181269461289048,0.03523821756243706,1.0
562,0.0,0.0,0.0,,0.04293394833803177,0.42364129424095154,0.018497284501791,0.005866458639502525,4.0
563,0.0,0.0,0.0,,0.009833335876464844,0.14327213168144226,0.2752390503883362,0.058191388845443726,4.0
564,0.0,0.0,0.0,,0.0018467269837856293,0.029468055814504623,0.003779316321015358,0.013555441983044147,0.0
565,1.0,1.0,,,0.806747317314148,0.9891597032546997,0.26263901591300964,0.015276918187737465,4.0
566,1.0,1.0,0.0,,0.9616103172302246,0.9973255395889282,0.24322578310966492,0.5566034913063049,2.0
567,0.0,0.0,0.0,,0.0026092566549777985,0.02043280191719532,0.014360297471284866,0.008341713808476925,1.0
568,0.0,0.0,,,0.005775649566203356,0.023913448676466942,0.024002986028790474,0.00905726756900549,3.0
569,1.0,1.0,0.0,,0.9886988997459412,0.9895221590995789,0.013315055519342422,0.006128308828920126,4.0
570,0.0,0.0,0.0,,0.0027025623712688684,0.07938355207443237,0.09490704536437988,0.008877430111169815,1.0
571,0.0,0.0,,,0.034781090915203094,0.6492424607276917,0.05290990322828293,0.03955885022878647,1.0
572,1.0,1.0,1.0,,0.9974016547203064,0.9992653727531433,0.9144679307937622,0.9773769378662109,1.0
573,1.0,1.0,1.0,1.0,0.9959709048271179,0.9982705116271973,0.3448604941368103,0.9252176880836487,2.0
574,1.0,1.0,,,0.9751720428466797,0.9957759976387024,0.16796284914016724,0.017834795638918877,4.0
575,0.0,0.0,,,0.01921086199581623,0.0801703929901123,0.019521044567227364,0.019919903948903084,2.0
576,1.0,1.0,,,0.9924712181091309,0.990203857421875,0.002678392920643091,0.020166119560599327,1.0
577,0.0,0.0,0.0,,0.0029842883814126253,0.07401052862405777,0.2746834456920624,0.03784343972802162,3.0
578,0.0,0.0,0.0,0.0,0.0010542261879891157,0.01528405211865902,0.010933224111795425,0.003794509917497635,2.0
579,1.0,1.0,,,0.9850928783416748,0.9979639053344727,0.7115430235862732,0.953123152256012,1.0
580,0.0,0.0,,,0.004556622356176376,0.01726006716489792,0.0162512194365263,0.01402087602764368,4.0
581,1.0,1.0,,,0.9964619874954224,0.9914823770523071,0.26078319549560547,0.022484086453914642,0.0
582,0.0,0.0,,,0.0025118114426732063,0.21320973336696625,0.009315915405750275,0.014171012677252293,1.0
583,0.0,1.0,,,0.25233322381973267,0.9965710639953613,0.6043373346328735,0.5863679647445679,1.0
584,0.0,0.0,0.0,0.0,0.00694249477237463,0.02961815521121025,0.013916879892349243,0.01243201456964016,1.0
585,1.0,1.0,1.0,1.0,0.3336183726787567,0.9956254363059998,0.8693616390228271,0.6250858902931213,1.0
586,1.0,1.0,,,0.991946816444397,0.9939067959785461,0.4069628417491913,0.017688628286123276,4.0
587,0.0,0.0,0.0,,0.002338360296562314,0.02015705592930317,0.006448687054216862,0.009121483191847801,3.0
588,1.0,1.0,,,0.9988160133361816,0.9972692728042603,0.7775143980979919,0.9303020238876343,1.0
589,0.0,0.0,,,0.008165229111909866,0.0667114406824112,0.052402060478925705,0.0054104747250676155,2.0
590,0.0,0.0,,,0.002172475913539529,0.018977034837007523,0.007990891113877296,0.007707673124969006,1.0
591,0.0,0.0,0.0,,0.0027859664987772703,0.019060971215367317,0.004502380266785622,0.006824115756899118,1.0
592,0.0,0.0,0.0,,0.0015890514478087425,0.03185829520225525,0.005506895016878843,0.01605026237666607,2.0
593,1.0,1.0,,,0.7742183208465576,0.9958159327507019,0.7477675676345825,0.5764536261558533,1.0
594,0.0,1.0,,,0.8657885193824768,0.6515414714813232,0.05984767898917198,0.2341134250164032,2.0
595,0.0,0.0,0.0,,0.004912419244647026,0.2533690631389618,0.03924975171685219,0.035165589302778244,3.0
596,1.0,1.0,,,0.805476188659668,0.975544810295105,0.32681021094322205,0.3341234028339386,1.0
597,,0.0,,,0.0012456977274268866,0.014579436741769314,0.002769904211163521,0.005048281513154507,2.0
598,1.0,1.0,,,0.564071536064148,0.9599289298057556,0.23255668580532074,0.21440167725086212,2.0
599,0.0,0.0,,,0.0024538408033549786,0.01889590173959732,0.005586770363152027,0.010567555204033852,1.0
600,1.0,1.0,,,0.9234870672225952,0.953519880771637,0.02325739711523056,0.007294545881450176,4.0
601,1.0,1.0,,,0.8763379454612732,0.1535218358039856,0.13463568687438965,0.0371035560965538,1.0
602,0.0,0.0,,,0.0032976928632706404,0.023063726723194122,0.009548070840537548,0.014205651357769966,0.0
603,0.0,1.0,,,0.27411532402038574,0.1312563121318817,0.0018271210137754679,0.018414119258522987,3.0
604,1.0,1.0,0.0,,0.9940323233604431,0.9946315884590149,0.013085867278277874,0.014252681285142899,3.0
605,0.0,1.0,0.0,,0.18243426084518433,0.019826918840408325,0.012740001082420349,0.01940734311938286,1.0
606,0.0,0.0,0.0,,0.003423793474212289,0.024127360433340073,0.002425106940791011,0.006270661950111389,4.0
607,1.0,1.0,1.0,1.0,0.3156197965145111,0.996557891368866,0.9056949019432068,0.6114079356193542,1.0
608,0.0,0.0,,,0.0018110156524926424,0.018102943897247314,0.001922779600135982,0.005604259204119444,4.0
609,0.0,0.0,,,0.0015638404292985797,0.01545771025121212,0.0019561355002224445,0.003903390606865287,2.0
610,0.0,0.0,,,0.004377708304673433,0.12627249956130981,0.0066758436150848866,0.05582926422357559,0.0
611,1.0,1.0,,,0.9569628238677979,0.9999458193778992,0.8320078253746033,0.6635846495628357,1.0
612,0.0,0.0,0.0,,0.0035734330303967,0.026364311575889587,0.02312813699245453,0.006574084050953388,4.0
613,0.0,0.0,0.0,,0.011022443883121014,0.04982966557145119,0.0015807651216164231,0.07144828140735626,0.0
614,0.0,0.0,0.0,,0.0028075280133634806,0.02831987664103508,0.06183317303657532,0.02328675612807274,1.0
615,0.0,0.0,,,0.0014111233176663518,0.022986887022852898,0.0013988572172820568,0.00391503656283021,2.0
616,1.0,1.0,,,0.5582054257392883,0.9796990156173706,0.394681841135025,0.39368024468421936,3.0
617,,1.0,,,0.9990529417991638,0.9993736147880554,0.7199811935424805,0.9329754710197449,0.0
618,0.0,0.0,,,0.0017830105498433113,0.01953786052763462,0.0006341453990899026,0.009435034357011318,0.0
619,0.0,0.0,,,0.0023685006890445948,0.016340771690011024,0.0019661234691739082,0.008393525145947933,1.0
620,1.0,1.0,1.0,,0.9844648838043213,0.999131441116333,0.9845268130302429,0.777725338935852,0.0
621,0.0,0.0,,,0.002307287883013487,0.01844404637813568,0.04732533544301987,0.027752798050642014,1.0
622,0.0,0.0,,,0.0018587377853691578,0.03731635957956314,0.06840837746858597,0.004382855258882046,2.0
623,1.0,1.0,0.0,,0.7047562599182129,0.6750754117965698,0.15713104605674744,0.007605577819049358,4.0
624,0.0,1.0,1.0,,0.18762549757957458,0.9810932874679565,0.6177411675453186,0.9082013964653015,3.0
625,1.0,1.0,,,0.9940453767776489,0.9998633861541748,0.9595950841903687,0.8302532434463501,4.0
626,0.0,0.0,,,0.0016821140889078379,0.01997896283864975,0.010191088542342186,0.006774634122848511,2.0
627,1.0,1.0,,,0.9938083291053772,0.9905456304550171,0.009564203210175037,0.14367319643497467,4.0
628,1.0,1.0,,,0.9200571775436401,0.9920649528503418,0.03551039099693298,0.11602906882762909,2.0
629,0.0,1.0,0.0,,0.9168274402618408,0.9878624081611633,0.11976500600576401,0.03260079026222229,0.0
630,0.0,0.0,0.0,,0.00283050280995667,0.0310384389013052,0.003276995150372386,0.02586834877729416,0.0
631,0.0,0.0,0.0,,0.0016547716222703457,0.023315783590078354,0.009168527089059353,0.004852490499615669,2.0
632,0.0,0.0,,,0.003394423285499215,0.022086404263973236,0.006513156928122044,0.011493789032101631,0.0
633,1.0,1.0,,,0.5635919570922852,0.9844610691070557,0.5204942226409912,0.8402354717254639,4.0
634,0.0,0.0,,,0.0028135112952440977,0.0216002706438303,0.0029224795289337635,0.008245513774454594,1.0
635,1.0,1.0,0.0,,0.978238582611084,0.999480128288269,0.6996521353721619,0.023529287427663803,4.0
636,1.0,1.0,1.0,,0.937083899974823,0.9995815753936768,0.5787054300308228,0.8084291219711304,0.0
637,1.0,1.0,1.0,1.0,0.9923840165138245,0.9995786547660828,0.893482506275177,0.9824119806289673,0.0
638,0.0,0.0,,,0.0015659922501072288,0.017589019611477852,0.00449697719886899,0.008664566092193127,3.0
639,0.0,0.0,0.0,,0.002317385282367468,0.12645143270492554,0.0017416082555428147,0.004790421575307846,4.0
640,1.0,1.0,0.0,,0.767562985420227,0.7171341180801392,0.0012921849265694618,0.00685890531167388,4.0
641,0.0,0.0,,,0.011216102167963982,0.033846475183963776,0.02983388863503933,0.09168309718370438,4.0
642,1.0,1.0,1.0,1.0,0.9934042096138,0.9935646057128906,0.7057355046272278,0.9763909578323364,0.0
643,0.0,0.0,,,0.006409418769180775,0.4717542827129364,0.06727932393550873,0.05599719285964966,0.0
644,0.0,0.0,,,0.0037620188668370247,0.023735016584396362,0.017667945474386215,0.00887519121170044,3.0
645,0.0,0.0,,,0.0028121015056967735,0.0161356870085001,0.002167079132050276,0.0035720490850508213,2.0
646,0.0,0.0,,,0.0020300683099776506,0.024677887558937073,0.1316254585981369,0.009425117634236813,4.0
647,0.0,0.0,,,0.005688147619366646,0.032097458839416504,0.19422860443592072,0.025379542261362076,1.0
648,0.0,1.0,1.0,,0.34326645731925964,0.9924556016921997,0.8914501070976257,0.8056431412696838,4.0
649,1.0,1.0,,,0.9924601316452026,0.9998584985733032,0.7457802295684814,0.813345730304718,0.0
650,0.0,0.0,,,0.005297590978443623,0.022186744958162308,0.005951295141130686,0.026181576773524284,1.0
651,0.0,0.0,,,0.002106709871441126,0.03645479306578636,0.004085218533873558,0.010291783139109612,0.0
652,0.0,0.0,,,0.0023378334008157253,0.019466208294034004,0.0013678879477083683,0.0076667373068630695,3.0
653,0.0,1.0,,,0.14684545993804932,0.9611532092094421,0.38886314630508423,0.008579607121646404,4.0
654,0.0,0.0,,,0.0035293069668114185,0.017732955515384674,0.01079645287245512,0.007486825808882713,1.0
655,0.0,0.0,0.0,,0.0019080911297351122,0.018097035586833954,0.004797539673745632,0.00538298487663269,4.0
656,0.0,0.0,,,0.002048284048214555,0.022696325555443764,0.01067348849028349,0.004034152254462242,4.0
657,0.0,0.0,,,0.0037613962776958942,0.03870058059692383,0.002030957257375121,0.008614564314484596,3.0
658,0.0,0.0,0.0,,0.0017874380573630333,0.019226539880037308,0.0181127842515707,0.0044088722206652164,4.0
659,0.0,1.0,0.0,,0.22417119145393372,0.925497829914093,0.7579152584075928,0.1072821319103241,4.0
660,0.0,0.0,,,0.001850769156590104,0.06765314191579819,0.098312608897686,0.07850886136293411,2.0
661,0.0,0.0,,,0.0016049311961978674,0.015240682289004326,0.0057625537738204,0.0042838361114263535,2.0
662,1.0,1.0,,,0.9385311603546143,0.8972989320755005,0.0034683889243751764,0.013816763646900654,3.0
663,0.0,0.0,,,0.0038667432963848114,0.02010233700275421,0.0037845848128199577,0.010713605210185051,4.0
664,0.0,1.0,,,0.15936239063739777,0.9237693548202515,0.31808924674987793,0.02549641579389572,2.0
665,0.0,0.0,,,0.0011737179011106491,0.013152223080396652,0.005667775869369507,0.0065740556456148624,2.0
666,1.0,1.0,0.0,,0.994259238243103,0.9941892623901367,0.013255128636956215,0.019870242103934288,3.0
667,0.0,0.0,,,0.0020327535457909107,0.019551128149032593,0.07499189674854279,0.06419093161821365,3.0
668,1.0,1.0,,,0.9700018167495728,0.9942622184753418,0.14381569623947144,0.2699927091598511,1.0
669,1.0,1.0,1.0,,0.9979380369186401,0.9985311627388,0.7040205001831055,0.9578375816345215,2.0
670,0.0,0.0,0.0,,0.012058079242706299,0.4190768599510193,0.23016256093978882,0.01109832152724266,0.0
671,0.0,0.0,0.0,,0.010095196776092052,0.16177746653556824,0.0021073203533887863,0.00929443258792162,3.0
672,0.0,0.0,0.0,,0.0025727946776896715,0.030164245516061783,0.00760322529822588,0.01699734851717949,1.0
673,0.0,0.0,,,0.002531584585085511,0.01994006149470806,0.009203515015542507,0.009722741320729256,3.0
674,0.0,0.0,,,0.0016011736588552594,0.02091396413743496,0.0006610816926695406,0.01600131392478943,0.0
675,0.0,0.0,,,0.0021505504846572876,0.017152434214949608,0.016917556524276733,0.010984865017235279,3.0
676,0.0,1.0,1.0,,0.6262381672859192,0.9972020983695984,0.8630900382995605,0.6393485069274902,3.0
677,0.0,0.0,0.0,,0.0021501786541193724,0.024613438174128532,0.0011613152455538511,0.008248824626207352,0.0
678,0.0,0.0,0.0,,0.0029500413220375776,0.014788448810577393,0.0009590085246600211,0.006254158448427916,1.0
679,1.0,1.0,,,0.9992696642875671,0.9993195533752441,0.7824087738990784,0.8962258100509644,0.0
680,1.0,1.0,1.0,,0.893140971660614,0.9993773698806763,0.8838565349578857,0.8501075506210327,1.0
681,1.0,1.0,0.0,,0.9901777505874634,0.9988975524902344,0.10783412307500839,0.007778013590723276,4.0
682,1.0,1.0,,,0.9932317137718201,0.993296205997467,0.09057088196277618,0.033092714846134186,2.0
683,1.0,1.0,,,0.9995660781860352,0.9992032051086426,0.27156931161880493,0.9490392208099365,4.0
684,1.0,1.0,1.0,,0.9931987524032593,0.9998160600662231,0.5593389272689819,0.8180503249168396,4.0
685,0.0,0.0,0.0,0.0,0.0037109723780304193,0.029253525659441948,0.0031054813880473375,0.005413338076323271,4.0
686,0.0,0.0,,,0.002132932422682643,0.036791909486055374,0.024050621315836906,0.009598981589078903,0.0
687,1.0,1.0,,,0.9929690361022949,0.9562241435050964,0.007628868333995342,0.9620283246040344,1.0
688,0.0,0.0,0.0,,0.00236946321092546,0.023173145949840546,0.003166083712130785,0.030206365510821342,3.0
689,0.0,0.0,0.0,,0.0017277246806770563,0.018812090158462524,0.0037171966396272182,0.00993368960916996,3.0
690,1.0,1.0,0.0,,0.9846677780151367,0.9970189929008484,0.04040061682462692,0.34832340478897095,3.0
691,1.0,1.0,1.0,,0.23015403747558594,0.9908344745635986,0.9239043593406677,0.7374667525291443,2.0
692,0.0,0.0,,,0.0014149746857583523,0.021991288289427757,0.03485993295907974,0.07843169569969177,2.0
693,0.0,0.0,,,0.002333427546545863,0.021715261042118073,0.010212588123977184,0.006861810572445393,1.0
694,1.0,1.0,,,0.7661794424057007,0.6920030117034912,0.002364823827520013,0.06225119158625603,1.0
695,,0.0,,,0.0027788658626377583,0.023107198998332024,0.0042073228396475315,0.022999702021479607,1.0
696,1.0,1.0,,,0.7820770740509033,0.5587799549102783,0.013530341908335686,0.006928400602191687,4.0
697,0.0,0.0,0.0,,0.004330796655267477,0.03999151661992073,0.005612905602902174,0.007776166312396526,3.0
698,0.0,0.0,0.0,,0.00212954287417233,0.024265635758638382,0.008151796646416187,0.005136559251695871,4.0
699,0.0,0.0,0.0,,0.0017598504200577736,0.03240000084042549,0.009156373329460621,0.004034492652863264,4.0
700,1.0,1.0,0.0,,0.9921112060546875,0.9997023344039917,0.545447051525116,0.29704785346984863,0.0
701,1.0,1.0,,,0.9958055019378662,0.9909343123435974,0.049128253012895584,0.01890724152326584,2.0
702,1.0,1.0,,,0.9842464923858643,0.9908933639526367,0.01962684467434883,0.00542554073035717,4.0
703,0.0,0.0,,,0.0025951270945370197,0.0205988846719265,0.007049343548715115,0.005052010528743267,4.0
704,1.0,1.0,,,0.9940586686134338,0.9898134469985962,0.01304766908288002,0.01965283788740635,2.0
705,0.0,0.0,,,0.0023652769159525633,0.02080800011754036,0.0069636013358831406,0.007491715252399445,1.0
706,1.0,1.0,1.0,,0.9987202882766724,0.9975786209106445,0.7000329494476318,0.9667738676071167,2.0
707,1.0,1.0,0.0,,0.9989600777626038,0.9944245219230652,0.5047187805175781,0.028454577550292015,0.0
708,1.0,1.0,,,0.9993995428085327,0.9998794794082642,0.5839206576347351,0.7198087573051453,3.0
709,0.0,0.0,,,0.002892307471483946,0.02132103592157364,0.0013608618173748255,0.004762499127537012,4.0
710,1.0,1.0,,,0.7423771619796753,0.8191977143287659,0.6216612458229065,0.9550619125366211,1.0
711,0.0,1.0,,,0.3271036148071289,0.01658490113914013,0.006195413880050182,0.009256619028747082,2.0
712,0.0,0.0,,,0.0014516555238515139,0.014717507176101208,0.0035704029724001884,0.01764674484729767,2.0
713,1.0,1.0,1.0,,0.9785618782043457,0.9994831085205078,0.7426869869232178,0.6856167912483215,3.0
714,0.0,0.0,,,0.001275658723898232,0.018540004268288612,0.003588602179661393,0.004361344501376152,2.0
715,1.0,1.0,0.0,,0.9893760085105896,0.9848673343658447,0.06146799027919769,0.9685969948768616,1.0
716,0.0,0.0,,,0.001666607684455812,0.015800222754478455,0.0027683009393513203,0.009394001215696335,3.0
717,1.0,1.0,,,0.989825963973999,0.9956520795822144,0.006017522420734167,0.01048579253256321,3.0
718,0.0,0.0,,,0.004877610132098198,0.2929941713809967,0.3894970417022705,0.016521591693162918,3.0
719,1.0,1.0,1.0,1.0,0.9953978061676025,0.9993126392364502,0.6072343587875366,0.9245141744613647,1.0
720,1.0,1.0,1.0,,0.9939202070236206,0.9988996386528015,0.36772021651268005,0.9517078995704651,2.0
721,0.0,0.0,0.0,,0.0027356797363609076,0.018643401563167572,0.06333685666322708,0.010395881719887257,1.0
722,1.0,1.0,1.0,,0.9145727157592773,0.936526894569397,0.22173812985420227,0.9637625813484192,2.0
723,0.0,0.0,,,0.0012480519944801927,0.02545621059834957,0.03534393385052681,0.005697974935173988,2.0
724,1.0,1.0,,,0.9912157654762268,0.9998498558998108,0.6412334442138672,0.6797146797180176,2.0
725,1.0,1.0,,,0.9596993923187256,0.9995037913322449,0.6174899935722351,0.7057672739028931,3.0
726,0.0,0.0,,,0.002898666076362133,0.0198836550116539,0.002275792183354497,0.005088922567665577,4.0
727,1.0,1.0,1.0,1.0,0.9962899684906006,0.9977975487709045,0.7348967790603638,0.8932170867919922,0.0
728,1.0,1.0,0.0,,0.9932110905647278,0.9932337403297424,0.10946911573410034,0.01596957817673683,3.0
729,1.0,1.0,0.0,,0.9991902709007263,0.9950438737869263,0.645115852355957,0.05126228556036949,0.0
730,0.0,0.0,0.0,0.0,0.0025124233216047287,0.03843807429075241,0.008840139955282211,0.08078114688396454,2.0
731,0.0,0.0,0.0,,0.0020618143025785685,0.019568873569369316,0.009219406172633171,0.00785845797508955,3.0
732,0.0,0.0,0.0,,0.0018312364118173718,0.020700596272945404,0.005206096451729536,0.010225286707282066,3.0
733,1.0,1.0,,,0.9947771430015564,0.9930856227874756,0.006240463815629482,0.03739980608224869,1.0
734,0.0,0.0,0.0,,0.0017644127365201712,0.01736401952803135,0.005529751069843769,0.007749293930828571,3.0
735,0.0,0.0,,,0.0019686385057866573,0.018865572288632393,0.013689694926142693,0.008460640907287598,3.0
736,0.0,1.0,,,0.3721688389778137,0.9918220043182373,0.6117513179779053,0.7529794573783875,0.0
737,1.0,1.0,,,0.9819831848144531,0.9868749380111694,0.06431291252374649,0.0870770812034607,3.0
738,0.0,0.0,,,0.004161975346505642,0.021247675642371178,0.0074932025745511055,0.012137078680098057,3.0
739,1.0,1.0,,,0.9965684413909912,0.9997269511222839,0.673621416091919,0.7002207636833191,3.0
740,1.0,1.0,0.0,,0.9842059016227722,0.9888882637023926,0.003049055580049753,0.00600686389952898,4.0
741,0.0,0.0,,,0.002392739988863468,0.016635995358228683,0.0016093506710603833,0.006100227124989033,1.0
742,0.0,0.0,,,0.0021228105761110783,0.015219010412693024,0.014203989878296852,0.00819733738899231,1.0
743,0.0,0.0,,,0.0013148186262696981,0.020998818799853325,0.02618611790239811,0.09024395048618317,2.0
744,0.0,0.0,0.0,,0.003233593422919512,0.1292707622051239,0.019893597811460495,0.026677168905735016,0.0
745,0.0,0.0,,,0.0023792998399585485,0.03389440476894379,0.009277863427996635,0.004366441164165735,2.0
746,0.0,1.0,,,0.5140427350997925,0.9934603571891785,0.8699244856834412,0.8025289177894592,0.0
747,0.0,1.0,1.0,1.0,0.15769562125205994,0.9870714545249939,0.6924893856048584,0.8777244091033936,4.0
748,0.0,0.0,,,0.0012428454356268048,0.01954934000968933,0.028206389397382736,0.08149343729019165,2.0
749,1.0,1.0,1.0,,0.5287079811096191,0.9981926083564758,0.7048867344856262,0.7240827083587646,2.0
750,1.0,1.0,,,0.970629870891571,0.9998435378074646,0.7858486175537109,0.7354680895805359,3.0
751,1.0,1.0,1.0,,0.9989166855812073,0.9991825222969055,0.6869903206825256,0.924599289894104,3.0
752,0.0,0.0,,,0.002939716912806034,0.10641590505838394,0.18522784113883972,0.01754429191350937,0.0
753,1.0,1.0,,,0.9925374984741211,0.9774264693260193,0.09071864187717438,0.9759820699691772,3.0
754,1.0,1.0,,,0.9988967180252075,0.9976843595504761,0.7044042348861694,0.9729655385017395,2.0
755,0.0,0.0,,,0.002025007735937834,0.022010743618011475,0.0040266080759465694,0.06518091261386871,0.0
756,1.0,1.0,,,0.9956103563308716,0.9965587854385376,0.35447952151298523,0.47296810150146484,1.0
757,0.0,0.0,,,0.010140398517251015,0.24705880880355835,0.030185341835021973,0.033724214881658554,2.0
758,0.0,0.0,0.0,,0.0020968078169971704,0.019853288307785988,0.008523366414010525,0.010735192336142063,4.0
759,0.0,0.0,0.0,0.0,0.003976972308009863,0.0247260220348835,0.006583275739103556,0.0090088602155447,0.0
760,1.0,1.0,1.0,,0.8221354484558105,0.9987789392471313,0.8209794163703918,0.6745476722717285,3.0
761,0.0,0.0,,,0.00199718214571476,0.06480402499437332,0.12638923525810242,0.01960129663348198,3.0
762,0.0,1.0,,,0.7249104976654053,0.49536311626434326,0.012486331164836884,0.012715213000774384,3.0
763,1.0,1.0,,,0.9920291900634766,0.9917505979537964,0.0065034497529268265,0.008931156247854233,4.0
764,0.0,0.0,,,0.0028278594836592674,0.015111984685063362,0.013568051159381866,0.006512720603495836,1.0
765,1.0,1.0,,,0.986129879951477,0.9937679171562195,0.2677471935749054,0.09605959057807922,1.0
766,1.0,1.0,0.0,,0.9868308901786804,0.9891221523284912,0.007168940268456936,0.005472889170050621,4.0
767,1.0,1.0,,,0.9987622499465942,0.9998873472213745,0.331805944442749,0.04214785248041153,1.0
768,1.0,1.0,,,0.9973820447921753,0.9998577833175659,0.8657631874084473,0.6440232992172241,3.0
769,1.0,1.0,1.0,,0.9996443390846252,0.9984186887741089,0.888831377029419,0.9001898169517517,4.0
770,1.0,1.0,,,0.9988266229629517,0.9998939037322998,0.7259107232093811,0.6788331866264343,3.0
771,1.0,1.0,,,0.9929928779602051,0.9999196529388428,0.9736846089363098,0.7114713191986084,1.0
772,0.0,1.0,,,0.8230623006820679,0.9975139498710632,0.32729673385620117,0.051695480942726135,0.0
773,0.0,0.0,,,0.0041234614327549934,0.029451880604028702,0.0055250562727451324,0.004498090595006943,4.0
774,0.0,1.0,,,0.43993592262268066,0.9935880899429321,0.7409809827804565,0.7454525232315063,2.0
775,1.0,1.0,0.0,,0.9697484374046326,0.9786665439605713,0.10811655223369598,0.013874627649784088,4.0
776,0.0,1.0,0.0,,0.23937363922595978,0.09789161384105682,0.019824806600809097,0.009901829995214939,2.0
777,1.0,1.0,0.0,,0.8145971894264221,0.836384117603302,0.02892349660396576,0.038241952657699585,2.0
778,0.0,0.0,,,0.0025540015194565058,0.01954815536737442,0.01786978729069233,0.009217074140906334,2.0
779,0.0,0.0,0.0,0.0,0.025086037814617157,0.03859296441078186,0.004741516429930925,0.01397883240133524,4.0
780,0.0,0.0,,,0.0022734126541763544,0.0197147224098444,0.02830476313829422,0.028119172900915146,1.0
781,0.0,0.0,,,0.0035394500009715557,0.023904070258140564,0.04460952430963516,0.019520800560712814,1.0
782,0.0,0.0,0.0,0.0,0.0025400472804903984,0.016948586329817772,0.012043874710798264,0.005930931773036718,1.0
783,0.0,0.0,0.0,,0.002760857343673706,0.04711923003196716,0.016773108392953873,0.00959844421595335,3.0
784,1.0,1.0,0.0,,0.9977446794509888,0.9954692721366882,0.26757577061653137,0.9437990188598633,4.0
785,0.0,1.0,,,0.23999285697937012,0.9932578206062317,0.8624801635742188,0.6239338517189026,1.0
786,0.0,1.0,,,0.2723802924156189,0.02627219259738922,0.015425197780132294,0.0333419032394886,0.0
787,0.0,0.0,0.0,,0.004783411975950003,0.9199265837669373,0.31913185119628906,0.31548836827278137,0.0
788,1.0,1.0,0.0,1.0,0.9879125356674194,0.9618148803710938,0.03684734180569649,0.9715443253517151,0.0
789,0.0,1.0,,,0.9850475788116455,0.9841265678405762,0.5719099044799805,0.8801387548446655,4.0
790,1.0,1.0,1.0,,0.9986085891723633,0.9981892108917236,0.1598876714706421,0.9911578893661499,4.0
791,1.0,1.0,,,0.783454418182373,0.9882875084877014,0.13177914917469025,0.00738754216581583,4.0
792,0.0,0.0,,,0.0034841010347008705,0.9696015119552612,0.44309869408607483,0.04027977213263512,0.0
793,1.0,1.0,,,0.9935426712036133,0.9996126890182495,0.49826788902282715,0.33452120423316956,3.0
794,1.0,1.0,0.0,,0.9907355308532715,0.9923933744430542,0.009321551769971848,0.01735880598425865,3.0
795,1.0,1.0,0.0,0.0,0.9436073899269104,0.5445462465286255,0.02929649129509926,0.006724560633301735,4.0
796,,0.0,,,0.0019080721540376544,0.017114322632551193,0.00270705483853817,0.007720533758401871,3.0
797,1.0,1.0,0.0,,0.9924883842468262,0.9916237592697144,0.026724621653556824,0.009159539826214314,4.0
798,0.0,1.0,1.0,,0.41304686665534973,0.994148850440979,0.8908658027648926,0.7690039873123169,0.0
799,0.0,0.0,,,0.0024933191016316414,0.024608219042420387,0.006088038440793753,0.02502799965441227,2.0
800,1.0,1.0,,,0.9919086694717407,0.9889663457870483,0.022267011925578117,0.021064039319753647,1.0
801,0.0,0.0,0.0,,0.008974069729447365,0.07143329828977585,0.033049218356609344,0.016095217317342758,4.0
802,1.0,1.0,0.0,0.0,0.9955918192863464,0.9923985004425049,0.10839565843343735,0.019050275906920433,2.0
803,1.0,1.0,0.0,,0.7486635446548462,0.559218168258667,0.011995390057563782,0.010614837519824505,3.0
804,1.0,1.0,,,0.9988935589790344,0.9996580481529236,0.9055638909339905,0.9871410727500916,4.0
805,1.0,1.0,,,0.9988514184951782,0.9995162487030029,0.9439839124679565,0.9528917074203491,3.0
806,0.0,0.0,0.0,,0.0033993138931691647,0.13971848785877228,0.002239277819171548,0.011004296131432056,2.0
807,1.0,1.0,0.0,,0.993945837020874,0.9880460500717163,0.012095551006495953,0.029477637261152267,1.0
808,1.0,1.0,,,0.9897480010986328,0.999852180480957,0.5707175135612488,0.639367938041687,1.0
809,0.0,1.0,0.0,,0.9209001064300537,0.7081767320632935,0.19016355276107788,0.2117415964603424,0.0
810,1.0,1.0,,,0.6208006739616394,0.9255746006965637,0.44284820556640625,0.3049362301826477,1.0
811,0.0,1.0,0.0,,0.8411211371421814,0.7391350269317627,0.018109796568751335,0.03926246613264084,2.0
812,0.0,0.0,,,0.002201264491304755,0.017238575965166092,0.006291044410318136,0.020088262856006622,1.0
813,1.0,1.0,,,0.9965972900390625,0.991972804069519,0.027879279106855392,0.0185456071048975,2.0
814,0.0,0.0,,,0.0034178222995251417,0.021928759291768074,0.006037523504346609,0.0077515533193945885,3.0
815,1.0,1.0,,,0.5389801263809204,0.8538691401481628,0.3665330708026886,0.009116061963140965,4.0
816,0.0,0.0,0.0,,0.0780213475227356,0.7642658352851868,0.004630594048649073,0.03269340097904205,1.0
817,1.0,1.0,,,0.9985737800598145,0.9981542229652405,0.7035470604896545,0.886091947555542,1.0
818,0.0,1.0,0.0,,0.17205943167209625,0.9616919755935669,0.6849188804626465,0.01477692648768425,2.0
819,0.0,1.0,0.0,,0.1268543004989624,0.9188364744186401,0.5520086884498596,0.390458881855011,1.0
820,0.0,0.0,,,0.05800403282046318,0.5701947808265686,0.020641449838876724,0.032457150518894196,2.0
821,0.0,0.0,0.0,,0.0013042945647612214,0.016965480521321297,0.002183148404583335,0.005438254214823246,2.0
822,1.0,1.0,0.0,,0.95677250623703,0.9918193817138672,0.24246437847614288,0.03933931142091751,4.0
823,0.0,0.0,,,0.0020994050428271294,0.03292069956660271,0.05043613538146019,0.008201961405575275,3.0
824,0.0,0.0,,,0.002131914719939232,0.02486276812851429,0.003345287637785077,0.004652167204767466,2.0
825,0.0,1.0,0.0,,0.719129741191864,0.7185642719268799,0.017025677487254143,0.010830270126461983,3.0
826,0.0,0.0,0.0,,0.002018158556893468,0.01793411187827587,0.010135563090443611,0.00878459494560957,3.0
827,1.0,1.0,,,0.99215167760849,0.9902373552322388,0.013784372247755527,0.007222482468932867,4.0
828,0.0,0.0,0.0,0.0,0.0028427192009985447,0.015780091285705566,0.008229539729654789,0.009037126787006855,3.0
829,0.0,0.0,0.0,,0.004184471443295479,0.026202833279967308,0.009632333181798458,0.022165386006236076,1.0
830,0.0,0.0,0.0,,0.003622316289693117,0.02856677956879139,0.009454715996980667,0.014602052047848701,4.0
831,0.0,1.0,0.0,,0.9358179569244385,0.9989182353019714,0.26531052589416504,0.05445200949907303,1.0
832,0.0,0.0,0.0,,0.001354424748569727,0.014690959826111794,0.001263015205040574,0.0038914396427571774,2.0
833,1.0,1.0,0.0,,0.9991867542266846,0.9989165663719177,0.0989026352763176,0.9446673393249512,4.0
834,1.0,1.0,,,0.8448370099067688,0.7730160355567932,0.29341545701026917,0.18438027799129486,1.0
835,1.0,1.0,,,0.5547463297843933,0.2388475388288498,0.03974632918834686,0.005672513507306576,4.0
836,1.0,1.0,,,0.9941511154174805,0.9975388050079346,0.08525652438402176,0.05808231234550476,0.0
837,1.0,1.0,,,0.9788084030151367,0.9865346550941467,0.32132989168167114,0.016941843554377556,4.0
838,0.0,1.0,,,0.6770990490913391,0.41894328594207764,0.17358098924160004,0.028915200382471085,0.0
839,0.0,1.0,,,0.25223690271377563,0.9974022507667542,0.9350354671478271,0.5935540199279785,1.0
840,0.0,1.0,1.0,,0.2655755281448364,0.9879093766212463,0.8050309419631958,0.8046467304229736,0.0
841,0.0,0.0,,,0.014496443793177605,0.3495911657810211,0.029804257676005363,0.02878122590482235,1.0
842,1.0,,,,0.93051677942276,0.9995406866073608,0.6115512847900391,0.811553955078125,2.0
843,1.0,1.0,0.0,,0.9937892556190491,0.9923739433288574,0.0020025530830025673,0.02085825800895691,2.0
844,0.0,0.0,,,0.0020245115738362074,0.01682819053530693,0.0021814254578202963,0.019489744678139687,2.0
845,0.0,0.0,0.0,0.0,0.0017650519730523229,0.020165463909506798,0.0009650429710745811,0.007790206931531429,0.0
846,1.0,1.0,1.0,1.0,0.9705959558486938,0.999069094657898,0.9222911596298218,0.7156927585601807,2.0
847,1.0,1.0,,,0.9534497857093811,0.99961918592453,0.46656081080436707,0.3196510970592499,3.0
848,1.0,1.0,,,0.9949936270713806,0.9966626167297363,0.016263078898191452,0.033212386071681976,3.0
849,1.0,1.0,0.0,,0.9011034965515137,0.98078852891922,0.02953222393989563,0.020817743614315987,1.0
850,1.0,1.0,,,0.9815758466720581,0.9998835921287537,0.8133477568626404,0.6610922813415527,3.0
851,0.0,0.0,,,0.004636832047253847,0.028632117435336113,0.013239078223705292,0.02461281418800354,3.0
852,0.0,0.0,0.0,,0.009160253219306469,0.1505819410085678,0.02742054872214794,0.007576565258204937,3.0
853,1.0,1.0,0.0,0.0,0.9951491355895996,0.993413507938385,0.08699820190668106,0.0062715294770896435,4.0
854,1.0,1.0,,,0.9961034059524536,0.9960343241691589,0.24174149334430695,0.01829688437283039,4.0
855,1.0,1.0,0.0,,0.9897953271865845,0.9875806570053101,0.002383206272497773,0.030219685286283493,1.0
856,1.0,1.0,,,0.785621166229248,0.9549404382705688,0.12544628977775574,0.11711030453443527,1.0
857,1.0,1.0,1.0,,0.9711134433746338,0.9996724724769592,0.8855084776878357,0.7985379099845886,0.0
858,0.0,0.0,,,0.002509412122890353,0.020930659025907516,0.018992198631167412,0.023073062300682068,3.0
859,0.0,0.0,0.0,,0.003082434181123972,0.028566354885697365,0.02027752250432968,0.06433416157960892,0.0
860,1.0,1.0,0.0,0.0,0.9931522011756897,0.998172402381897,0.04453450068831444,0.014356330968439579,4.0
861,0.0,1.0,1.0,,0.417390912771225,0.9957743287086487,0.9668049812316895,0.9515095949172974,0.0
862,1.0,1.0,1.0,1.0,0.9989811778068542,0.999355673789978,0.8226942420005798,0.8934648036956787,0.0
863,0.0,0.0,,,0.00345588312484324,0.030312497168779373,0.01660599745810032,0.051590338349342346,4.0
864,1.0,1.0,1.0,,0.999126672744751,0.9985523819923401,0.8224755525588989,0.9622771739959717,2.0
865,0.0,0.0,,,0.004126239567995071,0.01928437314927578,0.03111741691827774,0.0077611301094293594,1.0
866,1.0,1.0,1.0,,0.9996569156646729,0.998278021812439,0.6825976967811584,0.9146088361740112,4.0
867,0.0,0.0,0.0,,0.0017917469376698136,0.033689357340335846,0.007749713957309723,0.0904642790555954,0.0
868,1.0,1.0,0.0,,0.9956924915313721,0.9980506896972656,0.15487942099571228,0.02103276364505291,3.0
869,,0.0,,,0.0024666457902640104,0.06780406832695007,0.0023253837134689093,0.00948731042444706,0.0
870,0.0,1.0,,,0.25828200578689575,0.9913101196289062,0.7012872099876404,0.8057639598846436,4.0
871,0.0,0.0,,,0.0022967245895415545,0.048697330057621,0.07647361606359482,0.085025355219841,2.0
872,1.0,1.0,,,0.5741076469421387,0.9626641273498535,0.021529030054807663,0.027261218056082726,3.0
873,0.0,0.0,,,0.0018591933185234666,0.01733805239200592,0.005658689420670271,0.003806865308433771,2.0
874,0.0,1.0,0.0,,0.14425796270370483,0.9540700912475586,0.33307790756225586,0.048379477113485336,0.0
875,0.0,0.0,0.0,,0.004509422928094864,0.036600492894649506,0.07317042350769043,0.012830651365220547,3.0
876,0.0,0.0,,,0.006110824644565582,0.03450606018304825,0.010487820021808147,0.004702655132859945,4.0
877,0.0,0.0,0.0,,0.002112002344802022,0.021456226706504822,0.007715153973549604,0.012571578845381737,4.0
878,1.0,1.0,0.0,,0.8190259337425232,0.8173838257789612,0.374117910861969,0.07474443316459656,4.0
879,1.0,1.0,0.0,,0.975937008857727,0.9592845439910889,0.011175252497196198,0.02885049395263195,1.0
880,0.0,1.0,0.0,,0.15169358253479004,0.9711278676986694,0.8267295360565186,0.010168548673391342,4.0
881,0.0,0.0,0.0,,0.0018385651055723429,0.03532136231660843,0.0058355387300252914,0.018984993919730186,0.0
882,0.0,0.0,0.0,,0.0246761254966259,0.9723191261291504,0.011639697477221489,0.018538881093263626,3.0
883,1.0,1.0,1.0,,0.8694132566452026,0.7825790643692017,0.32635316252708435,0.8832938075065613,4.0
884,1.0,1.0,,,0.9966474175453186,0.9940594434738159,0.01357318740338087,0.012103097513318062,3.0
885,0.0,0.0,,,0.003083248855546117,0.021921560168266296,0.007454643025994301,0.007716229185461998,3.0
886,1.0,1.0,,,0.9964106678962708,0.9987504482269287,0.02261749841272831,0.028465133160352707,1.0
887,1.0,1.0,0.0,,0.9882632493972778,0.9812977910041809,0.008742015808820724,0.036583226174116135,2.0
888,1.0,1.0,0.0,,0.976351261138916,0.9949423670768738,0.0744832381606102,0.04989204555749893,0.0
889,0.0,0.0,,,0.002237485721707344,0.018461396917700768,0.015310056507587433,0.011017538607120514,1.0
890,1.0,1.0,,,0.9940667748451233,0.9953329563140869,0.14178253710269928,0.023281771689653397,3.0
891,0.0,0.0,,,0.0020239055156707764,0.12501655519008636,0.0015402860008180141,0.01745619811117649,0.0
892,0.0,0.0,,,0.00413123331964016,0.06251231580972672,0.009273714385926723,0.010591394267976284,0.0
893,1.0,1.0,0.0,0.0,0.9924176931381226,0.9945498108863831,0.01671694777905941,0.03208804130554199,0.0
894,0.0,1.0,0.0,0.0,0.1515720784664154,0.9460540413856506,0.6909128427505493,0.07717147469520569,3.0
895,0.0,0.0,0.0,,0.002427687169983983,0.14065732061862946,0.0293672364205122,0.014569023624062538,3.0
896,0.0,0.0,,,0.002010634634643793,0.019277537241578102,0.0009580830810591578,0.005039948504418135,4.0
897,0.0,0.0,0.0,,0.16360750794410706,0.6095539331436157,0.11956667900085449,0.014064842835068703,2.0
898,0.0,0.0,,,0.0013971860753372312,0.025177327916026115,0.009828606620430946,0.006946447305381298,2.0
899,0.0,0.0,0.0,,0.0021785313729196787,0.03038051910698414,0.0024325354024767876,0.02689240127801895,3.0
900,1.0,1.0,,,0.9617534875869751,0.9929578900337219,0.3371809720993042,0.03339311107993126,0.0
901,0.0,0.0,0.0,,0.007446626666933298,0.21498426795005798,0.001960444962605834,0.0036884823348373175,2.0
902,0.0,1.0,,,0.2023731917142868,0.9965368509292603,0.9322707653045654,0.824638843536377,4.0
903,0.0,0.0,,,0.002560347318649292,0.01730545237660408,0.003640918992459774,0.008450291119515896,1.0
904,0.0,1.0,0.0,,0.18153053522109985,0.10089550167322159,0.001266192877665162,0.015042262151837349,2.0
905,1.0,1.0,,,0.9966965317726135,0.9953318238258362,0.03792785108089447,0.021631333976984024,2.0
906,1.0,1.0,1.0,,0.6324779391288757,0.9991024732589722,0.6363736391067505,0.9382359981536865,0.0
907,1.0,1.0,1.0,,0.7930126786231995,0.9994930028915405,0.9340745806694031,0.8318127989768982,0.0
908,0.0,0.0,,,0.0018512164242565632,0.014770708046853542,0.004876276012510061,0.008021478541195393,3.0
909,0.0,0.0,,,0.0025134736206382513,0.039279259741306305,0.11093540489673615,0.004860944114625454,2.0
910,1.0,1.0,,,0.9946414232254028,0.9985702037811279,0.004816694185137749,0.021359115839004517,2.0
911,0.0,0.0,,,0.00659027136862278,0.03140437602996826,0.04963039606809616,0.01376755814999342,4.0
912,0.0,1.0,,,0.2999756336212158,0.029734531417489052,0.08080001175403595,0.09623131155967712,3.0
913,1.0,1.0,0.0,,0.9984334707260132,0.9998975396156311,0.6391767859458923,0.12082713097333908,0.0
914,1.0,1.0,,,0.9929013848304749,0.9994019269943237,0.39327943325042725,0.08295635879039764,2.0
915,0.0,1.0,,,0.4726901352405548,0.9987912774085999,0.8074469566345215,0.9262794852256775,0.0
916,0.0,0.0,,,0.006224949844181538,0.023160848766565323,0.016594108194112778,0.12812945246696472,1.0
917,0.0,0.0,0.0,,0.0011799490312114358,0.02527076192200184,0.001666459022089839,0.011674574576318264,2.0
918,0.0,0.0,0.0,0.0,0.001617740374058485,0.015208983793854713,0.003021789947524667,0.024506743997335434,3.0
919,1.0,1.0,,,0.9895118474960327,0.999433159828186,0.6459448337554932,0.7192290425300598,3.0
920,1.0,1.0,,,0.9935843348503113,0.9924998879432678,0.08400490880012512,0.01679965667426586,4.0
921,0.0,0.0,,,0.003487661713734269,0.0774264931678772,0.07262039184570312,0.004975775722414255,2.0
922,0.0,0.0,0.0,,0.028666045516729355,0.6978105902671814,0.015786323696374893,0.03287465497851372,2.0
923,1.0,1.0,,,0.8687129616737366,0.9922000765800476,0.8368220925331116,0.5746945142745972,1.0
924,1.0,1.0,,,0.7759073972702026,0.9959253072738647,0.7210602164268494,0.659266471862793,3.0
925,0.0,0.0,,,0.003006554441526532,0.104557566344738,0.0031656622886657715,0.0139329694211483,0.0
926,1.0,1.0,,,0.9812780022621155,0.9993749260902405,0.5432825684547424,0.7515952587127686,1.0
927,0.0,0.0,0.0,,0.0036533442325890064,0.01870489865541458,0.005970028229057789,0.007301853969693184,4.0
928,0.0,0.0,,,0.0027412043418735266,0.015955252572894096,0.0020769061520695686,0.009572034701704979,3.0
929,0.0,0.0,,,0.0061299754306674,0.017554499208927155,0.004618441686034203,0.024199698120355606,1.0
930,0.0,0.0,0.0,,0.0031327959150075912,0.020184876397252083,0.02181362174451351,0.014183716848492622,1.0
931,0.0,0.0,0.0,,0.004053571727126837,0.023359782993793488,0.002315770834684372,0.056665726006031036,1.0
932,1.0,1.0,,,0.9954531788825989,0.9998689889907837,0.829469621181488,0.8875570297241211,0.0
933,0.0,0.0,,,0.004822166636586189,0.17703838646411896,0.4117185175418854,0.018738815560936928,3.0
934,1.0,1.0,0.0,,0.9981393814086914,0.997360110282898,0.4501608610153198,0.2886166572570801,3.0
935,1.0,1.0,0.0,,0.7930326461791992,0.6582689881324768,0.017172981053590775,0.014851017855107784,4.0
936,1.0,1.0,0.0,,0.994541585445404,0.9964014291763306,0.07667479664087296,0.030239392071962357,2.0
937,1.0,1.0,,,0.9881383776664734,0.8992682099342346,0.04186798632144928,0.6510787010192871,0.0
938,1.0,1.0,0.0,,0.9943563938140869,0.9913695454597473,0.023513562977313995,0.018773812800645828,2.0
939,1.0,1.0,,,0.99141925573349,0.9836136102676392,0.03750189021229744,0.15136942267417908,2.0
940,0.0,0.0,,,0.0032922199461609125,0.0234207920730114,0.03405288606882095,0.009772032499313354,1.0
941,0.0,1.0,,,0.8967534303665161,0.9861335754394531,0.09249688684940338,0.023638824000954628,1.0
942,1.0,1.0,,,0.986483097076416,0.9958994388580322,0.215520441532135,0.035619884729385376,0.0
943,0.0,1.0,,,0.2319771647453308,0.9962549209594727,0.8993088006973267,0.7583978176116943,2.0
944,0.0,0.0,,,0.00217990018427372,0.02337569184601307,0.06291589140892029,0.05642804503440857,0.0
945,1.0,1.0,,,0.9899698495864868,0.9939984083175659,0.0207313671708107,0.012791667133569717,3.0
946,1.0,1.0,1.0,,0.8567870855331421,0.9998164176940918,0.8029207587242126,0.7686519026756287,2.0
947,1.0,1.0,1.0,,0.8845962882041931,0.9994584321975708,0.6681699156761169,0.6381204128265381,3.0
948,0.0,0.0,,,0.0023637216072529554,0.03647417575120926,0.002762536983937025,0.008759412914514542,0.0
949,0.0,0.0,,,0.003072895109653473,0.029290009289979935,0.064553402364254,0.055946219712495804,0.0
950,0.0,0.0,0.0,0.0,0.0016007473459467292,0.037306495010852814,0.012966952286660671,0.06456642597913742,2.0
951,0.0,0.0,,,0.0015301123494282365,0.11656800657510757,0.02115917019546032,0.0037078445311635733,2.0
952,0.0,0.0,,,0.0020944448187947273,0.015402182936668396,0.011389879509806633,0.009899262338876724,1.0
953,0.0,0.0,,,0.003804836655035615,0.019901461899280548,0.01802738569676876,0.00837986171245575,3.0
954,0.0,0.0,,,0.004291080404073,0.044473014771938324,0.11403045058250427,0.009562303312122822,4.0
955,0.0,1.0,,,0.6245317459106445,0.21945136785507202,0.36247920989990234,0.06085289642214775,4.0
956,1.0,1.0,1.0,,0.9995458722114563,0.9980161190032959,0.4500535726547241,0.8912938833236694,4.0
957,0.0,0.0,,,0.003992518875747919,0.028345411643385887,0.02343093790113926,0.005351602099835873,4.0
958,1.0,1.0,,,0.779996395111084,0.7936077117919922,0.09802751988172531,0.081133171916008,3.0
959,1.0,1.0,0.0,0.0,0.9422423839569092,0.9889571666717529,0.03213328495621681,0.033341407775878906,4.0
960,1.0,1.0,0.0,,0.9995688796043396,0.9994082450866699,0.10232578217983246,0.939685583114624,4.0
961,1.0,1.0,,,0.9965884685516357,0.9949777126312256,0.10833530873060226,0.9342733025550842,4.0
962,1.0,1.0,,,0.9825873970985413,0.9540033340454102,0.011934559792280197,0.0745687410235405,0.0
963,1.0,1.0,,,0.9876214265823364,0.9524731636047363,0.10910117626190186,0.972012460231781,1.0
964,0.0,0.0,,,0.004746782127767801,0.02065412700176239,0.006066083908081055,0.013025151565670967,2.0
965,0.0,0.0,0.0,,0.0028956320602446795,0.03281103074550629,0.013485901989042759,0.012522393837571144,0.0
966,1.0,1.0,,,0.9813060760498047,0.9996935725212097,0.5667790174484253,0.7589928507804871,2.0
967,0.0,0.0,0.0,,0.0016955721657723188,0.040402017533779144,0.026116574183106422,0.0247925017029047,3.0
968,1.0,1.0,,,0.9660804271697998,0.9991380572319031,0.9296263456344604,0.751440167427063,2.0
969,0.0,0.0,,,0.0024603474885225296,0.018425442278385162,0.0019494108855724335,0.00802378635853529,3.0
970,1.0,1.0,0.0,,0.8706466555595398,0.997648298740387,0.5357521176338196,0.2833232581615448,3.0
971,0.0,1.0,0.0,,0.12642981112003326,0.08916939795017242,0.009313896298408508,0.005421767942607403,4.0
972,1.0,1.0,,,0.9880025386810303,0.987807035446167,0.007625605911016464,0.005724630318582058,4.0
973,0.0,0.0,,,0.002542043337598443,0.1202017217874527,0.027773121371865273,0.008394410833716393,1.0
974,1.0,1.0,0.0,,0.9711129665374756,0.9445610046386719,0.011619488708674908,0.021245287731289864,1.0
975,1.0,1.0,,,0.9757486581802368,0.9995744228363037,0.7132908701896667,0.772324800491333,4.0
976,1.0,1.0,,,0.993839681148529,0.9905809164047241,0.015571224503219128,0.026115920394659042,1.0
977,0.0,0.0,,,0.0023027737624943256,0.020149575546383858,0.0030876384116709232,0.008296187035739422,3.0
978,0.0,0.0,,,0.002330097369849682,0.018278706818819046,0.012997973710298538,0.010181384161114693,1.0
979,0.0,0.0,0.0,0.0,0.0025533761363476515,0.03688691928982735,0.012590020895004272,0.010227588936686516,0.0
980,1.0,1.0,1.0,1.0,0.5743967890739441,0.30260804295539856,0.09947352856397629,0.8725901246070862,4.0
981,1.0,1.0,0.0,,0.9599483609199524,0.9849309325218201,0.02524466998875141,0.03615724667906761,0.0
982,0.0,0.0,0.0,,0.004244386218488216,0.025002818554639816,0.008967694826424122,0.004024352412670851,2.0
983,1.0,1.0,,,0.987011730670929,0.9996131658554077,0.9548947811126709,0.705840528011322,3.0
984,1.0,1.0,,,0.9967125058174133,0.9998502135276794,0.7589726448059082,0.9197832942008972,2.0
985,0.0,0.0,,,0.042610570788383484,0.057218220084905624,0.11302970349788666,0.01631815917789936,0.0
986,1.0,1.0,,,0.9182311296463013,0.9488317370414734,0.027255762368440628,0.14247217774391174,0.0
987,0.0,1.0,,,0.19523675739765167,0.9898114800453186,0.8039554357528687,0.7323936820030212,2.0
988,1.0,1.0,,,0.9578324556350708,0.8965572118759155,0.011857015080749989,0.16672088205814362,1.0
989,0.0,0.0,,,0.002870966913178563,0.04151430353522301,0.004295737482607365,0.008076142519712448,3.0
990,0.0,0.0,1.0,1.0,0.00976743083447218,0.3153870701789856,0.041273411363363266,0.7009099721908569,1.0
991,1.0,1.0,1.0,,0.9993913173675537,0.9985663890838623,0.7184966206550598,0.8884270191192627,4.0
992,0.0,0.0,,,0.0034727826714515686,0.023914135992527008,0.08445168286561966,0.011155365966260433,4.0
993,0.0,0.0,,,0.005116421263664961,0.01600792072713375,0.004590736236423254,0.005939872935414314,1.0
994,0.0,0.0,0.0,,0.003527201246470213,0.015614354982972145,0.0028813702519983053,0.0060516539961099625,1.0
995,1.0,1.0,,,0.9874456524848938,0.987382709980011,0.015785591676831245,0.006718602497130632,4.0
996,1.0,1.0,,,0.9515315294265747,0.9994899034500122,0.6089414358139038,0.8286963701248169,4.0
997,0.0,0.0,,,0.0014298142632469535,0.021606851369142532,0.016773447394371033,0.07748226076364517,2.0
998,0.0,0.0,,,0.012709766626358032,0.031278155744075775,0.009574283845722675,0.004157140385359526,2.0
999,1.0,1.0,1.0,,0.9891331195831299,0.9327982664108276,0.266956090927124,0.8206031918525696,0.0
1000,0.0,0.0,,,0.010416842997074127,0.48359450697898865,0.4926221966743469,0.03398962318897247,1.0
1001,0.0,0.0,,,0.0031895057763904333,0.02216668613255024,0.11018549650907516,0.012204681523144245,1.0
1002,0.0,0.0,,,0.004034576937556267,0.07994130998849869,0.006718789227306843,0.01354868896305561,4.0
1003,0.0,0.0,,,0.001996740698814392,0.07187887281179428,0.00752634322270751,0.005829736590385437,4.0
1004,1.0,1.0,0.0,,0.9890559315681458,0.9996365308761597,0.960732638835907,0.23634915053844452,1.0
1005,0.0,0.0,,,0.0025956241879612207,0.1032881960272789,0.02499344013631344,0.01354970969259739,1.0
1006,1.0,1.0,,,0.80072021484375,0.9757660627365112,0.001976879546418786,0.03609094396233559,2.0
1007,0.0,1.0,,,0.720269501209259,0.39330431818962097,0.05267888680100441,0.07967783510684967,2.0
1008,1.0,1.0,1.0,,0.974437415599823,0.993181049823761,0.7841060757637024,0.8912449479103088,4.0
1009,1.0,1.0,0.0,,0.7213563919067383,0.9938169121742249,0.6371568441390991,0.03568585589528084,2.0
1010,1.0,1.0,,,0.9777655601501465,0.9998611807823181,0.8443408608436584,0.8425171971321106,0.0
1011,1.0,1.0,,,0.9940042495727539,0.9984487295150757,0.38714176416397095,0.043592825531959534,4.0
1012,0.0,0.0,0.0,,0.002037864411249757,0.039248451590538025,0.0019957581534981728,0.004841994494199753,4.0
1013,0.0,0.0,0.0,,0.00302723771892488,0.01788676716387272,0.0067383828572928905,0.0154490415006876,2.0
1014,0.0,0.0,0.0,,0.0034306147135794163,0.05364762991666794,0.00273712445050478,0.012667834758758545,0.0
1015,0.0,0.0,0.0,0.0,0.0026232218369841576,0.039200667291879654,0.4125913381576538,0.0087330536916852,3.0
1016,1.0,1.0,,,0.9914373755455017,0.9908812046051025,0.0032609065528959036,0.007260906044393778,4.0
1017,1.0,1.0,,,0.9817925691604614,0.929194450378418,0.07180590182542801,0.02348770946264267,0.0
1018,0.0,0.0,0.0,,0.006957443431019783,0.016131946817040443,0.0264848992228508,0.006285311188548803,1.0
1019,1.0,1.0,1.0,,0.9977250695228577,0.9973491430282593,0.48967698216438293,0.9048041105270386,4.0
1020,1.0,1.0,,,0.9980021715164185,0.9938045144081116,0.008181465789675713,0.9242650270462036,4.0
1021,0.0,0.0,,,0.07940218597650528,0.5664291977882385,0.14057351648807526,0.013632372952997684,4.0
1022,0.0,0.0,,,0.0032366039231419563,0.025825444608926773,0.005034611094743013,0.022377872839570045,2.0
1023,0.0,0.0,,,0.1168050467967987,0.1531314253807068,0.09299284219741821,0.008649412542581558,2.0
1024,0.0,0.0,,,0.001969981472939253,0.06798183917999268,0.01308451034128666,0.017097868025302887,3.0
1025,0.0,0.0,,,0.002492143539711833,0.01958063803613186,0.00924326665699482,0.013021175749599934,0.0
1026,0.0,1.0,0.0,,0.8051824569702148,0.8868253231048584,0.0028060157783329487,0.05028989911079407,2.0
1027,0.0,0.0,0.0,,0.0017083173152059317,0.13858447968959808,0.0007926590624265373,0.0138742970302701,0.0
1028,0.0,0.0,0.0,,0.002458268543705344,0.05202789977192879,0.011323012411594391,0.005067305639386177,4.0
1029,0.0,1.0,0.0,,0.8831528425216675,0.4950254559516907,0.009068340063095093,0.04188688099384308,0.0
1030,0.0,1.0,,,0.16875536739826202,0.024232884868979454,0.030236948281526566,0.09780320525169373,2.0
1031,0.0,0.0,,,0.00349788973107934,0.016096003353595734,0.009593205526471138,0.007841476239264011,3.0
1032,0.0,0.0,,,0.0021494317334145308,0.016571052372455597,0.005191633012145758,0.007731403689831495,3.0
1033,0.0,0.0,,,0.006779839284718037,0.04107295721769333,0.007421847432851791,0.012106736190617085,0.0
1034,0.0,0.0,0.0,,0.0014417371712625027,0.026138409972190857,0.001700910972431302,0.004342040978372097,2.0
1035,0.0,1.0,1.0,1.0,0.565239429473877,0.9706228375434875,0.7048071026802063,0.9327211380004883,3.0
1036,1.0,1.0,1.0,1.0,0.9992078542709351,0.9994921684265137,0.830848217010498,0.9155135154724121,0.0
1037,1.0,1.0,1.0,,0.9993194937705994,0.998624324798584,0.7624350786209106,0.9700591564178467,1.0
1038,0.0,0.0,0.0,,0.002703499048948288,0.022291332483291626,0.009211418218910694,0.004741808399558067,4.0
1039,0.0,0.0,,,0.0043297759257256985,0.09734003990888596,0.0609118826687336,0.011567889712750912,3.0
1040,1.0,1.0,,,0.9229050874710083,0.9197607636451721,0.06585366278886795,0.07693512737751007,0.0
1041,0.0,1.0,,,0.1544153392314911,0.9957696199417114,0.9493427276611328,0.9368653297424316,1.0
1042,0.0,0.0,,,0.0026308358646929264,0.03207387030124664,0.009987452067434788,0.010089598596096039,3.0
1043,0.0,0.0,0.0,,0.002922030398622155,0.0569516122341156,0.011223099194467068,0.005146650597453117,2.0
1044,0.0,0.0,,,0.0023420730140060186,0.017882511019706726,0.06312485784292221,0.02655046619474888,1.0
1045,0.0,0.0,,,0.003863654565066099,0.01914295367896557,0.012701455503702164,0.005151090212166309,4.0
1046,1.0,1.0,,,0.9967577457427979,0.9974273443222046,0.03514096885919571,0.010234471410512924,3.0
1047,1.0,1.0,0.0,,0.8755568861961365,0.2696135342121124,0.15219464898109436,0.023838872089982033,1.0
1048,0.0,0.0,,,0.001950350939296186,0.0240183025598526,0.004192527383565903,0.009260633960366249,3.0
1049,1.0,1.0,0.0,,0.9960613250732422,0.9979623556137085,0.018877359107136726,0.014859604649245739,3.0
1050,1.0,1.0,,,0.9932346343994141,0.9984540343284607,0.020872287452220917,0.10243670642375946,0.0
1051,0.0,0.0,,,0.007183261215686798,0.03388866037130356,0.007510248571634293,0.006930838339030743,4.0
1052,0.0,0.0,0.0,,0.001513523398898542,0.05049492418766022,0.04371114820241928,0.0057776994071900845,2.0
1053,1.0,1.0,0.0,,0.8728864789009094,0.9982985258102417,0.7760493159294128,0.12066270411014557,1.0
1054,0.0,1.0,,,0.6166821718215942,0.893713653087616,0.2555713653564453,0.09341488778591156,0.0
1055,1.0,1.0,0.0,,0.9946797490119934,0.997775137424469,0.3157404363155365,0.027426008135080338,1.0
1056,1.0,1.0,1.0,,0.9960181713104248,0.9993632435798645,0.8191372156143188,0.8846118450164795,1.0
1057,0.0,0.0,,,0.013365574181079865,0.5563109517097473,0.24834772944450378,0.07833575457334518,0.0
1058,0.0,1.0,0.0,,0.7961960434913635,0.8978487253189087,0.09119247645139694,0.041933756321668625,0.0
1059,0.0,0.0,0.0,,0.055833425372838974,0.8501187562942505,0.06256914138793945,0.016391605138778687,4.0
1060,1.0,1.0,,,0.9894322752952576,0.9887757897377014,0.004311331082135439,0.00888864416629076,4.0
1061,0.0,0.0,,,0.0021739217918366194,0.025927845388650894,0.011988353915512562,0.007551209069788456,0.0
1062,1.0,1.0,1.0,1.0,0.9984620809555054,0.999681830406189,0.6684315204620361,0.7952072024345398,4.0
1063,0.0,0.0,,,0.0016858853632584214,0.02634836733341217,0.027085764333605766,0.08961296081542969,2.0
1064,1.0,1.0,0.0,,0.9993937611579895,0.9995147585868835,0.19029012322425842,0.9737188220024109,0.0
1065,0.0,0.0,,,0.003095407970249653,0.109085313975811,0.029779430478811264,0.010439514182507992,3.0
1066,0.0,0.0,,,0.0029183782171458006,0.01437107753008604,0.0053346469067037106,0.01007886789739132,3.0
1067,1.0,1.0,1.0,0.0,0.9916333556175232,0.9998485445976257,0.7253221869468689,0.8839476704597473,0.0
1068,0.0,0.0,0.0,,0.002396572148427367,0.09696998447179794,0.0015668447595089674,0.04237572103738785,0.0
1069,0.0,0.0,,,0.00334799918346107,0.03390420973300934,0.0012051957892253995,0.005180437583476305,4.0
1070,1.0,1.0,1.0,,0.9877661466598511,0.9984463453292847,0.8702977895736694,0.7890183925628662,4.0
1071,0.0,0.0,0.0,,0.0019851019605994225,0.022935330867767334,0.001346287433989346,0.008072655647993088,0.0
1072,1.0,1.0,1.0,,0.978359580039978,0.9984556436538696,0.5558745265007019,0.9012444019317627,4.0
1073,0.0,0.0,0.0,0.0,0.007721558213233948,0.1294405162334442,0.4996335506439209,0.03272518888115883,1.0
1074,1.0,1.0,,,0.9920781254768372,0.9949511289596558,0.004130289889872074,0.26837772130966187,3.0
1075,1.0,1.0,,,0.8985326290130615,0.8584654331207275,0.06739798188209534,0.02748095989227295,1.0
1076,1.0,1.0,,,0.9969785213470459,0.9982027411460876,0.6826266050338745,0.9448782801628113,4.0
1077,0.0,0.0,0.0,0.0,0.0016341661103069782,0.018106039613485336,0.008047700859606266,0.003943902440369129,4.0
1078,0.0,0.0,,,0.0035101668909192085,0.027870478108525276,0.006432285998016596,0.007936223410069942,0.0
1079,1.0,1.0,0.0,,0.9942423105239868,0.9947754144668579,0.005019569303840399,0.011068854480981827,3.0
1080,0.0,0.0,,,0.003447913797572255,0.11865607649087906,0.027226198464632034,0.007137132342904806,1.0
1081,0.0,0.0,,,0.002279643202200532,0.02034357376396656,0.0059393770061433315,0.013385983183979988,4.0
1082,0.0,0.0,0.0,,0.0017164410091936588,0.01798618771135807,0.011044572107493877,0.004427063744515181,4.0
1083,0.0,1.0,,,0.12365485727787018,0.9566689133644104,0.28768444061279297,0.017622454091906548,1.0
1084,0.0,0.0,,,0.006137894466519356,0.3515043556690216,0.19490250945091248,0.035459261387586594,1.0
1085,1.0,1.0,0.0,,0.9925690293312073,0.996128499507904,0.025298461318016052,0.037564005702733994,0.0
1086,1.0,1.0,0.0,,0.9964641332626343,0.9979560375213623,0.04384653642773628,0.04237286373972893,2.0
1087,0.0,0.0,0.0,,0.0019441237673163414,0.023178376257419586,0.0071035875007510185,0.012600278481841087,0.0
1088,1.0,1.0,0.0,,0.990830659866333,0.9983474612236023,0.768633246421814,0.892580509185791,3.0
1089,1.0,1.0,,,0.9503331184387207,0.9954676628112793,0.025524158030748367,0.11210862547159195,1.0
1090,0.0,0.0,,,0.0024960634764283895,0.020361827686429024,0.01704978197813034,0.012322410009801388,1.0
1091,1.0,1.0,,,0.9912601709365845,0.9933862686157227,0.006076044403016567,0.022067947313189507,1.0
1092,1.0,1.0,,,0.9943467974662781,0.9997151494026184,0.45531708002090454,0.00920187309384346,4.0
1093,1.0,1.0,,,0.9934644103050232,0.9958657026290894,0.07104355096817017,0.015819432213902473,3.0
1094,0.0,0.0,0.0,,0.00414623785763979,0.020455889403820038,0.00681289890781045,0.01506803184747696,0.0
1095,1.0,1.0,0.0,,0.9948365688323975,0.9982438683509827,0.06812301278114319,0.017507130280137062,4.0
1096,0.0,0.0,,,0.0037219426594674587,0.01971864141523838,0.009731961414217949,0.18106451630592346,3.0
1097,0.0,0.0,0.0,,0.0027488847263157368,0.03677072376012802,0.005999899003654718,0.0077681634575128555,3.0
1098,1.0,1.0,,,0.24994154274463654,0.9784422516822815,0.8883191347122192,0.9018246531486511,3.0
1099,0.0,0.0,,,0.0018269605934619904,0.019344467669725418,0.00832703523337841,0.0042023989371955395,4.0
1100,0.0,0.0,0.0,,0.00416393019258976,0.1635642945766449,0.01818137988448143,0.011267008259892464,1.0
1101,0.0,0.0,0.0,0.0,0.0018939002184197307,0.05601915344595909,0.0014225628692656755,0.009401831775903702,3.0
1102,0.0,0.0,,,0.0022845971398055553,0.017937950789928436,0.008326686918735504,0.008447219617664814,1.0
1103,1.0,1.0,,,0.9992602467536926,0.9973362684249878,0.46118587255477905,0.020976373925805092,0.0
1104,0.0,0.0,0.0,,0.025486154481768608,0.6464928984642029,0.013256650418043137,0.014659074135124683,1.0
1105,0.0,0.0,0.0,,0.002164418576285243,0.07937522977590561,0.005249291658401489,0.01355602964758873,0.0
1106,1.0,1.0,,,0.9921674132347107,0.9640570878982544,0.007359585724771023,0.9712471961975098,1.0
1107,0.0,0.0,,,0.002120955614373088,0.01935260184109211,0.0030329348519444466,0.012163168750703335,2.0
1108,1.0,1.0,,,0.9975942373275757,0.9865070581436157,0.03614841401576996,0.9774229526519775,3.0
1109,1.0,1.0,,,0.9874059557914734,0.9997780323028564,0.7949362397193909,0.8219191431999207,4.0
1110,0.0,0.0,,,0.0017854006728157401,0.021857358515262604,0.0011555126402527094,0.011524025350809097,0.0
1111,1.0,1.0,0.0,,0.9943264722824097,0.9921903610229492,0.005978911183774471,0.046572647988796234,2.0
1112,1.0,1.0,0.0,,0.994786262512207,0.9703755378723145,0.013675911352038383,0.9449211955070496,2.0
1113,0.0,0.0,0.0,,0.0014320374466478825,0.018117131665349007,0.004720263183116913,0.0035642690490931273,2.0
1114,1.0,1.0,0.0,,0.9076665043830872,0.8821576833724976,0.008369277231395245,0.04047790914773941,2.0
1115,1.0,1.0,1.0,,0.9995685815811157,0.997551441192627,0.4931996464729309,0.8977373242378235,4.0
1116,1.0,1.0,1.0,,0.8327099680900574,0.9979318380355835,0.8156437277793884,0.8032229542732239,0.0
1117,1.0,1.0,1.0,,0.7347273826599121,0.9980343580245972,0.8122923970222473,0.7695181369781494,2.0
1118,1.0,1.0,,,0.9964120388031006,0.9997361302375793,0.8137372136116028,0.8457327485084534,2.0
1119,1.0,1.0,,,0.9944441318511963,0.9932253360748291,0.03196464106440544,0.007950305007398129,4.0
1120,1.0,1.0,,,0.9934608340263367,0.9717876315116882,0.024524187669157982,0.9469810724258423,2.0
1121,1.0,1.0,1.0,,0.9875572919845581,0.9999090433120728,0.5528257489204407,0.820427417755127,2.0
1122,1.0,1.0,0.0,,0.9850533604621887,0.9916338920593262,0.008450395427644253,0.005628856830298901,4.0
1123,1.0,1.0,,,0.9979866147041321,0.9955875873565674,0.013272134587168694,0.9528061747550964,4.0
1124,0.0,0.0,,,0.00466782646253705,0.03882800415158272,0.006314002443104982,0.024724360555410385,0.0
1125,0.0,1.0,0.0,,0.8627511858940125,0.8121470212936401,0.04795147478580475,0.08286410570144653,2.0
1126,0.0,0.0,,,0.001767774228937924,0.020527783781290054,0.0041847238317132,0.0047760275192558765,4.0
1127,1.0,1.0,0.0,,0.9976375699043274,0.9993494153022766,0.05861511453986168,0.007571919821202755,4.0
1128,0.0,0.0,,,0.0037080137990415096,0.021895473822951317,0.012543502263724804,0.005666014272719622,2.0
1129,1.0,1.0,,,0.9713109135627747,0.9190685153007507,0.008229070343077183,0.0068075028248131275,4.0
1130,0.0,1.0,0.0,0.0,0.5220463275909424,0.4240345060825348,0.016701534390449524,0.022582534700632095,4.0
1131,0.0,0.0,,,0.0019256171071901917,0.020051123574376106,0.0014199174474924803,0.009024716913700104,1.0
1132,1.0,1.0,1.0,,0.9862093329429626,0.9998853206634521,0.6554944515228271,0.5699074268341064,1.0
1133,0.0,0.0,,,0.004468069411814213,0.02104787714779377,0.06682119518518448,0.02924172580242157,1.0
1134,1.0,1.0,,,0.9051790833473206,0.9998898506164551,0.9131861329078674,0.9725708961486816,1.0
1135,1.0,1.0,1.0,,0.8280513286590576,0.9984722137451172,0.6023074984550476,0.8853051066398621,0.0
1136,0.0,0.0,,,0.003214106895029545,0.022089112550020218,0.1255292147397995,0.01086665503680706,4.0
1137,1.0,1.0,,,0.9942033290863037,0.9942542910575867,0.032302405685186386,0.0289717148989439,0.0
1138,0.0,0.0,0.0,,0.06333943456411362,0.9520765542984009,0.027883948758244514,0.048585426062345505,1.0
1139,0.0,0.0,,,0.002069296780973673,0.018175158649683,0.004297694656997919,0.004873361438512802,4.0
1140,0.0,0.0,,,0.002180030569434166,0.10781574249267578,0.2839028537273407,0.06905657798051834,3.0
1141,1.0,1.0,,,0.9982801675796509,0.9990326762199402,0.1591990888118744,0.9387273192405701,4.0
1142,0.0,0.0,,,0.001703738933429122,0.01595676690340042,0.00520454254001379,0.009101229719817638,3.0
1143,1.0,1.0,0.0,,0.9451923370361328,0.9999141693115234,0.8727148175239563,0.06445301324129105,1.0
1144,0.0,0.0,0.0,,0.0024662662763148546,0.019114825874567032,0.0062696924433112144,0.008363441564142704,3.0
1145,1.0,1.0,0.0,,0.9956518411636353,0.9968915581703186,0.0858033299446106,0.01689516194164753,3.0
1146,0.0,0.0,,,0.010285653173923492,0.20113417506217957,0.3326602578163147,0.02196653001010418,0.0
1147,0.0,0.0,,,0.00950242206454277,0.03195767104625702,0.0035766493529081345,0.004277603700757027,4.0
1148,0.0,1.0,0.0,,0.4295159578323364,0.9735774397850037,0.87169349193573,0.010385804809629917,4.0
1149,0.0,0.0,,,0.002498747780919075,0.0727301687002182,0.017996085807681084,0.28121909499168396,3.0
1150,1.0,1.0,,,0.7656424045562744,0.9857510924339294,0.001685396651737392,0.007411956321448088,4.0
1151,0.0,0.0,0.0,,0.0024339621886610985,0.03328051418066025,0.05248253047466278,0.010869685560464859,0.0
1152,0.0,0.0,,,0.0033667273819446564,0.032015737146139145,0.03532840684056282,0.006477871909737587,4.0
1153,1.0,1.0,,,0.9965336918830872,0.9916454553604126,0.017470449209213257,0.9573261141777039,4.0
1154,0.0,0.0,0.0,,0.012420564889907837,0.18946880102157593,0.2497682273387909,0.07108770310878754,4.0
1155,1.0,1.0,0.0,,0.9949402809143066,0.9964469075202942,0.004898786079138517,0.01007520779967308,3.0
1156,1.0,1.0,0.0,,0.8536621332168579,0.7154618501663208,0.0025862816255539656,0.010705366730690002,3.0
1157,0.0,0.0,0.0,,0.02831527777016163,0.7485629320144653,0.04418152943253517,0.026902081444859505,2.0
1158,1.0,1.0,0.0,,0.9912148118019104,0.9944478273391724,0.0328361839056015,0.009704414755105972,4.0
1159,1.0,1.0,,,0.9926980137825012,0.9689507484436035,0.05712144076824188,0.9692274332046509,0.0
1160,1.0,1.0,,,0.9933589696884155,0.9719430804252625,0.010343732312321663,0.9540560841560364,2.0
1161,0.0,0.0,,,0.0019875408615916967,0.023762229830026627,0.0012564287753775716,0.027975212782621384,1.0
1162,1.0,1.0,,,0.9771577715873718,0.9923259615898132,0.0540802925825119,0.008885489776730537,4.0
1163,0.0,0.0,,,0.0020108299795538187,0.05066424608230591,0.02108165994286537,0.0069151767529547215,2.0
1164,0.0,0.0,0.0,,0.0027968769427388906,0.01994934305548668,0.21697849035263062,0.010796287097036839,1.0
1165,0.0,0.0,,,0.002391074551269412,0.11926925182342529,0.0032573039643466473,0.042951978743076324,0.0
1166,0.0,0.0,,,0.002160960342735052,0.04323072358965874,0.005356225185096264,0.005562291480600834,4.0
1167,0.0,0.0,,,0.004088783636689186,0.05546063557267189,0.012289510108530521,0.008421379141509533,3.0
1168,0.0,0.0,,,0.001612283056601882,0.018208742141723633,0.06394290924072266,0.06395424902439117,3.0
1169,1.0,1.0,1.0,,0.9709131717681885,0.9994819760322571,0.2615964114665985,0.862365186214447,2.0
1170,1.0,1.0,1.0,,0.9959391355514526,0.999760091304779,0.48707830905914307,0.8723899722099304,0.0
1171,0.0,0.0,0.0,,0.005689673125743866,0.9200949668884277,0.3701680600643158,0.32296717166900635,0.0
1172,1.0,1.0,,,0.8341050148010254,0.9859016537666321,0.6726734638214111,0.9137356281280518,3.0
1173,0.0,0.0,,,0.005313297733664513,0.021279169246554375,0.09193195402622223,0.011223012581467628,1.0
1174,0.0,0.0,,,0.010502325370907784,0.36377978324890137,0.014577298425137997,0.01423560455441475,3.0
1175,1.0,1.0,0.0,,0.9909689426422119,0.9965998530387878,0.012263160198926926,0.02716178074479103,1.0
1176,0.0,0.0,,,0.002720116637647152,0.016004081815481186,0.013562172651290894,0.007816333323717117,1.0
1177,0.0,0.0,,,0.0016217747470363975,0.014507656916975975,0.008621767163276672,0.004643863532692194,2.0
1178,0.0,0.0,,,0.0020217772107571363,0.02596551552414894,0.03695179894566536,0.1788581758737564,2.0
1179,1.0,1.0,,,0.9911016225814819,0.9885051250457764,0.013788223266601562,0.021873578429222107,1.0
1180,0.0,0.0,,,0.009190645068883896,0.030670590698719025,0.017136333510279655,0.00560378422960639,4.0
1181,1.0,1.0,,,0.9921313524246216,0.9930480718612671,0.0853905901312828,0.020107707008719444,2.0
1182,0.0,0.0,,,0.0018229978159070015,0.02431744709610939,0.007189823314547539,0.013404498808085918,2.0
1183,1.0,1.0,,,0.9991734027862549,0.9999269247055054,0.5249757766723633,0.7627874612808228,4.0
1184,1.0,1.0,,,0.9929571747779846,0.9965032339096069,0.0313548743724823,0.005936740897595882,4.0
1185,1.0,1.0,,,0.9923297166824341,0.9922127723693848,0.003972144331783056,0.15061478316783905,0.0
1186,1.0,1.0,1.0,,0.9987250566482544,0.9986215233802795,0.07071945816278458,0.9341578483581543,3.0
1187,1.0,1.0,,,0.9933658838272095,0.9996219873428345,0.8298609256744385,0.8306077718734741,2.0
1188,1.0,1.0,,,0.9887838363647461,0.9953979253768921,0.04016775265336037,0.24085313081741333,3.0
1189,0.0,0.0,,,0.0016200365498661995,0.014479472301900387,0.007035101298242807,0.0037158112972974777,2.0
1190,0.0,0.0,,,0.0023664403706789017,0.027918130159378052,0.004326051566749811,0.01008722372353077,1.0
1191,0.0,0.0,,,0.0029654093086719513,0.018962087109684944,0.00639950018376112,0.009213919751346111,3.0
1192,1.0,1.0,,,0.6640252470970154,0.9948067665100098,0.07487859576940536,0.542400062084198,0.0
1193,0.0,0.0,0.0,,0.001661879476159811,0.027114015072584152,0.0030562139581888914,0.021573035046458244,2.0
1194,0.0,0.0,,,0.0030738450586795807,0.04399882256984711,0.040233634412288666,0.09075504541397095,0.0
1195,1.0,1.0,,,0.9917907118797302,0.9977288246154785,0.13860198855400085,0.005954579450190067,4.0
1196,0.0,0.0,,,0.002934770192950964,0.020851217210292816,0.03213505074381828,0.00995386391878128,1.0
1197,0.0,0.0,,,0.002152415458112955,0.0429094061255455,0.007907545194029808,0.034269899129867554,3.0
1198,0.0,0.0,,,0.001961110159754753,0.023223133757710457,0.049582283943891525,0.10307349264621735,2.0
1199,0.0,0.0,,,0.005390932783484459,0.07886019349098206,0.009090861305594444,0.011120684444904327,4.0
1200,0.0,0.0,0.0,,0.002956654177978635,0.036465391516685486,0.02690337784588337,0.0454305000603199,0.0
1201,1.0,1.0,0.0,,0.9944198131561279,0.9955586791038513,0.08777663111686707,0.01812332682311535,3.0
1202,1.0,1.0,,,0.9917054772377014,0.9916972517967224,0.04113331437110901,0.13538356125354767,2.0
1203,1.0,1.0,,,0.9876134991645813,0.9960644245147705,0.05337986722588539,0.03769398853182793,3.0
1204,0.0,1.0,,,0.2988641560077667,0.9943476319313049,0.8368554711341858,0.7933634519577026,0.0
1205,0.0,0.0,,,0.0035720441956073046,0.0771227478981018,0.049546703696250916,0.009955164976418018,3.0
1206,0.0,1.0,,,0.1439322680234909,0.9788129329681396,0.5700703859329224,0.9180473685264587,3.0
1207,0.0,1.0,,,0.8832679390907288,0.9871166944503784,0.0934269055724144,0.022433612495660782,1.0
1208,0.0,1.0,,,0.9066141843795776,0.9899415373802185,0.07910899072885513,0.10563080757856369,1.0
1209,0.0,0.0,,,0.0016261300770565867,0.017438944429159164,0.006564755458384752,0.010078106075525284,3.0
1210,0.0,0.0,,,0.0021878136321902275,0.01870625466108322,0.009785082191228867,0.014447441324591637,1.0
1211,0.0,0.0,0.0,,0.002294218633323908,0.02263941988348961,0.0014956798404455185,0.003528524888679385,2.0
1212,0.0,0.0,0.0,,0.0026570092886686325,0.0180387981235981,0.004946812987327576,0.0069657182320952415,4.0
1213,0.0,0.0,0.0,0.0,0.0025393571704626083,0.03504865616559982,0.023150499910116196,0.0042505222372710705,4.0
1214,0.0,0.0,,,0.008321795612573624,0.023869987577199936,0.0027061644941568375,0.008354755118489265,3.0
1215,1.0,1.0,0.0,,0.9639202952384949,0.9921209812164307,0.05175546556711197,0.010822543874382973,4.0
1216,1.0,1.0,0.0,,0.9387922883033752,0.9982101321220398,0.47638463973999023,0.22634395956993103,2.0
1217,0.0,1.0,,,0.3532048463821411,0.0667150467634201,0.12795047461986542,0.28208082914352417,3.0
1218,0.0,0.0,,,0.02565394714474678,0.22065159678459167,0.03579643368721008,0.00490847323089838,4.0
1219,1.0,1.0,,,0.996598482131958,0.9946024417877197,0.05457045137882233,0.008838871493935585,4.0
1220,1.0,1.0,,,0.9928898811340332,0.9996048808097839,0.7246590852737427,0.6527426838874817,1.0
1221,0.0,0.0,0.0,,0.007681932765990496,0.02584891766309738,0.013737073168158531,0.01011680904775858,1.0
1222,0.0,1.0,0.0,,0.08723042905330658,0.9267799854278564,0.1293087601661682,0.399774432182312,0.0
1223,0.0,0.0,0.0,,0.006248099729418755,0.06440302729606628,0.005226663779467344,0.022915733978152275,0.0
1224,0.0,1.0,,,0.5528720617294312,0.9943039417266846,0.6894538402557373,0.6846268177032471,3.0
1225,0.0,0.0,0.0,,0.0016213617054745555,0.026893269270658493,0.11599797755479813,0.011109289713203907,2.0
1226,0.0,1.0,,,0.3524271845817566,0.9924521446228027,0.8116235733032227,0.773745596408844,0.0
1227,1.0,1.0,,,0.9915541410446167,0.9891201853752136,0.045493513345718384,0.005411140155047178,4.0
1228,0.0,0.0,,,0.002707501407712698,0.1539900153875351,0.00741207879036665,0.01900281198322773,0.0
1229,1.0,1.0,,,0.9975966215133667,0.9979380369186401,0.28410133719444275,0.06526575237512589,2.0
1230,1.0,1.0,0.0,,0.9444635510444641,0.918109118938446,0.08354879170656204,0.00979994609951973,3.0
1231,1.0,1.0,,,0.9957858324050903,0.9908994436264038,0.00579857686534524,0.11902712285518646,2.0
1232,0.0,,,,0.5402325391769409,0.9617548584938049,0.7364463806152344,0.9641117453575134,1.0
1233,1.0,1.0,,,0.9989739060401917,0.9990009069442749,0.7404910326004028,0.8701629638671875,1.0
1234,0.0,0.0,,,0.004889877047389746,0.025037717074155807,0.006071736570447683,0.012539164163172245,2.0
1235,1.0,1.0,,,0.9970703721046448,0.9979227185249329,0.6723131537437439,0.967581570148468,2.0
1236,0.0,0.0,0.0,,0.013447699137032032,0.9695276021957397,0.02629341371357441,0.1822865605354309,3.0
1237,1.0,1.0,0.0,,0.9819356799125671,0.9949890375137329,0.11920584738254547,0.16608944535255432,0.0
1238,0.0,0.0,0.0,,0.004269666038453579,0.021404430270195007,0.007588583044707775,0.008026694878935814,4.0
1239,1.0,1.0,,,0.9992560148239136,0.9992873668670654,0.710271954536438,0.9479390382766724,3.0
1240,1.0,1.0,1.0,,0.9991638660430908,0.9991599321365356,0.7388506531715393,0.9428917169570923,3.0
1241,1.0,1.0,,,0.9961438775062561,0.9976876974105835,0.558969259262085,0.9602593183517456,2.0
1242,1.0,1.0,,,0.9776294231414795,0.9900691509246826,0.09750837832689285,0.9620485305786133,1.0
1243,1.0,1.0,1.0,,0.37849655747413635,0.9987813234329224,0.8537846803665161,0.8132278323173523,4.0
1244,1.0,1.0,,,0.9401746988296509,0.9943673610687256,0.040734194219112396,0.04119151830673218,0.0
1245,1.0,1.0,1.0,,0.9751483201980591,0.9998698234558105,0.7754640579223633,0.8828880786895752,0.0
1246,1.0,1.0,,,0.9779176115989685,0.99984210729599,0.8653435707092285,0.7386989593505859,3.0
1247,0.0,1.0,1.0,,0.6528459787368774,0.9929165840148926,0.7781842350959778,0.7702729105949402,0.0
1248,0.0,0.0,0.0,,0.001966862240806222,0.022112935781478882,0.006198158487677574,0.008322951383888721,0.0
1249,0.0,0.0,,,0.004614965990185738,0.05293833464384079,0.0511949360370636,0.07617062330245972,0.0
1250,0.0,1.0,,,0.5484477281570435,0.9966233968734741,0.4525347352027893,0.452514111995697,3.0
1251,1.0,1.0,,,0.9878731369972229,0.9997849464416504,0.8332675099372864,0.8693642020225525,2.0
1252,0.0,0.0,0.0,0.0,0.002223350340500474,0.014619141817092896,0.006581217981874943,0.008775544352829456,3.0
1253,0.0,0.0,0.0,,0.0018498763674870133,0.018915539607405663,0.005462720524519682,0.00796147808432579,3.0
1254,,1.0,,,0.13214857876300812,0.022029856219887733,0.01231858879327774,0.011499378830194473,2.0
1255,1.0,1.0,0.0,,0.9931591153144836,0.9926997423171997,0.0043913680128753185,0.04531732201576233,0.0
1256,1.0,1.0,1.0,,0.9991658329963684,0.9992541074752808,0.8168835639953613,0.9434115290641785,3.0
1257,1.0,1.0,0.0,,0.9911420345306396,0.9863878488540649,0.007292808964848518,0.005694612395018339,4.0
1258,1.0,1.0,,,0.997910737991333,0.9993815422058105,0.607295036315918,0.9030710458755493,0.0
1259,0.0,0.0,,,0.003945235628634691,0.08297258615493774,0.011791259050369263,0.004836434032768011,2.0
1260,0.0,0.0,0.0,0.0,0.015707291662693024,0.13765351474285126,0.05354953557252884,0.006158262491226196,4.0
1261,1.0,1.0,1.0,,0.9991353154182434,0.9993246793746948,0.8507250547409058,0.9696126580238342,1.0
1262,1.0,1.0,0.0,,0.9891854524612427,0.993645429611206,0.011096328496932983,0.039452943950891495,3.0
1263,0.0,0.0,,,0.019470198079943657,0.022057242691516876,0.06824496388435364,0.031222902238368988,1.0
1264,1.0,1.0,0.0,,0.9917664527893066,0.9927933812141418,0.34823811054229736,0.032907236367464066,1.0
1265,1.0,1.0,1.0,,0.9849516749382019,0.9988602995872498,0.6729942560195923,0.9019785523414612,3.0
1266,1.0,1.0,0.0,0.0,0.9954749345779419,0.9928592443466187,0.2274027168750763,0.06215181201696396,1.0
1267,1.0,1.0,,,0.8949116468429565,0.9871484637260437,0.0986710861325264,0.011233149096369743,4.0
1268,0.0,0.0,,,0.001783287967555225,0.018613042309880257,0.0022030093241482973,0.07902131229639053,0.0
1269,0.0,0.0,0.0,,0.002313464879989624,0.018792586401104927,0.0023282745387405157,0.006325791589915752,1.0
1270,0.0,0.0,0.0,,0.004478688817471266,0.09433038532733917,0.0029082836117595434,0.0386713445186615,0.0
1271,0.0,0.0,0.0,,0.0017378834309056401,0.023427296429872513,0.008349455893039703,0.012865068390965462,0.0
1272,0.0,0.0,0.0,,0.008631035685539246,0.12430447340011597,0.3963460624217987,0.018039779737591743,0.0
1273,1.0,1.0,0.0,0.0,0.9514327049255371,0.9860986471176147,0.021904215216636658,0.07111921906471252,1.0
1274,0.0,0.0,,,0.0019292690558359027,0.02328142523765564,0.0014003420947119594,0.18694227933883667,3.0
1275,0.0,0.0,0.0,0.0,0.006047111004590988,0.021630611270666122,0.01627994142472744,0.006178942508995533,4.0
1276,0.0,1.0,,,0.4942799508571625,0.9945917725563049,0.7690050005912781,0.6415398716926575,3.0
1277,0.0,0.0,,,0.00375783396884799,0.022272510454058647,0.0044078645296394825,0.00561523949727416,4.0
1278,1.0,1.0,0.0,,0.642012357711792,0.7233383059501648,0.3027036488056183,0.02562854066491127,0.0
1279,0.0,0.0,,,0.0019776280969381332,0.02474956400692463,0.013269813731312752,0.008334440179169178,4.0
1280,1.0,1.0,,,0.9889918565750122,0.9968265295028687,0.037839241325855255,0.02262408472597599,3.0
1281,1.0,1.0,1.0,1.0,0.9987791180610657,0.99991774559021,0.9764135479927063,0.9828886389732361,0.0
1282,1.0,1.0,0.0,,0.9765450358390808,0.98872309923172,0.052103642374277115,0.006707857362926006,4.0
1283,0.0,0.0,,,0.004156477749347687,0.12272526323795319,0.008442775346338749,0.009135259315371513,0.0
1284,0.0,0.0,,,0.004283993039280176,0.02266049012541771,0.013858890160918236,0.11707280576229095,1.0
1285,,0.0,,,0.001704944996163249,0.021349772810935974,0.0036543775349855423,0.00961680244654417,0.0
1286,1.0,1.0,,,0.9933642148971558,0.9970248937606812,0.019947083666920662,0.034830108284950256,0.0
1287,1.0,1.0,0.0,,0.9940261244773865,0.9986618161201477,0.010615452192723751,0.04040471091866493,1.0
1288,0.0,0.0,,,0.0012922239257022738,0.026784807443618774,0.0068625519052147865,0.00504093524068594,2.0
1289,0.0,1.0,0.0,,0.7610975503921509,0.514880359172821,0.01478184200823307,0.17151540517807007,0.0
1290,0.0,0.0,,,0.001951065962202847,0.016908586025238037,0.0009910943917930126,0.007692077197134495,1.0
1291,1.0,1.0,1.0,,0.979162335395813,0.9997109770774841,0.8927446007728577,0.7957944869995117,4.0
1292,1.0,1.0,,,0.9977020025253296,0.9998399615287781,0.8152288198471069,0.8727436065673828,0.0
1293,0.0,0.0,0.0,,0.0020297374576330185,0.033868640661239624,0.009376647882163525,0.008705140091478825,2.0
1294,1.0,,,,0.9929730892181396,0.9997252225875854,0.5755115747451782,0.8130990266799927,4.0
1295,1.0,1.0,,,0.7337435483932495,0.9678301811218262,0.12681318819522858,0.06266796588897705,4.0
1296,0.0,1.0,,,0.8631240725517273,0.9842992424964905,0.0232990849763155,0.03247268870472908,3.0
1297,1.0,1.0,,,0.9915573596954346,0.9994176626205444,0.4918299913406372,0.007820924744009972,4.0
1298,1.0,1.0,,,0.9875898957252502,0.9995091557502747,0.7265215516090393,0.8437134027481079,0.0
1299,1.0,1.0,,,0.9992640018463135,0.9998935461044312,0.5804043412208557,0.8724074363708496,2.0
1300,0.0,0.0,0.0,,0.0023282950278371572,0.05971057340502739,0.005522273946553469,0.004512882325798273,4.0
1301,0.0,0.0,0.0,,0.014332561753690243,0.6124124526977539,0.029268311336636543,0.10959437489509583,2.0
1302,0.0,0.0,,,0.001999888103455305,0.02424336038529873,0.055563848465681076,0.06043105199933052,0.0
1303,1.0,1.0,0.0,,0.9832521080970764,0.9932908415794373,0.010180096141994,0.03200221806764603,1.0
1304,1.0,1.0,,,0.9830046892166138,0.9999423623085022,0.9102514386177063,0.8154405355453491,0.0
1305,1.0,1.0,,,0.5438436269760132,0.9506365060806274,0.28572890162467957,0.3774089217185974,3.0
1306,0.0,0.0,,,0.00265452079474926,0.019846847280859947,0.0037790921051055193,0.004629506729543209,4.0
1307,0.0,0.0,,,0.00153339933604002,0.015345325693488121,0.0070101311430335045,0.003487740410491824,2.0
1308,1.0,1.0,0.0,0.0,0.9956634044647217,0.9948256611824036,0.30367809534072876,0.041774339973926544,4.0
1309,1.0,1.0,,,0.9930105209350586,0.9950015544891357,0.012860849499702454,0.08281072974205017,0.0
1310,0.0,0.0,,,0.002413365989923477,0.02861301600933075,0.0037085171788930893,0.03066994994878769,0.0
1311,0.0,0.0,,,0.0020460751838982105,0.019257763400673866,0.002073081210255623,0.008433210663497448,4.0
1312,1.0,1.0,,,0.987168550491333,0.990836501121521,0.041278012096881866,0.004144131671637297,4.0
1313,0.0,1.0,1.0,,0.5797724723815918,0.9991009831428528,0.9825822114944458,0.7747219204902649,1.0
1314,1.0,1.0,0.0,,0.9979590177536011,0.9997036457061768,0.8831522464752197,0.11238408088684082,0.0
1315,1.0,1.0,0.0,,0.9443933963775635,0.9975120425224304,0.7861549854278564,0.19359293580055237,0.0
1316,1.0,1.0,1.0,,0.47474703192710876,0.9984598159790039,0.974878191947937,0.9308127164840698,1.0
1317,1.0,1.0,,,0.9914721846580505,0.9653843641281128,0.27855339646339417,0.9492495059967041,0.0
1318,1.0,1.0,,,0.7617479562759399,0.9673914313316345,0.0612931065261364,0.008429928682744503,2.0
1319,0.0,0.0,,,0.002310913521796465,0.046559348702430725,0.04638458043336868,0.004958941135555506,2.0
1320,0.0,0.0,,,0.0021571731194853783,0.017836052924394608,0.004299736116081476,0.005029643885791302,2.0
1321,1.0,1.0,,,0.9854727983474731,0.9960504174232483,0.07075367867946625,0.027013756334781647,0.0
1322,0.0,0.0,,,0.0017136888345703483,0.01597757823765278,0.06084015592932701,0.02506536990404129,1.0
1323,0.0,0.0,,,0.004989015404134989,0.10244139283895493,0.028877731412649155,0.03490680456161499,1.0
1324,0.0,0.0,,,0.001959840999916196,0.017550162971019745,0.012811170890927315,0.008084133267402649,3.0
1325,1.0,1.0,0.0,,0.9969654679298401,0.9986531734466553,0.8473740816116333,0.07670294493436813,3.0
1326,0.0,0.0,,,0.010418876074254513,0.26929429173469543,0.027132492512464523,0.021472614258527756,3.0
1327,0.0,0.0,,,0.003915604669600725,0.025966618210077286,0.016736559569835663,0.005157183390110731,4.0
1328,0.0,0.0,0.0,,0.002337685553357005,0.01906273141503334,0.002283648122102022,0.0090930862352252,3.0
1329,1.0,1.0,,,0.9970831274986267,0.9975598454475403,0.1908060759305954,0.01243642345070839,3.0
1330,1.0,1.0,1.0,,0.9985696077346802,0.999403715133667,0.5902414321899414,0.9916663765907288,2.0
1331,0.0,0.0,,,0.0020274282433092594,0.019202228635549545,0.057220183312892914,0.062291793525218964,3.0
1332,1.0,1.0,0.0,1.0,0.9994080662727356,0.999041736125946,0.023151932284235954,0.9707648754119873,1.0
1333,1.0,1.0,0.0,,0.9917437434196472,0.985722541809082,0.0018618411850184202,0.03259158134460449,1.0
1334,0.0,0.0,,,0.00685925455763936,0.093660868704319,0.004855493549257517,0.00819806382060051,0.0
1335,0.0,0.0,,,0.0012554804561659694,0.02413548342883587,0.18855148553848267,0.0038869206327944994,2.0
1336,1.0,1.0,0.0,,0.9807377457618713,0.9980648159980774,0.15705715119838715,0.04708503931760788,2.0
1337,0.0,0.0,,,0.0032511427998542786,0.02230352908372879,0.004092494957149029,0.01677347905933857,2.0
1338,0.0,0.0,,,0.0024137927684932947,0.018522407859563828,0.05380396544933319,0.026855699717998505,1.0
1339,0.0,0.0,,,0.002997222589328885,0.01877150498330593,0.006299538537859917,0.008417115546762943,3.0
1340,1.0,1.0,1.0,1.0,0.9987974166870117,0.9982330203056335,0.8366272449493408,0.9681908488273621,2.0
1341,1.0,1.0,,,0.9909207820892334,0.9971221089363098,0.019736938178539276,0.024277441203594208,0.0
1342,0.0,0.0,,,0.002579663647338748,0.025705963373184204,0.0012031407095491886,0.012559708207845688,2.0
1343,0.0,0.0,,,0.004056571051478386,0.15459290146827698,0.004627635236829519,0.00842223595827818,1.0
1344,0.0,0.0,,,0.0015823666471987963,0.02395787090063095,0.020938066765666008,0.009648188948631287,0.0
1345,0.0,0.0,,,0.005073669832199812,0.06512411683797836,0.03995713219046593,0.0038135985378175974,2.0
1346,0.0,0.0,,,0.0016940694767981768,0.017833372578024864,0.012360971421003342,0.005210583563894033,4.0
1347,1.0,1.0,0.0,,0.9729584455490112,0.9727033972740173,0.08801557123661041,0.9619295597076416,2.0
1348,1.0,1.0,0.0,,0.9942818880081177,0.994624137878418,0.003056948771700263,0.17835500836372375,3.0
1349,0.0,1.0,0.0,0.0,0.19099916517734528,0.022747831419110298,0.017458733171224594,0.020221099257469177,1.0
1350,0.0,0.0,,,0.0023422371596097946,0.01749238185584545,0.005527235567569733,0.009588735178112984,3.0
1351,0.0,0.0,,,0.020819755271077156,0.06610812246799469,0.0030190821271389723,0.00729270838201046,1.0
1352,0.0,0.0,,,0.0027145773638039827,0.018466632813215256,0.0035269882064312696,0.01196492649614811,1.0
1353,0.0,1.0,0.0,0.0,0.1515720784664154,0.9460540413856506,0.6909128427505493,0.07717147469520569,3.0
1354,0.0,0.0,,,0.0016305283643305302,0.017946206033229828,0.008450275287032127,0.0036941731814295053,4.0
1355,0.0,0.0,,,0.002052816329523921,0.03218419849872589,0.038239091634750366,0.11368071287870407,2.0
1356,0.0,0.0,,,0.0025779507122933865,0.03224516287446022,0.0050541977398097515,0.038937319070100784,0.0
1357,0.0,0.0,,,0.02500675432384014,0.8446558713912964,0.007150474935770035,0.013738091103732586,1.0
1358,0.0,0.0,0.0,,0.0036373522598296404,0.04897735267877579,0.01205839030444622,0.04973941296339035,3.0
1359,0.0,0.0,,,0.0017122254939749837,0.035260848701000214,0.0012568688252940774,0.013123830780386925,2.0
1360,0.0,0.0,,,0.001392342266626656,0.014609423466026783,0.00989619456231594,0.0035641982685774565,2.0
1361,0.0,0.0,,,0.001619120710529387,0.024563366547226906,0.003750032978132367,0.008807092905044556,2.0
1362,1.0,1.0,,,0.9948910474777222,0.9988112449645996,0.031192893162369728,0.027999017387628555,1.0
1363,0.0,0.0,,,0.002591555705294013,0.021010607481002808,0.014984231442213058,0.008266709744930267,4.0
1364,0.0,0.0,0.0,,0.0099269337952137,0.04133326932787895,0.024539781734347343,0.011675065383315086,0.0
1365,1.0,1.0,1.0,,0.9932074546813965,0.9997283220291138,0.7941235303878784,0.819861650466919,4.0
1366,0.0,0.0,,,0.003600210417062044,0.019150760024785995,0.007871681824326515,0.10469319671392441,0.0
1367,1.0,1.0,,,0.9927170276641846,0.9975671768188477,0.030290691182017326,0.006946654058992863,4.0
1368,0.0,0.0,0.0,,0.006151455454528332,0.4601803421974182,0.6612639427185059,0.059519823640584946,1.0
1369,0.0,0.0,0.0,,0.003546262625604868,0.021494805812835693,0.021735018119215965,0.0066255563870072365,4.0
1370,0.0,0.0,,,0.004320005886256695,0.023964067921042442,0.06447345018386841,0.010421494953334332,1.0
1371,0.0,0.0,0.0,,0.006350411102175713,0.23472477495670319,0.13970880210399628,0.02422567829489708,3.0
1372,0.0,0.0,0.0,,0.0016335779801011086,0.020980095490813255,0.009632717818021774,0.004431568086147308,4.0
1373,0.0,0.0,0.0,0.0,0.012792626395821571,0.1933826059103012,0.030644714832305908,0.04623017460107803,4.0
1374,0.0,0.0,,,0.003638366935774684,0.018517376855015755,0.0032362977508455515,0.0054594422690570354,2.0
1375,1.0,1.0,,,0.9947682023048401,0.9947353601455688,0.02946525625884533,0.041104886680841446,2.0
1376,1.0,1.0,,,0.9649611711502075,0.9984084963798523,0.26701825857162476,0.20200489461421967,2.0
1377,0.0,0.0,0.0,,0.07524636387825012,0.03571134805679321,0.008652185089886189,0.004411611240357161,4.0
1378,1.0,0.0,0.0,,0.009924021549522877,0.2271343171596527,0.012133686803281307,0.007584410719573498,2.0
1379,0.0,0.0,,,0.001695465063676238,0.02092854492366314,0.0007110087899491191,0.0074252234771847725,0.0
1380,1.0,1.0,0.0,,0.9852989315986633,0.9892173409461975,0.0297066830098629,0.030873559415340424,0.0
1381,1.0,1.0,0.0,,0.9900454878807068,0.9894536733627319,0.07399636507034302,0.07309108972549438,0.0
1382,1.0,1.0,0.0,,0.9934313893318176,0.9896560311317444,0.021428517997264862,0.02106606774032116,1.0
1383,0.0,0.0,0.0,,0.002618568716570735,0.025813736021518707,0.0027509955689311028,0.01264425553381443,0.0
1384,1.0,1.0,1.0,,0.9971237778663635,0.9992411136627197,0.7954930663108826,0.9447793364524841,3.0
1385,0.0,0.0,,,0.09867901355028152,0.4783913195133209,0.168895423412323,0.014402706176042557,0.0
1386,1.0,1.0,,,0.9747072458267212,0.9943704009056091,0.007343639153987169,0.09759238362312317,0.0
1387,1.0,1.0,0.0,,0.9833337664604187,0.9918248057365417,0.036555156111717224,0.047277867794036865,0.0
1388,0.0,1.0,1.0,,0.969484806060791,0.999268651008606,0.9297820925712585,0.9278042912483215,3.0
1389,1.0,1.0,1.0,,0.9289665818214417,0.9985854029655457,0.555192232131958,0.7292191386222839,2.0
1390,0.0,0.0,0.0,0.0,0.00630941754207015,0.05408778414130211,0.0027615344151854515,0.0049730935133993626,4.0
1391,0.0,0.0,0.0,0.0,0.0015931087546050549,0.029970910400152206,0.039679981768131256,0.011275296099483967,0.0
1392,0.0,0.0,0.0,,0.002286233939230442,0.017810195684432983,0.00326657691039145,0.00951346755027771,3.0
1393,0.0,1.0,1.0,1.0,0.2875586152076721,0.9973897933959961,0.6744397878646851,0.9437555074691772,1.0
1394,1.0,1.0,,,0.9984176754951477,0.9951026439666748,0.5122042298316956,0.8994535803794861,2.0
1395,0.0,0.0,,,0.0041771577671170235,0.025677397847175598,0.03551017865538597,0.061230335384607315,0.0
1396,1.0,1.0,,,0.9460095763206482,0.9993993639945984,0.7346014976501465,0.8129283785820007,4.0
1397,1.0,1.0,,,0.9942593574523926,0.995109498500824,0.01827615685760975,0.01143353059887886,3.0
1398,0.0,1.0,,,0.886847734451294,0.9937637448310852,0.007372940890491009,0.02733258716762066,1.0
1399,1.0,1.0,1.0,,0.9789646863937378,0.9979192018508911,0.5106237530708313,0.9393095374107361,3.0
1400,1.0,1.0,1.0,,0.9842534065246582,0.9985008835792542,0.6286280751228333,0.9423918128013611,4.0
1401,0.0,1.0,1.0,,0.33640968799591064,0.9977236390113831,0.979451060295105,0.7555909156799316,2.0
1402,0.0,0.0,0.0,,0.0019288914045318961,0.017557501792907715,0.010490928776562214,0.008186367340385914,1.0
1403,0.0,1.0,0.0,,0.9880632758140564,0.9818847179412842,0.11583588272333145,0.0723448395729065,1.0
1404,1.0,1.0,,,0.978726863861084,0.9650136828422546,0.022272197529673576,0.21930170059204102,1.0
1405,0.0,0.0,,,0.0010749940993264318,0.018044019117951393,0.00841930415481329,0.003674668027088046,2.0
1406,0.0,0.0,0.0,,0.08879192173480988,0.9895661473274231,0.16389773786067963,0.22513048350811005,2.0
1407,1.0,1.0,0.0,,0.9930568337440491,0.9964672923088074,0.008471982553601265,0.024336256086826324,3.0
1408,0.0,0.0,0.0,,0.0022932246793061495,0.021880608052015305,0.014142000116407871,0.004072165582329035,4.0
1409,0.0,0.0,,,0.0024658236652612686,0.02541198953986168,0.0023564789444208145,0.004846761468797922,4.0
1410,0.0,0.0,,,0.002857326064258814,0.01986348256468773,0.007906035520136356,0.016346296295523643,2.0
1411,0.0,1.0,,,0.8569035530090332,0.5979864597320557,0.04349128529429436,0.09789273142814636,0.0
1412,0.0,0.0,0.0,,0.0018001404823735356,0.047362908720970154,0.001139300875365734,0.01054391823709011,0.0
1413,0.0,0.0,0.0,,0.003256942145526409,0.019780129194259644,0.0033297096379101276,0.004501632880419493,2.0
1414,0.0,1.0,,,0.4547973871231079,0.9904042482376099,0.7367550730705261,0.8694556951522827,0.0
1415,1.0,1.0,,,0.694961428642273,0.59818035364151,0.017269356176257133,0.007359328679740429,4.0
1416,1.0,1.0,,,0.9938924908638,0.9946956038475037,0.04763692617416382,0.007343600504100323,4.0
1417,1.0,1.0,1.0,0.0,0.5028420686721802,0.1214645504951477,0.018404502421617508,0.9305444359779358,3.0
1418,0.0,0.0,,,0.0045039658434689045,0.02404823899269104,0.0013488847762346268,0.029122963547706604,0.0
1419,1.0,1.0,0.0,,0.9924455285072327,0.9938058853149414,0.02909940481185913,0.027148721739649773,0.0
1420,0.0,0.0,0.0,,0.0024305719416588545,0.017519403249025345,0.015230556018650532,0.00621016277000308,1.0
1421,0.0,1.0,1.0,0.0,0.7307263016700745,0.9984363913536072,0.6201589107513428,0.7785815000534058,2.0
1422,1.0,1.0,1.0,,0.9980438351631165,0.999712347984314,0.7177503108978271,0.651749312877655,3.0
1423,1.0,1.0,0.0,,0.9988741874694824,0.9981539249420166,0.6743140816688538,0.02568761259317398,0.0
1424,0.0,0.0,,,0.005107851233333349,0.0636351928114891,0.038656074553728104,0.09158241003751755,3.0
1425,1.0,1.0,,,0.9971198439598083,0.997180163860321,0.544970691204071,0.8627732992172241,3.0
1426,1.0,1.0,,,0.9960052371025085,0.9969565272331238,0.4399082660675049,0.027242960408329964,3.0
1427,1.0,1.0,,,0.998664915561676,0.9980701804161072,0.2846960723400116,0.8927537202835083,1.0
1428,1.0,1.0,,,0.9945205450057983,0.9960125684738159,0.15406429767608643,0.06494327634572983,2.0
1429,1.0,1.0,,,0.99330073595047,0.9952284097671509,0.014775054529309273,0.027006743475794792,1.0
1430,0.0,0.0,,,0.001070636324584484,0.014967070892453194,0.01159235555678606,0.004029584117233753,2.0
1431,1.0,1.0,0.0,,0.9984956383705139,0.9935166835784912,0.3052937686443329,0.971390426158905,3.0
1432,1.0,1.0,1.0,1.0,0.9975934624671936,0.9891699552536011,0.886004626750946,0.9421436190605164,3.0
1433,1.0,1.0,1.0,,0.9941619634628296,0.9998611211776733,0.6610149145126343,0.7935988903045654,0.0
1434,1.0,1.0,,,0.9730175733566284,0.9999235272407532,0.8069270849227905,0.7988661527633667,4.0
1435,1.0,1.0,0.0,,0.9860972166061401,0.959888219833374,0.15936321020126343,0.9742976427078247,0.0
1436,0.0,0.0,,,0.0019430485554039478,0.08546392619609833,0.0021921340376138687,0.014831462875008583,0.0
1437,0.0,0.0,,,0.0022944991942495108,0.03019905649125576,0.004113816190510988,0.008301116526126862,3.0
1438,0.0,0.0,0.0,,0.0016115191392600536,0.026969779282808304,0.00844244472682476,0.0047807758674025536,4.0
1439,1.0,1.0,0.0,,0.978933572769165,0.9883109331130981,0.09650443494319916,0.004778387024998665,4.0
1440,0.0,0.0,0.0,,0.0025559321511536837,0.020162319764494896,0.006083768792450428,0.007645143661648035,3.0
1441,0.0,0.0,0.0,,0.0023740187752991915,0.022710824385285378,0.0010223075514659286,0.00889314990490675,0.0
1442,1.0,1.0,1.0,,0.9960307478904724,0.9998221397399902,0.913741409778595,0.7361743450164795,1.0
1443,1.0,1.0,1.0,,0.673499584197998,0.9980926513671875,0.9016996026039124,0.8084043860435486,4.0
1444,0.0,1.0,,,0.7888715863227844,0.9991520643234253,0.2518390715122223,0.4879441559314728,0.0
1445,0.0,0.0,0.0,,0.005214350298047066,0.16533109545707703,0.012587547302246094,0.006262683309614658,4.0
1446,1.0,1.0,1.0,,0.8212694525718689,0.9325834512710571,0.32848769426345825,0.8745317459106445,0.0
1447,0.0,0.0,0.0,,0.004288254305720329,0.024357974529266357,0.023162653669714928,0.022471824660897255,1.0
1448,0.0,0.0,,,0.0024678874760866165,0.018626658245921135,0.054649122059345245,0.023717913776636124,1.0
1449,1.0,1.0,,,0.9965804815292358,0.9996449947357178,0.7443866729736328,0.8239039778709412,2.0
1450,0.0,0.0,,,0.0023297599982470274,0.018730586394667625,0.0011993544176220894,0.009819764643907547,3.0
1451,0.0,1.0,,,0.33687901496887207,0.9891536235809326,0.7288187742233276,0.7624387741088867,0.0
1452,0.0,0.0,0.0,0.0,0.0035310767125338316,0.01870695874094963,0.01581414043903351,0.010324298404157162,1.0
1453,1.0,1.0,,,0.9956084489822388,0.9981735944747925,0.06870486587285995,0.023040220141410828,0.0
1454,1.0,1.0,,,0.9966557025909424,0.9996699690818787,0.6883922219276428,0.6479031443595886,3.0
1455,1.0,1.0,,,0.9904645681381226,0.9886310696601868,0.01378384418785572,0.023918544873595238,1.0
1456,1.0,1.0,1.0,1.0,0.9965180158615112,0.9998717904090881,0.9550601243972778,0.7094850540161133,3.0
1457,0.0,0.0,0.0,,0.017862411215901375,0.1808251291513443,0.007219991181045771,0.07490971684455872,0.0
1458,1.0,1.0,0.0,,0.9899318218231201,0.989582896232605,0.012167947366833687,0.005074377171695232,4.0
1459,0.0,0.0,,,0.011226058006286621,0.13278186321258545,0.24797487258911133,0.04125189036130905,2.0
1460,,0.0,,,0.0036073781084269285,0.015899527817964554,0.00602926779538393,0.008079352788627148,3.0
1461,0.0,0.0,,,0.008108709007501602,0.15316638350486755,0.11423923075199127,0.06548278033733368,3.0
1462,1.0,1.0,1.0,1.0,0.22976814210414886,0.997111439704895,0.613865852355957,0.7118770480155945,2.0
1463,0.0,0.0,0.0,0.0,0.0017366992542520165,0.024794084951281548,0.03688205033540726,0.08296214789152145,2.0
1464,1.0,1.0,,,0.7552792429924011,0.9964843988418579,0.6830359697341919,0.6993353962898254,3.0
1465,0.0,0.0,0.0,,0.002125561935827136,0.13604573905467987,0.036439333111047745,0.005474630277603865,2.0
1466,1.0,1.0,0.0,,0.9947652816772461,0.9994218349456787,0.8058249950408936,0.1343776285648346,0.0
1467,1.0,1.0,1.0,,0.6011974811553955,0.9951784014701843,0.7185644507408142,0.9335336685180664,1.0
1468,1.0,1.0,1.0,,0.9948700070381165,0.9997849464416504,0.8481784462928772,0.6671969294548035,3.0
1469,1.0,1.0,,,0.5437414646148682,0.9963773488998413,0.6853524446487427,0.6906725764274597,3.0
1470,0.0,0.0,,,0.005634467117488384,0.028153106570243835,0.002145308069884777,0.07442565262317657,4.0
1471,0.0,0.0,1.0,,0.004523010458797216,0.2915293872356415,0.10337139666080475,0.8938660025596619,2.0
1472,0.0,0.0,0.0,,0.002916467608883977,0.034527622163295746,0.0014352158177644014,0.009164557792246342,0.0
1473,0.0,0.0,,,0.006027002353221178,0.09245488792657852,0.020989753305912018,0.021718773990869522,2.0
1474,0.0,0.0,,,0.0029075576458126307,0.018147211521863937,0.013555319979786873,0.007319582626223564,3.0
1475,0.0,0.0,0.0,,0.028260696679353714,0.2627682685852051,0.010957169346511364,0.011594695970416069,0.0
1476,0.0,0.0,0.0,,0.0017368615372106433,0.01622358337044716,0.008438283577561378,0.004891661461442709,2.0
1477,1.0,1.0,,,0.983741044998169,0.6118187308311462,0.2645154595375061,0.07274451851844788,2.0
1478,1.0,1.0,1.0,1.0,0.999670147895813,0.9985201358795166,0.6155705451965332,0.9076728224754333,4.0
1479,0.0,0.0,0.0,,0.0019523815717548132,0.022195156663656235,0.010619299486279488,0.004480789881199598,4.0
1480,1.0,1.0,,,0.9991989135742188,0.9981988668441772,0.734647810459137,0.9663842916488647,2.0
1481,1.0,1.0,,,0.998376190662384,0.9998309016227722,0.789371907711029,0.7150527238845825,3.0
1482,0.0,0.0,,,0.0018225559033453465,0.019127435982227325,0.020724717527627945,0.005503934342414141,4.0
1483,1.0,,,,0.8747332692146301,0.977966845035553,0.12138114869594574,0.05089304596185684,1.0
1484,0.0,0.0,0.0,,0.005271142814308405,0.021830638870596886,0.002853548852726817,0.006807739846408367,4.0
1485,0.0,0.0,,,0.002210258971899748,0.020344149321317673,0.018204867839813232,0.0040203058160841465,4.0
1486,0.0,1.0,0.0,,0.5860427021980286,0.2982727885246277,0.0861971378326416,0.12036861479282379,2.0
1487,0.0,0.0,0.0,,0.0019300258718430996,0.01684972457587719,0.0013279695995151997,0.00806859228760004,3.0
1488,1.0,1.0,1.0,1.0,0.9959713220596313,0.9986180067062378,0.08394072204828262,0.8847901225090027,0.0
1489,0.0,0.0,0.0,,0.0012587481178343296,0.039580702781677246,0.002390071516856551,0.005491962190717459,2.0
1490,1.0,1.0,0.0,0.0,0.9939417839050293,0.9983102083206177,0.024919748306274414,0.03437060862779617,0.0
1491,1.0,1.0,,,0.6407135128974915,0.9941285848617554,0.7892575860023499,0.8810410499572754,0.0
1492,0.0,0.0,0.0,,0.0017427292186766863,0.020621784031391144,0.004282628186047077,0.007997551932930946,3.0
1493,0.0,0.0,,,0.0025128251872956753,0.08252366632223129,0.00636159535497427,0.01468572299927473,2.0
1494,0.0,0.0,0.0,,0.004525939002633095,0.020130595192313194,0.016893884167075157,0.01631792075932026,1.0
1495,1.0,1.0,0.0,,0.9872038960456848,0.9929690957069397,0.038136620074510574,0.005453863181173801,4.0
1496,0.0,0.0,0.0,,0.005078874994069338,0.03491811826825142,0.06730164587497711,0.005947633646428585,4.0
1497,1.0,1.0,1.0,,0.9937329292297363,0.999879777431488,0.7510923147201538,0.7153211832046509,4.0
1498,0.0,0.0,0.0,,0.002106808591634035,0.08889171481132507,0.007733240723609924,0.014394450932741165,3.0
1499,0.0,1.0,0.0,,0.11076175421476364,0.017728984355926514,0.0026807282119989395,0.009919973090291023,2.0
1500,0.0,0.0,,,0.0029250141233205795,0.028679780662059784,0.03213556855916977,0.007711125537753105,4.0
1501,0.0,0.0,,,0.0019684871658682823,0.016069402918219566,0.01252044178545475,0.006872737780213356,1.0
1502,0.0,0.0,0.0,,0.002433632966130972,0.021130116656422615,0.007042199373245239,0.008994278497993946,1.0
1503,0.0,1.0,,,0.8825989961624146,0.8506108522415161,0.0631619393825531,0.0310229305177927,2.0
1504,0.0,0.0,,,0.0047673447988927364,0.0229612048715353,0.02466505393385887,0.012949121184647083,4.0
1505,0.0,0.0,0.0,,0.000857704842928797,0.015280132181942463,0.03014218807220459,0.0049903676845133305,2.0
1506,1.0,1.0,,,0.8503929376602173,0.9919730424880981,0.10778699815273285,0.10683800280094147,0.0
1507,1.0,1.0,0.0,,0.4575777053833008,0.9132469892501831,0.15083232522010803,0.4059600830078125,3.0
1508,1.0,1.0,1.0,,0.9990634322166443,0.9996086359024048,0.7316715121269226,0.933536171913147,0.0
1509,0.0,0.0,,,0.001446049427613616,0.028625769540667534,0.025619346648454666,0.08306175470352173,2.0
1510,1.0,1.0,,,0.906512975692749,0.9247415661811829,0.03741157799959183,0.19674064218997955,0.0
1511,0.0,0.0,,,0.003930662292987108,0.055369362235069275,0.005956316366791725,0.026821641251444817,2.0
1512,0.0,1.0,0.0,0.0,0.506891667842865,0.16349805891513824,0.022448517382144928,0.06664204597473145,2.0
1513,0.0,0.0,,,0.0015925475163385272,0.020850636065006256,0.001556236413307488,0.004336448851972818,2.0
1514,1.0,1.0,1.0,,0.9966261982917786,0.9896928071975708,0.08172820508480072,0.9906212687492371,2.0
1515,0.0,0.0,,,0.001770106959156692,0.021394873037934303,0.013651690445840359,0.004365724977105856,4.0
1516,0.0,1.0,,,0.09973055124282837,0.9940929412841797,0.8872947692871094,0.9279938340187073,3.0
1517,0.0,0.0,,,0.0025149958673864603,0.016495991498231888,0.23016144335269928,0.007390656508505344,3.0
1518,1.0,,,,0.994898796081543,0.9997093677520752,0.7125469446182251,0.9160411357879639,2.0
1519,0.0,0.0,,,0.0017986185848712921,0.01548800989985466,0.002764711622148752,0.007921705953776836,3.0
1520,0.0,0.0,,,0.0024076877161860466,0.019018905237317085,0.0024652096908539534,0.005561445839703083,4.0
1521,1.0,1.0,,,0.1999824047088623,0.9918878674507141,0.6365687847137451,0.8643516302108765,2.0
1522,1.0,1.0,0.0,,0.9862015843391418,0.9891070127487183,0.3012331426143646,0.02915460616350174,4.0
1523,1.0,1.0,,,0.990092396736145,0.9924684166908264,0.010527493432164192,0.02922545000910759,0.0
1524,0.0,1.0,0.0,,0.46411240100860596,0.16255974769592285,0.10429812967777252,0.016726668924093246,3.0
1525,1.0,1.0,,,0.9978874921798706,0.999542236328125,0.7909160256385803,0.8282909989356995,0.0
1526,0.0,0.0,,,0.005946160759776831,0.05630118027329445,0.11761129647493362,0.009623168967664242,0.0
1527,0.0,0.0,0.0,,0.005741971544921398,0.08483920991420746,0.015511221252381802,0.006077729165554047,4.0
1528,0.0,,,,0.2430897355079651,0.9943182468414307,0.8854182958602905,0.8113413453102112,4.0
1529,0.0,0.0,,,0.0026331618428230286,0.019255051389336586,0.012412975542247295,0.005642564967274666,4.0
1530,1.0,1.0,,,0.9954805970191956,0.9789043664932251,0.315301775932312,0.04226638004183769,1.0
1531,1.0,1.0,,,0.9934413433074951,0.9924015402793884,0.20152486860752106,0.047933388501405716,3.0
1532,0.0,0.0,,,0.0057540638372302055,0.03717910498380661,0.12514854967594147,0.005206629168242216,2.0
1533,0.0,1.0,0.0,,0.15060672163963318,0.9902747273445129,0.3928985595703125,0.1422504037618637,2.0
1534,0.0,1.0,,,0.5233698487281799,0.9946475625038147,0.8401885628700256,0.8063328266143799,4.0
1535,1.0,1.0,1.0,1.0,0.852749228477478,0.9492601752281189,0.2984631359577179,0.8870333433151245,4.0
1536,0.0,1.0,,,0.36211708188056946,0.16096609830856323,0.17426244914531708,0.016267281025648117,3.0
1537,0.0,0.0,0.0,,0.005642551928758621,0.03446913883090019,0.06189417093992233,0.014941439963877201,1.0
1538,1.0,1.0,0.0,0.0,0.9975857138633728,0.998619794845581,0.4117918312549591,0.12992435693740845,2.0
1539,0.0,0.0,,,0.0017642986495047808,0.01808062195777893,0.0028341268189251423,0.004103683866560459,4.0
1540,0.0,0.0,0.0,,0.0028183357790112495,0.026087114587426186,0.006782537326216698,0.022394077852368355,3.0
1541,0.0,1.0,,,0.7828309535980225,0.9672765731811523,0.04918868839740753,0.24903640151023865,0.0
1542,1.0,1.0,1.0,,0.8782491683959961,0.999039351940155,0.9835349321365356,0.7017502784729004,3.0
1543,1.0,1.0,0.0,,0.3934404253959656,0.9949510097503662,0.8298700451850891,0.10819628834724426,3.0
1544,0.0,0.0,,,0.004052313975989819,0.023154979571700096,0.01733347773551941,0.004760074429214001,2.0
1545,0.0,0.0,0.0,0.0,0.005588078871369362,0.020400388166308403,0.04734259471297264,0.009163105860352516,1.0
1546,0.0,0.0,0.0,,0.0017892438918352127,0.019087426364421844,0.001926703960634768,0.025455819442868233,0.0
1547,1.0,1.0,,,0.941116988658905,0.9619892835617065,0.6427520513534546,0.9005616903305054,3.0
1548,1.0,1.0,1.0,,0.9958087205886841,0.9996845722198486,0.9233506917953491,0.6800525188446045,3.0
1549,1.0,1.0,,,0.9181004762649536,0.9672508239746094,0.17576655745506287,0.3534206748008728,3.0
1550,1.0,1.0,,,0.9967690706253052,0.9996125102043152,0.6704350113868713,0.8420788049697876,2.0
1551,1.0,1.0,0.0,,0.9987102746963501,0.9981998205184937,0.04699111729860306,0.8841478824615479,3.0
1552,0.0,0.0,,,0.002276225946843624,0.03004663996398449,0.0035325149074196815,0.04341447725892067,0.0
1553,1.0,1.0,1.0,,0.9117310047149658,0.9924170970916748,0.8966516256332397,0.957543134689331,2.0
1554,1.0,1.0,,,0.9966623187065125,0.9991273880004883,0.7205162048339844,0.952610433101654,3.0
1555,0.0,0.0,,,0.0022936249151825905,0.017775245010852814,0.002601944375783205,0.008491484448313713,3.0
1556,1.0,1.0,,,0.9927858710289001,0.9887803792953491,0.007894889451563358,0.06568388640880585,1.0
1557,1.0,1.0,1.0,,0.9936083555221558,0.9955101013183594,0.31703266501426697,0.9525046348571777,2.0
1558,1.0,1.0,,,0.8142846822738647,0.9931316375732422,0.0823456272482872,0.06400719285011292,1.0
1559,1.0,1.0,0.0,0.0,0.9269388318061829,0.9868251085281372,0.06650474667549133,0.05265352129936218,0.0
1560,0.0,0.0,0.0,,0.013861856423318386,0.36298543214797974,0.0031010545790195465,0.01774524338543415,0.0
1561,1.0,1.0,,,0.9981225728988647,0.9986988306045532,0.6281876564025879,0.8923869132995605,0.0
1562,0.0,0.0,0.0,0.0,0.0032882571686059237,0.02832696959376335,0.08477669954299927,0.014416474848985672,1.0
1563,0.0,1.0,1.0,1.0,0.760936975479126,0.9956135153770447,0.8649725317955017,0.9345571398735046,3.0
1564,1.0,1.0,0.0,,0.997875452041626,0.9979411363601685,0.055376388132572174,0.6052907705307007,0.0
1565,0.0,0.0,,,0.003654531668871641,0.08347507566213608,0.08657602965831757,0.0038301218301057816,2.0
1566,0.0,0.0,,,0.0034573995508253574,0.025835182517766953,0.007053285837173462,0.03147192671895027,1.0
1567,0.0,0.0,,,0.0013490812852978706,0.06758783757686615,0.022617563605308533,0.003685997799038887,2.0
1568,0.0,0.0,,,0.0017526560695841908,0.020251549780368805,0.0015137727605178952,0.22274045646190643,3.0
1569,1.0,1.0,,,0.993169903755188,0.9952616095542908,0.0021289149299263954,0.26140978932380676,3.0
1570,1.0,1.0,1.0,,0.9995710253715515,0.9992685317993164,0.5235638618469238,0.8450766205787659,4.0
1571,0.0,1.0,0.0,,0.21888166666030884,0.034278787672519684,0.010746367275714874,0.028771474957466125,3.0
1572,0.0,0.0,,,0.031154165044426918,0.6533157825469971,0.015893513336777687,0.06465271860361099,2.0
1573,0.0,0.0,,,0.0052532777190208435,0.31643787026405334,0.06568382680416107,0.07601996511220932,0.0
1574,0.0,0.0,,,0.14517240226268768,0.9956273436546326,0.5070109367370605,0.8978621959686279,2.0
1575,1.0,1.0,0.0,,0.9986609816551208,0.9959067702293396,0.5447453260421753,0.1840028017759323,2.0
1576,0.0,0.0,0.0,,0.0024652902502566576,0.05703002214431763,0.017296625301241875,0.17223481833934784,3.0
1577,0.0,0.0,,,0.001336342771537602,0.02027777209877968,0.0021966772619634867,0.0034282668493688107,2.0
1578,1.0,1.0,0.0,0.0,0.9946147203445435,0.9964649677276611,0.06653646379709244,0.12757238745689392,2.0
1579,1.0,1.0,,,0.9931894540786743,0.9975064992904663,0.12104640156030655,0.005676480941474438,4.0
1580,0.0,0.0,,,0.03192912042140961,0.4964453876018524,0.0144963338971138,0.03281364589929581,0.0
1581,1.0,1.0,,,0.9840825796127319,0.999187707901001,0.28273069858551025,0.23662319779396057,2.0
1582,0.0,0.0,,,0.002309903036803007,0.016380896791815758,0.00803853664547205,0.0065529365092515945,1.0
1583,1.0,1.0,,,0.9896381497383118,0.9913419485092163,0.011121653020381927,0.08623047173023224,0.0
1584,1.0,1.0,0.0,,0.9213108420372009,0.2054108828306198,0.06403376162052155,0.017382269725203514,1.0
1585,0.0,0.0,0.0,,0.0021104770712554455,0.02048230916261673,0.013110501691699028,0.004057344514876604,4.0
1586,0.0,0.0,,,0.0010828443337231874,0.014220347627997398,0.00838276743888855,0.003831209847703576,2.0
1587,0.0,0.0,,,0.005945457145571709,0.29797735810279846,0.2144164890050888,0.05220182612538338,3.0
1588,1.0,1.0,,,0.9934985637664795,0.9956541061401367,0.004577812273055315,0.011674943380057812,3.0
1589,1.0,1.0,0.0,,0.981916069984436,0.9831089377403259,0.26909521222114563,0.013505380600690842,4.0
1590,0.0,0.0,0.0,,0.0012091886019334197,0.01637449488043785,0.01180996559560299,0.013332766480743885,2.0
1591,0.0,0.0,0.0,,0.00337821152061224,0.17695769667625427,0.020043259486556053,0.014225359074771404,0.0
1592,0.0,0.0,,,0.001975923776626587,0.016626346856355667,0.033127252012491226,0.023243462666869164,1.0
1593,0.0,0.0,,,0.005056315567344427,0.05545180290937424,0.08089721947908401,0.09348692744970322,0.0
1594,1.0,1.0,,,0.9894838929176331,0.9896434545516968,0.10721860080957413,0.07589215040206909,1.0
1595,0.0,0.0,,,0.003474267665296793,0.02466999553143978,0.0074459100142121315,0.004937568213790655,4.0
1596,0.0,1.0,,,0.2573079764842987,0.99275141954422,0.8386944532394409,0.7688095569610596,2.0
1597,0.0,0.0,,,0.01704590581357479,0.10413871705532074,0.017514057457447052,0.012627216055989265,4.0
1598,0.0,0.0,,,0.00244413991458714,0.043773431330919266,0.01101789902895689,0.004921206273138523,2.0
1599,0.0,0.0,,,0.0025111869908869267,0.019442463293671608,0.049778349697589874,0.031828392297029495,1.0
1600,1.0,1.0,,,0.9987409114837646,0.9993070363998413,0.8566791415214539,0.9562846422195435,3.0
1601,1.0,1.0,,,0.9940513372421265,0.9965249300003052,0.023216133937239647,0.026274047791957855,3.0
1602,0.0,0.0,,,0.004228541161864996,0.020458651706576347,0.020181426778435707,0.12547516822814941,1.0
1603,1.0,1.0,,,0.9797583818435669,0.9883185625076294,0.02136383205652237,0.008043508045375347,4.0
1604,0.0,1.0,,,0.37442368268966675,0.216777965426445,0.3168078064918518,0.0918305367231369,3.0
1605,0.0,0.0,0.0,,0.0024556508287787437,0.034354258328676224,0.4273601174354553,0.014021499082446098,0.0
1606,1.0,0.0,,,0.007909640669822693,0.06395377963781357,0.06872174143791199,0.03506770357489586,3.0
1607,1.0,1.0,,,0.9902609586715698,0.9449948668479919,0.11994127184152603,0.3603884279727936,3.0
1608,0.0,0.0,0.0,,0.00522135104984045,0.031488265842199326,0.002453656867146492,0.008369047194719315,0.0
1609,1.0,1.0,1.0,,0.9975950717926025,0.9994668960571289,0.8139589428901672,0.9843217134475708,2.0
1610,1.0,1.0,1.0,,0.9433557987213135,0.9998283982276917,0.9293089509010315,0.8460731506347656,0.0
1611,0.0,0.0,,,0.04064604640007019,0.7745516896247864,0.01847127079963684,0.03323400020599365,0.0
1612,1.0,1.0,,,0.9630498290061951,0.9917747378349304,0.15590807795524597,0.1341046392917633,1.0
1613,1.0,1.0,,,0.9877744913101196,0.9871731400489807,0.20508870482444763,0.023503566160798073,2.0
1614,1.0,1.0,,,0.9981539845466614,0.9974886775016785,0.5753834843635559,0.9629673957824707,2.0
1615,0.0,0.0,,,0.0018373973434790969,0.015848267823457718,0.00221481965854764,0.007691431790590286,3.0
1616,0.0,0.0,,,0.0021650679409503937,0.1005382388830185,0.08536921441555023,0.015161394141614437,3.0
1617,1.0,1.0,0.0,,0.989662766456604,0.9995288848876953,0.09821255505084991,0.11468851566314697,0.0
1618,1.0,1.0,1.0,,0.9950292110443115,0.9990856647491455,0.713068962097168,0.930063784122467,0.0
1619,0.0,0.0,,,0.0024516440462321043,0.027644038200378418,0.032551608979701996,0.013149108737707138,0.0
1620,1.0,1.0,,,0.9915182590484619,0.9884331822395325,0.012792273424565792,0.02337101474404335,1.0
1621,0.0,0.0,,,0.001191596151329577,0.013693561777472496,0.003331162966787815,0.005023264791816473,2.0
1622,1.0,1.0,0.0,,0.9970241189002991,0.9975175857543945,0.4205935001373291,0.08242630213499069,3.0
1623,1.0,1.0,,,0.815986692905426,0.6352587938308716,0.01338600181043148,0.02312268316745758,3.0
1624,0.0,0.0,,,0.0050649261102080345,0.03258039429783821,0.017009926959872246,0.010413285344839096,4.0
1625,0.0,0.0,0.0,,0.00400819955393672,0.02577490359544754,0.006384600419551134,0.011210042051970959,3.0
1626,1.0,1.0,0.0,,0.816245436668396,0.7176533937454224,0.15725205838680267,0.057460322976112366,2.0
1627,0.0,1.0,1.0,,0.30861562490463257,0.9962552785873413,0.7900018692016602,0.8931358456611633,4.0
1628,0.0,0.0,,,0.002816175576299429,0.023085666820406914,0.06333912909030914,0.0654091015458107,0.0
1629,1.0,1.0,,,0.9943243265151978,0.998688817024231,0.007968739606440067,0.03595414757728577,0.0
1630,1.0,1.0,,,0.9939177632331848,0.9962489008903503,0.011800339445471764,0.015456567518413067,3.0
1631,1.0,1.0,1.0,,0.9996517300605774,0.9971572756767273,0.7813490033149719,0.8988509178161621,4.0
1632,1.0,1.0,0.0,,0.9904783964157104,0.989822506904602,0.010777645744383335,0.026478663086891174,2.0
1633,1.0,1.0,1.0,,0.9649485349655151,0.9997758865356445,0.910164475440979,0.8200605511665344,0.0
1634,1.0,1.0,,,0.9965546131134033,0.9999082088470459,0.9558405876159668,0.8197652697563171,4.0
1635,0.0,0.0,,,0.001823230879381299,0.0178571417927742,0.006979222409427166,0.004630168899893761,4.0
1636,1.0,1.0,,,0.9951159954071045,0.9996589422225952,0.6295584440231323,0.8375989198684692,4.0
1637,1.0,1.0,,,0.9663609266281128,0.9995845556259155,0.43229323625564575,0.35064971446990967,3.0
1638,1.0,1.0,,,0.9689059257507324,0.9726754426956177,0.013575326651334763,0.008306320756673813,4.0
1639,1.0,1.0,0.0,,0.993482232093811,0.996168851852417,0.01206040009856224,0.018503788858652115,1.0
1640,0.0,0.0,,,0.0018935097614303231,0.020538106560707092,0.047903385013341904,0.06023872643709183,0.0
1641,1.0,1.0,0.0,,0.996372640132904,0.9952864646911621,0.3290843069553375,0.06130144000053406,1.0
1642,0.0,0.0,0.0,,0.0018373349448665977,0.014934930019080639,0.005087990779429674,0.007625514641404152,3.0
1643,1.0,1.0,1.0,,0.9993410110473633,0.9996036291122437,0.8949284553527832,0.8937403559684753,4.0
1644,0.0,0.0,,,0.0031480530742555857,0.022232169285416603,0.0014879365917295218,0.009484350681304932,1.0
1645,1.0,1.0,0.0,,0.9353107810020447,0.8719766736030579,0.5376123785972595,0.22549235820770264,2.0
1646,1.0,1.0,1.0,,0.9988418817520142,0.9993533492088318,0.5238323211669922,0.9711882472038269,1.0
1647,1.0,1.0,0.0,,0.9948990941047668,0.9794955849647522,0.14029280841350555,0.972649872303009,3.0
1648,0.0,0.0,0.0,,0.6041131019592285,0.983579158782959,0.004626440815627575,0.10659972578287125,4.0
1649,0.0,0.0,0.0,,0.010374569334089756,0.1896718591451645,0.04816990718245506,0.00875039491802454,3.0
1650,1.0,1.0,0.0,,0.7385969161987305,0.026328252628445625,0.10411050915718079,0.07938870787620544,1.0
1651,0.0,1.0,,,0.30357715487480164,0.9982564449310303,0.6710032224655151,0.752946138381958,2.0
1652,0.0,0.0,,,0.0023085589054971933,0.019462408497929573,0.02277941070497036,0.010613267309963703,0.0
1653,1.0,1.0,,,0.9949930310249329,0.9968281984329224,0.00712741632014513,0.015959633514285088,3.0
1654,1.0,1.0,,,0.9969237446784973,0.999229907989502,0.8427432179450989,0.9665690064430237,2.0
1655,0.0,0.0,0.0,,0.0029871531296521425,0.02472851052880287,0.034407854080200195,0.01126339752227068,1.0
1656,0.0,0.0,,,0.0017835106700658798,0.026154503226280212,0.007755028083920479,0.011589708738029003,0.0
1657,0.0,0.0,,,0.003635838394984603,0.016608763486146927,0.006271192338317633,0.010580620728433132,1.0
1658,1.0,1.0,0.0,,0.9198017120361328,0.9128524661064148,0.004118373151868582,0.020826295018196106,2.0
1659,0.0,0.0,,,0.0024277488701045513,0.13244232535362244,0.002745068399235606,0.057790372520685196,0.0
1660,0.0,0.0,,,0.00220194342546165,0.019608812406659126,0.08075935393571854,0.0646650642156601,3.0
1661,0.0,0.0,0.0,0.0,0.02360282465815544,0.16420972347259521,0.07992853224277496,0.00395943270996213,4.0
1662,0.0,0.0,,,0.0059701199643313885,0.020818179473280907,0.016422556713223457,0.008456380106508732,4.0
1663,0.0,0.0,,,0.00438531581312418,0.01708085834980011,0.01996878907084465,0.0062829265370965,4.0
1664,1.0,1.0,,,0.9850766658782959,0.9996693730354309,0.6228631138801575,0.6671493649482727,4.0
1665,0.0,0.0,0.0,,0.0022345134057104588,0.01649388298392296,0.01386393141001463,0.009038037620484829,1.0
1666,1.0,1.0,,,0.9946379065513611,0.9963354468345642,0.030780203640460968,0.012604344636201859,3.0
1667,0.0,1.0,1.0,0.0,0.5045562982559204,0.9907976388931274,0.8991288542747498,0.74810391664505,2.0
1668,0.0,0.0,,,0.0012976430589333177,0.02011893503367901,0.03267887234687805,0.08124981075525284,2.0
1669,0.0,0.0,0.0,,0.0022331695072352886,0.018344206735491753,0.0018107864307239652,0.00792305264621973,1.0
1670,0.0,0.0,,,0.00863682571798563,0.023482345044612885,0.010892240330576897,0.021250858902931213,1.0
1671,0.0,0.0,,,0.012941877357661724,0.5057716965675354,0.04288855567574501,0.29198405146598816,3.0
1672,1.0,1.0,,,0.978371262550354,0.9998723864555359,0.6651008129119873,0.7114585041999817,3.0
1673,1.0,1.0,1.0,,0.28227874636650085,0.9986516237258911,0.9924445748329163,0.8269556760787964,1.0
1674,1.0,1.0,0.0,,0.8584741950035095,0.6532473564147949,0.10083513706922531,0.1155090183019638,2.0
1675,1.0,1.0,0.0,,0.9575838446617126,0.9766167402267456,0.06059087812900543,0.06120290607213974,1.0
1676,0.0,0.0,,,0.0019938740879297256,0.015501530840992928,0.01073615811765194,0.0074313124641776085,3.0
1677,1.0,1.0,1.0,,0.9919136762619019,0.9999170303344727,0.9147321581840515,0.8122859597206116,2.0
1678,0.0,0.0,,,0.0057394546456635,0.019179975613951683,0.003249109722673893,0.006503318436443806,4.0
1679,0.0,0.0,,,0.0021016269456595182,0.020473472774028778,0.12106098234653473,0.008464030921459198,4.0
1680,0.0,1.0,,,0.9481146335601807,0.8260263800621033,0.16206637024879456,0.02442731335759163,0.0
1681,1.0,1.0,,,0.9946106672286987,0.9996330738067627,0.8301331400871277,0.731509268283844,3.0
1682,0.0,1.0,,,0.32557615637779236,0.9831226468086243,0.7953953742980957,0.8183602094650269,4.0
1683,0.0,0.0,,,0.006482462864369154,0.05007436126470566,0.00622296379879117,0.0367278978228569,1.0
1684,0.0,0.0,0.0,,0.0027354564517736435,0.01710447669029236,0.010802111588418484,0.005952267907559872,1.0
1685,0.0,0.0,,,0.016091803088784218,0.6242682933807373,0.19860133528709412,0.0683252215385437,4.0
1686,0.0,1.0,,,0.18837784230709076,0.08169637620449066,0.011846170760691166,0.005291387438774109,4.0
1687,0.0,0.0,,,0.0018050569342449307,0.014215236529707909,0.007160115521401167,0.02238640934228897,3.0
1688,1.0,1.0,,,0.9391673803329468,0.9996672868728638,0.633823037147522,0.8133178949356079,4.0
1689,1.0,1.0,0.0,,0.9530219435691833,0.9951432943344116,0.14303016662597656,0.06332743912935257,1.0
1690,1.0,1.0,0.0,,0.999097466468811,0.9994570016860962,0.7411221265792847,0.07621990144252777,0.0
1691,1.0,1.0,0.0,,0.9307080507278442,0.9258196949958801,0.0986955463886261,0.05503443628549576,1.0
1692,0.0,0.0,,,0.007502872031182051,0.020714230835437775,0.01509944535791874,0.007113118190318346,1.0
1693,1.0,1.0,,,0.9982819557189941,0.9973852038383484,0.23735716938972473,0.9069114923477173,4.0
1694,1.0,1.0,1.0,,0.5761388540267944,0.9890937209129333,0.7215521335601807,0.8686828017234802,2.0
1695,0.0,0.0,0.0,,0.07852555811405182,0.08749748021364212,0.3975420892238617,0.010213278234004974,4.0
1696,1.0,1.0,,,0.8211156129837036,0.8302871584892273,0.02827891707420349,0.0071460893377661705,4.0
1697,0.0,1.0,,,0.9072555303573608,0.9811798334121704,0.008045905269682407,0.019163062795996666,0.0
1698,1.0,1.0,0.0,,0.9972038269042969,0.9936351776123047,0.028793610632419586,0.9516708254814148,4.0
1699,0.0,0.0,,,0.013905507512390614,0.06257733702659607,0.00896479096263647,0.05617674067616463,0.0
1700,1.0,,,,0.9920200109481812,0.9608802795410156,0.014114180579781532,0.9449790716171265,2.0
1701,1.0,1.0,,,0.44941994547843933,0.9982012510299683,0.9097490906715393,0.762649416923523,2.0
1702,1.0,1.0,,,0.9941871762275696,0.9992935657501221,0.1987636685371399,0.13115885853767395,2.0
1703,1.0,1.0,,,0.9897903203964233,0.9975771903991699,0.12431439012289047,0.06175794452428818,1.0
1704,1.0,1.0,,,0.9772222638130188,0.9831579923629761,0.24431999027729034,0.019177019596099854,4.0
1705,1.0,1.0,0.0,1.0,0.9842908382415771,0.9989264011383057,0.011684685945510864,0.028208239004015923,4.0
1706,0.0,0.0,0.0,,0.0018247980624437332,0.021779660135507584,0.002171915490180254,0.009232616052031517,0.0
1707,1.0,1.0,0.0,,0.9873318672180176,0.9993574619293213,0.6696925163269043,0.0655701607465744,4.0
1708,0.0,0.0,,,0.06512420624494553,0.6813479065895081,0.12808983027935028,0.018041040748357773,1.0
1709,1.0,1.0,,,0.9905517101287842,0.9630656838417053,0.0657884031534195,0.05045023933053017,0.0
1710,1.0,1.0,,,0.9166903495788574,0.9957379102706909,0.06457626819610596,0.03674817830324173,2.0
1711,1.0,1.0,1.0,,0.9992906451225281,0.99994957447052,0.857474148273468,0.8364964127540588,0.0
1712,0.0,0.0,0.0,,0.0027315036859363317,0.05723468214273453,0.007020775228738785,0.018891599029302597,3.0
1713,0.0,0.0,0.0,,0.0019694603979587555,0.019271153956651688,0.0012754567433148623,0.010312658734619617,3.0
1714,0.0,0.0,,,0.0026784890796989202,0.02365441806614399,0.004554300103336573,0.0082930913195014,0.0
1715,1.0,1.0,,,0.9946532845497131,0.9961971640586853,0.6240474581718445,0.9398858547210693,4.0
1716,1.0,1.0,,,0.9262090921401978,0.9966053366661072,0.31439828872680664,0.04283226653933525,0.0
1717,0.0,0.0,,,0.0020500966347754,0.017155591398477554,0.002393614035099745,0.008360126987099648,0.0
1718,0.0,0.0,,,0.00225040502846241,0.017483249306678772,0.027129843831062317,0.009660216979682446,3.0
1719,1.0,1.0,1.0,,0.9714928865432739,0.9990090131759644,0.6417783498764038,0.9678439497947693,2.0
1720,1.0,1.0,0.0,,0.9908008575439453,0.9988594055175781,0.012741604819893837,0.011540304869413376,3.0
1721,1.0,1.0,,,0.9835609197616577,0.9887759685516357,0.010071642696857452,0.005335742607712746,4.0
1722,,0.0,,,0.004956863820552826,0.020551692694425583,0.01038020197302103,0.0044061774387955666,4.0
1723,0.0,0.0,,,0.007486814633011818,0.3544299006462097,0.0950409397482872,0.014743122272193432,0.0
1724,1.0,1.0,1.0,1.0,0.9337942600250244,0.998786449432373,0.5705258846282959,0.9294576644897461,2.0
1725,0.0,0.0,,,0.0027206302620470524,0.020797131583094597,0.0017013782635331154,0.07542625814676285,0.0
1726,0.0,0.0,0.0,,0.0032190680503845215,0.04974306374788284,0.24936479330062866,0.012163452804088593,0.0
1727,0.0,0.0,,,0.0022642577532678843,0.04528111219406128,0.03580997884273529,0.01073054876178503,3.0
1728,0.0,0.0,0.0,,0.002498065121471882,0.014819804579019547,0.004995540715754032,0.01292900275439024,3.0
1729,1.0,1.0,1.0,,0.9957613945007324,0.9603228569030762,0.8716273903846741,0.9400882720947266,3.0
1730,0.0,0.0,0.0,,0.0017820163629949093,0.020853685215115547,0.0014142220607027411,0.0086249690502882,0.0
1731,0.0,0.0,,,0.002282902365550399,0.021474141627550125,0.05336364358663559,0.06518036127090454,3.0
1732,0.0,0.0,,,0.09516629576683044,0.6737794280052185,0.03740245848894119,0.1412833333015442,2.0
1733,0.0,1.0,1.0,0.0,0.4161074757575989,0.9977571964263916,0.9331026077270508,0.8152818083763123,4.0
1734,0.0,0.0,,,0.001808397239074111,0.018878670409321785,0.0038142986595630646,0.004135342314839363,4.0
1735,1.0,1.0,,,0.9877936840057373,0.990156888961792,0.21618130803108215,0.2883939743041992,3.0
1736,1.0,1.0,,,0.9693635702133179,0.9529463052749634,0.34619876742362976,0.16543301939964294,0.0
1737,0.0,1.0,1.0,1.0,0.5610649585723877,0.999112069606781,0.9688583016395569,0.9402506947517395,0.0
1738,1.0,1.0,,,0.36139005422592163,0.9988540410995483,0.5912693738937378,0.6207693219184875,1.0
1739,0.0,0.0,,,0.0027733363676816225,0.04724029824137688,0.007288662251085043,0.0039544315077364445,2.0
1740,1.0,1.0,0.0,,0.9962975978851318,0.9959560632705688,0.00927039422094822,0.02344241924583912,2.0
1741,1.0,1.0,1.0,,0.973742663860321,0.9996883869171143,0.7486661076545715,0.7523319721221924,0.0
1742,0.0,0.0,0.0,0.0,0.002227040473371744,0.020786557346582413,0.0044297631829977036,0.007868156768381596,3.0
1743,1.0,1.0,0.0,,0.9896242618560791,0.9927617907524109,0.004322690423578024,0.18182164430618286,0.0
1744,1.0,1.0,0.0,,0.9809609055519104,0.9960942268371582,0.2306341826915741,0.02287447825074196,0.0
1745,1.0,1.0,,,0.9907254576683044,0.9960823655128479,0.004980659112334251,0.15343394875526428,0.0
1746,1.0,1.0,,,0.9888355135917664,0.9996305704116821,0.6941699981689453,0.6337393522262573,3.0
1747,1.0,1.0,,,0.9681508541107178,0.9024461507797241,0.12148851156234741,0.026251748204231262,1.0
1748,0.0,0.0,,,0.005948214791715145,0.13022437691688538,0.014684041030704975,0.009954741224646568,1.0
1749,1.0,1.0,,,0.9499083757400513,0.7159207463264465,0.03179723769426346,0.9316378235816956,0.0
1750,1.0,1.0,,,0.993121862411499,0.9948135614395142,0.10609135031700134,0.023037400096654892,2.0
1751,1.0,1.0,0.0,,0.8525959849357605,0.9667553305625916,0.023085247725248337,0.0062086801044642925,4.0
1752,0.0,1.0,0.0,,0.8629196882247925,0.882104754447937,0.004015428014099598,0.010663195513188839,2.0
1753,1.0,1.0,0.0,,0.9947760105133057,0.9973505735397339,0.027317404747009277,0.03474236652255058,0.0
1754,0.0,0.0,,,0.011592081747949123,0.030347483232617378,0.010387273505330086,0.029154984280467033,1.0
1755,1.0,1.0,,,0.9762462973594666,0.9247688055038452,0.008524905890226364,0.015498797409236431,3.0
1756,0.0,0.0,0.0,,0.0015230235876515508,0.016516339033842087,0.005804205778986216,0.004732322879135609,2.0
1757,0.0,0.0,,,0.0029892411548644304,0.020976008847355843,0.006369366310536861,0.0059798844158649445,4.0
1758,1.0,1.0,1.0,,0.997072696685791,0.9987084269523621,0.9061343669891357,0.9411987066268921,4.0
1759,0.0,0.0,,,0.01560484804213047,0.22274599969387054,0.12558715045452118,0.005005379673093557,4.0
1760,1.0,1.0,0.0,,0.9909175038337708,0.9950746297836304,0.015299258753657341,0.010101907886564732,3.0
1761,0.0,0.0,0.0,,0.0028983603697270155,0.027309279888868332,0.00907024648040533,0.01455310732126236,2.0
1762,1.0,1.0,,,0.9973652958869934,0.9960240125656128,0.028721550479531288,0.06017262116074562,3.0
1763,0.0,0.0,,,0.002233638660982251,0.023797011002898216,0.013829875737428665,0.010282233357429504,3.0
1764,1.0,1.0,,,0.9981229901313782,0.9998202323913574,0.8256779313087463,0.9706178903579712,2.0
1765,1.0,1.0,,,0.9942159652709961,0.9996781945228577,0.760250985622406,0.8730490207672119,2.0
1766,1.0,1.0,1.0,,0.7352026104927063,0.9981472492218018,0.9128469228744507,0.9244319200515747,3.0
1767,0.0,0.0,,,0.0013949488056823611,0.019680636003613472,0.003964498173445463,0.10586659610271454,0.0
1768,1.0,1.0,,,0.9918153882026672,0.9995233416557312,0.238296240568161,0.008740412071347237,4.0
1769,1.0,1.0,,,0.8025891184806824,0.5826498866081238,0.06110294908285141,0.13454613089561462,0.0
1770,0.0,0.0,0.0,,0.002954749623313546,0.12254413217306137,0.017231307923793793,0.00514754606410861,2.0
1771,0.0,1.0,,,0.625441312789917,0.9936120510101318,0.8004605770111084,0.8529467582702637,0.0
1772,0.0,0.0,0.0,,0.002835409250110388,0.026348652318120003,0.05876566469669342,0.0086866719648242,0.0
1773,0.0,1.0,0.0,,0.9415810704231262,0.9890750646591187,0.009297840297222137,0.006470557767897844,4.0
1774,1.0,1.0,,,0.8071860074996948,0.8385525941848755,0.009530771523714066,0.006087179761379957,4.0
1775,1.0,1.0,0.0,,0.9932084083557129,0.993227481842041,0.05757983401417732,0.022878505289554596,1.0
1776,1.0,1.0,0.0,,0.99880051612854,0.9980238080024719,0.742919921875,0.2200583517551422,1.0
1777,0.0,0.0,0.0,,0.08862955123186111,0.02574102208018303,0.20770102739334106,0.010935203172266483,1.0
1778,1.0,1.0,,,0.9924898147583008,0.9924594759941101,0.016905415803194046,0.0313829705119133,2.0
1779,0.0,1.0,0.0,,0.8097910284996033,0.7450658082962036,0.006476691924035549,0.04795315861701965,2.0
1780,1.0,,,,0.9829695224761963,0.999890923500061,0.5166171789169312,0.8503226041793823,2.0
1781,0.0,1.0,,,0.33413830399513245,0.034974053502082825,0.026143018156290054,0.01418333686888218,4.0
1782,0.0,0.0,,,0.002091657370328903,0.020433135330677032,0.00595179945230484,0.007986397482454777,3.0
1783,0.0,0.0,,,0.0025144354440271854,0.020694594830274582,0.07068230211734772,0.0232415571808815,1.0
1784,0.0,0.0,0.0,,0.0022550993598997593,0.026762694120407104,0.0032604383304715157,0.0138704227283597,3.0
1785,1.0,1.0,,,0.9806113839149475,0.990934431552887,0.0735226646065712,0.008321603760123253,4.0
1786,0.0,0.0,,,0.001192706055007875,0.016557227820158005,0.0019537541083991528,0.007660359144210815,2.0
1787,0.0,0.0,,,0.0021444556768983603,0.019163478165864944,0.013204765506088734,0.007193461060523987,4.0
1788,0.0,0.0,,,0.0029891515150666237,0.021399134770035744,0.010827895253896713,0.009074172005057335,3.0
1789,0.0,0.0,,,0.013532331213355064,0.51598060131073,0.009614073671400547,0.016735125333070755,0.0
1790,0.0,0.0,,,0.001718744169920683,0.02370567061007023,0.0031399542931467295,0.27228519320487976,3.0
1791,1.0,1.0,1.0,,0.9991438388824463,0.9993504285812378,0.8466187119483948,0.9069659113883972,0.0
1792,1.0,1.0,,,0.9932729601860046,0.9991801381111145,0.16675961017608643,0.18184998631477356,1.0
1793,1.0,1.0,,,0.9987379312515259,0.9969005584716797,0.44017261266708374,0.14795199036598206,1.0
1794,0.0,0.0,0.0,,0.004525057040154934,0.029126659035682678,0.002105562947690487,0.006737006362527609,4.0
1795,1.0,1.0,,,0.9812032580375671,0.999911367893219,0.7712045311927795,0.7783879637718201,2.0
1796,1.0,1.0,1.0,,0.9987015724182129,0.9995437264442444,0.9608948826789856,0.7284731864929199,4.0
1797,0.0,0.0,0.0,,0.003558554919436574,0.0342424251139164,0.010585746727883816,0.024857334792613983,0.0
1798,1.0,1.0,,,0.9633923768997192,0.9996938705444336,0.6753056645393372,0.7301743030548096,3.0
1799,1.0,1.0,0.0,,0.7921761274337769,0.6239883899688721,0.007989034987986088,0.007981989532709122,4.0
1800,0.0,0.0,,,0.0022505149245262146,0.01531296968460083,0.007048388943076134,0.04610810428857803,1.0
1801,0.0,0.0,,,0.0016298535047098994,0.025030797347426414,0.0015541341854259372,0.009677805937826633,0.0
1802,0.0,0.0,,,0.0020537530072033405,0.021270588040351868,0.1460106372833252,0.008210292086005211,4.0
1803,0.0,0.0,,,0.0013502113288268447,0.02064126916229725,0.019436461851000786,0.07714632898569107,2.0
1804,1.0,1.0,,,0.994836688041687,0.9968973994255066,0.049624502658843994,0.04908567667007446,0.0
1805,0.0,0.0,0.0,,0.036182012408971786,0.03956758230924606,0.3359525203704834,0.012175880372524261,1.0
1806,0.0,0.0,0.0,,0.0021475390531122684,0.01700245775282383,0.0041561732068657875,0.005693401210010052,4.0
1807,0.0,1.0,,,0.12369830161333084,0.6975423097610474,0.3535846173763275,0.3617945611476898,1.0
1808,1.0,1.0,,,0.3488718867301941,0.9963975548744202,0.6154552698135376,0.5516791343688965,1.0
1809,0.0,0.0,0.0,,0.00130085286218673,0.017015038058161736,0.00923838559538126,0.0046089887619018555,2.0
1810,1.0,1.0,,,0.9936935305595398,0.9955538511276245,0.3598848581314087,0.020446639508008957,4.0
1811,1.0,1.0,,,0.9931905269622803,0.993868350982666,0.0069586047902703285,0.025667306035757065,0.0
1812,0.0,0.0,,,0.005021869670599699,0.1684345304965973,0.009000800549983978,0.012713819742202759,0.0
1813,0.0,0.0,0.0,,0.0032611466012895107,0.0200081467628479,0.007520372048020363,0.01875252276659012,1.0
1814,0.0,0.0,,,0.004733397159725428,0.028951773419976234,0.030222494155168533,0.013517597690224648,1.0
1815,1.0,1.0,0.0,,0.9918006658554077,0.9979185461997986,0.16300068795681,0.01124105229973793,4.0
1816,1.0,1.0,0.0,,0.9947490096092224,0.9987120628356934,0.25976455211639404,0.07849033921957016,4.0
1817,0.0,0.0,0.0,,0.0021356181241571903,0.026057381182909012,0.004218244459480047,0.017587458714842796,0.0
1818,0.0,0.0,0.0,,0.002241039415821433,0.014983972534537315,0.006516709458082914,0.006563988979905844,1.0
1819,0.0,0.0,0.0,,0.0028402996249496937,0.02294553816318512,0.0389503575861454,0.2492228001356125,4.0
1820,0.0,0.0,,,0.006894638761878014,0.13382107019424438,0.07697858661413193,0.013491073623299599,1.0
1821,0.0,0.0,0.0,,0.0028472188860177994,0.018895359709858894,0.005523873493075371,0.010255037806928158,2.0
1822,1.0,1.0,0.0,1.0,0.9810327887535095,0.9764114618301392,0.014070572331547737,0.9555523991584778,2.0
1823,1.0,1.0,0.0,,0.9433107972145081,0.8201143741607666,0.11445208638906479,0.008816338144242764,4.0
1824,0.0,0.0,0.0,,0.0012854128144681454,0.01953933574259281,0.003179299645125866,0.004777757450938225,2.0
1825,0.0,0.0,,,0.0018737534992396832,0.01983647048473358,0.0480617880821228,0.031411439180374146,1.0
1826,0.0,0.0,0.0,0.0,0.001394800958223641,0.01711994968354702,0.006569594144821167,0.003764681750908494,2.0
1827,0.0,0.0,,,0.0016529967542737722,0.020529549568891525,0.006142714526504278,0.016549937427043915,0.0
1828,0.0,0.0,,,0.0028562333900481462,0.05682143196463585,0.006729677319526672,0.004394602961838245,2.0
1829,0.0,0.0,,,0.005191158503293991,0.14372998476028442,0.19390501081943512,0.0181382168084383,3.0
1830,1.0,1.0,0.0,,0.9958081841468811,0.9954253435134888,0.027693310752511024,0.0454179011285305,2.0
1831,1.0,1.0,,,0.6705286502838135,0.9968068599700928,0.6503615975379944,0.833299994468689,0.0
1832,0.0,0.0,,,0.002532657003030181,0.01923315040767193,0.006223880685865879,0.011719892732799053,1.0
1833,0.0,0.0,,,0.002230551792308688,0.03460700064897537,0.04781736060976982,0.06402134895324707,0.0
1834,0.0,0.0,,,0.002257121028378606,0.01968122273683548,0.012007256038486958,0.005006099585443735,4.0
1835,,1.0,,,0.9952383041381836,0.9975517988204956,0.23464573919773102,0.0548701211810112,2.0
1836,0.0,0.0,,,0.0023046594578772783,0.10654513537883759,0.002295040525496006,0.012567629106342793,2.0
1837,0.0,0.0,,,0.0023552405182272196,0.020774204283952713,0.009740798734128475,0.020794246345758438,1.0
1838,0.0,0.0,,,0.0013854457065463066,0.017627131193876266,0.0022955243475735188,0.010725930333137512,2.0
1839,1.0,1.0,,,0.2793886959552765,0.21575680375099182,0.05014874413609505,0.0276959128677845,1.0
1840,1.0,1.0,,,0.976860523223877,0.9947068095207214,0.22110095620155334,0.8976466655731201,2.0
1841,1.0,1.0,0.0,1.0,0.9935641884803772,0.9992362260818481,0.39261484146118164,0.03301462531089783,4.0
1842,1.0,1.0,,,0.9986997842788696,0.9976186752319336,0.5513143539428711,0.9410008788108826,1.0
1843,0.0,0.0,,,0.0024847774766385555,0.019580237567424774,0.02246357873082161,0.020602304488420486,4.0
1844,0.0,0.0,,,0.004330555908381939,0.022532179951667786,0.014046777039766312,0.034154586493968964,1.0
1845,1.0,1.0,1.0,,0.9687768220901489,0.9926087856292725,0.710446298122406,0.9334824681282043,3.0
1846,0.0,1.0,,,0.5655065774917603,0.9912688136100769,0.5464968085289001,0.7466137409210205,2.0
1847,1.0,1.0,,,0.9928021430969238,0.9998829364776611,0.7273803353309631,0.7944852113723755,0.0
1848,1.0,1.0,,,0.3794158101081848,0.9872879981994629,0.618882417678833,0.8187292218208313,4.0
1849,1.0,1.0,1.0,1.0,0.9220682978630066,0.9834626317024231,0.7457466125488281,0.9303598403930664,1.0
1850,0.0,0.0,0.0,,0.002842328744009137,0.10443225502967834,0.03269257768988609,0.019282611086964607,1.0
1851,0.0,0.0,,,0.018811190500855446,0.2909667491912842,0.01292451936751604,0.060507867485284805,2.0
1852,0.0,0.0,,,0.005488560535013676,0.03145366162061691,0.1349928230047226,0.020208708941936493,4.0
1853,1.0,1.0,,,0.4264771044254303,0.8391701579093933,0.18853770196437836,0.038713488727808,4.0
1854,1.0,1.0,,,0.965938150882721,0.9972105026245117,0.26834049820899963,0.018719621002674103,3.0
1855,1.0,1.0,,,0.8870851993560791,0.9865703582763672,0.23637406527996063,0.0244463961571455,0.0
1856,1.0,1.0,,,0.9935991168022156,0.9990798234939575,0.763327419757843,0.7110151648521423,3.0
1857,0.0,0.0,,,0.002495676279067993,0.042189452797174454,0.005096675828099251,0.009220496751368046,3.0
1858,0.0,0.0,,,0.0018088094657287002,0.02012241631746292,0.0022441144101321697,0.008744686841964722,0.0
1859,1.0,1.0,,,0.6851717233657837,0.9988115429878235,0.7717392444610596,0.6815954446792603,1.0
1860,1.0,1.0,,,0.8250654935836792,0.9992896318435669,0.7623881697654724,0.9242332577705383,0.0
1861,0.0,0.0,,,0.002439019735902548,0.033418674021959305,0.004413797985762358,0.010907871648669243,3.0
1862,1.0,1.0,0.0,,0.9963210225105286,0.9841954112052917,0.19498641788959503,0.9673134088516235,0.0
1863,1.0,1.0,,,0.9943665266036987,0.9783587455749512,0.04634888842701912,0.0061141871847212315,4.0
1864,0.0,0.0,0.0,,0.08798861503601074,0.9961167573928833,0.005408886820077896,0.030738767236471176,3.0
1865,1.0,1.0,0.0,,0.9929341077804565,0.9669163823127747,0.04203525185585022,0.9721871018409729,0.0
1866,1.0,1.0,0.0,,0.9876388311386108,0.987361490726471,0.006444415543228388,0.13838966190814972,0.0
1867,0.0,0.0,,,0.002022145316004753,0.01469649001955986,0.00742593826726079,0.007000650279223919,1.0
1868,1.0,1.0,,,0.8903207778930664,0.9992253184318542,0.5494545102119446,0.9269036054611206,0.0
1869,1.0,1.0,1.0,,0.9991224408149719,0.9996618628501892,0.8897266387939453,0.9243035912513733,0.0
1870,1.0,1.0,1.0,,0.9529945850372314,0.9861771464347839,0.9058181047439575,0.9520207047462463,3.0
1871,1.0,1.0,0.0,,0.9757391214370728,0.9998376965522766,0.6405779123306274,0.09020014107227325,0.0
1872,1.0,1.0,0.0,,0.9511383771896362,0.9948334097862244,0.6546181440353394,0.07294511049985886,1.0
1873,0.0,0.0,,,0.002747864229604602,0.021963760256767273,0.00931499619036913,0.033385176211595535,1.0
1874,1.0,1.0,,,0.9936534762382507,0.9997607469558716,0.8832986354827881,0.5108758807182312,1.0
1875,1.0,1.0,,,0.9952422380447388,0.9786150455474854,0.038997069001197815,0.9372225403785706,2.0
1876,0.0,0.0,0.0,,0.0019329689675942063,0.026444850489497185,0.006662650499492884,0.012286534532904625,3.0
1877,0.0,0.0,0.0,,0.0025779507122933865,0.15153400599956512,0.0067963856272399426,0.021182455122470856,2.0
1878,0.0,0.0,0.0,,0.002131890272721648,0.021457526832818985,0.005872564855962992,0.010257327929139137,0.0
1879,0.0,0.0,,,0.003363151103258133,0.021825674921274185,0.006401602178812027,0.00960160605609417,2.0
1880,0.0,0.0,,,0.010487237945199013,0.0485025979578495,0.04548213258385658,0.013114734552800655,0.0
1881,1.0,1.0,,,0.9993618726730347,0.9922617077827454,0.4586763083934784,0.014516834169626236,4.0
1882,1.0,1.0,,,0.9018610119819641,0.9947026968002319,0.2745487689971924,0.0585440993309021,3.0
1883,0.0,0.0,,,0.008507125079631805,0.12021849304437637,0.00858122855424881,0.05514470860362053,1.0
1884,0.0,0.0,0.0,,0.0024544771295040846,0.019218310713768005,0.00864333938807249,0.0052718608640134335,4.0
1885,0.0,0.0,,,0.0015039066784083843,0.02416282892227173,0.02699241228401661,0.012120531871914864,3.0
1886,0.0,0.0,,,0.002557366155087948,0.019980773329734802,0.006439975928515196,0.008120886981487274,3.0
1887,1.0,1.0,,,0.9969083070755005,0.9288032650947571,0.256063312292099,0.1843567192554474,2.0
1888,1.0,1.0,0.0,,0.8302274942398071,0.8904330134391785,0.06438586115837097,0.024131692945957184,1.0
1889,1.0,1.0,0.0,,0.9889233708381653,0.9773942232131958,0.006736438721418381,0.9637088775634766,3.0
1890,1.0,1.0,0.0,,0.9968702793121338,0.9938179850578308,0.03076872229576111,0.9579766988754272,4.0
1891,1.0,1.0,,,0.9876436591148376,0.9813573360443115,0.03218919038772583,0.20720386505126953,1.0
1892,0.0,0.0,,,0.0018035887042060494,0.019956883043050766,0.004822609014809132,0.008656843565404415,0.0
1893,1.0,1.0,,,0.9979038238525391,0.9992222189903259,0.8153759837150574,0.9706883430480957,2.0
1894,1.0,1.0,,,0.859059751033783,0.9982637166976929,0.7443320751190186,0.7472960948944092,2.0
1895,0.0,0.0,0.0,0.0,0.0027356159407645464,0.02701471373438835,0.009960426017642021,0.007156609557569027,4.0
1896,1.0,1.0,1.0,,0.9987491369247437,0.99810791015625,0.5109504461288452,0.8714725375175476,1.0
1897,0.0,0.0,0.0,,0.0018289042636752129,0.017736919224262238,0.008555835112929344,0.005752543453127146,4.0
1898,1.0,1.0,,,0.9097607731819153,0.8857266902923584,0.1277112066745758,0.02565169148147106,1.0
1899,1.0,1.0,,,0.7570657730102539,0.5859991312026978,0.004722765646874905,0.007126801181584597,4.0
1900,1.0,1.0,1.0,,0.9993736743927002,0.9993370771408081,0.856050968170166,0.9400285482406616,3.0
1901,0.0,1.0,,,0.1176924780011177,0.03173232823610306,0.04278920963406563,0.03193159028887749,1.0
1902,0.0,0.0,,,0.0017876653000712395,0.02233210951089859,0.011670175939798355,0.009279164485633373,0.0
1903,0.0,0.0,0.0,,0.003919489216059446,0.06065326929092407,0.008058086968958378,0.010534917004406452,3.0
1904,0.0,1.0,0.0,,0.3554525375366211,0.7191624641418457,0.36832717061042786,0.2569504380226135,1.0
1905,0.0,0.0,,,0.0030148199293762445,0.03199898824095726,0.0610702708363533,0.011590941809117794,3.0
1906,1.0,1.0,,,0.9084351658821106,0.993632435798645,0.8000562191009521,0.8030648827552795,4.0
1907,1.0,1.0,0.0,,0.920757532119751,0.9989956617355347,0.2925944924354553,0.213869109749794,1.0
1908,1.0,1.0,,,0.9948785901069641,0.9972316026687622,0.1051926463842392,0.019101548939943314,0.0
1909,1.0,1.0,1.0,1.0,0.9973170757293701,0.9997175335884094,0.9559560418128967,0.70646071434021,3.0
1910,0.0,0.0,,,0.002569765318185091,0.027334610000252724,0.009797312319278717,0.010743626393377781,0.0
1911,0.0,0.0,,,0.005939584691077471,0.1514197438955307,0.018303293734788895,0.005458255298435688,2.0
1912,1.0,1.0,,,0.9931515455245972,0.9909194707870483,0.12385638058185577,0.059217385947704315,3.0
1913,0.0,0.0,,,0.0022217563819140196,0.019034795463085175,0.009327353909611702,0.008148358203470707,3.0
1914,0.0,0.0,,,0.0019142536912113428,0.01983771286904812,0.08279255032539368,0.0654890313744545,3.0
1915,1.0,1.0,1.0,,0.987250804901123,0.9969772696495056,0.8897785544395447,0.7402389645576477,4.0
1916,1.0,1.0,,,0.7138742804527283,0.024749629199504852,0.054940998554229736,0.0186423622071743,1.0
1917,1.0,1.0,,,0.9900500774383545,0.9917017221450806,0.016479093581438065,0.27633950114250183,1.0
1918,0.0,0.0,,,0.0027624659705907106,0.021718943491578102,0.0038045039400458336,0.15657353401184082,3.0
1919,0.0,0.0,,,0.002786227036267519,0.04500488191843033,0.010757719166576862,0.004151521250605583,4.0
1920,1.0,1.0,,,0.9926437735557556,0.9945602416992188,0.017848119139671326,0.010470438748598099,3.0
1921,0.0,1.0,0.0,0.0,0.662787675857544,0.6218150854110718,0.07857929170131683,0.0774218738079071,0.0
1922,1.0,1.0,0.0,,0.9912592768669128,0.9913381934165955,0.08675962686538696,0.02271447703242302,2.0
1923,1.0,1.0,1.0,,0.9502770900726318,0.9971938729286194,0.7588586807250977,0.8321948051452637,4.0
1924,1.0,1.0,0.0,,0.9949857592582703,0.9900355935096741,0.004352979362010956,0.02930397354066372,2.0
1925,0.0,0.0,,,0.0018296465277671814,0.024445749819278717,0.00895946566015482,0.009915963746607304,0.0
1926,1.0,1.0,1.0,,0.8946657180786133,0.9989970326423645,0.9108255505561829,0.5896174907684326,1.0
1927,1.0,1.0,,,0.5028568506240845,0.455702006816864,0.42893555760383606,0.26253896951675415,1.0
1928,0.0,0.0,,,0.0020671216771006584,0.04279307648539543,0.024865102022886276,0.013091711327433586,2.0
1929,1.0,1.0,,,0.9959826469421387,0.9936999678611755,0.016871867701411247,0.04095892235636711,2.0
1930,0.0,0.0,,,0.005208211950957775,0.223581463098526,0.012581238523125648,0.004864252172410488,4.0
1931,1.0,1.0,1.0,1.0,0.9623991250991821,0.9996945858001709,0.9373435974121094,0.787361741065979,2.0
1932,0.0,0.0,0.0,0.0,0.0017962981946766376,0.0725073367357254,0.005543813109397888,0.009758686646819115,3.0
1933,0.0,1.0,0.0,,0.8638774156570435,0.9713658690452576,0.036110300570726395,0.01680210418999195,1.0
1934,1.0,1.0,,,0.9977657198905945,0.9998123645782471,0.9269658923149109,0.6972030997276306,3.0
1935,1.0,1.0,,,0.9883483052253723,0.9658563137054443,0.005763517692685127,0.9753875732421875,3.0
1936,0.0,0.0,,,0.002242754679173231,0.01529783383011818,0.020632775500416756,0.013424945063889027,1.0
1937,0.0,0.0,,,0.0068818689323961735,0.20064561069011688,0.10955812782049179,0.025935735553503036,1.0
1938,1.0,1.0,,,0.9787055253982544,0.9936552047729492,0.051092829555273056,0.0908496156334877,3.0
1939,0.0,0.0,,,0.005167197901755571,0.020656684413552284,0.02210722118616104,0.013647271320223808,1.0
1940,1.0,1.0,0.0,,0.9248911738395691,0.9606931805610657,0.07056531310081482,0.01928800530731678,1.0
1941,0.0,1.0,,,0.2920626103878021,0.11185422539710999,0.2847914695739746,0.17980404198169708,0.0
1942,1.0,1.0,0.0,,0.9969828128814697,0.9985595345497131,0.3656978905200958,0.09092798084020615,1.0
1943,1.0,1.0,0.0,0.0,0.2872389256954193,0.9744519591331482,0.6582797765731812,0.0807652622461319,3.0
1944,1.0,1.0,,,0.9946871399879456,0.990938127040863,0.053260356187820435,0.026141425594687462,2.0
1945,0.0,0.0,,,0.0023518502712249756,0.03629107028245926,0.010734870098531246,0.011675786226987839,1.0
1946,0.0,0.0,,,0.0018747721333056688,0.09607788920402527,0.010439395904541016,0.004155576694756746,2.0
1947,0.0,0.0,,,0.0033095218241214752,0.02899225242435932,0.006801916286349297,0.04359963536262512,3.0
1948,0.0,0.0,,,0.002109175780788064,0.028589025139808655,0.026033690199255943,0.09212209284305573,2.0
1949,1.0,1.0,,,0.9903019666671753,0.9839035272598267,0.09246174246072769,0.9257073998451233,3.0
1950,0.0,1.0,,,0.361105352640152,0.8470791578292847,0.805137038230896,0.6671535968780518,3.0
1951,0.0,1.0,,,0.4162144362926483,0.02649882808327675,0.004681090824306011,0.022696183994412422,1.0
1952,0.0,0.0,,,0.0593782514333725,0.11419478058815002,0.0032307689543813467,0.16998551785945892,4.0
1953,0.0,0.0,,,0.0023936659563332796,0.01722755841910839,0.013697224669158459,0.00635739928111434,1.0
1954,0.0,1.0,1.0,1.0,0.4852624833583832,0.9942024350166321,0.8012253046035767,0.9238469004631042,3.0
1955,0.0,0.0,0.0,0.0,0.0018204989610239863,0.02129538543522358,0.01026151143014431,0.0042817480862140656,4.0
1956,0.0,0.0,,,0.005269411951303482,0.0334029495716095,0.04981927201151848,0.04941875860095024,0.0
1957,1.0,1.0,,,0.9359924793243408,0.9959241151809692,0.3639863133430481,0.04077589139342308,3.0
1958,0.0,0.0,,,0.00416633952409029,0.08516500890254974,0.024420158937573433,0.023642223328351974,2.0
1959,0.0,0.0,,,0.0034626158885657787,0.01987384259700775,0.002046696376055479,0.0062156179919838905,4.0
1960,1.0,1.0,0.0,,0.8818076252937317,0.8858596086502075,0.02883053943514824,0.04859041050076485,2.0
1961,1.0,1.0,,,0.739025354385376,0.9927676320075989,0.03736479952931404,0.008392071351408958,2.0
1962,0.0,1.0,,,0.256339967250824,0.20881590247154236,0.11429372429847717,0.10389705747365952,2.0
1963,0.0,1.0,,,0.2732526361942291,0.9941968321800232,0.8626731634140015,0.5602397322654724,1.0
1964,0.0,0.0,,,0.0036105371546000242,0.08486048877239227,0.038227468729019165,0.01083893422037363,3.0
1965,1.0,1.0,,,0.9857284426689148,0.9925219416618347,0.12195912003517151,0.05333414673805237,0.0
1966,0.0,0.0,,,0.0035039004869759083,0.037553101778030396,0.00904191192239523,0.005133511498570442,4.0
1967,1.0,1.0,1.0,,0.9680341482162476,0.99993896484375,0.7376047968864441,0.6003603339195251,1.0
1968,1.0,1.0,,,0.9120650291442871,0.8033639192581177,0.025669703260064125,0.33341193199157715,3.0
1969,1.0,1.0,,,0.9944642782211304,0.9982593059539795,0.13116998970508575,0.022423552349209785,4.0
1970,1.0,1.0,0.0,,0.4190790355205536,0.39242616295814514,0.08768980205059052,0.07541348040103912,1.0
1971,0.0,0.0,0.0,,0.0023559832479804754,0.03770705312490463,0.0039514899253845215,0.03506215289235115,0.0
1972,0.0,1.0,,,0.9915660619735718,0.9870429039001465,0.006265060510486364,0.022358417510986328,1.0
1973,1.0,1.0,0.0,,0.9937930703163147,0.9957349896430969,0.180315762758255,0.014887098222970963,3.0
1974,0.0,0.0,0.0,0.0,0.009612062945961952,0.39196839928627014,0.09076176583766937,0.06333430111408234,2.0
1975,0.0,1.0,0.0,,0.579695463180542,0.8619670867919922,0.31834089756011963,0.04395965486764908,1.0
1976,0.0,0.0,,,0.002069555688649416,0.01985998824238777,0.004191590007394552,0.016362838447093964,3.0
1977,1.0,1.0,,,0.9924985766410828,0.9950068593025208,0.29143357276916504,0.024893082678318024,1.0
1978,0.0,0.0,,,0.002043269108980894,0.02232586219906807,0.05925274267792702,0.07131592184305191,0.0
1979,0.0,0.0,,,0.001868229592218995,0.016307896003127098,0.003313596360385418,0.00867450051009655,3.0
1980,1.0,1.0,,,0.9610278010368347,0.9887010455131531,0.0050531961023807526,0.019706254824995995,0.0
1981,0.0,0.0,,,0.0028097587637603283,0.024362752214074135,0.01281793788075447,0.0051549202762544155,4.0
1982,0.0,0.0,,,0.003054144326597452,0.13345730304718018,0.07929334044456482,0.05023915693163872,0.0
1983,0.0,0.0,0.0,,0.008374938741326332,0.024453815072774887,0.0019439092138782144,0.0061835432425141335,4.0
1984,0.0,0.0,0.0,,0.00408213073387742,0.025141360238194466,0.03930304944515228,0.011181834153831005,1.0
1985,0.0,0.0,,,0.0021088728681206703,0.016781389713287354,0.01077316328883171,0.007555332966148853,1.0
1986,1.0,1.0,1.0,,0.9957824945449829,0.9997657537460327,0.3442560136318207,0.824382483959198,4.0
1987,1.0,1.0,0.0,,0.969862699508667,0.9840196967124939,0.07659691572189331,0.4127565622329712,0.0
1988,1.0,1.0,0.0,,0.9592443108558655,0.9962835311889648,0.3250688314437866,0.5410395264625549,1.0
1989,0.0,0.0,,,0.0021185362711548805,0.02144552208483219,0.0673477053642273,0.06756024062633514,0.0
1990,1.0,1.0,,,0.9913102984428406,0.9907389283180237,0.03433730825781822,0.2462129145860672,1.0
1991,1.0,1.0,0.0,,0.9880586266517639,0.9919655919075012,0.25695252418518066,0.025735583156347275,1.0
1992,1.0,1.0,,,0.9912223219871521,0.9996233582496643,0.5387574434280396,0.6657106876373291,1.0
1993,1.0,1.0,,,0.990773618221283,0.9900532364845276,0.01937040314078331,0.00703946640715003,4.0
1994,1.0,1.0,,,0.991251528263092,0.9681355357170105,0.013028036803007126,0.9775864481925964,1.0
1995,1.0,1.0,0.0,,0.6705167293548584,0.9955570697784424,0.6722694039344788,0.11941405385732651,1.0
1996,0.0,0.0,0.0,,0.001580238458700478,0.020531175658106804,0.004543190822005272,0.010905493050813675,0.0
1997,1.0,1.0,0.0,,0.9948698282241821,0.9941431879997253,0.6365490555763245,0.1185641661286354,1.0
1998,1.0,1.0,,,0.9653390645980835,0.9985652565956116,0.7800993323326111,0.85670405626297,4.0
1999,0.0,1.0,,,0.5558508038520813,0.9894680380821228,0.6544933319091797,0.7506972551345825,0.0
2000,1.0,1.0,,,0.9823336005210876,0.9999491572380066,0.7126954793930054,0.8765072822570801,1.0
2001,0.0,1.0,0.0,,0.9087477326393127,0.9754682183265686,0.11754453927278519,0.010723372921347618,4.0
2002,,1.0,,,0.9992765784263611,0.9991910457611084,0.7071877121925354,0.9089245200157166,0.0
2003,1.0,1.0,,,0.945439338684082,0.9998993873596191,0.7332042455673218,0.5086528658866882,1.0
2004,1.0,1.0,,,0.9391305446624756,0.9797852635383606,0.2360355705022812,0.07317918539047241,1.0
2005,0.0,0.0,,,0.0014025563141331077,0.0654320940375328,0.012734192423522472,0.007431296166032553,2.0
2006,1.0,1.0,,,0.9990450143814087,0.9998722076416016,0.8951379060745239,0.9845706224441528,4.0
2007,0.0,0.0,,,0.0038534989580512047,0.025311179459095,0.012470953166484833,0.004455112852156162,4.0
2008,1.0,1.0,0.0,,0.9863187074661255,0.9998291730880737,0.9367575645446777,0.06990423053503036,1.0
2009,0.0,0.0,0.0,,0.0017926786094903946,0.022214436903595924,0.0036933922674506903,0.0194841455668211,2.0
2010,0.0,0.0,0.0,,0.01074157003313303,0.6849721670150757,0.09021701663732529,0.03942250460386276,2.0
2011,0.0,0.0,0.0,,0.009736873209476471,0.5334408283233643,0.06703579425811768,0.07757528871297836,0.0
2012,1.0,1.0,1.0,,0.5370975732803345,0.9934531450271606,0.5570849776268005,0.7938233017921448,2.0
2013,0.0,0.0,,,0.001798270270228386,0.017419273033738136,0.0022815719712525606,0.010479208081960678,0.0
2014,0.0,0.0,0.0,,0.01093938760459423,0.03187432140111923,0.019083593040704727,0.007626334670931101,1.0
2015,0.0,0.0,0.0,0.0,0.016503838822245598,0.3506675362586975,0.25140807032585144,0.042651232331991196,2.0
2016,0.0,0.0,,,0.002134045585989952,0.017764944583177567,0.007208516821265221,0.004188541788607836,4.0
2017,0.0,0.0,,,0.0014124090084806085,0.02242814004421234,0.002868221839889884,0.003720485605299473,2.0
2018,0.0,0.0,,,0.0019138799980282784,0.023368610069155693,0.01725497655570507,0.007944201119244099,3.0
2019,0.0,0.0,0.0,,0.0031305039301514626,0.02120063453912735,0.0032393618021160364,0.007466239854693413,1.0
2020,,1.0,,,0.9974788427352905,0.9992485046386719,0.6082538962364197,0.9328150749206543,0.0
2021,1.0,1.0,,,0.9954627156257629,0.9956926107406616,0.08490179479122162,0.06532125174999237,2.0
2022,0.0,0.0,,,0.003971687983721495,0.035713016986846924,0.12146200239658356,0.02587669901549816,3.0
2023,0.0,1.0,1.0,,0.2927147448062897,0.9963228106498718,0.37349677085876465,0.7389118671417236,2.0
2024,1.0,1.0,0.0,,0.9492180347442627,0.9951952695846558,0.07933637499809265,0.0695280209183693,0.0
2025,0.0,1.0,1.0,,0.5393487215042114,0.9850329756736755,0.5222755670547485,0.9517267942428589,1.0
2026,0.0,0.0,0.0,,0.00836549699306488,0.13091738522052765,0.006470825523138046,0.004057073500007391,2.0
2027,0.0,0.0,0.0,,0.0026637439150363207,0.01700562797486782,0.0103302001953125,0.0052949488162994385,4.0
2028,1.0,1.0,0.0,,0.9979743957519531,0.9974313974380493,0.008694260381162167,0.09328188747167587,1.0
2029,0.0,0.0,0.0,,0.003001796081662178,0.0389261320233345,0.005967889912426472,0.008512971922755241,3.0
2030,1.0,1.0,0.0,,0.9954922795295715,0.997623085975647,0.07790222018957138,0.3489144742488861,3.0
2031,0.0,0.0,,,0.002289943862706423,0.023611366748809814,0.011990373022854328,0.009469820186495781,3.0
2032,1.0,1.0,,,0.9789487719535828,0.9976695775985718,0.496454119682312,0.5924484729766846,1.0
2033,1.0,1.0,,,0.9959231615066528,0.9970126152038574,0.10744152963161469,0.019430268555879593,0.0
2034,0.0,0.0,,,0.005933146458119154,0.026295140385627747,0.004560165572911501,0.0047845239751040936,4.0
2035,1.0,1.0,,,0.9902251958847046,0.9958681464195251,0.7690942287445068,0.8870519995689392,1.0
2036,1.0,1.0,,,0.9961931109428406,0.9923576712608337,0.009202317334711552,0.01992368884384632,2.0
2037,1.0,1.0,,,0.9971977472305298,0.9954401254653931,0.09241332113742828,0.04390756040811539,2.0
2038,1.0,1.0,,,0.5736576318740845,0.6630438566207886,0.71812903881073,0.9311132431030273,4.0
2039,0.0,1.0,1.0,1.0,0.8285166025161743,0.9952380657196045,0.8994200229644775,0.8788031935691833,2.0
2040,1.0,1.0,,,0.9913733005523682,0.992993950843811,0.032787732779979706,0.025006432086229324,0.0
2041,0.0,0.0,,,0.0024535502307116985,0.01931784115731716,0.0024619416799396276,0.006792765576392412,4.0
2042,0.0,0.0,,,0.0038094648625701666,0.02285642735660076,0.0036284076049923897,0.013774269260466099,0.0
2043,1.0,1.0,,,0.9903281331062317,0.9975447654724121,0.012158346362411976,0.1956256628036499,0.0
2044,1.0,1.0,,,0.9324327707290649,0.9997501373291016,0.8408219814300537,0.8431254625320435,0.0
2045,1.0,1.0,0.0,,0.7356781959533691,0.9851542711257935,0.5004550218582153,0.3975619971752167,3.0
2046,1.0,,,,0.9926853775978088,0.9986597299575806,0.26553472876548767,0.038089361041784286,4.0
2047,,1.0,,,0.9853004813194275,0.9882035851478577,0.026901710778474808,0.005678283050656319,4.0
2048,0.0,0.0,,,0.005135279148817062,0.023982176557183266,0.0750446617603302,0.018820341676473618,1.0
2049,0.0,0.0,0.0,,0.00248518749140203,0.06386908143758774,0.0021074675023555756,0.004916889127343893,4.0
2050,1.0,1.0,0.0,,0.9931073188781738,0.9896741509437561,0.018003443256020546,0.019249748438596725,1.0
2051,0.0,0.0,,,0.014347774907946587,0.4613094925880432,0.518389105796814,0.9242736101150513,4.0
2052,0.0,0.0,,,0.0019353276584297419,0.01697441004216671,0.0025203328114002943,0.013155355118215084,0.0
2053,1.0,1.0,0.0,,0.9914486408233643,0.9997472763061523,0.44077280163764954,0.0406036376953125,4.0
2054,1.0,1.0,,,0.9894545674324036,0.9961448311805725,0.056915588676929474,0.017566800117492676,0.0
2055,1.0,1.0,,,0.9862574934959412,0.9938924312591553,0.011671808548271656,0.027480054646730423,0.0
2056,0.0,1.0,1.0,,0.06335646659135818,0.9613181352615356,0.7799390554428101,0.8634635806083679,4.0
2057,1.0,1.0,,,0.7585934996604919,0.9343684315681458,0.05108422040939331,0.02079036459326744,1.0
2058,1.0,1.0,0.0,,0.9931618571281433,0.9912613034248352,0.015941716730594635,0.021249936893582344,2.0
2059,1.0,1.0,1.0,,0.7043952941894531,0.9989289045333862,0.7025001645088196,0.7421263456344604,3.0
2060,1.0,1.0,1.0,,0.9288173913955688,0.9988425970077515,0.7045844793319702,0.7374051213264465,3.0
2061,0.0,0.0,,,0.0012778295204043388,0.015611821785569191,0.004699665121734142,0.00464649498462677,4.0
2062,1.0,1.0,,,0.9589123725891113,0.9962212443351746,0.39055219292640686,0.03661717474460602,4.0
2063,1.0,1.0,,,0.5976231694221497,0.169674813747406,0.09567637741565704,0.0681198313832283,0.0
2064,0.0,0.0,,,0.02996436506509781,0.11605320125818253,0.012453185394406319,0.0384175181388855,2.0
2065,,0.0,,,0.002160471398383379,0.017931871116161346,0.03813298046588898,0.004699139855802059,4.0
2066,1.0,1.0,,,0.9915998578071594,0.9961052536964417,0.31211182475090027,0.09316934645175934,3.0
2067,0.0,0.0,,,0.003437081817537546,0.28621721267700195,0.006532412488013506,0.2655772566795349,3.0
2068,0.0,0.0,0.0,,0.0024853853974491358,0.03249433636665344,0.001786982174962759,0.00556896161288023,4.0
2069,1.0,1.0,1.0,,0.97476726770401,0.9994467496871948,0.22818922996520996,0.9024677276611328,1.0
2070,0.0,0.0,0.0,,0.007670167367905378,0.021948708221316338,0.01154516264796257,0.025247827172279358,1.0
2071,1.0,1.0,1.0,,0.993854820728302,0.9997140765190125,0.816539466381073,0.6815394759178162,3.0
2072,1.0,1.0,0.0,,0.9924830794334412,0.9824057817459106,0.004860020708292723,0.9755785465240479,1.0
2073,1.0,1.0,0.0,,0.9920350313186646,0.9925609827041626,0.018100600689649582,0.024898018687963486,1.0
2074,1.0,1.0,1.0,1.0,0.9968372583389282,0.9984756708145142,0.8541346192359924,0.9328069686889648,4.0
2075,1.0,1.0,0.0,0.0,0.9876858592033386,0.9921489357948303,0.023665480315685272,0.018112773075699806,2.0
2076,0.0,0.0,,,0.0025642288383096457,0.016996372491121292,0.014731742441654205,0.005190800875425339,4.0
2077,0.0,0.0,0.0,0.0,0.0017677684081718326,0.12364641577005386,0.013838711194694042,0.003956594038754702,2.0
2078,1.0,1.0,1.0,,0.4914800524711609,0.9978041052818298,0.9226822257041931,0.803464949131012,0.0
2079,1.0,1.0,1.0,,0.9818274974822998,0.9995242357254028,0.7451338171958923,0.7770121097564697,2.0
2080,1.0,1.0,0.0,0.0,0.9957044720649719,0.9953974485397339,0.06937536597251892,0.011091930791735649,3.0
2081,1.0,1.0,0.0,,0.8300256133079529,0.9759335517883301,0.12534841895103455,0.5449914336204529,3.0
2082,1.0,1.0,0.0,,0.8520695567131042,0.998473584651947,0.1402663290500641,0.3240909278392792,0.0
2083,1.0,1.0,,,0.9931955933570862,0.9959003925323486,0.023386234417557716,0.02868550270795822,0.0
2084,0.0,0.0,0.0,,0.0025213719345629215,0.019257735460996628,0.0019773957319557667,0.036273177713155746,1.0
2085,0.0,1.0,,,0.18970713019371033,0.9846346974372864,0.45537692308425903,0.03777126222848892,2.0
2086,0.0,0.0,,,0.0014248467050492764,0.019049257040023804,0.0006960112368687987,0.0087909996509552,0.0
2087,1.0,1.0,,,0.9926769733428955,0.9900438785552979,0.013857472687959671,0.06260375678539276,1.0
2088,0.0,0.0,0.0,,0.005351436324417591,0.031622130423784256,0.012784204445779324,0.014160772785544395,4.0
2089,1.0,1.0,0.0,,0.9954975247383118,0.9916505813598633,0.013517381623387337,0.024576174095273018,2.0
2090,0.0,0.0,,,0.009866836480796337,0.06978645920753479,0.029734283685684204,0.03264773637056351,0.0
2091,1.0,1.0,1.0,,0.9897136688232422,0.9995289444923401,0.9404370784759521,0.9904183149337769,4.0
2092,0.0,0.0,0.0,,0.0016084552044048905,0.018119435757398605,0.019610028713941574,0.0035671074874699116,2.0
2093,1.0,0.0,,,0.002424980513751507,0.04418066889047623,0.0038261685986071825,0.24195381999015808,3.0
2094,1.0,1.0,,,0.9915202856063843,0.9961380958557129,0.058287013322114944,0.0799800232052803,3.0
2095,1.0,1.0,0.0,,0.9889970421791077,0.8903889060020447,0.30105850100517273,0.1319655179977417,1.0
2096,1.0,1.0,,,0.9992300868034363,0.9995269775390625,0.6165106296539307,0.959041178226471,3.0
2097,0.0,0.0,0.0,,0.007138746790587902,0.033539868891239166,0.027834782376885414,0.019211595878005028,0.0
2098,1.0,1.0,1.0,,0.9976174831390381,0.995612621307373,0.41777747869491577,0.9866176843643188,0.0
2099,0.0,0.0,,,0.002124922350049019,0.018427105620503426,0.05936485528945923,0.025477256625890732,1.0
2100,1.0,1.0,,,0.9933443665504456,0.9938968420028687,0.03677882254123688,0.010102461092174053,3.0
2101,0.0,0.0,0.0,,0.001240914105437696,0.018697848543524742,0.00479931803420186,0.006977171637117863,2.0
2102,1.0,1.0,0.0,,0.9882744550704956,0.9435970783233643,0.12499281764030457,0.9645464420318604,0.0
2103,1.0,1.0,1.0,,0.9979891777038574,0.9992094039916992,0.42315810918807983,0.9354811906814575,2.0
2104,1.0,1.0,1.0,,0.9954066872596741,0.9938997030258179,0.07204411923885345,0.9955081939697266,1.0
2105,0.0,0.0,,,0.005767385475337505,0.024407347664237022,0.006531049031764269,0.007976144552230835,0.0
2106,0.0,1.0,,,0.2105465829372406,0.016871564090251923,0.03564377874135971,0.017638325691223145,1.0
2107,1.0,1.0,,,0.9916583299636841,0.9873158931732178,0.014850364997982979,0.009202561341226101,4.0
2108,0.0,0.0,,,0.0018975019920617342,0.0706232339143753,0.003304540878161788,0.009252448566257954,1.0
2109,1.0,1.0,0.0,,0.2594303786754608,0.08535291254520416,0.00517223821952939,0.029318729415535927,2.0
2110,0.0,0.0,0.0,,0.0022115095052868128,0.020091718062758446,0.006015175953507423,0.00809470470994711,3.0
2111,0.0,0.0,0.0,0.0,0.014585732482373714,0.22537177801132202,0.3697851300239563,0.008344905450940132,3.0
2112,1.0,1.0,,,0.9070011377334595,0.9722933769226074,0.02046133577823639,0.009314848110079765,4.0
2113,1.0,1.0,,,0.8630086183547974,0.9133963584899902,0.010980844497680664,0.023023132234811783,3.0
2114,1.0,1.0,0.0,,0.9941877126693726,0.9845224022865295,0.1186167448759079,0.9566602110862732,1.0
2115,1.0,1.0,0.0,,0.9989377856254578,0.9987901449203491,0.47508805990219116,0.4395642578601837,3.0
2116,1.0,1.0,,,0.9698650240898132,0.9995961785316467,0.7996792793273926,0.7753030061721802,2.0
2117,0.0,0.0,0.0,,0.0017932705814018846,0.016214720904827118,0.018423184752464294,0.034228045493364334,1.0
2118,1.0,1.0,,,0.5117523074150085,0.34424397349357605,0.03227035328745842,0.015831610187888145,0.0
2119,1.0,1.0,,,0.9521249532699585,0.9987881183624268,0.8516161441802979,0.807026743888855,0.0
2120,0.0,0.0,0.0,,0.0009884972823783755,0.015500790439546108,0.01733408495783806,0.004891380202025175,2.0
2121,1.0,1.0,0.0,0.0,0.9834699034690857,0.9405392408370972,0.22349688410758972,0.3183910846710205,0.0
2122,1.0,1.0,0.0,,0.9621686935424805,0.9954524040222168,0.08441800624132156,0.018399342894554138,3.0
2123,0.0,0.0,0.0,,0.0027636694721877575,0.02304941415786743,0.002812575316056609,0.005102183204144239,4.0
2124,0.0,1.0,0.0,,0.7189061045646667,0.9748020768165588,0.6898707151412964,0.5171589255332947,1.0
2125,0.0,0.0,,,0.017884373664855957,0.8590381145477295,0.6191695332527161,0.931073009967804,3.0
2126,0.0,0.0,,,0.0011847926070913672,0.11103851348161697,0.004563109017908573,0.003949195146560669,2.0
2127,0.0,1.0,0.0,,0.21954345703125,0.12642841041088104,0.0032225430477410555,0.03290005400776863,0.0
2128,0.0,0.0,0.0,,0.000996971852146089,0.015576621517539024,0.0010019616456702352,0.005085878074169159,2.0
2129,1.0,1.0,,,0.998906135559082,0.9986359477043152,0.4903554320335388,0.059974104166030884,3.0
2130,0.0,0.0,,,0.0021077864803373814,0.018977977335453033,0.054487455636262894,0.0631776824593544,3.0
2131,0.0,0.0,,,0.003914905246347189,0.09408760815858841,0.006500615738332272,0.005912009160965681,4.0
2132,0.0,0.0,,,0.0020148202311247587,0.03553462773561478,0.01982221007347107,0.01206124760210514,2.0
2133,1.0,1.0,,,0.9346882700920105,0.9941821694374084,0.05267898738384247,0.009335196577012539,4.0
2134,0.0,0.0,0.0,,0.0031326990574598312,0.04007980227470398,0.011386292055249214,0.014791347086429596,2.0
2135,0.0,0.0,0.0,,0.0032156333327293396,0.01871407777070999,0.013624794781208038,0.004813699051737785,4.0
2136,1.0,1.0,0.0,,0.9673991203308105,0.9953433275222778,0.1421104073524475,0.05377606302499771,3.0
2137,0.0,0.0,,,0.0029100431129336357,0.02133735828101635,0.005619598552584648,0.008716052398085594,0.0
2138,1.0,1.0,1.0,,0.9983767867088318,0.9941281080245972,0.5581686496734619,0.9477288722991943,1.0
2139,1.0,1.0,1.0,,0.5110097527503967,0.6807222366333008,0.11383794248104095,0.8658912181854248,4.0
2140,0.0,0.0,0.0,,0.0038635102100670338,0.029896143823862076,0.012127209454774857,0.007881884463131428,3.0
2141,0.0,0.0,0.0,,0.002956986427307129,0.0245010145008564,0.008197338320314884,0.008732318878173828,3.0
2142,0.0,0.0,,,0.005039495881646872,0.026332510635256767,0.062205392867326736,0.007779272273182869,1.0
2143,0.0,0.0,,,0.017163999378681183,0.5825299024581909,0.005813413765281439,0.012384251691401005,1.0
2144,1.0,1.0,,,0.9703577756881714,0.8875309228897095,0.4815746545791626,0.02683619037270546,4.0
2145,0.0,0.0,0.0,,0.003668683348223567,0.03933720663189888,0.35953325033187866,0.013568813912570477,0.0
2146,0.0,0.0,0.0,,0.002159087685868144,0.025049986317753792,0.002107364824041724,0.007164618466049433,4.0
2147,0.0,0.0,,,0.004266809206455946,0.03877094388008118,0.006459977012127638,0.008584120310842991,3.0
2148,0.0,0.0,,,0.002013204153627157,0.01874047890305519,0.016533881425857544,0.010552455671131611,1.0
2149,1.0,1.0,,,0.8710448145866394,0.9931782484054565,0.21819989383220673,0.026476861909031868,2.0
2150,0.0,1.0,,,0.3759804666042328,0.9976453185081482,0.6858463287353516,0.7344599366188049,1.0
2151,1.0,1.0,0.0,,0.9916654825210571,0.9974618554115295,0.21472696959972382,0.13976307213306427,1.0
2152,0.0,0.0,,,0.0018533396068960428,0.015864048153162003,0.00341464439406991,0.017816949635744095,2.0
2153,0.0,0.0,,,0.0030783351976424456,0.03668929636478424,0.06876614689826965,0.009427576325833797,1.0
2154,0.0,0.0,,,0.0011741911293938756,0.02023121900856495,0.006132177542895079,0.029755394905805588,2.0
2155,1.0,1.0,1.0,,0.9877282381057739,0.9991826415061951,0.46263012290000916,0.8194993734359741,2.0
2156,1.0,1.0,1.0,,0.9938035607337952,0.9995568990707397,0.4538123607635498,0.8582504987716675,2.0
2157,0.0,0.0,0.0,,0.0035158635582774878,0.025816893205046654,0.0089405607432127,0.01260402612388134,3.0
2158,1.0,1.0,1.0,,0.3505571186542511,0.9958194494247437,0.49281221628189087,0.8981274962425232,4.0
2159,0.0,0.0,,,0.0013779563596472144,0.023907771334052086,0.0025920302141457796,0.011399493552744389,0.0
2160,0.0,0.0,,,0.0010087206028401852,0.015853747725486755,0.006288111675530672,0.003540187142789364,2.0
2161,0.0,0.0,,,0.0018958019791170955,0.03759754076600075,0.0009717451175674796,0.013171638362109661,0.0
2162,1.0,0.0,,,0.0016956686740741134,0.026458144187927246,0.0011141943978145719,0.005560507997870445,2.0
2163,0.0,0.0,0.0,,0.011663590557873249,0.15227621793746948,0.05489577353000641,0.04901209473609924,4.0
2164,1.0,1.0,,,0.9975988268852234,0.9969407320022583,0.5457024574279785,0.8854652047157288,2.0
2165,0.0,0.0,,,0.004201351199299097,0.036772143095731735,0.010608460754156113,0.005170620512217283,4.0
2166,0.0,0.0,,,0.002158117713406682,0.016801707446575165,0.0021353887859731913,0.004198539070785046,4.0
2167,0.0,0.0,,,0.0038207145407795906,0.026162274181842804,0.014340047724545002,0.029833244159817696,2.0
2168,0.0,0.0,,,0.0017867812421172857,0.02923194319009781,0.003105842275545001,0.055270858108997345,0.0
2169,1.0,1.0,,,0.9442969560623169,0.99958336353302,0.9070942401885986,0.8187656998634338,4.0
2170,0.0,0.0,,,0.0036122784949839115,0.10088276118040085,0.007402571849524975,0.006989604327827692,4.0
2171,1.0,1.0,0.0,,0.9911762475967407,0.9891719222068787,0.021730612963438034,0.06028725951910019,1.0
2172,1.0,1.0,1.0,,0.9974400997161865,0.9998552203178406,0.9644069671630859,0.5866895318031311,1.0
2173,0.0,0.0,0.0,,0.003881460754200816,0.17373549938201904,0.02854287624359131,0.013904557563364506,2.0
2174,1.0,1.0,0.0,,0.9933364987373352,0.9982026219367981,0.35141587257385254,0.10749261826276779,1.0
2175,0.0,0.0,0.0,,0.004211813677102327,0.037499409168958664,0.2181294560432434,0.004559148568660021,2.0
2176,1.0,1.0,1.0,,0.9995629191398621,0.997773289680481,0.41711193323135376,0.8976444005966187,4.0
2177,1.0,1.0,,,0.9972657561302185,0.9986311197280884,0.5583802461624146,0.9778478145599365,1.0
2178,1.0,1.0,,,0.9982730746269226,0.9682116508483887,0.1708507239818573,0.3292311429977417,1.0
2179,0.0,1.0,,,0.4363713562488556,0.9951810836791992,0.8529333472251892,0.7481021881103516,0.0
2180,1.0,1.0,0.0,1.0,0.9972097873687744,0.9950384497642517,0.0724492222070694,0.9469681978225708,4.0
2181,1.0,1.0,1.0,,0.9037278294563293,0.9801445007324219,0.0122743034735322,0.8965258598327637,2.0
2182,1.0,1.0,,,0.8742413520812988,0.9945178627967834,0.020483870059251785,0.011761448346078396,4.0
2183,1.0,1.0,,,0.9706653356552124,0.9997504353523254,0.5774378180503845,0.7403864860534668,3.0
2184,0.0,0.0,,,0.0016671901103109121,0.016717759892344475,0.0027224752120673656,0.004602471366524696,4.0
2185,0.0,0.0,,,0.0021220259368419647,0.025120146572589874,0.0017262500477954745,0.008103782311081886,0.0
2186,0.0,0.0,0.0,,0.0034324307925999165,0.018305951729416847,0.016143959015607834,0.009316449984908104,3.0
2187,1.0,1.0,0.0,,0.8739793300628662,0.9752259850502014,0.1980879008769989,0.033599257469177246,1.0
2188,0.0,1.0,,,0.07348980754613876,0.853672206401825,0.3842584788799286,0.10689770430326462,2.0
2189,0.0,0.0,,,0.0022211894392967224,0.018549341708421707,0.002102611120790243,0.01186523400247097,0.0
2190,0.0,0.0,,,0.007907185703516006,0.0491860955953598,0.0013317189877852798,0.009754559025168419,0.0
2191,1.0,1.0,,,0.6584354639053345,0.48549479246139526,0.03403414785861969,0.062060825526714325,1.0
2192,1.0,1.0,,,0.9906291365623474,0.987404465675354,0.012157307006418705,0.008258814923465252,4.0
2193,1.0,1.0,,,0.10500150173902512,0.8731333017349243,0.25277179479599,0.10115113109350204,2.0
2194,1.0,1.0,,,0.9618337154388428,0.9991959929466248,0.6251195669174194,0.730873167514801,3.0
2195,0.0,0.0,,,0.0028221108950674534,0.020738868042826653,0.07687434554100037,0.038227688521146774,1.0
2196,1.0,1.0,0.0,,0.8008306622505188,0.8724280595779419,0.012121088802814484,0.03517604619264603,1.0
2197,1.0,1.0,0.0,,0.902533769607544,0.9780236482620239,0.0927731841802597,0.04782268404960632,1.0
2198,0.0,0.0,,,0.014041506685316563,0.04520678147673607,0.014628554694354534,0.007439129054546356,4.0
2199,0.0,0.0,0.0,0.0,0.0024229458067566156,0.039752162992954254,0.03631347045302391,0.010136405937373638,3.0
2200,0.0,1.0,1.0,1.0,0.03295666351914406,0.9885045289993286,0.9305506944656372,0.8828279972076416,2.0
2201,0.0,1.0,1.0,1.0,0.07619190216064453,0.9976474642753601,0.8016390800476074,0.9164025187492371,2.0
2202,1.0,1.0,0.0,,0.9915440678596497,0.9925248026847839,0.04618757218122482,0.008461196906864643,4.0
2203,0.0,0.0,,,0.002355504548177123,0.02015133574604988,0.0050242687575519085,0.008834950625896454,1.0
2204,0.0,0.0,,,0.002387791872024536,0.01822013594210148,0.040945928543806076,0.04720962420105934,1.0
2205,0.0,0.0,0.0,,0.0033772485330700874,0.022217106074094772,0.013744099996984005,0.005248593166470528,2.0
2206,1.0,1.0,0.0,,0.5289243459701538,0.31768667697906494,0.04562685266137123,0.033021245151758194,3.0
2207,0.0,0.0,,,0.0036856033839285374,0.023849230259656906,0.004025484435260296,0.005277562420815229,4.0
2208,1.0,1.0,0.0,,0.9966384768486023,0.9925834536552429,0.10901883989572525,0.9724843502044678,3.0
2209,0.0,0.0,0.0,,0.002878959523513913,0.02501632831990719,0.004753872286528349,0.034376710653305054,0.0
2210,1.0,1.0,0.0,,0.9927149415016174,0.9973634481430054,0.018114708364009857,0.028140250593423843,1.0
2211,1.0,1.0,1.0,,0.9933420419692993,0.9961506128311157,0.7064603567123413,0.9365490674972534,3.0
2212,0.0,0.0,0.0,0.0,0.0025345063768327236,0.018702955916523933,0.0017579819541424513,0.006800311151891947,1.0
2213,0.0,0.0,,,0.003075852757319808,0.027726437896490097,0.0391332283616066,0.009450276382267475,0.0
2214,1.0,1.0,,,0.9890625476837158,0.9920531511306763,0.005197079386562109,0.0061247930862009525,4.0
2215,1.0,1.0,,,0.9833086729049683,0.9870426058769226,0.03678978979587555,0.0053034089505672455,4.0
2216,1.0,1.0,,,0.996616005897522,0.9722222685813904,0.00981010403484106,0.9709814786911011,2.0
2217,1.0,1.0,1.0,1.0,0.9992768168449402,0.999613344669342,0.7075450420379639,0.9348291754722595,0.0
2218,0.0,0.0,0.0,0.0,0.002822148846462369,0.016820963472127914,0.0016742905136197805,0.00661071902140975,1.0
2219,0.0,0.0,0.0,,0.003122459165751934,0.024759391322731972,0.01051514782011509,0.01594659686088562,0.0
2220,0.0,0.0,,,0.006447996478527784,0.1334291249513626,0.007680233102291822,0.017573624849319458,0.0
2221,1.0,1.0,1.0,,0.9958692789077759,0.9998773336410522,0.683931291103363,0.8233950734138489,2.0
2222,1.0,1.0,0.0,,0.9991583824157715,0.9963986873626709,0.5558655261993408,0.2448299080133438,1.0
2223,0.0,0.0,0.0,0.0,0.005797895137220621,0.12017367780208588,0.026136061176657677,0.011137843132019043,3.0
2224,1.0,1.0,0.0,,0.9943811297416687,0.9992282390594482,0.8388802409172058,0.08210913836956024,3.0
2225,0.0,0.0,,,0.009594719856977463,0.08016140013933182,0.004599952604621649,0.008536571636795998,3.0
2226,1.0,1.0,,,0.9359292984008789,0.9995626211166382,0.9058663845062256,0.8192039132118225,4.0
2227,1.0,1.0,,,0.22717353701591492,0.024621956050395966,0.036084577441215515,0.022386323660612106,1.0
2228,1.0,1.0,1.0,1.0,0.9994381070137024,0.9983776807785034,0.16504676640033722,0.9937446713447571,4.0
2229,1.0,1.0,0.0,,0.9856449961662292,0.9884293079376221,0.008916739374399185,0.007414796389639378,4.0
2230,0.0,0.0,,,0.005928483325988054,0.1751144975423813,0.07549670338630676,0.016046805307269096,3.0
2231,1.0,1.0,1.0,1.0,0.9691292643547058,0.9979424476623535,0.06579854339361191,0.8921781182289124,3.0
2232,0.0,0.0,,,0.002382721519097686,0.017783300951123238,0.006998647935688496,0.004610524512827396,4.0
2233,1.0,1.0,,,0.9976980686187744,0.9983959197998047,0.029940590262413025,0.0713239535689354,0.0
2234,0.0,0.0,,,0.008530992083251476,0.09876398742198944,0.0038568892050534487,0.006795567460358143,4.0
2235,1.0,1.0,0.0,,0.997151792049408,0.9983391761779785,0.53926020860672,0.04991071671247482,2.0
2236,0.0,0.0,,,0.0037137235049158335,0.09958943724632263,0.012935992330312729,0.008708220906555653,2.0
2237,1.0,1.0,0.0,1.0,0.7720315456390381,0.8324177265167236,0.2219066321849823,0.016348887234926224,3.0
2238,0.0,0.0,,,0.0058243959210813046,0.06757356226444244,0.016949521377682686,0.008506394922733307,0.0
2239,0.0,0.0,,,0.004789482336491346,0.03387948498129845,0.024965662509202957,0.00786616187542677,4.0
2240,0.0,0.0,,,0.0017482112161815166,0.0170881450176239,0.007759313564747572,0.003980128560215235,4.0
2241,0.0,0.0,0.0,,0.001890284474939108,0.03741922974586487,0.0017720056930556893,0.018755782395601273,3.0
2242,0.0,0.0,,,0.0017487540608271956,0.01886940747499466,0.0020477636717259884,0.012471080757677555,0.0
2243,1.0,,,,0.9173783659934998,0.9967767596244812,0.8350542783737183,0.798209011554718,4.0
2244,1.0,1.0,1.0,1.0,0.9982333779335022,0.9989515542984009,0.15197502076625824,0.9324142932891846,3.0
2245,1.0,1.0,0.0,,0.9986426830291748,0.9981144666671753,0.5202187895774841,0.04846826568245888,3.0
2246,0.0,0.0,,,0.019448084756731987,0.6772183179855347,0.024360109120607376,0.014290492981672287,1.0
2247,0.0,0.0,,,0.002250924240797758,0.017142299562692642,0.009208469651639462,0.008156543597579002,3.0
2248,1.0,1.0,0.0,,0.9986419677734375,0.998392641544342,0.7941548824310303,0.04550372064113617,3.0
2249,0.0,0.0,,,0.003909081220626831,0.01981195993721485,0.0029225656762719154,0.0050904406234622,4.0
2250,0.0,0.0,0.0,,0.03899689391255379,0.07517609000205994,0.3348606526851654,0.012183165177702904,1.0
2251,0.0,0.0,0.0,,0.03285762295126915,0.09488844871520996,0.02915770933032036,0.007063397206366062,1.0
2252,0.0,1.0,1.0,0.0,0.3310181498527527,0.9909917116165161,0.7902592420578003,0.7956644296646118,0.0
2253,0.0,0.0,0.0,,0.0011670616222545505,0.014629208482801914,0.00371943018399179,0.003836427116766572,2.0
2254,0.0,0.0,0.0,,0.0019331850344315171,0.024725405499339104,0.008639438077807426,0.0034931267146021128,2.0
2255,1.0,1.0,1.0,1.0,0.5687007308006287,0.9991780519485474,0.5915154218673706,0.7648382782936096,2.0
2256,0.0,1.0,,,0.2594386637210846,0.9871342182159424,0.8207993507385254,0.9345418810844421,0.0
2257,0.0,0.0,0.0,,0.0024997051805257797,0.03961225971579552,0.008068482391536236,0.00890188105404377,0.0
2258,0.0,1.0,1.0,,0.05604727193713188,0.9853461384773254,0.3099307417869568,0.7608595490455627,2.0
2259,0.0,0.0,,,0.0041005611419677734,0.14910149574279785,0.0026093751657754183,0.025452841073274612,0.0
2260,1.0,1.0,,,0.9729713797569275,0.9997802972793579,0.6452289819717407,0.6767341494560242,3.0
2261,1.0,1.0,,,0.9865813255310059,0.9996383786201477,0.6774812936782837,0.8223888278007507,4.0
2262,1.0,1.0,,,0.9979000091552734,0.9993795156478882,0.588030219078064,0.647853434085846,3.0
2263,1.0,1.0,0.0,,0.9988123774528503,0.9958742260932922,0.259039968252182,0.9120346307754517,4.0
2264,0.0,0.0,,,0.02924598753452301,0.07004313915967941,0.04133688658475876,0.012152809649705887,0.0
2265,0.0,0.0,,,0.001222421764396131,0.016341090202331543,0.0032925084233283997,0.0037883706390857697,2.0
2266,1.0,1.0,,,0.9912683367729187,0.9682945609092712,0.019493933767080307,0.9796980023384094,1.0
2267,0.0,0.0,,,0.0011343391379341483,0.015557206235826015,0.006641396787017584,0.0043046982027590275,2.0
2268,0.0,0.0,,,0.0016497221076861024,0.022564653307199478,0.006701873615384102,0.012867758050560951,2.0
2269,1.0,1.0,,,0.9195911288261414,0.998126745223999,0.08966313302516937,0.07219178974628448,1.0
2270,0.0,0.0,,,0.0027816672809422016,0.02524886280298233,0.015742888674139977,0.021817676723003387,4.0
2271,0.0,0.0,,,0.0026630584616214037,0.020448867231607437,0.0015014081727713346,0.006287652533501387,4.0
2272,0.0,1.0,,,0.9216817021369934,0.9894341230392456,0.05269844830036163,0.30755314230918884,1.0
2273,0.0,0.0,,,0.002922749612480402,0.01949082687497139,0.0013408898375928402,0.0058059231378138065,4.0
2274,1.0,1.0,,,0.998821496963501,0.9991543889045715,0.09695418179035187,0.36803051829338074,2.0
2275,0.0,0.0,,,0.001789426663890481,0.021195268258452415,0.0010891061974689364,0.008826103061437607,0.0
2276,0.0,1.0,1.0,1.0,0.5341426730155945,0.9974896311759949,0.905303418636322,0.886925458908081,0.0
2277,0.0,0.0,,,0.0018352535553276539,0.02269461564719677,0.005015042144805193,0.010784522630274296,2.0
2278,0.0,0.0,,,0.0017286601942032576,0.10279878973960876,0.0016070788260549307,0.012730696238577366,0.0
2279,1.0,,,,0.988172173500061,0.9943009614944458,0.06966079771518707,0.026357686147093773,2.0
2280,1.0,1.0,1.0,,0.38873177766799927,0.9981309771537781,0.8821290135383606,0.7754756212234497,0.0
2281,1.0,1.0,,,0.9745075106620789,0.9997768402099609,0.6200313568115234,0.7192954421043396,3.0
2282,0.0,0.0,,,0.001109687378630042,0.015088783577084541,0.0040501938201487064,0.004315487574785948,2.0
2283,1.0,1.0,1.0,,0.9971308708190918,0.998102068901062,0.800512969493866,0.9578043222427368,2.0
2284,1.0,1.0,,,0.9794286489486694,0.9832068085670471,0.0010730921057984233,0.008650361560285091,2.0
2285,1.0,1.0,0.0,,0.9955658316612244,0.9981962442398071,0.5396956205368042,0.04094677418470383,3.0
2286,1.0,1.0,,,0.9906802177429199,0.994656503200531,0.17602187395095825,0.07133927196264267,0.0
2287,0.0,0.0,0.0,,0.0021385247819125652,0.01483069732785225,0.014594205655157566,0.006728815846145153,1.0
2288,0.0,0.0,0.0,,0.0050702630542218685,0.12684938311576843,0.038195811212062836,0.0064227888360619545,4.0
