,Drug,Samples,AUC ROC,Time,AUC RF,AUC XGB,AUC CatB
0,TDF,1814,0.8955189539221765,4.892493963241577,0.8712356838439854,0.8879796251703006,0.8985756455733339
1,DDI,2153,0.8828753781623112,5.885931968688965,0.8834734119879093,0.8856146396818589,0.8926369921807196
2,D4T,2153,0.9298663799360506,6.114128589630127,0.915968386011469,0.9216462080513853,0.9288343488532037
3,AZT,2143,0.9285442075253076,6.333520174026489,0.8931367909255051,0.9083652879646431,0.9136811304021666
4,ABC,2057,0.9361873272500086,5.55342698097229,0.9160592329395293,0.9299518475697462,0.9366744866153371
5,3TC,2122,0.9672895357928443,5.915898084640503,0.9663799298857269,0.9730752077583219,0.9788262337744216
