,Drug,Samples,AUC ROC,Time,AUC RF,AUC XGB,AUC CatB
0,DRV,1116,0.9755729898254816,1.386929988861084,0.955896565771377,0.9549814089435384,0.9645860320180795
1,TPV,1345,0.935889995628826,1.9267776012420654,0.8889729922067916,0.9053040646959971,0.9099641784494688
2,SQV,2298,0.9450276455138322,3.8857533931732178,0.9304290541834138,0.9423254501066671,0.9501317570335249
3,NFV,2344,0.9495811429145523,4.378070116043091,0.9282805770404516,0.9346379532136744,0.9410533456473027
4,LPV,1999,0.9584049338136919,3.395665407180786,0.9389957471860431,0.943667999553816,0.952297331194805
5,IDV,2297,0.9430695999568938,4.023875951766968,0.9384228235245485,0.9401976824856897,0.9485440852811446
6,ATV,1656,0.9519004724910061,2.5440263748168945,0.9345858330273611,0.9471527737796714,0.9539787794434916
7,FPV,2246,0.9540409356359328,8.954915285110474,0.9361362530797424,0.9440149536496374,0.9510902360147959
