,True_3TC,True_ABC,True_AZT,True_D4T,True_DDI,True_TDF,Pred_Proba_3TC,Pred_Proba_ABC,Pred_Proba_AZT,Pred_Proba_D4T,Pred_Proba_DDI,Pred_Proba_TDF,kFolds
0,1.0,1.0,0.0,1.0,1.0,1.0,0.9102404117584229,0.9711790084838867,0.0007246948662213981,0.7180116176605225,0.988183319568634,0.839726984500885,2.0
1,1.0,1.0,0.0,1.0,1.0,1.0,0.9175577163696289,0.936102569103241,0.0010308419587090611,0.8278203010559082,0.9096990823745728,0.9904748797416687,4.0
2,1.0,0.0,0.0,0.0,0.0,1.0,0.9749696850776672,0.9873730540275574,0.0009500174201093614,0.7180116176605225,0.9939405918121338,0.9469130635261536,2.0
3,0.0,0.0,0.0,0.0,0.0,0.0,0.00627917842939496,0.017008190974593163,0.00020651696831919253,0.03760915249586105,0.010035902261734009,0.000104621569334995,2.0
4,0.0,0.0,0.0,0.0,0.0,0.0,0.006279155146330595,0.009344671852886677,0.0004478978516999632,0.02311500534415245,0.012117646634578705,0.00010080201900564134,3.0
5,0.0,0.0,0.0,0.0,0.0,0.0,0.0005873293848708272,0.11714208871126175,0.00046555977314710617,0.0031219772063195705,0.023426668718457222,0.00016135429905261844,2.0
6,1.0,1.0,0.0,1.0,1.0,1.0,0.903122067451477,0.9978299736976624,0.00046555977314710617,0.31776493787765503,0.9891912341117859,0.5804891586303711,2.0
7,0.0,1.0,0.0,0.0,1.0,0.0,0.002512181643396616,0.9575511813163757,0.0003633364394772798,0.012009799480438232,0.9519751667976379,3.492666292004287e-05,2.0
8,0.0,1.0,0.0,0.0,0.0,0.0,0.0010796146234497428,0.006400284357368946,0.0008353202720172703,0.002878777915611863,0.05480334535241127,0.0011863636318594217,4.0
9,1.0,1.0,0.0,0.0,0.0,0.0,0.9997621178627014,0.9999586343765259,0.00027114374097436666,0.0004748597275465727,0.502369225025177,0.00010587992437649518,3.0
10,1.0,1.0,0.0,0.0,1.0,0.0,0.9999502897262573,0.9999704360961914,0.0008044032147154212,0.02978764846920967,0.9871534705162048,0.014801982790231705,1.0
11,1.0,1.0,0.0,0.0,1.0,0.0,0.998579740524292,0.9999743700027466,0.00022204617562238127,0.000961093872319907,0.9975076913833618,8.178826828952879e-05,3.0
12,1.0,1.0,0.0,0.0,1.0,0.0,0.9998862743377686,0.9999773502349854,0.0002903282584156841,0.0005524726002477109,0.737234354019165,0.00014900405949447304,2.0
13,1.0,1.0,0.0,0.0,1.0,0.0,0.99959796667099,0.999971866607666,0.0004993329639546573,0.014531604014337063,0.9979933500289917,0.004468365106731653,4.0
14,0.0,0.0,0.0,0.0,0.0,0.0,0.006111402530223131,0.009760846383869648,0.00015156492008827627,0.0295614842325449,0.024371149018406868,0.0004017965402454138,4.0
15,0.0,0.0,0.0,0.0,0.0,0.0,0.006409658119082451,0.019353482872247696,0.0001747370115481317,0.022079946473240852,0.011438114568591118,0.00020319999021012336,0.0
16,0.0,1.0,0.0,1.0,1.0,0.0,0.05522431060671806,0.7927329540252686,0.02458890527486801,0.9651796817779541,0.8140716552734375,0.00010080201900564134,3.0
17,0.0,1.0,0.0,1.0,1.0,0.0,0.05522431060671806,0.7927329540252686,0.02458890527486801,0.9651796817779541,0.8140716552734375,0.00010080201900564134,3.0
18,0.0,0.0,0.0,0.0,0.0,0.0,0.21133631467819214,0.14722669124603271,0.000615122087765485,0.29502832889556885,0.04681873694062233,0.008345370180904865,1.0
19,0.0,0.0,0.0,0.0,0.0,0.0,0.060072481632232666,0.05535975471138954,0.0007993185427039862,0.24062204360961914,0.028438609093427658,0.006205784622579813,3.0
20,0.0,1.0,0.0,1.0,1.0,0.0,0.052268389612436295,0.840101957321167,0.10187505185604095,0.9116732478141785,0.8786843419075012,0.02721153385937214,4.0
21,1.0,1.0,0.0,1.0,1.0,0.0,0.052268389612436295,0.840101957321167,0.10187505185604095,0.9116732478141785,0.8786843419075012,0.02721153385937214,4.0
22,1.0,1.0,0.0,1.0,1.0,0.0,0.05746741592884064,0.9809179306030273,0.0007108254940249026,0.7356188297271729,0.9750173091888428,0.006937891710549593,3.0
23,0.0,1.0,0.0,1.0,1.0,0.0,0.493400514125824,0.9861461520195007,0.0005023984704166651,0.6598095297813416,0.9830495715141296,0.0022393653634935617,0.0
24,0.0,1.0,0.0,0.0,1.0,0.0,0.04436595365405083,0.8846172094345093,0.00016417763254139572,0.1515170931816101,0.9422303438186646,3.013937566720415e-05,2.0
25,0.0,1.0,0.0,0.0,1.0,0.0,0.04436595365405083,0.8846172094345093,0.00016417763254139572,0.1515170931816101,0.9422303438186646,3.013937566720415e-05,2.0
26,0.0,0.0,0.0,0.0,0.0,0.0,0.006111402530223131,0.009760846383869648,0.00015156492008827627,0.0295614842325449,0.019380563870072365,0.0004993065376766026,4.0
27,0.0,0.0,0.0,0.0,0.0,0.0,0.00627917842939496,0.017008190974593163,0.00020651696831919253,0.03760915249586105,0.010035902261734009,0.000104621569334995,2.0
28,0.0,0.0,0.0,0.0,0.0,0.0,0.0005316000897437334,0.15172900259494781,0.0005251148832030594,0.011884195730090141,0.08204258978366852,0.00016943126684054732,3.0
29,0.0,0.0,0.0,0.0,0.0,0.0,0.0008676870493218303,0.0784769058227539,0.0005810127477161586,0.012259549461305141,0.022153398022055626,0.000509360630530864,0.0
30,1.0,1.0,0.0,0.0,1.0,0.0,0.9926925897598267,0.9892667531967163,0.000515109277330339,0.06850849092006683,0.9260586500167847,0.00041887472616508603,0.0
31,1.0,1.0,0.0,0.0,1.0,0.0,0.9952307343482971,0.982258677482605,0.0008676539873704314,0.005482502747327089,0.9376325011253357,9.081451571546495e-05,1.0
32,1.0,1.0,0.0,0.0,1.0,0.0,0.9997773766517639,0.999891996383667,0.0006355833611451089,0.0017332012066617608,0.662555992603302,0.00023849555873312056,0.0
33,1.0,1.0,0.0,0.0,1.0,0.0,0.9998862743377686,0.9998904466629028,0.00016907864483073354,0.0010952146258205175,0.8034349679946899,0.00016741327999625355,2.0
34,1.0,1.0,0.0,0.0,1.0,0.0,0.9978668093681335,0.9700138568878174,0.0007115560583770275,0.020946456119418144,0.8212486505508423,0.00036259679473005235,4.0
35,1.0,1.0,0.0,0.0,1.0,0.0,0.9945372939109802,0.9903152585029602,0.0005073274369351566,0.031094703823328018,0.7298609018325806,0.00014305510558187962,3.0
36,1.0,1.0,0.0,0.0,1.0,0.0,0.9997621178627014,0.9999586343765259,0.00027114374097436666,0.0004748597275465727,0.502369225025177,0.00010587992437649518,3.0
37,1.0,1.0,0.0,0.0,1.0,0.0,0.9998766183853149,0.9998775720596313,0.0005313435103744268,0.00029515151982195675,0.47846657037734985,0.000240769557422027,4.0
38,0.0,0.0,0.0,0.0,0.0,0.0,0.0004425433580763638,0.11246312409639359,0.0005300139309838414,0.00589367188513279,0.030106378719210625,0.00016943126684054732,3.0
39,0.0,0.0,0.0,0.0,0.0,0.0,0.0005873293848708272,0.11714208871126175,0.00046555977314710617,0.0031219772063195705,0.023426668718457222,0.00016135429905261844,2.0
40,1.0,1.0,1.0,1.0,1.0,1.0,0.06073925271630287,0.9537980556488037,0.9998342990875244,0.9930670261383057,0.9752023816108704,0.9607498049736023,4.0
41,0.0,1.0,1.0,1.0,1.0,1.0,0.9914201498031616,0.9762524366378784,0.9998643398284912,0.985637366771698,0.9131556153297424,0.9986478686332703,1.0
42,1.0,1.0,1.0,1.0,1.0,1.0,0.9991042017936707,0.9990409016609192,0.9952059388160706,0.998727023601532,0.9851568937301636,0.9530070424079895,2.0
43,1.0,1.0,1.0,1.0,1.0,1.0,0.9997225403785706,0.9983437061309814,0.997300922870636,0.9995008707046509,0.9960992336273193,0.9749315977096558,0.0
44,1.0,1.0,1.0,1.0,1.0,1.0,0.9953621029853821,0.9985499978065491,0.9915212392807007,0.9993131160736084,0.9961690306663513,0.9896479249000549,0.0
45,1.0,1.0,1.0,1.0,1.0,1.0,0.9926437735557556,0.9995195865631104,0.9738127589225769,0.9983293414115906,0.9894318580627441,0.9617561101913452,2.0
46,1.0,1.0,0.0,0.0,0.0,0.0,0.999876856803894,0.9998983144760132,0.11388010531663895,0.09099006652832031,0.10810519754886627,0.04554489254951477,3.0
47,1.0,1.0,0.0,0.0,0.0,0.0,0.9990088939666748,0.9998795986175537,0.08148204535245895,0.060659702867269516,0.17018461227416992,0.058192938566207886,2.0
48,1.0,1.0,1.0,1.0,1.0,0.0,0.9983741044998169,0.9999655485153198,0.9946492314338684,0.9947277903556824,0.9972314238548279,0.039195332676172256,1.0
49,1.0,1.0,1.0,1.0,1.0,0.0,0.9984436631202698,0.9997937083244324,0.985966145992279,0.9789565205574036,0.9766653776168823,0.007834043353796005,0.0
50,0.0,1.0,1.0,1.0,0.0,1.0,0.23932045698165894,0.9588792324066162,0.999251663684845,0.9347549676895142,0.21364454925060272,0.9965208768844604,3.0
51,0.0,1.0,1.0,1.0,0.0,1.0,0.2846321761608124,0.9514251351356506,0.9967052340507507,0.8911725282669067,0.29174157977104187,0.9916597008705139,0.0
52,0.0,0.0,0.0,0.0,0.0,0.0,0.005029187072068453,0.010926016606390476,0.00038999796379357576,0.02534901350736618,0.027175843715667725,6.538820889545605e-05,2.0
53,0.0,0.0,0.0,0.0,0.0,0.0,0.004475066903978586,0.009760846383869648,0.00018692579760681838,0.022287661209702492,0.039811935275793076,0.0013341887388378382,4.0
54,1.0,1.0,0.0,1.0,1.0,0.0,0.9982946515083313,0.9908011555671692,0.00018660152272786945,0.0753464326262474,0.9154404401779175,4.448791514732875e-05,1.0
55,1.0,1.0,0.0,1.0,1.0,0.0,0.9984214305877686,0.9787640571594238,0.0002041745319729671,0.09921956062316895,0.8621100187301636,0.00023537830566056073,2.0
56,1.0,1.0,0.0,0.0,1.0,0.0,0.998833954334259,0.9859583973884583,0.0002224534546257928,0.3289855718612671,0.9658017158508301,0.00020812744332943112,0.0
57,1.0,1.0,0.0,0.0,1.0,0.0,0.9988631010055542,0.9914969801902771,0.0009722034446895123,0.311341255903244,0.9288106560707092,0.0001061895236489363,3.0
58,0.0,0.0,0.0,0.0,0.0,0.0,0.00421343045309186,0.011344201862812042,0.00021450493659358472,0.04982529953122139,0.03277908265590668,0.00010417388693895191,1.0
59,0.0,0.0,0.0,0.0,0.0,0.0,0.004421561490744352,0.019353482872247696,0.00017201612354256213,0.07343706488609314,0.02168607898056507,0.00020319999021012336,0.0
60,0.0,0.0,0.0,0.0,0.0,0.0,0.005029187072068453,0.014440094120800495,0.0005962313734926283,0.02249661460518837,0.013608425855636597,6.22844891040586e-05,2.0
61,0.0,0.0,0.0,0.0,0.0,0.0,0.003656600136309862,0.009665746241807938,0.0009077126742340624,0.00784179288893938,0.011012781411409378,0.00014352690777741373,3.0
62,0.0,0.0,0.0,0.0,0.0,0.0,0.0011319795157760382,0.0006305291317403316,0.0002247542724944651,0.020256195217370987,0.008255025371909142,0.005933872889727354,2.0
63,0.0,0.0,0.0,0.0,0.0,0.0,0.0002336585894227028,0.00033249269472435117,0.00121260283049196,0.0019718806724995375,0.025841018185019493,0.0008896327344700694,1.0
64,0.0,0.0,0.0,0.0,0.0,0.0,0.00172529648989439,0.001171970390714705,8.883111149771139e-05,0.006896117236465216,0.025714149698615074,0.00107949273660779,4.0
65,0.0,0.0,0.0,0.0,0.0,0.0,0.001986265880987048,0.0007693263469263911,0.0007632584893144667,0.00532623240724206,0.01087628398090601,0.0014466866850852966,0.0
66,1.0,1.0,1.0,1.0,1.0,1.0,0.9838759303092957,0.9985242486000061,0.4394170045852661,0.9993647933006287,0.9989722967147827,0.9174730181694031,2.0
67,0.0,0.0,0.0,1.0,1.0,1.0,0.04003186896443367,0.10848414897918701,0.03358648717403412,0.27190375328063965,0.04651379957795143,0.5772903561592102,0.0
68,1.0,1.0,1.0,1.0,1.0,1.0,0.9967705011367798,0.9996927976608276,0.9953047037124634,0.9986485838890076,0.9084450602531433,0.9973790645599365,2.0
69,0.0,1.0,1.0,1.0,1.0,0.0,0.999866247177124,0.9999600648880005,0.9234676361083984,0.9972865581512451,0.998768150806427,0.29231980443000793,0.0
70,1.0,1.0,1.0,1.0,1.0,0.0,0.9996238946914673,0.9998530149459839,0.9302119612693787,0.9955248832702637,0.9996792078018188,0.009503310546278954,0.0
71,0.0,0.0,0.0,0.0,0.0,0.0,0.00023935937497299165,0.0008201274904422462,0.0005308749969117343,0.0027778877411037683,0.0023089370224624872,0.0003451302764005959,2.0
72,1.0,1.0,0.0,0.0,1.0,1.0,0.937090277671814,0.9610809683799744,0.0017696054419502616,0.08998054265975952,0.930180549621582,0.5156033635139465,2.0
73,0.0,0.0,0.0,0.0,0.0,0.0,0.002784696174785495,0.015187572687864304,0.0009775971993803978,0.0003201254876330495,0.0026114562060683966,0.0005471706972457469,0.0
74,1.0,1.0,0.0,0.0,1.0,0.0,0.9995143413543701,0.999452531337738,0.2184818983078003,0.2434944212436676,0.8063415288925171,0.02428293786942959,2.0
75,1.0,1.0,1.0,1.0,1.0,0.0,0.9995730519294739,0.9999845027923584,0.9917090535163879,0.8543601632118225,0.9956888556480408,0.6332265734672546,3.0
76,1.0,1.0,0.0,1.0,1.0,0.0,0.9993477463722229,0.9999134540557861,0.01419105939567089,0.5764963030815125,0.9857097864151001,0.28614363074302673,0.0
77,0.0,0.0,0.0,0.0,0.0,0.0,6.957629375392571e-05,0.008030098862946033,0.00035341668990440667,0.0014641043962910771,0.019876444712281227,0.00017594241944607347,2.0
78,1.0,1.0,0.0,0.0,1.0,1.0,0.9997316002845764,0.9975743889808655,0.0047519626095891,0.13180787861347198,0.9903519749641418,0.4659731984138489,0.0
79,0.0,1.0,1.0,1.0,1.0,0.0,0.013223599642515182,0.46004560589790344,0.9960999488830566,0.11591719090938568,0.12218648940324783,0.7295364141464233,3.0
80,0.0,1.0,0.0,0.0,1.0,0.0,0.9875479936599731,0.9835561513900757,0.0002275917213410139,0.010681082494556904,0.5426429510116577,0.0018743870314210653,2.0
81,1.0,1.0,1.0,0.0,1.0,1.0,0.9951700568199158,0.9998846054077148,0.9947405457496643,0.8038180470466614,0.9216892123222351,0.720552921295166,1.0
82,1.0,1.0,0.0,0.0,1.0,0.0,0.9997009038925171,0.9999229907989502,0.7132889628410339,0.12565653026103973,0.7486043572425842,0.02032792754471302,2.0
83,1.0,1.0,0.0,0.0,1.0,0.0,0.9999781847000122,0.999937891960144,0.0006098353769630194,0.0788651555776596,0.9980717897415161,0.03679535537958145,1.0
84,1.0,1.0,0.0,0.0,0.0,0.0,0.9990509152412415,0.999568521976471,0.00016683021385688335,0.0013331554364413023,0.7569845914840698,0.00015797867672517896,2.0
85,1.0,1.0,1.0,1.0,1.0,1.0,0.9999523162841797,0.9999181032180786,0.9829952120780945,0.9742757678031921,0.9782289862632751,0.07042740285396576,2.0
86,1.0,1.0,1.0,1.0,1.0,1.0,0.9999444484710693,0.9999946355819702,0.9779835343360901,0.9965227842330933,0.7711093425750732,0.25004661083221436,1.0
87,0.0,0.0,0.0,0.0,0.0,0.0,0.0006563759525306523,0.0006226825644262135,7.033491419861093e-05,0.0004682416911236942,0.00586338434368372,0.0007370270905084908,4.0
88,0.0,0.0,1.0,0.0,0.0,0.0,0.0037982570938766003,0.9514896869659424,0.9990828037261963,0.9523540735244751,0.10880854725837708,0.9711812138557434,1.0
89,0.0,0.0,0.0,0.0,0.0,0.0,0.0021054327953606844,0.015709510073065758,0.0003883832832798362,0.0028703189454972744,0.02003762498497963,0.0005928399041295052,3.0
90,0.0,1.0,1.0,1.0,1.0,1.0,0.03532320261001587,0.9984678626060486,0.9748309850692749,0.9989355206489563,0.9427662491798401,0.9825254678726196,3.0
91,0.0,0.0,0.0,0.0,0.0,0.0,0.00018008550978265703,0.0008669246453791857,0.0006369149778038263,0.002467910060659051,0.053591977804899216,0.0020658927969634533,4.0
92,0.0,0.0,0.0,0.0,0.0,0.0,0.0010052424622699618,0.0038873115554451942,0.0009857879485934973,0.00678835017606616,0.04442109912633896,0.0012974562123417854,2.0
93,0.0,0.0,0.0,0.0,0.0,0.0,0.25556427240371704,0.018480442464351654,0.023646030575037003,0.003521635662764311,0.4093814790248871,0.0068674031645059586,3.0
94,1.0,1.0,0.0,0.0,0.0,0.0,0.9998730421066284,0.999652624130249,0.00010555360495345667,0.00200980925001204,0.20520704984664917,0.0001507944252807647,2.0
95,0.0,1.0,1.0,1.0,0.0,1.0,0.43821948766708374,0.9872879981994629,0.996435284614563,0.9648383855819702,0.095688596367836,0.9795535802841187,4.0
96,0.0,0.0,0.0,0.0,0.0,0.0,0.008682111278176308,0.008421044796705246,0.0009453488746657968,0.0115903839468956,0.15836317837238312,0.0003324936260469258,1.0
97,1.0,1.0,1.0,1.0,1.0,1.0,0.9997137188911438,0.9997199177742004,0.999806821346283,0.9993000030517578,0.9998075366020203,0.9955810904502869,2.0
98,0.0,0.0,0.0,0.0,0.0,0.0,0.00034560178755782545,0.00016007806698326021,0.0004921347135677934,0.007679237984120846,0.02274087443947792,0.00027662565116770566,4.0
99,1.0,0.0,0.0,0.0,0.0,0.0,0.9995630383491516,0.9358521699905396,0.0013065340463072062,0.0014201595913618803,0.8632644414901733,0.0007162921247072518,0.0
100,1.0,1.0,0.0,0.0,1.0,0.0,0.9929835796356201,0.9863878488540649,0.0006215512985363603,0.20677025616168976,0.9260772466659546,0.02522541768848896,0.0
101,0.0,0.0,0.0,0.0,0.0,0.0,0.00021778515656478703,0.0009285188862122595,0.0004316164995543659,0.022998226806521416,0.03699551522731781,0.0010709072230383754,0.0
102,1.0,1.0,0.0,1.0,1.0,0.0,0.9992281198501587,0.999901533126831,0.2164059579372406,0.1157475933432579,0.874670147895813,0.029448680579662323,2.0
103,1.0,1.0,0.0,1.0,1.0,0.0,0.9998025298118591,0.9999760389328003,0.9741465449333191,0.9937865734100342,0.9937483072280884,0.20391519367694855,4.0
104,1.0,1.0,1.0,1.0,1.0,0.0,0.9985411167144775,0.9999222755432129,0.9971408843994141,0.9992449283599854,0.9993808269500732,0.0443679541349411,2.0
105,0.0,0.0,0.0,0.0,0.0,0.0,0.0005351772415451705,0.0005355147877708077,0.003814760595560074,0.0032459343783557415,0.14882580935955048,0.00763168279081583,2.0
106,0.0,1.0,1.0,1.0,0.0,1.0,0.9331642389297485,0.9285417795181274,0.9775150418281555,0.9665269255638123,0.2640187442302704,0.99662184715271,2.0
107,0.0,1.0,1.0,1.0,0.0,1.0,0.7186973094940186,0.9994128942489624,0.9965606331825256,0.9978712797164917,0.7075001001358032,0.995974600315094,0.0
108,0.0,0.0,0.0,0.0,0.0,0.0,0.0005802639643661678,0.04973771423101425,0.024696344509720802,0.04149201884865761,0.08851674199104309,0.011585462838411331,3.0
109,1.0,1.0,1.0,1.0,0.0,0.0,0.9998788833618164,0.9995423555374146,0.9809216856956482,0.9864616990089417,0.9896588921546936,0.35705259442329407,0.0
110,1.0,1.0,1.0,1.0,1.0,0.0,0.9990987777709961,0.998915433883667,0.942611813545227,0.9471291303634644,0.23004809021949768,0.06915079057216644,2.0
111,1.0,1.0,1.0,1.0,1.0,0.0,0.9998481273651123,0.9999743700027466,0.9443444609642029,0.9877408146858215,0.9996556043624878,0.6624317765235901,1.0
112,0.0,0.0,0.0,0.0,0.0,0.0,0.0003298491064924747,0.0013052175054326653,0.00028799870051443577,0.00534461997449398,0.1275387704372406,0.0012315178755670786,4.0
113,1.0,1.0,1.0,1.0,1.0,1.0,0.9997263550758362,0.9999969005584717,0.4106545150279999,0.2919524013996124,0.9991230368614197,0.003539981320500374,1.0
114,1.0,1.0,0.0,0.0,0.0,0.0,0.999969482421875,0.9997219443321228,0.6505455374717712,0.5208838582038879,0.9867720007896423,0.005258150398731232,3.0
115,1.0,1.0,0.0,0.0,1.0,0.0,0.9998425245285034,0.9998437166213989,0.30545371770858765,0.4455920457839966,0.7466698884963989,0.15654540061950684,0.0
116,1.0,1.0,1.0,1.0,1.0,1.0,0.44831737875938416,0.9998462200164795,0.9992996454238892,0.9999234676361084,0.9858901500701904,0.6270889639854431,3.0
117,1.0,1.0,1.0,1.0,1.0,0.0,0.9998732805252075,0.9999886751174927,0.9980630278587341,0.9990274906158447,0.9991294741630554,0.3755738139152527,2.0
118,0.0,1.0,1.0,1.0,0.0,1.0,0.2836131155490875,0.9967049956321716,0.9994561076164246,0.9955645799636841,0.19113360345363617,0.9917494058609009,3.0
119,1.0,1.0,1.0,1.0,1.0,0.0,0.9982678890228271,0.9998714923858643,0.9679227471351624,0.8678467869758606,0.8241998553276062,0.20504717528820038,3.0
120,0.0,0.0,0.0,0.0,0.0,0.0,0.0015681738732382655,0.01332010142505169,0.008878691121935844,0.07681947946548462,0.3769066631793976,0.0013376468559727073,2.0
121,1.0,1.0,0.0,0.0,1.0,0.0,0.99972003698349,0.9963550567626953,0.0034820837900042534,0.006204769480973482,0.0908682644367218,0.028943972662091255,4.0
122,0.0,1.0,1.0,1.0,1.0,0.0,0.15209130942821503,0.9999028444290161,0.9937135577201843,0.9970732927322388,0.9852718114852905,0.5823054313659668,4.0
123,0.0,0.0,0.0,0.0,0.0,0.0,0.0006183968507684767,0.0007663223659619689,0.0008258140296675265,0.014593834057450294,0.06851904839277267,0.0014108106261119246,0.0
124,0.0,0.0,0.0,0.0,0.0,0.0,0.0023923353292047977,0.0007201170665211976,0.00046844841563142836,0.0030806679278612137,0.0416673980653286,0.001207641209475696,0.0
125,0.0,1.0,1.0,1.0,0.0,1.0,0.1382940411567688,0.98630291223526,0.9979385733604431,0.994804322719574,0.9248965978622437,0.919007420539856,2.0
126,0.0,1.0,1.0,1.0,1.0,1.0,0.13688507676124573,0.9933549165725708,0.9923830628395081,0.9957687854766846,0.9894065260887146,0.23686698079109192,1.0
127,1.0,1.0,0.0,0.0,1.0,0.0,0.9971691966056824,0.9979933500289917,0.0001235677773365751,0.000565054826438427,0.9697176218032837,0.00013193399354349822,3.0
128,1.0,1.0,0.0,0.0,0.0,0.0,0.9999196529388428,0.9980177879333496,0.0001830289256758988,0.0032913177274167538,0.9544918537139893,0.0009848370682448149,0.0
129,0.0,0.0,0.0,1.0,1.0,0.0,0.0005653882981278002,0.0009213317534886301,0.00046510950778611004,0.002881689229980111,0.020588982850313187,0.00020917666552122682,1.0
130,1.0,1.0,1.0,1.0,1.0,0.0,0.9986230134963989,0.9999878406524658,0.953377902507782,0.9922928810119629,0.9992399215698242,0.7557357549667358,4.0
131,1.0,1.0,1.0,1.0,1.0,1.0,0.9999089241027832,0.999964714050293,0.9428908824920654,0.873731791973114,0.9337902069091797,0.04754629731178284,1.0
132,0.0,1.0,1.0,1.0,0.0,1.0,0.36031755805015564,0.9872961044311523,0.9582082033157349,0.9874725341796875,0.4032239317893982,0.9880802631378174,2.0
133,0.0,0.0,0.0,0.0,0.0,0.0,0.001098420238122344,0.003030891064554453,0.0003181078063789755,0.001352595048956573,0.019940746948122978,0.00012632740254048258,3.0
134,0.0,0.0,0.0,0.0,0.0,0.0,0.007652175147086382,0.46316292881965637,0.6273868083953857,0.3125026524066925,0.3923483192920685,0.8757197856903076,4.0
135,1.0,1.0,1.0,0.0,1.0,0.0,0.9996113181114197,0.9998217225074768,0.15691322088241577,0.5221922993659973,0.9851878881454468,0.026071900501847267,0.0
136,1.0,1.0,1.0,0.0,1.0,0.0,0.9732052683830261,0.06759988516569138,0.016666118055582047,0.11443238705396652,0.5098704099655151,0.04918288812041283,2.0
137,0.0,0.0,0.0,0.0,0.0,0.0,0.0007284741150215268,0.00421952735632658,0.0008122234139591455,0.03665260225534439,0.03445415198802948,0.008530913852155209,2.0
138,0.0,0.0,0.0,0.0,0.0,0.0,0.00039965767064131796,0.0006398865953087807,0.0001872981374617666,0.005330240353941917,0.08001425117254257,0.0005143198650330305,2.0
139,0.0,0.0,0.0,0.0,0.0,0.0,0.0002563383604865521,0.000292347016511485,0.00015943172911647707,0.00819770060479641,0.01921117678284645,0.0008416079799644649,2.0
140,0.0,0.0,0.0,0.0,0.0,0.0,0.0003478765138424933,0.0015888725174590945,0.00025153812021017075,0.0011093466309830546,0.006482625845819712,0.0009638536139391363,1.0
141,1.0,1.0,0.0,1.0,1.0,0.0,0.0005899935495108366,0.010314533486962318,0.0002858273219317198,0.0006918645231053233,0.01228486467152834,0.0012201389763504267,0.0
142,1.0,1.0,0.0,0.0,1.0,0.0,0.9999587535858154,0.9999613761901855,0.8985719084739685,0.9798789024353027,0.9706128835678101,0.14038938283920288,1.0
143,1.0,1.0,0.0,0.0,1.0,0.0,0.9991280436515808,0.9895607233047485,8.627607166999951e-05,0.0002095991076203063,0.49174055457115173,0.0003740268002729863,4.0
144,0.0,0.0,0.0,0.0,0.0,0.0,0.00042189107625745237,0.001189875416457653,0.003003621706739068,0.010350211523473263,0.18120868504047394,0.00025738112162798643,2.0
145,0.0,0.0,0.0,0.0,0.0,0.0,0.0010237975511699915,0.0012942533940076828,0.0009196408791467547,0.0046353512443602085,0.05390714481472969,0.00030844539287500083,3.0
146,1.0,1.0,1.0,1.0,1.0,0.0,0.999929666519165,0.9998345375061035,0.9963002800941467,0.9970065951347351,0.998056948184967,0.6289926767349243,4.0
147,1.0,1.0,0.0,1.0,1.0,0.0,0.9976993203163147,0.9998828172683716,0.9802977442741394,0.9997017979621887,0.9991463422775269,0.044364992529153824,1.0
148,0.0,0.0,0.0,0.0,0.0,0.0,0.0009533377597108483,0.002808007877320051,0.0006306625436991453,0.012815107591450214,0.022350851446390152,0.002520944457501173,1.0
149,1.0,0.0,0.0,0.0,0.0,0.0,0.9191290736198425,0.9850192070007324,0.00121257861610502,0.0009824589360505342,0.30571451783180237,4.680155689129606e-05,3.0
150,0.0,0.0,0.0,0.0,0.0,0.0,0.3633013665676117,0.12840543687343597,0.017115741968154907,0.002545607276260853,0.16043592989444733,0.00042917614337056875,4.0
151,1.0,1.0,0.0,0.0,0.0,0.0,0.9996647834777832,0.9931479096412659,0.00481447484344244,0.010970793664455414,0.07188838720321655,0.0004124527331441641,4.0
152,0.0,0.0,0.0,0.0,0.0,0.0,0.6785661578178406,0.007418844383209944,0.00039828752051107585,0.0033236437011510134,0.29711782932281494,0.00018600269686430693,4.0
153,1.0,1.0,1.0,1.0,1.0,0.0,0.999893069267273,0.9999881982803345,0.8509700298309326,0.9972558617591858,0.8029464483261108,0.4531551003456116,3.0
154,0.0,0.0,0.0,0.0,0.0,0.0,0.0003995332808699459,0.0006133465212769806,0.00016188118024729192,0.0035108677111566067,0.0032030344009399414,0.0030270074494183064,3.0
155,0.0,0.0,0.0,0.0,0.0,0.0,0.00028661161195486784,0.0006748143350705504,6.995884177740663e-05,0.003719087690114975,0.019492600113153458,0.0006039435975253582,1.0
156,0.0,0.0,0.0,0.0,0.0,0.0,0.000904702756088227,0.000481598312035203,0.0007982049719430506,0.0010668961331248283,0.01574484445154667,0.00019908780814148486,1.0
157,1.0,1.0,1.0,1.0,1.0,1.0,0.999950647354126,0.9999371767044067,0.9996523857116699,0.984592854976654,0.9981555342674255,0.32958757877349854,3.0
158,1.0,1.0,1.0,1.0,1.0,1.0,0.9999723434448242,0.9999940395355225,0.9923123717308044,0.9953149557113647,0.8504717946052551,0.6908490061759949,1.0
159,0.0,0.0,0.0,0.0,0.0,0.0,0.00040342906140722334,0.0020652450621128082,0.001946009579114616,0.019229212775826454,0.011678212322294712,0.0008095298544503748,3.0
160,0.0,0.0,0.0,0.0,0.0,0.0,0.0016539011849090457,0.0004384394851513207,0.0007113686297088861,0.002084288513287902,0.013414427638053894,0.0023942170664668083,4.0
161,1.0,1.0,0.0,0.0,1.0,0.0,0.9989520311355591,0.9985070824623108,0.002017121994867921,0.014905908145010471,0.8042615652084351,0.015337375923991203,4.0
162,1.0,1.0,0.0,0.0,0.0,0.0,0.9980577826499939,0.9984526634216309,0.04895433783531189,0.4069165885448456,0.9542253017425537,0.002640212420374155,0.0
163,0.0,0.0,0.0,0.0,0.0,0.0,0.0005533519433811307,0.0002565253817010671,0.0007414394640363753,0.0019028825918212533,0.014235561713576317,0.0008081845007836819,0.0
164,1.0,1.0,0.0,0.0,1.0,0.0,0.9998155236244202,0.9998767375946045,0.7795583605766296,0.16297461092472076,0.8653817176818848,0.06561717391014099,1.0
165,1.0,1.0,1.0,1.0,1.0,1.0,0.9987689852714539,0.9993516802787781,0.9930114150047302,0.9987541437149048,0.9585416316986084,0.9740058779716492,2.0
166,1.0,1.0,1.0,1.0,1.0,0.0,0.9998695850372314,0.9999704360961914,0.9980301260948181,0.9979813694953918,0.9895205497741699,0.10816385596990585,4.0
167,1.0,1.0,1.0,1.0,1.0,0.0,0.9999337196350098,0.9999818801879883,0.9971089959144592,0.9994078874588013,0.9997830986976624,0.5764029622077942,2.0
168,0.0,0.0,0.0,0.0,0.0,0.0,0.0011438177898526192,0.003364843549206853,0.0002941500279121101,0.027936581522226334,0.025210203602910042,0.0016805424820631742,0.0
169,0.0,1.0,0.0,1.0,1.0,1.0,0.03193110227584839,0.10123463720083237,0.002922818763181567,0.11202376335859299,0.08810829371213913,0.17449058592319489,3.0
170,1.0,1.0,0.0,1.0,1.0,1.0,0.8800283670425415,0.9694097638130188,0.00025091797579079866,0.9435561895370483,0.9983375072479248,0.9901993870735168,0.0
171,0.0,0.0,0.0,0.0,0.0,0.0,0.00019531158613972366,0.0014080548426136374,0.00048585396143607795,0.0007658383692614734,0.01104063168168068,0.0001078926507034339,2.0
172,1.0,1.0,0.0,1.0,1.0,0.0,0.0013130089500918984,0.921231746673584,0.9789226055145264,0.7692595720291138,0.12140126526355743,0.4936341941356659,3.0
173,1.0,1.0,1.0,0.0,1.0,0.0,0.9992734789848328,0.9998410940170288,0.9686545133590698,0.920914888381958,0.9286176562309265,0.01377717312425375,0.0
174,1.0,1.0,1.0,1.0,0.0,1.0,0.7924224138259888,0.9521862864494324,0.9998705387115479,0.5409163236618042,0.3186933696269989,0.9915110468864441,1.0
175,1.0,1.0,0.0,1.0,1.0,1.0,0.9997535347938538,0.9997876286506653,0.9283288717269897,0.9964116215705872,0.9999747276306152,0.14674220979213715,0.0
176,1.0,1.0,0.0,1.0,1.0,0.0,0.9875265955924988,0.9999513626098633,0.9990460276603699,0.998261034488678,0.9993776679039001,0.8820425271987915,3.0
177,0.0,1.0,1.0,1.0,1.0,1.0,0.018003053963184357,0.9924771189689636,0.9980698227882385,0.9904254078865051,0.9845238327980042,0.9323991537094116,1.0
178,0.0,1.0,1.0,1.0,1.0,0.0,0.4164631962776184,0.9913036823272705,0.9929540753364563,0.9840700626373291,0.7983747124671936,0.9519298076629639,1.0
179,1.0,1.0,0.0,1.0,1.0,0.0,0.9993129968643188,0.9999396800994873,0.07152191549539566,0.0473373718559742,0.9966720342636108,0.007221982814371586,1.0
180,0.0,0.0,0.0,0.0,0.0,0.0,0.006229986436665058,0.6510897278785706,0.5275578498840332,0.13795441389083862,0.6969102025032043,0.45567813515663147,3.0
181,1.0,1.0,1.0,1.0,0.0,0.0,0.9977560639381409,0.9997856020927429,0.9489986300468445,0.7853096723556519,0.7177622318267822,0.1588330864906311,1.0
182,0.0,0.0,0.0,0.0,0.0,0.0,0.0018795280484482646,0.008946605026721954,0.0005771316355094314,0.11291227489709854,0.007304482627660036,0.0004884001100435853,2.0
183,1.0,1.0,1.0,1.0,1.0,1.0,0.9979664087295532,0.9999836683273315,0.9961888194084167,0.9998059868812561,0.9964824914932251,0.4043246805667877,2.0
184,1.0,1.0,1.0,1.0,1.0,1.0,0.9999548196792603,0.9999160766601562,0.999213457107544,0.9990290403366089,0.9980937838554382,0.6696180701255798,0.0
185,0.0,0.0,0.0,0.0,0.0,0.0,0.0018980796448886395,6.497962749563158e-05,0.0005353190936148167,0.0032521281391382217,0.03282850608229637,0.0010350266238674521,0.0
186,1.0,1.0,1.0,1.0,1.0,1.0,0.9993395209312439,0.999962329864502,0.9956522583961487,0.9883584976196289,0.9882867932319641,0.6558522582054138,4.0
187,1.0,1.0,1.0,1.0,1.0,0.0,0.9999033212661743,0.999920129776001,0.9790423512458801,0.8008875846862793,0.9556410908699036,0.17231279611587524,4.0
188,1.0,1.0,0.0,0.0,1.0,0.0,0.999859094619751,0.9986392855644226,0.0004365748609416187,0.005064729601144791,0.949824869632721,0.0014348856639117002,0.0
189,1.0,1.0,1.0,1.0,0.0,0.0,0.9998875856399536,0.9987497329711914,0.9769278764724731,0.9780303239822388,0.8403465151786804,0.8527202606201172,4.0
190,0.0,0.0,0.0,0.0,0.0,0.0,0.0009456298430450261,0.0002951495407614857,0.0005048794555477798,0.02513984590768814,0.011362121440470219,8.295177394757047e-05,3.0
191,0.0,0.0,0.0,0.0,0.0,0.0,0.0018179770559072495,0.0659528523683548,0.7110962867736816,0.5886490345001221,0.009075538255274296,0.0023633791133761406,3.0
192,0.0,1.0,0.0,1.0,1.0,0.0,0.1230110228061676,0.967536449432373,0.01064943615347147,0.33704715967178345,0.9803686738014221,0.03346595913171768,1.0
193,0.0,0.0,0.0,0.0,0.0,0.0,0.002252105390653014,0.0033973660320043564,0.0001470880233682692,0.002785472199320793,0.08455687761306763,0.00016415712889283895,2.0
194,1.0,1.0,1.0,1.0,0.0,0.0,0.9997498393058777,0.9998219609260559,0.9859327673912048,0.1935347318649292,0.8130037188529968,0.5014438033103943,2.0
195,0.0,1.0,1.0,1.0,1.0,1.0,0.9965110421180725,0.9853262901306152,0.98270583152771,0.36164599657058716,0.20667745172977448,0.014754523523151875,1.0
196,1.0,1.0,1.0,1.0,1.0,1.0,0.999919056892395,0.999692440032959,0.9858403205871582,0.994125247001648,0.9990621209144592,0.41052481532096863,1.0
197,1.0,1.0,1.0,1.0,1.0,1.0,0.9995777010917664,0.9999207258224487,0.999565064907074,0.9964327812194824,0.9981828331947327,0.817585289478302,4.0
198,0.0,0.0,0.0,0.0,0.0,0.0,0.001391926547512412,0.010859577916562557,0.00042365124681964517,0.0027779920492321253,0.018909011036157608,0.006300679408013821,0.0
199,0.0,0.0,1.0,0.0,0.0,0.0,0.006794087588787079,0.9958555102348328,0.998997151851654,0.8384124040603638,0.25439369678497314,0.9776136875152588,0.0
200,0.0,0.0,0.0,0.0,0.0,0.0,0.00021389407629612833,0.0007147350697778165,0.0001469636772526428,0.002069688867777586,0.07407120615243912,0.0004072735027875751,4.0
201,1.0,1.0,1.0,1.0,1.0,0.0,0.9993851184844971,0.9997997879981995,0.8811405897140503,0.9086652994155884,0.9513718485832214,0.39645740389823914,4.0
202,1.0,1.0,1.0,1.0,1.0,1.0,0.999680757522583,0.999933123588562,0.9915446043014526,0.9976595640182495,0.9979619979858398,0.18783900141716003,4.0
203,0.0,0.0,1.0,0.0,0.0,1.0,0.011266684159636497,0.10360991209745407,0.8958560824394226,0.11971822381019592,0.015329866670072079,0.14304989576339722,0.0
204,1.0,1.0,1.0,1.0,1.0,0.0,0.9998326301574707,0.9997757077217102,0.9925065636634827,0.9869944453239441,0.9647387266159058,0.10442598909139633,2.0
205,1.0,1.0,1.0,1.0,1.0,1.0,0.9992566704750061,0.9999254941940308,0.9986074566841125,0.9988289475440979,0.9935729503631592,0.9440601468086243,4.0
206,1.0,1.0,1.0,1.0,1.0,0.0,0.9969475865364075,0.9999645948410034,0.9546120762825012,0.8885614275932312,0.9978919625282288,0.5252245664596558,4.0
207,1.0,1.0,0.0,0.0,1.0,1.0,0.9957938194274902,0.6359329223632812,0.0018227769760414958,0.034711338579654694,0.9867649078369141,0.0208518635481596,4.0
208,1.0,1.0,1.0,1.0,1.0,1.0,0.23484118282794952,0.9937898516654968,0.9996353387832642,0.9994310736656189,0.9651996493339539,0.9825615882873535,1.0
209,1.0,1.0,1.0,1.0,1.0,1.0,0.9131050109863281,0.9999065399169922,0.9755792617797852,0.3741261661052704,0.49165788292884827,0.7750553488731384,1.0
210,1.0,1.0,1.0,1.0,1.0,1.0,0.9998080134391785,0.9999772310256958,0.9726167321205139,0.9921086430549622,0.9276323318481445,0.16120462119579315,0.0
211,1.0,1.0,1.0,1.0,1.0,1.0,0.8990191221237183,0.9996728897094727,0.9946907162666321,0.998245120048523,0.7897169589996338,0.9978062510490417,2.0
212,0.0,0.0,0.0,0.0,0.0,0.0,0.00013008278619963676,0.0002106651954818517,0.0001463552180211991,0.0005561593570746481,0.011137221939861774,0.00021515834669116884,0.0
213,1.0,1.0,0.0,0.0,0.0,0.0,0.9997695088386536,0.9917373061180115,0.4190240204334259,0.08875700831413269,0.9447393417358398,0.1970568150281906,2.0
214,1.0,1.0,0.0,0.0,0.0,0.0,0.5173041224479675,0.9975202679634094,0.03295302391052246,0.011896606534719467,0.9980528354644775,0.00031328623299486935,1.0
215,0.0,0.0,0.0,0.0,0.0,0.0,0.0006446396582759917,0.00013850096729584038,0.0010561383096501231,0.0048215351998806,0.013293200172483921,0.0006145345978438854,2.0
216,0.0,0.0,0.0,0.0,0.0,0.0,0.00014449749141931534,0.00022846332285553217,7.16798531357199e-05,0.004207279067486525,0.002890706527978182,0.001278216834180057,4.0
217,0.0,0.0,0.0,0.0,0.0,0.0,0.0003942684270441532,0.0007320466102100909,0.0004762770258821547,0.0010209126630797982,0.01335961651057005,0.00011205230839550495,3.0
218,0.0,0.0,0.0,0.0,0.0,0.0,0.0011486017610877752,0.0017901695100590587,0.000881149317137897,0.0021390540059655905,0.0042243762873113155,0.0006362215499393642,1.0
219,1.0,1.0,0.0,0.0,1.0,0.0,0.997958779335022,0.9996823072433472,0.8384593725204468,0.9758254289627075,0.9947615265846252,0.002746259793639183,4.0
220,0.0,1.0,0.0,0.0,1.0,1.0,0.9995512366294861,0.9988135099411011,0.003661175025627017,0.1250210553407669,0.9874069094657898,0.7940223813056946,0.0
221,1.0,1.0,0.0,0.0,0.0,0.0,0.9995757937431335,0.9995204210281372,0.0008386480039916933,0.0020845045801252127,0.5132458806037903,0.00040089458343572915,1.0
222,1.0,1.0,0.0,0.0,1.0,0.0,0.9999042749404907,0.9999147653579712,0.4902867376804352,0.1431993991136551,0.984434187412262,0.0032312911935150623,2.0
223,0.0,0.0,0.0,0.0,0.0,0.0,0.0013219870161265135,0.0021098684519529343,0.01273162942379713,0.1178760975599289,0.3659325838088989,0.011631755158305168,3.0
224,1.0,1.0,0.0,0.0,0.0,0.0,0.9879791736602783,0.9992280006408691,0.0007490501739084721,0.0028765120077878237,0.9313571453094482,0.0026940114330500364,2.0
225,0.0,0.0,0.0,0.0,0.0,0.0,0.004919353872537613,0.007014159578830004,8.588329365011305e-05,0.007299032062292099,0.01755622774362564,0.0008568745688535273,4.0
226,1.0,1.0,1.0,1.0,1.0,0.0,0.9973207116127014,0.9997060894966125,0.9551318883895874,0.9542863368988037,0.9987446069717407,0.023254945874214172,0.0
227,0.0,1.0,1.0,1.0,0.0,1.0,0.07612873613834381,0.9965548515319824,0.9499269127845764,0.4267123341560364,0.7013841271400452,0.9830421209335327,2.0
228,1.0,1.0,1.0,1.0,1.0,1.0,0.9998737573623657,0.99996018409729,0.9721336364746094,0.9412382245063782,0.9267703294754028,0.23372206091880798,2.0
229,1.0,1.0,1.0,1.0,1.0,1.0,0.9997989535331726,0.9997108578681946,0.1756037026643753,0.10558334738016129,0.9913753867149353,0.3290099501609802,4.0
230,0.0,0.0,0.0,0.0,0.0,0.0,0.004573428072035313,0.002756147412583232,0.00010088682756759226,0.00350809283554554,0.04180407524108887,0.0001447211398044601,4.0
231,0.0,0.0,0.0,0.0,0.0,0.0,0.011112566106021404,0.08105289936065674,0.01695740967988968,0.010387442074716091,0.03151721879839897,0.14254216849803925,0.0
232,0.0,0.0,0.0,0.0,0.0,0.0,0.990190863609314,0.9950745701789856,0.006601172033697367,0.3181597888469696,0.45447367429733276,0.0026681760791689157,2.0
233,0.0,1.0,1.0,1.0,1.0,1.0,0.06387640535831451,0.9768154621124268,0.9996100068092346,0.9985565543174744,0.7470530867576599,0.984541654586792,1.0
234,0.0,1.0,1.0,1.0,0.0,1.0,0.07016120851039886,0.9599989652633667,0.9985906481742859,0.6999431848526001,0.229349285364151,0.45006969571113586,3.0
235,0.0,0.0,0.0,0.0,0.0,0.0,0.0008469970198348165,0.00039489814662374556,0.00013379789015743881,0.005544958170503378,0.008728035725653172,0.001197452424094081,2.0
236,1.0,1.0,0.0,0.0,1.0,0.0,0.9997865557670593,0.9997056126594543,0.00367606314830482,0.058644600212574005,0.905350923538208,0.0023344929795712233,1.0
237,1.0,1.0,1.0,1.0,1.0,1.0,0.6559491157531738,0.9970031380653381,0.9206595420837402,0.9932255148887634,0.7889637351036072,0.6913017630577087,0.0
238,1.0,1.0,1.0,1.0,1.0,1.0,0.0011978698894381523,0.9946735501289368,0.993524432182312,0.9971936941146851,0.6219555139541626,0.9043765664100647,3.0
239,0.0,0.0,0.0,0.0,0.0,0.0,0.0003736737708095461,0.000254437152761966,0.00024393631611019373,0.000578207487706095,0.004264425951987505,0.0007656508241780102,0.0
240,0.0,0.0,0.0,0.0,0.0,0.0,0.07655700296163559,0.03881414607167244,0.0004652815987356007,0.0010296435793861747,0.06786324828863144,0.0006827253964729607,0.0
241,1.0,1.0,1.0,1.0,1.0,1.0,0.5607561469078064,0.9412564039230347,0.9899740219116211,0.7735786437988281,0.40911704301834106,0.15122783184051514,4.0
242,0.0,0.0,0.0,0.0,0.0,0.0,0.0013798216823488474,7.601580728078261e-05,0.00046931751421652734,0.0021594420541077852,0.08040131628513336,0.0036846953444182873,2.0
243,0.0,0.0,0.0,0.0,0.0,0.0,0.00040304544381797314,0.0024671403225511312,0.0002008828887483105,0.0012831221101805568,0.038093212991952896,0.0015380679396912456,1.0
244,1.0,1.0,1.0,0.0,0.0,0.0,0.9989873766899109,0.9995892643928528,0.7337337136268616,0.6044284105300903,0.8424917459487915,0.02816094644367695,0.0
245,0.0,0.0,0.0,0.0,0.0,0.0,0.0006717334617860615,0.01554146595299244,0.0014146502362564206,0.01627511717379093,0.28664475679397583,0.0011176153784617782,3.0
246,0.0,1.0,1.0,1.0,1.0,1.0,0.9997654557228088,0.9998863935470581,0.983223021030426,0.9946511387825012,0.9962028861045837,0.29212674498558044,4.0
247,1.0,1.0,1.0,1.0,1.0,1.0,0.9999566078186035,0.9999717473983765,0.9357501268386841,0.9984309077262878,0.9973642230033875,0.9345201253890991,0.0
248,0.0,1.0,1.0,1.0,0.0,1.0,0.025631070137023926,0.8597207069396973,0.9986016154289246,0.8102365136146545,0.255460649728775,0.961869478225708,2.0
249,0.0,0.0,0.0,0.0,0.0,0.0,0.00029132896452210844,0.0032720526214689016,0.0008462689002044499,0.023450909182429314,0.027632590383291245,0.00011412836465751752,2.0
250,0.0,0.0,0.0,0.0,0.0,0.0,0.0011480984976515174,0.0018472272204235196,0.00027358208899386227,0.0007079907227307558,0.002388159977272153,0.0005927028832957149,3.0
251,0.0,1.0,1.0,1.0,1.0,1.0,0.016413360834121704,0.7753628492355347,0.996921956539154,0.9803308844566345,0.987795352935791,0.6426475048065186,0.0
252,1.0,1.0,0.0,0.0,1.0,0.0,0.9793577194213867,0.9996086955070496,0.15523575246334076,0.7258018851280212,0.9965443015098572,0.041941508650779724,4.0
253,1.0,1.0,1.0,1.0,1.0,0.0,0.9997389912605286,0.9997777342796326,0.996258020401001,0.9858975410461426,0.7650911211967468,0.5877904295921326,4.0
254,1.0,1.0,1.0,0.0,1.0,1.0,0.9997771382331848,0.9999245405197144,0.6119340062141418,0.6945318579673767,0.9764509201049805,0.34984275698661804,1.0
255,1.0,1.0,1.0,0.0,1.0,0.0,0.9987127780914307,0.9994526505470276,0.9356265664100647,0.13642404973506927,0.6190077066421509,0.10147634893655777,3.0
256,1.0,1.0,1.0,1.0,1.0,0.0,0.9998002648353577,0.9999402761459351,0.9782734513282776,0.933630645275116,0.9883291721343994,0.6756631731987,2.0
257,0.0,0.0,0.0,0.0,0.0,0.0,0.00010274330998072401,0.00027013872750103474,0.0003214031457901001,0.001015787711367011,0.021475326269865036,0.00036504826857708395,3.0
258,0.0,0.0,0.0,0.0,0.0,0.0,0.014912056736648083,0.0018225150415673852,0.0001664034789428115,0.0036851156037300825,0.08944184333086014,0.0019358524587005377,2.0
259,1.0,0.0,0.0,0.0,1.0,0.0,0.9020057916641235,0.3565659821033478,0.0001438499748473987,0.036349907517433167,0.5503172874450684,0.00038727320497855544,0.0
260,0.0,0.0,1.0,0.0,0.0,1.0,0.0020056054927408695,0.9701500535011292,0.9155499339103699,0.2827953100204468,0.22501017153263092,0.8883598446846008,2.0
261,1.0,1.0,0.0,0.0,1.0,0.0,0.9997192025184631,0.9998694658279419,0.814704418182373,0.44640427827835083,0.8787223696708679,0.09402758628129959,0.0
262,1.0,1.0,0.0,0.0,1.0,1.0,0.9936273097991943,0.9902839064598083,0.0019369997316971421,0.5407218933105469,0.9899215698242188,0.5993083119392395,4.0
263,0.0,0.0,0.0,1.0,1.0,1.0,0.0009530072566121817,0.005020730663090944,0.00031775105162523687,0.0004901534994132817,0.006702412385493517,0.00011764123337343335,3.0
264,0.0,0.0,0.0,0.0,0.0,0.0,0.11070737987756729,0.49766209721565247,0.018045401200652122,0.3253856301307678,0.09544281661510468,0.03496282175183296,3.0
265,1.0,1.0,0.0,0.0,1.0,0.0,0.7856181859970093,0.9563209414482117,0.23182491958141327,0.1619655042886734,0.4820375442504883,0.4752974808216095,1.0
266,1.0,1.0,1.0,1.0,1.0,0.0,0.9966262578964233,0.9999617338180542,0.8939169645309448,0.9970034956932068,0.8626092672348022,0.42216435074806213,1.0
267,1.0,1.0,1.0,1.0,1.0,0.0,0.998648464679718,0.9998155236244202,0.06131243333220482,0.9268290400505066,0.5851249098777771,0.005551114212721586,2.0
268,1.0,1.0,0.0,1.0,1.0,0.0,0.6201346516609192,0.9543312788009644,0.7042860388755798,0.848444402217865,0.6414589881896973,0.23829329013824463,3.0
269,0.0,0.0,0.0,0.0,0.0,0.0,0.002454441273584962,0.0792224258184433,0.017320990562438965,0.019896607846021652,0.13032971322536469,0.0013055992312729359,4.0
270,0.0,1.0,1.0,1.0,0.0,1.0,0.012085124850273132,0.4535379111766815,0.688280463218689,0.0030085393227636814,0.0009977890877053142,0.0038965512067079544,0.0
271,1.0,1.0,1.0,1.0,1.0,0.0,0.9997362494468689,0.9992735981941223,0.04191536456346512,0.053501542657613754,0.5428733825683594,0.003519999561831355,0.0
272,1.0,1.0,0.0,0.0,1.0,0.0,0.9995018243789673,0.9997417330741882,0.00016022879572119564,0.011362908408045769,0.11997140944004059,0.0028300995472818613,2.0
273,0.0,1.0,1.0,0.0,0.0,0.0,0.9965997338294983,0.9723036289215088,0.6871736645698547,0.17057374119758606,0.3737296164035797,0.14785565435886383,2.0
274,0.0,0.0,0.0,0.0,0.0,0.0,0.0024675861932337284,0.002493891166523099,0.31675082445144653,0.02246157079935074,0.031747788190841675,0.02021096833050251,0.0
275,0.0,0.0,0.0,0.0,0.0,0.0,0.002718660980463028,0.0003327939484734088,0.00037145448732189834,0.004218874033540487,0.009565025568008423,0.0014065137365832925,0.0
276,1.0,1.0,1.0,1.0,1.0,1.0,0.9986528158187866,0.9999622106552124,0.9400416016578674,0.9797093868255615,0.9959505796432495,0.004599987994879484,4.0
277,1.0,1.0,1.0,1.0,1.0,1.0,0.10454820841550827,0.8682171106338501,0.9446565508842468,0.8950049877166748,0.5866525173187256,0.6464360356330872,1.0
278,1.0,1.0,1.0,1.0,1.0,0.0,0.9757978320121765,0.9993698000907898,0.9989859461784363,0.9999492168426514,0.9985893368721008,0.9616750478744507,3.0
279,1.0,1.0,1.0,1.0,1.0,0.0,0.9990818500518799,0.999795138835907,0.9988229870796204,0.9998069405555725,0.9998447895050049,0.22679509222507477,4.0
280,1.0,1.0,1.0,1.0,1.0,1.0,0.04961783066391945,0.3916323482990265,0.991041362285614,0.8762988448143005,0.18005286157131195,0.7640416622161865,2.0
281,0.0,0.0,0.0,0.0,0.0,0.0,0.0012364862486720085,0.01385215949267149,0.33534476161003113,0.0009928207146003842,0.01029658317565918,0.0016710844356566668,2.0
282,1.0,1.0,1.0,1.0,1.0,0.0,0.9958914518356323,0.9999525547027588,0.9824276566505432,0.8827938437461853,0.9880016446113586,0.5242067575454712,1.0
283,1.0,1.0,0.0,0.0,1.0,0.0,0.999715268611908,0.998717188835144,0.0005827270215377212,0.018005017191171646,0.8352445960044861,0.0007322137244045734,4.0
284,1.0,1.0,1.0,0.0,0.0,1.0,0.999262273311615,0.9999659061431885,0.7398197650909424,0.9781364798545837,0.5518197417259216,0.9681224822998047,3.0
285,1.0,1.0,1.0,1.0,1.0,1.0,0.9984545707702637,0.9999537467956543,0.9784324169158936,0.9725225567817688,0.9976873397827148,0.7418910264968872,1.0
286,0.0,0.0,0.0,0.0,0.0,0.0,0.0004383356717880815,0.0005751412827521563,0.0003323548298794776,0.003589051775634289,0.017344770953059196,0.0001144065463449806,1.0
287,1.0,1.0,1.0,1.0,0.0,0.0,0.9997029900550842,0.999714195728302,0.9052770733833313,0.7648890018463135,0.9440171122550964,0.018251772969961166,1.0
288,1.0,1.0,0.0,0.0,1.0,0.0,0.987503707408905,0.9999247789382935,0.9571153521537781,0.9979110360145569,0.9880118370056152,0.12980468571186066,4.0
289,0.0,0.0,0.0,0.0,0.0,0.0,0.001023939112201333,0.004178553819656372,0.0004885286325588822,0.004260590765625238,0.014842305332422256,0.0005476356018334627,0.0
290,0.0,1.0,1.0,1.0,1.0,1.0,0.47524455189704895,0.9996978044509888,0.993408203125,0.9984024167060852,0.9984923601150513,0.5105997323989868,1.0
291,1.0,1.0,1.0,1.0,1.0,0.0,0.9995443224906921,0.9999732971191406,0.9919044971466064,0.9990673661231995,0.9982613921165466,0.1724991351366043,1.0
292,1.0,1.0,1.0,0.0,1.0,1.0,0.9998112320899963,0.9999903440475464,0.8726149201393127,0.8862154483795166,0.9234430193901062,0.030054982751607895,1.0
293,1.0,1.0,0.0,0.0,1.0,0.0,0.9980016350746155,0.996585488319397,0.8071916699409485,0.034946028143167496,0.8541299104690552,0.09730785340070724,4.0
294,1.0,1.0,1.0,1.0,1.0,0.0,0.9998050332069397,0.9998231530189514,0.9909759163856506,0.9989774227142334,0.9951575398445129,0.9291664958000183,1.0
295,1.0,1.0,0.0,0.0,0.0,0.0,0.475196897983551,0.07510403543710709,0.0008278113091364503,0.007810547482222319,0.7017072439193726,0.0004374202690087259,4.0
296,0.0,1.0,1.0,1.0,0.0,1.0,0.05252494663000107,0.1533915102481842,0.9992145299911499,0.8916851878166199,0.332038938999176,0.9785103797912598,1.0
297,1.0,1.0,1.0,1.0,1.0,1.0,0.8223882913589478,0.9768871665000916,0.999337375164032,0.9905520677566528,0.954889714717865,0.9904292821884155,0.0
298,1.0,1.0,1.0,1.0,1.0,0.0,0.9998539686203003,0.999980092048645,0.9526479244232178,0.9956658482551575,0.9994475245475769,0.0542869046330452,0.0
299,1.0,1.0,1.0,1.0,1.0,0.0,0.9947153925895691,0.9998015761375427,0.9772341251373291,0.9979769587516785,0.9836740493774414,0.9481121301651001,2.0
300,0.0,0.0,0.0,0.0,0.0,0.0,0.0004216172674205154,0.00043103075586259365,0.00014527029998134822,0.005201959982514381,0.035465847700834274,0.00034124526428058743,0.0
301,1.0,1.0,1.0,1.0,1.0,0.0,0.9999587535858154,0.9999831914901733,0.995961606502533,0.9212841391563416,0.9987150430679321,0.7541788220405579,3.0
302,1.0,1.0,1.0,1.0,1.0,1.0,0.9999217987060547,0.9993901252746582,0.9988723397254944,0.9994373917579651,0.9998568296432495,0.9914233088493347,2.0
303,1.0,1.0,1.0,0.0,0.0,0.0,0.9990386962890625,0.9999376535415649,0.9960285425186157,0.8210053443908691,0.9983148574829102,0.9240068197250366,0.0
304,0.0,0.0,0.0,0.0,0.0,0.0,0.00038591070915572345,0.005634139757603407,0.0011632123496383429,0.006697071250528097,0.022503284737467766,0.0010778680443763733,3.0
305,1.0,1.0,1.0,1.0,1.0,0.0,0.9979093670845032,0.9987003803253174,0.9762117266654968,0.9156411290168762,0.8428072333335876,0.059321124106645584,2.0
306,0.0,0.0,0.0,0.0,0.0,0.0,0.0006139652687124908,0.0011955377412959933,0.0029099169187247753,0.010707078501582146,0.01656470075249672,0.0009385214652866125,1.0
307,1.0,1.0,1.0,1.0,1.0,1.0,0.6916249394416809,0.9992594122886658,0.9961586594581604,0.9979438185691833,0.5600643157958984,0.9923302531242371,2.0
308,1.0,1.0,0.0,0.0,0.0,0.0,0.9993675351142883,0.9866636991500854,0.001473175478167832,0.0009062747121788561,0.8189775943756104,0.0003106931399088353,1.0
309,0.0,0.0,0.0,0.0,0.0,0.0,0.0015787699958309531,0.0004653884971048683,7.893198926467448e-05,0.0011677569709718227,0.0024460020940750837,0.0007732739904895425,1.0
310,0.0,0.0,0.0,0.0,0.0,0.0,0.0004847980453632772,0.0014081245753914118,0.0001734303223202005,0.0023991058114916086,0.012614598497748375,7.42652264307253e-05,1.0
311,1.0,1.0,1.0,1.0,1.0,1.0,0.9999105930328369,0.9999740123748779,0.9991034865379333,0.9301472902297974,0.9992727637290955,0.6808573007583618,2.0
312,1.0,1.0,1.0,1.0,1.0,1.0,0.9964091181755066,0.9999730587005615,0.998691976070404,0.9907976388931274,0.995945155620575,0.9892024397850037,1.0
313,1.0,1.0,1.0,1.0,1.0,1.0,0.9879739284515381,0.9983149766921997,0.9997972846031189,0.9992184638977051,0.9042719602584839,0.9962826371192932,3.0
314,1.0,1.0,1.0,1.0,1.0,0.0,0.9998748302459717,0.9950575828552246,0.99131178855896,0.9522151350975037,0.9316810965538025,0.36185574531555176,2.0
315,1.0,1.0,1.0,1.0,1.0,1.0,0.9996048808097839,0.9998252987861633,0.7309413552284241,0.3290885090827942,0.995435893535614,0.24492120742797852,4.0
316,1.0,1.0,1.0,1.0,1.0,1.0,0.9043287634849548,0.9996517896652222,0.9972652196884155,0.8661054372787476,0.9940366744995117,0.6704105734825134,0.0
317,0.0,0.0,0.0,0.0,0.0,0.0,0.0030236218590289354,0.004346581641584635,0.002728475956246257,0.010103555396199226,0.034234531223773956,0.007198213133960962,4.0
318,1.0,1.0,1.0,1.0,1.0,0.0,0.9998888969421387,0.9999822378158569,0.42942720651626587,0.23658527433872223,0.9037431478500366,0.02242770418524742,2.0
319,0.0,0.0,0.0,0.0,0.0,0.0,0.0003419630229473114,0.0007819351740181446,0.000692399509716779,0.000576651596929878,0.09898319840431213,0.0006520554306916893,2.0
320,1.0,1.0,1.0,1.0,1.0,1.0,0.9973125457763672,0.9998635053634644,0.15575243532657623,0.9998358488082886,0.963139533996582,0.9982106685638428,3.0
321,0.0,0.0,0.0,0.0,0.0,0.0,0.00043219164945185184,8.315080049214885e-05,0.00010930358257610351,0.004031478427350521,0.016551826149225235,0.0001435381273040548,2.0
322,1.0,1.0,1.0,1.0,1.0,1.0,0.9978860020637512,0.9999755620956421,0.9936200976371765,0.9843989610671997,0.9124443531036377,0.769397497177124,1.0
323,0.0,0.0,0.0,0.0,0.0,0.0,0.00027003700961358845,0.0021500999573618174,0.0008860150119289756,0.0014308595564216375,0.006203831639140844,0.0001941522496053949,1.0
324,0.0,1.0,1.0,1.0,1.0,1.0,0.45716339349746704,0.9993996620178223,0.9961070418357849,0.9902676939964294,0.8186699151992798,0.9611733555793762,0.0
325,0.0,1.0,1.0,1.0,0.0,1.0,0.14749807119369507,0.9896246790885925,0.9993322491645813,0.9998205304145813,0.8324586153030396,0.9993067979812622,2.0
326,1.0,1.0,0.0,0.0,0.0,0.0,0.9918625354766846,0.7115678787231445,0.00031476430012844503,0.009620158933103085,0.8338555097579956,0.0014457054203376174,1.0
327,1.0,1.0,0.0,0.0,1.0,0.0,0.9858106374740601,0.8143549561500549,0.00031476430012844503,0.011326904408633709,0.8404633402824402,0.009435349144041538,1.0
328,1.0,1.0,1.0,1.0,1.0,1.0,0.999446451663971,0.9998238682746887,0.6983097791671753,0.3965650498867035,0.8478019833564758,0.12860383093357086,2.0
329,1.0,1.0,1.0,1.0,1.0,1.0,0.9996287822723389,0.9998539686203003,0.9727718830108643,0.38504549860954285,0.6166088581085205,0.41004401445388794,2.0
330,0.0,0.0,0.0,0.0,0.0,0.0,0.741032063961029,0.05316831171512604,0.000348838308127597,0.003190009156242013,0.1448225975036621,0.0011047107400372624,4.0
331,0.0,0.0,0.0,0.0,0.0,0.0,0.00042122899321839213,0.00012679590145125985,0.00021630324772559106,0.0008336170576512814,0.0120380325242877,0.0028793569654226303,0.0
332,1.0,1.0,1.0,1.0,1.0,1.0,0.999842643737793,0.999991774559021,0.989426851272583,0.9997054934501648,0.9987366795539856,0.35218071937561035,0.0
333,0.0,0.0,0.0,0.0,0.0,0.0,0.0008350755088031292,0.0018057439010590315,0.0017882072133943439,0.002844453789293766,0.03376667574048042,0.0008516605012118816,2.0
334,1.0,1.0,1.0,1.0,0.0,1.0,0.04308247193694115,0.9526218771934509,0.9507501125335693,0.8566490411758423,0.2429223507642746,0.9624649882316589,2.0
335,1.0,1.0,1.0,1.0,1.0,1.0,0.9999502897262573,0.9999570846557617,0.9186862707138062,0.9993220567703247,0.9990736246109009,0.9117027521133423,3.0
336,0.0,0.0,0.0,0.0,0.0,0.0,0.0005428613512776792,0.002243849914520979,0.0010984244290739298,0.0008383264066651464,0.009082930162549019,0.00045289465924724936,2.0
337,1.0,1.0,1.0,1.0,1.0,0.0,0.9998868703842163,0.9999649524688721,0.9958492517471313,0.9740473628044128,0.6530688405036926,0.5594046115875244,4.0
338,0.0,1.0,1.0,1.0,0.0,1.0,0.10164226591587067,0.9481556415557861,0.995623767375946,0.8690773844718933,0.10073620080947876,0.9763959050178528,3.0
339,1.0,1.0,0.0,0.0,0.0,0.0,0.9988470077514648,0.9950227737426758,0.00013568616122938693,0.0018459985731169581,0.27527928352355957,0.000342905696015805,0.0
340,0.0,0.0,0.0,0.0,0.0,0.0,3.1177223718259484e-05,0.0005004433915019035,6.984872015891597e-05,0.00038044119719415903,0.01474101934581995,0.0001531346933916211,3.0
341,1.0,1.0,1.0,1.0,1.0,1.0,0.5683029294013977,0.9233440160751343,0.9991154074668884,0.9929128289222717,0.7404302358627319,0.9328949451446533,1.0
342,0.0,0.0,0.0,0.0,0.0,0.0,0.0009809971088543534,0.0004206441808491945,0.00034341259743086994,0.004285336006432772,0.0019520182395353913,0.000675191986374557,0.0
343,1.0,1.0,1.0,1.0,1.0,0.0,0.9997225403785706,0.9993347525596619,0.12584832310676575,0.05891662836074829,0.9374300837516785,0.01717785932123661,4.0
344,0.0,0.0,0.0,0.0,0.0,0.0,0.0008122795261442661,0.011139779351651669,0.0013982773525640368,0.0019465559162199497,0.009215811267495155,0.00145358731970191,0.0
345,1.0,1.0,0.0,0.0,0.0,0.0,0.9998821020126343,0.9982175230979919,0.9951241612434387,0.9924232959747314,0.8021264672279358,0.018866876140236855,4.0
346,0.0,0.0,0.0,0.0,0.0,0.0,0.003756958991289139,0.005831843242049217,0.0005120121059007943,0.04038028046488762,0.015837792307138443,0.06552061438560486,1.0
347,1.0,1.0,1.0,1.0,1.0,1.0,0.9998975992202759,0.9999765157699585,0.9538424015045166,0.9987068176269531,0.7914159893989563,0.9004119634628296,3.0
348,0.0,0.0,0.0,0.0,1.0,0.0,0.00017641697195358574,0.0005830864538438618,0.0005673583946190774,0.001998007297515869,0.007105320226401091,0.0003194547607563436,1.0
349,0.0,0.0,0.0,0.0,0.0,0.0,0.0010446690721437335,0.002304378431290388,0.03970540314912796,0.0094981137663126,0.0030677756294608116,0.12215181440114975,2.0
350,1.0,1.0,1.0,1.0,1.0,1.0,0.9994852542877197,0.9995095729827881,0.9403433203697205,0.9775022864341736,0.9303461313247681,0.09278848022222519,0.0
351,0.0,0.0,0.0,0.0,0.0,0.0,8.134313247865066e-05,6.0831254813820124e-05,0.00025293632643297315,0.002018269384279847,0.05707894265651703,0.0003691572055686265,0.0
352,1.0,1.0,0.0,0.0,0.0,0.0,0.9997000694274902,0.9971891045570374,0.003166371723636985,0.001984276343137026,0.31706124544143677,0.0005243516061455011,0.0
353,0.0,0.0,0.0,0.0,0.0,0.0,0.9964474439620972,0.9817647933959961,0.0013744005700573325,0.0006056868005543947,0.265687495470047,0.0029714154079556465,0.0
354,0.0,1.0,1.0,0.0,1.0,0.0,0.015788856893777847,0.4115334749221802,0.2674465477466583,0.03112802840769291,0.785871148109436,0.01761685498058796,1.0
355,0.0,0.0,1.0,0.0,1.0,0.0,0.0013218611711636186,0.08183392137289047,0.024711010977625847,0.009961114265024662,0.05572444945573807,0.007732406258583069,1.0
356,1.0,1.0,0.0,0.0,1.0,0.0,0.9985369443893433,0.9979434609413147,0.00039195394492708147,0.0004914840683341026,0.5186814665794373,0.00034061147016473114,3.0
357,1.0,1.0,0.0,0.0,1.0,0.0,0.9998102784156799,0.9895155429840088,0.010090348310768604,0.002204113407060504,0.3202395439147949,0.0022673706989735365,3.0
358,0.0,0.0,0.0,0.0,0.0,0.0,0.00036286600516177714,0.0013904955703765154,0.004808817058801651,0.003350615967065096,0.0025038407184183598,0.0009959921007975936,1.0
359,1.0,1.0,0.0,1.0,1.0,0.0,0.9999644756317139,0.9999879598617554,0.836158275604248,0.3787649869918823,0.9592323899269104,0.017497863620519638,2.0
360,0.0,0.0,0.0,0.0,0.0,0.0,0.0006419371347874403,0.0007370596867986023,0.0002611903182696551,0.0018569546518847346,0.014830345287919044,0.00010725020547397435,1.0
361,1.0,1.0,1.0,1.0,1.0,1.0,0.9609317183494568,0.9849674105644226,0.9982267022132874,0.9926639795303345,0.8539517521858215,0.9926530122756958,1.0
362,0.0,0.0,0.0,0.0,0.0,0.0,0.0010719109559431672,0.00024762118118815124,6.488681538030505e-05,0.002120143501088023,0.14212962985038757,0.00023727213556412607,2.0
363,1.0,1.0,1.0,1.0,1.0,1.0,0.8037540912628174,0.9974151849746704,0.9970616698265076,0.9722280502319336,0.6284639835357666,0.9686287641525269,1.0
364,1.0,1.0,1.0,1.0,0.0,1.0,0.9996829032897949,0.9999871253967285,0.977194607257843,0.9791154861450195,0.9888778328895569,0.009281443431973457,2.0
365,1.0,1.0,1.0,1.0,0.0,0.0,0.3747979402542114,0.028501924127340317,0.8297478556632996,0.07649075984954834,0.1732618361711502,0.08871574699878693,1.0
366,1.0,1.0,0.0,1.0,1.0,0.0,0.9998599290847778,0.9998160004615784,0.8656131625175476,0.040670838207006454,0.9481022953987122,0.302520215511322,0.0
367,0.0,0.0,0.0,0.0,0.0,0.0,0.0966820940375328,0.26279011368751526,0.028847213834524155,0.010457922704517841,0.18823882937431335,0.7387405037879944,0.0
368,0.0,0.0,0.0,1.0,1.0,1.0,0.0010307024931535125,0.02953733503818512,0.0019254164071753621,0.1411495953798294,0.029127778485417366,0.0011727319797500968,2.0
369,1.0,1.0,0.0,0.0,0.0,0.0,0.6865994334220886,0.6556809544563293,0.0017543111462146044,0.024244487285614014,0.399997740983963,0.004072821699082851,3.0
370,0.0,0.0,0.0,0.0,0.0,0.0,0.00018163255299441516,0.00016787252388894558,0.0002796537009999156,0.002036964986473322,0.007723213639110327,0.0005011962493881583,1.0
371,0.0,0.0,0.0,0.0,0.0,0.0,0.00034072966082021594,0.0005639593582600355,0.00013472876162268221,0.0021988865919411182,0.11283653974533081,0.0002902189444284886,0.0
372,0.0,0.0,0.0,0.0,0.0,0.0,0.0002147717896150425,0.00038506879354827106,0.00017747451784089208,0.0008666689973324537,0.010159933008253574,6.046954513294622e-05,3.0
373,0.0,0.0,0.0,0.0,0.0,0.0,0.13198211789131165,0.0078756557777524,0.014650233089923859,0.08532991260290146,0.05213753506541252,0.09290255606174469,3.0
374,0.0,0.0,0.0,0.0,0.0,0.0,0.018535396084189415,0.0932912677526474,0.744746208190918,0.28057265281677246,0.1603623777627945,0.2378675937652588,0.0
375,1.0,1.0,1.0,0.0,0.0,0.0,0.999518632888794,0.9992651343345642,0.9720065593719482,0.4297703206539154,0.8539039492607117,0.10282571613788605,2.0
376,1.0,1.0,1.0,0.0,1.0,0.0,0.9987974166870117,0.99991774559021,0.8651294112205505,0.8022832870483398,0.6947640776634216,0.3509002923965454,2.0
377,0.0,0.0,0.0,0.0,0.0,0.0,0.0006086378125473857,0.0009590092813596129,0.00041730442899279296,0.0008480072137899697,0.006372184492647648,0.00015377999807242304,1.0
378,1.0,1.0,0.0,0.0,1.0,0.0,0.9987155199050903,0.991037130355835,0.002022314118221402,0.0026803419459611177,0.25861164927482605,0.0015696595655754209,4.0
379,1.0,1.0,1.0,1.0,1.0,1.0,0.9999181032180786,0.9998754262924194,0.9834769368171692,0.518021821975708,0.484574556350708,0.14286144077777863,4.0
380,1.0,1.0,1.0,1.0,1.0,0.0,0.9956028461456299,0.9999406337738037,0.9964606165885925,0.5464004874229431,0.9991064667701721,0.8558891415596008,1.0
381,1.0,1.0,0.0,0.0,1.0,0.0,0.9981916546821594,0.9998039603233337,0.7824881672859192,0.9022911190986633,0.9449085593223572,0.11912138760089874,1.0
382,0.0,0.0,1.0,0.0,0.0,0.0,0.0033391343895345926,0.026286156848073006,0.003707471303641796,0.00221484643407166,0.01252836175262928,0.0049823313020169735,0.0
383,0.0,0.0,0.0,0.0,0.0,0.0,0.0012032687664031982,0.0014478940283879638,0.00022486272791866213,0.001115674152970314,0.006427408196032047,0.00020388796110637486,1.0
384,0.0,0.0,0.0,0.0,0.0,0.0,0.0006046578055247664,0.008463527075946331,0.13177484273910522,0.001620626077055931,0.0016464453656226397,0.009819308295845985,4.0
385,1.0,1.0,0.0,0.0,1.0,0.0,0.9990308284759521,0.9996588230133057,0.00021436528186313808,0.0018392211059108377,0.9689326286315918,0.2324940413236618,4.0
386,0.0,0.0,0.0,0.0,0.0,0.0,0.0009066762868314981,0.0003601415373850614,0.0007221313426271081,0.00032361908233724535,0.003966672345995903,7.30436877347529e-05,3.0
387,0.0,0.0,0.0,0.0,0.0,0.0,0.0019527225522324443,0.00042065157322213054,4.785821874975227e-05,0.005154018756002188,0.021005621179938316,0.00010310694051440805,4.0
388,1.0,1.0,1.0,1.0,1.0,0.0,0.9986045956611633,0.9997957348823547,0.9618480801582336,0.9853723645210266,0.9938995838165283,0.1640903204679489,2.0
389,0.0,0.0,0.0,0.0,0.0,0.0,0.0022709828335791826,0.0011405472178012133,0.00017567636677995324,0.007180290762335062,0.06956037878990173,0.00028187118005007505,3.0
390,0.0,0.0,0.0,0.0,0.0,0.0,0.0006034240359440446,0.010201390832662582,0.0018482562154531479,0.0037539671175181866,0.0010719166602939367,0.0016924451338127255,1.0
391,1.0,1.0,0.0,0.0,0.0,0.0,0.9996782541275024,0.9999591112136841,0.4259927272796631,0.26118361949920654,0.623908281326294,0.0021595642901957035,4.0
392,0.0,0.0,0.0,0.0,0.0,0.0,0.0006902667810209095,0.002232195809483528,0.0011427684221416712,0.003292243927717209,0.01611154153943062,0.0011161015136167407,4.0
393,0.0,0.0,0.0,0.0,0.0,0.0,0.0014557483373209834,0.0007202451233752072,0.00035778796882368624,0.005739585962146521,0.0026563494466245174,0.0010516068432480097,2.0
394,1.0,1.0,1.0,1.0,1.0,1.0,0.9996904134750366,0.9999021291732788,0.8813714385032654,0.8887819051742554,0.9987265467643738,0.24580621719360352,0.0
395,1.0,1.0,1.0,1.0,1.0,1.0,0.9996914863586426,0.9999806880950928,0.9883584380149841,0.9988608360290527,0.9996022582054138,0.6398638486862183,3.0
396,1.0,1.0,1.0,0.0,0.0,1.0,0.9998093247413635,0.9999862909317017,0.9722493290901184,0.9053807258605957,0.9786517024040222,0.1371423304080963,3.0
397,1.0,1.0,1.0,0.0,0.0,0.0,0.999761164188385,0.993226945400238,0.18083804845809937,0.18037016689777374,0.25048622488975525,0.008731724694371223,4.0
398,0.0,0.0,0.0,0.0,0.0,0.0,0.0001378299784846604,0.00038625465822406113,0.0009597614989615977,0.10499873012304306,0.07617637515068054,0.0017714250134304166,0.0
399,1.0,1.0,1.0,1.0,1.0,0.0,0.9998160004615784,0.9999700784683228,0.2922089993953705,0.9021556973457336,0.9997979998588562,0.03451230749487877,3.0
400,1.0,1.0,0.0,0.0,1.0,1.0,0.9992372989654541,0.9991956353187561,0.004640037659555674,0.007276780437678099,0.9902937412261963,0.7305048704147339,4.0
401,1.0,1.0,1.0,1.0,1.0,1.0,0.9999480247497559,0.9999046325683594,0.9890466332435608,0.9890255331993103,0.949222981929779,0.9345044493675232,4.0
402,1.0,1.0,0.0,0.0,1.0,0.0,0.9998537302017212,0.9996447563171387,0.0019078000914305449,0.09587714076042175,0.8315812945365906,0.01099002081900835,4.0
403,1.0,1.0,1.0,1.0,1.0,0.0,0.9988370537757874,0.9987118244171143,0.9931554198265076,0.9566306471824646,0.9225260615348816,0.06816920638084412,4.0
404,0.0,0.0,0.0,0.0,0.0,0.0,0.0020113412756472826,0.0005128612974658608,0.0004022144712507725,0.004851250909268856,0.03050801157951355,0.0021543835755437613,2.0
405,1.0,1.0,1.0,1.0,1.0,1.0,0.9996151924133301,0.9997225403785706,0.6928611993789673,0.97100430727005,0.9983581900596619,0.2038923054933548,0.0
406,0.0,0.0,0.0,0.0,0.0,0.0,0.0021480885334312916,0.00025306441239081323,0.0001516050979262218,0.013208823278546333,0.015057041309773922,0.001391562749631703,4.0
407,1.0,1.0,1.0,1.0,1.0,0.0,0.9985429048538208,0.9999339580535889,0.7858371734619141,0.9435240626335144,0.808719277381897,0.017896154895424843,3.0
408,0.0,0.0,0.0,0.0,0.0,0.0,0.001274663140065968,0.002615841571241617,0.0016600791132077575,0.0006823308649472892,0.004777006339281797,0.004879270680248737,0.0
409,0.0,0.0,1.0,1.0,0.0,0.0,0.0038237280678004026,0.0016216286458075047,0.31713899970054626,0.02739010937511921,0.006345103029161692,0.011897911317646503,2.0
410,0.0,0.0,0.0,0.0,0.0,0.0,0.002205186290666461,0.00440963776782155,0.0008223753538914025,0.01143593154847622,0.028063399717211723,0.0005760593921877444,1.0
411,1.0,1.0,0.0,0.0,1.0,0.0,0.9999146461486816,0.9989060163497925,0.0036068952176719904,0.001151824719272554,0.7652044892311096,0.0006585078663192689,0.0
412,1.0,1.0,0.0,1.0,1.0,0.0,0.9996126294136047,0.9997372031211853,0.9853799939155579,0.974850594997406,0.9645581841468811,0.6128429770469666,3.0
413,0.0,1.0,1.0,1.0,1.0,0.0,0.0035997596569359303,0.19469252228736877,0.6809215545654297,0.8970651626586914,0.8847268223762512,0.010533050633966923,0.0
414,0.0,0.0,0.0,0.0,0.0,0.0,0.00046684808330610394,0.00032299122540280223,0.00031892373226583004,0.000288590497802943,0.005781246814876795,0.000359184923581779,1.0
415,0.0,0.0,0.0,0.0,0.0,0.0,0.0011374191381037235,0.0011487237643450499,0.0010064801899716258,0.01536144595593214,0.01073129940778017,0.003595723770558834,0.0
416,0.0,0.0,0.0,0.0,0.0,0.0,0.00022955179156269878,0.0005191195523366332,0.0002458040544297546,0.0038055588956922293,0.01626739278435707,0.0008630952797830105,0.0
417,1.0,1.0,1.0,1.0,1.0,1.0,0.9987415671348572,0.9999107122421265,0.994720458984375,0.9996461868286133,0.9948540329933167,0.9169511795043945,3.0
418,1.0,1.0,1.0,1.0,1.0,1.0,0.9998229146003723,0.999972939491272,0.999077558517456,0.9999145269393921,0.9889975786209106,0.9834161996841431,4.0
419,0.0,0.0,0.0,0.0,0.0,0.0,0.0002030545292655006,0.0007490719435736537,0.004335226025432348,0.003789581125602126,0.004370047710835934,0.0014350161654874682,1.0
420,1.0,1.0,1.0,1.0,1.0,1.0,0.9685397744178772,0.9897339940071106,0.9448221325874329,0.9967597126960754,0.988919198513031,0.9748438000679016,0.0
421,1.0,1.0,1.0,1.0,1.0,0.0,0.9995260238647461,0.9999818801879883,0.9861817359924316,0.9975811243057251,0.9989181756973267,0.20313680171966553,2.0
422,0.0,0.0,0.0,0.0,0.0,0.0,0.0006765510770492256,0.0010790079832077026,0.00013678008690476418,0.0018398776883259416,0.008738747797906399,0.000634893192909658,0.0
423,1.0,1.0,1.0,0.0,1.0,0.0,0.9999312162399292,0.9998493194580078,0.8386486172676086,0.9955229759216309,0.9990832805633545,0.09922665357589722,1.0
424,1.0,1.0,1.0,0.0,1.0,0.0,0.9997853636741638,0.9999651908874512,0.9754151105880737,0.8044760227203369,0.3662860691547394,0.30071520805358887,2.0
425,1.0,1.0,1.0,1.0,1.0,0.0,0.9612676501274109,0.9998037219047546,0.64239501953125,0.9279765486717224,0.9984763264656067,0.001995790284126997,1.0
426,0.0,0.0,0.0,0.0,0.0,0.0,0.0006268468569032848,0.0008928919560275972,0.01654920168220997,0.004377256613224745,0.015601822175085545,0.02644260786473751,0.0
427,1.0,1.0,1.0,1.0,1.0,1.0,0.999853253364563,0.9992983341217041,0.9952713847160339,0.9925256967544556,0.994737446308136,0.49017900228500366,0.0
428,0.0,0.0,0.0,0.0,0.0,0.0,0.000449952989583835,0.0003468162030912936,0.0001417565654264763,0.0022879980970174074,0.030738653615117073,0.003791776252910495,1.0
429,1.0,1.0,0.0,0.0,0.0,0.0,0.9998588562011719,0.999233603477478,0.016119813546538353,0.06257237493991852,0.48991164565086365,0.007816550321877003,0.0
430,0.0,0.0,0.0,0.0,0.0,0.0,0.00032876632758416235,0.0008638271247036755,0.000342922197887674,0.005520843900740147,0.0011723170755431056,0.00043894886039197445,1.0
431,1.0,1.0,1.0,1.0,1.0,0.0,0.999764621257782,0.9998469352722168,0.9952629804611206,0.7508820295333862,0.9383875131607056,0.17936109006404877,3.0
432,0.0,0.0,1.0,1.0,0.0,1.0,0.022665005177259445,0.9382537603378296,0.9979530572891235,0.9847546815872192,0.6842300891876221,0.9148876070976257,0.0
433,1.0,1.0,1.0,1.0,1.0,0.0,0.9917494058609009,0.9997151494026184,0.05407377704977989,0.7312405705451965,0.9883677363395691,0.027411820366978645,0.0
434,1.0,1.0,0.0,1.0,1.0,1.0,0.9838827848434448,0.987883985042572,0.0038072059396654367,0.9653992652893066,0.9975979924201965,0.6981308460235596,2.0
435,1.0,1.0,1.0,1.0,1.0,0.0,0.7613096833229065,0.999243974685669,0.9969401359558105,0.9994224309921265,0.9945234060287476,0.9504401087760925,1.0
436,1.0,1.0,1.0,1.0,1.0,1.0,0.9295229315757751,0.9996592998504639,0.9995672106742859,0.9975417852401733,0.9888056516647339,0.8791533708572388,2.0
437,1.0,1.0,0.0,0.0,1.0,0.0,0.9987694621086121,0.9991650581359863,0.1456764191389084,0.6611600518226624,0.9770442843437195,0.0038031807634979486,4.0
438,1.0,1.0,1.0,1.0,1.0,1.0,0.9994683861732483,0.9999368190765381,0.9547967314720154,0.9642524719238281,0.999198853969574,0.9447655081748962,0.0
439,0.0,0.0,0.0,0.0,0.0,0.0,0.0009003775776363909,0.000490894599352032,0.0005568359629251063,0.001143960515037179,0.054578136652708054,0.0022669758182018995,0.0
440,1.0,1.0,1.0,1.0,1.0,1.0,0.8830018639564514,0.9992081522941589,0.9997959733009338,0.9996438026428223,0.9634079933166504,0.9945799112319946,2.0
441,1.0,1.0,0.0,0.0,0.0,0.0,0.9998526573181152,0.9999080896377563,0.39129263162612915,0.5691186189651489,0.6466855406761169,0.002681524958461523,4.0
442,0.0,0.0,0.0,0.0,0.0,0.0,0.003750863717868924,0.019609317183494568,0.0002530118217691779,0.015453538857400417,0.06325160712003708,0.0006769757601432502,2.0
443,0.0,1.0,1.0,1.0,1.0,0.0,0.0680558979511261,0.9692837595939636,0.9971402883529663,0.9212956428527832,0.7879548072814941,0.5682216882705688,3.0
444,1.0,1.0,0.0,0.0,0.0,0.0,0.980539083480835,0.9991136193275452,0.5111804604530334,0.7353135347366333,0.6239457726478577,0.002618019701912999,3.0
445,0.0,1.0,1.0,1.0,1.0,1.0,0.010201453231275082,0.9826307892799377,0.9520952105522156,0.9914685487747192,0.9751219153404236,0.01806012913584709,2.0
446,0.0,0.0,0.0,0.0,0.0,0.0,0.0001488201814936474,0.00015598369645886123,0.0003234636096749455,0.008595914579927921,0.015955602750182152,0.00043802009895443916,2.0
447,0.0,0.0,0.0,0.0,0.0,0.0,0.0003957637818530202,0.0004720665456261486,0.000836500315926969,0.05839379131793976,0.1184581071138382,0.0007292214431799948,1.0
448,0.0,0.0,0.0,0.0,0.0,0.0,0.0005694539286196232,0.003494077129289508,0.0002392991300439462,0.0005803477833978832,0.008041567169129848,0.00013493100414052606,2.0
449,0.0,0.0,0.0,0.0,0.0,0.0,0.0006003778544254601,0.010485642589628696,0.0006327887531369925,0.004902746062725782,0.019764205440878868,0.0005811043665744364,3.0
450,1.0,1.0,0.0,0.0,0.0,0.0,0.9991025924682617,0.9975080490112305,0.0001223201834363863,0.007247281726449728,0.7011736631393433,0.0024992655962705612,1.0
451,1.0,1.0,1.0,1.0,1.0,1.0,0.9997329115867615,0.9999814033508301,0.9857030510902405,0.9987793564796448,0.9793341159820557,0.28069794178009033,1.0
452,0.0,0.0,0.0,0.0,0.0,0.0,0.000983093399554491,0.0005487234448082745,0.0006595586310140789,0.002870241180062294,0.01933453232049942,0.004448816645890474,4.0
453,1.0,1.0,1.0,1.0,0.0,0.0,0.9983975291252136,0.9999001026153564,0.9977920055389404,0.9225078225135803,0.9620049595832825,0.31646275520324707,1.0
454,1.0,1.0,1.0,1.0,1.0,0.0,0.9999890327453613,0.9999632835388184,0.9985068440437317,0.9934256076812744,0.9908649325370789,0.403695285320282,3.0
455,0.0,0.0,0.0,0.0,0.0,0.0,0.00041564865387044847,0.0013750356156378984,0.0030528465285897255,0.003285421058535576,0.011295531876385212,0.0018514847615733743,4.0
456,1.0,1.0,1.0,1.0,1.0,0.0,0.9977806210517883,0.9999477863311768,0.9955745935440063,0.9995095729827881,0.9989159107208252,0.37710320949554443,3.0
457,1.0,1.0,0.0,1.0,0.0,0.0,0.9984326958656311,0.9992161989212036,0.8583754301071167,0.4501414895057678,0.25534674525260925,0.05781713128089905,2.0
458,0.0,1.0,1.0,1.0,0.0,1.0,0.04437483102083206,0.9920601844787598,0.9894713163375854,0.9736868143081665,0.11339836567640305,0.975992739200592,2.0
459,1.0,1.0,0.0,0.0,0.0,0.0,0.9977208971977234,0.9982994198799133,0.003889531595632434,0.0026127283927053213,0.9369838237762451,0.0006936107529327273,4.0
460,0.0,0.0,1.0,0.0,0.0,1.0,0.9935621023178101,0.9977731108665466,0.9458714723587036,0.8527629971504211,0.8540807962417603,0.9285888671875,3.0
461,1.0,1.0,1.0,1.0,1.0,1.0,0.9994818568229675,0.9997888207435608,0.9992225170135498,0.9963129162788391,0.9691364765167236,0.9453526735305786,1.0
462,1.0,1.0,0.0,1.0,0.0,0.0,0.9997221827507019,0.9999028444290161,0.9812017679214478,0.9985231757164001,0.9564868807792664,0.9533810019493103,0.0
463,0.0,0.0,0.0,0.0,0.0,0.0,0.00018061308946926147,0.0004260167188476771,0.0001201474733534269,0.0020675696432590485,0.005263300612568855,0.0004068650596309453,4.0
464,1.0,1.0,0.0,0.0,0.0,0.0,0.9989670515060425,0.9999145269393921,0.9071686863899231,0.03142087161540985,0.638164758682251,0.012744024395942688,0.0
465,1.0,1.0,1.0,1.0,1.0,0.0,0.9934163093566895,0.999923825263977,0.9831990599632263,0.837544322013855,0.8691444993019104,0.09464416652917862,2.0
466,0.0,0.0,0.0,0.0,0.0,0.0,0.0004405186919029802,0.0020146756432950497,0.004004864953458309,0.0009109379025176167,0.011941362172365189,0.013962444849312305,4.0
467,0.0,0.0,0.0,0.0,0.0,0.0,0.0013036663876846433,0.008954125456511974,0.001458626938983798,0.03481728583574295,0.012202762998640537,0.004763703793287277,2.0
468,1.0,1.0,0.0,0.0,1.0,0.0,0.8895048499107361,0.9995119571685791,0.49671098589897156,0.0004168878949712962,0.978105366230011,0.0460195392370224,1.0
469,1.0,1.0,0.0,0.0,1.0,1.0,0.8263986110687256,0.8682087063789368,0.00019687523308675736,0.6251217126846313,0.9681951999664307,0.9674674868583679,4.0
470,0.0,1.0,0.0,0.0,1.0,0.0,0.021860726177692413,0.9564197063446045,0.10764025896787643,0.7477512955665588,0.9664372801780701,0.6670002341270447,3.0
471,1.0,1.0,1.0,1.0,1.0,1.0,0.8076615333557129,0.9999271631240845,0.9485813975334167,0.9966005682945251,0.9951174259185791,0.7376060485839844,1.0
472,1.0,1.0,1.0,0.0,0.0,0.0,0.9999173879623413,0.9998929500579834,0.759731650352478,0.3568151891231537,0.7737913727760315,0.1283964067697525,4.0
473,1.0,1.0,0.0,0.0,0.0,0.0,0.9997418522834778,0.9990074038505554,0.011393160559237003,0.003620973089709878,0.44682663679122925,0.007812653668224812,3.0
474,0.0,1.0,1.0,1.0,0.0,1.0,0.18858535587787628,0.9886800050735474,0.9982829093933105,0.9941471815109253,0.827397882938385,0.8956062197685242,4.0
475,1.0,1.0,1.0,1.0,1.0,1.0,0.9743345379829407,0.9997190833091736,0.9995489716529846,0.9992140531539917,0.9963905215263367,0.114148810505867,3.0
476,0.0,0.0,1.0,0.0,0.0,0.0,0.033643435686826706,0.9891048073768616,0.9896447658538818,0.881268322467804,0.5030163526535034,0.8611937761306763,3.0
477,1.0,1.0,1.0,1.0,1.0,1.0,0.6675606369972229,0.9985499978065491,0.9983990788459778,0.9968949556350708,0.9100173115730286,0.9988203644752502,1.0
478,0.0,1.0,1.0,1.0,1.0,1.0,0.77497798204422,0.9971153736114502,0.9961190223693848,0.9967067837715149,0.9824784994125366,0.9843591451644897,0.0
479,0.0,0.0,0.0,0.0,0.0,0.0,0.0015073000686243176,0.003961679060012102,0.0008059442043304443,0.0038784348871558905,0.00963015016168356,0.003698174376040697,0.0
480,0.0,0.0,0.0,0.0,0.0,0.0,0.00034266224247403443,0.00024760441738180816,0.0021112021058797836,0.27710631489753723,0.7191821336746216,0.0019797252025455236,2.0
481,0.0,0.0,0.0,0.0,0.0,0.0,0.0007938213529996574,0.0008582072332501411,0.00015483569586649537,0.0007825990323908627,0.00880140345543623,0.0007046553655527532,0.0
482,0.0,0.0,0.0,0.0,0.0,0.0,0.002671891590580344,0.0001925470569403842,8.821480150800198e-05,0.002562176901847124,0.014257358387112617,0.0007783036562614143,1.0
483,1.0,1.0,1.0,1.0,1.0,1.0,0.9962732791900635,0.9999395608901978,0.9770894646644592,0.9127550721168518,0.9987741112709045,0.7422451972961426,0.0
484,1.0,1.0,1.0,1.0,1.0,1.0,0.9999762773513794,0.999945878982544,0.9703758358955383,0.9999326467514038,0.9989047050476074,0.9224942326545715,4.0
485,1.0,1.0,1.0,1.0,1.0,0.0,0.9997338652610779,0.9999632835388184,0.6109880208969116,0.9573842883110046,0.8694741129875183,0.5349485278129578,1.0
486,0.0,0.0,0.0,0.0,0.0,0.0,0.0006547172088176012,0.00040440980228595436,0.0013376978458836675,0.10530593991279602,0.053283557295799255,0.002032533986493945,0.0
487,0.0,1.0,1.0,1.0,0.0,1.0,0.005912041291594505,0.9956001043319702,0.9996942281723022,0.9866487383842468,0.8759739995002747,0.39084309339523315,3.0
488,0.0,0.0,0.0,0.0,0.0,0.0,0.00041721551679074764,0.00024809996830299497,0.00013836301513947546,0.008602439425885677,0.04112713783979416,0.0010249624028801918,4.0
489,0.0,0.0,0.0,0.0,0.0,0.0,0.044899988919496536,0.027606388553977013,0.00021930881484877318,0.004056298639625311,0.33497530221939087,0.0008591764490120113,3.0
490,1.0,1.0,0.0,0.0,1.0,0.0,0.9995749592781067,0.99826979637146,0.00021395811927504838,0.0008122366270981729,0.7380463480949402,0.000529227196238935,0.0
491,0.0,0.0,0.0,0.0,0.0,0.0,0.0009512474061921239,0.0016695441445335746,0.0007727057673037052,0.0025474061258137226,0.011910750530660152,5.778931881650351e-05,3.0
492,1.0,1.0,1.0,1.0,1.0,0.0,0.998336136341095,0.9997637867927551,0.997978150844574,0.9132732152938843,0.9231804013252258,0.7509421706199646,4.0
493,0.0,0.0,0.0,0.0,0.0,0.0,0.0002742723445408046,0.0021903577726334333,0.0008309214608743787,0.04585757479071617,0.013815931044518948,0.005177315324544907,1.0
494,1.0,1.0,1.0,1.0,1.0,1.0,0.9996329545974731,0.999875545501709,0.9928493499755859,0.05403882637619972,0.8686699867248535,0.27676260471343994,0.0
495,1.0,1.0,0.0,0.0,0.0,0.0,0.9999220371246338,0.9998414516448975,0.9681007862091064,0.8959636092185974,0.9512514472007751,0.04585181549191475,1.0
496,1.0,1.0,1.0,1.0,1.0,1.0,0.9777230024337769,0.9997273087501526,0.999779999256134,0.9925113916397095,0.9923027753829956,0.8721420764923096,3.0
497,1.0,1.0,1.0,1.0,1.0,1.0,0.9998725652694702,0.999976634979248,0.9850577712059021,0.9979267120361328,0.9810541868209839,0.056973978877067566,1.0
498,1.0,1.0,1.0,1.0,1.0,1.0,0.5352556705474854,0.9983623623847961,0.9998749494552612,0.9996896982192993,0.9501416683197021,0.9996237754821777,3.0
499,1.0,1.0,0.0,1.0,1.0,0.0,0.9996556043624878,0.9998877048492432,0.9959099292755127,0.999620795249939,0.9598140716552734,0.9460129141807556,3.0
500,0.0,0.0,0.0,0.0,0.0,0.0,0.0002728277468122542,0.0002039601095020771,0.0011105657322332263,0.0017147075850516558,0.03859559819102287,0.0002766124380286783,1.0
501,0.0,0.0,0.0,0.0,0.0,0.0,0.002832218538969755,0.003061549039557576,0.0025751034263521433,0.013546835631132126,0.03877820074558258,0.0027807094156742096,3.0
502,1.0,1.0,1.0,1.0,1.0,0.0,0.9997573494911194,0.9996917247772217,0.9964144229888916,0.9790173172950745,0.9954507946968079,0.5771799087524414,4.0
503,0.0,0.0,0.0,0.0,0.0,0.0,0.0002160076837753877,0.0002328142145415768,0.001509997178800404,0.013465051539242268,0.17394298315048218,0.01408452820032835,2.0
504,0.0,0.0,0.0,0.0,0.0,0.0,0.0010397982550784945,0.009122473187744617,0.00032782487687654793,0.0729663074016571,0.050985656678676605,0.0016529117710888386,3.0
505,1.0,1.0,0.0,0.0,1.0,0.0,0.9996135830879211,0.9996034502983093,0.0004627266025636345,0.009271061047911644,0.6565776467323303,0.0024492363445460796,2.0
506,1.0,1.0,0.0,0.0,1.0,0.0,0.9990559220314026,0.9985388517379761,6.708527507726103e-05,0.0030006486922502518,0.8831909894943237,0.0017181973671540618,0.0
507,0.0,1.0,1.0,1.0,0.0,1.0,0.3565150797367096,0.9211582541465759,0.1532207429409027,0.838416337966919,0.16255763173103333,0.961605429649353,2.0
508,1.0,1.0,0.0,0.0,1.0,0.0,0.9987313151359558,0.9968116879463196,0.0003372282371856272,0.003689344273880124,0.8931444883346558,0.0021032909862697124,4.0
509,0.0,0.0,0.0,0.0,0.0,0.0,0.0010477309115231037,0.001371797756291926,0.0001125601411331445,0.007790507283061743,0.02650226280093193,0.0009240879444405437,4.0
510,1.0,1.0,1.0,1.0,1.0,1.0,0.9908137917518616,0.9998459815979004,0.9888240694999695,0.836687445640564,0.9961856007575989,0.5990148782730103,4.0
511,1.0,1.0,0.0,1.0,0.0,0.0,0.9998704195022583,0.9999505281448364,0.9892467856407166,0.986818790435791,0.9955114126205444,0.6130023002624512,3.0
512,1.0,1.0,1.0,1.0,1.0,1.0,0.9998230338096619,0.9999594688415527,0.9996131062507629,0.9975643157958984,0.9904816746711731,0.9918676018714905,3.0
513,1.0,1.0,1.0,0.0,1.0,1.0,0.9991948008537292,0.9996446371078491,0.9871729612350464,0.9050561785697937,0.8758082389831543,0.37342196702957153,0.0
514,1.0,1.0,1.0,1.0,1.0,1.0,0.9971657395362854,0.9998704195022583,0.998138427734375,0.9993521571159363,0.9974184036254883,0.6798608303070068,0.0
515,1.0,1.0,0.0,0.0,0.0,0.0,0.9998891353607178,0.9995526671409607,0.061208926141262054,0.010989248752593994,0.7459912896156311,0.014437013305723667,3.0
516,1.0,1.0,1.0,1.0,1.0,1.0,0.9998059868812561,0.999974250793457,0.9895078539848328,0.9970153570175171,0.9981354475021362,0.9387515783309937,1.0
517,0.0,0.0,1.0,0.0,0.0,0.0,0.010611936450004578,0.0038554661441594362,0.7547226548194885,0.5923736691474915,0.06410878151655197,0.06334777921438217,3.0
518,0.0,1.0,0.0,0.0,0.0,0.0,0.58351069688797,0.2670136094093323,0.0009036598494276404,0.005070889834314585,0.18238236010074615,0.001241877325810492,1.0
519,0.0,0.0,0.0,0.0,0.0,0.0,0.0034127268008887768,0.014682820998132229,0.00033452885691076517,0.052816834300756454,0.044209759682416916,0.0014838072238489985,2.0
520,1.0,1.0,1.0,0.0,0.0,1.0,0.8947704434394836,0.9942886829376221,0.5840456485748291,0.16813313961029053,0.9458934664726257,0.01582159847021103,4.0
521,1.0,1.0,1.0,1.0,1.0,1.0,0.9999161958694458,0.9998331069946289,0.9018741846084595,0.9967982172966003,0.9974326491355896,0.8812857866287231,3.0
522,0.0,0.0,0.0,0.0,0.0,0.0,0.000461680261651054,0.00034873391268774867,0.0001541884703328833,0.0064169480465352535,0.03000757284462452,0.0022588970605283976,0.0
523,1.0,1.0,0.0,0.0,0.0,0.0,0.9998210072517395,0.9998270869255066,0.0001648072066018358,0.006106955464929342,0.596796452999115,9.936493734130636e-05,2.0
524,0.0,0.0,0.0,0.0,0.0,0.0,0.03699568286538124,0.005931684747338295,0.028531037271022797,0.011877305805683136,0.3372005224227905,0.06716133654117584,4.0
525,0.0,0.0,0.0,0.0,0.0,0.0,0.0007154509075917304,0.0020322073251008987,0.0031832584645599127,0.019416097551584244,0.011781906709074974,0.001121481996960938,2.0
526,0.0,0.0,0.0,0.0,0.0,0.0,0.016553960740566254,0.002281244145706296,0.0002480136463418603,0.003047378733754158,0.010508782230317593,0.0017684855265542865,0.0
527,1.0,1.0,0.0,0.0,1.0,0.0,0.9998297691345215,0.9950622916221619,0.008843254297971725,0.08455974608659744,0.579885721206665,0.0009096959256567061,0.0
528,1.0,1.0,1.0,1.0,0.0,0.0,0.9996556043624878,0.9995762705802917,0.6179707050323486,0.0867651030421257,0.4141986668109894,0.07768481969833374,1.0
529,1.0,1.0,0.0,0.0,1.0,0.0,0.9823576211929321,0.9254001379013062,0.0018269626889377832,0.1036846861243248,0.9796227812767029,0.9920542240142822,0.0
530,0.0,0.0,0.0,0.0,0.0,0.0,0.09146349877119064,0.13333413004875183,0.09465118497610092,0.10852812975645065,0.05006572604179382,0.08181750774383545,1.0
531,0.0,0.0,0.0,0.0,0.0,0.0,0.00019459276518318802,0.0021635580342262983,0.0004264041199348867,0.0014188463101163507,0.2408958375453949,0.000255874649155885,2.0
532,1.0,1.0,1.0,1.0,1.0,1.0,0.9999650716781616,0.9999076128005981,0.9633417129516602,0.9981982111930847,0.9782184958457947,0.9818649291992188,0.0
533,1.0,1.0,1.0,1.0,1.0,1.0,0.004467696882784367,0.9599189758300781,0.9992786049842834,0.9868191480636597,0.2503291070461273,0.9925183057785034,2.0
534,1.0,1.0,1.0,1.0,1.0,1.0,0.9998663663864136,0.9999709129333496,0.9938467144966125,0.9503527879714966,0.956602156162262,0.8374346494674683,0.0
535,1.0,1.0,1.0,1.0,1.0,1.0,0.9997770190238953,0.9997625946998596,0.9963781237602234,0.9931542873382568,0.9938939213752747,0.5859255790710449,0.0
536,1.0,1.0,1.0,1.0,1.0,1.0,0.9667617082595825,0.9985585808753967,0.9986520409584045,0.9997444748878479,0.9971626400947571,0.9898131489753723,2.0
537,0.0,0.0,0.0,0.0,0.0,0.0,0.002173354383558035,0.0052340030670166016,0.020711474120616913,0.05690167099237442,0.2045678198337555,0.0018628609832376242,3.0
538,0.0,0.0,0.0,0.0,0.0,0.0,0.13302209973335266,0.16553302109241486,0.01405161153525114,0.716052770614624,0.35719794034957886,0.23702827095985413,1.0
539,0.0,0.0,0.0,0.0,0.0,0.0,0.007908915169537067,0.048522721976041794,0.3310709595680237,0.08995315432548523,0.0448986254632473,0.08122065663337708,3.0
540,1.0,1.0,1.0,1.0,1.0,1.0,0.8503199815750122,0.9991818070411682,0.724833071231842,0.9977635145187378,0.9879574179649353,0.9879740476608276,4.0
541,1.0,1.0,1.0,1.0,1.0,0.0,0.9996629953384399,0.9997245669364929,0.9995366334915161,0.8044690489768982,0.39718833565711975,0.790745198726654,2.0
542,1.0,1.0,1.0,1.0,1.0,1.0,0.999943733215332,0.9996250867843628,0.949263870716095,0.9945276379585266,0.9861719012260437,0.9497897028923035,2.0
543,0.0,0.0,0.0,0.0,0.0,0.0,0.0019472314743325114,0.0007498014601878822,0.0004852647543884814,0.021838771179318428,0.14633646607398987,0.0010245430748909712,0.0
544,1.0,1.0,1.0,1.0,1.0,0.0,0.9996708631515503,0.999546229839325,0.9140156507492065,0.9480389356613159,0.7671533226966858,0.6753984093666077,0.0
545,0.0,0.0,0.0,0.0,0.0,0.0,0.00010950763680739328,0.00033395973150618374,0.0023418329656124115,0.0008032565820030868,0.017211632803082466,0.0006756757502444088,2.0
546,1.0,0.0,0.0,0.0,1.0,0.0,0.9767429232597351,0.8255924582481384,0.00035807513631880283,0.0021650809794664383,0.9284669756889343,0.0005088876932859421,3.0
547,1.0,1.0,1.0,1.0,1.0,0.0,0.9996458292007446,0.9999877214431763,0.9537408947944641,0.9629450440406799,0.9980589747428894,0.053158268332481384,2.0
548,1.0,1.0,1.0,0.0,0.0,1.0,0.9989732503890991,0.9992673993110657,0.959401547908783,0.7266096472740173,0.9926400184631348,0.42395004630088806,0.0
549,1.0,1.0,1.0,1.0,1.0,1.0,0.8382329344749451,0.9960668683052063,0.9993143081665039,0.9994516968727112,0.9951218962669373,0.9986463189125061,2.0
550,1.0,1.0,0.0,0.0,0.0,0.0,0.9985489249229431,0.994959831237793,0.00017873256001621485,0.0006514156702905893,0.4973962604999542,0.0002890591567847878,4.0
551,0.0,0.0,0.0,0.0,0.0,0.0,0.00027563681942410767,0.0008878911612555385,7.476084283553064e-05,0.0012864700984209776,0.006223323754966259,0.002981351688504219,0.0
552,1.0,1.0,0.0,0.0,0.0,0.0,0.9976089000701904,0.9978514909744263,5.2831728680757806e-05,0.0014646162744611502,0.8892097473144531,0.00013621403195429593,1.0
553,1.0,1.0,0.0,0.0,0.0,0.0,0.9994587302207947,0.9983206391334534,7.028958498267457e-05,0.0028631670866161585,0.9404445886611938,4.75710112368688e-05,2.0
554,1.0,1.0,1.0,1.0,1.0,1.0,0.9996758699417114,0.9997618794441223,0.8648764491081238,0.9740299582481384,0.9511191844940186,0.6497286558151245,0.0
555,1.0,1.0,1.0,0.0,1.0,0.0,0.9999116659164429,0.9998601675033569,0.9193873405456543,0.8734906911849976,0.9881736636161804,0.17545409500598907,0.0
556,1.0,1.0,1.0,1.0,1.0,0.0,0.9999620914459229,0.9999816417694092,0.9992338418960571,0.9999352693557739,0.9933803081512451,0.8105911016464233,4.0
557,0.0,0.0,0.0,0.0,0.0,0.0,0.2271379828453064,0.10804963111877441,0.019195370376110077,0.12289454787969589,0.10610154271125793,0.3513348698616028,1.0
558,1.0,1.0,0.0,1.0,1.0,0.0,0.9978949427604675,0.9937164187431335,0.6083359122276306,0.1714412420988083,0.9696969985961914,0.0032299074809998274,2.0
559,0.0,0.0,0.0,0.0,0.0,0.0,0.034884192049503326,0.0017968204338103533,0.00035901289083994925,0.07831644266843796,0.020266426727175713,0.013377496041357517,3.0
560,0.0,0.0,0.0,0.0,0.0,0.0,0.003934558480978012,0.004263767972588539,0.0012275383342057467,0.009042564779520035,0.008411847986280918,0.00296434061601758,0.0
561,1.0,0.0,0.0,0.0,1.0,0.0,0.7955363392829895,0.4235011637210846,0.0012037502601742744,0.0009255238110199571,0.7484573125839233,0.00040023907786235213,1.0
562,0.0,0.0,0.0,0.0,0.0,0.0,0.0005440980894491076,0.00016000770847313106,0.00026830012211576104,0.002549106488004327,0.02497914619743824,0.0011141287395730615,4.0
563,1.0,1.0,1.0,1.0,1.0,1.0,0.9998973608016968,0.9997208714485168,0.9975184202194214,0.8288979530334473,0.9756313562393188,0.6111958622932434,4.0
564,0.0,0.0,0.0,0.0,0.0,0.0,0.0011240370804443955,0.00010513130109757185,0.000505555362906307,0.004480695351958275,0.001056663691997528,0.0002257903979625553,4.0
565,1.0,1.0,1.0,1.0,1.0,0.0,0.9994851350784302,0.9986995458602905,0.8272193670272827,0.8221668601036072,0.831068217754364,0.23910492658615112,4.0
566,0.0,1.0,1.0,1.0,1.0,0.0,0.06157732382416725,0.9985163807868958,0.5434329509735107,0.9973815083503723,0.7672019004821777,0.9249531030654907,0.0
567,1.0,1.0,1.0,1.0,0.0,1.0,0.9995157718658447,0.9993902444839478,0.9940770864486694,0.803949773311615,0.6230065226554871,0.8376163244247437,0.0
568,1.0,1.0,1.0,1.0,1.0,1.0,0.9998655319213867,0.9999570846557617,0.9835980534553528,0.98463374376297,0.9630106091499329,0.31695735454559326,3.0
569,1.0,1.0,1.0,1.0,1.0,1.0,0.9995551705360413,0.9993368983268738,0.5993555784225464,0.08042220771312714,0.5966401696205139,0.0934818759560585,3.0
570,0.0,0.0,0.0,0.0,0.0,0.0,0.0009338977979496121,0.1809755116701126,0.0007358624134212732,0.029683636501431465,0.015707099810242653,0.0012432507937774062,0.0
571,1.0,1.0,1.0,1.0,1.0,1.0,0.9996035695075989,0.9999489784240723,0.9942069053649902,0.9050643444061279,0.9492520689964294,0.1852300465106964,1.0
572,0.0,0.0,0.0,0.0,0.0,0.0,0.00013156438944861293,0.001252938760444522,0.000767550605814904,0.0006559979519806802,0.06251990795135498,6.685931293759495e-05,2.0
573,1.0,1.0,0.0,0.0,1.0,0.0,0.9982703924179077,0.9990967512130737,0.00037994739250279963,0.001393237616866827,0.5967313051223755,0.0003084150957874954,2.0
574,0.0,1.0,1.0,1.0,1.0,1.0,0.9296939373016357,0.9790315628051758,0.928133487701416,0.9997593760490417,0.41111189126968384,0.9677305817604065,3.0
575,1.0,1.0,0.0,1.0,1.0,0.0,0.999330997467041,0.9995905756950378,0.984001874923706,0.8686770796775818,0.982519268989563,0.49990716576576233,0.0
576,1.0,1.0,1.0,1.0,1.0,1.0,0.999825656414032,0.9997389912605286,0.9861360788345337,0.998807430267334,0.9929236173629761,0.7294535636901855,0.0
577,1.0,1.0,1.0,1.0,1.0,0.0,0.9997863173484802,0.9983205199241638,0.9948497414588928,0.9856404066085815,0.9911493062973022,0.40672188997268677,4.0
578,1.0,1.0,0.0,0.0,0.0,0.0,0.9994556307792664,0.9992064833641052,0.9052377343177795,0.5323901772499084,0.931455671787262,0.03714154288172722,1.0
579,1.0,1.0,0.0,1.0,1.0,0.0,0.9986999034881592,0.9999377727508545,0.9183986186981201,0.9924402236938477,0.9993189573287964,0.5723010301589966,2.0
580,0.0,0.0,0.0,0.0,0.0,0.0,0.0017927633598446846,0.002797277644276619,0.001188291935250163,0.010333320125937462,0.004672293085604906,0.0017401776276528835,3.0
581,0.0,1.0,0.0,1.0,1.0,1.0,0.12581121921539307,0.9997875094413757,0.9955255389213562,0.9359795451164246,0.861544132232666,0.20361578464508057,2.0
582,0.0,0.0,0.0,0.0,0.0,0.0,0.005502527114003897,0.3560413718223572,0.007284034974873066,0.05361161753535271,0.26329344511032104,0.0021284501999616623,1.0
583,0.0,0.0,0.0,0.0,0.0,0.0,0.0013545125257223845,0.0005519231199286878,0.0009628462721593678,0.009510749951004982,0.1676916927099228,0.0011598279234021902,1.0
584,0.0,0.0,0.0,0.0,0.0,0.0,0.0003499119484331459,0.000513864157255739,0.0002815757179632783,0.0020204191096127033,0.02901052124798298,0.0006435252144001424,0.0
585,1.0,1.0,1.0,1.0,1.0,1.0,0.9983755350112915,0.9998757839202881,0.9879751801490784,0.9759956002235413,0.9163171052932739,0.7292053699493408,1.0
586,0.0,1.0,1.0,1.0,1.0,1.0,0.12179794162511826,0.23938003182411194,0.9959195852279663,0.9349448084831238,0.7903964519500732,0.9985515475273132,4.0
587,0.0,0.0,0.0,0.0,1.0,0.0,0.09068304300308228,0.6592927575111389,0.0013747743796557188,0.007592316251248121,0.11420704424381256,0.006560077425092459,3.0
588,1.0,1.0,0.0,0.0,0.0,0.0,0.9964491128921509,0.9989223480224609,0.6939829587936401,0.07989624887704849,0.4620278477668762,0.012690410949289799,1.0
589,1.0,1.0,0.0,0.0,1.0,0.0,0.9997411370277405,0.9953107237815857,0.0002723282668739557,0.0010530368890613317,0.5262619853019714,0.0034761535935103893,0.0
590,0.0,0.0,0.0,0.0,0.0,0.0,0.00048605521442368627,0.001916913315653801,0.003845794126391411,0.011808173730969429,0.04662623256444931,0.0018802422564476728,1.0
591,0.0,0.0,0.0,0.0,1.0,0.0,0.00022215650824364275,0.00029084578272886574,0.0006675628828816116,0.024183781817555428,0.025459090247750282,0.001300399424508214,1.0
592,1.0,1.0,1.0,1.0,1.0,1.0,0.5151199698448181,0.9388309121131897,0.9838464260101318,0.46243616938591003,0.1335606873035431,0.7344368696212769,4.0
593,1.0,1.0,1.0,1.0,1.0,1.0,0.9999572038650513,0.9999502897262573,0.9996623992919922,0.9283846616744995,0.8886871933937073,0.0877714455127716,1.0
594,1.0,1.0,1.0,1.0,1.0,1.0,0.9983647465705872,0.9996834993362427,0.9642879366874695,0.917171061038971,0.8722641468048096,0.25675076246261597,2.0
595,0.0,0.0,0.0,0.0,0.0,0.0,0.00046373429358936846,8.075035293586552e-05,0.0004950494621880352,0.0035947123542428017,0.0072478000074625015,0.00029274000553414226,3.0
596,1.0,1.0,1.0,0.0,1.0,0.0,0.999643087387085,0.9998323917388916,0.057438626885414124,0.06348040699958801,0.7412190437316895,0.002252611331641674,1.0
597,1.0,1.0,1.0,1.0,1.0,1.0,0.4000541865825653,0.9995939135551453,0.9999157190322876,0.9988754391670227,0.7093687057495117,0.9814184904098511,1.0
598,1.0,1.0,0.0,0.0,1.0,0.0,0.9962367415428162,0.9996296167373657,0.09921642392873764,0.0767529234290123,0.7503715753555298,0.004843554459512234,1.0
599,1.0,1.0,0.0,0.0,0.0,0.0,0.99964439868927,0.9996908903121948,0.1324264258146286,0.030106879770755768,0.9284757971763611,0.008118278346955776,1.0
600,0.0,0.0,0.0,0.0,0.0,0.0,0.0012882297160103917,0.0011002031387761235,0.0028297146782279015,0.0007753027603030205,0.03745981305837631,0.0005067221354693174,4.0
601,1.0,1.0,1.0,1.0,1.0,0.0,0.9999548196792603,0.9999673366546631,0.9937739372253418,0.9991424083709717,0.9979656934738159,0.8870670199394226,0.0
602,0.0,1.0,1.0,1.0,1.0,1.0,0.8331542015075684,0.9865357279777527,0.9990912675857544,0.9973690509796143,0.994340181350708,0.9205948710441589,0.0
603,0.0,0.0,0.0,0.0,0.0,0.0,0.004367641638964415,0.005648779682815075,0.0009715691558085382,0.07916510105133057,0.04163529723882675,0.0003324565477669239,2.0
604,1.0,1.0,1.0,1.0,1.0,0.0,0.9992107152938843,0.9995107650756836,0.8243551254272461,0.9795629978179932,0.8906758427619934,0.1718553900718689,3.0
605,1.0,1.0,1.0,1.0,1.0,1.0,0.9995988011360168,0.9988669157028198,0.9500649571418762,0.8479622602462769,0.8158640265464783,0.1451389640569687,2.0
606,0.0,0.0,0.0,0.0,0.0,0.0,0.0004135689523536712,0.0008235885761678219,0.0003262263780925423,0.0016689355252310634,0.017598740756511688,8.760218770476058e-05,3.0
607,1.0,1.0,1.0,1.0,1.0,0.0,0.9993804693222046,0.9999657869338989,0.9904688000679016,0.9986491799354553,0.9998643398284912,0.5530389547348022,0.0
608,1.0,1.0,1.0,0.0,0.0,0.0,0.9998283386230469,0.999982476234436,0.9908756017684937,0.9620661735534668,0.8497081995010376,0.9666079878807068,4.0
609,1.0,1.0,1.0,1.0,0.0,0.0,0.9999476671218872,0.9999829530715942,0.9954853057861328,0.8816512227058411,0.9600879549980164,0.1776507943868637,2.0
610,0.0,0.0,0.0,0.0,0.0,0.0,0.002178065711632371,0.004001919645816088,0.0013907061656937003,0.00775644276291132,0.003774066921323538,0.00013632577611133456,0.0
611,1.0,1.0,1.0,1.0,1.0,1.0,0.9968656897544861,0.9993906021118164,0.9924047589302063,0.9993801116943359,0.9979150891304016,0.9718496799468994,1.0
612,0.0,0.0,0.0,0.0,0.0,0.0,0.0013891878770664334,0.0054587749764323235,0.00032895381445996463,0.006173697765916586,0.043889038264751434,0.0008807677659206092,4.0
613,1.0,1.0,1.0,0.0,0.0,1.0,0.9997462630271912,0.9767837524414062,0.7874812483787537,0.0077672479674220085,0.9731777310371399,0.141436368227005,0.0
614,0.0,1.0,1.0,0.0,0.0,0.0,0.10385830700397491,0.9947081804275513,0.06532666087150574,0.4371904730796814,0.9864636659622192,0.703759491443634,1.0
615,1.0,1.0,0.0,0.0,0.0,0.0,0.9998291730880737,0.9312541484832764,0.0004235927190165967,0.0006394193042069674,0.08287990838289261,6.686613778583705e-05,1.0
616,1.0,1.0,1.0,1.0,1.0,1.0,0.9818235635757446,0.9999798536300659,0.9972999691963196,0.9993842840194702,0.9990041851997375,0.9336698651313782,3.0
617,0.0,0.0,0.0,0.0,0.0,0.0,0.0008487016311846673,0.0006981255719438195,0.0001953518221853301,0.0011975002707913518,0.018430765718221664,0.0006419741548597813,1.0
618,1.0,1.0,0.0,0.0,1.0,1.0,0.8927574753761292,0.7570005655288696,0.0003288954612798989,0.744975209236145,0.9667724370956421,0.8315672278404236,0.0
619,1.0,1.0,1.0,1.0,1.0,0.0,0.9935835003852844,0.9976227879524231,0.9973174929618835,0.7629261016845703,0.966596782207489,0.24205100536346436,1.0
620,1.0,1.0,0.0,0.0,1.0,0.0,0.9997887015342712,0.9999748468399048,0.00010431812552269548,0.004439030308276415,0.9975159168243408,1.7072094124159776e-05,1.0
621,0.0,1.0,1.0,1.0,1.0,0.0,0.9960541725158691,0.9889883399009705,0.025608457624912262,0.8327682018280029,0.9995266199111938,0.00019424113270360976,1.0
622,1.0,1.0,0.0,0.0,1.0,0.0,0.9997685551643372,0.9977370500564575,0.0007280830177478492,0.0022620654199272394,0.7231639623641968,0.02458120323717594,2.0
623,0.0,0.0,0.0,0.0,0.0,0.0,0.0027401652187108994,0.4018942713737488,0.9844326972961426,0.10121157765388489,0.009827095083892345,0.03544839099049568,4.0
624,0.0,0.0,0.0,0.0,0.0,0.0,0.007647585589438677,0.002895776880905032,0.00202263449318707,0.015740610659122467,0.013074611313641071,0.008287944830954075,2.0
625,0.0,0.0,0.0,0.0,0.0,0.0,0.0021407674066722393,0.0008553910884074867,0.0017205472104251385,0.005163163412362337,0.026652254164218903,0.0019081833306699991,3.0
626,1.0,1.0,0.0,0.0,0.0,0.0,0.9999197721481323,0.9988977909088135,0.006692436058074236,0.1042143702507019,0.9356318712234497,0.0009024874889291823,1.0
627,1.0,1.0,0.0,0.0,1.0,0.0,0.9993756413459778,0.9984492063522339,0.7979990839958191,0.7892060279846191,0.8592527508735657,0.0058110300451517105,4.0
628,1.0,1.0,0.0,0.0,1.0,0.0,0.9995021820068359,0.9988110065460205,0.007497256621718407,0.023183871060609818,0.3962405323982239,0.003089896170422435,0.0
629,0.0,0.0,0.0,0.0,0.0,0.0,0.0011405227705836296,0.001139636617153883,0.001706554088741541,0.016155896708369255,0.027142712846398354,0.006448319647461176,1.0
630,1.0,1.0,0.0,0.0,1.0,0.0,0.9999041557312012,0.998607337474823,0.01200022455304861,0.0053752390667796135,0.7882807850837708,0.012769860215485096,2.0
631,1.0,1.0,0.0,0.0,0.0,0.0,0.9998728036880493,0.9997468590736389,0.821208655834198,0.148405522108078,0.41013413667678833,0.2888636291027069,1.0
632,0.0,0.0,0.0,0.0,1.0,0.0,0.887114405632019,0.238617941737175,6.608686089748517e-05,0.001236411975696683,0.3571118712425232,0.00026224632165394723,4.0
633,1.0,1.0,1.0,1.0,1.0,1.0,0.9981812238693237,0.9999711513519287,0.9936483502388,0.9994581341743469,0.9992592930793762,0.6919615268707275,3.0
634,0.0,0.0,0.0,0.0,0.0,0.0,0.0006764031131751835,0.021931856870651245,0.00020507533918134868,0.0012732507893815637,0.004561053588986397,0.002973694819957018,0.0
635,0.0,0.0,0.0,0.0,0.0,0.0,0.0010918191401287913,0.0010543890530243516,0.0009528547525405884,0.0018481321167200804,0.007593494839966297,0.0003991712583228946,3.0
636,1.0,1.0,1.0,1.0,1.0,1.0,0.03540116921067238,0.9761339426040649,0.9986568689346313,0.9833647608757019,0.2596248686313629,0.9950272440910339,1.0
637,0.0,1.0,1.0,1.0,1.0,1.0,0.8431980609893799,0.9825813174247742,0.9885305762290955,0.99363774061203,0.8339179158210754,0.9889602661132812,0.0
638,1.0,1.0,1.0,1.0,1.0,1.0,0.9957252740859985,0.9998660087585449,0.9992545247077942,0.9942235350608826,0.9942769408226013,0.8535495400428772,2.0
639,1.0,1.0,0.0,0.0,1.0,0.0,0.9988306164741516,0.9989424347877502,0.010085281915962696,0.02861563302576542,0.7255284190177917,0.041917528957128525,4.0
640,1.0,1.0,1.0,1.0,1.0,0.0,0.9908922910690308,0.9998537302017212,0.9826228618621826,0.989779531955719,0.9038576483726501,0.9244242310523987,4.0
641,1.0,1.0,1.0,1.0,1.0,1.0,0.9990655779838562,0.9999003410339355,0.9923789501190186,0.9662606120109558,0.8138066530227661,0.7414318323135376,4.0
642,0.0,0.0,0.0,0.0,0.0,0.0,0.37503287196159363,0.2713935971260071,7.979397923918441e-05,0.017953643575310707,0.7630256414413452,0.0008829760481603444,4.0
643,1.0,1.0,0.0,1.0,1.0,1.0,0.9998706579208374,0.9989504218101501,0.9299144148826599,0.5352780818939209,0.9880140423774719,0.7702219486236572,0.0
644,0.0,0.0,0.0,0.0,0.0,0.0,0.05517645925283432,0.01925601251423359,0.0017913560150191188,0.008897572755813599,0.8144844174385071,0.000828011310659349,2.0
645,1.0,1.0,0.0,0.0,1.0,0.0,0.9991243481636047,0.9965099692344666,0.23101307451725006,0.023182444274425507,0.6026696562767029,0.08179247379302979,4.0
646,0.0,0.0,1.0,0.0,0.0,0.0,0.09783140569925308,0.017103152349591255,0.23140984773635864,0.14676235616207123,0.3923892080783844,0.13161036372184753,4.0
647,0.0,0.0,0.0,0.0,0.0,0.0,0.00776731688529253,0.04546920210123062,0.1684156358242035,0.03864884376525879,0.026862729340791702,0.14385901391506195,4.0
648,1.0,1.0,0.0,0.0,1.0,0.0,0.9996767044067383,0.999648928642273,0.684234619140625,0.020604386925697327,0.4952712953090668,0.007497941609472036,4.0
649,0.0,0.0,0.0,0.0,0.0,0.0,0.00038956227945163846,0.0005016435752622783,0.0009892446687445045,0.004707666579633951,0.006338438019156456,0.0004611320036929101,2.0
650,1.0,1.0,1.0,0.0,1.0,0.0,0.9993305206298828,0.9991809725761414,0.8997007012367249,0.9066688418388367,0.6766218543052673,0.8950214982032776,0.0
651,1.0,1.0,0.0,0.0,0.0,0.0,0.9964159727096558,0.993398904800415,5.274046998238191e-05,0.000691919878590852,0.8539052605628967,0.00038935436168685555,1.0
652,1.0,1.0,0.0,0.0,0.0,0.0,0.9999451637268066,0.9999525547027588,0.8047827482223511,0.8264961838722229,0.9164883494377136,0.04845443367958069,3.0
653,1.0,1.0,1.0,1.0,1.0,1.0,0.25743457674980164,0.989529550075531,0.9955295920372009,0.9844451546669006,0.9268196225166321,0.7913175821304321,3.0
654,0.0,1.0,1.0,1.0,1.0,1.0,0.011704404838383198,0.9339402914047241,0.9935095906257629,0.979060709476471,0.5882630944252014,0.9968113303184509,1.0
655,1.0,1.0,0.0,1.0,1.0,1.0,0.6901311874389648,0.9982424974441528,0.9926323294639587,0.9880712032318115,0.9983758926391602,0.9309918284416199,3.0
656,1.0,1.0,0.0,1.0,0.0,0.0,0.9996340274810791,0.9995908141136169,0.9816358089447021,0.46660158038139343,0.9171187281608582,0.06218668818473816,3.0
657,0.0,0.0,0.0,0.0,0.0,0.0,8.612301462562755e-05,0.007653011940419674,7.06594146322459e-05,0.01202691625803709,0.0448736771941185,0.0001486872642999515,3.0
658,0.0,0.0,0.0,0.0,0.0,0.0,0.001493552466854453,0.0009698818321339786,0.0003623492375481874,0.004092272836714983,0.018516365438699722,0.0001837031013565138,3.0
659,1.0,1.0,0.0,0.0,1.0,0.0,0.9998195767402649,0.9900345206260681,9.257928468286991e-05,0.00044762660400010645,0.32298314571380615,0.001287052291445434,4.0
660,1.0,1.0,1.0,1.0,1.0,0.0,0.9998552799224854,0.9996256828308105,0.9822788238525391,0.994117021560669,0.9958378076553345,0.5261008739471436,1.0
661,0.0,1.0,1.0,1.0,1.0,1.0,0.0098724365234375,0.006567216478288174,0.4535408020019531,0.5679489970207214,0.6626778244972229,0.1457020491361618,2.0
662,0.0,1.0,1.0,1.0,1.0,1.0,0.010088743641972542,0.9990791082382202,0.9971444010734558,0.9990938901901245,0.9245880246162415,0.9949681162834167,3.0
663,1.0,1.0,1.0,1.0,1.0,0.0,0.9972389936447144,0.999919056892395,0.9929865002632141,0.9987338185310364,0.9980582594871521,0.05579550191760063,4.0
664,0.0,1.0,1.0,1.0,1.0,1.0,0.41646450757980347,0.9996127486228943,0.993021547794342,0.9991934895515442,0.9988659620285034,0.7936314344406128,1.0
665,1.0,1.0,0.0,0.0,1.0,0.0,0.9997379183769226,0.9996469020843506,0.005752744153141975,0.27170753479003906,0.9801532030105591,0.008332389406859875,2.0
666,1.0,1.0,1.0,1.0,1.0,1.0,0.9998258948326111,0.9999752044677734,0.997751772403717,0.9973937273025513,0.9919341802597046,0.2601219713687897,2.0
667,0.0,0.0,0.0,0.0,0.0,0.0,0.10317284613847733,0.09065274894237518,0.336829274892807,0.9203290939331055,0.019989192485809326,0.010854165069758892,3.0
668,1.0,1.0,1.0,1.0,1.0,1.0,0.9992843270301819,0.9999114274978638,0.6368913054466248,0.9013185501098633,0.920962393283844,0.7610881924629211,0.0
669,0.0,1.0,1.0,1.0,0.0,1.0,0.07023022323846817,0.305480033159256,0.9735571146011353,0.6650663018226624,0.811898410320282,0.5134611129760742,1.0
670,0.0,1.0,1.0,1.0,0.0,1.0,0.05182020366191864,0.70308518409729,0.9371353983879089,0.6130555868148804,0.04413708671927452,0.7906888723373413,1.0
671,1.0,1.0,1.0,1.0,1.0,0.0,0.5527231693267822,0.9972618818283081,0.9957838654518127,0.9922090768814087,0.8767112493515015,0.8769749999046326,3.0
672,0.0,0.0,0.0,0.0,0.0,0.0,0.0002513266808819026,0.0016044734511524439,0.0028481173794716597,0.007622453849762678,0.028672322630882263,0.00021318958897609264,2.0
673,0.0,0.0,0.0,0.0,0.0,0.0,0.000457979243947193,0.0007930083083920181,0.0004808283702004701,0.4836767017841339,0.3160926103591919,0.00021328557340893894,2.0
674,1.0,1.0,0.0,0.0,1.0,0.0,0.9999359846115112,0.9926660656929016,2.187981408496853e-05,9.287302236771211e-05,0.07408574223518372,0.0002898826787713915,0.0
675,0.0,0.0,0.0,0.0,0.0,0.0,0.0037521682679653168,0.0025520226918160915,0.00010657490201992914,4.885522139375098e-05,0.0062560997903347015,0.00025612948229536414,3.0
676,1.0,0.0,1.0,1.0,1.0,0.0,0.0015253135934472084,0.18533001840114594,0.9770144820213318,0.24988320469856262,0.19689776003360748,0.8529981374740601,2.0
677,0.0,0.0,0.0,0.0,0.0,0.0,0.00048523026634939015,0.0008869192097336054,0.0003277404757682234,0.0023130588233470917,0.010023023933172226,0.0001469967537559569,1.0
678,1.0,1.0,1.0,1.0,1.0,1.0,0.9998706579208374,0.9989504218101501,0.9299144148826599,0.5352780818939209,0.9880140423774719,0.7702219486236572,0.0
679,1.0,1.0,1.0,1.0,1.0,1.0,0.9978113770484924,0.9983673691749573,0.9929244518280029,0.986583411693573,0.994948148727417,0.10878602415323257,0.0
680,0.0,1.0,1.0,1.0,0.0,1.0,0.13890022039413452,0.8687602877616882,0.9987305998802185,0.8872340321540833,0.021373899653553963,0.9554536938667297,1.0
681,0.0,0.0,0.0,0.0,0.0,0.0,0.00045648147352039814,0.0011802056105807424,0.0009187996038235724,0.0064572799019515514,0.0060502914711833,0.0012839350383728743,4.0
682,0.0,1.0,1.0,1.0,0.0,0.0,0.08497479557991028,0.9499137997627258,0.9538486003875732,0.9819726943969727,0.730538010597229,0.9912749528884888,0.0
683,1.0,1.0,0.0,0.0,1.0,0.0,0.8594198226928711,0.5887773633003235,0.0013981934171169996,0.07868652790784836,0.554440438747406,0.5116998553276062,4.0
684,0.0,1.0,1.0,1.0,0.0,1.0,0.01366619672626257,0.6767308712005615,0.9624358415603638,0.7876259088516235,0.08664721250534058,0.07186379283666611,3.0
685,0.0,1.0,1.0,1.0,1.0,1.0,0.48887574672698975,0.9976844787597656,0.9993775486946106,0.9869836568832397,0.9842998385429382,0.9250795841217041,3.0
686,1.0,1.0,1.0,1.0,1.0,1.0,0.9995657801628113,0.9997488856315613,0.9842634797096252,0.9514107704162598,0.8145418167114258,0.13652147352695465,4.0
687,1.0,1.0,1.0,1.0,1.0,1.0,0.7374299764633179,0.9260905385017395,0.9891169667243958,0.5400384664535522,0.9347158074378967,0.20571854710578918,4.0
688,1.0,1.0,1.0,1.0,1.0,1.0,0.1147531270980835,0.5396103262901306,0.9813869595527649,0.9230611324310303,0.05654192715883255,0.748449981212616,2.0
689,0.0,0.0,0.0,0.0,0.0,0.0,0.022795777767896652,0.02121400460600853,0.06350570172071457,0.004264624789357185,0.13482511043548584,0.05383192375302315,3.0
690,0.0,0.0,0.0,0.0,0.0,0.0,0.0023200225550681353,0.002913949778303504,0.23616132140159607,0.009107593446969986,0.01531036477535963,0.03142485395073891,3.0
691,1.0,1.0,1.0,1.0,1.0,1.0,0.8729262948036194,0.9995736479759216,0.9885174036026001,0.9990284442901611,0.988198459148407,0.9190441966056824,2.0
692,1.0,1.0,1.0,1.0,1.0,1.0,0.9999058246612549,0.9996784925460815,0.5188829302787781,0.10371336340904236,0.9493048191070557,0.004991836380213499,0.0
693,0.0,0.0,0.0,1.0,1.0,0.0,0.0004348329093772918,0.0002653451228979975,0.0010858916211873293,0.023725036531686783,0.12174329906702042,0.0018962412141263485,0.0
694,0.0,0.0,0.0,0.0,0.0,0.0,0.0003889335202984512,0.00023621326545253396,0.0004480594943743199,0.00013223626592662185,0.0013436261797323823,0.0003347700403537601,0.0
695,0.0,1.0,1.0,1.0,1.0,1.0,0.039265550673007965,0.9891058802604675,0.998968243598938,0.9963021278381348,0.8782410621643066,0.9955999851226807,2.0
696,1.0,1.0,1.0,1.0,1.0,1.0,0.9997281432151794,0.9999383687973022,0.9869158267974854,0.9891781806945801,0.9955940842628479,0.2186114341020584,3.0
697,1.0,1.0,0.0,1.0,1.0,1.0,0.6085255146026611,0.6268373727798462,0.03708520531654358,0.8616926670074463,0.9223602414131165,0.9771815538406372,3.0
698,0.0,1.0,1.0,1.0,0.0,1.0,0.8584426641464233,0.9993332028388977,0.9963065385818481,0.9860056638717651,0.7315388917922974,0.9917773008346558,4.0
699,1.0,1.0,1.0,1.0,1.0,1.0,0.7803869247436523,0.9999326467514038,0.9998469352722168,0.9999681711196899,0.9797829985618591,0.9314525127410889,4.0
700,0.0,0.0,0.0,0.0,0.0,0.0,0.0003521843464113772,0.00038296583807095885,0.00045143929310142994,0.0017198011046275496,0.003223412437364459,0.0002227253426099196,1.0
701,1.0,1.0,1.0,1.0,1.0,0.0,0.9997186064720154,0.9999544620513916,0.9915972352027893,0.998158872127533,0.9987136125564575,0.15272973477840424,0.0
702,1.0,1.0,1.0,1.0,1.0,1.0,0.9999120235443115,0.9999728202819824,0.6531268358230591,0.989069402217865,0.997998058795929,0.333564817905426,4.0
703,0.0,0.0,1.0,0.0,0.0,1.0,0.0019504636293277144,0.05492085590958595,0.9760867953300476,0.8207862377166748,0.18840737640857697,0.4171281158924103,3.0
704,1.0,1.0,0.0,0.0,1.0,0.0,0.9973996877670288,0.9999456405639648,0.08400345593690872,0.8800596594810486,0.9830020070075989,0.08074329048395157,0.0
705,1.0,1.0,1.0,1.0,0.0,1.0,0.9986767172813416,0.9999396800994873,0.9956087470054626,0.9058756828308105,0.8490025401115417,0.32186082005500793,1.0
706,1.0,1.0,0.0,0.0,1.0,0.0,0.9998805522918701,0.9999392032623291,0.5589887499809265,0.693746030330658,0.9561185836791992,0.005885751452296972,1.0
707,0.0,0.0,0.0,0.0,0.0,0.0,6.596269668079913e-05,0.00021416100207716227,0.00019161374075338244,0.003996646963059902,0.018717138096690178,0.0027633588761091232,1.0
708,1.0,1.0,1.0,1.0,1.0,1.0,0.9998749494552612,0.9999886751174927,0.9945595860481262,0.9651548862457275,0.963655412197113,0.2881006896495819,3.0
709,0.0,1.0,0.0,0.0,1.0,0.0,0.0009512106189504266,0.9236834049224854,0.0007883230573497713,0.005888667423278093,0.9754378199577332,0.0002761426439974457,4.0
710,0.0,1.0,1.0,0.0,0.0,1.0,0.03640226274728775,0.7794663906097412,0.9907147884368896,0.9175325036048889,0.4011845588684082,0.9499062895774841,1.0
711,1.0,1.0,0.0,0.0,1.0,0.0,0.9823296666145325,0.9995738863945007,0.00013395861606113613,0.00044154259376227856,0.835112988948822,0.00023270146630238742,0.0
712,1.0,1.0,0.0,0.0,0.0,0.0,0.9998530149459839,0.9997290968894958,0.5385170578956604,0.15809930860996246,0.3822077214717865,0.1338167041540146,0.0
713,1.0,1.0,1.0,0.0,0.0,0.0,0.9996747970581055,0.9998075366020203,0.4750562012195587,0.023379256948828697,0.5518096685409546,0.056764476001262665,3.0
714,1.0,1.0,0.0,0.0,1.0,1.0,0.9986675977706909,0.9995086193084717,0.00034337854594923556,0.15150348842144012,0.9960122108459473,0.0790393128991127,2.0
715,1.0,1.0,1.0,1.0,1.0,0.0,0.9992074370384216,0.9998230338096619,0.7267419099807739,0.9971428513526917,0.9981934428215027,0.19445309042930603,0.0
716,0.0,0.0,0.0,0.0,0.0,0.0,0.00023298407904803753,0.00022242630075197667,0.00081711879465729,0.011155080050230026,0.08004138618707657,0.00839864183217287,2.0
717,0.0,0.0,0.0,0.0,0.0,0.0,0.005157060921192169,0.004791716113686562,0.0025078370235860348,0.009905790910124779,0.057145025581121445,0.002843945287168026,3.0
718,1.0,1.0,1.0,1.0,1.0,0.0,0.9999821186065674,0.9999877214431763,0.6889287829399109,0.9839813113212585,0.8022582530975342,0.2010413557291031,2.0
719,0.0,0.0,0.0,0.0,0.0,0.0,0.011665956117212772,0.00031101173954084516,0.00023666481138207018,0.012655419297516346,0.008713777177035809,0.0007108316058292985,4.0
720,0.0,0.0,0.0,1.0,1.0,0.0,0.000894047727342695,0.0024641600903123617,0.0013434323482215405,0.33408883213996887,0.19800038635730743,0.0026188925839960575,1.0
721,0.0,0.0,1.0,0.0,0.0,1.0,0.05424464866518974,0.9353775382041931,0.9989820122718811,0.9337823987007141,0.6212537884712219,0.9012598991394043,0.0
722,1.0,1.0,1.0,0.0,1.0,0.0,0.9997424483299255,0.9975784420967102,0.0241974126547575,0.0033552641980350018,0.3774420917034149,0.013472279533743858,2.0
723,0.0,0.0,0.0,0.0,0.0,0.0,0.0007087873527780175,0.0015169335529208183,0.0010978783247992396,0.01278464961796999,0.003906949423253536,0.0013156734639778733,2.0
724,0.0,1.0,1.0,1.0,1.0,1.0,0.7561094760894775,0.9937992691993713,0.3772234618663788,0.9620156288146973,0.512291669845581,0.9892740845680237,1.0
725,0.0,1.0,1.0,1.0,0.0,1.0,0.04437992721796036,0.9936445951461792,0.9718717336654663,0.9824830293655396,0.6154330372810364,0.9180919528007507,4.0
726,1.0,1.0,1.0,1.0,1.0,0.0,0.9999501705169678,0.9999014139175415,0.9982948899269104,0.6236663460731506,0.8684123754501343,0.02935735508799553,3.0
727,0.0,0.0,0.0,0.0,0.0,0.0,0.0005513174692168832,0.00022574196918867528,0.0025338733103126287,0.0007487925468012691,0.018970025703310966,0.002456396585330367,0.0
728,0.0,0.0,0.0,0.0,0.0,0.0,0.9719574451446533,0.1835346668958664,0.004039543215185404,0.009881987236440182,0.11057034134864807,0.0030415316578000784,3.0
729,1.0,1.0,0.0,0.0,1.0,0.0,0.9997768998146057,0.9900696873664856,0.0006252283928915858,0.003424117574468255,0.2860162854194641,0.011453178711235523,4.0
730,0.0,0.0,0.0,0.0,0.0,0.0,0.0006296820938587189,0.0001351220707874745,0.0002556334948167205,0.0013200778048485518,0.008629211224615574,0.0002194949920522049,1.0
731,1.0,1.0,1.0,1.0,1.0,1.0,0.7535570859909058,0.9157747030258179,0.9855534434318542,0.9910902976989746,0.6114645004272461,0.9609107971191406,3.0
732,1.0,1.0,1.0,1.0,1.0,1.0,0.9493851661682129,0.9989319443702698,0.9937043786048889,0.998956561088562,0.9838399291038513,0.9976894855499268,3.0
733,1.0,0.0,0.0,0.0,0.0,0.0,0.4615614116191864,0.0021274376194924116,0.0006054966361261904,0.00748709449544549,0.06725654751062393,0.0003607442486099899,2.0
734,0.0,0.0,1.0,0.0,0.0,0.0,0.020547129213809967,0.03916064277291298,0.10904766619205475,0.06825894862413406,0.09756066650152206,0.03269699960947037,3.0
735,0.0,0.0,1.0,0.0,0.0,0.0,0.007452043704688549,0.3198562562465668,0.289118230342865,0.0237775556743145,0.1972145140171051,0.07542441040277481,3.0
736,1.0,1.0,1.0,1.0,0.0,0.0,0.9998553991317749,0.9999594688415527,0.9460064172744751,0.9787502288818359,0.8366370797157288,0.19750386476516724,2.0
737,0.0,0.0,0.0,0.0,0.0,0.0,6.944617052795365e-05,0.0006553040002472699,0.000634296506177634,0.011720212176442146,0.016097065061330795,0.0006680901860818267,2.0
738,1.0,1.0,1.0,1.0,1.0,0.0,0.999966025352478,0.9999536275863647,0.9969654679298401,0.9426420331001282,0.750555157661438,0.5303798913955688,3.0
739,0.0,0.0,0.0,0.0,0.0,0.0,0.001502819242887199,0.0017235957784578204,0.000253161444561556,0.00034130658605135977,0.005322480108588934,3.9105958421714604e-05,3.0
740,0.0,0.0,0.0,0.0,0.0,0.0,8.390557195525616e-05,0.000959946250077337,0.000994800589978695,0.004899037070572376,0.014008881524205208,0.0006096601719036698,3.0
741,1.0,1.0,1.0,0.0,1.0,0.0,0.9967483282089233,0.9986504912376404,0.6270392537117004,0.4428231418132782,0.754177451133728,0.08540649712085724,2.0
742,0.0,1.0,1.0,1.0,1.0,1.0,0.9588992595672607,0.9997267127037048,0.9974539875984192,0.9983685612678528,0.9532938003540039,0.99912029504776,4.0
743,1.0,1.0,1.0,1.0,1.0,1.0,0.9996235370635986,0.9995916485786438,0.9752647280693054,0.9863641858100891,0.9934820532798767,0.8780903816223145,0.0
744,0.0,0.0,0.0,0.0,0.0,0.0,0.00031357459374703467,0.0006105309585109353,0.000240188543102704,0.01993863470852375,0.03699033334851265,0.0007236445089802146,1.0
745,1.0,1.0,0.0,0.0,1.0,0.0,0.9996681213378906,0.9999479055404663,0.5789787173271179,0.9496414065361023,0.9983124732971191,0.24499288201332092,1.0
746,1.0,1.0,1.0,1.0,1.0,0.0,0.23535078763961792,0.9841732978820801,0.9985665678977966,0.9881569743156433,0.016453707590699196,0.9761404991149902,2.0
747,0.0,0.0,0.0,0.0,0.0,0.0,0.000442182004917413,0.0007317375857383013,0.0002371484151808545,0.0028268315363675356,0.03344479575753212,0.0002728597610257566,4.0
748,1.0,1.0,0.0,0.0,1.0,0.0,0.9593770503997803,0.9696160554885864,9.785966540221125e-05,0.002295092912390828,0.8953766822814941,0.00011849687871290371,4.0
749,0.0,0.0,0.0,0.0,0.0,0.0,0.00018634619482327253,0.0011362110963091254,0.00018086245108861476,0.003007715567946434,0.011837007477879524,0.0014668019721284509,4.0
750,1.0,1.0,1.0,0.0,0.0,0.0,0.3239360451698303,0.8275155425071716,0.9533274173736572,0.481126070022583,0.4530041813850403,0.16149911284446716,3.0
751,0.0,0.0,0.0,0.0,0.0,0.0,0.0011087011080235243,0.002010711468756199,0.00023777104797773063,0.006229378283023834,0.035961899906396866,0.0006734979106113315,4.0
752,1.0,1.0,0.0,0.0,1.0,0.0,0.9973927736282349,0.9633979797363281,0.0010849656537175179,0.017643306404352188,0.9730368256568909,0.018143553286790848,0.0
753,1.0,1.0,1.0,1.0,0.0,0.0,0.9997400641441345,0.9999966621398926,0.9916489124298096,0.9841517210006714,0.9429922103881836,0.46029725670814514,3.0
754,1.0,1.0,0.0,0.0,1.0,1.0,0.9998722076416016,0.9998916387557983,0.00413555046543479,0.07457397133111954,0.9885876178741455,0.16951492428779602,1.0
755,1.0,0.0,0.0,0.0,0.0,0.0,0.9890120029449463,0.6578263640403748,0.30943048000335693,0.01483075600117445,0.1049565002322197,0.00673698540776968,1.0
756,1.0,1.0,0.0,0.0,1.0,0.0,0.9969887137413025,0.9968109726905823,0.6197394132614136,0.5339769721031189,0.9757761359214783,0.11438518762588501,2.0
757,1.0,1.0,1.0,1.0,0.0,1.0,0.8577806949615479,0.9925090670585632,0.9599173069000244,0.9955081939697266,0.7560337781906128,0.9242579936981201,1.0
758,0.0,1.0,1.0,1.0,0.0,1.0,0.8381364941596985,0.7944725155830383,0.9790859818458557,0.9792473912239075,0.10097158700227737,0.9156527519226074,3.0
759,1.0,1.0,1.0,1.0,0.0,1.0,0.99481600522995,0.9878270030021667,0.9771579504013062,0.9771007299423218,0.8551114201545715,0.9937137961387634,0.0
760,1.0,0.0,0.0,0.0,0.0,0.0,0.9995241165161133,0.9986292123794556,0.00010776300041470677,0.0013012803392484784,0.29271408915519714,0.000836347637232393,3.0
761,1.0,1.0,1.0,1.0,1.0,1.0,0.20486250519752502,0.9962369203567505,0.9995490908622742,0.9939630627632141,0.9899292588233948,0.9960200190544128,3.0
762,1.0,1.0,1.0,1.0,1.0,0.0,0.9998216032981873,0.9999024868011475,0.9649630188941956,0.999805748462677,0.9516298770904541,0.8031296133995056,2.0
763,1.0,1.0,1.0,1.0,1.0,1.0,0.3540618121623993,0.3928241729736328,0.06751766800880432,0.8247302770614624,0.869522213935852,0.9712265729904175,4.0
764,1.0,1.0,1.0,1.0,1.0,1.0,0.9984318614006042,0.9999287128448486,0.9689250588417053,0.9942784309387207,0.9893400073051453,0.08626705408096313,0.0
765,0.0,0.0,0.0,0.0,0.0,0.0,0.0002376923948759213,0.0002977284602820873,0.0007765131304040551,0.001364894793368876,0.008330686949193478,0.0017575827660039067,0.0
766,1.0,1.0,1.0,1.0,1.0,1.0,0.9987367987632751,0.99973064661026,0.9970620274543762,0.9846115708351135,0.9823375940322876,0.9784383773803711,4.0
767,0.0,0.0,0.0,0.0,0.0,0.0,0.0015878924168646336,0.0015158383175730705,0.00015346593863796443,0.00294083496555686,0.006149383261799812,0.0007597491494379938,1.0
768,1.0,1.0,1.0,1.0,1.0,1.0,0.9782141447067261,0.9999754428863525,0.9980133771896362,0.9972766041755676,0.9729176759719849,0.8805698752403259,3.0
769,0.0,0.0,0.0,0.0,0.0,0.0,0.0006162499194033444,0.0141366021707654,0.002191537758335471,0.0017452160827815533,0.05894734337925911,0.005418921820819378,4.0
770,1.0,1.0,0.0,0.0,1.0,0.0,0.9998664855957031,0.9991825222969055,0.7742174863815308,0.6510143280029297,0.5541114807128906,0.18688885867595673,2.0
771,0.0,0.0,0.0,0.0,0.0,0.0,0.008525176905095577,0.06473515927791595,0.00047835061559453607,0.008290237747132778,0.03707865998148918,0.0001946668344317004,2.0
772,1.0,1.0,1.0,1.0,1.0,1.0,0.9995349645614624,0.9998725652694702,0.9286820888519287,0.6996520161628723,0.9916986227035522,0.8858051300048828,1.0
773,1.0,1.0,1.0,1.0,1.0,1.0,0.9996768236160278,0.9997435212135315,0.9661027193069458,0.9951553344726562,0.9486441612243652,0.9910231828689575,3.0
774,1.0,1.0,1.0,1.0,1.0,1.0,0.9971659779548645,0.999244213104248,0.9997263550758362,0.9965183734893799,0.9056976437568665,0.9516507387161255,0.0
775,1.0,1.0,0.0,0.0,1.0,0.0,0.9994544386863708,0.9998243451118469,4.265755706001073e-05,0.002090214053168893,0.6397154331207275,0.0003927367797587067,4.0
776,0.0,1.0,0.0,1.0,0.0,0.0,0.9289559721946716,0.9992838501930237,0.9549485445022583,0.9983248114585876,0.946052074432373,0.680289089679718,4.0
777,1.0,1.0,1.0,1.0,1.0,1.0,0.9990444779396057,0.9998854398727417,0.9224520325660706,0.9506284594535828,0.8024368286132812,0.4601389765739441,0.0
778,1.0,1.0,1.0,1.0,1.0,1.0,0.9996185302734375,0.9994087219238281,0.9881427884101868,0.8499171137809753,0.9018449187278748,0.487068772315979,2.0
779,0.0,0.0,1.0,1.0,1.0,1.0,0.003992571961134672,0.9360081553459167,0.9564220905303955,0.9885591864585876,0.43025511503219604,0.5027997493743896,4.0
780,1.0,1.0,0.0,1.0,1.0,0.0,0.9998393058776855,0.9958303570747375,0.9707000255584717,0.5217574238777161,0.9642532467842102,0.04704146087169647,1.0
781,1.0,1.0,1.0,1.0,1.0,1.0,0.9860936403274536,0.9970731735229492,0.9863449335098267,0.987581729888916,0.9939339756965637,0.8591177463531494,1.0
782,0.0,0.0,0.0,0.0,0.0,0.0,0.0022793954703956842,0.028912199661135674,0.00040668630390428007,0.004089557100087404,0.013036824762821198,0.00021878708503209054,1.0
783,0.0,0.0,0.0,0.0,0.0,0.0,0.0004985867417417467,0.001624655444175005,0.0005513064097613096,0.019828781485557556,0.0396728515625,0.002008738461881876,3.0
784,1.0,1.0,1.0,1.0,1.0,0.0,0.9999804496765137,0.9998338222503662,0.9732376933097839,0.9937816262245178,0.6027507781982422,0.2249337136745453,3.0
785,1.0,1.0,1.0,1.0,1.0,0.0,0.9997755885124207,0.9999004602432251,0.25009769201278687,0.932528018951416,0.9672547578811646,0.029596254229545593,0.0
786,0.0,0.0,0.0,0.0,0.0,0.0,0.0014862861717119813,0.0021233672741800547,0.00036299490602687,0.000680216180626303,0.02274750918149948,7.847313099773601e-05,1.0
787,1.0,1.0,0.0,0.0,1.0,0.0,0.9783278703689575,0.7346112132072449,0.00024578272132202983,0.0012390894116833806,0.8038700222969055,0.00045760246575810015,0.0
788,0.0,0.0,0.0,0.0,0.0,0.0,0.0006592818535864353,0.0052109891548752785,0.0028950348496437073,0.0029917277861386538,0.013510524295270443,0.0011909747263416648,2.0
789,0.0,0.0,0.0,0.0,0.0,0.0,0.027290496975183487,0.003201587125658989,0.001862404402345419,0.019454091787338257,0.08211972564458847,0.0030350536108016968,3.0
790,1.0,1.0,1.0,1.0,1.0,0.0,0.9996837377548218,0.9997791647911072,0.9406970739364624,0.9457687139511108,0.9830427765846252,0.052005842328071594,3.0
791,1.0,1.0,1.0,1.0,1.0,0.0,0.9996751546859741,0.9999383687973022,0.9834548234939575,0.8544254302978516,0.8399360775947571,0.35055577754974365,4.0
792,1.0,1.0,0.0,0.0,1.0,0.0,0.9998459815979004,0.9998637437820435,0.020530549809336662,0.024576237425208092,0.9926630258560181,0.04406067728996277,1.0
793,1.0,1.0,0.0,0.0,0.0,0.0,0.999866247177124,0.999444305896759,0.002213089494034648,0.005395194049924612,0.19871145486831665,0.005401427857577801,2.0
794,1.0,1.0,0.0,0.0,0.0,0.0,0.9240309596061707,0.5779881477355957,0.14223229885101318,0.01837785169482231,0.14665186405181885,0.003976107109338045,4.0
795,0.0,0.0,0.0,0.0,0.0,0.0,0.0010708046611398458,0.0003295373171567917,0.00028765021124854684,0.009290703572332859,0.09616579860448837,0.13804280757904053,4.0
796,0.0,0.0,0.0,0.0,0.0,0.0,0.0008203317993320525,0.00787441898137331,0.0007677400135435164,0.009984229691326618,0.32223138213157654,0.0010462068021297455,2.0
797,1.0,1.0,0.0,0.0,1.0,0.0,0.7722442746162415,0.02786954492330551,0.003445055801421404,0.008965841494500637,0.5118982195854187,0.002343393163755536,4.0
798,1.0,1.0,0.0,0.0,1.0,0.0,0.9995137453079224,0.864271342754364,0.0005784191307611763,0.0014379107160493731,0.823456883430481,0.0003004667814821005,1.0
799,1.0,1.0,1.0,1.0,1.0,1.0,0.9999154806137085,0.9999699592590332,0.9378747940063477,0.9996498823165894,0.7130458354949951,0.8412324786186218,2.0
800,1.0,1.0,0.0,1.0,1.0,0.0,0.9991212487220764,0.9999135732650757,0.9065263867378235,0.9769333004951477,0.9986960291862488,0.9136845469474792,4.0
801,1.0,1.0,1.0,1.0,1.0,1.0,0.9988239407539368,0.9999617338180542,0.9588119983673096,0.9961214661598206,0.9876044988632202,0.16912218928337097,3.0
802,0.0,0.0,0.0,0.0,0.0,0.0,0.00026608564076013863,7.339923467952758e-05,0.000842336448840797,0.009635713882744312,0.004113631322979927,0.00022062106290832162,2.0
803,0.0,0.0,0.0,0.0,0.0,0.0,0.0012105711502954364,0.0006356111844070256,0.0007096818881109357,0.0023322526831179857,0.005597354378551245,0.000995698501355946,2.0
804,1.0,1.0,1.0,1.0,1.0,1.0,0.9988356232643127,0.9999169111251831,0.9961434602737427,0.9959889054298401,0.9175054430961609,0.2506815791130066,4.0
805,1.0,1.0,0.0,0.0,1.0,0.0,0.9996997117996216,0.9998515844345093,0.00045471976045519114,0.0023807801771909,0.7888795733451843,0.00171205447986722,4.0
806,1.0,1.0,1.0,1.0,1.0,1.0,0.9805096387863159,0.9997015595436096,0.9996203184127808,0.9993845224380493,0.9892326593399048,0.9645417332649231,2.0
807,1.0,1.0,1.0,1.0,1.0,1.0,0.9992380142211914,0.9999856948852539,0.9991033673286438,0.9977307915687561,0.9995635151863098,0.7790712714195251,1.0
808,1.0,1.0,1.0,1.0,1.0,0.0,0.9987265467643738,0.9999078512191772,0.9857866764068604,0.713087260723114,0.9811340570449829,0.8088725805282593,0.0
809,1.0,1.0,0.0,0.0,1.0,0.0,0.9981454610824585,0.9952249526977539,0.10088673233985901,0.0021474622189998627,0.9752247333526611,0.001387118361890316,0.0
810,1.0,1.0,0.0,0.0,0.0,0.0,0.9991809725761414,0.9994394183158875,3.6899018596159294e-05,0.00023831098224036396,0.2670769691467285,7.311163790291175e-05,1.0
811,1.0,1.0,0.0,0.0,0.0,0.0,0.9744160175323486,0.8404713273048401,0.0005127444164827466,0.0014222641475498676,0.7892839908599854,0.00015857300604693592,1.0
812,1.0,1.0,1.0,1.0,1.0,1.0,0.20229031145572662,0.7609228491783142,0.8321689963340759,0.5026060342788696,0.1730075627565384,0.6230897307395935,2.0
813,0.0,0.0,0.0,0.0,0.0,0.0,0.004250254016369581,0.01346078235656023,0.17618586122989655,0.0018603835487738252,0.0045285457745194435,0.0001682590664131567,2.0
814,0.0,1.0,1.0,1.0,1.0,1.0,0.12763626873493195,0.9979977011680603,0.9966270923614502,0.999636173248291,0.8174371719360352,0.9904773235321045,3.0
815,1.0,1.0,0.0,0.0,0.0,0.0,0.7588295936584473,0.8949762582778931,0.002707534469664097,0.10779888182878494,0.5580780506134033,0.0024241358041763306,4.0
816,1.0,1.0,1.0,1.0,1.0,1.0,0.597256064414978,0.9927922487258911,0.9974251985549927,0.9924696087837219,0.5505052804946899,0.98286372423172,1.0
817,1.0,1.0,1.0,1.0,1.0,0.0,0.9964939951896667,0.9999823570251465,0.9570083618164062,0.99469393491745,0.9969797134399414,0.2750002145767212,0.0
818,1.0,1.0,1.0,1.0,1.0,1.0,0.9999666213989258,0.9998650550842285,0.9589586853981018,0.9955512285232544,0.9977118968963623,0.930270254611969,0.0
819,1.0,1.0,1.0,1.0,1.0,1.0,0.8250847458839417,0.9998490810394287,0.9999316930770874,0.9994837045669556,0.940161943435669,0.9990384578704834,1.0
820,1.0,1.0,0.0,0.0,0.0,0.0,0.9993064403533936,0.9998459815979004,0.9184385538101196,0.9813886880874634,0.902009129524231,0.8075457215309143,1.0
821,1.0,1.0,0.0,0.0,0.0,0.0,0.8971437215805054,0.6915805339813232,0.002723987679928541,0.029915807768702507,0.4640795886516571,0.0005554290837608278,4.0
822,1.0,0.0,0.0,0.0,0.0,0.0,0.9419476389884949,0.27060142159461975,0.040061064064502716,0.1872168779373169,0.2214205116033554,0.026688508689403534,3.0
823,0.0,0.0,0.0,0.0,0.0,0.0,0.00016342138405889273,0.0005118601256981492,0.0002623731270432472,0.0022684161085635424,0.010381306521594524,1.5838515537325293e-05,3.0
824,1.0,1.0,0.0,0.0,1.0,0.0,0.96274334192276,0.9614514112472534,0.00012355187209323049,0.127113938331604,0.972049355506897,0.00011913066555280238,2.0
825,0.0,0.0,0.0,0.0,0.0,0.0,0.0004819316673092544,0.00018209745758213103,0.0008763564983382821,0.0022349057253450155,0.01270532701164484,0.00015593715943396091,3.0
826,0.0,0.0,1.0,1.0,1.0,1.0,0.8731102347373962,0.9231891632080078,0.32929104566574097,0.13111154735088348,0.41046035289764404,0.050731442868709564,2.0
827,1.0,1.0,0.0,0.0,0.0,0.0,0.9998323917388916,0.9977670907974243,0.00014599489804822952,0.0010020340560004115,0.3757149577140808,0.00015219910710584372,3.0
828,1.0,1.0,1.0,1.0,1.0,1.0,0.9999812841415405,0.9999836683273315,0.9994527697563171,0.9998986721038818,0.9993846416473389,0.9883208870887756,3.0
829,0.0,0.0,0.0,0.0,0.0,0.0,0.137994185090065,0.0056771282106637955,0.0045561096630990505,0.02441028319299221,0.02209087274968624,0.00396804790943861,0.0
830,0.0,0.0,0.0,0.0,0.0,0.0,0.009391299448907375,0.009233396500349045,0.003232247894629836,0.09292130917310715,0.33599400520324707,0.010232203640043736,3.0
831,0.0,0.0,0.0,0.0,0.0,0.0,0.001880355761386454,0.000540976005140692,0.001297104055993259,0.002015019068494439,0.005197879858314991,0.002948455046862364,4.0
832,1.0,1.0,1.0,1.0,1.0,1.0,0.9993224143981934,0.9999392032623291,0.9975475668907166,0.9997420907020569,0.9998267292976379,0.5636228322982788,0.0
833,1.0,1.0,1.0,1.0,1.0,0.0,0.9998390674591064,0.9999587535858154,0.9994359612464905,0.9989160299301147,0.9863613843917847,0.8995429873466492,3.0
834,1.0,1.0,1.0,0.0,1.0,1.0,0.9842736721038818,0.9974662065505981,0.027346888557076454,0.627164900302887,0.9789730906486511,0.03355817496776581,2.0
835,0.0,0.0,0.0,0.0,1.0,0.0,0.0006901707383804023,0.0004269517958164215,0.00018525912309996784,0.0007535897893831134,0.0016080645145848393,0.00020290511019993573,4.0
836,1.0,1.0,1.0,1.0,1.0,0.0,0.9977443218231201,0.9999798536300659,0.9226781725883484,0.9891054034233093,0.9965394735336304,0.1845274418592453,0.0
837,1.0,1.0,0.0,0.0,1.0,0.0,0.9986100196838379,0.9825161695480347,0.0002976643154397607,0.0005094009102322161,0.9032175540924072,0.0001226656895596534,3.0
838,1.0,1.0,1.0,0.0,1.0,0.0,0.9969722032546997,0.999485969543457,0.9973061084747314,0.9781396985054016,0.522586464881897,0.5146853923797607,1.0
839,1.0,1.0,1.0,1.0,1.0,1.0,0.9994238615036011,0.9999721050262451,0.9969272017478943,0.9888513684272766,0.7247220873832703,0.8868570327758789,1.0
840,1.0,1.0,1.0,1.0,1.0,1.0,0.9968647360801697,0.9998956918716431,0.9979265928268433,0.9973772764205933,0.9985917210578918,0.5448164939880371,4.0
841,1.0,1.0,0.0,0.0,1.0,0.0,0.9998536109924316,0.9986717700958252,0.0009821801213547587,0.0019656610675156116,0.8473803400993347,0.4782494306564331,0.0
842,0.0,1.0,1.0,1.0,0.0,1.0,0.605211079120636,0.9988817572593689,0.9989312291145325,0.997593104839325,0.4351292550563812,0.9992684721946716,1.0
843,1.0,1.0,1.0,1.0,1.0,1.0,0.998724639415741,0.998794436454773,0.9903969764709473,0.9743239879608154,0.8209546208381653,0.7913327217102051,0.0
844,0.0,0.0,0.0,0.0,0.0,0.0,0.0030099970754235983,0.019147753715515137,0.0017166015459224582,0.0024046804755926132,0.44171372056007385,0.0004160627431701869,2.0
845,0.0,1.0,0.0,1.0,1.0,0.0,0.7166730761528015,0.9971805810928345,0.5787586569786072,0.9596114158630371,0.9892248511314392,0.17099693417549133,1.0
846,1.0,1.0,1.0,1.0,1.0,0.0,0.9983763694763184,0.9999326467514038,0.9791218638420105,0.9930148124694824,0.8084320425987244,0.4346042573451996,1.0
847,1.0,1.0,1.0,1.0,1.0,1.0,0.9995643496513367,0.9998377561569214,0.5279988050460815,0.9893071055412292,0.9986427426338196,0.305935800075531,2.0
848,0.0,0.0,0.0,0.0,0.0,0.0,0.0009230473660863936,0.01457765232771635,0.00015186422388069332,0.07367458939552307,0.19406020641326904,5.542287544813007e-05,3.0
849,1.0,1.0,1.0,1.0,1.0,1.0,0.9998781681060791,0.9995627999305725,0.9877932667732239,0.9982247948646545,0.9916281700134277,0.09366799890995026,2.0
850,0.0,0.0,0.0,0.0,0.0,0.0,0.0005471972981467843,0.0019176771165803075,0.00020845411927439272,0.06141625717282295,0.19116607308387756,0.001422892790287733,3.0
851,1.0,1.0,0.0,0.0,1.0,0.0,0.9980834722518921,0.9995606541633606,0.8752965331077576,0.3357863426208496,0.5329773426055908,0.0231001079082489,3.0
852,0.0,1.0,1.0,1.0,0.0,1.0,0.07570293545722961,0.16503506898880005,0.1486746072769165,0.6429018974304199,0.05452347919344902,0.5800289511680603,2.0
853,0.0,0.0,0.0,0.0,0.0,0.0,0.00307649583555758,0.0013536736369132996,0.002444752724841237,0.0628015398979187,0.5593985319137573,0.014655030332505703,3.0
854,1.0,1.0,0.0,0.0,1.0,0.0,0.9983131885528564,0.9979571104049683,0.00038321377360261977,0.003645380726084113,0.880808413028717,0.04113730043172836,4.0
855,1.0,1.0,1.0,1.0,1.0,0.0,0.9994041919708252,0.9996528625488281,0.8716868758201599,0.9022133350372314,0.9046474099159241,0.016076672822237015,0.0
856,1.0,1.0,1.0,1.0,1.0,0.0,0.9999459981918335,0.9998654127120972,0.9996044039726257,0.9994515776634216,0.9776991605758667,0.28335100412368774,4.0
857,1.0,1.0,1.0,1.0,1.0,1.0,0.9996682405471802,0.9996762275695801,0.9971367120742798,0.999099612236023,0.9882931113243103,0.9023553133010864,1.0
858,0.0,1.0,1.0,1.0,1.0,0.0,0.47112908959388733,0.999872088432312,0.9968679547309875,0.9981451034545898,0.9978405237197876,0.8284290432929993,2.0
859,1.0,1.0,1.0,1.0,1.0,0.0,0.9987525939941406,0.9999619722366333,0.9955692887306213,0.9983904361724854,0.999749481678009,0.08770919591188431,1.0
860,0.0,0.0,0.0,0.0,0.0,0.0,0.0008146107429638505,0.0002628250513225794,0.00018487127090338618,0.0004251216014381498,0.026995046064257622,0.0004736115806736052,4.0
861,1.0,0.0,0.0,0.0,0.0,0.0,0.9941808581352234,0.5569827556610107,0.001618659938685596,0.002745233243331313,0.5114938616752625,0.0029434128664433956,1.0
862,0.0,0.0,0.0,0.0,0.0,0.0,0.02773549221456051,0.007600095123052597,0.0010215829825028777,0.038640812039375305,0.012321705929934978,0.002474578795954585,2.0
863,0.0,0.0,0.0,0.0,0.0,0.0,0.0035830081906169653,0.0018586728256195784,0.023259539157152176,0.038100045174360275,0.017228594049811363,0.01887841895222664,4.0
864,1.0,1.0,1.0,0.0,0.0,0.0,0.8663837313652039,0.9571683406829834,0.8443360924720764,0.8324132561683655,0.42444685101509094,0.735919713973999,0.0
865,0.0,0.0,0.0,0.0,0.0,0.0,0.15133048593997955,0.47422435879707336,0.00026813391014002264,0.32350027561187744,0.3986411392688751,0.08462870121002197,0.0
866,1.0,1.0,1.0,1.0,1.0,0.0,0.9998992681503296,0.9999006986618042,0.9832658767700195,0.9825420379638672,0.8686162233352661,0.23988857865333557,3.0
867,0.0,0.0,0.0,0.0,0.0,0.0,0.000368488603271544,0.0008460914832539856,0.001248122425749898,0.04721758887171745,0.012834843248128891,0.0009320444078184664,1.0
868,0.0,0.0,0.0,0.0,0.0,0.0,0.005317077971994877,0.0003268337750341743,0.0007773704710416496,0.029301486909389496,0.03140538930892944,0.0025834229309111834,3.0
869,1.0,0.0,0.0,0.0,0.0,0.0,0.9697209596633911,0.18398186564445496,8.250927203334868e-05,0.009979532100260258,0.5230238437652588,0.0002974900999106467,2.0
870,0.0,0.0,0.0,0.0,0.0,0.0,0.0007019295589998364,0.0003593152214307338,0.004531115293502808,0.003625171724706888,0.008822673000395298,0.0022274621296674013,4.0
871,1.0,1.0,1.0,1.0,1.0,0.0,0.9913938641548157,0.9999216794967651,0.599636435508728,0.9319774508476257,0.9987549781799316,0.27283161878585815,4.0
872,1.0,1.0,1.0,1.0,1.0,1.0,0.049817051738500595,0.6120631098747253,0.963803768157959,0.9594237208366394,0.9619032144546509,0.543506920337677,3.0
873,0.0,0.0,0.0,0.0,0.0,0.0,0.000881678017321974,6.637853221036494e-05,0.00024340779054909945,0.0007852576090954244,0.006506941746920347,0.00046184792881831527,1.0
874,1.0,1.0,1.0,1.0,0.0,0.0,0.9989427924156189,0.9998884201049805,0.9758738875389099,0.9986429810523987,0.804165244102478,0.15231990814208984,0.0
875,1.0,1.0,1.0,1.0,1.0,1.0,0.9988345503807068,0.9997442364692688,0.9980092644691467,0.9998366832733154,0.9937312006950378,0.9610338807106018,3.0
876,1.0,1.0,0.0,0.0,1.0,0.0,0.8359282612800598,0.9871177077293396,0.9689216613769531,0.708358645439148,0.7597780823707581,0.7304046750068665,3.0
877,1.0,1.0,1.0,1.0,1.0,1.0,0.9994634985923767,0.9999003410339355,0.3966326415538788,0.2609204351902008,0.9920485615730286,0.02531864121556282,4.0
878,1.0,1.0,0.0,0.0,1.0,0.0,0.9961548447608948,0.995153546333313,0.00010349307558499277,0.005598771385848522,0.887936532497406,0.0007428114768117666,4.0
879,0.0,0.0,1.0,0.0,0.0,0.0,0.005134147591888905,0.019820813089609146,0.9933284521102905,0.2635449171066284,0.10278797149658203,0.6505678296089172,1.0
880,0.0,0.0,0.0,0.0,0.0,0.0,0.0011002409737557173,0.0005035856156609952,0.0004854565195273608,0.0019993388559669256,0.011214450933039188,0.0006977856392040849,4.0
881,0.0,0.0,0.0,0.0,0.0,0.0,0.002638911595568061,0.0024998863227665424,0.0009192059515044093,0.002047693356871605,0.005748392548412085,0.0071553937159478664,2.0
882,1.0,0.0,0.0,1.0,1.0,1.0,0.981525182723999,0.8656299114227295,0.0014592668740078807,0.20777994394302368,0.9040220975875854,0.9846791625022888,3.0
883,0.0,0.0,0.0,0.0,0.0,0.0,0.00030235416488721967,0.00044700593571178615,0.0005837728967890143,0.06330293416976929,0.030713561922311783,0.0013986489502713084,4.0
884,1.0,1.0,1.0,0.0,1.0,0.0,0.9997817873954773,0.999804675579071,0.12546826899051666,0.1308051198720932,0.854932963848114,0.15824639797210693,3.0
885,0.0,1.0,0.0,1.0,1.0,0.0,0.9628986120223999,0.9132238626480103,0.0006244571995921433,0.0021375329233705997,0.1152358278632164,0.0011668313527479768,3.0
886,0.0,0.0,0.0,0.0,1.0,0.0,0.0031399240251630545,0.001914442516863346,0.003162781475111842,0.0021478913258761168,0.0359373576939106,0.0007298687123693526,0.0
887,0.0,0.0,1.0,0.0,0.0,0.0,0.04666707292199135,0.8384281992912292,0.5001999735832214,0.7790539264678955,0.10225129872560501,0.24978792667388916,0.0
888,0.0,0.0,0.0,0.0,0.0,0.0,0.001628188299946487,0.004318350460380316,0.00018346626893617213,0.0010394477285444736,0.009425006806850433,0.0006238177302293479,1.0
889,0.0,0.0,0.0,0.0,0.0,0.0,0.001602889271453023,0.00770584587007761,0.0011608165223151445,0.016551554203033447,0.007061715237796307,0.00042311428114771843,1.0
890,0.0,0.0,0.0,0.0,0.0,0.0,0.004669823683798313,0.002308831550180912,0.001178474398329854,0.000889408984221518,0.05778167024254799,0.0015687018167227507,3.0
891,0.0,0.0,0.0,0.0,0.0,0.0,0.006865617819130421,0.09574757516384125,0.0005178069695830345,0.006815599277615547,0.0089347492903471,0.003355378983542323,4.0
892,1.0,1.0,1.0,1.0,1.0,0.0,0.9999358654022217,0.9998088479042053,0.20108483731746674,0.33066269755363464,0.7282703518867493,0.014321379363536835,1.0
893,1.0,1.0,0.0,0.0,1.0,0.0,0.998871386051178,0.9999758005142212,0.9231126308441162,0.9681639075279236,0.9995038509368896,0.010121048428118229,2.0
894,0.0,0.0,0.0,0.0,0.0,0.0,0.0002065281878458336,0.00010219328396487981,0.00026828324189409614,0.00035100700915791094,0.005438472609966993,0.0001290506770601496,3.0
895,1.0,1.0,0.0,0.0,1.0,0.0,0.9985246062278748,0.9993245601654053,0.00464619928970933,0.1963207870721817,0.9936483502388,0.004926931578665972,3.0
896,0.0,1.0,0.0,1.0,1.0,0.0,0.00330546242184937,0.7828240394592285,0.29025545716285706,0.8457303047180176,0.9539400339126587,0.0007340689771808684,4.0
897,0.0,0.0,1.0,0.0,0.0,1.0,0.022722959518432617,0.1295481026172638,0.9888657927513123,0.5375552773475647,0.6648170351982117,0.9752023816108704,4.0
898,1.0,1.0,0.0,0.0,1.0,0.0,0.9997391104698181,0.9974331259727478,0.0001293192181037739,0.00029230857035145164,0.6420803666114807,0.0007155542843975127,0.0
899,1.0,1.0,0.0,0.0,1.0,0.0,0.9996147155761719,0.9998542070388794,0.0020629260689020157,0.0016996742924675345,0.9956087470054626,0.0013348496286198497,0.0
900,0.0,0.0,0.0,0.0,0.0,0.0,0.002259667729958892,0.004854143131524324,0.00021478880080394447,0.0026019734796136618,0.014105706475675106,0.0001466274552512914,1.0
901,0.0,0.0,0.0,0.0,0.0,0.0,0.10494525730609894,0.5783137679100037,5.9883819631068036e-05,0.034380439668893814,0.41467154026031494,0.4685679078102112,1.0
902,1.0,1.0,0.0,0.0,0.0,0.0,0.9999452829360962,0.9998714923858643,0.21736641228199005,0.2821199595928192,0.7623029947280884,0.023259982466697693,3.0
903,1.0,1.0,0.0,1.0,1.0,1.0,0.9801892042160034,0.9985499978065491,0.8749856948852539,0.9939530491828918,0.996316134929657,0.7709446549415588,1.0
904,1.0,1.0,1.0,1.0,1.0,1.0,0.9841067790985107,0.9997766613960266,0.99750816822052,0.9999145269393921,0.9963162541389465,0.9989921450614929,1.0
905,0.0,1.0,1.0,1.0,0.0,1.0,0.345858097076416,0.7740930318832397,0.9989593029022217,0.9965676069259644,0.05294013395905495,0.9928251504898071,1.0
906,1.0,1.0,1.0,1.0,1.0,0.0,0.9992896318435669,0.9988879561424255,0.9836363196372986,0.995692789554596,0.9921457171440125,0.8653282523155212,0.0
907,1.0,1.0,1.0,1.0,1.0,1.0,0.9941855072975159,0.9991430044174194,0.9990923404693604,0.996356725692749,0.86910080909729,0.9962449669837952,1.0
908,1.0,1.0,1.0,0.0,0.0,0.0,0.9927771091461182,0.9729902148246765,0.9639049172401428,0.9365754723548889,0.1350594013929367,0.13227079808712006,3.0
909,1.0,1.0,0.0,0.0,1.0,0.0,0.9999303817749023,0.9998722076416016,0.024388009682297707,0.5260103344917297,0.8273484706878662,0.037691373378038406,2.0
910,1.0,1.0,1.0,1.0,1.0,1.0,0.9990548491477966,0.9998517036437988,0.990182101726532,0.9967076778411865,0.9988596439361572,0.9772025942802429,0.0
911,1.0,1.0,0.0,0.0,1.0,0.0,0.01879085972905159,0.9988378882408142,0.9880661964416504,0.999068558216095,0.9387916922569275,0.941885769367218,3.0
912,0.0,0.0,0.0,0.0,0.0,0.0,0.048265133053064346,0.8052538633346558,0.16057254374027252,0.07274698466062546,0.12467510998249054,0.0010732010705396533,3.0
913,0.0,1.0,1.0,1.0,0.0,0.0,0.9663212895393372,0.9929024577140808,0.6614312529563904,0.5422730445861816,0.1844252645969391,0.014778852462768555,4.0
914,0.0,0.0,0.0,0.0,0.0,0.0,0.0002010896714637056,0.00026024895487353206,0.00020459058578126132,0.01001676730811596,0.05552462488412857,0.000568771327380091,2.0
915,1.0,1.0,1.0,1.0,1.0,1.0,0.9385716319084167,0.997541069984436,0.9044811129570007,0.7487292289733887,0.941018283367157,0.9199672341346741,0.0
916,1.0,1.0,1.0,1.0,1.0,1.0,0.7102957963943481,0.999352753162384,0.99788898229599,0.9989650249481201,0.7927977442741394,0.9377954006195068,2.0
917,1.0,1.0,1.0,1.0,1.0,1.0,0.3692754805088043,0.9991801381111145,0.9994390606880188,0.9999775886535645,0.999531626701355,0.7714096903800964,1.0
918,0.0,0.0,0.0,0.0,0.0,0.0,0.0022392161190509796,0.0051419055089354515,0.16976413130760193,0.00404436094686389,0.006848310120403767,0.0010626302100718021,2.0
919,1.0,1.0,0.0,0.0,1.0,0.0,0.9996434450149536,0.9979683756828308,9.501994645688683e-05,0.0007525309338234365,0.3805747926235199,0.0005684396019205451,3.0
920,0.0,0.0,0.0,0.0,0.0,0.0,0.0009780052350834012,0.008288297802209854,0.00298459199257195,0.07401052117347717,0.06020452827215195,0.0016147432615980506,3.0
921,1.0,1.0,1.0,0.0,1.0,0.0,0.9994900226593018,0.9999713897705078,0.8548039197921753,0.8305884003639221,0.8856993317604065,0.19075307250022888,0.0
922,1.0,1.0,0.0,0.0,1.0,0.0,0.9983130693435669,0.9560157656669617,0.0012922498863190413,0.0023242479655891657,0.29478323459625244,0.0004320600419305265,1.0
923,1.0,1.0,1.0,0.0,0.0,0.0,0.9998581409454346,0.9999231100082397,0.9858808517456055,0.9749121069908142,0.8782985210418701,0.081110380589962,1.0
924,0.0,1.0,1.0,1.0,1.0,0.0,0.9995964169502258,0.9998449087142944,0.9745447039604187,0.9765831232070923,0.99755859375,0.5009873509407043,3.0
925,1.0,1.0,0.0,0.0,0.0,0.0,0.9982863068580627,0.9978154897689819,0.3529893457889557,0.3627598285675049,0.6510015726089478,0.18133044242858887,2.0
926,0.0,0.0,0.0,0.0,0.0,0.0,0.9170287847518921,0.17543227970600128,0.0004207554447930306,0.01197740063071251,0.8247746229171753,0.0024564422201365232,2.0
927,0.0,0.0,0.0,0.0,0.0,0.0,0.00038983774720691144,0.002690521301701665,0.0005355637986212969,0.0011547760805115104,0.0021674558520317078,0.00042956395191140473,3.0
928,1.0,1.0,1.0,1.0,1.0,0.0,0.9999070167541504,0.9973512887954712,0.914781928062439,0.9139914512634277,0.9234417080879211,0.7815243005752563,4.0
929,0.0,0.0,0.0,0.0,0.0,0.0,0.0003079218149650842,0.001308239996433258,0.00016993688768707216,0.013356756418943405,0.04595081880688667,0.004348216112703085,4.0
930,0.0,0.0,1.0,0.0,0.0,0.0,0.005486453417688608,0.0306205116212368,0.48986855149269104,0.1434875726699829,0.03950824961066246,0.031553715467453,2.0
931,0.0,0.0,0.0,0.0,0.0,0.0,0.007293481379747391,0.05281347036361694,0.047577835619449615,0.24978524446487427,0.2965618669986725,0.05652294307947159,0.0
932,1.0,1.0,1.0,1.0,1.0,1.0,0.9992076754570007,0.9993507266044617,0.9979504942893982,0.9969018697738647,0.9803772568702698,0.7247979640960693,0.0
933,1.0,1.0,0.0,0.0,1.0,1.0,0.8473213315010071,0.9938873648643494,0.0008050964679569006,0.34717339277267456,0.9510303735733032,0.3895731270313263,3.0
934,1.0,1.0,0.0,0.0,1.0,0.0,0.9994487166404724,0.9999072551727295,0.0008356829057447612,0.0032285721972584724,0.39172303676605225,0.00023392026196233928,3.0
935,1.0,0.0,0.0,0.0,1.0,1.0,0.05568118765950203,0.20143133401870728,0.668956995010376,0.763026773929596,0.36328449845314026,0.7399176955223083,3.0
936,0.0,0.0,1.0,0.0,0.0,1.0,0.8033528923988342,0.03163865953683853,0.2533000111579895,0.9234983325004578,0.12664766609668732,0.8167396783828735,2.0
937,1.0,1.0,1.0,1.0,1.0,0.0,0.9986967444419861,0.999981164932251,0.9982122182846069,0.9486621618270874,0.9958406090736389,0.32260850071907043,1.0
938,1.0,1.0,1.0,1.0,1.0,1.0,0.7777141332626343,0.9957669973373413,0.9995089769363403,0.9980219602584839,0.9312368631362915,0.9926195740699768,1.0
939,0.0,0.0,0.0,0.0,0.0,0.0,0.002524265553802252,0.0038958960212767124,0.00011469306627986953,0.01979452557861805,0.007895584218204021,0.001057857763953507,1.0
940,1.0,1.0,1.0,1.0,1.0,1.0,0.9996335506439209,0.999839186668396,0.9683749675750732,0.9944149255752563,0.9804514050483704,0.5823202133178711,0.0
941,0.0,0.0,0.0,0.0,0.0,0.0,0.0024013367947191,0.0002404321130597964,9.579573088558391e-05,0.003981851972639561,0.007605632301419973,0.0018662384245544672,2.0
942,1.0,1.0,1.0,1.0,1.0,1.0,0.9915480017662048,0.9956209063529968,0.9890117645263672,0.4611366093158722,0.8886407613754272,0.8373568058013916,1.0
943,1.0,1.0,0.0,1.0,1.0,0.0,0.9877343773841858,0.9497561454772949,0.00011039504897780716,0.052228789776563644,0.9274695515632629,0.9183362722396851,1.0
944,1.0,1.0,1.0,1.0,1.0,1.0,0.9971530437469482,0.999665379524231,0.9951836466789246,0.8021511435508728,0.9880177974700928,0.1596890389919281,2.0
945,1.0,1.0,1.0,1.0,1.0,1.0,0.998777449131012,0.9999028444290161,0.9912625551223755,0.9794249534606934,0.6615980267524719,0.42059147357940674,3.0
946,0.0,0.0,0.0,0.0,0.0,0.0,0.0008588130003772676,0.002041330561041832,0.004656623583287001,0.01258230023086071,0.012179345823824406,0.0016327152261510491,1.0
947,0.0,0.0,0.0,0.0,0.0,0.0,0.019606394693255424,0.0010901219211518764,0.004786105360835791,0.005063139367848635,0.024933557957410812,0.0017374701565131545,3.0
948,1.0,1.0,1.0,1.0,1.0,1.0,0.9787963628768921,0.9964309930801392,0.9981593489646912,0.9979197382926941,0.7837752103805542,0.9928882718086243,0.0
949,1.0,1.0,1.0,1.0,1.0,1.0,0.48920321464538574,0.8186631798744202,0.9901874661445618,0.903657078742981,0.878049373626709,0.9539392590522766,0.0
950,1.0,1.0,0.0,0.0,0.0,0.0,0.9999387264251709,0.9995096921920776,0.17980404198169708,0.02386469580233097,0.2943040728569031,0.004430693108588457,0.0
951,0.0,0.0,0.0,0.0,0.0,0.0,0.0012722143437713385,0.02011968195438385,0.00014930898032616824,0.006715027149766684,0.008828404359519482,0.0002771438448689878,4.0
952,1.0,1.0,0.0,0.0,0.0,0.0,0.9990143775939941,0.9817686080932617,0.0004122418467886746,0.0032273386605083942,0.8614466190338135,0.0006927397334948182,0.0
953,1.0,1.0,0.0,0.0,1.0,0.0,0.9711794257164001,0.7094849348068237,0.00019512507424224168,0.03425365313887596,0.46125736832618713,0.0006471842061728239,3.0
954,0.0,0.0,0.0,0.0,0.0,0.0,0.015544530935585499,0.020814569666981697,0.0003776577359531075,0.0009314815397374332,0.056071821600198746,0.021295106038451195,4.0
955,0.0,0.0,0.0,0.0,0.0,0.0,0.003771115094423294,0.026112038642168045,0.010078486055135727,0.011311646550893784,0.184762641787529,0.42440715432167053,4.0
956,0.0,0.0,0.0,0.0,0.0,0.0,0.0033072191290557384,0.026112038642168045,0.014147158712148666,0.010384814813733101,0.1222231388092041,0.013478245586156845,4.0
957,0.0,1.0,1.0,1.0,0.0,1.0,0.07898653298616409,0.9745914936065674,0.9812923669815063,0.9375715255737305,0.13043177127838135,0.7741304039955139,4.0
958,1.0,1.0,0.0,0.0,1.0,0.0,0.999107301235199,0.9960773587226868,0.034807104617357254,0.09227870404720306,0.9184793829917908,0.0378299206495285,3.0
959,0.0,0.0,0.0,0.0,0.0,0.0,0.00042178534204140306,0.03836634382605553,0.00043917589937336743,0.003166752867400646,0.03449775278568268,0.00015554361743852496,3.0
960,1.0,1.0,1.0,1.0,1.0,1.0,0.9989891648292542,0.9997549653053284,0.9371898174285889,0.9886797070503235,0.8539747595787048,0.09559445828199387,4.0
961,0.0,1.0,1.0,1.0,0.0,1.0,0.15785260498523712,0.7384049296379089,0.9879327416419983,0.98232102394104,0.15496262907981873,0.8740207552909851,3.0
962,0.0,0.0,0.0,0.0,0.0,0.0,0.0009672822197899222,0.0005631200619973242,0.0010655797086656094,0.055157002061605453,0.03985793888568878,0.0007204482681117952,2.0
963,1.0,1.0,1.0,1.0,1.0,1.0,0.9973236322402954,0.998347282409668,0.9588062167167664,0.9648079872131348,0.9388061761856079,0.3716338872909546,0.0
964,1.0,1.0,0.0,0.0,1.0,0.0,0.9955424666404724,0.9993993043899536,0.2054259479045868,0.01211340632289648,0.22428569197654724,0.0071190050803124905,1.0
965,1.0,1.0,0.0,1.0,1.0,0.0,0.9982189536094666,0.9993417859077454,0.7349592447280884,0.5876011848449707,0.7259795665740967,0.01657170057296753,2.0
966,1.0,1.0,0.0,0.0,1.0,0.0,0.9998557567596436,0.9993496537208557,8.979425911093131e-05,0.01319904439151287,0.2954450845718384,0.00013947811385151,2.0
967,0.0,0.0,0.0,0.0,0.0,0.0,0.0038727743085473776,0.002189893973991275,0.000232744961977005,0.002310751238837838,0.01305566169321537,0.00015687491395510733,3.0
968,1.0,1.0,1.0,1.0,1.0,1.0,0.9998816251754761,0.9999707937240601,0.6155821084976196,0.8954265117645264,0.7843238115310669,0.2452063411474228,0.0
969,1.0,0.0,0.0,0.0,0.0,0.0,0.9000173211097717,0.6778038144111633,0.0017363125225529075,0.004174531903117895,0.2048196792602539,3.089822348556481e-05,3.0
970,1.0,1.0,1.0,0.0,1.0,0.0,0.9999486207962036,0.9999417066574097,0.10674622654914856,0.10824806988239288,0.8528214693069458,0.01086366642266512,3.0
971,1.0,1.0,1.0,1.0,1.0,1.0,0.0008023970876820385,0.982394278049469,0.9961628913879395,0.9941850304603577,0.22031466662883759,0.7741284966468811,3.0
972,1.0,1.0,1.0,1.0,1.0,1.0,0.9999173879623413,0.9995889067649841,0.9992774128913879,0.9672747254371643,0.9770460724830627,0.9637047052383423,4.0
973,1.0,1.0,1.0,1.0,1.0,0.0,0.9983494281768799,0.9999452829360962,0.99118971824646,0.9898844957351685,0.9529423117637634,0.6343026161193848,1.0
974,0.0,0.0,0.0,0.0,0.0,0.0,0.0004281775909475982,0.005177224520593882,0.0007486737449653447,0.025536246597766876,0.009382138960063457,0.00047978496877476573,2.0
975,0.0,0.0,0.0,0.0,0.0,0.0,0.0031978427432477474,0.024145709350705147,6.163167563499883e-05,0.005982870236039162,0.2765939235687256,0.0017151011852547526,4.0
976,1.0,1.0,0.0,0.0,1.0,0.0,0.9999853372573853,0.9998630285263062,0.9871347546577454,0.4745873212814331,0.9279415011405945,0.5999612808227539,2.0
977,1.0,1.0,0.0,0.0,1.0,0.0,0.926437258720398,0.9998730421066284,0.5605728030204773,0.9463586211204529,0.9476039409637451,0.0013594875345006585,3.0
978,0.0,0.0,0.0,0.0,0.0,0.0,0.0012627996038645506,0.004142486955970526,0.00017304379434790462,0.002705823862925172,0.006751691922545433,0.0002077717217616737,2.0
979,0.0,0.0,0.0,0.0,0.0,0.0,0.00010746745829237625,0.001131013734266162,0.0012290534796193242,0.005170533899217844,0.0866163969039917,0.0058018662966787815,2.0
980,1.0,1.0,0.0,0.0,1.0,0.0,0.9996628761291504,0.9994290471076965,0.0001422890491085127,0.0017907599685713649,0.8375086188316345,0.0007770878728479147,3.0
981,1.0,1.0,0.0,1.0,1.0,0.0,0.9988442659378052,0.9998418092727661,0.9737389087677002,0.9604367017745972,0.9927377104759216,0.8186160922050476,4.0
982,1.0,1.0,1.0,1.0,1.0,1.0,0.9898244738578796,0.9998384714126587,0.9999260902404785,0.9996117949485779,0.9997226595878601,0.9964229464530945,1.0
983,1.0,1.0,0.0,1.0,1.0,1.0,0.9866127967834473,0.9997881054878235,0.9989420771598816,0.9997255206108093,0.991051435470581,0.9981772899627686,1.0
984,1.0,1.0,1.0,1.0,1.0,1.0,0.9998986721038818,0.9999514818191528,0.9572557210922241,0.7180197238922119,0.5535928606987,0.9832256436347961,0.0
985,1.0,1.0,1.0,0.0,0.0,0.0,0.9984172582626343,0.9999328851699829,0.7094460725784302,0.9968452453613281,0.9625754356384277,0.03729526326060295,1.0
986,0.0,0.0,0.0,0.0,0.0,0.0,0.001952155726030469,0.00019768578931689262,0.0005361171788536012,0.004505577031522989,0.19320900738239288,0.0015500313602387905,2.0
987,0.0,0.0,0.0,0.0,0.0,0.0,0.0006836049724370241,0.0006354089127853513,8.407168206758797e-05,0.00024063783348537982,0.0029820092022418976,0.00020110596960876137,0.0
988,1.0,1.0,1.0,1.0,1.0,0.0,0.9942516088485718,0.9999656677246094,0.8815534710884094,0.986354649066925,0.9904584884643555,0.24465370178222656,2.0
989,1.0,1.0,0.0,0.0,1.0,1.0,0.9969738721847534,0.9947994947433472,0.0007924315286800265,0.18724678456783295,0.9828112125396729,0.9387484192848206,1.0
990,1.0,1.0,1.0,1.0,1.0,0.0,0.9975476861000061,0.9999703168869019,0.8488948941230774,0.8938382863998413,0.9992621541023254,0.05318373814225197,2.0
991,1.0,1.0,0.0,0.0,1.0,0.0,0.998161256313324,0.9995877146720886,0.0006051913951523602,0.0003185597015544772,0.13781298696994781,0.0009276270866394043,3.0
992,1.0,0.0,0.0,0.0,1.0,1.0,0.8234266638755798,0.7346935868263245,0.00010449066030560061,0.10866757482290268,0.8845916390419006,0.33638206124305725,3.0
993,1.0,1.0,0.0,0.0,1.0,0.0,0.9996871948242188,0.8284217715263367,0.00019764619355555624,0.0015872493386268616,0.15667738020420074,0.00025089693372137845,0.0
994,1.0,1.0,1.0,1.0,1.0,1.0,0.999311089515686,0.9999505281448364,0.9489014744758606,0.9813459515571594,0.8363417387008667,0.29398292303085327,2.0
995,1.0,1.0,1.0,1.0,1.0,0.0,0.9999572038650513,0.9999663829803467,0.9966663718223572,0.9997164607048035,0.997433602809906,0.905340313911438,4.0
996,0.0,1.0,1.0,1.0,0.0,1.0,0.7287689447402954,0.7758828401565552,0.9993956089019775,0.9974615573883057,0.19763179123401642,0.9606911540031433,3.0
997,1.0,1.0,1.0,1.0,1.0,1.0,0.9998672008514404,0.9999890327453613,0.981580913066864,0.991872251033783,0.9629019498825073,0.93705153465271,1.0
998,1.0,1.0,1.0,1.0,0.0,1.0,0.11896264553070068,0.9189906120300293,0.9949594736099243,0.9410472512245178,0.18885307013988495,0.9554745554924011,0.0
999,1.0,1.0,0.0,0.0,0.0,0.0,0.5298072695732117,0.9968340992927551,0.0002549274358898401,0.0019378444412723184,0.20200705528259277,0.0010932825971394777,1.0
1000,1.0,1.0,0.0,0.0,0.0,0.0,0.9991704225540161,0.9959564805030823,0.00048051998601295054,0.006196469068527222,0.5662786364555359,0.010095960460603237,0.0
1001,1.0,1.0,1.0,1.0,1.0,1.0,0.9993501305580139,0.9999579191207886,0.9908566474914551,0.9991508722305298,0.9990344047546387,0.6867373585700989,1.0
1002,1.0,1.0,1.0,0.0,1.0,0.0,0.9996577501296997,0.999473512172699,0.10619103908538818,0.7252696752548218,0.25042295455932617,0.03496209904551506,3.0
1003,1.0,1.0,1.0,1.0,1.0,1.0,0.8992511630058289,0.9849345684051514,0.9985906481742859,0.9645480513572693,0.3622203469276428,0.950307309627533,3.0
1004,1.0,1.0,1.0,1.0,1.0,0.0,0.9984045624732971,0.9999481439590454,0.9995104074478149,0.9984177350997925,0.9985093474388123,0.7332786321640015,1.0
1005,1.0,1.0,0.0,0.0,1.0,0.0,0.9997442364692688,0.9985218644142151,0.09041965007781982,0.005118284374475479,0.7830719947814941,0.0038382678758352995,1.0
1006,1.0,1.0,0.0,0.0,1.0,0.0,0.8498743176460266,0.7097669839859009,0.0009184363880194724,0.03241649270057678,0.3647865355014801,0.17011983692646027,2.0
1007,1.0,1.0,1.0,0.0,1.0,1.0,0.9998263716697693,0.9996557235717773,0.9696258902549744,0.9310416579246521,0.8487369418144226,0.08112383633852005,1.0
1008,1.0,1.0,1.0,1.0,1.0,0.0,0.9999533891677856,0.9999321699142456,0.990288496017456,0.3506820499897003,0.6168040633201599,0.09856908023357391,3.0
1009,1.0,1.0,1.0,1.0,1.0,0.0,0.999756395816803,0.9967858791351318,0.12569931149482727,0.9470677375793457,0.9871218800544739,0.021292628720402718,0.0
1010,1.0,1.0,0.0,0.0,0.0,0.0,0.9998420476913452,0.9995704293251038,0.0005140801658853889,0.0004304430040065199,0.5427277684211731,0.00011541551066329703,2.0
1011,1.0,1.0,0.0,0.0,1.0,0.0,0.9993162155151367,0.9997573494911194,0.09513823688030243,0.008514768444001675,0.8569028973579407,0.0033670635893940926,3.0
1012,0.0,1.0,1.0,0.0,0.0,1.0,0.04640424624085426,0.5987110733985901,0.42911553382873535,0.9786072969436646,0.5171730518341064,0.4268849194049835,4.0
1013,0.0,0.0,0.0,0.0,0.0,0.0,0.0006327975424937904,0.00026109174359589815,0.0022691867779940367,0.012707462534308434,0.14084281027317047,0.0006809196202084422,2.0
1014,1.0,1.0,1.0,1.0,1.0,1.0,0.9999523162841797,0.999916672706604,0.9585785269737244,0.9992632269859314,0.9958109855651855,0.2804949879646301,4.0
1015,1.0,1.0,0.0,0.0,1.0,1.0,0.9414622187614441,0.9052819609642029,0.005082618910819292,0.7520622611045837,0.9797582626342773,0.4191983640193939,3.0
1016,1.0,1.0,1.0,1.0,1.0,1.0,0.9698090553283691,0.9988946318626404,0.9995299577713013,0.9826149940490723,0.9894775748252869,0.9964588284492493,4.0
1017,1.0,1.0,1.0,1.0,1.0,0.0,0.9998134970664978,0.9999618530273438,0.9903567433357239,0.9977128505706787,0.9968640804290771,0.0012088133953511715,4.0
1018,0.0,1.0,1.0,1.0,0.0,1.0,0.3292176127433777,0.9893938302993774,0.9993977546691895,0.9991227984428406,0.3968132436275482,0.9944013953208923,1.0
1019,1.0,1.0,0.0,0.0,0.0,0.0,0.9998929500579834,0.99958735704422,0.004324897658079863,0.3111594617366791,0.8101062178611755,0.006977493409067392,3.0
1020,1.0,1.0,1.0,1.0,1.0,1.0,0.9976990818977356,0.9990112781524658,0.9994340538978577,0.9916132688522339,0.8346982598304749,0.819904625415802,4.0
1021,1.0,1.0,0.0,0.0,0.0,0.0,0.9998544454574585,0.9967111349105835,0.00046029468649066985,0.0044773337431252,0.8355537056922913,0.0015322056133300066,4.0
1022,1.0,1.0,1.0,1.0,1.0,0.0,0.9998918771743774,0.9999871253967285,0.9309099912643433,0.9945737719535828,0.9796442985534668,0.12743531167507172,2.0
1023,1.0,1.0,0.0,0.0,1.0,0.0,0.7060555219650269,0.01833285577595234,0.0001963643589988351,0.007168674375861883,0.24255859851837158,0.0006412144284695387,2.0
1024,1.0,1.0,0.0,0.0,1.0,0.0,0.9983242154121399,0.9959153532981873,0.0009467856143601239,0.002506040036678314,0.40188583731651306,0.0007840168545953929,3.0
1025,1.0,1.0,1.0,1.0,1.0,1.0,0.9954181909561157,0.9999442100524902,0.9855884909629822,0.9542802572250366,0.568562924861908,0.7418773174285889,4.0
1026,0.0,0.0,0.0,0.0,0.0,0.0,0.0009982349583879113,0.07026039808988571,0.00042572140228003263,0.007030565291643143,0.013432804495096207,0.0008384797256439924,0.0
1027,1.0,1.0,0.0,0.0,1.0,0.0,0.9950833320617676,0.9946182370185852,0.0005947862518951297,0.0004614666395355016,0.45844539999961853,0.0011589918285608292,1.0
1028,0.0,0.0,0.0,0.0,0.0,0.0,0.3689078390598297,0.023781107738614082,0.014517974108457565,0.03736562281847,0.3720979690551758,0.07778188586235046,4.0
1029,1.0,1.0,0.0,0.0,0.0,0.0,0.9989891648292542,0.9996230602264404,0.007292517926543951,0.017316462472081184,0.36342841386795044,0.039523229002952576,2.0
1030,0.0,0.0,0.0,0.0,0.0,0.0,0.0007170470780692995,0.00023363430227618665,0.0007627102313563228,0.00563405454158783,0.008517316542565823,0.013545005582273006,0.0
1031,0.0,1.0,1.0,1.0,0.0,1.0,0.17814208567142487,0.4939974248409271,0.9962446093559265,0.9246709942817688,0.03291787579655647,0.891212522983551,3.0
1032,1.0,1.0,1.0,1.0,0.0,1.0,0.7617601156234741,0.9626567363739014,0.9983622431755066,0.9274904727935791,0.05380517989397049,0.9497641921043396,3.0
1033,0.0,0.0,0.0,0.0,0.0,0.0,0.001356846303679049,0.0015888679772615433,0.00026179265114478767,0.01212046667933464,0.011523646302521229,0.0013593877665698528,0.0
1034,0.0,0.0,0.0,0.0,0.0,0.0,0.001725630834698677,0.00223038368858397,0.00013383412442635745,0.003264314029365778,0.015076152980327606,0.0007627276936545968,1.0
1035,1.0,1.0,1.0,1.0,1.0,0.0,0.9999121427536011,0.9999182224273682,0.6659152507781982,0.8640213012695312,0.928909957408905,0.4744463562965393,3.0
1036,1.0,0.0,0.0,0.0,0.0,0.0,0.9996310472488403,0.9776945114135742,0.005301638040691614,0.005941474810242653,0.3438100516796112,0.06310273706912994,1.0
1037,1.0,0.0,0.0,0.0,0.0,0.0,0.9996943473815918,0.9992197751998901,0.9402408599853516,0.6299076676368713,0.45125195384025574,0.5244054794311523,1.0
1038,1.0,1.0,0.0,0.0,1.0,0.0,0.9997085928916931,0.8750895857810974,0.04220544919371605,0.02311943657696247,0.3093656301498413,0.0029725118074566126,4.0
1039,1.0,1.0,0.0,0.0,0.0,0.0,0.99793940782547,0.9991573095321655,0.002662318991497159,0.02472919598221779,0.211015984416008,0.05135108530521393,3.0
1040,1.0,1.0,1.0,1.0,1.0,0.0,0.9993647933006287,0.9996843338012695,0.28207874298095703,0.9321808815002441,0.995756208896637,0.8296888470649719,0.0
1041,0.0,0.0,0.0,0.0,0.0,0.0,0.0017624265747144818,0.002946582855656743,0.00013083478552289307,0.0008997429977171123,0.0041763996705412865,0.004973717499524355,2.0
1042,1.0,1.0,1.0,1.0,0.0,0.0,0.9997072815895081,0.9999487400054932,0.9838271141052246,0.9953610301017761,0.8323826789855957,0.8301866054534912,3.0
1043,0.0,0.0,0.0,0.0,0.0,0.0,0.0006459738942794502,0.0013105071848258376,0.00032640155404806137,0.004519948735833168,0.09279315173625946,0.0003704095433931798,2.0
1044,1.0,1.0,1.0,1.0,1.0,0.0,0.9999679327011108,0.999984860420227,0.9436282515525818,0.8259025812149048,0.5538415908813477,0.3067305088043213,4.0
1045,0.0,0.0,0.0,0.0,0.0,0.0,0.0006765701109543443,0.00021507180645130575,0.0004072016745340079,0.001388742821291089,0.010211107321083546,0.0014637601561844349,4.0
1046,1.0,1.0,1.0,0.0,0.0,0.0,0.9999384880065918,0.9999765157699585,0.890072762966156,0.38128358125686646,0.6026186347007751,0.024671273306012154,2.0
1047,1.0,1.0,0.0,0.0,1.0,0.0,0.9998750686645508,0.9999271631240845,0.0027447177562862635,0.10043994337320328,0.8912391066551208,0.05817411094903946,0.0
1048,1.0,1.0,0.0,0.0,0.0,0.0,0.9999228715896606,0.9996275901794434,0.6204538345336914,0.8508255481719971,0.36204972863197327,0.09773856401443481,3.0
1049,0.0,1.0,1.0,1.0,0.0,1.0,0.9786331057548523,0.8121297359466553,0.9913486838340759,0.16750173270702362,0.1700468212366104,0.9517092704772949,0.0
1050,1.0,1.0,1.0,1.0,1.0,0.0,0.7447535991668701,0.9718466401100159,0.9975180625915527,0.9815706610679626,0.7859859466552734,0.5975343585014343,0.0
1051,0.0,0.0,0.0,0.0,0.0,0.0,0.0004286202893126756,0.0013276777463033795,0.001998106250539422,0.007977123372256756,0.12373007088899612,0.004231617320328951,4.0
1052,1.0,1.0,1.0,0.0,0.0,1.0,0.999401330947876,0.999854564666748,0.9988086223602295,0.9903852939605713,0.8709978461265564,0.6607908010482788,1.0
1053,1.0,1.0,1.0,1.0,1.0,0.0,0.9539040923118591,0.9998304843902588,0.8877730965614319,0.9828557372093201,0.9889013767242432,0.024876341223716736,1.0
1054,0.0,0.0,0.0,0.0,0.0,0.0,0.0002882772823795676,6.358000973705202e-05,0.0008349629351869226,0.004739442840218544,0.01170564629137516,0.0005592270172201097,0.0
1055,0.0,0.0,0.0,0.0,0.0,0.0,0.0021934874821454287,0.0019771228544414043,9.449522622162476e-05,0.06045689433813095,0.3621838688850403,0.004732203669846058,2.0
1056,0.0,0.0,0.0,0.0,0.0,0.0,0.4768458902835846,0.005941092036664486,0.0006764598656445742,0.0009542283951304853,0.11928622424602509,0.0011831591837108135,4.0
1057,0.0,0.0,0.0,0.0,0.0,0.0,0.00047689597704447806,0.0001966251729754731,0.00010286947508575395,0.020053952932357788,0.020827095955610275,0.008478466421365738,0.0
1058,1.0,1.0,1.0,1.0,1.0,1.0,0.8144935369491577,0.9969345331192017,0.9982806444168091,0.9937829375267029,0.9964332580566406,0.9777517914772034,2.0
1059,1.0,1.0,1.0,1.0,1.0,1.0,0.998914361000061,0.9917090535163879,0.5974939465522766,0.5573770999908447,0.3881429135799408,0.40382370352745056,4.0
1060,1.0,1.0,0.0,0.0,1.0,0.0,0.999164342880249,0.9998425245285034,0.00015395606169477105,0.0018786622676998377,0.9112927317619324,0.42884501814842224,4.0
1061,1.0,1.0,1.0,1.0,1.0,0.0,0.9999010562896729,0.9997162222862244,0.9728590846061707,0.4465985894203186,0.9230365753173828,0.10709714889526367,2.0
1062,1.0,1.0,0.0,0.0,1.0,0.0,0.8163992762565613,0.9997729659080505,0.2658819258213043,0.12058696150779724,0.9783231019973755,0.0015267956769093871,3.0
1063,0.0,0.0,0.0,0.0,0.0,0.0,0.0001984792179428041,0.0017251092940568924,0.0002812001039274037,0.0002212407998740673,0.003212348325178027,0.00018267308769281954,2.0
1064,1.0,1.0,0.0,0.0,0.0,0.0,0.9990378618240356,0.9521497488021851,0.0002441501710563898,0.00022949074627831578,0.0704769417643547,9.096845315070823e-05,4.0
1065,0.0,1.0,1.0,1.0,1.0,0.0,0.0006335120415315032,0.42845892906188965,0.6989203691482544,0.657281219959259,0.6959230303764343,0.0002912920026574284,3.0
1066,1.0,1.0,0.0,0.0,1.0,0.0,0.9999567270278931,0.9995020627975464,0.010969981551170349,0.0027731219306588173,0.38531187176704407,0.0008413818432018161,3.0
1067,1.0,1.0,0.0,0.0,1.0,0.0,0.9995025396347046,0.998996913433075,0.0001604486460564658,0.0001498789933975786,0.7351404428482056,0.00018545494822319597,3.0
1068,0.0,0.0,0.0,0.0,0.0,0.0,0.0013189059682190418,0.0057076201774179935,0.013322803191840649,0.014480914920568466,0.025049282237887383,0.0007342743338085711,3.0
1069,1.0,1.0,0.0,1.0,1.0,0.0,0.9998358488082886,0.9999145269393921,0.72646564245224,0.7862956523895264,0.999491810798645,0.02334534376859665,3.0
1070,1.0,1.0,0.0,1.0,1.0,0.0,0.9999663829803467,0.9998879432678223,0.7852211594581604,0.3811131417751312,0.5785377621650696,0.24075143039226532,3.0
1071,0.0,0.0,0.0,0.0,0.0,0.0,0.0012313302140682936,0.005109049379825592,0.0006750198663212359,0.016457758843898773,0.01792740821838379,0.0010894524166360497,4.0
1072,0.0,0.0,0.0,0.0,0.0,0.0,0.01854277215898037,0.00043492557597346604,0.0012766198487952352,0.0004897621111012995,0.17046745121479034,0.00043805435416288674,3.0
1073,1.0,1.0,1.0,1.0,1.0,1.0,0.9993377327919006,0.9998825788497925,0.9991322159767151,0.9994255304336548,0.9802000522613525,0.9981234669685364,1.0
1074,1.0,1.0,1.0,1.0,1.0,1.0,0.9996022582054138,0.9998593330383301,0.97012859582901,0.9967545866966248,0.9988640546798706,0.8183032274246216,0.0
1075,0.0,0.0,0.0,0.0,0.0,0.0,0.0017693856498226523,0.005986512638628483,0.006284864153712988,0.03595985099673271,0.06718621402978897,0.02342657558619976,2.0
1076,0.0,0.0,0.0,0.0,0.0,0.0,0.0006094487034715712,0.00031239743111655116,0.0003111840633209795,0.014967831782996655,0.03794670104980469,0.0010120493825525045,4.0
1077,0.0,0.0,0.0,0.0,0.0,0.0,0.016550708562135696,0.01873679645359516,0.008692159317433834,0.0033388882875442505,0.13097943365573883,0.0076811425387859344,3.0
1078,0.0,0.0,0.0,0.0,0.0,0.0,0.0009463518508709967,0.005943747702986002,0.01977897249162197,0.0002708422252908349,0.056353192776441574,0.1619872897863388,0.0
1079,1.0,1.0,0.0,0.0,1.0,0.0,0.9691048264503479,0.9999750852584839,0.571252167224884,0.678731381893158,0.9935678839683533,0.0011847425485029817,1.0
1080,0.0,0.0,0.0,0.0,0.0,0.0,0.003231880720704794,0.005141103640198708,0.005363339092582464,0.09005129337310791,0.43732377886772156,0.00536049110814929,3.0
1081,1.0,1.0,0.0,0.0,1.0,0.0,0.999853253364563,0.9995272159576416,0.051651664078235626,0.4484020173549652,0.8623026013374329,0.005860049743205309,3.0
1082,1.0,1.0,1.0,1.0,1.0,1.0,0.9995136260986328,0.9999734163284302,0.9908964037895203,0.9992897510528564,0.9987537860870361,0.977745532989502,4.0
1083,1.0,1.0,1.0,1.0,1.0,1.0,0.9888402819633484,0.9994813799858093,0.8951855301856995,0.9874200224876404,0.9997246861457825,0.35441213846206665,0.0
1084,1.0,1.0,1.0,1.0,1.0,1.0,0.9994940757751465,0.9989373087882996,0.9929187893867493,0.9975893497467041,0.9887768626213074,0.8781843781471252,0.0
1085,0.0,0.0,0.0,0.0,0.0,0.0,0.030282678082585335,0.004644104745239019,0.0009611090063117445,0.015446843579411507,0.3820468485355377,0.016808634623885155,0.0
1086,1.0,1.0,1.0,1.0,0.0,1.0,0.9942161440849304,0.9998681545257568,0.998636782169342,0.9990264177322388,0.9821178317070007,0.5906040668487549,4.0
1087,1.0,1.0,1.0,1.0,1.0,1.0,0.9997803568840027,0.999883770942688,0.9808084964752197,0.9956343770027161,0.9942975640296936,0.46521061658859253,2.0
1088,0.0,0.0,0.0,0.0,0.0,0.0,0.0015581421321257949,0.00019237289961893111,0.0005707123782485723,0.014486121945083141,0.06540808081626892,0.004116273485124111,2.0
1089,1.0,1.0,0.0,0.0,1.0,0.0,0.9966145157814026,0.9996742010116577,0.01198609359562397,0.0020781930070370436,0.9544847011566162,0.002378572942689061,1.0
1090,1.0,1.0,0.0,1.0,1.0,0.0,0.9929371476173401,0.9529348015785217,0.00021849545009899884,0.4412436783313751,0.9952664375305176,0.2939789593219757,0.0
1091,1.0,1.0,1.0,1.0,1.0,0.0,0.99394690990448,0.9999332427978516,0.8351941108703613,0.9681922197341919,0.9990148544311523,0.01845693029463291,1.0
1092,0.0,1.0,1.0,1.0,0.0,1.0,0.5495957732200623,0.9021696448326111,0.9994142055511475,0.9985024929046631,0.56577068567276,0.9982495903968811,3.0
1093,0.0,0.0,1.0,1.0,0.0,1.0,0.03802953660488129,0.9671778082847595,0.9994227886199951,0.9451199769973755,0.035616688430309296,0.8975278735160828,2.0
1094,1.0,1.0,0.0,0.0,0.0,0.0,0.9992634654045105,0.9961579442024231,0.017013851553201675,0.0041372692212462425,0.64561927318573,0.0036615768913179636,2.0
1095,1.0,1.0,1.0,1.0,1.0,0.0,0.9999784231185913,0.999984860420227,0.9532545804977417,0.9687736630439758,0.8736791610717773,0.3314795196056366,4.0
1096,0.0,1.0,1.0,1.0,0.0,0.0,0.004080131184309721,0.5107316374778748,0.9923008680343628,0.17212991416454315,0.015696007758378983,0.11316855251789093,2.0
1097,1.0,1.0,1.0,0.0,0.0,0.0,0.9999562501907349,0.9999470710754395,0.990288496017456,0.19824835658073425,0.6168040633201599,0.27116313576698303,3.0
1098,1.0,1.0,0.0,0.0,0.0,0.0,0.9999754428863525,0.9999918937683105,0.9967603087425232,0.8790215253829956,0.9801310300827026,0.5391212701797485,3.0
1099,1.0,1.0,1.0,1.0,1.0,0.0,0.9990239143371582,0.9999641180038452,0.9991734623908997,0.9965400695800781,0.9913961291313171,0.5704902410507202,3.0
1100,1.0,1.0,1.0,1.0,1.0,1.0,0.9891923069953918,0.9996950626373291,0.9984838366508484,0.9954670667648315,0.9485999941825867,0.9851898550987244,2.0
1101,1.0,1.0,1.0,1.0,1.0,1.0,0.7735167145729065,0.9993544220924377,0.998191773891449,0.9969108700752258,0.9951646327972412,0.9990832805633545,1.0
1102,1.0,1.0,1.0,1.0,1.0,0.0,0.00599565077573061,0.6914427876472473,0.8884154558181763,0.6819881796836853,0.7538305521011353,0.028598936274647713,2.0
1103,0.0,0.0,1.0,0.0,0.0,1.0,0.1548098474740982,0.8634059429168701,0.9583039879798889,0.319518119096756,0.12724150717258453,0.03756465017795563,0.0
1104,1.0,1.0,1.0,0.0,1.0,0.0,0.7632341980934143,0.6448088884353638,0.9932987689971924,0.1206279993057251,0.7972491979598999,0.031704552471637726,4.0
1105,0.0,0.0,0.0,1.0,0.0,0.0,0.05488019436597824,0.023273305967450142,0.14742250740528107,0.013606127351522446,0.06654208153486252,0.06763823330402374,1.0
1106,0.0,0.0,0.0,0.0,0.0,0.0,0.001644668634980917,0.11768609285354614,0.33474138379096985,0.1834787130355835,0.2206493467092514,0.13920645415782928,3.0
1107,1.0,1.0,0.0,0.0,1.0,0.0,0.9992183446884155,0.9907666444778442,0.01290670596063137,0.08475341647863388,0.9450957775115967,0.012914435006678104,1.0
1108,0.0,0.0,0.0,0.0,0.0,0.0,0.00016858988965395838,0.00041198451071977615,0.0003724061534740031,0.002727050334215164,0.011511843651533127,0.0001156438811449334,1.0
1109,1.0,1.0,1.0,1.0,1.0,1.0,0.1872309297323227,0.9996514320373535,0.9993348717689514,0.998788058757782,0.999625563621521,0.957683801651001,4.0
1110,1.0,1.0,1.0,1.0,0.0,1.0,0.9996578693389893,0.9992545247077942,0.9979954957962036,0.9963642954826355,0.7376313805580139,0.9581896066665649,2.0
1111,1.0,1.0,1.0,1.0,1.0,1.0,0.5549334287643433,0.9963977336883545,0.9882563948631287,0.9995831847190857,0.8549134135246277,0.9975131750106812,2.0
1112,1.0,0.0,0.0,0.0,0.0,0.0,0.9325030446052551,0.07882124930620193,0.002426235470920801,0.07050038874149323,0.9660806655883789,0.002453262684866786,0.0
1113,1.0,1.0,1.0,1.0,1.0,0.0,0.9999474287033081,0.9998977184295654,0.8541710376739502,0.6611172556877136,0.8545152544975281,0.01229809783399105,2.0
1114,1.0,1.0,1.0,1.0,1.0,1.0,0.9995396137237549,0.9999688863754272,0.9466586112976074,0.8950168490409851,0.6668661236763,0.053995683789253235,2.0
1115,0.0,0.0,1.0,0.0,0.0,0.0,0.01057420950382948,0.8042091131210327,0.7829720377922058,0.7464030981063843,0.019529297947883606,0.28673139214515686,3.0
1116,1.0,1.0,0.0,0.0,1.0,0.0,0.9999222755432129,0.9994364380836487,0.004521107766777277,0.0014600694412365556,0.80599445104599,0.0006020252476446331,1.0
1117,1.0,1.0,0.0,0.0,1.0,0.0,0.9998701810836792,0.9999648332595825,5.105680611450225e-05,0.00042827395373024046,0.8482034802436829,5.1249389798613265e-05,2.0
1118,0.0,0.0,0.0,0.0,0.0,0.0,0.00032526461291126907,0.0006280808593146503,0.001750908326357603,0.005758045706897974,0.00623319623991847,0.005965862888842821,1.0
1119,1.0,1.0,0.0,0.0,0.0,0.0,0.9944185018539429,0.9505999088287354,9.421011054655537e-05,0.00019237933156546205,0.24607868492603302,0.0004798096779268235,3.0
1120,0.0,0.0,0.0,0.0,0.0,0.0,0.00030725993565283716,0.0011711573461070657,0.0004178123490419239,0.0016042618080973625,0.07644019275903702,0.00047180111869238317,2.0
1121,0.0,0.0,0.0,0.0,0.0,0.0,0.0020119166001677513,0.005115286912769079,0.004025109577924013,0.0016157596837729216,0.013612541370093822,0.001185480272397399,0.0
1122,0.0,0.0,0.0,0.0,0.0,0.0,6.732245674356818e-05,0.0006007101037539542,0.0007703559822402894,0.0016132271848618984,0.002644795458763838,0.004411828238517046,4.0
1123,0.0,0.0,0.0,0.0,0.0,0.0,0.00039695287705399096,0.0020881411619484425,0.00033532807719893754,0.021610276773571968,0.023900585249066353,0.002562585286796093,4.0
1124,1.0,1.0,1.0,1.0,1.0,1.0,0.9999047517776489,0.9998552799224854,0.5933485627174377,0.13406068086624146,0.9043645858764648,0.008488332852721214,0.0
1125,0.0,0.0,1.0,0.0,0.0,0.0,0.0007726085605099797,0.0027309032157063484,0.8162038922309875,0.14747291803359985,0.09386259317398071,0.008045729249715805,1.0
1126,0.0,1.0,1.0,1.0,1.0,1.0,0.4346771240234375,0.9955995082855225,0.9964637160301208,0.9749603867530823,0.9677857160568237,0.9087471961975098,4.0
1127,1.0,1.0,0.0,1.0,1.0,0.0,0.9984042048454285,0.8712935447692871,0.7883244752883911,0.8752784132957458,0.9249885082244873,0.7325355410575867,3.0
1128,1.0,1.0,1.0,0.0,1.0,0.0,0.999893069267273,0.9998971223831177,0.9930034279823303,0.6592258214950562,0.833259105682373,0.1570967137813568,3.0
1129,1.0,1.0,0.0,1.0,1.0,0.0,0.998505711555481,0.9965783953666687,0.7716140747070312,0.7639697790145874,0.38356584310531616,0.0009600756457075477,4.0
1130,1.0,1.0,1.0,1.0,1.0,1.0,0.982852041721344,0.999832272529602,0.99753737449646,0.9947104454040527,0.9979131817817688,0.9835187196731567,4.0
1131,0.0,1.0,0.0,1.0,1.0,0.0,0.03583769500255585,0.2658858895301819,0.15297634899616241,0.3270704746246338,0.04484797641634941,0.10992582142353058,0.0
1132,1.0,1.0,1.0,1.0,1.0,0.0,0.9938732385635376,0.9999115467071533,0.8962399363517761,0.9961828589439392,0.9358075857162476,0.0010165461571887136,0.0
1133,0.0,0.0,0.0,0.0,0.0,0.0,0.0004935598117299378,0.0002514009829610586,0.0013031518319621682,0.0014292621053755283,0.0016588751459494233,0.0030186467338353395,2.0
1134,1.0,1.0,1.0,0.0,0.0,0.0,0.6894704699516296,0.8272114992141724,0.7894753217697144,0.7980331182479858,0.7480010986328125,0.8293161988258362,0.0
1135,0.0,0.0,0.0,0.0,0.0,0.0,0.00037444973713718355,4.467169856070541e-05,0.00013694413064513355,0.006782475393265486,0.007207139860838652,0.0010200594551861286,4.0
1136,1.0,1.0,0.0,0.0,1.0,0.0,0.9824963808059692,0.9995348453521729,8.040787361096591e-05,0.003278649877756834,0.8601712584495544,0.001271742396056652,4.0
1137,0.0,0.0,0.0,0.0,0.0,0.0,0.00029038861976005137,0.0020347374957054853,0.00016432876873295754,0.00153411366045475,0.012081880122423172,0.000400060584070161,3.0
1138,1.0,1.0,1.0,1.0,1.0,1.0,0.9883827567100525,0.9987202882766724,0.9960726499557495,0.9880083799362183,0.7228526473045349,0.535295844078064,0.0
1139,1.0,1.0,1.0,1.0,1.0,1.0,0.998611569404602,0.9999456405639648,0.9865003228187561,0.9659125804901123,0.8818579912185669,0.6953299641609192,3.0
1140,1.0,0.0,0.0,0.0,0.0,0.0,0.310122013092041,0.00945341121405363,0.009879523888230324,0.003669674973934889,0.07107905298471451,0.007574018556624651,2.0
1141,0.0,0.0,0.0,0.0,0.0,0.0,0.0005592243396677077,0.004934085998684168,0.0006646027904935181,0.009437345899641514,0.14476542174816132,0.00010298980487277731,3.0
1142,1.0,1.0,1.0,0.0,1.0,0.0,0.9998615980148315,0.9996159076690674,0.05501159280538559,0.11617526412010193,0.9428455233573914,0.204880952835083,2.0
1143,0.0,0.0,0.0,0.0,0.0,0.0,0.00021552751422859728,6.441480945795774e-05,0.00016611827595625073,0.00611067283898592,0.02661055326461792,0.0007921710493974388,4.0
1144,1.0,1.0,1.0,1.0,1.0,0.0,0.9968820810317993,0.9999815225601196,0.9934364557266235,0.9992873072624207,0.9969441294670105,0.49099165201187134,1.0
1145,1.0,1.0,1.0,1.0,1.0,1.0,0.9960026144981384,0.9988246560096741,0.998647153377533,0.9747967720031738,0.9727602601051331,0.8510043621063232,2.0
1146,1.0,1.0,0.0,0.0,0.0,0.0,0.999936580657959,0.9999586343765259,0.0014711286639794707,0.011246129870414734,0.6663703918457031,0.0003618792106863111,2.0
1147,1.0,0.0,0.0,0.0,0.0,0.0,0.3125278055667877,0.5043565630912781,0.0016729723429307342,0.028190767392516136,0.43632227182388306,0.004735719878226519,4.0
1148,1.0,1.0,1.0,1.0,1.0,0.0,0.9968158602714539,0.9999769926071167,0.9995346069335938,0.9990843534469604,0.9725522994995117,0.9642608165740967,3.0
1149,1.0,1.0,0.0,1.0,1.0,0.0,0.9753462672233582,0.9995934367179871,0.6640808582305908,0.9918898940086365,0.9769723415374756,0.0761464461684227,3.0
1150,1.0,0.0,0.0,0.0,0.0,0.0,0.8901394009590149,0.671916663646698,0.0014336979947984219,0.006830308120697737,0.4573517143726349,0.00035558961099013686,3.0
1151,1.0,1.0,1.0,1.0,1.0,0.0,0.9994431138038635,0.9999707937240601,0.9974133372306824,0.295089989900589,0.5939371585845947,0.06410931050777435,2.0
1152,0.0,0.0,0.0,0.0,0.0,0.0,0.0004026283568236977,0.00040853742393665016,0.0009894651593640447,0.011918019503355026,0.02216084860265255,0.003833949100226164,4.0
1153,1.0,1.0,1.0,1.0,1.0,1.0,0.9997791647911072,0.9999617338180542,0.938762903213501,0.9353190660476685,0.895751953125,0.9867357015609741,4.0
1154,0.0,0.0,0.0,0.0,0.0,0.0,0.0011482194531708956,0.0005626222118735313,0.03734680265188217,0.04156568646430969,0.002092141192406416,0.001753394608385861,4.0
1155,1.0,1.0,1.0,1.0,1.0,1.0,0.999294638633728,0.9995905756950378,0.9991687536239624,0.9998968839645386,0.9997920393943787,0.8378106951713562,0.0
1156,1.0,1.0,1.0,1.0,1.0,1.0,0.5029309988021851,0.9943150877952576,0.9994762539863586,0.953936755657196,0.9713063836097717,0.9980689883232117,1.0
1157,1.0,1.0,1.0,1.0,1.0,1.0,0.9978728294372559,0.9999551773071289,0.9941657781600952,0.9960736036300659,0.7987484335899353,0.9611579775810242,1.0
1158,0.0,0.0,0.0,0.0,0.0,0.0,0.0004727640771307051,0.001616158289834857,0.00021121326426509768,0.022225303575396538,0.02567363530397415,0.0009932516841217875,4.0
1159,1.0,1.0,1.0,1.0,1.0,0.0,0.9688892364501953,0.9753823280334473,0.5290037989616394,0.3384663462638855,0.9962228536605835,0.00786538328975439,2.0
1160,0.0,1.0,0.0,0.0,1.0,0.0,0.050504498183727264,0.6995949745178223,0.15750546753406525,0.530022919178009,0.9911882877349854,0.008574724197387695,2.0
1161,0.0,0.0,0.0,0.0,0.0,0.0,0.0013053759466856718,0.002672286471351981,0.00019529054407030344,0.0009024986648000777,0.016820726916193962,9.904717444442213e-05,1.0
1162,0.0,0.0,1.0,0.0,0.0,0.0,0.9243626594543457,0.8882485032081604,0.9971652626991272,0.9978172779083252,0.9706984162330627,0.2648153007030487,4.0
1163,0.0,1.0,1.0,1.0,0.0,1.0,0.28183987736701965,0.9969807267189026,0.9994038343429565,0.9994875192642212,0.9305496215820312,0.9673221707344055,3.0
1164,1.0,1.0,1.0,1.0,0.0,0.0,0.028305934742093086,0.6978576183319092,0.985218346118927,0.798275887966156,0.28929170966148376,0.10673234611749649,0.0
1165,0.0,0.0,0.0,0.0,0.0,0.0,0.0012739015510305762,0.0007107617566362023,0.0011165400501340628,0.0022398715373128653,0.006754794158041477,0.0019134506583213806,1.0
1166,0.0,0.0,0.0,0.0,0.0,0.0,0.00020904367556795478,0.006713726557791233,0.1067017987370491,0.01986466906964779,0.029556311666965485,0.05957594886422157,3.0
1167,0.0,0.0,0.0,0.0,0.0,0.0,0.003573591122403741,0.0023654880933463573,0.0001667437027208507,0.005759036634117365,0.01943173259496689,0.0003203651576768607,3.0
1168,0.0,0.0,0.0,0.0,0.0,0.0,0.040806353092193604,0.007912331260740757,0.051504191011190414,0.013625609688460827,0.010765040293335915,0.007560077589005232,1.0
1169,0.0,0.0,0.0,0.0,0.0,0.0,0.033479224890470505,0.07838832587003708,0.28162509202957153,0.22470033168792725,0.08067071437835693,0.016294382512569427,0.0
1170,0.0,0.0,0.0,0.0,0.0,0.0,0.057152800261974335,0.034225817769765854,0.007637564558535814,0.0010084223467856646,0.010880306363105774,0.002615336561575532,3.0
1171,1.0,1.0,1.0,1.0,1.0,1.0,0.999729335308075,0.9997079968452454,0.9957725405693054,0.9976426959037781,0.99399334192276,0.9782592058181763,4.0
1172,1.0,1.0,1.0,1.0,1.0,1.0,0.9998886585235596,0.999920129776001,0.9895955920219421,0.9986230134963989,0.997310996055603,0.9597482085227966,2.0
1173,0.0,0.0,0.0,0.0,0.0,0.0,0.0006466302438639104,0.0008738321484997869,0.00010501717770239338,0.00030191257246769965,0.002269159769639373,0.00022335289395414293,1.0
1174,1.0,1.0,0.0,0.0,0.0,0.0,0.9844820499420166,0.9693314433097839,0.0005437377840280533,0.004066049586981535,0.40832462906837463,0.0016287488397210836,2.0
1175,1.0,1.0,1.0,0.0,1.0,0.0,0.999711811542511,0.9998995065689087,0.9952423572540283,0.9057924151420593,0.9833094477653503,0.1920604407787323,1.0
1176,1.0,1.0,1.0,1.0,1.0,1.0,0.24968533217906952,0.9697263240814209,0.9997978806495667,0.9953017234802246,0.08897176384925842,0.997747004032135,2.0
1177,0.0,1.0,1.0,1.0,1.0,1.0,0.01932791993021965,0.33420708775520325,0.9819170832633972,0.8622938990592957,0.9951985478401184,0.8949318528175354,2.0
1178,1.0,1.0,1.0,1.0,1.0,1.0,0.9985656142234802,0.9999141693115234,0.9735866785049438,0.9906094074249268,0.9885956645011902,0.993796706199646,0.0
1179,1.0,1.0,1.0,1.0,1.0,0.0,0.9997754693031311,0.9998537302017212,0.9993501305580139,0.9981536269187927,0.9892673492431641,0.5289395451545715,1.0
1180,1.0,1.0,1.0,1.0,1.0,1.0,0.9325165152549744,0.7823442220687866,0.9980660080909729,0.9179793000221252,0.3797096014022827,0.9690754413604736,4.0
1181,1.0,1.0,1.0,1.0,1.0,0.0,0.9873892068862915,0.9996433258056641,0.9890781044960022,0.9975228905677795,0.9858825206756592,0.16449998319149017,0.0
1182,1.0,1.0,1.0,1.0,0.0,1.0,0.7406597137451172,0.9565620422363281,0.9988880753517151,0.6921266317367554,0.716817319393158,0.9648937582969666,0.0
1183,1.0,1.0,1.0,1.0,0.0,1.0,0.9989919066429138,0.9993622899055481,0.9882888793945312,0.9993725419044495,0.9702972769737244,0.9872446656227112,4.0
1184,1.0,1.0,1.0,1.0,1.0,0.0,0.9998754262924194,0.9998156428337097,0.9843756556510925,0.9781047701835632,0.9891844987869263,0.722413182258606,4.0
1185,1.0,1.0,0.0,1.0,1.0,0.0,0.9676794409751892,0.9998300075531006,0.47392013669013977,0.6015409827232361,0.9688366055488586,0.001225533545948565,2.0
1186,0.0,0.0,0.0,0.0,1.0,0.0,0.0003073847619816661,0.00012658943887799978,6.607337127206847e-05,0.0007924141827970743,0.0027710157446563244,0.0006608894909732044,4.0
1187,1.0,1.0,1.0,1.0,1.0,0.0,0.999152660369873,0.9999412298202515,0.9923301339149475,0.9965215921401978,0.9969340562820435,0.9196345806121826,0.0
1188,0.0,0.0,0.0,0.0,0.0,0.0,0.0012982268817722797,0.0004022942157462239,5.302029239828698e-05,0.0005155171966180205,0.015531293116509914,0.0011475097853690386,0.0
1189,1.0,1.0,1.0,1.0,1.0,1.0,0.9921810626983643,0.9998648166656494,0.9974601864814758,0.9976449608802795,0.9879733324050903,0.9702825546264648,0.0
1190,0.0,0.0,0.0,0.0,0.0,0.0,0.0006970303365960717,0.001825406914576888,0.00014431063027586788,0.0013766911579295993,0.059357427060604095,0.0008211405365727842,0.0
1191,1.0,1.0,1.0,1.0,1.0,0.0,0.9999643564224243,0.9999680519104004,0.9840870499610901,0.9757776260375977,0.9470809102058411,0.6116040349006653,0.0
1192,0.0,0.0,0.0,0.0,0.0,0.0,0.00016448975657112896,0.0001880620839074254,0.00032283575274050236,0.0016996226040646434,0.024097565561532974,0.00038591973134316504,1.0
1193,0.0,0.0,0.0,0.0,0.0,0.0,0.0016185296699404716,0.0014378093183040619,0.00046439209836535156,0.013707149773836136,0.0040783025324344635,0.00447402149438858,2.0
1194,1.0,1.0,0.0,1.0,0.0,1.0,0.9999126195907593,0.9999892711639404,0.9516684412956238,0.9463226199150085,0.6655418276786804,0.5024797320365906,4.0
1195,1.0,1.0,1.0,1.0,1.0,1.0,0.9784826636314392,0.9917325973510742,0.9883671402931213,0.47538986802101135,0.6364181637763977,0.10821833461523056,3.0
1196,0.0,0.0,0.0,0.0,0.0,0.0,0.44731616973876953,0.6363856196403503,0.02562893182039261,0.007439719513058662,0.05065402016043663,0.005533182993531227,1.0
1197,1.0,1.0,0.0,0.0,1.0,0.0,0.8387869596481323,0.619438886642456,0.0011627349304035306,0.009608771651983261,0.10626619309186935,0.008560284972190857,1.0
1198,0.0,1.0,1.0,1.0,0.0,1.0,0.0026918845251202583,0.9904443621635437,0.991531252861023,0.9778127670288086,0.9038147926330566,0.9970735311508179,2.0
1199,0.0,0.0,0.0,0.0,0.0,0.0,0.0008755407179705799,0.0006449426291510463,0.00029809371335431933,0.0023338021710515022,0.026646364480257034,0.0012832736829295754,3.0
1200,1.0,1.0,1.0,1.0,1.0,0.0,0.9992527365684509,0.9981185793876648,0.9662367105484009,0.9743958711624146,0.9566439390182495,0.4192518889904022,0.0
1201,1.0,1.0,0.0,0.0,0.0,0.0,0.9993535876274109,0.9954392313957214,9.609938570065424e-05,0.00041636565583758056,0.605430006980896,0.00013655750080943108,0.0
1202,1.0,1.0,1.0,1.0,1.0,1.0,0.9894126057624817,0.9989482760429382,0.5408061146736145,0.08348158746957779,0.6457521915435791,0.461629718542099,1.0
1203,0.0,0.0,0.0,0.0,0.0,0.0,0.0006742962286807597,0.00032469298457726836,0.00029217341216281056,0.0012062627356499434,0.002266308292746544,0.0007035448797978461,1.0
1204,0.0,1.0,0.0,0.0,0.0,0.0,0.9784913063049316,0.7526609301567078,0.0051741404458880424,0.007520212791860104,0.11721006035804749,0.0004440297489054501,0.0
1205,1.0,1.0,1.0,1.0,1.0,0.0,0.9997349381446838,0.9999018907546997,0.7048566937446594,0.28033941984176636,0.9380141496658325,0.0029690684750676155,3.0
1206,1.0,1.0,0.0,0.0,1.0,0.0,0.999691367149353,0.9900590777397156,0.2109750658273697,0.06455204635858536,0.18550190329551697,0.2353348284959793,1.0
1207,1.0,1.0,0.0,0.0,1.0,0.0,0.9988701939582825,0.9582703709602356,0.0018778856610879302,0.0018002884462475777,0.9559903740882874,0.0032050583977252245,4.0
1208,0.0,1.0,1.0,1.0,1.0,1.0,0.9845014214515686,0.9994195699691772,0.9995751976966858,0.977452278137207,0.9992384910583496,0.944611132144928,0.0
1209,0.0,0.0,0.0,0.0,0.0,0.0,0.0007242616266012192,0.005033985245972872,0.00031195132760331035,0.049020446836948395,0.04703307896852493,0.0010011609410867095,1.0
1210,1.0,1.0,1.0,1.0,1.0,0.0,0.9996649026870728,0.9998334646224976,0.9789775609970093,0.9625416398048401,0.993216335773468,0.3321768045425415,0.0
1211,1.0,1.0,0.0,0.0,0.0,0.0,0.9995543360710144,0.9980593323707581,0.00011174575774930418,0.002528304234147072,0.9021503329277039,6.641354411840439e-05,2.0
1212,0.0,0.0,0.0,0.0,0.0,0.0,0.00031266501173377037,0.0006513544940389693,0.0012852760264649987,0.0037603212986141443,0.0035376844462007284,0.0015621426282450557,3.0
1213,1.0,1.0,0.0,1.0,1.0,0.0,0.9989431500434875,0.999963641166687,0.905932605266571,0.968589723110199,0.9280691146850586,0.039701104164123535,3.0
1214,0.0,0.0,0.0,0.0,0.0,0.0,0.0002914150827564299,0.0004407772212289274,0.000381456280592829,0.009580632671713829,0.002931383205577731,0.0016971614677459002,1.0
1215,0.0,0.0,0.0,0.0,0.0,0.0,0.0006516379653476179,0.0022799887228757143,0.0008194353431463242,0.018831314519047737,0.09068839251995087,0.00280477455817163,4.0
1216,1.0,1.0,0.0,1.0,1.0,0.0,0.9954989552497864,0.9997990727424622,0.48677533864974976,0.19747266173362732,0.6916069388389587,0.30758848786354065,2.0
1217,1.0,1.0,1.0,0.0,1.0,0.0,0.999536395072937,0.9986760020256042,0.05377741530537605,0.15931066870689392,0.6410427093505859,0.007053988985717297,2.0
1218,0.0,0.0,0.0,0.0,0.0,0.0,0.0004165607679169625,0.0004315640253480524,0.00017420898075215518,0.007664438337087631,0.021486923098564148,0.0012116174912080169,4.0
1219,0.0,0.0,0.0,0.0,0.0,0.0,0.007235304452478886,0.02207197993993759,0.0004599488456733525,0.001095185405574739,0.013141359202563763,0.0008813936146907508,3.0
1220,1.0,1.0,1.0,1.0,1.0,0.0,0.9979673027992249,0.9990652203559875,0.9004968404769897,0.8681947588920593,0.9886317849159241,0.34398511052131653,2.0
1221,0.0,1.0,1.0,1.0,1.0,0.0,0.011332506313920021,0.7782044410705566,0.5663864612579346,0.9657915830612183,0.8402032852172852,0.0004583605332300067,1.0
1222,1.0,1.0,0.0,1.0,1.0,0.0,0.9779723882675171,0.9999383687973022,0.880756139755249,0.9991852641105652,0.9992701411247253,0.017404835671186447,1.0
1223,1.0,1.0,0.0,0.0,1.0,0.0,0.999576985836029,0.9977892637252808,0.5703011751174927,0.005704330280423164,0.5052822828292847,0.006132146343588829,1.0
1224,1.0,1.0,0.0,1.0,1.0,0.0,0.9963247179985046,0.9988719820976257,0.0017578654224053025,0.0010123897809535265,0.9333335757255554,0.5103412866592407,4.0
1225,1.0,1.0,0.0,0.0,0.0,0.0,0.1500629484653473,0.563613772392273,0.006385869812220335,0.3897605538368225,0.02501039393246174,0.016045792028307915,2.0
1226,0.0,1.0,1.0,1.0,1.0,1.0,0.05329766869544983,0.9952892065048218,0.9992491602897644,0.9961054921150208,0.06282884627580643,0.9620265364646912,3.0
1227,0.0,0.0,0.0,0.0,1.0,0.0,0.0006722384714521468,0.00030608897213824093,0.00020516235963441432,0.01218720804899931,0.024039950221776962,0.0001253852096851915,2.0
1228,1.0,1.0,1.0,1.0,1.0,1.0,0.9997056126594543,0.9999634027481079,0.9996032118797302,0.9998962879180908,0.9999779462814331,0.9011405110359192,1.0
1229,1.0,1.0,1.0,1.0,1.0,0.0,0.9998258948326111,0.9999536275863647,0.9906092882156372,0.9255353212356567,0.8224173784255981,0.3193941116333008,2.0
1230,0.0,0.0,0.0,0.0,0.0,0.0,0.0004825789656024426,0.00020635340479202569,9.519643936073408e-05,0.001523784827440977,0.00852853525429964,0.00029362383065745234,0.0
1231,1.0,1.0,0.0,0.0,1.0,0.0,0.9915971159934998,0.9999185800552368,0.8558397889137268,0.664959192276001,0.9270365238189697,0.2286650836467743,1.0
1232,1.0,1.0,1.0,1.0,1.0,0.0,0.999792754650116,0.9999781847000122,0.8064694404602051,0.9981228709220886,0.9895736575126648,0.12360788881778717,2.0
1233,1.0,1.0,1.0,1.0,1.0,1.0,0.9992627501487732,0.9999397993087769,0.9997280240058899,0.943648636341095,0.94932621717453,0.9569970369338989,3.0
1234,1.0,1.0,1.0,1.0,1.0,0.0,0.9994718432426453,0.9999243021011353,0.07375133037567139,0.5334494113922119,0.5925837159156799,0.3480999767780304,2.0
1235,1.0,1.0,1.0,1.0,1.0,1.0,0.9998757839202881,0.999995231628418,0.994888961315155,0.9984769225120544,0.9848352670669556,0.47667625546455383,1.0
1236,1.0,1.0,1.0,1.0,1.0,1.0,0.665780782699585,0.9995201826095581,0.9954881072044373,0.9994885921478271,0.33289578557014465,0.999206006526947,1.0
1237,1.0,1.0,1.0,1.0,1.0,1.0,0.7181718945503235,0.9976479411125183,0.9994276165962219,0.9805321097373962,0.5730586051940918,0.9873083233833313,1.0
1238,1.0,1.0,1.0,1.0,1.0,0.0,0.9994063377380371,0.9999650716781616,0.9709743857383728,0.9958755373954773,0.9756487011909485,0.895409882068634,4.0
1239,0.0,0.0,0.0,0.0,0.0,0.0,0.0006613110308535397,0.0005289909313432872,0.00026634809910319746,0.004126803018152714,0.015886280685663223,0.00037738942774012685,1.0
1240,1.0,1.0,0.0,0.0,0.0,0.0,0.999200165271759,0.9879382252693176,0.0005594122339971364,0.00026110789622180164,0.6193088889122009,0.00030231266282498837,0.0
1241,1.0,1.0,0.0,0.0,1.0,0.0,0.9991023540496826,0.9997479319572449,0.0002498808898963034,0.003937972709536552,0.449526309967041,0.0018874910892918706,4.0
1242,0.0,0.0,0.0,0.0,0.0,0.0,0.000403779762564227,0.001639021560549736,0.0007868018001317978,0.00434627803042531,0.3426966667175293,0.00046099157771095634,2.0
1243,1.0,1.0,1.0,1.0,1.0,1.0,0.9999573230743408,0.9999407529830933,0.9944994449615479,0.9932617545127869,0.9950233697891235,0.3335040211677551,3.0
1244,1.0,1.0,1.0,1.0,1.0,1.0,0.999929666519165,0.9999368190765381,0.9932708144187927,0.9995039701461792,0.9650982618331909,0.9648151993751526,3.0
1245,0.0,1.0,1.0,1.0,1.0,1.0,0.35999757051467896,0.9980422258377075,0.641533374786377,0.6368396282196045,0.9971265196800232,0.4396871328353882,3.0
1246,1.0,1.0,0.0,0.0,1.0,0.0,0.9997226595878601,0.996826708316803,0.014996458776295185,0.00025389506481587887,0.2383989840745926,0.0008750861743465066,0.0
1247,1.0,1.0,0.0,0.0,0.0,0.0,0.9997298121452332,0.995804488658905,0.0014289136743173003,0.014534657821059227,0.317802369594574,0.0029207768384367228,0.0
1248,0.0,0.0,0.0,1.0,0.0,1.0,0.8068892359733582,0.9488144516944885,0.8020774722099304,0.4700601100921631,0.1702287346124649,0.11101824790239334,4.0
1249,1.0,1.0,1.0,1.0,1.0,1.0,0.9987688660621643,0.9999459981918335,0.9979152083396912,0.9270390868186951,0.8998118042945862,0.6662646532058716,2.0
1250,1.0,1.0,0.0,0.0,0.0,0.0,0.9998654127120972,0.999737560749054,0.0005018607480451465,0.0011733253486454487,0.6600005030632019,0.0005254080169834197,4.0
1251,1.0,1.0,0.0,0.0,1.0,0.0,0.9995015859603882,0.9567292928695679,0.00031407392816618085,0.0027247117832303047,0.8736518621444702,0.0003568095271475613,3.0
1252,1.0,1.0,1.0,1.0,1.0,0.0,0.999372661113739,0.9998528957366943,0.9014379978179932,0.9703685641288757,0.9978109002113342,0.08171004056930542,3.0
1253,0.0,1.0,1.0,1.0,1.0,0.0,0.006915793754160404,0.11186128109693527,0.8735385537147522,0.9731561541557312,0.9695125222206116,0.005108537618070841,2.0
1254,1.0,1.0,0.0,0.0,0.0,0.0,0.9483834505081177,0.9999172687530518,0.9972079396247864,0.4878191351890564,0.8540451526641846,0.8053414225578308,4.0
1255,1.0,1.0,0.0,0.0,0.0,0.0,0.9998264908790588,0.9998393058776855,0.8935684561729431,0.6253591775894165,0.9949458241462708,0.025151370093226433,1.0
1256,1.0,1.0,0.0,0.0,0.0,0.0,0.9994810223579407,0.9981256127357483,0.18496796488761902,0.16164128482341766,0.9753619432449341,0.0732368752360344,4.0
1257,1.0,1.0,1.0,1.0,1.0,0.0,0.9999251365661621,0.9999507665634155,0.9636744856834412,0.9479172825813293,0.7686914205551147,0.30317988991737366,4.0
1258,0.0,0.0,0.0,0.0,0.0,0.0,0.040551137179136276,0.01512710377573967,0.010379621759057045,0.009173011407256126,0.08022484183311462,0.005637165158987045,0.0
1259,1.0,1.0,0.0,0.0,1.0,0.0,0.9998050332069397,0.9979052543640137,0.6293694972991943,0.7911269068717957,0.9449917078018188,0.07901507616043091,2.0
1260,0.0,0.0,0.0,0.0,0.0,0.0,0.07931485772132874,0.04423099383711815,0.0001836650917539373,0.004422556608915329,0.1858506202697754,0.007758802734315395,2.0
1261,1.0,1.0,1.0,1.0,1.0,0.0,0.9906250238418579,0.9948051571846008,0.2416115552186966,0.08565463125705719,0.1320532262325287,0.4654804766178131,2.0
1262,0.0,0.0,1.0,0.0,0.0,0.0,0.0027243606746196747,0.005788698326796293,0.6259075999259949,0.42199400067329407,0.005789496935904026,0.21371962130069733,2.0
1263,0.0,0.0,1.0,0.0,0.0,0.0,0.0005888413870707154,0.03648364916443825,0.03329285606741905,0.007268218323588371,0.012381159700453281,0.12198960036039352,1.0
1264,0.0,1.0,1.0,1.0,0.0,1.0,0.11630658805370331,0.9533982276916504,0.9966772794723511,0.9699459075927734,0.12556056678295135,0.9698989987373352,4.0
1265,1.0,1.0,1.0,1.0,0.0,0.0,0.9996849298477173,0.9995019435882568,0.3077751696109772,0.012677829712629318,0.3271847665309906,0.004576163832098246,0.0
1266,0.0,0.0,0.0,0.0,0.0,0.0,0.00041917950147762895,0.0166306234896183,0.0009256829507648945,0.030851200222969055,0.0274385754019022,0.0022059923503547907,4.0
1267,0.0,1.0,1.0,1.0,0.0,1.0,0.9585443735122681,0.9917860627174377,0.9975619316101074,0.9961547255516052,0.9537351727485657,0.7539743185043335,4.0
1268,1.0,1.0,1.0,1.0,1.0,0.0,0.999728262424469,0.9998561143875122,0.4896267056465149,0.3622432053089142,0.20641393959522247,0.014707613736391068,1.0
1269,0.0,0.0,0.0,0.0,0.0,0.0,0.002214532345533371,0.003494917182251811,0.0006344011053442955,0.02121945098042488,0.00806119479238987,0.006829350721091032,1.0
1270,1.0,1.0,1.0,1.0,1.0,0.0,0.9998373985290527,0.9999847412109375,0.8773055672645569,0.9960101842880249,0.9788163900375366,0.6219409108161926,2.0
1271,1.0,1.0,1.0,0.0,0.0,0.0,0.9997720122337341,0.9996389150619507,0.9010114073753357,0.7741599678993225,0.6712594032287598,0.03712264448404312,2.0
1272,0.0,0.0,0.0,0.0,0.0,0.0,0.0003288725856691599,9.136722655966878e-05,0.00044266131590120494,0.0008126995526254177,0.002512166043743491,0.00016032782150432467,3.0
1273,1.0,1.0,1.0,0.0,1.0,0.0,0.9994696974754333,0.9996720552444458,0.9744778275489807,0.7910374402999878,0.9185231924057007,0.06399103254079819,2.0
1274,0.0,0.0,0.0,0.0,1.0,0.0,0.15166926383972168,0.012454884126782417,0.0030929967761039734,0.0008101568673737347,0.15019403398036957,0.0023827608674764633,1.0
1275,1.0,1.0,1.0,1.0,1.0,1.0,0.9992077946662903,0.9989643096923828,0.8958790302276611,0.3501656651496887,0.6007137894630432,0.08356689661741257,4.0
1276,0.0,0.0,0.0,0.0,0.0,0.0,0.0002580386644694954,0.0006085899076424539,0.0009871916845440865,0.001565617392770946,0.0016308887861669064,0.0003851732471957803,3.0
1277,1.0,1.0,1.0,0.0,1.0,0.0,0.9980179071426392,0.9999545812606812,0.8820567727088928,0.6742258667945862,0.9362603425979614,0.005154258571565151,3.0
1278,1.0,1.0,1.0,1.0,1.0,1.0,0.9986825585365295,0.9999749660491943,0.7315946817398071,0.9239607453346252,0.9971940517425537,0.5137460827827454,2.0
1279,1.0,1.0,0.0,0.0,1.0,0.0,0.9955009818077087,0.9995334148406982,0.2521233558654785,0.005476637743413448,0.28774988651275635,0.0016227886080741882,3.0
1280,1.0,1.0,0.0,0.0,0.0,0.0,0.9992383718490601,0.9709423780441284,0.0006861563888378441,0.0007461036439053714,0.17257849872112274,0.00018218117475043982,0.0
1281,0.0,0.0,0.0,0.0,0.0,0.0,0.0009035367402248085,0.0017467045690864325,0.0007984053809195757,0.009553378447890282,0.006799930240958929,0.0003377243410795927,2.0
1282,1.0,1.0,1.0,1.0,1.0,1.0,0.9999641180038452,0.9999440908432007,0.9977588653564453,0.9990817308425903,0.981770932674408,0.9833890795707703,4.0
1283,1.0,1.0,1.0,1.0,1.0,1.0,0.9994127750396729,0.9997859597206116,0.9989564418792725,0.9999121427536011,0.9945676326751709,0.7374696135520935,3.0
1284,0.0,0.0,0.0,0.0,0.0,0.0,0.002529552672058344,0.0003308152954559773,0.0014779599150642753,0.010246324352920055,0.07478998601436615,0.0010909962002187967,1.0
1285,1.0,1.0,1.0,1.0,1.0,1.0,0.9999027252197266,0.9996283054351807,0.9943414926528931,0.3975502550601959,0.7157965898513794,0.6974459290504456,0.0
1286,0.0,0.0,0.0,0.0,0.0,0.0,0.00037907491787336767,0.00019791757222265005,0.0002568925265222788,0.012964075431227684,0.007172347512096167,0.0003871879307553172,2.0
1287,0.0,0.0,0.0,0.0,0.0,0.0,0.000283995148492977,0.00024193279386963695,0.0001126099523389712,0.0028644471894949675,0.004514811094850302,0.0001930472644744441,2.0
1288,0.0,0.0,0.0,0.0,0.0,0.0,0.0013604953419417143,0.00038239452987909317,0.0005207785870879889,0.0030167473014444113,0.06855975091457367,0.002627213252708316,0.0
1289,1.0,1.0,1.0,1.0,1.0,1.0,0.9707960486412048,0.9989853501319885,0.9950013756752014,0.9998480081558228,0.8910435438156128,0.9994879961013794,3.0
1290,1.0,1.0,1.0,1.0,1.0,1.0,0.9997891783714294,0.9999628067016602,0.9900729656219482,0.9998401403427124,0.9997425675392151,0.18547199666500092,0.0
1291,0.0,0.0,0.0,0.0,1.0,0.0,0.00042322016088292,6.61897865938954e-05,0.00014874455519020557,0.0023629767820239067,0.020949682220816612,0.0017221557209268212,4.0
1292,0.0,0.0,0.0,0.0,0.0,0.0,0.0015876361867412925,0.013251179829239845,0.0004923902451992035,0.008899645879864693,0.014357408508658409,0.0007352932007052004,3.0
1293,1.0,1.0,0.0,0.0,0.0,0.0,0.9994731545448303,0.999687910079956,0.0011527175083756447,0.024882057681679726,0.9654521346092224,0.302386611700058,1.0
1294,1.0,1.0,1.0,1.0,1.0,1.0,0.9999328851699829,0.9997370839118958,0.7836470603942871,0.8679054975509644,0.9684808254241943,0.402160108089447,4.0
1295,0.0,0.0,0.0,0.0,0.0,0.0,0.0007771112723276019,0.0009052769746631384,0.0007671458297409117,0.0031640641391277313,0.02857295796275139,0.0019988403655588627,3.0
1296,1.0,1.0,1.0,1.0,1.0,0.0,0.9999021291732788,0.9998692274093628,0.9325703382492065,0.9937001466751099,0.9682761430740356,0.1756952852010727,2.0
1297,1.0,1.0,1.0,1.0,1.0,1.0,0.9993964433670044,0.9997428059577942,0.9383478164672852,0.21950173377990723,0.3527490794658661,0.03321267291903496,4.0
1298,1.0,1.0,1.0,0.0,0.0,0.0,0.9997689127922058,0.9997114539146423,0.9974052309989929,0.986457884311676,0.7392222285270691,0.06350108981132507,0.0
1299,1.0,1.0,1.0,1.0,1.0,0.0,0.999762237071991,0.9999430179595947,0.6506524085998535,0.9299141764640808,0.9571148157119751,0.0825062096118927,2.0
1300,1.0,1.0,1.0,0.0,0.0,0.0,0.9984784722328186,0.9993321299552917,0.9389357566833496,0.3015649914741516,0.9573104381561279,0.07409943640232086,4.0
1301,0.0,0.0,0.0,0.0,0.0,0.0,0.0019665295258164406,0.001589071354828775,0.00014832406304776669,0.029954470694065094,0.7539759874343872,0.006536752916872501,0.0
1302,1.0,1.0,0.0,0.0,1.0,0.0,0.999504804611206,0.9967899918556213,0.0002097808464895934,0.005989396013319492,0.978706419467926,0.0019641912076622248,0.0
1303,0.0,0.0,0.0,0.0,0.0,0.0,0.00033673347206786275,0.00235513667576015,0.005460815504193306,0.0029066549614071846,0.012211848050355911,0.0022526702377945185,3.0
1304,0.0,0.0,0.0,0.0,0.0,0.0,0.0005088765756227076,0.003066211473196745,0.001339652924798429,0.011309061199426651,0.017431585118174553,0.0015900840517133474,1.0
1305,1.0,0.0,0.0,0.0,0.0,0.0,0.9971779584884644,0.09860691428184509,2.0325391233200207e-05,8.161818550433964e-05,0.5535920262336731,0.00011525746231200173,1.0
1306,0.0,0.0,0.0,0.0,0.0,0.0,0.0005478744278661907,0.0014806920662522316,8.56221085996367e-05,0.006886662915349007,0.23627719283103943,0.0003507383808027953,4.0
1307,1.0,1.0,1.0,1.0,1.0,1.0,0.1314280480146408,0.9950018525123596,0.9991550445556641,0.9987785220146179,0.9454379677772522,0.9762303829193115,1.0
1308,0.0,0.0,1.0,1.0,0.0,1.0,0.002070666989311576,0.09487131983041763,0.9988767504692078,0.39485427737236023,0.0336921326816082,0.9963058233261108,1.0
1309,1.0,1.0,0.0,1.0,1.0,0.0,0.9999291896820068,0.9998849630355835,0.5619032382965088,0.9880799651145935,0.9987480640411377,0.13397204875946045,0.0
1310,1.0,1.0,0.0,0.0,1.0,0.0,0.9802472591400146,0.9877632260322571,0.00021957787976134568,0.0005751911667175591,0.03306608274579048,0.0002829713630490005,0.0
1311,0.0,0.0,0.0,0.0,0.0,0.0,6.547800148837268e-05,0.0013107974082231522,0.0006934269913472235,0.001512414077296853,0.007201638538390398,0.000538031745236367,2.0
1312,1.0,1.0,1.0,1.0,1.0,1.0,0.9999725818634033,0.9999260902404785,0.9601765275001526,0.9875354170799255,0.9937906861305237,0.12250024080276489,0.0
1313,0.0,0.0,0.0,1.0,1.0,0.0,0.0003931372193619609,0.00035624142037704587,8.889661694411188e-05,0.0020363726653158665,0.006509864702820778,0.0013607330620288849,0.0
1314,1.0,1.0,1.0,1.0,1.0,0.0,0.9986341595649719,0.9999727010726929,0.9541943669319153,0.9978027939796448,0.9991486072540283,0.028221432119607925,3.0
1315,1.0,1.0,1.0,1.0,1.0,0.0,0.9991177916526794,0.9998500347137451,0.9917500615119934,0.9270802736282349,0.4852813184261322,0.7546196579933167,1.0
1316,1.0,1.0,0.0,0.0,1.0,0.0,0.9824380278587341,0.8788281679153442,0.016487417742609978,0.0353233739733696,0.6865651607513428,0.0011728493263944983,3.0
1317,0.0,0.0,0.0,0.0,0.0,0.0,0.0006298174266703427,0.00041933677857741714,0.0005592277739197016,0.01594724878668785,0.06561507284641266,0.00038690329529345036,2.0
1318,0.0,0.0,0.0,0.0,0.0,0.0,0.005607416853308678,0.0010789179941639304,0.012882519513368607,0.004813417326658964,0.11466224491596222,0.011747583746910095,1.0
1319,0.0,0.0,0.0,0.0,0.0,0.0,0.00027221819618716836,8.391837764065713e-05,7.657755486434326e-05,0.0008070693584159017,0.008604314178228378,0.0004420968471094966,1.0
1320,0.0,0.0,0.0,0.0,0.0,0.0,0.0028095333836972713,0.0065969363786280155,0.0008663531625643373,0.02138194441795349,0.03901985287666321,0.0006728973821736872,3.0
1321,0.0,0.0,0.0,0.0,0.0,0.0,0.009669965133070946,0.9900263547897339,0.8029965162277222,0.42500394582748413,0.4796063303947449,0.036358777433633804,4.0
1322,1.0,1.0,1.0,1.0,1.0,1.0,0.9856063723564148,0.9951887130737305,0.998217761516571,0.9985589385032654,0.9844638705253601,0.9994831085205078,3.0
1323,1.0,1.0,1.0,1.0,1.0,0.0,0.9998459815979004,0.9998831748962402,0.9912604689598083,0.95644611120224,0.618212103843689,0.1890495866537094,2.0
1324,1.0,1.0,1.0,1.0,1.0,1.0,0.9999339580535889,0.9999463558197021,0.9935897588729858,0.9579293131828308,0.9994447827339172,0.026716137304902077,2.0
1325,1.0,1.0,1.0,1.0,1.0,0.0,0.9997708201408386,0.9996451139450073,0.9976593255996704,0.9891775250434875,0.999229907989502,0.9128759503364563,1.0
1326,1.0,1.0,1.0,1.0,1.0,0.0,0.8989348411560059,0.95490562915802,0.9672483205795288,0.02487923391163349,0.1574295461177826,0.013355505652725697,1.0
1327,1.0,1.0,1.0,1.0,1.0,0.0,0.9988970756530762,0.9999175071716309,0.9996365308761597,0.9995763897895813,0.9902113080024719,0.6161695718765259,4.0
1328,1.0,1.0,1.0,1.0,1.0,1.0,0.023416131734848022,0.9990154504776001,0.9975506663322449,0.9995545744895935,0.5893389582633972,0.99187171459198,2.0
1329,1.0,1.0,0.0,0.0,1.0,0.0,0.9989060163497925,0.9999593496322632,0.8767933249473572,0.6145649552345276,0.9941450953483582,0.0009394178632646799,2.0
1330,0.0,0.0,0.0,0.0,0.0,0.0,0.0010926552349701524,0.0026854006573557854,0.0006172953872010112,0.0359126515686512,0.042305074632167816,0.0013197013176977634,1.0
1331,0.0,0.0,0.0,0.0,0.0,0.0,0.0008675212739035487,0.008083744905889034,0.13723725080490112,0.7240511775016785,0.6435412764549255,0.6987335085868835,0.0
1332,0.0,0.0,1.0,1.0,1.0,1.0,0.0021677755285054445,0.004036352038383484,0.07029182463884354,0.00120246852748096,0.02001822553575039,0.006755277514457703,4.0
1333,0.0,0.0,1.0,1.0,0.0,1.0,0.113690584897995,0.9940642714500427,0.9996844530105591,0.9988204836845398,0.6257827877998352,0.9889714121818542,1.0
1334,0.0,0.0,0.0,0.0,0.0,0.0,0.0014083385467529297,0.0002668126835487783,0.0020690960809588432,0.011577668599784374,0.02284075878560543,0.0006123120547272265,0.0
1335,1.0,1.0,1.0,1.0,1.0,1.0,0.999121367931366,0.9999542236328125,0.9880066514015198,0.997121274471283,0.9842004179954529,0.9593681693077087,2.0
1336,1.0,1.0,1.0,1.0,1.0,1.0,0.9999600648880005,0.9999216794967651,0.7135041356086731,0.9940704703330994,0.995072066783905,0.8876106142997742,2.0
1337,0.0,0.0,0.0,1.0,0.0,0.0,0.003521515289321542,0.5660741329193115,0.01741427183151245,0.23688480257987976,0.41138502955436707,0.08674289286136627,4.0
1338,0.0,0.0,0.0,0.0,0.0,0.0,0.0013310556532815099,0.0013315165415406227,0.0005712079000659287,0.003906442783772945,0.022843733429908752,0.00010360702435718849,2.0
1339,0.0,1.0,1.0,1.0,0.0,1.0,0.04029463604092598,0.05633917078375816,0.9977580904960632,0.30229827761650085,0.09304194897413254,0.8122305274009705,0.0
1340,0.0,0.0,0.0,0.0,0.0,0.0,0.000657889642752707,0.00010545098484726623,0.0006189646665006876,0.005311628337949514,0.0033471304923295975,0.0005430336459539831,0.0
1341,0.0,0.0,0.0,0.0,0.0,0.0,0.0019318193662911654,0.0008659475715830922,0.0010678713442757726,0.005391927435994148,0.0104174530133605,0.000310728995827958,3.0
1342,0.0,0.0,0.0,0.0,0.0,0.0,0.0010522006778046489,0.0003403654263820499,0.00022521526261698455,0.003429623320698738,0.09600730240345001,0.00011421122326282784,3.0
1343,1.0,1.0,1.0,1.0,1.0,1.0,0.9996999502182007,0.9999430179595947,0.9771535396575928,0.7515679001808167,0.9828185439109802,0.30231598019599915,1.0
1344,1.0,1.0,1.0,1.0,1.0,1.0,0.9997808337211609,0.99996018409729,0.99703049659729,0.9995773434638977,0.9845443367958069,0.5973883271217346,1.0
1345,0.0,0.0,0.0,1.0,0.0,0.0,0.05637955665588379,0.09480347484350204,0.35071709752082825,0.31623438000679016,0.004110807552933693,0.020427308976650238,1.0
1346,0.0,1.0,1.0,1.0,0.0,1.0,0.9999890327453613,0.9999079704284668,0.1845952868461609,0.15101966261863708,0.8977554440498352,0.007512845564633608,2.0
1347,1.0,1.0,0.0,0.0,1.0,0.0,0.999715268611908,0.9994250535964966,0.03022913448512554,0.04690682515501976,0.6557728052139282,0.5440499782562256,2.0
1348,1.0,0.0,0.0,0.0,0.0,0.0,0.9912602305412292,0.6368246078491211,6.810331251472235e-05,0.02997415140271187,0.674561619758606,0.0005434261402115226,0.0
1349,1.0,1.0,0.0,0.0,1.0,0.0,0.9755993485450745,0.9973492622375488,0.0015255538746714592,0.01186470314860344,0.6082028746604919,0.006924337241798639,4.0
1350,1.0,1.0,1.0,0.0,0.0,1.0,0.9980186223983765,0.9996131062507629,0.8440064787864685,0.5045328736305237,0.5665590167045593,0.7287995219230652,2.0
1351,0.0,1.0,1.0,1.0,1.0,1.0,0.5567499399185181,0.9982301592826843,0.999169111251831,0.9981040954589844,0.9873760938644409,0.9530817270278931,0.0
1352,1.0,1.0,1.0,1.0,1.0,1.0,0.99972003698349,0.9999698400497437,0.9956990480422974,0.9850218892097473,0.9980847835540771,0.5183402299880981,2.0
1353,1.0,1.0,1.0,1.0,1.0,1.0,0.9845467209815979,0.9982067346572876,0.9995484948158264,0.9966741800308228,0.8823750615119934,0.9976196885108948,2.0
1354,1.0,1.0,0.0,0.0,1.0,0.0,0.1988881677389145,0.16096611320972443,0.9355936050415039,0.06073122099041939,0.19505266845226288,0.004610826261341572,4.0
1355,1.0,1.0,1.0,0.0,1.0,0.0,0.9923577904701233,0.9997918009757996,0.9193341732025146,0.4964529871940613,0.8920601606369019,0.7743082046508789,1.0
1356,1.0,1.0,0.0,0.0,1.0,1.0,0.9782006740570068,0.8839883208274841,0.0002640366437844932,0.6482094526290894,0.9343752264976501,0.936610221862793,2.0
1357,0.0,0.0,0.0,0.0,0.0,0.0,0.00036145959165878594,0.00019786700431723148,0.00015332770999521017,0.0035565318539738655,0.011424433439970016,0.0026491787284612656,0.0
1358,1.0,1.0,0.0,0.0,0.0,0.0,0.9986445307731628,0.9485802054405212,0.0007831630064174533,0.000736746471375227,0.2753513753414154,0.00024354846391361207,2.0
1359,0.0,1.0,0.0,1.0,1.0,0.0,0.005849064793437719,0.07419642806053162,0.0034671910107135773,0.0013689915649592876,0.005334497429430485,0.006244119722396135,0.0
1360,0.0,0.0,0.0,0.0,0.0,0.0,0.0010039514163509011,0.000585157482419163,0.00041385466465726495,0.04188821092247963,0.04437195882201195,0.004940568003803492,1.0
1361,1.0,1.0,1.0,1.0,1.0,1.0,0.9454605579376221,0.9992973804473877,0.9997020363807678,0.9992244243621826,0.9493536949157715,0.8713079690933228,3.0
1362,1.0,1.0,1.0,1.0,1.0,1.0,0.9822209477424622,0.9975307583808899,0.9996131062507629,0.9993414282798767,0.9819723963737488,0.9980928301811218,4.0
1363,1.0,1.0,0.0,0.0,1.0,0.0,0.7088177800178528,0.8972002863883972,0.00016566572594456375,0.16157758235931396,0.8632426857948303,0.0009116403525695205,4.0
1364,0.0,0.0,0.0,0.0,0.0,0.0,0.0029972500633448362,0.012381341308355331,0.00016363828035537153,0.0029891461599618196,0.03213268518447876,0.0003784801810979843,3.0
1365,1.0,1.0,0.0,0.0,0.0,0.0,0.9997181296348572,0.9993053674697876,0.05095924064517021,0.008414807729423046,0.5160955786705017,0.010632132180035114,1.0
1366,1.0,1.0,1.0,1.0,1.0,1.0,0.3821665644645691,0.9997568726539612,0.9998082518577576,0.9887489080429077,0.99569171667099,0.9888402819633484,3.0
1367,0.0,0.0,0.0,0.0,0.0,0.0,0.0001683617738308385,0.000691187335178256,0.00017893426411319524,0.00038997805677354336,0.0026426229160279036,0.0013078898191452026,4.0
1368,1.0,1.0,1.0,1.0,1.0,1.0,0.9991335272789001,0.9989004135131836,0.9336928129196167,0.9985188841819763,0.9942347407341003,0.8156764507293701,2.0
1369,0.0,0.0,1.0,1.0,0.0,0.0,0.08695227652788162,0.7403983473777771,0.9874626994132996,0.5544742345809937,0.16039368510246277,0.29556161165237427,4.0
1370,1.0,1.0,0.0,0.0,1.0,0.0,0.9999221563339233,0.9994919300079346,0.000140619624289684,0.03739999234676361,0.9891641139984131,0.4405767619609833,2.0
1371,0.0,0.0,0.0,0.0,0.0,0.0,0.000836455263197422,0.0007882155478000641,0.003112276317551732,0.09398918598890305,0.005441876128315926,0.000525392999406904,4.0
1372,1.0,1.0,0.0,0.0,1.0,0.0,0.9928591251373291,0.9995816349983215,0.3134268522262573,0.02432338334619999,0.9919613003730774,0.007664279080927372,4.0
1373,0.0,0.0,0.0,0.0,0.0,0.0,0.006548626814037561,0.09049626439809799,0.016737544909119606,0.007841099984943867,0.0776604413986206,0.0005004374543204904,3.0
1374,0.0,0.0,0.0,0.0,0.0,0.0,0.0020432237070053816,0.0013886740198358893,0.00030381427495740354,0.004256672225892544,0.06140139326453209,0.001290712971240282,0.0
1375,0.0,1.0,1.0,1.0,0.0,0.0,0.012628594413399696,0.5321295261383057,0.9388229250907898,0.9107198715209961,0.07342284917831421,0.48907461762428284,0.0
1376,0.0,0.0,0.0,0.0,0.0,0.0,0.005002111196517944,0.05591972917318344,0.12550100684165955,0.014273458160459995,0.03270783647894859,0.01533016748726368,0.0
1377,0.0,0.0,0.0,0.0,0.0,0.0,0.00032545041176490486,0.0031323633156716824,0.002809270052239299,0.0023784053046256304,0.014990565367043018,0.00535901915282011,1.0
1378,0.0,1.0,1.0,1.0,0.0,1.0,0.29108381271362305,0.9807537198066711,0.9981753826141357,0.9959890246391296,0.2577677071094513,0.9987825751304626,1.0
1379,0.0,0.0,0.0,0.0,0.0,0.0,0.0006045860354788601,0.00010272890358464792,0.0007124687545001507,0.002324200700968504,0.012637872248888016,0.0003741501714102924,0.0
1380,1.0,1.0,1.0,1.0,1.0,0.0,0.6281774044036865,0.9563915729522705,0.9704190492630005,0.8133606314659119,0.9285528659820557,0.4388130307197571,1.0
1381,1.0,1.0,1.0,1.0,1.0,0.0,0.9814534187316895,0.9993343949317932,0.9682304263114929,0.6354551911354065,0.907477617263794,0.04415975883603096,1.0
1382,0.0,0.0,0.0,0.0,0.0,0.0,0.025966178625822067,0.12640559673309326,0.047454338520765305,0.135921910405159,0.7652696371078491,0.05383218824863434,4.0
1383,0.0,0.0,0.0,0.0,0.0,0.0,0.00038978460361249745,9.509119263384491e-05,0.0004431219131220132,0.006242114119231701,0.010140448808670044,0.0015058803837746382,0.0
1384,1.0,1.0,0.0,0.0,0.0,0.0,0.9957059025764465,0.8721446990966797,0.000900794577319175,0.0006842932780273259,0.5170310139656067,0.00037145393434911966,1.0
1385,1.0,1.0,0.0,0.0,0.0,0.0,0.9987151622772217,0.9981936812400818,0.0016851520631462336,0.0007957383058965206,0.359102725982666,0.0013235971564427018,0.0
1386,1.0,1.0,1.0,1.0,1.0,0.0,0.994203507900238,0.9998677968978882,0.6995472311973572,0.9646105170249939,0.9892206788063049,0.8398779630661011,0.0
1387,1.0,1.0,1.0,1.0,1.0,1.0,0.9988001585006714,0.9999334812164307,0.999724805355072,0.999936580657959,0.9837952852249146,0.9467524290084839,4.0
1388,1.0,1.0,1.0,1.0,1.0,1.0,0.997638463973999,0.9964210987091064,0.9975394010543823,0.9996275901794434,0.9661957621574402,0.8775173425674438,3.0
1389,1.0,1.0,1.0,1.0,1.0,0.0,0.991131603717804,0.9997095465660095,0.9970054030418396,0.9981512427330017,0.8888500928878784,0.7963027358055115,0.0
1390,1.0,1.0,1.0,1.0,1.0,1.0,0.9996558427810669,0.9999247789382935,0.998865008354187,0.7304531931877136,0.7069995999336243,0.9229622483253479,4.0
1391,1.0,1.0,0.0,0.0,1.0,0.0,0.9994006156921387,0.9991956353187561,0.01582496240735054,0.02940037101507187,0.9188105463981628,0.00258960435166955,2.0
1392,1.0,1.0,1.0,1.0,1.0,0.0,0.9930726885795593,0.9999271631240845,0.9137394428253174,0.9932696223258972,0.998807430267334,0.008071022108197212,0.0
1393,1.0,1.0,0.0,0.0,1.0,1.0,0.9127859473228455,0.7432368397712708,0.0003584930091165006,0.07917065173387527,0.7523452639579773,0.2687954902648926,3.0
1394,0.0,0.0,0.0,0.0,0.0,0.0,0.0003916863352060318,0.002443644916638732,0.0003074076375924051,0.08751223236322403,0.31001704931259155,0.003869730979204178,3.0
1395,0.0,0.0,0.0,0.0,0.0,0.0,0.00794787984341383,0.9259234070777893,0.8946940898895264,0.4782700538635254,0.012104228138923645,0.24712643027305603,4.0
1396,1.0,1.0,0.0,0.0,0.0,0.0,0.9997630715370178,0.9999191761016846,0.9990946054458618,0.996250331401825,0.9234687089920044,0.4463566839694977,4.0
1397,1.0,1.0,1.0,1.0,1.0,0.0,0.10827828198671341,0.9672932624816895,0.3182031810283661,0.7677640318870544,0.8871382474899292,0.3386484980583191,4.0
1398,0.0,0.0,0.0,0.0,0.0,0.0,0.003193572862073779,0.002914389129728079,0.004004321061074734,0.019262775778770447,0.025149639695882797,0.02155020833015442,1.0
1399,1.0,1.0,1.0,0.0,1.0,0.0,0.9992019534111023,0.9999788999557495,0.9874163269996643,0.7889627814292908,0.9748948812484741,0.22609174251556396,2.0
1400,1.0,1.0,0.0,1.0,1.0,1.0,0.9972766041755676,0.9986785054206848,0.00033521332079544663,0.004691607318818569,0.9781825542449951,0.6403483152389526,4.0
1401,0.0,0.0,0.0,0.0,0.0,0.0,8.637592691229656e-05,0.004199489019811153,0.0006062499014660716,0.006312940735369921,0.013584143482148647,5.84057233936619e-05,2.0
1402,0.0,0.0,0.0,0.0,0.0,0.0,0.0003229336580261588,0.00017741191550157964,0.00010082450899062678,0.006104426458477974,0.03170405700802803,0.0007930055726319551,2.0
1403,0.0,0.0,0.0,0.0,0.0,0.0,0.03503849357366562,0.8805665373802185,0.07879959046840668,0.9917484521865845,0.09496045857667923,0.02368093840777874,3.0
1404,0.0,1.0,1.0,1.0,0.0,1.0,0.04316103830933571,0.9977464079856873,0.997342050075531,0.9874738454818726,0.502461850643158,0.9700832962989807,1.0
1405,1.0,1.0,1.0,1.0,0.0,1.0,0.9998664855957031,0.9999823570251465,0.9975530505180359,0.9954091906547546,0.9945738911628723,0.4886382818222046,1.0
1406,1.0,1.0,0.0,0.0,1.0,0.0,0.9991083741188049,0.999371349811554,0.0012394464574754238,0.260677307844162,0.9945184588432312,0.2230970710515976,1.0
1407,0.0,0.0,0.0,0.0,0.0,0.0,0.006222356576472521,0.015551164746284485,0.0030712687876075506,0.0070888930931687355,0.0028382674790918827,0.030673878267407417,0.0
1408,0.0,1.0,0.0,0.0,1.0,0.0,0.005272905807942152,0.8609554171562195,0.006362014915794134,0.01580749824643135,0.7057662606239319,0.00013468213728629053,4.0
1409,0.0,0.0,0.0,0.0,0.0,0.0,0.22786006331443787,0.773587703704834,0.29892784357070923,0.7253812551498413,0.8993198275566101,0.6482508182525635,4.0
1410,0.0,0.0,0.0,0.0,0.0,0.0,0.000229747558478266,0.0002053843199973926,0.00044044037349522114,0.04116397351026535,0.006213102024048567,0.0007891023997217417,4.0
1411,0.0,0.0,0.0,0.0,1.0,0.0,0.002571187214925885,0.0003306485014036298,0.0012675975449383259,0.002584972884505987,0.016960812732577324,0.00937723834067583,4.0
1412,1.0,1.0,1.0,1.0,1.0,0.0,0.9999877214431763,0.9999326467514038,0.9993041753768921,0.9966676831245422,0.9937594532966614,0.3134468197822571,3.0
1413,1.0,1.0,0.0,0.0,0.0,0.0,0.9979369640350342,0.9984622001647949,0.7607337236404419,0.03948616236448288,0.8893365263938904,0.030666595324873924,4.0
1414,0.0,0.0,0.0,0.0,0.0,0.0,0.0004107716085854918,0.0009450642392039299,0.00028167961863800883,0.009106053039431572,0.054316483438014984,0.00023110373876988888,2.0
1415,0.0,0.0,0.0,0.0,0.0,0.0,0.00018414732767269015,0.0004144767008256167,0.0006679472280666232,0.002822435460984707,0.02632281370460987,0.002390233101323247,1.0
1416,0.0,0.0,0.0,0.0,0.0,0.0,0.0006657644989900291,0.0010642989072948694,0.0032955235801637173,0.0011880475794896483,0.0022886404767632484,0.0015780208632349968,1.0
1417,1.0,1.0,1.0,1.0,1.0,1.0,0.9994006156921387,0.999610960483551,0.9990193843841553,0.9497137665748596,0.9858283996582031,0.35164186358451843,0.0
1418,0.0,0.0,0.0,0.0,0.0,0.0,0.0016012639971449971,0.0002720397023949772,0.0002465379948262125,0.00574974250048399,0.02483595535159111,0.0007840851903893054,2.0
1419,0.0,0.0,0.0,0.0,0.0,0.0,0.00402109744027257,0.0739775225520134,0.003394095227122307,0.035283226519823074,0.42615586519241333,0.010702068917453289,4.0
1420,0.0,0.0,0.0,0.0,0.0,0.0,0.0003042951866518706,5.0364076741971076e-05,0.0004722825833596289,0.001981685869395733,0.007079829461872578,0.00019640875689219683,3.0
1421,0.0,0.0,1.0,0.0,0.0,0.0,0.04994314908981323,0.039128951728343964,0.9504089951515198,0.8872841596603394,0.4403289258480072,0.8883082866668701,1.0
1422,1.0,1.0,1.0,1.0,1.0,0.0,0.9866119623184204,0.9994080066680908,0.9095426201820374,0.9924561977386475,0.9911999106407166,0.0645965188741684,1.0
1423,1.0,1.0,1.0,1.0,1.0,0.0,0.9989631175994873,0.9997473359107971,0.9843273758888245,0.9458452463150024,0.980774998664856,0.620290219783783,0.0
1424,0.0,0.0,1.0,0.0,0.0,0.0,0.012420672923326492,0.005726170260459185,0.7588745355606079,0.32281893491744995,0.1795143485069275,0.20071834325790405,0.0
1425,1.0,1.0,1.0,1.0,0.0,0.0,0.9996402263641357,0.9991961121559143,0.6348385810852051,0.25181692838668823,0.8206341862678528,0.19266554713249207,0.0
1426,0.0,0.0,1.0,1.0,0.0,1.0,0.010780004784464836,0.21934424340724945,0.971121072769165,0.7965245842933655,0.09321600198745728,0.3541955053806305,4.0
1427,0.0,0.0,0.0,0.0,0.0,0.0,0.0005709765828214586,0.004278072156012058,0.0009444562601856887,0.00087215646635741,0.006026566028594971,0.0006830882048234344,3.0
1428,1.0,1.0,0.0,0.0,1.0,0.0,0.9996659755706787,0.9992368221282959,0.0001683245354797691,0.010211526416242123,0.8387464880943298,0.004690062254667282,0.0
1429,1.0,1.0,1.0,1.0,1.0,0.0,0.9998822212219238,0.9999254941940308,0.9996803998947144,0.9999754428863525,0.9976287484169006,0.9883286952972412,4.0
1430,1.0,1.0,1.0,0.0,0.0,0.0,0.9982038736343384,0.9999449253082275,0.8573522567749023,0.21853086352348328,0.6333287954330444,0.44662198424339294,4.0
1431,1.0,1.0,1.0,1.0,1.0,1.0,0.9995080232620239,0.9999266862869263,0.9501596689224243,0.9818939566612244,0.9490159153938293,0.20401139557361603,2.0
1432,0.0,0.0,0.0,0.0,0.0,0.0,0.13882552087306976,0.011872734874486923,0.0014950664481148124,0.003603520803153515,0.013942435383796692,0.0005122071015648544,1.0
1433,1.0,1.0,0.0,0.0,1.0,0.0,0.984505832195282,0.9986255168914795,0.0006343657150864601,0.010289568454027176,0.3311605453491211,0.0005687176599167287,3.0
1434,1.0,1.0,1.0,1.0,1.0,1.0,0.9968791007995605,0.9999598264694214,0.9876294136047363,0.9745023846626282,0.9560846090316772,0.9276387095451355,4.0
1435,1.0,1.0,1.0,0.0,0.0,1.0,0.9862210750579834,0.9987622499465942,0.6907666921615601,0.08721564710140228,0.42398959398269653,0.021963534876704216,0.0
1436,1.0,1.0,1.0,1.0,1.0,0.0,0.9997678399085999,0.9998038411140442,0.9918588995933533,0.5582623481750488,0.5676366090774536,0.05883389338850975,2.0
1437,1.0,1.0,1.0,1.0,1.0,0.0,0.9996875524520874,0.9998121857643127,0.9958213567733765,0.9993891716003418,0.9898419976234436,0.8752139210700989,4.0
1438,1.0,1.0,1.0,1.0,1.0,1.0,0.9916640520095825,0.9975430965423584,0.9975390434265137,0.9989339709281921,0.9925481677055359,0.9736208319664001,0.0
1439,1.0,1.0,1.0,1.0,1.0,1.0,0.9790991544723511,0.9973809123039246,0.9991114735603333,0.999258816242218,0.9909555315971375,0.9925129413604736,4.0
1440,1.0,1.0,1.0,1.0,1.0,1.0,0.986790120601654,0.9956426620483398,0.9978669881820679,0.9990565180778503,0.9760735034942627,0.9987812638282776,3.0
1441,0.0,1.0,1.0,1.0,1.0,1.0,0.23391595482826233,0.9978553652763367,0.998167872428894,0.9875715970993042,0.9852452874183655,0.9613417983055115,1.0
1442,1.0,1.0,0.0,0.0,1.0,0.0,0.9966318011283875,0.9998906850814819,0.24293746054172516,0.8418596982955933,0.9601573944091797,0.0063161603175103664,3.0
1443,0.0,0.0,0.0,0.0,0.0,0.0,0.00046373429358936846,8.075035293586552e-05,0.0004950494621880352,0.0035947123542428017,0.0072478000074625015,0.00029274000553414226,3.0
1444,1.0,1.0,0.0,0.0,1.0,0.0,0.9999097585678101,0.9999890327453613,0.1254263073205948,0.8965510129928589,0.9491279125213623,0.014046968892216682,2.0
1445,1.0,1.0,0.0,0.0,1.0,0.0,0.9999572038650513,0.9999830722808838,0.9836128950119019,0.9409242868423462,0.9954133629798889,0.33665215969085693,3.0
1446,1.0,1.0,0.0,0.0,0.0,0.0,0.999962568283081,0.9998594522476196,0.3028351962566376,0.007655412890017033,0.3303432762622833,0.0014826715923845768,1.0
1447,0.0,0.0,0.0,1.0,1.0,0.0,0.006968607660382986,0.08120523393154144,0.07781925797462463,0.16983383893966675,0.11872627586126328,0.06636501848697662,0.0
1448,1.0,1.0,0.0,0.0,1.0,0.0,0.9997372031211853,0.9997534155845642,0.00020357657922431827,0.02493053860962391,0.9757558107376099,0.00038367125671356916,2.0
1449,1.0,0.0,0.0,0.0,1.0,0.0,0.09335204213857651,0.020440723747015,0.0017967441817745566,0.0022429097443819046,0.18220360577106476,0.00014445064880419523,3.0
1450,1.0,1.0,1.0,1.0,1.0,1.0,0.9985925555229187,0.9998602867126465,0.8564881682395935,0.13594074547290802,0.2838262915611267,0.8024671673774719,0.0
1451,1.0,1.0,1.0,1.0,1.0,0.0,0.9998154044151306,0.9998138546943665,0.99906986951828,0.9987548589706421,0.997010350227356,0.057622283697128296,4.0
1452,0.0,0.0,0.0,0.0,0.0,0.0,4.523728057392873e-05,7.703297160333022e-05,0.00017319765174761415,0.0006111955735832453,0.011374463327229023,0.00029285167693160474,2.0
1453,1.0,1.0,0.0,1.0,1.0,0.0,0.9997590184211731,0.9998519420623779,0.9384064078330994,0.9692344665527344,0.9882020354270935,0.8116366267204285,4.0
1454,1.0,1.0,0.0,0.0,0.0,0.0,0.9991581439971924,0.9978253841400146,0.3096047043800354,0.10785277932882309,0.11950593441724777,0.032867591828107834,2.0
1455,0.0,0.0,0.0,0.0,0.0,0.0,0.00048269532271660864,0.0006660754443146288,0.00032895224285311997,0.007165881805121899,0.05638764798641205,0.00016996977501548827,3.0
1456,1.0,1.0,1.0,1.0,1.0,1.0,0.9656538367271423,0.9847471714019775,0.9611807465553284,0.9973191618919373,0.9997085928916931,0.9997770190238953,1.0
1457,1.0,1.0,0.0,0.0,0.0,0.0,0.999974250793457,0.9997954964637756,0.06481492519378662,0.020006218925118446,0.6010780334472656,0.009249537251889706,1.0
1458,0.0,0.0,0.0,0.0,1.0,0.0,0.008738177828490734,0.016199322417378426,0.0009109782404266298,0.0055509828962385654,0.040094323456287384,0.007590250577777624,0.0
1459,0.0,1.0,1.0,1.0,1.0,1.0,0.19929350912570953,0.9998327493667603,0.9262145161628723,0.9846481084823608,0.9778068661689758,0.9545790553092957,4.0
1460,0.0,0.0,0.0,0.0,0.0,0.0,0.000409456406487152,0.0005769358249381185,0.0020878331270068884,0.007155850529670715,0.0067494092509150505,0.0010883574141189456,1.0
1461,1.0,1.0,0.0,0.0,1.0,1.0,0.1621929407119751,0.46131837368011475,0.09259837120771408,0.1268455982208252,0.6466822028160095,0.5903019905090332,2.0
1462,1.0,1.0,0.0,0.0,1.0,0.0,0.9690790772438049,0.9998393058776855,0.053940460085868835,0.050273071974515915,0.9613754153251648,0.007717941887676716,1.0
1463,0.0,0.0,1.0,1.0,1.0,1.0,0.013872972689568996,0.5024428963661194,0.9961647987365723,0.44843101501464844,0.15918779373168945,0.8440861105918884,3.0
1464,1.0,1.0,1.0,1.0,1.0,0.0,0.9987346529960632,0.9986377358436584,0.9831937551498413,0.6296883821487427,0.9534572958946228,0.5852802395820618,4.0
1465,0.0,0.0,0.0,0.0,0.0,0.0,0.0003678251232486218,0.0002619072620291263,4.560645538731478e-05,0.004501333925873041,0.004061119165271521,0.0020101286936551332,4.0
1466,1.0,1.0,1.0,1.0,1.0,1.0,0.9988443851470947,0.9999558925628662,0.9988631010055542,0.9836336970329285,0.9887319803237915,0.37255367636680603,3.0
1467,0.0,0.0,1.0,0.0,0.0,1.0,0.003286861116066575,0.6918458342552185,0.998554527759552,0.712436318397522,0.03941834717988968,0.99070143699646,2.0
1468,0.0,1.0,1.0,1.0,1.0,1.0,0.4352804720401764,0.9882975220680237,0.9960015416145325,0.9945765733718872,0.1787737011909485,0.9470690488815308,1.0
1469,0.0,0.0,0.0,0.0,0.0,0.0,0.006431334652006626,0.10997600108385086,0.0005713546415790915,0.01542653702199459,0.023974204435944557,0.003639052389189601,2.0
1470,1.0,1.0,1.0,1.0,1.0,0.0,0.9989981055259705,0.9990988969802856,0.9434531331062317,0.9942175149917603,0.9969885945320129,0.006830278784036636,4.0
1471,0.0,0.0,0.0,0.0,0.0,0.0,0.9329882860183716,0.9360325932502747,0.5658277273178101,0.11446462571620941,0.06368779391050339,0.0008805223042145371,2.0
1472,1.0,1.0,0.0,1.0,1.0,1.0,0.993442177772522,0.9981821775436401,0.9961557984352112,0.9895504117012024,0.9969232678413391,0.9831215143203735,1.0
1473,1.0,1.0,1.0,1.0,0.0,1.0,0.4442596137523651,0.9968293309211731,0.9996418952941895,0.9999027252197266,0.8021105527877808,0.9990204572677612,3.0
1474,1.0,1.0,1.0,1.0,1.0,0.0,0.9998062252998352,0.9999285936355591,0.7314577698707581,0.9791752696037292,0.9949028491973877,0.49602335691452026,2.0
1475,0.0,0.0,0.0,0.0,0.0,0.0,0.002630106406286359,0.003931778948754072,0.0019210687605664134,0.004541474860161543,0.015932882204651833,0.004057254176586866,2.0
1476,1.0,1.0,1.0,1.0,1.0,1.0,0.9789920449256897,0.9990401864051819,0.9994220733642578,0.9994563460350037,0.9996069073677063,0.9820631742477417,1.0
1477,1.0,1.0,1.0,1.0,1.0,1.0,0.9975302815437317,0.9998549222946167,0.9996150732040405,0.9995682835578918,0.9946770668029785,0.9400818347930908,0.0
1478,1.0,1.0,0.0,0.0,0.0,0.0,0.9978766441345215,0.9711276292800903,8.497448288835585e-05,0.0007440810441039503,0.41395461559295654,0.0009316280484199524,4.0
1479,1.0,1.0,0.0,1.0,1.0,0.0,0.9957389831542969,0.9997046589851379,0.9606364369392395,0.5262269973754883,0.9912737011909485,0.05635727569460869,0.0
1480,1.0,1.0,1.0,1.0,1.0,0.0,0.9992626309394836,0.9998469352722168,0.9459306001663208,0.9983096122741699,0.9909014701843262,0.9870445132255554,4.0
1481,1.0,1.0,0.0,0.0,1.0,0.0,0.999884843826294,0.9996789693832397,0.005714752245694399,0.042440399527549744,0.9928910732269287,0.2767206132411957,0.0
1482,1.0,1.0,0.0,1.0,1.0,1.0,0.9659115672111511,0.8766990303993225,0.0013562991516664624,0.7375712394714355,0.9360051155090332,0.1507319211959839,4.0
1483,1.0,1.0,1.0,1.0,1.0,1.0,0.9631496667861938,0.9915528893470764,0.9830734729766846,0.9830800294876099,0.9176777601242065,0.9897289276123047,4.0
1484,1.0,1.0,1.0,1.0,1.0,1.0,0.998462438583374,0.9998434782028198,0.9968212842941284,0.9863064289093018,0.873708963394165,0.601128876209259,4.0
1485,1.0,1.0,0.0,0.0,1.0,0.0,0.9955592155456543,0.9983566403388977,0.007846721448004246,0.1678578406572342,0.9888238310813904,0.0038562901318073273,4.0
1486,1.0,1.0,1.0,1.0,1.0,1.0,0.9985916018486023,0.9993508458137512,0.999508261680603,0.9863768219947815,0.9450458884239197,0.9280530214309692,0.0
1487,0.0,0.0,0.0,0.0,0.0,0.0,0.0007678029360249639,0.0005370510625652969,8.511965279467404e-05,0.0014464497799053788,0.03606589511036873,0.00022412983526010066,1.0
1488,0.0,0.0,1.0,1.0,0.0,1.0,0.031341761350631714,0.8536704182624817,0.9819834232330322,0.91401207447052,0.05722504109144211,0.8568995594978333,3.0
1489,1.0,1.0,1.0,1.0,1.0,1.0,0.9997391104698181,0.9997767806053162,0.998771607875824,0.9995966553688049,0.9991777539253235,0.3603176176548004,0.0
1490,0.0,0.0,0.0,0.0,0.0,0.0,0.001477705198340118,0.0024018404074013233,0.0003493889525998384,0.010545249097049236,0.012448059394955635,0.0017132831271737814,0.0
1491,0.0,1.0,1.0,1.0,1.0,0.0,0.8192979097366333,0.989271879196167,0.9987686276435852,0.9745801687240601,0.9750576019287109,0.983744740486145,2.0
1492,0.0,0.0,0.0,0.0,0.0,0.0,0.0013394647976383567,0.0023339088074862957,0.0007944104727357626,0.0006354552460834384,0.0240301676094532,0.0009747600997798145,3.0
1493,0.0,1.0,1.0,1.0,1.0,1.0,0.47970011830329895,0.9988335967063904,0.9931447505950928,0.9986048340797424,0.40752124786376953,0.9993477463722229,1.0
1494,1.0,1.0,1.0,1.0,0.0,0.0,0.7792930603027344,0.984269380569458,0.9976156949996948,0.9722812175750732,0.67820805311203,0.5565902590751648,3.0
1495,1.0,1.0,1.0,1.0,1.0,1.0,0.9997273087501526,0.9999544620513916,0.9647915959358215,0.9933144450187683,0.9941056966781616,0.9296182990074158,4.0
1496,1.0,1.0,0.0,0.0,0.0,0.0,0.999573290348053,0.9999397993087769,0.9603783488273621,0.6166899800300598,0.9946112632751465,0.008659948594868183,3.0
1497,1.0,1.0,1.0,0.0,1.0,0.0,0.9982966780662537,0.9998960494995117,0.5679854154586792,0.8861244916915894,0.9535712003707886,0.01703919842839241,0.0
1498,0.0,0.0,0.0,0.0,0.0,0.0,0.0005792207666672766,3.380688576726243e-05,0.00012115679419366643,0.0017505233408883214,0.0019399039447307587,0.0006344945286400616,4.0
1499,1.0,1.0,1.0,1.0,1.0,0.0,0.9576160311698914,0.6856708526611328,0.012451987713575363,0.022169167175889015,0.6213520169258118,0.07249931991100311,4.0
1500,1.0,1.0,1.0,1.0,1.0,1.0,0.9733490347862244,0.9961876273155212,0.9964332580566406,0.9797088503837585,0.6069357395172119,0.5814871191978455,4.0
1501,0.0,1.0,1.0,1.0,0.0,1.0,0.19767236709594727,0.9769548177719116,0.9666177034378052,0.9914975762367249,0.5541788935661316,0.977148175239563,0.0
1502,1.0,1.0,1.0,1.0,1.0,1.0,0.9835724234580994,0.9902526140213013,0.9904208183288574,0.9970621466636658,0.9833828806877136,0.9945359230041504,0.0
1503,0.0,0.0,1.0,0.0,0.0,1.0,0.0024298110511153936,0.01818755455315113,0.980970561504364,0.052547890692949295,0.05269445478916168,0.9656932950019836,0.0
1504,1.0,1.0,0.0,0.0,0.0,0.0,0.999920129776001,0.9997513890266418,0.9089339971542358,0.5856788158416748,0.3517925441265106,0.05338464304804802,2.0
1505,0.0,1.0,1.0,1.0,0.0,1.0,0.0027375160716474056,0.6916558742523193,0.8356052041053772,0.581261157989502,0.03784111887216568,0.15260304510593414,3.0
1506,1.0,1.0,1.0,1.0,1.0,1.0,0.9982983469963074,0.9998353719711304,0.9962616562843323,0.9880977272987366,0.9929350018501282,0.9786791205406189,2.0
1507,0.0,0.0,0.0,0.0,0.0,0.0,0.0019681286066770554,0.0005788278067484498,0.0008575994288548827,0.0008892666664905846,0.017954839393496513,0.00015061048907227814,3.0
1508,1.0,1.0,1.0,1.0,1.0,1.0,0.9999129772186279,0.9998764991760254,0.9859437942504883,0.9988916516304016,0.9962539672851562,0.9901992082595825,4.0
1509,0.0,0.0,0.0,0.0,0.0,0.0,0.00031598200439475477,0.00015211074787657708,0.0032373738940805197,0.005217644851654768,0.003985235001891851,0.0019696184899657965,4.0
1510,0.0,0.0,0.0,0.0,0.0,0.0,0.0008097543613985181,0.0007180297398008406,0.0010835195425897837,0.0020605919416993856,0.003582462202757597,0.0025536303874105215,0.0
1511,1.0,1.0,1.0,1.0,1.0,1.0,0.9998051524162292,0.9997634291648865,0.867575466632843,0.9932010769844055,0.9896811842918396,0.9806036353111267,0.0
1512,0.0,0.0,0.0,0.0,0.0,0.0,0.01929745264351368,0.0003743465931620449,0.00319549348205328,0.00688830716535449,0.019540855661034584,0.21967273950576782,4.0
1513,1.0,1.0,1.0,1.0,1.0,1.0,0.9981561303138733,0.9934473633766174,0.8197615742683411,0.9839090704917908,0.9924571514129639,0.8033874034881592,4.0
1514,0.0,0.0,0.0,0.0,0.0,0.0,0.0017483948031440377,0.010884581133723259,0.0034542193170636892,0.009235533885657787,0.006597426719963551,0.0007360121817328036,1.0
1515,1.0,1.0,1.0,1.0,1.0,1.0,0.996967613697052,0.9998663663864136,0.2442326545715332,0.7861417531967163,0.9940757751464844,0.09225644171237946,4.0
1516,0.0,0.0,0.0,0.0,0.0,0.0,0.00022544365492649376,0.00046843141899444163,0.0012654652819037437,0.0006653306190855801,0.0066858078353106976,0.0015350671019405127,2.0
1517,0.0,1.0,1.0,1.0,1.0,1.0,0.2742075026035309,0.997799813747406,0.9984851479530334,0.9886170029640198,0.9889025092124939,0.9624559283256531,1.0
1518,1.0,1.0,1.0,1.0,1.0,1.0,0.9982885718345642,0.9997333884239197,0.9995027780532837,0.9538823366165161,0.9996641874313354,0.4631692171096802,3.0
1519,1.0,1.0,1.0,1.0,0.0,0.0,0.992285966873169,0.2692044973373413,0.3549284338951111,0.029206793755292892,0.04388653486967087,0.05737131088972092,2.0
1520,1.0,1.0,1.0,1.0,1.0,1.0,0.9999439716339111,0.9999502897262573,0.9992378950119019,0.9993115663528442,0.9606320858001709,0.9873045086860657,4.0
1521,0.0,1.0,1.0,1.0,1.0,1.0,0.24741822481155396,0.9985666871070862,0.9911364316940308,0.999642014503479,0.6048633456230164,0.975847065448761,4.0
1522,0.0,1.0,1.0,1.0,0.0,1.0,0.2816303074359894,0.8225389719009399,0.09500332921743393,0.5124977827072144,0.4653621017932892,0.42626479268074036,4.0
1523,0.0,0.0,0.0,0.0,0.0,0.0,0.00022365186305250973,0.0028185583651065826,0.0010961858788505197,0.002486234065145254,0.006193750537931919,0.003808166366070509,3.0
1524,0.0,0.0,0.0,0.0,1.0,0.0,0.040551137179136276,0.01512710377573967,0.010379621759057045,0.009173011407256126,0.08022484183311462,0.005637165158987045,0.0
1525,1.0,1.0,0.0,0.0,0.0,0.0,0.9691236019134521,0.9983671307563782,0.9866008162498474,0.9112548232078552,0.9327481389045715,0.7278240919113159,1.0
1526,0.0,0.0,0.0,0.0,0.0,0.0,0.006608252413570881,0.06102747470140457,0.0014737086603417993,0.039422858506441116,0.42659246921539307,0.002173234475776553,0.0
1527,1.0,1.0,1.0,1.0,1.0,0.0,0.9999876022338867,0.9999134540557861,0.9987401366233826,0.971361517906189,0.8361984491348267,0.18072974681854248,3.0
1528,1.0,1.0,1.0,1.0,0.0,1.0,0.9993649125099182,0.9997133612632751,0.7555293440818787,0.7842569351196289,0.9250900149345398,0.4041837751865387,4.0
1529,1.0,1.0,0.0,0.0,1.0,0.0,0.9982509016990662,0.9995740056037903,0.905142605304718,0.9437460899353027,0.6685206294059753,0.521348237991333,2.0
1530,0.0,0.0,0.0,0.0,0.0,0.0,0.00011993478983640671,0.00015056741540320218,0.00013309763744473457,0.03342949226498604,0.007486768998205662,0.000259708845987916,4.0
1531,1.0,1.0,0.0,0.0,1.0,0.0,0.9963951706886292,0.9993689656257629,1.6063922885223292e-05,0.0008240422466769814,0.9747296571731567,0.00015597343735862523,4.0
1532,0.0,0.0,0.0,0.0,0.0,0.0,0.05871731787919998,0.3044035732746124,8.690377580933273e-05,0.002045999513939023,0.8780328035354614,0.0005503458669409156,1.0
1533,0.0,1.0,1.0,1.0,0.0,1.0,0.991773784160614,0.9998838901519775,0.9972596168518066,0.9995658993721008,0.9998984336853027,0.9410160183906555,1.0
1534,1.0,1.0,1.0,1.0,1.0,1.0,0.9998644590377808,0.999976634979248,0.8605706095695496,0.22535240650177002,0.98940509557724,0.9546351432800293,4.0
1535,1.0,1.0,1.0,1.0,1.0,1.0,0.06540636718273163,0.9980430603027344,0.996924102306366,0.9994398951530457,0.9275723099708557,0.9827466011047363,2.0
1536,1.0,1.0,1.0,1.0,1.0,1.0,0.9898419976234436,0.9934169054031372,0.9995439648628235,0.998579740524292,0.9939309358596802,0.9437546730041504,4.0
1537,1.0,1.0,1.0,1.0,1.0,1.0,0.9998717308044434,0.9999563694000244,0.9973888993263245,0.9967656135559082,0.9950397610664368,0.9753597378730774,0.0
1538,1.0,1.0,1.0,1.0,1.0,0.0,0.9999128580093384,0.9999315738677979,0.9968006610870361,0.9992296695709229,0.9989815354347229,0.008177855983376503,0.0
1539,1.0,1.0,1.0,1.0,1.0,0.0,0.9991699457168579,0.9999715089797974,0.9985445737838745,0.9932206869125366,0.9925537705421448,0.08436184376478195,1.0
1540,0.0,0.0,0.0,0.0,0.0,0.0,0.00021844524599146098,0.00015185178199317306,0.00010081999062094837,0.0010788486106321216,0.012445461936295033,0.004089949652552605,0.0
1541,1.0,1.0,1.0,1.0,1.0,1.0,0.9916505217552185,0.9992871880531311,0.9992823004722595,0.9877235889434814,0.9926955699920654,0.9922560453414917,4.0
1542,0.0,0.0,0.0,0.0,0.0,0.0,0.0005796412588097155,0.00214098347350955,0.00017959885008167475,0.0015041606966406107,0.017181329429149628,0.00028029701206833124,3.0
1543,0.0,0.0,1.0,0.0,0.0,0.0,0.0052984836511313915,0.9642482995986938,0.9985514283180237,0.6045336723327637,0.05788879469037056,0.5755427479743958,2.0
1544,1.0,1.0,0.0,0.0,1.0,0.0,0.9993563294410706,0.9601025581359863,0.004111057613044977,0.0008178599528037012,0.5194733738899231,0.0012523224577307701,4.0
1545,0.0,0.0,0.0,0.0,0.0,0.0,0.0993962362408638,0.12398713082075119,0.019073519855737686,0.006552204489707947,0.2088320553302765,0.35770222544670105,3.0
1546,1.0,1.0,1.0,1.0,1.0,1.0,0.9971711039543152,0.9999611377716064,0.9977352619171143,0.9943460822105408,0.9421254992485046,0.9918212890625,1.0
1547,0.0,0.0,1.0,1.0,0.0,0.0,0.03094862401485443,0.762462854385376,0.953800618648529,0.3911980986595154,0.4047650098800659,0.93619704246521,2.0
1548,0.0,0.0,0.0,0.0,0.0,0.0,0.00024524505715817213,0.0028714328072965145,0.0021515449043363333,0.0033697192557156086,0.0026114911306649446,0.0014502813573926687,2.0
1549,1.0,1.0,1.0,1.0,1.0,1.0,0.8243346214294434,0.9996445178985596,0.9993170499801636,0.9996209144592285,0.9777852296829224,0.9888783097267151,2.0
1550,0.0,0.0,0.0,0.0,0.0,0.0,0.0020413100719451904,0.031940679997205734,0.0004341876192484051,0.0015521316090598702,0.010015158914029598,5.20011417393107e-05,0.0
1551,1.0,1.0,0.0,0.0,1.0,0.0,0.9919865131378174,0.9125576019287109,0.00013930028944741935,0.010111341252923012,0.4510135352611542,0.0002490342012606561,2.0
1552,0.0,0.0,0.0,1.0,0.0,0.0,0.0002431234170217067,0.0007912212167866528,0.001109939650632441,0.0037856644485145807,0.01015192735940218,0.0002702729543671012,1.0
1553,0.0,0.0,0.0,0.0,0.0,0.0,0.0003289493906777352,0.000578834384214133,0.00013645831495523453,0.005269472952932119,0.02134224958717823,0.002224049298092723,0.0
1554,1.0,1.0,1.0,1.0,1.0,1.0,0.9986018538475037,0.9982678890228271,0.9027120471000671,0.9425512552261353,0.9441288113594055,0.9564509987831116,2.0
1555,0.0,0.0,0.0,0.0,0.0,0.0,0.0035105356946587563,0.04933780059218407,0.0012490792432799935,0.002259735483676195,0.025267435237765312,0.003982572816312313,0.0
1556,1.0,1.0,1.0,1.0,1.0,1.0,0.9999589920043945,0.999971866607666,0.9947896003723145,0.9928603768348694,0.9949020147323608,0.025332212448120117,3.0
1557,0.0,0.0,0.0,0.0,0.0,0.0,0.00041348065133206546,0.00017891380412038416,0.00018578043091110885,0.0022203444968909025,0.19149108231067657,0.0007790850941091776,0.0
1558,1.0,1.0,0.0,1.0,1.0,1.0,0.9684929251670837,0.2609609067440033,0.00011023715342162177,0.12608687579631805,0.9501071572303772,0.8936371803283691,0.0
1559,1.0,1.0,0.0,1.0,1.0,1.0,0.9663032293319702,0.8302037715911865,0.0005199452862143517,0.648837149143219,0.9525050520896912,0.9941340088844299,3.0
1560,1.0,0.0,0.0,0.0,1.0,0.0,0.9365077614784241,0.2807846963405609,0.10686936974525452,0.0003953953564632684,0.7072156071662903,0.012130913324654102,2.0
1561,0.0,1.0,1.0,1.0,1.0,1.0,0.026839397847652435,0.9909148812294006,0.9815914630889893,0.9895936250686646,0.4916115701198578,0.9856276512145996,1.0
1562,1.0,1.0,1.0,1.0,1.0,1.0,0.9449092745780945,0.9994935989379883,0.9998692274093628,0.9993755221366882,0.992324948310852,0.9966889023780823,0.0
1563,1.0,1.0,1.0,1.0,1.0,0.0,0.9998984336853027,0.999657154083252,0.9937339425086975,0.9817838668823242,0.9888702630996704,0.21114757657051086,0.0
1564,0.0,0.0,0.0,0.0,0.0,0.0,0.00041665250319056213,0.00021229607227724046,0.0006599075859412551,0.019637590274214745,0.011274288408458233,0.0002324690722161904,3.0
1565,0.0,0.0,0.0,0.0,0.0,0.0,0.2428465038537979,0.042690519243478775,0.0010887738317251205,0.01077869813889265,0.07724037021398544,0.00027794958441518247,1.0
1566,1.0,1.0,0.0,1.0,1.0,0.0,0.9986510872840881,0.9999094009399414,0.8524003028869629,0.9915949702262878,0.9971035122871399,0.0028187271673232317,4.0
1567,0.0,1.0,1.0,0.0,0.0,1.0,0.1571875810623169,0.108631432056427,0.9998304843902588,0.8911067247390747,0.004730375949293375,0.9708176255226135,3.0
1568,0.0,0.0,0.0,0.0,0.0,0.0,9.469105862081051e-05,0.03761802613735199,0.0003549904504325241,0.0011396436020731926,0.009661297313869,6.58173012197949e-05,3.0
1569,0.0,0.0,0.0,0.0,0.0,0.0,0.009649784304201603,0.053759366273880005,0.002004023641347885,0.013082864694297314,0.19376444816589355,0.001339135691523552,4.0
1570,1.0,1.0,1.0,1.0,1.0,0.0,0.999268114566803,0.9988998174667358,0.06494741141796112,0.2667810320854187,0.7035233378410339,0.02004120871424675,3.0
1571,1.0,1.0,1.0,1.0,1.0,1.0,0.7724083662033081,0.9968114495277405,0.999861478805542,0.987065851688385,0.9675582647323608,0.9973897337913513,4.0
1572,0.0,0.0,1.0,0.0,0.0,1.0,0.004384003579616547,0.020577115938067436,0.416472852230072,0.021870899945497513,0.05643666163086891,0.1573271006345749,1.0
1573,0.0,0.0,0.0,0.0,0.0,0.0,0.0005950479535385966,0.001133355195634067,0.00015908140630926937,0.002181858755648136,0.012935655191540718,0.0005312121356837451,1.0
1574,1.0,1.0,1.0,1.0,1.0,0.0,0.9992626309394836,0.9998469352722168,0.9778408408164978,0.9986292123794556,0.9986133575439453,0.9942123293876648,4.0
1575,1.0,1.0,1.0,1.0,1.0,1.0,0.9517838358879089,0.9993146657943726,0.994963526725769,0.996895432472229,0.9843515157699585,0.9368237257003784,0.0
1576,1.0,1.0,1.0,1.0,1.0,1.0,0.9958433508872986,0.999948263168335,0.7990555167198181,0.9949324727058411,0.9998053908348083,0.7924589514732361,4.0
1577,1.0,1.0,1.0,1.0,1.0,1.0,0.33373159170150757,0.8417587876319885,0.9997033476829529,0.9872960448265076,0.7735186815261841,0.9983012676239014,3.0
1578,0.0,0.0,1.0,1.0,0.0,0.0,0.9397721290588379,0.9688988327980042,0.9966135621070862,0.9332572221755981,0.027618814259767532,0.9347286224365234,1.0
1579,0.0,0.0,0.0,0.0,0.0,0.0,0.011618582531809807,0.5514412522315979,0.0008045833674259484,0.02850438468158245,0.040040843188762665,0.004003954119980335,4.0
1580,1.0,1.0,1.0,1.0,1.0,0.0,0.9998828172683716,0.9999349117279053,0.9959120750427246,0.9962783455848694,0.9079923629760742,0.8218844532966614,1.0
1581,1.0,1.0,0.0,0.0,1.0,0.0,0.8841633796691895,0.9360971450805664,9.95815935311839e-05,0.03923395648598671,0.891754150390625,0.0011646354105323553,0.0
1582,1.0,1.0,0.0,0.0,1.0,0.0,0.9994058609008789,0.9998090863227844,0.008684147149324417,0.04168178513646126,0.9954124093055725,0.28304117918014526,1.0
1583,1.0,1.0,0.0,0.0,1.0,0.0,0.9999699592590332,0.9999507665634155,0.0010476545430719852,0.09570666402578354,0.9632803201675415,0.001656057545915246,1.0
1584,1.0,1.0,0.0,0.0,1.0,0.0,0.7689833641052246,0.5090880393981934,0.003242105944082141,0.07099802792072296,0.554440438747406,0.4645528495311737,4.0
1585,0.0,0.0,0.0,0.0,0.0,0.0,0.002612863667309284,0.005742813926190138,0.0003403462760616094,0.005276316311210394,0.2976769208908081,0.0006380617851391435,4.0
1586,0.0,0.0,0.0,0.0,0.0,0.0,0.0549466609954834,0.16324537992477417,0.03978575021028519,0.06204482913017273,0.038463715463876724,0.010748174972832203,1.0
1587,1.0,1.0,1.0,1.0,1.0,1.0,0.3290362060070038,0.9990147352218628,0.9990925788879395,0.9994513392448425,0.9019308686256409,0.9995855689048767,1.0
1588,0.0,0.0,0.0,0.0,1.0,0.0,0.0006967918598093092,0.00018583942437544465,0.00013762549497187138,0.0009290976449847221,0.012972480617463589,0.0005182997556403279,0.0
1589,1.0,1.0,1.0,1.0,1.0,0.0,0.9863835573196411,0.9998132586479187,0.9156585335731506,0.9974988102912903,0.9858934879302979,0.9909403324127197,3.0
1590,0.0,0.0,0.0,0.0,0.0,0.0,0.0010413025738671422,0.014851588755846024,0.0011895025381818414,0.016347341239452362,0.0325995497405529,0.002909732749685645,4.0
1591,1.0,1.0,1.0,1.0,1.0,1.0,0.9712426066398621,0.9973812699317932,0.9989890456199646,0.9990174770355225,0.9847650527954102,0.9977526068687439,0.0
1592,0.0,0.0,0.0,0.0,0.0,0.0,0.0013204594142735004,0.0006454600370489061,0.00024310486332979053,0.0028639158699661493,0.07653428614139557,3.5529406886780635e-05,3.0
1593,1.0,1.0,0.0,0.0,1.0,0.0,0.055496178567409515,0.2652762234210968,0.003956572152674198,0.25925466418266296,0.9488838911056519,0.023523135110735893,0.0
1594,1.0,1.0,0.0,0.0,1.0,0.0,0.99981290102005,0.9995079040527344,0.00016060078633017838,0.01320598367601633,0.8857774138450623,0.0034969171974807978,3.0
1595,0.0,0.0,0.0,0.0,0.0,0.0,0.0002396898198639974,0.00012449691712390631,0.000338388403179124,0.002138208132237196,0.01758670061826706,0.0020725273061543703,4.0
1596,0.0,0.0,0.0,0.0,0.0,0.0,0.00017951548215933144,0.0001663638249738142,8.092811185633764e-05,0.0018511456437408924,0.006617407780140638,0.001671144738793373,4.0
1597,0.0,0.0,0.0,0.0,0.0,0.0,0.0015872560907155275,0.0004897149628959596,0.00028445609495975077,0.003284888807684183,0.014885231852531433,0.0015445227036252618,0.0
1598,1.0,1.0,0.0,0.0,1.0,0.0,0.999396562576294,0.9958205223083496,0.0005076024681329727,0.0012863513547927141,0.2891274690628052,0.0001819124590838328,3.0
1599,0.0,0.0,0.0,0.0,0.0,0.0,0.0006456375704146922,0.0011577642289921641,0.0013287567999213934,0.14502495527267456,0.33769673109054565,0.0057617188431322575,3.0
1600,1.0,1.0,0.0,0.0,1.0,0.0,0.9996243715286255,0.9984779953956604,0.0009325334103778005,0.0012070765951648355,0.8915621042251587,0.006077018566429615,0.0
1601,1.0,1.0,0.0,0.0,1.0,0.0,0.9900289177894592,0.8809966444969177,0.00048355586477555335,0.08788041025400162,0.988182008266449,0.8808268308639526,0.0
1602,0.0,1.0,1.0,1.0,1.0,0.0,0.015911035239696503,0.9916574358940125,0.5324718952178955,0.6414718627929688,0.9140646457672119,0.8980156183242798,4.0
1603,1.0,1.0,0.0,0.0,1.0,0.0,0.9994088411331177,0.9998648166656494,0.0064761945977807045,0.0031532912980765104,0.9981983304023743,0.01460389606654644,0.0
1604,0.0,0.0,0.0,0.0,0.0,0.0,0.00022639335657004267,0.00022389937657862902,0.0003360143455211073,0.0026950431056320667,0.0058225179091095924,0.001777863479219377,1.0
1605,0.0,0.0,0.0,0.0,0.0,0.0,0.00029139756225049496,0.0005206795176491141,0.0002921430568676442,0.0007119131623767316,0.014707537367939949,0.00012813556531909853,1.0
1606,1.0,1.0,1.0,1.0,1.0,1.0,0.9989407658576965,0.9998764991760254,0.9835734963417053,0.9921090006828308,0.9896788597106934,0.8531621098518372,4.0
1607,1.0,1.0,1.0,1.0,1.0,0.0,0.9998260140419006,0.9999053478240967,0.8987353444099426,0.5962392687797546,0.6306954622268677,0.034995634108781815,0.0
1608,1.0,1.0,0.0,0.0,0.0,0.0,0.9991163611412048,0.9996728897094727,0.07992079108953476,0.09968908131122589,0.5513293743133545,0.001916449866257608,2.0
1609,1.0,1.0,1.0,0.0,0.0,0.0,0.9998317956924438,0.9999415874481201,0.9967309236526489,0.7411506175994873,0.9917254447937012,0.9679476618766785,4.0
1610,1.0,1.0,0.0,0.0,1.0,0.0,0.9990863800048828,0.9999076128005981,0.11548738181591034,0.015226454474031925,0.9825021028518677,0.021791405975818634,0.0
1611,0.0,0.0,0.0,0.0,0.0,0.0,0.00021501850278582424,0.016300389543175697,0.002459937008097768,0.007606524974107742,0.05163844674825668,0.0013249933253973722,3.0
1612,1.0,1.0,0.0,0.0,0.0,0.0,0.9501084089279175,0.9613775014877319,0.0009003845043480396,0.0014696003636345267,0.3927770256996155,0.00014009419828653336,1.0
1613,1.0,1.0,1.0,1.0,1.0,1.0,0.17996442317962646,0.9964956641197205,0.9987336993217468,0.9848358035087585,0.46671393513679504,0.7137740850448608,0.0
1614,1.0,1.0,0.0,1.0,1.0,0.0,0.9999135732650757,0.999850869178772,0.977038562297821,0.9937593936920166,0.9270516633987427,0.018843116238713264,1.0
1615,0.0,1.0,1.0,1.0,0.0,1.0,0.0585460402071476,0.8903381824493408,0.9930307269096375,0.9900645613670349,0.1542825847864151,0.9971712231636047,0.0
1616,1.0,1.0,0.0,0.0,0.0,0.0,0.04207839444279671,0.09430762380361557,0.1965414434671402,0.049307823181152344,0.026660596951842308,0.13579098880290985,0.0
1617,0.0,0.0,0.0,0.0,0.0,0.0,0.6340947151184082,0.884848415851593,0.07552552223205566,0.057037945836782455,0.25958043336868286,0.10934346914291382,3.0
1618,1.0,1.0,0.0,0.0,1.0,0.0,0.9927797913551331,0.9994086027145386,8.62182496348396e-05,0.0008430735906586051,0.41768231987953186,0.0018005360616371036,0.0
1619,1.0,1.0,1.0,1.0,1.0,1.0,0.9997846484184265,0.9999434947967529,0.9531288146972656,0.9992069602012634,0.9759520888328552,0.011408384889364243,0.0
1620,1.0,1.0,1.0,1.0,1.0,1.0,0.9988566637039185,0.9999357461929321,0.9395955801010132,0.9962426424026489,0.9957630634307861,0.8477582931518555,1.0
1621,1.0,1.0,1.0,1.0,1.0,1.0,0.9998849630355835,0.9997093081474304,0.9979273080825806,0.9993090629577637,0.9957791566848755,0.05773381516337395,3.0
1622,1.0,1.0,1.0,1.0,1.0,1.0,0.9952636957168579,0.9999500513076782,0.7900452017784119,0.9973776340484619,0.9451832175254822,0.6387857794761658,4.0
1623,0.0,1.0,1.0,1.0,1.0,1.0,0.37634560465812683,0.9979254007339478,0.997933030128479,0.9906437993049622,0.9248296618461609,0.9635381102561951,0.0
1624,1.0,1.0,1.0,1.0,1.0,1.0,0.9814784526824951,0.9999600648880005,0.9930146932601929,0.9917042255401611,0.8469310998916626,0.893904983997345,0.0
1625,1.0,1.0,1.0,1.0,1.0,1.0,0.9993450045585632,0.9999551773071289,0.9863958358764648,0.9982482194900513,0.9248543381690979,0.8757345676422119,2.0
1626,1.0,1.0,0.0,0.0,1.0,0.0,0.9157536029815674,0.9887879490852356,0.01211419329047203,0.0035994211211800575,0.2684271037578583,0.0006540963659062982,3.0
1627,0.0,0.0,0.0,0.0,0.0,0.0,0.0002664347121026367,0.0009161622147075832,0.001615252927877009,0.00111605622805655,0.003747171489521861,0.0017238786676898599,4.0
1628,1.0,1.0,1.0,0.0,1.0,0.0,0.9998621940612793,0.9992033839225769,0.9527408480644226,0.43098387122154236,0.4872920513153076,0.42665597796440125,3.0
1629,0.0,0.0,0.0,0.0,0.0,0.0,0.013036818243563175,0.043403804302215576,7.536821067333221e-05,0.03213856741786003,0.0684601217508316,0.0019142230739817023,1.0
1630,0.0,0.0,0.0,0.0,0.0,0.0,0.0006503614131361246,0.00036166812060400844,0.0002301140921190381,0.0166645385324955,0.27439963817596436,0.00024519269936718047,4.0
1631,0.0,0.0,0.0,0.0,1.0,0.0,0.0029298323206603527,0.0028824484907090664,0.0011331993155181408,0.0032118414528667927,0.03857145458459854,0.0007273783558048308,4.0
1632,1.0,1.0,1.0,1.0,1.0,1.0,0.9996916055679321,0.9999675750732422,0.0012037548003718257,0.3974219560623169,0.9775258898735046,0.0012378426035866141,1.0
1633,0.0,0.0,0.0,0.0,0.0,0.0,0.0004425433580763638,0.11246312409639359,0.0012195231392979622,0.004797397647053003,0.08327928930521011,0.00016943126684054732,3.0
1634,1.0,1.0,0.0,0.0,1.0,0.0,0.9997894167900085,0.999963641166687,0.9980394244194031,0.9846485257148743,0.999438464641571,0.002932969480752945,3.0
1635,1.0,1.0,1.0,1.0,1.0,1.0,0.9997066855430603,0.9999508857727051,0.9962579011917114,0.982384204864502,0.9478707909584045,0.986456036567688,3.0
1636,1.0,1.0,0.0,0.0,0.0,0.0,0.9995129108428955,0.9998974800109863,0.8201712369918823,0.9767449498176575,0.9580835700035095,0.030366644263267517,2.0
1637,0.0,0.0,0.0,0.0,1.0,0.0,0.011688249185681343,0.0038777440786361694,0.0013339357683435082,0.030204005539417267,0.156118705868721,0.0007071775035001338,1.0
1638,1.0,1.0,1.0,1.0,1.0,0.0,0.9998414516448975,0.9983161687850952,0.9039908051490784,0.25500938296318054,0.9831415414810181,0.5858582854270935,4.0
1639,0.0,0.0,0.0,0.0,0.0,0.0,0.0006431226502172649,0.0005421764217317104,0.00031463769846595824,0.0011587152257561684,0.007711900398135185,0.005358968395739794,0.0
1640,0.0,0.0,0.0,0.0,0.0,0.0,0.00041817373130470514,0.0007595543866045773,0.0008296176674775779,0.003767519723623991,0.06037873402237892,0.0003697610809467733,2.0
1641,1.0,1.0,0.0,0.0,1.0,0.0,0.9996851682662964,0.9999734163284302,0.00047113417531363666,0.04354727268218994,0.9849840998649597,0.5857940316200256,3.0
1642,0.0,0.0,0.0,0.0,0.0,0.0,0.0008276444277726114,0.0011591154616326094,0.00048218879965133965,0.0021574527490884066,0.027895763516426086,0.00909518264234066,0.0
1643,1.0,1.0,0.0,1.0,1.0,1.0,0.9965523481369019,0.999946117401123,0.9627179503440857,0.9763166308403015,0.99852055311203,0.6884756684303284,3.0
1644,1.0,1.0,0.0,0.0,1.0,0.0,0.9934929013252258,0.9998999834060669,0.0008255791617557406,0.0017747747479006648,0.9738904237747192,0.001666032592765987,4.0
1645,0.0,0.0,0.0,0.0,0.0,0.0,0.0004588691517710686,0.006745024584233761,0.0014182822778820992,0.001474041142500937,0.009630677290260792,0.0003857076808344573,3.0
1646,1.0,1.0,1.0,1.0,1.0,1.0,0.9999018907546997,0.9999891519546509,0.9399235248565674,0.8682019710540771,0.791361391544342,0.8802116513252258,2.0
1647,1.0,1.0,0.0,1.0,1.0,0.0,0.9995118379592896,0.9999769926071167,0.9685271978378296,0.9995914101600647,0.9866366982460022,0.4554170072078705,4.0
1648,1.0,1.0,1.0,1.0,1.0,1.0,0.999813973903656,0.9999750852584839,0.9976128339767456,0.9977896213531494,0.9891079664230347,0.17156893014907837,3.0
1649,1.0,1.0,1.0,1.0,1.0,1.0,0.8972468972206116,0.9998379945755005,0.9787806272506714,0.997260570526123,0.21310268342494965,0.9926106333732605,2.0
1650,1.0,1.0,1.0,1.0,1.0,1.0,0.8574981093406677,0.9988300204277039,0.972104549407959,0.9234588742256165,0.6073805093765259,0.9919661283493042,2.0
1651,1.0,1.0,0.0,0.0,0.0,0.0,0.9955586194992065,0.9998641014099121,0.850439727306366,0.3859888017177582,0.5245127081871033,0.00903762225061655,4.0
1652,1.0,1.0,1.0,1.0,1.0,1.0,0.9993100166320801,0.9983893632888794,0.6801214814186096,0.10155582427978516,0.9005526900291443,0.06512217968702316,3.0
1653,1.0,1.0,1.0,1.0,1.0,0.0,0.9995456337928772,0.9999126195907593,0.9210647344589233,0.9435442090034485,0.936920166015625,0.1055808737874031,0.0
1654,1.0,1.0,0.0,0.0,1.0,0.0,0.9994623064994812,0.9992998838424683,0.0019162064418196678,0.010710311122238636,0.9512956738471985,0.013103481382131577,0.0
1655,0.0,0.0,0.0,0.0,0.0,0.0,0.00016131460142787546,0.0009020915604196489,0.0009166590753011405,0.01820935681462288,0.06063174083828926,0.0006656610639765859,1.0
1656,1.0,1.0,0.0,0.0,1.0,0.0,0.8985413908958435,0.999627947807312,0.016971604898571968,0.035899218171834946,0.9973980188369751,0.001044375472702086,1.0
1657,1.0,1.0,0.0,0.0,0.0,0.0,0.9920305013656616,0.9918748736381531,8.651499229017645e-05,0.0007461330969817936,0.5006393790245056,0.000211336140637286,4.0
1658,0.0,0.0,0.0,0.0,0.0,0.0,0.002573680831119418,0.001098737819120288,0.0003282739780843258,0.00896440539509058,0.008182370103895664,0.0004941136576235294,3.0
1659,1.0,1.0,1.0,1.0,1.0,1.0,0.9628332853317261,0.9970359802246094,0.9986918568611145,0.9491628408432007,0.9264370799064636,0.34973952174186707,1.0
1660,1.0,1.0,1.0,1.0,1.0,1.0,0.9992992877960205,0.9998624324798584,0.9965183734893799,0.9950568675994873,0.9960195422172546,0.9014572501182556,1.0
1661,1.0,1.0,1.0,1.0,1.0,1.0,0.9994890689849854,0.9999213218688965,0.996736466884613,0.978135883808136,0.8963808417320251,0.9287073016166687,0.0
1662,1.0,1.0,1.0,1.0,1.0,0.0,0.9997487664222717,0.9999703168869019,0.7729001641273499,0.9259319305419922,0.8935062289237976,0.12462131679058075,0.0
1663,0.0,0.0,0.0,0.0,0.0,0.0,0.0018744476838037372,0.0012797699309885502,0.0002748854458332062,0.0023827494587749243,0.13134489953517914,0.0010543634416535497,0.0
1664,0.0,0.0,0.0,0.0,0.0,0.0,0.00040710793109610677,0.0004104374966118485,0.002765041310340166,0.0024400162510573864,0.011525873094797134,0.0012566173681989312,1.0
1665,1.0,1.0,1.0,1.0,1.0,1.0,0.9983755350112915,0.9998757839202881,0.9879751801490784,0.9759956002235413,0.9163171052932739,0.7292053699493408,1.0
1666,0.0,0.0,0.0,0.0,0.0,0.0,0.0004923263913951814,0.004153745714575052,0.00017080013640224934,0.003715908620506525,0.017112845554947853,0.0018959126900881529,4.0
1667,0.0,0.0,0.0,0.0,0.0,0.0,0.0006412467919290066,0.00022450025426223874,0.00023545236035715789,0.011001620441675186,0.024639561772346497,0.0015287662390619516,0.0
1668,1.0,1.0,1.0,1.0,0.0,1.0,0.996572732925415,0.998755931854248,0.9889987111091614,0.9985783100128174,0.9647698402404785,0.953490138053894,0.0
1669,1.0,1.0,0.0,0.0,0.0,0.0,0.9998524188995361,0.9987257122993469,0.00026252251700498164,0.023527558892965317,0.6510001420974731,0.0284873116761446,2.0
1670,0.0,0.0,0.0,0.0,0.0,0.0,0.37912577390670776,0.009580912999808788,0.002733107889071107,0.001730309333652258,0.22036266326904297,0.001186206005513668,4.0
1671,1.0,1.0,1.0,1.0,1.0,1.0,0.7410941123962402,0.9848756194114685,0.9986366629600525,0.9993957281112671,0.48139917850494385,0.9992727637290955,3.0
1672,1.0,1.0,0.0,1.0,1.0,0.0,0.9599583148956299,0.9994937181472778,0.26903584599494934,0.862143337726593,0.997829020023346,0.10251598060131073,4.0
1673,0.0,0.0,0.0,0.0,0.0,0.0,0.0005792657029815018,0.012887516990303993,0.001408644369803369,0.006307418458163738,0.178073912858963,0.00014172858209349215,3.0
