,True_3TC,True_ABC,True_AZT,True_D4T,True_DDI,True_TDF,Pred_Proba_3TC,Pred_Proba_ABC,Pred_Proba_AZT,Pred_Proba_D4T,Pred_Proba_DDI,Pred_Proba_TDF,kFolds
0,1.0,1.0,0.0,1.0,1.0,1.0,0.7936864198343841,0.8624139171366787,0.0718337835335289,0.7402858164921164,0.9835790981115731,0.6858454662126758,2.0
1,1.0,1.0,0.0,1.0,1.0,1.0,0.6573228127466584,0.927885274197951,0.08592422659489726,0.8467651793922735,0.9561467288711869,0.8843379188185079,4.0
2,1.0,0.0,0.0,0.0,0.0,1.0,0.8756328024966252,0.9237239239708008,0.11270210737249481,0.7190095050811579,0.9808524689076087,0.9124011662008118,2.0
3,0.0,0.0,0.0,0.0,0.0,0.0,0.045107808278914675,0.034461226801784116,0.006182102521943706,0.018495573046813953,0.010908853898155041,0.0025013514548693967,2.0
4,0.0,0.0,0.0,0.0,0.0,0.0,0.027752583455090477,0.056689612760121154,0.004751187990070707,0.010276805788909783,0.01855588123902288,0.005891188565560925,3.0
5,0.0,0.0,0.0,0.0,0.0,0.0,0.015174311786601747,0.04437904181756818,0.007498731390139237,0.004645231045165322,0.02119045810900382,0.005446159881810977,2.0
6,1.0,1.0,0.0,1.0,1.0,1.0,0.6393547157059765,0.9286178909365845,0.041277011908509596,0.6251254084048021,0.9832478196396203,0.6255880377614218,2.0
7,0.0,1.0,0.0,0.0,1.0,0.0,0.014343122520022173,0.3786737048668041,0.0029387293244584954,0.006250268895043077,0.3593184375144143,0.0002644736017632779,2.0
8,0.0,1.0,0.0,0.0,0.0,0.0,0.03449486178298756,0.08019114238096854,0.014963163470568464,0.0016331946853246036,0.0530147621464711,0.010655451339655456,4.0
9,1.0,1.0,0.0,0.0,0.0,0.0,0.975939506577744,0.9865574276164125,0.005801158251088684,0.015623989647176898,0.6218093612757122,0.0016611724707802599,3.0
10,1.0,1.0,0.0,0.0,1.0,0.0,0.9998091409476647,0.9978682530419232,0.0016357385410413346,0.026376724192692953,0.9695487800310391,0.08667889571899695,1.0
11,1.0,1.0,0.0,0.0,1.0,0.0,0.9613177808010324,0.9995252510269114,0.001466085390090267,0.017589526773477478,0.9745799738877767,0.00014095544098662434,3.0
12,1.0,1.0,0.0,0.0,1.0,0.0,0.9656082513357498,0.9976944006089492,0.003831452587822763,0.007934211038974164,0.6892500569698575,0.0018915472720623244,2.0
13,1.0,1.0,0.0,0.0,1.0,0.0,0.9995435240932803,0.9999210831451703,0.0004192363056616153,0.016291627195321907,0.9977665205131022,0.004352622281139145,4.0
14,0.0,0.0,0.0,0.0,0.0,0.0,0.010733447360512119,0.036876069039771524,0.003443582950589215,0.008282636546076175,0.007948764515516772,0.0020921738088486293,4.0
15,0.0,0.0,0.0,0.0,0.0,0.0,0.027488721289261567,0.045163314277075955,0.003601459259332273,0.007868967595606973,0.004771796101703584,0.0036816426108594908,0.0
16,0.0,1.0,0.0,1.0,1.0,0.0,0.039195131205092715,0.5773693020874199,0.09466707187478937,0.31715036356407605,0.4837753431882928,0.041280639390532656,3.0
17,0.0,1.0,0.0,1.0,1.0,0.0,0.039195131205092715,0.5773693020874199,0.09466707187478937,0.31715036356407605,0.4837753431882928,0.041280639390532656,3.0
18,0.0,0.0,0.0,0.0,0.0,0.0,0.19120616340689717,0.15617587912342587,0.005895190071711924,0.028452717923094423,0.05193882943399059,0.0032787728016442676,1.0
19,0.0,0.0,0.0,0.0,0.0,0.0,0.07805478863995753,0.16884265417591543,0.007765782661211233,0.03597753265582645,0.04762993374939734,0.010353685546227499,3.0
20,0.0,1.0,0.0,1.0,1.0,0.0,0.10378040162243019,0.8351210910643745,0.27159871807196734,0.9564611328432738,0.6914660531604835,0.057425459103433905,4.0
21,1.0,1.0,0.0,1.0,1.0,0.0,0.10378040162243019,0.8351210910643745,0.27159871807196734,0.9564611328432738,0.6914660531604835,0.057425459103433905,4.0
22,1.0,1.0,0.0,1.0,1.0,0.0,0.04931384141799684,0.8535353436048675,0.005136817467730664,0.6717119674881364,0.8304093998094361,0.005694594528816503,3.0
23,0.0,1.0,0.0,1.0,1.0,0.0,0.12437080263874849,0.8065029007817207,0.005323025651725397,0.5209111138747717,0.8102429747644643,0.003879668711092276,0.0
24,0.0,1.0,0.0,0.0,1.0,0.0,0.04270808434091912,0.3189852960227805,0.002420793755409391,0.024767154192099097,0.2222246023586132,0.00012112810108399267,2.0
25,0.0,1.0,0.0,0.0,1.0,0.0,0.04270808434091912,0.3189852960227805,0.002420793755409391,0.024767154192099097,0.2222246023586132,0.00012112810108399267,2.0
26,0.0,0.0,0.0,0.0,0.0,0.0,0.05211683927827316,0.04843331360423188,0.004287860341858771,0.011894057422440641,0.021146256280297024,0.004975112677096722,4.0
27,0.0,0.0,0.0,0.0,0.0,0.0,0.045107808278914675,0.034461226801784116,0.006182102521943706,0.018495573046813953,0.010908853898155041,0.0025013514548693967,2.0
28,0.0,0.0,0.0,0.0,0.0,0.0,0.03903166125347552,0.059247245437504224,0.003819738705044396,0.006406943145638957,0.06522065379854003,0.005911605436215728,3.0
29,0.0,0.0,0.0,0.0,0.0,0.0,0.02254466797743305,0.03435481960204455,0.007756139955255239,0.005202060842724136,0.0309628178129165,0.005729486838932593,0.0
30,1.0,1.0,0.0,0.0,1.0,0.0,0.8812303288620911,0.8314252330973123,0.009978183853320936,0.10425701426786622,0.8757852727840493,0.003991562532004289,0.0
31,1.0,1.0,0.0,0.0,1.0,0.0,0.9171743064709925,0.8602947150912192,0.00928959264482729,0.0488733891673127,0.8471086606116737,0.0019203320840960316,1.0
32,1.0,1.0,0.0,0.0,1.0,0.0,0.974399731713989,0.9795556614281656,0.004335021179751366,0.022118652170715715,0.6883339332716585,0.001034141603393769,0.0
33,1.0,1.0,0.0,0.0,1.0,0.0,0.958444268207654,0.9825855960279608,0.0012524099365918968,0.0227132010300251,0.7811548630005183,0.0009947403237899812,2.0
34,1.0,1.0,0.0,0.0,1.0,0.0,0.8922344044104765,0.788700968130976,0.02206173280227399,0.06989662842573278,0.7810094833010223,0.004996403260345221,4.0
35,1.0,1.0,0.0,0.0,1.0,0.0,0.8840296332999805,0.8591378184385404,0.01710118059416005,0.08445607286542622,0.7554551541844952,0.0057599568787618915,3.0
36,1.0,1.0,0.0,0.0,1.0,0.0,0.975939506577744,0.9865574276164125,0.005801158251088684,0.015623989647176898,0.6218093612757122,0.0016611724707802599,3.0
37,1.0,1.0,0.0,0.0,1.0,0.0,0.9655119870544869,0.9733350729052016,0.01000592780681953,0.014699025698012921,0.5585124716973308,0.0012697951101892134,4.0
38,0.0,0.0,0.0,0.0,0.0,0.0,0.026305901233003748,0.045863220633327255,0.012133225124288518,0.0037732175160649895,0.029878725905258172,0.008379412974361452,3.0
39,0.0,0.0,0.0,0.0,0.0,0.0,0.015174311786601747,0.04437904181756818,0.007498731390139237,0.004645231045165322,0.02119045810900382,0.005446159881810977,2.0
40,1.0,1.0,1.0,1.0,1.0,1.0,0.04777297113965567,0.9214410499572092,0.999291483836338,0.9990794751690983,0.9159582372301435,0.981303113532691,4.0
41,0.0,1.0,1.0,1.0,1.0,1.0,0.9617163225810099,0.9787289103766453,0.9994243808308972,0.9995980465109017,0.8887595886841884,0.98934358650604,1.0
42,1.0,1.0,1.0,1.0,1.0,1.0,0.9980809862472007,0.9999785630305837,0.9999650334116323,0.9911257267435452,0.9337889166865283,0.8208188013339085,2.0
43,1.0,1.0,1.0,1.0,1.0,1.0,0.9998553276221543,0.9999711197337671,0.9999202845425879,0.9968117346518328,0.9511362822785112,0.8912528612705406,0.0
44,1.0,1.0,1.0,1.0,1.0,1.0,0.9047818088147326,0.9978723992069644,0.9833482500103127,0.9998549619204893,0.9871696697726906,0.8086012131391691,0.0
45,1.0,1.0,1.0,1.0,1.0,1.0,0.7933284032062168,0.9982012697884746,0.9600175032314407,0.9998335317838489,0.9673391061760422,0.6768554103925551,2.0
46,1.0,1.0,0.0,0.0,0.0,0.0,0.9968426765133764,0.9995940488983392,0.5329380232619769,0.16511862747007092,0.442515751674206,0.26135979917887936,3.0
47,1.0,1.0,0.0,0.0,0.0,0.0,0.9978999037068409,0.9996466318206617,0.5480320270850855,0.6058589750640452,0.5446933389199439,0.22926591941706673,2.0
48,1.0,1.0,1.0,1.0,1.0,0.0,0.9921108401594618,0.9999275959296751,0.9814612494598152,0.8875335610442632,0.9576974042488705,0.20206414944965145,1.0
49,1.0,1.0,1.0,1.0,1.0,0.0,0.9958083163452646,0.9999749033726245,0.9741900982942162,0.8773367992453126,0.8948532602983216,0.07907055206941604,0.0
50,0.0,1.0,1.0,1.0,0.0,1.0,0.2765249834419234,0.8211064466523793,0.9931004425094578,0.8386229149103116,0.2620922355516102,0.9275311409962305,3.0
51,0.0,1.0,1.0,1.0,0.0,1.0,0.23510483394577206,0.7586008337025232,0.9880823667008939,0.831820163439516,0.11975070477191135,0.955214774020179,0.0
52,0.0,0.0,0.0,0.0,0.0,0.0,0.06466347409946319,0.051301579855356515,0.004264605539697918,0.014144483046938336,0.039948182036550504,0.0028328644248726853,2.0
53,0.0,0.0,0.0,0.0,0.0,0.0,0.06225732401748175,0.08898691727019757,0.0014871706513414158,0.010579188453542663,0.058844897337484464,0.016414980707883064,4.0
54,1.0,1.0,0.0,1.0,1.0,0.0,0.9419465556755182,0.8854653188036414,0.003128286575545655,0.10489941940546266,0.8643777212159867,0.00039050560712405196,1.0
55,1.0,1.0,0.0,1.0,1.0,0.0,0.9582162027751183,0.8313974585776001,0.001827918740576981,0.19443447528482885,0.8242659538551443,0.0018491872663659603,2.0
56,1.0,1.0,0.0,0.0,1.0,0.0,0.9393383527751775,0.9107525076985858,0.00512204925224314,0.3033940381147426,0.9276355684135725,0.0017330517260397622,0.0
57,1.0,1.0,0.0,0.0,1.0,0.0,0.9120349924891481,0.9282370369459852,0.005673174522504892,0.25318301871847576,0.8403442315815635,0.004029218653775978,3.0
58,0.0,0.0,0.0,0.0,0.0,0.0,0.04800540135035873,0.04371979757528114,0.0017300705741384796,0.005109759434161172,0.04756521680514613,0.0010317727636809067,1.0
59,0.0,0.0,0.0,0.0,0.0,0.0,0.04918027103265385,0.05694780553655224,0.0019576712024395064,0.0225606220614705,0.03742939737993067,0.002012319984692064,0.0
60,0.0,0.0,0.0,0.0,0.0,0.0,0.054224671413037634,0.05026690882248233,0.014678129519008593,0.013623306268593403,0.01729550174231801,0.004180498558753442,2.0
61,0.0,0.0,0.0,0.0,0.0,0.0,0.023858754370100668,0.07218803672105864,0.01273715781624047,0.008109560755562718,0.022639828001259785,0.008315255026372639,3.0
62,0.0,0.0,0.0,0.0,0.0,0.0,0.016364664418718634,0.0096697809036254,0.006336880615646286,0.012435934818477911,0.007850125748857491,0.03789735606363732,2.0
63,0.0,0.0,0.0,0.0,0.0,0.0,0.005182188836541616,0.005746421150963367,0.00478458261723297,0.00029199903040486616,0.1424975949193109,0.013884651959332195,1.0
64,0.0,0.0,0.0,0.0,0.0,0.0,0.01562207311281695,0.012133893117107018,0.0035273248887627323,0.002452795121081286,0.05128086929641013,0.009737608911020641,4.0
65,0.0,0.0,0.0,0.0,0.0,0.0,0.03479953592313332,0.025040847109794404,0.014400917584103173,0.0002996407930399869,0.008137736611145642,0.03454362694762824,0.0
66,1.0,1.0,1.0,1.0,1.0,1.0,0.8591435510553846,0.9993249343698223,0.6320183060135871,0.9981007751006731,0.999925963882214,0.8195700974770078,2.0
67,0.0,0.0,0.0,1.0,1.0,1.0,0.09262739834025846,0.08615676043860639,0.09146847200271392,0.06875317113085141,0.04108525205152902,0.5477664779339813,0.0
68,1.0,1.0,1.0,1.0,1.0,1.0,0.9730197651299808,0.9997579565368692,0.9947362398136859,0.9998227725466065,0.9581780631301229,0.9997317372100016,2.0
69,0.0,1.0,1.0,1.0,1.0,0.0,0.9996786205360965,0.9999992050439792,0.9692984244092536,0.9964174695230976,0.9939039262648693,0.5112211294859542,0.0
70,1.0,1.0,1.0,1.0,1.0,0.0,0.9998049069025908,0.9999941975672648,0.9340148650318318,0.9948469531524726,0.9909836858101013,0.01437590147140293,0.0
71,0.0,0.0,0.0,0.0,0.0,0.0,0.027928191023252193,0.012631253849742632,0.004202952608568543,0.002136538768197602,0.010217308533962957,0.003590799166579503,2.0
72,1.0,1.0,0.0,0.0,1.0,1.0,0.9783888836984369,0.8807881516632998,0.017217856982497105,0.03283729219396534,0.8668076180593735,0.44183436340596427,2.0
73,0.0,0.0,0.0,0.0,0.0,0.0,0.005495040966423061,0.052859372124668715,0.002501847696350249,0.00032627811497672074,0.01129716118311543,0.008525555428018123,0.0
74,1.0,1.0,0.0,0.0,1.0,0.0,0.9951583292520582,0.9999588907113287,0.7865230816964396,0.9969295884172328,0.6535985309840988,0.8346057082762535,2.0
75,1.0,1.0,1.0,1.0,1.0,0.0,0.9990504097536944,0.9999902969280963,0.6806847498645111,0.9272765275638732,0.9840723999551707,0.20165774365109493,3.0
76,1.0,1.0,0.0,1.0,1.0,0.0,0.9946160999435026,0.9999984139554812,0.4226834828817756,0.8675305783663415,0.9857633249850951,0.03166835865935624,0.0
77,0.0,0.0,0.0,0.0,0.0,0.0,0.0011851455772483891,0.0048974071428087166,0.015280019129933493,0.006061516347820347,0.053152151580132145,0.004738566403720702,2.0
78,1.0,1.0,0.0,0.0,1.0,1.0,0.9997563601496674,0.9954164273525427,0.0037973318097270984,0.06689960757413,0.8751049030504612,0.10740880430478018,0.0
79,0.0,1.0,1.0,1.0,1.0,0.0,0.03734161835076386,0.19049932066253009,0.7491169554220283,0.21014750026477352,0.03450331809924229,0.1387824173438841,3.0
80,0.0,1.0,0.0,0.0,1.0,0.0,0.8227622140964007,0.9881674540532132,0.004135330908958202,0.017102942804792916,0.8996348637672738,0.00511127175300263,2.0
81,1.0,1.0,1.0,0.0,1.0,1.0,0.9800514399482393,0.9975390797405703,0.9223789635516515,0.5598484671451627,0.5977929941495741,0.2567525116268352,1.0
82,1.0,1.0,0.0,0.0,1.0,0.0,0.9737052387987184,0.9981076469906577,0.08727967822497337,0.09277741105835469,0.7965001974287854,0.057773577971471014,2.0
83,1.0,1.0,0.0,0.0,1.0,0.0,0.9999794788163525,0.9983000497018706,0.0008054740039806084,0.27948682946267817,0.9818313213650678,0.24475125015886523,1.0
84,1.0,1.0,0.0,0.0,0.0,0.0,0.9943725997054871,0.9977773160393665,0.0005636881197504371,0.0024596722109036556,0.7119120827754655,0.0008604082844682658,2.0
85,1.0,1.0,1.0,1.0,1.0,1.0,0.9999826866788551,0.9999409167938298,0.8626292261664338,0.9480472672252973,0.9542868205245215,0.3555036951056243,2.0
86,1.0,1.0,1.0,1.0,1.0,1.0,0.9996258209351645,0.999967004698448,0.9047221006416107,0.988768668392509,0.7584796429206292,0.21901775648581517,1.0
87,0.0,0.0,0.0,0.0,0.0,0.0,0.009228311602516621,0.006511483798529239,0.004679789904748798,0.0015790810015289252,0.007540135546051195,0.0015274247398546976,4.0
88,0.0,0.0,1.0,0.0,0.0,0.0,0.07912530786179212,0.6724117026555845,0.9961327394743341,0.8997220231452486,0.11785152889988937,0.856021604381076,1.0
89,0.0,0.0,0.0,0.0,0.0,0.0,0.02775537103779009,0.007648678557698998,0.007587171661051199,0.009192503758896298,0.006085198456081778,0.005938537162315594,3.0
90,0.0,1.0,1.0,1.0,1.0,1.0,0.13025521458199885,0.9922330116151307,0.9964080445146823,0.9996195207134155,0.7626280347609738,0.9839637491226757,3.0
91,0.0,0.0,0.0,0.0,0.0,0.0,0.02762642122614231,0.01394954652818034,0.06478882931638424,0.009699360452511708,0.008449530706657122,0.013981290291344277,4.0
92,0.0,0.0,0.0,0.0,0.0,0.0,0.007316504056801512,0.01824910879075574,0.028587231819823068,0.011970513320726392,0.0663538266419536,0.04103929395310536,2.0
93,0.0,0.0,0.0,0.0,0.0,0.0,0.34591916799019334,0.012297855336781528,0.0034794727559835908,0.0019851902817167593,0.328694280803154,0.005987629136416889,3.0
94,1.0,1.0,0.0,0.0,0.0,0.0,0.9798610527975214,0.9165300358106484,0.002805513150531079,0.0028827839712039544,0.3166613165730168,0.0005081315639633247,2.0
95,0.0,1.0,1.0,1.0,0.0,1.0,0.4551476260934198,0.6462114715071543,0.99958302051829,0.9922713530576919,0.22850756548761095,0.9861153037582554,4.0
96,0.0,0.0,0.0,0.0,0.0,0.0,0.09766001948041542,0.08961345358535948,0.0003382360446675239,0.0007289191894537085,0.0697640762821407,0.004883555136935488,1.0
97,1.0,1.0,1.0,1.0,1.0,1.0,0.9996228422282774,0.9999797603483428,0.9999384404885673,0.9998114032673334,0.999924699306402,0.9333880356970943,2.0
98,0.0,0.0,0.0,0.0,0.0,0.0,0.008378935571594743,0.0017948270732035326,0.005396287002938082,0.007367521943605093,0.059940806390043004,0.010871908681729967,4.0
99,1.0,0.0,0.0,0.0,0.0,0.0,0.9853241809189667,0.8778604594777909,0.012465610181465634,0.03565263097704844,0.6837281954935384,0.0030615849738470395,0.0
100,1.0,1.0,0.0,0.0,1.0,0.0,0.8675962045750861,0.9013987241598792,0.01350894080734937,0.10685910423019716,0.9719198882188254,0.11185087982872918,0.0
101,0.0,0.0,0.0,0.0,0.0,0.0,0.0023982195158496885,0.018069420913286654,0.010817626643161087,0.007365423386089668,0.0128397097405893,0.010794268348122119,0.0
102,1.0,1.0,0.0,1.0,1.0,0.0,0.9965348340077286,0.9999339975772827,0.3177046907575398,0.14214248041494196,0.5857376632434714,0.033786075017452365,2.0
103,1.0,1.0,0.0,1.0,1.0,0.0,0.9997238146100734,0.9999914334454606,0.9208680258502221,0.9852403037229212,0.8361292545433255,0.09678032362248504,4.0
104,1.0,1.0,1.0,1.0,1.0,0.0,0.9983967204788288,0.9999945967409598,0.9550839609847667,0.9879674492026546,0.9984493252722263,0.2849766020887045,2.0
105,0.0,0.0,0.0,0.0,0.0,0.0,0.02378697693412558,0.001691604619542297,0.02790801541812503,0.01615496943533336,0.1572022765217124,0.10662891158893847,2.0
106,0.0,1.0,1.0,1.0,0.0,1.0,0.48635063001954915,0.8643694720151378,0.9846294951594803,0.9992442915320396,0.8619146245776149,0.8486310030679776,2.0
107,0.0,1.0,1.0,1.0,0.0,1.0,0.4987558846478935,0.9152844651100885,0.9943516153828292,0.9951061495038824,0.17957674982235228,0.9756927142143191,0.0
108,0.0,0.0,0.0,0.0,0.0,0.0,0.009878043910081246,0.07296079147017859,0.0362007956712623,0.0072056811653359405,0.05155768981014547,0.04256945798495959,3.0
109,1.0,1.0,1.0,1.0,0.0,0.0,0.9998422705781991,0.9999629698237228,0.9606083161308921,0.9908955242443215,0.9261162782615685,0.46204280192344543,0.0
110,1.0,1.0,1.0,1.0,1.0,0.0,0.9988444276008478,0.9997260456941803,0.9436182964199675,0.9931312134491654,0.807252194524544,0.3399329276662069,2.0
111,1.0,1.0,1.0,1.0,1.0,0.0,0.999806295472502,0.9999950415833542,0.902240092546156,0.9993443148670245,0.9991112944627818,0.9207324063738094,1.0
112,0.0,0.0,0.0,0.0,0.0,0.0,0.010961604889361341,0.008278030107374728,0.005942497635576149,0.008552785627089532,0.043204063058056554,0.0075110527329767356,4.0
113,1.0,1.0,1.0,1.0,1.0,1.0,0.9996747502574801,0.9999977299767129,0.5334372062692241,0.7577336238519319,0.9959849781424924,0.053208528650401404,1.0
114,1.0,1.0,0.0,0.0,0.0,0.0,0.9980131288529772,0.9989509603407879,0.8520758220815402,0.6519258199840617,0.8363049048097183,0.03785722119964315,3.0
115,1.0,1.0,0.0,0.0,1.0,0.0,0.9855315279058552,0.9817145796156154,0.058451877452165305,0.0361843344873356,0.7932368718479258,0.08895222723621457,0.0
116,1.0,1.0,1.0,1.0,1.0,1.0,0.9377550152972246,0.9999827803361572,0.9986901036584855,0.9999729498810599,0.9992786270635841,0.9684597285253794,3.0
117,1.0,1.0,1.0,1.0,1.0,0.0,0.9998943327839448,0.9999989032407673,0.474270240089418,0.9960850243778144,0.9912819066555991,0.4104388686535512,2.0
118,0.0,1.0,1.0,1.0,0.0,1.0,0.21593012370318868,0.9478823091452115,0.9834682025502305,0.9914798825601525,0.03262231390267227,0.9909809280406594,3.0
119,1.0,1.0,1.0,1.0,1.0,0.0,0.999631653251808,0.9999749641155465,0.9113513631290522,0.3977867054046767,0.381215764250129,0.4046849184342286,3.0
120,0.0,0.0,0.0,0.0,0.0,0.0,0.007451259983451155,0.07049072679119943,0.009741422911142862,0.011110014062787462,0.05114877199979083,0.006808438993434734,2.0
121,1.0,1.0,0.0,0.0,1.0,0.0,0.9159979374688934,0.9468853509013276,0.050726180658218004,0.005086668630820698,0.30522645239500845,0.07136064032793668,4.0
122,0.0,1.0,1.0,1.0,1.0,0.0,0.30730471467550813,0.9956097006217676,0.8554337756800026,0.9278357693250685,0.9118516041589745,0.1827491675576082,4.0
123,0.0,0.0,0.0,0.0,0.0,0.0,0.01711234556937255,0.009151096353659464,0.009846278025378545,0.005787711632721467,0.009767694983930817,0.006412275893843764,0.0
124,0.0,0.0,0.0,0.0,0.0,0.0,0.026761960360792904,0.02124219766156881,0.0022040144426325875,0.0038972982310258642,0.029284182094486497,0.004317262785677457,0.0
125,0.0,1.0,1.0,1.0,0.0,1.0,0.7139358673703696,0.9998463849916215,0.9998692571813086,0.9976106871513014,0.4419467704255588,0.999853980369549,2.0
126,0.0,1.0,1.0,1.0,1.0,1.0,0.07057740686058658,0.9908935820412043,0.9972401613787519,0.9996607874485731,0.9491676363920423,0.8268831749986211,1.0
127,1.0,1.0,0.0,0.0,1.0,0.0,0.9432725892119569,0.9995347527421085,0.00012146089391707226,0.002770691520112524,0.9901765941674211,9.217897582454038e-05,3.0
128,1.0,1.0,0.0,0.0,0.0,0.0,0.9564363269364021,0.8964286682344194,0.008658987879671011,0.04088598855827421,0.8322060306629262,0.002888849247427514,0.0
129,0.0,0.0,0.0,1.0,1.0,0.0,0.023038784874487874,0.011862948500409053,0.002647540594155213,0.004248570236655894,0.005919159332211724,0.005946351301623903,1.0
130,1.0,1.0,1.0,1.0,1.0,0.0,0.9967245401552923,0.9999985949038231,0.9929860897423797,0.9994154663315551,0.9806798344900908,0.7693868342223908,4.0
131,1.0,1.0,1.0,1.0,1.0,1.0,0.9985925489592481,0.9998540662710077,0.9586167205421983,0.9586909316342812,0.8326857588990528,0.15197544590618975,1.0
132,0.0,1.0,1.0,1.0,0.0,1.0,0.9550163252845616,0.9950461992778928,0.955606448412913,0.9980608621390344,0.8179508212647943,0.9670746361040288,2.0
133,0.0,0.0,0.0,0.0,0.0,0.0,0.07860384427707069,0.009096353988228582,0.0008895097727728958,0.006056187538401155,0.006697473125134745,0.00035384524906721687,3.0
134,0.0,0.0,0.0,0.0,0.0,0.0,0.14558434591856773,0.6705286124434464,0.9609189662784439,0.9237965809475149,0.45114093168210234,0.9136100845181845,4.0
135,1.0,1.0,1.0,0.0,1.0,0.0,0.996803442164852,0.9999672097486557,0.18120230251122255,0.42398102498056706,0.9719294670258937,0.07249323607247525,0.0
136,1.0,1.0,1.0,0.0,1.0,0.0,0.6870722600481295,0.47885707352303203,0.009269656736017878,0.01566515642239382,0.5222971350409044,0.22047384094615335,2.0
137,0.0,0.0,0.0,0.0,0.0,0.0,0.02477173098063675,0.004692591304740754,0.013826994742190978,0.008724300930846834,0.06520120553927863,0.08628984933914902,2.0
138,0.0,0.0,0.0,0.0,0.0,0.0,0.06825234461931046,0.008270942128342004,0.00223931623814874,0.007925084877238238,0.022314665673278083,0.0007484929317112767,2.0
139,0.0,0.0,0.0,0.0,0.0,0.0,0.012095944197142572,0.007540440589836073,0.0034232405989880754,0.006587116216652082,0.08080566699665076,0.0018061226997974948,2.0
140,0.0,0.0,0.0,0.0,0.0,0.0,0.026245504168377714,0.006595502284577553,0.002011716266919016,0.0036218630005918303,0.01458735962075574,0.027331383900511066,1.0
141,1.0,1.0,0.0,1.0,1.0,0.0,0.002557932383223371,0.010297805582058388,0.004063896435896616,0.0005417814898511981,0.009925315568317309,0.006838082670443392,0.0
142,1.0,1.0,0.0,0.0,1.0,0.0,0.9975076951055886,0.9998550595059875,0.7166641179787061,0.8926738412378784,0.8491777468823279,0.07086819290181721,1.0
143,1.0,1.0,0.0,0.0,1.0,0.0,0.9338559043064241,0.7940141205102335,0.0057994011430959145,0.00246312652666343,0.4067742656315837,0.0027260638075639527,4.0
144,0.0,0.0,0.0,0.0,0.0,0.0,0.029056602863640188,0.010040540195348679,0.004494834911159442,0.010433925292011717,0.03195898088491861,0.0021513199863235316,2.0
145,0.0,0.0,0.0,0.0,0.0,0.0,0.016669963698456153,0.03154831694563826,0.019611417895004014,0.004911533443416631,0.019493975600929386,0.01038657870426359,3.0
146,1.0,1.0,1.0,1.0,1.0,0.0,0.9999513739384057,0.9999982038758986,0.8755462756764959,0.9891118075466202,0.999304159026828,0.22822142067845513,4.0
147,1.0,1.0,0.0,1.0,1.0,0.0,0.9856417627170875,0.9999886800003622,0.6625871735911283,0.9792249673171446,0.9994209983055502,0.026765964894851266,1.0
148,0.0,0.0,0.0,0.0,0.0,0.0,0.04054382486561511,0.040767467068888404,0.0015077298571291495,0.0017399650640677357,0.11013246097055981,0.00754292362778691,1.0
149,1.0,0.0,0.0,0.0,0.0,0.0,0.7837033284011642,0.9521685568810213,0.004338991249909016,0.0024042943939351917,0.6800808603888511,0.000527617696700657,3.0
150,0.0,0.0,0.0,0.0,0.0,0.0,0.11359744670758325,0.006446936681487689,0.010275976840630457,6.72911178013355e-05,0.011928258545383607,0.005931470624628624,4.0
151,1.0,1.0,0.0,0.0,0.0,0.0,0.9798574036934977,0.9789247649617582,0.16875311213752478,0.03331293198658947,0.20043236464087255,0.003184136438680524,4.0
152,0.0,0.0,0.0,0.0,0.0,0.0,0.6209589393791806,0.5292490115250764,0.0040899074415824115,0.0536688539719233,0.7276420543114129,0.006628102857389232,4.0
153,1.0,1.0,1.0,1.0,1.0,0.0,0.9996793145367997,0.9997594500815592,0.96350715180878,0.9852472447454068,0.79039555935173,0.517585825409885,3.0
154,0.0,0.0,0.0,0.0,0.0,0.0,0.002452565476344434,0.00362853887192769,0.004801552618688687,0.004463801698900238,0.00944161550047026,0.03517051652811468,3.0
155,0.0,0.0,0.0,0.0,0.0,0.0,0.00416719146737004,0.008998524176804025,0.0026861026844832584,0.014799656534761606,0.038269030928427206,0.0036763565778016117,1.0
156,0.0,0.0,0.0,0.0,0.0,0.0,0.006889966905326886,0.01350587138964029,0.03488630831299767,0.0015496067723786999,0.0033491506942578617,0.0006331389270149271,1.0
157,1.0,1.0,1.0,1.0,1.0,1.0,0.9998125830787574,0.9999924734620623,0.9803560548705476,0.8697592650110741,0.9993326908738294,0.46887299379320824,3.0
158,1.0,1.0,1.0,1.0,1.0,1.0,0.9998698039966932,0.9999969642509315,0.9995927023869119,0.9986531646258369,0.8134713812220664,0.8680344089348203,1.0
159,0.0,0.0,0.0,0.0,0.0,0.0,0.025645118568811163,0.06873881169454883,0.04249424177083287,0.0024602564191517264,0.006799930117676884,0.029449242177002316,3.0
160,0.0,0.0,0.0,0.0,0.0,0.0,0.06344031940976455,0.0017635825480520442,0.002334912103139983,0.007258247340849776,0.08408401903975209,0.06569450372333141,4.0
161,1.0,1.0,0.0,0.0,1.0,0.0,0.9334833435247044,0.9893574860454265,0.007026720727274002,0.017467778188873517,0.7721612004019304,0.02736020760857789,4.0
162,1.0,1.0,0.0,0.0,0.0,0.0,0.9996681460364616,0.9996038421163622,0.05111588833253461,0.3932639231105398,0.7940564217257674,0.0302705633508471,0.0
163,0.0,0.0,0.0,0.0,0.0,0.0,0.008422069820523924,0.006959464297906503,0.017420311154280912,0.006704553437892555,0.005659949885412146,0.0013045034449465634,0.0
164,1.0,1.0,0.0,0.0,1.0,0.0,0.9933995784616122,0.9935940983349779,0.3659087040844168,0.11773745559945815,0.9406179721884332,0.028078551049299502,1.0
165,1.0,1.0,1.0,1.0,1.0,1.0,0.9995004183476769,0.9998742205150392,0.9958488343131547,0.9960353792392368,0.961557794130246,0.875024089178218,2.0
166,1.0,1.0,1.0,1.0,1.0,0.0,0.9999071198624773,0.999990507764377,0.969091736981904,0.9921780914717756,0.9955254681503621,0.051738134941443706,4.0
167,1.0,1.0,1.0,1.0,1.0,0.0,0.9999186967825286,0.9999986401521663,0.9168309917806433,0.9839541435182637,0.9992669172102079,0.07472633315914406,2.0
168,0.0,0.0,0.0,0.0,0.0,0.0,0.004928920266045759,0.03635298805493108,0.005231275207642059,0.013960922472162513,0.03716247585437745,0.0044244852148466445,0.0
169,0.0,1.0,0.0,1.0,1.0,1.0,0.36932794908336997,0.06682292219888711,0.0022902521010670822,0.010337980577686418,0.049371786696194665,0.2377047972181495,3.0
170,1.0,1.0,0.0,1.0,1.0,1.0,0.25854677857145847,0.38514953033767707,0.007506374229280789,0.5930815366821733,0.7531211995050745,0.7914484901590375,0.0
171,0.0,0.0,0.0,0.0,0.0,0.0,0.0037774849147576084,0.004773902505234026,0.019151291132147252,0.0027172514117027643,0.027492558021670156,0.003380877497593693,2.0
172,1.0,1.0,0.0,1.0,1.0,0.0,0.04375353668642601,0.616945408752399,0.9856932756316334,0.9614086364190292,0.29159058543648153,0.756993715402223,3.0
173,1.0,1.0,1.0,0.0,1.0,0.0,0.9957174034261761,0.9997687061183259,0.4692713573683743,0.6531215573255267,0.6459344479972248,0.05452199477473499,0.0
174,1.0,1.0,1.0,1.0,0.0,1.0,0.9405709289383144,0.9820054625565555,0.9992042549106475,0.996129507605041,0.7102213009848131,0.9180705818727091,1.0
175,1.0,1.0,0.0,1.0,1.0,1.0,0.9999800626978438,0.9999994367493477,0.8842741583256319,0.999627944108204,0.9999923554685985,0.7289210667961866,0.0
176,1.0,1.0,0.0,1.0,1.0,0.0,0.9998336543752775,0.999990635018767,0.5232067415788303,0.9867488998561895,0.9994273071044641,0.2389866030185105,3.0
177,0.0,1.0,1.0,1.0,1.0,1.0,0.009920830966847163,0.9682140296377564,0.9717882709066807,0.9993491566969187,0.9994039161676531,0.523430624485065,1.0
178,0.0,1.0,1.0,1.0,1.0,0.0,0.20066274280143057,0.5620776006547706,0.9970571598279546,0.994841083226895,0.48013580816056584,0.9616492786810786,1.0
179,1.0,1.0,0.0,1.0,1.0,0.0,0.9873864700131907,0.9999765022241996,0.09431506220302914,0.2221705694622057,0.9027953442765415,0.0012133003350227511,1.0
180,0.0,0.0,0.0,0.0,0.0,0.0,0.10778118328315323,0.04879925231426022,0.09755708386660976,0.00405212913475036,0.1343091119124805,0.3160559924285134,3.0
181,1.0,1.0,1.0,1.0,0.0,0.0,0.9720668804817386,0.9994374215296533,0.9630638947892461,0.7463829778398777,0.7492449940095915,0.3423565877881248,1.0
182,0.0,0.0,0.0,0.0,0.0,0.0,0.02777035759923939,0.0262050685452322,0.007973065514641133,0.00993929842819254,0.013915799849468356,0.014357754408536347,2.0
183,1.0,1.0,1.0,1.0,1.0,1.0,0.9999539339036813,0.9999946348047416,0.9358490426244628,0.9974856009909181,0.9995667853933488,0.07711723460029511,2.0
184,1.0,1.0,1.0,1.0,1.0,1.0,0.9996392086916154,0.999976920281809,0.9989828731028334,0.9980068633511098,0.9922867141976043,0.9560550111581899,0.0
185,0.0,0.0,0.0,0.0,0.0,0.0,0.01875736575228188,0.0029199751987473844,0.0199062491889243,0.004342108012068905,0.014107757697105606,0.009111221193618397,0.0
186,1.0,1.0,1.0,1.0,1.0,1.0,0.9979686269701254,0.9999805090593222,0.8896731367263663,0.7838851242657632,0.9387040355119347,0.48390280164318006,4.0
187,1.0,1.0,1.0,1.0,1.0,0.0,0.997468925136585,0.9999006308309204,0.777508160635242,0.7836438654783275,0.9955937563203684,0.0235948165580147,4.0
188,1.0,1.0,0.0,0.0,1.0,0.0,0.9939919604564887,0.9937495020948213,0.005539759197630716,0.021313088213613805,0.8736056472466832,0.005272165214160917,0.0
189,1.0,1.0,1.0,1.0,0.0,0.0,0.9993355802471556,0.9996887042825959,0.9986881611052764,0.9933736867621026,0.7662252751495404,0.909586146428749,4.0
190,0.0,0.0,0.0,0.0,0.0,0.0,0.01992563056279872,0.016525088080962265,0.006336893408892789,0.013123099220838598,0.02080501934652107,0.002975892780353922,3.0
191,0.0,0.0,0.0,0.0,0.0,0.0,0.10730019386753854,0.15364563540036763,0.16512010374384203,0.08391248129990134,0.006709554905724436,0.005331098536457216,3.0
192,0.0,1.0,0.0,1.0,1.0,0.0,0.1898604069926813,0.9643009895813179,0.1545590523792966,0.9191054715119344,0.6985496965168132,0.003963092023491766,1.0
193,0.0,0.0,0.0,0.0,0.0,0.0,0.022717890029740555,0.021667407584983166,0.00206102621157516,0.0031387803730728555,0.10820773333500455,0.008852835513330245,2.0
194,1.0,1.0,1.0,1.0,0.0,0.0,0.9905213959470754,0.999906753483252,0.9473288254548577,0.4814575299411771,0.8325974798149146,0.18609949182580246,2.0
195,0.0,1.0,1.0,1.0,1.0,1.0,0.9658314846265346,0.9888673237109168,0.6866972516202793,0.7347859713300431,0.9463014625996015,0.010261785162877431,1.0
196,1.0,1.0,1.0,1.0,1.0,1.0,0.9999834003028583,0.9999937658494893,0.8335654360729214,0.9763335942879365,0.9792554689156583,0.11054812952178426,1.0
197,1.0,1.0,1.0,1.0,1.0,1.0,0.9998249502513423,0.9999985531700614,0.9998496941301634,0.996116494329478,0.999938939345035,0.7543407449218172,4.0
198,0.0,0.0,0.0,0.0,0.0,0.0,0.03164322163673708,0.04730425798723791,0.01283102853916936,0.009792557953864736,0.03487218480547177,0.06191194386256164,0.0
199,0.0,0.0,1.0,0.0,0.0,0.0,0.11463132374670477,0.791124246848885,0.9970664432986359,0.9835282458891875,0.6506268689303308,0.6725464800423111,0.0
200,0.0,0.0,0.0,0.0,0.0,0.0,0.009947938967429636,0.026796961451293733,0.002080227879907605,0.0011716837705285801,0.08407752964447777,0.005806208753482082,4.0
201,1.0,1.0,1.0,1.0,1.0,0.0,0.9986796381659414,0.9999193698572345,0.7546538502792925,0.9149212584116833,0.9707004240218744,0.20789889966447367,4.0
202,1.0,1.0,1.0,1.0,1.0,1.0,0.9999238182214717,0.9999999250544002,0.9990637947636272,0.9794247224578814,0.9932387624536719,0.436340164192882,4.0
203,0.0,0.0,1.0,0.0,0.0,1.0,0.02932795423140426,0.2135983890084093,0.4641270844073528,0.0011326470547397098,0.00227939910556233,0.3575662954701482,0.0
204,1.0,1.0,1.0,1.0,1.0,0.0,0.997843938654599,0.9999595615534176,0.975482579178847,0.9896128978890572,0.9373966607047336,0.46590098345717523,2.0
205,1.0,1.0,1.0,1.0,1.0,1.0,0.9991030180752613,0.9999836144903739,0.9947796575281987,0.9982438158814441,0.9158384668732499,0.8427630096156992,4.0
206,1.0,1.0,1.0,1.0,1.0,0.0,0.9998754546793177,0.9999998633231084,0.954038704900088,0.9989639075826565,0.9991772314091909,0.7762842903572986,4.0
207,1.0,1.0,0.0,0.0,1.0,1.0,0.9778260204199033,0.8003626262800249,0.005195835962175487,0.044780009044751164,0.7829048528548825,0.20331497401288717,4.0
208,1.0,1.0,1.0,1.0,1.0,1.0,0.9301911465810633,0.9967973527715498,0.9998701397148654,0.9995380443206078,0.9621895044398416,0.9928666259778849,1.0
209,1.0,1.0,1.0,1.0,1.0,1.0,0.9780057125452235,0.9998568198012531,0.6498079293227208,0.9388482395599228,0.7790540706297929,0.2332362788914761,1.0
210,1.0,1.0,1.0,1.0,1.0,1.0,0.9993731308061059,0.9999872363413338,0.9992797974121885,0.9900043136297662,0.9427517712805721,0.7769444533969645,0.0
211,1.0,1.0,1.0,1.0,1.0,1.0,0.7568804520952758,0.996061899351591,0.9856855171305315,0.9994689519231136,0.8039412835246966,0.9652465922629956,2.0
212,0.0,0.0,0.0,0.0,0.0,0.0,0.0031113422364024766,0.005428384687297414,0.019477372564255274,0.0034032679126932363,0.02605278620528311,0.006971668818815917,0.0
213,1.0,1.0,0.0,0.0,0.0,0.0,0.9993576632307,0.9972003813375951,0.3770657024427424,0.20046508241880642,0.9388423416117432,0.0604250508281454,2.0
214,1.0,1.0,0.0,0.0,0.0,0.0,0.9919094004844863,0.9999966163846574,0.005991438456833411,0.04215452226290275,0.9984986753093742,0.0002854428901827542,1.0
215,0.0,0.0,0.0,0.0,0.0,0.0,0.016359343535893127,0.009960507963139088,0.003060737099483487,0.007010425736296465,0.018037782959939994,0.004566926320738819,2.0
216,0.0,0.0,0.0,0.0,0.0,0.0,0.012896213449373363,0.008997661199352393,0.0007538658295782563,0.014209812233617853,0.01652149475488531,0.017866115949172357,4.0
217,0.0,0.0,0.0,0.0,0.0,0.0,0.005027064719915109,0.004691754255262423,0.006836274504901199,0.0018759367917993957,0.0018234694707863041,0.0051907722097635015,3.0
218,0.0,0.0,0.0,0.0,0.0,0.0,0.021259700755460062,0.004184163298302224,0.003443122361712466,0.0024588059329578443,0.00290002885806598,0.0013788703252658229,1.0
219,1.0,1.0,0.0,0.0,1.0,0.0,0.9674951331262304,0.9999929508632368,0.5492624300952572,0.9717251699472089,0.989392127945589,0.013796915316920363,4.0
220,0.0,1.0,0.0,0.0,1.0,1.0,0.9999785565250027,0.9829355457958676,0.012219580708123139,0.41998441267542563,0.9948365834606512,0.8599832955236547,0.0
221,1.0,1.0,0.0,0.0,0.0,0.0,0.9636720157018066,0.9822418280067594,0.008476278590251515,0.011847518717043181,0.6343180154854281,0.003201729774623126,1.0
222,1.0,1.0,0.0,0.0,1.0,0.0,0.9977721671856641,0.9996852250992183,0.2916615095624924,0.23797803684106555,0.6872913008313477,0.007806116879665299,2.0
223,0.0,0.0,0.0,0.0,0.0,0.0,0.008506031853856502,0.0031079069206288966,0.07164444610197326,0.006850796955019411,0.20590400832051794,0.012447008131383185,3.0
224,1.0,1.0,0.0,0.0,0.0,0.0,0.83479823890319,0.9811388539093785,0.007434482270393492,0.02193337234533276,0.6245962931687583,0.011497019302285104,2.0
225,0.0,0.0,0.0,0.0,0.0,0.0,0.005231523990439531,0.01669361313493982,0.0004695735000792557,0.012017340662568167,0.024674910739764945,0.002067665197623589,4.0
226,1.0,1.0,1.0,1.0,1.0,0.0,0.9984144605141897,0.9999995410264121,0.7558415482066492,0.9154393534309581,0.9973799198728496,0.16741979828159198,0.0
227,0.0,1.0,1.0,1.0,0.0,1.0,0.11039357531619226,0.7991878570767232,0.9288790883542378,0.9936963481186325,0.9172997303548693,0.7758796598095608,2.0
228,1.0,1.0,1.0,1.0,1.0,1.0,0.999972750823083,0.9999906346421996,0.8619704849161625,0.2260058279813287,0.6372773366494412,0.35416643221632477,2.0
229,1.0,1.0,1.0,1.0,1.0,1.0,0.9985384932391321,0.9968421244635377,0.5883068198734163,0.39071748252537253,0.9973948837187379,0.029004879458932695,4.0
230,0.0,0.0,0.0,0.0,0.0,0.0,0.04125491638580848,0.006661227447904738,0.004552872111423875,0.027000348640258947,0.01962220422718723,0.0004765293860846244,4.0
231,0.0,0.0,0.0,0.0,0.0,0.0,0.07889328092929233,0.2960061342154943,0.19888877614877784,0.00408363287571654,0.0019047159141440658,0.0813905186208913,0.0
232,0.0,0.0,0.0,0.0,0.0,0.0,0.9956979182677119,0.9752467742042421,0.06488113293903075,0.04245304837261337,0.3070814989704295,0.0011632828513767925,2.0
233,0.0,1.0,1.0,1.0,1.0,1.0,0.14587974527228506,0.9671819930457195,0.9988236316142076,0.9991710422330297,0.8083556414705699,0.9739258203259054,1.0
234,0.0,1.0,1.0,1.0,0.0,1.0,0.03380905429604086,0.6865299106247743,0.9941810806456914,0.9491493024916291,0.26511181221275104,0.21189433658589737,3.0
235,0.0,0.0,0.0,0.0,0.0,0.0,0.05756515943447599,0.02882149116226252,0.002136924652991637,0.006969783224329436,0.006045856428605159,0.0038376907926765303,2.0
236,1.0,1.0,0.0,0.0,1.0,0.0,0.994539380829862,0.9935296093748333,0.03656813087919745,0.06487051750969829,0.874534836711651,0.08968389132070434,1.0
237,1.0,1.0,1.0,1.0,1.0,1.0,0.7327472360029202,0.9773673757638032,0.9818642751110123,0.9995654541582387,0.915200785589357,0.9505850378056143,0.0
238,1.0,1.0,1.0,1.0,1.0,1.0,0.016388794563759013,0.981656454353993,0.9914388239105812,0.9373748069012449,0.09962993018023174,0.8869769678922833,3.0
239,0.0,0.0,0.0,0.0,0.0,0.0,0.014011744120622395,0.004796416688911794,0.004654955031249289,0.001670169347603274,0.002897395148073957,0.004378895318082522,0.0
240,0.0,0.0,0.0,0.0,0.0,0.0,0.4502031323262288,0.015142980353308709,0.002528061299068821,0.00013255958612548439,0.016052744152839582,0.0003793598065622927,0.0
241,1.0,1.0,1.0,1.0,1.0,1.0,0.8477609280968323,0.9336393516312345,0.9533075884650275,0.9893034907112451,0.8321939113611052,0.8187831637139764,4.0
242,0.0,0.0,0.0,0.0,0.0,0.0,0.011060799189691228,0.005560897162639982,0.000784910420790422,0.0009359970211083859,0.027402681360883103,0.12167892787024767,2.0
243,0.0,0.0,0.0,0.0,0.0,0.0,0.0023736537320864885,0.010574780470684816,0.005016335226937602,0.0037181825376688396,0.014540352590577555,0.03104609856855236,1.0
244,1.0,1.0,1.0,0.0,0.0,0.0,0.9989213451797693,0.9999455611167031,0.12590825819756266,0.04846474011226896,0.22518172760169425,0.15986109748591923,0.0
245,0.0,0.0,0.0,0.0,0.0,0.0,0.030872609352569885,0.07638197733018183,0.0010469930554736675,0.0011409345759403494,0.021944358569229244,0.17218428871471186,3.0
246,0.0,1.0,1.0,1.0,1.0,1.0,0.9982559635625542,0.9995514569806258,0.5599638791727367,0.6740834028614596,0.987317433763085,0.05536494996431098,4.0
247,1.0,1.0,1.0,1.0,1.0,1.0,0.9999953126938436,0.9999997769804798,0.9981380420441126,0.9999784408226824,0.9932327288989163,0.9927679017038464,0.0
248,0.0,1.0,1.0,1.0,0.0,1.0,0.029186759068496087,0.9763056863087426,0.999946743965761,0.8600656265648897,0.3567664470703938,0.6564404635748787,2.0
249,0.0,0.0,0.0,0.0,0.0,0.0,0.013447387142672374,0.014768411822964954,0.006517999925313058,0.007759550236829196,0.012351239831729166,0.004464523211258352,2.0
250,0.0,0.0,0.0,0.0,0.0,0.0,0.021731974233788427,0.022874662929929065,0.009669117681455534,0.0030674784725494638,0.005060050105341335,0.016200594054307085,3.0
251,0.0,1.0,1.0,1.0,1.0,1.0,0.029942701116346605,0.50248320819384,0.34252946130666845,0.6892307532233176,0.9850458282681672,0.561577868970653,0.0
252,1.0,1.0,0.0,0.0,1.0,0.0,0.9806020033280315,0.9999721054356996,0.5077583780723691,0.8042899733052002,0.9849568761829339,0.020341246442060288,4.0
253,1.0,1.0,1.0,1.0,1.0,0.0,0.9977115615332618,0.9990963252554502,0.936151298866908,0.9656584174159345,0.8623010457310355,0.6484037710843461,4.0
254,1.0,1.0,1.0,0.0,1.0,1.0,0.9969296902008138,0.9964513076231454,0.9756468542914887,0.7760194282674127,0.9514720759380276,0.5371224645475741,1.0
255,1.0,1.0,1.0,0.0,1.0,0.0,0.9705470151110172,0.9996950000282044,0.9005281129575253,0.06349087692719446,0.35952880801296666,0.20328857281840346,3.0
256,1.0,1.0,1.0,1.0,1.0,0.0,0.9998380427546367,0.9999841067716596,0.8880017789393806,0.972978160742954,0.8559372500090813,0.48887814916143646,2.0
257,0.0,0.0,0.0,0.0,0.0,0.0,0.005451603087947388,0.005167683139629534,0.002356185429516005,0.007954998242953468,0.02910669490242,0.03021927042045261,3.0
258,0.0,0.0,0.0,0.0,0.0,0.0,0.011986284957800979,0.0129625740201072,0.007544537765350256,0.005408597583994164,0.05231137477111167,0.03629728716308756,2.0
259,1.0,0.0,0.0,0.0,1.0,0.0,0.9080201902718782,0.4201409745918444,0.0015610468903739406,0.003973768271290035,0.46023358900757577,0.0007278718505948988,0.0
260,0.0,0.0,1.0,0.0,0.0,1.0,0.0517569260473098,0.719296960091397,0.8256137508938877,0.9300995362748804,0.4316884303456587,0.686184485443975,2.0
261,1.0,1.0,0.0,0.0,1.0,0.0,0.9956806654733071,0.9986961482705464,0.39715863187298767,0.007398795823101613,0.43454057897018555,0.3561377127665182,0.0
262,1.0,1.0,0.0,0.0,1.0,1.0,0.9360693157017134,0.9931826856515319,0.07040476807929166,0.4308797879833864,0.9881902434450235,0.8160424218025458,4.0
263,0.0,0.0,0.0,1.0,1.0,1.0,0.012227043738709203,0.003468187508040504,0.0026651227295332717,0.001296367636614117,0.012354434443871331,0.00649894042626719,3.0
264,0.0,0.0,0.0,0.0,0.0,0.0,0.3231098918204046,0.31405413134963184,0.005799954457150617,0.0038884083748025413,0.005753364899340178,0.036287647954707285,3.0
265,1.0,1.0,0.0,0.0,1.0,0.0,0.9581181715331972,0.995994615314886,0.6146587003743373,0.1435826651095056,0.49486441365756845,0.12180407138609732,1.0
266,1.0,1.0,1.0,1.0,1.0,0.0,0.999154055939224,0.9998287012694994,0.7339514951416577,0.9850450800699828,0.7796488359558635,0.37528762514079195,1.0
267,1.0,1.0,1.0,1.0,1.0,0.0,0.9990895699687331,0.9997544988536297,0.1218896111512676,0.5985528580530347,0.32307165258923154,0.022670919892609748,2.0
268,1.0,1.0,0.0,1.0,1.0,0.0,0.5527317764826827,0.9997776381779357,0.8565394252834578,0.8867626747585725,0.998602643184358,0.1388279518509756,3.0
269,0.0,0.0,0.0,0.0,0.0,0.0,0.023179873710985684,0.17601753235456372,0.011898892520969992,0.0034589350773994087,0.09092185552479398,0.0025571779543522187,4.0
270,0.0,1.0,1.0,1.0,0.0,1.0,0.06613760424612329,0.08979398010526468,0.78725024327029,0.12196280897539097,0.019728530996786946,0.04163586605806765,0.0
271,1.0,1.0,1.0,1.0,1.0,0.0,0.9933165940435877,0.9973654945556363,0.2537250799514472,0.004200459407479294,0.33773528951263904,0.04183354254275994,0.0
272,1.0,1.0,0.0,0.0,1.0,0.0,0.9768331813166127,0.9564434472576737,0.004657028979623244,0.019036414630310253,0.12461450875552185,0.0010836302744783503,2.0
273,0.0,1.0,1.0,0.0,0.0,0.0,0.9305053145747382,0.9943632243418928,0.9976071574786235,0.9289620717835312,0.7676641538968787,0.5875296347652756,2.0
274,0.0,0.0,0.0,0.0,0.0,0.0,0.00773743936037234,0.0048537530268465525,0.3462775738007241,0.012903215726962992,0.05898110245346632,0.35501155413093544,0.0
275,0.0,0.0,0.0,0.0,0.0,0.0,0.030061060892174352,0.008039852923305786,0.00690299961201025,0.003592529991017092,0.04100751017943865,0.01759386140359047,0.0
276,1.0,1.0,1.0,1.0,1.0,1.0,0.9994848150172214,0.9999980657064416,0.6840875139140218,0.9117378529634708,0.9981406378644994,0.11635426393752143,4.0
277,1.0,1.0,1.0,1.0,1.0,1.0,0.1804261139999117,0.37768574166351054,0.4340052930888259,0.02838260329018298,0.04576897048704857,0.39574418149356577,1.0
278,1.0,1.0,1.0,1.0,1.0,0.0,0.9960470705939466,0.9999934081051353,0.9988865243721826,0.9998046212014308,0.9999103653620919,0.6440170341384015,3.0
279,1.0,1.0,1.0,1.0,1.0,0.0,0.9990282089148871,0.9999986206998981,0.9962107982623143,0.9824917803645682,0.9986779155393277,0.24578417507858757,4.0
280,1.0,1.0,1.0,1.0,1.0,1.0,0.30652386136643933,0.20318958257171038,0.6383267334124938,0.26544500159948603,0.10288974796170283,0.006907543167026829,2.0
281,0.0,0.0,0.0,0.0,0.0,0.0,0.02373394417976204,0.03925899791296093,0.09204664859900533,0.0018402638132387847,0.007074314127366946,0.0008474298058336364,2.0
282,1.0,1.0,1.0,1.0,1.0,0.0,0.9921426721791377,0.9999950223500305,0.9733676441229544,0.88457449460768,0.9820717833146736,0.11851384327919634,1.0
283,1.0,1.0,0.0,0.0,1.0,0.0,0.9568058185900244,0.977458736979531,0.008871351866438767,0.10042925558630164,0.6535701710843203,0.002666944206316098,4.0
284,1.0,1.0,1.0,0.0,0.0,1.0,0.9993020737810924,0.9996859284664801,0.9786062328473013,0.7970246273008355,0.4794589010768207,0.7577512725565758,3.0
285,1.0,1.0,1.0,1.0,1.0,1.0,0.9939464545830969,0.9999992079244341,0.9912690367031618,0.975277188523157,0.999098706901863,0.2580036799123026,1.0
286,0.0,0.0,0.0,0.0,0.0,0.0,0.040124186650056085,0.007307253984255751,0.02134160637064108,0.0032852421131548608,0.019847917851315424,0.00848319396191224,1.0
287,1.0,1.0,1.0,1.0,0.0,0.0,0.9990147395365905,0.9998282342766835,0.9474162862583577,0.7533016276999976,0.7624138541909925,0.13434380145112826,1.0
288,1.0,1.0,0.0,0.0,1.0,0.0,0.9965174112141129,0.9999938646537813,0.9008103941330354,0.9978201329276092,0.9794005828746346,0.450965392257303,4.0
289,0.0,0.0,0.0,0.0,0.0,0.0,0.015698116903295478,0.0060248872672739534,0.0023619461373748435,0.0028933215957883686,0.008223528821094986,0.008836842326698364,0.0
290,0.0,1.0,1.0,1.0,1.0,1.0,0.40449675065831797,0.9993701655323889,0.9993639284966286,0.9996399814633701,0.9731923675386653,0.9388857068710567,1.0
291,1.0,1.0,1.0,1.0,1.0,0.0,0.9999096467503826,0.9999999355737424,0.9921176831019058,0.9993967650559407,0.9993399986147105,0.19603611814980806,1.0
292,1.0,1.0,1.0,0.0,1.0,1.0,0.9991548839763839,0.9999370352829385,0.9069483553447668,0.9513030155314853,0.9072723145173248,0.0963415751158567,1.0
293,1.0,1.0,0.0,0.0,1.0,0.0,0.9882709873854003,0.990441420100606,0.9663625533691869,0.9232399315904819,0.9487274009816784,0.6236682955897825,4.0
294,1.0,1.0,1.0,1.0,1.0,0.0,0.9997953314121951,0.9999950113279075,0.9524179452515433,0.9942508408992511,0.9875655222299003,0.45279931331409234,1.0
295,1.0,1.0,0.0,0.0,0.0,0.0,0.36242360750008246,0.0717674081871066,0.009324457877919377,0.0003977557943544238,0.07110330921353468,0.00025245643496049836,4.0
296,0.0,1.0,1.0,1.0,0.0,1.0,0.16342481011841734,0.43318848188043657,0.9745439482560924,0.972617787129446,0.12119243524432179,0.7038868060061387,1.0
297,1.0,1.0,1.0,1.0,1.0,1.0,0.26865158430183445,0.9447662080109209,0.9999087043238384,0.9982984271844935,0.87917336898441,0.9973125208693989,0.0
298,1.0,1.0,1.0,1.0,1.0,0.0,0.9999930148798862,0.999996465961048,0.8736271192477855,0.9473842474307776,0.9962047940892346,0.006525080321447241,0.0
299,1.0,1.0,1.0,1.0,1.0,0.0,0.9976689838411725,0.9999150632138147,0.9827988374449937,0.993018970110653,0.9613452660327216,0.8530942690631774,2.0
300,0.0,0.0,0.0,0.0,0.0,0.0,0.009133584588800595,0.010923297328274973,0.0037063054268093904,0.007305808635149741,0.02356814538620334,0.011285525130525779,0.0
301,1.0,1.0,1.0,1.0,1.0,0.0,0.9999317630945067,0.9999985304936304,0.9992348763546242,0.9961516937483988,0.9991886950848455,0.5841261662303132,3.0
302,1.0,1.0,1.0,1.0,1.0,1.0,0.9999568663778001,0.9998879788205928,0.9975063055112505,0.9992441732082652,0.9993291540907282,0.9809700405804133,2.0
303,1.0,1.0,1.0,0.0,0.0,0.0,0.9994602149807514,0.9999974051146572,0.9859251276927643,0.9935689954780735,0.9977029783884099,0.8599632086787949,0.0
304,0.0,0.0,0.0,0.0,0.0,0.0,0.017190959141840514,0.00829922552066966,0.0215897726169542,0.002887550640602546,0.015736829691484572,0.009076593349768187,3.0
305,1.0,1.0,1.0,1.0,1.0,0.0,0.9989143492740655,0.9850508157098102,0.7484373289771115,0.9093237776092814,0.7229304390914858,0.1148150002044768,2.0
306,0.0,0.0,0.0,0.0,0.0,0.0,0.03236284305013778,0.037125111865433144,0.019563901477704242,0.0068182085219655394,0.032247560082175934,0.006911784932049329,1.0
307,1.0,1.0,1.0,1.0,1.0,1.0,0.6828905363049043,0.9988155192731644,0.9915979152955064,0.9944973455860946,0.35853158722508716,0.972775292344884,2.0
308,1.0,1.0,0.0,0.0,0.0,0.0,0.9598899979711707,0.9794032346021704,0.012368696805464364,0.00666847921660476,0.7250966397146674,0.0015237252459348444,1.0
309,0.0,0.0,0.0,0.0,0.0,0.0,0.002807549216725296,0.002083812709340611,0.0007878523355543724,0.00043807727028750254,0.0737725812285911,0.004152628938248218,1.0
310,0.0,0.0,0.0,0.0,0.0,0.0,0.024569253484828153,0.009451156842555375,0.008640659424699116,0.0049474623595032385,0.019574411868002902,0.005992674447003191,1.0
311,1.0,1.0,1.0,1.0,1.0,1.0,0.9996314751117338,0.9999716568835973,0.9976261654782204,0.9539006742823737,0.9872195666033825,0.8885188173691615,2.0
312,1.0,1.0,1.0,1.0,1.0,1.0,0.9864542988618229,0.9999852656825999,0.9982943840369936,0.9627873876613214,0.9880717677816344,0.8641727973094911,1.0
313,1.0,1.0,1.0,1.0,1.0,1.0,0.8703134400111706,0.9805468222492074,0.9953044908603271,0.9988429426794959,0.9849943142437644,0.9649852735405517,3.0
314,1.0,1.0,1.0,1.0,1.0,0.0,0.9968807715530509,0.9994144864886947,0.9420262419680963,0.7024290537842591,0.8792660425003461,0.3587013132367985,2.0
315,1.0,1.0,1.0,1.0,1.0,1.0,0.9997217759865729,0.9991989896059873,0.9894851974648066,0.7161518375953955,0.9970798191611082,0.6718230147523194,4.0
316,1.0,1.0,1.0,1.0,1.0,1.0,0.9752298222682624,0.9999822776759939,0.999220707893489,0.9538263123584015,0.9955176481328305,0.8809108064725678,0.0
317,0.0,0.0,0.0,0.0,0.0,0.0,0.006873041984357242,0.0025476492243258556,0.016182451221419723,0.0046646389699398294,0.011523692463244162,0.05705448106201579,4.0
318,1.0,1.0,1.0,1.0,1.0,0.0,0.9965386252792765,0.9997336614317957,0.31964206390372524,0.019081939384594293,0.3420648132554064,0.1358450136067086,2.0
319,0.0,0.0,0.0,0.0,0.0,0.0,0.006027976479073682,0.004899293377969808,0.0016508236568141608,0.00030062822843383115,0.31422572701999274,0.03174820144799141,2.0
320,1.0,1.0,1.0,1.0,1.0,1.0,0.9781134524919969,0.9997287623363519,0.6814724471471774,0.9985092569771964,0.8974344006840361,0.9495951454812761,3.0
321,0.0,0.0,0.0,0.0,0.0,0.0,0.01048840675626325,0.0019798300273226504,0.0011463494543837594,0.006149583748281075,0.01633198840378147,0.003317711376203615,2.0
322,1.0,1.0,1.0,1.0,1.0,1.0,0.9978479033488078,0.9999632970828755,0.9969265917725613,0.9974708236002797,0.9633868667800334,0.9792355747989863,1.0
323,0.0,0.0,0.0,0.0,0.0,0.0,0.011662530918028038,0.010678006180535686,0.022002681113780974,0.0033263998846926584,0.02618681892095931,0.009380358240270155,1.0
324,0.0,1.0,1.0,1.0,1.0,1.0,0.6385030217305999,0.9987713495203117,0.992959978810421,0.9985520848482549,0.7933945455337523,0.9318890079255691,0.0
325,0.0,1.0,1.0,1.0,0.0,1.0,0.2244669367655097,0.9059497369370778,0.9972334010778903,0.9994644338558212,0.568963546697991,0.9994097534700561,2.0
326,1.0,1.0,0.0,0.0,0.0,0.0,0.9613706810932912,0.9944618984531731,0.0028015665819139555,0.007871519629619104,0.7777853036784961,0.0017188551510921646,1.0
327,1.0,1.0,0.0,0.0,1.0,0.0,0.9715865677217916,0.9933689014011582,0.0026577380008804006,0.010310576933131688,0.7898985133871943,0.0043324824921206215,1.0
328,1.0,1.0,1.0,1.0,1.0,1.0,0.9992203857454097,0.9996191930862466,0.8726536523631593,0.3291208654330024,0.8430388968233942,0.3432959367251533,2.0
329,1.0,1.0,1.0,1.0,1.0,1.0,0.999546690031556,0.9999503136070559,0.9996040439843831,0.96885809488633,0.5119370118463065,0.7811431345805647,2.0
330,0.0,0.0,0.0,0.0,0.0,0.0,0.4744524366516604,0.011220898661152154,0.0013950482535070561,0.0009784582552820346,0.005496269689970349,0.0034887788889122304,4.0
331,0.0,0.0,0.0,0.0,0.0,0.0,0.0035252513917609085,0.0028714260727453122,0.002291357414332061,0.0018697384620185798,0.04120816217732257,0.0170741062209541,0.0
332,1.0,1.0,1.0,1.0,1.0,1.0,0.9995244288848202,0.9999981625021606,0.9362149718523056,0.991503104888779,0.9762055476028978,0.21615510274360733,0.0
333,0.0,0.0,0.0,0.0,0.0,0.0,0.013751811632083732,0.01639117952891351,0.004647027691681536,0.004618720797237916,0.0035096020920624776,0.047313406657929234,2.0
334,1.0,1.0,1.0,1.0,0.0,1.0,0.11570528070428251,0.6686529895656989,0.9725554523587198,0.9730563416135767,0.19482830163834294,0.7907120432622642,2.0
335,1.0,1.0,1.0,1.0,1.0,1.0,0.999918695600685,0.9999887579851393,0.9923527643946158,0.9996834710427931,0.9963962974729167,0.5744331474648801,3.0
336,0.0,0.0,0.0,0.0,0.0,0.0,0.041493535135213346,0.016569937861714706,0.019335146069768924,0.005180266370969242,0.015065178008724688,0.015828616726813315,2.0
337,1.0,1.0,1.0,1.0,1.0,0.0,0.9988806952511942,0.9999212749954278,0.9917714658587927,0.996820769184192,0.9120721240062784,0.706677548834558,4.0
338,0.0,1.0,1.0,1.0,0.0,1.0,0.43531492874259914,0.8367489886904805,0.9979444795637843,0.9087931615957602,0.08672345867166735,0.9666096411081466,3.0
339,1.0,1.0,0.0,0.0,0.0,0.0,0.9660348174687556,0.8588768817281768,0.007752111516697952,0.0016388820686552418,0.6416837290959244,0.0055673209113409694,0.0
340,0.0,0.0,0.0,0.0,0.0,0.0,0.0028511828915495107,0.003581130868016246,0.0014621205508349273,0.0003970640093553375,0.06127266883701356,0.008799973884713604,3.0
341,1.0,1.0,1.0,1.0,1.0,1.0,0.3198019074186777,0.34594936372976537,0.9953175374638108,0.9735382350558234,0.7040257789414534,0.6964326591301968,1.0
342,0.0,0.0,0.0,0.0,0.0,0.0,0.009530378041787736,0.004253589602244847,0.0032307704356966923,0.006190795939344096,0.003582261299073724,0.010191237195207063,0.0
343,1.0,1.0,1.0,1.0,1.0,0.0,0.995441959775991,0.9997138965472869,0.43384012875387823,0.03514297273824957,0.6634899712707627,0.22844424403242003,4.0
344,0.0,0.0,0.0,0.0,0.0,0.0,0.02370328045765634,0.015362223463915862,0.04093651637884329,0.0017133813170373178,0.024121967962650925,0.04419448461443632,0.0
345,1.0,1.0,0.0,0.0,0.0,0.0,0.9997854658263726,0.9972518658056707,0.7378345124666813,0.9882874357202164,0.9377683738416439,0.06901714202979578,4.0
346,0.0,0.0,0.0,0.0,0.0,0.0,0.04385067597279539,0.052015715770585426,0.003240677553359505,0.026371614061959675,0.007916656021154116,0.09612445733008491,1.0
347,1.0,1.0,1.0,1.0,1.0,1.0,0.9998019750813845,0.999998883801213,0.9998250478163251,0.9952834653675671,0.9299486435219131,0.8962305863394164,3.0
348,0.0,0.0,0.0,0.0,1.0,0.0,0.011640470264717276,0.020996699846384363,0.006922912186496909,0.003042973025132661,0.008979184252816923,0.005645308287739532,1.0
349,0.0,0.0,0.0,0.0,0.0,0.0,0.024933782004393053,0.031549902424992456,0.1027581343627454,0.014840703765090177,0.008924049488282805,0.08687372083747535,2.0
350,1.0,1.0,1.0,1.0,1.0,1.0,0.9991535701736911,0.9998739655631235,0.9771570434409187,0.9573006513380304,0.689561145776036,0.22962867666613673,0.0
351,0.0,0.0,0.0,0.0,0.0,0.0,0.000476508065759261,0.006827771656651267,0.004730674002595286,0.041409017083345066,0.04338684583529557,0.00336217464681945,0.0
352,1.0,1.0,0.0,0.0,0.0,0.0,0.99125484167451,0.9821646411414344,0.032513652729025934,0.002161753127997559,0.34510028877268406,0.0011150193663491197,0.0
353,0.0,0.0,0.0,0.0,0.0,0.0,0.8977525475448216,0.9501758337021494,0.016639044524610597,0.0004347551044774412,0.3479330933397746,0.0080763230244998,0.0
354,0.0,1.0,1.0,0.0,1.0,0.0,0.2988586191779267,0.19097722545894014,0.008149364304948602,0.008763299017529386,0.03512097947756994,0.007140894732584168,1.0
355,0.0,0.0,1.0,0.0,1.0,0.0,0.018151614942810163,0.02592398552082277,0.004813581032599688,0.009730824070114096,0.0289448237893755,0.0029050395587434255,1.0
356,1.0,1.0,0.0,0.0,1.0,0.0,0.9979787438822291,0.9645943402659622,0.0010114189772423188,0.009383710596428018,0.9594473416701104,0.001191276104128836,3.0
357,1.0,1.0,0.0,0.0,1.0,0.0,0.9977255576981173,0.5632091077824705,0.0043716659252371025,0.004440164744992107,0.3198306431486436,0.002519432882333983,3.0
358,0.0,0.0,0.0,0.0,0.0,0.0,0.01411656139152113,0.00288910719364054,0.008482418910019994,0.001742365356041355,0.00275107548752787,0.004657484683202269,1.0
359,1.0,1.0,0.0,1.0,1.0,0.0,0.9972944086109303,0.9996444145696948,0.31679796077403655,0.27847005341722486,0.8173395823837734,0.10111217437507106,2.0
360,0.0,0.0,0.0,0.0,0.0,0.0,0.02826863966103721,0.012217680252121608,0.010821724139327232,0.010499065103878722,0.01805779997688727,0.00761527456864795,1.0
361,1.0,1.0,1.0,1.0,1.0,1.0,0.8736222485109231,0.996562554466577,0.9945683513020578,0.9551823371993318,0.9385266029063571,0.9966888418424641,1.0
362,0.0,0.0,0.0,0.0,0.0,0.0,0.005426933504110994,0.009062198179345863,0.0005110596646613732,0.0012205497040973224,0.1104705009444929,0.0015520831713985751,2.0
363,1.0,1.0,1.0,1.0,1.0,1.0,0.5444968473056456,0.994876817275986,0.9959963837682542,0.9990477058557057,0.9583057963493667,0.9811231208999172,1.0
364,1.0,1.0,1.0,1.0,0.0,1.0,0.9973382047835854,0.9999211335218332,0.865849734400756,0.8679819840916757,0.9239684075356318,0.10180429455391775,2.0
365,1.0,1.0,1.0,1.0,0.0,0.0,0.253529658928339,0.08388998162760532,0.35400942375556405,0.022748515661074536,0.05186983249523921,0.057721774766000655,1.0
366,1.0,1.0,0.0,1.0,1.0,0.0,0.9965109629621153,0.9995306387869645,0.09816136970468553,0.03115930450788423,0.8066682222757211,0.028333875851267454,0.0
367,0.0,0.0,0.0,0.0,0.0,0.0,0.3018225536212542,0.8483697461259859,0.5539299082839254,0.7174224009895829,0.560540958850025,0.9749721172474978,0.0
368,0.0,0.0,0.0,1.0,1.0,1.0,0.09822897094126352,0.0775974725045207,0.011453665980784962,0.006528604754074786,0.08159959064195951,0.0024898892804545766,2.0
369,1.0,1.0,0.0,0.0,0.0,0.0,0.8559409945788272,0.8773055378759634,0.001767894005754842,0.020642520845448972,0.8534736975670213,0.02700064585043157,3.0
370,0.0,0.0,0.0,0.0,0.0,0.0,0.011935219684491382,0.010443971812276633,0.0016177582470930057,0.0012692955807298643,0.011263734419479596,0.006932139571451089,1.0
371,0.0,0.0,0.0,0.0,0.0,0.0,0.01310779765533777,0.005131462782448864,0.0018111427957859271,0.0038179093089362203,0.15988484071120737,0.004329050372849841,0.0
372,0.0,0.0,0.0,0.0,0.0,0.0,0.0025587272600367484,0.004750776473493453,0.0011793312526028582,0.00234257092870328,0.0016341868432180199,0.004957051783282118,3.0
373,0.0,0.0,0.0,0.0,0.0,0.0,0.11019007440866509,0.13440087432732883,0.05724503777812077,0.4504123589810753,0.031238277369802513,0.40213418179055904,3.0
374,0.0,0.0,0.0,0.0,0.0,0.0,0.1125282981972301,0.49420048737219835,0.9843847615651337,0.9088486570698974,0.3002612105733481,0.7074213653615573,0.0
375,1.0,1.0,1.0,0.0,0.0,0.0,0.9939244560236431,0.9998834580153985,0.9681811991343411,0.8909637583813638,0.7433199411343057,0.4192507740350316,2.0
376,1.0,1.0,1.0,0.0,1.0,0.0,0.9842978787792609,0.9999623368103325,0.671268914506415,0.46709566046089285,0.6586602248590594,0.050106495385499175,2.0
377,0.0,0.0,0.0,0.0,0.0,0.0,0.031949594189981695,0.011701988032686092,0.015658479355625504,0.0013284579639270804,0.005426263094802175,0.014471007513328908,1.0
378,1.0,1.0,0.0,0.0,1.0,0.0,0.9803008538155746,0.827452689786289,0.03593006242525315,0.026083939082119742,0.21835519039269502,0.004402736177427172,4.0
379,1.0,1.0,1.0,1.0,1.0,1.0,0.9988189511673435,0.9999752190312583,0.9901707082952903,0.7247789742560096,0.7225208107411126,0.4779712548351271,4.0
380,1.0,1.0,1.0,1.0,1.0,0.0,0.9980633602119601,0.9999989235982225,0.9961701275543536,0.9650560467893367,0.9991005203539435,0.9711852069922461,1.0
381,1.0,1.0,0.0,0.0,1.0,0.0,0.9979532240754225,0.9996839843632235,0.6279676785730812,0.9181348381414187,0.8022468396670024,0.03805753916933274,1.0
382,0.0,0.0,1.0,0.0,0.0,0.0,0.021095704974043075,0.04664641094827573,0.012742275470627371,0.007589106630185229,0.0064043016132979075,0.004223485620781601,0.0
383,0.0,0.0,0.0,0.0,0.0,0.0,0.037065963501912345,0.03388622167812882,0.004784483537359906,0.006544962781068103,0.002504002828415668,0.016323300284359275,1.0
384,0.0,0.0,0.0,0.0,0.0,0.0,0.012451071259605699,0.009915554452275698,0.014122776295898764,0.004017405416067812,0.010430882142876768,0.018943747635748923,4.0
385,1.0,1.0,0.0,0.0,1.0,0.0,0.99895408611391,0.9970966179778294,0.0006620752246250659,0.00518735109852928,0.907555417835265,0.0660285870882446,4.0
386,0.0,0.0,0.0,0.0,0.0,0.0,0.004354932612594067,0.008683161670081435,0.0069952566226983365,0.002270923347675375,0.007362790332611762,0.0005094195386767926,3.0
387,0.0,0.0,0.0,0.0,0.0,0.0,0.15157151245364006,0.002541331774534022,0.0015632390811919875,0.009776089137144728,0.03511714243730972,0.0031779387180565057,4.0
388,1.0,1.0,1.0,1.0,1.0,0.0,0.9989595974976625,0.9999049431011433,0.947966806743454,0.9898062492616511,0.9926430372574592,0.24359738346403778,2.0
389,0.0,0.0,0.0,0.0,0.0,0.0,0.04273307477373309,0.02404498894439049,0.0015021359577781202,0.022142363303358545,0.035080653310404025,0.0016660048414263858,3.0
390,0.0,0.0,0.0,0.0,0.0,0.0,0.0023788092731063843,0.026008906887982207,0.023840061162082676,0.0019697891510013135,0.0032959436811321966,0.010089475956673314,1.0
391,1.0,1.0,0.0,0.0,0.0,0.0,0.9921989167882505,0.9994810674638925,0.5266883416282684,0.08787331684390534,0.46283433284165815,0.018634852921572742,4.0
392,0.0,0.0,0.0,0.0,0.0,0.0,0.02361135962386728,0.05109102013801277,0.02501130909736013,0.006393872516647523,0.015612402581982845,0.01253740102276181,4.0
393,0.0,0.0,0.0,0.0,0.0,0.0,0.03343094905021899,0.06401227063510997,0.007455292184479093,0.01437266659892797,0.005753908194164174,0.019899297128959506,2.0
394,1.0,1.0,1.0,1.0,1.0,1.0,0.9999765688456824,0.999999895207124,0.9999276898093155,0.9997632103124382,0.9933859356652966,0.9206731626636474,0.0
395,1.0,1.0,1.0,1.0,1.0,1.0,0.999934673487901,0.9999981038195952,0.9972998622927567,0.9918317648978839,0.9968258301940872,0.740002617860319,3.0
396,1.0,1.0,1.0,0.0,0.0,1.0,0.9984020463329999,0.9999719396888452,0.8509674666114658,0.7303135908481073,0.9151034633813465,0.029705988049243043,3.0
397,1.0,1.0,1.0,0.0,0.0,0.0,0.9706403681069254,0.9899926051269565,0.5416897180683121,0.22383130344942473,0.9129377811389113,0.1430831228564762,4.0
398,0.0,0.0,0.0,0.0,0.0,0.0,0.0065504565597187875,0.020044652139241437,0.00581083117320759,0.05933769873829254,0.04197041673489644,0.07398019588238827,0.0
399,1.0,1.0,1.0,1.0,1.0,0.0,0.99505158345199,0.9999947650659401,0.05984196301196728,0.7876167950554419,0.9979679559310747,0.03764851746706948,3.0
400,1.0,1.0,0.0,0.0,1.0,1.0,0.9996638320969281,0.999363607795475,0.17204279685913984,0.06463744261258043,0.9654354038865297,0.8645175131295985,4.0
401,1.0,1.0,1.0,1.0,1.0,1.0,0.9992134336094286,0.9997815027994611,0.9393864439537206,0.9645428749159165,0.9713634283542726,0.6569101196688831,4.0
402,1.0,1.0,0.0,0.0,1.0,0.0,0.9989395884292771,0.9985758381140881,0.009960749095833082,0.09571517464706021,0.944497212675015,0.037292262131746926,4.0
403,1.0,1.0,1.0,1.0,1.0,0.0,0.9976210706943078,0.9998750850236271,0.9896550773572061,0.9551206521947574,0.8093301336831544,0.4103175399925098,4.0
404,0.0,0.0,0.0,0.0,0.0,0.0,0.02937022319658992,0.011932415185469633,0.0019294035008287794,0.008014036080491756,0.06140912284686883,0.005696831864450884,2.0
405,1.0,1.0,1.0,1.0,1.0,1.0,0.999477725541849,0.9999490101456369,0.5320819692110859,0.9899330212864728,0.9970931298626237,0.18287617350800286,0.0
406,0.0,0.0,0.0,0.0,0.0,0.0,0.007989079212356913,0.0020872194558301683,0.0013979736549461063,0.015713806146704992,0.011370658258884043,0.0015452336134582582,4.0
407,1.0,1.0,1.0,1.0,1.0,0.0,0.998529994581889,0.9999856907222863,0.9066190268858472,0.6440053252956088,0.7720231533837665,0.04425308056341869,3.0
408,0.0,0.0,0.0,0.0,0.0,0.0,0.004403214660661372,0.014004675022734852,0.012098090450853421,0.001580132827626006,0.0027366384667310475,0.006249733540688005,0.0
409,0.0,0.0,1.0,1.0,0.0,0.0,0.02454457543082838,0.07468010217271533,0.02048948912263945,0.02076265750522237,0.015260484110293385,0.06326797155523757,2.0
410,0.0,0.0,0.0,0.0,0.0,0.0,0.04479834339648998,0.03571881442512541,0.020521149316322738,0.0005885078767863787,0.0171800170228456,0.03872168083787425,1.0
411,1.0,1.0,0.0,0.0,1.0,0.0,0.965383618229018,0.9974307236445124,0.015646566337847327,0.024700861880995024,0.9076962745309403,0.0008061047005739753,0.0
412,1.0,1.0,0.0,1.0,1.0,0.0,0.9966659412206105,0.9997577358126983,0.6628566657582168,0.20794190857059944,0.2462061502020304,0.2286342295089377,3.0
413,0.0,1.0,1.0,1.0,1.0,0.0,0.10681048398858733,0.6381550872280188,0.932549454667915,0.9855047125666043,0.8657649041996779,0.21914765605533432,0.0
414,0.0,0.0,0.0,0.0,0.0,0.0,0.03381358298959769,0.004592759197567347,0.007255986354413532,0.00117361986156366,0.03863642649437969,0.0029710793502455246,1.0
415,0.0,0.0,0.0,0.0,0.0,0.0,0.016406908072948565,0.035685952987377,0.004242198542318789,0.0030924037486070016,0.02019403504349284,0.008027939170912197,0.0
416,0.0,0.0,0.0,0.0,0.0,0.0,0.03189444606861277,0.004670268069274748,0.003947781908197381,0.009574907068174205,0.04435660008031865,0.08083648708117219,0.0
417,1.0,1.0,1.0,1.0,1.0,1.0,0.996059796108096,0.9999991189429105,0.9983631110536958,0.999744100311804,0.9769656756066112,0.6464454040506089,3.0
418,1.0,1.0,1.0,1.0,1.0,1.0,0.9992241092149741,0.9999965144148248,0.9987336782283027,0.9989335253701493,0.6994084192859484,0.9833113420923054,4.0
419,0.0,0.0,0.0,0.0,0.0,0.0,0.019100006247580976,0.010240288591958397,0.03339974915270458,0.001533173687654428,0.015446711681242526,0.01781061092433293,1.0
420,1.0,1.0,1.0,1.0,1.0,1.0,0.9516546400842979,0.9988485197027573,0.8798170200882124,0.9990510850127322,0.9991120642692892,0.8525928141561273,0.0
421,1.0,1.0,1.0,1.0,1.0,0.0,0.9983395570098321,0.9999950848690093,0.9852604005217463,0.9987974367171936,0.9290267356852941,0.7582368800037994,2.0
422,0.0,0.0,0.0,0.0,0.0,0.0,0.028406156608329396,0.016305914486671694,0.012564116744268786,0.006524878605958322,0.007165360119866747,0.017707500274649714,0.0
423,1.0,1.0,1.0,0.0,1.0,0.0,0.9998434654543352,0.999996861484808,0.9416440497672574,0.9959067762885296,0.9965669908075132,0.5249521542198239,1.0
424,1.0,1.0,1.0,0.0,1.0,0.0,0.9989489494767373,0.9990859318822146,0.9471202085525138,0.09059122520894346,0.38731055445729107,0.37196118759195335,2.0
425,1.0,1.0,1.0,1.0,1.0,0.0,0.9973654869526766,0.9999995229455101,0.3741442652277729,0.39471793836338176,0.9923598874678913,0.012455563289143145,1.0
426,0.0,0.0,0.0,0.0,0.0,0.0,0.0030745100645577644,0.018462253832177127,0.05937898967678768,0.0036743390486275824,0.012349887238790285,0.02967389274894916,0.0
427,1.0,1.0,1.0,1.0,1.0,1.0,0.9999016314520721,0.999905510925093,0.9977314231191728,0.9619092346715606,0.9199448864596292,0.6682072846983247,0.0
428,0.0,0.0,0.0,0.0,0.0,0.0,0.02140262751987846,0.0061711144535248315,0.0006696597244267806,0.004593781516137058,0.03774478848501773,0.026994857513432204,1.0
429,1.0,1.0,0.0,0.0,0.0,0.0,0.9961346963681886,0.990973731131128,0.021859522055233463,0.3313293903902171,0.5639654834646329,0.007252822652546714,0.0
430,0.0,0.0,0.0,0.0,0.0,0.0,0.023130959893820472,0.032619750220849765,0.007316809733582356,0.02597746394147452,0.005218987737290662,0.005009601782277539,1.0
431,1.0,1.0,1.0,1.0,1.0,0.0,0.9946266406827263,0.9999873830998234,0.9164382344291796,0.7081474583796614,0.8703490344591462,0.15615002595338912,3.0
432,0.0,0.0,1.0,1.0,0.0,1.0,0.1969028666500366,0.4812947779066476,0.7408968651813272,0.18017798121297768,0.01358845798996809,0.2529954180160969,0.0
433,1.0,1.0,1.0,1.0,1.0,0.0,0.9984199746361971,0.99986435897898,0.46775720052637,0.7240354806955155,0.7876257261054622,0.11298329834984061,0.0
434,1.0,1.0,0.0,1.0,1.0,1.0,0.7802023315021734,0.7859781590334393,0.5169296381369106,0.8145615803495758,0.9994486316489033,0.8768083876511082,2.0
435,1.0,1.0,1.0,1.0,1.0,0.0,0.29694638988101313,0.9975012853220365,0.9951513865086269,0.9999820881392356,0.9705325732502942,0.7875736631832564,1.0
436,1.0,1.0,1.0,1.0,1.0,1.0,0.1712456646630761,0.9968614353433549,0.999945225945743,0.999952643715858,0.859743833768589,0.6147387212876155,2.0
437,1.0,1.0,0.0,0.0,1.0,0.0,0.9993970878775389,0.9995405072087605,0.05464412765436107,0.03328304508627641,0.9601502770122352,0.000533195057367832,4.0
438,1.0,1.0,1.0,1.0,1.0,1.0,0.9996313058835417,0.9999954881081003,0.9482701675817624,0.994488058116141,0.9972709018307632,0.6859108449019164,0.0
439,0.0,0.0,0.0,0.0,0.0,0.0,0.008661155863306357,0.005153111576145295,0.007794045773748401,0.003975470253157204,0.1427126385088572,0.04124744360747585,0.0
440,1.0,1.0,1.0,1.0,1.0,1.0,0.6219752723172798,0.9992867550695969,0.9999310699479783,0.9997038095801102,0.9824432245721958,0.9850233825073577,2.0
441,1.0,1.0,0.0,0.0,0.0,0.0,0.9979746394675945,0.9999411814941762,0.10632110969054506,0.03235539227532953,0.30125425780602566,0.003946929015810958,4.0
442,0.0,0.0,0.0,0.0,0.0,0.0,0.03643600978867508,0.03816061789619918,0.0014598815495225302,0.021153407762695763,0.028613482668196553,0.006294243621408808,2.0
443,0.0,1.0,1.0,1.0,1.0,0.0,0.19877811023255093,0.9652643025347363,0.9468378961210953,0.9953633649273462,0.6498707092166316,0.11234101951080289,3.0
444,1.0,1.0,0.0,0.0,0.0,0.0,0.9766888340227282,0.9998917035975028,0.6525421125182167,0.8438908728178905,0.9469301097810285,0.06858591998449767,3.0
445,0.0,1.0,1.0,1.0,1.0,1.0,0.23192742275907557,0.8424830118624358,0.8428482049924064,0.9932126161104148,0.9654533138766856,0.051494326717171676,2.0
446,0.0,0.0,0.0,0.0,0.0,0.0,0.0020196871653562647,0.00039741712929644774,0.005576389883966779,0.005935447782812585,0.025876138613217425,0.00739890426651981,2.0
447,0.0,0.0,0.0,0.0,0.0,0.0,0.012840047154074078,0.006191626153421822,0.003457452527792696,0.011241028080519067,0.09459989703067384,0.01626865748968801,1.0
448,0.0,0.0,0.0,0.0,0.0,0.0,0.016937362754279456,0.010195484598080756,0.006707506118771874,0.0056622843997496215,0.013655287386569327,0.0038301560067323134,2.0
449,0.0,0.0,0.0,0.0,0.0,0.0,0.10233435691492312,0.01676826591777883,0.011816730837118629,0.0007375335735975938,0.02616385733570016,0.032181210040675076,3.0
450,1.0,1.0,0.0,0.0,0.0,0.0,0.9189091019171497,0.9356372207666714,0.0015129465712108317,0.0272081774574621,0.6996713196717615,0.005978489468345283,1.0
451,1.0,1.0,1.0,1.0,1.0,1.0,0.9992814757948708,0.9999697740197949,0.9981733539466151,0.9977816610351448,0.9527450138516453,0.6507550615718928,1.0
452,0.0,0.0,0.0,0.0,0.0,0.0,0.005143826007628144,0.0019328138369113536,0.00829427243227,0.007764924000353329,0.017145744940850968,0.03893208308544979,4.0
453,1.0,1.0,1.0,1.0,0.0,0.0,0.9963267504662576,0.9999573941658791,0.9986460119067037,0.9930616698639012,0.8703516729139239,0.7620680974548298,1.0
454,1.0,1.0,1.0,1.0,1.0,0.0,0.9998558763813732,0.9999905458461147,0.9998381064134086,0.9906093975788631,0.8637474668028142,0.885209556625402,3.0
455,0.0,0.0,0.0,0.0,0.0,0.0,0.006251126372113465,0.00474268416889565,0.02402112461923134,0.01686575031358481,0.052876106808308884,0.04268333099136112,4.0
456,1.0,1.0,1.0,1.0,1.0,0.0,0.9997393000853764,0.999999679143521,0.974618584219077,0.9656219548681558,0.9987016477215632,0.47543014502129305,3.0
457,1.0,1.0,0.0,1.0,0.0,0.0,0.9963564107870202,0.9973794719047149,0.8051895850158725,0.879928753384113,0.8685067722940718,0.49947606212311846,2.0
458,0.0,1.0,1.0,1.0,0.0,1.0,0.051587299569434295,0.7818145873777863,0.9978003544060043,0.9772528810862536,0.49800012522591336,0.9417785371329628,2.0
459,1.0,1.0,0.0,0.0,0.0,0.0,0.9179029409641397,0.9949997104692418,0.03994177898540182,0.0024646007061368772,0.17761724592950365,0.028063568032249266,4.0
460,0.0,0.0,1.0,0.0,0.0,1.0,0.980349344803649,0.9988814457713655,0.9928743176293485,0.9797483339785285,0.8751286582409743,0.7820713390654578,3.0
461,1.0,1.0,1.0,1.0,1.0,1.0,0.9990255789679121,0.9999281889722675,0.9999616915059732,0.999115529005228,0.9919586634117762,0.9475976976948383,1.0
462,1.0,1.0,0.0,1.0,0.0,0.0,0.9997987773175939,0.9999868344473448,0.9449603203946059,0.9994392683142348,0.7402125487578725,0.8323189553567112,0.0
463,0.0,0.0,0.0,0.0,0.0,0.0,0.002767718587278723,0.005918929692103468,0.008310709688702077,0.008189660343426861,0.026231606642608523,0.0033246073373561238,4.0
464,1.0,1.0,0.0,0.0,0.0,0.0,0.9942443423201649,0.9996114831439549,0.4185346167643069,0.026492105752976614,0.16233690020477082,0.002130180387265691,0.0
465,1.0,1.0,1.0,1.0,1.0,0.0,0.9989427984918708,0.9999150540621061,0.944239432867985,0.9755976235603423,0.7826972902845543,0.2857819112022124,2.0
466,0.0,0.0,0.0,0.0,0.0,0.0,0.043935179800392465,0.0323979240684868,0.08884824849872927,0.001632375383508432,0.020400987075402475,0.19564538299418763,4.0
467,0.0,0.0,0.0,0.0,0.0,0.0,0.017284763099911622,0.026237478654271708,0.011458511602290718,0.002203122130707832,0.0018454959892012053,0.03464924931436948,2.0
468,1.0,1.0,0.0,0.0,1.0,0.0,0.8784691593121886,0.9998011593388703,0.05005728913746967,0.0006075525164082919,0.5422641070606962,0.005889998448218735,1.0
469,1.0,1.0,0.0,0.0,1.0,1.0,0.403593578943795,0.23466075577734138,0.002188418493986216,0.012061700564964707,0.16699500271991882,0.33308670882771346,4.0
470,0.0,1.0,0.0,0.0,1.0,0.0,0.044782101869376485,0.8111420184282699,0.08937372790213916,0.8615868669112772,0.9966992784819484,0.6635785935871629,3.0
471,1.0,1.0,1.0,1.0,1.0,1.0,0.9903967126496954,0.9999976716386633,0.9626036860029898,0.9458009827055494,0.7892506470389594,0.5887173208563049,1.0
472,1.0,1.0,1.0,0.0,0.0,0.0,0.9964508176861533,0.9977484098209422,0.6070868457273623,0.7776664721343138,0.8234580075824367,0.2977384229162402,4.0
473,1.0,1.0,0.0,0.0,0.0,0.0,0.9959983303741891,0.9844406782747831,0.04253754716277357,0.002284555792381985,0.13046268179852769,0.007142523606790598,3.0
474,0.0,1.0,1.0,1.0,0.0,1.0,0.37066973873196024,0.5028681129029673,0.9988436356301985,0.9907245911668876,0.22827880710399487,0.8094933749483213,4.0
475,1.0,1.0,1.0,1.0,1.0,1.0,0.9987657823884767,0.9998891871400557,0.983011992394351,0.9877134742263337,0.9926069340030191,0.1318974928111651,3.0
476,0.0,0.0,1.0,0.0,0.0,0.0,0.05585832427789275,0.6614523895734337,0.8731842192892604,0.9110784456141688,0.2541213372771943,0.38311156516490236,3.0
477,1.0,1.0,1.0,1.0,1.0,1.0,0.8661756528925414,0.9931891127201015,0.9998962198316114,0.9997303527053417,0.990191731023155,0.9721252581637353,1.0
478,0.0,1.0,1.0,1.0,1.0,1.0,0.5756501711200799,0.999049537941176,0.9983137027973247,0.9995598814924204,0.9894760497044565,0.9936268900603162,0.0
479,0.0,0.0,0.0,0.0,0.0,0.0,0.008006611843119255,0.0134509905676738,0.002271008139445037,0.002999109946269174,0.009172157680320465,0.002835716499797322,0.0
480,0.0,0.0,0.0,0.0,0.0,0.0,0.019638966282405308,0.004322885145906462,0.01215125018534894,0.06245751610786146,0.5037336641235273,0.03734319609391704,2.0
481,0.0,0.0,0.0,0.0,0.0,0.0,0.00857822572996605,0.012106119743980398,0.0035286392488398204,0.005629835924558517,0.01641045886905548,0.0057497468800255,0.0
482,0.0,0.0,0.0,0.0,0.0,0.0,0.09023307747782372,0.021164364855248557,0.00043779908709828085,0.007542236602133057,0.028407942273109714,0.00525500294147168,1.0
483,1.0,1.0,1.0,1.0,1.0,1.0,0.9989768705382933,0.9999994422621403,0.9775074767894675,0.9280973449262409,0.9862145180096971,0.48948319091127157,0.0
484,1.0,1.0,1.0,1.0,1.0,1.0,0.9999414660380938,0.9999557664671784,0.9546045299678492,0.9992164602867892,0.9907004852750197,0.8594864279195703,4.0
485,1.0,1.0,1.0,1.0,1.0,0.0,0.9938308296072116,0.9998953504996166,0.9965054810627758,0.9990286802915515,0.8857098965059553,0.7225866585329493,1.0
486,0.0,0.0,0.0,0.0,0.0,0.0,0.011998576713514252,0.014039171134630928,0.04458696472086766,0.004519315940003843,0.003564468512382858,0.010162737681599872,0.0
487,0.0,1.0,1.0,1.0,0.0,1.0,0.4258586201650332,0.9302801553355291,0.9996333927103073,0.9976922948912033,0.5539900572070361,0.7512250954399025,3.0
488,0.0,0.0,0.0,0.0,0.0,0.0,0.015218641812805047,0.022002375881080272,0.017462881292255372,0.033334936944966066,0.028291488038209613,0.010203208945838657,4.0
489,0.0,0.0,0.0,0.0,0.0,0.0,0.028041440217941447,0.1742516241389659,0.0016952072319066822,0.013427535875455587,0.1652923415815467,0.002007305873057965,3.0
490,1.0,1.0,0.0,0.0,1.0,0.0,0.9944053200219088,0.9723522742490041,0.0008941200233456728,0.026515489270441728,0.6899719222629871,0.0021734002221923078,0.0
491,0.0,0.0,0.0,0.0,0.0,0.0,0.014006075936300943,0.022331592932097872,0.007961947859741147,0.0019702821367895257,0.005115784591127744,0.023995756754702283,3.0
492,1.0,1.0,1.0,1.0,1.0,0.0,0.9984238199398028,0.9995359430732517,0.997052269584362,0.9092703437886954,0.8227808423586802,0.8689445945815449,4.0
493,0.0,0.0,0.0,0.0,0.0,0.0,0.014486184394994411,0.026126716150599916,0.0057509988026776485,0.007680928519885545,0.01595768249826198,0.005129968646056696,1.0
494,1.0,1.0,1.0,1.0,1.0,1.0,0.9926806930212916,0.9999767853222497,0.9926777959125211,0.47683110099535453,0.9346057669024651,0.9228747849715999,0.0
495,1.0,1.0,0.0,0.0,0.0,0.0,0.9991574987217836,0.9998174133353401,0.724111743812391,0.9264829832725884,0.7452442321221217,0.19056641684974054,1.0
496,1.0,1.0,1.0,1.0,1.0,1.0,0.11154396126230907,0.9989412174613786,0.9998447785386024,0.9990794373617488,0.9941123357639139,0.5584805600356366,3.0
497,1.0,1.0,1.0,1.0,1.0,1.0,0.9999034697820667,0.9999517685612048,0.9759541643652787,0.9978407709861999,0.990027457247432,0.040623918641693,1.0
498,1.0,1.0,1.0,1.0,1.0,1.0,0.5582283623711523,0.9960184084227373,0.9956230400994829,0.9998606029386568,0.9338180931903308,0.9990396438873967,3.0
499,1.0,1.0,0.0,1.0,1.0,0.0,0.9999230642253945,0.9998047226175693,0.979413854508787,0.9905023468250592,0.7100941349946897,0.6012961607671155,3.0
500,0.0,0.0,0.0,0.0,0.0,0.0,0.03978909290896774,0.007231387617142352,0.028725457644623625,0.008016558591343158,0.0373450366931167,0.009234780041806744,1.0
501,0.0,0.0,0.0,0.0,0.0,0.0,0.017925191072409218,0.005086672377216333,0.012009708183522545,0.008035873835881122,0.470687614059486,0.04919429864150119,3.0
502,1.0,1.0,1.0,1.0,1.0,0.0,0.999957385418714,0.9999500894750943,0.9688176760203789,0.9896831421461629,0.9406995444717122,0.923063467011499,4.0
503,0.0,0.0,0.0,0.0,0.0,0.0,0.019681441655719202,0.007672493986638537,0.0026392203923791017,0.012436958602304654,0.40930904892158776,0.037152168739962084,2.0
504,0.0,0.0,0.0,0.0,0.0,0.0,0.006794504216309195,0.05213927293546965,0.015208037651697892,0.015038685382881672,0.03527306846343027,0.009566223420000583,3.0
505,1.0,1.0,0.0,0.0,1.0,0.0,0.9862409178142917,0.9769510347842312,0.0006347529934347989,0.006803909717540791,0.7944391452641321,0.0013197223940039791,2.0
506,1.0,1.0,0.0,0.0,1.0,0.0,0.9985129960878372,0.9965436371570244,0.0011009269705276191,0.03720156076046098,0.8666154347252205,0.01054442120590377,0.0
507,0.0,1.0,1.0,1.0,0.0,1.0,0.8976360684588544,0.8897931983662904,0.6341669137835939,0.9975438415220342,0.7114632507416936,0.997216846848569,2.0
508,1.0,1.0,0.0,0.0,1.0,0.0,0.9033668133211938,0.9605199914541092,0.008713904595684972,0.00012948131958147053,0.48888280441540155,0.006786680071997129,4.0
509,0.0,0.0,0.0,0.0,0.0,0.0,0.020923583748535743,0.022869466946427684,0.0008375662386238975,0.008257900582643063,0.028614857148743462,0.010213780188635823,4.0
510,1.0,1.0,1.0,1.0,1.0,1.0,0.9892707750759764,0.9998968959898046,0.9968513492685744,0.779332588599164,0.9863765294023771,0.8419470754462918,4.0
511,1.0,1.0,0.0,1.0,0.0,0.0,0.9999695938221929,0.9999519306358085,0.9974608011487327,0.9828528386930622,0.9991642134367373,0.41054686197704693,3.0
512,1.0,1.0,1.0,1.0,1.0,1.0,0.9994122698536201,0.9999844639761077,0.9994066042661828,0.9954847118670703,0.9854966183511606,0.9888871795359778,3.0
513,1.0,1.0,1.0,0.0,1.0,1.0,0.9961806095573346,0.9997185614980796,0.5789293784903978,0.7564857184899052,0.9119949641896091,0.4772064871110466,0.0
514,1.0,1.0,1.0,1.0,1.0,1.0,0.9994085284911134,0.9999632554227113,0.99729606376487,0.9961616433908507,0.9301780969791964,0.8655530794184082,0.0
515,1.0,1.0,0.0,0.0,0.0,0.0,0.9629232435996062,0.988718853021017,0.0041767671462612024,0.005982395338465228,0.9561784018452847,0.009422593794725534,3.0
516,1.0,1.0,1.0,1.0,1.0,1.0,0.9995812719017138,0.9999922327489323,0.9884814076631867,0.9985766952277537,0.8504225354756695,0.7389873461012996,1.0
517,0.0,0.0,1.0,0.0,0.0,0.0,0.11197291111688872,0.06646094142329871,0.5011166585892172,0.5016215802617507,0.06714020213604045,0.11736935351011574,3.0
518,0.0,1.0,0.0,0.0,0.0,0.0,0.5911099745112148,0.882096662048896,0.028718406103546913,0.0006171133476916186,0.4640906462672453,0.10817771818598211,1.0
519,0.0,0.0,0.0,0.0,0.0,0.0,0.028742079759072458,0.02474035666349848,0.0021853499253242353,0.0023302907976825915,0.039212992875007686,0.010653083970896914,2.0
520,1.0,1.0,1.0,0.0,0.0,1.0,0.974653101091727,0.9946305777025672,0.7645805018537875,0.1672260734913251,0.2193894178220548,0.2694398996267465,4.0
521,1.0,1.0,1.0,1.0,1.0,1.0,0.9987209705936176,0.9998028660843539,0.2146557506944264,0.5526502221823298,0.9591521924961728,0.27462820872634447,3.0
522,0.0,0.0,0.0,0.0,0.0,0.0,0.013780875376736175,0.007169181174581592,0.00967959256806973,0.005988164721107946,0.01326543469782474,0.008611413024125143,0.0
523,1.0,1.0,0.0,0.0,0.0,0.0,0.9329197851865348,0.9727799832386309,0.005863963938511582,0.025914797552456223,0.7634554627418939,0.0017983683095020796,2.0
524,0.0,0.0,0.0,0.0,0.0,0.0,0.10733441811161606,0.009596720234763696,0.004690163697599688,0.003019169094832609,0.09298458027805744,0.052703550509643246,4.0
525,0.0,0.0,0.0,0.0,0.0,0.0,0.052292143039693956,0.021861884946001456,0.006687369632059342,0.027946601878638802,0.01209770538937319,0.022402303122029316,2.0
526,0.0,0.0,0.0,0.0,0.0,0.0,0.09562397116737265,0.03960999814813145,0.0018834733931190368,0.010322421223313819,0.017766770206389747,0.008672994927251097,0.0
527,1.0,1.0,0.0,0.0,1.0,0.0,0.9973859188344798,0.9923295617301335,0.12818692352034347,0.36336934667958515,0.9587666992311599,0.007166476151898761,0.0
528,1.0,1.0,1.0,1.0,0.0,0.0,0.9908056272834699,0.9995477158087722,0.465025204891196,0.0013703300309861194,0.4371797711602559,0.018666755746143886,1.0
529,1.0,1.0,0.0,0.0,1.0,0.0,0.9852222444462656,0.7072935319912198,0.0546445908335746,0.07163435714842704,0.9659033450247441,0.8003773508714058,0.0
530,0.0,0.0,0.0,0.0,0.0,0.0,0.10067738523311079,0.12939309436866758,0.9314689937531095,0.46125674681010376,0.2007075572041301,0.613337640902269,1.0
531,0.0,0.0,0.0,0.0,0.0,0.0,0.0076442929012680095,0.04420914657926537,0.0033962340723054283,0.0011061098622478934,0.07441591279403709,0.0012902804826033167,2.0
532,1.0,1.0,1.0,1.0,1.0,1.0,0.9999970995026018,0.9999136750679857,0.9996045709564169,0.9982847946654649,0.9962579845284985,0.9879484372436963,0.0
533,1.0,1.0,1.0,1.0,1.0,1.0,0.1290984101210216,0.8331818238727766,0.9863873572843799,0.9497554033436015,0.25929076540765056,0.9701537234327252,2.0
534,1.0,1.0,1.0,1.0,1.0,1.0,0.9993916664434708,0.999893608952895,0.9668563105252312,0.9839048566176464,0.7120121291439296,0.657880200988188,0.0
535,1.0,1.0,1.0,1.0,1.0,1.0,0.9989936864697473,0.9999654286951446,0.9881881551392591,0.9968097388536422,0.9791083553642512,0.7635035246757869,0.0
536,1.0,1.0,1.0,1.0,1.0,1.0,0.962968503142341,0.9994851633187941,0.9948924987211147,0.9999381615385401,0.9944066328334679,0.9966555423116404,2.0
537,0.0,0.0,0.0,0.0,0.0,0.0,0.007123588609470215,0.007056607302691493,0.05718422345930304,0.014087893953133545,0.24216712441527313,0.02708262039710837,3.0
538,0.0,0.0,0.0,0.0,0.0,0.0,0.44588848938687237,0.1490584934928659,0.19032757902088449,0.03219804823830109,0.43098694415229294,0.35734889844917495,1.0
539,0.0,0.0,0.0,0.0,0.0,0.0,0.037182204916692614,0.14911276705391738,0.3670053611232569,0.042433503124666844,0.09113154270117853,0.2754344542410557,3.0
540,1.0,1.0,1.0,1.0,1.0,1.0,0.8831739911887964,0.9998020837733597,0.9265318163862064,0.9998927361571477,0.9964745455966132,0.9862111212096026,4.0
541,1.0,1.0,1.0,1.0,1.0,0.0,0.9989166482737641,0.9999697201903907,0.9998760556635473,0.9889448610849598,0.6347339502942991,0.8283590479828106,2.0
542,1.0,1.0,1.0,1.0,1.0,1.0,0.9999775324416714,0.9998102058296203,0.9916653646574661,0.9870045225215901,0.9493967620428293,0.749820040857675,2.0
543,0.0,0.0,0.0,0.0,0.0,0.0,0.04730155924763841,0.028213380669623745,0.008671356415013945,0.006395416842033676,0.07470364845306957,0.008259225009082409,0.0
544,1.0,1.0,1.0,1.0,1.0,0.0,0.9988939783869791,0.9998828764301428,0.8998524452683402,0.8807238555155439,0.9299386775033601,0.21068626537840043,0.0
545,0.0,0.0,0.0,0.0,0.0,0.0,0.0016950827888291902,0.003998245703808891,0.016030747972015987,0.0020944930404261657,0.06405086783864081,0.022046168429061496,2.0
546,1.0,0.0,0.0,0.0,1.0,0.0,0.4961437744417316,0.09233754076337923,0.0050370686519430686,0.0007280886041855026,0.19082071249169386,0.006720531902964458,3.0
547,1.0,1.0,1.0,1.0,1.0,0.0,0.9968202425139002,0.9999965801550853,0.9620884645754777,0.9953798866540743,0.9756521601464084,0.6733434048759991,2.0
548,1.0,1.0,1.0,0.0,0.0,1.0,0.9926721338156892,0.9997652408838815,0.6327643732932466,0.678372945407005,0.9893144114872034,0.25785963677294893,0.0
549,1.0,1.0,1.0,1.0,1.0,1.0,0.7193861089422697,0.9966136133182578,0.9986820264109233,0.9996849882742639,0.99697039859095,0.9889713757080434,2.0
550,1.0,1.0,0.0,0.0,0.0,0.0,0.8487237645355944,0.8946935785254456,0.011212176356710745,0.017378300846908983,0.6982443949703624,0.0007449079628201129,4.0
551,0.0,0.0,0.0,0.0,0.0,0.0,0.010833848388514438,0.020388807339586472,0.0029320049039740646,0.004452762363267253,0.02060164520350209,0.03214718184464765,0.0
552,1.0,1.0,0.0,0.0,0.0,0.0,0.7585353153960585,0.982445782576973,0.0017618996790473012,0.025391177404688044,0.6065317062519254,0.00023912968627283007,1.0
553,1.0,1.0,0.0,0.0,0.0,0.0,0.7875370798524982,0.9606414345209483,0.0006503439964499244,0.014104154192186519,0.8788157541620178,0.0005742811930484959,2.0
554,1.0,1.0,1.0,1.0,1.0,1.0,0.9966530601964345,0.9999645326430805,0.8823425862580629,0.9924430953310133,0.8750698600622295,0.8061551139587861,0.0
555,1.0,1.0,1.0,0.0,1.0,0.0,0.9998634431614425,0.9998781183394435,0.6845629324848165,0.8709969481073431,0.9201842107172414,0.33382684517583455,0.0
556,1.0,1.0,1.0,1.0,1.0,0.0,0.9998812384051703,0.9999858261006648,0.9996082619189733,0.9998618109446673,0.95171452144206,0.8846263563820354,4.0
557,0.0,0.0,0.0,0.0,0.0,0.0,0.6590816236891556,0.9426595349284775,0.3142642873104346,0.37727853401387523,0.7176927176987292,0.15813053684941428,1.0
558,1.0,1.0,0.0,1.0,1.0,0.0,0.9586705420537359,0.999314557245754,0.08258978310333843,0.02373224756244931,0.9143633703599536,0.03620880977950211,2.0
559,0.0,0.0,0.0,0.0,0.0,0.0,0.07357160983485453,0.01738591382133658,0.008641061349889309,0.015702846787126,0.0056591411082750525,0.006003367152941529,3.0
560,0.0,0.0,0.0,0.0,0.0,0.0,0.005799960296727078,0.05046874644963619,0.003314570188742481,0.03765701418327783,0.023110658547838905,0.011062484717617633,0.0
561,1.0,0.0,0.0,0.0,1.0,0.0,0.9423395831258967,0.6167616324960306,0.009982410456953767,0.008589099271141496,0.4967733121674091,0.0009920462149880134,1.0
562,0.0,0.0,0.0,0.0,0.0,0.0,0.019863549619137163,0.0065217239698463015,0.0017637714424526424,0.01267328860757599,0.022022019659916008,0.003995163797305695,4.0
563,1.0,1.0,1.0,1.0,1.0,1.0,0.9997184101873203,0.999813950358042,0.9570920193051227,0.512807266801206,0.9606175486489708,0.04778427194761597,4.0
564,0.0,0.0,0.0,0.0,0.0,0.0,0.01633721956711867,0.006046905115469315,0.013726393399021234,0.007009621675924909,0.001126595877389128,0.03396615989565315,4.0
565,1.0,1.0,1.0,1.0,1.0,0.0,0.9997471522575493,0.9997649288062284,0.8811313369824254,0.9587898477643239,0.8894865787946855,0.14851101957875673,4.0
566,0.0,1.0,1.0,1.0,1.0,0.0,0.14439024985119772,0.9815845245306162,0.9897870225813948,0.9963443436979612,0.9945866441863099,0.9285482394484221,0.0
567,1.0,1.0,1.0,1.0,0.0,1.0,0.9894142618195967,0.9994584516383284,0.9891735882859438,0.7739484534171286,0.24438083681980932,0.7277646518999284,0.0
568,1.0,1.0,1.0,1.0,1.0,1.0,0.9993867217515232,0.9998984476046491,0.9821887097990066,0.8271686178537365,0.2806819980602074,0.4642810599676047,3.0
569,1.0,1.0,1.0,1.0,1.0,1.0,0.9770255025101773,0.9993295166264514,0.06255722234822164,0.04778846054909348,0.5565398560946273,0.44759467954835586,3.0
570,0.0,0.0,0.0,0.0,0.0,0.0,0.0148147286721152,0.3639387733027054,0.006898133027549368,0.01413832967221759,0.006746166900893595,0.013033705213579445,0.0
571,1.0,1.0,1.0,1.0,1.0,1.0,0.9966551945645182,0.9999208757406681,0.9987999347327925,0.81256970750492,0.9770949659096686,0.8335522104913975,1.0
572,0.0,0.0,0.0,0.0,0.0,0.0,0.008985970365960633,0.005588566159650622,0.019377890328546053,0.0041274603922200285,0.041294444048770404,0.0053367391268744615,2.0
573,1.0,1.0,0.0,0.0,1.0,0.0,0.9046435853130633,0.9686124032393333,0.0016458347341237426,0.0581702535089093,0.7353525669618098,0.0013540914852107327,2.0
574,0.0,1.0,1.0,1.0,1.0,1.0,0.5543689677548964,0.9900132150979554,0.994689315537454,0.9995245859725538,0.7286296205902703,0.815520116136226,3.0
575,1.0,1.0,0.0,1.0,1.0,0.0,0.9799758394776212,0.9999909813814237,0.9723296848509538,0.9824458738611499,0.9975936301135946,0.463671264190646,0.0
576,1.0,1.0,1.0,1.0,1.0,1.0,0.9999813494091585,0.9998883159614196,0.998065752852449,0.9998551244245414,0.6283124650555264,0.9110580129860786,0.0
577,1.0,1.0,1.0,1.0,1.0,0.0,0.9999579501200643,0.9999879038481893,0.8778567035636448,0.9716485843306192,0.9819049324684825,0.7284548949483132,4.0
578,1.0,1.0,0.0,0.0,0.0,0.0,0.9960206935836828,0.9982904050333822,0.5611782681471795,0.698442223476688,0.9793394410946225,0.0033528511754074538,1.0
579,1.0,1.0,0.0,1.0,1.0,0.0,0.9988603282836959,0.9999820878139337,0.8596066666657707,0.9917581980691947,0.9771116430953966,0.8941030751078544,2.0
580,0.0,0.0,0.0,0.0,0.0,0.0,0.04134077291459679,0.026182374199419132,0.041335183894869905,0.0035515248505905493,0.014290299970602546,0.02177944252071788,3.0
581,0.0,1.0,0.0,1.0,1.0,1.0,0.628290749246233,0.9999187114248604,0.9978624144696638,0.998886439342218,0.9975548901693904,0.8055369576412816,2.0
582,0.0,0.0,0.0,0.0,0.0,0.0,0.003424608904717321,0.1319112041303405,0.032424339875918945,0.011818009848803653,0.1807154896191197,0.025043766400999975,1.0
583,0.0,0.0,0.0,0.0,0.0,0.0,0.021561554880449637,0.005630560161839021,0.01733882237145472,0.0019261082122111937,0.0795202012938981,0.0358365859401907,1.0
584,0.0,0.0,0.0,0.0,0.0,0.0,0.012269373440153353,0.005734091899363575,0.007572129273827142,0.0053125198370093775,0.02607293443684484,0.0039633240708921045,0.0
585,1.0,1.0,1.0,1.0,1.0,1.0,0.9996844881575087,0.9989840111645581,0.9885810086847914,0.9990775411471353,0.9509858698492064,0.5334416424824225,1.0
586,0.0,1.0,1.0,1.0,1.0,1.0,0.11003156401337452,0.9327023252146476,0.9939998341771057,0.9605524555103073,0.37152117850859573,0.9975673525213452,4.0
587,0.0,0.0,0.0,0.0,1.0,0.0,0.09944693737894991,0.6313294218068297,0.0034514537937647845,0.014236395944481277,0.4552427425487987,0.021849914756000545,3.0
588,1.0,1.0,0.0,0.0,0.0,0.0,0.9199074047004411,0.9991306595265508,0.20395321806536992,0.005736416155033658,0.2863735059695425,0.015114888178392944,1.0
589,1.0,1.0,0.0,0.0,1.0,0.0,0.9724766528405892,0.916772804688038,0.0027603981344241774,0.002757833165588948,0.23102565317285875,0.00982093736803499,0.0
590,0.0,0.0,0.0,0.0,0.0,0.0,0.011422070588417954,0.015388400822789996,0.038707630891372385,0.002050480177158645,0.04500188745832616,0.0344413565582821,1.0
591,0.0,0.0,0.0,0.0,1.0,0.0,0.015090607211494446,0.015732607828293544,0.004419410347825803,0.0028943627232608077,0.10781697514469217,0.01202508205552202,1.0
592,1.0,1.0,1.0,1.0,1.0,1.0,0.7754145565974406,0.9934219868358453,0.9890291360787564,0.9779252124641556,0.7395391106708711,0.6734859339099151,4.0
593,1.0,1.0,1.0,1.0,1.0,1.0,0.9995169744909888,0.99995746531222,0.9619785993571173,0.8534094843093689,0.753283412423642,0.14415671120416562,1.0
594,1.0,1.0,1.0,1.0,1.0,1.0,0.9971705203956739,0.999996490692252,0.8470787883169802,0.5184880548455424,0.992555128358471,0.03878173391711787,2.0
595,0.0,0.0,0.0,0.0,0.0,0.0,0.02535788860694197,0.003265396641891094,0.0026798398120421304,0.003292818119776984,0.010018006980933813,0.005783741346600162,3.0
596,1.0,1.0,1.0,0.0,1.0,0.0,0.9988355027598885,0.9960158411210537,0.5119667452132999,0.5063684626771952,0.96399263942406,0.022540181105608872,1.0
597,1.0,1.0,1.0,1.0,1.0,1.0,0.6797972943110685,0.9956541815362742,0.9999349650627808,0.9997608102547806,0.9725169800964156,0.9656273813055436,1.0
598,1.0,1.0,0.0,0.0,1.0,0.0,0.9199033000111861,0.9995269634116478,0.03757284187317491,0.07166184526069495,0.8309715419363312,0.008630131471345103,1.0
599,1.0,1.0,0.0,0.0,0.0,0.0,0.9412979623510347,0.9828690691808565,0.021011133513853968,0.029286883237238673,0.7675441897822327,0.00352917274940008,1.0
600,0.0,0.0,0.0,0.0,0.0,0.0,0.027583597172342277,0.0029939425033769897,0.009187575215000597,0.011295842486348611,0.020520198052282074,0.0350820254800258,4.0
601,1.0,1.0,1.0,1.0,1.0,0.0,0.999999399968332,0.999996624125972,0.9757060936205183,0.9997807368807392,0.9379607627453734,0.5389713716669378,0.0
602,0.0,1.0,1.0,1.0,1.0,1.0,0.8636180114415235,0.9918760346050232,0.9996038509236689,0.9971641054617737,0.9784482107262028,0.985118483564781,0.0
603,0.0,0.0,0.0,0.0,0.0,0.0,0.09835870136877835,0.037995664248480915,0.011329649880943525,0.00969294796165289,0.0255270959249257,0.005006201091584512,2.0
604,1.0,1.0,1.0,1.0,1.0,0.0,0.9924800636424045,0.9997982617003983,0.8802118272440337,0.8370648475995366,0.7695581873544747,0.1079239119273031,3.0
605,1.0,1.0,1.0,1.0,1.0,1.0,0.9973153250858552,0.9996827108288412,0.941297774123731,0.6226700441730083,0.9110175501498166,0.47926265705129206,2.0
606,0.0,0.0,0.0,0.0,0.0,0.0,0.037995361520366845,0.023220232053639406,0.003759597804392692,0.002138932760909341,0.016180811213574595,0.001563574955597597,3.0
607,1.0,1.0,1.0,1.0,1.0,0.0,0.9943117939007482,0.9999985137294475,0.5444329272216263,0.9676367362858553,0.9997040503665725,0.15123947614542171,0.0
608,1.0,1.0,1.0,0.0,0.0,0.0,0.9995486715830029,0.9997862896637213,0.8750088385623674,0.9882632043219964,0.6893871342434844,0.4183989817192054,4.0
609,1.0,1.0,1.0,1.0,0.0,0.0,0.9995625953739237,0.9999352779304815,0.9092270312305445,0.9385228100252401,0.7645775127391711,0.23995392594220694,2.0
610,0.0,0.0,0.0,0.0,0.0,0.0,0.010942150149396259,0.022611779278016515,0.015299948352666116,0.009572474506997084,0.009183694190555884,0.004094171169094734,0.0
611,1.0,1.0,1.0,1.0,1.0,1.0,0.9699134210005574,0.9991624700595491,0.9725803011338406,0.9999400590277199,0.9929207253578711,0.9424857971282333,1.0
612,0.0,0.0,0.0,0.0,0.0,0.0,0.007403673392974312,0.04958364674765277,0.006469045768483957,0.009339770628753921,0.06460897793282054,0.012079907639999827,4.0
613,1.0,1.0,1.0,0.0,0.0,1.0,0.999676233293369,0.9974304675606194,0.6040802031270909,0.035704593140542466,0.6555868316493153,0.25033140963065753,0.0
614,0.0,1.0,1.0,0.0,0.0,0.0,0.19551309310800447,0.9971871442425747,0.9889620535612726,0.9900471201245181,0.7372493126088767,0.6802959630334608,1.0
615,1.0,1.0,0.0,0.0,0.0,0.0,0.9539602468779576,0.9359617880207555,0.004559883577536686,0.0009317961067302786,0.1506345785962384,0.0002879993734681646,1.0
616,1.0,1.0,1.0,1.0,1.0,1.0,0.9968336629678282,0.9999984852424676,0.9957742487153167,0.9948442808273356,0.9981528789379943,0.8961035678990772,3.0
617,0.0,0.0,0.0,0.0,0.0,0.0,0.004727639742240654,0.023441222467357893,0.008337533177434797,0.0028892268212763975,0.013853748417566127,0.006915832242977605,1.0
618,1.0,1.0,0.0,0.0,1.0,1.0,0.6490780610489705,0.8660092870286682,0.00401801705559071,0.8423068476190986,0.9779642199771577,0.9089892262567811,0.0
619,1.0,1.0,1.0,1.0,1.0,0.0,0.8110701003133552,0.9996853842290458,0.8712833057786223,0.3998617899827442,0.9781074185263171,0.3216726282906518,1.0
620,1.0,1.0,0.0,0.0,1.0,0.0,0.994572161914589,0.9999376480807464,0.000103796336919534,0.009188456141149362,0.9978175686976781,3.325681766172408e-05,1.0
621,0.0,1.0,1.0,1.0,1.0,0.0,0.9993773211339556,0.9999998690976677,0.0027381126188138183,0.03904752850234063,0.9999437562718775,0.0006341549277294432,1.0
622,1.0,1.0,0.0,0.0,1.0,0.0,0.8854157842251332,0.8898559959119293,0.004898315891833761,0.001281461456105596,0.9709787457653348,0.024418129052774913,2.0
623,0.0,0.0,0.0,0.0,0.0,0.0,0.08671102981267366,0.28716685369761064,0.3963374943090921,0.050449313300390694,0.02177493953370285,0.03532933635023182,4.0
624,0.0,0.0,0.0,0.0,0.0,0.0,0.03808117179098761,0.0370533315526682,0.02107965413183995,0.027289473414630293,0.010628753893280463,0.03654291814316144,2.0
625,0.0,0.0,0.0,0.0,0.0,0.0,0.0091343708884607,0.0060880903907327855,0.02791466679590107,0.0035722869867519246,0.0856007697697434,0.029028087522440096,3.0
626,1.0,1.0,0.0,0.0,0.0,0.0,0.9961554772557811,0.999186842668931,0.003954971351600583,0.33330039674447215,0.8104699381624438,0.00012984146524193827,1.0
627,1.0,1.0,0.0,0.0,1.0,0.0,0.9992357118700518,0.987296224607653,0.028863987038241164,0.0009150598935215912,0.26974243033918865,0.003529354812215991,4.0
628,1.0,1.0,0.0,0.0,1.0,0.0,0.9585635752801505,0.9947279709572033,0.009296736399885907,0.0267783484366445,0.6731499965976724,0.020584144384428054,0.0
629,0.0,0.0,0.0,0.0,0.0,0.0,0.022202141378929296,0.010509671936169012,0.00572197601003944,0.006506720367045848,0.01460416821303431,0.01427236879154567,1.0
630,1.0,1.0,0.0,0.0,1.0,0.0,0.9986997106601986,0.989802259833245,0.15961279137637693,0.02614972105691587,0.8666185544136464,0.06182499551099401,2.0
631,1.0,1.0,0.0,0.0,0.0,0.0,0.9824055274472786,0.997215359454216,0.680504361472969,0.24101419653500386,0.3770240387086367,0.2517618594524753,1.0
632,0.0,0.0,0.0,0.0,1.0,0.0,0.4475243659021519,0.02665990183454557,0.010650204747487802,0.0007582503415710255,0.042769456467457376,0.0007532584137502871,4.0
633,1.0,1.0,1.0,1.0,1.0,1.0,0.9997738683448674,0.9999980465004991,0.9934119092120731,0.9996514971342595,0.9997846246085087,0.973256090965304,3.0
634,0.0,0.0,0.0,0.0,0.0,0.0,0.01224452132180749,0.034323678607272944,0.0006868836727660725,0.0028756233882733244,0.1389224878934722,0.005606058300129555,0.0
635,0.0,0.0,0.0,0.0,0.0,0.0,0.006145831821220412,0.007455306294369278,0.00031855670263329937,0.009071298175062024,0.0194695983527615,0.006766546069562902,3.0
636,1.0,1.0,1.0,1.0,1.0,1.0,0.04456353657035947,0.9090170673248456,0.995278288034658,0.9991227218830819,0.6193508687622873,0.9765730828771015,1.0
637,0.0,1.0,1.0,1.0,1.0,1.0,0.5096537868482318,0.9896566880914875,0.9983369647631513,0.9995051816909434,0.9417859466566159,0.9895566843796171,0.0
638,1.0,1.0,1.0,1.0,1.0,1.0,0.9982649283057804,0.999999874722408,0.9976379851056983,0.9982735486141557,0.995383139319459,0.902414328509377,2.0
639,1.0,1.0,0.0,0.0,1.0,0.0,0.9126289679868274,0.9640378975207796,0.10081806088920274,0.029817488615476794,0.7982334531673329,0.04053977849367657,4.0
640,1.0,1.0,1.0,1.0,1.0,0.0,0.9815263052136218,0.9999176033970345,0.9938829575363886,0.9342448267232458,0.9456018771764635,0.7087159114260542,4.0
641,1.0,1.0,1.0,1.0,1.0,1.0,0.998576384172783,0.999995253751962,0.9953875670235481,0.9968489510140094,0.9488658121916863,0.7461355186863953,4.0
642,0.0,0.0,0.0,0.0,0.0,0.0,0.34653257355504047,0.18210736782760512,0.000987947605539955,0.0025119618171420013,0.12852650934337242,0.0016377152262082363,4.0
643,1.0,1.0,0.0,1.0,1.0,1.0,0.9998664968971147,0.9996252313400084,0.8045920581351127,0.9291247150089125,0.8888839714944672,0.7203666336799637,0.0
644,0.0,0.0,0.0,0.0,0.0,0.0,0.3115190020085814,0.004287870387156335,0.03154558351587709,0.007978970447629095,0.6562720600963404,0.003242630131389943,2.0
645,1.0,1.0,0.0,0.0,1.0,0.0,0.9544059153789639,0.9971347263078851,0.2392874930047786,0.006119672308747841,0.45986574299193844,0.14137219237986767,4.0
646,0.0,0.0,1.0,0.0,0.0,0.0,0.10036377808332074,0.07391459024408874,0.27241555638880705,0.04513029322699972,0.03885894841362954,0.4542785822733228,4.0
647,0.0,0.0,0.0,0.0,0.0,0.0,0.021808520245819217,0.024506583705084944,0.1551694405416657,0.05623577966320932,0.013696815823945663,0.19500681333616957,4.0
648,1.0,1.0,0.0,0.0,1.0,0.0,0.9845161092683643,0.9803001590046325,0.18960535485033442,0.061850639733000534,0.3343594936817812,0.020471342296142926,4.0
649,0.0,0.0,0.0,0.0,0.0,0.0,0.02450849506602445,0.007231202026002076,0.029121857732246615,0.0033794110166469504,0.0025053580528980493,0.06003624396266547,2.0
650,1.0,1.0,1.0,0.0,1.0,0.0,0.9987215893874911,0.9998971902592252,0.9842474953447742,0.9427240042921344,0.9199300841356889,0.9385546905143118,0.0
651,1.0,1.0,0.0,0.0,0.0,0.0,0.9522420396296868,0.9465311294523575,0.0018205959911722451,0.014190775524231043,0.7030575381092199,0.0005219192059641874,1.0
652,1.0,1.0,0.0,0.0,0.0,0.0,0.9977586066662835,0.9997385144875077,0.8945271244158464,0.5684134979522038,0.9443127321312639,0.003468935660009589,3.0
653,1.0,1.0,1.0,1.0,1.0,1.0,0.9709146318042007,0.95565000037735,0.9752531311141273,0.9967477839104298,0.9855382141689508,0.697272064282858,3.0
654,0.0,1.0,1.0,1.0,1.0,1.0,0.08634632061925675,0.7535044101471112,0.985284432740958,0.9873544576035376,0.18234436060859374,0.9571044229299431,1.0
655,1.0,1.0,0.0,1.0,1.0,1.0,0.22632467878166818,0.9963404565074064,0.9949551285787007,0.9951172716854915,0.9770366053115229,0.7454959330043228,3.0
656,1.0,1.0,0.0,1.0,0.0,0.0,0.9924045626746167,0.9998582571281804,0.6942758462574962,0.6177149353733302,0.6797830779936676,0.053747657413725274,3.0
657,0.0,0.0,0.0,0.0,0.0,0.0,0.014197057109650461,0.028384660015228314,0.0021931157666166996,0.0002205644361532811,0.0512773488972104,0.008477405368454715,3.0
658,0.0,0.0,0.0,0.0,0.0,0.0,0.11774648286967569,0.019389376413206268,0.01648131069051985,0.005398253848013513,0.044924442611159174,0.000627454375945484,3.0
659,1.0,1.0,0.0,0.0,1.0,0.0,0.7721816240261612,0.8509511681357226,0.0032641797669416875,0.009912324561923834,0.32737972188670506,0.0019923193288479742,4.0
660,1.0,1.0,1.0,1.0,1.0,0.0,0.9853037061794993,0.9997151177997512,0.8042627350031085,0.9595512289290833,0.9854978280307599,0.2780303226607197,1.0
661,0.0,1.0,1.0,1.0,1.0,1.0,0.04256141552731556,0.2690179450957304,0.4223551451840095,0.06301870622725174,0.02551274432907858,0.4656834748818794,2.0
662,0.0,1.0,1.0,1.0,1.0,1.0,0.04461320563201828,0.8890100668158775,0.9957995491699573,0.9985215583985346,0.6067849212168026,0.9702573090230336,3.0
663,1.0,1.0,1.0,1.0,1.0,0.0,0.9969765984133204,0.9999969918147913,0.7797911665787757,0.9680022497644901,0.9986516367565375,0.342890941651377,4.0
664,0.0,1.0,1.0,1.0,1.0,1.0,0.4890483007150543,0.9941457877174852,0.9891451192538608,0.9998299202658999,0.9786172573717036,0.8936289542310188,1.0
665,1.0,1.0,0.0,0.0,1.0,0.0,0.9967444616005682,0.9997587533005742,0.01411459705456943,0.013707615298596338,0.9934475810336928,0.03619729072253608,2.0
666,1.0,1.0,1.0,1.0,1.0,1.0,0.9985522215313893,0.9999955023322025,0.9995528257461199,0.9978162119712987,0.8523752431369491,0.6054563689068699,2.0
667,0.0,0.0,0.0,0.0,0.0,0.0,0.6556584156131895,0.9177014110843784,0.27327316492805104,0.8960119721462517,0.12478853178799372,0.01451146958631374,3.0
668,1.0,1.0,1.0,1.0,1.0,1.0,0.9991349594773424,0.9998441581291225,0.7494914324526831,0.9963133069756422,0.7617585125078412,0.18578043030274247,0.0
669,0.0,1.0,1.0,1.0,0.0,1.0,0.15789841532578572,0.25079482600631714,0.8291689929846355,0.9866505445217788,0.7626572112913513,0.5716485704536929,1.0
670,0.0,1.0,1.0,1.0,0.0,1.0,0.4616852698997825,0.7893964395255934,0.9932440415695722,0.9892932116141315,0.6509308765013165,0.8925898078012713,1.0
671,1.0,1.0,1.0,1.0,1.0,0.0,0.6768734073559362,0.9998998393408063,0.9951235416752283,0.9855792020194305,0.9868582130244653,0.7096964995410278,3.0
672,0.0,0.0,0.0,0.0,0.0,0.0,0.009999348565257261,0.006549349463571793,0.036513886116346636,0.004975328865902418,0.0300315503404417,0.011964778172884362,2.0
673,0.0,0.0,0.0,0.0,0.0,0.0,0.009241120565946549,0.02090890970823715,0.001980503638873808,0.05108312375559505,0.16660466575684305,0.002609164891993096,2.0
674,1.0,1.0,0.0,0.0,1.0,0.0,0.9194044910846719,0.4692338422692032,6.508167673271392e-05,6.482367911710326e-06,0.12729431585005208,2.641425312412313e-05,0.0
675,0.0,0.0,0.0,0.0,0.0,0.0,0.002424523450442608,0.0031014093535151775,0.0029900096264303968,0.00013315151395388463,0.015832346236500757,0.004144443957246153,3.0
676,1.0,0.0,1.0,1.0,1.0,0.0,0.04657123818148564,0.20035445786175252,0.2553619961147995,0.010917526049546504,0.0032998202263257786,0.07441135018385234,2.0
677,0.0,0.0,0.0,0.0,0.0,0.0,0.01875352897631934,0.012209595617567319,0.007733709870301279,0.0032524509319864178,0.014843151031821347,0.006733111956274882,1.0
678,1.0,1.0,1.0,1.0,1.0,1.0,0.9998664968971147,0.9996252313400084,0.8045920581351127,0.9291247150089125,0.8888839714944672,0.7203666336799637,0.0
679,1.0,1.0,1.0,1.0,1.0,1.0,0.9999991308240542,0.9999976881080286,0.9879035753068115,0.9997951029220001,0.9999958645345273,0.9965640105931861,0.0
680,0.0,1.0,1.0,1.0,0.0,1.0,0.7829215813660994,0.9575754727922072,0.9994806276634881,0.9986470901113721,0.781254393541805,0.9874450220612837,1.0
681,0.0,0.0,0.0,0.0,0.0,0.0,0.04526151577971944,0.020170570213672433,0.16119841061407894,0.011956551520789805,0.01338555212673858,0.029358409051271312,4.0
682,0.0,1.0,1.0,1.0,0.0,0.0,0.2999541633052312,0.760048885143215,0.9784621592549184,0.9973275938287062,0.7596809058019929,0.8188710131670476,0.0
683,1.0,1.0,0.0,0.0,1.0,0.0,0.9955055600204401,0.9561964185299089,0.00029577434677814955,0.037387484701166304,0.9653139442520062,0.02229857503264986,4.0
684,0.0,1.0,1.0,1.0,0.0,1.0,0.0475574113885473,0.22350954428157363,0.3406861346587194,0.08646856089723133,0.01171577290331769,0.04705180856707112,3.0
685,0.0,1.0,1.0,1.0,1.0,1.0,0.09588514877403989,0.9355673404408508,0.9975871339897365,0.9924759649624022,0.9390107471592138,0.9482837520366302,3.0
686,1.0,1.0,1.0,1.0,1.0,1.0,0.9958987149144212,0.9998824497526766,0.7360142817928096,0.6433152837826622,0.738602769652529,0.21529045932680774,4.0
687,1.0,1.0,1.0,1.0,1.0,1.0,0.9901608222985093,0.9997747525460938,0.9993259673999102,0.9976973919239268,0.9638228045442451,0.9698464397069555,4.0
688,1.0,1.0,1.0,1.0,1.0,1.0,0.5269612096075657,0.9676592275787583,0.9743243835751126,0.9961434613549942,0.5801461074499102,0.9421889567145667,2.0
689,0.0,0.0,0.0,0.0,0.0,0.0,0.09481350705798952,0.004522156096679928,0.0570061624643515,0.0010990476019523767,0.16655814067810587,0.2292950739200415,3.0
690,0.0,0.0,0.0,0.0,0.0,0.0,0.03314034328893139,0.02101861607771288,0.1821946434335823,0.009376384396781986,0.006755706610649386,0.2751312370842972,3.0
691,1.0,1.0,1.0,1.0,1.0,1.0,0.5084649746587464,0.9997807092598423,0.9720461509574422,0.9998744421949829,0.9908314264076136,0.9072892700704611,2.0
692,1.0,1.0,1.0,1.0,1.0,1.0,0.9995660895455415,0.9992773369869244,0.8171290408022908,0.7015744284083207,0.5704700171118527,0.0839663390726013,0.0
693,0.0,0.0,0.0,1.0,1.0,0.0,0.018126890919289575,0.015344509584639152,0.01058535402283349,0.008633304756274952,0.04105336106048957,0.03566224169572291,0.0
694,0.0,0.0,0.0,0.0,0.0,0.0,0.021463298514017588,0.006286181743892756,0.05335403575423189,0.0037961165452250257,0.004451170470027715,0.007106761135330586,0.0
695,0.0,1.0,1.0,1.0,1.0,1.0,0.2589891519220583,0.972677042360904,0.9995282783170117,0.996111485224441,0.5748974892261789,0.9975778337552161,2.0
696,1.0,1.0,1.0,1.0,1.0,1.0,0.9991573260020422,0.9997073076099637,0.9378815033118704,0.9633756944962549,0.9825175767273412,0.46284936763014967,3.0
697,1.0,1.0,0.0,1.0,1.0,1.0,0.9462866060495928,0.956714082436621,0.6420300321392431,0.9927573233163476,0.9944428285654575,0.9929181494013455,3.0
698,0.0,1.0,1.0,1.0,0.0,1.0,0.44145240702685873,0.9440452317766213,0.9968242619800569,0.9979495867141073,0.708026918684297,0.9223917596456667,4.0
699,1.0,1.0,1.0,1.0,1.0,1.0,0.29773023073540367,0.9976168695998154,0.9999138292218042,0.9999772029079664,0.9748168192649883,0.7307062070577955,4.0
700,0.0,0.0,0.0,0.0,0.0,0.0,0.01973978214714307,0.00414975853469903,0.025229753056546015,0.01663372485447344,0.008261977654827635,0.005913060449213136,1.0
701,1.0,1.0,1.0,1.0,1.0,0.0,0.9982981242137243,0.9999990067972849,0.9950262359712897,0.9997954927237478,0.997548969936262,0.34477238607486815,0.0
702,1.0,1.0,1.0,1.0,1.0,1.0,0.9979797811257602,0.9999935052549691,0.8385350611716518,0.9916283434076423,0.906389825065485,0.46331359145429557,4.0
703,0.0,0.0,1.0,0.0,0.0,1.0,0.12204323988674128,0.13536524513806303,0.889319019230897,0.4740542251265321,0.035695846973262876,0.27255281740109694,3.0
704,1.0,1.0,0.0,0.0,1.0,0.0,0.9987122494275671,0.9999941066309612,0.1584388936250469,0.7117390539393305,0.9359277627111033,0.011642407255909357,0.0
705,1.0,1.0,1.0,1.0,0.0,1.0,0.9910605491015307,0.9999059138285827,0.9979797716120415,0.9803512140670017,0.9490257860757134,0.8006672496075714,1.0
706,1.0,1.0,0.0,0.0,1.0,0.0,0.9913525477047473,0.9994978326447103,0.5965647017502101,0.8321220625227513,0.8518444367798534,0.0337660701931977,1.0
707,0.0,0.0,0.0,0.0,0.0,0.0,0.0031573891079164757,0.0012092648351027862,0.0012486681127244167,0.008629009811178439,0.029247938820022898,0.023042798210109437,1.0
708,1.0,1.0,1.0,1.0,1.0,1.0,0.9976402908305222,0.9999678585163699,0.9843479899946537,0.9764067149961448,0.9570807003245956,0.6485048324277912,3.0
709,0.0,1.0,0.0,0.0,1.0,0.0,0.016308858319877436,0.2663701227196864,0.0013391732508973367,0.006144427818917186,0.8576056103850768,2.960538068812089e-05,4.0
710,0.0,1.0,1.0,0.0,0.0,1.0,0.08016051808281248,0.09712671537533997,0.9417376154867495,0.3144378116197243,0.2893313583895961,0.5346528927366803,1.0
711,1.0,1.0,0.0,0.0,1.0,0.0,0.9055617223269324,0.9974402992176868,0.0002325523581204074,0.004914814634409489,0.9813139927610842,0.00011083342857021435,0.0
712,1.0,1.0,0.0,0.0,0.0,0.0,0.9979071185742557,0.997292441772786,0.07695448395219048,0.24955082318630498,0.5340750565690795,0.43278387708890714,0.0
713,1.0,1.0,1.0,0.0,0.0,0.0,0.9914228602640521,0.9974622972155598,0.25762217289382305,0.15874399275071244,0.5904928835233808,0.060319103481299555,3.0
714,1.0,1.0,0.0,0.0,1.0,1.0,0.9994735926594609,0.9968951358929333,0.0011597953070065158,0.09925190557036903,0.9830740751732602,0.24581982039428413,2.0
715,1.0,1.0,1.0,1.0,1.0,0.0,0.9992924478730997,0.9999965667062863,0.8943298735890259,0.9947299428604168,0.9960496343580497,0.3230526089555847,0.0
716,0.0,0.0,0.0,0.0,0.0,0.0,0.0024897017341254006,0.008613257041816631,0.00147412278741498,0.027953894114820146,0.14446194524853673,0.04054724600684559,2.0
717,0.0,0.0,0.0,0.0,0.0,0.0,0.0024336571291444305,0.03874716487315622,0.0036703847583290697,0.02558866393157167,0.05998448296034201,0.06764042724481537,3.0
718,1.0,1.0,1.0,1.0,1.0,0.0,0.9999717510371368,0.9997135898627969,0.2193239654412042,0.7971714988386384,0.8212502068337171,0.035786066032855945,2.0
719,0.0,0.0,0.0,0.0,0.0,0.0,0.008694801611268878,0.005235169441677541,0.015759634459835838,0.06903487227378652,0.0020322276344258814,0.005506079227056074,4.0
720,0.0,0.0,0.0,1.0,1.0,0.0,0.014857041807467223,0.014455461296604551,0.002180888210240394,0.03774041161201231,0.055924665964826446,0.011665797999451574,1.0
721,0.0,0.0,1.0,0.0,0.0,1.0,0.15451619342293052,0.6158494668910689,0.9955178998088194,0.9021570195395344,0.23078977631463768,0.8088313625433446,0.0
722,1.0,1.0,1.0,0.0,1.0,0.0,0.9801213005146205,0.9984544061396233,0.016794747683471233,0.004843522240686885,0.387304984068415,0.016952148938948364,2.0
723,0.0,0.0,0.0,0.0,0.0,0.0,0.0016236720335357998,0.018430560734388687,0.002899484730670899,0.03340985857369389,0.005575457207273613,0.012308744333113486,2.0
724,0.0,1.0,1.0,1.0,1.0,1.0,0.7635861676382026,0.9999910460928523,0.9906582160448095,0.9999497119686115,0.996771856499394,0.9729252734299502,1.0
725,0.0,1.0,1.0,1.0,0.0,1.0,0.23728785308313136,0.9342286882142441,0.9707951188421132,0.9978414325046016,0.8259273391637703,0.896981750276125,4.0
726,1.0,1.0,1.0,1.0,1.0,0.0,0.9973592308253616,0.9984272067491966,0.9531132693401946,0.492792758871837,0.9492727868146714,0.22556650840271247,3.0
727,0.0,0.0,0.0,0.0,0.0,0.0,0.002586246591833974,0.003636293797788379,0.009514534447029526,0.0008667456147602122,0.021830439506097834,0.00674181910840018,0.0
728,0.0,0.0,0.0,0.0,0.0,0.0,0.480345316892262,0.03611682832583664,0.007981470378372454,0.0015836665404641097,0.008174135623539337,0.0019626534369581376,3.0
729,1.0,1.0,0.0,0.0,1.0,0.0,0.9908575120538704,0.9297041722368056,0.018045855641768034,0.009139644683002128,0.14715329074260358,0.007116998335086593,4.0
730,0.0,0.0,0.0,0.0,0.0,0.0,0.026045323452086513,0.00891885864883789,0.0057640499187233424,0.008743815406392564,0.015444272762728868,0.006769899619368511,1.0
731,1.0,1.0,1.0,1.0,1.0,1.0,0.33273079611600564,0.453031129171827,0.983529393098274,0.8031643298208536,0.08512797332985196,0.9728750255287755,3.0
732,1.0,1.0,1.0,1.0,1.0,1.0,0.8094262154749101,0.9996859884387338,0.9970281725495247,0.9999369436210899,0.9948843899889153,0.8842304665008854,3.0
733,1.0,0.0,0.0,0.0,0.0,0.0,0.3860720782888974,0.010560663343635117,0.007207153477545082,0.0006347470786269882,0.005432484861706384,0.0008886920631004048,2.0
734,0.0,0.0,1.0,0.0,0.0,0.0,0.01897607340914611,0.07767444211447212,0.35778109962442023,0.01632906296297349,0.012618101686693275,0.11243377323771461,3.0
735,0.0,0.0,1.0,0.0,0.0,0.0,0.09703145569197245,0.1311737688174514,0.08567734134205236,0.002911533788550669,0.057632342110849256,0.048835956355459835,3.0
736,1.0,1.0,1.0,1.0,0.0,0.0,0.9955925202928281,0.999885676602236,0.960837735896917,0.9909057800379035,0.9931049870869234,0.5150461614127129,2.0
737,0.0,0.0,0.0,0.0,0.0,0.0,0.005509077796217641,0.010651682814691235,0.03861641707788699,0.016305162557481184,0.014122365094504232,0.01781061651592052,2.0
738,1.0,1.0,1.0,1.0,1.0,0.0,0.9993900385105381,0.9999876164341793,0.9978389246035846,0.9591745548909693,0.7884840592879792,0.6090375758601535,3.0
739,0.0,0.0,0.0,0.0,0.0,0.0,0.0051179474070375194,0.005607141824865764,0.002702421795955869,0.0020097801903700145,0.009340316693677518,0.0027409785013842347,3.0
740,0.0,0.0,0.0,0.0,0.0,0.0,0.0031948361021581296,0.021688879143426754,0.021749972343737663,0.006485747830956577,0.01400189805370741,0.011955573957672697,3.0
741,1.0,1.0,1.0,0.0,1.0,0.0,0.9820577732387813,0.9972119625239791,0.5454945662183216,0.743158432781906,0.9768201410524683,0.015632467669025887,2.0
742,0.0,1.0,1.0,1.0,1.0,1.0,0.9096550931921534,0.9993007734803737,0.9997702171453009,0.9998781527804561,0.931127733986009,0.9989784571965546,4.0
743,1.0,1.0,1.0,1.0,1.0,1.0,0.9985073844586988,0.9999511348058683,0.9208549035348804,0.9990922007207415,0.9990125981954948,0.9095232282874289,0.0
744,0.0,0.0,0.0,0.0,0.0,0.0,0.00883935078649844,0.020602690116739885,0.000525871788051689,0.006569229988757228,0.035067185333139024,0.01473383502780044,1.0
745,1.0,1.0,0.0,0.0,1.0,0.0,0.9930456017992494,0.9999967305821552,0.3119823362581057,0.977606470484356,0.9614824293319062,0.06906476058884474,1.0
746,1.0,1.0,1.0,1.0,1.0,0.0,0.773650655806151,0.9997274402864476,0.9988725851296654,0.9963296297613334,0.180095327902714,0.7912913380761958,2.0
747,0.0,0.0,0.0,0.0,0.0,0.0,0.051759322300087306,0.022083823258626817,0.0076894672574879365,0.0035771727515091917,0.02095676368853818,0.025666783544392495,4.0
748,1.0,1.0,0.0,0.0,1.0,0.0,0.9769072944532495,0.9964456996030532,0.006147354245620039,0.014388892084646648,0.9630281742229594,9.344934189668199e-05,4.0
749,0.0,0.0,0.0,0.0,0.0,0.0,0.007394513493594753,0.013646240561635792,0.015823175103659697,0.005109218128098689,0.02790759704618468,0.004791355994329889,4.0
750,1.0,1.0,1.0,0.0,0.0,0.0,0.44641538611511894,0.7026687448436585,0.8747479073585588,0.46165666274284395,0.17747091135333168,0.16270584550663011,3.0
751,0.0,0.0,0.0,0.0,0.0,0.0,0.06369336080001142,0.04967481557269394,0.007240932618411722,0.005547690270437458,0.026701725090744564,0.0028125889046830715,4.0
752,1.0,1.0,0.0,0.0,1.0,0.0,0.9987431113772149,0.511745009766396,0.009613742616283687,0.04003574279043575,0.9689892169191499,0.0772609789681638,0.0
753,1.0,1.0,1.0,1.0,0.0,0.0,0.9998797960245965,0.9999992054006611,0.9977929101351715,0.9938325851153504,0.989211945733116,0.7792892430560066,3.0
754,1.0,1.0,0.0,0.0,1.0,1.0,0.9999424889926697,0.9995940158360822,0.04515198969113394,0.187671527318877,0.9921415215751683,0.7117698544529405,1.0
755,1.0,0.0,0.0,0.0,0.0,0.0,0.9855608452997633,0.8455845721674408,0.10391948763773083,0.0008398171064134911,0.308622623710143,0.004547592348980483,1.0
756,1.0,1.0,0.0,0.0,1.0,0.0,0.9923299514129867,0.9997381395048586,0.6309110017006077,0.7006947491446942,0.945197489105887,0.25686361503875255,2.0
757,1.0,1.0,1.0,1.0,0.0,1.0,0.8608844649401103,0.9979410376749731,0.995522157931851,0.9945521022092947,0.7899752087844154,0.954133412520844,1.0
758,0.0,1.0,1.0,1.0,0.0,1.0,0.22292735159442664,0.7565837547313379,0.9852674970340598,0.9978908657671637,0.7395810458175691,0.9913141617345085,3.0
759,1.0,1.0,1.0,1.0,0.0,1.0,0.9507387270847494,0.9715522650701444,0.9960044704579849,0.9978678515083802,0.9833597688224152,0.9928373282141529,0.0
760,1.0,0.0,0.0,0.0,0.0,0.0,0.9816511163338457,0.9862074989360181,0.0025817995444584975,0.0011040159874463492,0.2864180066978487,0.0006729372308546889,3.0
761,1.0,1.0,1.0,1.0,1.0,1.0,0.7725902445036469,0.9946414777161916,0.9940210197250801,0.9998558911067157,0.9184571655555241,0.9984112736504394,3.0
762,1.0,1.0,1.0,1.0,1.0,0.0,0.9999319568878978,0.9999419174345265,0.9857736387905326,0.9993210477839104,0.9752751879903426,0.716787239290376,2.0
763,1.0,1.0,1.0,1.0,1.0,1.0,0.6261059293457981,0.9890099150021157,0.9757457463400105,0.9996970932367627,0.9981302078835081,0.9940372733143731,4.0
764,1.0,1.0,1.0,1.0,1.0,1.0,0.9994229273281849,0.9999953087542574,0.8050134860260934,0.9751534736121761,0.9434463573632861,0.27581123408870245,0.0
765,0.0,0.0,0.0,0.0,0.0,0.0,0.008087673858445108,0.00337893969488231,0.00979196742943129,0.00105475856625267,0.0364331501280197,0.003922161232036913,0.0
766,1.0,1.0,1.0,1.0,1.0,1.0,0.9995076723343129,0.9991977560733776,0.9978252817486489,0.8254643648342498,0.5550012634612754,0.8944910468228734,4.0
767,0.0,0.0,0.0,0.0,0.0,0.0,0.030507532559998482,0.0071167163419912265,0.018663306151399117,0.0005813962539752694,0.0020873798394596987,0.09626656456183211,1.0
768,1.0,1.0,1.0,1.0,1.0,1.0,0.9985003689824594,0.9999930795931995,0.9645203357778338,0.9224832558801939,0.9766862654978204,0.23867904100921664,3.0
769,0.0,0.0,0.0,0.0,0.0,0.0,0.024718563065808555,0.10581424970707182,0.002731690168066929,0.0008007839165301015,0.029272796369149628,0.01360078693808895,4.0
770,1.0,1.0,0.0,0.0,1.0,0.0,0.9978204960484836,0.9991080705035675,0.027191891311848324,0.037395942788357305,0.27374195002486973,0.05214805326820504,2.0
771,0.0,0.0,0.0,0.0,0.0,0.0,0.03475311141684502,0.024184325522563523,0.00041859292866882225,0.004491215120174738,0.03265933703987056,0.0004608138739140178,2.0
772,1.0,1.0,1.0,1.0,1.0,1.0,0.9931658968909587,0.9999753441886742,0.7870251748203642,0.9575321925083837,0.968805825690031,0.7318531926987052,1.0
773,1.0,1.0,1.0,1.0,1.0,1.0,0.9977702574993839,0.9998448676409117,0.9954032081888651,0.9921691048112063,0.9928927124823798,0.9587706090187004,3.0
774,1.0,1.0,1.0,1.0,1.0,1.0,0.9878591781706791,0.998933971780862,0.9995063394816077,0.9653996098119285,0.8594719999220203,0.9722549008296165,0.0
775,1.0,1.0,0.0,0.0,1.0,0.0,0.9615271867030842,0.9359181589170842,0.0014041102469190784,0.26393074041708986,0.7323981594213955,0.00022563925941100976,4.0
776,0.0,1.0,0.0,1.0,0.0,0.0,0.7278517011976499,0.9998826777244575,0.9940759914077801,0.9997609308468247,0.9347440615876513,0.939885613735327,4.0
777,1.0,1.0,1.0,1.0,1.0,1.0,0.9969857364489052,0.9998961728147376,0.5936572636506032,0.9028048041896342,0.9509691418433852,0.1528599374452756,0.0
778,1.0,1.0,1.0,1.0,1.0,1.0,0.9988825951126176,0.9996169248937814,0.8628332854093055,0.6521285470936432,0.8304587822112051,0.27284403771885174,2.0
779,0.0,0.0,1.0,1.0,1.0,1.0,0.14335069830851443,0.5815158512749352,0.3160460269154785,0.823156414423375,0.22239861142696726,0.25502971687893966,4.0
780,1.0,1.0,0.0,1.0,1.0,0.0,0.9903889995416566,0.998012292688084,0.4141136194517224,0.14195481475837754,0.8289865737129767,0.023326990999182784,1.0
781,1.0,1.0,1.0,1.0,1.0,1.0,0.8075131777516736,0.998681399605653,0.9929793172325839,0.9991510198173118,0.9953257572341633,0.8361099177546241,1.0
782,0.0,0.0,0.0,0.0,0.0,0.0,0.07423010650776672,0.013837367968536554,0.012601235192764213,0.0015991486728590583,0.02509363782368489,0.003768951960494486,1.0
783,0.0,0.0,0.0,0.0,0.0,0.0,0.016416502805317958,0.054951911351493715,0.025456494425904655,0.001620610301452668,0.02776205560851035,0.015330758509265066,3.0
784,1.0,1.0,1.0,1.0,1.0,0.0,0.9991741890065183,0.9995158129980732,0.9582835586815162,0.9851434154264331,0.6038540149016016,0.4998810751949031,3.0
785,1.0,1.0,1.0,1.0,1.0,0.0,0.9989562559541829,0.9999296313584057,0.5451314794182904,0.9888039578133211,0.889925129658124,0.036311982442026595,0.0
786,0.0,0.0,0.0,0.0,0.0,0.0,0.011094880846080983,0.00203968704066824,0.0024667395783344545,0.0010210243231979137,0.016286917160324658,0.003117271359503672,1.0
787,1.0,1.0,0.0,0.0,1.0,0.0,0.8064932430580458,0.2613801885632563,0.006799875643918191,0.007070680336283831,0.8398257180174036,0.00032409390760401035,0.0
788,0.0,0.0,0.0,0.0,0.0,0.0,0.015208532759752905,0.02936436420896403,0.009666867271629112,0.0061063971882008,0.036101836940445484,0.003343981513496613,2.0
789,0.0,0.0,0.0,0.0,0.0,0.0,0.23024878444179017,0.026840935377802053,0.01779671530439958,0.01785142852791647,0.02580873033205426,0.007895590882763285,3.0
790,1.0,1.0,1.0,1.0,1.0,0.0,0.9990927228151025,0.9950454695574381,0.8100864529128531,0.9110656288855205,0.8953606237981104,0.1258297660497505,3.0
791,1.0,1.0,1.0,1.0,1.0,0.0,0.9999139111681965,0.9999932263762682,0.9045915424484016,0.897657535776425,0.5915093209508646,0.46305495778337213,4.0
792,1.0,1.0,0.0,0.0,1.0,0.0,0.9999570157330904,0.9998294191197112,0.010375224389404442,0.11486876287572395,0.9965426564561971,0.08721389860547418,1.0
793,1.0,1.0,0.0,0.0,0.0,0.0,0.9940055536592219,0.9896029360516719,0.015185035442105178,0.03259212591438061,0.5902489929189503,0.002020935748627328,2.0
794,1.0,1.0,0.0,0.0,0.0,0.0,0.5618101017632998,0.698782030570838,0.12555722536937036,0.16691114614360877,0.5956210792160759,0.016074108344460835,4.0
795,0.0,0.0,0.0,0.0,0.0,0.0,0.013898936479557134,0.027164067261449328,0.006605287003267914,0.015002470418364859,0.021257284820858938,0.06508963142554092,4.0
796,0.0,0.0,0.0,0.0,0.0,0.0,0.011110914472561361,0.08219550837216916,0.00296559027222229,0.0013828955705279546,0.07512862240034429,0.0018963134301832412,2.0
797,1.0,1.0,0.0,0.0,1.0,0.0,0.47382252729450514,0.04335278429701698,0.004966615259162687,0.0017521439915972221,0.022497983813183627,0.011274684090224744,4.0
798,1.0,1.0,0.0,0.0,1.0,0.0,0.9759881043180665,0.9352466974674528,0.020452551745325682,0.0081508605674418,0.8989637081043984,0.009773437301849012,1.0
799,1.0,1.0,1.0,1.0,1.0,1.0,0.9998651698123623,0.9999029649116092,0.9783125084166135,0.999782663332141,0.864050906820655,0.5462095618578907,2.0
800,1.0,1.0,0.0,1.0,1.0,0.0,0.9991762364832886,0.9999448440506207,0.9901360300266178,0.964901530707694,0.9988810555438897,0.8192426931997089,4.0
801,1.0,1.0,1.0,1.0,1.0,1.0,0.997312725573913,0.9999703338064792,0.7121368979111425,0.9870299458911466,0.9849452309738023,0.07502727947060722,3.0
802,0.0,0.0,0.0,0.0,0.0,0.0,0.005393920608564053,0.021618675203459333,0.005165508747397511,0.004366929294237363,0.01082203710466302,0.005469082441366471,2.0
803,0.0,0.0,0.0,0.0,0.0,0.0,0.009537888230981926,0.010041154478989133,0.002747074482431778,0.0038597090475829487,0.017787235672931806,0.0035043505244934025,2.0
804,1.0,1.0,1.0,1.0,1.0,1.0,0.9968881624036764,0.9999870059120572,0.7673176538258003,0.9934258397873423,0.6825136178451441,0.44379121519677667,4.0
805,1.0,1.0,0.0,0.0,1.0,0.0,0.9809255145097271,0.9841293041369925,0.019240290570481947,0.035788094872877735,0.6744020154882662,0.0037483091578282704,4.0
806,1.0,1.0,1.0,1.0,1.0,1.0,0.9926995018460858,0.9977533843543311,0.9993749906249728,0.9999277320332727,0.992221926817953,0.9458420134969376,2.0
807,1.0,1.0,1.0,1.0,1.0,1.0,0.9998835061636131,0.9999931781403948,0.9990833669541928,0.988128785793427,0.9997204933263815,0.9804330084360463,1.0
808,1.0,1.0,1.0,1.0,1.0,0.0,0.992887060827818,0.9998773137398718,0.8069927528098079,0.9000676041406578,0.9613746205918895,0.31957657425290464,0.0
809,1.0,1.0,0.0,0.0,1.0,0.0,0.9938244966000456,0.9988030456460206,0.08707559192200923,0.0135071254708505,0.7967662662602412,0.0008966525350964953,0.0
810,1.0,1.0,0.0,0.0,0.0,0.0,0.9091836083812039,0.9061455138841085,0.0019374369126312768,0.002559858979497818,0.43689246900722317,0.000726327018819787,1.0
811,1.0,1.0,0.0,0.0,0.0,0.0,0.8408024727252179,0.9592486951135695,0.003065712908545567,0.005008957136494602,0.7517284666269243,0.0008465385807879795,1.0
812,1.0,1.0,1.0,1.0,1.0,1.0,0.07231081776964578,0.16722985730499293,0.043571789891743824,0.08457822439977046,0.017225293267463925,0.07924179323755064,2.0
813,0.0,0.0,0.0,0.0,0.0,0.0,0.020951093396965763,0.08860779153393866,0.043060812645380746,0.009075884271196414,0.0008709190379086375,0.0009291997751206114,2.0
814,0.0,1.0,1.0,1.0,1.0,1.0,0.30079886884034074,0.9656221128415275,0.9930930290115998,0.9998089798155381,0.6573728030151003,0.9524740553833352,3.0
815,1.0,1.0,0.0,0.0,0.0,0.0,0.621181981898245,0.9956424195417356,0.002912790862411629,0.09044241896497499,0.3910184407532692,0.004972743139272709,4.0
816,1.0,1.0,1.0,1.0,1.0,1.0,0.4710037607829983,0.8203117389788773,0.9990014543491256,0.9993664041375052,0.7995192121410122,0.8393778037461278,1.0
817,1.0,1.0,1.0,1.0,1.0,0.0,0.9956714918792261,0.9999989199246867,0.9440839554928889,0.993109035133141,0.9964137367412431,0.09152675907146468,0.0
818,1.0,1.0,1.0,1.0,1.0,1.0,0.99999664311718,0.9999155891221109,0.9960717598286771,0.9993955160556321,0.9913301059919389,0.8887942856413308,0.0
819,1.0,1.0,1.0,1.0,1.0,1.0,0.46418132954711644,0.9832836902387195,0.9987897273268832,0.999847008444662,0.9129086762576799,0.9789275255053344,1.0
820,1.0,1.0,0.0,0.0,0.0,0.0,0.9877571282359152,0.9999973429791166,0.7856787571433101,0.9994583006467472,0.9353734957968869,0.9530683994035909,1.0
821,1.0,1.0,0.0,0.0,0.0,0.0,0.5538563125693886,0.3147885395408222,0.009357068537651643,0.0016285788765079655,0.1593845775427543,0.002494209524118814,4.0
822,1.0,0.0,0.0,0.0,0.0,0.0,0.2908557383270237,0.022293428743251024,0.010086884650037374,0.038619044747437985,0.11663028089726143,0.1494860147887387,3.0
823,0.0,0.0,0.0,0.0,0.0,0.0,0.015271974018133972,0.0042650624835003734,0.007268952550720475,0.0033760123182833193,0.016459818062253447,0.0009752453887546261,3.0
824,1.0,1.0,0.0,0.0,1.0,0.0,0.8765152980494816,0.8406791004635003,0.0009851680877800816,0.29807918272277023,0.8338629881550585,0.0018023149622415412,2.0
825,0.0,0.0,0.0,0.0,0.0,0.0,0.021322692306946674,0.004752672010913297,0.048438947419569216,0.0019448738101705194,0.01394114870434541,0.012549458533678313,3.0
826,0.0,0.0,1.0,1.0,1.0,1.0,0.9812771711937642,0.948861229717208,0.3128814311799162,0.027776317732231957,0.3818060133965479,0.17401059797809962,2.0
827,1.0,1.0,0.0,0.0,0.0,0.0,0.9705047377885477,0.9612170048588135,0.003562837063164807,0.05151559678344664,0.5728167096857978,0.0014172667525611,3.0
828,1.0,1.0,1.0,1.0,1.0,1.0,0.999988974647165,0.999989769671245,0.9965682730631064,0.999892258711138,0.9984760597674183,0.9343438896876047,3.0
829,0.0,0.0,0.0,0.0,0.0,0.0,0.3505025172336082,0.049964231260705864,0.01070792515383064,0.012729558298953636,0.006596373837895396,0.07061100406346958,0.0
830,0.0,0.0,0.0,0.0,0.0,0.0,0.02843210356923435,0.10160122471034931,0.005815708705104687,0.07322387896489338,0.15271140617263343,0.003930786006672652,3.0
831,0.0,0.0,0.0,0.0,0.0,0.0,0.03629298041814817,0.004810326461248594,0.003843976255647859,0.003352279988713363,0.05427018737372535,0.059600788632459815,4.0
832,1.0,1.0,1.0,1.0,1.0,1.0,0.9999281444324936,0.9999886205691747,0.9972163576069736,0.9996323620120764,0.99740544455534,0.9400020106201197,0.0
833,1.0,1.0,1.0,1.0,1.0,0.0,0.9998025973947107,0.9999932176883211,0.9990232212604779,0.992439214563211,0.9881856939900485,0.5855856632743071,3.0
834,1.0,1.0,1.0,0.0,1.0,1.0,0.9482768040327378,0.9992303605521462,0.22046282088964128,0.4222100548207001,0.9824443159551811,0.6548335278307812,2.0
835,0.0,0.0,0.0,0.0,1.0,0.0,0.009904482628282923,0.006648941256516253,0.008257626913115674,0.0011259246958660104,0.011449772610585513,0.0024416047752218216,4.0
836,1.0,1.0,1.0,1.0,1.0,0.0,0.9976017017507696,0.9999965782795779,0.5777853162275136,0.9697858350200157,0.9996710619940364,0.2958117574030473,0.0
837,1.0,1.0,0.0,0.0,1.0,0.0,0.9293895646581442,0.9958748998139035,0.003114240207488588,0.009119692250350392,0.8089902499293073,0.0007087067118893021,3.0
838,1.0,1.0,1.0,0.0,1.0,0.0,0.9979563082929959,0.9998321889191496,0.9182230375434847,0.5387893056298134,0.1877369940618872,0.3568578610095671,1.0
839,1.0,1.0,1.0,1.0,1.0,1.0,0.9957634592812562,0.9997175169450374,0.9861752208517708,0.9959684291139572,0.7645900731432229,0.6182812072059148,1.0
840,1.0,1.0,1.0,1.0,1.0,1.0,0.9999963860297926,0.9999999679124777,0.9984729713774118,0.9933910638972454,0.9999400849087959,0.9954844425867582,4.0
841,1.0,1.0,0.0,0.0,1.0,0.0,0.9999856930411313,0.9755269149805558,0.009707049946544831,0.11346486486380705,0.8153454375287484,0.5595974715880924,0.0
842,0.0,1.0,1.0,1.0,0.0,1.0,0.5244274435654421,0.9978422331410131,0.9970283034988144,0.999623763445121,0.966329977850369,0.9702349314225348,1.0
843,1.0,1.0,1.0,1.0,1.0,1.0,0.9990843240094247,0.9998189456499433,0.9891018444385383,0.9820899899470837,0.6113678411146226,0.7439209358679831,0.0
844,0.0,0.0,0.0,0.0,0.0,0.0,0.016951685591953293,0.006533721879932251,0.008142826663755591,0.0070963103020777055,0.15554090713363547,0.005584070372126169,2.0
845,0.0,1.0,0.0,1.0,1.0,0.0,0.08317767970803479,0.9969504890233166,0.6207776924508882,0.9745223153419104,0.9827889952555843,0.10308717757515268,1.0
846,1.0,1.0,1.0,1.0,1.0,0.0,0.98309656530806,0.9989870848137443,0.9355250803381654,0.726799836428832,0.8879694740673446,0.4771804901378688,1.0
847,1.0,1.0,1.0,1.0,1.0,1.0,0.9998430823715273,0.999942055202229,0.2904605868787397,0.730955284093115,0.986943830411136,0.3172331475332229,2.0
848,0.0,0.0,0.0,0.0,0.0,0.0,0.026024974745898946,0.016337711515208884,0.003437820701889449,0.015411403803437354,0.11737134311965884,0.0048091975667451485,3.0
849,1.0,1.0,1.0,1.0,1.0,1.0,0.9994344868046376,0.9999668327919302,0.9853551397448591,0.9826179127335922,0.9807451983233101,0.1641132065240958,2.0
850,0.0,0.0,0.0,0.0,0.0,0.0,0.010168433862435235,0.01938536054769702,0.0006434390984052917,0.03830719151844751,0.09685338445600686,0.01746881936489437,3.0
851,1.0,1.0,0.0,0.0,1.0,0.0,0.994096305756063,0.9998911949325235,0.9186346637612288,0.9315257017768407,0.7953879060611778,0.17165805634605766,3.0
852,0.0,1.0,1.0,1.0,0.0,1.0,0.14005041608051513,0.5580891140606998,0.7590524419780887,0.9984712381977561,0.525329875203125,0.8848385819980925,2.0
853,0.0,0.0,0.0,0.0,0.0,0.0,0.006952808457580291,0.04710654308792735,0.19590024318830893,0.025987502443617885,0.0245538658094295,0.5522888033282218,3.0
854,1.0,1.0,0.0,0.0,1.0,0.0,0.9994275420226302,0.9876712326118879,0.0025869415594856845,0.01334025059362854,0.8940035844820946,0.01732211130396266,4.0
855,1.0,1.0,1.0,1.0,1.0,0.0,0.9969896357670545,0.9992749107119897,0.9665850625530076,0.9174158062342015,0.8637568470830606,0.07560252265991123,0.0
856,1.0,1.0,1.0,1.0,1.0,0.0,0.9992135689695577,0.9998181179170279,0.9997521238588813,0.9989821213109341,0.8822870784894237,0.6732689832270538,4.0
857,1.0,1.0,1.0,1.0,1.0,1.0,0.9972374571853142,0.9999320281551574,0.9992766926571346,0.9922550783550941,0.9977831327151462,0.9593426129410978,1.0
858,0.0,1.0,1.0,1.0,1.0,0.0,0.6926786799376681,0.999816511461418,0.9877931802508226,0.991131548037859,0.9855773410918944,0.4993078157550927,2.0
859,1.0,1.0,1.0,1.0,1.0,0.0,0.9957420148817425,0.999906184630519,0.9980762806270186,0.9902864697562572,0.995639339925124,0.6623754783975152,1.0
860,0.0,0.0,0.0,0.0,0.0,0.0,0.0271630569770239,0.004404244942830225,0.006180259663450533,0.0013456292103617403,0.019121137280253466,0.005604822090874825,4.0
861,1.0,0.0,0.0,0.0,0.0,0.0,0.971543412348642,0.7014213438766442,0.008141148006758568,0.006592189586359935,0.08170726104423648,0.018028827298852815,1.0
862,0.0,0.0,0.0,0.0,0.0,0.0,0.10539734623567236,0.0903078751917195,0.001931041212675858,0.041868747826113654,0.04963656283901666,0.024412768425493146,2.0
863,0.0,0.0,0.0,0.0,0.0,0.0,0.027111441942202427,0.015918575470578344,0.0754800698597504,0.009080954594036508,0.005401991579358995,0.06259158203792467,4.0
864,1.0,1.0,1.0,0.0,0.0,0.0,0.9865403253774064,0.9955048191804066,0.15791076327878267,0.06998335261497096,0.22523022159727096,0.36549490917348665,0.0
865,0.0,0.0,0.0,0.0,0.0,0.0,0.14203096959577297,0.1881600821316357,0.0006936444351058495,0.0038048659209911967,0.07018876409801784,0.013015133974924197,0.0
866,1.0,1.0,1.0,1.0,1.0,0.0,0.9997924578563796,0.9998503590524813,0.8886679923795889,0.9327360712775778,0.8377671034078112,0.4949276898092475,3.0
867,0.0,0.0,0.0,0.0,0.0,0.0,0.003762898614698395,0.0164189696057616,0.019793659211730274,0.004277259628299597,0.023538182564716615,0.027416963535810506,1.0
868,0.0,0.0,0.0,0.0,0.0,0.0,0.028354128490625997,0.001784618615126095,0.011907325711654643,0.007720297691189361,0.05245889374056102,0.011041351676090827,3.0
869,1.0,0.0,0.0,0.0,0.0,0.0,0.8471947368058131,0.691295214358254,0.00021613491493552216,0.08169149474570209,0.7804098101164253,0.01109411218260173,2.0
870,0.0,0.0,0.0,0.0,0.0,0.0,0.005043108411824427,0.009125955263021075,0.03808359724038181,0.01021795293636745,0.006494079387232205,0.03349065783310532,4.0
871,1.0,1.0,1.0,1.0,1.0,0.0,0.9930139387932502,0.9999956561114977,0.21928294583184355,0.1576097079375016,0.9958583180940819,0.016286810074593292,4.0
872,1.0,1.0,1.0,1.0,1.0,1.0,0.10335485088857092,0.6464672061115964,0.9391477928121585,0.9982935544954912,0.9663027502355759,0.9058217889026334,3.0
873,0.0,0.0,0.0,0.0,0.0,0.0,0.00881492838532501,0.002328612366058597,0.004147271586950782,0.0012430039170694598,0.021442850607317623,0.012020222537767753,1.0
874,1.0,1.0,1.0,1.0,0.0,0.0,0.9992440314929151,0.9999915283674853,0.8961708879803572,0.9662754278460078,0.6577941342735313,0.49774191572964116,0.0
875,1.0,1.0,1.0,1.0,1.0,1.0,0.9986466845132314,0.9999928114910327,0.9993890505615316,0.9965205690935688,0.9711279830734982,0.9822839059105121,3.0
876,1.0,1.0,0.0,0.0,1.0,0.0,0.8998628610482841,0.9998567133056736,0.5998930094389319,0.4889819748629879,0.4498640569371434,0.27117353870596406,3.0
877,1.0,1.0,1.0,1.0,1.0,1.0,0.9931927757323746,0.9998513445528532,0.32966918671676426,0.23242818054095665,0.7477461019792715,0.001859027670393225,4.0
878,1.0,1.0,0.0,0.0,1.0,0.0,0.9988607576839447,0.9898050089359015,0.0008169010958583179,0.03734859292024071,0.6793205560741721,0.005468265927150212,4.0
879,0.0,0.0,1.0,0.0,0.0,0.0,0.04017281084424328,0.09052247545875607,0.26145851331379727,0.0024157695495295077,0.019130185868763677,0.12636360685777698,1.0
880,0.0,0.0,0.0,0.0,0.0,0.0,0.03143627539936082,0.01504641332315783,0.016525353118125686,0.004186139915400233,0.01907980836203931,0.01906715175929073,4.0
881,0.0,0.0,0.0,0.0,0.0,0.0,0.05888643967818195,0.0075774357905308955,0.003066865703681753,0.0016223096450087386,0.0262043315332404,0.14518355828304585,2.0
882,1.0,0.0,0.0,1.0,1.0,1.0,0.4566708830187854,0.09927952876914135,0.0017731237875447546,0.00405306740649097,0.18389731603557283,0.4499695154721596,3.0
883,0.0,0.0,0.0,0.0,0.0,0.0,0.015148472951059557,0.03651717188853558,0.02442919348859384,0.04317248066139919,0.009504508959394465,0.004799538270386061,4.0
884,1.0,1.0,1.0,0.0,1.0,0.0,0.9661546516197564,0.9995358776728102,0.01879584482337204,0.01620092809500823,0.7633174105524944,0.2754403582189851,3.0
885,0.0,1.0,0.0,1.0,1.0,0.0,0.8620659242572605,0.7596513406081125,2.1360005065668244e-05,7.915700365077138e-05,0.19387410765205743,0.012977647351852155,3.0
886,0.0,0.0,0.0,0.0,1.0,0.0,0.015901118163936554,0.007167747741715579,0.007207890084537095,0.001550742088745402,0.009129161128331276,0.050475257730947715,0.0
887,0.0,0.0,1.0,0.0,0.0,0.0,0.12447537308382133,0.41846342769065825,0.23205622450643687,0.010391763800318284,0.01469568590948902,0.11917311118247419,0.0
888,0.0,0.0,0.0,0.0,0.0,0.0,0.031113583042290505,0.023141201595123815,0.003966370369478565,0.001046613819907565,0.013438188632670952,0.010763672735137524,1.0
889,0.0,0.0,0.0,0.0,0.0,0.0,0.019653640377155612,0.08400479435435262,0.007184838680273325,0.03240397587798178,0.01635063458259548,0.0046100250420530306,1.0
890,0.0,0.0,0.0,0.0,0.0,0.0,0.0217669861884882,0.007606816552041036,0.013159356173299011,0.0034665594707289616,0.01106575414774921,0.0048927106190061005,3.0
891,0.0,0.0,0.0,0.0,0.0,0.0,0.05520610887279942,0.014837326804703987,0.0007691805692135438,0.002835017392994929,0.000554195619133727,0.0031477632310912386,4.0
892,1.0,1.0,1.0,1.0,1.0,0.0,0.9822013839468638,0.9996909546898406,0.6965014567062833,0.8681917006043863,0.6726274078557986,0.15663284102192812,1.0
893,1.0,1.0,0.0,0.0,1.0,0.0,0.9948604765493892,0.9999798414944013,0.3356117600448896,0.7150160369939564,0.9907025800956702,0.015797751639464508,2.0
894,0.0,0.0,0.0,0.0,0.0,0.0,0.011296910075494805,0.0019150553329100636,0.0007331602715719399,0.0011729645408072367,0.025183291380245075,0.006285330295471475,3.0
895,1.0,1.0,0.0,0.0,1.0,0.0,0.9945390183179164,0.9999911308044134,0.009526332011687028,0.034252578416242026,0.9908923194597902,0.006860435777577093,3.0
896,0.0,1.0,0.0,1.0,1.0,0.0,0.012601769126137785,0.3125160731903889,0.3310216136312236,0.1610129482261899,0.5298250874549122,0.015055385574024006,4.0
897,0.0,0.0,1.0,0.0,0.0,1.0,0.2431139856602526,0.3632889808075464,0.10898204292782483,0.06834053118675014,0.26661734559072725,0.4808536163994641,4.0
898,1.0,1.0,0.0,0.0,1.0,0.0,0.9734742599426441,0.964406119740237,0.005428384193686243,0.009534496970930664,0.9071364389413937,0.0027532124281701036,0.0
899,1.0,1.0,0.0,0.0,1.0,0.0,0.9512143668912648,0.9999655479043541,0.0015321127613619862,0.0026838025257287473,0.9917616463626128,0.0055967252759816,0.0
900,0.0,0.0,0.0,0.0,0.0,0.0,0.014197353002846844,0.009295572446580094,0.0010808799080877156,0.004804695964200342,0.026789250962674014,0.006509468635703313,1.0
901,0.0,0.0,0.0,0.0,0.0,0.0,0.29671004081414,0.022426918038013825,0.0005679051436480734,0.0016215334859620261,0.03332278622407027,0.13225486843068127,1.0
902,1.0,1.0,0.0,0.0,0.0,0.0,0.9996574916609815,0.994272694069363,0.17772507561788756,0.02200907798510324,0.2186412922308194,0.05628249428529538,3.0
903,1.0,1.0,0.0,1.0,1.0,1.0,0.9989497484322939,0.9960797999476866,0.8034137591405047,0.7706919891000527,0.9997684866744725,0.49609906516318913,1.0
904,1.0,1.0,1.0,1.0,1.0,1.0,0.9573842942325491,0.9999034271805972,0.99284852752217,0.9999833396917047,0.9819029085428572,0.9959738832048829,1.0
905,0.0,1.0,1.0,1.0,0.0,1.0,0.11649835042524233,0.31726494731657945,0.9160554195909737,0.47077173994226207,0.08260312401285629,0.2996806319468922,1.0
906,1.0,1.0,1.0,1.0,1.0,0.0,0.9998752370965566,0.999720628282544,0.9343750627829337,0.9827311657543366,0.9468731326275179,0.17836093648185963,0.0
907,1.0,1.0,1.0,1.0,1.0,1.0,0.8886705345093554,0.9984105454357849,0.9954048094515446,0.9996919748209275,0.6114641120899267,0.9159057673365261,1.0
908,1.0,1.0,1.0,0.0,0.0,0.0,0.9822332213828303,0.9851701571591152,0.9984428253893491,0.9946943640724178,0.5441306675847494,0.6025012438253661,3.0
909,1.0,1.0,0.0,0.0,1.0,0.0,0.9997741217092986,0.9994288078969317,0.05618630836382976,0.08160261061281424,0.18258374415137096,0.02371445851173598,2.0
910,1.0,1.0,1.0,1.0,1.0,1.0,0.999721127922216,0.9999985810948526,0.9697380547266949,0.9996468063591342,0.9701330326441302,0.4552678275657784,0.0
911,1.0,1.0,0.0,0.0,1.0,0.0,0.17501952259072645,0.9857769531123782,0.9912712885499864,0.9999452624724485,0.8418442524630986,0.9746297528718589,3.0
912,0.0,0.0,0.0,0.0,0.0,0.0,0.15310063696660167,0.2032660424804846,0.10832971704763208,0.018475368503443095,0.14430027603582044,0.002220859144039144,3.0
913,0.0,1.0,1.0,1.0,0.0,0.0,0.688422360613681,0.8565283479970099,0.6853608277726846,0.9895336795855008,0.8762798460636908,0.02856065707444934,4.0
914,0.0,0.0,0.0,0.0,0.0,0.0,0.0426766015858189,0.0051846784483990035,0.0026165052139379987,0.004585788158089742,0.0854953339682562,0.026097857230638274,2.0
915,1.0,1.0,1.0,1.0,1.0,1.0,0.9998656834262396,0.9999997012754585,0.9295005013161416,0.9999688395192797,0.9999787444809333,0.999930857122803,0.0
916,1.0,1.0,1.0,1.0,1.0,1.0,0.6652459435961432,0.998696352213851,0.9997888353143589,0.9997911241421981,0.5804566361956611,0.9308890617855519,2.0
917,1.0,1.0,1.0,1.0,1.0,1.0,0.6247096720145229,0.9999653672712099,0.9999405431830336,0.9999992900457741,0.99996274020564,0.9771722944077236,1.0
918,0.0,0.0,0.0,0.0,0.0,0.0,0.014261402015419028,0.004582663093144794,0.09332582914534955,0.0005492844948670201,0.0023009697928635018,0.029694131251319287,2.0
919,1.0,1.0,0.0,0.0,1.0,0.0,0.948958359843261,0.9266385316129667,0.002049476960270502,0.034638552932653596,0.6975608614121885,0.003239964103545768,3.0
920,0.0,0.0,0.0,0.0,0.0,0.0,0.020717046793280184,0.01535477865434372,0.028860830157987915,0.00421288477694926,0.02482380542328601,0.002145093539749703,3.0
921,1.0,1.0,1.0,0.0,1.0,0.0,0.9980799620331502,0.9999917740776902,0.6628373910753873,0.9034356119113314,0.9131935182363171,0.07474297131240756,0.0
922,1.0,1.0,0.0,0.0,1.0,0.0,0.9662326666557969,0.9550273838816403,0.008518631644670281,0.0012924602437707098,0.3612743729798503,0.0017628121128147327,1.0
923,1.0,1.0,1.0,0.0,0.0,0.0,0.998362686322879,0.9999633670272325,0.9987665787381333,0.9913619509684055,0.7762335218779709,0.6454389644404758,1.0
924,0.0,1.0,1.0,1.0,1.0,0.0,0.9976973604231141,0.9999992574232982,0.7314171180754938,0.9375806258244063,0.9990345690294209,0.09047856178461931,3.0
925,1.0,1.0,0.0,0.0,0.0,0.0,0.9787426990698624,0.998032070243217,0.5136557217534592,0.46688031751707787,0.9285813868558916,0.3822547594993958,2.0
926,0.0,0.0,0.0,0.0,0.0,0.0,0.3012378993745359,0.03145374135483062,0.0013925750782080191,0.00031005858296346943,0.4373770851995427,0.03133286810554937,2.0
927,0.0,0.0,0.0,0.0,0.0,0.0,0.004254372163604196,0.02149644766213901,0.008598541443458015,0.0038688344470079383,0.008177917450757797,0.009394985554436276,3.0
928,1.0,1.0,1.0,1.0,1.0,0.0,0.9929563466763817,0.9993543395365304,0.8382214042504612,0.8484829939609545,0.9859870142336817,0.7845839200325707,4.0
929,0.0,0.0,0.0,0.0,0.0,0.0,0.01749523793283741,0.019605859560025363,0.0017208495367531838,0.014653668342375022,0.08574881467776557,0.06403990230615467,4.0
930,0.0,0.0,1.0,0.0,0.0,0.0,0.04879259296645903,0.3232853065745075,0.37572303945038804,0.1749016171232594,0.015967026770166405,0.19501754759628212,2.0
931,0.0,0.0,0.0,0.0,0.0,0.0,0.02179590421440334,0.2239113761879029,0.06332690029381825,0.11984850619706536,0.026405232975967908,0.023415818646476683,0.0
932,1.0,1.0,1.0,1.0,1.0,1.0,0.9999195976841443,0.999854507228622,0.9982525486099171,0.972383108170753,0.9546651935246624,0.9634173229920917,0.0
933,1.0,1.0,0.0,0.0,1.0,1.0,0.9971713647981606,0.9800359570270204,0.0008758689930214565,0.01797772188626679,0.666628505703983,0.04723515364723692,3.0
934,1.0,1.0,0.0,0.0,1.0,0.0,0.93346770582937,0.9973772205631819,0.01165997601546016,0.021376984470537527,0.9099104412811543,0.00019690700983763637,3.0
935,1.0,0.0,0.0,0.0,1.0,1.0,0.12500619462492613,0.5266842023846268,0.9549703953886619,0.9716273216619198,0.8270747365289526,0.7069981641913508,3.0
936,0.0,0.0,1.0,0.0,0.0,1.0,0.8883525850651484,0.7953175577781844,0.9026303007637355,0.9983959660000886,0.9896476714443001,0.972334955333496,2.0
937,1.0,1.0,1.0,1.0,1.0,0.0,0.996570405208323,0.9999966239796574,0.9946266693611462,0.15705313756017528,0.9339037369679141,0.4618979076805885,1.0
938,1.0,1.0,1.0,1.0,1.0,1.0,0.3642518815876011,0.9724913040324588,0.9996556364785009,0.9999340942733947,0.7816108687808407,0.9931908238891686,1.0
939,0.0,0.0,0.0,0.0,0.0,0.0,0.036527826909561356,0.01164740176358612,0.0021868482023883317,0.004458289159179164,0.007853421203616739,0.01822346952845055,1.0
940,1.0,1.0,1.0,1.0,1.0,1.0,0.9982994962470704,0.9999966819512255,0.9985199229208224,0.9993211104059972,0.7417447584845676,0.9342478562254192,0.0
941,0.0,0.0,0.0,0.0,0.0,0.0,0.002425442695459041,0.0026330198949087525,0.0022209871000479493,0.0017478977852789267,0.01402977538925576,0.017270101089219798,2.0
942,1.0,1.0,1.0,1.0,1.0,1.0,0.9532759778362784,0.9995533962548984,0.9187079944578015,0.6753116230959866,0.8855057449565648,0.07789800573270711,1.0
943,1.0,1.0,0.0,1.0,1.0,0.0,0.6380148107750528,0.8913511685462778,0.004373754523380561,0.4343283404713259,0.9943642085054477,0.7367414762919101,1.0
944,1.0,1.0,1.0,1.0,1.0,1.0,0.9988477542414846,0.9999729453453149,0.8236052406037304,0.6374722508744454,0.9983361629647307,0.11767906548649829,2.0
945,1.0,1.0,1.0,1.0,1.0,1.0,0.993015996378777,0.999980297669911,0.9971029834836735,0.9864607114829866,0.8086931370902214,0.556852410182159,3.0
946,0.0,0.0,0.0,0.0,0.0,0.0,0.004982992033504543,0.014086881768258695,0.030197615953280563,0.0007522356011974362,0.03710282541390479,0.013589145921258615,1.0
947,0.0,0.0,0.0,0.0,0.0,0.0,0.08475346184229693,0.015270979533072366,0.0023901717954496007,0.0019811091653744537,0.13939718658326206,0.014242251043168504,3.0
948,1.0,1.0,1.0,1.0,1.0,1.0,0.8752725331510288,0.9904316633221854,0.9952152095975202,0.9988739847245748,0.9846294032276761,0.9670552993342478,0.0
949,1.0,1.0,1.0,1.0,1.0,1.0,0.05523223114836314,0.19011513382438908,0.9984189037078506,0.8950381654604104,0.7933092280770557,0.9841046297144913,0.0
950,1.0,1.0,0.0,0.0,0.0,0.0,0.9924830174494481,0.9735454750292603,0.483522673289294,0.018459389071985546,0.3832242924059082,0.030715319982612364,0.0
951,0.0,0.0,0.0,0.0,0.0,0.0,0.027691007688812073,0.04470651111597326,0.007270441706096928,0.010931603102966472,0.013190102033154,0.005109830105499523,4.0
952,1.0,1.0,0.0,0.0,0.0,0.0,0.9477562210253851,0.9774507027173157,0.002712533133148685,0.023782349453259986,0.9015529497246455,0.0011218031501675303,0.0
953,1.0,1.0,0.0,0.0,1.0,0.0,0.39689015700503427,0.07478584317285164,0.00019820731692099153,0.0046223814574410695,0.03757729595922591,0.0005103965154526085,3.0
954,0.0,0.0,0.0,0.0,0.0,0.0,0.007277439976407136,0.005499545844751876,0.013161057286703647,0.0005951589945185625,0.026935132490175737,0.02797705884499668,4.0
955,0.0,0.0,0.0,0.0,0.0,0.0,0.004226090798117843,0.04648500019194018,0.07310254376589105,0.0016096738142267187,0.07917779610676054,0.05690459959734388,4.0
956,0.0,0.0,0.0,0.0,0.0,0.0,0.0071065768203006745,0.06016469981583963,0.10164412699953092,0.0019937526743947715,0.14863677159713926,0.020138661575407016,4.0
957,0.0,1.0,1.0,1.0,0.0,1.0,0.28521842579659706,0.39450421513210876,0.6525738508523228,0.540218080739148,0.08441140286479905,0.376089702741306,4.0
958,1.0,1.0,0.0,0.0,1.0,0.0,0.981145474420679,0.9607572573092203,0.08260833198755448,0.08170228577841009,0.96550402859119,0.04555544161760711,3.0
959,0.0,0.0,0.0,0.0,0.0,0.0,0.01901076802194538,0.027194961925107897,0.0031674982688285817,0.0016579138355705767,0.019640157037570917,0.003852704079845193,3.0
960,1.0,1.0,1.0,1.0,1.0,1.0,0.9908802092454883,0.9999688990102652,0.9997985715105994,0.9958590297394352,0.5709546979291272,0.9606967156793697,4.0
961,0.0,1.0,1.0,1.0,0.0,1.0,0.36533027234743803,0.4120939664443448,0.9548183677147792,0.3570179458018452,0.11629983977813274,0.2771407571925046,3.0
962,0.0,0.0,0.0,0.0,0.0,0.0,0.0022691630434876027,0.0066783722694296254,0.0017920531702214752,0.0028194585095736805,0.053412459837281816,0.036619514842251726,2.0
963,1.0,1.0,1.0,1.0,1.0,1.0,0.9965618910066438,0.9988894850992879,0.7735165034757386,0.7108504483422089,0.8472272720519726,0.3976796544112298,0.0
964,1.0,1.0,0.0,0.0,1.0,0.0,0.8468814042500887,0.9946989425280245,0.6486994742784583,0.33383661292636485,0.5140994654840007,0.027154445516698236,1.0
965,1.0,1.0,0.0,1.0,1.0,0.0,0.9953200912083807,0.9973618922478584,0.2754278741992323,0.39967681969635166,0.7631620627221228,0.29311815553601933,2.0
966,1.0,1.0,0.0,0.0,1.0,0.0,0.9872366400533767,0.9909658094339197,0.0025262923549056095,0.04852328928831053,0.5441689216493456,0.0003281524860898016,2.0
967,0.0,0.0,0.0,0.0,0.0,0.0,0.044677867774565665,0.011705242722913851,0.0035994661164518555,0.006032240353717084,0.019709135489125555,0.00804692807945234,3.0
968,1.0,1.0,1.0,1.0,1.0,1.0,0.9986236095314904,0.9999929568735278,0.9944609036241702,0.9625931396409291,0.47938282665772114,0.514360472996836,0.0
969,1.0,0.0,0.0,0.0,0.0,0.0,0.2609441078424304,0.18569146590805885,0.0013854462254540882,0.00024270730032596827,0.048892033454802725,0.001314850916006861,3.0
970,1.0,1.0,1.0,0.0,1.0,0.0,0.991054177632511,0.9996740365322262,0.1702554913155216,0.16136147803780368,0.6182731418902622,0.030156516690424105,3.0
971,1.0,1.0,1.0,1.0,1.0,1.0,0.02323678099023322,0.8771031441282637,0.9978330520115168,0.9889356251657032,0.4748603501503588,0.848244151565171,3.0
972,1.0,1.0,1.0,1.0,1.0,1.0,0.9993978987327703,0.9996921735499749,0.9984243886616464,0.9971231659344417,0.9559746091842029,0.9639939875585859,4.0
973,1.0,1.0,1.0,1.0,1.0,0.0,0.9877274875167056,0.9999801852430836,0.7732353107094271,0.9658602193703496,0.8670856704780973,0.45873693338637517,1.0
974,0.0,0.0,0.0,0.0,0.0,0.0,0.03606671354024642,0.05482776642071019,0.011796609748112247,0.00987054949026826,0.02416593656906151,0.013914957898509883,2.0
975,0.0,0.0,0.0,0.0,0.0,0.0,0.03674669296542544,0.38278099143662675,0.015013966138068217,0.006460450718065408,0.028047113529714163,0.0016321650850852918,4.0
976,1.0,1.0,0.0,0.0,1.0,0.0,0.9968275397884926,0.9997819550498597,0.5544954471953099,0.6869085661162522,0.7792676796955875,0.19746974123966113,2.0
977,1.0,1.0,0.0,0.0,1.0,0.0,0.969582098405823,0.9999886510631968,0.055101157949238706,0.06779819785891335,0.9957079795748703,0.002862997852265463,3.0
978,0.0,0.0,0.0,0.0,0.0,0.0,0.031901060720254656,0.04671234950312622,0.004064869125092463,0.012834482597202957,0.030111688328209645,0.010211279468714984,2.0
979,0.0,0.0,0.0,0.0,0.0,0.0,0.0162342662594644,0.009108923196285958,0.0010635911884147836,0.029626095473350957,0.35907801062545763,0.026197569585241023,2.0
980,1.0,1.0,0.0,0.0,1.0,0.0,0.9887506382750013,0.9855172933504772,0.0018951424835171767,0.022857849532236768,0.7602864655469873,0.001019533710233582,3.0
981,1.0,1.0,0.0,1.0,1.0,0.0,0.999728741091468,0.9999180055183545,0.7564046543199567,0.9601935671240218,0.9973225536268656,0.753207196595933,4.0
982,1.0,1.0,1.0,1.0,1.0,1.0,0.9924850189752749,0.9997030663049469,0.9996372907042497,0.9993992875631441,0.984931469682962,0.9805798929968689,1.0
983,1.0,1.0,0.0,1.0,1.0,1.0,0.9860479654198537,0.9996907113038342,0.9976096240107439,0.9981235631038218,0.9179272708090421,0.9116046327170625,1.0
984,1.0,1.0,1.0,1.0,1.0,1.0,0.9999592963401647,0.9999906986917012,0.9824227131556088,0.9517636285095342,0.494176897680157,0.9752617805586979,0.0
985,1.0,1.0,1.0,0.0,0.0,0.0,0.9942585539597532,0.9998893383852347,0.13967584393230964,0.8978438957160346,0.8975572124854293,0.14117164556729733,1.0
986,0.0,0.0,0.0,0.0,0.0,0.0,0.027738141091216292,0.0022686097483284404,0.005018310196901634,0.007043181333838943,0.21613625301169487,0.023584959265838822,2.0
987,0.0,0.0,0.0,0.0,0.0,0.0,0.006361370446080011,0.0048173588398670135,0.008624496421706242,0.0007343114385840826,0.0032771585374601203,0.008968892402459898,0.0
988,1.0,1.0,1.0,1.0,1.0,0.0,0.9913962131887627,0.999998737115244,0.11578600756148108,0.44325602592319,0.9927857139046374,0.14518285935936953,2.0
989,1.0,1.0,0.0,0.0,1.0,1.0,0.9674075147865465,0.9190263448940112,0.006279734010028717,0.6482841368988278,0.9982065062301508,0.9699641454518506,1.0
990,1.0,1.0,1.0,1.0,1.0,0.0,0.983912611042408,0.9999960489187378,0.7287933480382239,0.9633891319050912,0.9877369024175493,0.020367459677582668,2.0
991,1.0,1.0,0.0,0.0,1.0,0.0,0.932482325036391,0.9984090654326166,0.0035004521682516893,0.000516648041304857,0.49186910515074195,0.002252787728178601,3.0
992,1.0,0.0,0.0,0.0,1.0,1.0,0.35469782947696543,0.03072535711115374,0.0003968013449643573,0.0005863228183865318,0.07438561792570532,0.0715005078619966,3.0
993,1.0,1.0,0.0,0.0,1.0,0.0,0.979168326748994,0.6446039286500603,0.008993740497214563,0.0025038414232478852,0.40106179505332773,0.0011465580439614352,0.0
994,1.0,1.0,1.0,1.0,1.0,1.0,0.9984130757398733,0.999891477663536,0.7623539800799524,0.90817545004663,0.9368114146954936,0.3340787266690242,2.0
995,1.0,1.0,1.0,1.0,1.0,0.0,0.9999052510900455,0.9999973687306225,0.9981108174310748,0.9997562318765234,0.9945129921246455,0.9223441942125487,4.0
996,0.0,1.0,1.0,1.0,0.0,1.0,0.6276728149682275,0.9835268307366298,0.9994698306142534,0.9975743417814994,0.793950957133564,0.7416818778418097,3.0
997,1.0,1.0,1.0,1.0,1.0,1.0,0.9996846216589949,0.9999984894704577,0.9997058176254047,0.9992863776361058,0.9684445215598549,0.9387284426920939,1.0
998,1.0,1.0,1.0,1.0,0.0,1.0,0.5195874560583199,0.9884978269382928,0.9910907368401904,0.9972162032676734,0.9113425559038156,0.745643828025054,0.0
999,1.0,1.0,0.0,0.0,0.0,0.0,0.8842043974002586,0.9913344781103962,0.004888108438888766,0.013120692825091658,0.69278140710876,0.0007749067607842817,1.0
1000,1.0,1.0,0.0,0.0,0.0,0.0,0.9914653077696184,0.9821717982269186,0.006901910576486595,0.11345666558992011,0.599844155179319,0.000389609282547708,0.0
1001,1.0,1.0,1.0,1.0,1.0,1.0,0.9998367419570389,0.9999911530221376,0.9860049170275326,0.9987740084838861,0.9991021654395614,0.9946881167276077,1.0
1002,1.0,1.0,1.0,0.0,1.0,0.0,0.99829600839924,0.9997853361361512,0.46076935357933674,0.019775737479041454,0.13032646997650799,0.08062793926407544,3.0
1003,1.0,1.0,1.0,1.0,1.0,1.0,0.7798530879823675,0.9777210312049744,0.9831447863838354,0.9952051908263864,0.9485398148584848,0.9596103679071307,3.0
1004,1.0,1.0,1.0,1.0,1.0,0.0,0.9972697760551167,0.9999910215399732,0.9993705902658832,0.9925884868289829,0.9903154194396462,0.8883644377269949,1.0
1005,1.0,1.0,0.0,0.0,1.0,0.0,0.9695081716072753,0.9813921522213137,0.0884439545445488,0.014638743347014427,0.6806870541237199,0.009047734707001284,1.0
1006,1.0,1.0,0.0,0.0,1.0,0.0,0.7518338852504879,0.956907755617506,0.00492232610746731,0.011012764962068744,0.6888799638886581,0.2965053375915281,2.0
1007,1.0,1.0,1.0,0.0,1.0,1.0,0.9918522353211561,0.9988715903868594,0.7356784536374503,0.942615210155246,0.5713916907969498,0.1866448879944291,1.0
1008,1.0,1.0,1.0,1.0,1.0,0.0,0.994922134373406,0.9995711626507776,0.7354020985671372,0.6672507939261451,0.7694435835669551,0.09629381896896026,3.0
1009,1.0,1.0,1.0,1.0,1.0,0.0,0.9999520275104585,0.9999878455536862,0.9964961225236096,0.9993027038558263,0.9886768198640524,0.06651490305094884,0.0
1010,1.0,1.0,0.0,0.0,0.0,0.0,0.9781322802203258,0.6089962215338901,0.005948530907071319,0.0042930201221150315,0.5289525744630085,0.00020538667404427697,2.0
1011,1.0,1.0,0.0,0.0,1.0,0.0,0.9961865400112512,0.9961909341175985,0.19741316215525412,0.0845424592777154,0.9044525412000602,0.010058998169086019,3.0
1012,0.0,1.0,1.0,0.0,0.0,1.0,0.04897544015306287,0.13725053430026085,0.21113161412885348,0.3658320507669671,0.20244567113657191,0.1294247700587523,4.0
1013,0.0,0.0,0.0,0.0,0.0,0.0,0.02310085351241237,0.006486388742909542,0.011949036229425515,0.006537835900919011,0.044539331254713044,0.014265260204312347,2.0
1014,1.0,1.0,1.0,1.0,1.0,1.0,0.9998445006587997,0.999960360305008,0.9251120166223114,0.9895363657098546,0.9305003446864233,0.3856380316945765,4.0
1015,1.0,1.0,0.0,0.0,1.0,1.0,0.4745215271961367,0.5293474431174813,0.05712604615191292,0.09685817354533621,0.14783483176784454,0.9462308953046679,3.0
1016,1.0,1.0,1.0,1.0,1.0,1.0,0.8588840786185742,0.9997656270706448,0.9998634682958172,0.9999714689063243,0.9970622835965076,0.9143747856156382,4.0
1017,1.0,1.0,1.0,1.0,1.0,0.0,0.9996902391662088,0.9999983604994026,0.9878985855306877,0.9987905211664312,0.9935654657717559,0.008741366566728656,4.0
1018,0.0,1.0,1.0,1.0,0.0,1.0,0.3880881310196418,0.9026699774696777,0.9987531039105926,0.9994104867068282,0.7440913514398525,0.9838174654704017,1.0
1019,1.0,1.0,0.0,0.0,0.0,0.0,0.9944628949888716,0.9996884256121559,0.003907578743575972,0.10824772415697581,0.7574804566928204,0.001427473234604675,3.0
1020,1.0,1.0,1.0,1.0,1.0,1.0,0.9993726215489462,0.9999305085584403,0.9999887485314216,0.9919673778902534,0.9449874479575049,0.9897038745582112,4.0
1021,1.0,1.0,0.0,0.0,0.0,0.0,0.9794233272500719,0.943817353272656,0.002200226616014119,0.10507544279372856,0.9344315657319878,0.004957807842920473,4.0
1022,1.0,1.0,1.0,1.0,1.0,0.0,0.9934885112057027,0.9999438618305302,0.6476660130762181,0.9888060155206254,0.7732510576919907,0.0991568661840398,2.0
1023,1.0,1.0,0.0,0.0,1.0,0.0,0.5709654499654944,0.5187911841333878,0.004450136618463007,0.022944377410301964,0.3254040661891302,0.058588021367849984,2.0
1024,1.0,1.0,0.0,0.0,1.0,0.0,0.8764857992320436,0.9440957645683246,0.0021800534222882607,0.010861348131905804,0.6886976408713732,0.014642487868322226,3.0
1025,1.0,1.0,1.0,1.0,1.0,1.0,0.99020368436058,0.9999175814952879,0.6979722334354639,0.6674658228507235,0.992707462658307,0.07521705979408409,4.0
1026,0.0,0.0,0.0,0.0,0.0,0.0,0.020294161145918935,0.0410473410991965,0.02991543669610582,0.0029430214033677035,0.022285584585309253,0.008130941468339101,0.0
1027,1.0,1.0,0.0,0.0,1.0,0.0,0.7399122071754914,0.9024124980215843,0.0052325726170391815,0.00077577184642742,0.6711740442995923,0.0057210522200815996,1.0
1028,0.0,0.0,0.0,0.0,0.0,0.0,0.06161919835882772,0.1566531193200587,0.04819998450295416,0.011584593953180863,0.04908033697041386,0.15093857042342854,4.0
1029,1.0,1.0,0.0,0.0,0.0,0.0,0.9965358033916066,0.9962571334848936,0.06044884324376718,0.02233112320207789,0.4410714872938469,0.38305053917180165,2.0
1030,0.0,0.0,0.0,0.0,0.0,0.0,0.008593363969413487,0.03891183743520156,0.007026029292144648,0.009594402609481521,0.011018318861380608,0.03473698490129963,0.0
1031,0.0,1.0,1.0,1.0,0.0,1.0,0.20433428575963863,0.5563458408185845,0.9978119370581378,0.9864742800570272,0.02680457243939697,0.924402464811039,3.0
1032,1.0,1.0,1.0,1.0,0.0,1.0,0.36907954602592474,0.8277153758656808,0.9975999521296195,0.9872806065443441,0.03735638324701822,0.9437943002604675,3.0
1033,0.0,0.0,0.0,0.0,0.0,0.0,0.011158236901892956,0.013888739338070501,0.002617849746456881,0.007471103249461051,0.012695088465107356,0.013335103908419854,0.0
1034,0.0,0.0,0.0,0.0,0.0,0.0,0.009604001475596069,0.029304431694467347,0.0019117208742967205,0.0013569976882190137,0.08366087065367636,0.01486852814725684,1.0
1035,1.0,1.0,1.0,1.0,1.0,0.0,0.9989968780047727,0.9996080139173202,0.2930471174005676,0.5826897895696717,0.9798759315438662,0.3582913828557525,3.0
1036,1.0,0.0,0.0,0.0,0.0,0.0,0.9942736751644338,0.8185847673163804,0.08125253615238932,0.01109774113988461,0.5395966043632008,0.030697837312556195,1.0
1037,1.0,0.0,0.0,0.0,0.0,0.0,0.998029939113235,0.9941172970202448,0.8041422987730208,0.049739413237370945,0.48471113985659625,0.21895503283236012,1.0
1038,1.0,1.0,0.0,0.0,1.0,0.0,0.9836370010523281,0.9481022047701607,0.08125022704443266,0.015436770121230495,0.1940687857190483,0.007826059768117788,4.0
1039,1.0,1.0,0.0,0.0,0.0,0.0,0.9438896869983279,0.9322338251552624,0.008344912159654863,0.018177642961899176,0.7558162016949981,0.09636509715801538,3.0
1040,1.0,1.0,1.0,1.0,1.0,0.0,0.996699511379905,0.9999975068786255,0.24341716760228035,0.3733038091484381,0.9883211297872663,0.12161894759495986,0.0
1041,0.0,0.0,0.0,0.0,0.0,0.0,0.009174552383816415,0.0322976904007289,0.003428036018849607,0.0003077345887015978,0.004352767177859265,0.012744380509074811,2.0
1042,1.0,1.0,1.0,1.0,0.0,0.0,0.9978271435497423,0.9998995855816959,0.9877237148268689,0.9965682222594361,0.8931820419742789,0.7194978711788563,3.0
1043,0.0,0.0,0.0,0.0,0.0,0.0,0.012126653628407843,0.005962974595745212,0.0025938636205542166,0.002726877215697099,0.09813486342996014,0.014613650590996377,2.0
1044,1.0,1.0,1.0,1.0,1.0,0.0,0.9982501252018912,0.9996766804953519,0.8356594424626552,0.2129461276299142,0.4246581580073441,0.06691604242057571,4.0
1045,0.0,0.0,0.0,0.0,0.0,0.0,0.017754632632514183,0.010627387593754884,0.02149223047358055,0.0019187519983348245,0.01425846777913275,0.024970649310738193,4.0
1046,1.0,1.0,1.0,0.0,0.0,0.0,0.9940367623579721,0.999777587112937,0.5294668284458652,0.5738451863709599,0.7677479794795782,0.04804413024091065,2.0
1047,1.0,1.0,0.0,0.0,1.0,0.0,0.9999305736854661,0.99898060526603,0.01989674140638804,0.3223821925808336,0.9779506814697378,0.6428592556627137,0.0
1048,1.0,1.0,0.0,0.0,0.0,0.0,0.9971828348415952,0.9982828923739608,0.27035458627785597,0.0795155903127716,0.09140802469273661,0.05720095283515543,3.0
1049,0.0,1.0,1.0,1.0,0.0,1.0,0.9730629318660012,0.9953917833725476,0.9959885156913981,0.22600713428953598,0.08607391278943775,0.9941233385935132,0.0
1050,1.0,1.0,1.0,1.0,1.0,0.0,0.5850392898659943,0.9984576674942632,0.8345525840788277,0.9992985542526116,0.9996513284425811,0.23735653729090622,0.0
1051,0.0,0.0,0.0,0.0,0.0,0.0,0.0036352144654176366,0.003579348932768807,0.03244185077942848,0.0008728084528328895,0.05729095250924551,0.029114049403846536,4.0
1052,1.0,1.0,1.0,0.0,0.0,1.0,0.9986170753809044,0.9998744051721243,0.9988485776424774,0.9802134491374775,0.9210594232973203,0.806205792726712,1.0
1053,1.0,1.0,1.0,1.0,1.0,0.0,0.9930182784159018,0.9999738814373538,0.6164965955456337,0.8993836902937188,0.9709816207596355,0.10249804812457895,1.0
1054,0.0,0.0,0.0,0.0,0.0,0.0,0.005847491052644382,0.0008385386731786415,0.04178096634224609,0.007759039789520696,0.013764811757827768,0.011232909243742331,0.0
1055,0.0,0.0,0.0,0.0,0.0,0.0,0.00750279382432145,0.007478958416672532,9.107093250840436e-05,0.01807080166643041,0.015795816481773892,0.043511485415819874,2.0
1056,0.0,0.0,0.0,0.0,0.0,0.0,0.31723069461972864,0.07453631412443901,0.005179241538005796,0.00047599096026427546,0.03923398831484528,0.0025995336195990012,4.0
1057,0.0,0.0,0.0,0.0,0.0,0.0,0.003549388378528279,0.005262169042009667,0.000709589446691106,0.007024753493395434,0.03172364173089953,0.005907053507019584,0.0
1058,1.0,1.0,1.0,1.0,1.0,1.0,0.9369449771553038,0.9973179430223784,0.999529148854833,0.9989260035959909,0.9885634924649924,0.982670872820056,2.0
1059,1.0,1.0,1.0,1.0,1.0,1.0,0.9843744683388133,0.9995759687568158,0.9920227256055512,0.23415387546522598,0.7195724917997409,0.5464150982017736,4.0
1060,1.0,1.0,0.0,0.0,1.0,0.0,0.9988732705374768,0.998711634785092,0.0004736397163591828,0.0630932734893098,0.9287193270601398,0.43709698085054227,4.0
1061,1.0,1.0,1.0,1.0,1.0,0.0,0.9970290027997168,0.9979703880015134,0.7796887308116788,0.2708601263052553,0.9458474931752983,0.3780838565765719,2.0
1062,1.0,1.0,0.0,0.0,1.0,0.0,0.8883507135648427,0.9999943714607218,0.04289767376654875,0.08879377016902316,0.9752080298063271,0.00421559273617579,3.0
1063,0.0,0.0,0.0,0.0,0.0,0.0,0.04243890799196621,0.01519233670811785,0.0015194580296569167,0.0035253363802623125,0.00580855043213593,0.0003440567812583807,2.0
1064,1.0,1.0,0.0,0.0,0.0,0.0,0.990581531518763,0.7883239777325466,0.003616009328813291,0.008296209739978562,0.2966200011982908,0.0002247549773766379,4.0
1065,0.0,1.0,1.0,1.0,1.0,0.0,0.01725123588340598,0.4185765996544982,0.348432299301868,0.5010651104743714,0.6359103470376032,0.032365166466247805,3.0
1066,1.0,1.0,0.0,0.0,1.0,0.0,0.9821182991522706,0.9558232322984216,0.02270466938490704,0.0004894251417028394,0.22575742553640696,0.0017166455746201155,3.0
1067,1.0,1.0,0.0,0.0,1.0,0.0,0.9585709281971028,0.9232713594081394,0.002108997526046552,0.00925723444616794,0.7239452001084501,0.0011108669186203255,3.0
1068,0.0,0.0,0.0,0.0,0.0,0.0,0.03437014931873358,0.01660411459284002,0.03427537013732087,0.010284153473758892,0.0383635803515463,0.020576292015583787,3.0
1069,1.0,1.0,0.0,1.0,1.0,0.0,0.9997151544741721,0.999990742434305,0.28041189038504893,0.11088265732427204,0.9946545168666361,0.008800032037583783,3.0
1070,1.0,1.0,0.0,1.0,1.0,0.0,0.9996606073237562,0.9981301306620056,0.6780350079083268,0.676844552985821,0.5824846306925767,0.13850218133254558,3.0
1071,0.0,0.0,0.0,0.0,0.0,0.0,0.003190764696417054,0.013458734731409234,0.0076335210316275885,0.0027362475614057264,0.01415006606618767,0.001777948146459951,4.0
1072,0.0,0.0,0.0,0.0,0.0,0.0,0.003004683250915101,0.002733903588932741,0.0013020544504128762,0.004389496175063017,0.13391181084715037,0.005400403257997959,3.0
1073,1.0,1.0,1.0,1.0,1.0,1.0,0.9897568049561197,0.9998561581406474,0.9994702064576253,0.9993759971577614,0.9617202194970809,0.9656622493617163,1.0
1074,1.0,1.0,1.0,1.0,1.0,1.0,0.9998763101850292,0.9999977928449911,0.9992818033343257,0.9845120516262267,0.9858676803466826,0.9726985734730305,0.0
1075,0.0,0.0,0.0,0.0,0.0,0.0,0.006186614823175321,0.09505958575219314,0.018793143008181943,0.04492383131320928,0.052519869920759694,0.06957141968193244,2.0
1076,0.0,0.0,0.0,0.0,0.0,0.0,0.012640474935290876,0.01143032700529365,0.0025724558051538845,0.011274484518232559,0.1772862684408939,0.0077286905703546445,4.0
1077,0.0,0.0,0.0,0.0,0.0,0.0,0.07980539873610613,0.06549824130225262,0.029226665813432175,0.0033459871388291976,0.034569398734878784,0.01666146264260254,3.0
1078,0.0,0.0,0.0,0.0,0.0,0.0,0.008836331225929365,0.10896867960649177,0.18076479847893687,0.0037172632901015853,0.0043363749432814855,0.035870479322691703,0.0
1079,1.0,1.0,0.0,0.0,1.0,0.0,0.6281739036386538,0.9999977144283498,0.571446173398734,0.703157398493775,0.9956918638636161,0.004965278129256646,1.0
1080,0.0,0.0,0.0,0.0,0.0,0.0,0.05063850848943273,0.000405023041577743,0.02522029768547765,0.0066195565869030856,0.006584819597701517,0.005484596683424494,3.0
1081,1.0,1.0,0.0,0.0,1.0,0.0,0.9978071526590598,0.9998345980056298,0.1667999273634009,0.026794466981754316,0.4178774069338599,0.02156571145464233,3.0
1082,1.0,1.0,1.0,1.0,1.0,1.0,0.9999722098998347,0.9999971549112533,0.9909518129393151,0.9972742662912519,0.9977769088757233,0.9932449283103005,4.0
1083,1.0,1.0,1.0,1.0,1.0,1.0,0.9968630052615608,0.9982715133666631,0.9705061041386723,0.9914495070358114,0.9994460828061102,0.5091145092892768,0.0
1084,1.0,1.0,1.0,1.0,1.0,1.0,0.9993851157377193,0.9999941446959162,0.9991795862254066,0.9636527323101916,0.9976867762111727,0.9852853183140755,0.0
1085,0.0,0.0,0.0,0.0,0.0,0.0,0.14149543544545293,0.07101690177872137,0.009559724751507225,0.007359298195893589,0.07401036001242618,0.04425739135439344,0.0
1086,1.0,1.0,1.0,1.0,0.0,1.0,0.9995667514467241,0.9996945497648061,0.9995379140202637,0.9963298752849105,0.9972763594491159,0.7738425824291096,4.0
1087,1.0,1.0,1.0,1.0,1.0,1.0,0.9999673548377109,0.9999809448376556,0.9957668250033223,0.9984273023353228,0.9739922405076209,0.8170670746043608,2.0
1088,0.0,0.0,0.0,0.0,0.0,0.0,0.06338778914371312,0.012884763907087248,0.008473667490772384,0.005529366567604668,0.032485679251318275,0.1222018760602451,2.0
1089,1.0,1.0,0.0,0.0,1.0,0.0,0.9672410185752593,0.9983700034987042,0.029459202803081723,0.06264616019420087,0.9359257503421831,0.00259788381090894,1.0
1090,1.0,1.0,0.0,1.0,1.0,0.0,0.9965897341570294,0.8631115124455183,0.002958630732639559,0.9393908421435846,0.9683054433699703,0.5742232942207159,0.0
1091,1.0,1.0,1.0,1.0,1.0,0.0,0.9928188078043697,0.9999989999793757,0.6619231565628246,0.9879139837731419,0.9972902046595534,0.046509888024200835,1.0
1092,0.0,1.0,1.0,1.0,0.0,1.0,0.33122961044561466,0.7609561412967542,0.9997014993978534,0.9997565889021183,0.7103898827388792,0.9833079970907864,3.0
1093,0.0,0.0,1.0,1.0,0.0,1.0,0.1949542388745091,0.6126963895041736,0.9926773120554854,0.9636142254851054,0.12475085318098997,0.5249140880844095,2.0
1094,1.0,1.0,0.0,0.0,0.0,0.0,0.9797218142702573,0.9323982539790876,0.09732586640486761,0.03393201081812305,0.6579838760622743,0.0215479731672925,2.0
1095,1.0,1.0,1.0,1.0,1.0,0.0,0.9987014446680018,0.9998291390276759,0.7708920699350416,0.8606096214305488,0.879498925665076,0.21350681291128326,4.0
1096,0.0,1.0,1.0,1.0,0.0,0.0,0.13711909545694725,0.3132665096071349,0.6826778882516673,0.05286635424884913,0.012400766773844687,0.08101449480580726,2.0
1097,1.0,1.0,1.0,0.0,0.0,0.0,0.9973754275088652,0.9997193372222829,0.8305246613515771,0.43750568891101393,0.7530837780967296,0.17959066815833027,3.0
1098,1.0,1.0,0.0,0.0,0.0,0.0,0.9995920527361558,0.9999748800663631,0.9454002819013727,0.6508424395220334,0.9696399745633041,0.3051454275897409,3.0
1099,1.0,1.0,1.0,1.0,1.0,0.0,0.9998466521802636,0.9999978755890703,0.9999433931307969,0.998634975557194,0.9840849966083308,0.9062576212430153,3.0
1100,1.0,1.0,1.0,1.0,1.0,1.0,0.9791351035545826,0.9998439111097382,0.9992301240501238,0.9999872678460145,0.9086602463992216,0.9774851933315504,2.0
1101,1.0,1.0,1.0,1.0,1.0,1.0,0.47886343262766556,0.9653430660696366,0.9988865322074416,0.9994940883529484,0.8859934446232266,0.9855681780299314,1.0
1102,1.0,1.0,1.0,1.0,1.0,0.0,0.042821156409013066,0.37656152302446183,0.32108293199451715,0.029295662829043,0.3642152477851632,0.07460443206492881,2.0
1103,0.0,0.0,1.0,0.0,0.0,1.0,0.11278421898899699,0.08861057104007923,0.39609668772202866,0.0359104371564195,0.01757425535411365,0.017361863014381192,0.0
1104,1.0,1.0,1.0,0.0,1.0,0.0,0.9346607135021069,0.9802900417585956,0.7826011648315522,0.36322924749592084,0.6759199127067426,0.09579437435933488,4.0
1105,0.0,0.0,0.0,1.0,0.0,0.0,0.07042361970095604,0.187784920092364,0.01298917524544881,0.028166381892771805,0.00863668943229778,0.0079156635311098,1.0
1106,0.0,0.0,0.0,0.0,0.0,0.0,0.10949034884723623,0.26399370911579645,0.17561858481207548,0.018666459166440875,0.056245190773847056,0.04595127423148667,3.0
1107,1.0,1.0,0.0,0.0,1.0,0.0,0.9998001654663212,0.9994940367676555,0.00826432418030272,0.14665816074965987,0.6958059125406685,0.07738687671189555,1.0
1108,0.0,0.0,0.0,0.0,0.0,0.0,0.0027411473439406266,0.0077434287040069605,0.007355383303232127,0.0014381240355504073,0.04801618639589307,0.010136138750154807,1.0
1109,1.0,1.0,1.0,1.0,1.0,1.0,0.06225227803444349,0.999109969524766,0.9392885445293924,0.9954515666938129,0.9970276676757602,0.8657428201984533,4.0
1110,1.0,1.0,1.0,1.0,0.0,1.0,0.98753429859363,0.9990834290631879,0.9829899615758183,0.9956400565974005,0.9299628045630476,0.959236610273936,2.0
1111,1.0,1.0,1.0,1.0,1.0,1.0,0.5915876417039725,0.9919743526509792,0.9923371654437809,0.9999614423267454,0.9523484621994031,0.9874203696394555,2.0
1112,1.0,0.0,0.0,0.0,0.0,0.0,0.8568393330789804,0.8825025588140744,0.05019516868255273,0.6151080459941721,0.9441703342388776,0.07317176604130925,0.0
1113,1.0,1.0,1.0,1.0,1.0,0.0,0.9943554977607181,0.9996481635958112,0.42724819026386224,0.4499970262716976,0.6763968780620507,0.06037400768342375,2.0
1114,1.0,1.0,1.0,1.0,1.0,1.0,0.9994717067273946,0.9999839593950596,0.9235676532343117,0.9921983835368515,0.7192508779260701,0.13711907335500403,2.0
1115,0.0,0.0,1.0,0.0,0.0,0.0,0.1418670002041364,0.19186571429586546,0.3950407518042316,0.07627570374740095,0.023562205936330415,0.49669277519742905,3.0
1116,1.0,1.0,0.0,0.0,1.0,0.0,0.9703749837107742,0.9689732291582038,0.019810768389184424,0.039462415876558084,0.6364491328755815,0.0015591156557208526,1.0
1117,1.0,1.0,0.0,0.0,1.0,0.0,0.9811330261262601,0.9994765385422321,0.0009345213642179382,0.005592494920407663,0.9326023145976172,5.153757791763893e-05,2.0
1118,0.0,0.0,0.0,0.0,0.0,0.0,0.037975347762651344,0.0014651770852039607,0.012991594357475792,0.0016658114480015856,0.00693565263444317,0.0213388464868891,1.0
1119,1.0,1.0,0.0,0.0,0.0,0.0,0.9609082703264961,0.7993431547907935,0.0008444980935411071,0.00023190069065193278,0.4018920590923185,0.0012353840532159746,3.0
1120,0.0,0.0,0.0,0.0,0.0,0.0,0.007430879323620731,0.01965820858192371,0.006570981607578805,0.0007159728159913416,0.12837211356351277,0.012162931379782641,2.0
1121,0.0,0.0,0.0,0.0,0.0,0.0,0.01217673407538968,0.016672213958125792,0.00540787092431598,0.0010954702900209945,0.004869731673649344,0.005020672894887727,0.0
1122,0.0,0.0,0.0,0.0,0.0,0.0,0.005827818187416839,0.003547072559481467,0.023024067153843482,0.0034250417507615243,0.0186434091877952,0.025640456707647967,4.0
1123,0.0,0.0,0.0,0.0,0.0,0.0,0.008339036389389157,0.011526205965664796,0.007688549967824105,0.0029246416733484703,0.011424769153241646,0.015226743506690758,4.0
1124,1.0,1.0,1.0,1.0,1.0,1.0,0.995217340808546,0.9996450099138783,0.6202545610509497,0.5371044098098675,0.9543297888136532,0.33531552887548605,0.0
1125,0.0,0.0,1.0,0.0,0.0,0.0,0.050960984379735126,0.037010444989820514,0.5790934906561115,0.10135616679535367,0.21002142327562212,0.1545135123139277,1.0
1126,0.0,1.0,1.0,1.0,1.0,1.0,0.7312905649805054,0.9999691114163913,0.9578380983033161,0.9926730104968554,0.9975337450877669,0.7900908723952293,4.0
1127,1.0,1.0,0.0,1.0,1.0,0.0,0.9875846007806967,0.8894606116424658,0.16668260399882048,0.9610111365177433,0.9076863959241768,0.8761868211729953,3.0
1128,1.0,1.0,1.0,0.0,1.0,0.0,0.9982068313819291,0.9995766700810896,0.9240273208032193,0.4077829977958953,0.5593922061875296,0.44050557973316506,3.0
1129,1.0,1.0,0.0,1.0,1.0,0.0,0.9837157068529071,0.9998442455710439,0.43671164227416137,0.8683708417607308,0.9817610594919489,0.003867323536645471,4.0
1130,1.0,1.0,1.0,1.0,1.0,1.0,0.931001719162554,0.9997572802404981,0.9959749702017449,0.9999350219642185,0.9975398613353129,0.9043918323729467,4.0
1131,0.0,1.0,0.0,1.0,1.0,0.0,0.025966162487327544,0.17359507935608415,0.017930543618097004,0.0017137875931460991,0.16199414474658907,0.0064362673588249,0.0
1132,1.0,1.0,1.0,1.0,1.0,0.0,0.9984846076977435,0.9999978345834891,0.9077469943644951,0.9840520907840613,0.9965018452526422,0.11962553894443112,0.0
1133,0.0,0.0,0.0,0.0,0.0,0.0,0.04138357957599344,0.006596372898345174,0.042231971790730724,0.0033886224051421555,0.00843172672635756,0.01039727728623476,2.0
1134,1.0,1.0,1.0,0.0,0.0,0.0,0.5360249103646674,0.9813605035748564,0.8689074504422745,0.8943856952153437,0.939227157255027,0.7411607877081079,0.0
1135,0.0,0.0,0.0,0.0,0.0,0.0,0.002265994928524247,0.0019171157617507903,0.00887112174967486,0.011380632116173852,0.003272900719750272,0.009571289335626716,4.0
1136,1.0,1.0,0.0,0.0,1.0,0.0,0.8844232736376991,0.9959568588950476,0.0009315986203742163,0.007628295709352603,0.7844953981192363,0.00016419892567423524,4.0
1137,0.0,0.0,0.0,0.0,0.0,0.0,0.011420288525798702,0.009738259276016783,0.00432477181418134,0.0021291420423021354,0.05343693956119683,0.0035694779051534883,3.0
1138,1.0,1.0,1.0,1.0,1.0,1.0,0.971932357710842,0.9982965722624925,0.8581407787038694,0.9210070842286125,0.7976977446562357,0.27957581237315215,0.0
1139,1.0,1.0,1.0,1.0,1.0,1.0,0.9899417729545179,0.9996894415299279,0.47004955245011626,0.4152373451039659,0.5572538715758639,0.24462173761448716,3.0
1140,1.0,0.0,0.0,0.0,0.0,0.0,0.3264639359152946,0.004000948299753929,0.002037301346176915,0.0005543849310756274,0.05074028715680316,0.01573466116447883,2.0
1141,0.0,0.0,0.0,0.0,0.0,0.0,0.04911605229243703,0.06955806903715037,0.003416164118929243,0.0020385828644855484,0.036807148726620005,0.011625788358250715,3.0
1142,1.0,1.0,1.0,0.0,1.0,0.0,0.9953927871513731,0.9975402029709521,0.2582878345923279,0.03139330737537419,0.7572764224503837,0.35406042633690776,2.0
1143,0.0,0.0,0.0,0.0,0.0,0.0,0.0036512555583088874,0.005806009761778007,0.004449706836090655,0.005818308894340492,0.04015274655107929,0.0164118087331133,4.0
1144,1.0,1.0,1.0,1.0,1.0,0.0,0.9993119110076656,0.9999997215849334,0.7931023240595213,0.9981209575525722,0.9972008093041982,0.17284721639911557,1.0
1145,1.0,1.0,1.0,1.0,1.0,1.0,0.977777907786577,0.9999673274156514,0.999523214275191,0.9697085474589716,0.992622460794194,0.9851086460932341,2.0
1146,1.0,1.0,0.0,0.0,0.0,0.0,0.991292467060499,0.988377571506337,0.012741435756350226,0.04302082378328822,0.7341345541499157,0.002122670536256491,2.0
1147,1.0,0.0,0.0,0.0,0.0,0.0,0.1272304527729034,0.2053690895286438,0.024861116169402737,0.00020238087513107104,0.1372033586217402,0.12354135675846555,4.0
1148,1.0,1.0,1.0,1.0,1.0,0.0,0.9994778389721245,0.9999965333087164,0.9979438021897188,0.9991643843028158,0.9779762511372228,0.9844430233756181,3.0
1149,1.0,1.0,0.0,1.0,1.0,0.0,0.9925880033135879,0.9999853298739839,0.5790022610840659,0.9749741272249739,0.9953861718209096,0.07494426397731291,3.0
1150,1.0,0.0,0.0,0.0,0.0,0.0,0.5452539178661108,0.6908553296155706,0.013587946717980533,0.07078968504609197,0.5790065194821116,0.015139548678069532,3.0
1151,1.0,1.0,1.0,1.0,1.0,0.0,0.9987727757048827,0.9999602677124697,0.7624402120604814,0.9597489196143393,0.8918397282348932,0.2892971846673589,2.0
1152,0.0,0.0,0.0,0.0,0.0,0.0,0.010988374625568549,0.00851686345861444,0.041196560269533174,0.012448832330897034,0.008334858730063994,0.04686812005180286,4.0
1153,1.0,1.0,1.0,1.0,1.0,1.0,0.9993526806792701,0.999997296079922,0.8122481363301408,0.9970537528537905,0.9862845822605505,0.9625288977012831,4.0
1154,0.0,0.0,0.0,0.0,0.0,0.0,0.007548065641116411,0.010702116378489543,0.0355092583343689,0.013812862176510824,0.0029091450464372288,0.033995547204972526,4.0
1155,1.0,1.0,1.0,1.0,1.0,1.0,0.9996299139646695,0.9999933842731759,0.9998407285312919,0.9991186632749344,0.9994439520971918,0.9494664642504469,0.0
1156,1.0,1.0,1.0,1.0,1.0,1.0,0.08289231397159046,0.9599944671727806,0.9993940700000667,0.875587848234814,0.4831649102469179,0.9981097841058826,1.0
1157,1.0,1.0,1.0,1.0,1.0,1.0,0.9945427857030791,0.9999914682649917,0.9929261276399287,0.9969057128494133,0.46736393469566523,0.9151840094051626,1.0
1158,0.0,0.0,0.0,0.0,0.0,0.0,0.016552527700102064,0.009672455173530277,0.002648554009242705,0.018094242514490762,0.10857937731012746,0.05504729858801627,4.0
1159,1.0,1.0,1.0,1.0,1.0,0.0,0.8970610612437355,0.9960678891311514,0.48262381530462845,0.15287451909969016,0.9824967785809436,0.01711795070990572,2.0
1160,0.0,1.0,0.0,0.0,1.0,0.0,0.19390289132127733,0.6473541539723588,0.3706786489158695,0.8925689409136363,0.9548351216875819,0.028268290730615108,2.0
1161,0.0,0.0,0.0,0.0,0.0,0.0,0.02291512101802577,0.014351127833610157,0.009271495678615516,0.012483249075327335,0.03620654913511754,0.0056405549015715924,1.0
1162,0.0,0.0,1.0,0.0,0.0,0.0,0.7236186399529372,0.9783724180989128,0.9995972076753029,0.9999818741981014,0.9448967998841445,0.909057381612056,4.0
1163,0.0,1.0,1.0,1.0,0.0,1.0,0.39399026798513076,0.9564173908486501,0.9996817306888053,0.9991621287455683,0.8270194705490878,0.9869573017746073,3.0
1164,1.0,1.0,1.0,1.0,0.0,0.0,0.11379759306620045,0.8981979644402078,0.44980769409920424,0.42783422936307025,0.06110552121379452,0.18082117479728865,0.0
1165,0.0,0.0,0.0,0.0,0.0,0.0,0.024107848343617184,0.0066227050977498625,0.03670092864692626,0.003980428719478905,0.011882403484411106,0.00968501608440349,1.0
1166,0.0,0.0,0.0,0.0,0.0,0.0,0.00842711973268649,0.03329379154080106,0.3417139491756099,0.008826050649185008,0.009699733324412568,0.10031865648820164,3.0
1167,0.0,0.0,0.0,0.0,0.0,0.0,0.006413537519910248,0.024815873307498296,0.0026469497170652874,0.003730151200767956,0.04119606166345812,0.006886168468320228,3.0
1168,0.0,0.0,0.0,0.0,0.0,0.0,0.18496190799467996,0.007930787135558136,0.11181280098539438,0.005538197187459543,0.005389410368142414,0.03702866376696857,1.0
1169,0.0,0.0,0.0,0.0,0.0,0.0,0.032586614105298436,0.05666221858071969,0.14214413605108908,0.0035376980606879336,0.06140732107094644,0.03226796741824472,0.0
1170,0.0,0.0,0.0,0.0,0.0,0.0,0.07511343841904568,0.12273996128016003,0.011993269788452275,0.000258588692310438,0.10226702218993311,0.02731184103287524,3.0
1171,1.0,1.0,1.0,1.0,1.0,1.0,0.9999732650288811,0.9999849178632754,0.9787231567599678,0.9990156711907552,0.9927365597533903,0.950389038460151,4.0
1172,1.0,1.0,1.0,1.0,1.0,1.0,0.9999151520765002,0.9999906887476002,0.9568292389497305,0.9997030383787285,0.9763162373597725,0.8023841892258892,2.0
1173,0.0,0.0,0.0,0.0,0.0,0.0,0.007205396695322118,0.014108673442605343,0.007734561728943019,0.004223071760675035,0.007012139621871055,0.005875859468457131,1.0
1174,1.0,1.0,0.0,0.0,0.0,0.0,0.9695950565802995,0.9069900257239251,0.0033346458206955144,0.0689881494572616,0.9052754790914096,0.005061757467359242,2.0
1175,1.0,1.0,1.0,0.0,1.0,0.0,0.9958775339030371,0.9999601045817059,0.9975080926132001,0.9834511863693879,0.9474722404450787,0.7759163501452365,1.0
1176,1.0,1.0,1.0,1.0,1.0,1.0,0.7500932529006394,0.9802523652289165,0.9955904296265443,0.9918999163640388,0.46822596457922216,0.9970387687263996,2.0
1177,0.0,1.0,1.0,1.0,1.0,1.0,0.1403470594098051,0.8512706982250647,0.997281171423885,0.9987229973904417,0.9668879185944761,0.8876390255589252,2.0
1178,1.0,1.0,1.0,1.0,1.0,1.0,0.9945434919617486,0.9999754024930076,0.977191133517654,0.9821554337938454,0.860882645372879,0.9177298288607612,0.0
1179,1.0,1.0,1.0,1.0,1.0,0.0,0.9998910821561905,0.99936960069857,0.9836236624956486,0.9829163236881392,0.5318516121184581,0.2907745651519401,1.0
1180,1.0,1.0,1.0,1.0,1.0,1.0,0.7488656488561626,0.9876099025397385,0.9990060570633662,0.964570508263055,0.981632661706325,0.9826243863749152,4.0
1181,1.0,1.0,1.0,1.0,1.0,0.0,0.9949738687826328,0.999998188487573,0.9888931742737052,0.9897311722158452,0.993302383353715,0.009355794193330488,0.0
1182,1.0,1.0,1.0,1.0,0.0,1.0,0.5680671101056028,0.9808750206741146,0.987570043463801,0.9902053928172353,0.9120561790179067,0.971560083698457,0.0
1183,1.0,1.0,1.0,1.0,0.0,1.0,0.5491345802556042,0.9983314754084742,0.9968454456253267,0.9997097491917338,0.9728545445098847,0.8979358717888751,4.0
1184,1.0,1.0,1.0,1.0,1.0,0.0,0.9967451381974036,0.9991033260623738,0.9474445717658797,0.9775864344772649,0.9805503083983372,0.491717641825623,4.0
1185,1.0,1.0,0.0,1.0,1.0,0.0,0.9276373157617558,0.9999958564585131,0.5773137266109791,0.9812707580943606,0.9812224670899474,0.016252366460730736,2.0
1186,0.0,0.0,0.0,0.0,1.0,0.0,0.006953574488097218,0.0011748654254006986,0.0024346302362882885,0.028078699268885093,0.004087258228450211,0.06341624014867858,4.0
1187,1.0,1.0,1.0,1.0,1.0,0.0,0.9980281019003316,0.9999865540770999,0.9962237143391097,0.9205740150011967,0.9919429698879834,0.4694614638480496,0.0
1188,0.0,0.0,0.0,0.0,0.0,0.0,0.0403779810551474,0.052708280710800214,0.0031454202268183648,0.005973408529427019,0.0025555306294934394,0.050675429524073126,0.0
1189,1.0,1.0,1.0,1.0,1.0,1.0,0.998768364079044,0.9999863483406178,0.9989576663344549,0.9964896926396499,0.9256607958608833,0.9623563560749628,0.0
1190,0.0,0.0,0.0,0.0,0.0,0.0,0.02674374307983323,0.01745106815249561,0.003902743222628282,0.0021646627736749725,0.13478110503013407,0.0032804383326170143,0.0
1191,1.0,1.0,1.0,1.0,1.0,0.0,0.999970133340419,0.9998285340008256,0.9907606602515058,0.9842105590241887,0.9103256220781669,0.5512334253920006,0.0
1192,0.0,0.0,0.0,0.0,0.0,0.0,0.0029577943969678285,0.011301309581037127,0.04274018503722896,0.0010896874130132599,0.011352232710516138,0.03341023916529393,1.0
1193,0.0,0.0,0.0,0.0,0.0,0.0,0.011330076093251441,0.008801581310401343,0.009687750864188844,0.014179752200967649,0.023158097293756997,0.030651836394583742,2.0
1194,1.0,1.0,0.0,1.0,0.0,1.0,0.9986723735486341,0.9998302690384793,0.8857077658191024,0.9234190315752541,0.6463105729984457,0.3078749869681999,4.0
1195,1.0,1.0,1.0,1.0,1.0,1.0,0.6867751842283158,0.9982348604043032,0.9766525976448976,0.47805426010289087,0.38492362286015624,0.36206018781353233,3.0
1196,0.0,0.0,0.0,0.0,0.0,0.0,0.7979811437627721,0.8880119034840782,0.025694973868173977,0.024792193362741258,0.13481021608231644,0.018533236754455517,1.0
1197,1.0,1.0,0.0,0.0,1.0,0.0,0.9765140461227139,0.9833116265278083,0.0028957375201914192,0.08720247097942914,0.03540497919913192,0.008866338102055428,1.0
1198,0.0,1.0,1.0,1.0,0.0,1.0,0.12454030951309009,0.8162817602437308,0.9909871212530039,0.9909490107153631,0.13232700028679356,0.9473432679880878,2.0
1199,0.0,0.0,0.0,0.0,0.0,0.0,0.025827028597960013,0.04100845547601731,0.005782951381889773,0.003550138188926698,0.041464778769858844,0.008327914264238267,3.0
1200,1.0,1.0,1.0,1.0,1.0,0.0,0.996649415452801,0.9974911287059267,0.8572726780937863,0.893220971268183,0.9364168123966957,0.1613908479371157,0.0
1201,1.0,1.0,0.0,0.0,0.0,0.0,0.989417798965964,0.9748950338927972,0.001096508866581492,0.003117630533710461,0.3718556486229765,0.0002527208818393434,0.0
1202,1.0,1.0,1.0,1.0,1.0,1.0,0.6950400252071403,0.9805224027081857,0.591794103029491,0.14959382919137693,0.7870464728320455,0.23214297858930016,1.0
1203,0.0,0.0,0.0,0.0,0.0,0.0,0.07137239984232982,0.003802117311795229,0.00246975919955056,0.0020382222287344555,0.007846026057945673,0.0009489944923306457,1.0
1204,0.0,1.0,0.0,0.0,0.0,0.0,0.8166630853142325,0.8660842174211145,0.054474894065149555,0.0163316841402416,0.7485252441604018,0.0004964575776657612,0.0
1205,1.0,1.0,1.0,1.0,1.0,0.0,0.994979137507563,0.9996595050127078,0.6513634953414443,0.5627017401471341,0.8612157679086861,0.00981300150511056,3.0
1206,1.0,1.0,0.0,0.0,1.0,0.0,0.9978644382140506,0.9954851551922927,0.26371266346843436,0.053784327858892964,0.18322255079497643,0.1714203780140544,1.0
1207,1.0,1.0,0.0,0.0,1.0,0.0,0.9974538558041045,0.999286815441733,0.004017051792381249,0.010970453109960778,0.9723735462486334,0.0017904601867988637,4.0
1208,0.0,1.0,1.0,1.0,1.0,1.0,0.7523761013306717,0.9925983310624984,0.9998584805982599,0.9948982529689838,0.898664962533437,0.9459255519742774,0.0
1209,0.0,0.0,0.0,0.0,0.0,0.0,0.004400570103331317,0.09346623545401256,0.0020285854675602577,0.0064849191886590975,0.008922161755564253,0.01954971334058673,1.0
1210,1.0,1.0,1.0,1.0,1.0,0.0,0.9988772696434769,0.9999992229153044,0.9715142055862436,0.9851054833690406,0.9738584463896249,0.2871833476135658,0.0
1211,1.0,1.0,0.0,0.0,0.0,0.0,0.8315576632313117,0.9612143565660423,0.0003337072770231594,0.02202540934122925,0.8563116974734285,0.00040108840767942805,2.0
1212,0.0,0.0,0.0,0.0,0.0,0.0,0.021723698373496095,0.0076315105315769936,0.08418261039180354,0.0028142566076943616,0.020261577446521736,0.018437191064306743,3.0
1213,1.0,1.0,0.0,1.0,1.0,0.0,0.9987303436621195,0.9999935200137385,0.9282755626941388,0.9969114280579876,0.718398139000517,0.30164198027308675,3.0
1214,0.0,0.0,0.0,0.0,0.0,0.0,0.008473132867158206,0.012870459786449111,0.0010151765269819548,0.0029387212170158897,0.013512349119680123,0.004902945434902769,1.0
1215,0.0,0.0,0.0,0.0,0.0,0.0,0.05827574923076715,0.009310029667197534,0.007025604113541122,0.0024331865686862903,0.026922300418871867,0.01096324237301709,4.0
1216,1.0,1.0,0.0,1.0,1.0,0.0,0.9733127321980211,0.9999714967008497,0.27218770294075123,0.4309451146655925,0.6988217579156298,0.07847324803271635,2.0
1217,1.0,1.0,1.0,0.0,1.0,0.0,0.996246369787697,0.9993120036027241,0.3693745447620634,0.2502405460531804,0.5427807142953247,0.16135167744104803,2.0
1218,0.0,0.0,0.0,0.0,0.0,0.0,0.011023437390559873,0.014770020150392067,0.01065943661166752,0.024737376511360366,0.07426096561421822,0.057087160089012795,4.0
1219,0.0,0.0,0.0,0.0,0.0,0.0,0.019841998981232532,0.2178276409673543,0.0006633860572143228,0.0018508504083319173,0.04816083846716983,0.00946223846403132,3.0
1220,1.0,1.0,1.0,1.0,1.0,0.0,0.9759668761895457,0.9999590612374172,0.5105227277005157,0.5567528764851797,0.9991851099676777,0.196685557159499,2.0
1221,0.0,1.0,1.0,1.0,1.0,0.0,0.08335692361647498,0.8009977786353164,0.3327216887931293,0.39105716959129627,0.4733959940430767,0.0633139560114847,1.0
1222,1.0,1.0,0.0,1.0,1.0,0.0,0.9998100829161916,0.9999955412937744,0.11366625006152573,0.9722388449662849,0.9994250351002095,0.045947696141325364,1.0
1223,1.0,1.0,0.0,0.0,1.0,0.0,0.9848045205292737,0.9922351277592933,0.7743940196826316,0.6535490292251166,0.7521231116101432,0.055438992188462724,1.0
1224,1.0,1.0,0.0,1.0,1.0,0.0,0.9992085188083248,0.9998173664020914,0.0013191243749937948,0.013937559848307404,0.8315949537495718,0.1331042184660906,4.0
1225,1.0,1.0,0.0,0.0,0.0,0.0,0.9550221038433367,0.9835798660384178,0.004619115347718672,0.01597333704668476,0.253518998841993,0.275103099619342,2.0
1226,0.0,1.0,1.0,1.0,1.0,1.0,0.21376273871134893,0.9279617319431537,0.9991985540726449,0.9632781355696529,0.15649991062893867,0.976028031325994,3.0
1227,0.0,0.0,0.0,0.0,1.0,0.0,0.02307968679049049,0.010639077707956402,0.0021625901211329702,0.0030849895327407424,0.0430365349147099,0.001628605900545727,2.0
1228,1.0,1.0,1.0,1.0,1.0,1.0,0.9995652902223668,0.9999996753972816,0.9999614631056827,0.9997312838876058,0.9999180241461226,0.9919359589068153,1.0
1229,1.0,1.0,1.0,1.0,1.0,0.0,0.9998132576038803,0.9999980233315698,0.9998214560513122,0.9752883835050654,0.942141377287523,0.70361261689972,2.0
1230,0.0,0.0,0.0,0.0,0.0,0.0,0.011700895468730925,0.004382272480290233,0.0009357164589405035,0.005908025748382442,0.04137509890478064,0.01802186837070733,0.0
1231,1.0,1.0,0.0,0.0,1.0,0.0,0.9496578636994343,0.9998825634527756,0.1039266899793365,0.014779702877874248,0.1673842600716591,0.3906034880810338,1.0
1232,1.0,1.0,1.0,1.0,1.0,0.0,0.9998873969533696,0.9999469929107233,0.7611883339954539,0.9969954817400514,0.8905186981167698,0.46435834822159355,2.0
1233,1.0,1.0,1.0,1.0,1.0,1.0,0.9979186379696836,0.9999391281201397,0.991667951480672,0.9891942531379624,0.9330804489809088,0.992034929304641,3.0
1234,1.0,1.0,1.0,1.0,1.0,0.0,0.9915866532851051,0.9999194152691923,0.39170524404997364,0.9503128663282233,0.8941686522446973,0.3583370494910989,2.0
1235,1.0,1.0,1.0,1.0,1.0,1.0,0.9996659503155361,0.9999873560495833,0.97591124366056,0.9796950063308559,0.8559245131900667,0.43305286158664863,1.0
1236,1.0,1.0,1.0,1.0,1.0,1.0,0.8577650221602369,0.9994187798104843,0.9974598023855473,0.9998838618146968,0.7973263837137964,0.9894118338944164,1.0
1237,1.0,1.0,1.0,1.0,1.0,1.0,0.45839762986258725,0.9706291263243447,0.99829977694096,0.9880818174334127,0.8660235268562464,0.9921519556435378,1.0
1238,1.0,1.0,1.0,1.0,1.0,0.0,0.9977349431448369,0.9999920197504687,0.9669308695191944,0.9946630322449468,0.7098415313501397,0.6117837219550034,4.0
1239,0.0,0.0,0.0,0.0,0.0,0.0,0.01010507085196501,0.010059907679480569,0.0011590969199355922,0.0011821033011105955,0.034982489069399963,0.01900904616728834,1.0
1240,1.0,1.0,0.0,0.0,0.0,0.0,0.984950044818695,0.9197475762782858,0.016579378129559702,0.006657516745190842,0.7933847198261322,0.002672113290492748,0.0
1241,1.0,1.0,0.0,0.0,1.0,0.0,0.9856540924960658,0.9877575372920899,0.0004922406309930803,0.42794982380323054,0.5576869658299533,0.004184327458207999,4.0
1242,0.0,0.0,0.0,0.0,0.0,0.0,0.006987194057123472,0.0072875177075805335,0.002364848748507126,0.0006243352218542092,0.1576629987393622,0.028363510833403965,2.0
1243,1.0,1.0,1.0,1.0,1.0,1.0,0.9995727448783045,0.9999529697886382,0.7566671942309287,0.9554420415789249,0.9613525805979195,0.02733955498317203,3.0
1244,1.0,1.0,1.0,1.0,1.0,1.0,0.9999385414757371,0.9999848506781711,0.999604639874867,0.9998758741167602,0.9894299528276213,0.9903561201961099,3.0
1245,0.0,1.0,1.0,1.0,1.0,1.0,0.1599505767960786,0.9996847737388519,0.579830850279195,0.8839571617805575,0.4607035175194096,0.40802952531675785,3.0
1246,1.0,1.0,0.0,0.0,1.0,0.0,0.80567393733946,0.9861901364247212,0.04090119399781393,9.913366394154809e-05,0.11108154572525578,0.0013402497445643043,0.0
1247,1.0,1.0,0.0,0.0,0.0,0.0,0.9883036089383089,0.964503432928087,0.008218230891325918,0.061069194518210385,0.5616211458649313,0.00840925666429247,0.0
1248,0.0,0.0,0.0,1.0,0.0,1.0,0.7673930558612988,0.988366787286338,0.4910640060594432,0.17331062990538737,0.4331995877755663,0.4116793352329753,4.0
1249,1.0,1.0,1.0,1.0,1.0,1.0,0.9992556481499243,0.9999626012570699,0.9988102017760554,0.9287260694208906,0.9004722640424764,0.6197227213486356,2.0
1250,1.0,1.0,0.0,0.0,0.0,0.0,0.9427991493737687,0.969641338386225,0.009143643574874691,0.005852469177498681,0.7063512126829351,0.0026819291677645375,4.0
1251,1.0,1.0,0.0,0.0,1.0,0.0,0.9547023495645506,0.9777518651825474,0.0011706376740852138,0.06645796891930028,0.7983548036904006,0.002383964077635814,3.0
1252,1.0,1.0,1.0,1.0,1.0,0.0,0.9993853166980907,0.9996884356835246,0.8707847145693196,0.9550607408666909,0.8677875340589885,0.05287021099495972,3.0
1253,0.0,1.0,1.0,1.0,1.0,0.0,0.11603590824862327,0.8461079453134438,0.9374923278286407,0.9981070374267983,0.9966164478134518,0.6663354551526117,2.0
1254,1.0,1.0,0.0,0.0,0.0,0.0,0.9560496572612251,0.9999930071729672,0.8575419958661133,0.268516204033185,0.966564565764525,0.31679472702453404,4.0
1255,1.0,1.0,0.0,0.0,0.0,0.0,0.9935808984524643,0.999400827343405,0.3813806932422368,0.42832545531100114,0.8843667037856795,0.24826193872971059,1.0
1256,1.0,1.0,0.0,0.0,0.0,0.0,0.9965375043872337,0.9918315145127796,0.07947224450202443,0.1809185919018333,0.9560308734097965,0.054064561399513246,4.0
1257,1.0,1.0,1.0,1.0,1.0,0.0,0.997719740947581,0.9997148330748389,0.7448899310590138,0.9084888492346074,0.8449777331729966,0.13713732303904472,4.0
1258,0.0,0.0,0.0,0.0,0.0,0.0,0.28355663057746927,0.04255797560236333,0.001471866328589276,0.0010135019701844978,0.07242393176465312,0.16541904494183146,0.0
1259,1.0,1.0,0.0,0.0,1.0,0.0,0.99962405562192,0.9999801880056147,0.8237164535244678,0.5147786334247552,0.9417041117414943,0.436632111564281,2.0
1260,0.0,0.0,0.0,0.0,0.0,0.0,0.31768328411854657,0.07643331470647251,0.0027335067604323587,0.0013290153178887809,0.21732601577009336,0.00894297690099702,2.0
1261,1.0,1.0,1.0,1.0,1.0,0.0,0.9364695611385407,0.9941015441216852,0.18982066089429636,0.15373532024071296,0.5425901347320953,0.3184720706335129,2.0
1262,0.0,0.0,1.0,0.0,0.0,0.0,0.04027386273398591,0.23038837619794633,0.4038860094260613,0.06435150221170768,0.007283072572700573,0.08504646167028318,2.0
1263,0.0,0.0,1.0,0.0,0.0,0.0,0.026820091293395472,0.07601692399193141,0.11136306746115138,0.00218656107028394,0.006560045053504473,0.06625814729544084,1.0
1264,0.0,1.0,1.0,1.0,0.0,1.0,0.5745294938627078,0.9896638128558626,0.9104961768460309,0.992886996445942,0.867585900853318,0.41210405349360113,4.0
1265,1.0,1.0,1.0,1.0,0.0,0.0,0.9972546738515895,0.9989993797566938,0.6599693329544926,0.5832962857932797,0.8115824451467843,0.0242772620770277,0.0
1266,0.0,0.0,0.0,0.0,0.0,0.0,0.014082956113621517,0.05948812911456555,0.011073793915797091,0.0043956301765143,0.07750362687434272,0.009706784981504993,4.0
1267,0.0,1.0,1.0,1.0,0.0,1.0,0.7488339690991791,0.9984938019073071,0.9988476545709605,0.9999832396989614,0.9545956037927661,0.7087564603873564,4.0
1268,1.0,1.0,1.0,1.0,1.0,0.0,0.9998818712022575,0.9999069413518231,0.9550244291530471,0.9638247636712237,0.6925783291071271,0.09552092441540694,1.0
1269,0.0,0.0,0.0,0.0,0.0,0.0,0.005334724474933186,0.04365519419618866,0.005746821494554886,0.003482716202499598,0.019480726385260046,0.14547069055131648,1.0
1270,1.0,1.0,1.0,1.0,1.0,0.0,0.9990918624387078,0.999958940420379,0.9387785743272472,0.9969619239006297,0.8860217368640633,0.550001517989172,2.0
1271,1.0,1.0,1.0,0.0,0.0,0.0,0.9875301440566098,0.9988638474301316,0.56128250441541,0.8822844768559585,0.9330702206570952,0.052133900130882406,2.0
1272,0.0,0.0,0.0,0.0,0.0,0.0,0.062349109596921595,0.0013840800032076956,0.00417687227276448,0.007974702760879878,0.003554908960735883,0.004126790577559186,3.0
1273,1.0,1.0,1.0,0.0,1.0,0.0,0.9994381732534756,0.9998793112297546,0.6835695272716066,0.2238502854272033,0.08541279281545776,0.4688342670810418,2.0
1274,0.0,0.0,0.0,0.0,1.0,0.0,0.5263093712142153,0.09542209033997193,0.015192621504524892,0.0008076280785491479,0.45292736575688713,0.004133694371397968,1.0
1275,1.0,1.0,1.0,1.0,1.0,1.0,0.999384058369028,0.9996719617048374,0.5301284659652723,0.22160007281883048,0.7861536229371713,0.26658254461197206,4.0
1276,0.0,0.0,0.0,0.0,0.0,0.0,0.00949129619363604,0.002869871747494816,0.005314936696869184,0.0013552150636540565,0.004383689518640748,0.004364718056861961,3.0
1277,1.0,1.0,1.0,0.0,1.0,0.0,0.9982003301996943,0.9999549874613647,0.6188869652015098,0.9191391808472005,0.9326590256187837,0.007199389192332358,3.0
1278,1.0,1.0,1.0,1.0,1.0,1.0,0.9989373405743509,0.9999989913986359,0.9058200693940026,0.9330467081470829,0.9909929008956296,0.0437685458384191,2.0
1279,1.0,1.0,0.0,0.0,1.0,0.0,0.9888109615901971,0.9981600912411526,0.1348132870421111,0.0030565996253063975,0.16644286922953477,0.016894176280235356,3.0
1280,1.0,1.0,0.0,0.0,0.0,0.0,0.9838407015195151,0.9510787540812092,0.09019270223832757,0.01510802115387527,0.21414058422849433,0.0023737391545233535,0.0
1281,0.0,0.0,0.0,0.0,0.0,0.0,0.0062994649760579596,0.0051070882039297195,0.06007209215466272,0.007404428862815797,0.012842424454946795,0.00866782199204964,2.0
1282,1.0,1.0,1.0,1.0,1.0,1.0,0.9997878700002397,0.9999410208583431,0.9962166288393491,0.9986833775985974,0.9861238124445304,0.9201506941309829,4.0
1283,1.0,1.0,1.0,1.0,1.0,1.0,0.9982833937761556,0.9999765150471804,0.9986321293095632,0.9993141319021654,0.9362691558273671,0.7266121420747889,3.0
1284,0.0,0.0,0.0,0.0,0.0,0.0,0.05653816729843173,0.007861825106200157,0.006805558873683251,0.004130968584675913,0.054092081749890865,0.009787663014150976,1.0
1285,1.0,1.0,1.0,1.0,1.0,1.0,0.9991135257230408,0.9999783240550577,0.9989725700633253,0.6221618798504236,0.9544358906755872,0.8360621078976357,0.0
1286,0.0,0.0,0.0,0.0,0.0,0.0,0.0041384533839444035,0.007450306317522867,0.005679139441647256,0.023339182428577746,0.02588010987967181,0.005995484305451628,2.0
1287,0.0,0.0,0.0,0.0,0.0,0.0,0.008537293741062145,0.006333372513828868,0.008744354165346213,0.004449913941517223,0.016114360341071974,0.002614382981935129,2.0
1288,0.0,0.0,0.0,0.0,0.0,0.0,0.0176982973734844,0.004978181329303586,0.01645840884219806,0.0019613297463812254,0.04519862837320609,0.018885416580316994,0.0
1289,1.0,1.0,1.0,1.0,1.0,1.0,0.8620791252260583,0.9997040593616602,0.9930944251849972,0.9999579472729749,0.9213365472940479,0.9963039130284985,3.0
1290,1.0,1.0,1.0,1.0,1.0,1.0,0.9997059500410383,0.9999985836589221,0.9417445005755875,0.9987617645613663,0.9971630613201451,0.20187133035253596,0.0
1291,0.0,0.0,0.0,0.0,1.0,0.0,0.00875155378724057,0.0020285185125685007,0.00554627229991355,0.01017295228150462,0.09796798170656484,0.04051627708039545,4.0
1292,0.0,0.0,0.0,0.0,0.0,0.0,0.07112109647246063,0.016700196914947344,0.02675800994671996,0.005864739873641061,0.03770807817957764,0.0048251196580718445,3.0
1293,1.0,1.0,0.0,0.0,0.0,0.0,0.9896015922795638,0.9993069654724623,0.0011099611498812546,0.04782616657326026,0.8178530849686717,0.011044935467020098,1.0
1294,1.0,1.0,1.0,1.0,1.0,1.0,0.9997350046600688,0.9998912420120106,0.9733397347844134,0.9986134780004392,0.9619551522642256,0.5362955390222343,4.0
1295,0.0,0.0,0.0,0.0,0.0,0.0,0.027524087177821118,0.0290652371793084,0.010716676446497413,0.002188558059402455,0.02299498632230045,0.07622080162237616,3.0
1296,1.0,1.0,1.0,1.0,1.0,0.0,0.9999237414449897,0.9997240949627298,0.9863519516710254,0.9969402101793884,0.9881476999211086,0.7891084317719097,2.0
1297,1.0,1.0,1.0,1.0,1.0,1.0,0.997068912309663,0.9995390848909916,0.9029988382000544,0.10917303906385402,0.5186100544400991,0.21703081049991915,4.0
1298,1.0,1.0,1.0,0.0,0.0,0.0,0.995768588478361,0.9999062049232278,0.9256642916190838,0.9690435116529715,0.7343568025233614,0.06403342082504312,0.0
1299,1.0,1.0,1.0,1.0,1.0,0.0,0.9991456708015252,0.9994734539868485,0.9365927358802277,0.9956646934402802,0.920147458996546,0.5291780323364901,2.0
1300,1.0,1.0,1.0,0.0,0.0,0.0,0.9870725822372913,0.998959895607856,0.5885236526821707,0.4995763328011521,0.8810424473060631,0.20257591450546986,4.0
1301,0.0,0.0,0.0,0.0,0.0,0.0,0.029912970446348403,0.013728736054766193,0.0011419199087479267,0.011829756070801351,0.06673318553760721,0.0327362502281382,0.0
1302,1.0,1.0,0.0,0.0,1.0,0.0,0.9184910847540704,0.9934662970269376,0.0048536017720391495,0.03353924191575779,0.9968438258160451,0.00013926994292403347,0.0
1303,0.0,0.0,0.0,0.0,0.0,0.0,0.010284060234047473,0.013736531522737853,0.04971469172404778,0.002004221200366784,0.01685050740622637,0.014902317925610578,3.0
1304,0.0,0.0,0.0,0.0,0.0,0.0,0.011711958188839378,0.028884380776359766,0.010016622666587054,0.0042701319258787,0.027095957711974653,0.029871788546528284,1.0
1305,1.0,0.0,0.0,0.0,0.0,0.0,0.879593821293247,0.2045925647829745,0.00018218568071977112,0.000901283077885624,0.14195935791131217,2.0672373446987026e-05,1.0
1306,0.0,0.0,0.0,0.0,0.0,0.0,0.03182186606604651,0.0675799153048576,0.0002631756355333125,0.0045747215082113475,0.06433428038521911,0.006658225629073211,4.0
1307,1.0,1.0,1.0,1.0,1.0,1.0,0.5372723097628093,0.9988703726073335,0.9991570391092034,0.999944937366907,0.9372880080216961,0.9799825019490299,1.0
1308,0.0,0.0,1.0,1.0,0.0,1.0,0.06694441105655478,0.14746356867883645,0.5065907347222863,0.4348698491112535,0.02787000623065236,0.49549006157670117,1.0
1309,1.0,1.0,0.0,1.0,1.0,0.0,0.9985681127078646,0.9999981392908196,0.4064159272682687,0.8412490733998037,0.9200440613953889,0.013227319766306369,0.0
1310,1.0,1.0,0.0,0.0,1.0,0.0,0.9209452898484205,0.9287935166422958,0.004050394107474312,0.0001673084921888357,0.26837740560711687,0.0013873163176117418,0.0
1311,0.0,0.0,0.0,0.0,0.0,0.0,0.00104494754491504,0.02884587806201886,0.012194314426705937,0.0006539670667761128,0.01858815863081066,0.006038675551310723,2.0
1312,1.0,1.0,1.0,1.0,1.0,1.0,0.999283819583087,0.999926048490169,0.8091227121867745,0.8428202377192926,0.9894449460093765,0.08263290841064574,0.0
1313,0.0,0.0,0.0,1.0,1.0,0.0,0.019634811384214402,0.008070610486995752,0.0020821415651857324,0.0036774100297281014,0.0036846192751692815,0.009241169657930714,0.0
1314,1.0,1.0,1.0,1.0,1.0,0.0,0.9997668976193689,0.999999609418246,0.43424361870709993,0.9070812508360764,0.9997203921036492,0.33175420424809066,3.0
1315,1.0,1.0,1.0,1.0,1.0,0.0,0.9993966012887602,0.999979554825383,0.994559622681427,0.9990174936699877,0.6810073249514619,0.8529148827628681,1.0
1316,1.0,1.0,0.0,0.0,1.0,0.0,0.9595103848647566,0.8302502209521778,0.02839952942032945,0.05371232330939143,0.9160471029458409,0.03709682901624727,3.0
1317,0.0,0.0,0.0,0.0,0.0,0.0,0.05257198106204447,0.010016402164220181,0.004807513635121793,0.00499951448931943,0.03239157713512174,0.00883713976650198,2.0
1318,0.0,0.0,0.0,0.0,0.0,0.0,0.050535074770336745,0.04127708807209572,0.019452482687748116,0.0013400890161076177,0.10788549340238558,0.037921282586391776,1.0
1319,0.0,0.0,0.0,0.0,0.0,0.0,0.004689707652573431,0.0030925848103072412,0.0005923581290033319,0.0006303378351923637,0.021754141831042254,0.0015014654890670143,1.0
1320,0.0,0.0,0.0,0.0,0.0,0.0,0.003895154991815571,0.016614366423283997,0.0009828801842729077,0.008160832231432671,0.004848646349861281,0.0011918931468350392,3.0
1321,0.0,0.0,0.0,0.0,0.0,0.0,0.290075562784731,0.9211364225569327,0.37120758528216036,0.10922823401127577,0.24372676673781454,0.03520822372515166,4.0
1322,1.0,1.0,1.0,1.0,1.0,1.0,0.9945322865340134,0.9971133513693633,0.9989428946099708,0.9994246942193669,0.896587399144023,0.9958101537913617,3.0
1323,1.0,1.0,1.0,1.0,1.0,0.0,0.9976914220408578,0.9998197930823043,0.9552311654500596,0.9362499789745046,0.867550736767034,0.054146215111401566,2.0
1324,1.0,1.0,1.0,1.0,1.0,1.0,0.9996846589252543,0.9999833853101823,0.9635961606421765,0.9796886840106032,0.9917414060123151,0.34562355619697566,2.0
1325,1.0,1.0,1.0,1.0,1.0,0.0,0.9988472723194523,0.9999882613550489,0.9840781773519353,0.9961703372700766,0.9987450241861352,0.5903384635373204,1.0
1326,1.0,1.0,1.0,1.0,1.0,0.0,0.7918309979466238,0.8305313280010331,0.7511716593671712,0.025323181171787727,0.33957187685452694,0.05170970745040071,1.0
1327,1.0,1.0,1.0,1.0,1.0,0.0,0.9494266367642785,0.9999982135628859,0.9994753541195858,0.9980138327294021,0.9778788991452081,0.47529786838081667,4.0
1328,1.0,1.0,1.0,1.0,1.0,1.0,0.30578414634598966,0.951070359660749,0.9987587267568333,0.9998418019013531,0.7870389845175106,0.9794984164944649,2.0
1329,1.0,1.0,0.0,0.0,1.0,0.0,0.9890484806169277,0.9999827779920595,0.6673073176504895,0.631697725783221,0.9752029236999913,0.007523659475821081,2.0
1330,0.0,0.0,0.0,0.0,0.0,0.0,0.04060961791263683,0.014099820477890017,0.007880974154150382,0.005125940711480077,0.08731357523601697,0.02640150541239459,1.0
1331,0.0,0.0,0.0,0.0,0.0,0.0,0.016829182429617433,0.08339384026683794,0.033378995632228,0.025776897406485668,0.15482609587077842,0.3590216369014104,0.0
1332,0.0,0.0,1.0,1.0,1.0,1.0,0.032264625259361975,0.025504531015551307,0.07985952060870596,0.00022367676431040646,0.05876108338290926,0.0199234377718727,4.0
1333,0.0,0.0,1.0,1.0,0.0,1.0,0.4726207270306466,0.7899899225788078,0.9988944823313549,0.9879292419620908,0.4653925665379785,0.8933805001004023,1.0
1334,0.0,0.0,0.0,0.0,0.0,0.0,0.03451054234887092,0.04315339627673243,0.005116913339007695,0.016267161924088003,0.013699009235424045,0.011462144268839285,0.0
1335,1.0,1.0,1.0,1.0,1.0,1.0,0.9998000575542062,0.9999931948335258,0.9976790014204618,0.9989270725807716,0.9994146250772754,0.8799367461512977,2.0
1336,1.0,1.0,1.0,1.0,1.0,1.0,0.9996194404832879,0.9999965002147387,0.6675334336474678,0.985634059862384,0.9768191791827178,0.19636696011231472,2.0
1337,0.0,0.0,0.0,1.0,0.0,0.0,0.008841283848180309,0.8748600968911812,0.08484148286996948,0.09784619630800753,0.38626637777252143,0.22218087479952472,4.0
1338,0.0,0.0,0.0,0.0,0.0,0.0,0.0496481198344733,0.019720067925950394,0.015409499880352291,0.030719650893157053,0.045228200789867286,0.0021561912565204316,2.0
1339,0.0,1.0,1.0,1.0,0.0,1.0,0.09145154887954257,0.1897437170729741,0.7992593526319185,0.5694905113693504,0.127694363093717,0.14282730749344322,0.0
1340,0.0,0.0,0.0,0.0,0.0,0.0,0.010734500399302812,0.0016653054662996416,0.006937808694591567,0.009901036415870697,0.00475357028909534,0.002068498914056317,0.0
1341,0.0,0.0,0.0,0.0,0.0,0.0,0.014975070947342285,0.007407962463182732,0.006884709685150589,0.004608421009507161,0.01668873395701978,0.013987807080236486,3.0
1342,0.0,0.0,0.0,0.0,0.0,0.0,0.024529245954271514,0.007627293335321907,0.003072675106080794,0.006105661163746058,0.09815294928912874,0.002642352373332906,3.0
1343,1.0,1.0,1.0,1.0,1.0,1.0,0.9976568744852455,0.9999838036175268,0.9664524534878727,0.7358905681923169,0.7157665585102682,0.4096702862768944,1.0
1344,1.0,1.0,1.0,1.0,1.0,1.0,0.9953955257870458,0.9999793517169194,0.9979377317489491,0.9992899824087961,0.9792871862937835,0.8409574245803892,1.0
1345,0.0,0.0,0.0,1.0,0.0,0.0,0.438941878814956,0.026075346046951046,0.432366912829665,0.00784523023758212,0.008639878405915243,0.05788778724184911,1.0
1346,0.0,1.0,1.0,1.0,0.0,1.0,0.9977865106729669,0.9985752628867876,0.13609671966652853,0.07388165179177318,0.6270033059164332,0.020922904166202478,2.0
1347,1.0,1.0,0.0,0.0,1.0,0.0,0.9994660312046092,0.998151632090865,0.30680326738881325,0.05912694195099238,0.5158782065664008,0.06495232271999705,2.0
1348,1.0,0.0,0.0,0.0,0.0,0.0,0.8410476631390681,0.6953388626652182,0.003996743864893497,0.12603509773937968,0.5841772315044533,0.001982422919211085,0.0
1349,1.0,1.0,0.0,0.0,1.0,0.0,0.9977102582936667,0.8693751455982418,0.011811616307411694,0.017758165795723695,0.5932257528698691,0.09239161775728094,4.0
1350,1.0,1.0,1.0,0.0,0.0,1.0,0.9965789202057193,0.9999509554021938,0.9253133694990001,0.9280338289907064,0.7999005483923376,0.8870701801692563,2.0
1351,0.0,1.0,1.0,1.0,1.0,1.0,0.8999145058018747,0.9971396959991209,0.9981254225921351,0.9993833200807872,0.9781339128361053,0.8580122456941092,0.0
1352,1.0,1.0,1.0,1.0,1.0,1.0,0.9989680713771455,0.9999704727316509,0.9544181860491017,0.9977519381513378,0.9968219987891416,0.8116304793853091,2.0
1353,1.0,1.0,1.0,1.0,1.0,1.0,0.8500117099493519,0.9962030109279955,0.9994115386676992,0.9995224101048983,0.9568657120698703,0.9944263403760305,2.0
1354,1.0,1.0,0.0,0.0,1.0,0.0,0.2678261903967995,0.07089969342141757,0.14888568169624777,0.008165752968292188,0.12688925314484217,0.0935841457785583,4.0
1355,1.0,1.0,1.0,0.0,1.0,0.0,0.9576434532311865,0.9999733694290307,0.6384785970970374,0.5706033823087213,0.8754382262347278,0.46676557412649033,1.0
1356,1.0,1.0,0.0,0.0,1.0,1.0,0.7141708397550653,0.6827717956446802,0.003518884497307142,0.5168922020867557,0.9378691148233981,0.8691734392979471,2.0
1357,0.0,0.0,0.0,0.0,0.0,0.0,0.0052787006141859485,0.011288872274080977,0.0032873241874888,0.010416644239350712,0.014807767879033016,0.007328279821940896,0.0
1358,1.0,1.0,0.0,0.0,0.0,0.0,0.907718882141231,0.8665031983988035,0.007138335152971923,0.019421117481829474,0.6223923600190866,0.0021501111191494214,2.0
1359,0.0,1.0,0.0,1.0,1.0,0.0,0.09389007849242913,0.04473645702899989,0.026449958721201348,0.0024990209190121214,0.00712937377868595,0.05087910283564025,0.0
1360,0.0,0.0,0.0,0.0,0.0,0.0,0.006512222834710076,0.008504034186830333,0.004539832460639328,0.01736035485551531,0.09083697454964121,0.041686507291636456,1.0
1361,1.0,1.0,1.0,1.0,1.0,1.0,0.8015848502951122,0.9999188978150185,0.9999785821786517,0.9760449912592344,0.9711322758846265,0.9433283497223375,3.0
1362,1.0,1.0,1.0,1.0,1.0,1.0,0.9428694297393792,0.9986552009073569,0.9997148126618832,0.9999833603590236,0.9691337392374945,0.9901679677986318,4.0
1363,1.0,1.0,0.0,0.0,1.0,0.0,0.8661180118875929,0.8163653576836079,3.510613199226817e-05,0.27096558212914373,0.9749868742277773,0.06469350755718765,4.0
1364,0.0,0.0,0.0,0.0,0.0,0.0,0.014929979409782213,0.01059690942995838,0.0003385802882793099,0.00907703753105181,0.017236045975443922,0.01130157909016191,3.0
1365,1.0,1.0,0.0,0.0,0.0,0.0,0.9518417721417405,0.9979611922409359,0.4733163912515186,0.027112517894869893,0.3860452069704705,0.004667417413331504,1.0
1366,1.0,1.0,1.0,1.0,1.0,1.0,0.6894886116750304,0.9990905281371977,0.9993248191556041,0.9966860589791693,0.9905932558576979,0.9800165529942825,3.0
1367,0.0,0.0,0.0,0.0,0.0,0.0,0.016806803269402728,0.010084502357408215,0.0028060156133541438,0.0006527958719990326,0.020033187071783504,0.008607638075366669,4.0
1368,1.0,1.0,1.0,1.0,1.0,1.0,0.9996255715585466,0.99974349847231,0.6746739510331783,0.9715863529899708,0.9905687017539703,0.44131646262311525,2.0
1369,0.0,0.0,1.0,1.0,0.0,0.0,0.05446327165334538,0.47466492006132716,0.3490123653064675,0.14607156074895727,0.022020036271355334,0.12080325665280772,4.0
1370,1.0,1.0,0.0,0.0,1.0,0.0,0.9998480829370316,0.994560188941322,0.00027783336584424976,0.2187735662583078,0.8842638469691888,0.031021376595226108,2.0
1371,0.0,0.0,0.0,0.0,0.0,0.0,0.016036786382014355,0.03844877427053958,0.06705241148959672,0.008193520260464753,0.00816451662470627,0.0020545207908690337,4.0
1372,1.0,1.0,0.0,0.0,1.0,0.0,0.9780135393526875,0.9990560057662407,0.07493863341945761,0.12991207202695113,0.8997546620644957,0.01155846908891158,4.0
1373,0.0,0.0,0.0,0.0,0.0,0.0,0.02416367962652004,0.3105684696953604,0.005068994914366381,0.002001051774078682,0.05457062075247095,0.0010920048493958802,3.0
1374,0.0,0.0,0.0,0.0,0.0,0.0,0.012505504413197291,0.019347293776597288,0.009453936792262044,0.007817270979362714,0.02068376795619155,0.007663904544311017,0.0
1375,0.0,1.0,1.0,1.0,0.0,0.0,0.034655736900947434,0.37884627484708294,0.583929183997796,0.5703867431253429,0.06268057489063249,0.05817305555345533,0.0
1376,0.0,0.0,0.0,0.0,0.0,0.0,0.07193441705010288,0.07406629597213694,0.08753766889139446,0.03067154306972711,0.04848570080368551,0.01928607854235545,0.0
1377,0.0,0.0,0.0,0.0,0.0,0.0,0.009805722634471865,0.07138448258057477,0.01056433345953773,0.0022630403869064184,0.07406959272408521,0.017075162374288893,1.0
1378,0.0,1.0,1.0,1.0,0.0,1.0,0.24002856697517355,0.9392805493625509,0.9972995546303622,0.9398996642903398,0.3952819114947971,0.5399076343801401,1.0
1379,0.0,0.0,0.0,0.0,0.0,0.0,0.024959798802647492,0.001655852678172464,0.011829624309844236,0.0015701580852681535,0.03329304521469405,0.0025679330509229947,0.0
1380,1.0,1.0,1.0,1.0,1.0,0.0,0.21257042084173947,0.9813778266719724,0.8638144179051586,0.7612548445914908,0.6803740625957958,0.3562924877696188,1.0
1381,1.0,1.0,1.0,1.0,1.0,0.0,0.944047259029754,0.9999291504000598,0.1502020967796644,0.12778381631217323,0.7253923326512595,0.13694604433043595,1.0
1382,0.0,0.0,0.0,0.0,0.0,0.0,0.5060808177359033,0.5511888368008142,0.09899389460590288,0.23266276582123332,0.9301188860764515,0.07771083034934144,4.0
1383,0.0,0.0,0.0,0.0,0.0,0.0,0.003265489652879805,0.002691988066475207,0.0020529027988079127,0.001856068927745465,0.07603314910490934,0.0027711834077966987,0.0
1384,1.0,1.0,0.0,0.0,0.0,0.0,0.9360279125530278,0.8825666502521314,0.012838815617596836,0.0010441371426522178,0.35476504435822126,0.0013769553191145276,1.0
1385,1.0,1.0,0.0,0.0,0.0,0.0,0.9701251094191604,0.980094594204519,0.0013059223048939217,0.0020635411811959895,0.7313987275449466,0.026171005547350034,0.0
1386,1.0,1.0,1.0,1.0,1.0,0.0,0.9991383908493814,0.9998452165349022,0.9017174321949655,0.9758315599525687,0.9872868887275397,0.9068049521630874,0.0
1387,1.0,1.0,1.0,1.0,1.0,1.0,0.9978642629621707,0.9999887666208024,0.9998115423032103,0.9989881736231225,0.9802290014916719,0.9275510659770883,4.0
1388,1.0,1.0,1.0,1.0,1.0,1.0,0.922223529775583,0.9989111055016233,0.9987273557397308,0.9997787300889108,0.8820381991125652,0.978058446558519,3.0
1389,1.0,1.0,1.0,1.0,1.0,0.0,0.837003680237382,0.9989349823550451,0.5951307248233035,0.9995501058268252,0.9753338507154612,0.39054646666771403,0.0
1390,1.0,1.0,1.0,1.0,1.0,1.0,0.9994261248598325,0.9999367530430942,0.9949211248093427,0.1969141192082445,0.3789386567370086,0.7294096312026427,4.0
1391,1.0,1.0,0.0,0.0,1.0,0.0,0.9723531019651204,0.99405245178272,0.04683349928428031,0.007823174451825407,0.8602414344462158,0.002659157577371614,2.0
1392,1.0,1.0,1.0,1.0,1.0,0.0,0.9988145866226459,0.9999998613024953,0.8566785351562449,0.9812459192209068,0.999783444197769,0.02854957114913083,0.0
1393,1.0,1.0,0.0,0.0,1.0,1.0,0.09552628623619444,0.011045532926090373,0.00022168815168017997,0.006195103083163396,0.034804641981404684,0.26880151249434264,3.0
1394,0.0,0.0,0.0,0.0,0.0,0.0,0.004252257787158748,0.023086103634389534,0.0006433294830865121,0.022979243142345385,0.03955392088412826,0.016873842857162518,3.0
1395,0.0,0.0,0.0,0.0,0.0,0.0,0.07617432292595903,0.27213099556667336,0.6216205378181688,0.23735584177535,0.030781818121938864,0.08459155645555554,4.0
1396,1.0,1.0,0.0,0.0,0.0,0.0,0.9999364544734513,0.9999432190437637,0.9975690888583685,0.8158493214748482,0.21374739939700652,0.15685828944067753,4.0
1397,1.0,1.0,1.0,1.0,1.0,0.0,0.03998538398169272,0.8958153026985062,0.9730909624438624,0.9997205044859804,0.9741359722449111,0.7815355339540752,4.0
1398,0.0,0.0,0.0,0.0,0.0,0.0,0.027022329896368977,0.11486271156989664,0.04770044067579198,0.008120543728015845,0.028148656639698635,0.018255325533648257,1.0
1399,1.0,1.0,1.0,0.0,1.0,0.0,0.9964519295290448,0.9999903165677734,0.9597078525079142,0.9978802107186079,0.8469611759175127,0.09595394328689279,2.0
1400,1.0,1.0,0.0,1.0,1.0,1.0,0.9996711125886075,0.9968118820909959,0.0019188029091354625,0.09201974814309911,0.8743658947275436,0.2626008305780973,4.0
1401,0.0,0.0,0.0,0.0,0.0,0.0,0.021760477374369223,0.021050245483344276,0.015418604481301834,0.00827194958867677,0.015601450710164187,0.001883364244128662,2.0
1402,0.0,0.0,0.0,0.0,0.0,0.0,0.016824034585445395,0.015054037048115445,0.0011073987465887456,0.011551693856407511,0.055842337979600504,0.016109561891719845,2.0
1403,0.0,0.0,0.0,0.0,0.0,0.0,0.3678666037349499,0.9059559144530516,0.05151776886517486,0.9371408046976503,0.048133421282154275,0.013348000523210909,3.0
1404,0.0,1.0,1.0,1.0,0.0,1.0,0.04518775212237615,0.866818453592667,0.9977528471132351,0.9918029757053205,0.46932000222064113,0.8990879732225071,1.0
1405,1.0,1.0,1.0,1.0,0.0,1.0,0.9988232549091992,0.999938441235622,0.9012989794738647,0.958870922017423,0.9544274661190829,0.3378824637963025,1.0
1406,1.0,1.0,0.0,0.0,1.0,0.0,0.9994223449881581,0.9998927779916525,0.059242707283857166,0.6481856435444837,0.9642892949714649,0.8212040667963184,1.0
1407,0.0,0.0,0.0,0.0,0.0,0.0,0.036142113081901094,0.07223957556691277,0.006314358064575336,0.003580134353924841,0.0010972567685526126,0.006534581737212983,0.0
1408,0.0,1.0,0.0,0.0,1.0,0.0,0.008367619762233785,0.7713349645308044,0.08242697113056921,0.627426085456705,0.5228137167113346,0.00073427156482593,4.0
1409,0.0,0.0,0.0,0.0,0.0,0.0,0.9307077152299196,0.9803482467335174,0.18193174339495952,0.8667793362187527,0.9815180101145544,0.8383240481679936,4.0
1410,0.0,0.0,0.0,0.0,0.0,0.0,0.009789291336646808,0.0070177332513856805,0.04041768445213856,0.021871873734662324,0.03358365240381981,0.017158767929279634,4.0
1411,0.0,0.0,0.0,0.0,1.0,0.0,0.05513421648026287,0.001606510110057475,0.023312609273576243,0.0006667369239452036,0.04843689040455669,0.019733791757422767,4.0
1412,1.0,1.0,1.0,1.0,1.0,0.0,0.99990367672421,0.9999832673870274,0.9962231360954963,0.9637183212988352,0.9979449411805055,0.24408934228390197,3.0
1413,1.0,1.0,0.0,0.0,0.0,0.0,0.9961792421121141,0.9995618293550301,0.7657961795336101,0.45974467316018464,0.8590523450266091,0.020039048438886473,4.0
1414,0.0,0.0,0.0,0.0,0.0,0.0,0.0230366080918077,0.017568265584632144,0.0032074093950994497,0.003864077711337287,0.04531856655448506,0.006441393270906212,2.0
1415,0.0,0.0,0.0,0.0,0.0,0.0,0.009912006536387755,0.003646041481965072,0.021959806807654202,0.003459870969524144,0.027852949084946416,0.008953035071908165,1.0
1416,0.0,0.0,0.0,0.0,0.0,0.0,0.0102121508923493,0.0069867575024233665,0.03808074778111986,0.0010659907862644218,0.0016791697080067425,0.026537417619165806,1.0
1417,1.0,1.0,1.0,1.0,1.0,1.0,0.9980347265237208,0.9999782637029829,0.9994658256371435,0.9956671408554918,0.9950751592361703,0.5803900699283572,0.0
1418,0.0,0.0,0.0,0.0,0.0,0.0,0.006321395886899018,0.021388988866104304,0.004315298680319846,0.005752925389771224,0.01590531449062637,0.019629905109977697,2.0
1419,0.0,0.0,0.0,0.0,0.0,0.0,0.049641436528051176,0.09936852933710062,0.08482344280728123,0.029448903084964163,0.12735750999711734,0.31768775220487583,4.0
1420,0.0,0.0,0.0,0.0,0.0,0.0,0.008493997273599098,0.002272217593315153,0.006394169417726244,0.012673167417561752,0.017830863259657104,0.005089841675612325,3.0
1421,0.0,0.0,1.0,0.0,0.0,0.0,0.13562345710636445,0.13982490453764798,0.43653113568076524,0.10814142789662076,0.06370244253007017,0.18290154244075285,1.0
1422,1.0,1.0,1.0,1.0,1.0,0.0,0.9925278797272604,0.9999551680041219,0.9508858269387933,0.9365353602739336,0.8361142468851839,0.033452695987081595,1.0
1423,1.0,1.0,1.0,1.0,1.0,0.0,0.9988551753861362,0.9999356178900456,0.6998227229121249,0.7829392161332167,0.9448120441349437,0.26951290204095135,0.0
1424,0.0,0.0,1.0,0.0,0.0,0.0,0.2043566266266924,0.1283390885018738,0.3094448820410637,0.0024943113623988734,0.021725934419111286,0.3102470328044289,0.0
1425,1.0,1.0,1.0,1.0,0.0,0.0,0.9915935200450969,0.9986167210096502,0.4797287972893385,0.02460239727273367,0.2095756468834443,0.3676222799706337,0.0
1426,0.0,0.0,1.0,1.0,0.0,1.0,0.27184379851714213,0.15308698045281638,0.3650737571888137,0.1305812903262803,0.04361072537517044,0.08858989414973681,4.0
1427,0.0,0.0,0.0,0.0,0.0,0.0,0.0018948014605786514,0.03617071802244644,0.000804718067820202,0.0022218072752410952,0.0011564706470400682,0.009992462872383109,3.0
1428,1.0,1.0,0.0,0.0,1.0,0.0,0.9977506418517178,0.9899120709277327,0.0013849604504796095,0.013922291618849548,0.8732415170819746,0.003282080034910302,0.0
1429,1.0,1.0,1.0,1.0,1.0,0.0,0.9996878926453096,0.9999979688834125,0.9997289627666158,0.9981627550950256,0.9806785739348145,0.8006883692876507,4.0
1430,1.0,1.0,1.0,0.0,0.0,0.0,0.9736250712908232,0.9998724089712364,0.775794156539091,0.02464630214152609,0.40653583171301494,0.299314644493842,4.0
1431,1.0,1.0,1.0,1.0,1.0,1.0,0.9991814312414155,0.9997288373858074,0.9944846007789906,0.9982506297297732,0.8757735633351682,0.8187814938710807,2.0
1432,0.0,0.0,0.0,0.0,0.0,0.0,0.5562190042319171,0.45156323712542573,0.013426204189651892,0.0016514598485110705,0.060503810322889796,0.006260598545969534,1.0
1433,1.0,1.0,0.0,0.0,1.0,0.0,0.9054174292364598,0.9377620207688994,0.007968797696750272,0.026596315016175823,0.9829779716681899,0.002945381808088491,3.0
1434,1.0,1.0,1.0,1.0,1.0,1.0,0.9893958172988367,0.9999941104567209,0.3343406539964161,0.17821900837854093,0.361221416501945,0.1582463644540847,4.0
1435,1.0,1.0,1.0,0.0,0.0,1.0,0.9840522588327024,0.994570215103247,0.06569797733771601,0.14388745616127624,0.6991920332193452,0.011453962169355542,0.0
1436,1.0,1.0,1.0,1.0,1.0,0.0,0.9913816634892472,0.9997702508392801,0.9575373684514639,0.9222755213949106,0.6926912366493552,0.23647756683310836,2.0
1437,1.0,1.0,1.0,1.0,1.0,0.0,0.999492343766304,0.9998264036810204,0.9992126178928219,0.9865390139099981,0.9253699292057179,0.9689166866313506,4.0
1438,1.0,1.0,1.0,1.0,1.0,1.0,0.9989551892173246,0.9965663362725055,0.99954613517561,0.9997718305486465,0.9612740379552892,0.8782451823069222,0.0
1439,1.0,1.0,1.0,1.0,1.0,1.0,0.897993985146572,0.9871692373848195,0.9928088518692573,0.9998616416095881,0.9795895927345641,0.2992703290708565,4.0
1440,1.0,1.0,1.0,1.0,1.0,1.0,0.9490296582225514,0.9891317321351831,0.9996095219009682,0.9999440815264012,0.9543599416965817,0.9970456385150934,3.0
1441,0.0,1.0,1.0,1.0,1.0,1.0,0.8350350422511088,0.9999035368365415,0.9981875779958723,0.999455093253435,0.9934830714831692,0.9711410971099579,1.0
1442,1.0,1.0,0.0,0.0,1.0,0.0,0.9751490293569985,0.9998805093240971,0.739548932530892,0.5503681356450064,0.9374568449515466,0.03248824605791844,3.0
1443,0.0,0.0,0.0,0.0,0.0,0.0,0.02535788860694197,0.003265396641891094,0.0026798398120421304,0.003292818119776984,0.010018006980933813,0.005783741346600162,3.0
1444,1.0,1.0,0.0,0.0,1.0,0.0,0.9999224429257194,0.9999856798890591,0.5323751873879998,0.8489984984005364,0.4776744194017588,0.024948479199195593,2.0
1445,1.0,1.0,0.0,0.0,1.0,0.0,0.9994485090918297,0.99978869236588,0.9128796824514651,0.6854286231369683,0.9780784376656555,0.3366335218929184,3.0
1446,1.0,1.0,0.0,0.0,0.0,0.0,0.992361475258107,0.9938691389488006,0.1155337931917698,0.01400522327113055,0.48123853756739443,0.011160730562960469,1.0
1447,0.0,0.0,0.0,1.0,1.0,0.0,0.19336308428932902,0.2234502608720228,0.08475871263318534,0.11010958995592905,0.007281545005264856,0.1275906267162273,0.0
1448,1.0,1.0,0.0,0.0,1.0,0.0,0.9812972827364086,0.9994133893027465,0.0013456636543858129,0.08600435054833466,0.9986882892170547,8.554698181846611e-05,2.0
1449,1.0,0.0,0.0,0.0,1.0,0.0,0.33146227027117264,0.02153040230437712,0.018637189673573296,0.001109616967627319,0.01619237160736446,0.0015646927243469452,3.0
1450,1.0,1.0,1.0,1.0,1.0,1.0,0.992246636846799,0.9998694215960314,0.7199327789129999,0.6678871660586938,0.7684528080449033,0.3438525996976805,0.0
1451,1.0,1.0,1.0,1.0,1.0,0.0,0.999967246050636,0.9999997843200398,0.999341911781129,0.9986741226720505,0.992052359937371,0.8032641691812556,4.0
1452,0.0,0.0,0.0,0.0,0.0,0.0,0.009047682645241752,0.0017305844646270851,0.0005864194769031337,0.0008844378213015811,0.03783404210698688,0.0035809891272048865,2.0
1453,1.0,1.0,0.0,1.0,1.0,0.0,0.9979321424288807,0.9999657062025883,0.9979058162092268,0.9998071799768837,0.9359110310178177,0.7333254952726836,4.0
1454,1.0,1.0,0.0,0.0,0.0,0.0,0.9933381501916624,0.9984311299522078,0.08309869376870735,0.013807085468437357,0.4810176534755155,0.07306284264773209,2.0
1455,0.0,0.0,0.0,0.0,0.0,0.0,0.008972793340979075,0.008874951997700659,0.00208978326331688,0.007302578879192938,0.024822391391907252,0.007580104186227977,3.0
1456,1.0,1.0,1.0,1.0,1.0,1.0,0.9333632785176857,0.9999453530429359,0.9919027545461958,0.9973542459672171,0.999990247814908,0.9986848850439695,1.0
1457,1.0,1.0,0.0,0.0,0.0,0.0,0.9969628058366726,0.992575329124302,0.11578013501896994,0.10274144951111817,0.5001486082255562,0.02238069407898133,1.0
1458,0.0,0.0,0.0,0.0,1.0,0.0,0.04450780539073047,0.08080213830330628,0.004241246744485348,0.0037563688491156822,0.05389786351937739,0.05676309006402827,0.0
1459,0.0,1.0,1.0,1.0,1.0,1.0,0.2536627697791051,0.9996050916530821,0.9993166099473797,0.9987954735865686,0.9866705734932658,0.995300029293716,4.0
1460,0.0,0.0,0.0,0.0,0.0,0.0,0.029815767979747262,0.010874128131201437,0.014414559978472222,0.012275182541143046,0.012613379421165982,0.009411652919382367,1.0
1461,1.0,1.0,0.0,0.0,1.0,1.0,0.9194756763039994,0.9759794304608187,0.428178902391101,0.44968857060372386,0.9962022219895209,0.9582803388576993,2.0
1462,1.0,1.0,0.0,0.0,1.0,0.0,0.9674662179257161,0.999994810927365,0.21810845000133292,0.10739051679096587,0.9415139841018045,0.00943195626652241,1.0
1463,0.0,0.0,1.0,1.0,1.0,1.0,0.07673894238530024,0.3707244491328982,0.8218351254923476,0.7900433157799435,0.0807689296384047,0.5154191654481926,3.0
1464,1.0,1.0,1.0,1.0,1.0,0.0,0.9918911376787193,0.9997658787038535,0.9818102380198634,0.8270405558804825,0.9198660512071042,0.5058991263489063,4.0
1465,0.0,0.0,0.0,0.0,0.0,0.0,0.037142340538165376,0.018241287819934636,0.0005336620974663239,0.022871404382185156,0.0064447558123456785,0.0036024531592883987,4.0
1466,1.0,1.0,1.0,1.0,1.0,1.0,0.9991112375952304,0.9999624003452069,0.9984396081742049,0.9896136474298388,0.9540644095442656,0.6227793184247452,3.0
1467,0.0,0.0,1.0,0.0,0.0,1.0,0.16760698157082626,0.34993402615565233,0.9173187191117106,0.8571285168219116,0.016844749912972495,0.5040179687072485,2.0
1468,0.0,1.0,1.0,1.0,1.0,1.0,0.24585544701194684,0.5631711611506541,0.963583397628591,0.9974033529052293,0.5396560292411912,0.7883621024735606,1.0
1469,0.0,0.0,0.0,0.0,0.0,0.0,0.07855365374928559,0.026324078844340914,0.018920771867022356,0.0017307049804312319,0.030710193333066217,0.08630391290004984,2.0
1470,1.0,1.0,1.0,1.0,1.0,0.0,0.9995041348241296,0.999998710574393,0.7077184260994382,0.9725977234984798,0.9972586442117114,0.12113967660628196,4.0
1471,0.0,0.0,0.0,0.0,0.0,0.0,0.9110185102602372,0.9200448803048378,0.972772495585971,0.3346193860957194,0.7981957933009742,0.01277883662189773,2.0
1472,1.0,1.0,0.0,1.0,1.0,1.0,0.9975666421892799,0.9997974923330196,0.9982902714775264,0.9698994279152843,0.99687116682899,0.7651841016453341,1.0
1473,1.0,1.0,1.0,1.0,0.0,1.0,0.47757158957186835,0.8855605440915841,0.999655217073485,0.9998743596343586,0.5404261087340908,0.9993581491117423,3.0
1474,1.0,1.0,1.0,1.0,1.0,0.0,0.9974023082865097,0.9992553873122244,0.5521220822596461,0.8754325077434785,0.9576854387631656,0.3729319326742962,2.0
1475,0.0,0.0,0.0,0.0,0.0,0.0,0.0265758776092874,0.025689451502048013,0.09179284622322278,0.019785611519403105,0.10789099389477604,0.034354765789433285,2.0
1476,1.0,1.0,1.0,1.0,1.0,1.0,0.6593315496640599,0.9982665887902331,0.9999572042640503,0.9999385465778231,0.9982405689613398,0.9994799931581507,1.0
1477,1.0,1.0,1.0,1.0,1.0,1.0,0.9987857947700022,0.999875156367952,0.99687609545181,0.9955364794476397,0.7700752402636893,0.9325903454041458,0.0
1478,1.0,1.0,0.0,0.0,0.0,0.0,0.9156389750614614,0.7921257475057762,0.007868804525417902,0.000526465462181013,0.2748748818430384,0.009696234813936312,4.0
1479,1.0,1.0,0.0,1.0,1.0,0.0,0.9856131544847593,0.9999478929851116,0.5765037280679622,0.7075176372922187,0.9938660328910219,0.02464003967334117,0.0
1480,1.0,1.0,1.0,1.0,1.0,0.0,0.9998131431979053,0.9998387109445366,0.9473366900899419,0.9865827426655225,0.8732485297978753,0.7487178966687243,4.0
1481,1.0,1.0,0.0,0.0,1.0,0.0,0.9999568998261699,0.9999450402546415,0.003133967413538782,0.050836124234775404,0.9199494425968997,0.05133308020056328,0.0
1482,1.0,1.0,0.0,1.0,1.0,1.0,0.7575901707202531,0.980467809848934,0.4167327908992227,0.9617308238772448,0.9949190097304718,0.6976221037344436,4.0
1483,1.0,1.0,1.0,1.0,1.0,1.0,0.7513407524339488,0.9721205627516544,0.9975900418566913,0.9849065110204814,0.9868177450986343,0.9988894434230062,4.0
1484,1.0,1.0,1.0,1.0,1.0,1.0,0.990896630640632,0.9999731484567397,0.9959125226486448,0.9819845253293249,0.9753957102463422,0.8500796171743794,4.0
1485,1.0,1.0,0.0,0.0,1.0,0.0,0.7288021162077357,0.999343222864784,0.0021697748833591365,0.03824293305949814,0.9166684084063087,0.0002565361385232667,4.0
1486,1.0,1.0,1.0,1.0,1.0,1.0,0.9978590492720358,0.9999245786050628,0.9987293526738411,0.855138024075412,0.9315844625831663,0.8371231449838583,0.0
1487,0.0,0.0,0.0,0.0,0.0,0.0,0.010260414794422645,0.008979449791628026,0.00047518903764672346,0.0001634208023083173,0.005923460248508804,0.001512157476044202,1.0
1488,0.0,0.0,1.0,1.0,0.0,1.0,0.02588950255096691,0.6355544281823833,0.9570583376137692,0.9415382295657102,0.11288319998524513,0.6447085688195768,3.0
1489,1.0,1.0,1.0,1.0,1.0,1.0,0.9999705003461108,0.999965341629209,0.9927189092384595,0.9633960277782763,0.9930952896854667,0.33300981311391303,0.0
1490,0.0,0.0,0.0,0.0,0.0,0.0,0.03326085330669161,0.030049811446883005,0.005201229524805785,0.006711980400830019,0.007890374313537979,0.005864031730623941,0.0
1491,0.0,1.0,1.0,1.0,1.0,0.0,0.7999446584837032,0.9998588025502052,0.9974455696710313,0.9993949997326964,0.9982042089305949,0.9173610361294628,2.0
1492,0.0,0.0,0.0,0.0,0.0,0.0,0.008922151114872804,0.013453665032909505,0.0021790935160226183,0.0008094229368895904,0.11023380423818374,0.003846084342371089,3.0
1493,0.0,1.0,1.0,1.0,1.0,1.0,0.21438829274445434,0.9362486105589102,0.9993973682928599,0.996188986539634,0.16144643422080598,0.99794484091127,1.0
1494,1.0,1.0,1.0,1.0,0.0,0.0,0.32341967477782396,0.5372301104171696,0.904476523350511,0.7443656194879499,0.19190723680257446,0.15113659600298407,3.0
1495,1.0,1.0,1.0,1.0,1.0,1.0,0.9955758171636377,0.9998500718470531,0.2636550742225059,0.809684123413775,0.8941752187453438,0.48521348450029594,4.0
1496,1.0,1.0,0.0,0.0,0.0,0.0,0.9984880513940557,0.9999010202641428,0.8614162117328764,0.8829146247622455,0.968085545277589,0.027482264507769,3.0
1497,1.0,1.0,1.0,0.0,1.0,0.0,0.9667106886739638,0.9999818418355502,0.848210954308837,0.980730270531633,0.9190977746199706,0.0070380247208823715,0.0
1498,0.0,0.0,0.0,0.0,0.0,0.0,0.02435119420896611,0.0004091461102612812,0.022572790935523702,0.0017441804487499995,0.0022158812459995856,0.0025110212965894683,4.0
1499,1.0,1.0,1.0,1.0,1.0,0.0,0.8041435482824543,0.5131762483995661,0.2511963983638678,0.10587217974946633,0.572902929150741,0.06933535936021021,4.0
1500,1.0,1.0,1.0,1.0,1.0,1.0,0.9412155938382636,0.9990502490034397,0.8659809544456197,0.9889791565389897,0.9719061998879516,0.6785085039303385,4.0
1501,0.0,1.0,1.0,1.0,0.0,1.0,0.511018310635625,0.9888683110442795,0.9513525220403037,0.9958825523573739,0.6076389082661353,0.7367525195269877,0.0
1502,1.0,1.0,1.0,1.0,1.0,1.0,0.9663634385692169,0.998601700952194,0.983301463017399,0.9997087029081925,0.998270258954191,0.9740424149980053,0.0
1503,0.0,0.0,1.0,0.0,0.0,1.0,0.30323519890572065,0.02125476161803309,0.4648515615411862,0.0012007722688062844,0.002623688964227774,0.4467924879779505,0.0
1504,1.0,1.0,0.0,0.0,0.0,0.0,0.9925760081084651,0.9986225007597836,0.3293536368462894,0.033531827347716314,0.20221130900960496,0.07595868485028111,2.0
1505,0.0,1.0,1.0,1.0,0.0,1.0,0.18059093207247617,0.1991738059915809,0.4658670367480137,0.07512421594143724,0.013438194058756401,0.1785616428262175,3.0
1506,1.0,1.0,1.0,1.0,1.0,1.0,0.9941736772571076,0.9999744246027349,0.9997232724824096,0.942382253572757,0.9911548704875125,0.9502775771955462,2.0
1507,0.0,0.0,0.0,0.0,0.0,0.0,0.010342793369836897,0.014687655527027221,0.013881321146572454,0.008832665086538245,0.02025074497368501,0.012264885042648058,3.0
1508,1.0,1.0,1.0,1.0,1.0,1.0,0.9998792999009012,0.9999364601532228,0.9816907049736007,0.994301651494805,0.9097272586496901,0.9167908454991943,4.0
1509,0.0,0.0,0.0,0.0,0.0,0.0,0.020287592426416617,0.006727033615876329,0.07860813134604003,0.011019698811420588,0.004700453772640887,0.004950890885358466,4.0
1510,0.0,0.0,0.0,0.0,0.0,0.0,0.007048057161275501,0.011938995753442403,0.006489653780821784,0.01682969189213352,0.021125951295089537,0.08832540204955487,0.0
1511,1.0,1.0,1.0,1.0,1.0,1.0,0.9999913847989211,0.9998725636728526,0.9755833152478592,0.9946492385475886,0.9241034388366332,0.8253050817445076,0.0
1512,0.0,0.0,0.0,0.0,0.0,0.0,0.13112405792931406,0.006412437949716578,0.005011374615930564,0.012412608315048566,0.008735838211054472,0.0556207220950558,4.0
1513,1.0,1.0,1.0,1.0,1.0,1.0,0.9944759127699974,0.9912090545686117,0.961423928531504,0.9997273720983804,0.9883674722976715,0.9391566340518358,4.0
1514,0.0,0.0,0.0,0.0,0.0,0.0,0.025647366303709947,0.04468520191101411,0.01258260990732448,0.0032907716100933305,0.014904195688148587,0.005548164258247329,1.0
1515,1.0,1.0,1.0,1.0,1.0,1.0,0.9998504525856388,0.9999964446621229,0.7172651111107491,0.7526433872180129,0.987492238204088,0.03624359831404186,4.0
1516,0.0,0.0,0.0,0.0,0.0,0.0,0.03316083468598944,0.008172630120766244,0.009548649611885634,0.0036702824381004365,0.07287830515172516,0.02378916930020985,2.0
1517,0.0,1.0,1.0,1.0,1.0,1.0,0.704585465251453,0.9998338452711912,0.9987155420801758,0.9992371065375638,0.9916736100731371,0.9307507629019073,1.0
1518,1.0,1.0,1.0,1.0,1.0,1.0,0.9992212145155427,0.9999968492970448,0.9997540595275731,0.9913206390274256,0.999537164629403,0.45889913703856067,3.0
1519,1.0,1.0,1.0,1.0,0.0,0.0,0.9990451635410187,0.5254140175481458,0.1831990835331408,0.0042852344057455385,0.06952082631962228,0.42718736191316387,2.0
1520,1.0,1.0,1.0,1.0,1.0,1.0,0.9994759068146373,0.999898158630417,0.9970420286678503,0.999212152759882,0.9685307822420354,0.8774260060187866,4.0
1521,0.0,1.0,1.0,1.0,1.0,1.0,0.19891986690492935,0.8776093875422243,0.9843585787056995,0.9975476561680918,0.8528881508063115,0.935978329555176,4.0
1522,0.0,1.0,1.0,1.0,0.0,1.0,0.5055644300353982,0.9962434832371572,0.875627589413335,0.8476176835732964,0.2549526785665696,0.17549845362669125,4.0
1523,0.0,0.0,0.0,0.0,0.0,0.0,0.0022772918093097888,0.04217231334378961,0.004887442285351793,0.006993634947952186,0.022792490710502496,0.034006273284508545,3.0
1524,0.0,0.0,0.0,0.0,1.0,0.0,0.28355663057746927,0.04255797560236333,0.001471866328589276,0.0010135019701844978,0.07242393176465312,0.16541904494183146,0.0
1525,1.0,1.0,0.0,0.0,0.0,0.0,0.9897048560838377,0.9992879830194337,0.5798404083193773,0.7796473864857626,0.8199458706298994,0.0069146646942072456,1.0
1526,0.0,0.0,0.0,0.0,0.0,0.0,0.017875430021554017,0.5298385953753969,0.013151691498688924,0.1995604587923078,0.4708130056797386,0.0714328220943595,0.0
1527,1.0,1.0,1.0,1.0,1.0,0.0,0.9991229195691074,0.9998985587946113,0.9902837471902637,0.9293116783281713,0.7689879119911295,0.46283919906899007,3.0
1528,1.0,1.0,1.0,1.0,0.0,1.0,0.9999492747279412,0.999957604698819,0.964204897114209,0.9961790071900769,0.9816752357482024,0.6111574840690053,4.0
1529,1.0,1.0,0.0,0.0,1.0,0.0,0.9993560752452623,0.9989628741381109,0.6731281042766118,0.9265917227538893,0.6620341869891343,0.13404740921514927,2.0
1530,0.0,0.0,0.0,0.0,0.0,0.0,0.007147243102204413,0.001841924115342146,0.0038154033988324963,0.006325162548780604,0.0074333737423544245,0.005851328831989449,4.0
1531,1.0,1.0,0.0,0.0,1.0,0.0,0.9580782724023681,0.9977832164933164,2.6980467478543742e-05,0.011734193554347615,0.9701139235451476,8.736887418004108e-05,4.0
1532,0.0,0.0,0.0,0.0,0.0,0.0,0.18279970930612682,0.06802425917677694,5.095140482488339e-05,2.0318549643405935e-05,0.07703929552035867,0.00030171467618998033,1.0
1533,0.0,1.0,1.0,1.0,0.0,1.0,0.6867563571110039,0.9999585248625413,0.9903312176211954,0.9999896494716185,0.9997844128384257,0.8396055895706422,1.0
1534,1.0,1.0,1.0,1.0,1.0,1.0,0.9997584820410453,0.999997398485561,0.9717430451698703,0.8897998023337792,0.9947984765862254,0.6076264362029259,4.0
1535,1.0,1.0,1.0,1.0,1.0,1.0,0.0655877539989209,0.8937138810776233,0.9955124470315901,0.9982377542927418,0.321099133910826,0.9486976158027377,2.0
1536,1.0,1.0,1.0,1.0,1.0,1.0,0.8964825611616866,0.9997454639332038,0.9999429837215975,0.9998230830637207,0.9964553319958269,0.9937163915505653,4.0
1537,1.0,1.0,1.0,1.0,1.0,1.0,0.9999844507610893,0.9999541081809007,0.592105948937945,0.9986506884835664,0.9938842176019291,0.4868834656379135,0.0
1538,1.0,1.0,1.0,1.0,1.0,0.0,0.9996308443169354,0.9999935731937266,0.9799767281252121,0.9980780336723439,0.9484403207272244,0.2384449339871489,0.0
1539,1.0,1.0,1.0,1.0,1.0,0.0,0.9991069920700049,0.9999978497342803,0.9867140812609143,0.9884957055866668,0.9752339659217139,0.05617225979458683,1.0
1540,0.0,0.0,0.0,0.0,0.0,0.0,0.0012468689041079232,0.0017820726198590903,0.024327799909147678,0.001332450214494274,0.02389405695299536,0.016442377712840513,0.0
1541,1.0,1.0,1.0,1.0,1.0,1.0,0.9847285233716229,0.9999904247518578,0.9985495285367191,0.9854813371860068,0.929881227985386,0.9712670508217414,4.0
1542,0.0,0.0,0.0,0.0,0.0,0.0,0.012881001511696674,0.012498564242255155,0.00028834354653845315,0.0009734521482788249,0.03370559518133885,0.009275613854955104,3.0
1543,0.0,0.0,1.0,0.0,0.0,0.0,0.037154156882606884,0.9076288033450579,0.9419752234765286,0.24786579974747888,0.015224090093663989,0.11434438293673704,2.0
1544,1.0,1.0,0.0,0.0,1.0,0.0,0.9663383821371407,0.9625392007946195,0.04598111068690393,0.00038775354983093904,0.4983993298153999,0.00818058461477715,4.0
1545,0.0,0.0,0.0,0.0,0.0,0.0,0.2115037077793197,0.7035204486750465,0.04974109060639337,0.049435288696862124,0.08973522513126538,0.36213624308101144,3.0
1546,1.0,1.0,1.0,1.0,1.0,1.0,0.9982374652880912,0.9999801589511975,0.9968579932279809,0.9982651474597612,0.9383585989674564,0.9490058505837086,1.0
1547,0.0,0.0,1.0,1.0,0.0,0.0,0.057822184339997015,0.8075242557998742,0.8531773625071584,0.9763355174085554,0.5071116475711935,0.5891734535241769,2.0
1548,0.0,0.0,0.0,0.0,0.0,0.0,0.12564509601822693,0.013276488260099747,0.005623501514738211,0.003933288815461043,0.007234401688542074,0.004166743733611635,2.0
1549,1.0,1.0,1.0,1.0,1.0,1.0,0.7505371931560216,0.999968891034891,0.9999353611746622,0.9999744244747698,0.9899051161759729,0.9919133732904009,2.0
1550,0.0,0.0,0.0,0.0,0.0,0.0,0.05020119857221313,0.032921523771922485,0.007824874922857042,0.003334081031462261,0.01258345107219816,0.0046625077253154845,0.0
1551,1.0,1.0,0.0,0.0,1.0,0.0,0.9356303391047175,0.931484557880568,0.001245576766463141,0.009621959568099733,0.7310188518657981,0.0036889673064684743,2.0
1552,0.0,0.0,0.0,1.0,0.0,0.0,0.004946169675293661,0.04605555784605385,0.015374271963518774,0.0018968385018501832,0.004935327128519237,0.004437133805968555,1.0
1553,0.0,0.0,0.0,0.0,0.0,0.0,0.01792788669636697,0.004305630497645762,0.00889429334466416,0.001805543423371084,0.03182559368813499,0.008205894749626621,0.0
1554,1.0,1.0,1.0,1.0,1.0,1.0,0.9991985142588646,0.9859541710681803,0.9298546738527946,0.9879214082920658,0.9511980830839722,0.5407042361602874,2.0
1555,0.0,0.0,0.0,0.0,0.0,0.0,0.013133025664331478,0.010376070824265516,0.0014464571149441397,0.004285871115081759,0.07223737564020952,0.000941675243151178,0.0
1556,1.0,1.0,1.0,1.0,1.0,1.0,0.9989743259657653,0.9999607187267991,0.87074200090687,0.9946246679123474,0.929993992367485,0.34287589584282674,3.0
1557,0.0,0.0,0.0,0.0,0.0,0.0,0.014102900358361224,0.005519138609590404,0.01683362574721274,0.00502360331744684,0.1311296767798995,0.0049310287499211855,0.0
1558,1.0,1.0,0.0,1.0,1.0,1.0,0.7701453655972988,0.3921591439722173,0.00019272812222603997,0.008985895305505035,0.4574838667141057,0.2834445219691169,0.0
1559,1.0,1.0,0.0,1.0,1.0,1.0,0.4541750314021786,0.34586843261960615,0.0002145759175644728,0.0011623890375131668,0.4515196564169488,0.2815500616426853,3.0
1560,1.0,0.0,0.0,0.0,1.0,0.0,0.9371775952740079,0.8087138339530661,0.07476060740934234,0.012965551019368329,0.5352967096823293,0.09192566529370465,2.0
1561,0.0,1.0,1.0,1.0,1.0,1.0,0.2258640072017948,0.7886977399811833,0.9892596178311814,0.9989810255105342,0.5168995348204989,0.9798390898886199,1.0
1562,1.0,1.0,1.0,1.0,1.0,1.0,0.9243816014511838,0.9995172834986374,0.9995180152552412,0.9996930184015568,0.9996164825282279,0.987183126554517,0.0
1563,1.0,1.0,1.0,1.0,1.0,0.0,0.9999266131817667,0.9998867067745328,0.9710095669875043,0.8887048890363343,0.7268293509137234,0.055909435457726676,0.0
1564,0.0,0.0,0.0,0.0,0.0,0.0,0.013724736570864253,0.015645732338004013,0.007420864837052579,0.009854177345992173,0.016900445800583423,0.005955403306911913,3.0
1565,0.0,0.0,0.0,0.0,0.0,0.0,0.36197197686877697,0.011722241473303105,0.01502311755972486,0.0021366255338911215,0.10162045577492264,0.009526674960285149,1.0
1566,1.0,1.0,0.0,1.0,1.0,0.0,0.998836186096396,0.9999990842257909,0.35059536333713465,0.24263725146268134,0.9273821028200774,0.005750466815106947,4.0
1567,0.0,1.0,1.0,0.0,0.0,1.0,0.21064884541983223,0.09287761130750544,0.9928506908312551,0.5467868618880677,0.0541181422423168,0.8707803673791816,3.0
1568,0.0,0.0,0.0,0.0,0.0,0.0,0.002049908959018604,0.025636293312237896,0.011576850393267894,0.0010953159923004657,0.048196893239645405,0.002197766847327794,3.0
1569,0.0,0.0,0.0,0.0,0.0,0.0,0.01843717476112941,0.06763343649098182,0.020375141621336256,0.0019501096633591018,0.07347653531763872,0.06517189478816629,4.0
1570,1.0,1.0,1.0,1.0,1.0,0.0,0.9968178122825532,0.9999039525924254,0.1115543185214122,0.12250216486733875,0.7523868444998959,0.03992396155629875,3.0
1571,1.0,1.0,1.0,1.0,1.0,1.0,0.8275427626558415,0.9975747980845552,0.9998927457639805,0.9992423394120166,0.9828930652391186,0.9971947745854344,4.0
1572,0.0,0.0,1.0,0.0,0.0,1.0,0.16497375452485497,0.19403986347117277,0.19430976493700727,0.002935790347612252,0.015355697941444799,0.38882365512639816,1.0
1573,0.0,0.0,0.0,0.0,0.0,0.0,0.026434213628461992,0.02469962558004759,0.004840996104224249,0.0032489565307276314,0.004802526310096228,0.015059653806519115,1.0
1574,1.0,1.0,1.0,1.0,1.0,0.0,0.9998323814258377,0.9998055499529831,0.9774641072164688,0.9906358442627752,0.9357801278631901,0.9184587512106466,4.0
1575,1.0,1.0,1.0,1.0,1.0,1.0,0.9978844874360221,0.9997803567843873,0.9938612655469902,0.998270441965769,0.9997844160056498,0.83046864010513,0.0
1576,1.0,1.0,1.0,1.0,1.0,1.0,0.9996762782370002,0.9999932075026331,0.9732502305699877,0.9908995222895476,0.9990984140372833,0.602151290981241,4.0
1577,1.0,1.0,1.0,1.0,1.0,1.0,0.5101928798421086,0.9729949621713819,0.9960906428846242,0.999278453729909,0.9327463116276564,0.9941312908176052,3.0
1578,0.0,0.0,1.0,1.0,0.0,0.0,0.616728151618501,0.9830395061261819,0.8560025453934268,0.7017530708106449,0.4079298842904574,0.3353631428466249,1.0
1579,0.0,0.0,0.0,0.0,0.0,0.0,0.16735076458582474,0.43387668339691376,0.00730819723226295,0.00778405843600901,0.09785342582526131,0.0004804450753577543,4.0
1580,1.0,1.0,1.0,1.0,1.0,0.0,0.9967272719548275,0.9998970815552735,0.9945978634335227,0.9844303725475939,0.919143606945238,0.6317237614328464,1.0
1581,1.0,1.0,0.0,0.0,1.0,0.0,0.8650158153181111,0.8355366034430246,0.00146412750910487,0.18507113165934996,0.8874721702996982,0.0010023947687685588,0.0
1582,1.0,1.0,0.0,0.0,1.0,0.0,0.9985639640109991,0.9996974169885768,0.07966521671796055,0.13609600146329703,0.988145472866018,0.6215534523170777,1.0
1583,1.0,1.0,0.0,0.0,1.0,0.0,0.9970732188227752,0.993879138878661,0.0038030437999405273,0.00897681451192853,0.9708052806075035,0.0017119045953627302,1.0
1584,1.0,1.0,0.0,0.0,1.0,0.0,0.9958773973435976,0.9449856776457765,0.00034950588765713774,0.06439556075641546,0.9606319041944408,0.0176229313233815,4.0
1585,0.0,0.0,0.0,0.0,0.0,0.0,0.0033778931404056752,0.03826698192518497,0.019716888935070197,0.00877131485589365,0.34505471927167464,0.014608395168361625,4.0
1586,0.0,0.0,0.0,0.0,0.0,0.0,0.02489557903163775,0.3867627952668091,0.0372823579799574,0.008896973200422124,0.0011485730643446765,0.22327076246395477,1.0
1587,1.0,1.0,1.0,1.0,1.0,1.0,0.07615047003765302,0.9121574747710777,0.9994108490569359,0.9973425565970667,0.6870360685524127,0.9997385372945565,1.0
1588,0.0,0.0,0.0,0.0,1.0,0.0,0.014520738611118262,0.005110021394590487,0.012885566601173333,0.0028713254235445845,0.030572347535951405,0.009397339010984954,0.0
1589,1.0,1.0,1.0,1.0,1.0,0.0,0.9990339091178534,0.9999790533399778,0.8719137959320626,0.996050317666835,0.8519604155208679,0.93376311393431,3.0
1590,0.0,0.0,0.0,0.0,0.0,0.0,0.0122357829914744,0.022525181233206355,0.04040608263199032,0.006008318833246916,0.028487114421713887,0.028499290403478063,4.0
1591,1.0,1.0,1.0,1.0,1.0,1.0,0.9251712659990797,0.9999157803603167,0.999980804726405,0.9999969018575454,0.9902736969476917,0.9996178596871212,0.0
1592,0.0,0.0,0.0,0.0,0.0,0.0,0.03688689342606517,0.012387790988732285,0.0029388180820472537,0.006592573509739913,0.09431748752883305,0.0024270002227059838,3.0
1593,1.0,1.0,0.0,0.0,1.0,0.0,0.5270573469937246,0.7322134991682097,0.0019969302138006066,0.015619300939277405,0.9936359063101889,0.02086255280445117,0.0
1594,1.0,1.0,0.0,0.0,1.0,0.0,0.990782588215883,0.9869366244586643,0.00019625079942332566,0.22632392305346188,0.835085304160893,0.002429309851515681,3.0
1595,0.0,0.0,0.0,0.0,0.0,0.0,0.01064997359410657,0.01385821804408385,0.01978976669860888,0.02092769402168727,0.009742102117355898,0.013727908925812573,4.0
1596,0.0,0.0,0.0,0.0,0.0,0.0,0.01720894248404635,0.0033005028982212733,0.0028214102952804658,0.0077038410664185646,0.01973593277382949,0.004284471246786854,4.0
1597,0.0,0.0,0.0,0.0,0.0,0.0,0.012685217720955865,0.004560008175969253,0.004313040974476903,0.003690762659672069,0.017663432945834185,0.01000904340973448,0.0
1598,1.0,1.0,0.0,0.0,1.0,0.0,0.958146468635024,0.986014369985976,0.005473616304274555,0.008938189417326022,0.572668253342932,0.0029822764332590864,3.0
1599,0.0,0.0,0.0,0.0,0.0,0.0,0.005919590213720717,0.02694158723086162,0.004405237808041529,0.009523488932896373,0.04034912769291672,0.05500303481539372,3.0
1600,1.0,1.0,0.0,0.0,1.0,0.0,0.9327525994650827,0.9989641751461451,0.0006296752136745391,0.011899415659334245,0.9193540045373901,0.0003300040290381901,0.0
1601,1.0,1.0,0.0,0.0,1.0,0.0,0.9916957150809631,0.8170249997829401,0.0023720238564930367,0.026385490787590886,0.7878052737043885,0.3708001442946686,0.0
1602,0.0,1.0,1.0,1.0,1.0,0.0,0.10834503670876298,0.9271391670732727,0.5947635717492159,0.9122944468862497,0.576510383381938,0.16068099715261205,4.0
1603,1.0,1.0,0.0,0.0,1.0,0.0,0.9573866244178708,0.9999491750977794,0.010915084918691736,0.006148372040257907,0.9939819888857981,0.005729545519459309,0.0
1604,0.0,0.0,0.0,0.0,0.0,0.0,0.006927273148700244,0.010009777978400743,0.0033796811644135416,0.009379859322205433,0.018047036737400737,0.028855776114743673,1.0
1605,0.0,0.0,0.0,0.0,0.0,0.0,0.012276736444786015,0.0033941025997030255,0.007384262411299097,0.000698659022499443,0.028215640764501032,0.010068877122682836,1.0
1606,1.0,1.0,1.0,1.0,1.0,1.0,0.9995791841199424,0.9999675551121666,0.8196988871852561,0.9063743322142221,0.9722583141900274,0.05481040536573615,4.0
1607,1.0,1.0,1.0,1.0,1.0,0.0,0.9975340212727904,0.9999086985468363,0.6541981639016052,0.4471115302859627,0.34419967341547014,0.055078610491343855,0.0
1608,1.0,1.0,0.0,0.0,0.0,0.0,0.9682636732245,0.9986257144396271,0.11214992806886984,0.011134707792958755,0.1704577723236095,0.009293625992072516,2.0
1609,1.0,1.0,1.0,0.0,0.0,0.0,0.9925927032672152,0.9999607860880613,0.9962958892292291,0.9269125374389922,0.7297946814958267,0.5533624642266927,4.0
1610,1.0,1.0,0.0,0.0,1.0,0.0,0.9510873006974266,0.9999991508814952,0.05563488033571488,0.043006157235616356,0.9473988200693195,0.007843050254434152,0.0
1611,0.0,0.0,0.0,0.0,0.0,0.0,0.00686753756282908,0.009694997375006809,0.019868205644133018,0.0033964731417357365,0.013892572893125578,0.008236116249918001,3.0
1612,1.0,1.0,0.0,0.0,0.0,0.0,0.6434886236790978,0.9968897123727385,0.0007716106678535025,0.008433245153387794,0.6029154416712073,0.00022276884703712754,1.0
1613,1.0,1.0,1.0,1.0,1.0,1.0,0.21784202861513816,0.9469245580213724,0.9977533432450505,0.9966686596058819,0.31531992803229464,0.9839433411069992,0.0
1614,1.0,1.0,0.0,1.0,1.0,0.0,0.9991001291416688,0.9998939241875018,0.877344301046626,0.9825932566698277,0.8888949482893862,0.4960729717353372,1.0
1615,0.0,1.0,1.0,1.0,0.0,1.0,0.10297988237590208,0.2743115139278389,0.9551147499659637,0.9175244580102531,0.14898247294489855,0.6897762143770608,0.0
1616,1.0,1.0,0.0,0.0,0.0,0.0,0.12265156611743804,0.11917121679936828,0.031708708539964194,0.007174477181983677,0.03260658079198432,0.2083753700036885,0.0
1617,0.0,0.0,0.0,0.0,0.0,0.0,0.6760528193435299,0.9721583991082449,0.05950826798211721,0.45574394581800065,0.7731995645340777,0.09331498822852723,3.0
1618,1.0,1.0,0.0,0.0,1.0,0.0,0.9755577020363994,0.9884525186207552,0.0002030317757109905,0.008829846354626972,0.6491564947462716,0.00029019460552015563,0.0
1619,1.0,1.0,1.0,1.0,1.0,1.0,0.9988029217481685,0.9999976589876715,0.9993024951457946,0.999610480997269,0.9900032586139951,0.4917076172970792,0.0
1620,1.0,1.0,1.0,1.0,1.0,1.0,0.9997214196864874,0.9999824845084481,0.7107697643439973,0.9924894707827266,0.969406097194134,0.3652719876143809,1.0
1621,1.0,1.0,1.0,1.0,1.0,1.0,0.9941047320586451,0.9999630726242508,0.88935743851009,0.9880558540793934,0.9935452079037255,0.0869072384271457,3.0
1622,1.0,1.0,1.0,1.0,1.0,1.0,0.9980277827273091,0.9999954374425913,0.3333562066543832,0.26594634550944607,0.44944383455967285,0.15706836097466237,4.0
1623,0.0,1.0,1.0,1.0,1.0,1.0,0.9163276150756857,0.9996406471349697,0.9989933619728072,0.9987108102584409,0.7817746679853069,0.9828559686646544,0.0
1624,1.0,1.0,1.0,1.0,1.0,1.0,0.970430156508133,0.9999838732768794,0.9160295544559903,0.9960492327688953,0.9890974390703671,0.6044238870895052,0.0
1625,1.0,1.0,1.0,1.0,1.0,1.0,0.9966658177407909,0.9998960993518757,0.9771843504398492,0.998817855437976,0.9785523941882146,0.6984519667327801,2.0
1626,1.0,1.0,0.0,0.0,1.0,0.0,0.549285231308609,0.9772876322169137,0.05407350396353199,0.003885643138631842,0.04503867576826691,0.03507228095472033,3.0
1627,0.0,0.0,0.0,0.0,0.0,0.0,0.009654409236343671,0.008241153446932159,0.02907598640107328,0.0021608170578189937,0.02902853983128843,0.04197228661248078,4.0
1628,1.0,1.0,1.0,0.0,1.0,0.0,0.9993203921477378,0.9996598708773021,0.9960217214454189,0.8980293923985232,0.908362744235865,0.8296531493854784,3.0
1629,0.0,0.0,0.0,0.0,0.0,0.0,0.06568493353722724,0.2707998253980881,0.0012388910326529205,0.06927754714498197,0.020972727976686065,0.009565297983830875,1.0
1630,0.0,0.0,0.0,0.0,0.0,0.0,0.049215222224269634,0.0641437638995731,0.002820682604813035,0.006822553757812945,0.20647388761792937,0.0014794669249824396,4.0
1631,0.0,0.0,0.0,0.0,1.0,0.0,0.012153485739054785,0.06809961493171782,0.0028697119794229807,0.003065374032650176,0.10518466546609914,0.00250739566668257,4.0
1632,1.0,1.0,1.0,1.0,1.0,1.0,0.999213052425114,0.9999395838863083,0.05016188344402591,0.585501514350328,0.9699091006904627,0.0008027023647146383,1.0
1633,0.0,0.0,0.0,0.0,0.0,0.0,0.05066742050912735,0.014736805026676802,0.014667608102523462,0.0028958887809627095,0.09162842074334099,0.017496629055049256,3.0
1634,1.0,1.0,0.0,0.0,1.0,0.0,0.99820128542652,0.9999919318405002,0.9981216036069225,0.7600244043464763,0.9989035418409465,0.44108725687766326,3.0
1635,1.0,1.0,1.0,1.0,1.0,1.0,0.9998058562913169,0.999970751500967,0.9999539983946514,0.783284666898903,0.40698430361431176,0.988819855352478,3.0
1636,1.0,1.0,0.0,0.0,0.0,0.0,0.9877601365280286,0.9998916345613086,0.7475092981860181,0.9714002124504827,0.6415980659439345,0.028945628268417525,2.0
1637,0.0,0.0,0.0,0.0,1.0,0.0,0.06683806992356488,0.018364778417303062,0.03774453757388363,0.014505600624903582,0.025816433823262246,0.01579625168154236,1.0
1638,1.0,1.0,1.0,1.0,1.0,0.0,0.9944981574572188,0.9953194128958773,0.997774704445439,0.9590755801650688,0.9399083992074065,0.5481262504327891,4.0
1639,0.0,0.0,0.0,0.0,0.0,0.0,0.008382299100324932,0.017140718809774042,0.006099693598785627,0.007004221073594269,0.006919577744413409,0.022275529086507775,0.0
1640,0.0,0.0,0.0,0.0,0.0,0.0,0.015079822964609413,0.018352079585091538,0.0047964288202059155,0.0075308723213914535,0.006708156825339971,0.004123065521215846,2.0
1641,1.0,1.0,0.0,0.0,1.0,0.0,0.9986601204782213,0.9980947069172861,0.0006486805036412295,0.05164675694612429,0.9660636137208751,0.20258519251133528,3.0
1642,0.0,0.0,0.0,0.0,0.0,0.0,0.10762980157173017,0.04337724065728762,0.004995783043818783,0.0010338599823051034,0.04951874607162112,0.12530949174245418,0.0
1643,1.0,1.0,0.0,1.0,1.0,1.0,0.9983644080417219,0.9999971389074283,0.5280255064058131,0.8944081250114653,0.9960589562760784,0.1893051366121224,3.0
1644,1.0,1.0,0.0,0.0,1.0,0.0,0.9809328075745302,0.9987461469744741,0.047964723983341666,0.00702719383611458,0.9146449235169454,0.002581642715928553,4.0
1645,0.0,0.0,0.0,0.0,0.0,0.0,0.024121555938907257,0.019862414913170937,0.09495686532926122,0.012009727193359477,0.014158556457707793,0.0024838506152688594,3.0
1646,1.0,1.0,1.0,1.0,1.0,1.0,0.9987772699894691,0.9999421537978406,0.9752085520813906,0.9904084480417469,0.8211967341736275,0.7052023135086842,2.0
1647,1.0,1.0,0.0,1.0,1.0,0.0,0.9993263474847551,0.9999056669376432,0.45023711465680366,0.8124920030641426,0.8880588979758766,0.17528640821988045,4.0
1648,1.0,1.0,1.0,1.0,1.0,1.0,0.9968647786168119,0.9999427414323545,0.9774335074911774,0.8644190791951243,0.9880284819321684,0.2913857627478905,3.0
1649,1.0,1.0,1.0,1.0,1.0,1.0,0.43943498566227773,0.9664910481491165,0.9955050628221285,0.9942753304610884,0.4104623775941383,0.9379261255389688,2.0
1650,1.0,1.0,1.0,1.0,1.0,1.0,0.7371230551907489,0.9989640870480156,0.9950820826223366,0.9998088492284327,0.8311427140232034,0.9992700263117578,2.0
1651,1.0,1.0,0.0,0.0,0.0,0.0,0.9907715989509168,0.9999967442606613,0.07760713717703499,0.018479562900113166,0.707866331439574,0.01724408854056276,4.0
1652,1.0,1.0,1.0,1.0,1.0,1.0,0.9985702377280214,0.9999137863877726,0.3308826475275339,0.5023582257633129,0.7616311769988271,0.07576028908365202,3.0
1653,1.0,1.0,1.0,1.0,1.0,0.0,0.9978079890419906,0.9999556773911678,0.9645113925678027,0.9713406431508189,0.7106862609162223,0.17935240380085912,0.0
1654,1.0,1.0,0.0,0.0,1.0,0.0,0.9921779355936455,0.9808053747093014,0.0041972870675384905,0.008425334151062525,0.32728450346906607,0.0007889457779400912,0.0
1655,0.0,0.0,0.0,0.0,0.0,0.0,0.010020121972552599,0.007761167286138977,0.016779384346855906,0.005354532004598184,0.0376458689673737,0.01312569142513173,1.0
1656,1.0,1.0,0.0,0.0,1.0,0.0,0.9481940236995402,0.9999549574264792,0.06072134319257925,0.2581491426326372,0.9965613332814051,0.0006687500272153048,1.0
1657,1.0,1.0,0.0,0.0,0.0,0.0,0.9294381015331327,0.9499596259047612,0.00017202380968160832,0.004266660393737995,0.8098865554700998,3.7424262603372566e-05,4.0
1658,0.0,0.0,0.0,0.0,0.0,0.0,0.009288341801874897,0.023093358512614764,0.0010886427705162744,0.008886679587038477,0.03573032072035475,0.0017247859133116452,3.0
1659,1.0,1.0,1.0,1.0,1.0,1.0,0.5470018272995292,0.9665679598687268,0.9998896580872717,0.9933548127791826,0.9954278513326587,0.8591295879492568,1.0
1660,1.0,1.0,1.0,1.0,1.0,1.0,0.9991672885821732,0.9998174225679574,0.9909952178032515,0.9997069125851442,0.997922026824734,0.7624953273262098,1.0
1661,1.0,1.0,1.0,1.0,1.0,1.0,0.9996458431984,0.9998415926769053,0.9999694058262849,0.9704959374884828,0.8315966550091046,0.9389374934097745,0.0
1662,1.0,1.0,1.0,1.0,1.0,0.0,0.9959483300684582,0.9999760342607281,0.16547665306114603,0.44719978326926685,0.7311823938777506,0.23793918858557048,0.0
1663,0.0,0.0,0.0,0.0,0.0,0.0,0.025220295608383347,0.02902342263793517,0.005840017223892057,0.01132905581169413,0.028116413663011926,0.01175494012505686,0.0
1664,0.0,0.0,0.0,0.0,0.0,0.0,0.06792970681900987,0.003262607014653894,0.019937853483902035,0.0015580272945047275,0.006057184705720503,0.004962572708810779,1.0
1665,1.0,1.0,1.0,1.0,1.0,1.0,0.999694937892659,0.9991965016193237,0.8994498123775729,0.9963428473699765,0.9464043435603344,0.41424767579145844,1.0
1666,0.0,0.0,0.0,0.0,0.0,0.0,0.0032145892761642997,0.006779766711379156,0.0014303275547064179,0.008544072209556587,0.025332196520009353,0.005765779220918364,4.0
1667,0.0,0.0,0.0,0.0,0.0,0.0,0.02598518700286237,0.019961941235371837,0.004917708535392274,0.00966574583065485,0.018533951543146143,0.004583458716643124,0.0
1668,1.0,1.0,1.0,1.0,0.0,1.0,0.9966491322664658,0.9988306153670826,0.9953075638231171,0.9986058115151388,0.9299087995725667,0.6551396642708694,0.0
1669,1.0,1.0,0.0,0.0,0.0,0.0,0.987103306722376,0.9915764826657533,0.001652989695300222,0.0388139139787872,0.22974224695860035,0.0071019359903243505,2.0
1670,0.0,0.0,0.0,0.0,0.0,0.0,0.1938121615639007,0.006431897473561825,0.021866273292534755,0.0021687110475820735,0.017326776947056408,0.0008578265533286254,4.0
1671,1.0,1.0,1.0,1.0,1.0,1.0,0.0736332241669211,0.7550531511592379,0.9909164678092872,0.9987560201119727,0.41419768884349845,0.9949519168251085,3.0
1672,1.0,1.0,0.0,1.0,1.0,0.0,0.8795992615874026,0.9999963476288186,0.6565264913163666,0.9222657679655067,0.9963451604854255,0.07174034541057131,4.0
1673,0.0,0.0,0.0,0.0,0.0,0.0,0.008985770915830997,0.07074855816612562,0.021161889373525842,0.0028629888391279628,0.1351079256780632,0.005133995528148113,3.0
