,True_FPV,True_ATV,True_IDV,True_LPV,True_NFV,True_SQV,True_TPV,True_DRV,Pred_Proba_FPV,Pred_Proba_ATV,Pred_Proba_IDV,Pred_Proba_LPV,Pred_Proba_NFV,Pred_Proba_SQV,Pred_Proba_TPV,Pred_Proba_DRV,kFolds
0,0.0,,0.0,,1.0,0.0,,,3.3071924008254427e-06,3.3071924008254427e-06,3.3071924008254427e-06,3.3071924008254427e-06,3.3071924008254427e-06,3.3071924008254427e-06,3.3071924008254427e-06,3.3071924008254427e-06,3.0
1,0.0,,0.0,,1.0,0.0,,,1.5567349691991694e-05,1.5567349691991694e-05,1.5567349691991694e-05,1.5567349691991694e-05,1.5567349691991694e-05,1.5567349691991694e-05,1.5567349691991694e-05,1.5567349691991694e-05,4.0
2,1.0,,0.0,,0.0,0.0,,,0.00012009868078166619,0.00012009868078166619,0.00012009868078166619,0.00012009868078166619,0.00012009868078166619,0.00012009868078166619,0.00012009868078166619,0.00012009868078166619,1.0
3,1.0,,1.0,,1.0,0.0,,,0.001008290215395391,0.001008290215395391,0.001008290215395391,0.001008290215395391,0.001008290215395391,0.001008290215395391,0.001008290215395391,0.001008290215395391,2.0
4,1.0,,1.0,,1.0,1.0,,,0.0027281204238533974,0.0027281204238533974,0.0027281204238533974,0.0027281204238533974,0.0027281204238533974,0.0027281204238533974,0.0027281204238533974,0.0027281204238533974,4.0
5,1.0,,1.0,,1.0,1.0,,,0.08294004946947098,0.08294004946947098,0.08294004946947098,0.08294004946947098,0.08294004946947098,0.08294004946947098,0.08294004946947098,0.08294004946947098,2.0
6,0.0,,1.0,,1.0,1.0,,,5.3270032367436215e-06,5.3270032367436215e-06,5.3270032367436215e-06,5.3270032367436215e-06,5.3270032367436215e-06,5.3270032367436215e-06,5.3270032367436215e-06,5.3270032367436215e-06,2.0
7,0.0,,0.0,,0.0,0.0,,,3.3071924008254427e-06,3.3071924008254427e-06,3.3071924008254427e-06,3.3071924008254427e-06,3.3071924008254427e-06,3.3071924008254427e-06,3.3071924008254427e-06,3.3071924008254427e-06,3.0
8,0.0,,0.0,,1.0,0.0,,,1.9478791273286333e-06,1.9478791273286333e-06,1.9478791273286333e-06,1.9478791273286333e-06,1.9478791273286333e-06,1.9478791273286333e-06,1.9478791273286333e-06,1.9478791273286333e-06,1.0
9,0.0,,0.0,,1.0,0.0,,,5.261990281724138e-06,5.261990281724138e-06,5.261990281724138e-06,5.261990281724138e-06,5.261990281724138e-06,5.261990281724138e-06,5.261990281724138e-06,5.261990281724138e-06,3.0
10,0.0,,1.0,,1.0,0.0,,,3.022379360118066e-06,3.022379360118066e-06,3.022379360118066e-06,3.022379360118066e-06,3.022379360118066e-06,3.022379360118066e-06,3.022379360118066e-06,3.022379360118066e-06,2.0
11,0.0,,0.0,,1.0,0.0,,,3.027788807230536e-06,3.027788807230536e-06,3.027788807230536e-06,3.027788807230536e-06,3.027788807230536e-06,3.027788807230536e-06,3.027788807230536e-06,3.027788807230536e-06,4.0
12,0.0,,0.0,,0.0,0.0,,,3.815326635958627e-06,3.815326635958627e-06,3.815326635958627e-06,3.815326635958627e-06,3.815326635958627e-06,3.815326635958627e-06,3.815326635958627e-06,3.815326635958627e-06,2.0
13,0.0,,0.0,,0.0,0.0,,,1.8926039047073573e-06,1.8926039047073573e-06,1.8926039047073573e-06,1.8926039047073573e-06,1.8926039047073573e-06,1.8926039047073573e-06,1.8926039047073573e-06,1.8926039047073573e-06,1.0
14,0.0,,0.0,,0.0,0.0,,,2.9278212423378136e-06,2.9278212423378136e-06,2.9278212423378136e-06,2.9278212423378136e-06,2.9278212423378136e-06,2.9278212423378136e-06,2.9278212423378136e-06,2.9278212423378136e-06,2.0
15,0.0,0.0,0.0,,0.0,,,,2.9306677333806874e-06,2.9306677333806874e-06,2.9306677333806874e-06,2.9306677333806874e-06,2.9306677333806874e-06,2.9306677333806874e-06,2.9306677333806874e-06,2.9306677333806874e-06,2.0
16,0.0,1.0,0.0,,0.0,,,,2.852643774531316e-06,2.852643774531316e-06,2.852643774531316e-06,2.852643774531316e-06,2.852643774531316e-06,2.852643774531316e-06,2.852643774531316e-06,2.852643774531316e-06,4.0
17,0.0,0.0,0.0,,0.0,,,,1.2402610082062893e-05,1.2402610082062893e-05,1.2402610082062893e-05,1.2402610082062893e-05,1.2402610082062893e-05,1.2402610082062893e-05,1.2402610082062893e-05,1.2402610082062893e-05,2.0
18,0.0,1.0,0.0,,0.0,,,,5.372624855226604e-06,5.372624855226604e-06,5.372624855226604e-06,5.372624855226604e-06,5.372624855226604e-06,5.372624855226604e-06,5.372624855226604e-06,5.372624855226604e-06,0.0
19,0.0,0.0,0.0,,0.0,,,,2.4335058697033674e-06,2.4335058697033674e-06,2.4335058697033674e-06,2.4335058697033674e-06,2.4335058697033674e-06,2.4335058697033674e-06,2.4335058697033674e-06,2.4335058697033674e-06,4.0
20,0.0,0.0,0.0,,0.0,,,,2.1143964659131598e-06,2.1143964659131598e-06,2.1143964659131598e-06,2.1143964659131598e-06,2.1143964659131598e-06,2.1143964659131598e-06,2.1143964659131598e-06,2.1143964659131598e-06,1.0
21,0.0,0.0,0.0,,0.0,,,,1.0498879419174045e-05,1.0498879419174045e-05,1.0498879419174045e-05,1.0498879419174045e-05,1.0498879419174045e-05,1.0498879419174045e-05,1.0498879419174045e-05,1.0498879419174045e-05,4.0
22,0.0,1.0,0.0,,0.0,,,,1.4137533980829176e-05,1.4137533980829176e-05,1.4137533980829176e-05,1.4137533980829176e-05,1.4137533980829176e-05,1.4137533980829176e-05,1.4137533980829176e-05,1.4137533980829176e-05,4.0
23,0.0,0.0,0.0,,0.0,,,,4.489389539230615e-06,4.489389539230615e-06,4.489389539230615e-06,4.489389539230615e-06,4.489389539230615e-06,4.489389539230615e-06,4.489389539230615e-06,4.489389539230615e-06,1.0
24,0.0,1.0,0.0,,0.0,,,,3.200361334165791e-06,3.200361334165791e-06,3.200361334165791e-06,3.200361334165791e-06,3.200361334165791e-06,3.200361334165791e-06,3.200361334165791e-06,3.200361334165791e-06,3.0
25,0.0,0.0,0.0,,0.0,,,,4.9178402150573675e-06,4.9178402150573675e-06,4.9178402150573675e-06,4.9178402150573675e-06,4.9178402150573675e-06,4.9178402150573675e-06,4.9178402150573675e-06,4.9178402150573675e-06,0.0
26,0.0,1.0,0.0,,0.0,,,,1.4028681107447483e-05,1.4028681107447483e-05,1.4028681107447483e-05,1.4028681107447483e-05,1.4028681107447483e-05,1.4028681107447483e-05,1.4028681107447483e-05,1.4028681107447483e-05,2.0
27,0.0,,1.0,0.0,1.0,1.0,,,3.436004817558569e-06,3.436004817558569e-06,3.436004817558569e-06,3.436004817558569e-06,3.436004817558569e-06,3.436004817558569e-06,3.436004817558569e-06,3.436004817558569e-06,3.0
28,1.0,,1.0,0.0,1.0,0.0,,,0.0007968514109961689,0.0007968514109961689,0.0007968514109961689,0.0007968514109961689,0.0007968514109961689,0.0007968514109961689,0.0007968514109961689,0.0007968514109961689,3.0
29,0.0,,0.0,0.0,1.0,0.0,,,2.016608414123766e-05,2.016608414123766e-05,2.016608414123766e-05,2.016608414123766e-05,2.016608414123766e-05,2.016608414123766e-05,2.016608414123766e-05,2.016608414123766e-05,0.0
30,0.0,,0.0,0.0,1.0,0.0,,,1.0657978236849885e-05,1.0657978236849885e-05,1.0657978236849885e-05,1.0657978236849885e-05,1.0657978236849885e-05,1.0657978236849885e-05,1.0657978236849885e-05,1.0657978236849885e-05,1.0
31,1.0,,0.0,0.0,0.0,0.0,,,0.0006307433941401541,0.0006307433941401541,0.0006307433941401541,0.0006307433941401541,0.0006307433941401541,0.0006307433941401541,0.0006307433941401541,0.0006307433941401541,2.0
32,0.0,,0.0,0.0,0.0,0.0,,,2.0655919797718525e-05,2.0655919797718525e-05,2.0655919797718525e-05,2.0655919797718525e-05,2.0655919797718525e-05,2.0655919797718525e-05,2.0655919797718525e-05,2.0655919797718525e-05,1.0
33,0.0,,0.0,0.0,1.0,1.0,,,0.00026509250164963305,0.00026509250164963305,0.00026509250164963305,0.00026509250164963305,0.00026509250164963305,0.00026509250164963305,0.00026509250164963305,0.00026509250164963305,3.0
34,1.0,,1.0,0.0,1.0,1.0,,,0.0042745862156152725,0.0042745862156152725,0.0042745862156152725,0.0042745862156152725,0.0042745862156152725,0.0042745862156152725,0.0042745862156152725,0.0042745862156152725,4.0
35,1.0,,1.0,1.0,1.0,1.0,,,0.00032900020596571267,0.00032900020596571267,0.00032900020596571267,0.00032900020596571267,0.00032900020596571267,0.00032900020596571267,0.00032900020596571267,0.00032900020596571267,4.0
36,1.0,,1.0,1.0,1.0,1.0,,,0.004159880802035332,0.004159880802035332,0.004159880802035332,0.004159880802035332,0.004159880802035332,0.004159880802035332,0.004159880802035332,0.004159880802035332,3.0
37,1.0,,1.0,1.0,1.0,1.0,,,7.415317213599337e-06,7.415317213599337e-06,7.415317213599337e-06,7.415317213599337e-06,7.415317213599337e-06,7.415317213599337e-06,7.415317213599337e-06,7.415317213599337e-06,1.0
38,0.0,,0.0,0.0,0.0,0.0,,,8.711377449799329e-05,8.711377449799329e-05,8.711377449799329e-05,8.711377449799329e-05,8.711377449799329e-05,8.711377449799329e-05,8.711377449799329e-05,8.711377449799329e-05,3.0
39,1.0,,1.0,0.0,1.0,1.0,,,0.0003033320826943964,0.0003033320826943964,0.0003033320826943964,0.0003033320826943964,0.0003033320826943964,0.0003033320826943964,0.0003033320826943964,0.0003033320826943964,1.0
40,1.0,,0.0,1.0,0.0,0.0,,,0.028403688222169876,0.028403688222169876,0.028403688222169876,0.028403688222169876,0.028403688222169876,0.028403688222169876,0.028403688222169876,0.028403688222169876,3.0
41,1.0,,0.0,1.0,1.0,0.0,,,0.10294950008392334,0.10294950008392334,0.10294950008392334,0.10294950008392334,0.10294950008392334,0.10294950008392334,0.10294950008392334,0.10294950008392334,2.0
42,1.0,,0.0,0.0,0.0,0.0,,,0.0013714743545278907,0.0013714743545278907,0.0013714743545278907,0.0013714743545278907,0.0013714743545278907,0.0013714743545278907,0.0013714743545278907,0.0013714743545278907,3.0
43,1.0,,0.0,1.0,1.0,0.0,,,0.05444524064660072,0.05444524064660072,0.05444524064660072,0.05444524064660072,0.05444524064660072,0.05444524064660072,0.05444524064660072,0.05444524064660072,0.0
44,0.0,,0.0,,0.0,0.0,,,1.55136422108626e-06,1.55136422108626e-06,1.55136422108626e-06,1.55136422108626e-06,1.55136422108626e-06,1.55136422108626e-06,1.55136422108626e-06,1.55136422108626e-06,0.0
45,0.0,,0.0,,1.0,0.0,,,1.9478791273286333e-06,1.9478791273286333e-06,1.9478791273286333e-06,1.9478791273286333e-06,1.9478791273286333e-06,1.9478791273286333e-06,1.9478791273286333e-06,1.9478791273286333e-06,1.0
46,0.0,,0.0,,1.0,0.0,,,3.517446657497203e-06,3.517446657497203e-06,3.517446657497203e-06,3.517446657497203e-06,3.517446657497203e-06,3.517446657497203e-06,3.517446657497203e-06,3.517446657497203e-06,4.0
47,0.0,,1.0,,1.0,0.0,,,2.0343302367109573e-06,2.0343302367109573e-06,2.0343302367109573e-06,2.0343302367109573e-06,2.0343302367109573e-06,2.0343302367109573e-06,2.0343302367109573e-06,2.0343302367109573e-06,3.0
48,0.0,,1.0,,1.0,0.0,,,5.178499577596085e-06,5.178499577596085e-06,5.178499577596085e-06,5.178499577596085e-06,5.178499577596085e-06,5.178499577596085e-06,5.178499577596085e-06,5.178499577596085e-06,0.0
49,0.0,,0.0,,0.0,0.0,,,1.9914946278731804e-06,1.9914946278731804e-06,1.9914946278731804e-06,1.9914946278731804e-06,1.9914946278731804e-06,1.9914946278731804e-06,1.9914946278731804e-06,1.9914946278731804e-06,0.0
50,0.0,,0.0,,0.0,0.0,,,2.0940922240697546e-06,2.0940922240697546e-06,2.0940922240697546e-06,2.0940922240697546e-06,2.0940922240697546e-06,2.0940922240697546e-06,2.0940922240697546e-06,2.0940922240697546e-06,4.0
51,0.0,,0.0,,0.0,0.0,,,2.5625379294069717e-06,2.5625379294069717e-06,2.5625379294069717e-06,2.5625379294069717e-06,2.5625379294069717e-06,2.5625379294069717e-06,2.5625379294069717e-06,2.5625379294069717e-06,0.0
52,0.0,0.0,0.0,0.0,0.0,0.0,,,3.3071924008254427e-06,3.3071924008254427e-06,3.3071924008254427e-06,3.3071924008254427e-06,3.3071924008254427e-06,3.3071924008254427e-06,3.3071924008254427e-06,3.3071924008254427e-06,3.0
53,0.0,0.0,0.0,0.0,1.0,0.0,,,1.0845315046026371e-05,1.0845315046026371e-05,1.0845315046026371e-05,1.0845315046026371e-05,1.0845315046026371e-05,1.0845315046026371e-05,1.0845315046026371e-05,1.0845315046026371e-05,1.0
54,,0.0,,0.0,,0.0,,0.0,1.0899304470513016e-05,1.0899304470513016e-05,1.0899304470513016e-05,1.0899304470513016e-05,1.0899304470513016e-05,1.0899304470513016e-05,1.0899304470513016e-05,1.0899304470513016e-05,2.0
55,,0.0,,0.0,,0.0,,0.0,1.2639147826121189e-05,1.2639147826121189e-05,1.2639147826121189e-05,1.2639147826121189e-05,1.2639147826121189e-05,1.2639147826121189e-05,1.2639147826121189e-05,1.2639147826121189e-05,3.0
56,,0.0,,0.0,,0.0,,0.0,1.3848904245605809e-06,1.3848904245605809e-06,1.3848904245605809e-06,1.3848904245605809e-06,1.3848904245605809e-06,1.3848904245605809e-06,1.3848904245605809e-06,1.3848904245605809e-06,0.0
57,,0.0,,0.0,,1.0,,0.0,2.857822892110562e-06,2.857822892110562e-06,2.857822892110562e-06,2.857822892110562e-06,2.857822892110562e-06,2.857822892110562e-06,2.857822892110562e-06,2.857822892110562e-06,3.0
58,,0.0,,0.0,,0.0,,0.0,4.3476717110024765e-05,4.3476717110024765e-05,4.3476717110024765e-05,4.3476717110024765e-05,4.3476717110024765e-05,4.3476717110024765e-05,4.3476717110024765e-05,4.3476717110024765e-05,2.0
59,0.0,0.0,0.0,0.0,0.0,0.0,0.0,0.0,7.651862688362598e-06,7.651862688362598e-06,7.651862688362598e-06,7.651862688362598e-06,7.651862688362598e-06,7.651862688362598e-06,7.651862688362598e-06,7.651862688362598e-06,1.0
60,1.0,1.0,1.0,1.0,1.0,1.0,1.0,0.0,0.0026339415926486254,0.0026339415926486254,0.0026339415926486254,0.0026339415926486254,0.0026339415926486254,0.0026339415926486254,0.0026339415926486254,0.0026339415926486254,3.0
61,0.0,1.0,1.0,0.0,1.0,1.0,,,0.0009870609501376748,0.0009870609501376748,0.0009870609501376748,0.0009870609501376748,0.0009870609501376748,0.0009870609501376748,0.0009870609501376748,0.0009870609501376748,3.0
62,1.0,1.0,1.0,1.0,1.0,1.0,1.0,0.0,0.9646196365356445,0.9646196365356445,0.9646196365356445,0.9646196365356445,0.9646196365356445,0.9646196365356445,0.9646196365356445,0.9646196365356445,3.0
63,1.0,,1.0,,1.0,1.0,,,0.01760551892220974,0.01760551892220974,0.01760551892220974,0.01760551892220974,0.01760551892220974,0.01760551892220974,0.01760551892220974,0.01760551892220974,1.0
64,,,0.0,0.0,1.0,0.0,,,2.093266994052101e-05,2.093266994052101e-05,2.093266994052101e-05,2.093266994052101e-05,2.093266994052101e-05,2.093266994052101e-05,2.093266994052101e-05,2.093266994052101e-05,4.0
65,0.0,0.0,0.0,0.0,0.0,0.0,0.0,0.0,7.58574424253311e-06,7.58574424253311e-06,7.58574424253311e-06,7.58574424253311e-06,7.58574424253311e-06,7.58574424253311e-06,7.58574424253311e-06,7.58574424253311e-06,1.0
66,1.0,1.0,1.0,1.0,1.0,1.0,,,0.04538867995142937,0.04538867995142937,0.04538867995142937,0.04538867995142937,0.04538867995142937,0.04538867995142937,0.04538867995142937,0.04538867995142937,3.0
67,0.0,0.0,0.0,0.0,0.0,0.0,0.0,0.0,3.147531060676556e-06,3.147531060676556e-06,3.147531060676556e-06,3.147531060676556e-06,3.147531060676556e-06,3.147531060676556e-06,3.147531060676556e-06,3.147531060676556e-06,0.0
68,0.0,0.0,0.0,0.0,0.0,0.0,0.0,0.0,1.4882968571328092e-05,1.4882968571328092e-05,1.4882968571328092e-05,1.4882968571328092e-05,1.4882968571328092e-05,1.4882968571328092e-05,1.4882968571328092e-05,1.4882968571328092e-05,3.0
69,0.0,0.0,0.0,0.0,0.0,0.0,0.0,0.0,1.5852659998927265e-05,1.5852659998927265e-05,1.5852659998927265e-05,1.5852659998927265e-05,1.5852659998927265e-05,1.5852659998927265e-05,1.5852659998927265e-05,1.5852659998927265e-05,0.0
70,1.0,1.0,1.0,1.0,1.0,0.0,1.0,0.0,0.4340917766094208,0.4340917766094208,0.4340917766094208,0.4340917766094208,0.4340917766094208,0.4340917766094208,0.4340917766094208,0.4340917766094208,0.0
71,0.0,0.0,0.0,0.0,0.0,0.0,0.0,0.0,1.670698111411184e-05,1.670698111411184e-05,1.670698111411184e-05,1.670698111411184e-05,1.670698111411184e-05,1.670698111411184e-05,1.670698111411184e-05,1.670698111411184e-05,1.0
72,0.0,0.0,0.0,0.0,0.0,0.0,,,4.218413778289687e-06,4.218413778289687e-06,4.218413778289687e-06,4.218413778289687e-06,4.218413778289687e-06,4.218413778289687e-06,4.218413778289687e-06,4.218413778289687e-06,2.0
73,1.0,1.0,1.0,1.0,1.0,1.0,,,7.043075311230496e-05,7.043075311230496e-05,7.043075311230496e-05,7.043075311230496e-05,7.043075311230496e-05,7.043075311230496e-05,7.043075311230496e-05,7.043075311230496e-05,0.0
74,1.0,,1.0,1.0,1.0,,1.0,1.0,0.09743232280015945,0.09743232280015945,0.09743232280015945,0.09743232280015945,0.09743232280015945,0.09743232280015945,0.09743232280015945,0.09743232280015945,3.0
75,1.0,,1.0,0.0,1.0,1.0,,,0.036727968603372574,0.036727968603372574,0.036727968603372574,0.036727968603372574,0.036727968603372574,0.036727968603372574,0.036727968603372574,0.036727968603372574,3.0
76,1.0,1.0,1.0,1.0,1.0,1.0,1.0,0.0,0.1084710955619812,0.1084710955619812,0.1084710955619812,0.1084710955619812,0.1084710955619812,0.1084710955619812,0.1084710955619812,0.1084710955619812,0.0
77,1.0,1.0,1.0,1.0,1.0,1.0,1.0,1.0,0.9891383051872253,0.9891383051872253,0.9891383051872253,0.9891383051872253,0.9891383051872253,0.9891383051872253,0.9891383051872253,0.9891383051872253,3.0
78,1.0,1.0,1.0,1.0,1.0,1.0,1.0,1.0,0.9414019584655762,0.9414019584655762,0.9414019584655762,0.9414019584655762,0.9414019584655762,0.9414019584655762,0.9414019584655762,0.9414019584655762,1.0
79,0.0,0.0,0.0,0.0,0.0,0.0,0.0,0.0,7.788640687067527e-06,7.788640687067527e-06,7.788640687067527e-06,7.788640687067527e-06,7.788640687067527e-06,7.788640687067527e-06,7.788640687067527e-06,7.788640687067527e-06,3.0
80,0.0,,0.0,0.0,0.0,0.0,,,1.0411377843411174e-05,1.0411377843411174e-05,1.0411377843411174e-05,1.0411377843411174e-05,1.0411377843411174e-05,1.0411377843411174e-05,1.0411377843411174e-05,1.0411377843411174e-05,3.0
81,0.0,0.0,0.0,0.0,0.0,0.0,0.0,0.0,0.00013497320469468832,0.00013497320469468832,0.00013497320469468832,0.00013497320469468832,0.00013497320469468832,0.00013497320469468832,0.00013497320469468832,0.00013497320469468832,2.0
82,1.0,1.0,1.0,1.0,1.0,1.0,1.0,1.0,0.5894780158996582,0.5894780158996582,0.5894780158996582,0.5894780158996582,0.5894780158996582,0.5894780158996582,0.5894780158996582,0.5894780158996582,3.0
83,0.0,0.0,0.0,0.0,0.0,0.0,0.0,0.0,8.995833013614174e-06,8.995833013614174e-06,8.995833013614174e-06,8.995833013614174e-06,8.995833013614174e-06,8.995833013614174e-06,8.995833013614174e-06,8.995833013614174e-06,1.0
84,1.0,1.0,1.0,1.0,1.0,1.0,1.0,,0.8855686187744141,0.8855686187744141,0.8855686187744141,0.8855686187744141,0.8855686187744141,0.8855686187744141,0.8855686187744141,0.8855686187744141,0.0
85,0.0,0.0,0.0,0.0,0.0,0.0,0.0,0.0,2.6462792448000982e-05,2.6462792448000982e-05,2.6462792448000982e-05,2.6462792448000982e-05,2.6462792448000982e-05,2.6462792448000982e-05,2.6462792448000982e-05,2.6462792448000982e-05,3.0
86,0.0,1.0,0.0,0.0,1.0,1.0,0.0,0.0,0.0007528964197263122,0.0007528964197263122,0.0007528964197263122,0.0007528964197263122,0.0007528964197263122,0.0007528964197263122,0.0007528964197263122,0.0007528964197263122,2.0
87,1.0,1.0,0.0,0.0,1.0,1.0,0.0,0.0,0.0019276563543826342,0.0019276563543826342,0.0019276563543826342,0.0019276563543826342,0.0019276563543826342,0.0019276563543826342,0.0019276563543826342,0.0019276563543826342,1.0
88,1.0,1.0,1.0,1.0,1.0,1.0,1.0,1.0,0.8974727988243103,0.8974727988243103,0.8974727988243103,0.8974727988243103,0.8974727988243103,0.8974727988243103,0.8974727988243103,0.8974727988243103,2.0
89,1.0,1.0,1.0,0.0,1.0,1.0,1.0,,0.0008275920408777893,0.0008275920408777893,0.0008275920408777893,0.0008275920408777893,0.0008275920408777893,0.0008275920408777893,0.0008275920408777893,0.0008275920408777893,4.0
90,0.0,0.0,0.0,0.0,0.0,0.0,0.0,0.0,5.5077794058888685e-06,5.5077794058888685e-06,5.5077794058888685e-06,5.5077794058888685e-06,5.5077794058888685e-06,5.5077794058888685e-06,5.5077794058888685e-06,5.5077794058888685e-06,3.0
91,,0.0,0.0,0.0,0.0,,0.0,0.0,1.8926039047073573e-06,1.8926039047073573e-06,1.8926039047073573e-06,1.8926039047073573e-06,1.8926039047073573e-06,1.8926039047073573e-06,1.8926039047073573e-06,1.8926039047073573e-06,1.0
92,1.0,1.0,1.0,1.0,1.0,1.0,1.0,0.0,0.8441306352615356,0.8441306352615356,0.8441306352615356,0.8441306352615356,0.8441306352615356,0.8441306352615356,0.8441306352615356,0.8441306352615356,3.0
93,0.0,0.0,0.0,0.0,0.0,0.0,0.0,0.0,9.419388334208634e-06,9.419388334208634e-06,9.419388334208634e-06,9.419388334208634e-06,9.419388334208634e-06,9.419388334208634e-06,9.419388334208634e-06,9.419388334208634e-06,4.0
94,1.0,,1.0,1.0,1.0,1.0,,,0.9688447713851929,0.9688447713851929,0.9688447713851929,0.9688447713851929,0.9688447713851929,0.9688447713851929,0.9688447713851929,0.9688447713851929,3.0
95,0.0,,0.0,,0.0,0.0,,,2.2310441636363976e-06,2.2310441636363976e-06,2.2310441636363976e-06,2.2310441636363976e-06,2.2310441636363976e-06,2.2310441636363976e-06,2.2310441636363976e-06,2.2310441636363976e-06,4.0
96,1.0,1.0,1.0,1.0,1.0,1.0,,,0.017850736156105995,0.017850736156105995,0.017850736156105995,0.017850736156105995,0.017850736156105995,0.017850736156105995,0.017850736156105995,0.017850736156105995,0.0
97,0.0,,0.0,0.0,0.0,0.0,,,2.6332618290325627e-05,2.6332618290325627e-05,2.6332618290325627e-05,2.6332618290325627e-05,2.6332618290325627e-05,2.6332618290325627e-05,2.6332618290325627e-05,2.6332618290325627e-05,3.0
98,0.0,1.0,1.0,1.0,1.0,1.0,0.0,0.0,0.013410326093435287,0.013410326093435287,0.013410326093435287,0.013410326093435287,0.013410326093435287,0.013410326093435287,0.013410326093435287,0.013410326093435287,4.0
99,1.0,1.0,1.0,1.0,1.0,1.0,0.0,0.0,0.00013500011118594557,0.00013500011118594557,0.00013500011118594557,0.00013500011118594557,0.00013500011118594557,0.00013500011118594557,0.00013500011118594557,0.00013500011118594557,1.0
100,0.0,0.0,0.0,0.0,0.0,0.0,,,3.654570491562481e-06,3.654570491562481e-06,3.654570491562481e-06,3.654570491562481e-06,3.654570491562481e-06,3.654570491562481e-06,3.654570491562481e-06,3.654570491562481e-06,0.0
101,0.0,1.0,1.0,0.0,1.0,0.0,1.0,0.0,0.007125981617718935,0.007125981617718935,0.007125981617718935,0.007125981617718935,0.007125981617718935,0.007125981617718935,0.007125981617718935,0.007125981617718935,2.0
102,1.0,1.0,1.0,1.0,1.0,1.0,1.0,1.0,0.9998732805252075,0.9998732805252075,0.9998732805252075,0.9998732805252075,0.9998732805252075,0.9998732805252075,0.9998732805252075,0.9998732805252075,3.0
103,1.0,1.0,1.0,0.0,1.0,0.0,1.0,0.0,0.28602519631385803,0.28602519631385803,0.28602519631385803,0.28602519631385803,0.28602519631385803,0.28602519631385803,0.28602519631385803,0.28602519631385803,4.0
104,0.0,0.0,0.0,0.0,0.0,0.0,0.0,0.0,1.1303804967610631e-05,1.1303804967610631e-05,1.1303804967610631e-05,1.1303804967610631e-05,1.1303804967610631e-05,1.1303804967610631e-05,1.1303804967610631e-05,1.1303804967610631e-05,3.0
105,1.0,1.0,1.0,1.0,1.0,1.0,,,0.9746222496032715,0.9746222496032715,0.9746222496032715,0.9746222496032715,0.9746222496032715,0.9746222496032715,0.9746222496032715,0.9746222496032715,1.0
106,0.0,0.0,0.0,0.0,0.0,0.0,0.0,0.0,2.7474768558022333e-06,2.7474768558022333e-06,2.7474768558022333e-06,2.7474768558022333e-06,2.7474768558022333e-06,2.7474768558022333e-06,2.7474768558022333e-06,2.7474768558022333e-06,3.0
107,1.0,,1.0,1.0,1.0,1.0,,,0.0028487499803304672,0.0028487499803304672,0.0028487499803304672,0.0028487499803304672,0.0028487499803304672,0.0028487499803304672,0.0028487499803304672,0.0028487499803304672,2.0
108,0.0,0.0,0.0,0.0,0.0,0.0,0.0,0.0,1.9028011593036354e-05,1.9028011593036354e-05,1.9028011593036354e-05,1.9028011593036354e-05,1.9028011593036354e-05,1.9028011593036354e-05,1.9028011593036354e-05,1.9028011593036354e-05,3.0
109,0.0,0.0,0.0,0.0,0.0,0.0,0.0,0.0,4.547258413367672e-06,4.547258413367672e-06,4.547258413367672e-06,4.547258413367672e-06,4.547258413367672e-06,4.547258413367672e-06,4.547258413367672e-06,4.547258413367672e-06,0.0
110,0.0,,0.0,,0.0,0.0,,,7.766574526613113e-06,7.766574526613113e-06,7.766574526613113e-06,7.766574526613113e-06,7.766574526613113e-06,7.766574526613113e-06,7.766574526613113e-06,7.766574526613113e-06,3.0
111,0.0,,0.0,0.0,0.0,0.0,,,7.724581337242853e-06,7.724581337242853e-06,7.724581337242853e-06,7.724581337242853e-06,7.724581337242853e-06,7.724581337242853e-06,7.724581337242853e-06,7.724581337242853e-06,0.0
112,0.0,,0.0,0.0,0.0,0.0,,,2.322200771232019e-06,2.322200771232019e-06,2.322200771232019e-06,2.322200771232019e-06,2.322200771232019e-06,2.322200771232019e-06,2.322200771232019e-06,2.322200771232019e-06,2.0
113,,,0.0,,0.0,0.0,,,9.02116789802676e-06,9.02116789802676e-06,9.02116789802676e-06,9.02116789802676e-06,9.02116789802676e-06,9.02116789802676e-06,9.02116789802676e-06,9.02116789802676e-06,2.0
114,1.0,1.0,1.0,1.0,1.0,1.0,,0.0,0.7335967421531677,0.7335967421531677,0.7335967421531677,0.7335967421531677,0.7335967421531677,0.7335967421531677,0.7335967421531677,0.7335967421531677,4.0
115,0.0,0.0,0.0,0.0,0.0,0.0,0.0,0.0,4.322797394706868e-06,4.322797394706868e-06,4.322797394706868e-06,4.322797394706868e-06,4.322797394706868e-06,4.322797394706868e-06,4.322797394706868e-06,4.322797394706868e-06,1.0
116,1.0,1.0,1.0,1.0,1.0,1.0,,,0.1288853883743286,0.1288853883743286,0.1288853883743286,0.1288853883743286,0.1288853883743286,0.1288853883743286,0.1288853883743286,0.1288853883743286,4.0
117,1.0,1.0,1.0,1.0,1.0,1.0,0.0,0.0,0.00016092161240521818,0.00016092161240521818,0.00016092161240521818,0.00016092161240521818,0.00016092161240521818,0.00016092161240521818,0.00016092161240521818,0.00016092161240521818,3.0
118,0.0,1.0,1.0,0.0,1.0,1.0,1.0,0.0,0.020966608077287674,0.020966608077287674,0.020966608077287674,0.020966608077287674,0.020966608077287674,0.020966608077287674,0.020966608077287674,0.020966608077287674,0.0
119,0.0,1.0,1.0,0.0,1.0,1.0,0.0,0.0,0.0005611253436654806,0.0005611253436654806,0.0005611253436654806,0.0005611253436654806,0.0005611253436654806,0.0005611253436654806,0.0005611253436654806,0.0005611253436654806,4.0
120,1.0,1.0,1.0,1.0,1.0,1.0,1.0,1.0,0.9804180860519409,0.9804180860519409,0.9804180860519409,0.9804180860519409,0.9804180860519409,0.9804180860519409,0.9804180860519409,0.9804180860519409,0.0
121,0.0,1.0,1.0,0.0,1.0,0.0,1.0,0.0,0.00017981544078793377,0.00017981544078793377,0.00017981544078793377,0.00017981544078793377,0.00017981544078793377,0.00017981544078793377,0.00017981544078793377,0.00017981544078793377,1.0
122,1.0,,1.0,1.0,1.0,1.0,,,0.02875102497637272,0.02875102497637272,0.02875102497637272,0.02875102497637272,0.02875102497637272,0.02875102497637272,0.02875102497637272,0.02875102497637272,4.0
123,1.0,,1.0,1.0,1.0,1.0,,,0.03472436964511871,0.03472436964511871,0.03472436964511871,0.03472436964511871,0.03472436964511871,0.03472436964511871,0.03472436964511871,0.03472436964511871,1.0
124,1.0,1.0,,1.0,1.0,1.0,1.0,0.0,0.006474921479821205,0.006474921479821205,0.006474921479821205,0.006474921479821205,0.006474921479821205,0.006474921479821205,0.006474921479821205,0.006474921479821205,0.0
125,0.0,0.0,0.0,0.0,0.0,0.0,0.0,0.0,5.092554147267947e-06,5.092554147267947e-06,5.092554147267947e-06,5.092554147267947e-06,5.092554147267947e-06,5.092554147267947e-06,5.092554147267947e-06,5.092554147267947e-06,3.0
126,0.0,0.0,0.0,0.0,0.0,0.0,0.0,0.0,3.3080598313972587e-06,3.3080598313972587e-06,3.3080598313972587e-06,3.3080598313972587e-06,3.3080598313972587e-06,3.3080598313972587e-06,3.3080598313972587e-06,3.3080598313972587e-06,2.0
127,1.0,1.0,1.0,1.0,1.0,1.0,,,0.0009511200478300452,0.0009511200478300452,0.0009511200478300452,0.0009511200478300452,0.0009511200478300452,0.0009511200478300452,0.0009511200478300452,0.0009511200478300452,4.0
128,0.0,0.0,0.0,0.0,0.0,0.0,0.0,0.0,1.1809506759163924e-05,1.1809506759163924e-05,1.1809506759163924e-05,1.1809506759163924e-05,1.1809506759163924e-05,1.1809506759163924e-05,1.1809506759163924e-05,1.1809506759163924e-05,0.0
129,0.0,0.0,0.0,0.0,0.0,0.0,0.0,,4.810731752513675e-06,4.810731752513675e-06,4.810731752513675e-06,4.810731752513675e-06,4.810731752513675e-06,4.810731752513675e-06,4.810731752513675e-06,4.810731752513675e-06,2.0
130,0.0,,0.0,0.0,0.0,0.0,,,0.00022518819605465978,0.00022518819605465978,0.00022518819605465978,0.00022518819605465978,0.00022518819605465978,0.00022518819605465978,0.00022518819605465978,0.00022518819605465978,4.0
131,1.0,1.0,1.0,0.0,1.0,1.0,0.0,0.0,0.0015701326774433255,0.0015701326774433255,0.0015701326774433255,0.0015701326774433255,0.0015701326774433255,0.0015701326774433255,0.0015701326774433255,0.0015701326774433255,2.0
132,0.0,,0.0,0.0,0.0,0.0,,,0.00020735335419885814,0.00020735335419885814,0.00020735335419885814,0.00020735335419885814,0.00020735335419885814,0.00020735335419885814,0.00020735335419885814,0.00020735335419885814,3.0
133,1.0,1.0,1.0,1.0,1.0,1.0,1.0,1.0,0.9949786067008972,0.9949786067008972,0.9949786067008972,0.9949786067008972,0.9949786067008972,0.9949786067008972,0.9949786067008972,0.9949786067008972,3.0
134,1.0,,1.0,1.0,1.0,1.0,,,0.0012341487454250455,0.0012341487454250455,0.0012341487454250455,0.0012341487454250455,0.0012341487454250455,0.0012341487454250455,0.0012341487454250455,0.0012341487454250455,0.0
135,,,1.0,,,,1.0,1.0,0.9996674060821533,0.9996674060821533,0.9996674060821533,0.9996674060821533,0.9996674060821533,0.9996674060821533,0.9996674060821533,0.9996674060821533,0.0
136,0.0,0.0,0.0,0.0,0.0,0.0,0.0,0.0,8.223961231124122e-06,8.223961231124122e-06,8.223961231124122e-06,8.223961231124122e-06,8.223961231124122e-06,8.223961231124122e-06,8.223961231124122e-06,8.223961231124122e-06,2.0
137,0.0,0.0,0.0,0.0,0.0,0.0,0.0,0.0,6.908010163897416e-06,6.908010163897416e-06,6.908010163897416e-06,6.908010163897416e-06,6.908010163897416e-06,6.908010163897416e-06,6.908010163897416e-06,6.908010163897416e-06,3.0
138,1.0,1.0,1.0,1.0,1.0,1.0,1.0,0.0,0.7524149417877197,0.7524149417877197,0.7524149417877197,0.7524149417877197,0.7524149417877197,0.7524149417877197,0.7524149417877197,0.7524149417877197,2.0
139,1.0,1.0,1.0,1.0,1.0,1.0,0.0,0.0,0.018667930737137794,0.018667930737137794,0.018667930737137794,0.018667930737137794,0.018667930737137794,0.018667930737137794,0.018667930737137794,0.018667930737137794,2.0
140,1.0,1.0,1.0,1.0,1.0,1.0,1.0,1.0,0.9311981201171875,0.9311981201171875,0.9311981201171875,0.9311981201171875,0.9311981201171875,0.9311981201171875,0.9311981201171875,0.9311981201171875,2.0
141,1.0,1.0,0.0,0.0,1.0,1.0,0.0,0.0,0.09755084663629532,0.09755084663629532,0.09755084663629532,0.09755084663629532,0.09755084663629532,0.09755084663629532,0.09755084663629532,0.09755084663629532,1.0
142,0.0,0.0,0.0,0.0,0.0,0.0,0.0,0.0,6.7183468672737945e-06,6.7183468672737945e-06,6.7183468672737945e-06,6.7183468672737945e-06,6.7183468672737945e-06,6.7183468672737945e-06,6.7183468672737945e-06,6.7183468672737945e-06,2.0
143,1.0,1.0,1.0,1.0,1.0,1.0,0.0,,0.0004773052642121911,0.0004773052642121911,0.0004773052642121911,0.0004773052642121911,0.0004773052642121911,0.0004773052642121911,0.0004773052642121911,0.0004773052642121911,3.0
144,0.0,0.0,0.0,0.0,0.0,0.0,0.0,0.0,9.556488657835871e-05,9.556488657835871e-05,9.556488657835871e-05,9.556488657835871e-05,9.556488657835871e-05,9.556488657835871e-05,9.556488657835871e-05,9.556488657835871e-05,3.0
145,1.0,1.0,1.0,1.0,1.0,1.0,1.0,1.0,0.9930136799812317,0.9930136799812317,0.9930136799812317,0.9930136799812317,0.9930136799812317,0.9930136799812317,0.9930136799812317,0.9930136799812317,3.0
146,1.0,,1.0,1.0,1.0,,,,0.09398818761110306,0.09398818761110306,0.09398818761110306,0.09398818761110306,0.09398818761110306,0.09398818761110306,0.09398818761110306,0.09398818761110306,4.0
147,0.0,1.0,0.0,0.0,0.0,0.0,1.0,0.0,0.001318311202339828,0.001318311202339828,0.001318311202339828,0.001318311202339828,0.001318311202339828,0.001318311202339828,0.001318311202339828,0.001318311202339828,2.0
148,,,0.0,0.0,0.0,0.0,,,8.356512807949912e-06,8.356512807949912e-06,8.356512807949912e-06,8.356512807949912e-06,8.356512807949912e-06,8.356512807949912e-06,8.356512807949912e-06,8.356512807949912e-06,2.0
149,0.0,0.0,,0.0,0.0,0.0,,,8.640326996101066e-05,8.640326996101066e-05,8.640326996101066e-05,8.640326996101066e-05,8.640326996101066e-05,8.640326996101066e-05,8.640326996101066e-05,8.640326996101066e-05,0.0
150,1.0,1.0,,1.0,1.0,1.0,,,0.984708309173584,0.984708309173584,0.984708309173584,0.984708309173584,0.984708309173584,0.984708309173584,0.984708309173584,0.984708309173584,2.0
151,1.0,1.0,,0.0,1.0,1.0,,,0.9846523404121399,0.9846523404121399,0.9846523404121399,0.9846523404121399,0.9846523404121399,0.9846523404121399,0.9846523404121399,0.9846523404121399,2.0
152,1.0,1.0,1.0,1.0,1.0,1.0,1.0,0.0,0.7995451092720032,0.7995451092720032,0.7995451092720032,0.7995451092720032,0.7995451092720032,0.7995451092720032,0.7995451092720032,0.7995451092720032,1.0
153,1.0,,1.0,,1.0,1.0,,,0.002900933614000678,0.002900933614000678,0.002900933614000678,0.002900933614000678,0.002900933614000678,0.002900933614000678,0.002900933614000678,0.002900933614000678,4.0
154,0.0,,0.0,0.0,0.0,0.0,,,2.7265479729976505e-05,2.7265479729976505e-05,2.7265479729976505e-05,2.7265479729976505e-05,2.7265479729976505e-05,2.7265479729976505e-05,2.7265479729976505e-05,2.7265479729976505e-05,4.0
155,,,1.0,1.0,1.0,1.0,,,9.828020847635344e-05,9.828020847635344e-05,9.828020847635344e-05,9.828020847635344e-05,9.828020847635344e-05,9.828020847635344e-05,9.828020847635344e-05,9.828020847635344e-05,2.0
156,0.0,0.0,0.0,0.0,1.0,0.0,0.0,0.0,1.4048147022549529e-05,1.4048147022549529e-05,1.4048147022549529e-05,1.4048147022549529e-05,1.4048147022549529e-05,1.4048147022549529e-05,1.4048147022549529e-05,1.4048147022549529e-05,2.0
157,,,,,,,0.0,0.0,5.367866106098518e-05,5.367866106098518e-05,5.367866106098518e-05,5.367866106098518e-05,5.367866106098518e-05,5.367866106098518e-05,5.367866106098518e-05,5.367866106098518e-05,0.0
158,0.0,0.0,0.0,0.0,0.0,0.0,0.0,0.0,6.639367256866535e-06,6.639367256866535e-06,6.639367256866535e-06,6.639367256866535e-06,6.639367256866535e-06,6.639367256866535e-06,6.639367256866535e-06,6.639367256866535e-06,2.0
159,0.0,0.0,0.0,0.0,0.0,0.0,0.0,0.0,3.725303031387739e-06,3.725303031387739e-06,3.725303031387739e-06,3.725303031387739e-06,3.725303031387739e-06,3.725303031387739e-06,3.725303031387739e-06,3.725303031387739e-06,4.0
160,0.0,,0.0,,0.0,0.0,,,1.712709149614966e-06,1.712709149614966e-06,1.712709149614966e-06,1.712709149614966e-06,1.712709149614966e-06,1.712709149614966e-06,1.712709149614966e-06,1.712709149614966e-06,4.0
161,,1.0,,0.0,,,,,0.0002637334691826254,0.0002637334691826254,0.0002637334691826254,0.0002637334691826254,0.0002637334691826254,0.0002637334691826254,0.0002637334691826254,0.0002637334691826254,4.0
162,0.0,,0.0,0.0,0.0,0.0,,,7.361583357123891e-06,7.361583357123891e-06,7.361583357123891e-06,7.361583357123891e-06,7.361583357123891e-06,7.361583357123891e-06,7.361583357123891e-06,7.361583357123891e-06,1.0
163,1.0,1.0,1.0,1.0,1.0,1.0,1.0,1.0,0.625393271446228,0.625393271446228,0.625393271446228,0.625393271446228,0.625393271446228,0.625393271446228,0.625393271446228,0.625393271446228,1.0
164,1.0,1.0,1.0,1.0,1.0,1.0,0.0,,0.010678468272089958,0.010678468272089958,0.010678468272089958,0.010678468272089958,0.010678468272089958,0.010678468272089958,0.010678468272089958,0.010678468272089958,2.0
165,1.0,1.0,1.0,1.0,1.0,1.0,0.0,1.0,0.9994447827339172,0.9994447827339172,0.9994447827339172,0.9994447827339172,0.9994447827339172,0.9994447827339172,0.9994447827339172,0.9994447827339172,3.0
166,1.0,1.0,1.0,1.0,1.0,1.0,1.0,1.0,0.9988816380500793,0.9988816380500793,0.9988816380500793,0.9988816380500793,0.9988816380500793,0.9988816380500793,0.9988816380500793,0.9988816380500793,3.0
167,1.0,1.0,1.0,1.0,1.0,1.0,0.0,1.0,0.9922102689743042,0.9922102689743042,0.9922102689743042,0.9922102689743042,0.9922102689743042,0.9922102689743042,0.9922102689743042,0.9922102689743042,2.0
168,1.0,1.0,1.0,1.0,1.0,1.0,1.0,0.0,0.5518802404403687,0.5518802404403687,0.5518802404403687,0.5518802404403687,0.5518802404403687,0.5518802404403687,0.5518802404403687,0.5518802404403687,0.0
169,0.0,0.0,0.0,0.0,0.0,0.0,,,0.00027842912822961807,0.00027842912822961807,0.00027842912822961807,0.00027842912822961807,0.00027842912822961807,0.00027842912822961807,0.00027842912822961807,0.00027842912822961807,3.0
170,0.0,,0.0,0.0,0.0,0.0,,,0.0003810615453403443,0.0003810615453403443,0.0003810615453403443,0.0003810615453403443,0.0003810615453403443,0.0003810615453403443,0.0003810615453403443,0.0003810615453403443,2.0
171,0.0,0.0,0.0,,0.0,0.0,,,3.22729283652734e-05,3.22729283652734e-05,3.22729283652734e-05,3.22729283652734e-05,3.22729283652734e-05,3.22729283652734e-05,3.22729283652734e-05,3.22729283652734e-05,2.0
172,1.0,1.0,1.0,1.0,1.0,,1.0,,0.7107765078544617,0.7107765078544617,0.7107765078544617,0.7107765078544617,0.7107765078544617,0.7107765078544617,0.7107765078544617,0.7107765078544617,3.0
173,1.0,,1.0,,1.0,1.0,,,0.4824061691761017,0.4824061691761017,0.4824061691761017,0.4824061691761017,0.4824061691761017,0.4824061691761017,0.4824061691761017,0.4824061691761017,0.0
174,1.0,1.0,1.0,1.0,1.0,1.0,,,0.8685182929039001,0.8685182929039001,0.8685182929039001,0.8685182929039001,0.8685182929039001,0.8685182929039001,0.8685182929039001,0.8685182929039001,0.0
175,0.0,0.0,1.0,0.0,1.0,0.0,0.0,0.0,3.301102333352901e-05,3.301102333352901e-05,3.301102333352901e-05,3.301102333352901e-05,3.301102333352901e-05,3.301102333352901e-05,3.301102333352901e-05,3.301102333352901e-05,1.0
176,,,,,,,0.0,0.0,0.06504835188388824,0.06504835188388824,0.06504835188388824,0.06504835188388824,0.06504835188388824,0.06504835188388824,0.06504835188388824,0.06504835188388824,3.0
177,1.0,,1.0,1.0,1.0,1.0,1.0,1.0,0.4406028091907501,0.4406028091907501,0.4406028091907501,0.4406028091907501,0.4406028091907501,0.4406028091907501,0.4406028091907501,0.4406028091907501,0.0
178,1.0,1.0,1.0,1.0,1.0,1.0,1.0,,0.0024211592972278595,0.0024211592972278595,0.0024211592972278595,0.0024211592972278595,0.0024211592972278595,0.0024211592972278595,0.0024211592972278595,0.0024211592972278595,0.0
179,1.0,1.0,1.0,1.0,1.0,0.0,0.0,0.0,0.23580589890480042,0.23580589890480042,0.23580589890480042,0.23580589890480042,0.23580589890480042,0.23580589890480042,0.23580589890480042,0.23580589890480042,0.0
180,1.0,,1.0,1.0,1.0,,,,0.0045010605826973915,0.0045010605826973915,0.0045010605826973915,0.0045010605826973915,0.0045010605826973915,0.0045010605826973915,0.0045010605826973915,0.0045010605826973915,4.0
181,0.0,0.0,0.0,0.0,0.0,0.0,,,1.848148531280458e-05,1.848148531280458e-05,1.848148531280458e-05,1.848148531280458e-05,1.848148531280458e-05,1.848148531280458e-05,1.848148531280458e-05,1.848148531280458e-05,2.0
182,0.0,,0.0,0.0,0.0,0.0,,,0.001493465038947761,0.001493465038947761,0.001493465038947761,0.001493465038947761,0.001493465038947761,0.001493465038947761,0.001493465038947761,0.001493465038947761,2.0
183,0.0,0.0,0.0,0.0,0.0,0.0,0.0,0.0,2.6653047825675458e-05,2.6653047825675458e-05,2.6653047825675458e-05,2.6653047825675458e-05,2.6653047825675458e-05,2.6653047825675458e-05,2.6653047825675458e-05,2.6653047825675458e-05,3.0
184,1.0,,1.0,,1.0,1.0,,,7.210511830635369e-05,7.210511830635369e-05,7.210511830635369e-05,7.210511830635369e-05,7.210511830635369e-05,7.210511830635369e-05,7.210511830635369e-05,7.210511830635369e-05,0.0
185,0.0,,0.0,,0.0,0.0,,,1.605589932296425e-05,1.605589932296425e-05,1.605589932296425e-05,1.605589932296425e-05,1.605589932296425e-05,1.605589932296425e-05,1.605589932296425e-05,1.605589932296425e-05,1.0
186,0.0,,0.0,,0.0,0.0,,,3.3042667837435147e-06,3.3042667837435147e-06,3.3042667837435147e-06,3.3042667837435147e-06,3.3042667837435147e-06,3.3042667837435147e-06,3.3042667837435147e-06,3.3042667837435147e-06,4.0
187,0.0,0.0,0.0,0.0,0.0,0.0,0.0,0.0,0.00046172490692697465,0.00046172490692697465,0.00046172490692697465,0.00046172490692697465,0.00046172490692697465,0.00046172490692697465,0.00046172490692697465,0.00046172490692697465,2.0
188,1.0,1.0,0.0,,1.0,1.0,,,0.00014158013800624758,0.00014158013800624758,0.00014158013800624758,0.00014158013800624758,0.00014158013800624758,0.00014158013800624758,0.00014158013800624758,0.00014158013800624758,0.0
189,0.0,,0.0,,0.0,0.0,,,4.6211580411181785e-06,4.6211580411181785e-06,4.6211580411181785e-06,4.6211580411181785e-06,4.6211580411181785e-06,4.6211580411181785e-06,4.6211580411181785e-06,4.6211580411181785e-06,4.0
190,1.0,0.0,0.0,0.0,0.0,0.0,1.0,0.0,0.0007312548696063459,0.0007312548696063459,0.0007312548696063459,0.0007312548696063459,0.0007312548696063459,0.0007312548696063459,0.0007312548696063459,0.0007312548696063459,4.0
191,1.0,0.0,1.0,1.0,1.0,0.0,0.0,1.0,0.05590376257896423,0.05590376257896423,0.05590376257896423,0.05590376257896423,0.05590376257896423,0.05590376257896423,0.05590376257896423,0.05590376257896423,3.0
192,0.0,0.0,0.0,0.0,0.0,0.0,0.0,0.0,7.605599421367515e-06,7.605599421367515e-06,7.605599421367515e-06,7.605599421367515e-06,7.605599421367515e-06,7.605599421367515e-06,7.605599421367515e-06,7.605599421367515e-06,0.0
193,0.0,0.0,0.0,0.0,0.0,0.0,0.0,0.0,2.0162586224614643e-05,2.0162586224614643e-05,2.0162586224614643e-05,2.0162586224614643e-05,2.0162586224614643e-05,2.0162586224614643e-05,2.0162586224614643e-05,2.0162586224614643e-05,2.0
194,1.0,1.0,0.0,0.0,1.0,0.0,0.0,0.0,0.00975093711167574,0.00975093711167574,0.00975093711167574,0.00975093711167574,0.00975093711167574,0.00975093711167574,0.00975093711167574,0.00975093711167574,1.0
195,0.0,1.0,1.0,0.0,1.0,1.0,0.0,,5.253947165329009e-05,5.253947165329009e-05,5.253947165329009e-05,5.253947165329009e-05,5.253947165329009e-05,5.253947165329009e-05,5.253947165329009e-05,5.253947165329009e-05,2.0
196,1.0,1.0,1.0,1.0,1.0,,1.0,,0.3556373119354248,0.3556373119354248,0.3556373119354248,0.3556373119354248,0.3556373119354248,0.3556373119354248,0.3556373119354248,0.3556373119354248,0.0
197,0.0,0.0,0.0,0.0,0.0,0.0,,,1.1787217772507574e-05,1.1787217772507574e-05,1.1787217772507574e-05,1.1787217772507574e-05,1.1787217772507574e-05,1.1787217772507574e-05,1.1787217772507574e-05,1.1787217772507574e-05,4.0
198,0.0,0.0,0.0,0.0,1.0,1.0,,,1.9698007236002013e-05,1.9698007236002013e-05,1.9698007236002013e-05,1.9698007236002013e-05,1.9698007236002013e-05,1.9698007236002013e-05,1.9698007236002013e-05,1.9698007236002013e-05,1.0
199,0.0,,0.0,,0.0,0.0,,,9.704329386295285e-06,9.704329386295285e-06,9.704329386295285e-06,9.704329386295285e-06,9.704329386295285e-06,9.704329386295285e-06,9.704329386295285e-06,9.704329386295285e-06,0.0
200,0.0,0.0,0.0,,0.0,0.0,,,1.3297102668730076e-05,1.3297102668730076e-05,1.3297102668730076e-05,1.3297102668730076e-05,1.3297102668730076e-05,1.3297102668730076e-05,1.3297102668730076e-05,1.3297102668730076e-05,4.0
201,0.0,1.0,0.0,,0.0,0.0,,,1.196587436425034e-05,1.196587436425034e-05,1.196587436425034e-05,1.196587436425034e-05,1.196587436425034e-05,1.196587436425034e-05,1.196587436425034e-05,1.196587436425034e-05,4.0
202,,,0.0,0.0,0.0,0.0,,,1.322271054959856e-05,1.322271054959856e-05,1.322271054959856e-05,1.322271054959856e-05,1.322271054959856e-05,1.322271054959856e-05,1.322271054959856e-05,1.322271054959856e-05,4.0
203,1.0,1.0,1.0,1.0,1.0,1.0,1.0,,0.0010981257073581219,0.0010981257073581219,0.0010981257073581219,0.0010981257073581219,0.0010981257073581219,0.0010981257073581219,0.0010981257073581219,0.0010981257073581219,0.0
204,1.0,1.0,1.0,1.0,1.0,1.0,0.0,0.0,0.8254865407943726,0.8254865407943726,0.8254865407943726,0.8254865407943726,0.8254865407943726,0.8254865407943726,0.8254865407943726,0.8254865407943726,3.0
205,,0.0,,0.0,,,,,3.324823046568781e-05,3.324823046568781e-05,3.324823046568781e-05,3.324823046568781e-05,3.324823046568781e-05,3.324823046568781e-05,3.324823046568781e-05,3.324823046568781e-05,1.0
206,0.0,,0.0,0.0,0.0,0.0,,,5.603348836302757e-05,5.603348836302757e-05,5.603348836302757e-05,5.603348836302757e-05,5.603348836302757e-05,5.603348836302757e-05,5.603348836302757e-05,5.603348836302757e-05,4.0
207,1.0,1.0,1.0,1.0,1.0,1.0,1.0,,0.0419769249856472,0.0419769249856472,0.0419769249856472,0.0419769249856472,0.0419769249856472,0.0419769249856472,0.0419769249856472,0.0419769249856472,1.0
208,1.0,,1.0,,1.0,1.0,,,0.006521439645439386,0.006521439645439386,0.006521439645439386,0.006521439645439386,0.006521439645439386,0.006521439645439386,0.006521439645439386,0.006521439645439386,0.0
209,1.0,1.0,1.0,0.0,1.0,1.0,,,0.0003881867160089314,0.0003881867160089314,0.0003881867160089314,0.0003881867160089314,0.0003881867160089314,0.0003881867160089314,0.0003881867160089314,0.0003881867160089314,1.0
210,1.0,0.0,1.0,1.0,1.0,0.0,0.0,0.0,0.029672371223568916,0.029672371223568916,0.029672371223568916,0.029672371223568916,0.029672371223568916,0.029672371223568916,0.029672371223568916,0.029672371223568916,0.0
211,1.0,1.0,1.0,1.0,1.0,1.0,0.0,1.0,0.9766919612884521,0.9766919612884521,0.9766919612884521,0.9766919612884521,0.9766919612884521,0.9766919612884521,0.9766919612884521,0.9766919612884521,0.0
212,0.0,,0.0,,0.0,0.0,,,5.298723408486694e-05,5.298723408486694e-05,5.298723408486694e-05,5.298723408486694e-05,5.298723408486694e-05,5.298723408486694e-05,5.298723408486694e-05,5.298723408486694e-05,0.0
213,0.0,,1.0,,1.0,0.0,,,2.6835328753804788e-05,2.6835328753804788e-05,2.6835328753804788e-05,2.6835328753804788e-05,2.6835328753804788e-05,2.6835328753804788e-05,2.6835328753804788e-05,2.6835328753804788e-05,3.0
214,0.0,0.0,0.0,0.0,0.0,0.0,0.0,0.0,7.473197183571756e-05,7.473197183571756e-05,7.473197183571756e-05,7.473197183571756e-05,7.473197183571756e-05,7.473197183571756e-05,7.473197183571756e-05,7.473197183571756e-05,2.0
215,,,1.0,,1.0,1.0,,,0.00011032443580916151,0.00011032443580916151,0.00011032443580916151,0.00011032443580916151,0.00011032443580916151,0.00011032443580916151,0.00011032443580916151,0.00011032443580916151,2.0
216,1.0,1.0,1.0,0.0,1.0,1.0,0.0,0.0,0.0599517896771431,0.0599517896771431,0.0599517896771431,0.0599517896771431,0.0599517896771431,0.0599517896771431,0.0599517896771431,0.0599517896771431,3.0
217,0.0,0.0,0.0,0.0,0.0,0.0,0.0,0.0,5.236185825197026e-05,5.236185825197026e-05,5.236185825197026e-05,5.236185825197026e-05,5.236185825197026e-05,5.236185825197026e-05,5.236185825197026e-05,5.236185825197026e-05,4.0
218,1.0,1.0,1.0,1.0,1.0,,1.0,,0.1113186925649643,0.1113186925649643,0.1113186925649643,0.1113186925649643,0.1113186925649643,0.1113186925649643,0.1113186925649643,0.1113186925649643,0.0
219,0.0,,0.0,0.0,0.0,0.0,,,4.067467671120539e-05,4.067467671120539e-05,4.067467671120539e-05,4.067467671120539e-05,4.067467671120539e-05,4.067467671120539e-05,4.067467671120539e-05,4.067467671120539e-05,0.0
220,0.0,1.0,1.0,1.0,1.0,1.0,,,5.132661681273021e-05,5.132661681273021e-05,5.132661681273021e-05,5.132661681273021e-05,5.132661681273021e-05,5.132661681273021e-05,5.132661681273021e-05,5.132661681273021e-05,0.0
221,1.0,0.0,0.0,0.0,0.0,0.0,0.0,0.0,4.376261495053768e-05,4.376261495053768e-05,4.376261495053768e-05,4.376261495053768e-05,4.376261495053768e-05,4.376261495053768e-05,4.376261495053768e-05,4.376261495053768e-05,1.0
222,1.0,,1.0,0.0,1.0,1.0,,,0.00019496942695695907,0.00019496942695695907,0.00019496942695695907,0.00019496942695695907,0.00019496942695695907,0.00019496942695695907,0.00019496942695695907,0.00019496942695695907,2.0
223,0.0,1.0,1.0,1.0,1.0,1.0,1.0,0.0,0.01812819205224514,0.01812819205224514,0.01812819205224514,0.01812819205224514,0.01812819205224514,0.01812819205224514,0.01812819205224514,0.01812819205224514,3.0
224,1.0,1.0,1.0,0.0,1.0,0.0,,,0.048057787120342255,0.048057787120342255,0.048057787120342255,0.048057787120342255,0.048057787120342255,0.048057787120342255,0.048057787120342255,0.048057787120342255,2.0
225,0.0,0.0,0.0,0.0,0.0,0.0,0.0,0.0,9.433145896764472e-05,9.433145896764472e-05,9.433145896764472e-05,9.433145896764472e-05,9.433145896764472e-05,9.433145896764472e-05,9.433145896764472e-05,9.433145896764472e-05,4.0
226,0.0,,0.0,0.0,1.0,1.0,,,1.9221080947318114e-05,1.9221080947318114e-05,1.9221080947318114e-05,1.9221080947318114e-05,1.9221080947318114e-05,1.9221080947318114e-05,1.9221080947318114e-05,1.9221080947318114e-05,1.0
227,1.0,1.0,1.0,1.0,1.0,1.0,1.0,,0.9975848197937012,0.9975848197937012,0.9975848197937012,0.9975848197937012,0.9975848197937012,0.9975848197937012,0.9975848197937012,0.9975848197937012,3.0
228,1.0,,1.0,1.0,1.0,1.0,,,0.0006150250555947423,0.0006150250555947423,0.0006150250555947423,0.0006150250555947423,0.0006150250555947423,0.0006150250555947423,0.0006150250555947423,0.0006150250555947423,2.0
229,1.0,1.0,1.0,1.0,1.0,1.0,1.0,0.0,0.020791715011000633,0.020791715011000633,0.020791715011000633,0.020791715011000633,0.020791715011000633,0.020791715011000633,0.020791715011000633,0.020791715011000633,0.0
230,0.0,0.0,0.0,0.0,0.0,0.0,0.0,0.0,9.261910599889234e-05,9.261910599889234e-05,9.261910599889234e-05,9.261910599889234e-05,9.261910599889234e-05,9.261910599889234e-05,9.261910599889234e-05,9.261910599889234e-05,1.0
231,0.0,,0.0,0.0,0.0,0.0,,,3.4598672300489852e-06,3.4598672300489852e-06,3.4598672300489852e-06,3.4598672300489852e-06,3.4598672300489852e-06,3.4598672300489852e-06,3.4598672300489852e-06,3.4598672300489852e-06,0.0
232,0.0,0.0,1.0,0.0,0.0,0.0,0.0,0.0,2.285119262523949e-05,2.285119262523949e-05,2.285119262523949e-05,2.285119262523949e-05,2.285119262523949e-05,2.285119262523949e-05,2.285119262523949e-05,2.285119262523949e-05,3.0
233,0.0,0.0,0.0,0.0,0.0,0.0,0.0,0.0,2.1597070372081362e-05,2.1597070372081362e-05,2.1597070372081362e-05,2.1597070372081362e-05,2.1597070372081362e-05,2.1597070372081362e-05,2.1597070372081362e-05,2.1597070372081362e-05,0.0
234,1.0,1.0,1.0,0.0,1.0,1.0,0.0,1.0,0.00642510037869215,0.00642510037869215,0.00642510037869215,0.00642510037869215,0.00642510037869215,0.00642510037869215,0.00642510037869215,0.00642510037869215,3.0
235,1.0,,1.0,1.0,1.0,1.0,,,0.7425798177719116,0.7425798177719116,0.7425798177719116,0.7425798177719116,0.7425798177719116,0.7425798177719116,0.7425798177719116,0.7425798177719116,3.0
236,1.0,1.0,1.0,1.0,1.0,1.0,,,0.612710177898407,0.612710177898407,0.612710177898407,0.612710177898407,0.612710177898407,0.612710177898407,0.612710177898407,0.612710177898407,2.0
237,0.0,,0.0,0.0,0.0,0.0,,,3.94389389839489e-05,3.94389389839489e-05,3.94389389839489e-05,3.94389389839489e-05,3.94389389839489e-05,3.94389389839489e-05,3.94389389839489e-05,3.94389389839489e-05,0.0
238,0.0,0.0,0.0,0.0,0.0,0.0,0.0,0.0,8.335944585269317e-05,8.335944585269317e-05,8.335944585269317e-05,8.335944585269317e-05,8.335944585269317e-05,8.335944585269317e-05,8.335944585269317e-05,8.335944585269317e-05,3.0
239,1.0,1.0,1.0,1.0,1.0,1.0,1.0,1.0,0.6455431580543518,0.6455431580543518,0.6455431580543518,0.6455431580543518,0.6455431580543518,0.6455431580543518,0.6455431580543518,0.6455431580543518,0.0
240,1.0,1.0,1.0,1.0,1.0,1.0,1.0,0.0,0.04645399749279022,0.04645399749279022,0.04645399749279022,0.04645399749279022,0.04645399749279022,0.04645399749279022,0.04645399749279022,0.04645399749279022,0.0
241,0.0,0.0,0.0,0.0,0.0,0.0,0.0,0.0,2.8716549422824755e-06,2.8716549422824755e-06,2.8716549422824755e-06,2.8716549422824755e-06,2.8716549422824755e-06,2.8716549422824755e-06,2.8716549422824755e-06,2.8716549422824755e-06,4.0
242,1.0,1.0,1.0,1.0,1.0,1.0,1.0,1.0,0.5672959089279175,0.5672959089279175,0.5672959089279175,0.5672959089279175,0.5672959089279175,0.5672959089279175,0.5672959089279175,0.5672959089279175,2.0
243,,,0.0,0.0,1.0,1.0,,,0.0004003921349067241,0.0004003921349067241,0.0004003921349067241,0.0004003921349067241,0.0004003921349067241,0.0004003921349067241,0.0004003921349067241,0.0004003921349067241,2.0
244,0.0,,1.0,0.0,1.0,1.0,,,0.03032638505101204,0.03032638505101204,0.03032638505101204,0.03032638505101204,0.03032638505101204,0.03032638505101204,0.03032638505101204,0.03032638505101204,1.0
245,1.0,1.0,1.0,1.0,1.0,1.0,,,0.21998673677444458,0.21998673677444458,0.21998673677444458,0.21998673677444458,0.21998673677444458,0.21998673677444458,0.21998673677444458,0.21998673677444458,4.0
246,0.0,1.0,0.0,,1.0,,,,7.709205965511501e-05,7.709205965511501e-05,7.709205965511501e-05,7.709205965511501e-05,7.709205965511501e-05,7.709205965511501e-05,7.709205965511501e-05,7.709205965511501e-05,4.0
247,0.0,1.0,0.0,,1.0,,,,0.0013647043379023671,0.0013647043379023671,0.0013647043379023671,0.0013647043379023671,0.0013647043379023671,0.0013647043379023671,0.0013647043379023671,0.0013647043379023671,0.0
248,1.0,1.0,1.0,0.0,1.0,1.0,1.0,0.0,0.007684396579861641,0.007684396579861641,0.007684396579861641,0.007684396579861641,0.007684396579861641,0.007684396579861641,0.007684396579861641,0.007684396579861641,3.0
249,0.0,,0.0,0.0,0.0,0.0,,,8.648026778246276e-06,8.648026778246276e-06,8.648026778246276e-06,8.648026778246276e-06,8.648026778246276e-06,8.648026778246276e-06,8.648026778246276e-06,8.648026778246276e-06,3.0
250,0.0,1.0,1.0,0.0,1.0,1.0,0.0,0.0,0.0002888718154281378,0.0002888718154281378,0.0002888718154281378,0.0002888718154281378,0.0002888718154281378,0.0002888718154281378,0.0002888718154281378,0.0002888718154281378,2.0
251,0.0,1.0,0.0,,1.0,0.0,,,3.838788325083442e-05,3.838788325083442e-05,3.838788325083442e-05,3.838788325083442e-05,3.838788325083442e-05,3.838788325083442e-05,3.838788325083442e-05,3.838788325083442e-05,0.0
252,0.0,0.0,0.0,0.0,0.0,0.0,0.0,0.0,3.6698640997201437e-06,3.6698640997201437e-06,3.6698640997201437e-06,3.6698640997201437e-06,3.6698640997201437e-06,3.6698640997201437e-06,3.6698640997201437e-06,3.6698640997201437e-06,0.0
253,0.0,,1.0,0.0,1.0,0.0,,,3.5616692912299186e-05,3.5616692912299186e-05,3.5616692912299186e-05,3.5616692912299186e-05,3.5616692912299186e-05,3.5616692912299186e-05,3.5616692912299186e-05,3.5616692912299186e-05,4.0
254,0.0,0.0,0.0,0.0,0.0,0.0,0.0,0.0,5.355002485885052e-06,5.355002485885052e-06,5.355002485885052e-06,5.355002485885052e-06,5.355002485885052e-06,5.355002485885052e-06,5.355002485885052e-06,5.355002485885052e-06,0.0
255,0.0,0.0,0.0,0.0,1.0,0.0,0.0,,1.5198402252281085e-05,1.5198402252281085e-05,1.5198402252281085e-05,1.5198402252281085e-05,1.5198402252281085e-05,1.5198402252281085e-05,1.5198402252281085e-05,1.5198402252281085e-05,3.0
256,1.0,1.0,1.0,1.0,1.0,1.0,1.0,0.0,0.0014788953121751547,0.0014788953121751547,0.0014788953121751547,0.0014788953121751547,0.0014788953121751547,0.0014788953121751547,0.0014788953121751547,0.0014788953121751547,1.0
257,0.0,0.0,0.0,0.0,0.0,0.0,0.0,0.0,7.966462362674065e-06,7.966462362674065e-06,7.966462362674065e-06,7.966462362674065e-06,7.966462362674065e-06,7.966462362674065e-06,7.966462362674065e-06,7.966462362674065e-06,4.0
258,1.0,1.0,1.0,1.0,1.0,1.0,,,0.16209138929843903,0.16209138929843903,0.16209138929843903,0.16209138929843903,0.16209138929843903,0.16209138929843903,0.16209138929843903,0.16209138929843903,2.0
259,1.0,1.0,,1.0,1.0,1.0,1.0,1.0,0.05173194408416748,0.05173194408416748,0.05173194408416748,0.05173194408416748,0.05173194408416748,0.05173194408416748,0.05173194408416748,0.05173194408416748,0.0
260,1.0,1.0,1.0,1.0,1.0,1.0,1.0,1.0,0.9640258550643921,0.9640258550643921,0.9640258550643921,0.9640258550643921,0.9640258550643921,0.9640258550643921,0.9640258550643921,0.9640258550643921,2.0
261,0.0,0.0,0.0,0.0,0.0,0.0,,,9.734676496009342e-06,9.734676496009342e-06,9.734676496009342e-06,9.734676496009342e-06,9.734676496009342e-06,9.734676496009342e-06,9.734676496009342e-06,9.734676496009342e-06,1.0
262,0.0,,1.0,0.0,1.0,1.0,,,0.0015029129572212696,0.0015029129572212696,0.0015029129572212696,0.0015029129572212696,0.0015029129572212696,0.0015029129572212696,0.0015029129572212696,0.0015029129572212696,4.0
263,0.0,1.0,0.0,0.0,1.0,0.0,0.0,,2.5312685920653166e-06,2.5312685920653166e-06,2.5312685920653166e-06,2.5312685920653166e-06,2.5312685920653166e-06,2.5312685920653166e-06,2.5312685920653166e-06,2.5312685920653166e-06,1.0
264,0.0,0.0,0.0,0.0,0.0,0.0,0.0,0.0,8.844296644383576e-06,8.844296644383576e-06,8.844296644383576e-06,8.844296644383576e-06,8.844296644383576e-06,8.844296644383576e-06,8.844296644383576e-06,8.844296644383576e-06,3.0
265,0.0,,0.0,,0.0,0.0,,,4.226544206176186e-06,4.226544206176186e-06,4.226544206176186e-06,4.226544206176186e-06,4.226544206176186e-06,4.226544206176186e-06,4.226544206176186e-06,4.226544206176186e-06,1.0
266,0.0,1.0,1.0,0.0,1.0,1.0,0.0,0.0,4.945890395902097e-05,4.945890395902097e-05,4.945890395902097e-05,4.945890395902097e-05,4.945890395902097e-05,4.945890395902097e-05,4.945890395902097e-05,4.945890395902097e-05,1.0
267,1.0,0.0,1.0,1.0,1.0,0.0,,,1.1168575838382822e-05,1.1168575838382822e-05,1.1168575838382822e-05,1.1168575838382822e-05,1.1168575838382822e-05,1.1168575838382822e-05,1.1168575838382822e-05,1.1168575838382822e-05,3.0
268,1.0,1.0,1.0,1.0,1.0,1.0,0.0,,0.4869014620780945,0.4869014620780945,0.4869014620780945,0.4869014620780945,0.4869014620780945,0.4869014620780945,0.4869014620780945,0.4869014620780945,4.0
269,1.0,1.0,1.0,1.0,1.0,1.0,1.0,1.0,0.49249568581581116,0.49249568581581116,0.49249568581581116,0.49249568581581116,0.49249568581581116,0.49249568581581116,0.49249568581581116,0.49249568581581116,2.0
270,1.0,,1.0,,1.0,1.0,,,0.00016417856386397034,0.00016417856386397034,0.00016417856386397034,0.00016417856386397034,0.00016417856386397034,0.00016417856386397034,0.00016417856386397034,0.00016417856386397034,1.0
271,0.0,,1.0,,1.0,1.0,,,3.6434972571441904e-05,3.6434972571441904e-05,3.6434972571441904e-05,3.6434972571441904e-05,3.6434972571441904e-05,3.6434972571441904e-05,3.6434972571441904e-05,3.6434972571441904e-05,1.0
272,0.0,0.0,0.0,,1.0,0.0,,,0.00011515957885421813,0.00011515957885421813,0.00011515957885421813,0.00011515957885421813,0.00011515957885421813,0.00011515957885421813,0.00011515957885421813,0.00011515957885421813,2.0
273,0.0,,0.0,,0.0,0.0,,,3.725317355929292e-06,3.725317355929292e-06,3.725317355929292e-06,3.725317355929292e-06,3.725317355929292e-06,3.725317355929292e-06,3.725317355929292e-06,3.725317355929292e-06,2.0
274,,1.0,1.0,1.0,1.0,,1.0,1.0,0.9682726860046387,0.9682726860046387,0.9682726860046387,0.9682726860046387,0.9682726860046387,0.9682726860046387,0.9682726860046387,0.9682726860046387,2.0
275,1.0,1.0,1.0,1.0,1.0,1.0,1.0,1.0,0.9817116260528564,0.9817116260528564,0.9817116260528564,0.9817116260528564,0.9817116260528564,0.9817116260528564,0.9817116260528564,0.9817116260528564,1.0
276,1.0,,1.0,0.0,1.0,0.0,,,0.0006565189687535167,0.0006565189687535167,0.0006565189687535167,0.0006565189687535167,0.0006565189687535167,0.0006565189687535167,0.0006565189687535167,0.0006565189687535167,3.0
277,1.0,1.0,1.0,1.0,1.0,1.0,1.0,0.0,0.04341573640704155,0.04341573640704155,0.04341573640704155,0.04341573640704155,0.04341573640704155,0.04341573640704155,0.04341573640704155,0.04341573640704155,1.0
278,1.0,1.0,1.0,1.0,1.0,1.0,1.0,1.0,0.16141144931316376,0.16141144931316376,0.16141144931316376,0.16141144931316376,0.16141144931316376,0.16141144931316376,0.16141144931316376,0.16141144931316376,3.0
279,0.0,,0.0,,1.0,0.0,,,8.918980893213302e-05,8.918980893213302e-05,8.918980893213302e-05,8.918980893213302e-05,8.918980893213302e-05,8.918980893213302e-05,8.918980893213302e-05,8.918980893213302e-05,0.0
280,0.0,,0.0,0.0,0.0,0.0,,,0.0001635489024920389,0.0001635489024920389,0.0001635489024920389,0.0001635489024920389,0.0001635489024920389,0.0001635489024920389,0.0001635489024920389,0.0001635489024920389,3.0
281,0.0,0.0,0.0,0.0,0.0,0.0,0.0,0.0,1.2756852811435238e-05,1.2756852811435238e-05,1.2756852811435238e-05,1.2756852811435238e-05,1.2756852811435238e-05,1.2756852811435238e-05,1.2756852811435238e-05,1.2756852811435238e-05,0.0
282,1.0,1.0,1.0,1.0,1.0,1.0,0.0,,0.007537828758358955,0.007537828758358955,0.007537828758358955,0.007537828758358955,0.007537828758358955,0.007537828758358955,0.007537828758358955,0.007537828758358955,0.0
283,1.0,1.0,1.0,1.0,1.0,1.0,0.0,,0.04745081439614296,0.04745081439614296,0.04745081439614296,0.04745081439614296,0.04745081439614296,0.04745081439614296,0.04745081439614296,0.04745081439614296,0.0
284,0.0,0.0,0.0,0.0,0.0,0.0,0.0,0.0,4.241512669977965e-06,4.241512669977965e-06,4.241512669977965e-06,4.241512669977965e-06,4.241512669977965e-06,4.241512669977965e-06,4.241512669977965e-06,4.241512669977965e-06,4.0
285,1.0,1.0,1.0,1.0,1.0,1.0,,,0.0006890790536999702,0.0006890790536999702,0.0006890790536999702,0.0006890790536999702,0.0006890790536999702,0.0006890790536999702,0.0006890790536999702,0.0006890790536999702,2.0
286,1.0,1.0,1.0,1.0,1.0,1.0,0.0,,0.006827501114457846,0.006827501114457846,0.006827501114457846,0.006827501114457846,0.006827501114457846,0.006827501114457846,0.006827501114457846,0.006827501114457846,1.0
287,0.0,0.0,0.0,0.0,0.0,0.0,0.0,0.0,1.2044458344462328e-05,1.2044458344462328e-05,1.2044458344462328e-05,1.2044458344462328e-05,1.2044458344462328e-05,1.2044458344462328e-05,1.2044458344462328e-05,1.2044458344462328e-05,1.0
288,1.0,,1.0,1.0,1.0,1.0,,,0.3730851113796234,0.3730851113796234,0.3730851113796234,0.3730851113796234,0.3730851113796234,0.3730851113796234,0.3730851113796234,0.3730851113796234,2.0
289,0.0,0.0,0.0,0.0,0.0,0.0,0.0,0.0,7.798294973326847e-06,7.798294973326847e-06,7.798294973326847e-06,7.798294973326847e-06,7.798294973326847e-06,7.798294973326847e-06,7.798294973326847e-06,7.798294973326847e-06,0.0
290,0.0,1.0,0.0,0.0,0.0,0.0,0.0,0.0,3.4974254958797246e-05,3.4974254958797246e-05,3.4974254958797246e-05,3.4974254958797246e-05,3.4974254958797246e-05,3.4974254958797246e-05,3.4974254958797246e-05,3.4974254958797246e-05,0.0
291,0.0,1.0,1.0,1.0,1.0,1.0,0.0,,0.017839286476373672,0.017839286476373672,0.017839286476373672,0.017839286476373672,0.017839286476373672,0.017839286476373672,0.017839286476373672,0.017839286476373672,0.0
292,0.0,,0.0,0.0,1.0,0.0,,,0.0006960784085094929,0.0006960784085094929,0.0006960784085094929,0.0006960784085094929,0.0006960784085094929,0.0006960784085094929,0.0006960784085094929,0.0006960784085094929,1.0
293,0.0,,0.0,0.0,0.0,0.0,,,0.0002934192889370024,0.0002934192889370024,0.0002934192889370024,0.0002934192889370024,0.0002934192889370024,0.0002934192889370024,0.0002934192889370024,0.0002934192889370024,4.0
294,0.0,,0.0,0.0,0.0,0.0,,,2.6547975721769035e-05,2.6547975721769035e-05,2.6547975721769035e-05,2.6547975721769035e-05,2.6547975721769035e-05,2.6547975721769035e-05,2.6547975721769035e-05,2.6547975721769035e-05,1.0
295,1.0,1.0,1.0,1.0,1.0,1.0,1.0,0.0,0.21133609116077423,0.21133609116077423,0.21133609116077423,0.21133609116077423,0.21133609116077423,0.21133609116077423,0.21133609116077423,0.21133609116077423,2.0
296,0.0,,0.0,0.0,0.0,0.0,,,0.00010990339069394395,0.00010990339069394395,0.00010990339069394395,0.00010990339069394395,0.00010990339069394395,0.00010990339069394395,0.00010990339069394395,0.00010990339069394395,0.0
297,0.0,,0.0,0.0,0.0,0.0,,,5.756710015702993e-05,5.756710015702993e-05,5.756710015702993e-05,5.756710015702993e-05,5.756710015702993e-05,5.756710015702993e-05,5.756710015702993e-05,5.756710015702993e-05,1.0
298,1.0,1.0,1.0,1.0,1.0,1.0,1.0,,0.3761867880821228,0.3761867880821228,0.3761867880821228,0.3761867880821228,0.3761867880821228,0.3761867880821228,0.3761867880821228,0.3761867880821228,0.0
299,0.0,0.0,0.0,0.0,1.0,0.0,0.0,0.0,4.436239032656886e-05,4.436239032656886e-05,4.436239032656886e-05,4.436239032656886e-05,4.436239032656886e-05,4.436239032656886e-05,4.436239032656886e-05,4.436239032656886e-05,0.0
300,0.0,0.0,0.0,0.0,0.0,0.0,0.0,0.0,3.948424637201242e-05,3.948424637201242e-05,3.948424637201242e-05,3.948424637201242e-05,3.948424637201242e-05,3.948424637201242e-05,3.948424637201242e-05,3.948424637201242e-05,1.0
301,1.0,1.0,1.0,1.0,1.0,1.0,0.0,0.0,0.0029366686940193176,0.0029366686940193176,0.0029366686940193176,0.0029366686940193176,0.0029366686940193176,0.0029366686940193176,0.0029366686940193176,0.0029366686940193176,4.0
302,0.0,0.0,0.0,0.0,0.0,0.0,0.0,0.0,1.7875576304504648e-05,1.7875576304504648e-05,1.7875576304504648e-05,1.7875576304504648e-05,1.7875576304504648e-05,1.7875576304504648e-05,1.7875576304504648e-05,1.7875576304504648e-05,3.0
303,0.0,,0.0,0.0,0.0,0.0,,,0.00020271212270017713,0.00020271212270017713,0.00020271212270017713,0.00020271212270017713,0.00020271212270017713,0.00020271212270017713,0.00020271212270017713,0.00020271212270017713,0.0
304,0.0,0.0,0.0,0.0,1.0,0.0,0.0,0.0,3.576795643311925e-05,3.576795643311925e-05,3.576795643311925e-05,3.576795643311925e-05,3.576795643311925e-05,3.576795643311925e-05,3.576795643311925e-05,3.576795643311925e-05,1.0
305,0.0,0.0,0.0,0.0,0.0,0.0,0.0,0.0,8.632873687020037e-06,8.632873687020037e-06,8.632873687020037e-06,8.632873687020037e-06,8.632873687020037e-06,8.632873687020037e-06,8.632873687020037e-06,8.632873687020037e-06,1.0
306,0.0,0.0,0.0,0.0,0.0,0.0,0.0,0.0,5.46002593182493e-06,5.46002593182493e-06,5.46002593182493e-06,5.46002593182493e-06,5.46002593182493e-06,5.46002593182493e-06,5.46002593182493e-06,5.46002593182493e-06,1.0
307,0.0,0.0,0.0,0.0,0.0,0.0,0.0,0.0,3.526845148371649e-06,3.526845148371649e-06,3.526845148371649e-06,3.526845148371649e-06,3.526845148371649e-06,3.526845148371649e-06,3.526845148371649e-06,3.526845148371649e-06,0.0
308,1.0,1.0,1.0,1.0,1.0,1.0,1.0,1.0,0.8347730040550232,0.8347730040550232,0.8347730040550232,0.8347730040550232,0.8347730040550232,0.8347730040550232,0.8347730040550232,0.8347730040550232,1.0
309,0.0,0.0,0.0,0.0,0.0,0.0,0.0,0.0,1.648631769057829e-05,1.648631769057829e-05,1.648631769057829e-05,1.648631769057829e-05,1.648631769057829e-05,1.648631769057829e-05,1.648631769057829e-05,1.648631769057829e-05,1.0
310,1.0,1.0,1.0,1.0,1.0,1.0,,,0.009589419700205326,0.009589419700205326,0.009589419700205326,0.009589419700205326,0.009589419700205326,0.009589419700205326,0.009589419700205326,0.009589419700205326,2.0
311,1.0,1.0,1.0,1.0,1.0,1.0,1.0,1.0,0.02740672416985035,0.02740672416985035,0.02740672416985035,0.02740672416985035,0.02740672416985035,0.02740672416985035,0.02740672416985035,0.02740672416985035,1.0
312,1.0,,1.0,0.0,1.0,1.0,,,1.7825204849941656e-05,1.7825204849941656e-05,1.7825204849941656e-05,1.7825204849941656e-05,1.7825204849941656e-05,1.7825204849941656e-05,1.7825204849941656e-05,1.7825204849941656e-05,2.0
313,1.0,1.0,1.0,1.0,1.0,0.0,1.0,1.0,0.05000849813222885,0.05000849813222885,0.05000849813222885,0.05000849813222885,0.05000849813222885,0.05000849813222885,0.05000849813222885,0.05000849813222885,1.0
314,1.0,1.0,1.0,0.0,1.0,1.0,0.0,0.0,0.013852348551154137,0.013852348551154137,0.013852348551154137,0.013852348551154137,0.013852348551154137,0.013852348551154137,0.013852348551154137,0.013852348551154137,3.0
315,,,0.0,0.0,0.0,0.0,,,2.9526638172683306e-05,2.9526638172683306e-05,2.9526638172683306e-05,2.9526638172683306e-05,2.9526638172683306e-05,2.9526638172683306e-05,2.9526638172683306e-05,2.9526638172683306e-05,1.0
316,,,,,,,1.0,0.0,0.0006556666339747608,0.0006556666339747608,0.0006556666339747608,0.0006556666339747608,0.0006556666339747608,0.0006556666339747608,0.0006556666339747608,0.0006556666339747608,1.0
317,1.0,1.0,1.0,1.0,1.0,1.0,0.0,,0.859462559223175,0.859462559223175,0.859462559223175,0.859462559223175,0.859462559223175,0.859462559223175,0.859462559223175,0.859462559223175,4.0
318,0.0,0.0,0.0,0.0,0.0,0.0,0.0,0.0,2.42523265114869e-06,2.42523265114869e-06,2.42523265114869e-06,2.42523265114869e-06,2.42523265114869e-06,2.42523265114869e-06,2.42523265114869e-06,2.42523265114869e-06,1.0
319,0.0,0.0,0.0,0.0,0.0,0.0,0.0,0.0,7.015295977907954e-06,7.015295977907954e-06,7.015295977907954e-06,7.015295977907954e-06,7.015295977907954e-06,7.015295977907954e-06,7.015295977907954e-06,7.015295977907954e-06,2.0
320,0.0,0.0,0.0,0.0,0.0,0.0,0.0,0.0,3.5947289234172786e-06,3.5947289234172786e-06,3.5947289234172786e-06,3.5947289234172786e-06,3.5947289234172786e-06,3.5947289234172786e-06,3.5947289234172786e-06,3.5947289234172786e-06,2.0
321,0.0,0.0,0.0,0.0,0.0,0.0,0.0,0.0,2.762191797955893e-06,2.762191797955893e-06,2.762191797955893e-06,2.762191797955893e-06,2.762191797955893e-06,2.762191797955893e-06,2.762191797955893e-06,2.762191797955893e-06,0.0
322,1.0,1.0,1.0,1.0,1.0,1.0,1.0,1.0,0.9546785950660706,0.9546785950660706,0.9546785950660706,0.9546785950660706,0.9546785950660706,0.9546785950660706,0.9546785950660706,0.9546785950660706,1.0
323,1.0,1.0,1.0,1.0,1.0,1.0,1.0,,0.00048391707241535187,0.00048391707241535187,0.00048391707241535187,0.00048391707241535187,0.00048391707241535187,0.00048391707241535187,0.00048391707241535187,0.00048391707241535187,2.0
324,0.0,0.0,0.0,0.0,0.0,0.0,,,6.098861194914207e-05,6.098861194914207e-05,6.098861194914207e-05,6.098861194914207e-05,6.098861194914207e-05,6.098861194914207e-05,6.098861194914207e-05,6.098861194914207e-05,0.0
325,1.0,1.0,1.0,1.0,1.0,1.0,1.0,,0.05730817839503288,0.05730817839503288,0.05730817839503288,0.05730817839503288,0.05730817839503288,0.05730817839503288,0.05730817839503288,0.05730817839503288,2.0
326,0.0,,0.0,0.0,0.0,0.0,,,7.454989827238023e-05,7.454989827238023e-05,7.454989827238023e-05,7.454989827238023e-05,7.454989827238023e-05,7.454989827238023e-05,7.454989827238023e-05,7.454989827238023e-05,2.0
327,1.0,1.0,1.0,1.0,1.0,1.0,,,0.010951966047286987,0.010951966047286987,0.010951966047286987,0.010951966047286987,0.010951966047286987,0.010951966047286987,0.010951966047286987,0.010951966047286987,2.0
328,0.0,,0.0,0.0,0.0,0.0,,,1.5914902178337798e-05,1.5914902178337798e-05,1.5914902178337798e-05,1.5914902178337798e-05,1.5914902178337798e-05,1.5914902178337798e-05,1.5914902178337798e-05,1.5914902178337798e-05,2.0
329,,0.0,0.0,0.0,0.0,,0.0,0.0,3.593721203287714e-06,3.593721203287714e-06,3.593721203287714e-06,3.593721203287714e-06,3.593721203287714e-06,3.593721203287714e-06,3.593721203287714e-06,3.593721203287714e-06,2.0
330,,,,,0.0,0.0,,,3.3442686344642425e-06,3.3442686344642425e-06,3.3442686344642425e-06,3.3442686344642425e-06,3.3442686344642425e-06,3.3442686344642425e-06,3.3442686344642425e-06,3.3442686344642425e-06,4.0
331,0.0,1.0,1.0,0.0,1.0,1.0,0.0,0.0,0.00013541099906433374,0.00013541099906433374,0.00013541099906433374,0.00013541099906433374,0.00013541099906433374,0.00013541099906433374,0.00013541099906433374,0.00013541099906433374,1.0
332,,,1.0,0.0,1.0,1.0,,,0.0013744059251621366,0.0013744059251621366,0.0013744059251621366,0.0013744059251621366,0.0013744059251621366,0.0013744059251621366,0.0013744059251621366,0.0013744059251621366,0.0
333,0.0,0.0,0.0,0.0,0.0,0.0,,,0.00014252423716243356,0.00014252423716243356,0.00014252423716243356,0.00014252423716243356,0.00014252423716243356,0.00014252423716243356,0.00014252423716243356,0.00014252423716243356,2.0
334,1.0,0.0,0.0,1.0,0.0,0.0,0.0,0.0,0.1739749312400818,0.1739749312400818,0.1739749312400818,0.1739749312400818,0.1739749312400818,0.1739749312400818,0.1739749312400818,0.1739749312400818,2.0
335,1.0,1.0,1.0,1.0,1.0,0.0,,,0.005242545157670975,0.005242545157670975,0.005242545157670975,0.005242545157670975,0.005242545157670975,0.005242545157670975,0.005242545157670975,0.005242545157670975,4.0
336,1.0,1.0,0.0,1.0,1.0,0.0,1.0,0.0,0.03995351493358612,0.03995351493358612,0.03995351493358612,0.03995351493358612,0.03995351493358612,0.03995351493358612,0.03995351493358612,0.03995351493358612,3.0
337,0.0,1.0,0.0,0.0,1.0,0.0,1.0,0.0,0.0010246523888781667,0.0010246523888781667,0.0010246523888781667,0.0010246523888781667,0.0010246523888781667,0.0010246523888781667,0.0010246523888781667,0.0010246523888781667,4.0
338,0.0,,0.0,,1.0,1.0,,,3.1293602660298347e-06,3.1293602660298347e-06,3.1293602660298347e-06,3.1293602660298347e-06,3.1293602660298347e-06,3.1293602660298347e-06,3.1293602660298347e-06,3.1293602660298347e-06,3.0
339,,,0.0,0.0,0.0,0.0,,,2.469613036737428e-06,2.469613036737428e-06,2.469613036737428e-06,2.469613036737428e-06,2.469613036737428e-06,2.469613036737428e-06,2.469613036737428e-06,2.469613036737428e-06,1.0
340,,,,,,,1.0,1.0,0.9749262928962708,0.9749262928962708,0.9749262928962708,0.9749262928962708,0.9749262928962708,0.9749262928962708,0.9749262928962708,0.9749262928962708,4.0
341,,,,,,,0.0,0.0,3.986847877968103e-05,3.986847877968103e-05,3.986847877968103e-05,3.986847877968103e-05,3.986847877968103e-05,3.986847877968103e-05,3.986847877968103e-05,3.986847877968103e-05,2.0
342,0.0,0.0,0.0,0.0,0.0,0.0,0.0,0.0,5.0504281716712285e-06,5.0504281716712285e-06,5.0504281716712285e-06,5.0504281716712285e-06,5.0504281716712285e-06,5.0504281716712285e-06,5.0504281716712285e-06,5.0504281716712285e-06,0.0
343,0.0,0.0,0.0,0.0,0.0,0.0,0.0,0.0,2.902594678744208e-05,2.902594678744208e-05,2.902594678744208e-05,2.902594678744208e-05,2.902594678744208e-05,2.902594678744208e-05,2.902594678744208e-05,2.902594678744208e-05,1.0
344,0.0,0.0,0.0,0.0,0.0,0.0,0.0,0.0,0.00012717320350930095,0.00012717320350930095,0.00012717320350930095,0.00012717320350930095,0.00012717320350930095,0.00012717320350930095,0.00012717320350930095,0.00012717320350930095,1.0
345,0.0,0.0,0.0,0.0,0.0,0.0,0.0,,8.176484698196873e-06,8.176484698196873e-06,8.176484698196873e-06,8.176484698196873e-06,8.176484698196873e-06,8.176484698196873e-06,8.176484698196873e-06,8.176484698196873e-06,3.0
346,1.0,1.0,1.0,1.0,1.0,1.0,1.0,0.0,0.07215295732021332,0.07215295732021332,0.07215295732021332,0.07215295732021332,0.07215295732021332,0.07215295732021332,0.07215295732021332,0.07215295732021332,2.0
347,1.0,,1.0,1.0,1.0,1.0,,,0.0016073656734079123,0.0016073656734079123,0.0016073656734079123,0.0016073656734079123,0.0016073656734079123,0.0016073656734079123,0.0016073656734079123,0.0016073656734079123,3.0
348,1.0,1.0,1.0,0.0,1.0,0.0,0.0,,0.0025508904363960028,0.0025508904363960028,0.0025508904363960028,0.0025508904363960028,0.0025508904363960028,0.0025508904363960028,0.0025508904363960028,0.0025508904363960028,2.0
349,0.0,0.0,0.0,0.0,0.0,0.0,0.0,0.0,1.8204889784101397e-05,1.8204889784101397e-05,1.8204889784101397e-05,1.8204889784101397e-05,1.8204889784101397e-05,1.8204889784101397e-05,1.8204889784101397e-05,1.8204889784101397e-05,3.0
350,0.0,0.0,0.0,0.0,0.0,0.0,0.0,,3.6967851428926224e-06,3.6967851428926224e-06,3.6967851428926224e-06,3.6967851428926224e-06,3.6967851428926224e-06,3.6967851428926224e-06,3.6967851428926224e-06,3.6967851428926224e-06,0.0
351,0.0,0.0,0.0,0.0,0.0,0.0,0.0,,1.1109333172498737e-05,1.1109333172498737e-05,1.1109333172498737e-05,1.1109333172498737e-05,1.1109333172498737e-05,1.1109333172498737e-05,1.1109333172498737e-05,1.1109333172498737e-05,1.0
352,1.0,1.0,1.0,1.0,1.0,1.0,1.0,0.0,0.003997404593974352,0.003997404593974352,0.003997404593974352,0.003997404593974352,0.003997404593974352,0.003997404593974352,0.003997404593974352,0.003997404593974352,1.0
353,,,1.0,1.0,1.0,1.0,,,0.33724501729011536,0.33724501729011536,0.33724501729011536,0.33724501729011536,0.33724501729011536,0.33724501729011536,0.33724501729011536,0.33724501729011536,0.0
354,,1.0,1.0,1.0,1.0,1.0,1.0,,0.9992130994796753,0.9992130994796753,0.9992130994796753,0.9992130994796753,0.9992130994796753,0.9992130994796753,0.9992130994796753,0.9992130994796753,0.0
355,0.0,0.0,0.0,0.0,0.0,0.0,0.0,0.0,1.1413710126362275e-05,1.1413710126362275e-05,1.1413710126362275e-05,1.1413710126362275e-05,1.1413710126362275e-05,1.1413710126362275e-05,1.1413710126362275e-05,1.1413710126362275e-05,2.0
356,0.0,0.0,0.0,0.0,0.0,0.0,0.0,0.0,6.456938081100816e-06,6.456938081100816e-06,6.456938081100816e-06,6.456938081100816e-06,6.456938081100816e-06,6.456938081100816e-06,6.456938081100816e-06,6.456938081100816e-06,4.0
357,0.0,0.0,0.0,0.0,0.0,0.0,0.0,,0.0014026706339791417,0.0014026706339791417,0.0014026706339791417,0.0014026706339791417,0.0014026706339791417,0.0014026706339791417,0.0014026706339791417,0.0014026706339791417,3.0
358,0.0,0.0,0.0,0.0,0.0,0.0,0.0,0.0,2.904513712564949e-05,2.904513712564949e-05,2.904513712564949e-05,2.904513712564949e-05,2.904513712564949e-05,2.904513712564949e-05,2.904513712564949e-05,2.904513712564949e-05,1.0
359,1.0,0.0,1.0,,1.0,0.0,,,3.597446993808262e-05,3.597446993808262e-05,3.597446993808262e-05,3.597446993808262e-05,3.597446993808262e-05,3.597446993808262e-05,3.597446993808262e-05,3.597446993808262e-05,3.0
360,1.0,1.0,1.0,1.0,1.0,1.0,1.0,0.0,0.06864175200462341,0.06864175200462341,0.06864175200462341,0.06864175200462341,0.06864175200462341,0.06864175200462341,0.06864175200462341,0.06864175200462341,1.0
361,0.0,0.0,0.0,0.0,0.0,0.0,0.0,0.0,1.3908815162722021e-05,1.3908815162722021e-05,1.3908815162722021e-05,1.3908815162722021e-05,1.3908815162722021e-05,1.3908815162722021e-05,1.3908815162722021e-05,1.3908815162722021e-05,0.0
362,1.0,1.0,1.0,1.0,1.0,0.0,,,0.0012460509315133095,0.0012460509315133095,0.0012460509315133095,0.0012460509315133095,0.0012460509315133095,0.0012460509315133095,0.0012460509315133095,0.0012460509315133095,3.0
363,1.0,1.0,1.0,1.0,1.0,1.0,0.0,,0.004264746326953173,0.004264746326953173,0.004264746326953173,0.004264746326953173,0.004264746326953173,0.004264746326953173,0.004264746326953173,0.004264746326953173,2.0
364,1.0,1.0,1.0,0.0,1.0,1.0,,,0.0006583061767742038,0.0006583061767742038,0.0006583061767742038,0.0006583061767742038,0.0006583061767742038,0.0006583061767742038,0.0006583061767742038,0.0006583061767742038,3.0
365,0.0,0.0,0.0,0.0,0.0,0.0,0.0,,4.080797680217074e-06,4.080797680217074e-06,4.080797680217074e-06,4.080797680217074e-06,4.080797680217074e-06,4.080797680217074e-06,4.080797680217074e-06,4.080797680217074e-06,1.0
366,0.0,0.0,0.0,0.0,0.0,0.0,,,1.3848904245605809e-06,1.3848904245605809e-06,1.3848904245605809e-06,1.3848904245605809e-06,1.3848904245605809e-06,1.3848904245605809e-06,1.3848904245605809e-06,1.3848904245605809e-06,0.0
367,1.0,1.0,1.0,0.0,1.0,1.0,,,0.002096510259434581,0.002096510259434581,0.002096510259434581,0.002096510259434581,0.002096510259434581,0.002096510259434581,0.002096510259434581,0.002096510259434581,0.0
368,1.0,1.0,1.0,1.0,1.0,1.0,1.0,1.0,0.3483041226863861,0.3483041226863861,0.3483041226863861,0.3483041226863861,0.3483041226863861,0.3483041226863861,0.3483041226863861,0.3483041226863861,0.0
369,1.0,1.0,1.0,1.0,1.0,1.0,1.0,1.0,0.9151039719581604,0.9151039719581604,0.9151039719581604,0.9151039719581604,0.9151039719581604,0.9151039719581604,0.9151039719581604,0.9151039719581604,4.0
370,1.0,0.0,,1.0,1.0,1.0,,,0.40546292066574097,0.40546292066574097,0.40546292066574097,0.40546292066574097,0.40546292066574097,0.40546292066574097,0.40546292066574097,0.40546292066574097,2.0
371,1.0,1.0,,1.0,1.0,1.0,,,0.43701237440109253,0.43701237440109253,0.43701237440109253,0.43701237440109253,0.43701237440109253,0.43701237440109253,0.43701237440109253,0.43701237440109253,2.0
372,0.0,,0.0,,0.0,0.0,,,1.8005639503826387e-05,1.8005639503826387e-05,1.8005639503826387e-05,1.8005639503826387e-05,1.8005639503826387e-05,1.8005639503826387e-05,1.8005639503826387e-05,1.8005639503826387e-05,3.0
373,1.0,1.0,1.0,1.0,1.0,1.0,,,1.1128292499051895e-05,1.1128292499051895e-05,1.1128292499051895e-05,1.1128292499051895e-05,1.1128292499051895e-05,1.1128292499051895e-05,1.1128292499051895e-05,1.1128292499051895e-05,3.0
374,0.0,1.0,1.0,1.0,1.0,1.0,0.0,,0.00021993365953676403,0.00021993365953676403,0.00021993365953676403,0.00021993365953676403,0.00021993365953676403,0.00021993365953676403,0.00021993365953676403,0.00021993365953676403,1.0
375,1.0,1.0,1.0,1.0,1.0,1.0,,,0.13092315196990967,0.13092315196990967,0.13092315196990967,0.13092315196990967,0.13092315196990967,0.13092315196990967,0.13092315196990967,0.13092315196990967,2.0
376,1.0,1.0,1.0,1.0,1.0,1.0,0.0,0.0,0.002008920069783926,0.002008920069783926,0.002008920069783926,0.002008920069783926,0.002008920069783926,0.002008920069783926,0.002008920069783926,0.002008920069783926,1.0
377,0.0,0.0,0.0,0.0,0.0,0.0,0.0,0.0,1.093287664843956e-05,1.093287664843956e-05,1.093287664843956e-05,1.093287664843956e-05,1.093287664843956e-05,1.093287664843956e-05,1.093287664843956e-05,1.093287664843956e-05,1.0
378,,,,,,,1.0,0.0,0.005310665816068649,0.005310665816068649,0.005310665816068649,0.005310665816068649,0.005310665816068649,0.005310665816068649,0.005310665816068649,0.005310665816068649,4.0
379,1.0,1.0,,1.0,1.0,1.0,1.0,0.0,0.1932336986064911,0.1932336986064911,0.1932336986064911,0.1932336986064911,0.1932336986064911,0.1932336986064911,0.1932336986064911,0.1932336986064911,4.0
380,1.0,1.0,1.0,1.0,1.0,0.0,0.0,,0.00038104175473563373,0.00038104175473563373,0.00038104175473563373,0.00038104175473563373,0.00038104175473563373,0.00038104175473563373,0.00038104175473563373,0.00038104175473563373,1.0
381,1.0,1.0,0.0,1.0,1.0,0.0,0.0,1.0,0.9897100329399109,0.9897100329399109,0.9897100329399109,0.9897100329399109,0.9897100329399109,0.9897100329399109,0.9897100329399109,0.9897100329399109,1.0
382,1.0,1.0,1.0,1.0,1.0,1.0,1.0,0.0,0.004054157063364983,0.004054157063364983,0.004054157063364983,0.004054157063364983,0.004054157063364983,0.004054157063364983,0.004054157063364983,0.004054157063364983,1.0
383,0.0,1.0,1.0,0.0,1.0,1.0,0.0,,0.0008379730279557407,0.0008379730279557407,0.0008379730279557407,0.0008379730279557407,0.0008379730279557407,0.0008379730279557407,0.0008379730279557407,0.0008379730279557407,0.0
384,0.0,1.0,0.0,0.0,1.0,0.0,0.0,0.0,0.0067002540454268456,0.0067002540454268456,0.0067002540454268456,0.0067002540454268456,0.0067002540454268456,0.0067002540454268456,0.0067002540454268456,0.0067002540454268456,3.0
385,1.0,1.0,1.0,1.0,1.0,1.0,1.0,1.0,0.6590659618377686,0.6590659618377686,0.6590659618377686,0.6590659618377686,0.6590659618377686,0.6590659618377686,0.6590659618377686,0.6590659618377686,2.0
386,1.0,1.0,1.0,1.0,1.0,1.0,0.0,0.0,0.010586120188236237,0.010586120188236237,0.010586120188236237,0.010586120188236237,0.010586120188236237,0.010586120188236237,0.010586120188236237,0.010586120188236237,3.0
387,0.0,0.0,0.0,0.0,0.0,0.0,0.0,0.0,3.5587529509939486e-06,3.5587529509939486e-06,3.5587529509939486e-06,3.5587529509939486e-06,3.5587529509939486e-06,3.5587529509939486e-06,3.5587529509939486e-06,3.5587529509939486e-06,0.0
388,0.0,,0.0,0.0,0.0,0.0,,,2.2942972464079503e-06,2.2942972464079503e-06,2.2942972464079503e-06,2.2942972464079503e-06,2.2942972464079503e-06,2.2942972464079503e-06,2.2942972464079503e-06,2.2942972464079503e-06,3.0
389,0.0,,1.0,,1.0,0.0,,,2.144245445379056e-05,2.144245445379056e-05,2.144245445379056e-05,2.144245445379056e-05,2.144245445379056e-05,2.144245445379056e-05,2.144245445379056e-05,2.144245445379056e-05,3.0
390,0.0,0.0,0.0,0.0,0.0,0.0,0.0,0.0,2.539878369134385e-05,2.539878369134385e-05,2.539878369134385e-05,2.539878369134385e-05,2.539878369134385e-05,2.539878369134385e-05,2.539878369134385e-05,2.539878369134385e-05,2.0
391,0.0,0.0,0.0,0.0,0.0,0.0,0.0,0.0,1.4936998923076317e-05,1.4936998923076317e-05,1.4936998923076317e-05,1.4936998923076317e-05,1.4936998923076317e-05,1.4936998923076317e-05,1.4936998923076317e-05,1.4936998923076317e-05,4.0
392,1.0,1.0,1.0,1.0,1.0,1.0,1.0,1.0,0.9843900799751282,0.9843900799751282,0.9843900799751282,0.9843900799751282,0.9843900799751282,0.9843900799751282,0.9843900799751282,0.9843900799751282,4.0
393,,,1.0,0.0,1.0,0.0,,,0.0003638099005911499,0.0003638099005911499,0.0003638099005911499,0.0003638099005911499,0.0003638099005911499,0.0003638099005911499,0.0003638099005911499,0.0003638099005911499,1.0
394,1.0,1.0,1.0,1.0,1.0,1.0,1.0,,0.6385785341262817,0.6385785341262817,0.6385785341262817,0.6385785341262817,0.6385785341262817,0.6385785341262817,0.6385785341262817,0.6385785341262817,1.0
395,0.0,0.0,0.0,0.0,0.0,0.0,,,8.242805961344857e-06,8.242805961344857e-06,8.242805961344857e-06,8.242805961344857e-06,8.242805961344857e-06,8.242805961344857e-06,8.242805961344857e-06,8.242805961344857e-06,3.0
396,0.0,1.0,1.0,0.0,1.0,1.0,,,0.0003180729108862579,0.0003180729108862579,0.0003180729108862579,0.0003180729108862579,0.0003180729108862579,0.0003180729108862579,0.0003180729108862579,0.0003180729108862579,4.0
397,1.0,1.0,1.0,1.0,1.0,1.0,0.0,0.0,0.0006926456117071211,0.0006926456117071211,0.0006926456117071211,0.0006926456117071211,0.0006926456117071211,0.0006926456117071211,0.0006926456117071211,0.0006926456117071211,4.0
398,0.0,1.0,1.0,0.0,1.0,1.0,,,0.0008908681920729578,0.0008908681920729578,0.0008908681920729578,0.0008908681920729578,0.0008908681920729578,0.0008908681920729578,0.0008908681920729578,0.0008908681920729578,1.0
399,1.0,0.0,1.0,1.0,1.0,0.0,,,0.004690095782279968,0.004690095782279968,0.004690095782279968,0.004690095782279968,0.004690095782279968,0.004690095782279968,0.004690095782279968,0.004690095782279968,4.0
400,1.0,,1.0,0.0,1.0,1.0,,,0.004359167069196701,0.004359167069196701,0.004359167069196701,0.004359167069196701,0.004359167069196701,0.004359167069196701,0.004359167069196701,0.004359167069196701,4.0
401,,,0.0,0.0,1.0,0.0,,,6.758161180187017e-05,6.758161180187017e-05,6.758161180187017e-05,6.758161180187017e-05,6.758161180187017e-05,6.758161180187017e-05,6.758161180187017e-05,6.758161180187017e-05,2.0
402,0.0,,1.0,1.0,1.0,1.0,0.0,0.0,0.00032694064429961145,0.00032694064429961145,0.00032694064429961145,0.00032694064429961145,0.00032694064429961145,0.00032694064429961145,0.00032694064429961145,0.00032694064429961145,0.0
403,1.0,0.0,1.0,0.0,1.0,0.0,,,1.2036673979309853e-05,1.2036673979309853e-05,1.2036673979309853e-05,1.2036673979309853e-05,1.2036673979309853e-05,1.2036673979309853e-05,1.2036673979309853e-05,1.2036673979309853e-05,4.0
404,1.0,,1.0,,1.0,0.0,,,5.0839094910770655e-05,5.0839094910770655e-05,5.0839094910770655e-05,5.0839094910770655e-05,5.0839094910770655e-05,5.0839094910770655e-05,5.0839094910770655e-05,5.0839094910770655e-05,3.0
405,1.0,1.0,1.0,1.0,1.0,1.0,1.0,1.0,0.8859518766403198,0.8859518766403198,0.8859518766403198,0.8859518766403198,0.8859518766403198,0.8859518766403198,0.8859518766403198,0.8859518766403198,2.0
406,1.0,1.0,1.0,1.0,1.0,1.0,1.0,,0.9991926550865173,0.9991926550865173,0.9991926550865173,0.9991926550865173,0.9991926550865173,0.9991926550865173,0.9991926550865173,0.9991926550865173,1.0
407,1.0,1.0,,1.0,1.0,1.0,0.0,0.0,0.3473913371562958,0.3473913371562958,0.3473913371562958,0.3473913371562958,0.3473913371562958,0.3473913371562958,0.3473913371562958,0.3473913371562958,0.0
408,1.0,1.0,,1.0,1.0,1.0,1.0,1.0,0.8591936826705933,0.8591936826705933,0.8591936826705933,0.8591936826705933,0.8591936826705933,0.8591936826705933,0.8591936826705933,0.8591936826705933,0.0
409,,,0.0,0.0,0.0,0.0,,,0.00025843133335001767,0.00025843133335001767,0.00025843133335001767,0.00025843133335001767,0.00025843133335001767,0.00025843133335001767,0.00025843133335001767,0.00025843133335001767,1.0
410,0.0,0.0,0.0,0.0,0.0,0.0,0.0,0.0,3.5587529509939486e-06,3.5587529509939486e-06,3.5587529509939486e-06,3.5587529509939486e-06,3.5587529509939486e-06,3.5587529509939486e-06,3.5587529509939486e-06,3.5587529509939486e-06,0.0
411,1.0,1.0,1.0,1.0,1.0,1.0,1.0,1.0,0.23157474398612976,0.23157474398612976,0.23157474398612976,0.23157474398612976,0.23157474398612976,0.23157474398612976,0.23157474398612976,0.23157474398612976,1.0
412,0.0,0.0,0.0,0.0,0.0,0.0,0.0,,0.0018978510051965714,0.0018978510051965714,0.0018978510051965714,0.0018978510051965714,0.0018978510051965714,0.0018978510051965714,0.0018978510051965714,0.0018978510051965714,4.0
413,1.0,1.0,1.0,1.0,1.0,1.0,0.0,,4.0109491237672046e-05,4.0109491237672046e-05,4.0109491237672046e-05,4.0109491237672046e-05,4.0109491237672046e-05,4.0109491237672046e-05,4.0109491237672046e-05,4.0109491237672046e-05,2.0
414,0.0,0.0,0.0,0.0,0.0,0.0,0.0,0.0,1.7808009943109937e-05,1.7808009943109937e-05,1.7808009943109937e-05,1.7808009943109937e-05,1.7808009943109937e-05,1.7808009943109937e-05,1.7808009943109937e-05,1.7808009943109937e-05,0.0
415,0.0,,1.0,,1.0,1.0,,,0.0021621871273964643,0.0021621871273964643,0.0021621871273964643,0.0021621871273964643,0.0021621871273964643,0.0021621871273964643,0.0021621871273964643,0.0021621871273964643,2.0
416,0.0,0.0,0.0,0.0,0.0,0.0,,,1.6819221855257638e-05,1.6819221855257638e-05,1.6819221855257638e-05,1.6819221855257638e-05,1.6819221855257638e-05,1.6819221855257638e-05,1.6819221855257638e-05,1.6819221855257638e-05,0.0
417,,0.0,0.0,0.0,0.0,,0.0,0.0,1.8118635125574656e-05,1.8118635125574656e-05,1.8118635125574656e-05,1.8118635125574656e-05,1.8118635125574656e-05,1.8118635125574656e-05,1.8118635125574656e-05,1.8118635125574656e-05,4.0
418,1.0,,1.0,0.0,1.0,1.0,,,0.0024551106616854668,0.0024551106616854668,0.0024551106616854668,0.0024551106616854668,0.0024551106616854668,0.0024551106616854668,0.0024551106616854668,0.0024551106616854668,4.0
419,0.0,0.0,0.0,0.0,0.0,0.0,0.0,0.0,0.00013704667799174786,0.00013704667799174786,0.00013704667799174786,0.00013704667799174786,0.00013704667799174786,0.00013704667799174786,0.00013704667799174786,0.00013704667799174786,2.0
420,1.0,,1.0,1.0,1.0,1.0,,,0.00012013268860755488,0.00012013268860755488,0.00012013268860755488,0.00012013268860755488,0.00012013268860755488,0.00012013268860755488,0.00012013268860755488,0.00012013268860755488,0.0
421,0.0,,0.0,,0.0,0.0,,,5.705681815015851e-06,5.705681815015851e-06,5.705681815015851e-06,5.705681815015851e-06,5.705681815015851e-06,5.705681815015851e-06,5.705681815015851e-06,5.705681815015851e-06,2.0
422,0.0,0.0,0.0,0.0,0.0,0.0,0.0,0.0,3.2345769795938395e-06,3.2345769795938395e-06,3.2345769795938395e-06,3.2345769795938395e-06,3.2345769795938395e-06,3.2345769795938395e-06,3.2345769795938395e-06,3.2345769795938395e-06,0.0
423,0.0,0.0,1.0,0.0,1.0,0.0,1.0,,4.404534774948843e-05,4.404534774948843e-05,4.404534774948843e-05,4.404534774948843e-05,4.404534774948843e-05,4.404534774948843e-05,4.404534774948843e-05,4.404534774948843e-05,1.0
424,1.0,,1.0,,1.0,1.0,,,0.00143235654104501,0.00143235654104501,0.00143235654104501,0.00143235654104501,0.00143235654104501,0.00143235654104501,0.00143235654104501,0.00143235654104501,3.0
425,1.0,1.0,1.0,1.0,1.0,1.0,1.0,0.0,0.007204830180853605,0.007204830180853605,0.007204830180853605,0.007204830180853605,0.007204830180853605,0.007204830180853605,0.007204830180853605,0.007204830180853605,2.0
426,0.0,,0.0,0.0,0.0,0.0,,,3.616488129409845e-06,3.616488129409845e-06,3.616488129409845e-06,3.616488129409845e-06,3.616488129409845e-06,3.616488129409845e-06,3.616488129409845e-06,3.616488129409845e-06,0.0
427,1.0,1.0,1.0,1.0,1.0,0.0,0.0,,0.6840305924415588,0.6840305924415588,0.6840305924415588,0.6840305924415588,0.6840305924415588,0.6840305924415588,0.6840305924415588,0.6840305924415588,1.0
428,,,,,,,0.0,0.0,8.535651431884617e-05,8.535651431884617e-05,8.535651431884617e-05,8.535651431884617e-05,8.535651431884617e-05,8.535651431884617e-05,8.535651431884617e-05,8.535651431884617e-05,2.0
429,1.0,1.0,0.0,0.0,1.0,0.0,0.0,0.0,0.0014213103568181396,0.0014213103568181396,0.0014213103568181396,0.0014213103568181396,0.0014213103568181396,0.0014213103568181396,0.0014213103568181396,0.0014213103568181396,1.0
430,0.0,,0.0,0.0,0.0,0.0,,,9.376753587275743e-05,9.376753587275743e-05,9.376753587275743e-05,9.376753587275743e-05,9.376753587275743e-05,9.376753587275743e-05,9.376753587275743e-05,9.376753587275743e-05,0.0
431,0.0,0.0,0.0,0.0,1.0,0.0,0.0,0.0,8.964548214862589e-06,8.964548214862589e-06,8.964548214862589e-06,8.964548214862589e-06,8.964548214862589e-06,8.964548214862589e-06,8.964548214862589e-06,8.964548214862589e-06,4.0
432,1.0,,1.0,,1.0,1.0,,,0.16547314822673798,0.16547314822673798,0.16547314822673798,0.16547314822673798,0.16547314822673798,0.16547314822673798,0.16547314822673798,0.16547314822673798,0.0
433,1.0,0.0,1.0,1.0,1.0,0.0,0.0,0.0,0.3794203996658325,0.3794203996658325,0.3794203996658325,0.3794203996658325,0.3794203996658325,0.3794203996658325,0.3794203996658325,0.3794203996658325,0.0
434,1.0,1.0,1.0,1.0,1.0,1.0,1.0,,0.02325817197561264,0.02325817197561264,0.02325817197561264,0.02325817197561264,0.02325817197561264,0.02325817197561264,0.02325817197561264,0.02325817197561264,3.0
435,0.0,0.0,0.0,0.0,0.0,0.0,0.0,0.0,5.574834631261183e-06,5.574834631261183e-06,5.574834631261183e-06,5.574834631261183e-06,5.574834631261183e-06,5.574834631261183e-06,5.574834631261183e-06,5.574834631261183e-06,0.0
436,1.0,1.0,1.0,1.0,1.0,1.0,0.0,1.0,0.22008727490901947,0.22008727490901947,0.22008727490901947,0.22008727490901947,0.22008727490901947,0.22008727490901947,0.22008727490901947,0.22008727490901947,1.0
437,1.0,1.0,1.0,1.0,1.0,1.0,,,0.00023161023273132741,0.00023161023273132741,0.00023161023273132741,0.00023161023273132741,0.00023161023273132741,0.00023161023273132741,0.00023161023273132741,0.00023161023273132741,3.0
438,0.0,0.0,0.0,0.0,0.0,0.0,0.0,0.0,9.362831406178884e-06,9.362831406178884e-06,9.362831406178884e-06,9.362831406178884e-06,9.362831406178884e-06,9.362831406178884e-06,9.362831406178884e-06,9.362831406178884e-06,0.0
439,0.0,1.0,0.0,0.0,1.0,0.0,0.0,0.0,3.977198502980173e-06,3.977198502980173e-06,3.977198502980173e-06,3.977198502980173e-06,3.977198502980173e-06,3.977198502980173e-06,3.977198502980173e-06,3.977198502980173e-06,1.0
440,0.0,,0.0,,0.0,0.0,,,3.773527851080871e-06,3.773527851080871e-06,3.773527851080871e-06,3.773527851080871e-06,3.773527851080871e-06,3.773527851080871e-06,3.773527851080871e-06,3.773527851080871e-06,0.0
441,1.0,1.0,1.0,1.0,1.0,1.0,0.0,0.0,0.004757626447826624,0.004757626447826624,0.004757626447826624,0.004757626447826624,0.004757626447826624,0.004757626447826624,0.004757626447826624,0.004757626447826624,4.0
442,1.0,1.0,1.0,1.0,1.0,1.0,,,0.33050602674484253,0.33050602674484253,0.33050602674484253,0.33050602674484253,0.33050602674484253,0.33050602674484253,0.33050602674484253,0.33050602674484253,2.0
443,0.0,,0.0,,0.0,0.0,,,1.503963744653447e-06,1.503963744653447e-06,1.503963744653447e-06,1.503963744653447e-06,1.503963744653447e-06,1.503963744653447e-06,1.503963744653447e-06,1.503963744653447e-06,0.0
444,1.0,1.0,1.0,1.0,1.0,1.0,1.0,,0.12819093465805054,0.12819093465805054,0.12819093465805054,0.12819093465805054,0.12819093465805054,0.12819093465805054,0.12819093465805054,0.12819093465805054,3.0
445,0.0,0.0,0.0,0.0,1.0,0.0,0.0,,2.5369226932525635e-05,2.5369226932525635e-05,2.5369226932525635e-05,2.5369226932525635e-05,2.5369226932525635e-05,2.5369226932525635e-05,2.5369226932525635e-05,2.5369226932525635e-05,0.0
446,1.0,,1.0,1.0,1.0,1.0,,,0.005235470365732908,0.005235470365732908,0.005235470365732908,0.005235470365732908,0.005235470365732908,0.005235470365732908,0.005235470365732908,0.005235470365732908,3.0
447,1.0,,1.0,1.0,1.0,1.0,0.0,0.0,0.5937020778656006,0.5937020778656006,0.5937020778656006,0.5937020778656006,0.5937020778656006,0.5937020778656006,0.5937020778656006,0.5937020778656006,1.0
448,1.0,,1.0,1.0,1.0,1.0,0.0,0.0,0.00011839602666441351,0.00011839602666441351,0.00011839602666441351,0.00011839602666441351,0.00011839602666441351,0.00011839602666441351,0.00011839602666441351,0.00011839602666441351,3.0
449,,,0.0,,0.0,0.0,,,1.1315507435938343e-05,1.1315507435938343e-05,1.1315507435938343e-05,1.1315507435938343e-05,1.1315507435938343e-05,1.1315507435938343e-05,1.1315507435938343e-05,1.1315507435938343e-05,3.0
450,1.0,1.0,1.0,1.0,1.0,1.0,,,0.5493531227111816,0.5493531227111816,0.5493531227111816,0.5493531227111816,0.5493531227111816,0.5493531227111816,0.5493531227111816,0.5493531227111816,0.0
451,1.0,1.0,1.0,1.0,1.0,1.0,1.0,1.0,0.5770989060401917,0.5770989060401917,0.5770989060401917,0.5770989060401917,0.5770989060401917,0.5770989060401917,0.5770989060401917,0.5770989060401917,2.0
452,0.0,0.0,0.0,0.0,0.0,0.0,0.0,0.0,1.7250578821403906e-05,1.7250578821403906e-05,1.7250578821403906e-05,1.7250578821403906e-05,1.7250578821403906e-05,1.7250578821403906e-05,1.7250578821403906e-05,1.7250578821403906e-05,4.0
453,0.0,0.0,0.0,0.0,0.0,0.0,0.0,0.0,1.273366160603473e-05,1.273366160603473e-05,1.273366160603473e-05,1.273366160603473e-05,1.273366160603473e-05,1.273366160603473e-05,1.273366160603473e-05,1.273366160603473e-05,1.0
454,,,0.0,0.0,1.0,0.0,,,2.7535112167242914e-05,2.7535112167242914e-05,2.7535112167242914e-05,2.7535112167242914e-05,2.7535112167242914e-05,2.7535112167242914e-05,2.7535112167242914e-05,2.7535112167242914e-05,3.0
455,0.0,0.0,0.0,0.0,0.0,0.0,,,6.28391899226699e-06,6.28391899226699e-06,6.28391899226699e-06,6.28391899226699e-06,6.28391899226699e-06,6.28391899226699e-06,6.28391899226699e-06,6.28391899226699e-06,4.0
456,0.0,1.0,1.0,1.0,1.0,0.0,1.0,,0.00017635140102356672,0.00017635140102356672,0.00017635140102356672,0.00017635140102356672,0.00017635140102356672,0.00017635140102356672,0.00017635140102356672,0.00017635140102356672,3.0
457,0.0,0.0,0.0,0.0,0.0,0.0,0.0,0.0,2.236832415292156e-06,2.236832415292156e-06,2.236832415292156e-06,2.236832415292156e-06,2.236832415292156e-06,2.236832415292156e-06,2.236832415292156e-06,2.236832415292156e-06,1.0
458,0.0,0.0,0.0,0.0,0.0,0.0,,,1.3879201105737593e-05,1.3879201105737593e-05,1.3879201105737593e-05,1.3879201105737593e-05,1.3879201105737593e-05,1.3879201105737593e-05,1.3879201105737593e-05,1.3879201105737593e-05,1.0
459,1.0,1.0,1.0,1.0,1.0,1.0,,,0.005013941787183285,0.005013941787183285,0.005013941787183285,0.005013941787183285,0.005013941787183285,0.005013941787183285,0.005013941787183285,0.005013941787183285,4.0
460,0.0,0.0,0.0,0.0,1.0,0.0,0.0,,3.871888111461885e-05,3.871888111461885e-05,3.871888111461885e-05,3.871888111461885e-05,3.871888111461885e-05,3.871888111461885e-05,3.871888111461885e-05,3.871888111461885e-05,3.0
461,0.0,,0.0,,0.0,0.0,,,2.0146776478213724e-06,2.0146776478213724e-06,2.0146776478213724e-06,2.0146776478213724e-06,2.0146776478213724e-06,2.0146776478213724e-06,2.0146776478213724e-06,2.0146776478213724e-06,0.0
462,,,,,,,0.0,0.0,2.7384330678614788e-05,2.7384330678614788e-05,2.7384330678614788e-05,2.7384330678614788e-05,2.7384330678614788e-05,2.7384330678614788e-05,2.7384330678614788e-05,2.7384330678614788e-05,1.0
463,0.0,,0.0,,0.0,0.0,,,1.1163081580889411e-05,1.1163081580889411e-05,1.1163081580889411e-05,1.1163081580889411e-05,1.1163081580889411e-05,1.1163081580889411e-05,1.1163081580889411e-05,1.1163081580889411e-05,0.0
464,,,0.0,0.0,1.0,0.0,,,1.4710545656271279e-05,1.4710545656271279e-05,1.4710545656271279e-05,1.4710545656271279e-05,1.4710545656271279e-05,1.4710545656271279e-05,1.4710545656271279e-05,1.4710545656271279e-05,0.0
465,0.0,,0.0,,0.0,0.0,,,1.1662588804028928e-05,1.1662588804028928e-05,1.1662588804028928e-05,1.1662588804028928e-05,1.1662588804028928e-05,1.1662588804028928e-05,1.1662588804028928e-05,1.1662588804028928e-05,2.0
466,1.0,1.0,1.0,1.0,1.0,1.0,1.0,1.0,0.9484109878540039,0.9484109878540039,0.9484109878540039,0.9484109878540039,0.9484109878540039,0.9484109878540039,0.9484109878540039,0.9484109878540039,4.0
467,1.0,1.0,1.0,1.0,1.0,1.0,1.0,0.0,0.00790324155241251,0.00790324155241251,0.00790324155241251,0.00790324155241251,0.00790324155241251,0.00790324155241251,0.00790324155241251,0.00790324155241251,2.0
468,0.0,0.0,0.0,0.0,0.0,0.0,0.0,0.0,1.1893052032974083e-05,1.1893052032974083e-05,1.1893052032974083e-05,1.1893052032974083e-05,1.1893052032974083e-05,1.1893052032974083e-05,1.1893052032974083e-05,1.1893052032974083e-05,2.0
469,1.0,1.0,1.0,1.0,1.0,1.0,0.0,1.0,0.9986371397972107,0.9986371397972107,0.9986371397972107,0.9986371397972107,0.9986371397972107,0.9986371397972107,0.9986371397972107,0.9986371397972107,4.0
470,1.0,1.0,1.0,0.0,1.0,1.0,1.0,0.0,0.00043313801870681345,0.00043313801870681345,0.00043313801870681345,0.00043313801870681345,0.00043313801870681345,0.00043313801870681345,0.00043313801870681345,0.00043313801870681345,3.0
471,1.0,1.0,1.0,1.0,1.0,1.0,0.0,1.0,0.9314303398132324,0.9314303398132324,0.9314303398132324,0.9314303398132324,0.9314303398132324,0.9314303398132324,0.9314303398132324,0.9314303398132324,0.0
472,1.0,0.0,1.0,0.0,1.0,1.0,1.0,0.0,0.0018563601188361645,0.0018563601188361645,0.0018563601188361645,0.0018563601188361645,0.0018563601188361645,0.0018563601188361645,0.0018563601188361645,0.0018563601188361645,0.0
473,1.0,,1.0,,1.0,0.0,,,0.0029549216851592064,0.0029549216851592064,0.0029549216851592064,0.0029549216851592064,0.0029549216851592064,0.0029549216851592064,0.0029549216851592064,0.0029549216851592064,4.0
474,1.0,1.0,1.0,1.0,1.0,1.0,1.0,0.0,0.1472989320755005,0.1472989320755005,0.1472989320755005,0.1472989320755005,0.1472989320755005,0.1472989320755005,0.1472989320755005,0.1472989320755005,4.0
475,0.0,,0.0,,0.0,0.0,,,8.640854503028095e-06,8.640854503028095e-06,8.640854503028095e-06,8.640854503028095e-06,8.640854503028095e-06,8.640854503028095e-06,8.640854503028095e-06,8.640854503028095e-06,3.0
476,0.0,1.0,1.0,0.0,1.0,0.0,0.0,0.0,0.0001823307975428179,0.0001823307975428179,0.0001823307975428179,0.0001823307975428179,0.0001823307975428179,0.0001823307975428179,0.0001823307975428179,0.0001823307975428179,2.0
477,1.0,1.0,1.0,1.0,1.0,1.0,0.0,0.0,0.012421445921063423,0.012421445921063423,0.012421445921063423,0.012421445921063423,0.012421445921063423,0.012421445921063423,0.012421445921063423,0.012421445921063423,2.0
478,0.0,,0.0,0.0,0.0,0.0,,,0.00017132909852080047,0.00017132909852080047,0.00017132909852080047,0.00017132909852080047,0.00017132909852080047,0.00017132909852080047,0.00017132909852080047,0.00017132909852080047,0.0
479,0.0,,0.0,,0.0,0.0,,,1.7940934412763454e-05,1.7940934412763454e-05,1.7940934412763454e-05,1.7940934412763454e-05,1.7940934412763454e-05,1.7940934412763454e-05,1.7940934412763454e-05,1.7940934412763454e-05,0.0
480,0.0,,1.0,1.0,1.0,1.0,,,8.456569776171818e-05,8.456569776171818e-05,8.456569776171818e-05,8.456569776171818e-05,8.456569776171818e-05,8.456569776171818e-05,8.456569776171818e-05,8.456569776171818e-05,0.0
481,0.0,1.0,1.0,0.0,1.0,0.0,,,2.1030515199527144e-05,2.1030515199527144e-05,2.1030515199527144e-05,2.1030515199527144e-05,2.1030515199527144e-05,2.1030515199527144e-05,2.1030515199527144e-05,2.1030515199527144e-05,2.0
482,0.0,0.0,0.0,0.0,0.0,0.0,0.0,0.0,1.4281893527368084e-05,1.4281893527368084e-05,1.4281893527368084e-05,1.4281893527368084e-05,1.4281893527368084e-05,1.4281893527368084e-05,1.4281893527368084e-05,1.4281893527368084e-05,0.0
483,0.0,0.0,0.0,0.0,0.0,0.0,0.0,,0.00024120059970300645,0.00024120059970300645,0.00024120059970300645,0.00024120059970300645,0.00024120059970300645,0.00024120059970300645,0.00024120059970300645,0.00024120059970300645,1.0
484,0.0,0.0,0.0,0.0,0.0,0.0,0.0,0.0,5.5406122555723414e-05,5.5406122555723414e-05,5.5406122555723414e-05,5.5406122555723414e-05,5.5406122555723414e-05,5.5406122555723414e-05,5.5406122555723414e-05,5.5406122555723414e-05,3.0
485,,,0.0,0.0,0.0,0.0,,,3.7974523365846835e-06,3.7974523365846835e-06,3.7974523365846835e-06,3.7974523365846835e-06,3.7974523365846835e-06,3.7974523365846835e-06,3.7974523365846835e-06,3.7974523365846835e-06,0.0
486,0.0,0.0,0.0,0.0,0.0,0.0,0.0,0.0,1.9274636997579364e-06,1.9274636997579364e-06,1.9274636997579364e-06,1.9274636997579364e-06,1.9274636997579364e-06,1.9274636997579364e-06,1.9274636997579364e-06,1.9274636997579364e-06,0.0
487,,,1.0,,1.0,0.0,,,4.372088824311504e-06,4.372088824311504e-06,4.372088824311504e-06,4.372088824311504e-06,4.372088824311504e-06,4.372088824311504e-06,4.372088824311504e-06,4.372088824311504e-06,4.0
488,1.0,,1.0,0.0,1.0,1.0,,,9.766835864866152e-05,9.766835864866152e-05,9.766835864866152e-05,9.766835864866152e-05,9.766835864866152e-05,9.766835864866152e-05,9.766835864866152e-05,9.766835864866152e-05,4.0
489,0.0,,0.0,0.0,0.0,0.0,,,2.406561407042318e-06,2.406561407042318e-06,2.406561407042318e-06,2.406561407042318e-06,2.406561407042318e-06,2.406561407042318e-06,2.406561407042318e-06,2.406561407042318e-06,2.0
490,,,0.0,,0.0,0.0,,,7.633447967236862e-05,7.633447967236862e-05,7.633447967236862e-05,7.633447967236862e-05,7.633447967236862e-05,7.633447967236862e-05,7.633447967236862e-05,7.633447967236862e-05,2.0
491,1.0,1.0,1.0,1.0,1.0,1.0,0.0,,0.0009680899092927575,0.0009680899092927575,0.0009680899092927575,0.0009680899092927575,0.0009680899092927575,0.0009680899092927575,0.0009680899092927575,0.0009680899092927575,3.0
492,0.0,,0.0,0.0,0.0,0.0,,,8.848954894347116e-05,8.848954894347116e-05,8.848954894347116e-05,8.848954894347116e-05,8.848954894347116e-05,8.848954894347116e-05,8.848954894347116e-05,8.848954894347116e-05,4.0
493,,,0.0,0.0,1.0,0.0,,,3.039998046006076e-05,3.039998046006076e-05,3.039998046006076e-05,3.039998046006076e-05,3.039998046006076e-05,3.039998046006076e-05,3.039998046006076e-05,3.039998046006076e-05,2.0
494,,,1.0,1.0,1.0,1.0,,,0.0004810630634892732,0.0004810630634892732,0.0004810630634892732,0.0004810630634892732,0.0004810630634892732,0.0004810630634892732,0.0004810630634892732,0.0004810630634892732,1.0
495,0.0,,1.0,0.0,1.0,1.0,,,0.0015896253753453493,0.0015896253753453493,0.0015896253753453493,0.0015896253753453493,0.0015896253753453493,0.0015896253753453493,0.0015896253753453493,0.0015896253753453493,0.0
496,1.0,0.0,1.0,1.0,1.0,1.0,0.0,1.0,0.02378409169614315,0.02378409169614315,0.02378409169614315,0.02378409169614315,0.02378409169614315,0.02378409169614315,0.02378409169614315,0.02378409169614315,4.0
497,0.0,0.0,0.0,0.0,0.0,0.0,0.0,0.0,1.1287097549939062e-05,1.1287097549939062e-05,1.1287097549939062e-05,1.1287097549939062e-05,1.1287097549939062e-05,1.1287097549939062e-05,1.1287097549939062e-05,1.1287097549939062e-05,2.0
498,0.0,0.0,0.0,0.0,0.0,0.0,0.0,0.0,0.00022248888853937387,0.00022248888853937387,0.00022248888853937387,0.00022248888853937387,0.00022248888853937387,0.00022248888853937387,0.00022248888853937387,0.00022248888853937387,4.0
499,1.0,1.0,1.0,1.0,1.0,1.0,0.0,,0.008037460036575794,0.008037460036575794,0.008037460036575794,0.008037460036575794,0.008037460036575794,0.008037460036575794,0.008037460036575794,0.008037460036575794,3.0
500,0.0,0.0,0.0,0.0,1.0,0.0,0.0,0.0,2.276319355587475e-05,2.276319355587475e-05,2.276319355587475e-05,2.276319355587475e-05,2.276319355587475e-05,2.276319355587475e-05,2.276319355587475e-05,2.276319355587475e-05,1.0
501,1.0,1.0,1.0,1.0,1.0,1.0,0.0,,0.1156897246837616,0.1156897246837616,0.1156897246837616,0.1156897246837616,0.1156897246837616,0.1156897246837616,0.1156897246837616,0.1156897246837616,3.0
502,0.0,0.0,0.0,0.0,0.0,0.0,0.0,0.0,1.8392745914752595e-05,1.8392745914752595e-05,1.8392745914752595e-05,1.8392745914752595e-05,1.8392745914752595e-05,1.8392745914752595e-05,1.8392745914752595e-05,1.8392745914752595e-05,4.0
503,0.0,,0.0,,0.0,0.0,,,6.288386066444218e-05,6.288386066444218e-05,6.288386066444218e-05,6.288386066444218e-05,6.288386066444218e-05,6.288386066444218e-05,6.288386066444218e-05,6.288386066444218e-05,2.0
504,1.0,,1.0,1.0,0.0,0.0,,,0.03281829133629799,0.03281829133629799,0.03281829133629799,0.03281829133629799,0.03281829133629799,0.03281829133629799,0.03281829133629799,0.03281829133629799,3.0
505,1.0,1.0,1.0,1.0,1.0,1.0,0.0,1.0,0.05113792419433594,0.05113792419433594,0.05113792419433594,0.05113792419433594,0.05113792419433594,0.05113792419433594,0.05113792419433594,0.05113792419433594,1.0
506,0.0,0.0,0.0,0.0,0.0,0.0,0.0,0.0,2.8571987513714703e-06,2.8571987513714703e-06,2.8571987513714703e-06,2.8571987513714703e-06,2.8571987513714703e-06,2.8571987513714703e-06,2.8571987513714703e-06,2.8571987513714703e-06,1.0
507,0.0,0.0,0.0,0.0,0.0,0.0,0.0,0.0,1.6444830180262215e-05,1.6444830180262215e-05,1.6444830180262215e-05,1.6444830180262215e-05,1.6444830180262215e-05,1.6444830180262215e-05,1.6444830180262215e-05,1.6444830180262215e-05,1.0
508,1.0,1.0,1.0,1.0,1.0,1.0,0.0,1.0,0.8687584400177002,0.8687584400177002,0.8687584400177002,0.8687584400177002,0.8687584400177002,0.8687584400177002,0.8687584400177002,0.8687584400177002,0.0
509,1.0,1.0,1.0,1.0,1.0,1.0,1.0,,0.8693607449531555,0.8693607449531555,0.8693607449531555,0.8693607449531555,0.8693607449531555,0.8693607449531555,0.8693607449531555,0.8693607449531555,0.0
510,0.0,,0.0,0.0,0.0,0.0,,,3.9315094909397885e-05,3.9315094909397885e-05,3.9315094909397885e-05,3.9315094909397885e-05,3.9315094909397885e-05,3.9315094909397885e-05,3.9315094909397885e-05,3.9315094909397885e-05,3.0
511,1.0,,1.0,,1.0,1.0,,,0.0019222705159336329,0.0019222705159336329,0.0019222705159336329,0.0019222705159336329,0.0019222705159336329,0.0019222705159336329,0.0019222705159336329,0.0019222705159336329,1.0
512,1.0,,1.0,1.0,1.0,0.0,,,0.07159119844436646,0.07159119844436646,0.07159119844436646,0.07159119844436646,0.07159119844436646,0.07159119844436646,0.07159119844436646,0.07159119844436646,4.0
513,0.0,,1.0,1.0,1.0,0.0,,,0.0028918005991727114,0.0028918005991727114,0.0028918005991727114,0.0028918005991727114,0.0028918005991727114,0.0028918005991727114,0.0028918005991727114,0.0028918005991727114,2.0
514,,,0.0,,0.0,0.0,,,2.3481761672883295e-06,2.3481761672883295e-06,2.3481761672883295e-06,2.3481761672883295e-06,2.3481761672883295e-06,2.3481761672883295e-06,2.3481761672883295e-06,2.3481761672883295e-06,1.0
515,1.0,1.0,1.0,1.0,1.0,1.0,0.0,0.0,0.00029377758619375527,0.00029377758619375527,0.00029377758619375527,0.00029377758619375527,0.00029377758619375527,0.00029377758619375527,0.00029377758619375527,0.00029377758619375527,4.0
516,1.0,1.0,1.0,1.0,1.0,1.0,0.0,,0.0017347768880426884,0.0017347768880426884,0.0017347768880426884,0.0017347768880426884,0.0017347768880426884,0.0017347768880426884,0.0017347768880426884,0.0017347768880426884,2.0
517,1.0,,1.0,1.0,1.0,1.0,,,0.015435612760484219,0.015435612760484219,0.015435612760484219,0.015435612760484219,0.015435612760484219,0.015435612760484219,0.015435612760484219,0.015435612760484219,3.0
518,0.0,1.0,1.0,0.0,1.0,1.0,1.0,0.0,5.107993638375774e-05,5.107993638375774e-05,5.107993638375774e-05,5.107993638375774e-05,5.107993638375774e-05,5.107993638375774e-05,5.107993638375774e-05,5.107993638375774e-05,2.0
519,,,,,,,0.0,0.0,4.777495269081555e-05,4.777495269081555e-05,4.777495269081555e-05,4.777495269081555e-05,4.777495269081555e-05,4.777495269081555e-05,4.777495269081555e-05,4.777495269081555e-05,1.0
520,0.0,,0.0,,0.0,0.0,,,1.1159207133459859e-05,1.1159207133459859e-05,1.1159207133459859e-05,1.1159207133459859e-05,1.1159207133459859e-05,1.1159207133459859e-05,1.1159207133459859e-05,1.1159207133459859e-05,2.0
521,0.0,0.0,0.0,0.0,0.0,0.0,0.0,0.0,1.5881022363828379e-06,1.5881022363828379e-06,1.5881022363828379e-06,1.5881022363828379e-06,1.5881022363828379e-06,1.5881022363828379e-06,1.5881022363828379e-06,1.5881022363828379e-06,4.0
522,0.0,1.0,1.0,0.0,1.0,0.0,0.0,0.0,0.04538470506668091,0.04538470506668091,0.04538470506668091,0.04538470506668091,0.04538470506668091,0.04538470506668091,0.04538470506668091,0.04538470506668091,0.0
523,1.0,1.0,1.0,1.0,1.0,1.0,1.0,,0.9939038157463074,0.9939038157463074,0.9939038157463074,0.9939038157463074,0.9939038157463074,0.9939038157463074,0.9939038157463074,0.9939038157463074,3.0
524,0.0,0.0,0.0,0.0,0.0,0.0,0.0,0.0,2.0940922240697546e-06,2.0940922240697546e-06,2.0940922240697546e-06,2.0940922240697546e-06,2.0940922240697546e-06,2.0940922240697546e-06,2.0940922240697546e-06,2.0940922240697546e-06,4.0
525,0.0,,0.0,,0.0,0.0,,,5.473116743814899e-06,5.473116743814899e-06,5.473116743814899e-06,5.473116743814899e-06,5.473116743814899e-06,5.473116743814899e-06,5.473116743814899e-06,5.473116743814899e-06,3.0
526,1.0,,1.0,1.0,1.0,1.0,1.0,0.0,0.001255208277143538,0.001255208277143538,0.001255208277143538,0.001255208277143538,0.001255208277143538,0.001255208277143538,0.001255208277143538,0.001255208277143538,2.0
527,,,,,1.0,1.0,,,0.0010345736518502235,0.0010345736518502235,0.0010345736518502235,0.0010345736518502235,0.0010345736518502235,0.0010345736518502235,0.0010345736518502235,0.0010345736518502235,0.0
528,0.0,1.0,1.0,0.0,1.0,0.0,0.0,0.0,1.1923259989998769e-05,1.1923259989998769e-05,1.1923259989998769e-05,1.1923259989998769e-05,1.1923259989998769e-05,1.1923259989998769e-05,1.1923259989998769e-05,1.1923259989998769e-05,0.0
529,1.0,1.0,1.0,1.0,1.0,1.0,1.0,,0.0705309733748436,0.0705309733748436,0.0705309733748436,0.0705309733748436,0.0705309733748436,0.0705309733748436,0.0705309733748436,0.0705309733748436,1.0
530,0.0,0.0,0.0,0.0,0.0,0.0,0.0,0.0,4.248386630933965e-06,4.248386630933965e-06,4.248386630933965e-06,4.248386630933965e-06,4.248386630933965e-06,4.248386630933965e-06,4.248386630933965e-06,4.248386630933965e-06,0.0
531,0.0,0.0,0.0,0.0,0.0,0.0,0.0,0.0,5.223422249400755e-06,5.223422249400755e-06,5.223422249400755e-06,5.223422249400755e-06,5.223422249400755e-06,5.223422249400755e-06,5.223422249400755e-06,5.223422249400755e-06,2.0
532,1.0,,1.0,,1.0,1.0,,,0.00024585024220868945,0.00024585024220868945,0.00024585024220868945,0.00024585024220868945,0.00024585024220868945,0.00024585024220868945,0.00024585024220868945,0.00024585024220868945,0.0
533,0.0,0.0,0.0,0.0,0.0,0.0,0.0,0.0,5.021200922783464e-05,5.021200922783464e-05,5.021200922783464e-05,5.021200922783464e-05,5.021200922783464e-05,5.021200922783464e-05,5.021200922783464e-05,5.021200922783464e-05,3.0
534,1.0,1.0,0.0,0.0,0.0,0.0,0.0,0.0,0.0004680437850765884,0.0004680437850765884,0.0004680437850765884,0.0004680437850765884,0.0004680437850765884,0.0004680437850765884,0.0004680437850765884,0.0004680437850765884,1.0
535,1.0,,1.0,1.0,1.0,1.0,,,0.000547382514923811,0.000547382514923811,0.000547382514923811,0.000547382514923811,0.000547382514923811,0.000547382514923811,0.000547382514923811,0.000547382514923811,1.0
536,1.0,1.0,1.0,1.0,1.0,1.0,1.0,1.0,0.8528010845184326,0.8528010845184326,0.8528010845184326,0.8528010845184326,0.8528010845184326,0.8528010845184326,0.8528010845184326,0.8528010845184326,3.0
537,1.0,,1.0,1.0,1.0,1.0,,,0.010104050859808922,0.010104050859808922,0.010104050859808922,0.010104050859808922,0.010104050859808922,0.010104050859808922,0.010104050859808922,0.010104050859808922,4.0
538,0.0,0.0,0.0,0.0,0.0,0.0,,,1.7203281458932906e-05,1.7203281458932906e-05,1.7203281458932906e-05,1.7203281458932906e-05,1.7203281458932906e-05,1.7203281458932906e-05,1.7203281458932906e-05,1.7203281458932906e-05,1.0
539,1.0,1.0,1.0,1.0,1.0,1.0,0.0,0.0,0.017044853419065475,0.017044853419065475,0.017044853419065475,0.017044853419065475,0.017044853419065475,0.017044853419065475,0.017044853419065475,0.017044853419065475,3.0
540,,,0.0,0.0,0.0,0.0,,,0.0003872492234222591,0.0003872492234222591,0.0003872492234222591,0.0003872492234222591,0.0003872492234222591,0.0003872492234222591,0.0003872492234222591,0.0003872492234222591,4.0
541,0.0,0.0,0.0,0.0,0.0,0.0,0.0,0.0,9.806863999983761e-06,9.806863999983761e-06,9.806863999983761e-06,9.806863999983761e-06,9.806863999983761e-06,9.806863999983761e-06,9.806863999983761e-06,9.806863999983761e-06,3.0
542,0.0,0.0,0.0,0.0,0.0,0.0,0.0,0.0,6.029883479641285e-06,6.029883479641285e-06,6.029883479641285e-06,6.029883479641285e-06,6.029883479641285e-06,6.029883479641285e-06,6.029883479641285e-06,6.029883479641285e-06,2.0
543,0.0,1.0,1.0,1.0,1.0,1.0,0.0,0.0,4.066664769197814e-05,4.066664769197814e-05,4.066664769197814e-05,4.066664769197814e-05,4.066664769197814e-05,4.066664769197814e-05,4.066664769197814e-05,4.066664769197814e-05,1.0
544,0.0,,0.0,0.0,0.0,0.0,,,8.559280104236677e-05,8.559280104236677e-05,8.559280104236677e-05,8.559280104236677e-05,8.559280104236677e-05,8.559280104236677e-05,8.559280104236677e-05,8.559280104236677e-05,0.0
545,0.0,,0.0,0.0,0.0,0.0,,,4.327894566813484e-05,4.327894566813484e-05,4.327894566813484e-05,4.327894566813484e-05,4.327894566813484e-05,4.327894566813484e-05,4.327894566813484e-05,4.327894566813484e-05,3.0
546,1.0,1.0,1.0,1.0,1.0,1.0,1.0,1.0,0.848373293876648,0.848373293876648,0.848373293876648,0.848373293876648,0.848373293876648,0.848373293876648,0.848373293876648,0.848373293876648,4.0
547,0.0,0.0,0.0,0.0,0.0,0.0,0.0,0.0,2.4340713935089298e-05,2.4340713935089298e-05,2.4340713935089298e-05,2.4340713935089298e-05,2.4340713935089298e-05,2.4340713935089298e-05,2.4340713935089298e-05,2.4340713935089298e-05,2.0
548,1.0,,1.0,1.0,1.0,1.0,,,0.0027627109084278345,0.0027627109084278345,0.0027627109084278345,0.0027627109084278345,0.0027627109084278345,0.0027627109084278345,0.0027627109084278345,0.0027627109084278345,1.0
549,1.0,1.0,1.0,1.0,1.0,1.0,1.0,0.0,0.21932774782180786,0.21932774782180786,0.21932774782180786,0.21932774782180786,0.21932774782180786,0.21932774782180786,0.21932774782180786,0.21932774782180786,2.0
550,0.0,1.0,1.0,,1.0,1.0,,,0.00015916515258140862,0.00015916515258140862,0.00015916515258140862,0.00015916515258140862,0.00015916515258140862,0.00015916515258140862,0.00015916515258140862,0.00015916515258140862,4.0
551,0.0,1.0,1.0,,1.0,1.0,,,0.0020995710510760546,0.0020995710510760546,0.0020995710510760546,0.0020995710510760546,0.0020995710510760546,0.0020995710510760546,0.0020995710510760546,0.0020995710510760546,2.0
552,0.0,1.0,1.0,0.0,1.0,0.0,0.0,,2.8005122658214532e-05,2.8005122658214532e-05,2.8005122658214532e-05,2.8005122658214532e-05,2.8005122658214532e-05,2.8005122658214532e-05,2.8005122658214532e-05,2.8005122658214532e-05,1.0
553,1.0,,1.0,1.0,1.0,1.0,,,0.9902729392051697,0.9902729392051697,0.9902729392051697,0.9902729392051697,0.9902729392051697,0.9902729392051697,0.9902729392051697,0.9902729392051697,2.0
554,1.0,1.0,1.0,1.0,1.0,1.0,0.0,0.0,0.03787495195865631,0.03787495195865631,0.03787495195865631,0.03787495195865631,0.03787495195865631,0.03787495195865631,0.03787495195865631,0.03787495195865631,0.0
555,0.0,,0.0,0.0,1.0,0.0,,,0.0004782060859724879,0.0004782060859724879,0.0004782060859724879,0.0004782060859724879,0.0004782060859724879,0.0004782060859724879,0.0004782060859724879,0.0004782060859724879,0.0
556,0.0,,0.0,,1.0,0.0,,,3.542141485013417e-06,3.542141485013417e-06,3.542141485013417e-06,3.542141485013417e-06,3.542141485013417e-06,3.542141485013417e-06,3.542141485013417e-06,3.542141485013417e-06,1.0
557,0.0,,0.0,0.0,0.0,0.0,,,2.0057650544913486e-06,2.0057650544913486e-06,2.0057650544913486e-06,2.0057650544913486e-06,2.0057650544913486e-06,2.0057650544913486e-06,2.0057650544913486e-06,2.0057650544913486e-06,1.0
558,1.0,0.0,0.0,1.0,0.0,0.0,0.0,0.0,0.9527660608291626,0.9527660608291626,0.9527660608291626,0.9527660608291626,0.9527660608291626,0.9527660608291626,0.9527660608291626,0.9527660608291626,2.0
559,0.0,0.0,0.0,0.0,0.0,0.0,0.0,0.0,0.00035166097222827375,0.00035166097222827375,0.00035166097222827375,0.00035166097222827375,0.00035166097222827375,0.00035166097222827375,0.00035166097222827375,0.00035166097222827375,4.0
560,0.0,0.0,0.0,0.0,0.0,0.0,0.0,0.0,4.535442349151708e-05,4.535442349151708e-05,4.535442349151708e-05,4.535442349151708e-05,4.535442349151708e-05,4.535442349151708e-05,4.535442349151708e-05,4.535442349151708e-05,2.0
561,0.0,0.0,0.0,0.0,1.0,0.0,0.0,0.0,5.539782432606444e-05,5.539782432606444e-05,5.539782432606444e-05,5.539782432606444e-05,5.539782432606444e-05,5.539782432606444e-05,5.539782432606444e-05,5.539782432606444e-05,1.0
562,0.0,1.0,1.0,0.0,1.0,0.0,0.0,0.0,3.0071103537920862e-05,3.0071103537920862e-05,3.0071103537920862e-05,3.0071103537920862e-05,3.0071103537920862e-05,3.0071103537920862e-05,3.0071103537920862e-05,3.0071103537920862e-05,4.0
563,1.0,1.0,1.0,1.0,1.0,0.0,1.0,,0.027995534241199493,0.027995534241199493,0.027995534241199493,0.027995534241199493,0.027995534241199493,0.027995534241199493,0.027995534241199493,0.027995534241199493,4.0
564,0.0,0.0,0.0,0.0,0.0,0.0,0.0,0.0,0.02508746087551117,0.02508746087551117,0.02508746087551117,0.02508746087551117,0.02508746087551117,0.02508746087551117,0.02508746087551117,0.02508746087551117,0.0
565,0.0,,0.0,,0.0,0.0,,,9.009767381940037e-06,9.009767381940037e-06,9.009767381940037e-06,9.009767381940037e-06,9.009767381940037e-06,9.009767381940037e-06,9.009767381940037e-06,9.009767381940037e-06,0.0
566,0.0,1.0,1.0,1.0,1.0,1.0,1.0,0.0,0.00017760858463589102,0.00017760858463589102,0.00017760858463589102,0.00017760858463589102,0.00017760858463589102,0.00017760858463589102,0.00017760858463589102,0.00017760858463589102,2.0
567,1.0,1.0,1.0,1.0,1.0,1.0,0.0,0.0,0.00027379189850762486,0.00027379189850762486,0.00027379189850762486,0.00027379189850762486,0.00027379189850762486,0.00027379189850762486,0.00027379189850762486,0.00027379189850762486,1.0
568,1.0,1.0,1.0,1.0,1.0,1.0,1.0,,0.033708781003952026,0.033708781003952026,0.033708781003952026,0.033708781003952026,0.033708781003952026,0.033708781003952026,0.033708781003952026,0.033708781003952026,3.0
569,0.0,,0.0,,1.0,1.0,,,0.00017080387624446303,0.00017080387624446303,0.00017080387624446303,0.00017080387624446303,0.00017080387624446303,0.00017080387624446303,0.00017080387624446303,0.00017080387624446303,4.0
570,0.0,,0.0,0.0,0.0,0.0,,,3.929204467567615e-05,3.929204467567615e-05,3.929204467567615e-05,3.929204467567615e-05,3.929204467567615e-05,3.929204467567615e-05,3.929204467567615e-05,3.929204467567615e-05,1.0
571,,0.0,0.0,0.0,0.0,,0.0,0.0,1.632882958801929e-05,1.632882958801929e-05,1.632882958801929e-05,1.632882958801929e-05,1.632882958801929e-05,1.632882958801929e-05,1.632882958801929e-05,1.632882958801929e-05,1.0
572,1.0,1.0,1.0,1.0,1.0,1.0,0.0,1.0,0.7528985738754272,0.7528985738754272,0.7528985738754272,0.7528985738754272,0.7528985738754272,0.7528985738754272,0.7528985738754272,0.7528985738754272,1.0
573,1.0,1.0,1.0,1.0,1.0,1.0,1.0,1.0,0.9911367893218994,0.9911367893218994,0.9911367893218994,0.9911367893218994,0.9911367893218994,0.9911367893218994,0.9911367893218994,0.9911367893218994,2.0
574,1.0,1.0,1.0,1.0,1.0,1.0,1.0,1.0,0.9984318614006042,0.9984318614006042,0.9984318614006042,0.9984318614006042,0.9984318614006042,0.9984318614006042,0.9984318614006042,0.9984318614006042,4.0
575,0.0,0.0,0.0,0.0,0.0,0.0,0.0,0.0,2.9083495974191464e-05,2.9083495974191464e-05,2.9083495974191464e-05,2.9083495974191464e-05,2.9083495974191464e-05,2.9083495974191464e-05,2.9083495974191464e-05,2.9083495974191464e-05,0.0
576,1.0,,1.0,1.0,1.0,1.0,,,0.0028990788850933313,0.0028990788850933313,0.0028990788850933313,0.0028990788850933313,0.0028990788850933313,0.0028990788850933313,0.0028990788850933313,0.0028990788850933313,1.0
577,1.0,1.0,1.0,1.0,1.0,1.0,0.0,1.0,0.9195135235786438,0.9195135235786438,0.9195135235786438,0.9195135235786438,0.9195135235786438,0.9195135235786438,0.9195135235786438,0.9195135235786438,3.0
578,0.0,,0.0,0.0,0.0,0.0,,,1.1415484550525434e-05,1.1415484550525434e-05,1.1415484550525434e-05,1.1415484550525434e-05,1.1415484550525434e-05,1.1415484550525434e-05,1.1415484550525434e-05,1.1415484550525434e-05,2.0
579,1.0,1.0,1.0,1.0,1.0,1.0,1.0,1.0,0.1728789508342743,0.1728789508342743,0.1728789508342743,0.1728789508342743,0.1728789508342743,0.1728789508342743,0.1728789508342743,0.1728789508342743,1.0
580,1.0,1.0,,1.0,1.0,1.0,1.0,0.0,0.18737155199050903,0.18737155199050903,0.18737155199050903,0.18737155199050903,0.18737155199050903,0.18737155199050903,0.18737155199050903,0.18737155199050903,4.0
581,0.0,0.0,0.0,0.0,0.0,0.0,0.0,0.0,1.884466655610595e-06,1.884466655610595e-06,1.884466655610595e-06,1.884466655610595e-06,1.884466655610595e-06,1.884466655610595e-06,1.884466655610595e-06,1.884466655610595e-06,0.0
582,1.0,0.0,0.0,0.0,0.0,0.0,0.0,0.0,0.056222088634967804,0.056222088634967804,0.056222088634967804,0.056222088634967804,0.056222088634967804,0.056222088634967804,0.056222088634967804,0.056222088634967804,0.0
583,1.0,1.0,1.0,1.0,1.0,1.0,,,0.0004483149677980691,0.0004483149677980691,0.0004483149677980691,0.0004483149677980691,0.0004483149677980691,0.0004483149677980691,0.0004483149677980691,0.0004483149677980691,1.0
584,0.0,,0.0,0.0,0.0,0.0,,,2.6640087526175193e-05,2.6640087526175193e-05,2.6640087526175193e-05,2.6640087526175193e-05,2.6640087526175193e-05,2.6640087526175193e-05,2.6640087526175193e-05,2.6640087526175193e-05,1.0
585,0.0,1.0,0.0,,0.0,0.0,,,8.279882422357332e-06,8.279882422357332e-06,8.279882422357332e-06,8.279882422357332e-06,8.279882422357332e-06,8.279882422357332e-06,8.279882422357332e-06,8.279882422357332e-06,1.0
586,0.0,0.0,0.0,,0.0,0.0,,,2.9467489639500855e-06,2.9467489639500855e-06,2.9467489639500855e-06,2.9467489639500855e-06,2.9467489639500855e-06,2.9467489639500855e-06,2.9467489639500855e-06,2.9467489639500855e-06,4.0
587,1.0,1.0,1.0,1.0,1.0,1.0,1.0,0.0,0.08016149699687958,0.08016149699687958,0.08016149699687958,0.08016149699687958,0.08016149699687958,0.08016149699687958,0.08016149699687958,0.08016149699687958,3.0
588,1.0,1.0,1.0,1.0,1.0,1.0,0.0,1.0,0.15350285172462463,0.15350285172462463,0.15350285172462463,0.15350285172462463,0.15350285172462463,0.15350285172462463,0.15350285172462463,0.15350285172462463,1.0
589,1.0,0.0,0.0,1.0,1.0,1.0,0.0,,0.567266583442688,0.567266583442688,0.567266583442688,0.567266583442688,0.567266583442688,0.567266583442688,0.567266583442688,0.567266583442688,2.0
590,1.0,0.0,1.0,1.0,1.0,0.0,0.0,0.0,0.004177123308181763,0.004177123308181763,0.004177123308181763,0.004177123308181763,0.004177123308181763,0.004177123308181763,0.004177123308181763,0.004177123308181763,1.0
591,1.0,1.0,,1.0,1.0,1.0,,,0.9810448288917542,0.9810448288917542,0.9810448288917542,0.9810448288917542,0.9810448288917542,0.9810448288917542,0.9810448288917542,0.9810448288917542,1.0
592,1.0,1.0,1.0,1.0,1.0,1.0,1.0,1.0,0.5264500379562378,0.5264500379562378,0.5264500379562378,0.5264500379562378,0.5264500379562378,0.5264500379562378,0.5264500379562378,0.5264500379562378,2.0
593,0.0,,1.0,0.0,1.0,1.0,,,0.07951098680496216,0.07951098680496216,0.07951098680496216,0.07951098680496216,0.07951098680496216,0.07951098680496216,0.07951098680496216,0.07951098680496216,2.0
594,1.0,,1.0,,1.0,1.0,,,0.002900496358051896,0.002900496358051896,0.002900496358051896,0.002900496358051896,0.002900496358051896,0.002900496358051896,0.002900496358051896,0.002900496358051896,3.0
595,1.0,1.0,1.0,1.0,1.0,1.0,1.0,0.0,0.42245253920555115,0.42245253920555115,0.42245253920555115,0.42245253920555115,0.42245253920555115,0.42245253920555115,0.42245253920555115,0.42245253920555115,3.0
596,1.0,,1.0,,1.0,0.0,,,0.0002991724759340286,0.0002991724759340286,0.0002991724759340286,0.0002991724759340286,0.0002991724759340286,0.0002991724759340286,0.0002991724759340286,0.0002991724759340286,1.0
597,1.0,1.0,1.0,1.0,1.0,1.0,0.0,,0.9567407369613647,0.9567407369613647,0.9567407369613647,0.9567407369613647,0.9567407369613647,0.9567407369613647,0.9567407369613647,0.9567407369613647,2.0
598,0.0,0.0,0.0,0.0,0.0,0.0,0.0,0.0,0.00012022093869745731,0.00012022093869745731,0.00012022093869745731,0.00012022093869745731,0.00012022093869745731,0.00012022093869745731,0.00012022093869745731,0.00012022093869745731,0.0
599,0.0,,0.0,,0.0,0.0,,,4.95087806484662e-05,4.95087806484662e-05,4.95087806484662e-05,4.95087806484662e-05,4.95087806484662e-05,4.95087806484662e-05,4.95087806484662e-05,4.95087806484662e-05,0.0
600,0.0,0.0,0.0,0.0,0.0,0.0,0.0,0.0,5.150730430614203e-05,5.150730430614203e-05,5.150730430614203e-05,5.150730430614203e-05,5.150730430614203e-05,5.150730430614203e-05,5.150730430614203e-05,5.150730430614203e-05,4.0
601,1.0,1.0,1.0,1.0,1.0,1.0,,,0.39617443084716797,0.39617443084716797,0.39617443084716797,0.39617443084716797,0.39617443084716797,0.39617443084716797,0.39617443084716797,0.39617443084716797,1.0
602,,,1.0,,1.0,1.0,,,3.92882211599499e-05,3.92882211599499e-05,3.92882211599499e-05,3.92882211599499e-05,3.92882211599499e-05,3.92882211599499e-05,3.92882211599499e-05,3.92882211599499e-05,0.0
603,0.0,,0.0,,0.0,0.0,,,1.9211011021980084e-06,1.9211011021980084e-06,1.9211011021980084e-06,1.9211011021980084e-06,1.9211011021980084e-06,1.9211011021980084e-06,1.9211011021980084e-06,1.9211011021980084e-06,3.0
604,1.0,1.0,1.0,1.0,1.0,1.0,1.0,1.0,0.02596636489033699,0.02596636489033699,0.02596636489033699,0.02596636489033699,0.02596636489033699,0.02596636489033699,0.02596636489033699,0.02596636489033699,4.0
605,1.0,1.0,1.0,1.0,1.0,1.0,1.0,1.0,0.9910680651664734,0.9910680651664734,0.9910680651664734,0.9910680651664734,0.9910680651664734,0.9910680651664734,0.9910680651664734,0.9910680651664734,0.0
606,0.0,0.0,0.0,0.0,0.0,0.0,0.0,0.0,1.9551391687855357e-06,1.9551391687855357e-06,1.9551391687855357e-06,1.9551391687855357e-06,1.9551391687855357e-06,1.9551391687855357e-06,1.9551391687855357e-06,1.9551391687855357e-06,4.0
607,0.0,1.0,1.0,0.0,1.0,1.0,0.0,0.0,1.0264599950460251e-05,1.0264599950460251e-05,1.0264599950460251e-05,1.0264599950460251e-05,1.0264599950460251e-05,1.0264599950460251e-05,1.0264599950460251e-05,1.0264599950460251e-05,2.0
608,1.0,1.0,1.0,1.0,1.0,1.0,1.0,1.0,0.11990582942962646,0.11990582942962646,0.11990582942962646,0.11990582942962646,0.11990582942962646,0.11990582942962646,0.11990582942962646,0.11990582942962646,4.0
609,1.0,1.0,1.0,1.0,1.0,1.0,,,0.6423457860946655,0.6423457860946655,0.6423457860946655,0.6423457860946655,0.6423457860946655,0.6423457860946655,0.6423457860946655,0.6423457860946655,2.0
610,0.0,0.0,0.0,0.0,0.0,0.0,0.0,0.0,0.00013643488637171686,0.00013643488637171686,0.00013643488637171686,0.00013643488637171686,0.00013643488637171686,0.00013643488637171686,0.00013643488637171686,0.00013643488637171686,0.0
611,,0.0,0.0,0.0,0.0,,0.0,0.0,7.10966878614272e-06,7.10966878614272e-06,7.10966878614272e-06,7.10966878614272e-06,7.10966878614272e-06,7.10966878614272e-06,7.10966878614272e-06,7.10966878614272e-06,0.0
612,1.0,1.0,1.0,1.0,1.0,1.0,,,0.2858617901802063,0.2858617901802063,0.2858617901802063,0.2858617901802063,0.2858617901802063,0.2858617901802063,0.2858617901802063,0.2858617901802063,3.0
613,,,,,1.0,0.0,,,0.00010040599590865895,0.00010040599590865895,0.00010040599590865895,0.00010040599590865895,0.00010040599590865895,0.00010040599590865895,0.00010040599590865895,0.00010040599590865895,0.0
614,0.0,,0.0,0.0,0.0,0.0,,,0.0003140137705486268,0.0003140137705486268,0.0003140137705486268,0.0003140137705486268,0.0003140137705486268,0.0003140137705486268,0.0003140137705486268,0.0003140137705486268,2.0
615,0.0,0.0,0.0,0.0,1.0,0.0,,,0.00018383312271907926,0.00018383312271907926,0.00018383312271907926,0.00018383312271907926,0.00018383312271907926,0.00018383312271907926,0.00018383312271907926,0.00018383312271907926,2.0
616,1.0,1.0,1.0,1.0,1.0,1.0,,,0.09118101000785828,0.09118101000785828,0.09118101000785828,0.09118101000785828,0.09118101000785828,0.09118101000785828,0.09118101000785828,0.09118101000785828,4.0
617,1.0,,1.0,1.0,1.0,1.0,,,0.2742801904678345,0.2742801904678345,0.2742801904678345,0.2742801904678345,0.2742801904678345,0.2742801904678345,0.2742801904678345,0.2742801904678345,1.0
618,1.0,1.0,1.0,1.0,1.0,1.0,1.0,,0.0035684416070580482,0.0035684416070580482,0.0035684416070580482,0.0035684416070580482,0.0035684416070580482,0.0035684416070580482,0.0035684416070580482,0.0035684416070580482,0.0
619,0.0,,0.0,,0.0,0.0,,,8.063581844908185e-06,8.063581844908185e-06,8.063581844908185e-06,8.063581844908185e-06,8.063581844908185e-06,8.063581844908185e-06,8.063581844908185e-06,8.063581844908185e-06,2.0
620,1.0,1.0,1.0,1.0,1.0,1.0,1.0,0.0,0.0004373696574475616,0.0004373696574475616,0.0004373696574475616,0.0004373696574475616,0.0004373696574475616,0.0004373696574475616,0.0004373696574475616,0.0004373696574475616,0.0
621,1.0,1.0,1.0,1.0,1.0,0.0,1.0,0.0,0.015998851507902145,0.015998851507902145,0.015998851507902145,0.015998851507902145,0.015998851507902145,0.015998851507902145,0.015998851507902145,0.015998851507902145,0.0
622,1.0,1.0,1.0,1.0,1.0,1.0,0.0,1.0,0.1261216551065445,0.1261216551065445,0.1261216551065445,0.1261216551065445,0.1261216551065445,0.1261216551065445,0.1261216551065445,0.1261216551065445,3.0
623,1.0,1.0,1.0,1.0,1.0,1.0,1.0,1.0,0.8350913524627686,0.8350913524627686,0.8350913524627686,0.8350913524627686,0.8350913524627686,0.8350913524627686,0.8350913524627686,0.8350913524627686,4.0
624,1.0,1.0,1.0,1.0,,,0.0,,0.9757134914398193,0.9757134914398193,0.9757134914398193,0.9757134914398193,0.9757134914398193,0.9757134914398193,0.9757134914398193,0.9757134914398193,3.0
625,,,,,,,0.0,0.0,0.00013024835789110512,0.00013024835789110512,0.00013024835789110512,0.00013024835789110512,0.00013024835789110512,0.00013024835789110512,0.00013024835789110512,0.00013024835789110512,4.0
626,1.0,1.0,1.0,1.0,1.0,1.0,1.0,1.0,0.9856453537940979,0.9856453537940979,0.9856453537940979,0.9856453537940979,0.9856453537940979,0.9856453537940979,0.9856453537940979,0.9856453537940979,2.0
627,1.0,1.0,1.0,0.0,1.0,1.0,0.0,0.0,0.039284639060497284,0.039284639060497284,0.039284639060497284,0.039284639060497284,0.039284639060497284,0.039284639060497284,0.039284639060497284,0.039284639060497284,4.0
628,1.0,1.0,1.0,1.0,1.0,1.0,1.0,,0.0028835490811616182,0.0028835490811616182,0.0028835490811616182,0.0028835490811616182,0.0028835490811616182,0.0028835490811616182,0.0028835490811616182,0.0028835490811616182,2.0
629,0.0,0.0,0.0,0.0,0.0,0.0,0.0,0.0,5.094657353765797e-06,5.094657353765797e-06,5.094657353765797e-06,5.094657353765797e-06,5.094657353765797e-06,5.094657353765797e-06,5.094657353765797e-06,5.094657353765797e-06,0.0
630,0.0,0.0,0.0,0.0,0.0,0.0,0.0,0.0,1.290078853344312e-05,1.290078853344312e-05,1.290078853344312e-05,1.290078853344312e-05,1.290078853344312e-05,1.290078853344312e-05,1.290078853344312e-05,1.290078853344312e-05,0.0
631,0.0,0.0,0.0,0.0,0.0,0.0,0.0,0.0,1.1614572940743528e-05,1.1614572940743528e-05,1.1614572940743528e-05,1.1614572940743528e-05,1.1614572940743528e-05,1.1614572940743528e-05,1.1614572940743528e-05,1.1614572940743528e-05,2.0
632,0.0,0.0,0.0,0.0,0.0,0.0,0.0,0.0,1.4802864825469442e-05,1.4802864825469442e-05,1.4802864825469442e-05,1.4802864825469442e-05,1.4802864825469442e-05,1.4802864825469442e-05,1.4802864825469442e-05,1.4802864825469442e-05,0.0
633,0.0,0.0,0.0,0.0,0.0,0.0,0.0,0.0,1.560997225169558e-05,1.560997225169558e-05,1.560997225169558e-05,1.560997225169558e-05,1.560997225169558e-05,1.560997225169558e-05,1.560997225169558e-05,1.560997225169558e-05,4.0
634,0.0,1.0,1.0,1.0,1.0,1.0,0.0,0.0,0.003774927230551839,0.003774927230551839,0.003774927230551839,0.003774927230551839,0.003774927230551839,0.003774927230551839,0.003774927230551839,0.003774927230551839,1.0
635,1.0,1.0,1.0,1.0,1.0,1.0,1.0,0.0,0.016355257481336594,0.016355257481336594,0.016355257481336594,0.016355257481336594,0.016355257481336594,0.016355257481336594,0.016355257481336594,0.016355257481336594,4.0
636,1.0,1.0,1.0,1.0,1.0,1.0,1.0,1.0,0.022787941619753838,0.022787941619753838,0.022787941619753838,0.022787941619753838,0.022787941619753838,0.022787941619753838,0.022787941619753838,0.022787941619753838,1.0
637,0.0,,0.0,0.0,0.0,0.0,,,4.069011083629448e-06,4.069011083629448e-06,4.069011083629448e-06,4.069011083629448e-06,4.069011083629448e-06,4.069011083629448e-06,4.069011083629448e-06,4.069011083629448e-06,0.0
638,0.0,0.0,0.0,0.0,0.0,0.0,,,6.786302037653513e-06,6.786302037653513e-06,6.786302037653513e-06,6.786302037653513e-06,6.786302037653513e-06,6.786302037653513e-06,6.786302037653513e-06,6.786302037653513e-06,3.0
639,1.0,1.0,1.0,1.0,1.0,1.0,1.0,0.0,0.0024415571242570877,0.0024415571242570877,0.0024415571242570877,0.0024415571242570877,0.0024415571242570877,0.0024415571242570877,0.0024415571242570877,0.0024415571242570877,4.0
640,0.0,0.0,0.0,0.0,0.0,0.0,0.0,0.0,6.775444489903748e-06,6.775444489903748e-06,6.775444489903748e-06,6.775444489903748e-06,6.775444489903748e-06,6.775444489903748e-06,6.775444489903748e-06,6.775444489903748e-06,4.0
641,0.0,0.0,0.0,0.0,0.0,0.0,0.0,0.0,2.116411678798613e-06,2.116411678798613e-06,2.116411678798613e-06,2.116411678798613e-06,2.116411678798613e-06,2.116411678798613e-06,2.116411678798613e-06,2.116411678798613e-06,4.0
642,,,,,,,0.0,0.0,4.0926257497631013e-05,4.0926257497631013e-05,4.0926257497631013e-05,4.0926257497631013e-05,4.0926257497631013e-05,4.0926257497631013e-05,4.0926257497631013e-05,4.0926257497631013e-05,0.0
643,0.0,,0.0,0.0,0.0,0.0,,,8.552190411137417e-05,8.552190411137417e-05,8.552190411137417e-05,8.552190411137417e-05,8.552190411137417e-05,8.552190411137417e-05,8.552190411137417e-05,8.552190411137417e-05,0.0
644,1.0,1.0,1.0,1.0,1.0,1.0,1.0,1.0,0.9959834814071655,0.9959834814071655,0.9959834814071655,0.9959834814071655,0.9959834814071655,0.9959834814071655,0.9959834814071655,0.9959834814071655,3.0
645,0.0,0.0,0.0,0.0,0.0,0.0,0.0,0.0,3.2771899896033574e-06,3.2771899896033574e-06,3.2771899896033574e-06,3.2771899896033574e-06,3.2771899896033574e-06,3.2771899896033574e-06,3.2771899896033574e-06,3.2771899896033574e-06,2.0
646,1.0,1.0,1.0,1.0,1.0,1.0,0.0,,0.2324770838022232,0.2324770838022232,0.2324770838022232,0.2324770838022232,0.2324770838022232,0.2324770838022232,0.2324770838022232,0.2324770838022232,4.0
647,0.0,,0.0,,0.0,0.0,,,2.0146776478213724e-06,2.0146776478213724e-06,2.0146776478213724e-06,2.0146776478213724e-06,2.0146776478213724e-06,2.0146776478213724e-06,2.0146776478213724e-06,2.0146776478213724e-06,0.0
648,0.0,0.0,0.0,0.0,0.0,0.0,,,7.025967988738557e-06,7.025967988738557e-06,7.025967988738557e-06,7.025967988738557e-06,7.025967988738557e-06,7.025967988738557e-06,7.025967988738557e-06,7.025967988738557e-06,4.0
649,1.0,,1.0,1.0,1.0,1.0,,,0.4432145357131958,0.4432145357131958,0.4432145357131958,0.4432145357131958,0.4432145357131958,0.4432145357131958,0.4432145357131958,0.4432145357131958,1.0
650,1.0,,1.0,1.0,1.0,1.0,,,0.011206278577446938,0.011206278577446938,0.011206278577446938,0.011206278577446938,0.011206278577446938,0.011206278577446938,0.011206278577446938,0.011206278577446938,0.0
651,0.0,,0.0,0.0,0.0,0.0,,,5.4870484746061265e-05,5.4870484746061265e-05,5.4870484746061265e-05,5.4870484746061265e-05,5.4870484746061265e-05,5.4870484746061265e-05,5.4870484746061265e-05,5.4870484746061265e-05,0.0
652,0.0,0.0,0.0,0.0,0.0,0.0,0.0,0.0,1.1980957424384542e-05,1.1980957424384542e-05,1.1980957424384542e-05,1.1980957424384542e-05,1.1980957424384542e-05,1.1980957424384542e-05,1.1980957424384542e-05,1.1980957424384542e-05,3.0
653,1.0,,1.0,1.0,1.0,1.0,,,0.0011182735906913877,0.0011182735906913877,0.0011182735906913877,0.0011182735906913877,0.0011182735906913877,0.0011182735906913877,0.0011182735906913877,0.0011182735906913877,2.0
654,0.0,,0.0,0.0,0.0,0.0,,,0.0015268218703567982,0.0015268218703567982,0.0015268218703567982,0.0015268218703567982,0.0015268218703567982,0.0015268218703567982,0.0015268218703567982,0.0015268218703567982,0.0
655,0.0,,1.0,1.0,1.0,1.0,,,6.48813002044335e-05,6.48813002044335e-05,6.48813002044335e-05,6.48813002044335e-05,6.48813002044335e-05,6.48813002044335e-05,6.48813002044335e-05,6.48813002044335e-05,3.0
656,1.0,0.0,1.0,1.0,1.0,0.0,0.0,,0.4510841369628906,0.4510841369628906,0.4510841369628906,0.4510841369628906,0.4510841369628906,0.4510841369628906,0.4510841369628906,0.4510841369628906,4.0
657,0.0,0.0,0.0,0.0,0.0,0.0,0.0,0.0,0.00013969800784252584,0.00013969800784252584,0.00013969800784252584,0.00013969800784252584,0.00013969800784252584,0.00013969800784252584,0.00013969800784252584,0.00013969800784252584,3.0
658,1.0,1.0,1.0,1.0,1.0,1.0,1.0,1.0,0.9924572706222534,0.9924572706222534,0.9924572706222534,0.9924572706222534,0.9924572706222534,0.9924572706222534,0.9924572706222534,0.9924572706222534,4.0
659,0.0,0.0,0.0,0.0,0.0,1.0,1.0,0.0,8.59733481775038e-05,8.59733481775038e-05,8.59733481775038e-05,8.59733481775038e-05,8.59733481775038e-05,8.59733481775038e-05,8.59733481775038e-05,8.59733481775038e-05,4.0
660,0.0,0.0,0.0,0.0,1.0,0.0,0.0,0.0,0.0002249349927296862,0.0002249349927296862,0.0002249349927296862,0.0002249349927296862,0.0002249349927296862,0.0002249349927296862,0.0002249349927296862,0.0002249349927296862,2.0
661,0.0,0.0,0.0,0.0,0.0,0.0,0.0,0.0,8.319116204802413e-06,8.319116204802413e-06,8.319116204802413e-06,8.319116204802413e-06,8.319116204802413e-06,8.319116204802413e-06,8.319116204802413e-06,8.319116204802413e-06,3.0
662,1.0,1.0,1.0,1.0,1.0,1.0,1.0,1.0,0.9591378569602966,0.9591378569602966,0.9591378569602966,0.9591378569602966,0.9591378569602966,0.9591378569602966,0.9591378569602966,0.9591378569602966,3.0
663,1.0,1.0,0.0,0.0,0.0,0.0,1.0,0.0,0.0011638973373919725,0.0011638973373919725,0.0011638973373919725,0.0011638973373919725,0.0011638973373919725,0.0011638973373919725,0.0011638973373919725,0.0011638973373919725,4.0
664,1.0,1.0,1.0,1.0,1.0,1.0,1.0,0.0,0.0008548696059733629,0.0008548696059733629,0.0008548696059733629,0.0008548696059733629,0.0008548696059733629,0.0008548696059733629,0.0008548696059733629,0.0008548696059733629,2.0
665,0.0,0.0,0.0,0.0,0.0,0.0,0.0,0.0,4.61592117062537e-06,4.61592117062537e-06,4.61592117062537e-06,4.61592117062537e-06,4.61592117062537e-06,4.61592117062537e-06,4.61592117062537e-06,4.61592117062537e-06,3.0
666,0.0,,0.0,,0.0,0.0,,,7.822913175914437e-06,7.822913175914437e-06,7.822913175914437e-06,7.822913175914437e-06,7.822913175914437e-06,7.822913175914437e-06,7.822913175914437e-06,7.822913175914437e-06,3.0
667,1.0,1.0,1.0,1.0,1.0,1.0,,,0.011088195256888866,0.011088195256888866,0.011088195256888866,0.011088195256888866,0.011088195256888866,0.011088195256888866,0.011088195256888866,0.011088195256888866,3.0
668,1.0,1.0,1.0,1.0,1.0,1.0,1.0,0.0,0.19782298803329468,0.19782298803329468,0.19782298803329468,0.19782298803329468,0.19782298803329468,0.19782298803329468,0.19782298803329468,0.19782298803329468,1.0
669,0.0,0.0,0.0,0.0,0.0,0.0,0.0,0.0,8.85525150806643e-06,8.85525150806643e-06,8.85525150806643e-06,8.85525150806643e-06,8.85525150806643e-06,8.85525150806643e-06,8.85525150806643e-06,8.85525150806643e-06,2.0
670,1.0,1.0,1.0,1.0,1.0,1.0,1.0,0.0,0.06705591082572937,0.06705591082572937,0.06705591082572937,0.06705591082572937,0.06705591082572937,0.06705591082572937,0.06705591082572937,0.06705591082572937,0.0
671,0.0,0.0,0.0,0.0,0.0,0.0,0.0,0.0,3.0167266231728718e-06,3.0167266231728718e-06,3.0167266231728718e-06,3.0167266231728718e-06,3.0167266231728718e-06,3.0167266231728718e-06,3.0167266231728718e-06,3.0167266231728718e-06,3.0
672,0.0,0.0,0.0,0.0,0.0,0.0,0.0,0.0,3.845345872832695e-06,3.845345872832695e-06,3.845345872832695e-06,3.845345872832695e-06,3.845345872832695e-06,3.845345872832695e-06,3.845345872832695e-06,3.845345872832695e-06,0.0
673,1.0,1.0,1.0,1.0,1.0,1.0,,,0.05936296284198761,0.05936296284198761,0.05936296284198761,0.05936296284198761,0.05936296284198761,0.05936296284198761,0.05936296284198761,0.05936296284198761,3.0
674,0.0,,0.0,0.0,0.0,0.0,,,4.1831121961877216e-06,4.1831121961877216e-06,4.1831121961877216e-06,4.1831121961877216e-06,4.1831121961877216e-06,4.1831121961877216e-06,4.1831121961877216e-06,4.1831121961877216e-06,1.0
675,1.0,1.0,1.0,1.0,1.0,1.0,,,0.9105910658836365,0.9105910658836365,0.9105910658836365,0.9105910658836365,0.9105910658836365,0.9105910658836365,0.9105910658836365,0.9105910658836365,3.0
676,0.0,,0.0,,0.0,0.0,,,6.47365322947735e-06,6.47365322947735e-06,6.47365322947735e-06,6.47365322947735e-06,6.47365322947735e-06,6.47365322947735e-06,6.47365322947735e-06,6.47365322947735e-06,3.0
677,0.0,0.0,0.0,0.0,0.0,0.0,0.0,0.0,1.070689904736355e-05,1.070689904736355e-05,1.070689904736355e-05,1.070689904736355e-05,1.070689904736355e-05,1.070689904736355e-05,1.070689904736355e-05,1.070689904736355e-05,0.0
678,0.0,,0.0,0.0,0.0,0.0,,,1.784598862286657e-05,1.784598862286657e-05,1.784598862286657e-05,1.784598862286657e-05,1.784598862286657e-05,1.784598862286657e-05,1.784598862286657e-05,1.784598862286657e-05,1.0
679,0.0,0.0,0.0,0.0,0.0,0.0,0.0,0.0,6.205623776622815e-06,6.205623776622815e-06,6.205623776622815e-06,6.205623776622815e-06,6.205623776622815e-06,6.205623776622815e-06,6.205623776622815e-06,6.205623776622815e-06,1.0
680,1.0,1.0,1.0,1.0,1.0,1.0,1.0,,0.5547780990600586,0.5547780990600586,0.5547780990600586,0.5547780990600586,0.5547780990600586,0.5547780990600586,0.5547780990600586,0.5547780990600586,1.0
681,1.0,1.0,,1.0,1.0,,1.0,,0.9641008973121643,0.9641008973121643,0.9641008973121643,0.9641008973121643,0.9641008973121643,0.9641008973121643,0.9641008973121643,0.9641008973121643,4.0
682,1.0,1.0,1.0,1.0,1.0,1.0,0.0,0.0,0.020234020426869392,0.020234020426869392,0.020234020426869392,0.020234020426869392,0.020234020426869392,0.020234020426869392,0.020234020426869392,0.020234020426869392,2.0
683,1.0,1.0,1.0,1.0,1.0,1.0,,,0.019711224362254143,0.019711224362254143,0.019711224362254143,0.019711224362254143,0.019711224362254143,0.019711224362254143,0.019711224362254143,0.019711224362254143,4.0
684,0.0,0.0,0.0,0.0,0.0,0.0,0.0,0.0,2.6225688998238184e-06,2.6225688998238184e-06,2.6225688998238184e-06,2.6225688998238184e-06,2.6225688998238184e-06,2.6225688998238184e-06,2.6225688998238184e-06,2.6225688998238184e-06,4.0
685,0.0,0.0,0.0,0.0,0.0,0.0,0.0,0.0,3.2148118407349102e-06,3.2148118407349102e-06,3.2148118407349102e-06,3.2148118407349102e-06,3.2148118407349102e-06,3.2148118407349102e-06,3.2148118407349102e-06,3.2148118407349102e-06,1.0
686,0.0,,0.0,0.0,1.0,0.0,,,5.459698149934411e-05,5.459698149934411e-05,5.459698149934411e-05,5.459698149934411e-05,5.459698149934411e-05,5.459698149934411e-05,5.459698149934411e-05,5.459698149934411e-05,1.0
687,0.0,,0.0,0.0,0.0,0.0,,,2.715335722314194e-05,2.715335722314194e-05,2.715335722314194e-05,2.715335722314194e-05,2.715335722314194e-05,2.715335722314194e-05,2.715335722314194e-05,2.715335722314194e-05,2.0
688,0.0,1.0,1.0,0.0,1.0,1.0,0.0,0.0,0.0004813146952074021,0.0004813146952074021,0.0004813146952074021,0.0004813146952074021,0.0004813146952074021,0.0004813146952074021,0.0004813146952074021,0.0004813146952074021,3.0
689,0.0,1.0,1.0,0.0,1.0,0.0,0.0,0.0,3.6245684896130115e-05,3.6245684896130115e-05,3.6245684896130115e-05,3.6245684896130115e-05,3.6245684896130115e-05,3.6245684896130115e-05,3.6245684896130115e-05,3.6245684896130115e-05,4.0
690,1.0,,1.0,1.0,1.0,1.0,,,0.0008218309376388788,0.0008218309376388788,0.0008218309376388788,0.0008218309376388788,0.0008218309376388788,0.0008218309376388788,0.0008218309376388788,0.0008218309376388788,4.0
691,,,,,,,0.0,0.0,0.00018938377615995705,0.00018938377615995705,0.00018938377615995705,0.00018938377615995705,0.00018938377615995705,0.00018938377615995705,0.00018938377615995705,0.00018938377615995705,3.0
692,,,,,,,0.0,0.0,0.012282446958124638,0.012282446958124638,0.012282446958124638,0.012282446958124638,0.012282446958124638,0.012282446958124638,0.012282446958124638,0.012282446958124638,2.0
693,0.0,0.0,0.0,0.0,0.0,0.0,0.0,0.0,9.256797056877986e-06,9.256797056877986e-06,9.256797056877986e-06,9.256797056877986e-06,9.256797056877986e-06,9.256797056877986e-06,9.256797056877986e-06,9.256797056877986e-06,1.0
694,0.0,0.0,0.0,0.0,0.0,0.0,0.0,0.0,9.656913789513055e-06,9.656913789513055e-06,9.656913789513055e-06,9.656913789513055e-06,9.656913789513055e-06,9.656913789513055e-06,9.656913789513055e-06,9.656913789513055e-06,1.0
695,1.0,,1.0,,1.0,1.0,,,0.020618779584765434,0.020618779584765434,0.020618779584765434,0.020618779584765434,0.020618779584765434,0.020618779584765434,0.020618779584765434,0.020618779584765434,1.0
696,0.0,0.0,0.0,0.0,1.0,0.0,0.0,0.0,0.0016102514928206801,0.0016102514928206801,0.0016102514928206801,0.0016102514928206801,0.0016102514928206801,0.0016102514928206801,0.0016102514928206801,0.0016102514928206801,4.0
697,1.0,1.0,1.0,0.0,1.0,0.0,0.0,0.0,0.04260195046663284,0.04260195046663284,0.04260195046663284,0.04260195046663284,0.04260195046663284,0.04260195046663284,0.04260195046663284,0.04260195046663284,3.0
698,0.0,0.0,0.0,0.0,0.0,0.0,0.0,0.0,3.399685738258995e-05,3.399685738258995e-05,3.399685738258995e-05,3.399685738258995e-05,3.399685738258995e-05,3.399685738258995e-05,3.399685738258995e-05,3.399685738258995e-05,4.0
699,1.0,0.0,0.0,0.0,0.0,0.0,0.0,0.0,0.00027615815633907914,0.00027615815633907914,0.00027615815633907914,0.00027615815633907914,0.00027615815633907914,0.00027615815633907914,0.00027615815633907914,0.00027615815633907914,4.0
700,0.0,0.0,0.0,0.0,0.0,0.0,0.0,0.0,1.8608714526635595e-05,1.8608714526635595e-05,1.8608714526635595e-05,1.8608714526635595e-05,1.8608714526635595e-05,1.8608714526635595e-05,1.8608714526635595e-05,1.8608714526635595e-05,0.0
701,0.0,0.0,0.0,0.0,0.0,0.0,0.0,0.0,4.1068069549510255e-06,4.1068069549510255e-06,4.1068069549510255e-06,4.1068069549510255e-06,4.1068069549510255e-06,4.1068069549510255e-06,4.1068069549510255e-06,4.1068069549510255e-06,2.0
702,0.0,,0.0,0.0,0.0,0.0,,,3.41352861141786e-05,3.41352861141786e-05,3.41352861141786e-05,3.41352861141786e-05,3.41352861141786e-05,3.41352861141786e-05,3.41352861141786e-05,3.41352861141786e-05,4.0
703,0.0,0.0,0.0,0.0,0.0,0.0,0.0,0.0,2.92615732178092e-05,2.92615732178092e-05,2.92615732178092e-05,2.92615732178092e-05,2.92615732178092e-05,2.92615732178092e-05,2.92615732178092e-05,2.92615732178092e-05,4.0
704,0.0,0.0,0.0,0.0,0.0,0.0,0.0,0.0,1.915478424052708e-05,1.915478424052708e-05,1.915478424052708e-05,1.915478424052708e-05,1.915478424052708e-05,1.915478424052708e-05,1.915478424052708e-05,1.915478424052708e-05,1.0
705,1.0,0.0,1.0,1.0,1.0,0.0,0.0,0.0,0.00011937980889342725,0.00011937980889342725,0.00011937980889342725,0.00011937980889342725,0.00011937980889342725,0.00011937980889342725,0.00011937980889342725,0.00011937980889342725,0.0
706,1.0,1.0,1.0,1.0,1.0,1.0,0.0,0.0,0.0002518793917261064,0.0002518793917261064,0.0002518793917261064,0.0002518793917261064,0.0002518793917261064,0.0002518793917261064,0.0002518793917261064,0.0002518793917261064,2.0
707,1.0,1.0,1.0,0.0,1.0,0.0,,,0.002116622868925333,0.002116622868925333,0.002116622868925333,0.002116622868925333,0.002116622868925333,0.002116622868925333,0.002116622868925333,0.002116622868925333,1.0
708,0.0,,0.0,,0.0,0.0,,,1.8501217709854245e-05,1.8501217709854245e-05,1.8501217709854245e-05,1.8501217709854245e-05,1.8501217709854245e-05,1.8501217709854245e-05,1.8501217709854245e-05,1.8501217709854245e-05,3.0
709,0.0,0.0,0.0,0.0,0.0,0.0,,,6.307340299827047e-06,6.307340299827047e-06,6.307340299827047e-06,6.307340299827047e-06,6.307340299827047e-06,6.307340299827047e-06,6.307340299827047e-06,6.307340299827047e-06,4.0
710,,,,,1.0,0.0,,,5.6439075706293806e-05,5.6439075706293806e-05,5.6439075706293806e-05,5.6439075706293806e-05,5.6439075706293806e-05,5.6439075706293806e-05,5.6439075706293806e-05,5.6439075706293806e-05,2.0
711,0.0,,1.0,1.0,1.0,1.0,,,0.16652895510196686,0.16652895510196686,0.16652895510196686,0.16652895510196686,0.16652895510196686,0.16652895510196686,0.16652895510196686,0.16652895510196686,2.0
712,0.0,0.0,0.0,0.0,0.0,0.0,0.0,0.0,0.0001388785312883556,0.0001388785312883556,0.0001388785312883556,0.0001388785312883556,0.0001388785312883556,0.0001388785312883556,0.0001388785312883556,0.0001388785312883556,2.0
713,1.0,1.0,1.0,1.0,1.0,1.0,1.0,1.0,0.028584005311131477,0.028584005311131477,0.028584005311131477,0.028584005311131477,0.028584005311131477,0.028584005311131477,0.028584005311131477,0.028584005311131477,3.0
714,1.0,1.0,1.0,1.0,1.0,1.0,1.0,1.0,0.9131107926368713,0.9131107926368713,0.9131107926368713,0.9131107926368713,0.9131107926368713,0.9131107926368713,0.9131107926368713,0.9131107926368713,2.0
715,0.0,,0.0,0.0,1.0,1.0,,,4.7565023123752326e-05,4.7565023123752326e-05,4.7565023123752326e-05,4.7565023123752326e-05,4.7565023123752326e-05,4.7565023123752326e-05,4.7565023123752326e-05,4.7565023123752326e-05,1.0
716,0.0,0.0,0.0,0.0,0.0,0.0,0.0,0.0,6.544449206558056e-06,6.544449206558056e-06,6.544449206558056e-06,6.544449206558056e-06,6.544449206558056e-06,6.544449206558056e-06,6.544449206558056e-06,6.544449206558056e-06,3.0
717,1.0,1.0,1.0,1.0,1.0,1.0,0.0,0.0,0.014817914925515652,0.014817914925515652,0.014817914925515652,0.014817914925515652,0.014817914925515652,0.014817914925515652,0.014817914925515652,0.014817914925515652,3.0
718,0.0,,0.0,0.0,0.0,0.0,,,8.096423698589206e-05,8.096423698589206e-05,8.096423698589206e-05,8.096423698589206e-05,8.096423698589206e-05,8.096423698589206e-05,8.096423698589206e-05,8.096423698589206e-05,3.0
719,0.0,,0.0,,1.0,0.0,,,8.53257515700534e-05,8.53257515700534e-05,8.53257515700534e-05,8.53257515700534e-05,8.53257515700534e-05,8.53257515700534e-05,8.53257515700534e-05,8.53257515700534e-05,1.0
720,0.0,0.0,0.0,0.0,0.0,0.0,0.0,0.0,3.3034233638318256e-05,3.3034233638318256e-05,3.3034233638318256e-05,3.3034233638318256e-05,3.3034233638318256e-05,3.3034233638318256e-05,3.3034233638318256e-05,3.3034233638318256e-05,2.0
721,0.0,0.0,0.0,0.0,0.0,0.0,0.0,0.0,9.024618520925287e-06,9.024618520925287e-06,9.024618520925287e-06,9.024618520925287e-06,9.024618520925287e-06,9.024618520925287e-06,9.024618520925287e-06,9.024618520925287e-06,2.0
722,1.0,1.0,1.0,1.0,1.0,0.0,0.0,1.0,0.11627741158008575,0.11627741158008575,0.11627741158008575,0.11627741158008575,0.11627741158008575,0.11627741158008575,0.11627741158008575,0.11627741158008575,2.0
723,0.0,0.0,0.0,0.0,0.0,0.0,0.0,0.0,3.259597860960639e-06,3.259597860960639e-06,3.259597860960639e-06,3.259597860960639e-06,3.259597860960639e-06,3.259597860960639e-06,3.259597860960639e-06,3.259597860960639e-06,2.0
724,,,0.0,,0.0,0.0,,,3.734264100785367e-05,3.734264100785367e-05,3.734264100785367e-05,3.734264100785367e-05,3.734264100785367e-05,3.734264100785367e-05,3.734264100785367e-05,3.734264100785367e-05,2.0
725,0.0,1.0,0.0,,0.0,0.0,,,0.0005885661812499166,0.0005885661812499166,0.0005885661812499166,0.0005885661812499166,0.0005885661812499166,0.0005885661812499166,0.0005885661812499166,0.0005885661812499166,3.0
726,0.0,,0.0,0.0,1.0,0.0,,,0.012168703600764275,0.012168703600764275,0.012168703600764275,0.012168703600764275,0.012168703600764275,0.012168703600764275,0.012168703600764275,0.012168703600764275,4.0
727,0.0,,1.0,,1.0,0.0,,,6.172284338390455e-05,6.172284338390455e-05,6.172284338390455e-05,6.172284338390455e-05,6.172284338390455e-05,6.172284338390455e-05,6.172284338390455e-05,6.172284338390455e-05,1.0
728,1.0,1.0,1.0,1.0,1.0,1.0,1.0,1.0,0.15178626775741577,0.15178626775741577,0.15178626775741577,0.15178626775741577,0.15178626775741577,0.15178626775741577,0.15178626775741577,0.15178626775741577,4.0
729,0.0,,0.0,0.0,0.0,0.0,,,1.478797730669612e-05,1.478797730669612e-05,1.478797730669612e-05,1.478797730669612e-05,1.478797730669612e-05,1.478797730669612e-05,1.478797730669612e-05,1.478797730669612e-05,0.0
730,1.0,1.0,1.0,1.0,1.0,1.0,1.0,0.0,0.1448274552822113,0.1448274552822113,0.1448274552822113,0.1448274552822113,0.1448274552822113,0.1448274552822113,0.1448274552822113,0.1448274552822113,2.0
731,0.0,0.0,0.0,0.0,0.0,0.0,0.0,0.0,9.152871825790498e-06,9.152871825790498e-06,9.152871825790498e-06,9.152871825790498e-06,9.152871825790498e-06,9.152871825790498e-06,9.152871825790498e-06,9.152871825790498e-06,3.0
732,1.0,1.0,1.0,1.0,1.0,1.0,,,0.07316785305738449,0.07316785305738449,0.07316785305738449,0.07316785305738449,0.07316785305738449,0.07316785305738449,0.07316785305738449,0.07316785305738449,3.0
733,0.0,0.0,0.0,0.0,0.0,0.0,0.0,0.0,2.6288556910003535e-05,2.6288556910003535e-05,2.6288556910003535e-05,2.6288556910003535e-05,2.6288556910003535e-05,2.6288556910003535e-05,2.6288556910003535e-05,2.6288556910003535e-05,0.0
734,,,1.0,1.0,1.0,1.0,,,0.007695300970226526,0.007695300970226526,0.007695300970226526,0.007695300970226526,0.007695300970226526,0.007695300970226526,0.007695300970226526,0.007695300970226526,3.0
735,0.0,0.0,0.0,0.0,0.0,0.0,0.0,0.0,5.4663041737512685e-06,5.4663041737512685e-06,5.4663041737512685e-06,5.4663041737512685e-06,5.4663041737512685e-06,5.4663041737512685e-06,5.4663041737512685e-06,5.4663041737512685e-06,3.0
736,0.0,1.0,1.0,1.0,1.0,1.0,,,0.0005206564674153924,0.0005206564674153924,0.0005206564674153924,0.0005206564674153924,0.0005206564674153924,0.0005206564674153924,0.0005206564674153924,0.0005206564674153924,0.0
737,1.0,1.0,1.0,1.0,1.0,1.0,1.0,1.0,0.9952594637870789,0.9952594637870789,0.9952594637870789,0.9952594637870789,0.9952594637870789,0.9952594637870789,0.9952594637870789,0.9952594637870789,3.0
738,1.0,1.0,1.0,0.0,1.0,1.0,0.0,0.0,0.17192406952381134,0.17192406952381134,0.17192406952381134,0.17192406952381134,0.17192406952381134,0.17192406952381134,0.17192406952381134,0.17192406952381134,3.0
739,1.0,1.0,1.0,1.0,1.0,1.0,1.0,,0.06787296384572983,0.06787296384572983,0.06787296384572983,0.06787296384572983,0.06787296384572983,0.06787296384572983,0.06787296384572983,0.06787296384572983,3.0
740,1.0,,1.0,1.0,1.0,1.0,,,0.9918598532676697,0.9918598532676697,0.9918598532676697,0.9918598532676697,0.9918598532676697,0.9918598532676697,0.9918598532676697,0.9918598532676697,4.0
741,1.0,1.0,1.0,1.0,1.0,1.0,1.0,0.0,0.044504716992378235,0.044504716992378235,0.044504716992378235,0.044504716992378235,0.044504716992378235,0.044504716992378235,0.044504716992378235,0.044504716992378235,0.0
742,0.0,,0.0,,0.0,0.0,,,2.7435957235866226e-05,2.7435957235866226e-05,2.7435957235866226e-05,2.7435957235866226e-05,2.7435957235866226e-05,2.7435957235866226e-05,2.7435957235866226e-05,2.7435957235866226e-05,0.0
743,0.0,,1.0,,1.0,1.0,,,0.0007666266174055636,0.0007666266174055636,0.0007666266174055636,0.0007666266174055636,0.0007666266174055636,0.0007666266174055636,0.0007666266174055636,0.0007666266174055636,2.0
744,1.0,1.0,1.0,1.0,1.0,0.0,1.0,0.0,0.005370484199374914,0.005370484199374914,0.005370484199374914,0.005370484199374914,0.005370484199374914,0.005370484199374914,0.005370484199374914,0.005370484199374914,0.0
745,0.0,0.0,0.0,0.0,0.0,0.0,0.0,0.0,3.990758614236256e-06,3.990758614236256e-06,3.990758614236256e-06,3.990758614236256e-06,3.990758614236256e-06,3.990758614236256e-06,3.990758614236256e-06,3.990758614236256e-06,2.0
746,0.0,,0.0,0.0,0.0,0.0,,,1.411061930411961e-06,1.411061930411961e-06,1.411061930411961e-06,1.411061930411961e-06,1.411061930411961e-06,1.411061930411961e-06,1.411061930411961e-06,1.411061930411961e-06,1.0
747,0.0,,0.0,0.0,1.0,0.0,,,4.177347364020534e-06,4.177347364020534e-06,4.177347364020534e-06,4.177347364020534e-06,4.177347364020534e-06,4.177347364020534e-06,4.177347364020534e-06,4.177347364020534e-06,4.0
748,,,0.0,0.0,0.0,0.0,,,2.195935303461738e-05,2.195935303461738e-05,2.195935303461738e-05,2.195935303461738e-05,2.195935303461738e-05,2.195935303461738e-05,2.195935303461738e-05,2.195935303461738e-05,1.0
749,0.0,0.0,0.0,0.0,1.0,0.0,0.0,0.0,7.2342918429058045e-06,7.2342918429058045e-06,7.2342918429058045e-06,7.2342918429058045e-06,7.2342918429058045e-06,7.2342918429058045e-06,7.2342918429058045e-06,7.2342918429058045e-06,3.0
750,0.0,0.0,0.0,0.0,1.0,0.0,,,3.082071270910092e-05,3.082071270910092e-05,3.082071270910092e-05,3.082071270910092e-05,3.082071270910092e-05,3.082071270910092e-05,3.082071270910092e-05,3.082071270910092e-05,3.0
751,1.0,1.0,1.0,1.0,1.0,1.0,1.0,,0.01234624907374382,0.01234624907374382,0.01234624907374382,0.01234624907374382,0.01234624907374382,0.01234624907374382,0.01234624907374382,0.01234624907374382,3.0
752,1.0,1.0,1.0,1.0,1.0,1.0,1.0,,0.22720198333263397,0.22720198333263397,0.22720198333263397,0.22720198333263397,0.22720198333263397,0.22720198333263397,0.22720198333263397,0.22720198333263397,1.0
753,0.0,0.0,0.0,0.0,0.0,0.0,0.0,0.0,2.1439461761474377e-06,2.1439461761474377e-06,2.1439461761474377e-06,2.1439461761474377e-06,2.1439461761474377e-06,2.1439461761474377e-06,2.1439461761474377e-06,2.1439461761474377e-06,4.0
754,0.0,,0.0,0.0,1.0,0.0,,,3.581366854632506e-06,3.581366854632506e-06,3.581366854632506e-06,3.581366854632506e-06,3.581366854632506e-06,3.581366854632506e-06,3.581366854632506e-06,3.581366854632506e-06,2.0
755,0.0,0.0,0.0,,0.0,0.0,,,5.624729055853095e-06,5.624729055853095e-06,5.624729055853095e-06,5.624729055853095e-06,5.624729055853095e-06,5.624729055853095e-06,5.624729055853095e-06,5.624729055853095e-06,0.0
756,1.0,1.0,1.0,1.0,1.0,1.0,1.0,0.0,0.9887632131576538,0.9887632131576538,0.9887632131576538,0.9887632131576538,0.9887632131576538,0.9887632131576538,0.9887632131576538,0.9887632131576538,0.0
757,0.0,0.0,0.0,0.0,0.0,0.0,0.0,0.0,6.559113444382092e-06,6.559113444382092e-06,6.559113444382092e-06,6.559113444382092e-06,6.559113444382092e-06,6.559113444382092e-06,6.559113444382092e-06,6.559113444382092e-06,2.0
758,0.0,,0.0,0.0,1.0,0.0,,,0.00011851484305225313,0.00011851484305225313,0.00011851484305225313,0.00011851484305225313,0.00011851484305225313,0.00011851484305225313,0.00011851484305225313,0.00011851484305225313,3.0
759,1.0,1.0,1.0,1.0,1.0,1.0,,,0.0004144403210375458,0.0004144403210375458,0.0004144403210375458,0.0004144403210375458,0.0004144403210375458,0.0004144403210375458,0.0004144403210375458,0.0004144403210375458,1.0
760,1.0,,1.0,1.0,1.0,1.0,,,0.10220089554786682,0.10220089554786682,0.10220089554786682,0.10220089554786682,0.10220089554786682,0.10220089554786682,0.10220089554786682,0.10220089554786682,3.0
761,0.0,0.0,0.0,0.0,0.0,0.0,0.0,0.0,0.0018978510051965714,0.0018978510051965714,0.0018978510051965714,0.0018978510051965714,0.0018978510051965714,0.0018978510051965714,0.0018978510051965714,0.0018978510051965714,4.0
762,1.0,1.0,1.0,1.0,1.0,1.0,1.0,1.0,0.1723548322916031,0.1723548322916031,0.1723548322916031,0.1723548322916031,0.1723548322916031,0.1723548322916031,0.1723548322916031,0.1723548322916031,3.0
763,0.0,,0.0,,0.0,0.0,,,5.395689640863566e-06,5.395689640863566e-06,5.395689640863566e-06,5.395689640863566e-06,5.395689640863566e-06,5.395689640863566e-06,5.395689640863566e-06,5.395689640863566e-06,4.0
764,0.0,0.0,0.0,0.0,0.0,0.0,,,1.003529814624926e-05,1.003529814624926e-05,1.003529814624926e-05,1.003529814624926e-05,1.003529814624926e-05,1.003529814624926e-05,1.003529814624926e-05,1.003529814624926e-05,0.0
765,1.0,1.0,1.0,1.0,1.0,1.0,0.0,0.0,0.07342445850372314,0.07342445850372314,0.07342445850372314,0.07342445850372314,0.07342445850372314,0.07342445850372314,0.07342445850372314,0.07342445850372314,0.0
766,1.0,1.0,1.0,1.0,1.0,1.0,0.0,,0.0014260840835049748,0.0014260840835049748,0.0014260840835049748,0.0014260840835049748,0.0014260840835049748,0.0014260840835049748,0.0014260840835049748,0.0014260840835049748,4.0
767,0.0,,0.0,0.0,0.0,0.0,,,3.645360266091302e-05,3.645360266091302e-05,3.645360266091302e-05,3.645360266091302e-05,3.645360266091302e-05,3.645360266091302e-05,3.645360266091302e-05,3.645360266091302e-05,0.0
768,,,,,,,0.0,0.0,3.928451405954547e-05,3.928451405954547e-05,3.928451405954547e-05,3.928451405954547e-05,3.928451405954547e-05,3.928451405954547e-05,3.928451405954547e-05,3.928451405954547e-05,4.0
769,1.0,1.0,1.0,0.0,1.0,1.0,0.0,0.0,0.0001464775123167783,0.0001464775123167783,0.0001464775123167783,0.0001464775123167783,0.0001464775123167783,0.0001464775123167783,0.0001464775123167783,0.0001464775123167783,4.0
770,,,,,1.0,1.0,,,0.0011827568523585796,0.0011827568523585796,0.0011827568523585796,0.0011827568523585796,0.0011827568523585796,0.0011827568523585796,0.0011827568523585796,0.0011827568523585796,3.0
771,0.0,,1.0,1.0,1.0,1.0,,,9.757378575159237e-05,9.757378575159237e-05,9.757378575159237e-05,9.757378575159237e-05,9.757378575159237e-05,9.757378575159237e-05,9.757378575159237e-05,9.757378575159237e-05,1.0
772,0.0,,0.0,,0.0,0.0,,,3.42843372891366e-06,3.42843372891366e-06,3.42843372891366e-06,3.42843372891366e-06,3.42843372891366e-06,3.42843372891366e-06,3.42843372891366e-06,3.42843372891366e-06,1.0
773,0.0,0.0,0.0,0.0,0.0,0.0,0.0,0.0,1.1710288163158111e-05,1.1710288163158111e-05,1.1710288163158111e-05,1.1710288163158111e-05,1.1710288163158111e-05,1.1710288163158111e-05,1.1710288163158111e-05,1.1710288163158111e-05,4.0
774,1.0,1.0,1.0,1.0,1.0,1.0,1.0,0.0,0.16126009821891785,0.16126009821891785,0.16126009821891785,0.16126009821891785,0.16126009821891785,0.16126009821891785,0.16126009821891785,0.16126009821891785,2.0
775,1.0,1.0,1.0,1.0,1.0,1.0,0.0,1.0,0.7201426029205322,0.7201426029205322,0.7201426029205322,0.7201426029205322,0.7201426029205322,0.7201426029205322,0.7201426029205322,0.7201426029205322,4.0
776,0.0,0.0,0.0,0.0,0.0,0.0,0.0,0.0,0.00045752213918603957,0.00045752213918603957,0.00045752213918603957,0.00045752213918603957,0.00045752213918603957,0.00045752213918603957,0.00045752213918603957,0.00045752213918603957,2.0
777,1.0,1.0,1.0,1.0,1.0,1.0,,,0.06113959848880768,0.06113959848880768,0.06113959848880768,0.06113959848880768,0.06113959848880768,0.06113959848880768,0.06113959848880768,0.06113959848880768,2.0
778,0.0,,1.0,1.0,1.0,1.0,,,0.011578972451388836,0.011578972451388836,0.011578972451388836,0.011578972451388836,0.011578972451388836,0.011578972451388836,0.011578972451388836,0.011578972451388836,2.0
779,0.0,0.0,0.0,0.0,0.0,0.0,0.0,0.0,2.4335058697033674e-06,2.4335058697033674e-06,2.4335058697033674e-06,2.4335058697033674e-06,2.4335058697033674e-06,2.4335058697033674e-06,2.4335058697033674e-06,2.4335058697033674e-06,4.0
780,1.0,1.0,1.0,1.0,1.0,1.0,1.0,1.0,0.9968206882476807,0.9968206882476807,0.9968206882476807,0.9968206882476807,0.9968206882476807,0.9968206882476807,0.9968206882476807,0.9968206882476807,2.0
781,0.0,,0.0,0.0,0.0,0.0,,,0.00012025900650769472,0.00012025900650769472,0.00012025900650769472,0.00012025900650769472,0.00012025900650769472,0.00012025900650769472,0.00012025900650769472,0.00012025900650769472,0.0
782,1.0,1.0,1.0,1.0,1.0,1.0,,,0.8574873208999634,0.8574873208999634,0.8574873208999634,0.8574873208999634,0.8574873208999634,0.8574873208999634,0.8574873208999634,0.8574873208999634,0.0
783,1.0,1.0,1.0,0.0,1.0,1.0,0.0,0.0,0.00039947786717675626,0.00039947786717675626,0.00039947786717675626,0.00039947786717675626,0.00039947786717675626,0.00039947786717675626,0.00039947786717675626,0.00039947786717675626,3.0
784,1.0,1.0,1.0,1.0,1.0,1.0,1.0,1.0,0.9993626475334167,0.9993626475334167,0.9993626475334167,0.9993626475334167,0.9993626475334167,0.9993626475334167,0.9993626475334167,0.9993626475334167,4.0
785,0.0,0.0,0.0,,0.0,0.0,,,3.238682211303967e-06,3.238682211303967e-06,3.238682211303967e-06,3.238682211303967e-06,3.238682211303967e-06,3.238682211303967e-06,3.238682211303967e-06,3.238682211303967e-06,1.0
786,0.0,1.0,0.0,,0.0,,,,4.172366516286274e-06,4.172366516286274e-06,4.172366516286274e-06,4.172366516286274e-06,4.172366516286274e-06,4.172366516286274e-06,4.172366516286274e-06,4.172366516286274e-06,1.0
787,0.0,0.0,0.0,0.0,0.0,0.0,0.0,0.0,1.7218366338056512e-05,1.7218366338056512e-05,1.7218366338056512e-05,1.7218366338056512e-05,1.7218366338056512e-05,1.7218366338056512e-05,1.7218366338056512e-05,1.7218366338056512e-05,1.0
788,1.0,1.0,1.0,1.0,1.0,1.0,1.0,0.0,0.27766379714012146,0.27766379714012146,0.27766379714012146,0.27766379714012146,0.27766379714012146,0.27766379714012146,0.27766379714012146,0.27766379714012146,1.0
789,1.0,1.0,1.0,1.0,1.0,0.0,0.0,0.0,0.001403487753123045,0.001403487753123045,0.001403487753123045,0.001403487753123045,0.001403487753123045,0.001403487753123045,0.001403487753123045,0.001403487753123045,4.0
790,1.0,,1.0,1.0,1.0,1.0,,,0.02191763184964657,0.02191763184964657,0.02191763184964657,0.02191763184964657,0.02191763184964657,0.02191763184964657,0.02191763184964657,0.02191763184964657,1.0
791,1.0,,1.0,1.0,1.0,1.0,,,0.04439500346779823,0.04439500346779823,0.04439500346779823,0.04439500346779823,0.04439500346779823,0.04439500346779823,0.04439500346779823,0.04439500346779823,4.0
792,0.0,0.0,0.0,0.0,0.0,0.0,,,2.0836953353864374e-06,2.0836953353864374e-06,2.0836953353864374e-06,2.0836953353864374e-06,2.0836953353864374e-06,2.0836953353864374e-06,2.0836953353864374e-06,2.0836953353864374e-06,1.0
793,0.0,1.0,1.0,0.0,1.0,0.0,,,0.00043974543223157525,0.00043974543223157525,0.00043974543223157525,0.00043974543223157525,0.00043974543223157525,0.00043974543223157525,0.00043974543223157525,0.00043974543223157525,3.0
794,1.0,1.0,1.0,1.0,1.0,1.0,1.0,0.0,0.0008388154674321413,0.0008388154674321413,0.0008388154674321413,0.0008388154674321413,0.0008388154674321413,0.0008388154674321413,0.0008388154674321413,0.0008388154674321413,3.0
795,0.0,0.0,0.0,0.0,0.0,0.0,0.0,0.0,0.0006215168978087604,0.0006215168978087604,0.0006215168978087604,0.0006215168978087604,0.0006215168978087604,0.0006215168978087604,0.0006215168978087604,0.0006215168978087604,4.0
796,0.0,0.0,0.0,0.0,0.0,0.0,0.0,0.0,9.477714229433332e-06,9.477714229433332e-06,9.477714229433332e-06,9.477714229433332e-06,9.477714229433332e-06,9.477714229433332e-06,9.477714229433332e-06,9.477714229433332e-06,3.0
797,0.0,0.0,0.0,0.0,0.0,0.0,0.0,0.0,3.8345660868799314e-05,3.8345660868799314e-05,3.8345660868799314e-05,3.8345660868799314e-05,3.8345660868799314e-05,3.8345660868799314e-05,3.8345660868799314e-05,3.8345660868799314e-05,4.0
798,0.0,,0.0,0.0,0.0,0.0,,,1.3877810488338582e-05,1.3877810488338582e-05,1.3877810488338582e-05,1.3877810488338582e-05,1.3877810488338582e-05,1.3877810488338582e-05,1.3877810488338582e-05,1.3877810488338582e-05,1.0
799,0.0,0.0,0.0,0.0,0.0,0.0,0.0,0.0,2.855569846360595e-06,2.855569846360595e-06,2.855569846360595e-06,2.855569846360595e-06,2.855569846360595e-06,2.855569846360595e-06,2.855569846360595e-06,2.855569846360595e-06,2.0
800,0.0,0.0,0.0,0.0,0.0,0.0,0.0,0.0,6.989992471062578e-06,6.989992471062578e-06,6.989992471062578e-06,6.989992471062578e-06,6.989992471062578e-06,6.989992471062578e-06,6.989992471062578e-06,6.989992471062578e-06,0.0
801,1.0,1.0,1.0,1.0,1.0,0.0,1.0,0.0,0.4236592948436737,0.4236592948436737,0.4236592948436737,0.4236592948436737,0.4236592948436737,0.4236592948436737,0.4236592948436737,0.4236592948436737,4.0
802,0.0,0.0,0.0,0.0,0.0,0.0,0.0,0.0,3.888695573550649e-05,3.888695573550649e-05,3.888695573550649e-05,3.888695573550649e-05,3.888695573550649e-05,3.888695573550649e-05,3.888695573550649e-05,3.888695573550649e-05,0.0
803,1.0,1.0,1.0,1.0,1.0,0.0,1.0,1.0,0.9853531718254089,0.9853531718254089,0.9853531718254089,0.9853531718254089,0.9853531718254089,0.9853531718254089,0.9853531718254089,0.9853531718254089,3.0
804,1.0,1.0,1.0,1.0,1.0,1.0,,,0.9283149838447571,0.9283149838447571,0.9283149838447571,0.9283149838447571,0.9283149838447571,0.9283149838447571,0.9283149838447571,0.9283149838447571,4.0
805,1.0,,1.0,,1.0,1.0,,,0.015547632239758968,0.015547632239758968,0.015547632239758968,0.015547632239758968,0.015547632239758968,0.015547632239758968,0.015547632239758968,0.015547632239758968,3.0
806,1.0,1.0,1.0,1.0,1.0,1.0,0.0,1.0,0.9434641599655151,0.9434641599655151,0.9434641599655151,0.9434641599655151,0.9434641599655151,0.9434641599655151,0.9434641599655151,0.9434641599655151,2.0
807,1.0,1.0,1.0,1.0,1.0,1.0,0.0,1.0,0.96345055103302,0.96345055103302,0.96345055103302,0.96345055103302,0.96345055103302,0.96345055103302,0.96345055103302,0.96345055103302,0.0
808,1.0,1.0,1.0,1.0,1.0,1.0,1.0,,0.4081445634365082,0.4081445634365082,0.4081445634365082,0.4081445634365082,0.4081445634365082,0.4081445634365082,0.4081445634365082,0.4081445634365082,1.0
809,0.0,1.0,1.0,0.0,1.0,1.0,0.0,,0.00023288349620997906,0.00023288349620997906,0.00023288349620997906,0.00023288349620997906,0.00023288349620997906,0.00023288349620997906,0.00023288349620997906,0.00023288349620997906,0.0
810,0.0,0.0,0.0,0.0,0.0,0.0,0.0,0.0,2.4363775082747452e-05,2.4363775082747452e-05,2.4363775082747452e-05,2.4363775082747452e-05,2.4363775082747452e-05,2.4363775082747452e-05,2.4363775082747452e-05,2.4363775082747452e-05,0.0
811,0.0,0.0,0.0,0.0,0.0,0.0,0.0,,1.0055502571049146e-05,1.0055502571049146e-05,1.0055502571049146e-05,1.0055502571049146e-05,1.0055502571049146e-05,1.0055502571049146e-05,1.0055502571049146e-05,1.0055502571049146e-05,3.0
812,1.0,0.0,1.0,1.0,1.0,0.0,,,0.0001451686694053933,0.0001451686694053933,0.0001451686694053933,0.0001451686694053933,0.0001451686694053933,0.0001451686694053933,0.0001451686694053933,0.0001451686694053933,2.0
813,1.0,,1.0,,1.0,1.0,,,0.5271027088165283,0.5271027088165283,0.5271027088165283,0.5271027088165283,0.5271027088165283,0.5271027088165283,0.5271027088165283,0.5271027088165283,2.0
814,0.0,,0.0,0.0,0.0,0.0,,,0.00012815096124541014,0.00012815096124541014,0.00012815096124541014,0.00012815096124541014,0.00012815096124541014,0.00012815096124541014,0.00012815096124541014,0.00012815096124541014,3.0
815,1.0,1.0,1.0,1.0,1.0,1.0,1.0,1.0,0.1550842970609665,0.1550842970609665,0.1550842970609665,0.1550842970609665,0.1550842970609665,0.1550842970609665,0.1550842970609665,0.1550842970609665,4.0
816,0.0,,1.0,0.0,0.0,0.0,,,0.046597350388765335,0.046597350388765335,0.046597350388765335,0.046597350388765335,0.046597350388765335,0.046597350388765335,0.046597350388765335,0.046597350388765335,2.0
817,0.0,,1.0,0.0,1.0,0.0,,,0.0015277002239599824,0.0015277002239599824,0.0015277002239599824,0.0015277002239599824,0.0015277002239599824,0.0015277002239599824,0.0015277002239599824,0.0015277002239599824,1.0
818,1.0,1.0,1.0,1.0,0.0,0.0,1.0,1.0,0.9981077909469604,0.9981077909469604,0.9981077909469604,0.9981077909469604,0.9981077909469604,0.9981077909469604,0.9981077909469604,0.9981077909469604,2.0
819,0.0,,0.0,0.0,1.0,0.0,,,1.915478424052708e-05,1.915478424052708e-05,1.915478424052708e-05,1.915478424052708e-05,1.915478424052708e-05,1.915478424052708e-05,1.915478424052708e-05,1.915478424052708e-05,1.0
820,,,0.0,,1.0,1.0,,,0.0006498923758044839,0.0006498923758044839,0.0006498923758044839,0.0006498923758044839,0.0006498923758044839,0.0006498923758044839,0.0006498923758044839,0.0006498923758044839,2.0
821,1.0,1.0,1.0,1.0,1.0,1.0,,,0.007787721697241068,0.007787721697241068,0.007787721697241068,0.007787721697241068,0.007787721697241068,0.007787721697241068,0.007787721697241068,0.007787721697241068,1.0
822,0.0,1.0,0.0,0.0,0.0,0.0,0.0,0.0,0.008707605302333832,0.008707605302333832,0.008707605302333832,0.008707605302333832,0.008707605302333832,0.008707605302333832,0.008707605302333832,0.008707605302333832,3.0
823,0.0,,0.0,,0.0,0.0,,,7.604468009958509e-06,7.604468009958509e-06,7.604468009958509e-06,7.604468009958509e-06,7.604468009958509e-06,7.604468009958509e-06,7.604468009958509e-06,7.604468009958509e-06,3.0
824,1.0,1.0,1.0,1.0,1.0,1.0,1.0,0.0,0.05559411272406578,0.05559411272406578,0.05559411272406578,0.05559411272406578,0.05559411272406578,0.05559411272406578,0.05559411272406578,0.05559411272406578,2.0
825,1.0,1.0,1.0,1.0,1.0,,0.0,,0.04306996986269951,0.04306996986269951,0.04306996986269951,0.04306996986269951,0.04306996986269951,0.04306996986269951,0.04306996986269951,0.04306996986269951,4.0
826,1.0,,1.0,,1.0,1.0,,,0.00040926833753474057,0.00040926833753474057,0.00040926833753474057,0.00040926833753474057,0.00040926833753474057,0.00040926833753474057,0.00040926833753474057,0.00040926833753474057,3.0
827,1.0,0.0,1.0,1.0,1.0,0.0,0.0,0.0,0.01688207872211933,0.01688207872211933,0.01688207872211933,0.01688207872211933,0.01688207872211933,0.01688207872211933,0.01688207872211933,0.01688207872211933,2.0
828,0.0,,0.0,,0.0,0.0,,,2.1163127712497953e-06,2.1163127712497953e-06,2.1163127712497953e-06,2.1163127712497953e-06,2.1163127712497953e-06,2.1163127712497953e-06,2.1163127712497953e-06,2.1163127712497953e-06,3.0
829,1.0,1.0,1.0,1.0,1.0,1.0,,,0.08958058059215546,0.08958058059215546,0.08958058059215546,0.08958058059215546,0.08958058059215546,0.08958058059215546,0.08958058059215546,0.08958058059215546,1.0
830,0.0,0.0,0.0,0.0,0.0,0.0,0.0,0.0,1.838888351812784e-06,1.838888351812784e-06,1.838888351812784e-06,1.838888351812784e-06,1.838888351812784e-06,1.838888351812784e-06,1.838888351812784e-06,1.838888351812784e-06,4.0
831,1.0,1.0,1.0,1.0,1.0,1.0,0.0,0.0,0.23649457097053528,0.23649457097053528,0.23649457097053528,0.23649457097053528,0.23649457097053528,0.23649457097053528,0.23649457097053528,0.23649457097053528,0.0
832,0.0,1.0,1.0,1.0,1.0,0.0,,,0.00011146542965434492,0.00011146542965434492,0.00011146542965434492,0.00011146542965434492,0.00011146542965434492,0.00011146542965434492,0.00011146542965434492,0.00011146542965434492,2.0
833,1.0,1.0,1.0,1.0,1.0,1.0,1.0,,0.24859660863876343,0.24859660863876343,0.24859660863876343,0.24859660863876343,0.24859660863876343,0.24859660863876343,0.24859660863876343,0.24859660863876343,4.0
834,0.0,0.0,0.0,0.0,0.0,0.0,,,2.0146776478213724e-06,2.0146776478213724e-06,2.0146776478213724e-06,2.0146776478213724e-06,2.0146776478213724e-06,2.0146776478213724e-06,2.0146776478213724e-06,2.0146776478213724e-06,0.0
835,1.0,1.0,1.0,1.0,1.0,1.0,1.0,,0.053633127361536026,0.053633127361536026,0.053633127361536026,0.053633127361536026,0.053633127361536026,0.053633127361536026,0.053633127361536026,0.053633127361536026,4.0
836,0.0,0.0,,0.0,0.0,0.0,0.0,0.0,1.628772406547796e-05,1.628772406547796e-05,1.628772406547796e-05,1.628772406547796e-05,1.628772406547796e-05,1.628772406547796e-05,1.628772406547796e-05,1.628772406547796e-05,0.0
837,1.0,1.0,1.0,0.0,1.0,1.0,0.0,,0.05788528546690941,0.05788528546690941,0.05788528546690941,0.05788528546690941,0.05788528546690941,0.05788528546690941,0.05788528546690941,0.05788528546690941,4.0
838,0.0,,0.0,,0.0,0.0,,,4.423174232215388e-06,4.423174232215388e-06,4.423174232215388e-06,4.423174232215388e-06,4.423174232215388e-06,4.423174232215388e-06,4.423174232215388e-06,4.423174232215388e-06,1.0
839,1.0,,1.0,1.0,1.0,1.0,,,0.22841081023216248,0.22841081023216248,0.22841081023216248,0.22841081023216248,0.22841081023216248,0.22841081023216248,0.22841081023216248,0.22841081023216248,2.0
840,0.0,0.0,0.0,0.0,0.0,0.0,,,8.50539163366193e-06,8.50539163366193e-06,8.50539163366193e-06,8.50539163366193e-06,8.50539163366193e-06,8.50539163366193e-06,8.50539163366193e-06,8.50539163366193e-06,1.0
841,0.0,,0.0,0.0,0.0,0.0,,,2.1457892671605805e-06,2.1457892671605805e-06,2.1457892671605805e-06,2.1457892671605805e-06,2.1457892671605805e-06,2.1457892671605805e-06,2.1457892671605805e-06,2.1457892671605805e-06,1.0
842,1.0,1.0,1.0,0.0,1.0,1.0,,,0.8487377166748047,0.8487377166748047,0.8487377166748047,0.8487377166748047,0.8487377166748047,0.8487377166748047,0.8487377166748047,0.8487377166748047,3.0
843,0.0,0.0,0.0,0.0,0.0,0.0,0.0,0.0,9.933293767971918e-06,9.933293767971918e-06,9.933293767971918e-06,9.933293767971918e-06,9.933293767971918e-06,9.933293767971918e-06,9.933293767971918e-06,9.933293767971918e-06,2.0
844,,0.0,0.0,0.0,0.0,,0.0,0.0,9.526018402539194e-05,9.526018402539194e-05,9.526018402539194e-05,9.526018402539194e-05,9.526018402539194e-05,9.526018402539194e-05,9.526018402539194e-05,9.526018402539194e-05,2.0
845,0.0,,0.0,0.0,0.0,0.0,,,1.935930413310416e-06,1.935930413310416e-06,1.935930413310416e-06,1.935930413310416e-06,1.935930413310416e-06,1.935930413310416e-06,1.935930413310416e-06,1.935930413310416e-06,1.0
846,0.0,0.0,0.0,0.0,0.0,0.0,0.0,0.0,8.343485205841716e-06,8.343485205841716e-06,8.343485205841716e-06,8.343485205841716e-06,8.343485205841716e-06,8.343485205841716e-06,8.343485205841716e-06,8.343485205841716e-06,2.0
847,0.0,,0.0,0.0,0.0,0.0,,,8.788792911218479e-05,8.788792911218479e-05,8.788792911218479e-05,8.788792911218479e-05,8.788792911218479e-05,8.788792911218479e-05,8.788792911218479e-05,8.788792911218479e-05,3.0
848,0.0,0.0,0.0,0.0,0.0,0.0,,,0.00039111918886192143,0.00039111918886192143,0.00039111918886192143,0.00039111918886192143,0.00039111918886192143,0.00039111918886192143,0.00039111918886192143,0.00039111918886192143,4.0
849,1.0,,0.0,,1.0,1.0,,,0.034172769635915756,0.034172769635915756,0.034172769635915756,0.034172769635915756,0.034172769635915756,0.034172769635915756,0.034172769635915756,0.034172769635915756,1.0
850,0.0,,0.0,0.0,0.0,0.0,,,0.00027351974858902395,0.00027351974858902395,0.00027351974858902395,0.00027351974858902395,0.00027351974858902395,0.00027351974858902395,0.00027351974858902395,0.00027351974858902395,3.0
851,0.0,1.0,1.0,1.0,1.0,1.0,,,0.001231839880347252,0.001231839880347252,0.001231839880347252,0.001231839880347252,0.001231839880347252,0.001231839880347252,0.001231839880347252,0.001231839880347252,4.0
852,1.0,1.0,1.0,1.0,1.0,1.0,,,0.009200050495564938,0.009200050495564938,0.009200050495564938,0.009200050495564938,0.009200050495564938,0.009200050495564938,0.009200050495564938,0.009200050495564938,3.0
853,1.0,,1.0,1.0,1.0,1.0,,,0.005254996474832296,0.005254996474832296,0.005254996474832296,0.005254996474832296,0.005254996474832296,0.005254996474832296,0.005254996474832296,0.005254996474832296,4.0
854,1.0,1.0,1.0,1.0,1.0,0.0,,,0.0006309376331046224,0.0006309376331046224,0.0006309376331046224,0.0006309376331046224,0.0006309376331046224,0.0006309376331046224,0.0006309376331046224,0.0006309376331046224,4.0
855,1.0,1.0,1.0,0.0,1.0,0.0,0.0,0.0,0.03531242907047272,0.03531242907047272,0.03531242907047272,0.03531242907047272,0.03531242907047272,0.03531242907047272,0.03531242907047272,0.03531242907047272,0.0
856,0.0,0.0,0.0,0.0,0.0,0.0,,,0.00018975739658344537,0.00018975739658344537,0.00018975739658344537,0.00018975739658344537,0.00018975739658344537,0.00018975739658344537,0.00018975739658344537,0.00018975739658344537,1.0
857,0.0,1.0,1.0,0.0,1.0,1.0,0.0,0.0,0.017729081213474274,0.017729081213474274,0.017729081213474274,0.017729081213474274,0.017729081213474274,0.017729081213474274,0.017729081213474274,0.017729081213474274,0.0
858,1.0,1.0,1.0,1.0,1.0,1.0,1.0,0.0,0.013820142485201359,0.013820142485201359,0.013820142485201359,0.013820142485201359,0.013820142485201359,0.013820142485201359,0.013820142485201359,0.013820142485201359,3.0
859,0.0,0.0,0.0,0.0,0.0,0.0,0.0,0.0,6.986692824284546e-06,6.986692824284546e-06,6.986692824284546e-06,6.986692824284546e-06,6.986692824284546e-06,6.986692824284546e-06,6.986692824284546e-06,6.986692824284546e-06,1.0
860,1.0,1.0,1.0,1.0,1.0,0.0,0.0,,0.0016990272561088204,0.0016990272561088204,0.0016990272561088204,0.0016990272561088204,0.0016990272561088204,0.0016990272561088204,0.0016990272561088204,0.0016990272561088204,4.0
861,0.0,,0.0,,0.0,0.0,,,2.2930178147362312e-06,2.2930178147362312e-06,2.2930178147362312e-06,2.2930178147362312e-06,2.2930178147362312e-06,2.2930178147362312e-06,2.2930178147362312e-06,2.2930178147362312e-06,0.0
862,1.0,,1.0,1.0,1.0,1.0,,,0.00016386280185543,0.00016386280185543,0.00016386280185543,0.00016386280185543,0.00016386280185543,0.00016386280185543,0.00016386280185543,0.00016386280185543,0.0
863,0.0,0.0,0.0,0.0,0.0,0.0,0.0,0.0,1.7406629922334105e-05,1.7406629922334105e-05,1.7406629922334105e-05,1.7406629922334105e-05,1.7406629922334105e-05,1.7406629922334105e-05,1.7406629922334105e-05,1.7406629922334105e-05,4.0
864,0.0,,0.0,0.0,0.0,0.0,,,0.0003492813848424703,0.0003492813848424703,0.0003492813848424703,0.0003492813848424703,0.0003492813848424703,0.0003492813848424703,0.0003492813848424703,0.0003492813848424703,2.0
865,0.0,,1.0,0.0,1.0,1.0,,,4.484790042624809e-05,4.484790042624809e-05,4.484790042624809e-05,4.484790042624809e-05,4.484790042624809e-05,4.484790042624809e-05,4.484790042624809e-05,4.484790042624809e-05,2.0
866,1.0,1.0,1.0,1.0,1.0,1.0,1.0,0.0,0.001624490600079298,0.001624490600079298,0.001624490600079298,0.001624490600079298,0.001624490600079298,0.001624490600079298,0.001624490600079298,0.001624490600079298,3.0
867,0.0,1.0,1.0,1.0,1.0,1.0,1.0,0.0,0.00032622486469335854,0.00032622486469335854,0.00032622486469335854,0.00032622486469335854,0.00032622486469335854,0.00032622486469335854,0.00032622486469335854,0.00032622486469335854,0.0
868,0.0,0.0,0.0,0.0,0.0,0.0,0.0,0.0,5.713757218472892e-06,5.713757218472892e-06,5.713757218472892e-06,5.713757218472892e-06,5.713757218472892e-06,5.713757218472892e-06,5.713757218472892e-06,5.713757218472892e-06,3.0
869,1.0,1.0,1.0,1.0,1.0,1.0,0.0,0.0,0.05927227810025215,0.05927227810025215,0.05927227810025215,0.05927227810025215,0.05927227810025215,0.05927227810025215,0.05927227810025215,0.05927227810025215,0.0
870,1.0,1.0,1.0,1.0,1.0,1.0,1.0,0.0,0.5361216068267822,0.5361216068267822,0.5361216068267822,0.5361216068267822,0.5361216068267822,0.5361216068267822,0.5361216068267822,0.5361216068267822,4.0
871,1.0,1.0,1.0,1.0,1.0,1.0,,,0.12067555636167526,0.12067555636167526,0.12067555636167526,0.12067555636167526,0.12067555636167526,0.12067555636167526,0.12067555636167526,0.12067555636167526,2.0
872,1.0,,1.0,1.0,,,1.0,,0.19495974481105804,0.19495974481105804,0.19495974481105804,0.19495974481105804,0.19495974481105804,0.19495974481105804,0.19495974481105804,0.19495974481105804,3.0
873,1.0,1.0,1.0,1.0,1.0,1.0,0.0,,0.046760354191064835,0.046760354191064835,0.046760354191064835,0.046760354191064835,0.046760354191064835,0.046760354191064835,0.046760354191064835,0.046760354191064835,0.0
874,0.0,0.0,0.0,0.0,0.0,0.0,0.0,0.0,4.756656562676653e-05,4.756656562676653e-05,4.756656562676653e-05,4.756656562676653e-05,4.756656562676653e-05,4.756656562676653e-05,4.756656562676653e-05,4.756656562676653e-05,1.0
875,0.0,0.0,0.0,0.0,0.0,0.0,0.0,0.0,1.9398914446355775e-05,1.9398914446355775e-05,1.9398914446355775e-05,1.9398914446355775e-05,1.9398914446355775e-05,1.9398914446355775e-05,1.9398914446355775e-05,1.9398914446355775e-05,3.0
876,1.0,1.0,1.0,0.0,1.0,0.0,0.0,0.0,0.006158146541565657,0.006158146541565657,0.006158146541565657,0.006158146541565657,0.006158146541565657,0.006158146541565657,0.006158146541565657,0.006158146541565657,4.0
877,1.0,1.0,1.0,1.0,1.0,1.0,1.0,,0.017757287248969078,0.017757287248969078,0.017757287248969078,0.017757287248969078,0.017757287248969078,0.017757287248969078,0.017757287248969078,0.017757287248969078,4.0
878,1.0,1.0,1.0,1.0,1.0,0.0,1.0,1.0,0.1283370554447174,0.1283370554447174,0.1283370554447174,0.1283370554447174,0.1283370554447174,0.1283370554447174,0.1283370554447174,0.1283370554447174,4.0
879,0.0,,0.0,0.0,0.0,0.0,,,4.8325550778827164e-06,4.8325550778827164e-06,4.8325550778827164e-06,4.8325550778827164e-06,4.8325550778827164e-06,4.8325550778827164e-06,4.8325550778827164e-06,4.8325550778827164e-06,0.0
880,0.0,0.0,1.0,0.0,1.0,0.0,,,0.002376290736719966,0.002376290736719966,0.002376290736719966,0.002376290736719966,0.002376290736719966,0.002376290736719966,0.002376290736719966,0.002376290736719966,4.0
881,1.0,1.0,1.0,1.0,1.0,0.0,0.0,1.0,0.11004447191953659,0.11004447191953659,0.11004447191953659,0.11004447191953659,0.11004447191953659,0.11004447191953659,0.11004447191953659,0.11004447191953659,0.0
882,1.0,,1.0,,1.0,1.0,,,0.0005669346428476274,0.0005669346428476274,0.0005669346428476274,0.0005669346428476274,0.0005669346428476274,0.0005669346428476274,0.0005669346428476274,0.0005669346428476274,3.0
883,0.0,0.0,0.0,0.0,0.0,0.0,0.0,0.0,6.242389190447284e-06,6.242389190447284e-06,6.242389190447284e-06,6.242389190447284e-06,6.242389190447284e-06,6.242389190447284e-06,6.242389190447284e-06,6.242389190447284e-06,0.0
884,0.0,0.0,0.0,0.0,1.0,0.0,0.0,0.0,0.00044138438533991575,0.00044138438533991575,0.00044138438533991575,0.00044138438533991575,0.00044138438533991575,0.00044138438533991575,0.00044138438533991575,0.00044138438533991575,3.0
885,1.0,1.0,1.0,1.0,1.0,1.0,1.0,,0.9993652701377869,0.9993652701377869,0.9993652701377869,0.9993652701377869,0.9993652701377869,0.9993652701377869,0.9993652701377869,0.9993652701377869,3.0
886,0.0,1.0,0.0,0.0,1.0,1.0,0.0,0.0,0.00015513895777985454,0.00015513895777985454,0.00015513895777985454,0.00015513895777985454,0.00015513895777985454,0.00015513895777985454,0.00015513895777985454,0.00015513895777985454,0.0
887,0.0,1.0,1.0,0.0,1.0,1.0,,,2.758944538072683e-05,2.758944538072683e-05,2.758944538072683e-05,2.758944538072683e-05,2.758944538072683e-05,2.758944538072683e-05,2.758944538072683e-05,2.758944538072683e-05,2.0
888,0.0,,1.0,,1.0,0.0,,,7.999045919859782e-06,7.999045919859782e-06,7.999045919859782e-06,7.999045919859782e-06,7.999045919859782e-06,7.999045919859782e-06,7.999045919859782e-06,7.999045919859782e-06,1.0
889,1.0,1.0,1.0,1.0,1.0,1.0,1.0,0.0,8.83621396496892e-05,8.83621396496892e-05,8.83621396496892e-05,8.83621396496892e-05,8.83621396496892e-05,8.83621396496892e-05,8.83621396496892e-05,8.83621396496892e-05,0.0
890,0.0,0.0,0.0,0.0,0.0,0.0,0.0,0.0,3.3071924008254427e-06,3.3071924008254427e-06,3.3071924008254427e-06,3.3071924008254427e-06,3.3071924008254427e-06,3.3071924008254427e-06,3.3071924008254427e-06,3.3071924008254427e-06,3.0
891,0.0,0.0,0.0,0.0,0.0,0.0,0.0,0.0,1.8926039047073573e-06,1.8926039047073573e-06,1.8926039047073573e-06,1.8926039047073573e-06,1.8926039047073573e-06,1.8926039047073573e-06,1.8926039047073573e-06,1.8926039047073573e-06,1.0
892,1.0,1.0,1.0,0.0,1.0,0.0,1.0,0.0,0.3848571479320526,0.3848571479320526,0.3848571479320526,0.3848571479320526,0.3848571479320526,0.3848571479320526,0.3848571479320526,0.3848571479320526,0.0
893,0.0,1.0,0.0,0.0,1.0,0.0,0.0,0.0,3.180740532116033e-05,3.180740532116033e-05,3.180740532116033e-05,3.180740532116033e-05,3.180740532116033e-05,3.180740532116033e-05,3.180740532116033e-05,3.180740532116033e-05,2.0
894,0.0,,0.0,0.0,0.0,0.0,,,6.265792762860656e-06,6.265792762860656e-06,6.265792762860656e-06,6.265792762860656e-06,6.265792762860656e-06,6.265792762860656e-06,6.265792762860656e-06,6.265792762860656e-06,3.0
895,1.0,1.0,1.0,1.0,1.0,1.0,0.0,1.0,0.005046623293310404,0.005046623293310404,0.005046623293310404,0.005046623293310404,0.005046623293310404,0.005046623293310404,0.005046623293310404,0.005046623293310404,4.0
896,0.0,0.0,0.0,0.0,0.0,0.0,,,1.3213798411015887e-05,1.3213798411015887e-05,1.3213798411015887e-05,1.3213798411015887e-05,1.3213798411015887e-05,1.3213798411015887e-05,1.3213798411015887e-05,1.3213798411015887e-05,4.0
897,1.0,1.0,1.0,1.0,1.0,1.0,1.0,1.0,0.18546943366527557,0.18546943366527557,0.18546943366527557,0.18546943366527557,0.18546943366527557,0.18546943366527557,0.18546943366527557,0.18546943366527557,2.0
898,0.0,0.0,0.0,0.0,0.0,0.0,,,0.00047844822984188795,0.00047844822984188795,0.00047844822984188795,0.00047844822984188795,0.00047844822984188795,0.00047844822984188795,0.00047844822984188795,0.00047844822984188795,2.0
899,0.0,0.0,0.0,0.0,0.0,0.0,0.0,0.0,4.863132744503673e-06,4.863132744503673e-06,4.863132744503673e-06,4.863132744503673e-06,4.863132744503673e-06,4.863132744503673e-06,4.863132744503673e-06,4.863132744503673e-06,3.0
900,1.0,1.0,1.0,1.0,1.0,1.0,1.0,1.0,0.7693686485290527,0.7693686485290527,0.7693686485290527,0.7693686485290527,0.7693686485290527,0.7693686485290527,0.7693686485290527,0.7693686485290527,1.0
901,0.0,,0.0,0.0,0.0,0.0,,,5.142656846146565e-06,5.142656846146565e-06,5.142656846146565e-06,5.142656846146565e-06,5.142656846146565e-06,5.142656846146565e-06,5.142656846146565e-06,5.142656846146565e-06,2.0
902,0.0,0.0,0.0,0.0,0.0,0.0,0.0,0.0,3.0714640161022544e-05,3.0714640161022544e-05,3.0714640161022544e-05,3.0714640161022544e-05,3.0714640161022544e-05,3.0714640161022544e-05,3.0714640161022544e-05,3.0714640161022544e-05,0.0
903,0.0,0.0,0.0,0.0,0.0,0.0,0.0,0.0,2.265084913233295e-05,2.265084913233295e-05,2.265084913233295e-05,2.265084913233295e-05,2.265084913233295e-05,2.265084913233295e-05,2.265084913233295e-05,2.265084913233295e-05,0.0
904,1.0,1.0,1.0,1.0,1.0,1.0,0.0,0.0,0.0002649252419359982,0.0002649252419359982,0.0002649252419359982,0.0002649252419359982,0.0002649252419359982,0.0002649252419359982,0.0002649252419359982,0.0002649252419359982,2.0
905,0.0,0.0,0.0,0.0,0.0,0.0,0.0,0.0,2.406561407042318e-06,2.406561407042318e-06,2.406561407042318e-06,2.406561407042318e-06,2.406561407042318e-06,2.406561407042318e-06,2.406561407042318e-06,2.406561407042318e-06,2.0
906,,,,,,,1.0,0.0,9.245321416528895e-05,9.245321416528895e-05,9.245321416528895e-05,9.245321416528895e-05,9.245321416528895e-05,9.245321416528895e-05,9.245321416528895e-05,9.245321416528895e-05,1.0
907,1.0,1.0,0.0,0.0,1.0,1.0,,,0.0017720996402204037,0.0017720996402204037,0.0017720996402204037,0.0017720996402204037,0.0017720996402204037,0.0017720996402204037,0.0017720996402204037,0.0017720996402204037,1.0
908,0.0,1.0,1.0,0.0,1.0,1.0,0.0,0.0,0.01555977575480938,0.01555977575480938,0.01555977575480938,0.01555977575480938,0.01555977575480938,0.01555977575480938,0.01555977575480938,0.01555977575480938,3.0
909,1.0,1.0,0.0,0.0,1.0,1.0,0.0,0.0,0.02745920792222023,0.02745920792222023,0.02745920792222023,0.02745920792222023,0.02745920792222023,0.02745920792222023,0.02745920792222023,0.02745920792222023,2.0
910,1.0,1.0,1.0,1.0,1.0,1.0,1.0,1.0,0.9283033609390259,0.9283033609390259,0.9283033609390259,0.9283033609390259,0.9283033609390259,0.9283033609390259,0.9283033609390259,0.9283033609390259,2.0
911,1.0,1.0,1.0,1.0,1.0,1.0,0.0,0.0,0.5603322982788086,0.5603322982788086,0.5603322982788086,0.5603322982788086,0.5603322982788086,0.5603322982788086,0.5603322982788086,0.5603322982788086,4.0
912,0.0,0.0,0.0,0.0,0.0,0.0,0.0,,2.5102912331931293e-05,2.5102912331931293e-05,2.5102912331931293e-05,2.5102912331931293e-05,2.5102912331931293e-05,2.5102912331931293e-05,2.5102912331931293e-05,2.5102912331931293e-05,3.0
913,1.0,0.0,1.0,1.0,1.0,0.0,0.0,0.0,0.0008612714591436088,0.0008612714591436088,0.0008612714591436088,0.0008612714591436088,0.0008612714591436088,0.0008612714591436088,0.0008612714591436088,0.0008612714591436088,0.0
914,1.0,1.0,1.0,1.0,1.0,1.0,0.0,1.0,0.912743866443634,0.912743866443634,0.912743866443634,0.912743866443634,0.912743866443634,0.912743866443634,0.912743866443634,0.912743866443634,2.0
915,1.0,1.0,1.0,1.0,1.0,1.0,0.0,1.0,0.4976702928543091,0.4976702928543091,0.4976702928543091,0.4976702928543091,0.4976702928543091,0.4976702928543091,0.4976702928543091,0.4976702928543091,0.0
916,0.0,0.0,0.0,0.0,0.0,0.0,0.0,0.0,7.529314461862668e-05,7.529314461862668e-05,7.529314461862668e-05,7.529314461862668e-05,7.529314461862668e-05,7.529314461862668e-05,7.529314461862668e-05,7.529314461862668e-05,0.0
917,1.0,1.0,1.0,1.0,1.0,1.0,1.0,0.0,0.34702369570732117,0.34702369570732117,0.34702369570732117,0.34702369570732117,0.34702369570732117,0.34702369570732117,0.34702369570732117,0.34702369570732117,2.0
918,0.0,,0.0,,1.0,0.0,,,8.145695574057754e-06,8.145695574057754e-06,8.145695574057754e-06,8.145695574057754e-06,8.145695574057754e-06,8.145695574057754e-06,8.145695574057754e-06,8.145695574057754e-06,3.0
919,1.0,,1.0,1.0,1.0,1.0,,,0.009321067482233047,0.009321067482233047,0.009321067482233047,0.009321067482233047,0.009321067482233047,0.009321067482233047,0.009321067482233047,0.009321067482233047,3.0
920,0.0,1.0,1.0,0.0,1.0,0.0,0.0,0.0,0.015016384422779083,0.015016384422779083,0.015016384422779083,0.015016384422779083,0.015016384422779083,0.015016384422779083,0.015016384422779083,0.015016384422779083,4.0
921,0.0,0.0,,0.0,0.0,0.0,0.0,0.0,7.132609425752889e-06,7.132609425752889e-06,7.132609425752889e-06,7.132609425752889e-06,7.132609425752889e-06,7.132609425752889e-06,7.132609425752889e-06,7.132609425752889e-06,2.0
922,1.0,1.0,1.0,1.0,1.0,0.0,,,0.0003153205325361341,0.0003153205325361341,0.0003153205325361341,0.0003153205325361341,0.0003153205325361341,0.0003153205325361341,0.0003153205325361341,0.0003153205325361341,2.0
923,0.0,,0.0,,0.0,0.0,,,3.74641313101165e-05,3.74641313101165e-05,3.74641313101165e-05,3.74641313101165e-05,3.74641313101165e-05,3.74641313101165e-05,3.74641313101165e-05,3.74641313101165e-05,0.0
924,1.0,,1.0,1.0,1.0,1.0,,,0.03377237170934677,0.03377237170934677,0.03377237170934677,0.03377237170934677,0.03377237170934677,0.03377237170934677,0.03377237170934677,0.03377237170934677,3.0
925,,,1.0,1.0,1.0,1.0,,,0.01908707246184349,0.01908707246184349,0.01908707246184349,0.01908707246184349,0.01908707246184349,0.01908707246184349,0.01908707246184349,0.01908707246184349,1.0
926,0.0,0.0,0.0,0.0,0.0,0.0,0.0,0.0,1.28092615341302e-05,1.28092615341302e-05,1.28092615341302e-05,1.28092615341302e-05,1.28092615341302e-05,1.28092615341302e-05,1.28092615341302e-05,1.28092615341302e-05,0.0
927,0.0,0.0,0.0,0.0,0.0,0.0,0.0,0.0,3.74156024918193e-06,3.74156024918193e-06,3.74156024918193e-06,3.74156024918193e-06,3.74156024918193e-06,3.74156024918193e-06,3.74156024918193e-06,3.74156024918193e-06,0.0
928,,,0.0,,0.0,0.0,,,2.8833535452577053e-06,2.8833535452577053e-06,2.8833535452577053e-06,2.8833535452577053e-06,2.8833535452577053e-06,2.8833535452577053e-06,2.8833535452577053e-06,2.8833535452577053e-06,3.0
929,0.0,,1.0,,1.0,1.0,,,0.0004564396513160318,0.0004564396513160318,0.0004564396513160318,0.0004564396513160318,0.0004564396513160318,0.0004564396513160318,0.0004564396513160318,0.0004564396513160318,0.0
930,1.0,,1.0,,1.0,1.0,,,0.01204943098127842,0.01204943098127842,0.01204943098127842,0.01204943098127842,0.01204943098127842,0.01204943098127842,0.01204943098127842,0.01204943098127842,1.0
931,0.0,0.0,0.0,,0.0,0.0,,,1.0363205547037069e-05,1.0363205547037069e-05,1.0363205547037069e-05,1.0363205547037069e-05,1.0363205547037069e-05,1.0363205547037069e-05,1.0363205547037069e-05,1.0363205547037069e-05,1.0
932,1.0,1.0,1.0,1.0,1.0,1.0,1.0,1.0,0.975846529006958,0.975846529006958,0.975846529006958,0.975846529006958,0.975846529006958,0.975846529006958,0.975846529006958,0.975846529006958,0.0
933,1.0,1.0,1.0,1.0,1.0,1.0,1.0,1.0,0.8244847655296326,0.8244847655296326,0.8244847655296326,0.8244847655296326,0.8244847655296326,0.8244847655296326,0.8244847655296326,0.8244847655296326,3.0
934,0.0,,0.0,,0.0,0.0,,,3.202071184205124e-06,3.202071184205124e-06,3.202071184205124e-06,3.202071184205124e-06,3.202071184205124e-06,3.202071184205124e-06,3.202071184205124e-06,3.202071184205124e-06,3.0
935,0.0,0.0,0.0,0.0,1.0,0.0,,,1.4331488273455761e-05,1.4331488273455761e-05,1.4331488273455761e-05,1.4331488273455761e-05,1.4331488273455761e-05,1.4331488273455761e-05,1.4331488273455761e-05,1.4331488273455761e-05,2.0
936,0.0,0.0,0.0,0.0,1.0,0.0,,,0.0001471187424613163,0.0001471187424613163,0.0001471187424613163,0.0001471187424613163,0.0001471187424613163,0.0001471187424613163,0.0001471187424613163,0.0001471187424613163,2.0
937,1.0,1.0,1.0,1.0,1.0,1.0,1.0,1.0,0.9963843822479248,0.9963843822479248,0.9963843822479248,0.9963843822479248,0.9963843822479248,0.9963843822479248,0.9963843822479248,0.9963843822479248,0.0
938,1.0,1.0,1.0,1.0,1.0,1.0,1.0,1.0,0.9987213015556335,0.9987213015556335,0.9987213015556335,0.9987213015556335,0.9987213015556335,0.9987213015556335,0.9987213015556335,0.9987213015556335,2.0
939,,,1.0,1.0,1.0,1.0,,,0.002780689625069499,0.002780689625069499,0.002780689625069499,0.002780689625069499,0.002780689625069499,0.002780689625069499,0.002780689625069499,0.002780689625069499,2.0
940,1.0,1.0,1.0,1.0,1.0,1.0,0.0,0.0,0.006391993258148432,0.006391993258148432,0.006391993258148432,0.006391993258148432,0.006391993258148432,0.006391993258148432,0.006391993258148432,0.006391993258148432,1.0
941,0.0,0.0,0.0,0.0,0.0,0.0,0.0,0.0,1.8597165762912482e-05,1.8597165762912482e-05,1.8597165762912482e-05,1.8597165762912482e-05,1.8597165762912482e-05,1.8597165762912482e-05,1.8597165762912482e-05,1.8597165762912482e-05,1.0
942,0.0,0.0,,0.0,1.0,0.0,,,0.00031156372278928757,0.00031156372278928757,0.00031156372278928757,0.00031156372278928757,0.00031156372278928757,0.00031156372278928757,0.00031156372278928757,0.00031156372278928757,1.0
943,0.0,0.0,,1.0,1.0,0.0,,,0.001360312569886446,0.001360312569886446,0.001360312569886446,0.001360312569886446,0.001360312569886446,0.001360312569886446,0.001360312569886446,0.001360312569886446,2.0
944,0.0,,0.0,,0.0,0.0,,,7.585397270304384e-06,7.585397270304384e-06,7.585397270304384e-06,7.585397270304384e-06,7.585397270304384e-06,7.585397270304384e-06,7.585397270304384e-06,7.585397270304384e-06,0.0
945,0.0,0.0,0.0,0.0,0.0,0.0,0.0,0.0,7.5962552728015e-06,7.5962552728015e-06,7.5962552728015e-06,7.5962552728015e-06,7.5962552728015e-06,7.5962552728015e-06,7.5962552728015e-06,7.5962552728015e-06,3.0
946,0.0,1.0,1.0,0.0,1.0,1.0,0.0,0.0,0.0001091702506528236,0.0001091702506528236,0.0001091702506528236,0.0001091702506528236,0.0001091702506528236,0.0001091702506528236,0.0001091702506528236,0.0001091702506528236,2.0
947,0.0,,0.0,,0.0,0.0,,,2.937901626864914e-06,2.937901626864914e-06,2.937901626864914e-06,2.937901626864914e-06,2.937901626864914e-06,2.937901626864914e-06,2.937901626864914e-06,2.937901626864914e-06,3.0
948,1.0,1.0,1.0,1.0,1.0,1.0,1.0,,0.016078557819128036,0.016078557819128036,0.016078557819128036,0.016078557819128036,0.016078557819128036,0.016078557819128036,0.016078557819128036,0.016078557819128036,0.0
949,,,,,,,0.0,0.0,2.5340139472973533e-05,2.5340139472973533e-05,2.5340139472973533e-05,2.5340139472973533e-05,2.5340139472973533e-05,2.5340139472973533e-05,2.5340139472973533e-05,2.5340139472973533e-05,1.0
950,1.0,,1.0,0.0,1.0,1.0,,,0.008603167720139027,0.008603167720139027,0.008603167720139027,0.008603167720139027,0.008603167720139027,0.008603167720139027,0.008603167720139027,0.008603167720139027,2.0
951,0.0,0.0,0.0,0.0,0.0,0.0,0.0,0.0,5.650169441651087e-06,5.650169441651087e-06,5.650169441651087e-06,5.650169441651087e-06,5.650169441651087e-06,5.650169441651087e-06,5.650169441651087e-06,5.650169441651087e-06,2.0
952,,1.0,1.0,1.0,1.0,1.0,,,0.9978576302528381,0.9978576302528381,0.9978576302528381,0.9978576302528381,0.9978576302528381,0.9978576302528381,0.9978576302528381,0.9978576302528381,1.0
953,0.0,0.0,0.0,0.0,0.0,0.0,0.0,0.0,2.553640797486878e-06,2.553640797486878e-06,2.553640797486878e-06,2.553640797486878e-06,2.553640797486878e-06,2.553640797486878e-06,2.553640797486878e-06,2.553640797486878e-06,3.0
954,0.0,,0.0,0.0,0.0,0.0,,,4.647006790037267e-06,4.647006790037267e-06,4.647006790037267e-06,4.647006790037267e-06,4.647006790037267e-06,4.647006790037267e-06,4.647006790037267e-06,4.647006790037267e-06,4.0
955,0.0,0.0,0.0,0.0,0.0,0.0,0.0,0.0,0.0005566624458879232,0.0005566624458879232,0.0005566624458879232,0.0005566624458879232,0.0005566624458879232,0.0005566624458879232,0.0005566624458879232,0.0005566624458879232,4.0
956,0.0,,1.0,0.0,1.0,1.0,,,0.000630776456091553,0.000630776456091553,0.000630776456091553,0.000630776456091553,0.000630776456091553,0.000630776456091553,0.000630776456091553,0.000630776456091553,4.0
957,0.0,0.0,0.0,0.0,0.0,0.0,0.0,,4.290818196750479e-06,4.290818196750479e-06,4.290818196750479e-06,4.290818196750479e-06,4.290818196750479e-06,4.290818196750479e-06,4.290818196750479e-06,4.290818196750479e-06,4.0
958,1.0,1.0,1.0,1.0,1.0,1.0,0.0,,0.030092276632785797,0.030092276632785797,0.030092276632785797,0.030092276632785797,0.030092276632785797,0.030092276632785797,0.030092276632785797,0.030092276632785797,3.0
959,0.0,,0.0,,0.0,0.0,,,3.933161679015029e-06,3.933161679015029e-06,3.933161679015029e-06,3.933161679015029e-06,3.933161679015029e-06,3.933161679015029e-06,3.933161679015029e-06,3.933161679015029e-06,4.0
960,0.0,0.0,0.0,0.0,0.0,0.0,0.0,0.0,2.5476304017502116e-06,2.5476304017502116e-06,2.5476304017502116e-06,2.5476304017502116e-06,2.5476304017502116e-06,2.5476304017502116e-06,2.5476304017502116e-06,2.5476304017502116e-06,4.0
961,1.0,1.0,1.0,1.0,1.0,1.0,1.0,0.0,0.6891235709190369,0.6891235709190369,0.6891235709190369,0.6891235709190369,0.6891235709190369,0.6891235709190369,0.6891235709190369,0.6891235709190369,1.0
962,1.0,0.0,1.0,1.0,1.0,0.0,,,0.009334700182080269,0.009334700182080269,0.009334700182080269,0.009334700182080269,0.009334700182080269,0.009334700182080269,0.009334700182080269,0.009334700182080269,0.0
963,1.0,1.0,1.0,1.0,1.0,1.0,1.0,,0.9996424913406372,0.9996424913406372,0.9996424913406372,0.9996424913406372,0.9996424913406372,0.9996424913406372,0.9996424913406372,0.9996424913406372,1.0
964,0.0,0.0,0.0,0.0,0.0,0.0,,,2.191356315961457e-06,2.191356315961457e-06,2.191356315961457e-06,2.191356315961457e-06,2.191356315961457e-06,2.191356315961457e-06,2.191356315961457e-06,2.191356315961457e-06,0.0
965,0.0,0.0,0.0,0.0,0.0,0.0,0.0,0.0,1.021333628159482e-05,1.021333628159482e-05,1.021333628159482e-05,1.021333628159482e-05,1.021333628159482e-05,1.021333628159482e-05,1.021333628159482e-05,1.021333628159482e-05,1.0
966,1.0,1.0,1.0,1.0,1.0,1.0,0.0,1.0,0.2082984745502472,0.2082984745502472,0.2082984745502472,0.2082984745502472,0.2082984745502472,0.2082984745502472,0.2082984745502472,0.2082984745502472,2.0
967,0.0,0.0,0.0,0.0,0.0,0.0,0.0,0.0,9.743035661813337e-06,9.743035661813337e-06,9.743035661813337e-06,9.743035661813337e-06,9.743035661813337e-06,9.743035661813337e-06,9.743035661813337e-06,9.743035661813337e-06,3.0
968,1.0,1.0,1.0,1.0,1.0,1.0,1.0,1.0,0.9934431314468384,0.9934431314468384,0.9934431314468384,0.9934431314468384,0.9934431314468384,0.9934431314468384,0.9934431314468384,0.9934431314468384,2.0
969,1.0,1.0,1.0,1.0,1.0,1.0,0.0,,0.014771640300750732,0.014771640300750732,0.014771640300750732,0.014771640300750732,0.014771640300750732,0.014771640300750732,0.014771640300750732,0.014771640300750732,4.0
970,0.0,,0.0,0.0,0.0,0.0,,,1.5756304492242634e-05,1.5756304492242634e-05,1.5756304492242634e-05,1.5756304492242634e-05,1.5756304492242634e-05,1.5756304492242634e-05,1.5756304492242634e-05,1.5756304492242634e-05,3.0
971,0.0,0.0,1.0,0.0,1.0,0.0,,,1.0288355042575859e-05,1.0288355042575859e-05,1.0288355042575859e-05,1.0288355042575859e-05,1.0288355042575859e-05,1.0288355042575859e-05,1.0288355042575859e-05,1.0288355042575859e-05,4.0
972,0.0,0.0,0.0,0.0,0.0,0.0,,,8.426583917753305e-06,8.426583917753305e-06,8.426583917753305e-06,8.426583917753305e-06,8.426583917753305e-06,8.426583917753305e-06,8.426583917753305e-06,8.426583917753305e-06,4.0
973,0.0,0.0,0.0,0.0,0.0,0.0,0.0,,0.00032954831840470433,0.00032954831840470433,0.00032954831840470433,0.00032954831840470433,0.00032954831840470433,0.00032954831840470433,0.00032954831840470433,0.00032954831840470433,0.0
974,1.0,1.0,1.0,1.0,1.0,1.0,1.0,1.0,0.016209211200475693,0.016209211200475693,0.016209211200475693,0.016209211200475693,0.016209211200475693,0.016209211200475693,0.016209211200475693,0.016209211200475693,1.0
975,0.0,1.0,0.0,,1.0,0.0,,,0.0001279181451536715,0.0001279181451536715,0.0001279181451536715,0.0001279181451536715,0.0001279181451536715,0.0001279181451536715,0.0001279181451536715,0.0001279181451536715,4.0
976,1.0,1.0,1.0,,1.0,1.0,,,0.018979134038090706,0.018979134038090706,0.018979134038090706,0.018979134038090706,0.018979134038090706,0.018979134038090706,0.018979134038090706,0.018979134038090706,0.0
977,0.0,,0.0,,0.0,0.0,,,2.0178983959340258e-06,2.0178983959340258e-06,2.0178983959340258e-06,2.0178983959340258e-06,2.0178983959340258e-06,2.0178983959340258e-06,2.0178983959340258e-06,2.0178983959340258e-06,3.0
978,,,,,,,0.0,0.0,0.0004282055888324976,0.0004282055888324976,0.0004282055888324976,0.0004282055888324976,0.0004282055888324976,0.0004282055888324976,0.0004282055888324976,0.0004282055888324976,0.0
979,0.0,,0.0,0.0,0.0,0.0,,,1.8954553524963558e-05,1.8954553524963558e-05,1.8954553524963558e-05,1.8954553524963558e-05,1.8954553524963558e-05,1.8954553524963558e-05,1.8954553524963558e-05,1.8954553524963558e-05,1.0
980,0.0,1.0,1.0,0.0,1.0,1.0,,,0.07332960516214371,0.07332960516214371,0.07332960516214371,0.07332960516214371,0.07332960516214371,0.07332960516214371,0.07332960516214371,0.07332960516214371,4.0
981,1.0,1.0,1.0,1.0,1.0,1.0,1.0,1.0,0.9990115165710449,0.9990115165710449,0.9990115165710449,0.9990115165710449,0.9990115165710449,0.9990115165710449,0.9990115165710449,0.9990115165710449,1.0
982,0.0,,0.0,,0.0,0.0,,,4.2811563616851345e-05,4.2811563616851345e-05,4.2811563616851345e-05,4.2811563616851345e-05,4.2811563616851345e-05,4.2811563616851345e-05,4.2811563616851345e-05,4.2811563616851345e-05,2.0
983,1.0,0.0,,0.0,1.0,0.0,,,0.0007823823252692819,0.0007823823252692819,0.0007823823252692819,0.0007823823252692819,0.0007823823252692819,0.0007823823252692819,0.0007823823252692819,0.0007823823252692819,3.0
984,1.0,0.0,,1.0,1.0,0.0,,,0.010205773636698723,0.010205773636698723,0.010205773636698723,0.010205773636698723,0.010205773636698723,0.010205773636698723,0.010205773636698723,0.010205773636698723,2.0
985,1.0,1.0,1.0,1.0,1.0,1.0,0.0,1.0,0.8768061399459839,0.8768061399459839,0.8768061399459839,0.8768061399459839,0.8768061399459839,0.8768061399459839,0.8768061399459839,0.8768061399459839,2.0
986,1.0,1.0,1.0,1.0,1.0,1.0,1.0,1.0,0.9856977462768555,0.9856977462768555,0.9856977462768555,0.9856977462768555,0.9856977462768555,0.9856977462768555,0.9856977462768555,0.9856977462768555,1.0
987,1.0,1.0,1.0,1.0,1.0,1.0,1.0,,0.99991774559021,0.99991774559021,0.99991774559021,0.99991774559021,0.99991774559021,0.99991774559021,0.99991774559021,0.99991774559021,2.0
988,0.0,0.0,0.0,0.0,0.0,0.0,0.0,0.0,1.0482742254680488e-05,1.0482742254680488e-05,1.0482742254680488e-05,1.0482742254680488e-05,1.0482742254680488e-05,1.0482742254680488e-05,1.0482742254680488e-05,1.0482742254680488e-05,1.0
989,1.0,1.0,1.0,1.0,1.0,1.0,0.0,0.0,0.009259282611310482,0.009259282611310482,0.009259282611310482,0.009259282611310482,0.009259282611310482,0.009259282611310482,0.009259282611310482,0.009259282611310482,3.0
990,1.0,1.0,1.0,1.0,1.0,1.0,1.0,0.0,0.409034788608551,0.409034788608551,0.409034788608551,0.409034788608551,0.409034788608551,0.409034788608551,0.409034788608551,0.409034788608551,1.0
991,1.0,1.0,1.0,1.0,1.0,0.0,0.0,,0.0012061703018844128,0.0012061703018844128,0.0012061703018844128,0.0012061703018844128,0.0012061703018844128,0.0012061703018844128,0.0012061703018844128,0.0012061703018844128,4.0
992,0.0,0.0,0.0,0.0,0.0,0.0,0.0,0.0,6.3968118411139585e-06,6.3968118411139585e-06,6.3968118411139585e-06,6.3968118411139585e-06,6.3968118411139585e-06,6.3968118411139585e-06,6.3968118411139585e-06,6.3968118411139585e-06,4.0
993,1.0,1.0,1.0,1.0,1.0,1.0,0.0,,0.5618898868560791,0.5618898868560791,0.5618898868560791,0.5618898868560791,0.5618898868560791,0.5618898868560791,0.5618898868560791,0.5618898868560791,1.0
994,0.0,1.0,1.0,0.0,1.0,0.0,0.0,0.0,0.0004359762242529541,0.0004359762242529541,0.0004359762242529541,0.0004359762242529541,0.0004359762242529541,0.0004359762242529541,0.0004359762242529541,0.0004359762242529541,2.0
995,0.0,,0.0,,0.0,0.0,,,6.0170673350512516e-06,6.0170673350512516e-06,6.0170673350512516e-06,6.0170673350512516e-06,6.0170673350512516e-06,6.0170673350512516e-06,6.0170673350512516e-06,6.0170673350512516e-06,4.0
996,0.0,,1.0,0.0,1.0,0.0,,,0.0005706019583158195,0.0005706019583158195,0.0005706019583158195,0.0005706019583158195,0.0005706019583158195,0.0005706019583158195,0.0005706019583158195,0.0005706019583158195,4.0
997,,,0.0,0.0,0.0,0.0,,,1.5487610653508455e-05,1.5487610653508455e-05,1.5487610653508455e-05,1.5487610653508455e-05,1.5487610653508455e-05,1.5487610653508455e-05,1.5487610653508455e-05,1.5487610653508455e-05,2.0
998,0.0,,0.0,0.0,0.0,0.0,,,3.7977529245836195e-06,3.7977529245836195e-06,3.7977529245836195e-06,3.7977529245836195e-06,3.7977529245836195e-06,3.7977529245836195e-06,3.7977529245836195e-06,3.7977529245836195e-06,0.0
999,1.0,,1.0,0.0,1.0,1.0,,,0.005297943018376827,0.005297943018376827,0.005297943018376827,0.005297943018376827,0.005297943018376827,0.005297943018376827,0.005297943018376827,0.005297943018376827,0.0
1000,0.0,0.0,0.0,0.0,0.0,0.0,0.0,0.0,9.814629265747499e-06,9.814629265747499e-06,9.814629265747499e-06,9.814629265747499e-06,9.814629265747499e-06,9.814629265747499e-06,9.814629265747499e-06,9.814629265747499e-06,1.0
1001,0.0,,0.0,0.0,0.0,0.0,,,4.947007982991636e-05,4.947007982991636e-05,4.947007982991636e-05,4.947007982991636e-05,4.947007982991636e-05,4.947007982991636e-05,4.947007982991636e-05,4.947007982991636e-05,1.0
1002,1.0,0.0,1.0,1.0,1.0,1.0,,,0.976963222026825,0.976963222026825,0.976963222026825,0.976963222026825,0.976963222026825,0.976963222026825,0.976963222026825,0.976963222026825,2.0
1003,1.0,1.0,1.0,1.0,1.0,1.0,1.0,1.0,0.1313709318637848,0.1313709318637848,0.1313709318637848,0.1313709318637848,0.1313709318637848,0.1313709318637848,0.1313709318637848,0.1313709318637848,2.0
1004,0.0,0.0,0.0,0.0,0.0,0.0,,,0.00022575660841539502,0.00022575660841539502,0.00022575660841539502,0.00022575660841539502,0.00022575660841539502,0.00022575660841539502,0.00022575660841539502,0.00022575660841539502,0.0
1005,0.0,0.0,0.0,0.0,0.0,0.0,0.0,0.0,5.673987743648468e-06,5.673987743648468e-06,5.673987743648468e-06,5.673987743648468e-06,5.673987743648468e-06,5.673987743648468e-06,5.673987743648468e-06,5.673987743648468e-06,1.0
1006,0.0,0.0,0.0,0.0,1.0,0.0,0.0,0.0,3.9203976484714076e-05,3.9203976484714076e-05,3.9203976484714076e-05,3.9203976484714076e-05,3.9203976484714076e-05,3.9203976484714076e-05,3.9203976484714076e-05,3.9203976484714076e-05,2.0
1007,1.0,1.0,1.0,1.0,1.0,1.0,1.0,0.0,0.03945602476596832,0.03945602476596832,0.03945602476596832,0.03945602476596832,0.03945602476596832,0.03945602476596832,0.03945602476596832,0.03945602476596832,2.0
1008,0.0,0.0,0.0,0.0,0.0,0.0,0.0,0.0,3.827345153695205e-06,3.827345153695205e-06,3.827345153695205e-06,3.827345153695205e-06,3.827345153695205e-06,3.827345153695205e-06,3.827345153695205e-06,3.827345153695205e-06,4.0
1009,0.0,0.0,0.0,0.0,0.0,1.0,0.0,0.0,0.006891184486448765,0.006891184486448765,0.006891184486448765,0.006891184486448765,0.006891184486448765,0.006891184486448765,0.006891184486448765,0.006891184486448765,2.0
1010,0.0,,0.0,,0.0,0.0,,,0.00012599490582942963,0.00012599490582942963,0.00012599490582942963,0.00012599490582942963,0.00012599490582942963,0.00012599490582942963,0.00012599490582942963,0.00012599490582942963,0.0
1011,1.0,1.0,1.0,1.0,1.0,1.0,0.0,,0.04015276953577995,0.04015276953577995,0.04015276953577995,0.04015276953577995,0.04015276953577995,0.04015276953577995,0.04015276953577995,0.04015276953577995,4.0
1012,1.0,,1.0,1.0,1.0,1.0,,,0.008344916626811028,0.008344916626811028,0.008344916626811028,0.008344916626811028,0.008344916626811028,0.008344916626811028,0.008344916626811028,0.008344916626811028,4.0
1013,,,0.0,,0.0,0.0,,,4.69526003143983e-06,4.69526003143983e-06,4.69526003143983e-06,4.69526003143983e-06,4.69526003143983e-06,4.69526003143983e-06,4.69526003143983e-06,4.69526003143983e-06,2.0
1014,1.0,,1.0,1.0,1.0,0.0,,,0.007151407655328512,0.007151407655328512,0.007151407655328512,0.007151407655328512,0.007151407655328512,0.007151407655328512,0.007151407655328512,0.007151407655328512,1.0
1015,0.0,0.0,0.0,0.0,0.0,0.0,0.0,0.0,0.00018973008263856173,0.00018973008263856173,0.00018973008263856173,0.00018973008263856173,0.00018973008263856173,0.00018973008263856173,0.00018973008263856173,0.00018973008263856173,4.0
1016,0.0,,0.0,0.0,0.0,0.0,,,2.1123607893969165e-06,2.1123607893969165e-06,2.1123607893969165e-06,2.1123607893969165e-06,2.1123607893969165e-06,2.1123607893969165e-06,2.1123607893969165e-06,2.1123607893969165e-06,4.0
1017,0.0,,0.0,0.0,1.0,0.0,,,1.926898221427109e-05,1.926898221427109e-05,1.926898221427109e-05,1.926898221427109e-05,1.926898221427109e-05,1.926898221427109e-05,1.926898221427109e-05,1.926898221427109e-05,0.0
1018,0.0,,1.0,1.0,1.0,1.0,,,0.0004647647438105196,0.0004647647438105196,0.0004647647438105196,0.0004647647438105196,0.0004647647438105196,0.0004647647438105196,0.0004647647438105196,0.0004647647438105196,1.0
1019,0.0,0.0,0.0,0.0,0.0,0.0,0.0,0.0,6.222773663466796e-05,6.222773663466796e-05,6.222773663466796e-05,6.222773663466796e-05,6.222773663466796e-05,6.222773663466796e-05,6.222773663466796e-05,6.222773663466796e-05,3.0
1020,0.0,0.0,0.0,0.0,0.0,0.0,0.0,0.0,0.00011022759281331673,0.00011022759281331673,0.00011022759281331673,0.00011022759281331673,0.00011022759281331673,0.00011022759281331673,0.00011022759281331673,0.00011022759281331673,4.0
1021,0.0,,0.0,,0.0,0.0,,,2.514774678274989e-06,2.514774678274989e-06,2.514774678274989e-06,2.514774678274989e-06,2.514774678274989e-06,2.514774678274989e-06,2.514774678274989e-06,2.514774678274989e-06,4.0
1022,,,,,,,0.0,0.0,0.0012759269447997212,0.0012759269447997212,0.0012759269447997212,0.0012759269447997212,0.0012759269447997212,0.0012759269447997212,0.0012759269447997212,0.0012759269447997212,2.0
1023,1.0,1.0,1.0,1.0,1.0,1.0,1.0,,0.0047675734385848045,0.0047675734385848045,0.0047675734385848045,0.0047675734385848045,0.0047675734385848045,0.0047675734385848045,0.0047675734385848045,0.0047675734385848045,0.0
1024,0.0,0.0,0.0,0.0,0.0,0.0,1.0,0.0,7.526536501245573e-05,7.526536501245573e-05,7.526536501245573e-05,7.526536501245573e-05,7.526536501245573e-05,7.526536501245573e-05,7.526536501245573e-05,7.526536501245573e-05,3.0
1025,0.0,0.0,1.0,0.0,1.0,0.0,,,0.00010720154386945069,0.00010720154386945069,0.00010720154386945069,0.00010720154386945069,0.00010720154386945069,0.00010720154386945069,0.00010720154386945069,0.00010720154386945069,0.0
1026,0.0,0.0,0.0,0.0,0.0,0.0,0.0,0.0,7.568646651634481e-06,7.568646651634481e-06,7.568646651634481e-06,7.568646651634481e-06,7.568646651634481e-06,7.568646651634481e-06,7.568646651634481e-06,7.568646651634481e-06,3.0
1027,0.0,,1.0,0.0,1.0,1.0,,,3.282825127826072e-05,3.282825127826072e-05,3.282825127826072e-05,3.282825127826072e-05,3.282825127826072e-05,3.282825127826072e-05,3.282825127826072e-05,3.282825127826072e-05,1.0
1028,1.0,,1.0,0.0,1.0,1.0,,,0.9069339036941528,0.9069339036941528,0.9069339036941528,0.9069339036941528,0.9069339036941528,0.9069339036941528,0.9069339036941528,0.9069339036941528,4.0
1029,0.0,0.0,0.0,0.0,1.0,0.0,,,4.964320396538824e-06,4.964320396538824e-06,4.964320396538824e-06,4.964320396538824e-06,4.964320396538824e-06,4.964320396538824e-06,4.964320396538824e-06,4.964320396538824e-06,1.0
1030,0.0,0.0,0.0,0.0,1.0,1.0,0.0,,0.00015138481103349477,0.00015138481103349477,0.00015138481103349477,0.00015138481103349477,0.00015138481103349477,0.00015138481103349477,0.00015138481103349477,0.00015138481103349477,3.0
1031,1.0,1.0,1.0,1.0,1.0,1.0,,,0.16778771579265594,0.16778771579265594,0.16778771579265594,0.16778771579265594,0.16778771579265594,0.16778771579265594,0.16778771579265594,0.16778771579265594,3.0
1032,0.0,0.0,0.0,0.0,0.0,0.0,0.0,0.0,4.889011052000569e-06,4.889011052000569e-06,4.889011052000569e-06,4.889011052000569e-06,4.889011052000569e-06,4.889011052000569e-06,4.889011052000569e-06,4.889011052000569e-06,3.0
1033,0.0,1.0,1.0,1.0,1.0,1.0,0.0,0.0,0.00032492089667357504,0.00032492089667357504,0.00032492089667357504,0.00032492089667357504,0.00032492089667357504,0.00032492089667357504,0.00032492089667357504,0.00032492089667357504,0.0
1034,1.0,1.0,1.0,1.0,1.0,1.0,1.0,,0.46184641122817993,0.46184641122817993,0.46184641122817993,0.46184641122817993,0.46184641122817993,0.46184641122817993,0.46184641122817993,0.46184641122817993,1.0
1035,1.0,1.0,1.0,0.0,1.0,0.0,0.0,0.0,0.0029633683152496815,0.0029633683152496815,0.0029633683152496815,0.0029633683152496815,0.0029633683152496815,0.0029633683152496815,0.0029633683152496815,0.0029633683152496815,3.0
1036,,,,,,,0.0,0.0,5.8670771977631375e-05,5.8670771977631375e-05,5.8670771977631375e-05,5.8670771977631375e-05,5.8670771977631375e-05,5.8670771977631375e-05,5.8670771977631375e-05,5.8670771977631375e-05,1.0
1037,1.0,1.0,1.0,1.0,1.0,1.0,,,0.20243358612060547,0.20243358612060547,0.20243358612060547,0.20243358612060547,0.20243358612060547,0.20243358612060547,0.20243358612060547,0.20243358612060547,0.0
1038,0.0,,0.0,0.0,0.0,0.0,,,0.0006747037405148149,0.0006747037405148149,0.0006747037405148149,0.0006747037405148149,0.0006747037405148149,0.0006747037405148149,0.0006747037405148149,0.0006747037405148149,4.0
1039,1.0,1.0,1.0,1.0,1.0,1.0,1.0,1.0,0.9964662790298462,0.9964662790298462,0.9964662790298462,0.9964662790298462,0.9964662790298462,0.9964662790298462,0.9964662790298462,0.9964662790298462,4.0
1040,0.0,0.0,0.0,0.0,0.0,0.0,0.0,0.0,1.5107478247955441e-05,1.5107478247955441e-05,1.5107478247955441e-05,1.5107478247955441e-05,1.5107478247955441e-05,1.5107478247955441e-05,1.5107478247955441e-05,1.5107478247955441e-05,2.0
1041,1.0,,1.0,1.0,1.0,1.0,,,0.44390347599983215,0.44390347599983215,0.44390347599983215,0.44390347599983215,0.44390347599983215,0.44390347599983215,0.44390347599983215,0.44390347599983215,1.0
1042,0.0,,0.0,,0.0,0.0,,,8.082492422545329e-05,8.082492422545329e-05,8.082492422545329e-05,8.082492422545329e-05,8.082492422545329e-05,8.082492422545329e-05,8.082492422545329e-05,8.082492422545329e-05,3.0
1043,,,,,,,1.0,0.0,0.00030007859459146857,0.00030007859459146857,0.00030007859459146857,0.00030007859459146857,0.00030007859459146857,0.00030007859459146857,0.00030007859459146857,0.00030007859459146857,1.0
1044,1.0,,1.0,1.0,1.0,0.0,0.0,0.0,0.0005281759658828378,0.0005281759658828378,0.0005281759658828378,0.0005281759658828378,0.0005281759658828378,0.0005281759658828378,0.0005281759658828378,0.0005281759658828378,1.0
1045,0.0,,0.0,,0.0,0.0,,,5.161794888408622e-06,5.161794888408622e-06,5.161794888408622e-06,5.161794888408622e-06,5.161794888408622e-06,5.161794888408622e-06,5.161794888408622e-06,5.161794888408622e-06,4.0
1046,0.0,0.0,0.0,0.0,0.0,0.0,0.0,0.0,4.7935041948221624e-05,4.7935041948221624e-05,4.7935041948221624e-05,4.7935041948221624e-05,4.7935041948221624e-05,4.7935041948221624e-05,4.7935041948221624e-05,4.7935041948221624e-05,3.0
1047,0.0,0.0,0.0,,1.0,0.0,,,0.0005100434646010399,0.0005100434646010399,0.0005100434646010399,0.0005100434646010399,0.0005100434646010399,0.0005100434646010399,0.0005100434646010399,0.0005100434646010399,1.0
1048,0.0,1.0,0.0,,1.0,1.0,,,0.7873433232307434,0.7873433232307434,0.7873433232307434,0.7873433232307434,0.7873433232307434,0.7873433232307434,0.7873433232307434,0.7873433232307434,3.0
1049,0.0,,0.0,,0.0,0.0,,,2.0343302367109573e-06,2.0343302367109573e-06,2.0343302367109573e-06,2.0343302367109573e-06,2.0343302367109573e-06,2.0343302367109573e-06,2.0343302367109573e-06,2.0343302367109573e-06,3.0
1050,1.0,0.0,1.0,1.0,0.0,0.0,0.0,,0.00047063620877452195,0.00047063620877452195,0.00047063620877452195,0.00047063620877452195,0.00047063620877452195,0.00047063620877452195,0.00047063620877452195,0.00047063620877452195,2.0
1051,0.0,0.0,0.0,0.0,0.0,0.0,0.0,,1.2329034689173568e-05,1.2329034689173568e-05,1.2329034689173568e-05,1.2329034689173568e-05,1.2329034689173568e-05,1.2329034689173568e-05,1.2329034689173568e-05,1.2329034689173568e-05,4.0
1052,1.0,0.0,1.0,1.0,1.0,0.0,,,0.04024440795183182,0.04024440795183182,0.04024440795183182,0.04024440795183182,0.04024440795183182,0.04024440795183182,0.04024440795183182,0.04024440795183182,2.0
1053,1.0,,1.0,1.0,1.0,1.0,,,0.1581674963235855,0.1581674963235855,0.1581674963235855,0.1581674963235855,0.1581674963235855,0.1581674963235855,0.1581674963235855,0.1581674963235855,0.0
1054,0.0,,0.0,0.0,0.0,0.0,,,0.025606846436858177,0.025606846436858177,0.025606846436858177,0.025606846436858177,0.025606846436858177,0.025606846436858177,0.025606846436858177,0.025606846436858177,0.0
1055,0.0,,0.0,,0.0,0.0,,,8.120990241877735e-05,8.120990241877735e-05,8.120990241877735e-05,8.120990241877735e-05,8.120990241877735e-05,8.120990241877735e-05,8.120990241877735e-05,8.120990241877735e-05,1.0
1056,0.0,0.0,0.0,0.0,0.0,0.0,,,1.3241221495263744e-05,1.3241221495263744e-05,1.3241221495263744e-05,1.3241221495263744e-05,1.3241221495263744e-05,1.3241221495263744e-05,1.3241221495263744e-05,1.3241221495263744e-05,2.0
1057,1.0,1.0,1.0,1.0,1.0,1.0,1.0,,0.13471250236034393,0.13471250236034393,0.13471250236034393,0.13471250236034393,0.13471250236034393,0.13471250236034393,0.13471250236034393,0.13471250236034393,0.0
1058,1.0,1.0,1.0,1.0,1.0,1.0,1.0,1.0,0.9943861961364746,0.9943861961364746,0.9943861961364746,0.9943861961364746,0.9943861961364746,0.9943861961364746,0.9943861961364746,0.9943861961364746,1.0
1059,0.0,,0.0,0.0,0.0,0.0,,,2.7515372494235635e-05,2.7515372494235635e-05,2.7515372494235635e-05,2.7515372494235635e-05,2.7515372494235635e-05,2.7515372494235635e-05,2.7515372494235635e-05,2.7515372494235635e-05,4.0
1060,0.0,0.0,0.0,0.0,0.0,0.0,,,1.0299114364897832e-05,1.0299114364897832e-05,1.0299114364897832e-05,1.0299114364897832e-05,1.0299114364897832e-05,1.0299114364897832e-05,1.0299114364897832e-05,1.0299114364897832e-05,4.0
1061,1.0,1.0,1.0,1.0,1.0,1.0,,,0.0007098970236256719,0.0007098970236256719,0.0007098970236256719,0.0007098970236256719,0.0007098970236256719,0.0007098970236256719,0.0007098970236256719,0.0007098970236256719,0.0
1062,0.0,0.0,0.0,0.0,0.0,0.0,0.0,0.0,2.604856263133115e-06,2.604856263133115e-06,2.604856263133115e-06,2.604856263133115e-06,2.604856263133115e-06,2.604856263133115e-06,2.604856263133115e-06,2.604856263133115e-06,3.0
1063,0.0,1.0,0.0,0.0,1.0,1.0,,,0.0004181504191365093,0.0004181504191365093,0.0004181504191365093,0.0004181504191365093,0.0004181504191365093,0.0004181504191365093,0.0004181504191365093,0.0004181504191365093,2.0
1064,1.0,0.0,1.0,1.0,1.0,0.0,0.0,,0.009292845614254475,0.009292845614254475,0.009292845614254475,0.009292845614254475,0.009292845614254475,0.009292845614254475,0.009292845614254475,0.009292845614254475,0.0
1065,1.0,1.0,1.0,0.0,1.0,1.0,0.0,0.0,0.2228175848722458,0.2228175848722458,0.2228175848722458,0.2228175848722458,0.2228175848722458,0.2228175848722458,0.2228175848722458,0.2228175848722458,3.0
1066,0.0,0.0,0.0,0.0,1.0,0.0,0.0,0.0,0.0003886229242198169,0.0003886229242198169,0.0003886229242198169,0.0003886229242198169,0.0003886229242198169,0.0003886229242198169,0.0003886229242198169,0.0003886229242198169,4.0
1067,1.0,1.0,1.0,1.0,1.0,1.0,1.0,1.0,0.9965435862541199,0.9965435862541199,0.9965435862541199,0.9965435862541199,0.9965435862541199,0.9965435862541199,0.9965435862541199,0.9965435862541199,0.0
1068,0.0,,0.0,,1.0,0.0,,,5.9207472077105194e-05,5.9207472077105194e-05,5.9207472077105194e-05,5.9207472077105194e-05,5.9207472077105194e-05,5.9207472077105194e-05,5.9207472077105194e-05,5.9207472077105194e-05,0.0
1069,0.0,0.0,0.0,0.0,0.0,0.0,0.0,0.0,3.0155764761730097e-05,3.0155764761730097e-05,3.0155764761730097e-05,3.0155764761730097e-05,3.0155764761730097e-05,3.0155764761730097e-05,3.0155764761730097e-05,3.0155764761730097e-05,4.0
1070,1.0,,1.0,0.0,1.0,0.0,,,0.004877738654613495,0.004877738654613495,0.004877738654613495,0.004877738654613495,0.004877738654613495,0.004877738654613495,0.004877738654613495,0.004877738654613495,4.0
1071,1.0,1.0,1.0,1.0,1.0,1.0,1.0,1.0,0.9771153926849365,0.9771153926849365,0.9771153926849365,0.9771153926849365,0.9771153926849365,0.9771153926849365,0.9771153926849365,0.9771153926849365,0.0
1072,0.0,0.0,0.0,0.0,0.0,0.0,0.0,0.0,2.3814611722627888e-06,2.3814611722627888e-06,2.3814611722627888e-06,2.3814611722627888e-06,2.3814611722627888e-06,2.3814611722627888e-06,2.3814611722627888e-06,2.3814611722627888e-06,2.0
1073,0.0,0.0,0.0,0.0,0.0,0.0,0.0,,3.816874959738925e-05,3.816874959738925e-05,3.816874959738925e-05,3.816874959738925e-05,3.816874959738925e-05,3.816874959738925e-05,3.816874959738925e-05,3.816874959738925e-05,0.0
1074,0.0,0.0,0.0,0.0,0.0,0.0,0.0,0.0,1.2807110579160508e-05,1.2807110579160508e-05,1.2807110579160508e-05,1.2807110579160508e-05,1.2807110579160508e-05,1.2807110579160508e-05,1.2807110579160508e-05,1.2807110579160508e-05,3.0
1075,0.0,,0.0,,0.0,0.0,,,1.7092506823246367e-05,1.7092506823246367e-05,1.7092506823246367e-05,1.7092506823246367e-05,1.7092506823246367e-05,1.7092506823246367e-05,1.7092506823246367e-05,1.7092506823246367e-05,1.0
1076,0.0,,0.0,,0.0,0.0,,,3.41352861141786e-05,3.41352861141786e-05,3.41352861141786e-05,3.41352861141786e-05,3.41352861141786e-05,3.41352861141786e-05,3.41352861141786e-05,3.41352861141786e-05,4.0
1077,1.0,1.0,1.0,1.0,1.0,1.0,1.0,1.0,0.9872106313705444,0.9872106313705444,0.9872106313705444,0.9872106313705444,0.9872106313705444,0.9872106313705444,0.9872106313705444,0.9872106313705444,4.0
1078,0.0,0.0,0.0,0.0,0.0,0.0,0.0,0.0,2.2569172870134935e-05,2.2569172870134935e-05,2.2569172870134935e-05,2.2569172870134935e-05,2.2569172870134935e-05,2.2569172870134935e-05,2.2569172870134935e-05,2.2569172870134935e-05,0.0
1079,1.0,,1.0,1.0,1.0,0.0,,,0.005469046533107758,0.005469046533107758,0.005469046533107758,0.005469046533107758,0.005469046533107758,0.005469046533107758,0.005469046533107758,0.005469046533107758,3.0
1080,,,0.0,,0.0,0.0,,,3.394847226445563e-06,3.394847226445563e-06,3.394847226445563e-06,3.394847226445563e-06,3.394847226445563e-06,3.394847226445563e-06,3.394847226445563e-06,3.394847226445563e-06,0.0
1081,1.0,1.0,1.0,1.0,1.0,0.0,0.0,0.0,0.11006195843219757,0.11006195843219757,0.11006195843219757,0.11006195843219757,0.11006195843219757,0.11006195843219757,0.11006195843219757,0.11006195843219757,4.0
1082,1.0,1.0,1.0,1.0,1.0,1.0,1.0,,0.9993960857391357,0.9993960857391357,0.9993960857391357,0.9993960857391357,0.9993960857391357,0.9993960857391357,0.9993960857391357,0.9993960857391357,4.0
1083,0.0,0.0,0.0,0.0,1.0,0.0,,,4.53663324151421e-06,4.53663324151421e-06,4.53663324151421e-06,4.53663324151421e-06,4.53663324151421e-06,4.53663324151421e-06,4.53663324151421e-06,4.53663324151421e-06,1.0
1084,1.0,1.0,1.0,1.0,1.0,1.0,,,0.3208065330982208,0.3208065330982208,0.3208065330982208,0.3208065330982208,0.3208065330982208,0.3208065330982208,0.3208065330982208,0.3208065330982208,1.0
1085,0.0,0.0,0.0,0.0,0.0,0.0,0.0,0.0,4.410613200889202e-06,4.410613200889202e-06,4.410613200889202e-06,4.410613200889202e-06,4.410613200889202e-06,4.410613200889202e-06,4.410613200889202e-06,4.410613200889202e-06,1.0
1086,0.0,0.0,1.0,0.0,1.0,0.0,,,0.00017036081408150494,0.00017036081408150494,0.00017036081408150494,0.00017036081408150494,0.00017036081408150494,0.00017036081408150494,0.00017036081408150494,0.00017036081408150494,2.0
1087,0.0,0.0,0.0,0.0,0.0,0.0,0.0,0.0,2.497964032954769e-06,2.497964032954769e-06,2.497964032954769e-06,2.497964032954769e-06,2.497964032954769e-06,2.497964032954769e-06,2.497964032954769e-06,2.497964032954769e-06,2.0
1088,1.0,1.0,0.0,1.0,1.0,1.0,0.0,,0.6927991509437561,0.6927991509437561,0.6927991509437561,0.6927991509437561,0.6927991509437561,0.6927991509437561,0.6927991509437561,0.6927991509437561,3.0
1089,0.0,1.0,1.0,0.0,1.0,1.0,,,1.9352012259332696e-06,1.9352012259332696e-06,1.9352012259332696e-06,1.9352012259332696e-06,1.9352012259332696e-06,1.9352012259332696e-06,1.9352012259332696e-06,1.9352012259332696e-06,1.0
1090,1.0,1.0,1.0,1.0,1.0,1.0,1.0,,0.1073884442448616,0.1073884442448616,0.1073884442448616,0.1073884442448616,0.1073884442448616,0.1073884442448616,0.1073884442448616,0.1073884442448616,1.0
1091,1.0,1.0,1.0,1.0,1.0,1.0,1.0,,0.16363848745822906,0.16363848745822906,0.16363848745822906,0.16363848745822906,0.16363848745822906,0.16363848745822906,0.16363848745822906,0.16363848745822906,1.0
1092,1.0,1.0,1.0,1.0,1.0,1.0,,,0.6299549341201782,0.6299549341201782,0.6299549341201782,0.6299549341201782,0.6299549341201782,0.6299549341201782,0.6299549341201782,0.6299549341201782,4.0
1093,0.0,,0.0,,0.0,0.0,,,5.9534268075367436e-05,5.9534268075367436e-05,5.9534268075367436e-05,5.9534268075367436e-05,5.9534268075367436e-05,5.9534268075367436e-05,5.9534268075367436e-05,5.9534268075367436e-05,3.0
1094,0.0,0.0,0.0,0.0,0.0,0.0,,,4.448012987268157e-06,4.448012987268157e-06,4.448012987268157e-06,4.448012987268157e-06,4.448012987268157e-06,4.448012987268157e-06,4.448012987268157e-06,4.448012987268157e-06,1.0
1095,1.0,1.0,1.0,1.0,1.0,0.0,0.0,,0.004300067666918039,0.004300067666918039,0.004300067666918039,0.004300067666918039,0.004300067666918039,0.004300067666918039,0.004300067666918039,0.004300067666918039,4.0
1096,1.0,1.0,1.0,1.0,1.0,0.0,,,9.13181938813068e-05,9.13181938813068e-05,9.13181938813068e-05,9.13181938813068e-05,9.13181938813068e-05,9.13181938813068e-05,9.13181938813068e-05,9.13181938813068e-05,3.0
1097,0.0,0.0,0.0,0.0,0.0,0.0,0.0,0.0,1.0186041436099913e-05,1.0186041436099913e-05,1.0186041436099913e-05,1.0186041436099913e-05,1.0186041436099913e-05,1.0186041436099913e-05,1.0186041436099913e-05,1.0186041436099913e-05,3.0
1098,1.0,,1.0,1.0,1.0,1.0,,,0.35941964387893677,0.35941964387893677,0.35941964387893677,0.35941964387893677,0.35941964387893677,0.35941964387893677,0.35941964387893677,0.35941964387893677,4.0
1099,0.0,1.0,1.0,1.0,1.0,0.0,1.0,0.0,0.003883655881509185,0.003883655881509185,0.003883655881509185,0.003883655881509185,0.003883655881509185,0.003883655881509185,0.003883655881509185,0.003883655881509185,4.0
1100,0.0,0.0,0.0,0.0,0.0,0.0,0.0,0.0,2.69872566605045e-06,2.69872566605045e-06,2.69872566605045e-06,2.69872566605045e-06,2.69872566605045e-06,2.69872566605045e-06,2.69872566605045e-06,2.69872566605045e-06,0.0
1101,1.0,,1.0,,1.0,1.0,,,0.0004982221289537847,0.0004982221289537847,0.0004982221289537847,0.0004982221289537847,0.0004982221289537847,0.0004982221289537847,0.0004982221289537847,0.0004982221289537847,3.0
1102,0.0,,0.0,,0.0,0.0,,,5.3315528930397704e-05,5.3315528930397704e-05,5.3315528930397704e-05,5.3315528930397704e-05,5.3315528930397704e-05,5.3315528930397704e-05,5.3315528930397704e-05,5.3315528930397704e-05,0.0
1103,0.0,0.0,0.0,0.0,0.0,0.0,0.0,0.0,6.745207065250725e-05,6.745207065250725e-05,6.745207065250725e-05,6.745207065250725e-05,6.745207065250725e-05,6.745207065250725e-05,6.745207065250725e-05,6.745207065250725e-05,0.0
1104,0.0,,1.0,,1.0,1.0,,,0.00010306152398698032,0.00010306152398698032,0.00010306152398698032,0.00010306152398698032,0.00010306152398698032,0.00010306152398698032,0.00010306152398698032,0.00010306152398698032,0.0
1105,0.0,0.0,0.0,0.0,0.0,0.0,0.0,0.0,2.3563372906210134e-06,2.3563372906210134e-06,2.3563372906210134e-06,2.3563372906210134e-06,2.3563372906210134e-06,2.3563372906210134e-06,2.3563372906210134e-06,2.3563372906210134e-06,2.0
1106,0.0,0.0,0.0,0.0,0.0,0.0,1.0,0.0,7.638282841071486e-05,7.638282841071486e-05,7.638282841071486e-05,7.638282841071486e-05,7.638282841071486e-05,7.638282841071486e-05,7.638282841071486e-05,7.638282841071486e-05,0.0
1107,0.0,0.0,0.0,0.0,0.0,0.0,0.0,,3.369433034094982e-05,3.369433034094982e-05,3.369433034094982e-05,3.369433034094982e-05,3.369433034094982e-05,3.369433034094982e-05,3.369433034094982e-05,3.369433034094982e-05,2.0
1108,1.0,1.0,1.0,1.0,1.0,0.0,1.0,1.0,0.9558098912239075,0.9558098912239075,0.9558098912239075,0.9558098912239075,0.9558098912239075,0.9558098912239075,0.9558098912239075,0.9558098912239075,3.0
1109,0.0,,0.0,,0.0,0.0,,,1.2810445696231909e-05,1.2810445696231909e-05,1.2810445696231909e-05,1.2810445696231909e-05,1.2810445696231909e-05,1.2810445696231909e-05,1.2810445696231909e-05,1.2810445696231909e-05,4.0
1110,0.0,,0.0,0.0,0.0,0.0,,,0.00024568013031966984,0.00024568013031966984,0.00024568013031966984,0.00024568013031966984,0.00024568013031966984,0.00024568013031966984,0.00024568013031966984,0.00024568013031966984,2.0
1111,0.0,0.0,0.0,0.0,0.0,0.0,1.0,0.0,8.066015288932249e-05,8.066015288932249e-05,8.066015288932249e-05,8.066015288932249e-05,8.066015288932249e-05,8.066015288932249e-05,8.066015288932249e-05,8.066015288932249e-05,2.0
1112,0.0,,1.0,,1.0,0.0,,,0.00015257704944815487,0.00015257704944815487,0.00015257704944815487,0.00015257704944815487,0.00015257704944815487,0.00015257704944815487,0.00015257704944815487,0.00015257704944815487,0.0
1113,0.0,1.0,1.0,1.0,1.0,1.0,,,0.07276390492916107,0.07276390492916107,0.07276390492916107,0.07276390492916107,0.07276390492916107,0.07276390492916107,0.07276390492916107,0.07276390492916107,0.0
1114,1.0,,1.0,,1.0,1.0,,,0.0032638267148286104,0.0032638267148286104,0.0032638267148286104,0.0032638267148286104,0.0032638267148286104,0.0032638267148286104,0.0032638267148286104,0.0032638267148286104,0.0
1115,0.0,0.0,0.0,0.0,0.0,0.0,0.0,0.0,3.156371349177789e-06,3.156371349177789e-06,3.156371349177789e-06,3.156371349177789e-06,3.156371349177789e-06,3.156371349177789e-06,3.156371349177789e-06,3.156371349177789e-06,4.0
1116,0.0,1.0,1.0,0.0,1.0,1.0,0.0,0.0,0.00028893654234707355,0.00028893654234707355,0.00028893654234707355,0.00028893654234707355,0.00028893654234707355,0.00028893654234707355,0.00028893654234707355,0.00028893654234707355,1.0
1117,,,1.0,0.0,1.0,0.0,,,0.0026210930664092302,0.0026210930664092302,0.0026210930664092302,0.0026210930664092302,0.0026210930664092302,0.0026210930664092302,0.0026210930664092302,0.0026210930664092302,0.0
1118,0.0,,0.0,,0.0,0.0,,,4.030475338367978e-06,4.030475338367978e-06,4.030475338367978e-06,4.030475338367978e-06,4.030475338367978e-06,4.030475338367978e-06,4.030475338367978e-06,4.030475338367978e-06,2.0
1119,1.0,1.0,1.0,1.0,1.0,0.0,1.0,,0.012935063801705837,0.012935063801705837,0.012935063801705837,0.012935063801705837,0.012935063801705837,0.012935063801705837,0.012935063801705837,0.012935063801705837,4.0
1120,0.0,0.0,0.0,0.0,1.0,0.0,0.0,,0.00014472335169557482,0.00014472335169557482,0.00014472335169557482,0.00014472335169557482,0.00014472335169557482,0.00014472335169557482,0.00014472335169557482,0.00014472335169557482,2.0
1121,0.0,1.0,1.0,,1.0,0.0,0.0,0.0,0.0012634997256100178,0.0012634997256100178,0.0012634997256100178,0.0012634997256100178,0.0012634997256100178,0.0012634997256100178,0.0012634997256100178,0.0012634997256100178,1.0
1122,0.0,0.0,0.0,0.0,1.0,0.0,,,0.00011994726810371503,0.00011994726810371503,0.00011994726810371503,0.00011994726810371503,0.00011994726810371503,0.00011994726810371503,0.00011994726810371503,0.00011994726810371503,3.0
1123,0.0,,0.0,,0.0,0.0,,,1.889222630779841e-06,1.889222630779841e-06,1.889222630779841e-06,1.889222630779841e-06,1.889222630779841e-06,1.889222630779841e-06,1.889222630779841e-06,1.889222630779841e-06,4.0
1124,0.0,0.0,0.0,,0.0,0.0,,,8.42620647745207e-06,8.42620647745207e-06,8.42620647745207e-06,8.42620647745207e-06,8.42620647745207e-06,8.42620647745207e-06,8.42620647745207e-06,8.42620647745207e-06,0.0
1125,0.0,0.0,0.0,,1.0,0.0,,,4.032503056805581e-05,4.032503056805581e-05,4.032503056805581e-05,4.032503056805581e-05,4.032503056805581e-05,4.032503056805581e-05,4.032503056805581e-05,4.032503056805581e-05,1.0
1126,0.0,,0.0,,0.0,0.0,,,1.1474510756670497e-05,1.1474510756670497e-05,1.1474510756670497e-05,1.1474510756670497e-05,1.1474510756670497e-05,1.1474510756670497e-05,1.1474510756670497e-05,1.1474510756670497e-05,4.0
1127,1.0,1.0,1.0,1.0,1.0,1.0,1.0,0.0,0.14493456482887268,0.14493456482887268,0.14493456482887268,0.14493456482887268,0.14493456482887268,0.14493456482887268,0.14493456482887268,0.14493456482887268,0.0
1128,1.0,1.0,1.0,1.0,1.0,1.0,1.0,,0.906956672668457,0.906956672668457,0.906956672668457,0.906956672668457,0.906956672668457,0.906956672668457,0.906956672668457,0.906956672668457,0.0
1129,1.0,1.0,1.0,1.0,1.0,1.0,0.0,0.0,0.5665123462677002,0.5665123462677002,0.5665123462677002,0.5665123462677002,0.5665123462677002,0.5665123462677002,0.5665123462677002,0.5665123462677002,4.0
1130,1.0,,1.0,,1.0,1.0,,,0.2093311846256256,0.2093311846256256,0.2093311846256256,0.2093311846256256,0.2093311846256256,0.2093311846256256,0.2093311846256256,0.2093311846256256,4.0
1131,0.0,0.0,0.0,0.0,0.0,0.0,0.0,0.0,4.979939603799721e-06,4.979939603799721e-06,4.979939603799721e-06,4.979939603799721e-06,4.979939603799721e-06,4.979939603799721e-06,4.979939603799721e-06,4.979939603799721e-06,2.0
1132,1.0,1.0,1.0,1.0,1.0,1.0,1.0,0.0,0.010629824362695217,0.010629824362695217,0.010629824362695217,0.010629824362695217,0.010629824362695217,0.010629824362695217,0.010629824362695217,0.010629824362695217,2.0
1133,1.0,1.0,1.0,1.0,1.0,1.0,1.0,1.0,0.3034920394420624,0.3034920394420624,0.3034920394420624,0.3034920394420624,0.3034920394420624,0.3034920394420624,0.3034920394420624,0.3034920394420624,1.0
1134,1.0,1.0,1.0,1.0,1.0,1.0,0.0,0.0,0.05831881985068321,0.05831881985068321,0.05831881985068321,0.05831881985068321,0.05831881985068321,0.05831881985068321,0.05831881985068321,0.05831881985068321,0.0
1135,1.0,0.0,1.0,1.0,0.0,1.0,1.0,1.0,0.4620366394519806,0.4620366394519806,0.4620366394519806,0.4620366394519806,0.4620366394519806,0.4620366394519806,0.4620366394519806,0.4620366394519806,0.0
1136,1.0,,,1.0,1.0,,0.0,,0.0070369732566177845,0.0070369732566177845,0.0070369732566177845,0.0070369732566177845,0.0070369732566177845,0.0070369732566177845,0.0070369732566177845,0.0070369732566177845,4.0
1137,1.0,1.0,1.0,1.0,1.0,1.0,0.0,0.0,0.09148377180099487,0.09148377180099487,0.09148377180099487,0.09148377180099487,0.09148377180099487,0.09148377180099487,0.09148377180099487,0.09148377180099487,0.0
1138,0.0,,0.0,0.0,0.0,0.0,,,7.753652425890323e-06,7.753652425890323e-06,7.753652425890323e-06,7.753652425890323e-06,7.753652425890323e-06,7.753652425890323e-06,7.753652425890323e-06,7.753652425890323e-06,0.0
1139,0.0,0.0,1.0,1.0,1.0,0.0,0.0,0.0,0.00013846794900018722,0.00013846794900018722,0.00013846794900018722,0.00013846794900018722,0.00013846794900018722,0.00013846794900018722,0.00013846794900018722,0.00013846794900018722,4.0
1140,,0.0,1.0,1.0,1.0,1.0,1.0,,0.16443270444869995,0.16443270444869995,0.16443270444869995,0.16443270444869995,0.16443270444869995,0.16443270444869995,0.16443270444869995,0.16443270444869995,3.0
1141,0.0,1.0,0.0,0.0,1.0,1.0,,,7.26843936718069e-05,7.26843936718069e-05,7.26843936718069e-05,7.26843936718069e-05,7.26843936718069e-05,7.26843936718069e-05,7.26843936718069e-05,7.26843936718069e-05,4.0
1142,0.0,,1.0,,1.0,1.0,,,3.3275984606007114e-05,3.3275984606007114e-05,3.3275984606007114e-05,3.3275984606007114e-05,3.3275984606007114e-05,3.3275984606007114e-05,3.3275984606007114e-05,3.3275984606007114e-05,3.0
1143,0.0,0.0,0.0,0.0,0.0,0.0,0.0,0.0,0.0003795131924562156,0.0003795131924562156,0.0003795131924562156,0.0003795131924562156,0.0003795131924562156,0.0003795131924562156,0.0003795131924562156,0.0003795131924562156,2.0
1144,1.0,1.0,1.0,0.0,1.0,1.0,0.0,0.0,0.0010262297000735998,0.0010262297000735998,0.0010262297000735998,0.0010262297000735998,0.0010262297000735998,0.0010262297000735998,0.0010262297000735998,0.0010262297000735998,3.0
1145,0.0,0.0,0.0,,1.0,0.0,,,0.00015858569531701505,0.00015858569531701505,0.00015858569531701505,0.00015858569531701505,0.00015858569531701505,0.00015858569531701505,0.00015858569531701505,0.00015858569531701505,3.0
1146,0.0,1.0,1.0,,1.0,1.0,,,0.0042077284306287766,0.0042077284306287766,0.0042077284306287766,0.0042077284306287766,0.0042077284306287766,0.0042077284306287766,0.0042077284306287766,0.0042077284306287766,1.0
1147,1.0,1.0,1.0,0.0,1.0,1.0,0.0,0.0,0.0044073378667235374,0.0044073378667235374,0.0044073378667235374,0.0044073378667235374,0.0044073378667235374,0.0044073378667235374,0.0044073378667235374,0.0044073378667235374,4.0
1148,1.0,1.0,1.0,0.0,1.0,1.0,,,9.766835864866152e-05,9.766835864866152e-05,9.766835864866152e-05,9.766835864866152e-05,9.766835864866152e-05,9.766835864866152e-05,9.766835864866152e-05,9.766835864866152e-05,4.0
1149,0.0,0.0,0.0,0.0,0.0,0.0,0.0,0.0,3.262620793975657e-06,3.262620793975657e-06,3.262620793975657e-06,3.262620793975657e-06,3.262620793975657e-06,3.262620793975657e-06,3.262620793975657e-06,3.262620793975657e-06,3.0
1150,0.0,0.0,0.0,0.0,0.0,0.0,0.0,0.0,2.0920920178468805e-06,2.0920920178468805e-06,2.0920920178468805e-06,2.0920920178468805e-06,2.0920920178468805e-06,2.0920920178468805e-06,2.0920920178468805e-06,2.0920920178468805e-06,4.0
1151,0.0,,0.0,0.0,0.0,0.0,,,8.721433005121071e-06,8.721433005121071e-06,8.721433005121071e-06,8.721433005121071e-06,8.721433005121071e-06,8.721433005121071e-06,8.721433005121071e-06,8.721433005121071e-06,1.0
1152,0.0,0.0,0.0,0.0,0.0,0.0,,,1.280705055251019e-05,1.280705055251019e-05,1.280705055251019e-05,1.280705055251019e-05,1.280705055251019e-05,1.280705055251019e-05,1.280705055251019e-05,1.280705055251019e-05,4.0
1153,0.0,,0.0,,0.0,0.0,,,6.572118309122743e-06,6.572118309122743e-06,6.572118309122743e-06,6.572118309122743e-06,6.572118309122743e-06,6.572118309122743e-06,6.572118309122743e-06,6.572118309122743e-06,4.0
1154,,,,,,,0.0,0.0,0.00010075242607854307,0.00010075242607854307,0.00010075242607854307,0.00010075242607854307,0.00010075242607854307,0.00010075242607854307,0.00010075242607854307,0.00010075242607854307,4.0
1155,0.0,0.0,0.0,0.0,0.0,0.0,1.0,0.0,0.00044642301509156823,0.00044642301509156823,0.00044642301509156823,0.00044642301509156823,0.00044642301509156823,0.00044642301509156823,0.00044642301509156823,0.00044642301509156823,3.0
1156,1.0,1.0,,1.0,1.0,1.0,0.0,0.0,0.15356387197971344,0.15356387197971344,0.15356387197971344,0.15356387197971344,0.15356387197971344,0.15356387197971344,0.15356387197971344,0.15356387197971344,3.0
1157,0.0,0.0,0.0,0.0,0.0,0.0,0.0,0.0,4.583766440191539e-06,4.583766440191539e-06,4.583766440191539e-06,4.583766440191539e-06,4.583766440191539e-06,4.583766440191539e-06,4.583766440191539e-06,4.583766440191539e-06,2.0
1158,,,0.0,,0.0,0.0,,,1.404211980116088e-05,1.404211980116088e-05,1.404211980116088e-05,1.404211980116088e-05,1.404211980116088e-05,1.404211980116088e-05,1.404211980116088e-05,1.404211980116088e-05,4.0
1159,1.0,1.0,1.0,1.0,1.0,1.0,,,0.9163831472396851,0.9163831472396851,0.9163831472396851,0.9163831472396851,0.9163831472396851,0.9163831472396851,0.9163831472396851,0.9163831472396851,0.0
1160,0.0,0.0,0.0,0.0,1.0,0.0,,,2.8589240628207335e-06,2.8589240628207335e-06,2.8589240628207335e-06,2.8589240628207335e-06,2.8589240628207335e-06,2.8589240628207335e-06,2.8589240628207335e-06,2.8589240628207335e-06,3.0
1161,1.0,1.0,1.0,1.0,1.0,1.0,,,0.5673006772994995,0.5673006772994995,0.5673006772994995,0.5673006772994995,0.5673006772994995,0.5673006772994995,0.5673006772994995,0.5673006772994995,1.0
1162,1.0,1.0,1.0,1.0,1.0,1.0,1.0,,0.08434543758630753,0.08434543758630753,0.08434543758630753,0.08434543758630753,0.08434543758630753,0.08434543758630753,0.08434543758630753,0.08434543758630753,4.0
1163,0.0,,1.0,0.0,0.0,0.0,,,0.022405723109841347,0.022405723109841347,0.022405723109841347,0.022405723109841347,0.022405723109841347,0.022405723109841347,0.022405723109841347,0.022405723109841347,2.0
1164,1.0,1.0,1.0,1.0,1.0,1.0,1.0,1.0,0.012520584277808666,0.012520584277808666,0.012520584277808666,0.012520584277808666,0.012520584277808666,0.012520584277808666,0.012520584277808666,0.012520584277808666,2.0
1165,0.0,0.0,0.0,0.0,0.0,0.0,0.0,0.0,8.382101441384293e-06,8.382101441384293e-06,8.382101441384293e-06,8.382101441384293e-06,8.382101441384293e-06,8.382101441384293e-06,8.382101441384293e-06,8.382101441384293e-06,0.0
1166,0.0,,0.0,,0.0,0.0,,,4.6975274017313495e-05,4.6975274017313495e-05,4.6975274017313495e-05,4.6975274017313495e-05,4.6975274017313495e-05,4.6975274017313495e-05,4.6975274017313495e-05,4.6975274017313495e-05,4.0
1167,1.0,1.0,1.0,1.0,1.0,1.0,1.0,0.0,0.8624114394187927,0.8624114394187927,0.8624114394187927,0.8624114394187927,0.8624114394187927,0.8624114394187927,0.8624114394187927,0.8624114394187927,3.0
1168,1.0,1.0,1.0,1.0,1.0,1.0,0.0,,0.8062062859535217,0.8062062859535217,0.8062062859535217,0.8062062859535217,0.8062062859535217,0.8062062859535217,0.8062062859535217,0.8062062859535217,3.0
1169,0.0,0.0,0.0,0.0,0.0,0.0,0.0,0.0,6.449835836974671e-06,6.449835836974671e-06,6.449835836974671e-06,6.449835836974671e-06,6.449835836974671e-06,6.449835836974671e-06,6.449835836974671e-06,6.449835836974671e-06,3.0
1170,0.0,0.0,1.0,0.0,1.0,1.0,0.0,,0.0034352228976786137,0.0034352228976786137,0.0034352228976786137,0.0034352228976786137,0.0034352228976786137,0.0034352228976786137,0.0034352228976786137,0.0034352228976786137,1.0
1171,1.0,,1.0,0.0,1.0,1.0,,,0.00042171194218099117,0.00042171194218099117,0.00042171194218099117,0.00042171194218099117,0.00042171194218099117,0.00042171194218099117,0.00042171194218099117,0.00042171194218099117,2.0
1172,1.0,1.0,1.0,0.0,1.0,1.0,0.0,0.0,0.00044935999903827906,0.00044935999903827906,0.00044935999903827906,0.00044935999903827906,0.00044935999903827906,0.00044935999903827906,0.00044935999903827906,0.00044935999903827906,3.0
1173,0.0,,0.0,0.0,0.0,0.0,,,8.528263606422115e-06,8.528263606422115e-06,8.528263606422115e-06,8.528263606422115e-06,8.528263606422115e-06,8.528263606422115e-06,8.528263606422115e-06,8.528263606422115e-06,1.0
1174,1.0,1.0,1.0,1.0,1.0,1.0,1.0,,0.11208770424127579,0.11208770424127579,0.11208770424127579,0.11208770424127579,0.11208770424127579,0.11208770424127579,0.11208770424127579,0.11208770424127579,3.0
1175,1.0,1.0,1.0,1.0,1.0,1.0,1.0,,0.1889764666557312,0.1889764666557312,0.1889764666557312,0.1889764666557312,0.1889764666557312,0.1889764666557312,0.1889764666557312,0.1889764666557312,1.0
1176,0.0,1.0,1.0,0.0,1.0,0.0,0.0,0.0,0.00299293571151793,0.00299293571151793,0.00299293571151793,0.00299293571151793,0.00299293571151793,0.00299293571151793,0.00299293571151793,0.00299293571151793,2.0
1177,0.0,1.0,1.0,1.0,1.0,1.0,0.0,0.0,0.00010983591346303001,0.00010983591346303001,0.00010983591346303001,0.00010983591346303001,0.00010983591346303001,0.00010983591346303001,0.00010983591346303001,0.00010983591346303001,1.0
1178,0.0,1.0,1.0,1.0,1.0,1.0,,,1.0252008905808907e-05,1.0252008905808907e-05,1.0252008905808907e-05,1.0252008905808907e-05,1.0252008905808907e-05,1.0252008905808907e-05,1.0252008905808907e-05,1.0252008905808907e-05,1.0
1179,0.0,,0.0,0.0,0.0,0.0,,,0.0007923454395495355,0.0007923454395495355,0.0007923454395495355,0.0007923454395495355,0.0007923454395495355,0.0007923454395495355,0.0007923454395495355,0.0007923454395495355,2.0
1180,0.0,0.0,0.0,0.0,0.0,0.0,0.0,,1.8017113688983954e-05,1.8017113688983954e-05,1.8017113688983954e-05,1.8017113688983954e-05,1.8017113688983954e-05,1.8017113688983954e-05,1.8017113688983954e-05,1.8017113688983954e-05,4.0
1181,0.0,0.0,0.0,0.0,0.0,0.0,0.0,0.0,0.0003578492032829672,0.0003578492032829672,0.0003578492032829672,0.0003578492032829672,0.0003578492032829672,0.0003578492032829672,0.0003578492032829672,0.0003578492032829672,2.0
1182,1.0,1.0,1.0,1.0,1.0,1.0,1.0,1.0,0.9862961769104004,0.9862961769104004,0.9862961769104004,0.9862961769104004,0.9862961769104004,0.9862961769104004,0.9862961769104004,0.9862961769104004,2.0
1183,1.0,1.0,1.0,1.0,1.0,1.0,1.0,1.0,0.9988791346549988,0.9988791346549988,0.9988791346549988,0.9988791346549988,0.9988791346549988,0.9988791346549988,0.9988791346549988,0.9988791346549988,4.0
1184,,,1.0,0.0,1.0,0.0,,,0.00017551631026435643,0.00017551631026435643,0.00017551631026435643,0.00017551631026435643,0.00017551631026435643,0.00017551631026435643,0.00017551631026435643,0.00017551631026435643,4.0
1185,1.0,1.0,1.0,1.0,1.0,1.0,1.0,1.0,0.9079797863960266,0.9079797863960266,0.9079797863960266,0.9079797863960266,0.9079797863960266,0.9079797863960266,0.9079797863960266,0.9079797863960266,1.0
1186,0.0,,1.0,,1.0,0.0,,,0.0007998442742973566,0.0007998442742973566,0.0007998442742973566,0.0007998442742973566,0.0007998442742973566,0.0007998442742973566,0.0007998442742973566,0.0007998442742973566,3.0
1187,1.0,1.0,1.0,1.0,1.0,0.0,1.0,0.0,0.00396298710256815,0.00396298710256815,0.00396298710256815,0.00396298710256815,0.00396298710256815,0.00396298710256815,0.00396298710256815,0.00396298710256815,1.0
1188,0.0,0.0,0.0,0.0,0.0,0.0,0.0,0.0,3.1301392482419033e-06,3.1301392482419033e-06,3.1301392482419033e-06,3.1301392482419033e-06,3.1301392482419033e-06,3.1301392482419033e-06,3.1301392482419033e-06,3.1301392482419033e-06,3.0
1189,1.0,1.0,1.0,1.0,1.0,1.0,1.0,1.0,0.9384108185768127,0.9384108185768127,0.9384108185768127,0.9384108185768127,0.9384108185768127,0.9384108185768127,0.9384108185768127,0.9384108185768127,1.0
1190,0.0,,0.0,0.0,0.0,0.0,,,5.52761730432394e-06,5.52761730432394e-06,5.52761730432394e-06,5.52761730432394e-06,5.52761730432394e-06,5.52761730432394e-06,5.52761730432394e-06,5.52761730432394e-06,0.0
1191,0.0,,0.0,0.0,0.0,0.0,,,2.2739218366041314e-06,2.2739218366041314e-06,2.2739218366041314e-06,2.2739218366041314e-06,2.2739218366041314e-06,2.2739218366041314e-06,2.2739218366041314e-06,2.2739218366041314e-06,4.0
1192,,,0.0,,1.0,0.0,,,3.2067130177892977e-06,3.2067130177892977e-06,3.2067130177892977e-06,3.2067130177892977e-06,3.2067130177892977e-06,3.2067130177892977e-06,3.2067130177892977e-06,3.2067130177892977e-06,1.0
1193,1.0,1.0,1.0,1.0,1.0,0.0,1.0,1.0,0.8215847015380859,0.8215847015380859,0.8215847015380859,0.8215847015380859,0.8215847015380859,0.8215847015380859,0.8215847015380859,0.8215847015380859,0.0
1194,1.0,1.0,1.0,0.0,1.0,1.0,0.0,,0.7310336232185364,0.7310336232185364,0.7310336232185364,0.7310336232185364,0.7310336232185364,0.7310336232185364,0.7310336232185364,0.7310336232185364,1.0
1195,1.0,1.0,1.0,0.0,1.0,1.0,1.0,,0.6234425902366638,0.6234425902366638,0.6234425902366638,0.6234425902366638,0.6234425902366638,0.6234425902366638,0.6234425902366638,0.6234425902366638,0.0
1196,,,0.0,,0.0,0.0,,,1.7690929325908655e-06,1.7690929325908655e-06,1.7690929325908655e-06,1.7690929325908655e-06,1.7690929325908655e-06,1.7690929325908655e-06,1.7690929325908655e-06,1.7690929325908655e-06,0.0
1197,,,,,,,0.0,0.0,0.00019581991364248097,0.00019581991364248097,0.00019581991364248097,0.00019581991364248097,0.00019581991364248097,0.00019581991364248097,0.00019581991364248097,0.00019581991364248097,3.0
1198,0.0,0.0,0.0,0.0,0.0,0.0,,,1.3591339666163549e-05,1.3591339666163549e-05,1.3591339666163549e-05,1.3591339666163549e-05,1.3591339666163549e-05,1.3591339666163549e-05,1.3591339666163549e-05,1.3591339666163549e-05,1.0
1199,0.0,0.0,1.0,0.0,1.0,0.0,0.0,0.0,3.978465610998683e-05,3.978465610998683e-05,3.978465610998683e-05,3.978465610998683e-05,3.978465610998683e-05,3.978465610998683e-05,3.978465610998683e-05,3.978465610998683e-05,1.0
1200,1.0,1.0,1.0,1.0,1.0,1.0,1.0,0.0,0.015361561439931393,0.015361561439931393,0.015361561439931393,0.015361561439931393,0.015361561439931393,0.015361561439931393,0.015361561439931393,0.015361561439931393,0.0
1201,1.0,1.0,1.0,1.0,1.0,1.0,0.0,1.0,0.9993376135826111,0.9993376135826111,0.9993376135826111,0.9993376135826111,0.9993376135826111,0.9993376135826111,0.9993376135826111,0.9993376135826111,3.0
1202,1.0,0.0,0.0,1.0,0.0,0.0,0.0,,0.07081708312034607,0.07081708312034607,0.07081708312034607,0.07081708312034607,0.07081708312034607,0.07081708312034607,0.07081708312034607,0.07081708312034607,2.0
1203,0.0,1.0,1.0,0.0,1.0,1.0,0.0,,0.0007184794521890581,0.0007184794521890581,0.0007184794521890581,0.0007184794521890581,0.0007184794521890581,0.0007184794521890581,0.0007184794521890581,0.0007184794521890581,4.0
1204,0.0,0.0,0.0,0.0,0.0,0.0,0.0,0.0,2.8451579055399634e-05,2.8451579055399634e-05,2.8451579055399634e-05,2.8451579055399634e-05,2.8451579055399634e-05,2.8451579055399634e-05,2.8451579055399634e-05,2.8451579055399634e-05,0.0
1205,,,0.0,0.0,1.0,0.0,,,7.110143542377045e-06,7.110143542377045e-06,7.110143542377045e-06,7.110143542377045e-06,7.110143542377045e-06,7.110143542377045e-06,7.110143542377045e-06,7.110143542377045e-06,3.0
1206,,,,,,,0.0,0.0,4.5769229473080486e-05,4.5769229473080486e-05,4.5769229473080486e-05,4.5769229473080486e-05,4.5769229473080486e-05,4.5769229473080486e-05,4.5769229473080486e-05,4.5769229473080486e-05,3.0
1207,0.0,,0.0,,1.0,0.0,,,9.091843821806833e-06,9.091843821806833e-06,9.091843821806833e-06,9.091843821806833e-06,9.091843821806833e-06,9.091843821806833e-06,9.091843821806833e-06,9.091843821806833e-06,0.0
1208,0.0,0.0,0.0,0.0,0.0,0.0,0.0,0.0,4.018791514681652e-06,4.018791514681652e-06,4.018791514681652e-06,4.018791514681652e-06,4.018791514681652e-06,4.018791514681652e-06,4.018791514681652e-06,4.018791514681652e-06,0.0
1209,0.0,0.0,0.0,0.0,0.0,0.0,0.0,0.0,0.0001501068181823939,0.0001501068181823939,0.0001501068181823939,0.0001501068181823939,0.0001501068181823939,0.0001501068181823939,0.0001501068181823939,0.0001501068181823939,3.0
1210,1.0,1.0,1.0,1.0,1.0,1.0,1.0,0.0,0.9542112946510315,0.9542112946510315,0.9542112946510315,0.9542112946510315,0.9542112946510315,0.9542112946510315,0.9542112946510315,0.9542112946510315,0.0
1211,1.0,1.0,1.0,1.0,1.0,1.0,1.0,0.0,0.09358564019203186,0.09358564019203186,0.09358564019203186,0.09358564019203186,0.09358564019203186,0.09358564019203186,0.09358564019203186,0.09358564019203186,2.0
1212,0.0,,0.0,,1.0,0.0,,,5.718519241781905e-05,5.718519241781905e-05,5.718519241781905e-05,5.718519241781905e-05,5.718519241781905e-05,5.718519241781905e-05,5.718519241781905e-05,5.718519241781905e-05,4.0
1213,,,0.0,,0.0,0.0,,,7.753174577374011e-05,7.753174577374011e-05,7.753174577374011e-05,7.753174577374011e-05,7.753174577374011e-05,7.753174577374011e-05,7.753174577374011e-05,7.753174577374011e-05,3.0
1214,,,1.0,0.0,1.0,0.0,,,6.790251518395962e-06,6.790251518395962e-06,6.790251518395962e-06,6.790251518395962e-06,6.790251518395962e-06,6.790251518395962e-06,6.790251518395962e-06,6.790251518395962e-06,3.0
1215,,,,,1.0,0.0,,,7.395970169454813e-05,7.395970169454813e-05,7.395970169454813e-05,7.395970169454813e-05,7.395970169454813e-05,7.395970169454813e-05,7.395970169454813e-05,7.395970169454813e-05,4.0
1216,0.0,,1.0,,1.0,1.0,,,1.1387322956579737e-05,1.1387322956579737e-05,1.1387322956579737e-05,1.1387322956579737e-05,1.1387322956579737e-05,1.1387322956579737e-05,1.1387322956579737e-05,1.1387322956579737e-05,1.0
1217,0.0,,1.0,0.0,1.0,0.0,,,2.0348197722341865e-05,2.0348197722341865e-05,2.0348197722341865e-05,2.0348197722341865e-05,2.0348197722341865e-05,2.0348197722341865e-05,2.0348197722341865e-05,2.0348197722341865e-05,3.0
1218,,,,,0.0,0.0,,,2.0940922240697546e-06,2.0940922240697546e-06,2.0940922240697546e-06,2.0940922240697546e-06,2.0940922240697546e-06,2.0940922240697546e-06,2.0940922240697546e-06,2.0940922240697546e-06,4.0
1219,0.0,,1.0,1.0,1.0,1.0,,,0.003759087063372135,0.003759087063372135,0.003759087063372135,0.003759087063372135,0.003759087063372135,0.003759087063372135,0.003759087063372135,0.003759087063372135,4.0
1220,0.0,,0.0,,0.0,0.0,,,0.00025771139189600945,0.00025771139189600945,0.00025771139189600945,0.00025771139189600945,0.00025771139189600945,0.00025771139189600945,0.00025771139189600945,0.00025771139189600945,0.0
1221,0.0,,0.0,,0.0,0.0,,,4.410613200889202e-06,4.410613200889202e-06,4.410613200889202e-06,4.410613200889202e-06,4.410613200889202e-06,4.410613200889202e-06,4.410613200889202e-06,4.410613200889202e-06,1.0
1222,1.0,1.0,1.0,1.0,1.0,1.0,1.0,0.0,0.0042162127792835236,0.0042162127792835236,0.0042162127792835236,0.0042162127792835236,0.0042162127792835236,0.0042162127792835236,0.0042162127792835236,0.0042162127792835236,0.0
1223,0.0,0.0,0.0,0.0,0.0,0.0,0.0,0.0,3.1548547667625826e-06,3.1548547667625826e-06,3.1548547667625826e-06,3.1548547667625826e-06,3.1548547667625826e-06,3.1548547667625826e-06,3.1548547667625826e-06,3.1548547667625826e-06,2.0
1224,0.0,0.0,0.0,0.0,0.0,0.0,0.0,0.0,4.367250767245423e-06,4.367250767245423e-06,4.367250767245423e-06,4.367250767245423e-06,4.367250767245423e-06,4.367250767245423e-06,4.367250767245423e-06,4.367250767245423e-06,3.0
1225,0.0,,1.0,,1.0,1.0,,,0.00019639356469269842,0.00019639356469269842,0.00019639356469269842,0.00019639356469269842,0.00019639356469269842,0.00019639356469269842,0.00019639356469269842,0.00019639356469269842,0.0
1226,0.0,,0.0,,0.0,0.0,,,4.472577984415693e-06,4.472577984415693e-06,4.472577984415693e-06,4.472577984415693e-06,4.472577984415693e-06,4.472577984415693e-06,4.472577984415693e-06,4.472577984415693e-06,2.0
1227,0.0,1.0,,1.0,1.0,1.0,1.0,0.0,0.005311376415193081,0.005311376415193081,0.005311376415193081,0.005311376415193081,0.005311376415193081,0.005311376415193081,0.005311376415193081,0.005311376415193081,4.0
1228,0.0,1.0,1.0,1.0,1.0,1.0,1.0,0.0,0.4548756182193756,0.4548756182193756,0.4548756182193756,0.4548756182193756,0.4548756182193756,0.4548756182193756,0.4548756182193756,0.4548756182193756,2.0
1229,0.0,0.0,0.0,0.0,0.0,0.0,,,4.168051873421064e-06,4.168051873421064e-06,4.168051873421064e-06,4.168051873421064e-06,4.168051873421064e-06,4.168051873421064e-06,4.168051873421064e-06,4.168051873421064e-06,2.0
1230,1.0,,1.0,1.0,1.0,1.0,,,0.14938822388648987,0.14938822388648987,0.14938822388648987,0.14938822388648987,0.14938822388648987,0.14938822388648987,0.14938822388648987,0.14938822388648987,3.0
1231,1.0,1.0,1.0,1.0,1.0,1.0,1.0,1.0,0.8634768128395081,0.8634768128395081,0.8634768128395081,0.8634768128395081,0.8634768128395081,0.8634768128395081,0.8634768128395081,0.8634768128395081,0.0
1232,0.0,0.0,0.0,0.0,0.0,0.0,0.0,0.0,2.0163613498880295e-06,2.0163613498880295e-06,2.0163613498880295e-06,2.0163613498880295e-06,2.0163613498880295e-06,2.0163613498880295e-06,2.0163613498880295e-06,2.0163613498880295e-06,1.0
1233,1.0,,1.0,,1.0,1.0,,,0.05063318461179733,0.05063318461179733,0.05063318461179733,0.05063318461179733,0.05063318461179733,0.05063318461179733,0.05063318461179733,0.05063318461179733,2.0
1234,1.0,1.0,1.0,0.0,1.0,0.0,1.0,0.0,0.006741230841726065,0.006741230841726065,0.006741230841726065,0.006741230841726065,0.006741230841726065,0.006741230841726065,0.006741230841726065,0.006741230841726065,1.0
1235,1.0,,1.0,,1.0,1.0,,,0.00796856265515089,0.00796856265515089,0.00796856265515089,0.00796856265515089,0.00796856265515089,0.00796856265515089,0.00796856265515089,0.00796856265515089,3.0
1236,,,,,1.0,0.0,,,0.0002510228077881038,0.0002510228077881038,0.0002510228077881038,0.0002510228077881038,0.0002510228077881038,0.0002510228077881038,0.0002510228077881038,0.0002510228077881038,3.0
1237,0.0,,0.0,,0.0,0.0,,,1.9566949049476534e-05,1.9566949049476534e-05,1.9566949049476534e-05,1.9566949049476534e-05,1.9566949049476534e-05,1.9566949049476534e-05,1.9566949049476534e-05,1.9566949049476534e-05,0.0
1238,0.0,,0.0,0.0,0.0,0.0,,,4.0197191992774606e-06,4.0197191992774606e-06,4.0197191992774606e-06,4.0197191992774606e-06,4.0197191992774606e-06,4.0197191992774606e-06,4.0197191992774606e-06,4.0197191992774606e-06,4.0
1239,0.0,,0.0,0.0,1.0,0.0,,,0.001755996490828693,0.001755996490828693,0.001755996490828693,0.001755996490828693,0.001755996490828693,0.001755996490828693,0.001755996490828693,0.001755996490828693,3.0
1240,1.0,1.0,1.0,1.0,1.0,1.0,1.0,0.0,0.04274476692080498,0.04274476692080498,0.04274476692080498,0.04274476692080498,0.04274476692080498,0.04274476692080498,0.04274476692080498,0.04274476692080498,3.0
1241,0.0,0.0,1.0,0.0,1.0,1.0,,,1.6444768334622495e-05,1.6444768334622495e-05,1.6444768334622495e-05,1.6444768334622495e-05,1.6444768334622495e-05,1.6444768334622495e-05,1.6444768334622495e-05,1.6444768334622495e-05,1.0
1242,1.0,1.0,1.0,1.0,1.0,1.0,,,0.003226912347599864,0.003226912347599864,0.003226912347599864,0.003226912347599864,0.003226912347599864,0.003226912347599864,0.003226912347599864,0.003226912347599864,2.0
1243,1.0,1.0,1.0,1.0,1.0,1.0,,,0.001620940980501473,0.001620940980501473,0.001620940980501473,0.001620940980501473,0.001620940980501473,0.001620940980501473,0.001620940980501473,0.001620940980501473,4.0
1244,0.0,1.0,1.0,0.0,1.0,0.0,0.0,0.0,0.007616516202688217,0.007616516202688217,0.007616516202688217,0.007616516202688217,0.007616516202688217,0.007616516202688217,0.007616516202688217,0.007616516202688217,0.0
1245,0.0,0.0,0.0,0.0,1.0,0.0,0.0,0.0,0.0003072189283557236,0.0003072189283557236,0.0003072189283557236,0.0003072189283557236,0.0003072189283557236,0.0003072189283557236,0.0003072189283557236,0.0003072189283557236,1.0
1246,1.0,1.0,1.0,1.0,1.0,1.0,1.0,,0.24005794525146484,0.24005794525146484,0.24005794525146484,0.24005794525146484,0.24005794525146484,0.24005794525146484,0.24005794525146484,0.24005794525146484,4.0
1247,0.0,0.0,0.0,0.0,0.0,0.0,0.0,0.0,9.77330819296185e-06,9.77330819296185e-06,9.77330819296185e-06,9.77330819296185e-06,9.77330819296185e-06,9.77330819296185e-06,9.77330819296185e-06,9.77330819296185e-06,1.0
1248,1.0,1.0,1.0,1.0,1.0,1.0,1.0,1.0,0.9921482801437378,0.9921482801437378,0.9921482801437378,0.9921482801437378,0.9921482801437378,0.9921482801437378,0.9921482801437378,0.9921482801437378,2.0
1249,0.0,1.0,1.0,0.0,1.0,0.0,1.0,0.0,0.0005655915010720491,0.0005655915010720491,0.0005655915010720491,0.0005655915010720491,0.0005655915010720491,0.0005655915010720491,0.0005655915010720491,0.0005655915010720491,0.0
1250,,,1.0,,1.0,0.0,,,8.398811041843146e-05,8.398811041843146e-05,8.398811041843146e-05,8.398811041843146e-05,8.398811041843146e-05,8.398811041843146e-05,8.398811041843146e-05,8.398811041843146e-05,3.0
1251,1.0,1.0,1.0,1.0,1.0,1.0,1.0,,0.9450178742408752,0.9450178742408752,0.9450178742408752,0.9450178742408752,0.9450178742408752,0.9450178742408752,0.9450178742408752,0.9450178742408752,1.0
1252,0.0,1.0,0.0,0.0,1.0,0.0,0.0,0.0,0.00011121115676360205,0.00011121115676360205,0.00011121115676360205,0.00011121115676360205,0.00011121115676360205,0.00011121115676360205,0.00011121115676360205,0.00011121115676360205,3.0
1253,0.0,0.0,0.0,0.0,1.0,0.0,0.0,0.0,4.7496409933955874e-06,4.7496409933955874e-06,4.7496409933955874e-06,4.7496409933955874e-06,4.7496409933955874e-06,4.7496409933955874e-06,4.7496409933955874e-06,4.7496409933955874e-06,3.0
1254,0.0,,0.0,0.0,0.0,0.0,,,0.00021107879001647234,0.00021107879001647234,0.00021107879001647234,0.00021107879001647234,0.00021107879001647234,0.00021107879001647234,0.00021107879001647234,0.00021107879001647234,3.0
1255,1.0,1.0,1.0,1.0,1.0,1.0,1.0,1.0,0.14024847745895386,0.14024847745895386,0.14024847745895386,0.14024847745895386,0.14024847745895386,0.14024847745895386,0.14024847745895386,0.14024847745895386,1.0
1256,0.0,,0.0,0.0,0.0,0.0,,,5.9051784774055704e-05,5.9051784774055704e-05,5.9051784774055704e-05,5.9051784774055704e-05,5.9051784774055704e-05,5.9051784774055704e-05,5.9051784774055704e-05,5.9051784774055704e-05,3.0
1257,0.0,0.0,0.0,0.0,0.0,0.0,0.0,0.0,6.567341915797442e-05,6.567341915797442e-05,6.567341915797442e-05,6.567341915797442e-05,6.567341915797442e-05,6.567341915797442e-05,6.567341915797442e-05,6.567341915797442e-05,4.0
1258,1.0,1.0,1.0,1.0,1.0,1.0,1.0,0.0,0.00514576118439436,0.00514576118439436,0.00514576118439436,0.00514576118439436,0.00514576118439436,0.00514576118439436,0.00514576118439436,0.00514576118439436,2.0
1259,1.0,1.0,1.0,1.0,1.0,0.0,1.0,1.0,0.9735009670257568,0.9735009670257568,0.9735009670257568,0.9735009670257568,0.9735009670257568,0.9735009670257568,0.9735009670257568,0.9735009670257568,2.0
1260,1.0,1.0,1.0,,1.0,1.0,,,0.055996835231781006,0.055996835231781006,0.055996835231781006,0.055996835231781006,0.055996835231781006,0.055996835231781006,0.055996835231781006,0.055996835231781006,4.0
1261,0.0,,1.0,,1.0,1.0,,,0.00014128950715530664,0.00014128950715530664,0.00014128950715530664,0.00014128950715530664,0.00014128950715530664,0.00014128950715530664,0.00014128950715530664,0.00014128950715530664,2.0
1262,0.0,0.0,0.0,0.0,0.0,0.0,,,2.602723179734312e-05,2.602723179734312e-05,2.602723179734312e-05,2.602723179734312e-05,2.602723179734312e-05,2.602723179734312e-05,2.602723179734312e-05,2.602723179734312e-05,3.0
1263,1.0,1.0,1.0,1.0,1.0,1.0,0.0,,0.0009512410033494234,0.0009512410033494234,0.0009512410033494234,0.0009512410033494234,0.0009512410033494234,0.0009512410033494234,0.0009512410033494234,0.0009512410033494234,0.0
1264,1.0,,1.0,0.0,1.0,1.0,,,0.0012846653116866946,0.0012846653116866946,0.0012846653116866946,0.0012846653116866946,0.0012846653116866946,0.0012846653116866946,0.0012846653116866946,0.0012846653116866946,0.0
1265,0.0,,0.0,,0.0,0.0,,,5.835659067088272e-06,5.835659067088272e-06,5.835659067088272e-06,5.835659067088272e-06,5.835659067088272e-06,5.835659067088272e-06,5.835659067088272e-06,5.835659067088272e-06,3.0
1266,0.0,1.0,1.0,1.0,1.0,1.0,0.0,0.0,5.899854386370862e-06,5.899854386370862e-06,5.899854386370862e-06,5.899854386370862e-06,5.899854386370862e-06,5.899854386370862e-06,5.899854386370862e-06,5.899854386370862e-06,1.0
1267,1.0,1.0,1.0,1.0,1.0,1.0,1.0,1.0,0.9996588230133057,0.9996588230133057,0.9996588230133057,0.9996588230133057,0.9996588230133057,0.9996588230133057,0.9996588230133057,0.9996588230133057,4.0
1268,1.0,1.0,1.0,1.0,1.0,1.0,1.0,1.0,0.34085091948509216,0.34085091948509216,0.34085091948509216,0.34085091948509216,0.34085091948509216,0.34085091948509216,0.34085091948509216,0.34085091948509216,1.0
1269,0.0,0.0,0.0,0.0,0.0,0.0,0.0,0.0,4.779676146426937e-06,4.779676146426937e-06,4.779676146426937e-06,4.779676146426937e-06,4.779676146426937e-06,4.779676146426937e-06,4.779676146426937e-06,4.779676146426937e-06,1.0
1270,0.0,0.0,0.0,0.0,0.0,0.0,0.0,0.0,6.2448898461298086e-06,6.2448898461298086e-06,6.2448898461298086e-06,6.2448898461298086e-06,6.2448898461298086e-06,6.2448898461298086e-06,6.2448898461298086e-06,6.2448898461298086e-06,2.0
1271,0.0,0.0,0.0,0.0,0.0,0.0,0.0,0.0,2.6129200705327094e-06,2.6129200705327094e-06,2.6129200705327094e-06,2.6129200705327094e-06,2.6129200705327094e-06,2.6129200705327094e-06,2.6129200705327094e-06,2.6129200705327094e-06,0.0
1272,0.0,0.0,0.0,0.0,0.0,0.0,0.0,0.0,2.871282731575775e-06,2.871282731575775e-06,2.871282731575775e-06,2.871282731575775e-06,2.871282731575775e-06,2.871282731575775e-06,2.871282731575775e-06,2.871282731575775e-06,0.0
1273,1.0,1.0,1.0,1.0,1.0,1.0,0.0,1.0,0.7307437658309937,0.7307437658309937,0.7307437658309937,0.7307437658309937,0.7307437658309937,0.7307437658309937,0.7307437658309937,0.7307437658309937,1.0
1274,,1.0,1.0,1.0,1.0,1.0,,,0.9083787798881531,0.9083787798881531,0.9083787798881531,0.9083787798881531,0.9083787798881531,0.9083787798881531,0.9083787798881531,0.9083787798881531,3.0
1275,,,,,,,0.0,0.0,0.001287058461457491,0.001287058461457491,0.001287058461457491,0.001287058461457491,0.001287058461457491,0.001287058461457491,0.001287058461457491,0.001287058461457491,4.0
1276,0.0,0.0,0.0,0.0,0.0,0.0,0.0,0.0,3.7686083942389814e-06,3.7686083942389814e-06,3.7686083942389814e-06,3.7686083942389814e-06,3.7686083942389814e-06,3.7686083942389814e-06,3.7686083942389814e-06,3.7686083942389814e-06,4.0
1277,1.0,,1.0,,1.0,1.0,,,0.2749810814857483,0.2749810814857483,0.2749810814857483,0.2749810814857483,0.2749810814857483,0.2749810814857483,0.2749810814857483,0.2749810814857483,4.0
1278,1.0,1.0,1.0,1.0,1.0,0.0,0.0,,0.18552163243293762,0.18552163243293762,0.18552163243293762,0.18552163243293762,0.18552163243293762,0.18552163243293762,0.18552163243293762,0.18552163243293762,0.0
1279,0.0,1.0,1.0,0.0,1.0,1.0,0.0,0.0,1.4132491742202546e-05,1.4132491742202546e-05,1.4132491742202546e-05,1.4132491742202546e-05,1.4132491742202546e-05,1.4132491742202546e-05,1.4132491742202546e-05,1.4132491742202546e-05,2.0
1280,1.0,1.0,1.0,1.0,1.0,1.0,1.0,1.0,0.9877247214317322,0.9877247214317322,0.9877247214317322,0.9877247214317322,0.9877247214317322,0.9877247214317322,0.9877247214317322,0.9877247214317322,3.0
1281,1.0,1.0,1.0,1.0,1.0,1.0,0.0,0.0,0.03020225092768669,0.03020225092768669,0.03020225092768669,0.03020225092768669,0.03020225092768669,0.03020225092768669,0.03020225092768669,0.03020225092768669,2.0
1282,1.0,1.0,1.0,1.0,1.0,1.0,1.0,,0.8123416900634766,0.8123416900634766,0.8123416900634766,0.8123416900634766,0.8123416900634766,0.8123416900634766,0.8123416900634766,0.8123416900634766,4.0
1283,1.0,1.0,,1.0,1.0,1.0,1.0,1.0,0.999413251876831,0.999413251876831,0.999413251876831,0.999413251876831,0.999413251876831,0.999413251876831,0.999413251876831,0.999413251876831,2.0
1284,1.0,1.0,1.0,1.0,1.0,1.0,1.0,0.0,0.07261712104082108,0.07261712104082108,0.07261712104082108,0.07261712104082108,0.07261712104082108,0.07261712104082108,0.07261712104082108,0.07261712104082108,2.0
1285,0.0,0.0,0.0,0.0,0.0,0.0,0.0,0.0,1.711539994175837e-06,1.711539994175837e-06,1.711539994175837e-06,1.711539994175837e-06,1.711539994175837e-06,1.711539994175837e-06,1.711539994175837e-06,1.711539994175837e-06,1.0
1286,1.0,,1.0,1.0,1.0,1.0,,,0.0409356951713562,0.0409356951713562,0.0409356951713562,0.0409356951713562,0.0409356951713562,0.0409356951713562,0.0409356951713562,0.0409356951713562,0.0
1287,1.0,1.0,1.0,1.0,1.0,1.0,0.0,,0.47750502824783325,0.47750502824783325,0.47750502824783325,0.47750502824783325,0.47750502824783325,0.47750502824783325,0.47750502824783325,0.47750502824783325,2.0
1288,1.0,1.0,1.0,1.0,1.0,1.0,,,0.0027566691860556602,0.0027566691860556602,0.0027566691860556602,0.0027566691860556602,0.0027566691860556602,0.0027566691860556602,0.0027566691860556602,0.0027566691860556602,0.0
1289,1.0,1.0,1.0,1.0,1.0,1.0,0.0,0.0,0.0001847916137194261,0.0001847916137194261,0.0001847916137194261,0.0001847916137194261,0.0001847916137194261,0.0001847916137194261,0.0001847916137194261,0.0001847916137194261,0.0
1290,0.0,0.0,0.0,0.0,0.0,0.0,0.0,0.0,1.9793615138041787e-06,1.9793615138041787e-06,1.9793615138041787e-06,1.9793615138041787e-06,1.9793615138041787e-06,1.9793615138041787e-06,1.9793615138041787e-06,1.9793615138041787e-06,0.0
1291,0.0,,0.0,,0.0,0.0,,,1.866651655291207e-05,1.866651655291207e-05,1.866651655291207e-05,1.866651655291207e-05,1.866651655291207e-05,1.866651655291207e-05,1.866651655291207e-05,1.866651655291207e-05,4.0
1292,0.0,0.0,0.0,0.0,1.0,0.0,0.0,0.0,1.6517555195605382e-05,1.6517555195605382e-05,1.6517555195605382e-05,1.6517555195605382e-05,1.6517555195605382e-05,1.6517555195605382e-05,1.6517555195605382e-05,1.6517555195605382e-05,0.0
1293,0.0,0.0,0.0,0.0,1.0,0.0,0.0,0.0,2.7388141461415216e-05,2.7388141461415216e-05,2.7388141461415216e-05,2.7388141461415216e-05,2.7388141461415216e-05,2.7388141461415216e-05,2.7388141461415216e-05,2.7388141461415216e-05,1.0
1294,1.0,,1.0,1.0,1.0,1.0,,,0.359500527381897,0.359500527381897,0.359500527381897,0.359500527381897,0.359500527381897,0.359500527381897,0.359500527381897,0.359500527381897,4.0
1295,1.0,,1.0,1.0,1.0,1.0,,,0.0033400324173271656,0.0033400324173271656,0.0033400324173271656,0.0033400324173271656,0.0033400324173271656,0.0033400324173271656,0.0033400324173271656,0.0033400324173271656,4.0
1296,1.0,1.0,1.0,1.0,1.0,1.0,1.0,0.0,0.005159622989594936,0.005159622989594936,0.005159622989594936,0.005159622989594936,0.005159622989594936,0.005159622989594936,0.005159622989594936,0.005159622989594936,3.0
1297,1.0,1.0,1.0,1.0,1.0,1.0,0.0,,0.06276977807283401,0.06276977807283401,0.06276977807283401,0.06276977807283401,0.06276977807283401,0.06276977807283401,0.06276977807283401,0.06276977807283401,4.0
1298,0.0,,0.0,,0.0,0.0,,,2.94325786853733e-06,2.94325786853733e-06,2.94325786853733e-06,2.94325786853733e-06,2.94325786853733e-06,2.94325786853733e-06,2.94325786853733e-06,2.94325786853733e-06,0.0
1299,0.0,0.0,0.0,0.0,0.0,0.0,0.0,0.0,5.922561740590027e-06,5.922561740590027e-06,5.922561740590027e-06,5.922561740590027e-06,5.922561740590027e-06,5.922561740590027e-06,5.922561740590027e-06,5.922561740590027e-06,0.0
1300,1.0,1.0,1.0,1.0,1.0,1.0,0.0,1.0,0.957727313041687,0.957727313041687,0.957727313041687,0.957727313041687,0.957727313041687,0.957727313041687,0.957727313041687,0.957727313041687,4.0
1301,1.0,1.0,1.0,1.0,1.0,1.0,1.0,0.0,0.9716505408287048,0.9716505408287048,0.9716505408287048,0.9716505408287048,0.9716505408287048,0.9716505408287048,0.9716505408287048,0.9716505408287048,1.0
1302,0.0,0.0,0.0,0.0,0.0,0.0,0.0,0.0,0.0001664187147980556,0.0001664187147980556,0.0001664187147980556,0.0001664187147980556,0.0001664187147980556,0.0001664187147980556,0.0001664187147980556,0.0001664187147980556,1.0
1303,1.0,1.0,1.0,1.0,1.0,1.0,1.0,1.0,0.6436704993247986,0.6436704993247986,0.6436704993247986,0.6436704993247986,0.6436704993247986,0.6436704993247986,0.6436704993247986,0.6436704993247986,2.0
1304,0.0,0.0,0.0,0.0,0.0,0.0,0.0,0.0,1.711539994175837e-06,1.711539994175837e-06,1.711539994175837e-06,1.711539994175837e-06,1.711539994175837e-06,1.711539994175837e-06,1.711539994175837e-06,1.711539994175837e-06,1.0
1305,,1.0,1.0,0.0,1.0,,1.0,0.0,0.0010020493064075708,0.0010020493064075708,0.0010020493064075708,0.0010020493064075708,0.0010020493064075708,0.0010020493064075708,0.0010020493064075708,0.0010020493064075708,3.0
1306,0.0,0.0,0.0,0.0,0.0,0.0,0.0,0.0,1.4932698832126334e-05,1.4932698832126334e-05,1.4932698832126334e-05,1.4932698832126334e-05,1.4932698832126334e-05,1.4932698832126334e-05,1.4932698832126334e-05,1.4932698832126334e-05,4.0
1307,0.0,0.0,0.0,0.0,0.0,0.0,0.0,0.0,2.5775212634471245e-05,2.5775212634471245e-05,2.5775212634471245e-05,2.5775212634471245e-05,2.5775212634471245e-05,2.5775212634471245e-05,2.5775212634471245e-05,2.5775212634471245e-05,0.0
1308,0.0,,0.0,,1.0,0.0,,,7.356137302849675e-06,7.356137302849675e-06,7.356137302849675e-06,7.356137302849675e-06,7.356137302849675e-06,7.356137302849675e-06,7.356137302849675e-06,7.356137302849675e-06,4.0
1309,0.0,0.0,0.0,0.0,0.0,0.0,0.0,0.0,0.00022272916976362467,0.00022272916976362467,0.00022272916976362467,0.00022272916976362467,0.00022272916976362467,0.00022272916976362467,0.00022272916976362467,0.00022272916976362467,2.0
1310,1.0,1.0,1.0,1.0,1.0,1.0,1.0,1.0,0.43155819177627563,0.43155819177627563,0.43155819177627563,0.43155819177627563,0.43155819177627563,0.43155819177627563,0.43155819177627563,0.43155819177627563,0.0
1311,0.0,0.0,0.0,0.0,0.0,0.0,,,4.588170668284874e-06,4.588170668284874e-06,4.588170668284874e-06,4.588170668284874e-06,4.588170668284874e-06,4.588170668284874e-06,4.588170668284874e-06,4.588170668284874e-06,2.0
1312,1.0,1.0,1.0,1.0,1.0,1.0,0.0,0.0,0.8493099212646484,0.8493099212646484,0.8493099212646484,0.8493099212646484,0.8493099212646484,0.8493099212646484,0.8493099212646484,0.8493099212646484,4.0
1313,1.0,1.0,1.0,1.0,1.0,1.0,1.0,,0.8632015585899353,0.8632015585899353,0.8632015585899353,0.8632015585899353,0.8632015585899353,0.8632015585899353,0.8632015585899353,0.8632015585899353,1.0
1314,0.0,,1.0,0.0,1.0,1.0,,,0.002806862583383918,0.002806862583383918,0.002806862583383918,0.002806862583383918,0.002806862583383918,0.002806862583383918,0.002806862583383918,0.002806862583383918,2.0
1315,1.0,1.0,1.0,1.0,1.0,1.0,1.0,0.0,0.9614878296852112,0.9614878296852112,0.9614878296852112,0.9614878296852112,0.9614878296852112,0.9614878296852112,0.9614878296852112,0.9614878296852112,1.0
1316,0.0,0.0,0.0,0.0,0.0,0.0,,,9.07876074052183e-06,9.07876074052183e-06,9.07876074052183e-06,9.07876074052183e-06,9.07876074052183e-06,9.07876074052183e-06,9.07876074052183e-06,9.07876074052183e-06,1.0
1317,1.0,1.0,1.0,0.0,1.0,1.0,0.0,0.0,2.8560698410728946e-05,2.8560698410728946e-05,2.8560698410728946e-05,2.8560698410728946e-05,2.8560698410728946e-05,2.8560698410728946e-05,2.8560698410728946e-05,2.8560698410728946e-05,0.0
1318,1.0,,1.0,1.0,1.0,1.0,,,0.010332471691071987,0.010332471691071987,0.010332471691071987,0.010332471691071987,0.010332471691071987,0.010332471691071987,0.010332471691071987,0.010332471691071987,2.0
1319,1.0,,1.0,1.0,1.0,1.0,,,0.06622572243213654,0.06622572243213654,0.06622572243213654,0.06622572243213654,0.06622572243213654,0.06622572243213654,0.06622572243213654,0.06622572243213654,2.0
1320,1.0,,1.0,1.0,1.0,1.0,,,0.02045498788356781,0.02045498788356781,0.02045498788356781,0.02045498788356781,0.02045498788356781,0.02045498788356781,0.02045498788356781,0.02045498788356781,1.0
1321,1.0,1.0,1.0,1.0,1.0,0.0,1.0,1.0,0.9163315892219543,0.9163315892219543,0.9163315892219543,0.9163315892219543,0.9163315892219543,0.9163315892219543,0.9163315892219543,0.9163315892219543,1.0
1322,,,,,0.0,0.0,,,2.477140014889301e-06,2.477140014889301e-06,2.477140014889301e-06,2.477140014889301e-06,2.477140014889301e-06,2.477140014889301e-06,2.477140014889301e-06,2.477140014889301e-06,0.0
1323,0.0,0.0,0.0,0.0,0.0,0.0,0.0,0.0,8.27328403829597e-06,8.27328403829597e-06,8.27328403829597e-06,8.27328403829597e-06,8.27328403829597e-06,8.27328403829597e-06,8.27328403829597e-06,8.27328403829597e-06,2.0
1324,0.0,0.0,0.0,0.0,0.0,0.0,0.0,0.0,4.410137626109645e-05,4.410137626109645e-05,4.410137626109645e-05,4.410137626109645e-05,4.410137626109645e-05,4.410137626109645e-05,4.410137626109645e-05,4.410137626109645e-05,3.0
1325,0.0,1.0,1.0,1.0,1.0,,0.0,,0.03273070603609085,0.03273070603609085,0.03273070603609085,0.03273070603609085,0.03273070603609085,0.03273070603609085,0.03273070603609085,0.03273070603609085,4.0
1326,1.0,,1.0,1.0,1.0,1.0,,,0.10288236290216446,0.10288236290216446,0.10288236290216446,0.10288236290216446,0.10288236290216446,0.10288236290216446,0.10288236290216446,0.10288236290216446,3.0
1327,0.0,,0.0,0.0,0.0,0.0,,,3.996086434199242e-06,3.996086434199242e-06,3.996086434199242e-06,3.996086434199242e-06,3.996086434199242e-06,3.996086434199242e-06,3.996086434199242e-06,3.996086434199242e-06,4.0
1328,0.0,0.0,0.0,0.0,0.0,0.0,0.0,0.0,2.0189099814160727e-05,2.0189099814160727e-05,2.0189099814160727e-05,2.0189099814160727e-05,2.0189099814160727e-05,2.0189099814160727e-05,2.0189099814160727e-05,2.0189099814160727e-05,3.0
1329,1.0,1.0,1.0,1.0,1.0,1.0,1.0,,0.0077203712426126,0.0077203712426126,0.0077203712426126,0.0077203712426126,0.0077203712426126,0.0077203712426126,0.0077203712426126,0.0077203712426126,3.0
1330,0.0,0.0,0.0,0.0,0.0,0.0,,,3.476205392871634e-06,3.476205392871634e-06,3.476205392871634e-06,3.476205392871634e-06,3.476205392871634e-06,3.476205392871634e-06,3.476205392871634e-06,3.476205392871634e-06,1.0
1331,,0.0,0.0,0.0,0.0,,0.0,0.0,2.7692369712895015e-06,2.7692369712895015e-06,2.7692369712895015e-06,2.7692369712895015e-06,2.7692369712895015e-06,2.7692369712895015e-06,2.7692369712895015e-06,2.7692369712895015e-06,3.0
1332,0.0,0.0,0.0,0.0,0.0,0.0,0.0,0.0,4.1851390051306225e-06,4.1851390051306225e-06,4.1851390051306225e-06,4.1851390051306225e-06,4.1851390051306225e-06,4.1851390051306225e-06,4.1851390051306225e-06,4.1851390051306225e-06,0.0
1333,1.0,,1.0,1.0,1.0,1.0,,,0.0021637259051203728,0.0021637259051203728,0.0021637259051203728,0.0021637259051203728,0.0021637259051203728,0.0021637259051203728,0.0021637259051203728,0.0021637259051203728,0.0
1334,0.0,,1.0,,1.0,1.0,,,0.000577664643060416,0.000577664643060416,0.000577664643060416,0.000577664643060416,0.000577664643060416,0.000577664643060416,0.000577664643060416,0.000577664643060416,2.0
1335,1.0,1.0,1.0,1.0,1.0,1.0,1.0,1.0,0.9877498745918274,0.9877498745918274,0.9877498745918274,0.9877498745918274,0.9877498745918274,0.9877498745918274,0.9877498745918274,0.9877498745918274,3.0
1336,1.0,1.0,1.0,1.0,1.0,1.0,1.0,1.0,0.9988536834716797,0.9988536834716797,0.9988536834716797,0.9988536834716797,0.9988536834716797,0.9988536834716797,0.9988536834716797,0.9988536834716797,2.0
1337,1.0,1.0,1.0,1.0,1.0,1.0,1.0,,0.9990390539169312,0.9990390539169312,0.9990390539169312,0.9990390539169312,0.9990390539169312,0.9990390539169312,0.9990390539169312,0.9990390539169312,0.0
1338,1.0,,1.0,0.0,1.0,1.0,,,0.003356969216838479,0.003356969216838479,0.003356969216838479,0.003356969216838479,0.003356969216838479,0.003356969216838479,0.003356969216838479,0.003356969216838479,1.0
1339,0.0,,1.0,,1.0,1.0,,,3.1293602660298347e-06,3.1293602660298347e-06,3.1293602660298347e-06,3.1293602660298347e-06,3.1293602660298347e-06,3.1293602660298347e-06,3.1293602660298347e-06,3.1293602660298347e-06,3.0
1340,0.0,0.0,0.0,0.0,0.0,0.0,0.0,0.0,1.93155665328959e-05,1.93155665328959e-05,1.93155665328959e-05,1.93155665328959e-05,1.93155665328959e-05,1.93155665328959e-05,1.93155665328959e-05,1.93155665328959e-05,2.0
1341,0.0,0.0,0.0,0.0,0.0,0.0,0.0,0.0,9.801178748602979e-06,9.801178748602979e-06,9.801178748602979e-06,9.801178748602979e-06,9.801178748602979e-06,9.801178748602979e-06,9.801178748602979e-06,9.801178748602979e-06,0.0
1342,1.0,1.0,1.0,1.0,1.0,1.0,0.0,1.0,0.16538316011428833,0.16538316011428833,0.16538316011428833,0.16538316011428833,0.16538316011428833,0.16538316011428833,0.16538316011428833,0.16538316011428833,2.0
1343,0.0,,0.0,,0.0,0.0,,,7.2677603384363465e-06,7.2677603384363465e-06,7.2677603384363465e-06,7.2677603384363465e-06,7.2677603384363465e-06,7.2677603384363465e-06,7.2677603384363465e-06,7.2677603384363465e-06,3.0
1344,1.0,1.0,1.0,1.0,1.0,1.0,0.0,1.0,0.7742301821708679,0.7742301821708679,0.7742301821708679,0.7742301821708679,0.7742301821708679,0.7742301821708679,0.7742301821708679,0.7742301821708679,1.0
1345,0.0,0.0,0.0,0.0,0.0,0.0,0.0,0.0,1.1925500984943938e-05,1.1925500984943938e-05,1.1925500984943938e-05,1.1925500984943938e-05,1.1925500984943938e-05,1.1925500984943938e-05,1.1925500984943938e-05,1.1925500984943938e-05,2.0
1346,1.0,1.0,1.0,1.0,1.0,1.0,1.0,0.0,0.00937362015247345,0.00937362015247345,0.00937362015247345,0.00937362015247345,0.00937362015247345,0.00937362015247345,0.00937362015247345,0.00937362015247345,4.0
1347,1.0,1.0,1.0,1.0,1.0,1.0,1.0,,0.11862770467996597,0.11862770467996597,0.11862770467996597,0.11862770467996597,0.11862770467996597,0.11862770467996597,0.11862770467996597,0.11862770467996597,1.0
1348,0.0,0.0,0.0,0.0,0.0,0.0,0.0,0.0,1.200510268972721e-05,1.200510268972721e-05,1.200510268972721e-05,1.200510268972721e-05,1.200510268972721e-05,1.200510268972721e-05,1.200510268972721e-05,1.200510268972721e-05,4.0
1349,0.0,,0.0,,0.0,0.0,,,9.849923117144499e-06,9.849923117144499e-06,9.849923117144499e-06,9.849923117144499e-06,9.849923117144499e-06,9.849923117144499e-06,9.849923117144499e-06,9.849923117144499e-06,1.0
1350,1.0,1.0,1.0,1.0,1.0,0.0,1.0,1.0,0.3627626597881317,0.3627626597881317,0.3627626597881317,0.3627626597881317,0.3627626597881317,0.3627626597881317,0.3627626597881317,0.3627626597881317,3.0
1351,0.0,0.0,0.0,0.0,0.0,0.0,0.0,0.0,9.951508218364324e-06,9.951508218364324e-06,9.951508218364324e-06,9.951508218364324e-06,9.951508218364324e-06,9.951508218364324e-06,9.951508218364324e-06,9.951508218364324e-06,2.0
1352,1.0,,1.0,,1.0,1.0,,,0.9166615605354309,0.9166615605354309,0.9166615605354309,0.9166615605354309,0.9166615605354309,0.9166615605354309,0.9166615605354309,0.9166615605354309,0.0
1353,0.0,0.0,0.0,0.0,0.0,0.0,0.0,0.0,3.57350972990389e-06,3.57350972990389e-06,3.57350972990389e-06,3.57350972990389e-06,3.57350972990389e-06,3.57350972990389e-06,3.57350972990389e-06,3.57350972990389e-06,3.0
1354,1.0,1.0,1.0,1.0,1.0,1.0,1.0,1.0,0.9546253681182861,0.9546253681182861,0.9546253681182861,0.9546253681182861,0.9546253681182861,0.9546253681182861,0.9546253681182861,0.9546253681182861,4.0
1355,0.0,,1.0,0.0,1.0,1.0,,,0.0003958286833949387,0.0003958286833949387,0.0003958286833949387,0.0003958286833949387,0.0003958286833949387,0.0003958286833949387,0.0003958286833949387,0.0003958286833949387,2.0
1356,0.0,,1.0,0.0,1.0,1.0,,,0.46665599942207336,0.46665599942207336,0.46665599942207336,0.46665599942207336,0.46665599942207336,0.46665599942207336,0.46665599942207336,0.46665599942207336,1.0
1357,1.0,1.0,1.0,1.0,1.0,1.0,1.0,0.0,0.7211481928825378,0.7211481928825378,0.7211481928825378,0.7211481928825378,0.7211481928825378,0.7211481928825378,0.7211481928825378,0.7211481928825378,0.0
1358,1.0,1.0,1.0,1.0,1.0,1.0,1.0,1.0,0.9536423087120056,0.9536423087120056,0.9536423087120056,0.9536423087120056,0.9536423087120056,0.9536423087120056,0.9536423087120056,0.9536423087120056,3.0
1359,0.0,0.0,0.0,0.0,0.0,0.0,,,3.7814895677001914e-06,3.7814895677001914e-06,3.7814895677001914e-06,3.7814895677001914e-06,3.7814895677001914e-06,3.7814895677001914e-06,3.7814895677001914e-06,3.7814895677001914e-06,0.0
1360,0.0,1.0,1.0,1.0,1.0,0.0,1.0,0.0,8.682823681738228e-05,8.682823681738228e-05,8.682823681738228e-05,8.682823681738228e-05,8.682823681738228e-05,8.682823681738228e-05,8.682823681738228e-05,8.682823681738228e-05,0.0
1361,1.0,1.0,,1.0,1.0,1.0,0.0,1.0,0.27759024500846863,0.27759024500846863,0.27759024500846863,0.27759024500846863,0.27759024500846863,0.27759024500846863,0.27759024500846863,0.27759024500846863,0.0
1362,0.0,0.0,0.0,0.0,0.0,0.0,0.0,0.0,1.5341418475145474e-05,1.5341418475145474e-05,1.5341418475145474e-05,1.5341418475145474e-05,1.5341418475145474e-05,1.5341418475145474e-05,1.5341418475145474e-05,1.5341418475145474e-05,0.0
1363,1.0,1.0,1.0,1.0,1.0,1.0,1.0,1.0,0.5270680785179138,0.5270680785179138,0.5270680785179138,0.5270680785179138,0.5270680785179138,0.5270680785179138,0.5270680785179138,0.5270680785179138,4.0
1364,0.0,,0.0,0.0,1.0,0.0,,,9.353469067718834e-06,9.353469067718834e-06,9.353469067718834e-06,9.353469067718834e-06,9.353469067718834e-06,9.353469067718834e-06,9.353469067718834e-06,9.353469067718834e-06,1.0
1365,,,0.0,,0.0,0.0,,,2.429522282909602e-06,2.429522282909602e-06,2.429522282909602e-06,2.429522282909602e-06,2.429522282909602e-06,2.429522282909602e-06,2.429522282909602e-06,2.429522282909602e-06,3.0
1366,1.0,,1.0,1.0,1.0,0.0,,,0.004510150291025639,0.004510150291025639,0.004510150291025639,0.004510150291025639,0.004510150291025639,0.004510150291025639,0.004510150291025639,0.004510150291025639,0.0
1367,0.0,,1.0,0.0,1.0,1.0,,,0.0008103816071525216,0.0008103816071525216,0.0008103816071525216,0.0008103816071525216,0.0008103816071525216,0.0008103816071525216,0.0008103816071525216,0.0008103816071525216,4.0
1368,0.0,,1.0,1.0,0.0,0.0,0.0,,0.000416996655985713,0.000416996655985713,0.000416996655985713,0.000416996655985713,0.000416996655985713,0.000416996655985713,0.000416996655985713,0.000416996655985713,1.0
1369,1.0,1.0,1.0,1.0,1.0,1.0,1.0,0.0,0.85575932264328,0.85575932264328,0.85575932264328,0.85575932264328,0.85575932264328,0.85575932264328,0.85575932264328,0.85575932264328,4.0
1370,1.0,1.0,1.0,1.0,1.0,1.0,0.0,,0.2568768262863159,0.2568768262863159,0.2568768262863159,0.2568768262863159,0.2568768262863159,0.2568768262863159,0.2568768262863159,0.2568768262863159,1.0
1371,1.0,1.0,1.0,1.0,1.0,1.0,1.0,,0.9742528200149536,0.9742528200149536,0.9742528200149536,0.9742528200149536,0.9742528200149536,0.9742528200149536,0.9742528200149536,0.9742528200149536,3.0
1372,1.0,1.0,1.0,1.0,1.0,1.0,1.0,1.0,0.5772716999053955,0.5772716999053955,0.5772716999053955,0.5772716999053955,0.5772716999053955,0.5772716999053955,0.5772716999053955,0.5772716999053955,2.0
1373,0.0,,1.0,1.0,1.0,0.0,,,3.0645562219433486e-05,3.0645562219433486e-05,3.0645562219433486e-05,3.0645562219433486e-05,3.0645562219433486e-05,3.0645562219433486e-05,3.0645562219433486e-05,3.0645562219433486e-05,3.0
1374,1.0,1.0,1.0,1.0,1.0,0.0,0.0,1.0,0.5628666281700134,0.5628666281700134,0.5628666281700134,0.5628666281700134,0.5628666281700134,0.5628666281700134,0.5628666281700134,0.5628666281700134,0.0
1375,1.0,1.0,1.0,1.0,1.0,0.0,0.0,1.0,0.9694292545318604,0.9694292545318604,0.9694292545318604,0.9694292545318604,0.9694292545318604,0.9694292545318604,0.9694292545318604,0.9694292545318604,2.0
1376,0.0,0.0,0.0,0.0,0.0,0.0,0.0,0.0,2.0979821329092374e-06,2.0979821329092374e-06,2.0979821329092374e-06,2.0979821329092374e-06,2.0979821329092374e-06,2.0979821329092374e-06,2.0979821329092374e-06,2.0979821329092374e-06,2.0
1377,,,0.0,0.0,0.0,0.0,,,0.0011784828966483474,0.0011784828966483474,0.0011784828966483474,0.0011784828966483474,0.0011784828966483474,0.0011784828966483474,0.0011784828966483474,0.0011784828966483474,1.0
1378,1.0,,1.0,0.0,1.0,1.0,,,0.0019409279339015484,0.0019409279339015484,0.0019409279339015484,0.0019409279339015484,0.0019409279339015484,0.0019409279339015484,0.0019409279339015484,0.0019409279339015484,1.0
1379,1.0,,1.0,1.0,1.0,1.0,,,0.9968332648277283,0.9968332648277283,0.9968332648277283,0.9968332648277283,0.9968332648277283,0.9968332648277283,0.9968332648277283,0.9968332648277283,1.0
1380,0.0,,0.0,0.0,0.0,0.0,,,0.0016360967420041561,0.0016360967420041561,0.0016360967420041561,0.0016360967420041561,0.0016360967420041561,0.0016360967420041561,0.0016360967420041561,0.0016360967420041561,1.0
1381,,0.0,0.0,0.0,0.0,,0.0,0.0,4.6518118324456736e-05,4.6518118324456736e-05,4.6518118324456736e-05,4.6518118324456736e-05,4.6518118324456736e-05,4.6518118324456736e-05,4.6518118324456736e-05,4.6518118324456736e-05,1.0
1382,1.0,1.0,1.0,1.0,1.0,0.0,1.0,1.0,0.9805939793586731,0.9805939793586731,0.9805939793586731,0.9805939793586731,0.9805939793586731,0.9805939793586731,0.9805939793586731,0.9805939793586731,0.0
1383,1.0,1.0,1.0,1.0,1.0,1.0,1.0,1.0,0.9953305721282959,0.9953305721282959,0.9953305721282959,0.9953305721282959,0.9953305721282959,0.9953305721282959,0.9953305721282959,0.9953305721282959,0.0
1384,1.0,1.0,1.0,1.0,1.0,1.0,1.0,,0.4480527341365814,0.4480527341365814,0.4480527341365814,0.4480527341365814,0.4480527341365814,0.4480527341365814,0.4480527341365814,0.4480527341365814,3.0
1385,1.0,,1.0,1.0,1.0,1.0,0.0,1.0,0.9024728536605835,0.9024728536605835,0.9024728536605835,0.9024728536605835,0.9024728536605835,0.9024728536605835,0.9024728536605835,0.9024728536605835,1.0
1386,1.0,,1.0,1.0,1.0,1.0,,,0.06279455125331879,0.06279455125331879,0.06279455125331879,0.06279455125331879,0.06279455125331879,0.06279455125331879,0.06279455125331879,0.06279455125331879,2.0
1387,1.0,,1.0,1.0,1.0,1.0,,,0.9962899684906006,0.9962899684906006,0.9962899684906006,0.9962899684906006,0.9962899684906006,0.9962899684906006,0.9962899684906006,0.9962899684906006,0.0
1388,0.0,,0.0,0.0,0.0,0.0,1.0,0.0,0.020952025428414345,0.020952025428414345,0.020952025428414345,0.020952025428414345,0.020952025428414345,0.020952025428414345,0.020952025428414345,0.020952025428414345,3.0
1389,1.0,,1.0,1.0,1.0,1.0,,,0.5077773928642273,0.5077773928642273,0.5077773928642273,0.5077773928642273,0.5077773928642273,0.5077773928642273,0.5077773928642273,0.5077773928642273,0.0
1390,1.0,,1.0,1.0,1.0,1.0,,,0.8939509987831116,0.8939509987831116,0.8939509987831116,0.8939509987831116,0.8939509987831116,0.8939509987831116,0.8939509987831116,0.8939509987831116,4.0
1391,,,,,,,0.0,0.0,0.0002016518556047231,0.0002016518556047231,0.0002016518556047231,0.0002016518556047231,0.0002016518556047231,0.0002016518556047231,0.0002016518556047231,0.0002016518556047231,2.0
1392,0.0,0.0,0.0,0.0,1.0,0.0,0.0,0.0,0.0011502852430567145,0.0011502852430567145,0.0011502852430567145,0.0011502852430567145,0.0011502852430567145,0.0011502852430567145,0.0011502852430567145,0.0011502852430567145,3.0
1393,1.0,1.0,1.0,1.0,1.0,1.0,0.0,,0.0011808420531451702,0.0011808420531451702,0.0011808420531451702,0.0011808420531451702,0.0011808420531451702,0.0011808420531451702,0.0011808420531451702,0.0011808420531451702,1.0
1394,0.0,0.0,0.0,0.0,0.0,0.0,0.0,0.0,1.1299374818918295e-05,1.1299374818918295e-05,1.1299374818918295e-05,1.1299374818918295e-05,1.1299374818918295e-05,1.1299374818918295e-05,1.1299374818918295e-05,1.1299374818918295e-05,1.0
1395,0.0,0.0,0.0,0.0,0.0,0.0,0.0,0.0,3.840826593659585e-06,3.840826593659585e-06,3.840826593659585e-06,3.840826593659585e-06,3.840826593659585e-06,3.840826593659585e-06,3.840826593659585e-06,3.840826593659585e-06,1.0
1396,0.0,0.0,1.0,1.0,1.0,0.0,0.0,0.0,0.0005009103915654123,0.0005009103915654123,0.0005009103915654123,0.0005009103915654123,0.0005009103915654123,0.0005009103915654123,0.0005009103915654123,0.0005009103915654123,3.0
1397,0.0,0.0,0.0,0.0,0.0,0.0,0.0,0.0,1.4483394807029981e-05,1.4483394807029981e-05,1.4483394807029981e-05,1.4483394807029981e-05,1.4483394807029981e-05,1.4483394807029981e-05,1.4483394807029981e-05,1.4483394807029981e-05,3.0
1398,1.0,1.0,1.0,1.0,1.0,1.0,,,0.044677745550870895,0.044677745550870895,0.044677745550870895,0.044677745550870895,0.044677745550870895,0.044677745550870895,0.044677745550870895,0.044677745550870895,0.0
1399,1.0,,1.0,1.0,1.0,1.0,,,0.9979724287986755,0.9979724287986755,0.9979724287986755,0.9979724287986755,0.9979724287986755,0.9979724287986755,0.9979724287986755,0.9979724287986755,4.0
1400,0.0,0.0,0.0,0.0,0.0,0.0,0.0,0.0,2.378617182330345e-06,2.378617182330345e-06,2.378617182330345e-06,2.378617182330345e-06,2.378617182330345e-06,2.378617182330345e-06,2.378617182330345e-06,2.378617182330345e-06,4.0
1401,,,1.0,1.0,1.0,1.0,,,0.00025575709878467023,0.00025575709878467023,0.00025575709878467023,0.00025575709878467023,0.00025575709878467023,0.00025575709878467023,0.00025575709878467023,0.00025575709878467023,1.0
1402,1.0,1.0,1.0,1.0,1.0,1.0,0.0,0.0,0.018210990354418755,0.018210990354418755,0.018210990354418755,0.018210990354418755,0.018210990354418755,0.018210990354418755,0.018210990354418755,0.018210990354418755,1.0
1403,0.0,,0.0,0.0,0.0,0.0,,,1.8732263924903236e-05,1.8732263924903236e-05,1.8732263924903236e-05,1.8732263924903236e-05,1.8732263924903236e-05,1.8732263924903236e-05,1.8732263924903236e-05,1.8732263924903236e-05,0.0
1404,,,,,1.0,0.0,,,0.0003350983024574816,0.0003350983024574816,0.0003350983024574816,0.0003350983024574816,0.0003350983024574816,0.0003350983024574816,0.0003350983024574816,0.0003350983024574816,1.0
1405,0.0,0.0,0.0,0.0,0.0,0.0,0.0,0.0,3.896882390108658e-06,3.896882390108658e-06,3.896882390108658e-06,3.896882390108658e-06,3.896882390108658e-06,3.896882390108658e-06,3.896882390108658e-06,3.896882390108658e-06,1.0
1406,1.0,1.0,1.0,1.0,1.0,1.0,1.0,,0.156067356467247,0.156067356467247,0.156067356467247,0.156067356467247,0.156067356467247,0.156067356467247,0.156067356467247,0.156067356467247,1.0
1407,1.0,1.0,1.0,1.0,1.0,,1.0,,0.16773317754268646,0.16773317754268646,0.16773317754268646,0.16773317754268646,0.16773317754268646,0.16773317754268646,0.16773317754268646,0.16773317754268646,3.0
1408,0.0,0.0,0.0,0.0,0.0,0.0,0.0,0.0,9.629698615754023e-05,9.629698615754023e-05,9.629698615754023e-05,9.629698615754023e-05,9.629698615754023e-05,9.629698615754023e-05,9.629698615754023e-05,9.629698615754023e-05,4.0
1409,1.0,,1.0,,1.0,1.0,,,0.2746714949607849,0.2746714949607849,0.2746714949607849,0.2746714949607849,0.2746714949607849,0.2746714949607849,0.2746714949607849,0.2746714949607849,4.0
1410,0.0,0.0,0.0,0.0,0.0,0.0,1.0,0.0,0.001277641043998301,0.001277641043998301,0.001277641043998301,0.001277641043998301,0.001277641043998301,0.001277641043998301,0.001277641043998301,0.001277641043998301,2.0
1411,,0.0,0.0,0.0,0.0,,0.0,0.0,1.6519130440428853e-05,1.6519130440428853e-05,1.6519130440428853e-05,1.6519130440428853e-05,1.6519130440428853e-05,1.6519130440428853e-05,1.6519130440428853e-05,1.6519130440428853e-05,1.0
1412,0.0,0.0,0.0,0.0,0.0,0.0,0.0,0.0,4.24465470132418e-05,4.24465470132418e-05,4.24465470132418e-05,4.24465470132418e-05,4.24465470132418e-05,4.24465470132418e-05,4.24465470132418e-05,4.24465470132418e-05,0.0
1413,1.0,1.0,1.0,1.0,1.0,1.0,1.0,1.0,0.9985514283180237,0.9985514283180237,0.9985514283180237,0.9985514283180237,0.9985514283180237,0.9985514283180237,0.9985514283180237,0.9985514283180237,0.0
1414,1.0,1.0,1.0,1.0,1.0,1.0,1.0,0.0,0.2002326101064682,0.2002326101064682,0.2002326101064682,0.2002326101064682,0.2002326101064682,0.2002326101064682,0.2002326101064682,0.2002326101064682,0.0
1415,0.0,0.0,0.0,0.0,0.0,0.0,0.0,0.0,9.427588520338759e-05,9.427588520338759e-05,9.427588520338759e-05,9.427588520338759e-05,9.427588520338759e-05,9.427588520338759e-05,9.427588520338759e-05,9.427588520338759e-05,4.0
1416,0.0,0.0,0.0,0.0,0.0,0.0,,,0.00046956140431575477,0.00046956140431575477,0.00046956140431575477,0.00046956140431575477,0.00046956140431575477,0.00046956140431575477,0.00046956140431575477,0.00046956140431575477,3.0
1417,0.0,,1.0,0.0,1.0,1.0,,,0.0004664268344640732,0.0004664268344640732,0.0004664268344640732,0.0004664268344640732,0.0004664268344640732,0.0004664268344640732,0.0004664268344640732,0.0004664268344640732,3.0
1418,0.0,0.0,0.0,0.0,0.0,0.0,,,1.6859448805917054e-05,1.6859448805917054e-05,1.6859448805917054e-05,1.6859448805917054e-05,1.6859448805917054e-05,1.6859448805917054e-05,1.6859448805917054e-05,1.6859448805917054e-05,2.0
1419,0.0,0.0,0.0,0.0,0.0,0.0,,,4.6227400162024423e-05,4.6227400162024423e-05,4.6227400162024423e-05,4.6227400162024423e-05,4.6227400162024423e-05,4.6227400162024423e-05,4.6227400162024423e-05,4.6227400162024423e-05,2.0
1420,1.0,1.0,1.0,1.0,1.0,1.0,0.0,0.0,0.024070993065834045,0.024070993065834045,0.024070993065834045,0.024070993065834045,0.024070993065834045,0.024070993065834045,0.024070993065834045,0.024070993065834045,1.0
1421,0.0,1.0,1.0,,1.0,0.0,,,0.0002512481005396694,0.0002512481005396694,0.0002512481005396694,0.0002512481005396694,0.0002512481005396694,0.0002512481005396694,0.0002512481005396694,0.0002512481005396694,0.0
1422,0.0,1.0,1.0,,1.0,1.0,,,0.07912232726812363,0.07912232726812363,0.07912232726812363,0.07912232726812363,0.07912232726812363,0.07912232726812363,0.07912232726812363,0.07912232726812363,1.0
1423,0.0,0.0,0.0,0.0,0.0,0.0,0.0,0.0,1.8445900423103012e-05,1.8445900423103012e-05,1.8445900423103012e-05,1.8445900423103012e-05,1.8445900423103012e-05,1.8445900423103012e-05,1.8445900423103012e-05,1.8445900423103012e-05,2.0
1424,1.0,1.0,1.0,1.0,1.0,1.0,1.0,1.0,0.9958634376525879,0.9958634376525879,0.9958634376525879,0.9958634376525879,0.9958634376525879,0.9958634376525879,0.9958634376525879,0.9958634376525879,3.0
1425,,,0.0,0.0,0.0,0.0,,,2.2971039470576216e-06,2.2971039470576216e-06,2.2971039470576216e-06,2.2971039470576216e-06,2.2971039470576216e-06,2.2971039470576216e-06,2.2971039470576216e-06,2.2971039470576216e-06,3.0
1426,1.0,1.0,1.0,0.0,1.0,0.0,0.0,0.0,0.40562182664871216,0.40562182664871216,0.40562182664871216,0.40562182664871216,0.40562182664871216,0.40562182664871216,0.40562182664871216,0.40562182664871216,3.0
1427,1.0,1.0,1.0,1.0,1.0,1.0,1.0,,0.0018344250274822116,0.0018344250274822116,0.0018344250274822116,0.0018344250274822116,0.0018344250274822116,0.0018344250274822116,0.0018344250274822116,0.0018344250274822116,1.0
1428,0.0,,1.0,0.0,1.0,0.0,,,0.02340036630630493,0.02340036630630493,0.02340036630630493,0.02340036630630493,0.02340036630630493,0.02340036630630493,0.02340036630630493,0.02340036630630493,3.0
1429,1.0,,1.0,1.0,1.0,0.0,,,0.00016220535326283425,0.00016220535326283425,0.00016220535326283425,0.00016220535326283425,0.00016220535326283425,0.00016220535326283425,0.00016220535326283425,0.00016220535326283425,1.0
1430,0.0,0.0,0.0,0.0,0.0,0.0,0.0,,3.999823093181476e-06,3.999823093181476e-06,3.999823093181476e-06,3.999823093181476e-06,3.999823093181476e-06,3.999823093181476e-06,3.999823093181476e-06,3.999823093181476e-06,0.0
1431,0.0,0.0,0.0,0.0,0.0,0.0,0.0,0.0,0.0001604724966455251,0.0001604724966455251,0.0001604724966455251,0.0001604724966455251,0.0001604724966455251,0.0001604724966455251,0.0001604724966455251,0.0001604724966455251,3.0
1432,1.0,1.0,1.0,1.0,1.0,1.0,1.0,0.0,0.9557158946990967,0.9557158946990967,0.9557158946990967,0.9557158946990967,0.9557158946990967,0.9557158946990967,0.9557158946990967,0.9557158946990967,3.0
1433,1.0,0.0,,1.0,1.0,0.0,,,0.005771683529019356,0.005771683529019356,0.005771683529019356,0.005771683529019356,0.005771683529019356,0.005771683529019356,0.005771683529019356,0.005771683529019356,1.0
1434,0.0,0.0,,0.0,0.0,0.0,,,6.152712103357771e-06,6.152712103357771e-06,6.152712103357771e-06,6.152712103357771e-06,6.152712103357771e-06,6.152712103357771e-06,6.152712103357771e-06,6.152712103357771e-06,4.0
1435,0.0,0.0,0.0,0.0,0.0,0.0,0.0,0.0,2.02604423975572e-05,2.02604423975572e-05,2.02604423975572e-05,2.02604423975572e-05,2.02604423975572e-05,2.02604423975572e-05,2.02604423975572e-05,2.02604423975572e-05,1.0
1436,,0.0,0.0,0.0,0.0,,0.0,0.0,4.565216841001529e-06,4.565216841001529e-06,4.565216841001529e-06,4.565216841001529e-06,4.565216841001529e-06,4.565216841001529e-06,4.565216841001529e-06,4.565216841001529e-06,0.0
1437,0.0,0.0,0.0,0.0,0.0,0.0,0.0,0.0,3.340437388033024e-06,3.340437388033024e-06,3.340437388033024e-06,3.340437388033024e-06,3.340437388033024e-06,3.340437388033024e-06,3.340437388033024e-06,3.340437388033024e-06,2.0
1438,,,0.0,0.0,0.0,0.0,,,2.3208560378407128e-05,2.3208560378407128e-05,2.3208560378407128e-05,2.3208560378407128e-05,2.3208560378407128e-05,2.3208560378407128e-05,2.3208560378407128e-05,2.3208560378407128e-05,4.0
1439,0.0,0.0,0.0,0.0,0.0,0.0,0.0,0.0,5.787143436464248e-06,5.787143436464248e-06,5.787143436464248e-06,5.787143436464248e-06,5.787143436464248e-06,5.787143436464248e-06,5.787143436464248e-06,5.787143436464248e-06,4.0
1440,1.0,1.0,1.0,0.0,1.0,1.0,1.0,0.0,0.0008095950470305979,0.0008095950470305979,0.0008095950470305979,0.0008095950470305979,0.0008095950470305979,0.0008095950470305979,0.0008095950470305979,0.0008095950470305979,4.0
1441,,,,,,,0.0,0.0,3.4745316952466965e-06,3.4745316952466965e-06,3.4745316952466965e-06,3.4745316952466965e-06,3.4745316952466965e-06,3.4745316952466965e-06,3.4745316952466965e-06,3.4745316952466965e-06,1.0
1442,0.0,,0.0,,0.0,0.0,,,1.0000141628552228e-05,1.0000141628552228e-05,1.0000141628552228e-05,1.0000141628552228e-05,1.0000141628552228e-05,1.0000141628552228e-05,1.0000141628552228e-05,1.0000141628552228e-05,2.0
1443,1.0,,1.0,,1.0,1.0,,,0.00013658015814144164,0.00013658015814144164,0.00013658015814144164,0.00013658015814144164,0.00013658015814144164,0.00013658015814144164,0.00013658015814144164,0.00013658015814144164,4.0
1444,1.0,1.0,1.0,1.0,1.0,1.0,0.0,1.0,0.9071095585823059,0.9071095585823059,0.9071095585823059,0.9071095585823059,0.9071095585823059,0.9071095585823059,0.9071095585823059,0.9071095585823059,0.0
1445,1.0,1.0,1.0,1.0,1.0,1.0,,,0.0016454033320769668,0.0016454033320769668,0.0016454033320769668,0.0016454033320769668,0.0016454033320769668,0.0016454033320769668,0.0016454033320769668,0.0016454033320769668,4.0
1446,0.0,,0.0,,0.0,0.0,,,9.455129475099966e-05,9.455129475099966e-05,9.455129475099966e-05,9.455129475099966e-05,9.455129475099966e-05,9.455129475099966e-05,9.455129475099966e-05,9.455129475099966e-05,2.0
1447,1.0,1.0,1.0,1.0,1.0,1.0,1.0,,0.9953067898750305,0.9953067898750305,0.9953067898750305,0.9953067898750305,0.9953067898750305,0.9953067898750305,0.9953067898750305,0.9953067898750305,2.0
1448,1.0,,0.0,1.0,1.0,0.0,,,0.0013803376350551844,0.0013803376350551844,0.0013803376350551844,0.0013803376350551844,0.0013803376350551844,0.0013803376350551844,0.0013803376350551844,0.0013803376350551844,0.0
1449,1.0,1.0,1.0,1.0,1.0,1.0,1.0,1.0,0.9182512164115906,0.9182512164115906,0.9182512164115906,0.9182512164115906,0.9182512164115906,0.9182512164115906,0.9182512164115906,0.9182512164115906,1.0
1450,0.0,0.0,0.0,0.0,0.0,0.0,0.0,0.0,0.000300041981972754,0.000300041981972754,0.000300041981972754,0.000300041981972754,0.000300041981972754,0.000300041981972754,0.000300041981972754,0.000300041981972754,4.0
1451,1.0,1.0,1.0,1.0,1.0,0.0,0.0,0.0,0.012187989428639412,0.012187989428639412,0.012187989428639412,0.012187989428639412,0.012187989428639412,0.012187989428639412,0.012187989428639412,0.012187989428639412,2.0
1452,0.0,,0.0,,0.0,0.0,,,5.943179530731868e-06,5.943179530731868e-06,5.943179530731868e-06,5.943179530731868e-06,5.943179530731868e-06,5.943179530731868e-06,5.943179530731868e-06,5.943179530731868e-06,1.0
1453,0.0,,1.0,1.0,1.0,0.0,,,0.0025079171173274517,0.0025079171173274517,0.0025079171173274517,0.0025079171173274517,0.0025079171173274517,0.0025079171173274517,0.0025079171173274517,0.0025079171173274517,0.0
1454,0.0,,0.0,0.0,0.0,0.0,,,0.002757326001301408,0.002757326001301408,0.002757326001301408,0.002757326001301408,0.002757326001301408,0.002757326001301408,0.002757326001301408,0.002757326001301408,0.0
1455,1.0,1.0,0.0,1.0,0.0,0.0,1.0,1.0,0.9163943529129028,0.9163943529129028,0.9163943529129028,0.9163943529129028,0.9163943529129028,0.9163943529129028,0.9163943529129028,0.9163943529129028,1.0
1456,0.0,,1.0,,1.0,1.0,,,0.00035868395934812725,0.00035868395934812725,0.00035868395934812725,0.00035868395934812725,0.00035868395934812725,0.00035868395934812725,0.00035868395934812725,0.00035868395934812725,1.0
1457,0.0,,0.0,,0.0,0.0,,,2.8093204491597135e-06,2.8093204491597135e-06,2.8093204491597135e-06,2.8093204491597135e-06,2.8093204491597135e-06,2.8093204491597135e-06,2.8093204491597135e-06,2.8093204491597135e-06,1.0
1458,0.0,1.0,0.0,0.0,0.0,0.0,0.0,0.0,0.0004784235788974911,0.0004784235788974911,0.0004784235788974911,0.0004784235788974911,0.0004784235788974911,0.0004784235788974911,0.0004784235788974911,0.0004784235788974911,4.0
1459,1.0,1.0,1.0,1.0,1.0,1.0,1.0,1.0,0.0025285459123551846,0.0025285459123551846,0.0025285459123551846,0.0025285459123551846,0.0025285459123551846,0.0025285459123551846,0.0025285459123551846,0.0025285459123551846,2.0
1460,0.0,,1.0,0.0,1.0,1.0,,,2.23534934775671e-05,2.23534934775671e-05,2.23534934775671e-05,2.23534934775671e-05,2.23534934775671e-05,2.23534934775671e-05,2.23534934775671e-05,2.23534934775671e-05,3.0
1461,1.0,1.0,1.0,0.0,1.0,1.0,,,0.028753817081451416,0.028753817081451416,0.028753817081451416,0.028753817081451416,0.028753817081451416,0.028753817081451416,0.028753817081451416,0.028753817081451416,1.0
1462,1.0,1.0,1.0,1.0,1.0,1.0,1.0,,0.9954985976219177,0.9954985976219177,0.9954985976219177,0.9954985976219177,0.9954985976219177,0.9954985976219177,0.9954985976219177,0.9954985976219177,2.0
1463,0.0,1.0,1.0,1.0,1.0,1.0,0.0,0.0,0.0022630449384450912,0.0022630449384450912,0.0022630449384450912,0.0022630449384450912,0.0022630449384450912,0.0022630449384450912,0.0022630449384450912,0.0022630449384450912,3.0
1464,0.0,0.0,0.0,0.0,0.0,0.0,0.0,0.0,4.593415724229999e-06,4.593415724229999e-06,4.593415724229999e-06,4.593415724229999e-06,4.593415724229999e-06,4.593415724229999e-06,4.593415724229999e-06,4.593415724229999e-06,3.0
1465,0.0,0.0,0.0,0.0,0.0,0.0,0.0,0.0,4.987917418475263e-05,4.987917418475263e-05,4.987917418475263e-05,4.987917418475263e-05,4.987917418475263e-05,4.987917418475263e-05,4.987917418475263e-05,4.987917418475263e-05,0.0
1466,0.0,,0.0,,1.0,0.0,,,3.620991719799349e-06,3.620991719799349e-06,3.620991719799349e-06,3.620991719799349e-06,3.620991719799349e-06,3.620991719799349e-06,3.620991719799349e-06,3.620991719799349e-06,1.0
1467,0.0,0.0,0.0,0.0,0.0,0.0,0.0,0.0,5.467482424137415e-06,5.467482424137415e-06,5.467482424137415e-06,5.467482424137415e-06,5.467482424137415e-06,5.467482424137415e-06,5.467482424137415e-06,5.467482424137415e-06,0.0
1468,1.0,0.0,1.0,1.0,1.0,0.0,0.0,0.0,0.011013098061084747,0.011013098061084747,0.011013098061084747,0.011013098061084747,0.011013098061084747,0.011013098061084747,0.011013098061084747,0.011013098061084747,2.0
1469,0.0,,0.0,0.0,0.0,0.0,,,1.0474098417034838e-05,1.0474098417034838e-05,1.0474098417034838e-05,1.0474098417034838e-05,1.0474098417034838e-05,1.0474098417034838e-05,1.0474098417034838e-05,1.0474098417034838e-05,3.0
1470,0.0,,,0.0,1.0,0.0,,,7.572156755486503e-05,7.572156755486503e-05,7.572156755486503e-05,7.572156755486503e-05,7.572156755486503e-05,7.572156755486503e-05,7.572156755486503e-05,7.572156755486503e-05,4.0
1471,0.0,,0.0,0.0,1.0,0.0,,,8.098084072116762e-05,8.098084072116762e-05,8.098084072116762e-05,8.098084072116762e-05,8.098084072116762e-05,8.098084072116762e-05,8.098084072116762e-05,8.098084072116762e-05,2.0
1472,1.0,1.0,1.0,1.0,1.0,1.0,1.0,0.0,0.9026052951812744,0.9026052951812744,0.9026052951812744,0.9026052951812744,0.9026052951812744,0.9026052951812744,0.9026052951812744,0.9026052951812744,2.0
1473,,,,,,,0.0,0.0,3.80813107767608e-05,3.80813107767608e-05,3.80813107767608e-05,3.80813107767608e-05,3.80813107767608e-05,3.80813107767608e-05,3.80813107767608e-05,3.80813107767608e-05,3.0
1474,0.0,0.0,1.0,0.0,1.0,0.0,0.0,,0.00016912621504161507,0.00016912621504161507,0.00016912621504161507,0.00016912621504161507,0.00016912621504161507,0.00016912621504161507,0.00016912621504161507,0.00016912621504161507,3.0
1475,0.0,,0.0,0.0,1.0,0.0,,,8.685787906870246e-05,8.685787906870246e-05,8.685787906870246e-05,8.685787906870246e-05,8.685787906870246e-05,8.685787906870246e-05,8.685787906870246e-05,8.685787906870246e-05,1.0
1476,0.0,,1.0,1.0,1.0,1.0,,,9.910244261845946e-05,9.910244261845946e-05,9.910244261845946e-05,9.910244261845946e-05,9.910244261845946e-05,9.910244261845946e-05,9.910244261845946e-05,9.910244261845946e-05,2.0
1477,0.0,,0.0,0.0,0.0,0.0,,,0.0005497951060533524,0.0005497951060533524,0.0005497951060533524,0.0005497951060533524,0.0005497951060533524,0.0005497951060533524,0.0005497951060533524,0.0005497951060533524,2.0
1478,1.0,1.0,1.0,1.0,1.0,1.0,1.0,,0.2876909673213959,0.2876909673213959,0.2876909673213959,0.2876909673213959,0.2876909673213959,0.2876909673213959,0.2876909673213959,0.2876909673213959,4.0
1479,0.0,0.0,0.0,0.0,0.0,0.0,0.0,0.0,5.1074757720925845e-06,5.1074757720925845e-06,5.1074757720925845e-06,5.1074757720925845e-06,5.1074757720925845e-06,5.1074757720925845e-06,5.1074757720925845e-06,5.1074757720925845e-06,4.0
1480,0.0,0.0,0.0,0.0,0.0,0.0,,,2.4190343538066372e-05,2.4190343538066372e-05,2.4190343538066372e-05,2.4190343538066372e-05,2.4190343538066372e-05,2.4190343538066372e-05,2.4190343538066372e-05,2.4190343538066372e-05,1.0
1481,0.0,1.0,1.0,1.0,1.0,1.0,0.0,0.0,3.780281258514151e-05,3.780281258514151e-05,3.780281258514151e-05,3.780281258514151e-05,3.780281258514151e-05,3.780281258514151e-05,3.780281258514151e-05,3.780281258514151e-05,3.0
1482,1.0,1.0,1.0,0.0,1.0,0.0,1.0,0.0,0.344595730304718,0.344595730304718,0.344595730304718,0.344595730304718,0.344595730304718,0.344595730304718,0.344595730304718,0.344595730304718,4.0
1483,0.0,0.0,0.0,0.0,0.0,0.0,0.0,0.0,2.5840481612249278e-05,2.5840481612249278e-05,2.5840481612249278e-05,2.5840481612249278e-05,2.5840481612249278e-05,2.5840481612249278e-05,2.5840481612249278e-05,2.5840481612249278e-05,2.0
1484,1.0,,1.0,1.0,1.0,1.0,,,0.000945210107602179,0.000945210107602179,0.000945210107602179,0.000945210107602179,0.000945210107602179,0.000945210107602179,0.000945210107602179,0.000945210107602179,4.0
1485,1.0,1.0,1.0,1.0,1.0,1.0,0.0,,0.17516998946666718,0.17516998946666718,0.17516998946666718,0.17516998946666718,0.17516998946666718,0.17516998946666718,0.17516998946666718,0.17516998946666718,4.0
1486,0.0,,1.0,0.0,1.0,0.0,,,0.0007741414592601359,0.0007741414592601359,0.0007741414592601359,0.0007741414592601359,0.0007741414592601359,0.0007741414592601359,0.0007741414592601359,0.0007741414592601359,0.0
1487,1.0,1.0,1.0,1.0,1.0,1.0,1.0,1.0,0.7708925008773804,0.7708925008773804,0.7708925008773804,0.7708925008773804,0.7708925008773804,0.7708925008773804,0.7708925008773804,0.7708925008773804,2.0
1488,0.0,,1.0,,1.0,0.0,,,3.328687307657674e-05,3.328687307657674e-05,3.328687307657674e-05,3.328687307657674e-05,3.328687307657674e-05,3.328687307657674e-05,3.328687307657674e-05,3.328687307657674e-05,0.0
1489,1.0,1.0,1.0,1.0,0.0,0.0,1.0,0.0,0.41767507791519165,0.41767507791519165,0.41767507791519165,0.41767507791519165,0.41767507791519165,0.41767507791519165,0.41767507791519165,0.41767507791519165,3.0
1490,0.0,,1.0,0.0,1.0,0.0,,,0.00013376178685575724,0.00013376178685575724,0.00013376178685575724,0.00013376178685575724,0.00013376178685575724,0.00013376178685575724,0.00013376178685575724,0.00013376178685575724,1.0
1491,0.0,0.0,0.0,0.0,0.0,0.0,1.0,0.0,2.77005947282305e-05,2.77005947282305e-05,2.77005947282305e-05,2.77005947282305e-05,2.77005947282305e-05,2.77005947282305e-05,2.77005947282305e-05,2.77005947282305e-05,0.0
1492,0.0,0.0,0.0,0.0,1.0,0.0,0.0,0.0,5.45464445167454e-06,5.45464445167454e-06,5.45464445167454e-06,5.45464445167454e-06,5.45464445167454e-06,5.45464445167454e-06,5.45464445167454e-06,5.45464445167454e-06,3.0
1493,1.0,1.0,1.0,1.0,1.0,0.0,1.0,,0.9631233811378479,0.9631233811378479,0.9631233811378479,0.9631233811378479,0.9631233811378479,0.9631233811378479,0.9631233811378479,0.9631233811378479,2.0
1494,1.0,1.0,1.0,1.0,1.0,0.0,1.0,,0.974578320980072,0.974578320980072,0.974578320980072,0.974578320980072,0.974578320980072,0.974578320980072,0.974578320980072,0.974578320980072,0.0
1495,0.0,1.0,1.0,0.0,1.0,1.0,0.0,0.0,0.003585717873647809,0.003585717873647809,0.003585717873647809,0.003585717873647809,0.003585717873647809,0.003585717873647809,0.003585717873647809,0.003585717873647809,4.0
1496,0.0,0.0,0.0,0.0,0.0,0.0,0.0,0.0,2.1957257558824494e-05,2.1957257558824494e-05,2.1957257558824494e-05,2.1957257558824494e-05,2.1957257558824494e-05,2.1957257558824494e-05,2.1957257558824494e-05,2.1957257558824494e-05,4.0
1497,1.0,1.0,1.0,1.0,1.0,1.0,1.0,0.0,0.9996575117111206,0.9996575117111206,0.9996575117111206,0.9996575117111206,0.9996575117111206,0.9996575117111206,0.9996575117111206,0.9996575117111206,2.0
1498,1.0,1.0,1.0,1.0,1.0,1.0,,,0.15037690103054047,0.15037690103054047,0.15037690103054047,0.15037690103054047,0.15037690103054047,0.15037690103054047,0.15037690103054047,0.15037690103054047,4.0
1499,0.0,0.0,0.0,0.0,0.0,0.0,0.0,0.0,3.854314854834229e-06,3.854314854834229e-06,3.854314854834229e-06,3.854314854834229e-06,3.854314854834229e-06,3.854314854834229e-06,3.854314854834229e-06,3.854314854834229e-06,0.0
1500,1.0,1.0,1.0,1.0,1.0,1.0,1.0,,0.016238566488027573,0.016238566488027573,0.016238566488027573,0.016238566488027573,0.016238566488027573,0.016238566488027573,0.016238566488027573,0.016238566488027573,4.0
1501,1.0,0.0,0.0,0.0,1.0,1.0,0.0,,0.093269482254982,0.093269482254982,0.093269482254982,0.093269482254982,0.093269482254982,0.093269482254982,0.093269482254982,0.093269482254982,3.0
1502,1.0,1.0,1.0,0.0,1.0,0.0,0.0,0.0,0.003486499423161149,0.003486499423161149,0.003486499423161149,0.003486499423161149,0.003486499423161149,0.003486499423161149,0.003486499423161149,0.003486499423161149,1.0
1503,0.0,1.0,1.0,0.0,1.0,1.0,,,0.0002867909206543118,0.0002867909206543118,0.0002867909206543118,0.0002867909206543118,0.0002867909206543118,0.0002867909206543118,0.0002867909206543118,0.0002867909206543118,3.0
1504,0.0,0.0,0.0,0.0,0.0,0.0,0.0,0.0,2.0940922240697546e-06,2.0940922240697546e-06,2.0940922240697546e-06,2.0940922240697546e-06,2.0940922240697546e-06,2.0940922240697546e-06,2.0940922240697546e-06,2.0940922240697546e-06,4.0
1505,0.0,0.0,0.0,0.0,1.0,0.0,,,0.00014678329171147197,0.00014678329171147197,0.00014678329171147197,0.00014678329171147197,0.00014678329171147197,0.00014678329171147197,0.00014678329171147197,0.00014678329171147197,0.0
1506,0.0,1.0,1.0,0.0,1.0,1.0,,,0.00034689309541136026,0.00034689309541136026,0.00034689309541136026,0.00034689309541136026,0.00034689309541136026,0.00034689309541136026,0.00034689309541136026,0.00034689309541136026,0.0
1507,0.0,,0.0,,0.0,0.0,,,4.682287908508442e-06,4.682287908508442e-06,4.682287908508442e-06,4.682287908508442e-06,4.682287908508442e-06,4.682287908508442e-06,4.682287908508442e-06,4.682287908508442e-06,3.0
1508,1.0,,0.0,,1.0,1.0,,,2.258269341837149e-05,2.258269341837149e-05,2.258269341837149e-05,2.258269341837149e-05,2.258269341837149e-05,2.258269341837149e-05,2.258269341837149e-05,2.258269341837149e-05,1.0
1509,0.0,0.0,0.0,0.0,0.0,0.0,0.0,0.0,7.388358426396735e-06,7.388358426396735e-06,7.388358426396735e-06,7.388358426396735e-06,7.388358426396735e-06,7.388358426396735e-06,7.388358426396735e-06,7.388358426396735e-06,0.0
1510,1.0,,1.0,,1.0,1.0,,,0.0008051087497733533,0.0008051087497733533,0.0008051087497733533,0.0008051087497733533,0.0008051087497733533,0.0008051087497733533,0.0008051087497733533,0.0008051087497733533,0.0
1511,0.0,0.0,0.0,0.0,0.0,0.0,0.0,0.0,0.471652090549469,0.471652090549469,0.471652090549469,0.471652090549469,0.471652090549469,0.471652090549469,0.471652090549469,0.471652090549469,0.0
1512,1.0,1.0,1.0,1.0,1.0,1.0,1.0,1.0,0.8264626860618591,0.8264626860618591,0.8264626860618591,0.8264626860618591,0.8264626860618591,0.8264626860618591,0.8264626860618591,0.8264626860618591,2.0
1513,1.0,1.0,1.0,1.0,1.0,1.0,0.0,1.0,0.3309672474861145,0.3309672474861145,0.3309672474861145,0.3309672474861145,0.3309672474861145,0.3309672474861145,0.3309672474861145,0.3309672474861145,1.0
1514,0.0,1.0,1.0,1.0,1.0,1.0,1.0,0.0,0.0004766253405250609,0.0004766253405250609,0.0004766253405250609,0.0004766253405250609,0.0004766253405250609,0.0004766253405250609,0.0004766253405250609,0.0004766253405250609,2.0
1515,0.0,0.0,0.0,0.0,0.0,0.0,0.0,0.0,3.1558356567984447e-06,3.1558356567984447e-06,3.1558356567984447e-06,3.1558356567984447e-06,3.1558356567984447e-06,3.1558356567984447e-06,3.1558356567984447e-06,3.1558356567984447e-06,4.0
1516,1.0,1.0,1.0,1.0,1.0,1.0,0.0,0.0,0.00669268611818552,0.00669268611818552,0.00669268611818552,0.00669268611818552,0.00669268611818552,0.00669268611818552,0.00669268611818552,0.00669268611818552,4.0
1517,0.0,,0.0,,0.0,0.0,,,4.24035579271731e-06,4.24035579271731e-06,4.24035579271731e-06,4.24035579271731e-06,4.24035579271731e-06,4.24035579271731e-06,4.24035579271731e-06,4.24035579271731e-06,2.0
1518,1.0,1.0,1.0,1.0,1.0,1.0,0.0,1.0,0.53460294008255,0.53460294008255,0.53460294008255,0.53460294008255,0.53460294008255,0.53460294008255,0.53460294008255,0.53460294008255,1.0
1519,1.0,1.0,1.0,1.0,1.0,1.0,1.0,0.0,0.08228998631238937,0.08228998631238937,0.08228998631238937,0.08228998631238937,0.08228998631238937,0.08228998631238937,0.08228998631238937,0.08228998631238937,3.0
1520,0.0,0.0,0.0,0.0,0.0,0.0,0.0,0.0,1.9267603420303203e-05,1.9267603420303203e-05,1.9267603420303203e-05,1.9267603420303203e-05,1.9267603420303203e-05,1.9267603420303203e-05,1.9267603420303203e-05,1.9267603420303203e-05,4.0
1521,1.0,1.0,1.0,1.0,1.0,1.0,1.0,,0.004373389296233654,0.004373389296233654,0.004373389296233654,0.004373389296233654,0.004373389296233654,0.004373389296233654,0.004373389296233654,0.004373389296233654,1.0
1522,1.0,,1.0,1.0,1.0,1.0,,,0.35848507285118103,0.35848507285118103,0.35848507285118103,0.35848507285118103,0.35848507285118103,0.35848507285118103,0.35848507285118103,0.35848507285118103,4.0
1523,1.0,1.0,1.0,1.0,1.0,1.0,0.0,1.0,0.8037334680557251,0.8037334680557251,0.8037334680557251,0.8037334680557251,0.8037334680557251,0.8037334680557251,0.8037334680557251,0.8037334680557251,1.0
1524,1.0,1.0,1.0,1.0,1.0,1.0,,,0.973892331123352,0.973892331123352,0.973892331123352,0.973892331123352,0.973892331123352,0.973892331123352,0.973892331123352,0.973892331123352,4.0
1525,0.0,,0.0,0.0,0.0,0.0,,,8.62118395161815e-05,8.62118395161815e-05,8.62118395161815e-05,8.62118395161815e-05,8.62118395161815e-05,8.62118395161815e-05,8.62118395161815e-05,8.62118395161815e-05,0.0
1526,0.0,0.0,0.0,0.0,0.0,0.0,0.0,0.0,1.858638643170707e-05,1.858638643170707e-05,1.858638643170707e-05,1.858638643170707e-05,1.858638643170707e-05,1.858638643170707e-05,1.858638643170707e-05,1.858638643170707e-05,2.0
1527,1.0,1.0,1.0,1.0,1.0,1.0,0.0,0.0,0.01364859752357006,0.01364859752357006,0.01364859752357006,0.01364859752357006,0.01364859752357006,0.01364859752357006,0.01364859752357006,0.01364859752357006,4.0
1528,1.0,1.0,1.0,1.0,1.0,1.0,0.0,0.0,0.7258216738700867,0.7258216738700867,0.7258216738700867,0.7258216738700867,0.7258216738700867,0.7258216738700867,0.7258216738700867,0.7258216738700867,4.0
1529,1.0,1.0,1.0,1.0,1.0,1.0,1.0,1.0,0.98964524269104,0.98964524269104,0.98964524269104,0.98964524269104,0.98964524269104,0.98964524269104,0.98964524269104,0.98964524269104,4.0
1530,1.0,1.0,1.0,1.0,1.0,1.0,0.0,0.0,0.9930958151817322,0.9930958151817322,0.9930958151817322,0.9930958151817322,0.9930958151817322,0.9930958151817322,0.9930958151817322,0.9930958151817322,0.0
1531,,,1.0,,1.0,1.0,,,0.0002083033323287964,0.0002083033323287964,0.0002083033323287964,0.0002083033323287964,0.0002083033323287964,0.0002083033323287964,0.0002083033323287964,0.0002083033323287964,3.0
1532,0.0,,0.0,0.0,0.0,0.0,,,0.0002253434795420617,0.0002253434795420617,0.0002253434795420617,0.0002253434795420617,0.0002253434795420617,0.0002253434795420617,0.0002253434795420617,0.0002253434795420617,2.0
1533,0.0,0.0,0.0,0.0,0.0,0.0,,,2.2882029952597804e-05,2.2882029952597804e-05,2.2882029952597804e-05,2.2882029952597804e-05,2.2882029952597804e-05,2.2882029952597804e-05,2.2882029952597804e-05,2.2882029952597804e-05,3.0
1534,,1.0,,0.0,,,,,7.483045192202553e-05,7.483045192202553e-05,7.483045192202553e-05,7.483045192202553e-05,7.483045192202553e-05,7.483045192202553e-05,7.483045192202553e-05,7.483045192202553e-05,4.0
1535,1.0,,1.0,1.0,1.0,1.0,,,0.0008363508968614042,0.0008363508968614042,0.0008363508968614042,0.0008363508968614042,0.0008363508968614042,0.0008363508968614042,0.0008363508968614042,0.0008363508968614042,2.0
1536,0.0,0.0,0.0,0.0,0.0,0.0,0.0,0.0,1.5102854376891628e-05,1.5102854376891628e-05,1.5102854376891628e-05,1.5102854376891628e-05,1.5102854376891628e-05,1.5102854376891628e-05,1.5102854376891628e-05,1.5102854376891628e-05,3.0
1537,0.0,,0.0,,0.0,0.0,,,7.400323374895379e-05,7.400323374895379e-05,7.400323374895379e-05,7.400323374895379e-05,7.400323374895379e-05,7.400323374895379e-05,7.400323374895379e-05,7.400323374895379e-05,0.0
1538,0.0,1.0,1.0,1.0,1.0,1.0,0.0,,8.307883399538696e-05,8.307883399538696e-05,8.307883399538696e-05,8.307883399538696e-05,8.307883399538696e-05,8.307883399538696e-05,8.307883399538696e-05,8.307883399538696e-05,1.0
1539,0.0,,1.0,,1.0,1.0,,,2.9543293749156874e-06,2.9543293749156874e-06,2.9543293749156874e-06,2.9543293749156874e-06,2.9543293749156874e-06,2.9543293749156874e-06,2.9543293749156874e-06,2.9543293749156874e-06,2.0
1540,0.0,,0.0,,0.0,0.0,,,2.9299105790414615e-06,2.9299105790414615e-06,2.9299105790414615e-06,2.9299105790414615e-06,2.9299105790414615e-06,2.9299105790414615e-06,2.9299105790414615e-06,2.9299105790414615e-06,3.0
1541,1.0,,1.0,,1.0,1.0,,,0.00038393487920984626,0.00038393487920984626,0.00038393487920984626,0.00038393487920984626,0.00038393487920984626,0.00038393487920984626,0.00038393487920984626,0.00038393487920984626,1.0
1542,0.0,,0.0,,0.0,0.0,,,3.414123284528614e-06,3.414123284528614e-06,3.414123284528614e-06,3.414123284528614e-06,3.414123284528614e-06,3.414123284528614e-06,3.414123284528614e-06,3.414123284528614e-06,3.0
1543,0.0,0.0,0.0,,0.0,0.0,,,3.4967538340424653e-06,3.4967538340424653e-06,3.4967538340424653e-06,3.4967538340424653e-06,3.4967538340424653e-06,3.4967538340424653e-06,3.4967538340424653e-06,3.4967538340424653e-06,3.0
1544,0.0,1.0,0.0,,0.0,0.0,,,9.990716353058815e-05,9.990716353058815e-05,9.990716353058815e-05,9.990716353058815e-05,9.990716353058815e-05,9.990716353058815e-05,9.990716353058815e-05,9.990716353058815e-05,2.0
1545,0.0,,0.0,0.0,0.0,0.0,,,2.5751446628419217e-06,2.5751446628419217e-06,2.5751446628419217e-06,2.5751446628419217e-06,2.5751446628419217e-06,2.5751446628419217e-06,2.5751446628419217e-06,2.5751446628419217e-06,2.0
1546,1.0,1.0,1.0,1.0,1.0,1.0,1.0,1.0,0.9985606074333191,0.9985606074333191,0.9985606074333191,0.9985606074333191,0.9985606074333191,0.9985606074333191,0.9985606074333191,0.9985606074333191,1.0
1547,0.0,0.0,0.0,0.0,0.0,0.0,,,1.8926039047073573e-06,1.8926039047073573e-06,1.8926039047073573e-06,1.8926039047073573e-06,1.8926039047073573e-06,1.8926039047073573e-06,1.8926039047073573e-06,1.8926039047073573e-06,1.0
1548,1.0,1.0,1.0,0.0,1.0,1.0,,,0.0006385460146702826,0.0006385460146702826,0.0006385460146702826,0.0006385460146702826,0.0006385460146702826,0.0006385460146702826,0.0006385460146702826,0.0006385460146702826,3.0
1549,0.0,0.0,0.0,0.0,0.0,0.0,0.0,0.0,7.921385986264795e-06,7.921385986264795e-06,7.921385986264795e-06,7.921385986264795e-06,7.921385986264795e-06,7.921385986264795e-06,7.921385986264795e-06,7.921385986264795e-06,3.0
1550,1.0,0.0,1.0,1.0,1.0,0.0,,,0.42705801129341125,0.42705801129341125,0.42705801129341125,0.42705801129341125,0.42705801129341125,0.42705801129341125,0.42705801129341125,0.42705801129341125,3.0
1551,1.0,1.0,1.0,1.0,1.0,1.0,1.0,0.0,0.03718321770429611,0.03718321770429611,0.03718321770429611,0.03718321770429611,0.03718321770429611,0.03718321770429611,0.03718321770429611,0.03718321770429611,0.0
1552,1.0,1.0,1.0,1.0,1.0,1.0,1.0,1.0,0.9920893907546997,0.9920893907546997,0.9920893907546997,0.9920893907546997,0.9920893907546997,0.9920893907546997,0.9920893907546997,0.9920893907546997,1.0
1553,0.0,0.0,0.0,0.0,0.0,0.0,0.0,0.0,5.7852394093060866e-05,5.7852394093060866e-05,5.7852394093060866e-05,5.7852394093060866e-05,5.7852394093060866e-05,5.7852394093060866e-05,5.7852394093060866e-05,5.7852394093060866e-05,1.0
1554,0.0,0.0,1.0,0.0,1.0,0.0,,,4.656991586671211e-05,4.656991586671211e-05,4.656991586671211e-05,4.656991586671211e-05,4.656991586671211e-05,4.656991586671211e-05,4.656991586671211e-05,4.656991586671211e-05,3.0
1555,0.0,,0.0,,0.0,0.0,,,2.8589240628207335e-06,2.8589240628207335e-06,2.8589240628207335e-06,2.8589240628207335e-06,2.8589240628207335e-06,2.8589240628207335e-06,2.8589240628207335e-06,2.8589240628207335e-06,3.0
1556,1.0,1.0,1.0,1.0,1.0,1.0,,,0.0025404489133507013,0.0025404489133507013,0.0025404489133507013,0.0025404489133507013,0.0025404489133507013,0.0025404489133507013,0.0025404489133507013,0.0025404489133507013,1.0
1557,1.0,,1.0,1.0,1.0,,,,0.21278730034828186,0.21278730034828186,0.21278730034828186,0.21278730034828186,0.21278730034828186,0.21278730034828186,0.21278730034828186,0.21278730034828186,2.0
1558,0.0,0.0,0.0,0.0,0.0,0.0,0.0,0.0,7.19030595064396e-06,7.19030595064396e-06,7.19030595064396e-06,7.19030595064396e-06,7.19030595064396e-06,7.19030595064396e-06,7.19030595064396e-06,7.19030595064396e-06,1.0
1559,0.0,0.0,0.0,0.0,0.0,0.0,0.0,0.0,9.93353114608908e-06,9.93353114608908e-06,9.93353114608908e-06,9.93353114608908e-06,9.93353114608908e-06,9.93353114608908e-06,9.93353114608908e-06,9.93353114608908e-06,0.0
1560,0.0,0.0,0.0,0.0,0.0,0.0,0.0,0.0,3.5106770610582316e-06,3.5106770610582316e-06,3.5106770610582316e-06,3.5106770610582316e-06,3.5106770610582316e-06,3.5106770610582316e-06,3.5106770610582316e-06,3.5106770610582316e-06,2.0
1561,1.0,1.0,1.0,1.0,1.0,1.0,1.0,1.0,0.8969842195510864,0.8969842195510864,0.8969842195510864,0.8969842195510864,0.8969842195510864,0.8969842195510864,0.8969842195510864,0.8969842195510864,3.0
1562,0.0,,0.0,,1.0,1.0,,,1.4588749763788655e-05,1.4588749763788655e-05,1.4588749763788655e-05,1.4588749763788655e-05,1.4588749763788655e-05,1.4588749763788655e-05,1.4588749763788655e-05,1.4588749763788655e-05,0.0
1563,1.0,1.0,1.0,1.0,1.0,1.0,0.0,,0.018339812755584717,0.018339812755584717,0.018339812755584717,0.018339812755584717,0.018339812755584717,0.018339812755584717,0.018339812755584717,0.018339812755584717,3.0
1564,0.0,0.0,0.0,0.0,0.0,0.0,0.0,0.0,1.0877466593228746e-05,1.0877466593228746e-05,1.0877466593228746e-05,1.0877466593228746e-05,1.0877466593228746e-05,1.0877466593228746e-05,1.0877466593228746e-05,1.0877466593228746e-05,0.0
1565,1.0,1.0,1.0,1.0,1.0,1.0,1.0,1.0,0.367392361164093,0.367392361164093,0.367392361164093,0.367392361164093,0.367392361164093,0.367392361164093,0.367392361164093,0.367392361164093,0.0
1566,0.0,,0.0,,0.0,0.0,,,1.4897338587616105e-05,1.4897338587616105e-05,1.4897338587616105e-05,1.4897338587616105e-05,1.4897338587616105e-05,1.4897338587616105e-05,1.4897338587616105e-05,1.4897338587616105e-05,0.0
1567,0.0,0.0,0.0,0.0,0.0,0.0,0.0,0.0,0.00011885323328897357,0.00011885323328897357,0.00011885323328897357,0.00011885323328897357,0.00011885323328897357,0.00011885323328897357,0.00011885323328897357,0.00011885323328897357,3.0
1568,1.0,,1.0,1.0,1.0,1.0,,,0.003569462336599827,0.003569462336599827,0.003569462336599827,0.003569462336599827,0.003569462336599827,0.003569462336599827,0.003569462336599827,0.003569462336599827,4.0
1569,0.0,,0.0,0.0,0.0,0.0,,,0.00015651932335458696,0.00015651932335458696,0.00015651932335458696,0.00015651932335458696,0.00015651932335458696,0.00015651932335458696,0.00015651932335458696,0.00015651932335458696,0.0
1570,,,1.0,,1.0,1.0,,,2.9109996830811724e-05,2.9109996830811724e-05,2.9109996830811724e-05,2.9109996830811724e-05,2.9109996830811724e-05,2.9109996830811724e-05,2.9109996830811724e-05,2.9109996830811724e-05,4.0
1571,0.0,0.0,0.0,,1.0,0.0,,,0.00011052914487663656,0.00011052914487663656,0.00011052914487663656,0.00011052914487663656,0.00011052914487663656,0.00011052914487663656,0.00011052914487663656,0.00011052914487663656,3.0
1572,1.0,1.0,1.0,,1.0,1.0,,,0.9007779359817505,0.9007779359817505,0.9007779359817505,0.9007779359817505,0.9007779359817505,0.9007779359817505,0.9007779359817505,0.9007779359817505,1.0
1573,0.0,0.0,0.0,0.0,0.0,0.0,0.0,0.0,1.3107530321576633e-05,1.3107530321576633e-05,1.3107530321576633e-05,1.3107530321576633e-05,1.3107530321576633e-05,1.3107530321576633e-05,1.3107530321576633e-05,1.3107530321576633e-05,2.0
1574,1.0,1.0,1.0,1.0,1.0,1.0,0.0,0.0,0.008073191158473492,0.008073191158473492,0.008073191158473492,0.008073191158473492,0.008073191158473492,0.008073191158473492,0.008073191158473492,0.008073191158473492,3.0
1575,0.0,,1.0,,1.0,1.0,,,0.0003763744607567787,0.0003763744607567787,0.0003763744607567787,0.0003763744607567787,0.0003763744607567787,0.0003763744607567787,0.0003763744607567787,0.0003763744607567787,0.0
1576,1.0,1.0,1.0,1.0,1.0,1.0,1.0,,0.39214158058166504,0.39214158058166504,0.39214158058166504,0.39214158058166504,0.39214158058166504,0.39214158058166504,0.39214158058166504,0.39214158058166504,3.0
1577,0.0,0.0,0.0,0.0,0.0,0.0,0.0,0.0,8.22462752694264e-05,8.22462752694264e-05,8.22462752694264e-05,8.22462752694264e-05,8.22462752694264e-05,8.22462752694264e-05,8.22462752694264e-05,8.22462752694264e-05,1.0
1578,0.0,1.0,0.0,,0.0,0.0,,,0.00029051711317151785,0.00029051711317151785,0.00029051711317151785,0.00029051711317151785,0.00029051711317151785,0.00029051711317151785,0.00029051711317151785,0.00029051711317151785,1.0
1579,0.0,,0.0,0.0,0.0,0.0,,,5.1310373237356544e-05,5.1310373237356544e-05,5.1310373237356544e-05,5.1310373237356544e-05,5.1310373237356544e-05,5.1310373237356544e-05,5.1310373237356544e-05,5.1310373237356544e-05,4.0
1580,1.0,1.0,1.0,0.0,1.0,1.0,0.0,0.0,0.10312262177467346,0.10312262177467346,0.10312262177467346,0.10312262177467346,0.10312262177467346,0.10312262177467346,0.10312262177467346,0.10312262177467346,2.0
1581,1.0,,1.0,1.0,1.0,1.0,,,0.0027804358396679163,0.0027804358396679163,0.0027804358396679163,0.0027804358396679163,0.0027804358396679163,0.0027804358396679163,0.0027804358396679163,0.0027804358396679163,3.0
1582,,,0.0,,0.0,0.0,,,2.9992395411682082e-06,2.9992395411682082e-06,2.9992395411682082e-06,2.9992395411682082e-06,2.9992395411682082e-06,2.9992395411682082e-06,2.9992395411682082e-06,2.9992395411682082e-06,0.0
1583,1.0,0.0,1.0,1.0,1.0,1.0,0.0,0.0,0.00639355881139636,0.00639355881139636,0.00639355881139636,0.00639355881139636,0.00639355881139636,0.00639355881139636,0.00639355881139636,0.00639355881139636,2.0
1584,,0.0,0.0,0.0,0.0,,0.0,0.0,0.00015882843581493944,0.00015882843581493944,0.00015882843581493944,0.00015882843581493944,0.00015882843581493944,0.00015882843581493944,0.00015882843581493944,0.00015882843581493944,0.0
1585,0.0,1.0,0.0,0.0,1.0,1.0,0.0,0.0,2.4799177481327206e-05,2.4799177481327206e-05,2.4799177481327206e-05,2.4799177481327206e-05,2.4799177481327206e-05,2.4799177481327206e-05,2.4799177481327206e-05,2.4799177481327206e-05,4.0
1586,0.0,0.0,0.0,0.0,0.0,0.0,,,5.978070930723334e-06,5.978070930723334e-06,5.978070930723334e-06,5.978070930723334e-06,5.978070930723334e-06,5.978070930723334e-06,5.978070930723334e-06,5.978070930723334e-06,1.0
1587,1.0,1.0,1.0,1.0,1.0,1.0,0.0,,0.04779968410730362,0.04779968410730362,0.04779968410730362,0.04779968410730362,0.04779968410730362,0.04779968410730362,0.04779968410730362,0.04779968410730362,3.0
1588,1.0,,1.0,1.0,0.0,0.0,,,0.054156847298145294,0.054156847298145294,0.054156847298145294,0.054156847298145294,0.054156847298145294,0.054156847298145294,0.054156847298145294,0.054156847298145294,3.0
1589,1.0,1.0,1.0,1.0,1.0,1.0,1.0,1.0,0.989970862865448,0.989970862865448,0.989970862865448,0.989970862865448,0.989970862865448,0.989970862865448,0.989970862865448,0.989970862865448,4.0
1590,0.0,0.0,0.0,0.0,0.0,0.0,,,3.958735760534182e-06,3.958735760534182e-06,3.958735760534182e-06,3.958735760534182e-06,3.958735760534182e-06,3.958735760534182e-06,3.958735760534182e-06,3.958735760534182e-06,0.0
1591,1.0,1.0,1.0,1.0,1.0,1.0,1.0,1.0,0.1024230569601059,0.1024230569601059,0.1024230569601059,0.1024230569601059,0.1024230569601059,0.1024230569601059,0.1024230569601059,0.1024230569601059,2.0
1592,1.0,1.0,1.0,1.0,1.0,1.0,0.0,0.0,0.17535826563835144,0.17535826563835144,0.17535826563835144,0.17535826563835144,0.17535826563835144,0.17535826563835144,0.17535826563835144,0.17535826563835144,0.0
1593,1.0,1.0,1.0,1.0,1.0,1.0,,,0.12458767741918564,0.12458767741918564,0.12458767741918564,0.12458767741918564,0.12458767741918564,0.12458767741918564,0.12458767741918564,0.12458767741918564,3.0
1594,0.0,0.0,0.0,0.0,0.0,0.0,0.0,0.0,0.00021318186190910637,0.00021318186190910637,0.00021318186190910637,0.00021318186190910637,0.00021318186190910637,0.00021318186190910637,0.00021318186190910637,0.00021318186190910637,2.0
1595,,,0.0,0.0,0.0,0.0,,,0.00018295789777766913,0.00018295789777766913,0.00018295789777766913,0.00018295789777766913,0.00018295789777766913,0.00018295789777766913,0.00018295789777766913,0.00018295789777766913,4.0
1596,0.0,0.0,0.0,0.0,0.0,0.0,0.0,0.0,7.115973130566999e-05,7.115973130566999e-05,7.115973130566999e-05,7.115973130566999e-05,7.115973130566999e-05,7.115973130566999e-05,7.115973130566999e-05,7.115973130566999e-05,1.0
1597,1.0,1.0,1.0,1.0,1.0,1.0,1.0,1.0,0.9991971850395203,0.9991971850395203,0.9991971850395203,0.9991971850395203,0.9991971850395203,0.9991971850395203,0.9991971850395203,0.9991971850395203,4.0
1598,0.0,0.0,0.0,0.0,0.0,0.0,0.0,0.0,8.696619624970481e-05,8.696619624970481e-05,8.696619624970481e-05,8.696619624970481e-05,8.696619624970481e-05,8.696619624970481e-05,8.696619624970481e-05,8.696619624970481e-05,1.0
1599,1.0,,1.0,1.0,1.0,1.0,,,0.0009379975963383913,0.0009379975963383913,0.0009379975963383913,0.0009379975963383913,0.0009379975963383913,0.0009379975963383913,0.0009379975963383913,0.0009379975963383913,1.0
1600,1.0,,1.0,1.0,1.0,1.0,,,0.7620081901550293,0.7620081901550293,0.7620081901550293,0.7620081901550293,0.7620081901550293,0.7620081901550293,0.7620081901550293,0.7620081901550293,4.0
1601,0.0,,1.0,,1.0,1.0,,,0.0009996301960200071,0.0009996301960200071,0.0009996301960200071,0.0009996301960200071,0.0009996301960200071,0.0009996301960200071,0.0009996301960200071,0.0009996301960200071,1.0
1602,1.0,1.0,1.0,1.0,1.0,1.0,1.0,1.0,0.9975058436393738,0.9975058436393738,0.9975058436393738,0.9975058436393738,0.9975058436393738,0.9975058436393738,0.9975058436393738,0.9975058436393738,3.0
1603,1.0,1.0,1.0,1.0,1.0,1.0,1.0,1.0,0.9998729228973389,0.9998729228973389,0.9998729228973389,0.9998729228973389,0.9998729228973389,0.9998729228973389,0.9998729228973389,0.9998729228973389,4.0
1604,1.0,1.0,1.0,1.0,1.0,1.0,1.0,1.0,0.9977290034294128,0.9977290034294128,0.9977290034294128,0.9977290034294128,0.9977290034294128,0.9977290034294128,0.9977290034294128,0.9977290034294128,0.0
1605,0.0,0.0,0.0,0.0,0.0,0.0,0.0,0.0,7.137957709346665e-06,7.137957709346665e-06,7.137957709346665e-06,7.137957709346665e-06,7.137957709346665e-06,7.137957709346665e-06,7.137957709346665e-06,7.137957709346665e-06,0.0
1606,0.0,0.0,0.0,0.0,0.0,0.0,0.0,0.0,3.7506845274037914e-06,3.7506845274037914e-06,3.7506845274037914e-06,3.7506845274037914e-06,3.7506845274037914e-06,3.7506845274037914e-06,3.7506845274037914e-06,3.7506845274037914e-06,2.0
1607,0.0,0.0,0.0,0.0,0.0,0.0,0.0,0.0,2.3814611722627888e-06,2.3814611722627888e-06,2.3814611722627888e-06,2.3814611722627888e-06,2.3814611722627888e-06,2.3814611722627888e-06,2.3814611722627888e-06,2.3814611722627888e-06,2.0
1608,1.0,1.0,1.0,1.0,1.0,1.0,,,0.0029180117417126894,0.0029180117417126894,0.0029180117417126894,0.0029180117417126894,0.0029180117417126894,0.0029180117417126894,0.0029180117417126894,0.0029180117417126894,3.0
1609,0.0,1.0,1.0,0.0,1.0,1.0,0.0,,0.0005698788445442915,0.0005698788445442915,0.0005698788445442915,0.0005698788445442915,0.0005698788445442915,0.0005698788445442915,0.0005698788445442915,0.0005698788445442915,1.0
1610,1.0,1.0,,0.0,1.0,1.0,1.0,0.0,0.0014637935673817992,0.0014637935673817992,0.0014637935673817992,0.0014637935673817992,0.0014637935673817992,0.0014637935673817992,0.0014637935673817992,0.0014637935673817992,1.0
1611,,,,,1.0,1.0,,,0.00033187289955094457,0.00033187289955094457,0.00033187289955094457,0.00033187289955094457,0.00033187289955094457,0.00033187289955094457,0.00033187289955094457,0.00033187289955094457,3.0
1612,0.0,,1.0,,1.0,1.0,,,0.00023118550598155707,0.00023118550598155707,0.00023118550598155707,0.00023118550598155707,0.00023118550598155707,0.00023118550598155707,0.00023118550598155707,0.00023118550598155707,2.0
1613,1.0,,,1.0,,,,,0.0051359329372644424,0.0051359329372644424,0.0051359329372644424,0.0051359329372644424,0.0051359329372644424,0.0051359329372644424,0.0051359329372644424,0.0051359329372644424,2.0
1614,1.0,1.0,1.0,1.0,1.0,1.0,1.0,0.0,0.0669589415192604,0.0669589415192604,0.0669589415192604,0.0669589415192604,0.0669589415192604,0.0669589415192604,0.0669589415192604,0.0669589415192604,2.0
1615,1.0,1.0,0.0,0.0,1.0,0.0,,,0.00013261180720292032,0.00013261180720292032,0.00013261180720292032,0.00013261180720292032,0.00013261180720292032,0.00013261180720292032,0.00013261180720292032,0.00013261180720292032,1.0
1616,,,0.0,0.0,1.0,0.0,,,1.7475273125455715e-05,1.7475273125455715e-05,1.7475273125455715e-05,1.7475273125455715e-05,1.7475273125455715e-05,1.7475273125455715e-05,1.7475273125455715e-05,1.7475273125455715e-05,2.0
1617,1.0,1.0,1.0,1.0,1.0,1.0,1.0,0.0,0.06559889018535614,0.06559889018535614,0.06559889018535614,0.06559889018535614,0.06559889018535614,0.06559889018535614,0.06559889018535614,0.06559889018535614,3.0
1618,1.0,1.0,1.0,1.0,1.0,1.0,0.0,,0.016504134982824326,0.016504134982824326,0.016504134982824326,0.016504134982824326,0.016504134982824326,0.016504134982824326,0.016504134982824326,0.016504134982824326,2.0
1619,,1.0,1.0,1.0,1.0,1.0,,,0.11619821935892105,0.11619821935892105,0.11619821935892105,0.11619821935892105,0.11619821935892105,0.11619821935892105,0.11619821935892105,0.11619821935892105,3.0
1620,0.0,,0.0,0.0,0.0,0.0,,,1.0001191185438074e-05,1.0001191185438074e-05,1.0001191185438074e-05,1.0001191185438074e-05,1.0001191185438074e-05,1.0001191185438074e-05,1.0001191185438074e-05,1.0001191185438074e-05,1.0
1621,0.0,0.0,0.0,0.0,1.0,0.0,0.0,,2.2321742108033504e-06,2.2321742108033504e-06,2.2321742108033504e-06,2.2321742108033504e-06,2.2321742108033504e-06,2.2321742108033504e-06,2.2321742108033504e-06,2.2321742108033504e-06,2.0
1622,0.0,0.0,0.0,0.0,1.0,0.0,0.0,,6.187039161886787e-06,6.187039161886787e-06,6.187039161886787e-06,6.187039161886787e-06,6.187039161886787e-06,6.187039161886787e-06,6.187039161886787e-06,6.187039161886787e-06,0.0
1623,1.0,0.0,0.0,0.0,0.0,0.0,1.0,0.0,0.15872609615325928,0.15872609615325928,0.15872609615325928,0.15872609615325928,0.15872609615325928,0.15872609615325928,0.15872609615325928,0.15872609615325928,1.0
1624,0.0,0.0,0.0,0.0,0.0,0.0,0.0,0.0,7.833932613721117e-06,7.833932613721117e-06,7.833932613721117e-06,7.833932613721117e-06,7.833932613721117e-06,7.833932613721117e-06,7.833932613721117e-06,7.833932613721117e-06,4.0
1625,0.0,0.0,0.0,0.0,1.0,0.0,0.0,0.0,1.3919562661612872e-05,1.3919562661612872e-05,1.3919562661612872e-05,1.3919562661612872e-05,1.3919562661612872e-05,1.3919562661612872e-05,1.3919562661612872e-05,1.3919562661612872e-05,4.0
1626,0.0,,1.0,,1.0,1.0,,,0.007006372790783644,0.007006372790783644,0.007006372790783644,0.007006372790783644,0.007006372790783644,0.007006372790783644,0.007006372790783644,0.007006372790783644,0.0
1627,1.0,1.0,,1.0,1.0,0.0,,,0.10061384737491608,0.10061384737491608,0.10061384737491608,0.10061384737491608,0.10061384737491608,0.10061384737491608,0.10061384737491608,0.10061384737491608,1.0
1628,1.0,1.0,1.0,1.0,1.0,1.0,1.0,,0.156947061419487,0.156947061419487,0.156947061419487,0.156947061419487,0.156947061419487,0.156947061419487,0.156947061419487,0.156947061419487,3.0
1629,0.0,0.0,0.0,0.0,0.0,0.0,0.0,0.0,4.064101176481927e-06,4.064101176481927e-06,4.064101176481927e-06,4.064101176481927e-06,4.064101176481927e-06,4.064101176481927e-06,4.064101176481927e-06,4.064101176481927e-06,1.0
1630,0.0,0.0,0.0,0.0,0.0,0.0,1.0,0.0,2.6980001166521106e-06,2.6980001166521106e-06,2.6980001166521106e-06,2.6980001166521106e-06,2.6980001166521106e-06,2.6980001166521106e-06,2.6980001166521106e-06,2.6980001166521106e-06,4.0
1631,,,,,1.0,0.0,,,4.1385923395864666e-05,4.1385923395864666e-05,4.1385923395864666e-05,4.1385923395864666e-05,4.1385923395864666e-05,4.1385923395864666e-05,4.1385923395864666e-05,4.1385923395864666e-05,4.0
1632,0.0,,1.0,,1.0,0.0,,,2.205030068580527e-05,2.205030068580527e-05,2.205030068580527e-05,2.205030068580527e-05,2.205030068580527e-05,2.205030068580527e-05,2.205030068580527e-05,2.205030068580527e-05,2.0
1633,1.0,,1.0,,1.0,0.0,,,9.290536581829656e-06,9.290536581829656e-06,9.290536581829656e-06,9.290536581829656e-06,9.290536581829656e-06,9.290536581829656e-06,9.290536581829656e-06,9.290536581829656e-06,3.0
1634,,,1.0,,1.0,1.0,,,7.929803541628644e-05,7.929803541628644e-05,7.929803541628644e-05,7.929803541628644e-05,7.929803541628644e-05,7.929803541628644e-05,7.929803541628644e-05,7.929803541628644e-05,4.0
1635,1.0,1.0,1.0,1.0,1.0,1.0,0.0,0.0,0.028531786054372787,0.028531786054372787,0.028531786054372787,0.028531786054372787,0.028531786054372787,0.028531786054372787,0.028531786054372787,0.028531786054372787,4.0
1636,0.0,1.0,1.0,0.0,1.0,1.0,0.0,0.0,0.00021802658739034086,0.00021802658739034086,0.00021802658739034086,0.00021802658739034086,0.00021802658739034086,0.00021802658739034086,0.00021802658739034086,0.00021802658739034086,4.0
1637,1.0,1.0,1.0,1.0,1.0,1.0,,,0.014237048104405403,0.014237048104405403,0.014237048104405403,0.014237048104405403,0.014237048104405403,0.014237048104405403,0.014237048104405403,0.014237048104405403,2.0
1638,1.0,1.0,1.0,1.0,1.0,1.0,,,0.19802987575531006,0.19802987575531006,0.19802987575531006,0.19802987575531006,0.19802987575531006,0.19802987575531006,0.19802987575531006,0.19802987575531006,4.0
1639,0.0,1.0,1.0,1.0,1.0,1.0,0.0,0.0,0.00015130256360862404,0.00015130256360862404,0.00015130256360862404,0.00015130256360862404,0.00015130256360862404,0.00015130256360862404,0.00015130256360862404,0.00015130256360862404,0.0
1640,0.0,0.0,0.0,0.0,0.0,0.0,0.0,0.0,1.0934378224192187e-05,1.0934378224192187e-05,1.0934378224192187e-05,1.0934378224192187e-05,1.0934378224192187e-05,1.0934378224192187e-05,1.0934378224192187e-05,1.0934378224192187e-05,3.0
1641,1.0,1.0,1.0,1.0,1.0,1.0,,,0.9981558918952942,0.9981558918952942,0.9981558918952942,0.9981558918952942,0.9981558918952942,0.9981558918952942,0.9981558918952942,0.9981558918952942,2.0
1642,0.0,0.0,1.0,1.0,1.0,0.0,,,0.0030484304297715425,0.0030484304297715425,0.0030484304297715425,0.0030484304297715425,0.0030484304297715425,0.0030484304297715425,0.0030484304297715425,0.0030484304297715425,1.0
1643,0.0,,1.0,,1.0,0.0,,,1.934315605467418e-06,1.934315605467418e-06,1.934315605467418e-06,1.934315605467418e-06,1.934315605467418e-06,1.934315605467418e-06,1.934315605467418e-06,1.934315605467418e-06,4.0
1644,0.0,0.0,0.0,0.0,0.0,0.0,,,1.8431233911542222e-05,1.8431233911542222e-05,1.8431233911542222e-05,1.8431233911542222e-05,1.8431233911542222e-05,1.8431233911542222e-05,1.8431233911542222e-05,1.8431233911542222e-05,0.0
1645,1.0,1.0,1.0,1.0,1.0,1.0,1.0,1.0,0.9791526198387146,0.9791526198387146,0.9791526198387146,0.9791526198387146,0.9791526198387146,0.9791526198387146,0.9791526198387146,0.9791526198387146,3.0
1646,0.0,0.0,0.0,0.0,0.0,0.0,,,1.250089735549409e-05,1.250089735549409e-05,1.250089735549409e-05,1.250089735549409e-05,1.250089735549409e-05,1.250089735549409e-05,1.250089735549409e-05,1.250089735549409e-05,0.0
1647,0.0,0.0,0.0,0.0,0.0,0.0,0.0,0.0,8.292842721857596e-06,8.292842721857596e-06,8.292842721857596e-06,8.292842721857596e-06,8.292842721857596e-06,8.292842721857596e-06,8.292842721857596e-06,8.292842721857596e-06,3.0
1648,0.0,0.0,0.0,0.0,0.0,0.0,0.0,0.0,0.0001818486489355564,0.0001818486489355564,0.0001818486489355564,0.0001818486489355564,0.0001818486489355564,0.0001818486489355564,0.0001818486489355564,0.0001818486489355564,4.0
1649,1.0,1.0,1.0,1.0,1.0,1.0,1.0,1.0,0.3508768081665039,0.3508768081665039,0.3508768081665039,0.3508768081665039,0.3508768081665039,0.3508768081665039,0.3508768081665039,0.3508768081665039,4.0
1650,1.0,1.0,1.0,1.0,1.0,1.0,1.0,1.0,0.9988547563552856,0.9988547563552856,0.9988547563552856,0.9988547563552856,0.9988547563552856,0.9988547563552856,0.9988547563552856,0.9988547563552856,2.0
1651,0.0,0.0,0.0,0.0,0.0,0.0,0.0,0.0,6.922003649378894e-06,6.922003649378894e-06,6.922003649378894e-06,6.922003649378894e-06,6.922003649378894e-06,6.922003649378894e-06,6.922003649378894e-06,6.922003649378894e-06,3.0
1652,1.0,1.0,1.0,1.0,1.0,1.0,,,0.8436704874038696,0.8436704874038696,0.8436704874038696,0.8436704874038696,0.8436704874038696,0.8436704874038696,0.8436704874038696,0.8436704874038696,2.0
1653,1.0,1.0,1.0,1.0,1.0,1.0,0.0,,0.2697988450527191,0.2697988450527191,0.2697988450527191,0.2697988450527191,0.2697988450527191,0.2697988450527191,0.2697988450527191,0.2697988450527191,2.0
1654,0.0,,0.0,0.0,0.0,0.0,,,3.0302785489766393e-06,3.0302785489766393e-06,3.0302785489766393e-06,3.0302785489766393e-06,3.0302785489766393e-06,3.0302785489766393e-06,3.0302785489766393e-06,3.0302785489766393e-06,0.0
1655,1.0,0.0,0.0,1.0,1.0,1.0,,,0.0023416937328875065,0.0023416937328875065,0.0023416937328875065,0.0023416937328875065,0.0023416937328875065,0.0023416937328875065,0.0023416937328875065,0.0023416937328875065,3.0
1656,1.0,1.0,1.0,1.0,1.0,1.0,1.0,,0.9412940144538879,0.9412940144538879,0.9412940144538879,0.9412940144538879,0.9412940144538879,0.9412940144538879,0.9412940144538879,0.9412940144538879,0.0
1657,1.0,1.0,1.0,1.0,1.0,1.0,1.0,1.0,0.16152769327163696,0.16152769327163696,0.16152769327163696,0.16152769327163696,0.16152769327163696,0.16152769327163696,0.16152769327163696,0.16152769327163696,0.0
1658,1.0,1.0,1.0,1.0,1.0,1.0,0.0,0.0,0.06638982892036438,0.06638982892036438,0.06638982892036438,0.06638982892036438,0.06638982892036438,0.06638982892036438,0.06638982892036438,0.06638982892036438,1.0
1659,,,1.0,0.0,1.0,1.0,,,0.0014207304921001196,0.0014207304921001196,0.0014207304921001196,0.0014207304921001196,0.0014207304921001196,0.0014207304921001196,0.0014207304921001196,0.0014207304921001196,2.0
1660,1.0,1.0,1.0,1.0,1.0,,,,0.838801383972168,0.838801383972168,0.838801383972168,0.838801383972168,0.838801383972168,0.838801383972168,0.838801383972168,0.838801383972168,0.0
1661,0.0,1.0,1.0,1.0,1.0,1.0,0.0,0.0,5.6305594625882804e-05,5.6305594625882804e-05,5.6305594625882804e-05,5.6305594625882804e-05,5.6305594625882804e-05,5.6305594625882804e-05,5.6305594625882804e-05,5.6305594625882804e-05,4.0
1662,0.0,,0.0,,1.0,1.0,,,9.777699233382009e-06,9.777699233382009e-06,9.777699233382009e-06,9.777699233382009e-06,9.777699233382009e-06,9.777699233382009e-06,9.777699233382009e-06,9.777699233382009e-06,2.0
1663,,,,,,,0.0,0.0,1.559017073304858e-05,1.559017073304858e-05,1.559017073304858e-05,1.559017073304858e-05,1.559017073304858e-05,1.559017073304858e-05,1.559017073304858e-05,1.559017073304858e-05,4.0
1664,1.0,1.0,1.0,1.0,1.0,1.0,1.0,0.0,0.7282402515411377,0.7282402515411377,0.7282402515411377,0.7282402515411377,0.7282402515411377,0.7282402515411377,0.7282402515411377,0.7282402515411377,4.0
1665,0.0,,0.0,,0.0,0.0,,,8.640715350338724e-06,8.640715350338724e-06,8.640715350338724e-06,8.640715350338724e-06,8.640715350338724e-06,8.640715350338724e-06,8.640715350338724e-06,8.640715350338724e-06,2.0
1666,0.0,0.0,0.0,0.0,0.0,0.0,0.0,0.0,6.601894710911438e-06,6.601894710911438e-06,6.601894710911438e-06,6.601894710911438e-06,6.601894710911438e-06,6.601894710911438e-06,6.601894710911438e-06,6.601894710911438e-06,1.0
1667,1.0,,1.0,1.0,1.0,1.0,,,0.010532394982874393,0.010532394982874393,0.010532394982874393,0.010532394982874393,0.010532394982874393,0.010532394982874393,0.010532394982874393,0.010532394982874393,2.0
1668,0.0,,1.0,1.0,1.0,1.0,,,0.0002992166846524924,0.0002992166846524924,0.0002992166846524924,0.0002992166846524924,0.0002992166846524924,0.0002992166846524924,0.0002992166846524924,0.0002992166846524924,3.0
1669,1.0,,1.0,1.0,1.0,1.0,,,0.5658116340637207,0.5658116340637207,0.5658116340637207,0.5658116340637207,0.5658116340637207,0.5658116340637207,0.5658116340637207,0.5658116340637207,3.0
1670,1.0,1.0,1.0,0.0,1.0,1.0,0.0,0.0,0.007133509498089552,0.007133509498089552,0.007133509498089552,0.007133509498089552,0.007133509498089552,0.007133509498089552,0.007133509498089552,0.007133509498089552,2.0
1671,0.0,0.0,0.0,0.0,0.0,0.0,0.0,0.0,0.0005782493390142918,0.0005782493390142918,0.0005782493390142918,0.0005782493390142918,0.0005782493390142918,0.0005782493390142918,0.0005782493390142918,0.0005782493390142918,3.0
1672,0.0,0.0,0.0,0.0,0.0,0.0,0.0,0.0,3.66046151611954e-05,3.66046151611954e-05,3.66046151611954e-05,3.66046151611954e-05,3.66046151611954e-05,3.66046151611954e-05,3.66046151611954e-05,3.66046151611954e-05,1.0
1673,0.0,0.0,0.0,0.0,0.0,0.0,0.0,0.0,9.806956768443342e-06,9.806956768443342e-06,9.806956768443342e-06,9.806956768443342e-06,9.806956768443342e-06,9.806956768443342e-06,9.806956768443342e-06,9.806956768443342e-06,1.0
1674,0.0,1.0,1.0,1.0,1.0,1.0,0.0,0.0,0.0011990634957328439,0.0011990634957328439,0.0011990634957328439,0.0011990634957328439,0.0011990634957328439,0.0011990634957328439,0.0011990634957328439,0.0011990634957328439,1.0
1675,0.0,0.0,0.0,0.0,0.0,0.0,0.0,0.0,2.53838538810669e-06,2.53838538810669e-06,2.53838538810669e-06,2.53838538810669e-06,2.53838538810669e-06,2.53838538810669e-06,2.53838538810669e-06,2.53838538810669e-06,2.0
1676,0.0,1.0,1.0,0.0,1.0,1.0,,,0.0001670411293162033,0.0001670411293162033,0.0001670411293162033,0.0001670411293162033,0.0001670411293162033,0.0001670411293162033,0.0001670411293162033,0.0001670411293162033,3.0
1677,0.0,0.0,0.0,0.0,0.0,0.0,0.0,0.0,6.779798422940075e-05,6.779798422940075e-05,6.779798422940075e-05,6.779798422940075e-05,6.779798422940075e-05,6.779798422940075e-05,6.779798422940075e-05,6.779798422940075e-05,1.0
1678,0.0,0.0,0.0,0.0,0.0,0.0,0.0,0.0,4.38224924437236e-06,4.38224924437236e-06,4.38224924437236e-06,4.38224924437236e-06,4.38224924437236e-06,4.38224924437236e-06,4.38224924437236e-06,4.38224924437236e-06,4.0
1679,0.0,0.0,0.0,0.0,0.0,0.0,,,2.962143980766996e-06,2.962143980766996e-06,2.962143980766996e-06,2.962143980766996e-06,2.962143980766996e-06,2.962143980766996e-06,2.962143980766996e-06,2.962143980766996e-06,4.0
1680,0.0,0.0,0.0,0.0,0.0,0.0,0.0,0.0,8.25270853965776e-06,8.25270853965776e-06,8.25270853965776e-06,8.25270853965776e-06,8.25270853965776e-06,8.25270853965776e-06,8.25270853965776e-06,8.25270853965776e-06,3.0
1681,1.0,,1.0,1.0,1.0,1.0,,,0.6451010704040527,0.6451010704040527,0.6451010704040527,0.6451010704040527,0.6451010704040527,0.6451010704040527,0.6451010704040527,0.6451010704040527,1.0
1682,0.0,0.0,1.0,0.0,1.0,0.0,0.0,,0.0074923476204276085,0.0074923476204276085,0.0074923476204276085,0.0074923476204276085,0.0074923476204276085,0.0074923476204276085,0.0074923476204276085,0.0074923476204276085,4.0
1683,0.0,0.0,0.0,0.0,0.0,0.0,,,3.077409928664565e-05,3.077409928664565e-05,3.077409928664565e-05,3.077409928664565e-05,3.077409928664565e-05,3.077409928664565e-05,3.077409928664565e-05,3.077409928664565e-05,3.0
1684,1.0,0.0,0.0,0.0,0.0,0.0,,,0.007497679442167282,0.007497679442167282,0.007497679442167282,0.007497679442167282,0.007497679442167282,0.007497679442167282,0.007497679442167282,0.007497679442167282,2.0
1685,0.0,0.0,0.0,0.0,0.0,0.0,0.0,0.0,1.2905131370644085e-05,1.2905131370644085e-05,1.2905131370644085e-05,1.2905131370644085e-05,1.2905131370644085e-05,1.2905131370644085e-05,1.2905131370644085e-05,1.2905131370644085e-05,4.0
1686,0.0,1.0,1.0,0.0,1.0,1.0,0.0,0.0,0.0031882403418421745,0.0031882403418421745,0.0031882403418421745,0.0031882403418421745,0.0031882403418421745,0.0031882403418421745,0.0031882403418421745,0.0031882403418421745,4.0
1687,0.0,0.0,0.0,0.0,0.0,0.0,0.0,0.0,1.697058337413182e-06,1.697058337413182e-06,1.697058337413182e-06,1.697058337413182e-06,1.697058337413182e-06,1.697058337413182e-06,1.697058337413182e-06,1.697058337413182e-06,4.0
1688,1.0,1.0,1.0,1.0,1.0,1.0,0.0,,0.34606054425239563,0.34606054425239563,0.34606054425239563,0.34606054425239563,0.34606054425239563,0.34606054425239563,0.34606054425239563,0.34606054425239563,3.0
1689,0.0,0.0,0.0,0.0,0.0,0.0,0.0,0.0,1.2068834621459246e-05,1.2068834621459246e-05,1.2068834621459246e-05,1.2068834621459246e-05,1.2068834621459246e-05,1.2068834621459246e-05,1.2068834621459246e-05,1.2068834621459246e-05,2.0
1690,1.0,1.0,1.0,1.0,1.0,1.0,,,0.700587272644043,0.700587272644043,0.700587272644043,0.700587272644043,0.700587272644043,0.700587272644043,0.700587272644043,0.700587272644043,1.0
1691,0.0,,0.0,,0.0,0.0,,,2.3543838324258104e-05,2.3543838324258104e-05,2.3543838324258104e-05,2.3543838324258104e-05,2.3543838324258104e-05,2.3543838324258104e-05,2.3543838324258104e-05,2.3543838324258104e-05,3.0
1692,1.0,1.0,1.0,1.0,1.0,1.0,0.0,1.0,0.9967775940895081,0.9967775940895081,0.9967775940895081,0.9967775940895081,0.9967775940895081,0.9967775940895081,0.9967775940895081,0.9967775940895081,2.0
1693,1.0,1.0,1.0,0.0,1.0,1.0,1.0,,0.00018049102800432593,0.00018049102800432593,0.00018049102800432593,0.00018049102800432593,0.00018049102800432593,0.00018049102800432593,0.00018049102800432593,0.00018049102800432593,4.0
1694,1.0,1.0,1.0,1.0,1.0,1.0,,,0.9902628660202026,0.9902628660202026,0.9902628660202026,0.9902628660202026,0.9902628660202026,0.9902628660202026,0.9902628660202026,0.9902628660202026,1.0
1695,1.0,1.0,1.0,1.0,1.0,1.0,,,0.833172082901001,0.833172082901001,0.833172082901001,0.833172082901001,0.833172082901001,0.833172082901001,0.833172082901001,0.833172082901001,4.0
1696,0.0,0.0,0.0,0.0,0.0,0.0,0.0,0.0,1.1710378203133587e-05,1.1710378203133587e-05,1.1710378203133587e-05,1.1710378203133587e-05,1.1710378203133587e-05,1.1710378203133587e-05,1.1710378203133587e-05,1.1710378203133587e-05,4.0
1697,0.0,0.0,0.0,0.0,0.0,0.0,0.0,0.0,7.4508593570499215e-06,7.4508593570499215e-06,7.4508593570499215e-06,7.4508593570499215e-06,7.4508593570499215e-06,7.4508593570499215e-06,7.4508593570499215e-06,7.4508593570499215e-06,0.0
1698,0.0,,0.0,,0.0,0.0,,,3.391216750969761e-06,3.391216750969761e-06,3.391216750969761e-06,3.391216750969761e-06,3.391216750969761e-06,3.391216750969761e-06,3.391216750969761e-06,3.391216750969761e-06,4.0
1699,1.0,1.0,1.0,0.0,1.0,1.0,1.0,0.0,0.001358224544674158,0.001358224544674158,0.001358224544674158,0.001358224544674158,0.001358224544674158,0.001358224544674158,0.001358224544674158,0.001358224544674158,3.0
1700,1.0,1.0,1.0,1.0,1.0,1.0,1.0,0.0,0.08766141533851624,0.08766141533851624,0.08766141533851624,0.08766141533851624,0.08766141533851624,0.08766141533851624,0.08766141533851624,0.08766141533851624,0.0
1701,0.0,0.0,0.0,0.0,0.0,0.0,0.0,0.0,4.9476824642624706e-05,4.9476824642624706e-05,4.9476824642624706e-05,4.9476824642624706e-05,4.9476824642624706e-05,4.9476824642624706e-05,4.9476824642624706e-05,4.9476824642624706e-05,3.0
1702,1.0,1.0,1.0,0.0,1.0,1.0,,,0.005101277492940426,0.005101277492940426,0.005101277492940426,0.005101277492940426,0.005101277492940426,0.005101277492940426,0.005101277492940426,0.005101277492940426,1.0
1703,0.0,0.0,0.0,0.0,0.0,0.0,0.0,0.0,4.978994638804579e-06,4.978994638804579e-06,4.978994638804579e-06,4.978994638804579e-06,4.978994638804579e-06,4.978994638804579e-06,4.978994638804579e-06,4.978994638804579e-06,2.0
1704,0.0,,0.0,0.0,0.0,0.0,,,3.41352861141786e-05,3.41352861141786e-05,3.41352861141786e-05,3.41352861141786e-05,3.41352861141786e-05,3.41352861141786e-05,3.41352861141786e-05,3.41352861141786e-05,4.0
1705,,,0.0,,0.0,0.0,,,2.7470932764117606e-05,2.7470932764117606e-05,2.7470932764117606e-05,2.7470932764117606e-05,2.7470932764117606e-05,2.7470932764117606e-05,2.7470932764117606e-05,2.7470932764117606e-05,4.0
1706,1.0,1.0,1.0,1.0,1.0,1.0,0.0,0.0,0.8156741261482239,0.8156741261482239,0.8156741261482239,0.8156741261482239,0.8156741261482239,0.8156741261482239,0.8156741261482239,0.8156741261482239,1.0
1707,1.0,0.0,1.0,1.0,1.0,1.0,0.0,0.0,0.029919857159256935,0.029919857159256935,0.029919857159256935,0.029919857159256935,0.029919857159256935,0.029919857159256935,0.029919857159256935,0.029919857159256935,4.0
1708,1.0,0.0,1.0,1.0,1.0,0.0,0.0,,0.00471075065433979,0.00471075065433979,0.00471075065433979,0.00471075065433979,0.00471075065433979,0.00471075065433979,0.00471075065433979,0.00471075065433979,0.0
1709,0.0,0.0,0.0,0.0,0.0,0.0,0.0,0.0,0.00041252587107010186,0.00041252587107010186,0.00041252587107010186,0.00041252587107010186,0.00041252587107010186,0.00041252587107010186,0.00041252587107010186,0.00041252587107010186,1.0
1710,0.0,1.0,1.0,1.0,1.0,1.0,1.0,0.0,0.000889995601028204,0.000889995601028204,0.000889995601028204,0.000889995601028204,0.000889995601028204,0.000889995601028204,0.000889995601028204,0.000889995601028204,0.0
1711,1.0,1.0,1.0,1.0,1.0,0.0,0.0,0.0,0.055203329771757126,0.055203329771757126,0.055203329771757126,0.055203329771757126,0.055203329771757126,0.055203329771757126,0.055203329771757126,0.055203329771757126,1.0
1712,0.0,0.0,0.0,0.0,0.0,0.0,0.0,0.0,4.358825208328199e-06,4.358825208328199e-06,4.358825208328199e-06,4.358825208328199e-06,4.358825208328199e-06,4.358825208328199e-06,4.358825208328199e-06,4.358825208328199e-06,3.0
1713,0.0,1.0,1.0,0.0,1.0,1.0,0.0,0.0,1.567689650983084e-05,1.567689650983084e-05,1.567689650983084e-05,1.567689650983084e-05,1.567689650983084e-05,1.567689650983084e-05,1.567689650983084e-05,1.567689650983084e-05,2.0
1714,1.0,1.0,1.0,1.0,1.0,1.0,1.0,,0.3611598312854767,0.3611598312854767,0.3611598312854767,0.3611598312854767,0.3611598312854767,0.3611598312854767,0.3611598312854767,0.3611598312854767,2.0
1715,1.0,1.0,1.0,1.0,1.0,1.0,1.0,,0.029623718932271004,0.029623718932271004,0.029623718932271004,0.029623718932271004,0.029623718932271004,0.029623718932271004,0.029623718932271004,0.029623718932271004,4.0
1716,1.0,1.0,1.0,1.0,1.0,1.0,1.0,0.0,0.36344462633132935,0.36344462633132935,0.36344462633132935,0.36344462633132935,0.36344462633132935,0.36344462633132935,0.36344462633132935,0.36344462633132935,3.0
1717,0.0,,1.0,,1.0,0.0,,,6.157927418826148e-05,6.157927418826148e-05,6.157927418826148e-05,6.157927418826148e-05,6.157927418826148e-05,6.157927418826148e-05,6.157927418826148e-05,6.157927418826148e-05,2.0
1718,0.0,1.0,1.0,0.0,1.0,1.0,0.0,0.0,0.00030161195900291204,0.00030161195900291204,0.00030161195900291204,0.00030161195900291204,0.00030161195900291204,0.00030161195900291204,0.00030161195900291204,0.00030161195900291204,3.0
1719,0.0,,1.0,1.0,1.0,1.0,,,4.929931310471147e-05,4.929931310471147e-05,4.929931310471147e-05,4.929931310471147e-05,4.929931310471147e-05,4.929931310471147e-05,4.929931310471147e-05,4.929931310471147e-05,1.0
1720,0.0,,1.0,1.0,1.0,1.0,,,0.009951967746019363,0.009951967746019363,0.009951967746019363,0.009951967746019363,0.009951967746019363,0.009951967746019363,0.009951967746019363,0.009951967746019363,0.0
1721,0.0,,1.0,1.0,1.0,1.0,,,0.017215488478541374,0.017215488478541374,0.017215488478541374,0.017215488478541374,0.017215488478541374,0.017215488478541374,0.017215488478541374,0.017215488478541374,0.0
1722,1.0,1.0,1.0,1.0,1.0,1.0,,,0.9718227982521057,0.9718227982521057,0.9718227982521057,0.9718227982521057,0.9718227982521057,0.9718227982521057,0.9718227982521057,0.9718227982521057,4.0
1723,0.0,0.0,0.0,0.0,0.0,0.0,,,0.3035666346549988,0.3035666346549988,0.3035666346549988,0.3035666346549988,0.3035666346549988,0.3035666346549988,0.3035666346549988,0.3035666346549988,0.0
1724,0.0,0.0,0.0,0.0,0.0,0.0,0.0,0.0,4.691366029874189e-06,4.691366029874189e-06,4.691366029874189e-06,4.691366029874189e-06,4.691366029874189e-06,4.691366029874189e-06,4.691366029874189e-06,4.691366029874189e-06,0.0
1725,0.0,0.0,0.0,0.0,0.0,0.0,0.0,0.0,6.9692118813691195e-06,6.9692118813691195e-06,6.9692118813691195e-06,6.9692118813691195e-06,6.9692118813691195e-06,6.9692118813691195e-06,6.9692118813691195e-06,6.9692118813691195e-06,2.0
1726,0.0,,0.0,0.0,0.0,0.0,,,5.553201390284812e-06,5.553201390284812e-06,5.553201390284812e-06,5.553201390284812e-06,5.553201390284812e-06,5.553201390284812e-06,5.553201390284812e-06,5.553201390284812e-06,3.0
1727,0.0,0.0,0.0,0.0,0.0,0.0,,,8.166645420715213e-05,8.166645420715213e-05,8.166645420715213e-05,8.166645420715213e-05,8.166645420715213e-05,8.166645420715213e-05,8.166645420715213e-05,8.166645420715213e-05,1.0
1728,0.0,0.0,0.0,0.0,0.0,0.0,0.0,0.0,1.5873854863457382e-05,1.5873854863457382e-05,1.5873854863457382e-05,1.5873854863457382e-05,1.5873854863457382e-05,1.5873854863457382e-05,1.5873854863457382e-05,1.5873854863457382e-05,0.0
1729,1.0,1.0,1.0,1.0,1.0,1.0,,,0.00025723810540512204,0.00025723810540512204,0.00025723810540512204,0.00025723810540512204,0.00025723810540512204,0.00025723810540512204,0.00025723810540512204,0.00025723810540512204,2.0
1730,0.0,,0.0,0.0,0.0,0.0,,,7.825106877135113e-06,7.825106877135113e-06,7.825106877135113e-06,7.825106877135113e-06,7.825106877135113e-06,7.825106877135113e-06,7.825106877135113e-06,7.825106877135113e-06,0.0
1731,1.0,1.0,1.0,1.0,1.0,1.0,1.0,1.0,0.21529586613178253,0.21529586613178253,0.21529586613178253,0.21529586613178253,0.21529586613178253,0.21529586613178253,0.21529586613178253,0.21529586613178253,1.0
1732,1.0,,1.0,,1.0,1.0,,,0.0009161007474176586,0.0009161007474176586,0.0009161007474176586,0.0009161007474176586,0.0009161007474176586,0.0009161007474176586,0.0009161007474176586,0.0009161007474176586,0.0
1733,0.0,0.0,0.0,0.0,0.0,0.0,0.0,0.0,0.00010596163338050246,0.00010596163338050246,0.00010596163338050246,0.00010596163338050246,0.00010596163338050246,0.00010596163338050246,0.00010596163338050246,0.00010596163338050246,4.0
1734,1.0,,1.0,0.0,1.0,1.0,,,0.0588628388941288,0.0588628388941288,0.0588628388941288,0.0588628388941288,0.0588628388941288,0.0588628388941288,0.0588628388941288,0.0588628388941288,4.0
1735,1.0,1.0,1.0,1.0,1.0,1.0,,,0.9995275735855103,0.9995275735855103,0.9995275735855103,0.9995275735855103,0.9995275735855103,0.9995275735855103,0.9995275735855103,0.9995275735855103,2.0
1736,1.0,1.0,1.0,1.0,1.0,1.0,1.0,1.0,0.9966325163841248,0.9966325163841248,0.9966325163841248,0.9966325163841248,0.9966325163841248,0.9966325163841248,0.9966325163841248,0.9966325163841248,1.0
1737,1.0,1.0,1.0,1.0,1.0,1.0,1.0,1.0,0.9992744326591492,0.9992744326591492,0.9992744326591492,0.9992744326591492,0.9992744326591492,0.9992744326591492,0.9992744326591492,0.9992744326591492,0.0
1738,1.0,1.0,1.0,1.0,1.0,1.0,1.0,1.0,0.9851588606834412,0.9851588606834412,0.9851588606834412,0.9851588606834412,0.9851588606834412,0.9851588606834412,0.9851588606834412,0.9851588606834412,0.0
1739,1.0,1.0,1.0,1.0,1.0,0.0,1.0,,0.8890193700790405,0.8890193700790405,0.8890193700790405,0.8890193700790405,0.8890193700790405,0.8890193700790405,0.8890193700790405,0.8890193700790405,1.0
1740,1.0,1.0,1.0,1.0,1.0,1.0,1.0,,0.17863310873508453,0.17863310873508453,0.17863310873508453,0.17863310873508453,0.17863310873508453,0.17863310873508453,0.17863310873508453,0.17863310873508453,3.0
1741,1.0,1.0,1.0,0.0,1.0,1.0,,,0.0672137439250946,0.0672137439250946,0.0672137439250946,0.0672137439250946,0.0672137439250946,0.0672137439250946,0.0672137439250946,0.0672137439250946,2.0
1742,0.0,0.0,0.0,0.0,0.0,0.0,0.0,0.0,2.1457892671605805e-06,2.1457892671605805e-06,2.1457892671605805e-06,2.1457892671605805e-06,2.1457892671605805e-06,2.1457892671605805e-06,2.1457892671605805e-06,2.1457892671605805e-06,1.0
1743,1.0,0.0,1.0,1.0,0.0,0.0,0.0,1.0,0.042486630380153656,0.042486630380153656,0.042486630380153656,0.042486630380153656,0.042486630380153656,0.042486630380153656,0.042486630380153656,0.042486630380153656,2.0
1744,0.0,0.0,0.0,0.0,0.0,0.0,0.0,0.0,1.4882968571328092e-05,1.4882968571328092e-05,1.4882968571328092e-05,1.4882968571328092e-05,1.4882968571328092e-05,1.4882968571328092e-05,1.4882968571328092e-05,1.4882968571328092e-05,3.0
1745,0.0,1.0,1.0,1.0,1.0,0.0,1.0,,0.00020601802680175751,0.00020601802680175751,0.00020601802680175751,0.00020601802680175751,0.00020601802680175751,0.00020601802680175751,0.00020601802680175751,0.00020601802680175751,1.0
1746,0.0,0.0,0.0,0.0,0.0,0.0,,,2.8017886961606564e-06,2.8017886961606564e-06,2.8017886961606564e-06,2.8017886961606564e-06,2.8017886961606564e-06,2.8017886961606564e-06,2.8017886961606564e-06,2.8017886961606564e-06,1.0
1747,0.0,0.0,0.0,0.0,1.0,0.0,0.0,0.0,5.315062935551396e-06,5.315062935551396e-06,5.315062935551396e-06,5.315062935551396e-06,5.315062935551396e-06,5.315062935551396e-06,5.315062935551396e-06,5.315062935551396e-06,3.0
1748,0.0,0.0,0.0,0.0,0.0,0.0,0.0,0.0,4.046924914291594e-06,4.046924914291594e-06,4.046924914291594e-06,4.046924914291594e-06,4.046924914291594e-06,4.046924914291594e-06,4.046924914291594e-06,4.046924914291594e-06,3.0
1749,1.0,1.0,1.0,1.0,1.0,1.0,1.0,,0.8055828213691711,0.8055828213691711,0.8055828213691711,0.8055828213691711,0.8055828213691711,0.8055828213691711,0.8055828213691711,0.8055828213691711,0.0
1750,0.0,0.0,0.0,0.0,0.0,0.0,1.0,0.0,0.0002529780613258481,0.0002529780613258481,0.0002529780613258481,0.0002529780613258481,0.0002529780613258481,0.0002529780613258481,0.0002529780613258481,0.0002529780613258481,0.0
1751,1.0,,1.0,,1.0,1.0,,,0.00862535648047924,0.00862535648047924,0.00862535648047924,0.00862535648047924,0.00862535648047924,0.00862535648047924,0.00862535648047924,0.00862535648047924,4.0
1752,,1.0,1.0,,1.0,,0.0,,0.7152368426322937,0.7152368426322937,0.7152368426322937,0.7152368426322937,0.7152368426322937,0.7152368426322937,0.7152368426322937,0.7152368426322937,1.0
1753,1.0,1.0,1.0,1.0,1.0,1.0,1.0,1.0,0.9996641874313354,0.9996641874313354,0.9996641874313354,0.9996641874313354,0.9996641874313354,0.9996641874313354,0.9996641874313354,0.9996641874313354,2.0
1754,0.0,0.0,0.0,0.0,0.0,0.0,0.0,0.0,1.1448943041614257e-05,1.1448943041614257e-05,1.1448943041614257e-05,1.1448943041614257e-05,1.1448943041614257e-05,1.1448943041614257e-05,1.1448943041614257e-05,1.1448943041614257e-05,2.0
1755,1.0,,1.0,1.0,1.0,1.0,,,0.000545356422662735,0.000545356422662735,0.000545356422662735,0.000545356422662735,0.000545356422662735,0.000545356422662735,0.000545356422662735,0.000545356422662735,2.0
1756,0.0,0.0,0.0,0.0,0.0,0.0,0.0,0.0,7.328227638936369e-06,7.328227638936369e-06,7.328227638936369e-06,7.328227638936369e-06,7.328227638936369e-06,7.328227638936369e-06,7.328227638936369e-06,7.328227638936369e-06,3.0
1757,0.0,0.0,0.0,0.0,0.0,0.0,0.0,0.0,0.00011942569835809991,0.00011942569835809991,0.00011942569835809991,0.00011942569835809991,0.00011942569835809991,0.00011942569835809991,0.00011942569835809991,0.00011942569835809991,4.0
1758,1.0,,1.0,0.0,1.0,1.0,,,0.002580583794042468,0.002580583794042468,0.002580583794042468,0.002580583794042468,0.002580583794042468,0.002580583794042468,0.002580583794042468,0.002580583794042468,4.0
1759,0.0,0.0,0.0,0.0,0.0,0.0,0.0,0.0,5.129475994181121e-06,5.129475994181121e-06,5.129475994181121e-06,5.129475994181121e-06,5.129475994181121e-06,5.129475994181121e-06,5.129475994181121e-06,5.129475994181121e-06,4.0
1760,,1.0,,0.0,,,,,1.8567481674836017e-05,1.8567481674836017e-05,1.8567481674836017e-05,1.8567481674836017e-05,1.8567481674836017e-05,1.8567481674836017e-05,1.8567481674836017e-05,1.8567481674836017e-05,0.0
1761,1.0,1.0,1.0,1.0,1.0,1.0,1.0,0.0,0.00862255971878767,0.00862255971878767,0.00862255971878767,0.00862255971878767,0.00862255971878767,0.00862255971878767,0.00862255971878767,0.00862255971878767,1.0
1762,0.0,0.0,0.0,0.0,0.0,0.0,0.0,0.0,3.7342822906794026e-05,3.7342822906794026e-05,3.7342822906794026e-05,3.7342822906794026e-05,3.7342822906794026e-05,3.7342822906794026e-05,3.7342822906794026e-05,3.7342822906794026e-05,2.0
1763,1.0,1.0,1.0,1.0,1.0,1.0,0.0,0.0,0.03265943005681038,0.03265943005681038,0.03265943005681038,0.03265943005681038,0.03265943005681038,0.03265943005681038,0.03265943005681038,0.03265943005681038,3.0
1764,1.0,1.0,1.0,1.0,1.0,1.0,0.0,1.0,0.9765444993972778,0.9765444993972778,0.9765444993972778,0.9765444993972778,0.9765444993972778,0.9765444993972778,0.9765444993972778,0.9765444993972778,3.0
1765,0.0,0.0,0.0,0.0,0.0,0.0,0.0,0.0,2.3891225282568485e-05,2.3891225282568485e-05,2.3891225282568485e-05,2.3891225282568485e-05,2.3891225282568485e-05,2.3891225282568485e-05,2.3891225282568485e-05,2.3891225282568485e-05,1.0
1766,0.0,,0.0,0.0,0.0,0.0,,,0.00014360452769324183,0.00014360452769324183,0.00014360452769324183,0.00014360452769324183,0.00014360452769324183,0.00014360452769324183,0.00014360452769324183,0.00014360452769324183,3.0
1767,1.0,1.0,1.0,1.0,1.0,1.0,0.0,0.0,0.8836501240730286,0.8836501240730286,0.8836501240730286,0.8836501240730286,0.8836501240730286,0.8836501240730286,0.8836501240730286,0.8836501240730286,3.0
1768,0.0,0.0,0.0,0.0,0.0,0.0,0.0,0.0,1.041142695612507e-05,1.041142695612507e-05,1.041142695612507e-05,1.041142695612507e-05,1.041142695612507e-05,1.041142695612507e-05,1.041142695612507e-05,1.041142695612507e-05,4.0
1769,0.0,,0.0,0.0,0.0,0.0,,,2.4995749754452845e-06,2.4995749754452845e-06,2.4995749754452845e-06,2.4995749754452845e-06,2.4995749754452845e-06,2.4995749754452845e-06,2.4995749754452845e-06,2.4995749754452845e-06,0.0
1770,0.0,0.0,0.0,0.0,0.0,0.0,0.0,0.0,1.9379000150365755e-05,1.9379000150365755e-05,1.9379000150365755e-05,1.9379000150365755e-05,1.9379000150365755e-05,1.9379000150365755e-05,1.9379000150365755e-05,1.9379000150365755e-05,0.0
1771,1.0,,1.0,1.0,1.0,1.0,,,0.9701415300369263,0.9701415300369263,0.9701415300369263,0.9701415300369263,0.9701415300369263,0.9701415300369263,0.9701415300369263,0.9701415300369263,0.0
1772,0.0,0.0,0.0,0.0,0.0,0.0,0.0,0.0,7.309646662179148e-06,7.309646662179148e-06,7.309646662179148e-06,7.309646662179148e-06,7.309646662179148e-06,7.309646662179148e-06,7.309646662179148e-06,7.309646662179148e-06,1.0
1773,0.0,,0.0,0.0,0.0,0.0,,,5.830616282764822e-05,5.830616282764822e-05,5.830616282764822e-05,5.830616282764822e-05,5.830616282764822e-05,5.830616282764822e-05,5.830616282764822e-05,5.830616282764822e-05,4.0
1774,0.0,,0.0,0.0,0.0,0.0,,,2.317134885743144e-06,2.317134885743144e-06,2.317134885743144e-06,2.317134885743144e-06,2.317134885743144e-06,2.317134885743144e-06,2.317134885743144e-06,2.317134885743144e-06,4.0
1775,,,0.0,,0.0,0.0,,,6.6118495851696935e-06,6.6118495851696935e-06,6.6118495851696935e-06,6.6118495851696935e-06,6.6118495851696935e-06,6.6118495851696935e-06,6.6118495851696935e-06,6.6118495851696935e-06,0.0
1776,0.0,0.0,0.0,0.0,0.0,0.0,0.0,,2.1806386939715594e-05,2.1806386939715594e-05,2.1806386939715594e-05,2.1806386939715594e-05,2.1806386939715594e-05,2.1806386939715594e-05,2.1806386939715594e-05,2.1806386939715594e-05,0.0
1777,0.0,0.0,0.0,0.0,0.0,0.0,,,6.088104782975279e-05,6.088104782975279e-05,6.088104782975279e-05,6.088104782975279e-05,6.088104782975279e-05,6.088104782975279e-05,6.088104782975279e-05,6.088104782975279e-05,0.0
1778,0.0,0.0,0.0,0.0,0.0,0.0,0.0,0.0,9.714756743051112e-06,9.714756743051112e-06,9.714756743051112e-06,9.714756743051112e-06,9.714756743051112e-06,9.714756743051112e-06,9.714756743051112e-06,9.714756743051112e-06,3.0
1779,0.0,0.0,0.0,,1.0,0.0,,,0.00033138474100269377,0.00033138474100269377,0.00033138474100269377,0.00033138474100269377,0.00033138474100269377,0.00033138474100269377,0.00033138474100269377,0.00033138474100269377,1.0
1780,0.0,,0.0,,0.0,0.0,,,1.8926039047073573e-06,1.8926039047073573e-06,1.8926039047073573e-06,1.8926039047073573e-06,1.8926039047073573e-06,1.8926039047073573e-06,1.8926039047073573e-06,1.8926039047073573e-06,1.0
1781,1.0,1.0,1.0,1.0,1.0,1.0,1.0,1.0,0.2412729263305664,0.2412729263305664,0.2412729263305664,0.2412729263305664,0.2412729263305664,0.2412729263305664,0.2412729263305664,0.2412729263305664,4.0
1782,1.0,1.0,1.0,1.0,1.0,1.0,1.0,,0.0019282399443909526,0.0019282399443909526,0.0019282399443909526,0.0019282399443909526,0.0019282399443909526,0.0019282399443909526,0.0019282399443909526,0.0019282399443909526,4.0
1783,0.0,0.0,0.0,0.0,0.0,0.0,0.0,,2.1593050405499525e-06,2.1593050405499525e-06,2.1593050405499525e-06,2.1593050405499525e-06,2.1593050405499525e-06,2.1593050405499525e-06,2.1593050405499525e-06,2.1593050405499525e-06,0.0
1784,1.0,1.0,1.0,1.0,1.0,1.0,,,0.0018613568972796202,0.0018613568972796202,0.0018613568972796202,0.0018613568972796202,0.0018613568972796202,0.0018613568972796202,0.0018613568972796202,0.0018613568972796202,0.0
1785,1.0,,1.0,1.0,1.0,1.0,,,0.2680661678314209,0.2680661678314209,0.2680661678314209,0.2680661678314209,0.2680661678314209,0.2680661678314209,0.2680661678314209,0.2680661678314209,4.0
1786,0.0,0.0,0.0,0.0,0.0,0.0,0.0,0.0,2.0146776478213724e-06,2.0146776478213724e-06,2.0146776478213724e-06,2.0146776478213724e-06,2.0146776478213724e-06,2.0146776478213724e-06,2.0146776478213724e-06,2.0146776478213724e-06,0.0
1787,1.0,1.0,1.0,0.0,1.0,0.0,1.0,0.0,0.43646445870399475,0.43646445870399475,0.43646445870399475,0.43646445870399475,0.43646445870399475,0.43646445870399475,0.43646445870399475,0.43646445870399475,4.0
1788,,,0.0,0.0,1.0,0.0,,,4.346473724581301e-05,4.346473724581301e-05,4.346473724581301e-05,4.346473724581301e-05,4.346473724581301e-05,4.346473724581301e-05,4.346473724581301e-05,4.346473724581301e-05,2.0
1789,0.0,1.0,0.0,0.0,1.0,0.0,,,0.00016046852397266775,0.00016046852397266775,0.00016046852397266775,0.00016046852397266775,0.00016046852397266775,0.00016046852397266775,0.00016046852397266775,0.00016046852397266775,3.0
1790,0.0,0.0,0.0,0.0,0.0,0.0,0.0,0.0,4.467527833185159e-05,4.467527833185159e-05,4.467527833185159e-05,4.467527833185159e-05,4.467527833185159e-05,4.467527833185159e-05,4.467527833185159e-05,4.467527833185159e-05,3.0
1791,1.0,1.0,1.0,1.0,1.0,0.0,1.0,0.0,0.07260250300168991,0.07260250300168991,0.07260250300168991,0.07260250300168991,0.07260250300168991,0.07260250300168991,0.07260250300168991,0.07260250300168991,0.0
1792,0.0,,0.0,,0.0,0.0,,,8.910119504434988e-06,8.910119504434988e-06,8.910119504434988e-06,8.910119504434988e-06,8.910119504434988e-06,8.910119504434988e-06,8.910119504434988e-06,8.910119504434988e-06,0.0
1793,,,0.0,0.0,1.0,0.0,,,9.250910807168111e-06,9.250910807168111e-06,9.250910807168111e-06,9.250910807168111e-06,9.250910807168111e-06,9.250910807168111e-06,9.250910807168111e-06,9.250910807168111e-06,2.0
1794,0.0,0.0,0.0,0.0,0.0,0.0,0.0,0.0,5.209721621213248e-06,5.209721621213248e-06,5.209721621213248e-06,5.209721621213248e-06,5.209721621213248e-06,5.209721621213248e-06,5.209721621213248e-06,5.209721621213248e-06,4.0
1795,1.0,1.0,1.0,1.0,1.0,1.0,1.0,1.0,0.8725483417510986,0.8725483417510986,0.8725483417510986,0.8725483417510986,0.8725483417510986,0.8725483417510986,0.8725483417510986,0.8725483417510986,1.0
1796,1.0,1.0,1.0,1.0,1.0,0.0,1.0,,0.0014142380096018314,0.0014142380096018314,0.0014142380096018314,0.0014142380096018314,0.0014142380096018314,0.0014142380096018314,0.0014142380096018314,0.0014142380096018314,4.0
1797,0.0,,0.0,,0.0,0.0,,,9.587029126123525e-06,9.587029126123525e-06,9.587029126123525e-06,9.587029126123525e-06,9.587029126123525e-06,9.587029126123525e-06,9.587029126123525e-06,9.587029126123525e-06,0.0
1798,0.0,,0.0,,0.0,0.0,,,0.0001121486202464439,0.0001121486202464439,0.0001121486202464439,0.0001121486202464439,0.0001121486202464439,0.0001121486202464439,0.0001121486202464439,0.0001121486202464439,1.0
1799,0.0,,0.0,0.0,0.0,0.0,,,0.0001438625913579017,0.0001438625913579017,0.0001438625913579017,0.0001438625913579017,0.0001438625913579017,0.0001438625913579017,0.0001438625913579017,0.0001438625913579017,4.0
1800,0.0,1.0,0.0,,0.0,0.0,,,2.0733677956741303e-05,2.0733677956741303e-05,2.0733677956741303e-05,2.0733677956741303e-05,2.0733677956741303e-05,2.0733677956741303e-05,2.0733677956741303e-05,2.0733677956741303e-05,1.0
1801,0.0,,0.0,,0.0,0.0,,,1.4936886145733297e-05,1.4936886145733297e-05,1.4936886145733297e-05,1.4936886145733297e-05,1.4936886145733297e-05,1.4936886145733297e-05,1.4936886145733297e-05,1.4936886145733297e-05,0.0
1802,1.0,1.0,1.0,1.0,1.0,1.0,0.0,0.0,0.445350706577301,0.445350706577301,0.445350706577301,0.445350706577301,0.445350706577301,0.445350706577301,0.445350706577301,0.445350706577301,4.0
1803,1.0,,1.0,1.0,1.0,0.0,,,0.0008122923318296671,0.0008122923318296671,0.0008122923318296671,0.0008122923318296671,0.0008122923318296671,0.0008122923318296671,0.0008122923318296671,0.0008122923318296671,3.0
1804,0.0,1.0,1.0,1.0,1.0,1.0,0.0,0.0,0.14650574326515198,0.14650574326515198,0.14650574326515198,0.14650574326515198,0.14650574326515198,0.14650574326515198,0.14650574326515198,0.14650574326515198,1.0
1805,0.0,1.0,1.0,1.0,1.0,1.0,0.0,0.0,0.002100127749145031,0.002100127749145031,0.002100127749145031,0.002100127749145031,0.002100127749145031,0.002100127749145031,0.002100127749145031,0.002100127749145031,0.0
1806,0.0,0.0,0.0,0.0,0.0,0.0,0.0,0.0,1.2925665032526013e-05,1.2925665032526013e-05,1.2925665032526013e-05,1.2925665032526013e-05,1.2925665032526013e-05,1.2925665032526013e-05,1.2925665032526013e-05,1.2925665032526013e-05,4.0
1807,0.0,,0.0,,0.0,0.0,,,5.88642842558329e-06,5.88642842558329e-06,5.88642842558329e-06,5.88642842558329e-06,5.88642842558329e-06,5.88642842558329e-06,5.88642842558329e-06,5.88642842558329e-06,0.0
1808,0.0,0.0,0.0,0.0,0.0,0.0,0.0,0.0,7.5548377935774624e-06,7.5548377935774624e-06,7.5548377935774624e-06,7.5548377935774624e-06,7.5548377935774624e-06,7.5548377935774624e-06,7.5548377935774624e-06,7.5548377935774624e-06,3.0
1809,1.0,,1.0,,1.0,1.0,,,0.005394257605075836,0.005394257605075836,0.005394257605075836,0.005394257605075836,0.005394257605075836,0.005394257605075836,0.005394257605075836,0.005394257605075836,3.0
1810,0.0,,0.0,0.0,0.0,0.0,,,0.00021722106612287462,0.00021722106612287462,0.00021722106612287462,0.00021722106612287462,0.00021722106612287462,0.00021722106612287462,0.00021722106612287462,0.00021722106612287462,4.0
1811,0.0,0.0,0.0,0.0,0.0,0.0,0.0,0.0,5.130621502758004e-05,5.130621502758004e-05,5.130621502758004e-05,5.130621502758004e-05,5.130621502758004e-05,5.130621502758004e-05,5.130621502758004e-05,5.130621502758004e-05,3.0
1812,0.0,1.0,1.0,1.0,1.0,1.0,0.0,0.0,0.006356001365929842,0.006356001365929842,0.006356001365929842,0.006356001365929842,0.006356001365929842,0.006356001365929842,0.006356001365929842,0.006356001365929842,2.0
1813,0.0,1.0,0.0,,0.0,0.0,,,3.0482344755000668e-06,3.0482344755000668e-06,3.0482344755000668e-06,3.0482344755000668e-06,3.0482344755000668e-06,3.0482344755000668e-06,3.0482344755000668e-06,3.0482344755000668e-06,2.0
1814,0.0,0.0,0.0,,0.0,0.0,,,7.190600626927335e-06,7.190600626927335e-06,7.190600626927335e-06,7.190600626927335e-06,7.190600626927335e-06,7.190600626927335e-06,7.190600626927335e-06,7.190600626927335e-06,0.0
1815,0.0,0.0,0.0,0.0,0.0,0.0,0.0,0.0,2.723624675127212e-06,2.723624675127212e-06,2.723624675127212e-06,2.723624675127212e-06,2.723624675127212e-06,2.723624675127212e-06,2.723624675127212e-06,2.723624675127212e-06,2.0
1816,1.0,,1.0,1.0,1.0,,,,0.028306184336543083,0.028306184336543083,0.028306184336543083,0.028306184336543083,0.028306184336543083,0.028306184336543083,0.028306184336543083,0.028306184336543083,4.0
1817,1.0,1.0,1.0,1.0,1.0,1.0,1.0,0.0,0.0003151032724417746,0.0003151032724417746,0.0003151032724417746,0.0003151032724417746,0.0003151032724417746,0.0003151032724417746,0.0003151032724417746,0.0003151032724417746,3.0
1818,1.0,1.0,1.0,1.0,1.0,1.0,1.0,0.0,0.01953364908695221,0.01953364908695221,0.01953364908695221,0.01953364908695221,0.01953364908695221,0.01953364908695221,0.01953364908695221,0.01953364908695221,0.0
1819,0.0,0.0,0.0,0.0,1.0,0.0,0.0,0.0,0.00020468735601752996,0.00020468735601752996,0.00020468735601752996,0.00020468735601752996,0.00020468735601752996,0.00020468735601752996,0.00020468735601752996,0.00020468735601752996,4.0
1820,1.0,,1.0,1.0,1.0,0.0,,,0.01697409525513649,0.01697409525513649,0.01697409525513649,0.01697409525513649,0.01697409525513649,0.01697409525513649,0.01697409525513649,0.01697409525513649,2.0
1821,1.0,1.0,1.0,1.0,1.0,1.0,,,0.0030839135870337486,0.0030839135870337486,0.0030839135870337486,0.0030839135870337486,0.0030839135870337486,0.0030839135870337486,0.0030839135870337486,0.0030839135870337486,3.0
1822,1.0,,1.0,1.0,1.0,0.0,,,0.615031898021698,0.615031898021698,0.615031898021698,0.615031898021698,0.615031898021698,0.615031898021698,0.615031898021698,0.615031898021698,1.0
1823,0.0,0.0,0.0,0.0,0.0,0.0,,,2.042937558144331e-05,2.042937558144331e-05,2.042937558144331e-05,2.042937558144331e-05,2.042937558144331e-05,2.042937558144331e-05,2.042937558144331e-05,2.042937558144331e-05,4.0
1824,1.0,1.0,1.0,1.0,1.0,1.0,1.0,1.0,0.12007623165845871,0.12007623165845871,0.12007623165845871,0.12007623165845871,0.12007623165845871,0.12007623165845871,0.12007623165845871,0.12007623165845871,0.0
1825,1.0,,1.0,,1.0,1.0,,,0.9985338449478149,0.9985338449478149,0.9985338449478149,0.9985338449478149,0.9985338449478149,0.9985338449478149,0.9985338449478149,0.9985338449478149,2.0
1826,0.0,0.0,0.0,,1.0,0.0,,,0.00044086779234930873,0.00044086779234930873,0.00044086779234930873,0.00044086779234930873,0.00044086779234930873,0.00044086779234930873,0.00044086779234930873,0.00044086779234930873,3.0
1827,0.0,,0.0,,1.0,0.0,,,1.4182921404426452e-05,1.4182921404426452e-05,1.4182921404426452e-05,1.4182921404426452e-05,1.4182921404426452e-05,1.4182921404426452e-05,1.4182921404426452e-05,1.4182921404426452e-05,1.0
1828,1.0,1.0,1.0,1.0,1.0,1.0,0.0,0.0,0.04768911749124527,0.04768911749124527,0.04768911749124527,0.04768911749124527,0.04768911749124527,0.04768911749124527,0.04768911749124527,0.04768911749124527,1.0
1829,1.0,1.0,1.0,1.0,1.0,1.0,1.0,1.0,0.7787554860115051,0.7787554860115051,0.7787554860115051,0.7787554860115051,0.7787554860115051,0.7787554860115051,0.7787554860115051,0.7787554860115051,0.0
1830,0.0,0.0,0.0,0.0,0.0,0.0,0.0,0.0,9.941671123669948e-06,9.941671123669948e-06,9.941671123669948e-06,9.941671123669948e-06,9.941671123669948e-06,9.941671123669948e-06,9.941671123669948e-06,9.941671123669948e-06,1.0
1831,0.0,,0.0,0.0,0.0,0.0,,,3.9063852455001324e-06,3.9063852455001324e-06,3.9063852455001324e-06,3.9063852455001324e-06,3.9063852455001324e-06,3.9063852455001324e-06,3.9063852455001324e-06,3.9063852455001324e-06,1.0
1832,0.0,0.0,0.0,0.0,0.0,0.0,0.0,0.0,3.94707967643626e-06,3.94707967643626e-06,3.94707967643626e-06,3.94707967643626e-06,3.94707967643626e-06,3.94707967643626e-06,3.94707967643626e-06,3.94707967643626e-06,2.0
1833,0.0,,0.0,0.0,0.0,0.0,,,3.0654139209218556e-06,3.0654139209218556e-06,3.0654139209218556e-06,3.0654139209218556e-06,3.0654139209218556e-06,3.0654139209218556e-06,3.0654139209218556e-06,3.0654139209218556e-06,2.0
1834,0.0,0.0,0.0,0.0,0.0,0.0,,,2.36245296036941e-06,2.36245296036941e-06,2.36245296036941e-06,2.36245296036941e-06,2.36245296036941e-06,2.36245296036941e-06,2.36245296036941e-06,2.36245296036941e-06,0.0
1835,0.0,,0.0,0.0,0.0,0.0,,,0.0004587718576658517,0.0004587718576658517,0.0004587718576658517,0.0004587718576658517,0.0004587718576658517,0.0004587718576658517,0.0004587718576658517,0.0004587718576658517,0.0
1836,,0.0,0.0,0.0,0.0,,0.0,0.0,4.049218205182115e-06,4.049218205182115e-06,4.049218205182115e-06,4.049218205182115e-06,4.049218205182115e-06,4.049218205182115e-06,4.049218205182115e-06,4.049218205182115e-06,1.0
1837,0.0,0.0,0.0,0.0,0.0,0.0,0.0,0.0,9.01685871212976e-06,9.01685871212976e-06,9.01685871212976e-06,9.01685871212976e-06,9.01685871212976e-06,9.01685871212976e-06,9.01685871212976e-06,9.01685871212976e-06,1.0
1838,1.0,1.0,1.0,1.0,1.0,1.0,1.0,,0.01211289782077074,0.01211289782077074,0.01211289782077074,0.01211289782077074,0.01211289782077074,0.01211289782077074,0.01211289782077074,0.01211289782077074,0.0
1839,0.0,0.0,0.0,0.0,0.0,0.0,,,8.782494660408702e-06,8.782494660408702e-06,8.782494660408702e-06,8.782494660408702e-06,8.782494660408702e-06,8.782494660408702e-06,8.782494660408702e-06,8.782494660408702e-06,2.0
1840,0.0,0.0,0.0,0.0,1.0,0.0,0.0,0.0,1.0654412108124234e-05,1.0654412108124234e-05,1.0654412108124234e-05,1.0654412108124234e-05,1.0654412108124234e-05,1.0654412108124234e-05,1.0654412108124234e-05,1.0654412108124234e-05,3.0
1841,1.0,1.0,1.0,1.0,1.0,1.0,0.0,,0.7476037740707397,0.7476037740707397,0.7476037740707397,0.7476037740707397,0.7476037740707397,0.7476037740707397,0.7476037740707397,0.7476037740707397,4.0
1842,,,,,,,0.0,0.0,1.7779060726752505e-05,1.7779060726752505e-05,1.7779060726752505e-05,1.7779060726752505e-05,1.7779060726752505e-05,1.7779060726752505e-05,1.7779060726752505e-05,1.7779060726752505e-05,0.0
1843,0.0,0.0,0.0,0.0,0.0,0.0,0.0,0.0,1.789694942999631e-05,1.789694942999631e-05,1.789694942999631e-05,1.789694942999631e-05,1.789694942999631e-05,1.789694942999631e-05,1.789694942999631e-05,1.789694942999631e-05,4.0
1844,0.0,0.0,0.0,0.0,0.0,0.0,0.0,0.0,0.0006394199444912374,0.0006394199444912374,0.0006394199444912374,0.0006394199444912374,0.0006394199444912374,0.0006394199444912374,0.0006394199444912374,0.0006394199444912374,0.0
1845,0.0,,0.0,,0.0,0.0,,,2.6749114567792276e-06,2.6749114567792276e-06,2.6749114567792276e-06,2.6749114567792276e-06,2.6749114567792276e-06,2.6749114567792276e-06,2.6749114567792276e-06,2.6749114567792276e-06,2.0
1846,0.0,,1.0,1.0,1.0,1.0,,,0.000495349639095366,0.000495349639095366,0.000495349639095366,0.000495349639095366,0.000495349639095366,0.000495349639095366,0.000495349639095366,0.000495349639095366,1.0
1847,1.0,0.0,1.0,1.0,1.0,0.0,,,0.05018141120672226,0.05018141120672226,0.05018141120672226,0.05018141120672226,0.05018141120672226,0.05018141120672226,0.05018141120672226,0.05018141120672226,3.0
1848,0.0,0.0,0.0,0.0,0.0,0.0,0.0,0.0,4.046924914291594e-06,4.046924914291594e-06,4.046924914291594e-06,4.046924914291594e-06,4.046924914291594e-06,4.046924914291594e-06,4.046924914291594e-06,4.046924914291594e-06,3.0
1849,1.0,1.0,1.0,1.0,1.0,1.0,1.0,1.0,0.8089113235473633,0.8089113235473633,0.8089113235473633,0.8089113235473633,0.8089113235473633,0.8089113235473633,0.8089113235473633,0.8089113235473633,0.0
1850,1.0,0.0,1.0,1.0,1.0,0.0,,,0.0007867679814808071,0.0007867679814808071,0.0007867679814808071,0.0007867679814808071,0.0007867679814808071,0.0007867679814808071,0.0007867679814808071,0.0007867679814808071,2.0
1851,0.0,1.0,0.0,0.0,1.0,1.0,0.0,,1.7235912309843116e-05,1.7235912309843116e-05,1.7235912309843116e-05,1.7235912309843116e-05,1.7235912309843116e-05,1.7235912309843116e-05,1.7235912309843116e-05,1.7235912309843116e-05,0.0
1852,0.0,,0.0,,0.0,0.0,,,4.858668944507372e-06,4.858668944507372e-06,4.858668944507372e-06,4.858668944507372e-06,4.858668944507372e-06,4.858668944507372e-06,4.858668944507372e-06,4.858668944507372e-06,3.0
1853,0.0,,0.0,0.0,0.0,0.0,,,1.800956283659616e-06,1.800956283659616e-06,1.800956283659616e-06,1.800956283659616e-06,1.800956283659616e-06,1.800956283659616e-06,1.800956283659616e-06,1.800956283659616e-06,4.0
1854,0.0,0.0,0.0,0.0,1.0,0.0,,,3.994402504758909e-06,3.994402504758909e-06,3.994402504758909e-06,3.994402504758909e-06,3.994402504758909e-06,3.994402504758909e-06,3.994402504758909e-06,3.994402504758909e-06,2.0
1855,0.0,,0.0,,1.0,0.0,,,0.0006186609389260411,0.0006186609389260411,0.0006186609389260411,0.0006186609389260411,0.0006186609389260411,0.0006186609389260411,0.0006186609389260411,0.0006186609389260411,1.0
1856,1.0,,1.0,,1.0,1.0,,,0.4163180887699127,0.4163180887699127,0.4163180887699127,0.4163180887699127,0.4163180887699127,0.4163180887699127,0.4163180887699127,0.4163180887699127,2.0
1857,1.0,,1.0,,1.0,1.0,,,0.016581160947680473,0.016581160947680473,0.016581160947680473,0.016581160947680473,0.016581160947680473,0.016581160947680473,0.016581160947680473,0.016581160947680473,1.0
1858,1.0,,1.0,1.0,1.0,1.0,,,0.04469276964664459,0.04469276964664459,0.04469276964664459,0.04469276964664459,0.04469276964664459,0.04469276964664459,0.04469276964664459,0.04469276964664459,4.0
1859,0.0,0.0,0.0,0.0,0.0,0.0,0.0,0.0,1.9994866306660697e-05,1.9994866306660697e-05,1.9994866306660697e-05,1.9994866306660697e-05,1.9994866306660697e-05,1.9994866306660697e-05,1.9994866306660697e-05,1.9994866306660697e-05,3.0
1860,0.0,,0.0,0.0,0.0,0.0,,,7.947358972160146e-05,7.947358972160146e-05,7.947358972160146e-05,7.947358972160146e-05,7.947358972160146e-05,7.947358972160146e-05,7.947358972160146e-05,7.947358972160146e-05,4.0
1861,1.0,0.0,1.0,1.0,1.0,0.0,,,0.0054453276097774506,0.0054453276097774506,0.0054453276097774506,0.0054453276097774506,0.0054453276097774506,0.0054453276097774506,0.0054453276097774506,0.0054453276097774506,1.0
1862,0.0,,0.0,0.0,0.0,0.0,,,3.489566734060645e-05,3.489566734060645e-05,3.489566734060645e-05,3.489566734060645e-05,3.489566734060645e-05,3.489566734060645e-05,3.489566734060645e-05,3.489566734060645e-05,0.0
1863,1.0,1.0,1.0,1.0,1.0,1.0,1.0,1.0,0.793494701385498,0.793494701385498,0.793494701385498,0.793494701385498,0.793494701385498,0.793494701385498,0.793494701385498,0.793494701385498,4.0
1864,0.0,0.0,0.0,0.0,0.0,0.0,0.0,0.0,2.5751446628419217e-06,2.5751446628419217e-06,2.5751446628419217e-06,2.5751446628419217e-06,2.5751446628419217e-06,2.5751446628419217e-06,2.5751446628419217e-06,2.5751446628419217e-06,2.0
1865,1.0,1.0,1.0,1.0,1.0,1.0,1.0,,0.030248844996094704,0.030248844996094704,0.030248844996094704,0.030248844996094704,0.030248844996094704,0.030248844996094704,0.030248844996094704,0.030248844996094704,4.0
1866,1.0,,1.0,1.0,1.0,1.0,,,0.002223327523097396,0.002223327523097396,0.002223327523097396,0.002223327523097396,0.002223327523097396,0.002223327523097396,0.002223327523097396,0.002223327523097396,1.0
1867,1.0,1.0,1.0,1.0,1.0,1.0,1.0,,0.06796310096979141,0.06796310096979141,0.06796310096979141,0.06796310096979141,0.06796310096979141,0.06796310096979141,0.06796310096979141,0.06796310096979141,1.0
1868,1.0,1.0,1.0,1.0,1.0,1.0,1.0,,0.2623450458049774,0.2623450458049774,0.2623450458049774,0.2623450458049774,0.2623450458049774,0.2623450458049774,0.2623450458049774,0.2623450458049774,2.0
1869,1.0,1.0,1.0,1.0,1.0,1.0,,,0.04715418443083763,0.04715418443083763,0.04715418443083763,0.04715418443083763,0.04715418443083763,0.04715418443083763,0.04715418443083763,0.04715418443083763,1.0
1870,0.0,0.0,0.0,0.0,0.0,0.0,0.0,0.0,1.3398836927080993e-05,1.3398836927080993e-05,1.3398836927080993e-05,1.3398836927080993e-05,1.3398836927080993e-05,1.3398836927080993e-05,1.3398836927080993e-05,1.3398836927080993e-05,0.0
1871,0.0,0.0,0.0,0.0,0.0,0.0,0.0,0.0,2.746612381088198e-06,2.746612381088198e-06,2.746612381088198e-06,2.746612381088198e-06,2.746612381088198e-06,2.746612381088198e-06,2.746612381088198e-06,2.746612381088198e-06,2.0
1872,0.0,0.0,0.0,0.0,0.0,0.0,0.0,0.0,4.136617462791037e-06,4.136617462791037e-06,4.136617462791037e-06,4.136617462791037e-06,4.136617462791037e-06,4.136617462791037e-06,4.136617462791037e-06,4.136617462791037e-06,0.0
1873,1.0,,1.0,1.0,1.0,,,,0.00041541358223184943,0.00041541358223184943,0.00041541358223184943,0.00041541358223184943,0.00041541358223184943,0.00041541358223184943,0.00041541358223184943,0.00041541358223184943,0.0
1874,1.0,1.0,1.0,1.0,1.0,1.0,1.0,,0.0007927249534986913,0.0007927249534986913,0.0007927249534986913,0.0007927249534986913,0.0007927249534986913,0.0007927249534986913,0.0007927249534986913,0.0007927249534986913,3.0
1875,0.0,,1.0,0.0,1.0,1.0,,,8.815702312858775e-05,8.815702312858775e-05,8.815702312858775e-05,8.815702312858775e-05,8.815702312858775e-05,8.815702312858775e-05,8.815702312858775e-05,8.815702312858775e-05,3.0
1876,0.0,,0.0,0.0,0.0,0.0,,,0.0005782493390142918,0.0005782493390142918,0.0005782493390142918,0.0005782493390142918,0.0005782493390142918,0.0005782493390142918,0.0005782493390142918,0.0005782493390142918,3.0
1877,0.0,,0.0,0.0,0.0,0.0,,,5.655653149005957e-05,5.655653149005957e-05,5.655653149005957e-05,5.655653149005957e-05,5.655653149005957e-05,5.655653149005957e-05,5.655653149005957e-05,5.655653149005957e-05,0.0
1878,0.0,1.0,1.0,1.0,1.0,1.0,1.0,,0.002366541652008891,0.002366541652008891,0.002366541652008891,0.002366541652008891,0.002366541652008891,0.002366541652008891,0.002366541652008891,0.002366541652008891,3.0
1879,0.0,0.0,0.0,0.0,0.0,0.0,0.0,0.0,2.7257528927293606e-06,2.7257528927293606e-06,2.7257528927293606e-06,2.7257528927293606e-06,2.7257528927293606e-06,2.7257528927293606e-06,2.7257528927293606e-06,2.7257528927293606e-06,2.0
1880,1.0,0.0,1.0,1.0,1.0,1.0,0.0,,0.004857535008341074,0.004857535008341074,0.004857535008341074,0.004857535008341074,0.004857535008341074,0.004857535008341074,0.004857535008341074,0.004857535008341074,3.0
1881,0.0,0.0,0.0,0.0,0.0,0.0,,,4.647098830901086e-05,4.647098830901086e-05,4.647098830901086e-05,4.647098830901086e-05,4.647098830901086e-05,4.647098830901086e-05,4.647098830901086e-05,4.647098830901086e-05,4.0
1882,0.0,,0.0,0.0,0.0,0.0,,,1.1116210771433543e-05,1.1116210771433543e-05,1.1116210771433543e-05,1.1116210771433543e-05,1.1116210771433543e-05,1.1116210771433543e-05,1.1116210771433543e-05,1.1116210771433543e-05,3.0
1883,0.0,,0.0,0.0,0.0,0.0,,,4.306700247980189e-06,4.306700247980189e-06,4.306700247980189e-06,4.306700247980189e-06,4.306700247980189e-06,4.306700247980189e-06,4.306700247980189e-06,4.306700247980189e-06,0.0
1884,0.0,,0.0,0.0,0.0,0.0,,,1.0970999028359074e-05,1.0970999028359074e-05,1.0970999028359074e-05,1.0970999028359074e-05,1.0970999028359074e-05,1.0970999028359074e-05,1.0970999028359074e-05,1.0970999028359074e-05,4.0
1885,0.0,,0.0,0.0,0.0,0.0,,,6.255333119042916e-06,6.255333119042916e-06,6.255333119042916e-06,6.255333119042916e-06,6.255333119042916e-06,6.255333119042916e-06,6.255333119042916e-06,6.255333119042916e-06,1.0
1886,0.0,0.0,0.0,0.0,0.0,0.0,0.0,0.0,4.639482358470559e-05,4.639482358470559e-05,4.639482358470559e-05,4.639482358470559e-05,4.639482358470559e-05,4.639482358470559e-05,4.639482358470559e-05,4.639482358470559e-05,3.0
1887,0.0,0.0,0.0,0.0,0.0,0.0,0.0,0.0,2.0251249225111678e-05,2.0251249225111678e-05,2.0251249225111678e-05,2.0251249225111678e-05,2.0251249225111678e-05,2.0251249225111678e-05,2.0251249225111678e-05,2.0251249225111678e-05,2.0
1888,1.0,1.0,1.0,0.0,1.0,1.0,0.0,,0.00020168666378594935,0.00020168666378594935,0.00020168666378594935,0.00020168666378594935,0.00020168666378594935,0.00020168666378594935,0.00020168666378594935,0.00020168666378594935,2.0
1889,0.0,1.0,1.0,1.0,1.0,1.0,1.0,,0.005490120965987444,0.005490120965987444,0.005490120965987444,0.005490120965987444,0.005490120965987444,0.005490120965987444,0.005490120965987444,0.005490120965987444,0.0
1890,1.0,1.0,1.0,1.0,1.0,1.0,1.0,,0.5796465873718262,0.5796465873718262,0.5796465873718262,0.5796465873718262,0.5796465873718262,0.5796465873718262,0.5796465873718262,0.5796465873718262,4.0
1891,0.0,,0.0,,0.0,0.0,,,0.00010936686885543168,0.00010936686885543168,0.00010936686885543168,0.00010936686885543168,0.00010936686885543168,0.00010936686885543168,0.00010936686885543168,0.00010936686885543168,0.0
1892,0.0,0.0,0.0,0.0,0.0,0.0,,,5.256829354038928e-06,5.256829354038928e-06,5.256829354038928e-06,5.256829354038928e-06,5.256829354038928e-06,5.256829354038928e-06,5.256829354038928e-06,5.256829354038928e-06,3.0
1893,0.0,,1.0,,1.0,0.0,,,6.916759593877941e-05,6.916759593877941e-05,6.916759593877941e-05,6.916759593877941e-05,6.916759593877941e-05,6.916759593877941e-05,6.916759593877941e-05,6.916759593877941e-05,0.0
1894,1.0,1.0,1.0,1.0,1.0,1.0,1.0,1.0,0.08930161595344543,0.08930161595344543,0.08930161595344543,0.08930161595344543,0.08930161595344543,0.08930161595344543,0.08930161595344543,0.08930161595344543,3.0
1895,0.0,,1.0,1.0,1.0,0.0,,,0.0036245461087673903,0.0036245461087673903,0.0036245461087673903,0.0036245461087673903,0.0036245461087673903,0.0036245461087673903,0.0036245461087673903,0.0036245461087673903,4.0
1896,0.0,,1.0,,1.0,1.0,,,1.1725553122232668e-05,1.1725553122232668e-05,1.1725553122232668e-05,1.1725553122232668e-05,1.1725553122232668e-05,1.1725553122232668e-05,1.1725553122232668e-05,1.1725553122232668e-05,1.0
1897,0.0,,0.0,,0.0,0.0,,,1.4485148312815e-05,1.4485148312815e-05,1.4485148312815e-05,1.4485148312815e-05,1.4485148312815e-05,1.4485148312815e-05,1.4485148312815e-05,1.4485148312815e-05,0.0
1898,0.0,,0.0,0.0,0.0,0.0,,,1.9937235720135504e-06,1.9937235720135504e-06,1.9937235720135504e-06,1.9937235720135504e-06,1.9937235720135504e-06,1.9937235720135504e-06,1.9937235720135504e-06,1.9937235720135504e-06,1.0
1899,1.0,0.0,0.0,0.0,0.0,0.0,,,4.528510180534795e-05,4.528510180534795e-05,4.528510180534795e-05,4.528510180534795e-05,4.528510180534795e-05,4.528510180534795e-05,4.528510180534795e-05,4.528510180534795e-05,4.0
1900,0.0,0.0,0.0,0.0,1.0,0.0,0.0,0.0,0.0001033839798765257,0.0001033839798765257,0.0001033839798765257,0.0001033839798765257,0.0001033839798765257,0.0001033839798765257,0.0001033839798765257,0.0001033839798765257,0.0
1901,1.0,1.0,1.0,1.0,1.0,1.0,0.0,0.0,0.0019781121518462896,0.0019781121518462896,0.0019781121518462896,0.0019781121518462896,0.0019781121518462896,0.0019781121518462896,0.0019781121518462896,0.0019781121518462896,2.0
1902,1.0,1.0,1.0,1.0,1.0,0.0,0.0,0.0,0.3525124192237854,0.3525124192237854,0.3525124192237854,0.3525124192237854,0.3525124192237854,0.3525124192237854,0.3525124192237854,0.3525124192237854,2.0
1903,1.0,1.0,1.0,0.0,1.0,0.0,1.0,0.0,0.03420485928654671,0.03420485928654671,0.03420485928654671,0.03420485928654671,0.03420485928654671,0.03420485928654671,0.03420485928654671,0.03420485928654671,0.0
1904,0.0,0.0,0.0,0.0,0.0,0.0,0.0,0.0,3.340437388033024e-06,3.340437388033024e-06,3.340437388033024e-06,3.340437388033024e-06,3.340437388033024e-06,3.340437388033024e-06,3.340437388033024e-06,3.340437388033024e-06,2.0
1905,0.0,1.0,1.0,1.0,1.0,1.0,1.0,0.0,0.0032606374006718397,0.0032606374006718397,0.0032606374006718397,0.0032606374006718397,0.0032606374006718397,0.0032606374006718397,0.0032606374006718397,0.0032606374006718397,3.0
1906,1.0,1.0,1.0,1.0,1.0,1.0,1.0,0.0,0.2877962589263916,0.2877962589263916,0.2877962589263916,0.2877962589263916,0.2877962589263916,0.2877962589263916,0.2877962589263916,0.2877962589263916,4.0
1907,0.0,,0.0,0.0,0.0,0.0,,,2.1876999198866542e-06,2.1876999198866542e-06,2.1876999198866542e-06,2.1876999198866542e-06,2.1876999198866542e-06,2.1876999198866542e-06,2.1876999198866542e-06,2.1876999198866542e-06,3.0
1908,0.0,,1.0,,1.0,1.0,,,0.06469244509935379,0.06469244509935379,0.06469244509935379,0.06469244509935379,0.06469244509935379,0.06469244509935379,0.06469244509935379,0.06469244509935379,4.0
1909,0.0,0.0,0.0,0.0,0.0,0.0,,,9.545610737404786e-06,9.545610737404786e-06,9.545610737404786e-06,9.545610737404786e-06,9.545610737404786e-06,9.545610737404786e-06,9.545610737404786e-06,9.545610737404786e-06,2.0
1910,0.0,0.0,0.0,0.0,0.0,0.0,0.0,0.0,9.188501280732453e-06,9.188501280732453e-06,9.188501280732453e-06,9.188501280732453e-06,9.188501280732453e-06,9.188501280732453e-06,9.188501280732453e-06,9.188501280732453e-06,3.0
1911,1.0,1.0,1.0,1.0,1.0,1.0,1.0,0.0,0.8831082582473755,0.8831082582473755,0.8831082582473755,0.8831082582473755,0.8831082582473755,0.8831082582473755,0.8831082582473755,0.8831082582473755,1.0
1912,,,0.0,,0.0,0.0,,,4.873890702583594e-06,4.873890702583594e-06,4.873890702583594e-06,4.873890702583594e-06,4.873890702583594e-06,4.873890702583594e-06,4.873890702583594e-06,4.873890702583594e-06,3.0
1913,1.0,1.0,1.0,1.0,1.0,1.0,1.0,1.0,0.9951322674751282,0.9951322674751282,0.9951322674751282,0.9951322674751282,0.9951322674751282,0.9951322674751282,0.9951322674751282,0.9951322674751282,3.0
1914,0.0,0.0,0.0,0.0,0.0,0.0,0.0,0.0,0.00011459827510407194,0.00011459827510407194,0.00011459827510407194,0.00011459827510407194,0.00011459827510407194,0.00011459827510407194,0.00011459827510407194,0.00011459827510407194,3.0
1915,1.0,0.0,,0.0,0.0,0.0,,,0.0006127860979177058,0.0006127860979177058,0.0006127860979177058,0.0006127860979177058,0.0006127860979177058,0.0006127860979177058,0.0006127860979177058,0.0006127860979177058,2.0
1916,1.0,0.0,,1.0,0.0,0.0,,,0.9385709166526794,0.9385709166526794,0.9385709166526794,0.9385709166526794,0.9385709166526794,0.9385709166526794,0.9385709166526794,0.9385709166526794,2.0
1917,1.0,1.0,1.0,1.0,1.0,1.0,1.0,,0.051539596170186996,0.051539596170186996,0.051539596170186996,0.051539596170186996,0.051539596170186996,0.051539596170186996,0.051539596170186996,0.051539596170186996,3.0
1918,1.0,1.0,1.0,1.0,1.0,1.0,1.0,1.0,0.9974669218063354,0.9974669218063354,0.9974669218063354,0.9974669218063354,0.9974669218063354,0.9974669218063354,0.9974669218063354,0.9974669218063354,2.0
1919,0.0,,0.0,,0.0,0.0,,,3.9637001464143395e-05,3.9637001464143395e-05,3.9637001464143395e-05,3.9637001464143395e-05,3.9637001464143395e-05,3.9637001464143395e-05,3.9637001464143395e-05,3.9637001464143395e-05,4.0
1920,,,,,,,0.0,0.0,0.00017757777823135257,0.00017757777823135257,0.00017757777823135257,0.00017757777823135257,0.00017757777823135257,0.00017757777823135257,0.00017757777823135257,0.00017757777823135257,0.0
1921,0.0,1.0,1.0,0.0,1.0,1.0,0.0,0.0,0.004658556077629328,0.004658556077629328,0.004658556077629328,0.004658556077629328,0.004658556077629328,0.004658556077629328,0.004658556077629328,0.004658556077629328,4.0
1922,1.0,1.0,1.0,1.0,1.0,1.0,1.0,0.0,0.0058051180094480515,0.0058051180094480515,0.0058051180094480515,0.0058051180094480515,0.0058051180094480515,0.0058051180094480515,0.0058051180094480515,0.0058051180094480515,0.0
1923,,,0.0,,0.0,0.0,,,2.0940922240697546e-06,2.0940922240697546e-06,2.0940922240697546e-06,2.0940922240697546e-06,2.0940922240697546e-06,2.0940922240697546e-06,2.0940922240697546e-06,2.0940922240697546e-06,4.0
1924,0.0,0.0,0.0,0.0,0.0,0.0,0.0,0.0,1.1202240784768946e-05,1.1202240784768946e-05,1.1202240784768946e-05,1.1202240784768946e-05,1.1202240784768946e-05,1.1202240784768946e-05,1.1202240784768946e-05,1.1202240784768946e-05,2.0
1925,1.0,1.0,1.0,1.0,1.0,1.0,1.0,0.0,0.0016627926379442215,0.0016627926379442215,0.0016627926379442215,0.0016627926379442215,0.0016627926379442215,0.0016627926379442215,0.0016627926379442215,0.0016627926379442215,0.0
1926,0.0,,0.0,0.0,0.0,0.0,,,6.715381005051313e-06,6.715381005051313e-06,6.715381005051313e-06,6.715381005051313e-06,6.715381005051313e-06,6.715381005051313e-06,6.715381005051313e-06,6.715381005051313e-06,4.0
1927,0.0,1.0,0.0,,0.0,0.0,,,7.789442861394491e-06,7.789442861394491e-06,7.789442861394491e-06,7.789442861394491e-06,7.789442861394491e-06,7.789442861394491e-06,7.789442861394491e-06,7.789442861394491e-06,2.0
1928,0.0,0.0,0.0,,0.0,0.0,,,8.433055882051121e-06,8.433055882051121e-06,8.433055882051121e-06,8.433055882051121e-06,8.433055882051121e-06,8.433055882051121e-06,8.433055882051121e-06,8.433055882051121e-06,1.0
1929,0.0,1.0,1.0,0.0,1.0,1.0,,,0.0003490919480100274,0.0003490919480100274,0.0003490919480100274,0.0003490919480100274,0.0003490919480100274,0.0003490919480100274,0.0003490919480100274,0.0003490919480100274,4.0
1930,1.0,1.0,1.0,1.0,1.0,1.0,0.0,0.0,0.7258216738700867,0.7258216738700867,0.7258216738700867,0.7258216738700867,0.7258216738700867,0.7258216738700867,0.7258216738700867,0.7258216738700867,4.0
1931,1.0,,1.0,1.0,1.0,1.0,,,0.010740227997303009,0.010740227997303009,0.010740227997303009,0.010740227997303009,0.010740227997303009,0.010740227997303009,0.010740227997303009,0.010740227997303009,4.0
1932,0.0,,1.0,,1.0,1.0,,,0.003095488529652357,0.003095488529652357,0.003095488529652357,0.003095488529652357,0.003095488529652357,0.003095488529652357,0.003095488529652357,0.003095488529652357,2.0
1933,1.0,,1.0,,1.0,0.0,,,0.013485786505043507,0.013485786505043507,0.013485786505043507,0.013485786505043507,0.013485786505043507,0.013485786505043507,0.013485786505043507,0.013485786505043507,2.0
1934,1.0,1.0,1.0,1.0,1.0,1.0,0.0,1.0,0.9992737174034119,0.9992737174034119,0.9992737174034119,0.9992737174034119,0.9992737174034119,0.9992737174034119,0.9992737174034119,0.9992737174034119,1.0
1935,1.0,1.0,1.0,1.0,1.0,1.0,1.0,1.0,0.9514533281326294,0.9514533281326294,0.9514533281326294,0.9514533281326294,0.9514533281326294,0.9514533281326294,0.9514533281326294,0.9514533281326294,0.0
1936,1.0,1.0,1.0,1.0,1.0,1.0,0.0,0.0,0.01263479609042406,0.01263479609042406,0.01263479609042406,0.01263479609042406,0.01263479609042406,0.01263479609042406,0.01263479609042406,0.01263479609042406,3.0
1937,1.0,1.0,1.0,1.0,1.0,1.0,1.0,1.0,0.990763247013092,0.990763247013092,0.990763247013092,0.990763247013092,0.990763247013092,0.990763247013092,0.990763247013092,0.990763247013092,2.0
1938,0.0,,0.0,0.0,0.0,0.0,,,0.0012567322701215744,0.0012567322701215744,0.0012567322701215744,0.0012567322701215744,0.0012567322701215744,0.0012567322701215744,0.0012567322701215744,0.0012567322701215744,2.0
1939,0.0,,0.0,,0.0,0.0,,,0.0001121486202464439,0.0001121486202464439,0.0001121486202464439,0.0001121486202464439,0.0001121486202464439,0.0001121486202464439,0.0001121486202464439,0.0001121486202464439,1.0
1940,0.0,0.0,0.0,0.0,1.0,0.0,0.0,,5.603730187431211e-06,5.603730187431211e-06,5.603730187431211e-06,5.603730187431211e-06,5.603730187431211e-06,5.603730187431211e-06,5.603730187431211e-06,5.603730187431211e-06,3.0
1941,1.0,1.0,1.0,1.0,1.0,1.0,,,0.03373797610402107,0.03373797610402107,0.03373797610402107,0.03373797610402107,0.03373797610402107,0.03373797610402107,0.03373797610402107,0.03373797610402107,0.0
1942,1.0,1.0,1.0,1.0,1.0,0.0,0.0,,0.09418614208698273,0.09418614208698273,0.09418614208698273,0.09418614208698273,0.09418614208698273,0.09418614208698273,0.09418614208698273,0.09418614208698273,3.0
1943,0.0,0.0,0.0,0.0,1.0,0.0,0.0,,6.214198947418481e-06,6.214198947418481e-06,6.214198947418481e-06,6.214198947418481e-06,6.214198947418481e-06,6.214198947418481e-06,6.214198947418481e-06,6.214198947418481e-06,0.0
1944,0.0,0.0,0.0,0.0,0.0,0.0,,,9.977175068343058e-06,9.977175068343058e-06,9.977175068343058e-06,9.977175068343058e-06,9.977175068343058e-06,9.977175068343058e-06,9.977175068343058e-06,9.977175068343058e-06,2.0
1945,1.0,1.0,1.0,1.0,1.0,1.0,1.0,1.0,0.9995586276054382,0.9995586276054382,0.9995586276054382,0.9995586276054382,0.9995586276054382,0.9995586276054382,0.9995586276054382,0.9995586276054382,3.0
1946,1.0,,1.0,1.0,1.0,1.0,,,0.7455623149871826,0.7455623149871826,0.7455623149871826,0.7455623149871826,0.7455623149871826,0.7455623149871826,0.7455623149871826,0.7455623149871826,2.0
1947,0.0,1.0,1.0,1.0,1.0,1.0,0.0,0.0,0.00012356153456494212,0.00012356153456494212,0.00012356153456494212,0.00012356153456494212,0.00012356153456494212,0.00012356153456494212,0.00012356153456494212,0.00012356153456494212,3.0
1948,0.0,0.0,0.0,0.0,0.0,0.0,0.0,0.0,6.623127410421148e-05,6.623127410421148e-05,6.623127410421148e-05,6.623127410421148e-05,6.623127410421148e-05,6.623127410421148e-05,6.623127410421148e-05,6.623127410421148e-05,2.0
1949,0.0,0.0,0.0,0.0,0.0,0.0,0.0,0.0,3.6696296774607617e-06,3.6696296774607617e-06,3.6696296774607617e-06,3.6696296774607617e-06,3.6696296774607617e-06,3.6696296774607617e-06,3.6696296774607617e-06,3.6696296774607617e-06,3.0
1950,1.0,1.0,1.0,1.0,1.0,1.0,1.0,1.0,0.9990697503089905,0.9990697503089905,0.9990697503089905,0.9990697503089905,0.9990697503089905,0.9990697503089905,0.9990697503089905,0.9990697503089905,0.0
1951,1.0,1.0,1.0,1.0,1.0,1.0,,,0.598262369632721,0.598262369632721,0.598262369632721,0.598262369632721,0.598262369632721,0.598262369632721,0.598262369632721,0.598262369632721,2.0
1952,0.0,0.0,0.0,0.0,0.0,0.0,,,3.899309376720339e-06,3.899309376720339e-06,3.899309376720339e-06,3.899309376720339e-06,3.899309376720339e-06,3.899309376720339e-06,3.899309376720339e-06,3.899309376720339e-06,4.0
1953,0.0,0.0,0.0,0.0,0.0,0.0,0.0,0.0,1.6503101505804807e-05,1.6503101505804807e-05,1.6503101505804807e-05,1.6503101505804807e-05,1.6503101505804807e-05,1.6503101505804807e-05,1.6503101505804807e-05,1.6503101505804807e-05,1.0
1954,0.0,0.0,0.0,0.0,0.0,0.0,0.0,0.0,7.796837053319905e-06,7.796837053319905e-06,7.796837053319905e-06,7.796837053319905e-06,7.796837053319905e-06,7.796837053319905e-06,7.796837053319905e-06,7.796837053319905e-06,0.0
1955,0.0,1.0,1.0,0.0,1.0,0.0,0.0,0.0,0.005597067531198263,0.005597067531198263,0.005597067531198263,0.005597067531198263,0.005597067531198263,0.005597067531198263,0.005597067531198263,0.005597067531198263,4.0
1956,1.0,1.0,1.0,0.0,1.0,1.0,1.0,0.0,0.054775938391685486,0.054775938391685486,0.054775938391685486,0.054775938391685486,0.054775938391685486,0.054775938391685486,0.054775938391685486,0.054775938391685486,0.0
1957,,,,,,,0.0,0.0,9.150237019639462e-05,9.150237019639462e-05,9.150237019639462e-05,9.150237019639462e-05,9.150237019639462e-05,9.150237019639462e-05,9.150237019639462e-05,9.150237019639462e-05,0.0
1958,0.0,0.0,0.0,0.0,0.0,0.0,0.0,0.0,8.706615517439786e-06,8.706615517439786e-06,8.706615517439786e-06,8.706615517439786e-06,8.706615517439786e-06,8.706615517439786e-06,8.706615517439786e-06,8.706615517439786e-06,0.0
1959,0.0,,0.0,,1.0,1.0,,,9.468815733271185e-06,9.468815733271185e-06,9.468815733271185e-06,9.468815733271185e-06,9.468815733271185e-06,9.468815733271185e-06,9.468815733271185e-06,9.468815733271185e-06,4.0
1960,0.0,0.0,0.0,0.0,0.0,0.0,0.0,0.0,4.2654748540371656e-05,4.2654748540371656e-05,4.2654748540371656e-05,4.2654748540371656e-05,4.2654748540371656e-05,4.2654748540371656e-05,4.2654748540371656e-05,4.2654748540371656e-05,2.0
1961,1.0,1.0,1.0,1.0,1.0,,0.0,,0.08388060331344604,0.08388060331344604,0.08388060331344604,0.08388060331344604,0.08388060331344604,0.08388060331344604,0.08388060331344604,0.08388060331344604,3.0
1962,0.0,1.0,1.0,0.0,1.0,0.0,,,0.009703503921627998,0.009703503921627998,0.009703503921627998,0.009703503921627998,0.009703503921627998,0.009703503921627998,0.009703503921627998,0.009703503921627998,2.0
1963,1.0,,1.0,1.0,1.0,1.0,,,0.9914781451225281,0.9914781451225281,0.9914781451225281,0.9914781451225281,0.9914781451225281,0.9914781451225281,0.9914781451225281,0.9914781451225281,1.0
1964,0.0,,0.0,,0.0,0.0,,,3.3129219900729368e-06,3.3129219900729368e-06,3.3129219900729368e-06,3.3129219900729368e-06,3.3129219900729368e-06,3.3129219900729368e-06,3.3129219900729368e-06,3.3129219900729368e-06,0.0
1965,0.0,0.0,0.0,0.0,0.0,0.0,0.0,0.0,2.85486453321937e-06,2.85486453321937e-06,2.85486453321937e-06,2.85486453321937e-06,2.85486453321937e-06,2.85486453321937e-06,2.85486453321937e-06,2.85486453321937e-06,2.0
1966,1.0,,1.0,1.0,1.0,1.0,,,0.11800775676965714,0.11800775676965714,0.11800775676965714,0.11800775676965714,0.11800775676965714,0.11800775676965714,0.11800775676965714,0.11800775676965714,0.0
1967,1.0,,1.0,1.0,1.0,1.0,,,0.003803420811891556,0.003803420811891556,0.003803420811891556,0.003803420811891556,0.003803420811891556,0.003803420811891556,0.003803420811891556,0.003803420811891556,3.0
1968,0.0,,0.0,0.0,1.0,0.0,,,2.3042985048959963e-06,2.3042985048959963e-06,2.3042985048959963e-06,2.3042985048959963e-06,2.3042985048959963e-06,2.3042985048959963e-06,2.3042985048959963e-06,2.3042985048959963e-06,1.0
1969,0.0,0.0,0.0,0.0,0.0,0.0,0.0,0.0,1.4150764400255866e-06,1.4150764400255866e-06,1.4150764400255866e-06,1.4150764400255866e-06,1.4150764400255866e-06,1.4150764400255866e-06,1.4150764400255866e-06,1.4150764400255866e-06,4.0
1970,1.0,1.0,1.0,1.0,1.0,1.0,1.0,1.0,0.9958599209785461,0.9958599209785461,0.9958599209785461,0.9958599209785461,0.9958599209785461,0.9958599209785461,0.9958599209785461,0.9958599209785461,1.0
1971,1.0,1.0,1.0,1.0,1.0,1.0,1.0,1.0,0.9941775798797607,0.9941775798797607,0.9941775798797607,0.9941775798797607,0.9941775798797607,0.9941775798797607,0.9941775798797607,0.9941775798797607,1.0
1972,1.0,,1.0,1.0,1.0,1.0,,,0.049343809485435486,0.049343809485435486,0.049343809485435486,0.049343809485435486,0.049343809485435486,0.049343809485435486,0.049343809485435486,0.049343809485435486,2.0
1973,0.0,0.0,0.0,,0.0,0.0,,,3.020581289092661e-06,3.020581289092661e-06,3.020581289092661e-06,3.020581289092661e-06,3.020581289092661e-06,3.020581289092661e-06,3.020581289092661e-06,3.020581289092661e-06,1.0
1974,0.0,0.0,0.0,,1.0,0.0,,,1.8904458556789905e-05,1.8904458556789905e-05,1.8904458556789905e-05,1.8904458556789905e-05,1.8904458556789905e-05,1.8904458556789905e-05,1.8904458556789905e-05,1.8904458556789905e-05,4.0
1975,1.0,0.0,0.0,0.0,0.0,0.0,1.0,0.0,0.0018592008855193853,0.0018592008855193853,0.0018592008855193853,0.0018592008855193853,0.0018592008855193853,0.0018592008855193853,0.0018592008855193853,0.0018592008855193853,1.0
1976,0.0,,0.0,,0.0,0.0,,,6.128818768047495e-06,6.128818768047495e-06,6.128818768047495e-06,6.128818768047495e-06,6.128818768047495e-06,6.128818768047495e-06,6.128818768047495e-06,6.128818768047495e-06,0.0
1977,0.0,0.0,0.0,0.0,0.0,0.0,0.0,0.0,2.1344374090404017e-06,2.1344374090404017e-06,2.1344374090404017e-06,2.1344374090404017e-06,2.1344374090404017e-06,2.1344374090404017e-06,2.1344374090404017e-06,2.1344374090404017e-06,1.0
1978,0.0,0.0,,0.0,1.0,0.0,,,0.002063519088551402,0.002063519088551402,0.002063519088551402,0.002063519088551402,0.002063519088551402,0.002063519088551402,0.002063519088551402,0.002063519088551402,3.0
1979,1.0,0.0,,1.0,1.0,0.0,,,0.0037336673121899366,0.0037336673121899366,0.0037336673121899366,0.0037336673121899366,0.0037336673121899366,0.0037336673121899366,0.0037336673121899366,0.0037336673121899366,2.0
1980,0.0,0.0,0.0,0.0,0.0,0.0,0.0,0.0,2.330208371859044e-05,2.330208371859044e-05,2.330208371859044e-05,2.330208371859044e-05,2.330208371859044e-05,2.330208371859044e-05,2.330208371859044e-05,2.330208371859044e-05,3.0
1981,1.0,1.0,1.0,1.0,1.0,,1.0,,0.1228611022233963,0.1228611022233963,0.1228611022233963,0.1228611022233963,0.1228611022233963,0.1228611022233963,0.1228611022233963,0.1228611022233963,4.0
1982,0.0,0.0,1.0,0.0,1.0,0.0,0.0,0.0,0.0003098471206612885,0.0003098471206612885,0.0003098471206612885,0.0003098471206612885,0.0003098471206612885,0.0003098471206612885,0.0003098471206612885,0.0003098471206612885,4.0
1983,1.0,1.0,1.0,1.0,1.0,1.0,1.0,0.0,0.7942129969596863,0.7942129969596863,0.7942129969596863,0.7942129969596863,0.7942129969596863,0.7942129969596863,0.7942129969596863,0.7942129969596863,2.0
1984,0.0,,0.0,,0.0,0.0,,,5.004582362744259e-06,5.004582362744259e-06,5.004582362744259e-06,5.004582362744259e-06,5.004582362744259e-06,5.004582362744259e-06,5.004582362744259e-06,5.004582362744259e-06,3.0
1985,0.0,0.0,0.0,0.0,0.0,0.0,0.0,0.0,5.8846039792115334e-06,5.8846039792115334e-06,5.8846039792115334e-06,5.8846039792115334e-06,5.8846039792115334e-06,5.8846039792115334e-06,5.8846039792115334e-06,5.8846039792115334e-06,0.0
1986,0.0,0.0,0.0,0.0,0.0,0.0,0.0,0.0,1.7683572878013365e-05,1.7683572878013365e-05,1.7683572878013365e-05,1.7683572878013365e-05,1.7683572878013365e-05,1.7683572878013365e-05,1.7683572878013365e-05,1.7683572878013365e-05,4.0
1987,0.0,1.0,1.0,1.0,1.0,1.0,0.0,,0.0032419515773653984,0.0032419515773653984,0.0032419515773653984,0.0032419515773653984,0.0032419515773653984,0.0032419515773653984,0.0032419515773653984,0.0032419515773653984,3.0
1988,0.0,0.0,0.0,0.0,0.0,0.0,0.0,0.0,4.904253273707582e-06,4.904253273707582e-06,4.904253273707582e-06,4.904253273707582e-06,4.904253273707582e-06,4.904253273707582e-06,4.904253273707582e-06,4.904253273707582e-06,2.0
1989,1.0,1.0,1.0,1.0,1.0,0.0,,,0.0006296895444393158,0.0006296895444393158,0.0006296895444393158,0.0006296895444393158,0.0006296895444393158,0.0006296895444393158,0.0006296895444393158,0.0006296895444393158,0.0
1990,1.0,1.0,1.0,1.0,1.0,1.0,1.0,0.0,0.6448541283607483,0.6448541283607483,0.6448541283607483,0.6448541283607483,0.6448541283607483,0.6448541283607483,0.6448541283607483,0.6448541283607483,1.0
1991,0.0,1.0,1.0,0.0,1.0,1.0,0.0,0.0,0.000144932433613576,0.000144932433613576,0.000144932433613576,0.000144932433613576,0.000144932433613576,0.000144932433613576,0.000144932433613576,0.000144932433613576,1.0
1992,0.0,,0.0,,0.0,0.0,,,7.773932338750456e-06,7.773932338750456e-06,7.773932338750456e-06,7.773932338750456e-06,7.773932338750456e-06,7.773932338750456e-06,7.773932338750456e-06,7.773932338750456e-06,1.0
1993,0.0,,0.0,0.0,0.0,0.0,,,2.7820724426419474e-06,2.7820724426419474e-06,2.7820724426419474e-06,2.7820724426419474e-06,2.7820724426419474e-06,2.7820724426419474e-06,2.7820724426419474e-06,2.7820724426419474e-06,0.0
1994,0.0,,0.0,,0.0,0.0,,,5.887814950256143e-06,5.887814950256143e-06,5.887814950256143e-06,5.887814950256143e-06,5.887814950256143e-06,5.887814950256143e-06,5.887814950256143e-06,5.887814950256143e-06,3.0
1995,,,,,,,0.0,0.0,7.15968562872149e-05,7.15968562872149e-05,7.15968562872149e-05,7.15968562872149e-05,7.15968562872149e-05,7.15968562872149e-05,7.15968562872149e-05,7.15968562872149e-05,2.0
1996,1.0,0.0,1.0,1.0,1.0,0.0,1.0,1.0,0.9655244946479797,0.9655244946479797,0.9655244946479797,0.9655244946479797,0.9655244946479797,0.9655244946479797,0.9655244946479797,0.9655244946479797,1.0
1997,0.0,,0.0,0.0,0.0,0.0,,,6.183895038702758e-06,6.183895038702758e-06,6.183895038702758e-06,6.183895038702758e-06,6.183895038702758e-06,6.183895038702758e-06,6.183895038702758e-06,6.183895038702758e-06,4.0
1998,0.0,0.0,0.0,0.0,0.0,0.0,,,5.726254585169954e-06,5.726254585169954e-06,5.726254585169954e-06,5.726254585169954e-06,5.726254585169954e-06,5.726254585169954e-06,5.726254585169954e-06,5.726254585169954e-06,4.0
1999,0.0,0.0,0.0,0.0,0.0,0.0,0.0,0.0,3.3080186767620035e-06,3.3080186767620035e-06,3.3080186767620035e-06,3.3080186767620035e-06,3.3080186767620035e-06,3.3080186767620035e-06,3.3080186767620035e-06,3.3080186767620035e-06,3.0
2000,1.0,1.0,1.0,0.0,1.0,1.0,0.0,,0.9403390884399414,0.9403390884399414,0.9403390884399414,0.9403390884399414,0.9403390884399414,0.9403390884399414,0.9403390884399414,0.9403390884399414,3.0
2001,1.0,1.0,1.0,1.0,1.0,1.0,,,0.024016959592700005,0.024016959592700005,0.024016959592700005,0.024016959592700005,0.024016959592700005,0.024016959592700005,0.024016959592700005,0.024016959592700005,1.0
2002,1.0,,1.0,,1.0,1.0,,,0.016907034441828728,0.016907034441828728,0.016907034441828728,0.016907034441828728,0.016907034441828728,0.016907034441828728,0.016907034441828728,0.016907034441828728,0.0
2003,1.0,1.0,1.0,1.0,1.0,1.0,1.0,1.0,0.38985565304756165,0.38985565304756165,0.38985565304756165,0.38985565304756165,0.38985565304756165,0.38985565304756165,0.38985565304756165,0.38985565304756165,1.0
2004,0.0,0.0,0.0,0.0,1.0,0.0,,,4.096007251064293e-05,4.096007251064293e-05,4.096007251064293e-05,4.096007251064293e-05,4.096007251064293e-05,4.096007251064293e-05,4.096007251064293e-05,4.096007251064293e-05,3.0
2005,1.0,1.0,1.0,1.0,1.0,1.0,1.0,,0.0051397159695625305,0.0051397159695625305,0.0051397159695625305,0.0051397159695625305,0.0051397159695625305,0.0051397159695625305,0.0051397159695625305,0.0051397159695625305,2.0
2006,0.0,0.0,0.0,0.0,0.0,0.0,0.0,0.0,4.426955001690658e-06,4.426955001690658e-06,4.426955001690658e-06,4.426955001690658e-06,4.426955001690658e-06,4.426955001690658e-06,4.426955001690658e-06,4.426955001690658e-06,4.0
2007,0.0,0.0,0.0,0.0,1.0,0.0,1.0,,0.0026020563673228025,0.0026020563673228025,0.0026020563673228025,0.0026020563673228025,0.0026020563673228025,0.0026020563673228025,0.0026020563673228025,0.0026020563673228025,0.0
2008,1.0,1.0,1.0,1.0,1.0,1.0,1.0,,0.2308860719203949,0.2308860719203949,0.2308860719203949,0.2308860719203949,0.2308860719203949,0.2308860719203949,0.2308860719203949,0.2308860719203949,1.0
2009,1.0,0.0,1.0,1.0,1.0,0.0,,,0.002471105195581913,0.002471105195581913,0.002471105195581913,0.002471105195581913,0.002471105195581913,0.002471105195581913,0.002471105195581913,0.002471105195581913,0.0
2010,1.0,1.0,1.0,1.0,1.0,1.0,,,0.0002956426760647446,0.0002956426760647446,0.0002956426760647446,0.0002956426760647446,0.0002956426760647446,0.0002956426760647446,0.0002956426760647446,0.0002956426760647446,2.0
2011,,,0.0,,0.0,0.0,,,2.406561407042318e-06,2.406561407042318e-06,2.406561407042318e-06,2.406561407042318e-06,2.406561407042318e-06,2.406561407042318e-06,2.406561407042318e-06,2.406561407042318e-06,2.0
2012,1.0,1.0,1.0,0.0,1.0,1.0,,,0.00014962595014367253,0.00014962595014367253,0.00014962595014367253,0.00014962595014367253,0.00014962595014367253,0.00014962595014367253,0.00014962595014367253,0.00014962595014367253,0.0
2013,0.0,0.0,0.0,0.0,0.0,0.0,,,2.3092659375834046e-06,2.3092659375834046e-06,2.3092659375834046e-06,2.3092659375834046e-06,2.3092659375834046e-06,2.3092659375834046e-06,2.3092659375834046e-06,2.3092659375834046e-06,3.0
2014,0.0,1.0,1.0,0.0,1.0,1.0,0.0,0.0,0.00013529379793908447,0.00013529379793908447,0.00013529379793908447,0.00013529379793908447,0.00013529379793908447,0.00013529379793908447,0.00013529379793908447,0.00013529379793908447,0.0
2015,0.0,,1.0,,1.0,0.0,,,1.7730113768266165e-06,1.7730113768266165e-06,1.7730113768266165e-06,1.7730113768266165e-06,1.7730113768266165e-06,1.7730113768266165e-06,1.7730113768266165e-06,1.7730113768266165e-06,3.0
2016,0.0,0.0,0.0,0.0,0.0,0.0,0.0,0.0,6.909947387612192e-06,6.909947387612192e-06,6.909947387612192e-06,6.909947387612192e-06,6.909947387612192e-06,6.909947387612192e-06,6.909947387612192e-06,6.909947387612192e-06,3.0
2017,0.0,0.0,,0.0,0.0,0.0,0.0,0.0,0.00013210305769462138,0.00013210305769462138,0.00013210305769462138,0.00013210305769462138,0.00013210305769462138,0.00013210305769462138,0.00013210305769462138,0.00013210305769462138,3.0
2018,0.0,0.0,0.0,0.0,0.0,0.0,0.0,0.0,3.7476631860045018e-06,3.7476631860045018e-06,3.7476631860045018e-06,3.7476631860045018e-06,3.7476631860045018e-06,3.7476631860045018e-06,3.7476631860045018e-06,3.7476631860045018e-06,1.0
2019,0.0,0.0,0.0,0.0,0.0,0.0,0.0,0.0,7.669446858926676e-06,7.669446858926676e-06,7.669446858926676e-06,7.669446858926676e-06,7.669446858926676e-06,7.669446858926676e-06,7.669446858926676e-06,7.669446858926676e-06,1.0
2020,0.0,0.0,0.0,0.0,1.0,0.0,0.0,0.0,0.00013602868421003222,0.00013602868421003222,0.00013602868421003222,0.00013602868421003222,0.00013602868421003222,0.00013602868421003222,0.00013602868421003222,0.00013602868421003222,2.0
2021,0.0,0.0,0.0,0.0,0.0,0.0,0.0,0.0,4.055239060107851e-06,4.055239060107851e-06,4.055239060107851e-06,4.055239060107851e-06,4.055239060107851e-06,4.055239060107851e-06,4.055239060107851e-06,4.055239060107851e-06,3.0
2022,0.0,,1.0,,1.0,0.0,,,1.1322081263642758e-05,1.1322081263642758e-05,1.1322081263642758e-05,1.1322081263642758e-05,1.1322081263642758e-05,1.1322081263642758e-05,1.1322081263642758e-05,1.1322081263642758e-05,4.0
2023,0.0,,0.0,,0.0,0.0,,,2.774376298475545e-05,2.774376298475545e-05,2.774376298475545e-05,2.774376298475545e-05,2.774376298475545e-05,2.774376298475545e-05,2.774376298475545e-05,2.774376298475545e-05,3.0
2024,0.0,1.0,1.0,1.0,1.0,1.0,1.0,0.0,0.01324511505663395,0.01324511505663395,0.01324511505663395,0.01324511505663395,0.01324511505663395,0.01324511505663395,0.01324511505663395,0.01324511505663395,3.0
2025,0.0,1.0,1.0,0.0,1.0,1.0,,,0.00021611049305647612,0.00021611049305647612,0.00021611049305647612,0.00021611049305647612,0.00021611049305647612,0.00021611049305647612,0.00021611049305647612,0.00021611049305647612,1.0
2026,0.0,0.0,0.0,0.0,0.0,0.0,0.0,0.0,2.7140335987496655e-06,2.7140335987496655e-06,2.7140335987496655e-06,2.7140335987496655e-06,2.7140335987496655e-06,2.7140335987496655e-06,2.7140335987496655e-06,2.7140335987496655e-06,1.0
2027,,,,,,,0.0,0.0,0.00013919406046625227,0.00013919406046625227,0.00013919406046625227,0.00013919406046625227,0.00013919406046625227,0.00013919406046625227,0.00013919406046625227,0.00013919406046625227,4.0
2028,0.0,0.0,0.0,0.0,0.0,0.0,,,4.462482320377603e-05,4.462482320377603e-05,4.462482320377603e-05,4.462482320377603e-05,4.462482320377603e-05,4.462482320377603e-05,4.462482320377603e-05,4.462482320377603e-05,1.0
2029,0.0,0.0,0.0,0.0,0.0,0.0,,,1.3253690667625051e-05,1.3253690667625051e-05,1.3253690667625051e-05,1.3253690667625051e-05,1.3253690667625051e-05,1.3253690667625051e-05,1.3253690667625051e-05,1.3253690667625051e-05,1.0
2030,1.0,1.0,,0.0,1.0,1.0,1.0,0.0,0.00021113936963956803,0.00021113936963956803,0.00021113936963956803,0.00021113936963956803,0.00021113936963956803,0.00021113936963956803,0.00021113936963956803,0.00021113936963956803,0.0
2031,1.0,1.0,1.0,1.0,1.0,1.0,0.0,,0.8530259728431702,0.8530259728431702,0.8530259728431702,0.8530259728431702,0.8530259728431702,0.8530259728431702,0.8530259728431702,0.8530259728431702,2.0
2032,0.0,1.0,1.0,1.0,1.0,1.0,0.0,0.0,3.381501301191747e-05,3.381501301191747e-05,3.381501301191747e-05,3.381501301191747e-05,3.381501301191747e-05,3.381501301191747e-05,3.381501301191747e-05,3.381501301191747e-05,1.0
2033,1.0,1.0,0.0,1.0,1.0,1.0,0.0,,0.829698920249939,0.829698920249939,0.829698920249939,0.829698920249939,0.829698920249939,0.829698920249939,0.829698920249939,0.829698920249939,2.0
2034,0.0,,0.0,,0.0,0.0,,,4.73533509648405e-05,4.73533509648405e-05,4.73533509648405e-05,4.73533509648405e-05,4.73533509648405e-05,4.73533509648405e-05,4.73533509648405e-05,4.73533509648405e-05,0.0
2035,0.0,0.0,0.0,0.0,0.0,0.0,,,1.0876470696530305e-05,1.0876470696530305e-05,1.0876470696530305e-05,1.0876470696530305e-05,1.0876470696530305e-05,1.0876470696530305e-05,1.0876470696530305e-05,1.0876470696530305e-05,2.0
2036,,,,,,,0.0,0.0,0.0001050698701874353,0.0001050698701874353,0.0001050698701874353,0.0001050698701874353,0.0001050698701874353,0.0001050698701874353,0.0001050698701874353,0.0001050698701874353,1.0
2037,0.0,0.0,0.0,0.0,0.0,0.0,0.0,0.0,2.7173252874490572e-06,2.7173252874490572e-06,2.7173252874490572e-06,2.7173252874490572e-06,2.7173252874490572e-06,2.7173252874490572e-06,2.7173252874490572e-06,2.7173252874490572e-06,1.0
2038,0.0,,0.0,,0.0,0.0,,,6.644174845860107e-06,6.644174845860107e-06,6.644174845860107e-06,6.644174845860107e-06,6.644174845860107e-06,6.644174845860107e-06,6.644174845860107e-06,6.644174845860107e-06,4.0
2039,0.0,0.0,0.0,0.0,0.0,0.0,0.0,0.0,7.515827746829018e-05,7.515827746829018e-05,7.515827746829018e-05,7.515827746829018e-05,7.515827746829018e-05,7.515827746829018e-05,7.515827746829018e-05,7.515827746829018e-05,3.0
2040,0.0,,1.0,,1.0,1.0,,,0.00029427316621877253,0.00029427316621877253,0.00029427316621877253,0.00029427316621877253,0.00029427316621877253,0.00029427316621877253,0.00029427316621877253,0.00029427316621877253,2.0
2041,1.0,1.0,1.0,1.0,1.0,1.0,1.0,0.0,0.008240258321166039,0.008240258321166039,0.008240258321166039,0.008240258321166039,0.008240258321166039,0.008240258321166039,0.008240258321166039,0.008240258321166039,4.0
2042,0.0,,0.0,,0.0,0.0,,,7.575262134196237e-05,7.575262134196237e-05,7.575262134196237e-05,7.575262134196237e-05,7.575262134196237e-05,7.575262134196237e-05,7.575262134196237e-05,7.575262134196237e-05,2.0
2043,0.0,0.0,0.0,0.0,0.0,0.0,0.0,0.0,8.056025762925856e-06,8.056025762925856e-06,8.056025762925856e-06,8.056025762925856e-06,8.056025762925856e-06,8.056025762925856e-06,8.056025762925856e-06,8.056025762925856e-06,3.0
2044,0.0,1.0,1.0,1.0,1.0,1.0,0.0,0.0,0.011341988109052181,0.011341988109052181,0.011341988109052181,0.011341988109052181,0.011341988109052181,0.011341988109052181,0.011341988109052181,0.011341988109052181,2.0
2045,1.0,1.0,1.0,1.0,1.0,1.0,1.0,,0.22402037680149078,0.22402037680149078,0.22402037680149078,0.22402037680149078,0.22402037680149078,0.22402037680149078,0.22402037680149078,0.22402037680149078,4.0
2046,1.0,1.0,1.0,1.0,1.0,1.0,1.0,,0.5366709232330322,0.5366709232330322,0.5366709232330322,0.5366709232330322,0.5366709232330322,0.5366709232330322,0.5366709232330322,0.5366709232330322,0.0
2047,0.0,,1.0,,1.0,0.0,,,3.661337905214168e-05,3.661337905214168e-05,3.661337905214168e-05,3.661337905214168e-05,3.661337905214168e-05,3.661337905214168e-05,3.661337905214168e-05,3.661337905214168e-05,4.0
2048,0.0,,1.0,0.0,1.0,0.0,,,0.0006638001650571823,0.0006638001650571823,0.0006638001650571823,0.0006638001650571823,0.0006638001650571823,0.0006638001650571823,0.0006638001650571823,0.0006638001650571823,3.0
2049,0.0,,0.0,0.0,1.0,0.0,,,3.4253878311574226e-06,3.4253878311574226e-06,3.4253878311574226e-06,3.4253878311574226e-06,3.4253878311574226e-06,3.4253878311574226e-06,3.4253878311574226e-06,3.4253878311574226e-06,4.0
2050,0.0,,0.0,0.0,0.0,0.0,,,1.0138892321265303e-05,1.0138892321265303e-05,1.0138892321265303e-05,1.0138892321265303e-05,1.0138892321265303e-05,1.0138892321265303e-05,1.0138892321265303e-05,1.0138892321265303e-05,1.0
2051,0.0,,1.0,,1.0,1.0,,,0.00017754374130163342,0.00017754374130163342,0.00017754374130163342,0.00017754374130163342,0.00017754374130163342,0.00017754374130163342,0.00017754374130163342,0.00017754374130163342,1.0
2052,0.0,,1.0,,1.0,1.0,,,0.005567716900259256,0.005567716900259256,0.005567716900259256,0.005567716900259256,0.005567716900259256,0.005567716900259256,0.005567716900259256,0.005567716900259256,4.0
2053,0.0,,1.0,,1.0,0.0,,,3.6448557239054935e-06,3.6448557239054935e-06,3.6448557239054935e-06,3.6448557239054935e-06,3.6448557239054935e-06,3.6448557239054935e-06,3.6448557239054935e-06,3.6448557239054935e-06,1.0
2054,0.0,0.0,0.0,0.0,0.0,0.0,,,9.831631359702442e-06,9.831631359702442e-06,9.831631359702442e-06,9.831631359702442e-06,9.831631359702442e-06,9.831631359702442e-06,9.831631359702442e-06,9.831631359702442e-06,1.0
2055,0.0,,0.0,,0.0,0.0,,,3.544246737874346e-06,3.544246737874346e-06,3.544246737874346e-06,3.544246737874346e-06,3.544246737874346e-06,3.544246737874346e-06,3.544246737874346e-06,3.544246737874346e-06,2.0
2056,0.0,,1.0,0.0,1.0,0.0,,,2.4662551368237473e-05,2.4662551368237473e-05,2.4662551368237473e-05,2.4662551368237473e-05,2.4662551368237473e-05,2.4662551368237473e-05,2.4662551368237473e-05,2.4662551368237473e-05,4.0
2057,0.0,,1.0,,1.0,1.0,,,0.00064421771094203,0.00064421771094203,0.00064421771094203,0.00064421771094203,0.00064421771094203,0.00064421771094203,0.00064421771094203,0.00064421771094203,2.0
2058,0.0,0.0,0.0,0.0,0.0,0.0,,,3.6427500162972137e-06,3.6427500162972137e-06,3.6427500162972137e-06,3.6427500162972137e-06,3.6427500162972137e-06,3.6427500162972137e-06,3.6427500162972137e-06,3.6427500162972137e-06,1.0
2059,0.0,0.0,0.0,0.0,0.0,0.0,0.0,0.0,4.589951458910946e-06,4.589951458910946e-06,4.589951458910946e-06,4.589951458910946e-06,4.589951458910946e-06,4.589951458910946e-06,4.589951458910946e-06,4.589951458910946e-06,4.0
2060,0.0,0.0,1.0,0.0,1.0,0.0,,,8.867934957379475e-05,8.867934957379475e-05,8.867934957379475e-05,8.867934957379475e-05,8.867934957379475e-05,8.867934957379475e-05,8.867934957379475e-05,8.867934957379475e-05,2.0
2061,0.0,0.0,0.0,0.0,0.0,0.0,0.0,0.0,3.258276819906314e-06,3.258276819906314e-06,3.258276819906314e-06,3.258276819906314e-06,3.258276819906314e-06,3.258276819906314e-06,3.258276819906314e-06,3.258276819906314e-06,4.0
2062,1.0,1.0,1.0,1.0,1.0,1.0,1.0,,0.7537682056427002,0.7537682056427002,0.7537682056427002,0.7537682056427002,0.7537682056427002,0.7537682056427002,0.7537682056427002,0.7537682056427002,4.0
2063,1.0,1.0,1.0,1.0,1.0,1.0,1.0,,0.72259521484375,0.72259521484375,0.72259521484375,0.72259521484375,0.72259521484375,0.72259521484375,0.72259521484375,0.72259521484375,1.0
2064,1.0,1.0,1.0,1.0,1.0,0.0,1.0,,0.001093361177481711,0.001093361177481711,0.001093361177481711,0.001093361177481711,0.001093361177481711,0.001093361177481711,0.001093361177481711,0.001093361177481711,4.0
2065,1.0,,1.0,1.0,1.0,1.0,,,0.0003969895769841969,0.0003969895769841969,0.0003969895769841969,0.0003969895769841969,0.0003969895769841969,0.0003969895769841969,0.0003969895769841969,0.0003969895769841969,4.0
2066,0.0,,1.0,0.0,1.0,0.0,,,0.0003195482713636011,0.0003195482713636011,0.0003195482713636011,0.0003195482713636011,0.0003195482713636011,0.0003195482713636011,0.0003195482713636011,0.0003195482713636011,3.0
2067,0.0,,0.0,,0.0,0.0,,,1.770991730154492e-05,1.770991730154492e-05,1.770991730154492e-05,1.770991730154492e-05,1.770991730154492e-05,1.770991730154492e-05,1.770991730154492e-05,1.770991730154492e-05,0.0
2068,0.0,0.0,0.0,0.0,0.0,0.0,0.0,0.0,0.00023060324019752443,0.00023060324019752443,0.00023060324019752443,0.00023060324019752443,0.00023060324019752443,0.00023060324019752443,0.00023060324019752443,0.00023060324019752443,4.0
2069,0.0,0.0,0.0,0.0,0.0,0.0,,,2.3028591385809705e-05,2.3028591385809705e-05,2.3028591385809705e-05,2.3028591385809705e-05,2.3028591385809705e-05,2.3028591385809705e-05,2.3028591385809705e-05,2.3028591385809705e-05,0.0
2070,0.0,1.0,0.0,,0.0,0.0,,,1.3153009604138788e-05,1.3153009604138788e-05,1.3153009604138788e-05,1.3153009604138788e-05,1.3153009604138788e-05,1.3153009604138788e-05,1.3153009604138788e-05,1.3153009604138788e-05,3.0
2071,0.0,0.0,0.0,,0.0,0.0,,,1.5603382053086534e-06,1.5603382053086534e-06,1.5603382053086534e-06,1.5603382053086534e-06,1.5603382053086534e-06,1.5603382053086534e-06,1.5603382053086534e-06,1.5603382053086534e-06,1.0
2072,0.0,0.0,0.0,0.0,1.0,0.0,,,2.620983650558628e-06,2.620983650558628e-06,2.620983650558628e-06,2.620983650558628e-06,2.620983650558628e-06,2.620983650558628e-06,2.620983650558628e-06,2.620983650558628e-06,3.0
2073,,,1.0,0.0,1.0,0.0,,,1.4140365237835795e-05,1.4140365237835795e-05,1.4140365237835795e-05,1.4140365237835795e-05,1.4140365237835795e-05,1.4140365237835795e-05,1.4140365237835795e-05,1.4140365237835795e-05,1.0
2074,1.0,1.0,1.0,1.0,1.0,1.0,1.0,0.0,0.14777430891990662,0.14777430891990662,0.14777430891990662,0.14777430891990662,0.14777430891990662,0.14777430891990662,0.14777430891990662,0.14777430891990662,4.0
2075,0.0,,0.0,,0.0,0.0,,,0.00012091938697267324,0.00012091938697267324,0.00012091938697267324,0.00012091938697267324,0.00012091938697267324,0.00012091938697267324,0.00012091938697267324,0.00012091938697267324,1.0
2076,1.0,1.0,1.0,1.0,1.0,1.0,1.0,1.0,0.998530387878418,0.998530387878418,0.998530387878418,0.998530387878418,0.998530387878418,0.998530387878418,0.998530387878418,0.998530387878418,2.0
2077,1.0,1.0,1.0,1.0,1.0,1.0,1.0,1.0,0.9929131865501404,0.9929131865501404,0.9929131865501404,0.9929131865501404,0.9929131865501404,0.9929131865501404,0.9929131865501404,0.9929131865501404,2.0
2078,0.0,0.0,0.0,0.0,0.0,0.0,0.0,0.0,0.00021080726583022624,0.00021080726583022624,0.00021080726583022624,0.00021080726583022624,0.00021080726583022624,0.00021080726583022624,0.00021080726583022624,0.00021080726583022624,3.0
2079,0.0,,0.0,0.0,0.0,0.0,,,7.288700999197317e-06,7.288700999197317e-06,7.288700999197317e-06,7.288700999197317e-06,7.288700999197317e-06,7.288700999197317e-06,7.288700999197317e-06,7.288700999197317e-06,3.0
2080,0.0,,0.0,,0.0,0.0,,,2.70137525149039e-06,2.70137525149039e-06,2.70137525149039e-06,2.70137525149039e-06,2.70137525149039e-06,2.70137525149039e-06,2.70137525149039e-06,2.70137525149039e-06,3.0
2081,1.0,0.0,1.0,1.0,1.0,0.0,0.0,0.0,0.43238550424575806,0.43238550424575806,0.43238550424575806,0.43238550424575806,0.43238550424575806,0.43238550424575806,0.43238550424575806,0.43238550424575806,3.0
2082,1.0,0.0,1.0,1.0,0.0,0.0,0.0,0.0,0.04431615024805069,0.04431615024805069,0.04431615024805069,0.04431615024805069,0.04431615024805069,0.04431615024805069,0.04431615024805069,0.04431615024805069,1.0
2083,1.0,1.0,1.0,0.0,1.0,1.0,,,0.20857852697372437,0.20857852697372437,0.20857852697372437,0.20857852697372437,0.20857852697372437,0.20857852697372437,0.20857852697372437,0.20857852697372437,2.0
2084,1.0,1.0,1.0,1.0,1.0,1.0,1.0,0.0,0.061451587826013565,0.061451587826013565,0.061451587826013565,0.061451587826013565,0.061451587826013565,0.061451587826013565,0.061451587826013565,0.061451587826013565,3.0
2085,1.0,1.0,0.0,1.0,1.0,1.0,0.0,,0.00026085510035045445,0.00026085510035045445,0.00026085510035045445,0.00026085510035045445,0.00026085510035045445,0.00026085510035045445,0.00026085510035045445,0.00026085510035045445,4.0
2086,0.0,0.0,0.0,0.0,0.0,0.0,0.0,0.0,9.683260941528715e-06,9.683260941528715e-06,9.683260941528715e-06,9.683260941528715e-06,9.683260941528715e-06,9.683260941528715e-06,9.683260941528715e-06,9.683260941528715e-06,0.0
2087,0.0,0.0,0.0,0.0,0.0,0.0,,,2.0163613498880295e-06,2.0163613498880295e-06,2.0163613498880295e-06,2.0163613498880295e-06,2.0163613498880295e-06,2.0163613498880295e-06,2.0163613498880295e-06,2.0163613498880295e-06,1.0
2088,1.0,1.0,1.0,1.0,1.0,1.0,1.0,0.0,0.025198735296726227,0.025198735296726227,0.025198735296726227,0.025198735296726227,0.025198735296726227,0.025198735296726227,0.025198735296726227,0.025198735296726227,4.0
2089,0.0,0.0,0.0,0.0,0.0,0.0,0.0,0.0,6.450383352785138e-06,6.450383352785138e-06,6.450383352785138e-06,6.450383352785138e-06,6.450383352785138e-06,6.450383352785138e-06,6.450383352785138e-06,6.450383352785138e-06,0.0
2090,1.0,1.0,1.0,1.0,1.0,1.0,1.0,1.0,0.9964514970779419,0.9964514970779419,0.9964514970779419,0.9964514970779419,0.9964514970779419,0.9964514970779419,0.9964514970779419,0.9964514970779419,3.0
2091,1.0,1.0,1.0,1.0,1.0,1.0,1.0,1.0,0.9997041821479797,0.9997041821479797,0.9997041821479797,0.9997041821479797,0.9997041821479797,0.9997041821479797,0.9997041821479797,0.9997041821479797,0.0
2092,0.0,0.0,0.0,0.0,0.0,0.0,0.0,0.0,3.3309349873889005e-06,3.3309349873889005e-06,3.3309349873889005e-06,3.3309349873889005e-06,3.3309349873889005e-06,3.3309349873889005e-06,3.3309349873889005e-06,3.3309349873889005e-06,3.0
2093,0.0,1.0,0.0,0.0,1.0,0.0,0.0,0.0,0.00013288244372233748,0.00013288244372233748,0.00013288244372233748,0.00013288244372233748,0.00013288244372233748,0.00013288244372233748,0.00013288244372233748,0.00013288244372233748,0.0
2094,0.0,1.0,1.0,0.0,1.0,1.0,0.0,0.0,0.0011915863724425435,0.0011915863724425435,0.0011915863724425435,0.0011915863724425435,0.0011915863724425435,0.0011915863724425435,0.0011915863724425435,0.0011915863724425435,1.0
2095,1.0,1.0,1.0,1.0,1.0,1.0,0.0,,0.021389039233326912,0.021389039233326912,0.021389039233326912,0.021389039233326912,0.021389039233326912,0.021389039233326912,0.021389039233326912,0.021389039233326912,3.0
2096,1.0,1.0,1.0,1.0,1.0,1.0,1.0,,0.9934537410736084,0.9934537410736084,0.9934537410736084,0.9934537410736084,0.9934537410736084,0.9934537410736084,0.9934537410736084,0.9934537410736084,0.0
2097,0.0,0.0,0.0,0.0,0.0,0.0,0.0,0.0,3.816454864136176e-06,3.816454864136176e-06,3.816454864136176e-06,3.816454864136176e-06,3.816454864136176e-06,3.816454864136176e-06,3.816454864136176e-06,3.816454864136176e-06,3.0
2098,1.0,,1.0,1.0,1.0,1.0,,,0.07375164330005646,0.07375164330005646,0.07375164330005646,0.07375164330005646,0.07375164330005646,0.07375164330005646,0.07375164330005646,0.07375164330005646,1.0
2099,1.0,1.0,1.0,1.0,1.0,1.0,1.0,1.0,0.9989457726478577,0.9989457726478577,0.9989457726478577,0.9989457726478577,0.9989457726478577,0.9989457726478577,0.9989457726478577,0.9989457726478577,2.0
2100,0.0,0.0,0.0,0.0,0.0,0.0,0.0,0.0,8.041173714445904e-06,8.041173714445904e-06,8.041173714445904e-06,8.041173714445904e-06,8.041173714445904e-06,8.041173714445904e-06,8.041173714445904e-06,8.041173714445904e-06,2.0
2101,0.0,1.0,1.0,1.0,1.0,1.0,0.0,0.0,0.013249638490378857,0.013249638490378857,0.013249638490378857,0.013249638490378857,0.013249638490378857,0.013249638490378857,0.013249638490378857,0.013249638490378857,4.0
2102,1.0,,1.0,1.0,1.0,1.0,,,0.07169201970100403,0.07169201970100403,0.07169201970100403,0.07169201970100403,0.07169201970100403,0.07169201970100403,0.07169201970100403,0.07169201970100403,1.0
2103,1.0,,1.0,0.0,1.0,1.0,,,0.004041212145239115,0.004041212145239115,0.004041212145239115,0.004041212145239115,0.004041212145239115,0.004041212145239115,0.004041212145239115,0.004041212145239115,2.0
2104,1.0,1.0,1.0,1.0,1.0,1.0,,,0.9980782270431519,0.9980782270431519,0.9980782270431519,0.9980782270431519,0.9980782270431519,0.9980782270431519,0.9980782270431519,0.9980782270431519,2.0
2105,1.0,1.0,1.0,1.0,1.0,1.0,1.0,1.0,0.0070884330198168755,0.0070884330198168755,0.0070884330198168755,0.0070884330198168755,0.0070884330198168755,0.0070884330198168755,0.0070884330198168755,0.0070884330198168755,1.0
2106,0.0,0.0,0.0,0.0,0.0,0.0,0.0,0.0,1.1548987458809279e-05,1.1548987458809279e-05,1.1548987458809279e-05,1.1548987458809279e-05,1.1548987458809279e-05,1.1548987458809279e-05,1.1548987458809279e-05,1.1548987458809279e-05,3.0
2107,1.0,1.0,1.0,1.0,1.0,1.0,1.0,1.0,0.9997528195381165,0.9997528195381165,0.9997528195381165,0.9997528195381165,0.9997528195381165,0.9997528195381165,0.9997528195381165,0.9997528195381165,3.0
2108,,0.0,0.0,0.0,0.0,,0.0,0.0,2.5849474241113057e-06,2.5849474241113057e-06,2.5849474241113057e-06,2.5849474241113057e-06,2.5849474241113057e-06,2.5849474241113057e-06,2.5849474241113057e-06,2.5849474241113057e-06,0.0
2109,0.0,0.0,0.0,,0.0,0.0,,,0.00019196777429897338,0.00019196777429897338,0.00019196777429897338,0.00019196777429897338,0.00019196777429897338,0.00019196777429897338,0.00019196777429897338,0.00019196777429897338,3.0
2110,0.0,0.0,0.0,0.0,1.0,1.0,,,1.3361895980779082e-05,1.3361895980779082e-05,1.3361895980779082e-05,1.3361895980779082e-05,1.3361895980779082e-05,1.3361895980779082e-05,1.3361895980779082e-05,1.3361895980779082e-05,1.0
2111,0.0,0.0,0.0,0.0,0.0,0.0,0.0,0.0,0.0002702631463762373,0.0002702631463762373,0.0002702631463762373,0.0002702631463762373,0.0002702631463762373,0.0002702631463762373,0.0002702631463762373,0.0002702631463762373,3.0
2112,0.0,,0.0,,0.0,0.0,,,3.1668280371377477e-06,3.1668280371377477e-06,3.1668280371377477e-06,3.1668280371377477e-06,3.1668280371377477e-06,3.1668280371377477e-06,3.1668280371377477e-06,3.1668280371377477e-06,2.0
2113,0.0,,0.0,0.0,0.0,0.0,,,4.943985913996585e-06,4.943985913996585e-06,4.943985913996585e-06,4.943985913996585e-06,4.943985913996585e-06,4.943985913996585e-06,4.943985913996585e-06,4.943985913996585e-06,1.0
2114,0.0,,0.0,0.0,0.0,0.0,,,3.165314410580322e-05,3.165314410580322e-05,3.165314410580322e-05,3.165314410580322e-05,3.165314410580322e-05,3.165314410580322e-05,3.165314410580322e-05,3.165314410580322e-05,0.0
2115,0.0,0.0,1.0,1.0,0.0,0.0,,,0.0030395181383937597,0.0030395181383937597,0.0030395181383937597,0.0030395181383937597,0.0030395181383937597,0.0030395181383937597,0.0030395181383937597,0.0030395181383937597,3.0
2116,0.0,1.0,0.0,0.0,0.0,0.0,0.0,0.0,6.392995419446379e-05,6.392995419446379e-05,6.392995419446379e-05,6.392995419446379e-05,6.392995419446379e-05,6.392995419446379e-05,6.392995419446379e-05,6.392995419446379e-05,3.0
2117,0.0,0.0,0.0,0.0,0.0,0.0,0.0,0.0,6.351561296469299e-06,6.351561296469299e-06,6.351561296469299e-06,6.351561296469299e-06,6.351561296469299e-06,6.351561296469299e-06,6.351561296469299e-06,6.351561296469299e-06,2.0
2118,1.0,1.0,1.0,1.0,1.0,1.0,1.0,1.0,0.9996432065963745,0.9996432065963745,0.9996432065963745,0.9996432065963745,0.9996432065963745,0.9996432065963745,0.9996432065963745,0.9996432065963745,2.0
2119,1.0,1.0,1.0,1.0,1.0,1.0,1.0,1.0,0.9670069217681885,0.9670069217681885,0.9670069217681885,0.9670069217681885,0.9670069217681885,0.9670069217681885,0.9670069217681885,0.9670069217681885,0.0
2120,0.0,1.0,1.0,0.0,1.0,1.0,0.0,0.0,0.01878810115158558,0.01878810115158558,0.01878810115158558,0.01878810115158558,0.01878810115158558,0.01878810115158558,0.01878810115158558,0.01878810115158558,2.0
2121,0.0,0.0,0.0,0.0,0.0,0.0,0.0,0.0,1.275898284802679e-05,1.275898284802679e-05,1.275898284802679e-05,1.275898284802679e-05,1.275898284802679e-05,1.275898284802679e-05,1.275898284802679e-05,1.275898284802679e-05,1.0
2122,0.0,,1.0,1.0,1.0,1.0,,,0.0002389824512647465,0.0002389824512647465,0.0002389824512647465,0.0002389824512647465,0.0002389824512647465,0.0002389824512647465,0.0002389824512647465,0.0002389824512647465,0.0
2123,0.0,,0.0,,1.0,0.0,,,4.673496732721105e-05,4.673496732721105e-05,4.673496732721105e-05,4.673496732721105e-05,4.673496732721105e-05,4.673496732721105e-05,4.673496732721105e-05,4.673496732721105e-05,2.0
2124,1.0,,1.0,,1.0,0.0,,,0.0016551008448004723,0.0016551008448004723,0.0016551008448004723,0.0016551008448004723,0.0016551008448004723,0.0016551008448004723,0.0016551008448004723,0.0016551008448004723,2.0
2125,1.0,,1.0,,1.0,1.0,,,0.5895594954490662,0.5895594954490662,0.5895594954490662,0.5895594954490662,0.5895594954490662,0.5895594954490662,0.5895594954490662,0.5895594954490662,1.0
2126,1.0,1.0,1.0,1.0,1.0,1.0,1.0,,0.9800748825073242,0.9800748825073242,0.9800748825073242,0.9800748825073242,0.9800748825073242,0.9800748825073242,0.9800748825073242,0.9800748825073242,0.0
2127,0.0,1.0,1.0,1.0,1.0,1.0,0.0,0.0,0.005365921650081873,0.005365921650081873,0.005365921650081873,0.005365921650081873,0.005365921650081873,0.005365921650081873,0.005365921650081873,0.005365921650081873,2.0
2128,0.0,,0.0,0.0,0.0,0.0,,,1.5700641597504728e-05,1.5700641597504728e-05,1.5700641597504728e-05,1.5700641597504728e-05,1.5700641597504728e-05,1.5700641597504728e-05,1.5700641597504728e-05,1.5700641597504728e-05,0.0
2129,0.0,0.0,0.0,0.0,0.0,0.0,0.0,0.0,1.6469093679916114e-06,1.6469093679916114e-06,1.6469093679916114e-06,1.6469093679916114e-06,1.6469093679916114e-06,1.6469093679916114e-06,1.6469093679916114e-06,1.6469093679916114e-06,0.0
2130,1.0,1.0,0.0,0.0,1.0,0.0,0.0,0.0,0.5505169034004211,0.5505169034004211,0.5505169034004211,0.5505169034004211,0.5505169034004211,0.5505169034004211,0.5505169034004211,0.5505169034004211,3.0
2131,0.0,0.0,0.0,0.0,0.0,0.0,0.0,0.0,2.4335058697033674e-06,2.4335058697033674e-06,2.4335058697033674e-06,2.4335058697033674e-06,2.4335058697033674e-06,2.4335058697033674e-06,2.4335058697033674e-06,2.4335058697033674e-06,4.0
2132,1.0,1.0,1.0,1.0,1.0,1.0,1.0,1.0,0.9387296438217163,0.9387296438217163,0.9387296438217163,0.9387296438217163,0.9387296438217163,0.9387296438217163,0.9387296438217163,0.9387296438217163,1.0
2133,0.0,0.0,0.0,0.0,0.0,0.0,0.0,0.0,9.595764277037233e-05,9.595764277037233e-05,9.595764277037233e-05,9.595764277037233e-05,9.595764277037233e-05,9.595764277037233e-05,9.595764277037233e-05,9.595764277037233e-05,3.0
2134,0.0,0.0,0.0,0.0,1.0,1.0,0.0,0.0,2.641367791511584e-05,2.641367791511584e-05,2.641367791511584e-05,2.641367791511584e-05,2.641367791511584e-05,2.641367791511584e-05,2.641367791511584e-05,2.641367791511584e-05,0.0
2135,1.0,1.0,1.0,0.0,1.0,0.0,1.0,1.0,0.9088470935821533,0.9088470935821533,0.9088470935821533,0.9088470935821533,0.9088470935821533,0.9088470935821533,0.9088470935821533,0.9088470935821533,4.0
2136,1.0,1.0,1.0,1.0,1.0,1.0,1.0,1.0,0.98823082447052,0.98823082447052,0.98823082447052,0.98823082447052,0.98823082447052,0.98823082447052,0.98823082447052,0.98823082447052,0.0
2137,1.0,1.0,1.0,1.0,1.0,1.0,,,0.029858117923140526,0.029858117923140526,0.029858117923140526,0.029858117923140526,0.029858117923140526,0.029858117923140526,0.029858117923140526,0.029858117923140526,4.0
2138,0.0,,1.0,1.0,1.0,1.0,,,0.0021218250039964914,0.0021218250039964914,0.0021218250039964914,0.0021218250039964914,0.0021218250039964914,0.0021218250039964914,0.0021218250039964914,0.0021218250039964914,3.0
2139,0.0,0.0,1.0,0.0,1.0,0.0,1.0,0.0,1.2346896255621687e-05,1.2346896255621687e-05,1.2346896255621687e-05,1.2346896255621687e-05,1.2346896255621687e-05,1.2346896255621687e-05,1.2346896255621687e-05,1.2346896255621687e-05,4.0
2140,1.0,1.0,1.0,1.0,1.0,1.0,1.0,0.0,0.009593197144567966,0.009593197144567966,0.009593197144567966,0.009593197144567966,0.009593197144567966,0.009593197144567966,0.009593197144567966,0.009593197144567966,3.0
2141,0.0,0.0,0.0,0.0,0.0,0.0,0.0,0.0,4.29790306952782e-05,4.29790306952782e-05,4.29790306952782e-05,4.29790306952782e-05,4.29790306952782e-05,4.29790306952782e-05,4.29790306952782e-05,4.29790306952782e-05,1.0
2142,1.0,1.0,1.0,1.0,1.0,0.0,1.0,1.0,0.9915137887001038,0.9915137887001038,0.9915137887001038,0.9915137887001038,0.9915137887001038,0.9915137887001038,0.9915137887001038,0.9915137887001038,4.0
2143,1.0,1.0,1.0,1.0,1.0,1.0,0.0,0.0,0.00309355859644711,0.00309355859644711,0.00309355859644711,0.00309355859644711,0.00309355859644711,0.00309355859644711,0.00309355859644711,0.00309355859644711,0.0
2144,1.0,,1.0,1.0,1.0,1.0,,,0.0007919947966001928,0.0007919947966001928,0.0007919947966001928,0.0007919947966001928,0.0007919947966001928,0.0007919947966001928,0.0007919947966001928,0.0007919947966001928,0.0
2145,1.0,1.0,1.0,0.0,1.0,1.0,1.0,,0.01860395073890686,0.01860395073890686,0.01860395073890686,0.01860395073890686,0.01860395073890686,0.01860395073890686,0.01860395073890686,0.01860395073890686,2.0
2146,0.0,0.0,0.0,0.0,0.0,0.0,0.0,0.0,1.5041679944260977e-05,1.5041679944260977e-05,1.5041679944260977e-05,1.5041679944260977e-05,1.5041679944260977e-05,1.5041679944260977e-05,1.5041679944260977e-05,1.5041679944260977e-05,4.0
2147,0.0,0.0,0.0,0.0,0.0,0.0,0.0,0.0,2.7936994229094125e-05,2.7936994229094125e-05,2.7936994229094125e-05,2.7936994229094125e-05,2.7936994229094125e-05,2.7936994229094125e-05,2.7936994229094125e-05,2.7936994229094125e-05,0.0
2148,0.0,,0.0,0.0,0.0,0.0,,,0.00010492208821233362,0.00010492208821233362,0.00010492208821233362,0.00010492208821233362,0.00010492208821233362,0.00010492208821233362,0.00010492208821233362,0.00010492208821233362,0.0
2149,0.0,,1.0,,1.0,1.0,,,2.0041219613631256e-05,2.0041219613631256e-05,2.0041219613631256e-05,2.0041219613631256e-05,2.0041219613631256e-05,2.0041219613631256e-05,2.0041219613631256e-05,2.0041219613631256e-05,2.0
2150,0.0,,0.0,,0.0,0.0,,,6.420696990971919e-06,6.420696990971919e-06,6.420696990971919e-06,6.420696990971919e-06,6.420696990971919e-06,6.420696990971919e-06,6.420696990971919e-06,6.420696990971919e-06,1.0
2151,1.0,1.0,1.0,1.0,1.0,1.0,0.0,,0.6576465368270874,0.6576465368270874,0.6576465368270874,0.6576465368270874,0.6576465368270874,0.6576465368270874,0.6576465368270874,0.6576465368270874,2.0
2152,0.0,0.0,0.0,0.0,0.0,0.0,0.0,0.0,4.931939656671602e-06,4.931939656671602e-06,4.931939656671602e-06,4.931939656671602e-06,4.931939656671602e-06,4.931939656671602e-06,4.931939656671602e-06,4.931939656671602e-06,3.0
2153,1.0,1.0,1.0,1.0,1.0,,,,0.024224640801548958,0.024224640801548958,0.024224640801548958,0.024224640801548958,0.024224640801548958,0.024224640801548958,0.024224640801548958,0.024224640801548958,3.0
2154,0.0,,0.0,0.0,0.0,0.0,,,4.912337681162171e-05,4.912337681162171e-05,4.912337681162171e-05,4.912337681162171e-05,4.912337681162171e-05,4.912337681162171e-05,4.912337681162171e-05,4.912337681162171e-05,0.0
2155,1.0,1.0,1.0,1.0,1.0,0.0,1.0,,0.0029630782082676888,0.0029630782082676888,0.0029630782082676888,0.0029630782082676888,0.0029630782082676888,0.0029630782082676888,0.0029630782082676888,0.0029630782082676888,0.0
2156,1.0,1.0,1.0,1.0,1.0,1.0,,,0.007931909523904324,0.007931909523904324,0.007931909523904324,0.007931909523904324,0.007931909523904324,0.007931909523904324,0.007931909523904324,0.007931909523904324,1.0
2157,0.0,0.0,0.0,,0.0,0.0,,,1.972015070350608e-06,1.972015070350608e-06,1.972015070350608e-06,1.972015070350608e-06,1.972015070350608e-06,1.972015070350608e-06,1.972015070350608e-06,1.972015070350608e-06,1.0
2158,0.0,,0.0,0.0,0.0,0.0,,,3.899309376720339e-06,3.899309376720339e-06,3.899309376720339e-06,3.899309376720339e-06,3.899309376720339e-06,3.899309376720339e-06,3.899309376720339e-06,3.899309376720339e-06,4.0
2159,0.0,,0.0,,0.0,0.0,,,2.8756835490639787e-06,2.8756835490639787e-06,2.8756835490639787e-06,2.8756835490639787e-06,2.8756835490639787e-06,2.8756835490639787e-06,2.8756835490639787e-06,2.8756835490639787e-06,4.0
2160,0.0,0.0,0.0,0.0,1.0,0.0,,,1.3373522051551845e-05,1.3373522051551845e-05,1.3373522051551845e-05,1.3373522051551845e-05,1.3373522051551845e-05,1.3373522051551845e-05,1.3373522051551845e-05,1.3373522051551845e-05,4.0
2161,0.0,0.0,0.0,0.0,0.0,0.0,,,9.876159310806543e-05,9.876159310806543e-05,9.876159310806543e-05,9.876159310806543e-05,9.876159310806543e-05,9.876159310806543e-05,9.876159310806543e-05,9.876159310806543e-05,2.0
2162,1.0,1.0,1.0,1.0,1.0,1.0,0.0,1.0,0.8281670808792114,0.8281670808792114,0.8281670808792114,0.8281670808792114,0.8281670808792114,0.8281670808792114,0.8281670808792114,0.8281670808792114,2.0
2163,1.0,1.0,1.0,1.0,1.0,1.0,0.0,1.0,0.979820966720581,0.979820966720581,0.979820966720581,0.979820966720581,0.979820966720581,0.979820966720581,0.979820966720581,0.979820966720581,0.0
2164,0.0,0.0,0.0,0.0,0.0,0.0,,,1.4268049199017696e-05,1.4268049199017696e-05,1.4268049199017696e-05,1.4268049199017696e-05,1.4268049199017696e-05,1.4268049199017696e-05,1.4268049199017696e-05,1.4268049199017696e-05,4.0
2165,1.0,1.0,1.0,1.0,1.0,1.0,1.0,,0.6986576914787292,0.6986576914787292,0.6986576914787292,0.6986576914787292,0.6986576914787292,0.6986576914787292,0.6986576914787292,0.6986576914787292,1.0
2166,0.0,0.0,0.0,0.0,0.0,0.0,0.0,0.0,2.7728201530408114e-06,2.7728201530408114e-06,2.7728201530408114e-06,2.7728201530408114e-06,2.7728201530408114e-06,2.7728201530408114e-06,2.7728201530408114e-06,2.7728201530408114e-06,0.0
2167,1.0,1.0,1.0,1.0,1.0,1.0,,,0.973484456539154,0.973484456539154,0.973484456539154,0.973484456539154,0.973484456539154,0.973484456539154,0.973484456539154,0.973484456539154,4.0
2168,1.0,1.0,1.0,1.0,1.0,1.0,,,0.5356971621513367,0.5356971621513367,0.5356971621513367,0.5356971621513367,0.5356971621513367,0.5356971621513367,0.5356971621513367,0.5356971621513367,1.0
2169,,,1.0,1.0,1.0,1.0,,,0.0006084927590563893,0.0006084927590563893,0.0006084927590563893,0.0006084927590563893,0.0006084927590563893,0.0006084927590563893,0.0006084927590563893,0.0006084927590563893,4.0
2170,1.0,,1.0,1.0,1.0,1.0,,,0.5283333659172058,0.5283333659172058,0.5283333659172058,0.5283333659172058,0.5283333659172058,0.5283333659172058,0.5283333659172058,0.5283333659172058,2.0
2171,0.0,0.0,0.0,0.0,0.0,0.0,0.0,0.0,4.19386879002559e-06,4.19386879002559e-06,4.19386879002559e-06,4.19386879002559e-06,4.19386879002559e-06,4.19386879002559e-06,4.19386879002559e-06,4.19386879002559e-06,0.0
2172,0.0,,1.0,1.0,1.0,1.0,,,5.634480476146564e-05,5.634480476146564e-05,5.634480476146564e-05,5.634480476146564e-05,5.634480476146564e-05,5.634480476146564e-05,5.634480476146564e-05,5.634480476146564e-05,2.0
2173,0.0,0.0,0.0,0.0,0.0,0.0,0.0,0.0,7.116115739336237e-05,7.116115739336237e-05,7.116115739336237e-05,7.116115739336237e-05,7.116115739336237e-05,7.116115739336237e-05,7.116115739336237e-05,7.116115739336237e-05,3.0
2174,0.0,0.0,0.0,0.0,0.0,0.0,0.0,0.0,3.537584780133329e-05,3.537584780133329e-05,3.537584780133329e-05,3.537584780133329e-05,3.537584780133329e-05,3.537584780133329e-05,3.537584780133329e-05,3.537584780133329e-05,4.0
2175,0.0,0.0,0.0,0.0,0.0,0.0,0.0,0.0,8.085666195256636e-06,8.085666195256636e-06,8.085666195256636e-06,8.085666195256636e-06,8.085666195256636e-06,8.085666195256636e-06,8.085666195256636e-06,8.085666195256636e-06,2.0
2176,1.0,1.0,1.0,1.0,1.0,1.0,0.0,0.0,0.011479754000902176,0.011479754000902176,0.011479754000902176,0.011479754000902176,0.011479754000902176,0.011479754000902176,0.011479754000902176,0.011479754000902176,0.0
2177,1.0,1.0,1.0,1.0,1.0,1.0,0.0,0.0,0.001430771080777049,0.001430771080777049,0.001430771080777049,0.001430771080777049,0.001430771080777049,0.001430771080777049,0.001430771080777049,0.001430771080777049,1.0
2178,1.0,,1.0,1.0,1.0,1.0,,,0.09324611723423004,0.09324611723423004,0.09324611723423004,0.09324611723423004,0.09324611723423004,0.09324611723423004,0.09324611723423004,0.09324611723423004,0.0
2179,1.0,1.0,1.0,1.0,1.0,1.0,1.0,1.0,0.9982391595840454,0.9982391595840454,0.9982391595840454,0.9982391595840454,0.9982391595840454,0.9982391595840454,0.9982391595840454,0.9982391595840454,3.0
2180,1.0,1.0,1.0,1.0,1.0,1.0,1.0,0.0,0.010121512226760387,0.010121512226760387,0.010121512226760387,0.010121512226760387,0.010121512226760387,0.010121512226760387,0.010121512226760387,0.010121512226760387,1.0
2181,0.0,,0.0,,0.0,0.0,,,1.1742719834728632e-05,1.1742719834728632e-05,1.1742719834728632e-05,1.1742719834728632e-05,1.1742719834728632e-05,1.1742719834728632e-05,1.1742719834728632e-05,1.1742719834728632e-05,1.0
2182,1.0,1.0,1.0,0.0,1.0,1.0,,,0.0011476846411824226,0.0011476846411824226,0.0011476846411824226,0.0011476846411824226,0.0011476846411824226,0.0011476846411824226,0.0011476846411824226,0.0011476846411824226,4.0
2183,1.0,1.0,1.0,1.0,1.0,1.0,1.0,1.0,0.45958176255226135,0.45958176255226135,0.45958176255226135,0.45958176255226135,0.45958176255226135,0.45958176255226135,0.45958176255226135,0.45958176255226135,1.0
2184,1.0,1.0,1.0,0.0,1.0,1.0,1.0,0.0,0.0002687761152628809,0.0002687761152628809,0.0002687761152628809,0.0002687761152628809,0.0002687761152628809,0.0002687761152628809,0.0002687761152628809,0.0002687761152628809,0.0
2185,0.0,,0.0,,0.0,0.0,,,0.000100787787232548,0.000100787787232548,0.000100787787232548,0.000100787787232548,0.000100787787232548,0.000100787787232548,0.000100787787232548,0.000100787787232548,4.0
2186,1.0,,1.0,,1.0,0.0,,,0.09385395795106888,0.09385395795106888,0.09385395795106888,0.09385395795106888,0.09385395795106888,0.09385395795106888,0.09385395795106888,0.09385395795106888,2.0
2187,1.0,,1.0,,1.0,0.0,,,0.9239663481712341,0.9239663481712341,0.9239663481712341,0.9239663481712341,0.9239663481712341,0.9239663481712341,0.9239663481712341,0.9239663481712341,3.0
2188,0.0,1.0,0.0,0.0,0.0,0.0,,,1.2477243217290379e-05,1.2477243217290379e-05,1.2477243217290379e-05,1.2477243217290379e-05,1.2477243217290379e-05,1.2477243217290379e-05,1.2477243217290379e-05,1.2477243217290379e-05,3.0
2189,0.0,0.0,0.0,0.0,0.0,0.0,0.0,0.0,9.335957656730898e-06,9.335957656730898e-06,9.335957656730898e-06,9.335957656730898e-06,9.335957656730898e-06,9.335957656730898e-06,9.335957656730898e-06,9.335957656730898e-06,0.0
2190,0.0,0.0,0.0,0.0,0.0,0.0,0.0,0.0,2.0479252270888537e-05,2.0479252270888537e-05,2.0479252270888537e-05,2.0479252270888537e-05,2.0479252270888537e-05,2.0479252270888537e-05,2.0479252270888537e-05,2.0479252270888537e-05,3.0
2191,0.0,,1.0,0.0,1.0,1.0,,,0.0002944410080090165,0.0002944410080090165,0.0002944410080090165,0.0002944410080090165,0.0002944410080090165,0.0002944410080090165,0.0002944410080090165,0.0002944410080090165,4.0
2192,0.0,,0.0,0.0,0.0,0.0,,,1.1670655112538952e-05,1.1670655112538952e-05,1.1670655112538952e-05,1.1670655112538952e-05,1.1670655112538952e-05,1.1670655112538952e-05,1.1670655112538952e-05,1.1670655112538952e-05,2.0
2193,1.0,,1.0,1.0,1.0,1.0,,,0.05751413851976395,0.05751413851976395,0.05751413851976395,0.05751413851976395,0.05751413851976395,0.05751413851976395,0.05751413851976395,0.05751413851976395,0.0
2194,1.0,,1.0,0.0,1.0,1.0,,,0.019705772399902344,0.019705772399902344,0.019705772399902344,0.019705772399902344,0.019705772399902344,0.019705772399902344,0.019705772399902344,0.019705772399902344,2.0
2195,,,1.0,,1.0,0.0,,,9.172164573101327e-05,9.172164573101327e-05,9.172164573101327e-05,9.172164573101327e-05,9.172164573101327e-05,9.172164573101327e-05,9.172164573101327e-05,9.172164573101327e-05,3.0
2196,0.0,0.0,0.0,0.0,0.0,0.0,0.0,0.0,6.110206595622003e-05,6.110206595622003e-05,6.110206595622003e-05,6.110206595622003e-05,6.110206595622003e-05,6.110206595622003e-05,6.110206595622003e-05,6.110206595622003e-05,0.0
2197,1.0,1.0,1.0,1.0,1.0,1.0,1.0,0.0,0.0017249680822715163,0.0017249680822715163,0.0017249680822715163,0.0017249680822715163,0.0017249680822715163,0.0017249680822715163,0.0017249680822715163,0.0017249680822715163,1.0
2198,0.0,,0.0,,0.0,0.0,,,3.3228507163585164e-06,3.3228507163585164e-06,3.3228507163585164e-06,3.3228507163585164e-06,3.3228507163585164e-06,3.3228507163585164e-06,3.3228507163585164e-06,3.3228507163585164e-06,0.0
2199,0.0,1.0,0.0,0.0,0.0,0.0,0.0,0.0,0.0011604097671806812,0.0011604097671806812,0.0011604097671806812,0.0011604097671806812,0.0011604097671806812,0.0011604097671806812,0.0011604097671806812,0.0011604097671806812,2.0
2200,1.0,1.0,,1.0,1.0,1.0,1.0,0.0,0.004776754416525364,0.004776754416525364,0.004776754416525364,0.004776754416525364,0.004776754416525364,0.004776754416525364,0.004776754416525364,0.004776754416525364,1.0
2201,1.0,1.0,1.0,1.0,1.0,1.0,0.0,0.0,0.0038375805597752333,0.0038375805597752333,0.0038375805597752333,0.0038375805597752333,0.0038375805597752333,0.0038375805597752333,0.0038375805597752333,0.0038375805597752333,2.0
2202,1.0,1.0,1.0,1.0,1.0,1.0,1.0,0.0,0.007060992997139692,0.007060992997139692,0.007060992997139692,0.007060992997139692,0.007060992997139692,0.007060992997139692,0.007060992997139692,0.007060992997139692,2.0
2203,0.0,0.0,0.0,0.0,0.0,0.0,0.0,0.0,5.440415407065302e-06,5.440415407065302e-06,5.440415407065302e-06,5.440415407065302e-06,5.440415407065302e-06,5.440415407065302e-06,5.440415407065302e-06,5.440415407065302e-06,0.0
2204,0.0,0.0,0.0,0.0,1.0,0.0,0.0,,0.00023688717919867486,0.00023688717919867486,0.00023688717919867486,0.00023688717919867486,0.00023688717919867486,0.00023688717919867486,0.00023688717919867486,0.00023688717919867486,2.0
2205,0.0,0.0,0.0,0.0,0.0,0.0,0.0,0.0,2.7555341148399748e-05,2.7555341148399748e-05,2.7555341148399748e-05,2.7555341148399748e-05,2.7555341148399748e-05,2.7555341148399748e-05,2.7555341148399748e-05,2.7555341148399748e-05,1.0
2206,0.0,,0.0,0.0,0.0,0.0,,,3.997930616606027e-05,3.997930616606027e-05,3.997930616606027e-05,3.997930616606027e-05,3.997930616606027e-05,3.997930616606027e-05,3.997930616606027e-05,3.997930616606027e-05,4.0
2207,0.0,0.0,0.0,0.0,0.0,0.0,0.0,0.0,3.292335804871982e-06,3.292335804871982e-06,3.292335804871982e-06,3.292335804871982e-06,3.292335804871982e-06,3.292335804871982e-06,3.292335804871982e-06,3.292335804871982e-06,4.0
2208,0.0,0.0,0.0,0.0,0.0,0.0,0.0,0.0,1.3107530321576633e-05,1.3107530321576633e-05,1.3107530321576633e-05,1.3107530321576633e-05,1.3107530321576633e-05,1.3107530321576633e-05,1.3107530321576633e-05,1.3107530321576633e-05,2.0
2209,,0.0,0.0,0.0,0.0,,0.0,0.0,3.0118828817649046e-06,3.0118828817649046e-06,3.0118828817649046e-06,3.0118828817649046e-06,3.0118828817649046e-06,3.0118828817649046e-06,3.0118828817649046e-06,3.0118828817649046e-06,1.0
2210,0.0,0.0,0.0,0.0,0.0,0.0,0.0,0.0,1.2125351531722117e-05,1.2125351531722117e-05,1.2125351531722117e-05,1.2125351531722117e-05,1.2125351531722117e-05,1.2125351531722117e-05,1.2125351531722117e-05,1.2125351531722117e-05,2.0
2211,1.0,1.0,1.0,1.0,1.0,1.0,1.0,1.0,0.9906180500984192,0.9906180500984192,0.9906180500984192,0.9906180500984192,0.9906180500984192,0.9906180500984192,0.9906180500984192,0.9906180500984192,2.0
2212,0.0,0.0,0.0,0.0,0.0,0.0,0.0,0.0,8.281390364572871e-06,8.281390364572871e-06,8.281390364572871e-06,8.281390364572871e-06,8.281390364572871e-06,8.281390364572871e-06,8.281390364572871e-06,8.281390364572871e-06,0.0
2213,1.0,1.0,1.0,1.0,1.0,1.0,1.0,1.0,0.3503094017505646,0.3503094017505646,0.3503094017505646,0.3503094017505646,0.3503094017505646,0.3503094017505646,0.3503094017505646,0.3503094017505646,0.0
2214,1.0,1.0,0.0,0.0,1.0,1.0,0.0,0.0,0.0038361281622201204,0.0038361281622201204,0.0038361281622201204,0.0038361281622201204,0.0038361281622201204,0.0038361281622201204,0.0038361281622201204,0.0038361281622201204,4.0
2215,1.0,1.0,1.0,1.0,1.0,1.0,1.0,0.0,0.4697723388671875,0.4697723388671875,0.4697723388671875,0.4697723388671875,0.4697723388671875,0.4697723388671875,0.4697723388671875,0.4697723388671875,2.0
2216,1.0,,1.0,1.0,1.0,1.0,,,0.12039855122566223,0.12039855122566223,0.12039855122566223,0.12039855122566223,0.12039855122566223,0.12039855122566223,0.12039855122566223,0.12039855122566223,2.0
2217,1.0,1.0,1.0,1.0,1.0,1.0,1.0,0.0,0.23713578283786774,0.23713578283786774,0.23713578283786774,0.23713578283786774,0.23713578283786774,0.23713578283786774,0.23713578283786774,0.23713578283786774,0.0
2218,1.0,1.0,1.0,1.0,1.0,,1.0,,0.7486665844917297,0.7486665844917297,0.7486665844917297,0.7486665844917297,0.7486665844917297,0.7486665844917297,0.7486665844917297,0.7486665844917297,3.0
2219,1.0,1.0,,1.0,1.0,1.0,1.0,0.0,0.9603602886199951,0.9603602886199951,0.9603602886199951,0.9603602886199951,0.9603602886199951,0.9603602886199951,0.9603602886199951,0.9603602886199951,4.0
2220,0.0,,1.0,,1.0,1.0,,,0.0033187035005539656,0.0033187035005539656,0.0033187035005539656,0.0033187035005539656,0.0033187035005539656,0.0033187035005539656,0.0033187035005539656,0.0033187035005539656,0.0
2221,0.0,0.0,0.0,0.0,0.0,0.0,0.0,0.0,3.2638585253152996e-05,3.2638585253152996e-05,3.2638585253152996e-05,3.2638585253152996e-05,3.2638585253152996e-05,3.2638585253152996e-05,3.2638585253152996e-05,3.2638585253152996e-05,3.0
2222,1.0,1.0,1.0,0.0,1.0,1.0,,,2.683069760678336e-05,2.683069760678336e-05,2.683069760678336e-05,2.683069760678336e-05,2.683069760678336e-05,2.683069760678336e-05,2.683069760678336e-05,2.683069760678336e-05,2.0
2223,0.0,,0.0,0.0,0.0,0.0,,,0.0015727812424302101,0.0015727812424302101,0.0015727812424302101,0.0015727812424302101,0.0015727812424302101,0.0015727812424302101,0.0015727812424302101,0.0015727812424302101,2.0
2224,0.0,,0.0,0.0,0.0,0.0,,,4.143180922255851e-05,4.143180922255851e-05,4.143180922255851e-05,4.143180922255851e-05,4.143180922255851e-05,4.143180922255851e-05,4.143180922255851e-05,4.143180922255851e-05,1.0
2225,0.0,,0.0,0.0,0.0,0.0,,,3.902025127899833e-06,3.902025127899833e-06,3.902025127899833e-06,3.902025127899833e-06,3.902025127899833e-06,3.902025127899833e-06,3.902025127899833e-06,3.902025127899833e-06,2.0
2226,0.0,,0.0,0.0,0.0,0.0,,,4.2830753955058753e-05,4.2830753955058753e-05,4.2830753955058753e-05,4.2830753955058753e-05,4.2830753955058753e-05,4.2830753955058753e-05,4.2830753955058753e-05,4.2830753955058753e-05,3.0
2227,0.0,,1.0,0.0,0.0,0.0,,,0.0004913599113933742,0.0004913599113933742,0.0004913599113933742,0.0004913599113933742,0.0004913599113933742,0.0004913599113933742,0.0004913599113933742,0.0004913599113933742,2.0
2228,0.0,,0.0,0.0,0.0,0.0,,,7.103721873136237e-05,7.103721873136237e-05,7.103721873136237e-05,7.103721873136237e-05,7.103721873136237e-05,7.103721873136237e-05,7.103721873136237e-05,7.103721873136237e-05,1.0
2229,0.0,,0.0,0.0,0.0,0.0,,,1.2521491044026334e-05,1.2521491044026334e-05,1.2521491044026334e-05,1.2521491044026334e-05,1.2521491044026334e-05,1.2521491044026334e-05,1.2521491044026334e-05,1.2521491044026334e-05,4.0
2230,1.0,1.0,1.0,0.0,1.0,1.0,0.0,,0.14818412065505981,0.14818412065505981,0.14818412065505981,0.14818412065505981,0.14818412065505981,0.14818412065505981,0.14818412065505981,0.14818412065505981,3.0
2231,1.0,1.0,1.0,1.0,1.0,1.0,,,0.5598845481872559,0.5598845481872559,0.5598845481872559,0.5598845481872559,0.5598845481872559,0.5598845481872559,0.5598845481872559,0.5598845481872559,1.0
2232,1.0,0.0,1.0,1.0,1.0,0.0,,,0.03324619680643082,0.03324619680643082,0.03324619680643082,0.03324619680643082,0.03324619680643082,0.03324619680643082,0.03324619680643082,0.03324619680643082,3.0
2233,1.0,,1.0,1.0,1.0,1.0,,,0.008660616353154182,0.008660616353154182,0.008660616353154182,0.008660616353154182,0.008660616353154182,0.008660616353154182,0.008660616353154182,0.008660616353154182,0.0
2234,1.0,1.0,1.0,1.0,1.0,1.0,,,0.007630412001162767,0.007630412001162767,0.007630412001162767,0.007630412001162767,0.007630412001162767,0.007630412001162767,0.007630412001162767,0.007630412001162767,1.0
2235,0.0,1.0,1.0,0.0,1.0,0.0,,,0.0009091395186260343,0.0009091395186260343,0.0009091395186260343,0.0009091395186260343,0.0009091395186260343,0.0009091395186260343,0.0009091395186260343,0.0009091395186260343,4.0
2236,1.0,1.0,1.0,1.0,1.0,1.0,,,6.71701563987881e-05,6.71701563987881e-05,6.71701563987881e-05,6.71701563987881e-05,6.71701563987881e-05,6.71701563987881e-05,6.71701563987881e-05,6.71701563987881e-05,3.0
2237,0.0,,0.0,,1.0,0.0,,,6.1682162595388945e-06,6.1682162595388945e-06,6.1682162595388945e-06,6.1682162595388945e-06,6.1682162595388945e-06,6.1682162595388945e-06,6.1682162595388945e-06,6.1682162595388945e-06,4.0
2238,1.0,1.0,1.0,1.0,1.0,1.0,1.0,1.0,0.3902556896209717,0.3902556896209717,0.3902556896209717,0.3902556896209717,0.3902556896209717,0.3902556896209717,0.3902556896209717,0.3902556896209717,4.0
2239,1.0,1.0,1.0,1.0,1.0,1.0,,,0.002213582396507263,0.002213582396507263,0.002213582396507263,0.002213582396507263,0.002213582396507263,0.002213582396507263,0.002213582396507263,0.002213582396507263,1.0
2240,0.0,,0.0,,0.0,0.0,,,1.7633254174143076e-05,1.7633254174143076e-05,1.7633254174143076e-05,1.7633254174143076e-05,1.7633254174143076e-05,1.7633254174143076e-05,1.7633254174143076e-05,1.7633254174143076e-05,1.0
2241,0.0,1.0,0.0,0.0,0.0,0.0,,,0.001611866056919098,0.001611866056919098,0.001611866056919098,0.001611866056919098,0.001611866056919098,0.001611866056919098,0.001611866056919098,0.001611866056919098,4.0
2242,0.0,0.0,0.0,0.0,0.0,0.0,,,0.00020502351981122047,0.00020502351981122047,0.00020502351981122047,0.00020502351981122047,0.00020502351981122047,0.00020502351981122047,0.00020502351981122047,0.00020502351981122047,2.0
2243,1.0,1.0,1.0,1.0,1.0,1.0,0.0,,0.007582331076264381,0.007582331076264381,0.007582331076264381,0.007582331076264381,0.007582331076264381,0.007582331076264381,0.007582331076264381,0.007582331076264381,2.0
2244,1.0,1.0,1.0,1.0,1.0,1.0,,,0.3271324932575226,0.3271324932575226,0.3271324932575226,0.3271324932575226,0.3271324932575226,0.3271324932575226,0.3271324932575226,0.3271324932575226,4.0
2245,0.0,1.0,1.0,0.0,1.0,1.0,0.0,0.0,0.004325375892221928,0.004325375892221928,0.004325375892221928,0.004325375892221928,0.004325375892221928,0.004325375892221928,0.004325375892221928,0.004325375892221928,2.0
2246,1.0,1.0,1.0,1.0,1.0,1.0,1.0,0.0,0.0010709173511713743,0.0010709173511713743,0.0010709173511713743,0.0010709173511713743,0.0010709173511713743,0.0010709173511713743,0.0010709173511713743,0.0010709173511713743,2.0
2247,1.0,1.0,1.0,1.0,1.0,1.0,1.0,0.0,0.21228477358818054,0.21228477358818054,0.21228477358818054,0.21228477358818054,0.21228477358818054,0.21228477358818054,0.21228477358818054,0.21228477358818054,1.0
2248,0.0,0.0,0.0,0.0,0.0,0.0,0.0,,8.714125215192325e-06,8.714125215192325e-06,8.714125215192325e-06,8.714125215192325e-06,8.714125215192325e-06,8.714125215192325e-06,8.714125215192325e-06,8.714125215192325e-06,1.0
2249,1.0,1.0,1.0,1.0,1.0,1.0,0.0,,0.0009953209664672613,0.0009953209664672613,0.0009953209664672613,0.0009953209664672613,0.0009953209664672613,0.0009953209664672613,0.0009953209664672613,0.0009953209664672613,2.0
2250,0.0,0.0,0.0,0.0,0.0,0.0,0.0,0.0,1.0255597771902103e-05,1.0255597771902103e-05,1.0255597771902103e-05,1.0255597771902103e-05,1.0255597771902103e-05,1.0255597771902103e-05,1.0255597771902103e-05,1.0255597771902103e-05,1.0
2251,1.0,1.0,1.0,1.0,1.0,1.0,1.0,1.0,0.9963325262069702,0.9963325262069702,0.9963325262069702,0.9963325262069702,0.9963325262069702,0.9963325262069702,0.9963325262069702,0.9963325262069702,0.0
2252,1.0,1.0,1.0,1.0,1.0,1.0,,,0.10326588898897171,0.10326588898897171,0.10326588898897171,0.10326588898897171,0.10326588898897171,0.10326588898897171,0.10326588898897171,0.10326588898897171,2.0
2253,1.0,1.0,,1.0,,1.0,1.0,0.0,0.1485791951417923,0.1485791951417923,0.1485791951417923,0.1485791951417923,0.1485791951417923,0.1485791951417923,0.1485791951417923,0.1485791951417923,4.0
2254,0.0,,0.0,0.0,1.0,0.0,,,2.0178983959340258e-06,2.0178983959340258e-06,2.0178983959340258e-06,2.0178983959340258e-06,2.0178983959340258e-06,2.0178983959340258e-06,2.0178983959340258e-06,2.0178983959340258e-06,3.0
2255,1.0,1.0,1.0,0.0,1.0,1.0,,,0.3407764136791229,0.3407764136791229,0.3407764136791229,0.3407764136791229,0.3407764136791229,0.3407764136791229,0.3407764136791229,0.3407764136791229,4.0
2256,0.0,,1.0,1.0,1.0,0.0,,,9.325249266112223e-05,9.325249266112223e-05,9.325249266112223e-05,9.325249266112223e-05,9.325249266112223e-05,9.325249266112223e-05,9.325249266112223e-05,9.325249266112223e-05,1.0
2257,0.0,0.0,,0.0,1.0,1.0,0.0,0.0,0.0007857333403080702,0.0007857333403080702,0.0007857333403080702,0.0007857333403080702,0.0007857333403080702,0.0007857333403080702,0.0007857333403080702,0.0007857333403080702,2.0
2258,0.0,1.0,1.0,0.0,1.0,1.0,0.0,,0.00398276187479496,0.00398276187479496,0.00398276187479496,0.00398276187479496,0.00398276187479496,0.00398276187479496,0.00398276187479496,0.00398276187479496,3.0
2259,0.0,0.0,0.0,0.0,0.0,0.0,,,3.567675958038308e-05,3.567675958038308e-05,3.567675958038308e-05,3.567675958038308e-05,3.567675958038308e-05,3.567675958038308e-05,3.567675958038308e-05,3.567675958038308e-05,1.0
2260,,,0.0,,,0.0,,,4.161086326348595e-05,4.161086326348595e-05,4.161086326348595e-05,4.161086326348595e-05,4.161086326348595e-05,4.161086326348595e-05,4.161086326348595e-05,4.161086326348595e-05,4.0
2261,0.0,0.0,1.0,0.0,0.0,0.0,0.0,0.0,9.406800381839275e-05,9.406800381839275e-05,9.406800381839275e-05,9.406800381839275e-05,9.406800381839275e-05,9.406800381839275e-05,9.406800381839275e-05,9.406800381839275e-05,4.0
2262,1.0,,1.0,1.0,1.0,1.0,,,0.928144097328186,0.928144097328186,0.928144097328186,0.928144097328186,0.928144097328186,0.928144097328186,0.928144097328186,0.928144097328186,1.0
2263,1.0,1.0,1.0,1.0,1.0,1.0,1.0,1.0,0.9735448956489563,0.9735448956489563,0.9735448956489563,0.9735448956489563,0.9735448956489563,0.9735448956489563,0.9735448956489563,0.9735448956489563,4.0
2264,0.0,,1.0,1.0,1.0,0.0,,,0.0016870662802830338,0.0016870662802830338,0.0016870662802830338,0.0016870662802830338,0.0016870662802830338,0.0016870662802830338,0.0016870662802830338,0.0016870662802830338,4.0
2265,0.0,,1.0,1.0,1.0,0.0,,,0.0010400440078228712,0.0010400440078228712,0.0010400440078228712,0.0010400440078228712,0.0010400440078228712,0.0010400440078228712,0.0010400440078228712,0.0010400440078228712,2.0
2266,1.0,1.0,0.0,,1.0,1.0,,,0.0016196874203160405,0.0016196874203160405,0.0016196874203160405,0.0016196874203160405,0.0016196874203160405,0.0016196874203160405,0.0016196874203160405,0.0016196874203160405,2.0
2267,,,0.0,,1.0,0.0,,,1.9331175280967727e-05,1.9331175280967727e-05,1.9331175280967727e-05,1.9331175280967727e-05,1.9331175280967727e-05,1.9331175280967727e-05,1.9331175280967727e-05,1.9331175280967727e-05,0.0
2268,1.0,1.0,1.0,1.0,1.0,1.0,1.0,1.0,0.999327540397644,0.999327540397644,0.999327540397644,0.999327540397644,0.999327540397644,0.999327540397644,0.999327540397644,0.999327540397644,0.0
2269,0.0,0.0,0.0,0.0,0.0,0.0,0.0,0.0,5.658457666868344e-06,5.658457666868344e-06,5.658457666868344e-06,5.658457666868344e-06,5.658457666868344e-06,5.658457666868344e-06,5.658457666868344e-06,5.658457666868344e-06,2.0
2270,1.0,1.0,1.0,1.0,1.0,1.0,1.0,1.0,0.9923095703125,0.9923095703125,0.9923095703125,0.9923095703125,0.9923095703125,0.9923095703125,0.9923095703125,0.9923095703125,1.0
2271,0.0,0.0,0.0,0.0,0.0,0.0,0.0,0.0,8.004410483408719e-05,8.004410483408719e-05,8.004410483408719e-05,8.004410483408719e-05,8.004410483408719e-05,8.004410483408719e-05,8.004410483408719e-05,8.004410483408719e-05,3.0
2272,1.0,1.0,1.0,1.0,1.0,1.0,1.0,1.0,0.9966565370559692,0.9966565370559692,0.9966565370559692,0.9966565370559692,0.9966565370559692,0.9966565370559692,0.9966565370559692,0.9966565370559692,3.0
2273,0.0,0.0,0.0,0.0,0.0,0.0,0.0,0.0,0.00012565198994707316,0.00012565198994707316,0.00012565198994707316,0.00012565198994707316,0.00012565198994707316,0.00012565198994707316,0.00012565198994707316,0.00012565198994707316,0.0
2274,0.0,,0.0,0.0,1.0,1.0,,,1.0356940947531257e-05,1.0356940947531257e-05,1.0356940947531257e-05,1.0356940947531257e-05,1.0356940947531257e-05,1.0356940947531257e-05,1.0356940947531257e-05,1.0356940947531257e-05,4.0
2275,1.0,0.0,1.0,0.0,1.0,1.0,0.0,0.0,3.357651803526096e-05,3.357651803526096e-05,3.357651803526096e-05,3.357651803526096e-05,3.357651803526096e-05,3.357651803526096e-05,3.357651803526096e-05,3.357651803526096e-05,1.0
2276,0.0,0.0,0.0,0.0,0.0,0.0,0.0,,7.395203738269629e-06,7.395203738269629e-06,7.395203738269629e-06,7.395203738269629e-06,7.395203738269629e-06,7.395203738269629e-06,7.395203738269629e-06,7.395203738269629e-06,1.0
2277,,0.0,0.0,0.0,0.0,,0.0,0.0,2.3141285055316985e-05,2.3141285055316985e-05,2.3141285055316985e-05,2.3141285055316985e-05,2.3141285055316985e-05,2.3141285055316985e-05,2.3141285055316985e-05,2.3141285055316985e-05,3.0
2278,0.0,,0.0,0.0,0.0,0.0,,,1.0475687304278836e-05,1.0475687304278836e-05,1.0475687304278836e-05,1.0475687304278836e-05,1.0475687304278836e-05,1.0475687304278836e-05,1.0475687304278836e-05,1.0475687304278836e-05,4.0
2279,1.0,1.0,1.0,1.0,1.0,1.0,1.0,0.0,0.196644589304924,0.196644589304924,0.196644589304924,0.196644589304924,0.196644589304924,0.196644589304924,0.196644589304924,0.196644589304924,4.0
2280,1.0,1.0,1.0,1.0,1.0,,1.0,,0.30235397815704346,0.30235397815704346,0.30235397815704346,0.30235397815704346,0.30235397815704346,0.30235397815704346,0.30235397815704346,0.30235397815704346,2.0
2281,0.0,,1.0,,1.0,0.0,,,2.40096305788029e-05,2.40096305788029e-05,2.40096305788029e-05,2.40096305788029e-05,2.40096305788029e-05,2.40096305788029e-05,2.40096305788029e-05,2.40096305788029e-05,3.0
2282,0.0,0.0,0.0,0.0,0.0,0.0,0.0,0.0,1.906934926410031e-06,1.906934926410031e-06,1.906934926410031e-06,1.906934926410031e-06,1.906934926410031e-06,1.906934926410031e-06,1.906934926410031e-06,1.906934926410031e-06,3.0
2283,1.0,1.0,0.0,0.0,0.0,0.0,0.0,0.0,0.0003722638066392392,0.0003722638066392392,0.0003722638066392392,0.0003722638066392392,0.0003722638066392392,0.0003722638066392392,0.0003722638066392392,0.0003722638066392392,4.0
2284,0.0,0.0,0.0,0.0,0.0,0.0,0.0,0.0,9.050138032762334e-06,9.050138032762334e-06,9.050138032762334e-06,9.050138032762334e-06,9.050138032762334e-06,9.050138032762334e-06,9.050138032762334e-06,9.050138032762334e-06,0.0
2285,1.0,1.0,1.0,0.0,1.0,0.0,,,0.22302670776844025,0.22302670776844025,0.22302670776844025,0.22302670776844025,0.22302670776844025,0.22302670776844025,0.22302670776844025,0.22302670776844025,3.0
2286,0.0,0.0,0.0,0.0,0.0,0.0,0.0,0.0,3.127352465526201e-05,3.127352465526201e-05,3.127352465526201e-05,3.127352465526201e-05,3.127352465526201e-05,3.127352465526201e-05,3.127352465526201e-05,3.127352465526201e-05,2.0
2287,1.0,,1.0,1.0,1.0,1.0,,,0.0017118874238803983,0.0017118874238803983,0.0017118874238803983,0.0017118874238803983,0.0017118874238803983,0.0017118874238803983,0.0017118874238803983,0.0017118874238803983,3.0
2288,1.0,1.0,1.0,1.0,1.0,1.0,0.0,1.0,0.9952750205993652,0.9952750205993652,0.9952750205993652,0.9952750205993652,0.9952750205993652,0.9952750205993652,0.9952750205993652,0.9952750205993652,1.0
2289,0.0,0.0,0.0,0.0,0.0,0.0,0.0,0.0,1.2754341014442616e-06,1.2754341014442616e-06,1.2754341014442616e-06,1.2754341014442616e-06,1.2754341014442616e-06,1.2754341014442616e-06,1.2754341014442616e-06,1.2754341014442616e-06,0.0
2290,1.0,1.0,1.0,1.0,1.0,1.0,1.0,,0.47183260321617126,0.47183260321617126,0.47183260321617126,0.47183260321617126,0.47183260321617126,0.47183260321617126,0.47183260321617126,0.47183260321617126,0.0
2291,1.0,1.0,1.0,0.0,1.0,1.0,,,0.7302000522613525,0.7302000522613525,0.7302000522613525,0.7302000522613525,0.7302000522613525,0.7302000522613525,0.7302000522613525,0.7302000522613525,4.0
2292,0.0,,0.0,,0.0,0.0,,,2.8343636131467065e-06,2.8343636131467065e-06,2.8343636131467065e-06,2.8343636131467065e-06,2.8343636131467065e-06,2.8343636131467065e-06,2.8343636131467065e-06,2.8343636131467065e-06,2.0
2293,1.0,,1.0,1.0,1.0,1.0,,,0.05217450484633446,0.05217450484633446,0.05217450484633446,0.05217450484633446,0.05217450484633446,0.05217450484633446,0.05217450484633446,0.05217450484633446,3.0
2294,1.0,1.0,1.0,1.0,1.0,1.0,,,0.016408849507570267,0.016408849507570267,0.016408849507570267,0.016408849507570267,0.016408849507570267,0.016408849507570267,0.016408849507570267,0.016408849507570267,2.0
2295,1.0,0.0,0.0,1.0,1.0,1.0,,,0.0009628255502320826,0.0009628255502320826,0.0009628255502320826,0.0009628255502320826,0.0009628255502320826,0.0009628255502320826,0.0009628255502320826,0.0009628255502320826,1.0
2296,0.0,,0.0,0.0,0.0,0.0,,,2.131960354745388e-05,2.131960354745388e-05,2.131960354745388e-05,2.131960354745388e-05,2.131960354745388e-05,2.131960354745388e-05,2.131960354745388e-05,2.131960354745388e-05,3.0
2297,0.0,,0.0,0.0,0.0,0.0,,,2.873886114684865e-05,2.873886114684865e-05,2.873886114684865e-05,2.873886114684865e-05,2.873886114684865e-05,2.873886114684865e-05,2.873886114684865e-05,2.873886114684865e-05,4.0
2298,0.0,0.0,0.0,0.0,0.0,0.0,0.0,0.0,1.9182946289220126e-06,1.9182946289220126e-06,1.9182946289220126e-06,1.9182946289220126e-06,1.9182946289220126e-06,1.9182946289220126e-06,1.9182946289220126e-06,1.9182946289220126e-06,4.0
2299,0.0,1.0,1.0,1.0,1.0,0.0,1.0,0.0,0.0006681277882307768,0.0006681277882307768,0.0006681277882307768,0.0006681277882307768,0.0006681277882307768,0.0006681277882307768,0.0006681277882307768,0.0006681277882307768,2.0
2300,0.0,,0.0,0.0,0.0,0.0,,,2.9571313007181743e-06,2.9571313007181743e-06,2.9571313007181743e-06,2.9571313007181743e-06,2.9571313007181743e-06,2.9571313007181743e-06,2.9571313007181743e-06,2.9571313007181743e-06,4.0
2301,0.0,0.0,0.0,0.0,0.0,0.0,0.0,,1.945749545484432e-06,1.945749545484432e-06,1.945749545484432e-06,1.945749545484432e-06,1.945749545484432e-06,1.945749545484432e-06,1.945749545484432e-06,1.945749545484432e-06,4.0
2302,,,,,,,0.0,0.0,0.0002975967654492706,0.0002975967654492706,0.0002975967654492706,0.0002975967654492706,0.0002975967654492706,0.0002975967654492706,0.0002975967654492706,0.0002975967654492706,0.0
2303,1.0,1.0,1.0,0.0,1.0,1.0,1.0,1.0,0.39151960611343384,0.39151960611343384,0.39151960611343384,0.39151960611343384,0.39151960611343384,0.39151960611343384,0.39151960611343384,0.39151960611343384,1.0
2304,1.0,1.0,0.0,0.0,1.0,1.0,,,0.009719719178974628,0.009719719178974628,0.009719719178974628,0.009719719178974628,0.009719719178974628,0.009719719178974628,0.009719719178974628,0.009719719178974628,2.0
2305,1.0,1.0,1.0,0.0,1.0,0.0,1.0,0.0,0.29904794692993164,0.29904794692993164,0.29904794692993164,0.29904794692993164,0.29904794692993164,0.29904794692993164,0.29904794692993164,0.29904794692993164,4.0
2306,0.0,0.0,0.0,0.0,0.0,0.0,0.0,0.0,2.5957529032893945e-06,2.5957529032893945e-06,2.5957529032893945e-06,2.5957529032893945e-06,2.5957529032893945e-06,2.5957529032893945e-06,2.5957529032893945e-06,2.5957529032893945e-06,1.0
2307,1.0,1.0,1.0,0.0,1.0,1.0,0.0,0.0,0.07431609183549881,0.07431609183549881,0.07431609183549881,0.07431609183549881,0.07431609183549881,0.07431609183549881,0.07431609183549881,0.07431609183549881,4.0
2308,0.0,0.0,1.0,0.0,0.0,0.0,0.0,0.0,8.01167989266105e-05,8.01167989266105e-05,8.01167989266105e-05,8.01167989266105e-05,8.01167989266105e-05,8.01167989266105e-05,8.01167989266105e-05,8.01167989266105e-05,3.0
2309,0.0,0.0,0.0,0.0,0.0,0.0,0.0,0.0,1.7892056121127098e-06,1.7892056121127098e-06,1.7892056121127098e-06,1.7892056121127098e-06,1.7892056121127098e-06,1.7892056121127098e-06,1.7892056121127098e-06,1.7892056121127098e-06,0.0
2310,1.0,1.0,1.0,1.0,1.0,1.0,1.0,1.0,0.9991870522499084,0.9991870522499084,0.9991870522499084,0.9991870522499084,0.9991870522499084,0.9991870522499084,0.9991870522499084,0.9991870522499084,1.0
2311,0.0,0.0,0.0,0.0,0.0,0.0,0.0,0.0,6.279307854129001e-05,6.279307854129001e-05,6.279307854129001e-05,6.279307854129001e-05,6.279307854129001e-05,6.279307854129001e-05,6.279307854129001e-05,6.279307854129001e-05,4.0
2312,0.0,1.0,1.0,1.0,1.0,0.0,,,0.00039435509825125337,0.00039435509825125337,0.00039435509825125337,0.00039435509825125337,0.00039435509825125337,0.00039435509825125337,0.00039435509825125337,0.00039435509825125337,1.0
2313,1.0,,1.0,,1.0,1.0,,,0.00048494015936739743,0.00048494015936739743,0.00048494015936739743,0.00048494015936739743,0.00048494015936739743,0.00048494015936739743,0.00048494015936739743,0.00048494015936739743,1.0
2314,1.0,1.0,1.0,1.0,1.0,0.0,0.0,0.0,0.0401560477912426,0.0401560477912426,0.0401560477912426,0.0401560477912426,0.0401560477912426,0.0401560477912426,0.0401560477912426,0.0401560477912426,2.0
2315,1.0,1.0,1.0,1.0,1.0,1.0,0.0,0.0,0.03656432777643204,0.03656432777643204,0.03656432777643204,0.03656432777643204,0.03656432777643204,0.03656432777643204,0.03656432777643204,0.03656432777643204,4.0
2316,1.0,1.0,1.0,1.0,1.0,1.0,0.0,0.0,0.06975065171718597,0.06975065171718597,0.06975065171718597,0.06975065171718597,0.06975065171718597,0.06975065171718597,0.06975065171718597,0.06975065171718597,0.0
2317,1.0,1.0,1.0,1.0,1.0,1.0,1.0,1.0,0.9996849298477173,0.9996849298477173,0.9996849298477173,0.9996849298477173,0.9996849298477173,0.9996849298477173,0.9996849298477173,0.9996849298477173,4.0
2318,1.0,1.0,1.0,1.0,1.0,1.0,1.0,1.0,0.9992095232009888,0.9992095232009888,0.9992095232009888,0.9992095232009888,0.9992095232009888,0.9992095232009888,0.9992095232009888,0.9992095232009888,0.0
2319,0.0,0.0,0.0,0.0,0.0,0.0,,,0.0005162114975973964,0.0005162114975973964,0.0005162114975973964,0.0005162114975973964,0.0005162114975973964,0.0005162114975973964,0.0005162114975973964,0.0005162114975973964,0.0
2320,0.0,0.0,0.0,0.0,0.0,0.0,,,1.1626087143667974e-05,1.1626087143667974e-05,1.1626087143667974e-05,1.1626087143667974e-05,1.1626087143667974e-05,1.1626087143667974e-05,1.1626087143667974e-05,1.1626087143667974e-05,1.0
2321,0.0,0.0,0.0,0.0,0.0,0.0,,,3.899187049682951e-06,3.899187049682951e-06,3.899187049682951e-06,3.899187049682951e-06,3.899187049682951e-06,3.899187049682951e-06,3.899187049682951e-06,3.899187049682951e-06,2.0
2322,0.0,,0.0,,0.0,0.0,,,2.8902119083795696e-05,2.8902119083795696e-05,2.8902119083795696e-05,2.8902119083795696e-05,2.8902119083795696e-05,2.8902119083795696e-05,2.8902119083795696e-05,2.8902119083795696e-05,2.0
2323,1.0,,1.0,1.0,1.0,1.0,,,0.6889740824699402,0.6889740824699402,0.6889740824699402,0.6889740824699402,0.6889740824699402,0.6889740824699402,0.6889740824699402,0.6889740824699402,4.0
2324,1.0,,1.0,0.0,1.0,1.0,,,0.007689924910664558,0.007689924910664558,0.007689924910664558,0.007689924910664558,0.007689924910664558,0.007689924910664558,0.007689924910664558,0.007689924910664558,4.0
2325,1.0,1.0,1.0,0.0,1.0,1.0,1.0,,0.013582564890384674,0.013582564890384674,0.013582564890384674,0.013582564890384674,0.013582564890384674,0.013582564890384674,0.013582564890384674,0.013582564890384674,3.0
2326,1.0,1.0,1.0,1.0,1.0,1.0,0.0,1.0,0.9167936444282532,0.9167936444282532,0.9167936444282532,0.9167936444282532,0.9167936444282532,0.9167936444282532,0.9167936444282532,0.9167936444282532,4.0
2327,0.0,,0.0,,1.0,0.0,,,0.00018145823560189456,0.00018145823560189456,0.00018145823560189456,0.00018145823560189456,0.00018145823560189456,0.00018145823560189456,0.00018145823560189456,0.00018145823560189456,4.0
2328,0.0,0.0,0.0,0.0,0.0,0.0,0.0,0.0,4.300838918425143e-05,4.300838918425143e-05,4.300838918425143e-05,4.300838918425143e-05,4.300838918425143e-05,4.300838918425143e-05,4.300838918425143e-05,4.300838918425143e-05,4.0
2329,1.0,0.0,1.0,1.0,1.0,0.0,0.0,0.0,0.0034177240449935198,0.0034177240449935198,0.0034177240449935198,0.0034177240449935198,0.0034177240449935198,0.0034177240449935198,0.0034177240449935198,0.0034177240449935198,0.0
2330,1.0,1.0,1.0,1.0,1.0,1.0,1.0,,0.18566696345806122,0.18566696345806122,0.18566696345806122,0.18566696345806122,0.18566696345806122,0.18566696345806122,0.18566696345806122,0.18566696345806122,4.0
2331,0.0,0.0,1.0,0.0,1.0,0.0,0.0,0.0,0.002524804789572954,0.002524804789572954,0.002524804789572954,0.002524804789572954,0.002524804789572954,0.002524804789572954,0.002524804789572954,0.002524804789572954,4.0
2332,1.0,,1.0,1.0,1.0,1.0,,,0.9709611535072327,0.9709611535072327,0.9709611535072327,0.9709611535072327,0.9709611535072327,0.9709611535072327,0.9709611535072327,0.9709611535072327,3.0
2333,1.0,1.0,1.0,1.0,1.0,1.0,1.0,0.0,0.0014118999242782593,0.0014118999242782593,0.0014118999242782593,0.0014118999242782593,0.0014118999242782593,0.0014118999242782593,0.0014118999242782593,0.0014118999242782593,3.0
2334,0.0,,0.0,,0.0,0.0,,,2.5058664050447987e-06,2.5058664050447987e-06,2.5058664050447987e-06,2.5058664050447987e-06,2.5058664050447987e-06,2.5058664050447987e-06,2.5058664050447987e-06,2.5058664050447987e-06,4.0
2335,0.0,,1.0,0.0,0.0,0.0,0.0,0.0,0.00031328413751907647,0.00031328413751907647,0.00031328413751907647,0.00031328413751907647,0.00031328413751907647,0.00031328413751907647,0.00031328413751907647,0.00031328413751907647,1.0
2336,1.0,1.0,1.0,1.0,1.0,1.0,1.0,0.0,0.8190948963165283,0.8190948963165283,0.8190948963165283,0.8190948963165283,0.8190948963165283,0.8190948963165283,0.8190948963165283,0.8190948963165283,0.0
2337,1.0,1.0,1.0,1.0,1.0,1.0,1.0,0.0,0.18828584253787994,0.18828584253787994,0.18828584253787994,0.18828584253787994,0.18828584253787994,0.18828584253787994,0.18828584253787994,0.18828584253787994,4.0
2338,1.0,,1.0,0.0,1.0,1.0,,,0.0010291776852682233,0.0010291776852682233,0.0010291776852682233,0.0010291776852682233,0.0010291776852682233,0.0010291776852682233,0.0010291776852682233,0.0010291776852682233,2.0
2339,0.0,0.0,0.0,0.0,0.0,0.0,0.0,0.0,1.5111052562133409e-05,1.5111052562133409e-05,1.5111052562133409e-05,1.5111052562133409e-05,1.5111052562133409e-05,1.5111052562133409e-05,1.5111052562133409e-05,1.5111052562133409e-05,2.0
2340,0.0,0.0,0.0,0.0,0.0,0.0,0.0,0.0,0.0004301349399611354,0.0004301349399611354,0.0004301349399611354,0.0004301349399611354,0.0004301349399611354,0.0004301349399611354,0.0004301349399611354,0.0004301349399611354,4.0
2341,0.0,0.0,0.0,0.0,0.0,0.0,0.0,0.0,1.093287664843956e-05,1.093287664843956e-05,1.093287664843956e-05,1.093287664843956e-05,1.093287664843956e-05,1.093287664843956e-05,1.093287664843956e-05,1.093287664843956e-05,1.0
2342,1.0,1.0,1.0,0.0,1.0,1.0,1.0,,0.01332167536020279,0.01332167536020279,0.01332167536020279,0.01332167536020279,0.01332167536020279,0.01332167536020279,0.01332167536020279,0.01332167536020279,4.0
2343,1.0,1.0,1.0,1.0,1.0,1.0,1.0,0.0,0.1139545738697052,0.1139545738697052,0.1139545738697052,0.1139545738697052,0.1139545738697052,0.1139545738697052,0.1139545738697052,0.1139545738697052,4.0
2344,0.0,0.0,0.0,0.0,0.0,0.0,0.0,0.0,0.00016011988918762654,0.00016011988918762654,0.00016011988918762654,0.00016011988918762654,0.00016011988918762654,0.00016011988918762654,0.00016011988918762654,0.00016011988918762654,4.0
2345,0.0,0.0,0.0,0.0,0.0,0.0,0.0,0.0,4.060955234308494e-06,4.060955234308494e-06,4.060955234308494e-06,4.060955234308494e-06,4.060955234308494e-06,4.060955234308494e-06,4.060955234308494e-06,4.060955234308494e-06,3.0
2346,0.0,0.0,0.0,0.0,0.0,0.0,,,1.7738774431563797e-06,1.7738774431563797e-06,1.7738774431563797e-06,1.7738774431563797e-06,1.7738774431563797e-06,1.7738774431563797e-06,1.7738774431563797e-06,1.7738774431563797e-06,4.0
2347,0.0,0.0,0.0,0.0,0.0,0.0,0.0,0.0,1.5473584426217712e-05,1.5473584426217712e-05,1.5473584426217712e-05,1.5473584426217712e-05,1.5473584426217712e-05,1.5473584426217712e-05,1.5473584426217712e-05,1.5473584426217712e-05,2.0
2348,1.0,1.0,1.0,1.0,1.0,1.0,0.0,1.0,0.847312331199646,0.847312331199646,0.847312331199646,0.847312331199646,0.847312331199646,0.847312331199646,0.847312331199646,0.847312331199646,4.0
2349,0.0,,0.0,0.0,0.0,0.0,,,2.9571313007181743e-06,2.9571313007181743e-06,2.9571313007181743e-06,2.9571313007181743e-06,2.9571313007181743e-06,2.9571313007181743e-06,2.9571313007181743e-06,2.9571313007181743e-06,4.0
2350,0.0,1.0,0.0,0.0,0.0,0.0,1.0,0.0,0.25098755955696106,0.25098755955696106,0.25098755955696106,0.25098755955696106,0.25098755955696106,0.25098755955696106,0.25098755955696106,0.25098755955696106,2.0
2351,0.0,,0.0,0.0,0.0,0.0,,,0.00020735335419885814,0.00020735335419885814,0.00020735335419885814,0.00020735335419885814,0.00020735335419885814,0.00020735335419885814,0.00020735335419885814,0.00020735335419885814,3.0
2352,0.0,0.0,0.0,0.0,0.0,0.0,,,9.946877980837598e-06,9.946877980837598e-06,9.946877980837598e-06,9.946877980837598e-06,9.946877980837598e-06,9.946877980837598e-06,9.946877980837598e-06,9.946877980837598e-06,0.0
2353,0.0,,0.0,,0.0,0.0,,,1.9771182451222558e-06,1.9771182451222558e-06,1.9771182451222558e-06,1.9771182451222558e-06,1.9771182451222558e-06,1.9771182451222558e-06,1.9771182451222558e-06,1.9771182451222558e-06,4.0
2354,1.0,1.0,1.0,1.0,1.0,1.0,0.0,0.0,0.011103808879852295,0.011103808879852295,0.011103808879852295,0.011103808879852295,0.011103808879852295,0.011103808879852295,0.011103808879852295,0.011103808879852295,1.0
2355,0.0,0.0,0.0,0.0,0.0,0.0,,,0.0005590575165115297,0.0005590575165115297,0.0005590575165115297,0.0005590575165115297,0.0005590575165115297,0.0005590575165115297,0.0005590575165115297,0.0005590575165115297,1.0
2356,1.0,1.0,1.0,1.0,1.0,0.0,1.0,1.0,0.9948699474334717,0.9948699474334717,0.9948699474334717,0.9948699474334717,0.9948699474334717,0.9948699474334717,0.9948699474334717,0.9948699474334717,3.0
2357,0.0,0.0,0.0,,0.0,0.0,,,0.00011977433314314112,0.00011977433314314112,0.00011977433314314112,0.00011977433314314112,0.00011977433314314112,0.00011977433314314112,0.00011977433314314112,0.00011977433314314112,2.0
2358,0.0,0.0,0.0,,1.0,0.0,,,0.0057779643684625626,0.0057779643684625626,0.0057779643684625626,0.0057779643684625626,0.0057779643684625626,0.0057779643684625626,0.0057779643684625626,0.0057779643684625626,3.0
2359,0.0,,0.0,,0.0,0.0,,,2.805451686072047e-06,2.805451686072047e-06,2.805451686072047e-06,2.805451686072047e-06,2.805451686072047e-06,2.805451686072047e-06,2.805451686072047e-06,2.805451686072047e-06,4.0
2360,1.0,1.0,1.0,1.0,1.0,1.0,0.0,1.0,0.9302035570144653,0.9302035570144653,0.9302035570144653,0.9302035570144653,0.9302035570144653,0.9302035570144653,0.9302035570144653,0.9302035570144653,1.0
2361,0.0,,0.0,0.0,0.0,0.0,,,2.6336670089222025e-06,2.6336670089222025e-06,2.6336670089222025e-06,2.6336670089222025e-06,2.6336670089222025e-06,2.6336670089222025e-06,2.6336670089222025e-06,2.6336670089222025e-06,0.0
2362,1.0,,0.0,,1.0,1.0,,,6.3652901189925615e-06,6.3652901189925615e-06,6.3652901189925615e-06,6.3652901189925615e-06,6.3652901189925615e-06,6.3652901189925615e-06,6.3652901189925615e-06,6.3652901189925615e-06,2.0
2363,1.0,1.0,1.0,0.0,1.0,1.0,,,0.0016722684958949685,0.0016722684958949685,0.0016722684958949685,0.0016722684958949685,0.0016722684958949685,0.0016722684958949685,0.0016722684958949685,0.0016722684958949685,2.0
2364,0.0,1.0,,0.0,0.0,0.0,0.0,0.0,1.8757615180220455e-05,1.8757615180220455e-05,1.8757615180220455e-05,1.8757615180220455e-05,1.8757615180220455e-05,1.8757615180220455e-05,1.8757615180220455e-05,1.8757615180220455e-05,0.0
2365,0.0,,0.0,0.0,0.0,0.0,,,2.2310441636363976e-06,2.2310441636363976e-06,2.2310441636363976e-06,2.2310441636363976e-06,2.2310441636363976e-06,2.2310441636363976e-06,2.2310441636363976e-06,2.2310441636363976e-06,4.0
2366,1.0,1.0,1.0,0.0,1.0,1.0,0.0,0.0,0.0016597866779193282,0.0016597866779193282,0.0016597866779193282,0.0016597866779193282,0.0016597866779193282,0.0016597866779193282,0.0016597866779193282,0.0016597866779193282,3.0
2367,1.0,1.0,1.0,1.0,1.0,1.0,1.0,0.0,0.002217288361862302,0.002217288361862302,0.002217288361862302,0.002217288361862302,0.002217288361862302,0.002217288361862302,0.002217288361862302,0.002217288361862302,1.0
2368,1.0,1.0,1.0,1.0,1.0,1.0,,,0.8909072279930115,0.8909072279930115,0.8909072279930115,0.8909072279930115,0.8909072279930115,0.8909072279930115,0.8909072279930115,0.8909072279930115,2.0
2369,0.0,0.0,0.0,0.0,0.0,0.0,0.0,0.0,0.0007709460332989693,0.0007709460332989693,0.0007709460332989693,0.0007709460332989693,0.0007709460332989693,0.0007709460332989693,0.0007709460332989693,0.0007709460332989693,2.0
2370,0.0,0.0,0.0,0.0,0.0,0.0,0.0,0.0,6.918057351867901e-06,6.918057351867901e-06,6.918057351867901e-06,6.918057351867901e-06,6.918057351867901e-06,6.918057351867901e-06,6.918057351867901e-06,6.918057351867901e-06,0.0
2371,1.0,1.0,1.0,1.0,1.0,1.0,1.0,1.0,0.4624297022819519,0.4624297022819519,0.4624297022819519,0.4624297022819519,0.4624297022819519,0.4624297022819519,0.4624297022819519,0.4624297022819519,2.0
2372,1.0,1.0,1.0,1.0,1.0,1.0,0.0,,0.0002441878605168313,0.0002441878605168313,0.0002441878605168313,0.0002441878605168313,0.0002441878605168313,0.0002441878605168313,0.0002441878605168313,0.0002441878605168313,3.0
2373,0.0,0.0,0.0,0.0,0.0,0.0,0.0,,3.0505254471790977e-05,3.0505254471790977e-05,3.0505254471790977e-05,3.0505254471790977e-05,3.0505254471790977e-05,3.0505254471790977e-05,3.0505254471790977e-05,3.0505254471790977e-05,1.0
2374,1.0,1.0,1.0,1.0,1.0,1.0,0.0,1.0,0.026212751865386963,0.026212751865386963,0.026212751865386963,0.026212751865386963,0.026212751865386963,0.026212751865386963,0.026212751865386963,0.026212751865386963,1.0
2375,0.0,,0.0,,0.0,0.0,,,8.263462950708345e-05,8.263462950708345e-05,8.263462950708345e-05,8.263462950708345e-05,8.263462950708345e-05,8.263462950708345e-05,8.263462950708345e-05,8.263462950708345e-05,4.0
2376,0.0,0.0,0.0,0.0,0.0,0.0,0.0,0.0,2.0940922240697546e-06,2.0940922240697546e-06,2.0940922240697546e-06,2.0940922240697546e-06,2.0940922240697546e-06,2.0940922240697546e-06,2.0940922240697546e-06,2.0940922240697546e-06,4.0
2377,1.0,1.0,1.0,1.0,1.0,1.0,1.0,,0.007066314108669758,0.007066314108669758,0.007066314108669758,0.007066314108669758,0.007066314108669758,0.007066314108669758,0.007066314108669758,0.007066314108669758,3.0
2378,0.0,0.0,0.0,0.0,1.0,0.0,0.0,0.0,3.722768815350719e-05,3.722768815350719e-05,3.722768815350719e-05,3.722768815350719e-05,3.722768815350719e-05,3.722768815350719e-05,3.722768815350719e-05,3.722768815350719e-05,0.0
2379,0.0,0.0,0.0,0.0,0.0,0.0,0.0,0.0,1.705486965875025e-06,1.705486965875025e-06,1.705486965875025e-06,1.705486965875025e-06,1.705486965875025e-06,1.705486965875025e-06,1.705486965875025e-06,1.705486965875025e-06,4.0
2380,0.0,,0.0,0.0,0.0,0.0,,,0.00025518544134683907,0.00025518544134683907,0.00025518544134683907,0.00025518544134683907,0.00025518544134683907,0.00025518544134683907,0.00025518544134683907,0.00025518544134683907,0.0
2381,0.0,1.0,0.0,0.0,0.0,0.0,0.0,0.0,0.0022621082607656717,0.0022621082607656717,0.0022621082607656717,0.0022621082607656717,0.0022621082607656717,0.0022621082607656717,0.0022621082607656717,0.0022621082607656717,1.0
2382,0.0,0.0,0.0,0.0,0.0,0.0,0.0,0.0,1.1202240784768946e-05,1.1202240784768946e-05,1.1202240784768946e-05,1.1202240784768946e-05,1.1202240784768946e-05,1.1202240784768946e-05,1.1202240784768946e-05,1.1202240784768946e-05,2.0
2383,1.0,0.0,1.0,0.0,1.0,1.0,1.0,0.0,0.17564992606639862,0.17564992606639862,0.17564992606639862,0.17564992606639862,0.17564992606639862,0.17564992606639862,0.17564992606639862,0.17564992606639862,2.0
2384,1.0,1.0,1.0,1.0,1.0,1.0,1.0,1.0,0.9700422286987305,0.9700422286987305,0.9700422286987305,0.9700422286987305,0.9700422286987305,0.9700422286987305,0.9700422286987305,0.9700422286987305,1.0
2385,1.0,1.0,1.0,0.0,1.0,1.0,,,0.008577651344239712,0.008577651344239712,0.008577651344239712,0.008577651344239712,0.008577651344239712,0.008577651344239712,0.008577651344239712,0.008577651344239712,0.0
2386,0.0,0.0,0.0,0.0,0.0,0.0,1.0,0.0,0.00027026599855162203,0.00027026599855162203,0.00027026599855162203,0.00027026599855162203,0.00027026599855162203,0.00027026599855162203,0.00027026599855162203,0.00027026599855162203,0.0
2387,1.0,1.0,1.0,1.0,1.0,1.0,1.0,1.0,0.8995779752731323,0.8995779752731323,0.8995779752731323,0.8995779752731323,0.8995779752731323,0.8995779752731323,0.8995779752731323,0.8995779752731323,3.0
2388,1.0,1.0,1.0,1.0,1.0,0.0,1.0,0.0,0.0037607429549098015,0.0037607429549098015,0.0037607429549098015,0.0037607429549098015,0.0037607429549098015,0.0037607429549098015,0.0037607429549098015,0.0037607429549098015,1.0
2389,1.0,1.0,1.0,0.0,1.0,0.0,1.0,,0.0014048904413357377,0.0014048904413357377,0.0014048904413357377,0.0014048904413357377,0.0014048904413357377,0.0014048904413357377,0.0014048904413357377,0.0014048904413357377,1.0
2390,1.0,1.0,1.0,1.0,1.0,1.0,1.0,0.0,0.9140784740447998,0.9140784740447998,0.9140784740447998,0.9140784740447998,0.9140784740447998,0.9140784740447998,0.9140784740447998,0.9140784740447998,2.0
2391,1.0,,1.0,1.0,1.0,0.0,,,0.005214571952819824,0.005214571952819824,0.005214571952819824,0.005214571952819824,0.005214571952819824,0.005214571952819824,0.005214571952819824,0.005214571952819824,3.0
2392,,1.0,,0.0,,,,,0.0002101810823660344,0.0002101810823660344,0.0002101810823660344,0.0002101810823660344,0.0002101810823660344,0.0002101810823660344,0.0002101810823660344,0.0002101810823660344,1.0
2393,0.0,1.0,1.0,0.0,1.0,1.0,1.0,0.0,8.379187784157693e-05,8.379187784157693e-05,8.379187784157693e-05,8.379187784157693e-05,8.379187784157693e-05,8.379187784157693e-05,8.379187784157693e-05,8.379187784157693e-05,2.0
2394,1.0,1.0,1.0,1.0,1.0,1.0,0.0,0.0,0.42547279596328735,0.42547279596328735,0.42547279596328735,0.42547279596328735,0.42547279596328735,0.42547279596328735,0.42547279596328735,0.42547279596328735,4.0
