,True_FPV,True_ATV,True_IDV,True_LPV,True_NFV,True_SQV,True_TPV,True_DRV,Pred_Proba_FPV,Pred_Proba_ATV,Pred_Proba_IDV,Pred_Proba_LPV,Pred_Proba_NFV,Pred_Proba_SQV,Pred_Proba_TPV,Pred_Proba_DRV,kFolds
0,0.0,0.0,0.0,0.0,0.0,0.0,0.0,0.0,0.00013292742369230837,0.0002533983497414738,0.000549241725821048,1.644183612370398e-05,0.0005976560059934855,0.000375223346054554,8.09369157650508e-05,1.3635207324114162e-05,1.0
1,1.0,1.0,1.0,1.0,1.0,1.0,1.0,0.0,0.46436479687690735,0.9955542683601379,0.999175488948822,0.9990271329879761,0.9977988600730896,0.9986603260040283,0.24506855010986328,0.0011315838200971484,4.0
2,1.0,1.0,1.0,1.0,1.0,1.0,1.0,0.0,0.9989491105079651,0.9980454444885254,0.997201681137085,0.9246761202812195,0.9989656209945679,0.9944490194320679,0.9999262094497681,0.9989708662033081,0.0
3,0.0,0.0,0.0,0.0,0.0,0.0,0.0,0.0,0.0002321149077033624,0.09275101125240326,0.0016885549994185567,0.00011703524796757847,0.06644019484519958,9.193557343678549e-05,0.001779794692993164,4.9414917157264426e-05,0.0
4,0.0,0.0,0.0,0.0,0.0,0.0,0.0,0.0,1.013398195937043e-05,0.0010479061165824533,0.0004909366834908724,0.00011679911403916776,0.002749071456491947,1.1901503967237659e-05,0.014306711964309216,8.981825885712169e-06,4.0
5,0.0,0.0,0.0,0.0,0.0,0.0,0.0,0.0,0.0009926802013069391,0.004500372335314751,0.03638046979904175,0.00022864200582262129,0.017699377611279488,0.003418732900172472,0.0009252416784875095,1.8859873307519592e-05,1.0
6,0.0,0.0,0.0,0.0,0.0,0.0,0.0,0.0,0.00012760248500853777,0.0001207313544000499,0.0004769100924022496,3.4324188163736835e-05,0.0002539647975936532,0.0008905190043151379,0.005280940793454647,2.2942838768358342e-05,1.0
7,1.0,1.0,1.0,1.0,1.0,0.0,1.0,0.0,0.9964025020599365,0.9923273921012878,0.9977648258209229,0.9846308827400208,0.9440313577651978,0.030806155875325203,0.48570775985717773,0.31724223494529724,1.0
8,0.0,0.0,0.0,0.0,0.0,0.0,0.0,0.0,1.2876341315859463e-05,0.00013890091213397682,5.776738180429675e-05,1.4097037819738034e-05,0.0012632241705432534,0.002777379471808672,0.0058753034099936485,1.1297898709017318e-05,3.0
9,1.0,1.0,1.0,1.0,1.0,1.0,1.0,0.0,0.9939046502113342,0.9998301267623901,0.9886263012886047,0.16209575533866882,0.999197781085968,0.9856261610984802,0.05339057743549347,0.2220613658428192,1.0
10,1.0,1.0,1.0,1.0,1.0,1.0,1.0,1.0,0.9998965263366699,0.9997500777244568,0.9997443556785583,0.9998494386672974,0.9995490908622742,0.9779434204101562,0.9912899732589722,0.9644949436187744,0.0
11,1.0,1.0,1.0,1.0,1.0,1.0,1.0,1.0,0.9994662404060364,0.9994545578956604,0.9995079040527344,0.9991569519042969,0.999941349029541,0.9982409477233887,0.9995276927947998,0.486646831035614,2.0
12,0.0,0.0,0.0,0.0,0.0,0.0,0.0,0.0,0.00015806742885615677,0.0009284379775635898,0.0013172382023185492,5.634195986203849e-05,0.003771233605220914,0.0005035112262703478,0.0008317794417962432,3.779629196287715e-06,2.0
13,0.0,0.0,0.0,0.0,0.0,0.0,0.0,0.0,0.0034533003345131874,0.00011196077684871852,8.538240217603743e-05,0.0012091589160263538,0.000149363957461901,0.00013455774751491845,0.005145080387592316,0.00018161609477829188,4.0
14,1.0,1.0,1.0,1.0,1.0,1.0,1.0,1.0,0.9324327707290649,0.99978107213974,0.9958243370056152,0.9965593218803406,0.9990366697311401,0.9984070658683777,0.9500947594642639,0.9956472516059875,4.0
15,0.0,0.0,0.0,0.0,0.0,0.0,0.0,0.0,3.6886783618683694e-06,9.023310667544138e-06,6.004920123814372e-06,3.072537538173492e-06,3.893950270139612e-05,9.29400175664341e-06,4.632439959095791e-05,5.206736204854678e-06,2.0
16,0.0,0.0,0.0,0.0,0.0,0.0,0.0,0.0,2.3578777472721413e-05,0.0038749382365494967,0.007637124042958021,0.0003168275288771838,0.0004911234718747437,0.00024083246535155922,0.002515150234103203,8.082552085397765e-06,3.0
17,0.0,1.0,0.0,0.0,1.0,1.0,0.0,0.0,0.7704145312309265,0.9809818267822266,0.18474817276000977,0.0046886601485311985,0.9922620058059692,0.9542383551597595,0.004433257970958948,0.00033145330962724984,3.0
18,1.0,1.0,0.0,0.0,1.0,1.0,0.0,0.0,0.043666064739227295,0.9878755211830139,0.024936584755778313,0.01450174581259489,0.9744249582290649,0.9979789853096008,0.2261500507593155,0.005055638030171394,2.0
19,1.0,1.0,1.0,1.0,1.0,1.0,1.0,1.0,0.9938149452209473,0.9988909363746643,0.9969947338104248,0.9458940029144287,0.9997051358222961,0.9986057877540588,0.9993190765380859,0.3588505983352661,2.0
20,0.0,0.0,0.0,0.0,0.0,0.0,0.0,0.0,4.949972208123654e-06,6.272843893384561e-05,0.00011466298747109249,2.5518331312923692e-05,0.0011319131590425968,3.850230496027507e-05,7.445640949299559e-05,1.9610439267125912e-05,4.0
21,1.0,1.0,1.0,1.0,1.0,1.0,1.0,0.0,0.9999362230300903,0.9978675842285156,0.9995425939559937,0.9958808422088623,0.9938536882400513,0.9626448750495911,0.7207234501838684,0.3240543007850647,4.0
22,0.0,0.0,0.0,0.0,0.0,0.0,0.0,0.0,4.563860784401186e-05,7.429816469084471e-05,0.001097546424716711,1.000570318865357e-05,0.001498592784628272,3.800970262091141e-06,0.00014182172890286893,1.4597518202208448e-05,2.0
23,0.0,1.0,1.0,1.0,1.0,1.0,0.0,0.0,0.9304765462875366,0.999091386795044,0.9995458722114563,0.9997178912162781,0.9998517036437988,0.998571515083313,0.9119312167167664,0.021855339407920837,0.0
24,1.0,1.0,1.0,1.0,1.0,1.0,0.0,0.0,0.9831205606460571,0.9566649794578552,0.9799486994743347,0.18582525849342346,0.5966954827308655,0.10056541115045547,0.010574713349342346,0.00047815823927521706,2.0
25,0.0,1.0,1.0,0.0,1.0,0.0,1.0,0.0,0.9976836442947388,0.9971578121185303,0.9957444071769714,0.9859454035758972,0.9119217991828918,0.061160873621702194,0.74636310338974,0.008588277734816074,0.0
26,1.0,1.0,1.0,1.0,1.0,1.0,1.0,1.0,0.9998350143432617,0.9999203681945801,0.9999558925628662,0.9997687935829163,0.9999316930770874,0.9997151494026184,0.9997748732566833,0.9997983574867249,3.0
27,1.0,1.0,1.0,0.0,1.0,0.0,1.0,0.0,0.2036052942276001,0.9312602281570435,0.5844093561172485,0.18307866156101227,0.8548619151115417,0.35926708579063416,0.997748076915741,0.2611751854419708,4.0
28,0.0,0.0,0.0,0.0,0.0,0.0,0.0,0.0,0.00047652269131504,0.00038735187263228,0.000553725752979517,0.00022401957539841533,0.0008506118902005255,0.00024533181567676365,0.032208167016506195,6.128509085101541e-06,1.0
29,0.0,0.0,0.0,0.0,0.0,0.0,0.0,0.0,0.00032180847483687103,0.0002700375043787062,1.8499329598853365e-05,2.578015028120717e-06,0.0011217042338103056,7.220371480798349e-05,0.0045113107189536095,2.1294804355420638e-06,1.0
30,0.0,0.0,0.0,0.0,0.0,0.0,0.0,0.0,7.45807628845796e-05,4.278364576748572e-05,0.0008912272751331329,1.573820918565616e-05,0.000512787199113518,4.377605364425108e-05,0.00039109308272600174,1.1983517651970033e-05,0.0
31,0.0,0.0,0.0,0.0,0.0,0.0,0.0,0.0,0.00016469002002850175,8.908126619644463e-05,0.0004443746292963624,8.5712548752781e-05,0.0005877647781744599,0.00011085435107816011,0.00024059768475126475,5.136735853739083e-05,0.0
32,0.0,0.0,0.0,0.0,0.0,0.0,0.0,0.0,6.948068767087534e-05,0.0011532974895089865,0.00020493869669735432,2.052316631306894e-05,0.015559597872197628,0.00013891163689550012,0.00011581790749914944,3.604687890401692e-06,4.0
33,1.0,1.0,1.0,1.0,1.0,1.0,0.0,0.0,0.6370885372161865,0.983667254447937,0.9941054582595825,0.9862059950828552,0.9990782737731934,0.9809579253196716,0.00030322797829285264,0.00022490089759230614,1.0
34,0.0,1.0,1.0,0.0,1.0,1.0,1.0,0.0,0.9711019992828369,0.9876575469970703,0.9733460545539856,0.9209783673286438,0.9467175602912903,0.9737011790275574,0.1684221476316452,0.19826224446296692,4.0
35,0.0,1.0,1.0,0.0,1.0,1.0,0.0,0.0,0.023529184982180595,0.9913289546966553,0.9856132864952087,0.014899328351020813,0.9948312640190125,0.9615635275840759,0.0007564054685644805,4.242092836648226e-05,4.0
36,1.0,1.0,1.0,1.0,1.0,1.0,1.0,1.0,0.9990416169166565,0.9928215146064758,0.9988179802894592,0.997736930847168,0.9990954399108887,0.07687786966562271,0.9971126317977905,0.9494681358337402,3.0
37,0.0,1.0,1.0,0.0,1.0,0.0,1.0,0.0,0.005145136266946793,0.15720117092132568,0.013661114498972893,0.0007410639664158225,0.861514687538147,0.000766563753131777,0.046291522681713104,0.00014702843327540904,3.0
38,0.0,0.0,0.0,0.0,0.0,0.0,0.0,0.0,0.0026587825268507004,0.0012649158015847206,0.00032214520615525544,6.304195267148316e-05,0.012771879322826862,0.0003384148294571787,0.0009964315686374903,5.6833405324141495e-06,2.0
39,0.0,0.0,0.0,0.0,0.0,0.0,0.0,0.0,1.940109723364003e-05,1.0707970432122238e-05,6.532407860504463e-05,7.483095942006912e-06,0.000230699559324421,5.585956387221813e-05,0.00017968672909773886,1.9395081380935153e-06,0.0
40,0.0,0.0,0.0,0.0,0.0,0.0,0.0,0.0,1.568482184666209e-05,0.0032977107912302017,0.0020959218963980675,9.766612492967397e-05,0.03550190478563309,0.0015504831681028008,0.0007468548719771206,1.0524693607294466e-05,4.0
41,1.0,1.0,1.0,0.0,1.0,1.0,0.0,0.0,0.9983433485031128,0.9980691075325012,0.9910603165626526,0.992672860622406,0.9986761212348938,0.9993025064468384,0.3460750877857208,0.006267959717661142,2.0
42,1.0,1.0,1.0,1.0,1.0,1.0,1.0,1.0,0.997848629951477,0.9998635053634644,0.999755322933197,0.9998692274093628,0.9995285272598267,0.9981258511543274,0.9468834400177002,0.9968668818473816,2.0
43,0.0,0.0,0.0,0.0,0.0,0.0,0.0,0.0,1.30797097881441e-05,3.16035257128533e-05,6.452787056332454e-05,2.511083584977314e-05,0.00016339145076926798,3.261664824094623e-05,0.0010782013414427638,5.894214154977817e-06,1.0
44,0.0,0.0,0.0,0.0,0.0,0.0,0.0,0.0,1.882729156932328e-05,7.994409315870143e-06,6.752010449417867e-06,5.426605639513582e-06,0.00019382227037567645,2.3950993636390194e-05,0.0008079038234427571,1.9270630673418054e-06,0.0
45,1.0,1.0,1.0,1.0,1.0,1.0,1.0,0.0,0.9989492297172546,0.9996362924575806,0.9999208450317383,0.9998787641525269,0.9992141723632812,0.9998435974121094,0.9528432488441467,0.8620194792747498,3.0
46,1.0,1.0,1.0,1.0,1.0,1.0,0.0,0.0,0.9741126298904419,0.9995587468147278,0.9988976716995239,0.9997541308403015,0.9981156587600708,0.9934763312339783,0.01600319892168045,0.037315674126148224,2.0
47,1.0,1.0,1.0,1.0,1.0,1.0,1.0,1.0,0.92913818359375,0.9643850922584534,0.9472966194152832,0.41146138310432434,0.9847262501716614,0.9265913963317871,0.6889550089836121,0.5197054743766785,4.0
48,1.0,1.0,0.0,0.0,1.0,1.0,0.0,0.0,0.9992990493774414,0.9997363686561584,0.9984538555145264,0.7646758556365967,0.9973798394203186,0.9980396628379822,0.11876291036605835,0.12247830629348755,3.0
49,0.0,0.0,0.0,0.0,0.0,0.0,0.0,0.0,2.4564131308579817e-05,0.0007143006077967584,0.0007646508165635169,6.53541719657369e-05,0.002653523813933134,2.1985964849591255e-05,0.0005439490778371692,6.543556537508266e-06,1.0
50,0.0,0.0,0.0,0.0,0.0,0.0,0.0,0.0,6.737556395819411e-05,0.00018114378326572478,0.0010821749456226826,5.941773906670278e-06,0.00012823542056139559,5.25056166225113e-05,0.00016941592912189662,4.619117680704221e-05,2.0
51,1.0,1.0,1.0,1.0,1.0,1.0,1.0,1.0,0.9968162178993225,0.9983125925064087,0.9443819522857666,0.957830548286438,0.9857147336006165,0.12406875193119049,0.9260002970695496,0.9986775517463684,2.0
52,0.0,1.0,0.0,0.0,0.0,0.0,1.0,0.0,0.04547584801912308,0.1440977156162262,0.4088509976863861,0.09717055410146713,0.13764135539531708,0.13437281548976898,0.6233113408088684,0.008611687459051609,4.0
53,1.0,1.0,1.0,1.0,1.0,1.0,1.0,0.0,0.9980370402336121,0.9998528957366943,0.9999557733535767,0.9996101260185242,0.9999750852584839,0.9998418092727661,0.9990370273590088,0.8122338056564331,3.0
54,0.0,0.0,0.0,0.0,1.0,0.0,0.0,0.0,0.013367091305553913,0.14854823052883148,0.010448487475514412,9.95598456938751e-05,0.4283658564090729,0.0002807289420161396,0.01964113488793373,8.491880180372391e-06,0.0
55,0.0,0.0,0.0,0.0,0.0,0.0,0.0,0.0,0.000616779609117657,7.758603169349954e-05,5.861809040652588e-05,1.9510267520672642e-05,0.0004010283446405083,6.799332186346874e-05,0.0018988784868270159,7.634711437276565e-06,0.0
56,0.0,0.0,0.0,0.0,0.0,0.0,0.0,0.0,1.4605676369683351e-05,0.00017964252037927508,0.0002960386627819389,1.707334740785882e-05,0.00025494370493106544,7.841740443836898e-05,0.00040831201476976275,1.8801132682710886e-05,2.0
57,1.0,1.0,1.0,1.0,1.0,1.0,1.0,1.0,0.9704415202140808,0.9988177418708801,0.9837087392807007,0.34186771512031555,0.9944164752960205,0.9893931150436401,0.9836075901985168,0.6326045393943787,2.0
58,1.0,1.0,1.0,1.0,1.0,1.0,0.0,1.0,0.999962329864502,0.9961883425712585,0.9998276233673096,0.9996002316474915,0.9999561309814453,0.9987773299217224,0.2969536781311035,0.9992660880088806,4.0
59,1.0,1.0,1.0,1.0,1.0,1.0,1.0,1.0,0.999854326248169,0.9998722076416016,0.9996022582054138,0.9969639182090759,0.9998127818107605,0.9995608925819397,0.9973381161689758,0.9970198273658752,0.0
60,1.0,1.0,1.0,1.0,1.0,1.0,0.0,1.0,0.9988923668861389,0.9596145749092102,0.9795107245445251,0.9937564134597778,0.9880179166793823,0.09798690676689148,0.7757548689842224,0.9929152727127075,0.0
61,1.0,1.0,1.0,1.0,1.0,1.0,1.0,0.0,0.9511982798576355,0.9998313188552856,0.9950599074363708,0.9994280934333801,0.9990031123161316,0.999671459197998,0.9962206482887268,0.3236719071865082,2.0
62,0.0,0.0,1.0,0.0,1.0,0.0,0.0,0.0,0.0061535462737083435,0.3898470997810364,0.3821455240249634,0.010632934048771858,0.42264968156814575,0.0007457979954779148,0.00039066755562089384,0.00010233215289190412,4.0
63,1.0,1.0,1.0,1.0,1.0,0.0,0.0,0.0,0.9990739822387695,0.548423171043396,0.9974391460418701,0.9877879023551941,0.8830162286758423,0.5468090176582336,0.01572548784315586,0.02588430792093277,0.0
64,0.0,0.0,0.0,0.0,0.0,0.0,0.0,0.0,1.4375648788700346e-05,0.00021486498008016497,0.0002852651523426175,7.061462383717299e-05,0.00019311481446493417,3.259460208937526e-05,0.0003654140455182642,5.2236224291846156e-05,4.0
65,0.0,0.0,0.0,0.0,0.0,0.0,0.0,0.0,0.0013432275736704469,0.0005562836886383593,0.001700358814559877,0.0018757926300168037,0.0006836906541138887,0.002225691918283701,0.03308437019586563,9.243091335520148e-05,1.0
66,1.0,0.0,0.0,0.0,0.0,0.0,1.0,0.0,0.8934239149093628,0.7284746170043945,0.2868809401988983,0.001296283327974379,0.8756362199783325,0.1644728034734726,0.9717478156089783,0.0006898294668644667,0.0
67,1.0,0.0,1.0,1.0,1.0,0.0,0.0,1.0,0.9973330497741699,0.27239149808883667,0.9972444772720337,0.9784572124481201,0.7568356990814209,0.8686689138412476,0.14487415552139282,0.02663915604352951,0.0
68,0.0,0.0,0.0,0.0,0.0,0.0,0.0,0.0,0.0002163176832254976,0.0006122321356087923,0.0018548956140875816,3.309348176117055e-05,0.0006895744008943439,0.00013065425446256995,0.01858329400420189,8.741050805838313e-06,2.0
69,0.0,0.0,0.0,0.0,0.0,0.0,0.0,0.0,0.00035190998460166156,3.0078446798142977e-05,0.00021778870723210275,0.00012401585991028696,0.0010176653740927577,0.0005855243070982397,0.004004091024398804,3.047821155632846e-05,1.0
70,1.0,1.0,0.0,0.0,1.0,0.0,0.0,0.0,0.43480655550956726,0.9920480847358704,0.9982336759567261,0.04681384190917015,0.9955928921699524,0.5066207051277161,0.2355707883834839,0.00724571431055665,0.0
71,1.0,1.0,1.0,1.0,1.0,1.0,0.0,0.0,0.5601887106895447,0.9998051524162292,0.9995569586753845,0.9984253644943237,0.9976968169212341,0.9989733695983887,0.579472005367279,0.11268050968647003,1.0
72,1.0,0.0,1.0,1.0,1.0,0.0,0.0,0.0,0.9990094900131226,0.6790056228637695,0.9731245636940002,0.9972532391548157,0.9956319332122803,0.5355412364006042,0.07051509618759155,0.1069464161992073,0.0
73,1.0,1.0,1.0,1.0,1.0,1.0,0.0,1.0,0.9999423027038574,0.9999803304672241,0.9996446371078491,0.9997078776359558,0.999778687953949,0.9979490637779236,0.995153546333313,0.9765287041664124,2.0
74,0.0,0.0,0.0,0.0,0.0,0.0,0.0,0.0,0.0008513258071616292,0.014202076010406017,0.019832992926239967,0.00016483863873872906,0.13630938529968262,0.007557498756796122,0.00542455306276679,9.82593119260855e-05,2.0
75,1.0,1.0,1.0,0.0,1.0,1.0,0.0,0.0,0.9003795981407166,0.025507908314466476,0.938784122467041,0.08008634299039841,0.3784613609313965,0.35429200530052185,0.43182170391082764,0.10759364068508148,2.0
76,0.0,0.0,0.0,0.0,0.0,0.0,0.0,0.0,9.468934149481356e-05,9.811297059059143e-05,1.107819662138354e-05,1.8039945643977262e-05,0.00028988823760300875,6.394202500814572e-05,0.0016142366221174598,3.160496999043971e-05,0.0
77,1.0,0.0,0.0,0.0,0.0,0.0,0.0,0.0,0.00832393392920494,0.0038376408629119396,0.007910546846687794,0.007532112766057253,0.7702288031578064,0.0059169866144657135,0.002192544285207987,0.000502472510561347,1.0
78,0.0,1.0,1.0,1.0,1.0,1.0,1.0,0.0,0.986649215221405,0.9995428323745728,0.9992629885673523,0.9995625615119934,0.999529242515564,0.9994932413101196,0.9912817478179932,0.0330696664750576,1.0
79,0.0,0.0,0.0,0.0,0.0,0.0,0.0,0.0,5.6202807172667235e-05,0.002085796557366848,0.0001484991080360487,0.00013597733050119132,0.0014358896296471357,0.0017610605573281646,0.0003452346136327833,2.782800220302306e-05,1.0
80,1.0,1.0,1.0,1.0,1.0,1.0,1.0,0.0,0.9899815917015076,0.9997302889823914,0.9970411658287048,0.7676119804382324,0.9127792119979858,0.38093301653862,0.2306918203830719,0.1670251488685608,4.0
81,0.0,0.0,0.0,0.0,0.0,0.0,0.0,0.0,0.0003269440494477749,0.17598240077495575,0.009868498891592026,0.00018086090858560055,0.0085890619084239,0.0006661834195256233,0.0024450598284602165,1.5419009287143126e-05,1.0
82,0.0,0.0,1.0,0.0,0.0,0.0,0.0,0.0,0.02951330877840519,0.966609001159668,0.9786230325698853,0.9799011945724487,0.993720293045044,0.22980830073356628,0.07691340893507004,0.00010201433178735897,1.0
83,0.0,0.0,0.0,0.0,0.0,0.0,0.0,0.0,2.0612962543964386e-05,1.4008881407789886e-05,2.5872906917356886e-05,2.1677584300050512e-05,3.8536873034900054e-05,1.3669175132235978e-05,0.000253061531111598,1.2990529285161756e-05,2.0
84,1.0,1.0,1.0,0.0,1.0,1.0,0.0,1.0,0.9707015752792358,0.9989200830459595,0.8961141705513,0.9738403558731079,0.9993805885314941,0.9982006549835205,0.6422456502914429,0.042719874531030655,1.0
85,0.0,0.0,0.0,0.0,0.0,0.0,0.0,0.0,5.698667337128427e-06,1.6142828826559708e-05,1.8599648683448322e-05,2.3887716452009045e-05,0.0007767058559693396,9.875930118141696e-06,0.00022912713757250458,1.6234625945799053e-05,4.0
86,1.0,1.0,1.0,1.0,1.0,1.0,1.0,1.0,0.9982466697692871,0.9996151924133301,0.9991010427474976,0.9996333122253418,0.9998675584793091,0.9997525811195374,0.999957799911499,0.12062983214855194,0.0
87,1.0,1.0,1.0,1.0,1.0,1.0,1.0,0.0,0.9995593428611755,0.9997174143791199,0.999767005443573,0.998325765132904,0.9987636804580688,0.9985590577125549,0.7450792789459229,0.058548133820295334,4.0
88,0.0,0.0,0.0,0.0,0.0,0.0,0.0,0.0,0.00014983126311562955,0.0017810803838074207,9.375502122566104e-05,2.821477573888842e-05,0.0007681549759581685,0.00013883470091968775,0.0008438447257503867,3.2138466394826537e-06,0.0
89,1.0,1.0,1.0,1.0,1.0,1.0,1.0,1.0,0.9894249439239502,0.9998065829277039,0.9999055862426758,0.9927685260772705,0.9990895986557007,0.9997045397758484,0.9401592016220093,0.982229471206665,2.0
90,1.0,1.0,1.0,0.0,1.0,1.0,1.0,0.0,0.9878617525100708,0.48105764389038086,0.989247739315033,0.2502107322216034,0.982685923576355,0.9978758096694946,0.9717589616775513,0.05249219015240669,1.0
91,0.0,1.0,1.0,0.0,1.0,1.0,0.0,0.0,0.07787957787513733,0.9842601418495178,0.9060580730438232,0.044950585812330246,0.9982845187187195,0.9683180451393127,0.019517427310347557,0.0007420091424137354,4.0
92,0.0,0.0,0.0,0.0,0.0,0.0,0.0,0.0,3.0315155527205206e-05,8.975489436124917e-06,2.4431084966636263e-05,7.678024303459097e-06,0.00034745759330689907,2.268866046506446e-05,0.0002572481462266296,3.7369670735643012e-06,0.0
93,0.0,0.0,0.0,0.0,0.0,0.0,0.0,0.0,0.0001648344041313976,0.00018085900228470564,0.0007518037455156446,6.2103840718918946e-06,0.00040730377077125013,0.00019870340474881232,1.560574492032174e-05,2.1517282220884226e-05,2.0
94,1.0,1.0,1.0,1.0,1.0,1.0,1.0,0.0,0.9981939196586609,0.9993792772293091,0.9998466968536377,0.9990561604499817,0.9994885921478271,0.9989761114120483,0.30466052889823914,0.004742779769003391,1.0
95,0.0,0.0,0.0,0.0,0.0,0.0,0.0,0.0,0.00012703177344519645,0.002167393919080496,0.0005877852672711015,0.00010279827984049916,0.0012455728137865663,0.0008512415224686265,5.552724906010553e-05,5.710553978133248e-06,4.0
96,1.0,1.0,1.0,1.0,1.0,1.0,1.0,1.0,0.9989263415336609,0.9962449669837952,0.996758759021759,0.7950043678283691,0.9991514682769775,0.9988811612129211,0.9065935015678406,0.9951274394989014,0.0
97,0.0,0.0,0.0,0.0,0.0,0.0,0.0,0.0,3.762532287510112e-05,0.009063838981091976,0.0015743664698675275,9.198845509672537e-05,0.0021135692950338125,0.0012318938970565796,0.0009824159787967801,6.054626737750368e-06,1.0
98,0.0,1.0,1.0,0.0,1.0,1.0,0.0,0.0,0.0005369663704186678,0.26397183537483215,0.08144021034240723,0.0005757012986578047,0.8579463362693787,0.013537037186324596,0.0021693180315196514,3.9184615161502734e-05,4.0
99,1.0,1.0,1.0,1.0,1.0,1.0,1.0,1.0,0.9997311234474182,0.9994945526123047,0.9997072815895081,0.9998562335968018,0.9999376535415649,0.9999215602874756,0.9994897842407227,0.6140775084495544,4.0
100,1.0,1.0,1.0,1.0,1.0,1.0,1.0,1.0,0.9969750642776489,0.9998644590377808,0.9985698461532593,0.9997636675834656,0.9999110698699951,0.9969956874847412,0.9984910488128662,0.9265702962875366,0.0
101,1.0,1.0,1.0,1.0,1.0,1.0,1.0,0.0,0.9971250891685486,0.9897392392158508,0.9893548488616943,0.9972359538078308,0.9979250431060791,0.9926880598068237,0.10392066836357117,0.0052389162592589855,0.0
102,1.0,1.0,1.0,1.0,1.0,1.0,1.0,1.0,0.9987358450889587,0.9999500513076782,0.9998873472213745,0.9997349381446838,0.9998931884765625,0.9997591376304626,0.9959052801132202,0.9308245778083801,2.0
103,0.0,0.0,0.0,0.0,0.0,0.0,0.0,0.0,1.8360971807851456e-05,3.640944487415254e-05,0.000561212538741529,6.8981416916358285e-06,7.230728078866377e-05,3.5964694689027965e-05,0.0006551488186232746,4.289329444873147e-05,3.0
104,0.0,0.0,0.0,0.0,0.0,0.0,0.0,0.0,1.3331958143680822e-05,7.388950507447589e-06,7.636385817022528e-06,3.691757683554897e-06,0.00014906402793712914,1.668658478592988e-05,2.362025588809047e-05,6.1390614973788615e-06,2.0
105,0.0,0.0,0.0,0.0,0.0,0.0,0.0,0.0,0.0006198395858518779,0.0006552936974912882,0.0011297243181616068,0.0002430420572636649,0.00047150099999271333,0.0019176806090399623,0.001291843829676509,6.475858299381798e-06,4.0
106,0.0,0.0,0.0,0.0,0.0,0.0,0.0,0.0,7.914317393442616e-05,3.06742440443486e-05,1.6042398783611134e-05,8.749207154323813e-06,0.000294669036520645,1.7900003513204865e-05,0.0009729076409712434,4.178893505013548e-06,0.0
107,0.0,1.0,0.0,0.0,0.0,0.0,0.0,0.0,0.0010687841568142176,0.00311211496591568,0.0007535912445746362,0.0007719906861893833,0.2125510275363922,0.0024003135040402412,0.00846196711063385,2.016694998019375e-05,0.0
108,1.0,1.0,1.0,1.0,1.0,1.0,1.0,0.0,0.9991569519042969,0.9998458623886108,0.9991922974586487,0.9930046200752258,0.9983811378479004,0.9288069009780884,0.8765954971313477,0.0577099584043026,2.0
109,0.0,0.0,0.0,0.0,1.0,0.0,0.0,0.0,0.1085517480969429,0.6316560506820679,0.8359612822532654,0.0003371478524059057,0.4361802041530609,0.23678070306777954,0.12703487277030945,0.00014337165339384228,0.0
110,0.0,0.0,0.0,0.0,0.0,0.0,0.0,0.0,0.0008214531699195504,7.81588678364642e-05,0.00028684205608442426,0.00015791798068676144,0.007388728205114603,0.0016877353191375732,0.0037435777485370636,6.799578841309994e-05,0.0
111,1.0,1.0,1.0,1.0,1.0,1.0,0.0,0.0,0.6733977198600769,0.994813084602356,0.9808681607246399,0.9816925525665283,0.9926397800445557,0.9657676815986633,0.01956965960562229,0.013742037117481232,3.0
112,0.0,0.0,0.0,0.0,0.0,0.0,0.0,0.0,0.0004184753925073892,0.06394334137439728,0.06523428112268448,0.0005259143654257059,0.015623308718204498,0.0005535233649425209,0.008010610938072205,4.763647302752361e-05,3.0
113,0.0,0.0,0.0,0.0,1.0,0.0,0.0,0.0,0.003578878939151764,0.0011024052510038018,0.021864598616957664,6.578429747605696e-05,0.1981898993253708,0.0021918579004704952,0.01753123477101326,1.9695284208864905e-05,2.0
114,0.0,0.0,0.0,0.0,0.0,0.0,0.0,0.0,1.3859770660928916e-05,0.00019385054474696517,4.1524686821503565e-05,2.6407507903059013e-05,0.0004363949119579047,0.0016344493487849832,3.322090924484655e-05,4.885720500169555e-06,2.0
115,0.0,0.0,0.0,0.0,0.0,0.0,0.0,0.0,2.1726427803514525e-05,0.00018059794092550874,1.986516872420907e-05,4.486176112550311e-05,0.001066972385160625,3.379209010745399e-05,8.545978198526427e-05,4.3796212594315875e-06,3.0
116,0.0,0.0,0.0,0.0,0.0,0.0,0.0,0.0,9.673070962890051e-06,0.00015601195627823472,0.0003580140182748437,9.700832379166968e-06,0.00018585768702905625,3.534313873387873e-05,0.0003077861911151558,8.925231668399647e-06,2.0
117,1.0,1.0,1.0,1.0,1.0,1.0,1.0,1.0,0.9996416568756104,0.9993783235549927,0.9983554482460022,0.9982895255088806,0.9995294809341431,0.9638051390647888,0.9997277855873108,0.9372560977935791,2.0
118,0.0,0.0,0.0,0.0,0.0,0.0,0.0,0.0,9.023038728628308e-05,0.0021149886306375265,0.000450393941719085,9.132010745815933e-05,0.0005272700218483806,0.0005517429672181606,0.005436338018625975,9.4874449132476e-06,1.0
119,1.0,1.0,1.0,1.0,1.0,1.0,1.0,1.0,0.5326761603355408,0.982517659664154,0.9862139821052551,0.4232342541217804,0.9910662770271301,0.6258293986320496,0.058213971555233,0.5400257706642151,3.0
120,1.0,1.0,1.0,1.0,1.0,0.0,1.0,1.0,0.9995121955871582,0.9981355667114258,0.9995802044868469,0.9876092672348022,0.9823373556137085,0.35100334882736206,0.7649950385093689,0.47336387634277344,0.0
121,1.0,1.0,1.0,0.0,1.0,1.0,0.0,0.0,0.14944590628147125,0.9797717928886414,0.8862239718437195,0.9148867130279541,0.9954038858413696,0.990328848361969,0.9774627685546875,0.01424369402229786,4.0
122,0.0,0.0,0.0,0.0,0.0,0.0,0.0,0.0,7.903088771854527e-06,0.00016776323900558054,2.132930421794299e-05,6.886921255500056e-06,0.0005968593177385628,5.289136606734246e-05,0.00014149754133541137,1.6609316162430332e-06,3.0
123,0.0,0.0,0.0,0.0,0.0,0.0,0.0,0.0,2.8900190955027938e-05,6.915658013895154e-05,4.14745845773723e-05,8.408225767198019e-06,0.00030484251328743994,4.6685614506714046e-05,4.8792782763484865e-05,2.9479433578671888e-06,3.0
124,0.0,0.0,0.0,0.0,0.0,0.0,0.0,0.0,9.936370042851195e-05,1.3239518011687323e-05,7.170467142714188e-05,8.98233975021867e-06,0.00026819988852366805,5.3753705287817866e-05,0.0001713407109491527,9.760687134985346e-06,2.0
125,0.0,0.0,0.0,0.0,0.0,0.0,0.0,0.0,0.0010272831423208117,0.00020054378546774387,0.0009237723425030708,0.00015325023559853435,0.027002207934856415,0.00040642626117914915,0.0003965199866797775,1.3721902178076562e-05,1.0
126,1.0,1.0,1.0,1.0,1.0,1.0,1.0,1.0,0.9997346997261047,0.9998961687088013,0.9998914003372192,0.9976686835289001,0.9999140501022339,0.8502331972122192,0.7061759829521179,0.7658101916313171,2.0
127,0.0,1.0,1.0,0.0,1.0,1.0,0.0,0.0,0.31611156463623047,0.8837497234344482,0.6037070751190186,0.4929235279560089,0.007901734672486782,0.2409980446100235,0.002054631244391203,0.0001316120760748163,3.0
128,1.0,0.0,0.0,1.0,0.0,0.0,0.0,0.0,0.8547690510749817,0.42270952463150024,0.6702322363853455,0.9437863230705261,0.7375423312187195,0.033491987735033035,0.025810126215219498,0.3822861611843109,4.0
129,1.0,1.0,0.0,1.0,1.0,0.0,1.0,0.0,0.9366773366928101,0.9436538219451904,0.48474493622779846,0.634212076663971,0.9764359593391418,0.01654318906366825,0.9658052921295166,0.017783379182219505,3.0
130,0.0,1.0,0.0,0.0,1.0,0.0,1.0,0.0,0.8833168745040894,0.7792233824729919,0.09345322847366333,0.9893012642860413,0.953557550907135,0.0048902458511292934,0.9793311953544617,0.006819883827120066,4.0
131,0.0,0.0,0.0,0.0,0.0,0.0,0.0,0.0,4.267814438208006e-05,0.00043226685374975204,4.903211447526701e-05,2.6921426979242824e-05,0.001254826900549233,2.847538416972384e-05,0.00014530202315654606,4.5349115680437535e-06,1.0
132,0.0,0.0,0.0,0.0,0.0,0.0,0.0,0.0,2.126001527358312e-05,0.0011088066967204213,0.00015958321455400437,2.2943233489058912e-05,0.0004132741305511445,0.00031356114777736366,0.001685854746028781,1.8980637833010405e-05,2.0
133,0.0,0.0,0.0,0.0,0.0,0.0,0.0,0.0,5.056494410382584e-05,0.05270116403698921,0.014116652309894562,0.00022184578119777143,0.008594399318099022,0.00024345859128516167,0.00014424625260289758,3.9062237192410976e-05,1.0
134,1.0,1.0,1.0,1.0,1.0,1.0,1.0,0.0,0.9993016719818115,0.9657704830169678,0.9951837658882141,0.6764973998069763,0.93039470911026,0.8499827980995178,0.9968517422676086,0.19763752818107605,4.0
135,0.0,0.0,0.0,0.0,0.0,0.0,0.0,0.0,4.699843702837825e-05,0.00017506103904452175,0.0003002657613251358,1.3172605576983187e-05,0.00211658445186913,2.046428016910795e-05,0.0001260663993889466,7.711155376455281e-06,1.0
136,1.0,1.0,1.0,1.0,1.0,1.0,1.0,0.0,0.9894040822982788,0.9996891021728516,0.9998801946640015,0.9996271133422852,0.9995927214622498,0.9945521950721741,0.9935696125030518,0.005041401367634535,0.0
137,0.0,0.0,0.0,0.0,0.0,0.0,0.0,0.0,8.469983004033566e-05,0.0049933758564293385,0.0005551379872485995,0.00042978840065188706,0.0011835650075227022,0.0001878466719062999,0.00019535089086275548,1.4593244486604817e-05,1.0
138,0.0,0.0,0.0,0.0,0.0,0.0,0.0,0.0,1.186997087643249e-05,0.00016763883468229324,0.0001146730428445153,1.9138442439725623e-05,0.0003435018297750503,0.00014249190280679613,6.029874930391088e-05,5.533767307497328e-06,4.0
139,0.0,0.0,0.0,0.0,0.0,0.0,0.0,0.0,0.00035754195414483547,0.01217977050691843,0.0009931446984410286,3.251738962717354e-05,0.025147516280412674,3.881389420712367e-05,0.029825810343027115,7.137428474379703e-05,0.0
140,1.0,1.0,1.0,1.0,1.0,1.0,1.0,0.0,0.9963280558586121,0.9989604949951172,0.9994339346885681,0.999902606010437,0.9994706511497498,0.9995085000991821,0.9142832159996033,0.24988514184951782,1.0
141,0.0,0.0,0.0,0.0,0.0,0.0,0.0,0.0,0.00028176448540762067,0.01526489108800888,0.0036987208295613527,0.00029637699481099844,0.041290245950222015,0.04112035036087036,0.005852343048900366,6.921939348103479e-05,1.0
142,1.0,1.0,1.0,1.0,1.0,1.0,1.0,1.0,0.9996516704559326,0.9997912049293518,0.9995915293693542,0.9244174957275391,0.9998779296875,0.9984918832778931,0.9985170960426331,0.21942417323589325,2.0
143,1.0,1.0,1.0,1.0,1.0,1.0,1.0,1.0,0.9992924928665161,0.9986531734466553,0.9998385906219482,0.9991173148155212,0.9996799230575562,0.999638557434082,0.9370525479316711,0.9705618619918823,3.0
144,1.0,1.0,1.0,1.0,1.0,1.0,0.0,0.0,0.9830717444419861,0.9982170462608337,0.9992747902870178,0.9995890259742737,0.999847412109375,0.998295247554779,0.7528185248374939,0.007892581634223461,1.0
145,0.0,0.0,0.0,0.0,0.0,0.0,0.0,0.0,1.3331958143680822e-05,7.388950507447589e-06,7.636385817022528e-06,3.691757683554897e-06,0.00016322483133990318,1.1753048966056667e-05,1.1734212421288248e-05,1.2637387953873258e-05,2.0
146,1.0,1.0,0.0,1.0,1.0,0.0,0.0,1.0,0.9999480247497559,0.9005330801010132,0.976340115070343,0.975326657295227,0.9618036150932312,0.0008805487887002528,0.03877030313014984,0.9944334626197815,3.0
147,1.0,1.0,1.0,1.0,1.0,1.0,1.0,0.0,0.03648658096790314,0.4625433683395386,0.993186354637146,0.6125501990318298,0.9987815022468567,0.08165299147367477,0.14056916534900665,0.0022595925256609917,3.0
148,0.0,1.0,0.0,0.0,1.0,0.0,0.0,0.0,0.9954608082771301,0.32834386825561523,0.7220910787582397,0.5786120295524597,0.1140708178281784,0.002603172790259123,0.5193102955818176,0.005312417168170214,1.0
149,1.0,1.0,1.0,1.0,1.0,1.0,1.0,1.0,0.9998713731765747,0.9994730353355408,0.9996682405471802,0.9988710284233093,0.9999591112136841,0.9994103908538818,0.9991241097450256,0.03322886303067207,2.0
150,1.0,1.0,1.0,1.0,1.0,1.0,0.0,0.0,0.16347649693489075,0.9966549873352051,0.9994254112243652,0.9987934827804565,0.9952458739280701,0.9997168183326721,0.30114808678627014,0.013148912228643894,3.0
151,0.0,0.0,0.0,0.0,0.0,0.0,0.0,0.0,5.3647803724743426e-05,0.00011813336459454149,0.00022112924489192665,1.175251145468792e-05,0.0008957794634625316,0.00037771189818158746,2.6574292860459536e-05,1.3403245247900486e-05,3.0
152,0.0,0.0,0.0,0.0,0.0,0.0,0.0,0.0,0.0003510975220706314,0.06792119890451431,0.005657346453517675,0.00037492410046979785,0.028891917318105698,0.0013027485692873597,0.007729270961135626,1.3430871149466839e-05,3.0
153,0.0,0.0,0.0,0.0,0.0,0.0,0.0,0.0,8.532909123459831e-05,9.185398812405765e-05,0.00016482197679579258,5.919450813962612e-06,0.001391126774251461,0.00013453645806293935,0.0011359065538272262,1.0254805602016859e-05,2.0
154,1.0,1.0,1.0,1.0,1.0,1.0,1.0,1.0,0.9998205304145813,0.9997448325157166,0.9996470212936401,0.9892093539237976,0.999884843826294,0.9992104768753052,0.6180292963981628,0.9776067733764648,3.0
155,1.0,1.0,1.0,1.0,1.0,1.0,0.0,0.0,0.9970725774765015,0.9997853636741638,0.9999496936798096,0.9997270703315735,0.9999443292617798,0.9998262524604797,0.8262313604354858,0.004726926330476999,1.0
156,1.0,1.0,1.0,1.0,1.0,1.0,1.0,1.0,0.9989645481109619,0.9997641444206238,0.9997381567955017,0.9998410940170288,0.9997604489326477,0.9996973276138306,0.9511218070983887,0.9140123724937439,4.0
157,0.0,0.0,0.0,0.0,0.0,0.0,0.0,0.0,3.9669976104050875e-05,0.00012473207607399672,0.0003171251737512648,7.487186849175487e-06,0.001084508839994669,0.0003256527706980705,2.6574292860459536e-05,1.3403245247900486e-05,3.0
158,1.0,1.0,1.0,1.0,1.0,1.0,1.0,1.0,0.9999334812164307,0.9951071739196777,0.9973733425140381,0.9992851614952087,0.9979887008666992,0.990532636642456,0.901443600654602,0.5897484421730042,0.0
159,0.0,0.0,0.0,0.0,0.0,0.0,0.0,0.0,7.5687480602937285e-06,0.0001516745105618611,0.00012833169603254646,3.448265488259494e-05,0.00031252700136974454,5.966066237306222e-05,7.763280882500112e-05,6.179215415613726e-05,4.0
160,0.0,0.0,0.0,0.0,0.0,0.0,0.0,0.0,0.0006425130995921791,0.00047345113125629723,0.00023817764304112643,7.190214819274843e-05,0.0023783522192388773,0.0005988325574435294,0.027551177889108658,0.0006167293759062886,4.0
161,0.0,0.0,0.0,0.0,0.0,0.0,0.0,0.0,1.2964341294718906e-05,4.0418741264147684e-05,0.00016616533685009927,8.125639396894258e-06,0.0005328602273948491,0.00033935258397832513,0.00041352989501319826,1.0542343261477072e-05,4.0
162,1.0,1.0,1.0,1.0,1.0,1.0,1.0,0.0,0.5489776730537415,0.9980098605155945,0.9768202304840088,0.9486067295074463,0.6665881276130676,0.922900378704071,0.02541610784828663,0.0060590291395783424,3.0
163,1.0,1.0,0.0,0.0,1.0,0.0,0.0,0.0,0.9618260264396667,0.8514775633811951,0.601448655128479,0.2133122831583023,0.9934014678001404,0.8752636313438416,0.00892331451177597,0.0036986786872148514,2.0
164,0.0,0.0,0.0,0.0,1.0,0.0,0.0,0.0,3.86816100217402e-05,0.5309200286865234,0.01528187282383442,2.8436415959731676e-05,0.4817376732826233,0.014239242300391197,0.0009816347155719995,6.943570497242035e-06,1.0
165,1.0,0.0,1.0,1.0,1.0,0.0,0.0,0.0,0.9909036755561829,0.5585939288139343,0.966375470161438,0.5690915584564209,0.9960772395133972,0.8426348567008972,0.10570940375328064,0.1291310340166092,1.0
166,0.0,0.0,0.0,0.0,0.0,0.0,0.0,0.0,6.459648375312099e-06,1.0744899554993026e-05,1.5035026081022806e-05,1.719708052405622e-05,0.00042802354437299073,7.134915449569235e-06,0.00010972652671625838,1.01809046100243e-05,4.0
167,1.0,1.0,1.0,1.0,1.0,1.0,0.0,1.0,0.9999498128890991,0.9942016005516052,0.9773468375205994,0.9968969821929932,0.9995629191398621,0.9994749426841736,0.01602659747004509,0.2002585381269455,2.0
168,0.0,0.0,0.0,0.0,0.0,0.0,0.0,0.0,0.0003045520279556513,0.0007362109608948231,0.00024176837177947164,2.145548387488816e-05,0.005530636291950941,0.00021290499716997147,0.004801962058991194,5.468786184792407e-06,0.0
169,0.0,1.0,0.0,0.0,1.0,0.0,0.0,0.0,0.001955839106813073,0.6578561663627625,0.2222101241350174,0.00025877257576212287,0.2517571449279785,0.0009371003252454102,0.008228844963014126,2.757380570983514e-06,1.0
170,1.0,1.0,1.0,1.0,1.0,1.0,0.0,0.0,0.16256742179393768,0.712893009185791,0.9979169964790344,0.8288984298706055,0.9854662418365479,0.9882763028144836,0.030152976512908936,0.021180832758545876,4.0
171,1.0,1.0,1.0,1.0,1.0,1.0,1.0,1.0,0.9998605251312256,0.9990215301513672,0.9997175335884094,0.9974679946899414,0.9998708963394165,0.9997363686561584,0.9338732361793518,0.4890017509460449,3.0
172,0.0,0.0,0.0,0.0,0.0,0.0,0.0,0.0,0.000830738979857415,0.0002259838074678555,0.0011054591741412878,0.00017809748533181846,0.03384767472743988,0.0008351518772542477,0.00039650622056797147,2.146274891856592e-05,1.0
173,0.0,0.0,0.0,0.0,0.0,0.0,0.0,0.0,0.00015934389375615865,0.0004251321661286056,0.0007329474901780486,2.9152666684240103e-05,0.003224877640604973,0.0007458977634087205,0.0006847923505119979,5.005919319955865e-06,1.0
174,0.0,0.0,0.0,0.0,0.0,0.0,0.0,0.0,0.0001388076925650239,1.1619148608588148e-05,4.251837162883021e-05,1.5004143278929405e-05,0.0012068541254848242,0.00011654455738607794,8.60125437611714e-05,3.8001587654434843e-06,0.0
175,1.0,1.0,1.0,1.0,1.0,1.0,1.0,1.0,0.9984092116355896,0.9997492432594299,0.9980114698410034,0.9990130662918091,0.9993242025375366,0.9966873526573181,0.9986750483512878,0.8583669066429138,2.0
176,1.0,1.0,1.0,1.0,1.0,1.0,1.0,0.0,0.14378121495246887,0.8830040097236633,0.9970274567604065,0.040364645421504974,0.9917095303535461,0.9991217255592346,0.7171406149864197,0.04276706278324127,2.0
177,0.0,0.0,0.0,0.0,0.0,0.0,0.0,0.0,0.0005124859744682908,0.0005503553547896445,0.0007867849199101329,0.00025158849894069135,0.0009396273526363075,0.0002696053416002542,0.02875848487019539,7.54709571992862e-06,1.0
178,1.0,1.0,1.0,1.0,1.0,1.0,0.0,1.0,0.9998496770858765,0.9999368190765381,0.9998186230659485,0.9998158812522888,0.9998857975006104,0.999472439289093,0.8559057116508484,0.9986261129379272,1.0
179,1.0,1.0,1.0,0.0,1.0,1.0,1.0,0.0,0.22058360278606415,0.9828076362609863,0.6522840857505798,0.045536015182733536,0.9967378973960876,0.9404693841934204,0.10356950759887695,0.000590185634791851,2.0
180,1.0,1.0,1.0,1.0,1.0,1.0,0.0,1.0,0.9769089818000793,0.9974684715270996,0.9986191987991333,0.9996393918991089,0.9789765477180481,0.9991279244422913,0.8492076992988586,0.4782748520374298,3.0
181,1.0,0.0,1.0,0.0,1.0,1.0,1.0,0.0,0.9280118346214294,0.01874382607638836,0.010054044425487518,0.013731907121837139,0.16001789271831512,0.6296781301498413,0.7237047553062439,0.004052128177136183,1.0
182,1.0,1.0,1.0,1.0,1.0,1.0,1.0,0.0,0.9957893490791321,0.9999099969863892,0.9995730519294739,0.9964271187782288,0.9996627569198608,0.9997815489768982,0.5859960913658142,0.21508391201496124,2.0
183,0.0,1.0,1.0,0.0,1.0,0.0,0.0,0.0,0.0020264661870896816,0.1740161031484604,0.2934257388114929,0.0013079658383503556,0.006943380460143089,0.016919251531362534,0.014760332182049751,7.43862910894677e-05,3.0
184,1.0,1.0,1.0,1.0,1.0,1.0,0.0,0.0,0.9952108263969421,0.9845449924468994,0.9988935589790344,0.9980987906455994,0.9995947480201721,0.9855162501335144,0.562329888343811,0.00503769563511014,0.0
185,0.0,0.0,0.0,0.0,0.0,0.0,0.0,0.0,6.825225227657938e-06,0.0009374123765155673,0.00023299208260141313,1.8013368389802054e-05,0.000367191678378731,0.00017175354878418148,9.679320646682754e-05,1.8248483684146777e-05,2.0
186,0.0,0.0,0.0,0.0,0.0,0.0,0.0,0.0,0.00019706868624780327,4.613368582795374e-05,9.041632438311353e-06,3.090258906013332e-05,3.502976687741466e-05,4.752350378112169e-06,0.002274360740557313,1.0221150660072453e-05,3.0
187,0.0,0.0,0.0,0.0,0.0,0.0,0.0,0.0,5.3534345170191955e-06,6.181237404234707e-05,3.7255034840200096e-05,1.6377767678932287e-05,0.0005812952294945717,7.476198516087607e-05,0.000251583696808666,3.720772838278208e-06,4.0
188,1.0,0.0,1.0,1.0,1.0,1.0,0.0,1.0,0.9990574717521667,0.9996299743652344,0.9973987340927124,0.9995049238204956,0.9970878958702087,0.9885504841804504,0.005360737908631563,0.2656577527523041,2.0
189,0.0,0.0,0.0,0.0,0.0,0.0,0.0,0.0,0.0005410811863839626,0.007398317102342844,0.05292247235774994,0.0045445323921740055,0.9398259520530701,0.009049802087247372,0.04909905418753624,9.006743312056642e-06,4.0
190,0.0,0.0,0.0,0.0,0.0,0.0,0.0,0.0,0.0002625955967232585,0.0007921714568510652,0.0018998283194378018,2.8948046747245826e-05,0.0006165262893773615,4.6498291339958087e-05,0.0015436536632478237,0.0001707747287582606,3.0
191,0.0,0.0,0.0,0.0,1.0,0.0,0.0,0.0,0.09420789033174515,0.9249122142791748,0.9778280854225159,0.9696948528289795,0.9968007802963257,0.9846952557563782,0.0028499732725322247,0.00010684211156331003,4.0
192,0.0,0.0,0.0,0.0,0.0,0.0,0.0,0.0,0.00011719806207111105,7.206641021184623e-05,7.914558955235407e-05,1.768531001289375e-05,0.0013081253273412585,0.00025254092179238796,0.00569884805008769,1.2755307579936925e-05,0.0
193,1.0,1.0,1.0,1.0,1.0,1.0,0.0,1.0,0.9947059750556946,0.9986640214920044,0.9997767806053162,0.8767954707145691,0.9989877343177795,0.999670147895813,0.029342474415898323,0.48243796825408936,1.0
194,0.0,0.0,0.0,0.0,0.0,0.0,0.0,0.0,1.8361986803938635e-05,0.0001598998933332041,0.00022558405180461705,7.199717947514728e-05,0.12231358140707016,0.0006198224145919085,0.0001313423999818042,2.4923886030592257e-06,3.0
195,0.0,0.0,0.0,0.0,0.0,0.0,0.0,0.0,1.954971594386734e-05,0.00010115675104316324,9.138308087131009e-05,1.583973971719388e-05,5.116139800520614e-05,4.307089966459898e-06,0.00015426523168571293,1.6460255210404284e-05,2.0
196,1.0,1.0,1.0,1.0,1.0,1.0,0.0,1.0,0.5957470536231995,0.9583185911178589,0.950980007648468,0.964002251625061,0.9991057515144348,0.8882207274436951,0.0007307300111278892,0.9151844382286072,1.0
197,1.0,1.0,1.0,1.0,1.0,1.0,0.0,0.0,0.9958239793777466,0.9567779302597046,0.432161808013916,0.5871302485466003,0.43403372168540955,0.6116982102394104,0.21494688093662262,0.0022506904788315296,3.0
198,0.0,1.0,1.0,0.0,1.0,1.0,1.0,0.0,0.4807650148868561,0.39981895685195923,0.2815890908241272,0.0035685806069523096,0.9936235547065735,0.9264639019966125,0.014922617003321648,5.5063224863260984e-05,0.0
199,0.0,0.0,0.0,0.0,0.0,0.0,0.0,0.0,8.573211744078435e-06,1.6206935470108874e-05,3.618925256887451e-05,1.0376891623309348e-05,0.0007665546145290136,3.124875365756452e-05,2.2259277102421038e-05,2.2359815829986474e-06,0.0
200,0.0,1.0,1.0,0.0,1.0,0.0,0.0,0.0,0.9995430707931519,0.8715198040008545,0.9834958910942078,0.9675458669662476,0.9707428216934204,0.991365909576416,0.9348601698875427,0.09268355369567871,4.0
201,0.0,0.0,0.0,0.0,0.0,0.0,0.0,0.0,4.326067482907092e-06,9.27170185605064e-06,1.692231853667181e-05,8.473541129205842e-06,0.0005694954888895154,1.717765917419456e-05,4.109752262593247e-05,2.3504144337493926e-06,4.0
202,0.0,1.0,1.0,0.0,1.0,0.0,0.0,0.0,0.00018604508659336716,0.007739217020571232,0.004870141390711069,0.00139547698199749,0.0041107842698693275,0.0001516840566182509,0.001986779272556305,3.263722192059504e-06,3.0
203,0.0,0.0,0.0,0.0,0.0,0.0,0.0,0.0,8.441317913820967e-05,0.00024302028759848326,2.3878924366727006e-06,2.300122559972806e-06,0.0002691012341529131,3.579211261239834e-05,0.000523177208378911,3.1700915315013845e-06,2.0
204,0.0,0.0,0.0,0.0,0.0,0.0,0.0,0.0,0.00032173944055102766,7.079329225234687e-05,0.00010549082071520388,0.00025405827909708023,0.03284578025341034,1.423148023604881e-05,9.111803956329823e-05,3.951347025576979e-06,1.0
205,0.0,0.0,0.0,0.0,0.0,0.0,0.0,0.0,0.0001596647925907746,0.0005539609119296074,0.00048604916082695127,0.0001360526803182438,0.0003393935039639473,0.0008776990580372512,0.004787122830748558,0.00012126508954679593,4.0
206,1.0,1.0,0.0,0.0,0.0,0.0,0.0,0.0,0.08012224733829498,0.9638826251029968,0.8000057339668274,0.083455890417099,0.3644915521144867,0.0259577427059412,0.7551990747451782,0.008617840707302094,4.0
207,1.0,1.0,1.0,1.0,1.0,1.0,1.0,1.0,0.9969701766967773,0.9998214840888977,0.9997816681861877,0.9987670183181763,0.9998308420181274,0.9997568726539612,0.9670671224594116,0.6996467709541321,3.0
208,1.0,1.0,1.0,1.0,1.0,1.0,0.0,0.0,0.9902938604354858,0.9972025156021118,0.9982007741928101,0.9991200566291809,0.9997703433036804,0.9836549162864685,0.2945241332054138,0.00263806851580739,0.0
209,0.0,0.0,0.0,0.0,0.0,0.0,0.0,0.0,1.27295934362337e-05,3.6067594919586554e-05,0.00016711870557628572,0.0005681252223439515,0.00033589632948860526,5.741173663409427e-05,5.6628468882991e-05,4.675741820392432e-06,0.0
210,0.0,0.0,0.0,0.0,0.0,0.0,0.0,0.0,3.829431807389483e-05,0.00011530704068718478,0.002557444619014859,3.6830744647886604e-05,0.0020245991181582212,0.00044242653530091047,0.0018256284529343247,3.1388083243655274e-06,0.0
211,0.0,1.0,1.0,1.0,1.0,1.0,0.0,0.0,0.24026305973529816,0.9818820357322693,0.9971157312393188,0.9597132802009583,0.9999306201934814,0.9884267449378967,0.003172114258632064,0.0001535069168312475,1.0
212,1.0,1.0,1.0,1.0,1.0,1.0,1.0,1.0,0.9999721050262451,0.9999504089355469,0.9997455477714539,0.9998509883880615,0.9996709823608398,0.9999001026153564,0.12319688498973846,0.7730727791786194,1.0
213,0.0,0.0,0.0,0.0,0.0,0.0,0.0,0.0,0.0001295481633860618,0.002440239069983363,0.0006316553917713463,0.00012015744141535833,0.008562429808080196,0.00037117640022188425,0.0059758019633591175,1.215880547533743e-05,0.0
214,1.0,1.0,1.0,1.0,1.0,1.0,1.0,0.0,0.9989078044891357,0.998465895652771,0.9996582269668579,0.9996002316474915,0.9995410442352295,0.9997692704200745,0.9689253568649292,0.864295482635498,4.0
215,1.0,1.0,1.0,1.0,1.0,1.0,0.0,0.0,0.8525843620300293,0.9635470509529114,0.9713773727416992,0.9619768261909485,0.9963488578796387,0.9956988096237183,0.6328883171081543,0.18255186080932617,1.0
216,1.0,0.0,0.0,1.0,0.0,0.0,0.0,0.0,0.9683111310005188,0.9235193729400635,0.8996313214302063,0.9889311194419861,0.8505327701568604,0.013138935901224613,0.9701739549636841,0.9384971857070923,4.0
217,0.0,0.0,0.0,0.0,0.0,0.0,0.0,0.0,0.00018342900148127228,0.0004048915870953351,0.0005502134445123374,2.212845538451802e-05,0.001660556416027248,0.0022071313578635454,0.0004162751720286906,9.988228157453705e-06,4.0
218,0.0,0.0,0.0,0.0,0.0,0.0,0.0,0.0,0.0002450300089549273,0.00015249720308929682,0.0011263840133324265,7.093080785125494e-05,0.005152549594640732,0.0010235343361273408,0.00023104161664377898,3.0805666028754786e-05,0.0
219,0.0,0.0,0.0,0.0,1.0,0.0,0.0,0.0,0.012792903929948807,0.01827222667634487,0.5395211577415466,7.104588439688087e-05,0.9983603358268738,0.06219583377242088,0.003284865291789174,7.592706242576241e-05,3.0
220,0.0,1.0,1.0,0.0,1.0,0.0,0.0,0.0,0.011964654549956322,0.016533751040697098,0.07904059439897537,0.0005143245216459036,0.04002745449542999,0.00039273398579098284,0.0032876452896744013,2.295794001838658e-05,2.0
221,0.0,0.0,0.0,0.0,0.0,0.0,0.0,0.0,0.0011904678540304303,0.008529688231647015,0.006905884947627783,0.0002129372878698632,0.07515788823366165,0.0002546953910496086,0.00018062704475596547,0.013357178308069706,1.0
222,0.0,1.0,1.0,1.0,1.0,1.0,1.0,0.0,0.3527228832244873,0.9839287996292114,0.9985343217849731,0.9927276372909546,0.9997878670692444,0.8853983283042908,0.0336395688354969,0.00037208711728453636,2.0
223,1.0,1.0,1.0,1.0,1.0,1.0,0.0,0.0,0.5886088013648987,0.98946613073349,0.9964375495910645,0.7307307124137878,0.9051147699356079,0.09357606619596481,0.5597530603408813,0.00023720313038211316,2.0
224,1.0,1.0,1.0,1.0,1.0,1.0,0.0,1.0,0.9964191913604736,0.9986411929130554,0.9999266862869263,0.9984111785888672,0.9998189806938171,0.9997100234031677,0.9311163425445557,0.8929682374000549,3.0
225,1.0,1.0,1.0,1.0,1.0,1.0,1.0,1.0,0.9997391104698181,0.9998676776885986,0.9998703002929688,0.998965859413147,0.9996776580810547,0.9993891716003418,0.9923179149627686,0.8880051374435425,3.0
226,1.0,1.0,1.0,1.0,1.0,1.0,1.0,1.0,0.9997929930686951,0.9998748302459717,0.9998703002929688,0.9996482133865356,0.9995923638343811,0.9997180104255676,0.9798363447189331,0.9028676152229309,3.0
227,0.0,0.0,0.0,0.0,0.0,0.0,0.0,0.0,8.080573752522469e-05,0.0002649391535669565,0.0004413275746628642,2.2402533431886695e-05,0.019177725538611412,4.525393160292879e-05,6.81334495311603e-05,1.3073649824946187e-05,1.0
228,1.0,1.0,1.0,1.0,1.0,1.0,0.0,1.0,0.9971049427986145,0.998095691204071,0.9995891451835632,0.9990091323852539,0.9996329545974731,0.9954912066459656,0.18836753070354462,0.7569011449813843,1.0
229,1.0,1.0,1.0,1.0,1.0,1.0,1.0,1.0,0.9983099699020386,0.996191143989563,0.9995409250259399,0.9924286007881165,0.9995802044868469,0.9989511966705322,0.9244817495346069,0.24028608202934265,3.0
230,0.0,0.0,0.0,0.0,0.0,0.0,0.0,0.0,2.2104029994807206e-05,9.028733074956108e-06,0.0002719551557675004,1.2675010111706797e-05,0.0016704846639186144,6.88799555064179e-05,5.043833516538143e-05,4.306137270759791e-06,4.0
231,1.0,0.0,0.0,0.0,0.0,0.0,0.0,0.0,0.9414154887199402,0.27309316396713257,0.3512571454048157,0.020754503086209297,0.24826493859291077,0.03342772647738457,0.8150331974029541,0.01443531084805727,1.0
232,1.0,1.0,1.0,1.0,1.0,1.0,1.0,0.0,0.994224488735199,0.9998200535774231,0.9998800754547119,0.9937769174575806,0.9998595714569092,0.9996607303619385,0.9905381202697754,0.34636446833610535,3.0
233,1.0,1.0,1.0,1.0,1.0,1.0,0.0,1.0,0.7358848452568054,0.3887397050857544,0.9653469324111938,0.06108200550079346,0.8027228713035583,0.20020568370819092,0.11000393331050873,0.27117735147476196,3.0
234,1.0,0.0,1.0,1.0,1.0,0.0,0.0,0.0,0.9567274451255798,0.9733760952949524,0.9989277720451355,0.9532467722892761,0.995749831199646,0.9792008399963379,0.2915368676185608,0.032183047384023666,2.0
235,1.0,1.0,1.0,1.0,1.0,1.0,1.0,1.0,0.999839186668396,0.9983859062194824,0.999444305896759,0.999765932559967,0.9994275569915771,0.9997262358665466,0.9661770462989807,0.9287576675415039,1.0
236,1.0,1.0,1.0,1.0,1.0,1.0,1.0,0.0,0.999733030796051,0.9927547574043274,0.9986171722412109,0.9986585378646851,0.9982650876045227,0.999332845211029,0.8429803848266602,0.35298672318458557,2.0
237,0.0,0.0,0.0,0.0,0.0,0.0,0.0,0.0,0.0027365791611373425,0.00017071139882318676,0.007766979280859232,4.1861931094899774e-05,0.012060663662850857,0.0001548172440379858,0.002064838306978345,0.00012487750791478902,0.0
238,0.0,0.0,0.0,0.0,0.0,0.0,0.0,0.0,0.0004707240732386708,0.0010317772394046187,0.0011287599336355925,4.3360822019167244e-05,0.02955046109855175,0.0016636732034385204,0.0030707959085702896,6.814164225943387e-05,2.0
239,1.0,1.0,1.0,1.0,1.0,1.0,1.0,1.0,0.9955989122390747,0.9960326552391052,0.999195396900177,0.9803856611251831,0.9995853304862976,0.9963204860687256,0.8775589466094971,0.06104031950235367,1.0
240,1.0,1.0,1.0,1.0,1.0,1.0,1.0,1.0,0.9998950958251953,0.999659538269043,0.9998714923858643,0.999656081199646,0.9998748302459717,0.9999145269393921,0.9974027276039124,0.9815669059753418,4.0
241,0.0,0.0,0.0,0.0,0.0,0.0,0.0,0.0,2.9457598884619074e-06,3.715090497280471e-05,1.89113816304598e-05,1.3161542483430821e-05,0.00012632404104806483,0.00021049474889878184,0.0001400498440489173,3.5617374578578165e-06,4.0
242,0.0,1.0,1.0,0.0,1.0,1.0,0.0,0.0,1.223049002874177e-05,0.9320054054260254,0.014026873745024204,6.956262222956866e-05,0.34792882204055786,0.7338700890541077,0.003029811894521117,3.0493676604237407e-05,4.0
243,1.0,1.0,1.0,1.0,1.0,1.0,1.0,1.0,0.9998456239700317,0.9989474415779114,0.9989311099052429,0.9978933930397034,0.9999101161956787,0.9999246597290039,0.9958392381668091,0.038279660046100616,4.0
244,0.0,0.0,0.0,0.0,0.0,0.0,0.0,0.0,0.0006136446609161794,0.0015932704554870725,0.00010940452921204269,0.0003900089068338275,0.0016465261578559875,0.0016102805966511369,0.0005389635916799307,0.00015952676767483354,0.0
245,1.0,1.0,1.0,1.0,1.0,1.0,1.0,0.0,0.998492956161499,0.972345769405365,0.9905012845993042,0.989528477191925,0.9990869760513306,0.9498051404953003,0.09162405878305435,0.0023079211823642254,2.0
246,1.0,1.0,1.0,1.0,1.0,0.0,1.0,0.0,0.9851998090744019,0.9534462690353394,0.523725152015686,0.7227504849433899,0.8796314597129822,0.6769669055938721,0.4001147150993347,0.05931359529495239,3.0
247,1.0,1.0,1.0,1.0,1.0,1.0,0.0,1.0,0.9888707995414734,0.9973674416542053,0.9997108578681946,0.999840259552002,0.9997226595878601,0.9995272159576416,0.4235857427120209,0.2729014754295349,0.0
248,1.0,1.0,1.0,1.0,1.0,1.0,1.0,1.0,0.9993277788162231,0.9993956089019775,0.999909520149231,0.997612714767456,0.9997186064720154,0.9999381303787231,0.9996784925460815,0.9012529253959656,2.0
249,1.0,1.0,1.0,1.0,1.0,1.0,1.0,1.0,0.999477207660675,0.9995237588882446,0.9983788728713989,0.9782619476318359,0.9995561242103577,0.9442077875137329,0.9973102807998657,0.9871669411659241,1.0
250,1.0,1.0,1.0,0.0,1.0,1.0,0.0,0.0,0.13442692160606384,0.9959242343902588,0.9758928418159485,0.7973433136940002,0.994295060634613,0.9636656045913696,0.2982807159423828,0.0364677868783474,1.0
251,0.0,0.0,0.0,0.0,0.0,0.0,0.0,0.0,4.461727257876191e-06,2.6504716515773907e-05,3.4861139283748344e-05,2.3823449737392366e-05,0.0020940417889505625,7.868421380408108e-05,0.0004628978203982115,4.903444278170355e-06,4.0
252,0.0,0.0,0.0,0.0,0.0,0.0,0.0,0.0,9.642162694945e-06,7.052107685012743e-05,0.0004876748425886035,2.0550720364553854e-05,0.003423588816076517,0.00012731905735563487,9.431366197532043e-05,1.3319898243935313e-05,4.0
253,0.0,0.0,0.0,0.0,0.0,0.0,0.0,0.0,0.0007331217639148235,0.0003764587454497814,0.02202947996556759,6.723475235048681e-05,0.0017651233356446028,0.0015476422850042582,0.0009624555241316557,1.1757724678318482e-05,3.0
254,0.0,0.0,0.0,0.0,0.0,0.0,0.0,0.0,0.00011094615183537826,0.0005497762467712164,0.001712812576442957,0.00011539526167325675,0.00039502198342233896,0.00013219202810432762,0.0004990489105693996,3.5250427572464105e-06,1.0
255,0.0,0.0,0.0,0.0,0.0,0.0,0.0,0.0,6.800924893468618e-06,0.006656786892563105,0.0018821492558345199,4.6651792217744514e-05,0.5567440390586853,0.00041662593139335513,0.00102163793053478,7.515952802350512e-06,3.0
256,0.0,1.0,1.0,1.0,1.0,1.0,0.0,0.0,0.9992127418518066,0.9995065927505493,0.9991230368614197,0.9998281002044678,0.9992782473564148,0.9906080961227417,0.06842310726642609,0.0013153182808309793,0.0
257,1.0,1.0,1.0,1.0,1.0,1.0,1.0,0.0,0.9808397889137268,0.9998520612716675,0.9998924732208252,0.9994927644729614,0.9998070597648621,0.995062530040741,0.5874429941177368,0.1628504991531372,2.0
258,1.0,1.0,1.0,1.0,1.0,1.0,1.0,1.0,0.9952190518379211,0.9987834095954895,0.9986133575439453,0.9981427192687988,0.9997209906578064,0.9998605251312256,0.9946547746658325,0.06764738261699677,3.0
259,1.0,1.0,1.0,1.0,1.0,1.0,1.0,0.0,0.9976608753204346,0.9994170665740967,0.9998528957366943,0.9962615370750427,0.9995703101158142,0.9994630217552185,0.9992152452468872,0.0027419808320701122,1.0
260,0.0,0.0,0.0,0.0,0.0,0.0,0.0,0.0,2.4437864340143278e-05,7.116013875929639e-05,0.00032148679019883275,1.0055761777039152e-05,0.0007530513685196638,2.7405989385442808e-05,0.00014349583943840116,3.864326117763994e-06,0.0
261,0.0,0.0,0.0,0.0,0.0,0.0,0.0,0.0,0.0001232894283020869,0.0005580986617133021,9.308182052336633e-05,1.2954639714735094e-05,0.00015851690841373056,6.302842666627839e-05,0.00032607029424980283,3.940343503927579e-06,0.0
262,1.0,1.0,1.0,1.0,1.0,1.0,1.0,1.0,0.999916672706604,0.998450517654419,0.9996541738510132,0.999794065952301,0.995991051197052,0.9979388117790222,0.8093817234039307,0.999101996421814,3.0
263,0.0,0.0,0.0,0.0,0.0,0.0,0.0,0.0,2.54062470048666e-05,8.744569640839472e-05,0.00013643462443724275,7.319698852370493e-06,0.0002798526838887483,0.000559492502361536,3.924796692444943e-05,9.714589396025985e-06,2.0
264,0.0,0.0,0.0,0.0,0.0,0.0,0.0,0.0,0.00011672806431306526,0.0023341085761785507,0.019271844998002052,8.972271643870044e-06,0.020785775035619736,0.00037645752308890224,0.0002939364349003881,3.4654902265174314e-05,2.0
265,0.0,0.0,0.0,0.0,0.0,0.0,0.0,0.0,0.0005482027772814035,0.0012748646549880505,0.0025623985566198826,0.000520803383551538,0.09912624210119247,0.00046056637074798346,0.001628079917281866,0.0002244409843115136,1.0
266,1.0,1.0,1.0,1.0,1.0,1.0,1.0,1.0,0.9998757839202881,0.9984623193740845,0.9981168508529663,0.9990347623825073,0.9998372793197632,0.9986452460289001,0.988667905330658,0.9919447302818298,1.0
267,0.0,0.0,0.0,0.0,0.0,1.0,1.0,0.0,0.05425954982638359,0.026815136894583702,0.01862296089529991,0.0010056443279609084,0.037526827305555344,0.006748741026967764,0.009093747474253178,8.058112143771723e-05,3.0
268,0.0,0.0,0.0,0.0,1.0,0.0,0.0,0.0,0.00040312320925295353,0.03334459289908409,0.02208075486123562,0.0010056792525574565,0.8075829744338989,0.06093430891633034,0.004310803487896919,0.0002347317204112187,2.0
269,0.0,0.0,0.0,0.0,0.0,0.0,0.0,0.0,4.63066953670932e-06,0.0001257191033801064,0.00015000537678133696,2.3622147637070157e-05,0.0008425037958659232,2.5939440092770383e-05,0.00011435026681283489,1.2976315701962449e-05,4.0
270,1.0,1.0,1.0,1.0,1.0,1.0,1.0,1.0,0.999592125415802,0.999484658241272,0.9998238682746887,0.9975378513336182,0.9996743202209473,0.9992380142211914,0.993226945400238,0.9062082767486572,4.0
271,1.0,1.0,0.0,0.0,0.0,0.0,1.0,0.0,0.12523117661476135,0.009692050516605377,0.0012379881227388978,0.017436569556593895,0.036798145622015,0.0029863847885280848,0.04808133840560913,0.0002459379320498556,2.0
272,1.0,1.0,1.0,1.0,1.0,1.0,1.0,0.0,0.9652710556983948,0.9890760183334351,0.9964237809181213,0.9994860887527466,0.9986466765403748,0.9956491589546204,0.15336212515830994,0.0013114705216139555,2.0
273,0.0,0.0,0.0,0.0,0.0,0.0,0.0,0.0,0.0004472866130527109,0.0006982433260418475,8.189791697077453e-05,1.704063470242545e-05,0.0017736938316375017,4.544972034636885e-05,0.07446714490652084,2.5724889383127447e-06,4.0
274,1.0,1.0,1.0,1.0,1.0,1.0,1.0,0.0,0.9984729886054993,0.9820713400840759,0.9997908473014832,0.9995002746582031,0.9671586751937866,0.964749276638031,0.8338638544082642,0.20328639447689056,1.0
275,0.0,0.0,0.0,0.0,0.0,0.0,0.0,0.0,6.763151031918824e-05,0.0001542934769531712,0.0003113600250799209,5.44680115126539e-05,0.0029793819412589073,0.0006079994491301477,0.0004821373149752617,7.618607924086973e-06,0.0
276,1.0,1.0,1.0,1.0,1.0,1.0,1.0,0.0,0.997428834438324,0.9991170763969421,0.9985546469688416,0.9989712238311768,0.999620795249939,0.9795138835906982,0.9532667398452759,0.6013950109481812,4.0
277,0.0,0.0,0.0,0.0,0.0,0.0,0.0,0.0,3.176148311467841e-05,0.004168775398284197,0.011769487522542477,3.642788578872569e-05,0.013870155438780785,8.596695261076093e-05,0.0025296297390013933,8.542149771528784e-06,0.0
278,0.0,0.0,0.0,0.0,0.0,0.0,0.0,0.0,1.6522280930075794e-05,6.256952474359423e-05,0.00011185022594872862,1.5063225873745978e-05,0.01429077796638012,1.9994829926872626e-05,0.0007349292864091694,3.300317530374741e-06,2.0
279,0.0,0.0,0.0,0.0,0.0,0.0,0.0,0.0,0.00013898822362534702,0.0002757442998699844,0.0015698360512033105,0.00018684328824747354,0.001259715761989355,0.0001551012392155826,0.0006058011204004288,1.5329893358284608e-05,3.0
280,0.0,0.0,0.0,0.0,0.0,0.0,0.0,0.0,9.302425496571232e-06,0.0003772256022784859,8.673777483636513e-05,1.562660872878041e-05,0.0008243760676123202,3.861169534502551e-05,9.271834278479218e-05,4.076266122865491e-06,1.0
281,1.0,1.0,1.0,1.0,1.0,1.0,0.0,0.0,0.9922426342964172,0.9998308420181274,0.9995429515838623,0.9915130734443665,0.9999505281448364,0.9996707439422607,0.9442702531814575,0.018317406997084618,1.0
282,0.0,0.0,0.0,0.0,0.0,0.0,0.0,0.0,2.046796726062894e-05,4.5497072278521955e-05,0.00038315955316647887,1.5771232938277535e-05,0.00013809703523293138,1.5214557606668677e-05,0.000298004481010139,8.31231227493845e-06,3.0
283,0.0,0.0,0.0,0.0,0.0,0.0,0.0,0.0,1.354559663013788e-05,1.8262637240695767e-05,0.00013906523236073554,1.2791694643965457e-05,3.9047488826327026e-05,1.1372877452231478e-05,0.00015030404028948396,5.791085186501732e-06,3.0
284,0.0,1.0,1.0,0.0,1.0,1.0,0.0,0.0,0.13401246070861816,0.9778420925140381,0.5568836331367493,0.03759697824716568,0.9993129968643188,0.8976720571517944,0.029807206243276596,0.0004782546602655202,2.0
285,0.0,1.0,1.0,0.0,1.0,0.0,0.0,0.0,8.183094178093597e-05,0.0700780600309372,0.0019136127084493637,4.190834079054184e-05,0.057339128106832504,2.4658673282829113e-05,0.000206653872737661,4.715426257462241e-05,2.0
286,0.0,0.0,0.0,0.0,0.0,0.0,0.0,0.0,0.00015860702842473984,2.812577622535173e-05,0.00023104161664377898,1.3073898116999771e-05,0.002043322892859578,2.7774049158324488e-05,0.0029421509243547916,8.191813321900554e-06,0.0
287,0.0,0.0,0.0,0.0,0.0,0.0,0.0,0.0,0.00013340181612875313,0.000905142049305141,0.00012423531734384596,0.002506798366084695,0.0007741495501250029,2.1404819563031197e-05,0.0020223448518663645,6.9225779952830635e-06,3.0
288,0.0,0.0,0.0,0.0,1.0,0.0,0.0,0.0,0.03396400809288025,0.3703592121601105,0.6862776875495911,0.005620745010674,0.9479201436042786,0.08795426785945892,0.04158470034599304,0.0011558033293113112,4.0
289,1.0,1.0,1.0,0.0,1.0,0.0,0.0,0.0,0.5396841764450073,0.9780970215797424,0.9881408214569092,0.15666435658931732,0.9778712391853333,0.005132993217557669,0.3505186438560486,0.037686772644519806,0.0
290,0.0,0.0,0.0,0.0,0.0,0.0,0.0,0.0,0.15645141899585724,0.026643991470336914,0.15025025606155396,0.0016536539187654853,0.19725078344345093,0.005254659801721573,0.0008674769778735936,4.573432670440525e-05,0.0
291,1.0,0.0,0.0,0.0,0.0,0.0,0.0,0.0,0.7032001614570618,0.7274219989776611,0.9822417497634888,0.002475538058206439,0.9856796860694885,0.05909774452447891,0.05651358515024185,0.00011747644748538733,1.0
292,0.0,0.0,0.0,0.0,0.0,0.0,0.0,0.0,7.166844443418086e-05,0.0004961664672009647,0.00036824721610173583,2.1065803593955934e-05,0.0007546462002210319,0.00022195982455741614,0.0003699460066854954,2.6543999410932884e-05,1.0
293,0.0,0.0,0.0,0.0,0.0,0.0,0.0,0.0,0.00014509184984490275,0.00017000155639834702,0.0003667687124107033,5.3780364396516234e-05,0.0006362973363138735,3.0207544114091434e-05,0.00032718447619117796,3.925707915186649e-06,3.0
294,0.0,0.0,0.0,0.0,0.0,0.0,0.0,0.0,0.00019137673371005803,2.411898094578646e-05,0.00023887833231128752,1.3461504750011954e-05,0.00013718774425797164,8.831555169308558e-05,0.006362181156873703,1.776485805748962e-05,0.0
295,0.0,0.0,0.0,0.0,0.0,0.0,0.0,0.0,4.6389515773626044e-05,0.003619512775912881,0.0005717171588912606,0.0003575037990231067,0.001784011023119092,0.000241527144680731,0.00412955554202199,8.11500649433583e-06,4.0
296,1.0,0.0,1.0,1.0,1.0,0.0,0.0,0.0,0.013820077292621136,0.027714628726243973,0.00046722980914637446,6.140147888800129e-05,0.0005125384777784348,0.00012744197738356888,0.4585886299610138,0.0001510531728854403,0.0
297,1.0,1.0,1.0,1.0,1.0,1.0,0.0,0.0,0.9989872574806213,0.5651338696479797,0.9946385025978088,0.9814447164535522,0.9969737529754639,0.7570422291755676,0.009830278344452381,0.0008096394594758749,3.0
298,0.0,0.0,0.0,0.0,0.0,0.0,0.0,0.0,1.996723767661024e-05,0.002953942632302642,0.0025299701374024153,2.130623033735901e-05,0.011116313748061657,3.5539436794351786e-05,0.0025071478448808193,4.5738510380033404e-05,0.0
299,1.0,1.0,1.0,1.0,1.0,1.0,1.0,1.0,0.9970496892929077,0.9997004270553589,0.9995005130767822,0.9993045330047607,0.9987987279891968,0.9967350363731384,0.9778649806976318,0.07975845783948898,0.0
300,1.0,1.0,1.0,1.0,1.0,1.0,1.0,1.0,0.9999043941497803,0.999822199344635,0.99985671043396,0.9999043941497803,0.9998026490211487,0.9999128580093384,0.9734410643577576,0.5102052092552185,1.0
301,0.0,0.0,0.0,0.0,0.0,0.0,0.0,0.0,4.910230200039223e-05,2.561019209679216e-05,2.50208377110539e-05,1.8366594304097816e-05,5.208853690419346e-05,5.113154838909395e-05,9.671432053437456e-05,1.5672470908612013e-05,3.0
302,1.0,1.0,1.0,1.0,1.0,1.0,0.0,0.0,0.5377635955810547,0.9990307092666626,0.9956775307655334,0.9908373355865479,0.9981591105461121,0.9976028800010681,0.9714967012405396,0.05385775864124298,1.0
303,0.0,0.0,0.0,0.0,0.0,0.0,0.0,0.0,7.70608166931197e-05,0.00029148231260478497,0.004497803281992674,0.00010179103264817968,0.0001690942735876888,5.603065437753685e-05,0.00046631856821477413,1.9054032236454077e-05,3.0
304,0.0,0.0,0.0,0.0,0.0,0.0,0.0,0.0,4.681561767938547e-05,6.378265243256465e-05,9.979691094486043e-05,1.816481199057307e-05,0.00021651142742484808,0.00011095957597717643,4.889008050668053e-05,1.788282133929897e-05,2.0
305,1.0,1.0,1.0,1.0,1.0,0.0,0.0,1.0,0.9961909055709839,0.974496603012085,0.9980668425559998,0.9540682435035706,0.9944926500320435,0.2144199162721634,0.004088714253157377,0.006626127753406763,1.0
306,0.0,0.0,0.0,0.0,0.0,0.0,0.0,0.0,0.00015893479576334357,0.00016095108003355563,0.00015621856437064707,4.5683544158237055e-05,0.0010624835267663002,0.0002164719917345792,0.00013511432916857302,5.2002551456098445e-06,1.0
307,1.0,1.0,1.0,1.0,1.0,1.0,1.0,1.0,0.9974549412727356,0.9825220108032227,0.9963363409042358,0.9839141368865967,0.9978735446929932,0.8700447082519531,0.6251416206359863,0.33343449234962463,1.0
308,1.0,1.0,1.0,1.0,1.0,1.0,1.0,0.0,0.753086507320404,0.9994932413101196,0.987528383731842,0.9651342630386353,0.9994795918464661,0.9946866035461426,0.4230574071407318,0.6865987777709961,4.0
309,0.0,0.0,0.0,0.0,0.0,0.0,0.0,0.0,0.00011190570512553677,7.329543586820364e-05,0.0007978820940479636,1.7299493265454657e-05,0.002630864502862096,0.0009683107491582632,0.00029632417135871947,2.087635493808193e-06,0.0
310,0.0,0.0,0.0,0.0,0.0,0.0,0.0,0.0,0.0007870353874750435,0.0030412946362048388,0.0009283079416491091,1.7470158127252944e-05,0.003940629307180643,0.003097326960414648,0.0837983563542366,1.8671376892598346e-05,0.0
311,0.0,0.0,0.0,0.0,0.0,0.0,0.0,0.0,0.00304615031927824,0.0027823839336633682,0.006373751908540726,0.00017634719552006572,0.009219077415764332,0.0005437548970803618,0.6732511520385742,6.596758794330526e-06,1.0
312,1.0,1.0,1.0,1.0,1.0,1.0,1.0,1.0,0.9995716214179993,0.9999195337295532,0.9994897842407227,0.9997959733009338,0.9962126016616821,0.9988062381744385,0.9578376412391663,0.9718546271324158,0.0
313,1.0,1.0,1.0,0.0,1.0,1.0,0.0,0.0,0.9902089834213257,0.9989770650863647,0.9987359642982483,0.9734015464782715,0.9998788833618164,0.9982355833053589,0.9977400302886963,0.049182452261447906,4.0
314,1.0,1.0,1.0,1.0,1.0,1.0,1.0,0.0,0.8151704668998718,0.9983606934547424,0.9982913136482239,0.03834392875432968,0.9990615248680115,0.9989376664161682,0.11902792006731033,0.039540935307741165,0.0
315,1.0,1.0,1.0,1.0,1.0,0.0,1.0,0.0,0.3189084529876709,0.6100453734397888,0.5956616997718811,0.7053495049476624,0.9446693658828735,0.008054174482822418,0.9425748586654663,0.0030665143858641386,4.0
316,0.0,0.0,0.0,0.0,0.0,0.0,0.0,0.0,4.6572182327508926e-05,2.099758967233356e-05,0.00012648434494622052,7.13168628863059e-05,0.00024749134900048375,1.5725920093245804e-05,2.3616066755494103e-05,2.659509618752054e-06,1.0
317,0.0,0.0,0.0,0.0,1.0,0.0,0.0,0.0,0.002660820260643959,0.39985477924346924,0.8483956456184387,0.00045729739940725267,0.9946666955947876,0.7430980801582336,0.057320304214954376,4.967880158801563e-05,3.0
318,0.0,0.0,0.0,0.0,0.0,0.0,0.0,0.0,9.099586168304086e-05,7.097505294950679e-05,0.0009387620375491679,2.1281495719449595e-05,0.02040533721446991,0.00017434290202800184,0.00029905213159509003,4.635468030755874e-06,0.0
319,1.0,1.0,1.0,1.0,1.0,1.0,1.0,0.0,0.9985870122909546,0.9990664124488831,0.9996922016143799,0.9998189806938171,0.9998216032981873,0.9998999834060669,0.9804051518440247,0.9805476665496826,1.0
320,0.0,0.0,0.0,0.0,0.0,0.0,0.0,0.0,8.915202670323197e-06,0.003240988589823246,8.390821312787011e-05,3.004627797054127e-05,0.014341295696794987,0.00037852692184969783,5.8411347708897665e-05,5.257065367914038e-06,2.0
321,0.0,0.0,0.0,0.0,0.0,0.0,0.0,0.0,0.00029589899349957705,0.004132929723709822,0.2335878312587738,0.0002033895580098033,0.022911692038178444,0.0007481384673155844,0.019236156716942787,0.00020969606703147292,0.0
322,1.0,1.0,1.0,1.0,1.0,1.0,1.0,1.0,0.9964906573295593,0.9997605681419373,0.9998379945755005,0.9995629191398621,0.9989649057388306,0.9973427653312683,0.9924114942550659,0.8979208469390869,3.0
323,1.0,1.0,1.0,1.0,1.0,1.0,0.0,0.0,0.9993504881858826,0.9997424483299255,0.9998948574066162,0.9999063014984131,0.9997754693031311,0.9985995888710022,0.9996740818023682,0.0059880479238927364,0.0
324,1.0,1.0,1.0,0.0,1.0,1.0,0.0,0.0,0.04632182419300079,0.979162871837616,0.3419424593448639,0.008871418423950672,0.977631151676178,0.9682987332344055,0.04652383178472519,0.00015938383876346052,2.0
325,0.0,0.0,0.0,0.0,0.0,0.0,0.0,0.0,0.00025399215519428253,0.011048694141209126,0.011552604846656322,4.9521484470460564e-05,0.5693151950836182,0.15248408913612366,0.0008556481916457415,7.563171038782457e-06,3.0
326,1.0,1.0,1.0,1.0,1.0,1.0,1.0,0.0,0.9894009232521057,0.9994845390319824,0.9996054768562317,0.9936848282814026,0.9990267753601074,0.9997956156730652,0.8821146488189697,0.1411677747964859,1.0
327,1.0,1.0,1.0,1.0,1.0,1.0,0.0,1.0,0.9992730021476746,0.9996181726455688,0.9987961053848267,0.998619794845581,0.9895598888397217,0.9983928799629211,0.0025768503546714783,0.24272258579730988,0.0
328,0.0,0.0,0.0,0.0,0.0,0.0,0.0,0.0,8.396912744501606e-05,0.00010666061280062422,0.0005620645242743194,8.515765512129292e-05,0.0002691884583327919,3.4662669349927455e-05,0.00046778219984844327,0.00047374842688441277,0.0
329,0.0,0.0,0.0,0.0,0.0,0.0,0.0,0.0,3.473285323707387e-05,3.546765947248787e-05,6.0403555835364386e-05,3.017601375177037e-05,5.155025428393856e-05,4.007561437902041e-05,0.0003395541862118989,1.81301743396034e-06,1.0
330,1.0,1.0,1.0,1.0,1.0,1.0,1.0,1.0,0.9998250603675842,0.9999423027038574,0.9998579025268555,0.9982194304466248,0.9998918771743774,0.9998770952224731,0.998941957950592,0.8775293231010437,4.0
331,1.0,1.0,1.0,0.0,1.0,1.0,0.0,0.0,0.11197466403245926,0.9984920024871826,0.9980356097221375,0.11413842439651489,0.9993880987167358,0.9913183450698853,0.007902545854449272,0.009260818362236023,1.0
332,1.0,1.0,1.0,1.0,1.0,1.0,1.0,1.0,0.9998912811279297,0.9999432563781738,0.9999121427536011,0.9999191761016846,0.9999245405197144,0.9999617338180542,0.9517602324485779,0.999736487865448,0.0
333,0.0,0.0,0.0,0.0,0.0,0.0,0.0,0.0,1.5890682334429584e-05,1.228327710123267e-05,1.5335435818997212e-05,1.2787632840627339e-05,0.00040592774166725576,7.610293778270716e-06,4.7132998588494956e-05,1.690217322902754e-05,0.0
334,1.0,1.0,1.0,1.0,1.0,1.0,1.0,0.0,0.9951382279396057,0.9999314546585083,0.9997143149375916,0.9993226528167725,0.9998898506164551,0.9998493194580078,0.9992313385009766,0.9518227577209473,0.0
335,1.0,1.0,1.0,1.0,1.0,0.0,0.0,0.0,0.9680832624435425,0.9812113046646118,0.991191565990448,0.9989897608757019,0.9894315004348755,0.4369758665561676,0.07478100061416626,0.0010991074377670884,2.0
336,1.0,1.0,1.0,1.0,1.0,1.0,1.0,0.0,0.993070662021637,0.9990857839584351,0.9976953864097595,0.9730274677276611,0.9999349117279053,0.989851713180542,0.9933450222015381,0.000999594572931528,1.0
337,0.0,0.0,0.0,0.0,0.0,0.0,0.0,0.0,0.00026717211585491896,0.0025887254159897566,0.0002587915805634111,0.00013347117055673152,0.00022632947366219014,0.021613644436001778,0.00039969710633158684,0.00022054473811294883,4.0
338,0.0,0.0,0.0,0.0,0.0,0.0,0.0,0.0,1.1118765542050824e-05,1.0066833965538535e-05,1.0333095815440174e-05,3.106882786596543e-06,5.751947537646629e-05,8.14162558526732e-06,0.0022936740424484015,9.210531970893499e-06,2.0
339,0.0,0.0,0.0,0.0,0.0,0.0,0.0,0.0,0.00010274731903336942,0.00015312711184378713,9.795339428819716e-05,4.192529013380408e-05,0.03542407229542732,6.30735230515711e-05,0.0008800739888101816,5.794311164208921e-06,4.0
340,0.0,0.0,0.0,0.0,0.0,0.0,0.0,0.0,9.892623893392738e-06,7.705957250436768e-05,0.0001712742232484743,8.586835065216292e-06,9.646361286286265e-05,0.00020568650506902486,0.0018711996963247657,9.57843894866528e-06,2.0
341,0.0,0.0,0.0,0.0,0.0,0.0,0.0,0.0,2.0886946003884077e-05,5.961141505395062e-05,0.00010274242231389508,7.533038115070667e-06,0.001837270800024271,0.00032416716567240655,0.007763598579913378,5.923855496803299e-06,2.0
342,1.0,1.0,1.0,1.0,1.0,0.0,1.0,0.0,0.9912418127059937,0.5822966694831848,0.9997732043266296,0.9989426732063293,0.9889376163482666,0.7464141845703125,0.9757890701293945,0.6117307543754578,1.0
343,0.0,0.0,0.0,0.0,0.0,0.0,0.0,0.0,0.00011731245467672125,0.0008752091089263558,7.790044037392363e-05,4.237317989463918e-05,0.00043947494123131037,0.0003041443706024438,0.0008983834995888174,5.414677070803009e-05,4.0
344,1.0,1.0,1.0,1.0,1.0,0.0,1.0,1.0,0.9988623857498169,0.9999562501907349,0.9963697195053101,0.9997090697288513,0.9994922876358032,0.9899858236312866,0.997565507888794,0.9787535667419434,0.0
345,1.0,1.0,1.0,1.0,1.0,1.0,0.0,1.0,0.999767005443573,0.9958058595657349,0.9990453124046326,0.9996670484542847,0.9988590478897095,0.9916359186172485,0.9405336976051331,0.7119759917259216,4.0
346,1.0,1.0,1.0,1.0,1.0,1.0,0.0,1.0,0.9853398203849792,0.998417854309082,0.9963009357452393,0.9989979863166809,0.9969260096549988,0.9997488856315613,0.9295349717140198,0.9812203645706177,1.0
347,0.0,0.0,0.0,0.0,0.0,0.0,0.0,0.0,0.00024205459340009838,3.345394361531362e-05,3.555103103280999e-05,0.00015334671479649842,2.5736893803696148e-05,1.7913152987603098e-05,0.0002865042188204825,8.842365787131712e-06,3.0
348,1.0,1.0,1.0,1.0,1.0,1.0,1.0,1.0,0.9998654127120972,0.9994157552719116,0.9996217489242554,0.9862130880355835,0.9990224838256836,0.9996984004974365,0.3891265392303467,0.8159011006355286,3.0
349,1.0,1.0,1.0,1.0,0.0,0.0,1.0,1.0,0.9991682767868042,0.9985985159873962,0.9891977906227112,0.9998394250869751,0.9990577101707458,0.9748976230621338,0.9883509874343872,0.9986410737037659,2.0
350,0.0,1.0,0.0,0.0,0.0,0.0,0.0,0.0,0.5849466919898987,0.9843951463699341,0.9898220300674438,0.6748733520507812,0.8973955512046814,0.15263999998569489,0.5877379775047302,0.004563877824693918,0.0
351,1.0,1.0,1.0,1.0,1.0,1.0,1.0,0.0,0.9997918009757996,0.9962414503097534,0.9988000392913818,0.9993880987167358,0.9998495578765869,0.998653769493103,0.9921382069587708,0.8586074113845825,0.0
352,1.0,0.0,1.0,1.0,1.0,0.0,0.0,0.0,0.9681293964385986,0.5722946524620056,0.9978050589561462,0.9996505975723267,0.9939555525779724,0.7220287322998047,0.11128032207489014,0.21026137471199036,0.0
353,0.0,0.0,0.0,0.0,0.0,0.0,0.0,0.0,2.2706453819409944e-05,0.000659709214232862,4.452815483091399e-05,5.663273259415291e-05,0.007480737287551165,0.00010385143832536414,0.00012148684618296102,7.764329893689137e-06,2.0
354,1.0,1.0,1.0,1.0,1.0,1.0,0.0,0.0,0.9995551705360413,0.999933123588562,0.9995088577270508,0.9983882904052734,0.999885082244873,0.9919173121452332,0.23102040588855743,0.109856016933918,2.0
355,0.0,0.0,0.0,0.0,0.0,0.0,0.0,0.0,3.829113848041743e-05,0.0007229710463434458,0.012701952829957008,1.7463926269556396e-05,0.008839038200676441,5.449497984955087e-05,0.001717904582619667,7.87215685704723e-06,1.0
356,0.0,0.0,0.0,0.0,0.0,0.0,0.0,0.0,1.158588747784961e-05,5.7178760471288115e-05,7.550323061877862e-05,8.337615327036474e-06,0.00037700592656619847,2.39426353800809e-05,0.00014368040137924254,5.144098849996226e-06,2.0
357,1.0,1.0,1.0,0.0,1.0,0.0,0.0,0.0,0.5347574949264526,0.9992606043815613,0.9987144470214844,0.017349371686577797,0.9996019005775452,0.9604535698890686,0.41521337628364563,0.005504758562892675,1.0
358,0.0,1.0,1.0,0.0,1.0,1.0,0.0,0.0,0.08257686346769333,0.9822524785995483,0.9115556478500366,0.008913102559745312,0.9918436408042908,0.9169387817382812,0.7722415924072266,0.0006319718086160719,3.0
359,1.0,1.0,1.0,1.0,1.0,1.0,1.0,0.0,0.9944954514503479,0.999728262424469,0.9996579885482788,0.9988435506820679,0.9998902082443237,0.999626636505127,0.9707159399986267,0.005251321010291576,0.0
360,0.0,0.0,0.0,0.0,0.0,0.0,0.0,0.0,4.7137040382949635e-05,0.00471474090591073,0.00122115109115839,3.402225411264226e-05,0.01725355163216591,0.0005085599259473383,0.00021572571131400764,1.679071101534646e-05,2.0
361,0.0,0.0,0.0,0.0,0.0,0.0,0.0,0.0,7.973336323630065e-05,0.010976802557706833,0.005168064497411251,3.482080501271412e-05,0.0010846871882677078,0.00012071029050275683,0.00019564670219551772,1.782348772394471e-05,0.0
362,1.0,1.0,1.0,1.0,1.0,1.0,1.0,0.0,0.015555217862129211,0.9885234236717224,0.9706332087516785,0.9747939705848694,0.9911282062530518,0.9233153462409973,0.95574551820755,0.00015926186461001635,0.0
363,0.0,1.0,1.0,1.0,1.0,1.0,1.0,0.0,0.7875555157661438,0.7420855760574341,0.969579815864563,0.5647791624069214,0.9842509031295776,0.9183152914047241,0.9539374113082886,0.0021971799433231354,1.0
364,0.0,0.0,0.0,0.0,0.0,0.0,0.0,0.0,0.0006289290613494813,0.0002554865786805749,0.0011242100736126304,0.00020396050240378827,0.00010431594273541123,0.00014645782357547432,0.002777116373181343,7.966606972331647e-06,3.0
365,1.0,1.0,1.0,1.0,1.0,1.0,0.0,0.0,0.9917773008346558,0.991588294506073,0.9971373081207275,0.10608553886413574,0.9981813430786133,0.9957085847854614,0.18044450879096985,0.1549697369337082,1.0
366,1.0,1.0,1.0,1.0,1.0,1.0,1.0,0.0,0.9937931299209595,0.9997900128364563,0.9995835423469543,0.9988722205162048,0.9995342493057251,0.9996531009674072,0.9994352459907532,0.6877703666687012,4.0
367,0.0,0.0,0.0,0.0,0.0,0.0,0.0,0.0,0.0002222357434220612,0.013714409433305264,0.004242697264999151,0.0018803485436365008,0.022021997720003128,0.00011283395724603906,0.00900941714644432,7.485551032004878e-05,2.0
368,0.0,0.0,0.0,0.0,0.0,0.0,0.0,0.0,1.5550376701867208e-05,6.345613655867055e-05,7.2167408688983414e-06,4.349088158051018e-06,2.8456544896471314e-05,3.139433829346672e-05,0.00044911119039170444,1.080771198758157e-05,2.0
369,1.0,1.0,1.0,0.0,1.0,0.0,0.0,0.0,0.36881595849990845,0.8343378305435181,0.011262456886470318,0.09946299344301224,0.06572581082582474,0.00038376619340851903,0.06934396922588348,0.0030863378196954727,2.0
370,1.0,1.0,1.0,1.0,1.0,0.0,1.0,1.0,0.996933102607727,0.9822485446929932,0.9165188074111938,0.9271533489227295,0.7925324440002441,0.0017474164487794042,0.6220484375953674,0.27861517667770386,1.0
371,1.0,1.0,1.0,1.0,1.0,0.0,0.0,1.0,0.9995017051696777,0.800905168056488,0.9984521865844727,0.9993183612823486,0.9893518090248108,0.1160789281129837,0.10408374667167664,0.3510398864746094,0.0
372,0.0,0.0,0.0,0.0,0.0,0.0,0.0,0.0,9.937519280356355e-06,0.001471666619181633,0.0022034591529518366,4.91008504468482e-05,0.013483851216733456,0.00036221297341398895,0.0024252834264189005,1.1730307051038835e-05,4.0
373,0.0,0.0,0.0,0.0,1.0,0.0,0.0,0.0,0.5182138085365295,0.64998459815979,0.9623557925224304,0.0016971421428024769,0.9969894289970398,0.9905269145965576,0.0673438012599945,0.0010601863032206893,3.0
374,0.0,1.0,0.0,0.0,1.0,1.0,0.0,0.0,0.09316962212324142,0.9513652324676514,0.9914171099662781,0.0010184189304709435,0.9942924976348877,0.051122087985277176,0.03125044330954552,0.0001836946903495118,3.0
375,1.0,1.0,1.0,1.0,1.0,1.0,1.0,0.0,0.25820568203926086,0.9953855872154236,0.9991330504417419,0.9961135387420654,0.9993380904197693,0.9635328054428101,0.006511711981147528,0.00013707386096939445,2.0
376,0.0,0.0,0.0,0.0,0.0,0.0,0.0,0.0,1.0298858796886634e-05,2.658547236933373e-05,8.582508598919958e-05,1.2777684787579346e-05,0.0001490191207267344,1.2441075341484975e-05,0.0001205736116389744,1.548015461594332e-06,3.0
377,0.0,0.0,0.0,0.0,0.0,0.0,0.0,0.0,1.694654201855883e-05,0.0002232168335467577,3.9851867768447846e-05,1.7708278392092325e-05,0.0015443004667758942,2.4120085072354414e-05,9.426006727153435e-05,3.9410351746482775e-06,1.0
378,1.0,1.0,1.0,0.0,1.0,0.0,1.0,0.0,0.9891293048858643,0.6051410436630249,0.6247046589851379,0.8281611204147339,0.84121173620224,0.5724294781684875,0.6772401332855225,0.48549386858940125,4.0
379,0.0,1.0,0.0,0.0,1.0,0.0,0.0,0.0,0.00045961575233377516,0.344504714012146,0.011370168998837471,0.00011057890515075997,0.5256475210189819,0.0020843548700213432,0.12144936621189117,0.0002675519499462098,4.0
380,1.0,1.0,1.0,1.0,1.0,1.0,0.0,1.0,0.7303693890571594,0.977903425693512,0.308745414018631,0.2885202169418335,0.9899157881736755,0.6591857671737671,0.39895597100257874,0.01176972035318613,1.0
381,1.0,1.0,1.0,1.0,1.0,1.0,1.0,1.0,0.9997711777687073,0.9967132806777954,0.9996676445007324,0.9993163347244263,0.9996328353881836,0.8895280361175537,0.8516852259635925,0.16396117210388184,1.0
382,0.0,0.0,0.0,0.0,0.0,0.0,0.0,0.0,0.00012267248530406505,0.07074538618326187,0.010782858356833458,3.528302477207035e-05,0.14028939604759216,0.0016049799742177129,0.00011919872486032546,2.8260183171369135e-06,0.0
383,1.0,1.0,1.0,1.0,1.0,1.0,1.0,1.0,0.9968922734260559,0.9950120449066162,0.9975649118423462,0.9625554084777832,0.9990026354789734,0.9973917007446289,0.9981135129928589,0.7092463374137878,2.0
384,0.0,0.0,0.0,0.0,0.0,0.0,0.0,0.0,8.573625382268801e-05,4.4767522922484204e-05,0.0017118711257353425,3.74796763935592e-05,7.164623093558475e-05,0.00020184401364531368,0.0006426067557185888,1.4124287190497853e-05,3.0
385,0.0,0.0,0.0,0.0,0.0,0.0,0.0,0.0,2.9805700251017697e-05,0.00016057277389336377,0.00020576122915372252,5.830905865877867e-05,0.0006113939452916384,0.00012537014845293015,0.003907778766006231,3.777167876251042e-05,4.0
386,1.0,1.0,1.0,1.0,1.0,1.0,0.0,0.0,0.4495790898799896,0.8316258788108826,0.997776210308075,0.9341661334037781,0.9986640214920044,0.6818925738334656,0.00200535636395216,0.00018347693549003452,3.0
387,0.0,0.0,0.0,0.0,0.0,0.0,0.0,0.0,6.045170266588684e-06,1.0587985343590844e-05,7.2244465627591126e-06,8.340986823895946e-06,0.0002632784890010953,9.638071787776425e-06,0.00031862317700870335,1.9423455341893714e-06,4.0
388,0.0,1.0,1.0,0.0,1.0,1.0,0.0,0.0,0.9575987458229065,0.9962928891181946,0.9762852787971497,0.5599452257156372,0.93048095703125,0.9415144920349121,0.24240776896476746,0.00949346274137497,0.0
389,1.0,1.0,0.0,0.0,1.0,1.0,0.0,0.0,0.9965705871582031,0.9447157382965088,0.31922605633735657,0.44360652565956116,0.994889497756958,0.8749884366989136,0.06794843822717667,0.04905461147427559,4.0
390,1.0,1.0,1.0,1.0,1.0,1.0,1.0,1.0,0.9999773502349854,0.999488115310669,0.9998339414596558,0.9924586415290833,0.9994131326675415,0.9989848732948303,0.25855135917663574,0.930086076259613,2.0
391,1.0,1.0,1.0,1.0,1.0,1.0,0.0,0.0,0.9987939596176147,0.9993096590042114,0.9934033751487732,0.9994819760322571,0.9992932081222534,0.9776586890220642,0.8761097192764282,0.8461331725120544,4.0
392,1.0,0.0,1.0,1.0,1.0,0.0,0.0,0.0,0.03367163985967636,0.9285520315170288,0.9993320107460022,0.9985804557800293,0.9994844198226929,0.961088240146637,0.05964650586247444,0.001235254225321114,4.0
393,1.0,1.0,1.0,1.0,1.0,1.0,0.0,1.0,0.9997555613517761,0.9995893836021423,0.999509334564209,0.9947033524513245,0.9987649917602539,0.9985249638557434,0.14483648538589478,0.9646885991096497,2.0
394,1.0,1.0,1.0,1.0,1.0,1.0,0.0,1.0,0.998130738735199,0.9934988021850586,0.9975494742393494,0.9992387294769287,0.9990806579589844,0.9869029521942139,0.28247544169425964,0.31677404046058655,0.0
395,0.0,0.0,0.0,0.0,0.0,0.0,0.0,0.0,0.000796036678366363,0.0008506893063895404,0.0012895548716187477,0.000127044360851869,0.0067220148630440235,0.00014485216524917632,0.0009131560800597072,8.82983731571585e-05,2.0
396,1.0,1.0,1.0,1.0,1.0,1.0,1.0,0.0,0.9999507665634155,0.9996601343154907,0.9988183379173279,0.9997041821479797,0.9991123080253601,0.9982767105102539,0.9345821142196655,0.7916469573974609,2.0
397,0.0,1.0,1.0,0.0,1.0,0.0,0.0,0.0,0.9995430707931519,0.8715198040008545,0.9834958910942078,0.9675458669662476,0.9707428216934204,0.991365909576416,0.9348601698875427,0.09268355369567871,4.0
398,0.0,0.0,0.0,0.0,0.0,0.0,0.0,0.0,0.00010335569095332175,0.0006742364494130015,0.00023777988099027425,7.493163866456598e-05,0.0005807516863569617,0.003372224746271968,0.0012527728686109185,8.747304491407704e-06,0.0
399,0.0,0.0,0.0,0.0,0.0,0.0,0.0,0.0,4.986752537661232e-05,0.0002858875668607652,0.0004181151161901653,3.871411900036037e-05,0.00014367657422553748,0.00044741903548128903,0.0001486216497141868,5.52646315554739e-06,2.0
400,1.0,1.0,1.0,1.0,1.0,1.0,1.0,1.0,0.9997778534889221,0.9990739822387695,0.9997398257255554,0.9997867941856384,0.9996625185012817,0.9968372583389282,0.9913411736488342,0.9736443161964417,3.0
401,1.0,1.0,1.0,1.0,1.0,1.0,1.0,1.0,0.9992551207542419,0.9997426867485046,0.9995537400245667,0.7495629787445068,0.9999252557754517,0.9992997646331787,0.9909849166870117,0.7410341501235962,4.0
402,1.0,1.0,1.0,1.0,1.0,1.0,1.0,1.0,0.9998657703399658,0.9998326301574707,0.9997913241386414,0.995163083076477,0.9999228715896606,0.9995989203453064,0.8761157989501953,0.9912055134773254,3.0
403,1.0,1.0,1.0,1.0,1.0,1.0,1.0,1.0,0.9997355341911316,0.9997966885566711,0.9992721676826477,0.9996101260185242,0.9998646974563599,0.9997623562812805,0.9994788765907288,0.9966878294944763,3.0
404,1.0,1.0,1.0,1.0,1.0,1.0,0.0,0.0,0.9763508439064026,0.9316587448120117,0.9997770190238953,0.9987626075744629,0.9966633915901184,0.9256525635719299,0.01349148340523243,0.01678917370736599,1.0
405,0.0,0.0,0.0,0.0,0.0,0.0,0.0,0.0,0.0001995302300201729,0.17166337370872498,0.014649929478764534,3.8189285987755284e-05,0.047254886478185654,7.096883200574666e-05,0.001049018814228475,3.470166484476067e-05,0.0
406,0.0,0.0,0.0,0.0,0.0,0.0,0.0,0.0,3.3962638553930447e-05,0.00038698589196428657,0.0007719351560808718,0.00012515812704805285,0.06101546436548233,7.2273264777322765e-06,0.001252981135621667,1.751590025378391e-05,4.0
407,0.0,1.0,1.0,0.0,1.0,1.0,0.0,0.0,0.14533057808876038,0.9894797205924988,0.991051435470581,0.003823226550593972,0.9978436231613159,0.9866096377372742,0.037220876663923264,0.0012728918809443712,2.0
408,0.0,0.0,0.0,0.0,0.0,0.0,0.0,0.0,9.735057574289385e-06,0.00013993865286465734,3.8648166082566604e-05,3.0168504963512532e-05,6.147313251858577e-05,6.432407826650888e-05,0.00012662880180869251,6.21929757471662e-06,1.0
409,0.0,0.0,0.0,0.0,0.0,0.0,0.0,0.0,1.3958525414636824e-05,1.1569436537683941e-05,4.634088782040635e-06,5.5454534049204085e-06,0.0011131968349218369,5.8520886341284495e-06,0.00022343637829180807,1.7602592379262205e-06,0.0
410,0.0,0.0,0.0,0.0,0.0,0.0,0.0,0.0,0.9969889521598816,0.9969471096992493,0.9860628247261047,0.5806183218955994,0.9952507019042969,0.22179415822029114,0.014878304675221443,0.0008129799971356988,3.0
411,0.0,0.0,0.0,0.0,0.0,0.0,0.0,0.0,6.400694110197946e-05,4.863924550591037e-05,3.41525737894699e-05,6.689659585390473e-06,0.0009299292578361928,6.943372136447579e-05,0.0008706125663593411,2.0012691948068095e-06,0.0
412,1.0,1.0,1.0,1.0,1.0,1.0,1.0,0.0,0.999936580657959,0.9997740387916565,0.9995787739753723,0.9998483657836914,0.9999163150787354,0.9998652935028076,0.9978234767913818,0.1609586924314499,2.0
413,0.0,0.0,0.0,0.0,0.0,0.0,0.0,0.0,0.00019692235218826681,0.00035708362702280283,0.0032898320350795984,0.00021706579718738794,0.0024189730174839497,0.000493932340759784,0.0004925993853248656,8.216436071961652e-06,4.0
414,1.0,1.0,1.0,1.0,1.0,1.0,0.0,1.0,0.999305248260498,0.4238570034503937,0.9905145168304443,0.9236516356468201,0.9907103180885315,0.5874353051185608,0.9678189754486084,0.14883504807949066,3.0
415,0.0,0.0,0.0,0.0,0.0,0.0,0.0,0.0,8.96408710104879e-06,3.965802534366958e-05,0.0007410686230286956,2.361548104090616e-05,0.0012979407329112291,1.3428782949631568e-05,0.00011512763740029186,8.613975296611898e-06,3.0
416,1.0,1.0,1.0,1.0,1.0,1.0,1.0,1.0,0.9983162879943848,0.9996989965438843,0.9932760000228882,0.6809191703796387,0.9995507597923279,0.8787649273872375,0.970816969871521,0.9639310240745544,2.0
417,1.0,1.0,1.0,1.0,1.0,1.0,1.0,1.0,0.9657428860664368,0.9996048808097839,0.9995930790901184,0.9995310306549072,0.9994586110115051,0.9998722076416016,0.03319201618432999,0.020127378404140472,2.0
418,1.0,1.0,1.0,1.0,1.0,1.0,1.0,1.0,0.9998481273651123,0.999927282333374,0.9997395873069763,0.9998656511306763,0.9998704195022583,0.999245285987854,0.9956899285316467,0.9972407817840576,4.0
419,1.0,1.0,1.0,1.0,1.0,1.0,0.0,1.0,0.9999145269393921,0.999600350856781,0.9997175335884094,0.9990511536598206,0.9988453388214111,0.99787437915802,0.9856003522872925,0.9341788291931152,3.0
420,1.0,1.0,1.0,1.0,1.0,1.0,1.0,1.0,0.9994882345199585,0.9996391534805298,0.999799907207489,0.999880313873291,0.9997240900993347,0.9997993111610413,0.9953950047492981,0.974609375,0.0
421,0.0,0.0,0.0,0.0,0.0,0.0,0.0,0.0,1.5783540220581926e-05,3.1366744224214926e-05,5.788749604107579e-06,6.952390322112478e-06,5.673971463693306e-05,1.5811230696272105e-05,0.0002894286881200969,1.16003484436078e-05,3.0
422,1.0,1.0,1.0,1.0,1.0,1.0,0.0,0.0,0.9998327493667603,0.9995966553688049,0.9988484382629395,0.9996514320373535,0.9991188645362854,0.8746951222419739,0.01505858264863491,0.008732814341783524,2.0
423,1.0,1.0,1.0,1.0,1.0,1.0,1.0,0.0,0.9994966983795166,0.9963648915290833,0.999758780002594,0.9990705847740173,0.9997223019599915,0.9946922659873962,0.8569446206092834,0.6156271696090698,0.0
424,0.0,0.0,0.0,0.0,0.0,0.0,0.0,0.0,2.309412775503006e-05,4.2963747546309605e-05,2.152777051378507e-05,4.125155828660354e-05,2.2108164557721466e-05,1.8658773115021177e-05,0.00032886379631236196,3.125408738924307e-06,1.0
425,0.0,1.0,1.0,0.0,1.0,0.0,0.0,0.0,0.004240834154188633,0.18346521258354187,0.2545456886291504,0.0010470509296283126,0.8911541700363159,0.007830185815691948,0.014638074673712254,0.0001547716383356601,1.0
426,0.0,0.0,0.0,0.0,0.0,0.0,0.0,0.0,0.00013992530875839293,3.919754453818314e-05,0.00012549848179332912,0.0002941999409813434,0.00013741188740823418,6.303155532805249e-05,9.622795914765447e-05,1.8227316104457714e-05,2.0
427,1.0,1.0,1.0,1.0,1.0,1.0,1.0,1.0,0.9942094087600708,0.9990575909614563,0.9995081424713135,0.9999066591262817,0.9999362230300903,0.9999423027038574,0.9992254972457886,0.19311964511871338,4.0
428,0.0,0.0,0.0,0.0,0.0,0.0,0.0,0.0,7.449518307112157e-05,2.9312068363651633e-05,7.479863415937871e-05,1.2987767149752472e-05,0.0032725874334573746,2.2738438929081894e-05,0.00031667109578847885,4.3530462789931335e-06,0.0
429,0.0,0.0,0.0,0.0,1.0,0.0,0.0,0.0,0.012214678339660168,0.6097165942192078,0.0718703344464302,5.6078068155329674e-05,0.8602262139320374,0.004324226174503565,0.009473436512053013,1.0839307833521161e-05,1.0
430,1.0,1.0,1.0,1.0,1.0,1.0,1.0,0.0,0.9941243529319763,0.9868454933166504,0.9966885447502136,0.9966471791267395,0.9999061822891235,0.9993096590042114,0.9805275201797485,0.5791661143302917,0.0
431,0.0,0.0,0.0,0.0,0.0,0.0,0.0,0.0,1.9633567717391998e-05,2.2443398847826757e-05,5.631633393932134e-05,5.778656031907303e-06,0.0003989424149040133,0.00018609156541060656,3.3460102713434026e-05,1.1471972356957849e-05,2.0
432,0.0,0.0,0.0,0.0,0.0,1.0,0.0,0.0,0.8937350511550903,0.01426917128264904,0.0006119001773186028,0.004409692715853453,0.0012970904354006052,0.001509505556896329,0.12673728168010712,0.02790219336748123,0.0
433,0.0,0.0,0.0,0.0,0.0,0.0,0.0,0.0,0.00018495554104447365,0.003824196755886078,0.001996258506551385,0.00033563352189958096,0.00454480666667223,0.001066403230652213,0.0004665244196075946,2.0402312657097355e-05,1.0
434,0.0,0.0,0.0,0.0,0.0,0.0,0.0,0.0,8.130700734909624e-06,2.4663373551447876e-05,3.65505475201644e-05,4.627309863280971e-06,2.575700455054175e-05,0.00010968561400659382,0.00011907580483239144,2.9435295800794847e-05,2.0
435,0.0,0.0,0.0,0.0,0.0,0.0,0.0,0.0,0.0002452504413668066,0.03388155251741409,0.07411018013954163,0.00024343376571778208,0.009473592974245548,0.0006655072211287916,0.001204596715979278,0.00010775313421618193,2.0
436,0.0,0.0,0.0,0.0,0.0,0.0,1.0,0.0,0.007763845380395651,0.00034833018435165286,0.00025963704683817923,0.00011947900929953903,0.000289427291136235,0.00028431645478121936,0.00673946226015687,1.857233655755408e-05,1.0
437,0.0,0.0,0.0,0.0,0.0,0.0,0.0,0.0,8.360857464140281e-06,5.7132812798954546e-05,9.538462472846732e-05,1.0212362212769222e-05,5.7694054703461006e-05,3.0942690500523895e-05,0.00024390888574998826,1.2988940625291434e-06,3.0
438,0.0,0.0,0.0,0.0,0.0,0.0,0.0,0.0,2.811373269651085e-05,4.288486888981424e-05,9.83510835794732e-05,1.955762127181515e-05,0.0008942244458012283,1.5473231542273425e-05,2.5792622182052583e-05,5.536395747185452e-06,3.0
439,0.0,1.0,1.0,1.0,1.0,1.0,0.0,0.0,0.14303496479988098,0.9987247586250305,0.9981905817985535,0.9528028964996338,0.9995168447494507,0.9994342923164368,0.43741971254348755,0.0012458283454179764,1.0
440,1.0,1.0,1.0,0.0,1.0,0.0,0.0,0.0,0.3246184289455414,0.8922437429428101,0.9871402382850647,0.9911401867866516,0.9952482581138611,0.8684656620025635,0.034640152007341385,0.002275723498314619,0.0
441,1.0,1.0,1.0,1.0,1.0,1.0,1.0,1.0,0.9996416568756104,0.999382495880127,0.9997053742408752,0.999661922454834,0.9998138546943665,0.5560190081596375,0.9997169375419617,0.9991666078567505,3.0
442,0.0,0.0,0.0,0.0,0.0,0.0,0.0,0.0,4.89107878820505e-05,0.00039044898585416377,0.0001436560123693198,0.00032016850309446454,0.0034870991948992014,7.586973515572026e-05,0.00031611547456122935,5.8364439610159025e-06,1.0
443,0.0,0.0,0.0,0.0,0.0,0.0,0.0,0.0,0.018490580841898918,0.019008485600352287,0.05801849439740181,0.009016210213303566,0.2814309000968933,0.00995567999780178,0.005207423586398363,0.0003396901593077928,2.0
444,1.0,1.0,1.0,1.0,1.0,1.0,1.0,1.0,0.9989182949066162,0.9999065399169922,0.9998078942298889,0.9998829364776611,0.9996132254600525,0.9988535642623901,0.9611901044845581,0.9994524121284485,2.0
445,0.0,0.0,0.0,0.0,0.0,0.0,0.0,0.0,4.7887115215417e-05,2.798883360810578e-05,3.284015110693872e-05,7.826150977052748e-06,0.0019929457921534777,2.0483063053688966e-05,0.0008437092183157802,2.774502490865416e-06,2.0
446,1.0,1.0,1.0,0.0,1.0,1.0,0.0,0.0,0.9937373399734497,0.9941331744194031,0.9969465136528015,0.6458114981651306,0.7345413565635681,0.9012073278427124,0.05795224756002426,0.929990291595459,2.0
447,0.0,0.0,0.0,0.0,1.0,0.0,0.0,0.0,0.004708379041403532,0.03350428491830826,0.12599560618400574,0.0008094264776445925,0.9468114376068115,0.10331705212593079,0.016727039590477943,7.307156192837283e-05,1.0
448,1.0,1.0,1.0,1.0,1.0,1.0,1.0,1.0,0.9977040886878967,0.9999053478240967,0.9997065663337708,0.9981173276901245,0.9998723268508911,0.9981675148010254,0.9952711462974548,0.9983956217765808,1.0
449,0.0,0.0,0.0,0.0,0.0,0.0,0.0,0.0,0.0005426241550594568,0.004080482292920351,0.013118702918291092,4.376933429739438e-05,0.03539428487420082,0.0006135751027613878,0.011266015470027924,2.687571759452112e-05,0.0
450,1.0,1.0,1.0,1.0,1.0,1.0,1.0,1.0,0.9990849494934082,0.9991893172264099,0.9987492561340332,0.9990233182907104,0.9995689988136292,0.9964147806167603,0.9931582808494568,0.9674208760261536,2.0
451,0.0,0.0,0.0,0.0,0.0,0.0,0.0,0.0,1.1502437700983137e-05,3.817559263552539e-05,0.00016885485092643648,1.2680995496339165e-05,0.0012775193899869919,0.00013104142271913588,0.00015280810475815088,2.1078710688016145e-06,0.0
452,0.0,0.0,0.0,0.0,0.0,0.0,0.0,0.0,1.2437895748007577e-05,5.125124516780488e-05,0.0004301724839024246,0.00014340036432258785,0.0001794037380022928,2.4074171960819513e-05,0.0006295725470408797,1.754022264321975e-06,3.0
453,1.0,1.0,1.0,1.0,1.0,1.0,1.0,1.0,0.9989815354347229,0.9984386563301086,0.9996517896652222,0.9981687068939209,0.9992305040359497,0.9991469383239746,0.9953845143318176,0.9973867535591125,0.0
454,0.0,0.0,0.0,0.0,0.0,0.0,0.0,0.0,6.486583879450336e-05,0.0011623500613495708,0.0004545608826447278,6.111780385253951e-05,0.0003288236621301621,4.3469710362842306e-05,0.04314865171909332,6.99345619068481e-05,4.0
455,1.0,1.0,1.0,1.0,1.0,0.0,0.0,0.0,0.364395409822464,0.9980087876319885,0.9977922439575195,0.7290667295455933,0.9980348944664001,0.7031921744346619,0.8796472549438477,0.04427063837647438,4.0
456,0.0,0.0,0.0,0.0,0.0,0.0,0.0,0.0,2.7535690605873242e-05,7.952135638333857e-05,9.281114034820348e-05,1.2574202628456987e-05,0.0004706159816123545,4.587383955367841e-05,0.010888272896409035,1.3506718460121192e-05,2.0
457,0.0,0.0,0.0,0.0,0.0,0.0,0.0,0.0,4.4150103349238634e-05,0.0001490401482442394,0.0004124496190343052,6.524227501358837e-05,0.0008935516234487295,0.00018748128786683083,0.00016622792463749647,6.356154699460603e-06,1.0
458,0.0,0.0,0.0,0.0,0.0,0.0,0.0,0.0,0.0001336837449343875,0.0013767324853688478,0.001573779620230198,6.593157013412565e-05,0.19370505213737488,0.00010734055103966966,0.009660768322646618,1.1271908988419455e-05,4.0
459,0.0,1.0,1.0,1.0,1.0,0.0,1.0,0.0,0.9705343842506409,0.9855834245681763,0.9995154142379761,0.9987879395484924,0.9984924793243408,0.9499795436859131,0.9671174883842468,0.0008330219425261021,4.0
460,0.0,0.0,0.0,0.0,0.0,0.0,0.0,0.0,5.363122545531951e-05,0.00010182491678278893,1.1048454325646162e-05,2.004020643653348e-05,0.0007392530096694827,2.1768009901279584e-05,0.002133114030584693,2.5239912702090805e-06,4.0
461,0.0,0.0,0.0,0.0,0.0,0.0,0.0,0.0,0.0001234679075423628,0.002806064672768116,0.0029463348910212517,0.0001755924749886617,0.0015029830392450094,0.0007745502516627312,0.013658197596669197,3.0056624382268637e-05,4.0
462,0.0,0.0,0.0,0.0,0.0,0.0,0.0,0.0,1.5977249859133735e-05,1.3885158296034206e-05,1.763703767210245e-05,5.240036443865392e-06,0.0008921976550482213,2.458993549225852e-05,0.0013363639591261744,1.476984493820055e-06,0.0
463,0.0,0.0,0.0,0.0,0.0,0.0,1.0,0.0,0.0005819427315145731,0.00011081017146352679,0.0003156631428282708,1.0565956472419202e-05,5.340274583431892e-05,0.00010864124487852678,0.0007082872907631099,3.91487919841893e-05,3.0
464,1.0,1.0,1.0,1.0,1.0,0.0,1.0,1.0,0.9988937973976135,0.9992024302482605,0.3555135428905487,0.9873769283294678,0.9997932314872742,0.9693639278411865,0.7386252284049988,0.9917246699333191,1.0
465,0.0,0.0,0.0,0.0,0.0,0.0,1.0,0.0,0.27438098192214966,0.0001996961800614372,0.053838446736335754,0.1783386915922165,0.013107373379170895,0.00023424233950208873,0.03264886513352394,0.0002939352998510003,2.0
466,0.0,0.0,0.0,0.0,0.0,0.0,0.0,0.0,3.8964317354839295e-05,0.011608255095779896,0.0011137749534100294,0.0002608250069897622,0.008193615823984146,0.0002629990049172193,0.004387534689158201,1.0238535651296843e-05,4.0
467,0.0,1.0,1.0,0.0,1.0,1.0,0.0,0.0,0.16497984528541565,0.997129499912262,0.9971586465835571,0.01068930421024561,0.9981155395507812,0.8742535710334778,0.001638156594708562,0.0005456384969875216,1.0
468,1.0,1.0,1.0,1.0,1.0,1.0,1.0,0.0,0.9947460889816284,0.9984594583511353,0.9979945421218872,0.9986019730567932,0.9998494386672974,0.9995125532150269,0.9910649657249451,0.31556612253189087,0.0
469,1.0,1.0,1.0,1.0,1.0,1.0,0.0,0.0,0.9993482232093811,0.9960607886314392,0.9997376799583435,0.9998359680175781,0.9995586276054382,0.934908926486969,0.7071837782859802,0.13215318322181702,3.0
470,0.0,0.0,0.0,0.0,0.0,0.0,0.0,0.0,4.704834645963274e-05,3.2212941732723266e-05,0.00010579090303508565,5.412274276750395e-06,0.0006866113399155438,0.00020010046137031168,1.8739538063528016e-05,6.07912306804792e-06,2.0
471,1.0,1.0,1.0,1.0,1.0,1.0,1.0,0.0,0.9990360736846924,0.9942165613174438,0.9993751645088196,0.9993694424629211,0.999794065952301,0.9958450198173523,0.9523448944091797,0.011132427491247654,4.0
472,1.0,1.0,1.0,1.0,1.0,1.0,1.0,1.0,0.9915972352027893,0.9989163875579834,0.9737754464149475,0.9423086643218994,0.9914414882659912,0.9959869980812073,0.8560931086540222,0.178782656788826,3.0
473,1.0,1.0,1.0,1.0,1.0,1.0,0.0,0.0,0.9798492789268494,0.9996236562728882,0.9994606375694275,0.9980272650718689,0.9998663663864136,0.9901055693626404,0.722967267036438,0.07289518415927887,2.0
474,1.0,0.0,1.0,1.0,0.0,1.0,1.0,1.0,0.9965644478797913,0.96290522813797,0.9928267002105713,0.5552483797073364,0.29988616704940796,0.9491147398948669,0.8312188386917114,0.6891278028488159,4.0
475,1.0,1.0,1.0,1.0,1.0,1.0,0.0,0.0,0.11866024136543274,0.9996156692504883,0.9823505878448486,0.9621833562850952,0.9994046688079834,0.9992221593856812,0.6612994074821472,0.10159936547279358,4.0
476,0.0,0.0,1.0,1.0,1.0,0.0,0.0,0.0,0.7971648573875427,0.9890650510787964,0.997728168964386,0.8833065032958984,0.9932898879051208,0.9057148694992065,0.003455230500549078,0.00013314461102709174,4.0
477,0.0,0.0,0.0,0.0,0.0,0.0,0.0,0.0,0.02390773966908455,0.14216658473014832,0.019146116450428963,0.00013306642358656973,0.015529556199908257,0.0010747648775577545,0.1661783754825592,0.0005943572614341974,0.0
478,1.0,1.0,1.0,0.0,1.0,1.0,0.0,0.0,0.10087751597166061,0.9980227947235107,0.9686713814735413,0.02493233047425747,0.9640517830848694,0.981539785861969,0.2292659431695938,0.0005938751273788512,2.0
479,1.0,1.0,1.0,0.0,1.0,1.0,0.0,0.0,0.8303402066230774,0.940037190914154,0.9248991012573242,0.1414669156074524,0.9917458891868591,0.7105856537818909,0.0932762622833252,0.015302552841603756,0.0
480,0.0,0.0,0.0,0.0,0.0,0.0,0.0,0.0,0.00021113111870363355,0.0008672232506796718,7.535865006502718e-05,5.4411830205935985e-06,0.00020274343842174858,0.0006439276621676981,0.00039524573367089033,4.093215466127731e-06,3.0
481,0.0,0.0,0.0,0.0,0.0,0.0,0.0,0.0,9.900761506287381e-05,0.0004089728754479438,0.000721539428923279,8.567919576307759e-05,0.0008136859978549182,0.00029329705284908414,9.439040150027722e-05,2.8907459181937156e-06,1.0
482,0.0,0.0,0.0,0.0,0.0,0.0,1.0,0.0,0.0034602240193635225,0.007261946331709623,0.032465916126966476,0.002641468308866024,0.0017849154537543654,0.020594658330082893,0.041762612760066986,0.00017722051416058093,1.0
483,0.0,0.0,0.0,0.0,0.0,0.0,0.0,0.0,8.694629650563002e-05,0.0006070842500776052,5.77818755118642e-05,5.147489719092846e-05,0.0002482019190210849,0.001051062485203147,0.001404031179845333,1.2815552508982364e-05,2.0
484,1.0,1.0,1.0,1.0,1.0,1.0,1.0,1.0,0.976362407207489,0.9909165501594543,0.9916009902954102,0.9923313856124878,0.9977426528930664,0.9848945736885071,0.9661496877670288,0.00863978173583746,4.0
485,0.0,0.0,0.0,0.0,0.0,0.0,0.0,0.0,0.00015003369480837137,6.678215140709653e-05,8.404988329857588e-05,1.2861700270150322e-05,0.02711975760757923,7.465747330570593e-05,0.001133199781179428,2.4402943381574005e-06,0.0
486,1.0,1.0,1.0,1.0,1.0,1.0,1.0,0.0,0.9961851239204407,0.9717655777931213,0.9989041090011597,0.9904604554176331,0.9919192790985107,0.9464073181152344,0.28073209524154663,0.46356648206710815,1.0
487,0.0,0.0,0.0,0.0,0.0,0.0,0.0,0.0,0.00021524124895222485,0.00011840132356155664,0.0006946274661459029,3.5224460589233786e-05,0.0023353814613074064,2.8240971005288884e-05,0.003831311361864209,3.0118685572233517e-06,2.0
488,1.0,1.0,1.0,0.0,1.0,1.0,0.0,0.0,0.19809173047542572,0.39849066734313965,0.03162609040737152,0.009054040536284447,0.9882929921150208,0.018391629680991173,0.0057509662583470345,0.0013337427517399192,3.0
489,0.0,1.0,1.0,0.0,1.0,0.0,0.0,0.0,0.007848362438380718,0.9967331886291504,0.9895586967468262,0.010147941298782825,0.795573890209198,0.9033346772193909,0.0014740180922672153,0.000614209973718971,4.0
490,0.0,1.0,1.0,1.0,1.0,1.0,0.0,0.0,0.05193448066711426,0.9978675842285156,0.9982965588569641,0.9930070638656616,0.9992732405662537,0.9926376342773438,0.02957027405500412,0.00036164038465358317,1.0
491,0.0,0.0,0.0,0.0,0.0,0.0,0.0,0.0,0.007066785823553801,0.00015171284030657262,0.00020597501134034246,0.001326542696915567,0.0003517820150591433,0.00015889463247731328,0.0026831908617168665,0.0003728336305357516,4.0
492,1.0,1.0,1.0,1.0,1.0,1.0,1.0,1.0,0.9992545247077942,0.9942852854728699,0.9972585439682007,0.9959254264831543,0.9963414072990417,0.9995734095573425,0.9178077578544617,0.9570351243019104,4.0
493,1.0,1.0,1.0,1.0,1.0,1.0,1.0,1.0,0.998753547668457,0.9985764026641846,0.9994580149650574,0.9953039884567261,0.9993458390235901,0.9998723268508911,0.5633450746536255,0.9983713030815125,1.0
494,1.0,1.0,1.0,1.0,1.0,1.0,1.0,1.0,0.9998862743377686,0.9987877011299133,0.9985997080802917,0.9994019269943237,0.9920468330383301,0.9990922212600708,0.9661133885383606,0.7283663153648376,0.0
495,1.0,1.0,1.0,1.0,1.0,0.0,1.0,0.0,0.964870274066925,0.9603912234306335,0.9986894726753235,0.9820114374160767,0.9842703938484192,0.8299722671508789,0.9535849690437317,0.0008992754155769944,1.0
496,0.0,0.0,0.0,0.0,0.0,0.0,0.0,0.0,6.30333533990779e-06,7.853826537029818e-05,0.00011576845281524584,1.5872265066718683e-05,0.0037787652108818293,1.1989634003839456e-05,9.708180004963651e-05,4.760501724376809e-06,3.0
497,1.0,1.0,1.0,1.0,1.0,1.0,1.0,1.0,0.9632618427276611,0.9759594798088074,0.9882809519767761,0.9916943907737732,0.996561586856842,0.9970768690109253,0.1435643583536148,0.8341332077980042,0.0
498,1.0,1.0,1.0,1.0,1.0,0.0,1.0,1.0,0.9978156089782715,0.9988850951194763,0.9984667897224426,0.9974852800369263,0.9821266531944275,0.8891444206237793,0.9391875267028809,0.9874956011772156,4.0
499,0.0,0.0,1.0,0.0,1.0,0.0,0.0,0.0,0.009159183129668236,0.01875966601073742,0.45879942178726196,0.0001702228037174791,0.9993603825569153,0.06186297908425331,0.0036902243737131357,1.9092049114988185e-05,2.0
500,1.0,1.0,1.0,1.0,1.0,1.0,1.0,0.0,0.9992535710334778,0.9981478452682495,0.9936635494232178,0.9986659288406372,0.9997043013572693,0.9805828928947449,0.8716405630111694,0.06715549528598785,2.0
501,1.0,1.0,1.0,1.0,1.0,1.0,0.0,1.0,0.9998785257339478,0.9996500015258789,0.9962798953056335,0.9996957778930664,0.9991545677185059,0.9995741248130798,0.11319553852081299,0.997731626033783,1.0
502,0.0,0.0,0.0,0.0,0.0,0.0,0.0,0.0,6.245378244784661e-06,0.004274314269423485,0.004170355387032032,9.83767822617665e-05,0.0020761715713888407,8.505782170686871e-05,0.0013391050742939115,5.4007377912057564e-05,4.0
503,0.0,0.0,0.0,0.0,0.0,0.0,0.0,0.0,2.593590397736989e-05,2.054654760286212e-05,3.5678800486493856e-05,1.8634944353834726e-05,0.00011592410010052845,1.0070445568999276e-05,0.0004087070992682129,1.6987067965601454e-06,3.0
504,0.0,0.0,0.0,0.0,0.0,0.0,0.0,0.0,0.09700937569141388,0.0076657626777887344,0.1528010368347168,0.11768756806850433,0.06451840698719025,0.0068960292264819145,0.03482009842991829,0.00019874547433573753,4.0
505,1.0,1.0,1.0,1.0,1.0,1.0,1.0,0.0,0.9676230549812317,0.9998427629470825,0.999737560749054,0.9998356103897095,0.9998553991317749,0.9997349381446838,0.9955829977989197,0.5286834239959717,3.0
506,1.0,1.0,1.0,1.0,1.0,1.0,1.0,0.0,0.9997459053993225,0.998023271560669,0.9932324886322021,0.9985564351081848,0.9968210458755493,0.9928233623504639,0.9832635521888733,0.20456287264823914,0.0
507,1.0,1.0,1.0,1.0,1.0,1.0,1.0,0.0,0.9864181876182556,0.9981147050857544,0.9995332956314087,0.9991552829742432,0.9998611211776733,0.9997925162315369,0.5677985548973083,0.0023818248882889748,0.0
508,0.0,0.0,0.0,0.0,0.0,0.0,0.0,0.0,3.122259658994153e-05,6.976757140364498e-05,0.0025388796348124743,4.0199669456342235e-05,0.0026820849161595106,0.00034343486186116934,0.0002955770178232342,7.060950792947551e-06,4.0
509,0.0,0.0,0.0,0.0,0.0,0.0,0.0,0.0,0.0004212836211081594,2.02702412934741e-05,0.0009922434110194445,2.323983244423289e-05,0.0003045331686735153,0.00020739210594911128,0.00011432922474341467,9.230598152498715e-06,3.0
510,0.0,1.0,1.0,1.0,1.0,1.0,1.0,0.0,0.9990082383155823,0.9962843656539917,0.9981610178947449,0.9995667338371277,0.9995648264884949,0.9930921792984009,0.9585285782814026,0.20996835827827454,4.0
511,1.0,1.0,1.0,1.0,1.0,1.0,1.0,1.0,0.9994756579399109,0.9996802806854248,0.9996275901794434,0.9993481040000916,0.9996922016143799,0.9984849095344543,0.9955915212631226,0.9316726326942444,3.0
512,0.0,0.0,0.0,0.0,0.0,0.0,0.0,0.0,5.4808679124107584e-06,2.7800999305327423e-05,9.82636192929931e-05,4.6727909648325294e-06,0.0001819837634684518,2.8120115530327894e-05,0.0003545946965459734,2.830884341165074e-06,2.0
513,1.0,1.0,1.0,0.0,1.0,0.0,1.0,0.0,0.9616783857345581,0.954832911491394,0.15719808638095856,0.589855432510376,0.15840616822242737,0.004181334283202887,0.9737098813056946,0.021583454683423042,1.0
514,1.0,1.0,1.0,1.0,1.0,1.0,1.0,0.0,0.9992584586143494,0.9913502931594849,0.9200410842895508,0.9969185590744019,0.9995594620704651,0.9895660877227783,0.9405376315116882,0.008129840716719627,1.0
515,0.0,1.0,1.0,0.0,1.0,0.0,0.0,0.0,0.9386548399925232,0.9117588400840759,0.1809844970703125,0.03993435204029083,0.9705060720443726,0.012814758345484734,0.02929726243019104,0.019754808396100998,3.0
516,0.0,0.0,0.0,0.0,1.0,0.0,0.0,0.0,0.0002680518664419651,0.76374351978302,0.014361991547048092,0.0005486700683832169,0.8597606420516968,0.0011930082691833377,0.002095866948366165,0.00015068460197653621,2.0
517,0.0,0.0,0.0,0.0,0.0,0.0,0.0,0.0,2.2174484911374748e-05,2.8417030989658087e-05,0.0001242254802491516,4.251460268278606e-05,3.544456558302045e-05,3.056019704672508e-05,6.800512346671894e-05,1.4896116226736922e-05,3.0
518,1.0,1.0,1.0,1.0,1.0,1.0,1.0,1.0,0.9989601373672485,0.9998347759246826,0.9971074461936951,0.9994903802871704,0.9998573064804077,0.9993372559547424,0.9793837666511536,0.9920933842658997,1.0
519,0.0,1.0,1.0,0.0,1.0,0.0,1.0,0.0,0.646286129951477,0.2599925398826599,0.1694047600030899,0.0031801655422896147,0.906731367111206,0.0016377548454329371,0.003262863727286458,0.0014280043542385101,2.0
520,0.0,1.0,0.0,0.0,1.0,0.0,0.0,0.0,0.004186986945569515,0.487621545791626,0.05567363649606705,0.005354852415621281,0.9952508211135864,0.28703802824020386,0.0004005304945167154,0.0006632625591009855,4.0
521,0.0,0.0,0.0,0.0,1.0,0.0,0.0,0.0,0.0009958242299035192,0.7571224570274353,0.00863420870155096,6.385962478816509e-06,0.831193208694458,0.020340893417596817,0.00022680990514345467,9.296182724938262e-06,2.0
522,1.0,1.0,1.0,1.0,1.0,1.0,1.0,1.0,0.9952695965766907,0.9987381100654602,0.9994860887527466,0.9163586497306824,0.9951305389404297,0.8953056931495667,0.6268786191940308,0.46499916911125183,1.0
523,0.0,0.0,0.0,0.0,0.0,0.0,0.0,0.0,0.0001955100306076929,2.6433990569785237e-05,0.00032160853152163327,4.603976776706986e-05,0.0006710027810186148,0.00025517010362818837,0.021441033110022545,1.7440359442844056e-05,0.0
524,1.0,1.0,1.0,1.0,1.0,1.0,1.0,0.0,0.9986787438392639,0.9997114539146423,0.9995675683021545,0.9996316432952881,0.9994072914123535,0.9993664622306824,0.0752360001206398,0.008473825640976429,4.0
525,1.0,1.0,1.0,1.0,1.0,0.0,1.0,1.0,0.9964014291763306,0.8326846957206726,0.9499757885932922,0.9988844990730286,0.8845604658126831,0.07085518538951874,0.8733952045440674,0.5790336728096008,0.0
526,0.0,1.0,1.0,1.0,1.0,1.0,0.0,0.0,0.0007930230349302292,0.15835371613502502,0.06907153874635696,0.36050790548324585,0.28405123949050903,0.1273568868637085,0.003241433994844556,2.406037674518302e-05,0.0
527,1.0,1.0,1.0,1.0,1.0,1.0,1.0,1.0,0.999751627445221,0.9908763766288757,0.9992393255233765,0.9992539286613464,0.9998432397842407,0.9538103938102722,0.9057270884513855,0.9989830851554871,2.0
528,1.0,1.0,1.0,1.0,1.0,1.0,1.0,1.0,0.9921095967292786,0.9989370703697205,0.999626636505127,0.9997469782829285,0.9994695782661438,0.9996920824050903,0.9877213835716248,0.025588737800717354,1.0
529,0.0,0.0,0.0,0.0,0.0,0.0,0.0,0.0,3.510959868435748e-05,7.813099364284426e-05,9.806142770685256e-05,5.050610980106285e-06,0.0006072176620364189,3.0209241231204942e-05,3.103202470811084e-05,5.7175179790647235e-06,1.0
530,0.0,0.0,0.0,0.0,0.0,0.0,0.0,0.0,2.621212843223475e-05,1.0335973456676584e-05,1.959482870006468e-05,1.0847280464076903e-05,0.00027199042961001396,2.3665012122364715e-05,0.0005179540603421628,4.500028353504604e-06,0.0
531,0.0,0.0,0.0,0.0,0.0,0.0,0.0,0.0,4.989716035197489e-05,6.548930105054751e-05,0.0007376886787824333,3.0102577511570416e-05,0.0043422686867415905,0.00017720682080835104,5.685204087058082e-05,1.1709596947184764e-05,1.0
532,0.0,0.0,0.0,0.0,0.0,0.0,0.0,0.0,1.735254772938788e-05,3.153341094730422e-05,8.199545118259266e-05,1.8367101802141406e-05,0.00032403061049990356,0.000130825923406519,0.00014735307195223868,1.948843419086188e-06,0.0
533,1.0,1.0,1.0,1.0,1.0,1.0,0.0,1.0,0.9936532974243164,0.9988937973976135,0.9964240193367004,0.996193528175354,0.9816679358482361,0.7804459929466248,0.29217103123664856,0.9434895515441895,0.0
534,0.0,0.0,0.0,0.0,0.0,0.0,0.0,0.0,6.861202564323321e-05,7.135352643672377e-05,2.169526669604238e-05,1.2221068573126104e-05,6.634404417127371e-05,2.789791142276954e-05,0.00016779699944891036,8.959395017882343e-06,0.0
535,0.0,1.0,1.0,0.0,1.0,1.0,0.0,0.0,0.14464277029037476,0.9925786852836609,0.9901934266090393,0.0013831062242388725,0.9951120018959045,0.1680574268102646,0.0009097084403038025,6.977275916142389e-05,0.0
536,1.0,1.0,1.0,1.0,1.0,1.0,1.0,1.0,0.9990676045417786,0.9995833039283752,0.9994062185287476,0.9994754195213318,0.999230146408081,0.9972296357154846,0.9990081191062927,0.9969323873519897,2.0
537,1.0,1.0,1.0,1.0,1.0,1.0,0.0,0.0,0.997885525226593,0.9997935891151428,0.9998564720153809,0.9987646341323853,0.9999525547027588,0.9998903274536133,0.5537125468254089,0.037661246955394745,2.0
538,1.0,1.0,1.0,1.0,1.0,1.0,1.0,0.0,0.9921370148658752,0.998778760433197,0.9991368651390076,0.998977541923523,0.9998409748077393,0.997353196144104,0.9879207611083984,0.1056528091430664,2.0
539,0.0,0.0,0.0,0.0,0.0,0.0,0.0,0.0,9.745163879415486e-06,1.2236067050253041e-05,1.4301861483545508e-05,7.095126420608722e-06,0.00011424161493778229,3.071012906730175e-05,0.0002332854928681627,1.981763944058912e-06,0.0
540,1.0,1.0,1.0,1.0,1.0,1.0,0.0,0.0,0.9638054370880127,0.9789797067642212,0.9969960451126099,0.02363199181854725,0.9901214838027954,0.10553627461194992,0.15282562375068665,0.000880573526956141,4.0
541,0.0,0.0,0.0,0.0,0.0,0.0,0.0,0.0,6.0426198615459725e-05,2.274763392051682e-05,0.00012645829701796174,5.412274276750395e-06,0.00015039982099551708,1.2243384844623506e-05,2.803218740154989e-05,5.225629138294607e-06,2.0
542,0.0,0.0,0.0,0.0,1.0,0.0,0.0,0.0,0.0009941477328538895,0.00028541588108055294,0.0008487226441502571,8.000845991773531e-05,0.03342553973197937,0.0013105107937008142,0.0004310845979489386,7.52738651499385e-06,0.0
543,0.0,0.0,0.0,0.0,1.0,0.0,0.0,0.0,0.00022236991208046675,0.49589627981185913,0.11105962842702866,0.0005302272038534284,0.975655734539032,0.03249024227261543,0.0063307336531579494,1.1895490388269536e-05,1.0
544,1.0,1.0,1.0,1.0,1.0,1.0,1.0,0.0,0.2208126187324524,0.9985184073448181,0.9945185780525208,0.9798145890235901,0.9995144605636597,0.9971454739570618,0.49375951290130615,0.010715304873883724,1.0
545,0.0,0.0,0.0,0.0,0.0,0.0,0.0,0.0,5.549977140617557e-05,0.02763768844306469,0.002583882538601756,2.0366738681332208e-05,0.002885048044845462,0.00017940305406227708,0.0016291296342387795,4.799454018211691e-06,0.0
546,1.0,1.0,1.0,1.0,1.0,1.0,0.0,1.0,0.9994563460350037,0.9180663228034973,0.9961625337600708,0.9953741431236267,0.9993852376937866,0.20027457177639008,0.029644429683685303,0.984833836555481,4.0
547,1.0,1.0,1.0,1.0,1.0,1.0,1.0,0.0,0.9837888479232788,0.9971734285354614,0.9996521472930908,0.9339130520820618,0.9993261098861694,0.9998018145561218,0.8619305491447449,0.8958151936531067,0.0
548,0.0,0.0,0.0,0.0,0.0,0.0,0.0,0.0,0.1095476895570755,0.815657913684845,0.08110123127698898,0.00024646654492244124,0.31341931223869324,0.00025987878325395286,0.9110692143440247,0.0006626690155826509,0.0
549,1.0,1.0,1.0,1.0,1.0,1.0,1.0,1.0,0.9998594522476196,0.9998296499252319,0.9996448755264282,0.9986355900764465,0.9998461008071899,0.9989564418792725,0.9987899661064148,0.866665780544281,0.0
550,0.0,0.0,0.0,0.0,0.0,0.0,0.0,0.0,9.023422535392456e-06,3.1366744224214926e-05,6.051558011677116e-05,1.9824214177788235e-05,0.00010670262417988852,1.4577164620277472e-05,0.00010364941408624873,9.986092663893942e-07,3.0
551,0.0,0.0,0.0,0.0,0.0,0.0,0.0,0.0,0.00013718656555283815,0.00033386200084351003,0.0002155338879674673,4.007722236565314e-05,0.00021900248248130083,0.00015989424719009548,0.00026080189854837954,9.063767720363103e-06,1.0
552,0.0,0.0,0.0,0.0,0.0,0.0,0.0,0.0,7.329488289542496e-05,0.00036943305167369545,0.0008981849532574415,6.134172872407362e-05,0.00017288893286604434,0.00015908048953860998,0.00042350345756858587,1.992662510019727e-05,2.0
553,0.0,0.0,0.0,0.0,0.0,0.0,0.0,0.0,0.0002674198185559362,0.0002779845963232219,5.370764120016247e-05,8.539835835108534e-05,0.00021570904937107116,8.627656643511727e-05,0.005350227002054453,0.000830036704428494,4.0
554,1.0,1.0,1.0,1.0,1.0,1.0,1.0,1.0,0.9995465874671936,0.999342143535614,0.9995811581611633,0.9912125468254089,0.9993809461593628,0.9487683176994324,0.9975302815437317,0.24249599874019623,2.0
555,1.0,1.0,1.0,1.0,1.0,1.0,0.0,0.0,0.9969347715377808,0.9993240833282471,0.9971745014190674,0.9737546443939209,0.9990894794464111,0.9998921155929565,0.53815758228302,0.34455999732017517,4.0
556,1.0,1.0,1.0,1.0,1.0,1.0,1.0,0.0,0.9986756443977356,0.9993977546691895,0.9997808337211609,0.9997547268867493,0.9998043179512024,0.9998685121536255,0.9999691247940063,0.7835559248924255,4.0
557,1.0,1.0,1.0,0.0,1.0,1.0,0.0,0.0,0.18150624632835388,0.06380804628133774,0.8690692186355591,0.03512329235672951,0.9467816948890686,0.0119863823056221,0.002825447591021657,0.00018006096070166677,1.0
558,1.0,1.0,1.0,1.0,1.0,0.0,1.0,1.0,0.9994136095046997,0.9967418313026428,0.9362668991088867,0.9971981048583984,0.8911470770835876,0.03933769091963768,0.8456026911735535,0.9725990891456604,2.0
559,0.0,0.0,0.0,0.0,0.0,0.0,0.0,0.0,3.75354375137249e-06,8.311029523611069e-05,4.4801647163694724e-05,2.2377913410309702e-05,6.102793850004673e-05,5.7295183069072664e-05,0.00031739016412757337,2.5894481950672343e-05,2.0
560,0.0,0.0,0.0,0.0,0.0,0.0,0.0,0.0,0.00046873855171725154,0.15139850974082947,0.19495341181755066,0.000380468787625432,0.3944307565689087,0.0421253964304924,0.04456186294555664,5.448167576105334e-05,4.0
561,0.0,0.0,0.0,0.0,0.0,0.0,0.0,0.0,3.892479799105786e-05,0.001326792174950242,0.005332652945071459,6.717348878737539e-05,0.016733810305595398,0.0001903347292682156,9.217934712069109e-05,8.823337338981219e-06,4.0
562,0.0,0.0,0.0,0.0,0.0,0.0,0.0,0.0,5.736100138165057e-05,0.0013490075943991542,0.00035166682209819555,0.00014342524809762836,0.00048088980838656425,0.00015429244376718998,0.0002529698540456593,8.576187610742636e-06,4.0
563,1.0,1.0,1.0,1.0,1.0,1.0,1.0,1.0,0.9999505281448364,0.9994779229164124,0.9998026490211487,0.9990794658660889,0.9949695467948914,0.9774031043052673,0.987775444984436,0.9882273077964783,4.0
564,1.0,1.0,1.0,1.0,1.0,1.0,1.0,1.0,0.9999619722366333,0.9995898604393005,0.9996507167816162,0.9964601397514343,0.9862251281738281,0.7804010510444641,0.9815587401390076,0.9984682202339172,4.0
565,0.0,0.0,0.0,0.0,0.0,0.0,0.0,0.0,5.698230961570516e-05,0.00010244364966638386,0.00017506971198599786,0.0005436025094240904,0.0009610270499251783,0.0003640376671683043,0.0007718277629464865,3.290557651780546e-05,4.0
566,0.0,0.0,0.0,0.0,0.0,0.0,0.0,0.0,1.3468169527186546e-05,9.068765211850405e-05,0.00037103737122379243,3.7073292332934216e-05,0.0007321411394514143,3.834010203718208e-05,0.002321881940588355,1.0473419024492614e-05,4.0
567,1.0,1.0,1.0,1.0,1.0,1.0,0.0,1.0,0.9982140064239502,0.9994181394577026,0.9952192902565002,0.9982284903526306,0.9997001886367798,0.9994527697563171,0.48035377264022827,0.1351316124200821,2.0
568,1.0,1.0,1.0,1.0,1.0,1.0,0.0,1.0,0.9997217059135437,0.9960967898368835,0.9996243715286255,0.9993946552276611,0.9989966750144958,0.9994953870773315,0.9258851408958435,0.9135549664497375,1.0
569,0.0,0.0,0.0,0.0,0.0,0.0,0.0,0.0,0.00016278328257612884,0.0023719887249171734,0.009492713958024979,3.846311301458627e-05,0.0010418235324323177,0.002019606763496995,0.0016357788117602468,0.00016569922445341945,3.0
570,1.0,1.0,1.0,1.0,1.0,1.0,1.0,0.0,0.7529537081718445,0.9987335801124573,0.9999184608459473,0.9972118735313416,0.9997130036354065,0.9983213543891907,0.8557631373405457,0.036161866039037704,1.0
571,0.0,0.0,0.0,0.0,0.0,0.0,0.0,0.0,0.0001670231285970658,0.000578650739043951,0.0007220975821837783,0.0002028548187809065,0.002801137510687113,9.011472866404802e-05,0.01563647761940956,2.8673161068581976e-05,3.0
572,1.0,1.0,1.0,1.0,1.0,0.0,1.0,1.0,0.9991777539253235,0.9987903237342834,0.9992969036102295,0.9978305697441101,0.9999051094055176,0.6018977165222168,0.9741220474243164,0.5688015818595886,1.0
573,0.0,0.0,0.0,0.0,0.0,0.0,0.0,0.0,4.459904448594898e-05,0.00015053682727739215,0.00015631513088010252,0.0003733321209438145,0.008800641633570194,3.0254417652031407e-05,0.0022344421595335007,1.602521115273703e-05,4.0
574,0.0,0.0,0.0,0.0,0.0,0.0,0.0,0.0,4.091201844858006e-06,1.2386050912027713e-05,5.0064551032846794e-05,4.1487121052341536e-05,0.0036958823911845684,2.712082459765952e-05,0.0003120827896054834,1.9278319086879492e-05,4.0
575,1.0,1.0,1.0,1.0,1.0,1.0,1.0,1.0,0.9989822506904602,0.9998071789741516,0.9452301859855652,0.8771542906761169,0.9993333220481873,0.9873522520065308,0.8521709442138672,0.9903685450553894,2.0
576,1.0,1.0,1.0,1.0,1.0,1.0,1.0,0.0,0.8614073395729065,0.9954818487167358,0.9994454979896545,0.9893984794616699,0.9991298317909241,0.11353540420532227,0.9823535680770874,0.1431208848953247,0.0
577,1.0,1.0,1.0,1.0,1.0,1.0,1.0,1.0,0.999956488609314,0.999277651309967,0.9985299110412598,0.9967130422592163,0.9957412481307983,0.7120912075042725,0.9978495836257935,0.936097264289856,4.0
578,0.0,1.0,1.0,1.0,1.0,0.0,1.0,0.0,0.0061178384348750114,0.006701215635985136,0.13929539918899536,0.00314524513669312,0.4227505028247833,0.0006954242708161473,0.0016445841174572706,5.5953714763745666e-05,0.0
579,0.0,0.0,0.0,0.0,0.0,0.0,0.0,0.0,0.03457089513540268,0.2768072485923767,0.015555860474705696,0.002607060829177499,0.3401077389717102,0.03759234398603439,0.007603620644658804,7.737214036751539e-05,3.0
580,1.0,1.0,1.0,1.0,1.0,1.0,1.0,1.0,0.999075174331665,0.9999246597290039,0.9998674392700195,0.9996647834777832,0.9993283748626709,0.9923984408378601,0.9718799591064453,0.3355414867401123,2.0
581,1.0,1.0,1.0,1.0,1.0,1.0,1.0,0.0,0.9867375493049622,0.9990285634994507,0.9997223019599915,0.5464139580726624,0.9992330074310303,0.7618429064750671,0.21674947440624237,0.20796138048171997,0.0
582,1.0,1.0,1.0,1.0,1.0,1.0,1.0,1.0,0.9997368454933167,0.992577850818634,0.9907963275909424,0.9988322854042053,0.6923204064369202,0.9740197658538818,0.8762409090995789,0.9397282004356384,2.0
583,1.0,1.0,1.0,1.0,1.0,0.0,0.0,1.0,0.9544188976287842,0.8205892443656921,0.9996644258499146,0.9946067929267883,0.9989998936653137,0.9017814993858337,0.45582908391952515,0.11112074553966522,1.0
584,1.0,1.0,1.0,1.0,1.0,0.0,0.0,1.0,0.9214957356452942,0.7998369336128235,0.999504566192627,0.9970892071723938,0.9973959922790527,0.9141897559165955,0.7732762098312378,0.12289828062057495,1.0
585,0.0,0.0,0.0,0.0,0.0,0.0,0.0,0.0,1.1595714568102267e-05,1.3927557120041456e-05,1.2915535990032367e-05,8.027604053495452e-06,8.446189895039424e-05,3.333481072331779e-05,0.000489855941850692,1.981763944058912e-06,0.0
586,1.0,1.0,1.0,1.0,1.0,0.0,1.0,1.0,0.9991356730461121,0.8833621144294739,0.9298776984214783,0.7969955801963806,0.36001527309417725,0.5446671843528748,0.9792194962501526,0.8001043796539307,3.0
587,1.0,1.0,1.0,1.0,1.0,1.0,1.0,1.0,0.9997732043266296,0.9996242523193359,0.8626694679260254,0.995495080947876,0.9988310933113098,0.4638947546482086,0.028875131160020828,0.99439537525177,0.0
588,0.0,0.0,0.0,0.0,1.0,0.0,0.0,0.0,0.009342772886157036,0.33655983209609985,0.711396336555481,0.003063844982534647,0.6259907484054565,0.007106659468263388,0.2800673246383667,0.0006639222847297788,1.0
589,0.0,0.0,0.0,0.0,0.0,0.0,0.0,0.0,0.0001646556193009019,0.00018215423915535212,0.00010192672198172659,0.00011636777344392613,0.0011627122294157743,0.00015120721946004778,0.00013803449110127985,1.276946295547532e-05,1.0
590,0.0,0.0,0.0,0.0,0.0,0.0,0.0,0.0,1.3158066394680645e-05,1.808261004043743e-05,1.9850549506372772e-05,2.814039726217743e-05,3.068322621402331e-05,2.0214374671922997e-05,0.00011798319610534236,2.93313405563822e-06,1.0
591,0.0,0.0,1.0,1.0,1.0,0.0,0.0,0.0,0.3627917170524597,0.8451436161994934,0.9954500794410706,0.9609764814376831,0.9996947050094604,0.2264699935913086,0.028663141652941704,0.0006086815847083926,2.0
592,0.0,0.0,0.0,0.0,0.0,0.0,0.0,0.0,8.428931323578581e-06,0.00018607295351102948,3.3856151276268065e-05,3.568921238183975e-05,0.0008646905771456659,6.60786681692116e-05,0.002193923806771636,1.4691128853883129e-05,4.0
593,0.0,0.0,0.0,0.0,0.0,0.0,0.0,0.0,2.0053377738804556e-05,6.414411473087966e-05,0.0006546420627273619,1.4050410754862241e-05,0.0004669695917982608,2.0591702195815742e-05,5.0721082516247407e-05,3.739402018254623e-06,2.0
594,1.0,1.0,1.0,1.0,1.0,1.0,0.0,0.0,0.9974083304405212,0.9989494681358337,0.9971928000450134,0.9988752007484436,0.9947206974029541,0.999862551689148,0.18090051412582397,0.014215080998837948,0.0
595,0.0,0.0,0.0,0.0,0.0,0.0,0.0,0.0,0.0004041276697535068,7.890225970186293e-05,0.0001507515844423324,1.98535399249522e-05,0.0021012641955167055,0.00012802955461665988,0.000394972856156528,3.893204393534688e-06,0.0
596,0.0,0.0,0.0,0.0,0.0,0.0,0.0,0.0,0.0002121950819855556,0.00019244611030444503,0.002140333643183112,1.6196569049498066e-05,0.0011180940782651305,0.0002881915424950421,0.0003201792133040726,3.73728180420585e-05,2.0
597,0.0,0.0,0.0,0.0,0.0,0.0,1.0,0.0,0.6874615550041199,0.46385684609413147,0.03723718225955963,0.032213062047958374,0.04403379186987877,0.0604085810482502,0.964937150478363,0.002666502958163619,1.0
598,0.0,0.0,0.0,0.0,0.0,0.0,0.0,0.0,0.0003878893330693245,0.00032389070838689804,0.0004994281334802508,0.00030425918521359563,0.0016840429743751884,0.0010327032068744302,0.024231962859630585,0.00010997047502314672,1.0
599,1.0,1.0,1.0,1.0,1.0,1.0,1.0,1.0,0.9998185038566589,0.9987086057662964,0.9975371360778809,0.9995052814483643,0.9864793419837952,0.9720661044120789,0.9884950518608093,0.9980942606925964,1.0
600,1.0,1.0,1.0,1.0,1.0,1.0,1.0,0.0,0.9976574182510376,0.998977541923523,0.9996271133422852,0.9958720803260803,0.9958721995353699,0.9994472861289978,0.9854334592819214,0.3294377326965332,4.0
601,0.0,0.0,0.0,0.0,0.0,0.0,0.0,0.0,0.11351419240236282,0.00026039464864879847,0.030596254393458366,0.016537673771381378,0.02906428463757038,0.0001523239625385031,0.0028674204368144274,3.105180076090619e-05,1.0
602,1.0,1.0,1.0,1.0,1.0,1.0,0.0,0.0,0.9962271451950073,0.9996289014816284,0.9999476671218872,0.9992309808731079,0.9997109770774841,0.9995417594909668,0.9817550778388977,0.1907394379377365,1.0
603,0.0,0.0,0.0,0.0,0.0,0.0,0.0,0.0,3.2801151974126697e-05,4.277320113033056e-05,0.00011863006511703134,2.2362170057022013e-05,5.543370934901759e-05,3.8620055420324206e-05,0.0002141130098607391,6.5545054894755594e-06,1.0
604,1.0,1.0,1.0,1.0,1.0,1.0,1.0,1.0,0.9991051554679871,0.9989527463912964,0.9994567036628723,0.9998067021369934,0.9990745782852173,0.9964697360992432,0.9169445633888245,0.9968858361244202,0.0
605,1.0,1.0,1.0,0.0,1.0,0.0,0.0,0.0,0.8390300273895264,0.9667006731033325,0.9775974154472351,0.46429821848869324,0.8967766761779785,0.9567693471908569,0.630547821521759,0.14445072412490845,1.0
606,0.0,0.0,0.0,0.0,0.0,0.0,0.0,0.0,0.032428331673145294,0.02812497690320015,0.9094483852386475,0.00039210700197145343,0.9985818862915039,0.0014752846909686923,0.0030559422448277473,6.01765132159926e-05,3.0
607,1.0,1.0,1.0,1.0,1.0,1.0,1.0,0.0,0.9989283680915833,0.9993694424629211,0.9993153810501099,0.9996895790100098,0.9990313053131104,0.973800778388977,0.5124040842056274,0.8932973742485046,3.0
608,0.0,0.0,0.0,0.0,0.0,0.0,0.0,0.0,0.0003265191917307675,7.778026338201016e-05,0.00010694270895328373,9.782651432033163e-06,1.1466831892903429e-05,6.123198545537889e-06,0.00019018015882465988,1.4994201592344325e-05,3.0
609,0.0,0.0,0.0,0.0,0.0,0.0,0.0,0.0,2.1726427803514525e-05,0.00018059794092550874,1.986516872420907e-05,4.486176112550311e-05,0.001066972385160625,3.379209010745399e-05,8.545978198526427e-05,4.3796212594315875e-06,3.0
610,0.0,0.0,0.0,0.0,0.0,0.0,0.0,0.0,2.6387369871372357e-05,0.0008670187671668828,0.0030152262188494205,2.7584601411945187e-05,0.006825244054198265,3.645315155154094e-05,0.0014218747382983565,1.4761122656636871e-05,3.0
611,1.0,1.0,1.0,0.0,1.0,1.0,1.0,0.0,0.858711838722229,0.8316800594329834,0.8191328048706055,0.5401047468185425,0.9225531816482544,0.6127046346664429,0.3658888638019562,0.0013327548513188958,0.0
612,1.0,1.0,1.0,1.0,1.0,1.0,0.0,1.0,0.9998605251312256,0.9960826635360718,0.9939258694648743,0.7342401146888733,0.9905851483345032,0.9919509887695312,0.39791104197502136,0.29545342922210693,4.0
613,1.0,1.0,1.0,1.0,1.0,1.0,1.0,1.0,0.9999140501022339,0.9999606609344482,0.9999536275863647,0.9999362230300903,0.9998286962509155,0.9996517896652222,0.9995651841163635,0.9998338222503662,2.0
614,0.0,0.0,0.0,0.0,0.0,0.0,0.0,0.0,0.00015937123680487275,0.0001444950030418113,0.00038503098767250776,7.093811291269958e-05,0.004474750254303217,0.0003208658308722079,0.019037483260035515,7.166597788454965e-05,0.0
615,1.0,1.0,1.0,1.0,1.0,0.0,0.0,0.0,0.9918180704116821,0.9725525379180908,0.9326976537704468,0.7330738306045532,0.9914255142211914,0.09242703020572662,0.010650676675140858,0.009484002366662025,0.0
616,1.0,1.0,0.0,1.0,0.0,0.0,1.0,1.0,0.9845852255821228,0.9207561612129211,0.08640358597040176,0.10190902650356293,0.7574679851531982,0.003503876505419612,0.9989383816719055,0.8940962553024292,2.0
617,0.0,1.0,0.0,0.0,0.0,0.0,0.0,0.0,0.009845476597547531,0.9994826316833496,0.9309104084968567,0.00039137635030783713,0.9968525767326355,0.1934323012828827,0.040577590465545654,8.839669317239895e-05,0.0
618,1.0,1.0,1.0,1.0,1.0,1.0,1.0,1.0,0.9769458174705505,0.9977506995201111,0.9890245795249939,0.9877915978431702,0.9989350438117981,0.9978504180908203,0.905606746673584,0.0020101708360016346,0.0
619,0.0,1.0,1.0,1.0,1.0,1.0,0.0,0.0,0.4216073751449585,0.9596066474914551,0.9953964352607727,0.9590777158737183,0.9993391633033752,0.9903275370597839,0.19882987439632416,8.124925079755485e-05,4.0
620,0.0,0.0,0.0,0.0,0.0,0.0,0.0,0.0,0.0005294146249070764,3.150251359329559e-05,3.742285480257124e-05,1.180861727334559e-05,0.023608244955539703,7.799908780725673e-05,0.0006202689255587757,4.314194029575447e-06,0.0
621,0.0,0.0,0.0,0.0,0.0,0.0,0.0,0.0,5.4943473514867947e-05,0.00041241224971599877,2.3723581762169488e-05,0.00011570002970984206,3.486682544462383e-05,0.0003084180352743715,0.00022567075211554766,2.001884968194645e-05,1.0
622,0.0,0.0,0.0,0.0,0.0,0.0,0.0,0.0,1.7087158994399942e-05,1.3037231838097796e-05,1.033476110023912e-05,4.211065606796183e-05,3.329601531731896e-05,1.3839812709193211e-05,3.1446503271581605e-05,5.0987641770916525e-06,1.0
623,1.0,0.0,1.0,1.0,1.0,0.0,0.0,0.0,0.34661176800727844,0.9880263805389404,0.8230994939804077,0.02355680987238884,0.998124897480011,0.0001720243162708357,0.028769439086318016,0.010776400566101074,3.0
624,1.0,1.0,1.0,1.0,1.0,1.0,1.0,0.0,0.9959678649902344,0.9998458623886108,0.9999731779098511,0.9997969269752502,0.9999692440032959,0.9999456405639648,0.8508374691009521,0.9403643012046814,3.0
625,0.0,0.0,0.0,0.0,0.0,0.0,0.0,0.0,0.0002525462186895311,0.0004981361562386155,0.00015287617861758918,2.14084120671032e-05,0.0005000698147341609,0.00023795836023055017,8.250872633652762e-05,8.9028408183367e-06,0.0
626,0.0,1.0,1.0,1.0,1.0,1.0,0.0,0.0,0.009225495159626007,0.6553420424461365,0.9724012613296509,0.9858613014221191,0.9997727274894714,0.9094398617744446,0.0056003062054514885,1.7356222087983042e-05,0.0
627,1.0,1.0,1.0,0.0,1.0,0.0,1.0,0.0,0.9990606904029846,0.995951771736145,0.9410604238510132,0.9225543737411499,0.37756669521331787,0.23329995572566986,0.9778046011924744,0.6794183254241943,3.0
628,0.0,0.0,0.0,0.0,0.0,0.0,0.0,0.0,0.0006526560173369944,0.0003964109637308866,0.002688858425244689,4.873591387877241e-05,0.1794091761112213,8.574606181355193e-05,0.000597277597989887,6.163826037663966e-05,1.0
629,1.0,1.0,1.0,1.0,1.0,1.0,1.0,1.0,0.9993809461593628,0.9994435906410217,0.9995908141136169,0.9997665286064148,0.9997830986976624,0.9998918771743774,0.9859863519668579,0.9556621313095093,0.0
630,1.0,1.0,1.0,1.0,0.0,0.0,1.0,0.0,0.9996966123580933,0.9982695579528809,0.9569593667984009,0.8919566869735718,0.95234215259552,0.0012667406117543578,0.9128791689872742,0.18936441838741302,2.0
631,0.0,0.0,0.0,0.0,0.0,0.0,1.0,0.0,0.0009258253849111497,0.016943830996751785,0.07833372801542282,0.00010170235327677801,0.023840172216296196,0.00018566726066637784,0.002680758712813258,0.00021008829935453832,1.0
632,0.0,0.0,0.0,0.0,1.0,0.0,0.0,0.0,1.9528884877217934e-05,0.00026410361169837415,0.00012848364713136107,3.145453956676647e-05,0.00017305815708823502,7.753529644105583e-05,0.00195946148596704,2.5195083708240418e-06,3.0
633,0.0,1.0,1.0,0.0,1.0,1.0,0.0,0.0,0.5665842294692993,0.9979711174964905,0.9980840682983398,0.2966274321079254,0.9935938715934753,0.9983394145965576,0.21852318942546844,0.00950002484023571,2.0
634,0.0,0.0,0.0,0.0,0.0,0.0,0.0,0.0,9.13319454411976e-05,5.4836011258885264e-05,6.127285450929776e-05,0.00014167088374961168,0.00021592428674921393,0.00013746850891038775,0.0064075663685798645,3.105630094069056e-05,1.0
635,1.0,1.0,1.0,1.0,1.0,1.0,1.0,0.0,0.9997559189796448,0.9999109506607056,0.9997780919075012,0.9998041987419128,0.9994470477104187,0.9997506737709045,0.9929617047309875,0.9998002648353577,2.0
636,0.0,0.0,0.0,0.0,0.0,0.0,0.0,0.0,1.0091248441312928e-05,6.889526412123814e-05,0.00023885122209321707,9.247779416909907e-06,0.0008235053974203765,0.00011847236601170152,0.00016924025840125978,3.515025809974759e-06,2.0
637,1.0,1.0,1.0,0.0,1.0,0.0,0.0,0.0,0.7949959635734558,0.9986556768417358,0.9966114163398743,0.9578227996826172,0.9878952503204346,0.9513013958930969,0.001562667079269886,0.004440756514668465,3.0
638,0.0,0.0,0.0,0.0,0.0,0.0,0.0,0.0,1.5404722944367677e-05,1.105323917727219e-05,1.1496988008730114e-05,5.5454534049204085e-06,0.0015416545793414116,1.1147145414724946e-05,6.954099808353931e-05,2.1883049612370087e-06,0.0
639,0.0,0.0,0.0,0.0,0.0,0.0,0.0,0.0,1.0097612175741233e-05,0.00023653850075788796,0.00011972877837251872,1.0661120541044511e-05,0.00031432046671397984,0.0001457927719457075,9.127482917392626e-05,2.7550911454454763e-06,3.0
640,0.0,0.0,0.0,0.0,0.0,0.0,0.0,0.0,0.9828796982765198,0.9906787276268005,0.9912999272346497,0.9450506567955017,0.9743210673332214,0.3091312646865845,0.9584851264953613,0.26772889494895935,3.0
641,1.0,1.0,1.0,1.0,1.0,1.0,1.0,1.0,0.9999021291732788,0.9988828301429749,0.9999005794525146,0.9998974800109863,0.9997723698616028,0.9840514063835144,0.9828121066093445,0.9875143766403198,3.0
642,1.0,1.0,1.0,1.0,1.0,1.0,0.0,1.0,0.9990769624710083,0.9998220801353455,0.9994871616363525,0.9760153293609619,0.9994851350784302,0.9989836812019348,0.2297053337097168,0.5574722290039062,4.0
643,0.0,1.0,1.0,1.0,1.0,1.0,1.0,0.0,0.9970694184303284,0.9981141090393066,0.9997901320457458,0.9993791580200195,0.9998953342437744,0.995391845703125,0.03240231052041054,0.0004449356347322464,2.0
644,0.0,0.0,0.0,0.0,0.0,0.0,0.0,0.0,5.6924953241832554e-05,3.8542752008652315e-05,1.5849167539272457e-05,0.00010447970271343365,0.00013002686318941414,2.0883004253846593e-05,0.0010681175626814365,3.803537765634246e-06,1.0
645,1.0,1.0,1.0,1.0,1.0,1.0,0.0,0.0,0.7996425032615662,0.9968189001083374,0.9990200996398926,0.9974446296691895,0.995030403137207,0.9875072240829468,0.006388453766703606,0.04614216834306717,4.0
646,1.0,1.0,1.0,1.0,1.0,1.0,0.0,1.0,0.9738051891326904,0.9971953630447388,0.9991328120231628,0.9994027614593506,0.9987818598747253,0.9992321729660034,0.016137808561325073,0.6294363737106323,4.0
647,1.0,1.0,1.0,1.0,1.0,1.0,1.0,0.0,0.9996827840805054,0.9985009431838989,0.9996485710144043,0.9995279312133789,0.999808132648468,0.9998476505279541,0.7349587082862854,0.7056964039802551,4.0
648,0.0,0.0,0.0,0.0,0.0,0.0,0.0,0.0,5.7020086387638e-05,0.00021609895338770002,0.0034428059589117765,1.7437849237467162e-05,0.0027361183892935514,0.00010707343608373776,0.0006544520147144794,1.5517503925366327e-05,3.0
649,1.0,1.0,1.0,1.0,1.0,1.0,0.0,1.0,0.9949232935905457,0.9835250377655029,0.9994972944259644,0.9996057152748108,0.998556911945343,0.9997817873954773,0.05501830205321312,0.4429168105125427,1.0
650,0.0,0.0,0.0,0.0,0.0,0.0,0.0,0.0,2.1066143744974397e-05,2.7184678401681595e-05,7.451200417563086e-06,8.862137292453554e-06,0.0013699978590011597,3.819540506810881e-05,0.0033377381041646004,1.1091633496107534e-05,2.0
651,1.0,1.0,1.0,1.0,1.0,1.0,0.0,0.0,0.7435882687568665,0.9972624778747559,0.9993674159049988,0.9986553192138672,0.9998026490211487,0.9827467203140259,0.0009469917858950794,0.042151108384132385,3.0
652,1.0,1.0,1.0,1.0,1.0,1.0,0.0,0.0,0.9988242983818054,0.9970595240592957,0.9775804281234741,0.9980388283729553,0.995790958404541,0.9987831711769104,0.031967516988515854,0.04237004369497299,2.0
653,1.0,1.0,1.0,1.0,1.0,1.0,1.0,1.0,0.9998142123222351,0.9991108775138855,0.999826967716217,0.9984196424484253,0.9993187189102173,0.9996090531349182,0.9173824787139893,0.9958019852638245,1.0
654,1.0,1.0,1.0,1.0,1.0,1.0,0.0,0.0,0.9995774626731873,0.9995465874671936,0.9995185136795044,0.9981082677841187,0.9995287656784058,0.925835371017456,0.6511048078536987,0.9507091641426086,4.0
655,0.0,0.0,0.0,0.0,0.0,0.0,0.0,0.0,6.211994332261384e-05,0.0004045109963044524,0.00022962468210607767,8.817787602311e-05,0.0001581901597091928,5.454790516523644e-05,9.462147136218846e-05,1.7113039575633593e-05,2.0
656,1.0,1.0,1.0,1.0,1.0,1.0,1.0,1.0,0.9994340538978577,0.9950944185256958,0.9951417446136475,0.9977565407752991,0.9958653450012207,0.593890905380249,0.9977864027023315,0.9990831613540649,0.0
657,0.0,0.0,0.0,0.0,0.0,0.0,0.0,0.0,3.662898961920291e-05,0.0007569246226921678,0.0028012690600007772,2.916540324804373e-05,0.002439152915030718,3.381346323294565e-05,0.0008159216959029436,9.893294190987945e-06,2.0
658,1.0,1.0,1.0,1.0,1.0,1.0,1.0,0.0,0.9970857501029968,0.9975425004959106,0.9998948574066162,0.9998119473457336,0.9997735619544983,0.99937903881073,0.913751482963562,0.00722342636436224,3.0
659,1.0,1.0,1.0,1.0,1.0,1.0,1.0,1.0,0.9985398054122925,0.9999164342880249,0.9999163150787354,0.9996980428695679,0.9997438788414001,0.9997422099113464,0.8915172219276428,0.9723656177520752,3.0
660,0.0,0.0,0.0,0.0,0.0,0.0,0.0,0.0,0.000322953361319378,9.783195127965882e-05,4.295924009056762e-05,1.7944921637536027e-05,9.689811849966645e-05,0.00030694197630509734,0.0005951673374511302,0.00011821642692666501,1.0
661,0.0,0.0,0.0,0.0,0.0,0.0,0.0,0.0,2.355924698349554e-05,6.0520367696881294e-05,3.5938224755227566e-05,2.185051744163502e-05,0.0001602515549166128,0.00019174259796272963,0.0006853545201011002,2.7299482098896988e-05,4.0
662,0.0,0.0,0.0,0.0,0.0,0.0,0.0,0.0,0.00030293932650238276,0.0017485813004896045,0.0009558056481182575,6.371000927174464e-05,0.06200670078396797,0.0018580987816676497,0.0019612619653344154,2.180278897867538e-05,1.0
663,0.0,0.0,0.0,0.0,0.0,0.0,0.0,0.0,0.0007508664857596159,0.0012639770284295082,0.0011021889513358474,3.679276051116176e-05,0.09515946358442307,0.0009716946515254676,0.0005208939546719193,6.132852831797209e-06,4.0
664,1.0,1.0,1.0,1.0,1.0,1.0,1.0,1.0,0.9998155236244202,0.9997435212135315,0.9995256662368774,0.9584116339683533,0.9986814856529236,0.9978790283203125,0.999808132648468,0.9610286951065063,1.0
665,0.0,0.0,0.0,0.0,0.0,0.0,0.0,0.0,8.535439519619104e-06,0.00024391004990320653,3.6003573768539354e-05,1.3128986211086158e-05,0.0002663033956196159,1.685784081928432e-05,3.948767698602751e-05,1.2231283108121715e-05,1.0
666,1.0,1.0,1.0,1.0,1.0,1.0,1.0,1.0,0.9996108412742615,0.999834418296814,0.9998700618743896,0.9992233514785767,0.9990721940994263,0.9920386075973511,0.9988036155700684,0.6466430425643921,2.0
667,0.0,0.0,0.0,0.0,0.0,0.0,0.0,0.0,0.0022390501108020544,0.0015954480040818453,0.00013039873738307506,0.0001478816120652482,0.02326744794845581,0.0009365063160657883,0.010854466818273067,8.894350321497768e-05,1.0
668,0.0,0.0,0.0,0.0,0.0,0.0,0.0,0.0,2.3402362785418518e-05,1.2781792065652553e-05,0.000133897818159312,1.460584462620318e-05,0.0005402335082180798,4.1619994590291753e-05,2.7503672754392028e-05,6.0924198805878405e-06,0.0
669,1.0,1.0,1.0,1.0,1.0,1.0,0.0,0.0,0.9936726093292236,0.9941722750663757,0.9978715181350708,0.993992269039154,0.9993811845779419,0.9821590781211853,0.5610387921333313,0.002657677512615919,0.0
670,0.0,0.0,0.0,0.0,0.0,0.0,0.0,0.0,0.00010493769514141604,0.04658111557364464,0.0034738120157271624,7.89421537774615e-05,0.002483934862539172,0.0003936592838726938,0.0008981130667962134,1.7551750715938397e-05,1.0
671,1.0,1.0,1.0,0.0,1.0,1.0,0.0,0.0,0.9965463280677795,0.9998626708984375,0.9999094009399414,0.9206745028495789,0.999936580657959,0.9995589852333069,0.2498268485069275,0.42455047369003296,3.0
672,1.0,0.0,1.0,1.0,1.0,1.0,0.0,0.0,0.993384063243866,0.8432227969169617,0.9995118379592896,0.9997748732566833,0.9981645941734314,0.5634808540344238,0.44530466198921204,0.019444433972239494,3.0
673,0.0,1.0,0.0,0.0,1.0,1.0,0.0,0.0,0.006684949155896902,0.2680550217628479,0.006930087227374315,0.00014995376113802195,0.030085397884249687,0.013652147725224495,0.281238853931427,8.426856766163837e-06,0.0
674,1.0,1.0,1.0,1.0,1.0,1.0,1.0,1.0,0.9931849837303162,0.9977797865867615,0.9989373087882996,0.9809720516204834,0.9929210543632507,0.872748851776123,0.9950447082519531,0.9932345747947693,4.0
675,1.0,1.0,1.0,1.0,1.0,1.0,1.0,1.0,0.9875020980834961,0.9988725781440735,0.9996792078018188,0.999437153339386,0.9998644590377808,0.9986864924430847,0.9998148083686829,0.04422220215201378,0.0
676,1.0,1.0,1.0,1.0,1.0,1.0,0.0,0.0,0.9956388473510742,0.9993589520454407,0.9995408058166504,0.9985204339027405,0.9999397993087769,0.9992737174034119,0.08027087897062302,0.7598065733909607,3.0
677,0.0,0.0,0.0,0.0,0.0,0.0,0.0,0.0,0.021287718787789345,0.0011275787837803364,0.001424139249138534,0.007233085576444864,0.45151180028915405,0.0007032951689325273,0.003866615006700158,0.0011417728383094072,1.0
678,0.0,0.0,0.0,0.0,0.0,0.0,0.0,0.0,0.0010974151082336903,0.0001154966521426104,0.0007509763236157596,2.1739298972534016e-05,0.01024886779487133,0.0004150444583501667,0.0053938147611916065,5.329031773726456e-05,1.0
679,1.0,1.0,1.0,1.0,1.0,1.0,1.0,1.0,0.9998501539230347,0.9999309778213501,0.999481737613678,0.9994561076164246,0.9996007084846497,0.9996377229690552,0.9782694578170776,0.9985584616661072,3.0
680,0.0,0.0,0.0,0.0,0.0,0.0,0.0,0.0,7.828082743799314e-05,0.00032385208760388196,4.97282380820252e-05,8.11413920018822e-05,0.0002984676684718579,9.873538147076033e-06,0.0003609105770010501,3.6330122384242713e-05,3.0
681,1.0,1.0,1.0,1.0,1.0,1.0,1.0,1.0,0.9999107122421265,0.9999229907989502,0.9998327493667603,0.9995949864387512,0.9997966885566711,0.9993650317192078,0.9666321873664856,0.998943030834198,4.0
682,1.0,1.0,1.0,1.0,1.0,1.0,1.0,1.0,0.9999423027038574,0.9999309778213501,0.999538779258728,0.9994754195213318,0.9998117089271545,0.9985918402671814,0.9956082701683044,0.999148964881897,3.0
683,1.0,1.0,1.0,1.0,1.0,1.0,1.0,1.0,0.9999526739120483,0.9999427795410156,0.9988995790481567,0.9944581985473633,0.9998546838760376,0.9995613694190979,0.923238217830658,0.9993102550506592,4.0
684,0.0,0.0,0.0,0.0,0.0,0.0,0.0,0.0,0.002653588308021426,2.4870774723240174e-05,4.502848969423212e-05,2.786807635857258e-05,0.13187986612319946,1.8784967323881574e-05,0.007443122565746307,1.857839379226789e-05,2.0
685,0.0,0.0,0.0,0.0,0.0,0.0,0.0,0.0,8.041378168854862e-05,0.00027378927916288376,0.000299065257422626,5.621084710583091e-05,0.00037088178214617074,0.00020152749493718147,0.000199749119929038,4.476008598430781e-06,1.0
686,0.0,0.0,0.0,0.0,0.0,0.0,0.0,0.0,2.456002448525396e-06,4.292087032808922e-05,5.77737191633787e-05,1.1547588655957952e-05,0.0005923403659835458,6.195352762006223e-05,0.0003667882992886007,2.880728516174713e-06,4.0
687,1.0,1.0,1.0,1.0,1.0,1.0,1.0,0.0,0.9960566759109497,0.999880313873291,0.9998700618743896,0.9995197057723999,0.9995192289352417,0.9998646974563599,0.9968137145042419,0.12423685938119888,3.0
688,1.0,1.0,1.0,1.0,1.0,1.0,1.0,0.0,0.9980031847953796,0.9961917400360107,0.9989185333251953,0.9985787868499756,0.9989569187164307,0.9750780463218689,0.004606256727129221,0.06832223385572433,1.0
689,1.0,0.0,0.0,0.0,0.0,0.0,1.0,0.0,0.997330904006958,0.734891951084137,0.9475303888320923,0.9215200543403625,0.9655624628067017,0.3574439585208893,0.8884748220443726,0.15488675236701965,1.0
690,0.0,0.0,0.0,0.0,0.0,0.0,0.0,0.0,0.004619428422302008,0.00031102477805688977,5.392477396526374e-05,4.056466423207894e-05,0.0012124971253797412,0.0054206643253564835,0.10060509294271469,1.6057674656622112e-05,4.0
691,0.0,0.0,0.0,0.0,1.0,0.0,0.0,0.0,0.00017697819566819817,5.8576402807375416e-05,0.0003382574359420687,3.930692037101835e-05,0.20082919299602509,4.090967559022829e-05,0.0006371830822899938,1.0301747352059465e-05,3.0
692,0.0,0.0,0.0,0.0,0.0,0.0,0.0,0.0,1.612082814972382e-05,5.9078480262542143e-05,0.00011029740562662482,2.086160566250328e-05,0.002225297037512064,3.48384419339709e-05,0.00013480393681675196,6.110458343755454e-06,2.0
693,0.0,0.0,0.0,0.0,0.0,0.0,1.0,0.0,0.0001892085128929466,0.0005893688648939133,0.00035106754512526095,2.3566301024402492e-05,0.0008031666511669755,0.00014066294534131885,0.006962278857827187,1.8056787212117342e-06,3.0
694,1.0,1.0,1.0,1.0,1.0,1.0,0.0,0.0,0.9983065128326416,0.8693885207176208,0.9997320771217346,0.9997782111167908,0.999516487121582,0.9943485856056213,0.15615075826644897,0.007201774977147579,0.0
695,0.0,1.0,1.0,0.0,1.0,1.0,0.0,0.0,0.00237860344350338,0.9975952506065369,0.8076199889183044,0.0037241687532514334,0.9978504180908203,0.9804165959358215,0.00023995208903215826,6.0590991779463366e-05,2.0
696,0.0,1.0,1.0,1.0,1.0,1.0,0.0,0.0,0.7910183668136597,0.9945024251937866,0.9983587861061096,0.9911338686943054,0.9990384578704834,0.97977614402771,0.7194005250930786,0.0011356193572282791,0.0
697,0.0,0.0,0.0,0.0,0.0,0.0,0.0,0.0,0.001215484575368464,0.00023599287669640034,0.002341083250939846,0.00011041126708732918,0.0025983662344515324,0.00013237251550890505,0.0019062289502471685,1.6169529772014357e-05,2.0
698,1.0,1.0,1.0,1.0,1.0,1.0,1.0,1.0,0.9997124075889587,0.9991913437843323,0.9991704225540161,0.930539071559906,0.9967842102050781,0.9990122318267822,0.9733846187591553,0.9862469434738159,4.0
699,0.0,0.0,0.0,0.0,0.0,0.0,0.0,0.0,0.001164590590633452,3.73686125385575e-05,3.166008536936715e-05,2.8815566111006774e-05,0.00011598379933275282,4.839942994294688e-05,0.009973352774977684,9.691492778074462e-06,4.0
700,0.0,0.0,0.0,0.0,0.0,0.0,0.0,0.0,0.0001296213158639148,0.00013515583123080432,8.10224810265936e-05,6.307484727585688e-05,0.00030397679074667394,0.00014488172018900514,0.01718117855489254,8.099953265627846e-05,2.0
701,1.0,1.0,1.0,1.0,1.0,1.0,1.0,1.0,0.9992696642875671,0.9865178465843201,0.9992539286613464,0.998185932636261,0.9992676377296448,0.9781041145324707,0.3761257529258728,0.04652668908238411,4.0
702,1.0,1.0,1.0,1.0,1.0,1.0,1.0,1.0,0.9999419450759888,0.9996429681777954,0.9992948770523071,0.9976578950881958,0.9975887537002563,0.9996265172958374,0.9995161294937134,0.9993261098861694,4.0
703,0.0,0.0,0.0,0.0,0.0,0.0,0.0,0.0,8.39697677292861e-05,3.82281286874786e-05,7.187349547166377e-05,8.122523286147043e-05,6.174520967761055e-05,4.6345034206751734e-05,0.0001344260381301865,3.866958195430925e-06,1.0
704,1.0,1.0,1.0,1.0,1.0,1.0,1.0,1.0,0.9996331930160522,0.9996439218521118,0.9996935129165649,0.9999041557312012,0.999937891960144,0.999852180480957,0.9854572415351868,0.27505436539649963,0.0
705,1.0,1.0,1.0,1.0,1.0,1.0,0.0,0.0,0.9987855553627014,0.999445378780365,0.9994300007820129,0.9997459053993225,0.9983003735542297,0.9810252785682678,0.9600563049316406,0.04377200827002525,0.0
706,0.0,1.0,1.0,1.0,1.0,1.0,0.0,0.0,0.002310059731826186,0.8052549362182617,0.9476670026779175,0.8895155787467957,0.9966503977775574,0.9356034994125366,0.0009777853265404701,1.441525364498375e-05,0.0
707,1.0,1.0,1.0,1.0,1.0,1.0,1.0,0.0,0.9998582601547241,0.9999110698699951,0.9998083710670471,0.999850869178772,0.9998811483383179,0.9997631907463074,0.9995417594909668,0.9035497903823853,3.0
708,0.0,0.0,0.0,0.0,0.0,0.0,0.0,0.0,5.3950185247231275e-05,7.820307655492797e-05,0.00025086893583647907,2.901255174947437e-05,6.450719229178503e-05,5.8587452258507255e-06,0.0017999791307374835,5.409946879808558e-06,2.0
709,1.0,1.0,1.0,0.0,1.0,1.0,0.0,0.0,0.9386548399925232,0.9117588400840759,0.1809844970703125,0.03993435204029083,0.9705060720443726,0.012814758345484734,0.02929726243019104,0.019754808396100998,3.0
710,0.0,0.0,0.0,0.0,0.0,0.0,0.0,0.0,0.00846744142472744,6.955181015655398e-05,0.00412216130644083,0.03519555553793907,0.0022093881852924824,0.00037505224463529885,0.1742810308933258,0.00016853684792295098,3.0
711,0.0,0.0,0.0,0.0,0.0,0.0,0.0,0.0,0.0017453456530347466,9.387533646076918e-05,0.00011263271881034598,9.090064122574404e-05,0.001220919657498598,1.585951031302102e-05,0.0038436881732195616,2.4045903046499006e-05,3.0
712,0.0,0.0,0.0,0.0,0.0,0.0,0.0,0.0,0.000378380820620805,0.00011571028153412044,5.9777295973617584e-05,0.00010376294812886044,0.003024871228262782,4.559532317216508e-05,0.0005935078952461481,6.4108344304258935e-06,3.0
713,0.0,1.0,1.0,1.0,1.0,1.0,0.0,0.0,0.9972975850105286,0.9942861199378967,0.9997593760490417,0.9987645149230957,0.9982612729072571,0.9929828643798828,0.2587519586086273,0.016501542180776596,0.0
714,0.0,0.0,0.0,0.0,0.0,0.0,0.0,0.0,1.5486944903386757e-05,1.8446831745677628e-05,1.8287368220626377e-05,1.0129286238225177e-05,5.3206887969281524e-05,7.598188676638529e-05,0.00033116937265731394,5.414524821389932e-06,3.0
715,0.0,0.0,0.0,0.0,0.0,0.0,0.0,0.0,0.000136765738716349,3.295173519290984e-05,4.120339508517645e-05,8.012635225895792e-05,0.0014213048852980137,0.000679950462654233,0.004075618926435709,2.583410059742164e-05,0.0
716,0.0,0.0,0.0,0.0,0.0,0.0,0.0,0.0,3.134978760499507e-05,0.00013596333155874163,0.000281007174635306,3.711765384650789e-05,0.00020049043814651668,0.00010203457350144163,0.0005042184493504465,1.0279097296006512e-05,0.0
717,0.0,0.0,0.0,0.0,0.0,0.0,0.0,0.0,9.137748747889418e-06,2.7205453079659492e-05,4.419012839207426e-06,6.245610165933613e-06,0.00042952917283400893,5.223178050073329e-06,0.00048950215568766,4.9843442866404075e-06,2.0
718,0.0,0.0,0.0,0.0,0.0,0.0,0.0,0.0,4.887605246040039e-05,6.30620343144983e-05,0.0004610939649865031,2.047610905719921e-05,0.00028743609436787665,7.839626960048918e-06,0.0015062425518408418,3.6761019146069884e-05,2.0
719,0.0,1.0,1.0,0.0,1.0,1.0,0.0,0.0,0.9935199618339539,0.9977878332138062,0.9993067979812622,0.28133082389831543,0.9998489618301392,0.927559494972229,0.312855064868927,0.0012247452978044748,4.0
720,0.0,0.0,0.0,0.0,0.0,0.0,0.0,0.0,9.042253623192664e-06,1.6275518646580167e-05,2.0796689568669535e-05,3.2190641832130495e-06,0.00036714301677420735,1.6496114767505787e-05,0.00010974734323099256,2.5203255518135848e-06,2.0
721,0.0,0.0,0.0,0.0,0.0,0.0,0.0,0.0,0.00024709454737603664,4.3657448259182274e-05,0.0010095475008711219,0.0001544284459669143,0.008736968040466309,0.00013566494453698397,0.002857726765796542,4.7671099309809506e-05,0.0
722,1.0,1.0,1.0,1.0,1.0,1.0,0.0,1.0,0.9992166757583618,0.9998936653137207,0.998914361000061,0.9998689889907837,0.9998140931129456,0.9942963719367981,0.798141360282898,0.98091721534729,2.0
723,0.0,0.0,0.0,0.0,0.0,0.0,0.0,0.0,2.081555976474192e-05,4.899771374766715e-05,0.0001337134453933686,1.919391615956556e-05,0.00036577670834958553,2.789397149172146e-05,1.3789960576104932e-05,1.5958612493705004e-05,0.0
724,0.0,0.0,0.0,0.0,0.0,0.0,0.0,0.0,1.6487983884871937e-05,0.0006158283795230091,0.0006083736079744995,3.0191185942385346e-05,0.002596445381641388,0.0002474026405252516,0.0007377233705483377,3.088881840085378e-06,4.0
725,1.0,1.0,1.0,0.0,1.0,1.0,1.0,0.0,0.9922715425491333,0.9533589482307434,0.9495524168014526,0.062472205609083176,0.9755394458770752,0.11485753208398819,0.018655695021152496,0.00040883722249418497,4.0
726,1.0,1.0,1.0,1.0,1.0,1.0,1.0,0.0,0.9996412992477417,0.997639536857605,0.999861478805542,0.9981486797332764,0.9985659718513489,0.9992235898971558,0.7760036587715149,0.14805814623832703,4.0
727,0.0,0.0,0.0,0.0,0.0,0.0,0.0,0.0,2.80867225228576e-05,5.62011482543312e-05,1.9335931938258e-05,2.6129197067348287e-05,6.583896174561232e-05,0.00030910864006727934,0.0004259923589415848,5.576748662861064e-05,4.0
728,0.0,0.0,0.0,0.0,0.0,0.0,0.0,0.0,3.1538431358058006e-05,0.0003806126187555492,0.0018799701938405633,5.8200006606057286e-05,0.0030088068451732397,3.780346378334798e-05,0.00048334570601582527,1.786007487680763e-06,3.0
729,1.0,1.0,1.0,1.0,1.0,1.0,0.0,0.0,0.9988417029380798,0.9986754059791565,0.9978684186935425,0.9949254989624023,0.9986414313316345,0.9990836381912231,0.8525447249412537,0.8677152991294861,4.0
730,1.0,0.0,1.0,1.0,1.0,1.0,0.0,0.0,0.9159705638885498,0.9551607966423035,0.9990423321723938,0.28621673583984375,0.9995779395103455,0.8709366321563721,0.0066680689342319965,0.0019428642699494958,3.0
731,0.0,0.0,0.0,0.0,0.0,0.0,0.0,0.0,0.9267811179161072,0.9973841309547424,0.9965676069259644,0.36642101407051086,0.9975070357322693,0.9474006295204163,0.08686938136816025,0.0002327052498003468,2.0
732,0.0,1.0,1.0,1.0,1.0,1.0,1.0,0.0,0.444598913192749,0.9986420273780823,0.8347277045249939,0.991376519203186,0.9931535720825195,0.9868234395980835,0.6286097168922424,0.001312607666477561,2.0
733,1.0,1.0,1.0,1.0,1.0,0.0,0.0,0.0,0.5409934520721436,0.9916457533836365,0.8021606802940369,0.36863046884536743,0.7553858160972595,0.0045215776190161705,0.07455150038003922,0.012610425241291523,4.0
734,0.0,0.0,0.0,0.0,0.0,0.0,0.0,0.0,0.00025019297027029097,5.292845162330195e-05,0.00017109271720983088,0.00011119927512481809,0.0004709038767032325,0.00011156901018694043,6.326381844701245e-05,3.009023203048855e-06,1.0
735,0.0,1.0,1.0,0.0,1.0,1.0,0.0,0.0,0.0002790052385535091,0.9940073490142822,0.2934981882572174,0.00025914935395121574,0.8606323003768921,0.9023046493530273,0.0012911544181406498,3.081988688791171e-05,3.0
736,1.0,1.0,1.0,1.0,1.0,1.0,1.0,0.0,0.9998524188995361,0.9995525479316711,0.9997809529304504,0.9980288147926331,0.9995073080062866,0.9998948574066162,0.9997395873069763,0.9226553440093994,3.0
737,0.0,1.0,1.0,0.0,1.0,1.0,0.0,0.0,0.05139962211251259,0.4603702425956726,0.9135075211524963,0.010587583296000957,0.995794415473938,0.8273232579231262,0.1828153282403946,0.0001293167588301003,2.0
738,0.0,0.0,0.0,0.0,0.0,0.0,0.0,0.0,6.624093657592312e-05,0.004902843851596117,0.00038842143840156496,0.0002833636535797268,0.0030579983722418547,0.0002863149857148528,0.0010454391594976187,3.861257482640212e-06,4.0
739,0.0,0.0,0.0,0.0,0.0,0.0,0.0,0.0,3.088629455305636e-05,2.3195019821287133e-05,0.00015182254719547927,2.0369107005535625e-05,4.512491068453528e-05,9.053979738382623e-06,0.000301285763271153,5.791085186501732e-06,3.0
740,0.0,0.0,0.0,0.0,0.0,0.0,0.0,0.0,1.1073316272813827e-05,7.477966846636264e-06,3.988912794739008e-05,1.2121327927161474e-05,4.6688906877534464e-05,2.571613913460169e-05,0.00019239088578615338,7.784474291838706e-06,0.0
741,1.0,1.0,1.0,1.0,1.0,1.0,1.0,1.0,0.9996042847633362,0.99991774559021,0.9996874332427979,0.9992508292198181,0.999330997467041,0.9984808564186096,0.9773633480072021,0.7399063110351562,0.0
742,0.0,0.0,0.0,0.0,0.0,0.0,0.0,0.0,2.94941619358724e-05,0.00011039379023713991,0.0005167008494026959,6.472594395745546e-05,0.0017310285475105047,0.007616933900862932,0.00038219316047616303,0.00017946994921658188,4.0
743,1.0,1.0,1.0,1.0,1.0,1.0,1.0,1.0,0.9998152852058411,0.9998694658279419,0.9991976618766785,0.9995231628417969,0.9997175335884094,0.9997890591621399,0.999591052532196,0.9995518326759338,0.0
744,1.0,1.0,1.0,1.0,1.0,1.0,1.0,1.0,0.9998700618743896,0.9997966885566711,0.9980587363243103,0.996865451335907,0.9998189806938171,0.9995337724685669,0.998538613319397,0.9988433122634888,3.0
745,1.0,1.0,1.0,1.0,1.0,1.0,1.0,1.0,0.9998657703399658,0.9998326301574707,0.9997254014015198,0.995163083076477,0.9999228715896606,0.9995989203453064,0.8365456461906433,0.9932148456573486,3.0
746,0.0,0.0,0.0,0.0,0.0,0.0,0.0,0.0,4.907298716716468e-06,3.666645352495834e-05,5.5931363021954894e-05,5.271745067148004e-06,6.606921670027077e-05,6.456929259002209e-05,0.00034450142993591726,1.6731029290895094e-06,3.0
747,1.0,0.0,1.0,1.0,0.0,0.0,0.0,1.0,0.9999531507492065,0.02691921778023243,0.9961851239204407,0.8623992204666138,0.9973987340927124,0.7381759881973267,0.0020321656484156847,0.10722300410270691,4.0
748,0.0,0.0,0.0,0.0,0.0,0.0,0.0,0.0,0.00036220019683241844,0.0005176588892936707,0.002789707388728857,6.332193879643455e-05,0.003615285037085414,0.000822531757876277,0.0021721955854445696,2.7292064260109328e-05,4.0
749,0.0,0.0,0.0,0.0,1.0,0.0,0.0,0.0,0.0023297378793358803,1.750115552567877e-05,2.4511316951247863e-05,1.8646214812179096e-05,0.007307667285203934,1.619315480638761e-05,0.00016979596694000065,1.0690543604141567e-05,2.0
750,0.0,0.0,0.0,0.0,0.0,0.0,0.0,0.0,5.6832472182577476e-05,0.00014076760271564126,0.000340165919624269,1.9941109712817706e-05,0.0017768795369192958,0.0002724812366068363,0.00019324467575643212,4.449396328709554e-06,3.0
751,0.0,0.0,0.0,0.0,0.0,0.0,1.0,0.0,0.35761404037475586,0.06024980917572975,0.01965656504034996,0.0305824875831604,0.45423418283462524,0.002810087753459811,0.021037135273218155,0.0001114534170483239,1.0
752,1.0,1.0,1.0,1.0,1.0,1.0,1.0,1.0,0.9987186193466187,0.9997064471244812,0.9988707900047302,0.9997506737709045,0.9983147382736206,0.9992982149124146,0.9959122538566589,0.9997105002403259,3.0
753,0.0,0.0,0.0,0.0,0.0,0.0,0.0,0.0,4.0618971979711205e-05,5.82048342039343e-05,0.0009038450079970062,1.915606299007777e-05,0.002196911256760359,4.211957275401801e-05,0.00012190599227324128,7.445617029588902e-06,0.0
754,0.0,0.0,0.0,0.0,0.0,0.0,0.0,0.0,8.791084837866947e-06,0.00027793715707957745,7.829679816495627e-05,5.411654456111137e-06,0.0004820040485356003,2.2282894860836677e-05,0.00018542665929999202,6.550043963216012e-06,1.0
755,0.0,0.0,0.0,0.0,0.0,0.0,0.0,0.0,0.002632605377584696,0.2632363736629486,0.005780726205557585,0.0009624358499422669,0.06485600024461746,0.06705507636070251,0.048200663179159164,0.0011138662230223417,1.0
756,0.0,0.0,0.0,0.0,0.0,0.0,0.0,0.0,6.705117993988097e-05,4.3645126424962655e-05,0.0005145552568137646,1.9487637473503128e-05,0.0007255652453750372,0.00010503621160751209,0.01445186510682106,4.6424224819929805e-06,0.0
757,1.0,1.0,1.0,1.0,1.0,1.0,1.0,0.0,0.9703332781791687,0.9973598122596741,0.9986359477043152,0.9507150650024414,0.9979971051216125,0.9995150566101074,0.833448052406311,0.07032188028097153,2.0
758,0.0,0.0,0.0,0.0,0.0,0.0,0.0,0.0,0.0006426282343454659,0.005507142748683691,0.00017935362120624632,1.1911145520571154e-05,0.0026495063211768866,1.4689126146549825e-05,0.3020150363445282,3.405948882573284e-05,0.0
759,1.0,1.0,1.0,1.0,1.0,1.0,0.0,0.0,0.9898498058319092,0.9993484616279602,0.9997861981391907,0.9999063014984131,0.9991618394851685,0.9996848106384277,0.01773080974817276,0.03788616135716438,2.0
760,1.0,1.0,1.0,1.0,1.0,1.0,0.0,1.0,0.9997861981391907,0.9998972415924072,0.9992677569389343,0.9793158173561096,0.9993143081665039,0.998768150806427,0.9711037874221802,0.9797878861427307,0.0
761,0.0,0.0,0.0,0.0,0.0,0.0,0.0,0.0,6.664066313533112e-05,0.0001856155868154019,0.00010950012074317783,3.487883077468723e-05,0.0005719599430449307,0.00040340409032069147,0.0013458417961373925,7.867811291362159e-06,0.0
762,1.0,1.0,1.0,1.0,1.0,1.0,0.0,0.0,0.9999769926071167,0.9962964653968811,0.9935362339019775,0.9875777363777161,0.9956211447715759,0.9860256314277649,0.2915346324443817,0.9728315472602844,2.0
763,0.0,0.0,0.0,0.0,0.0,0.0,0.0,0.0,0.003492027288302779,0.0031763312872499228,0.0017760212067514658,9.969931852538139e-05,0.006079092156141996,0.008469492197036743,0.0026246407069265842,1.019948558678152e-05,4.0
764,0.0,0.0,0.0,0.0,0.0,0.0,0.0,0.0,0.00013716446119360626,6.26745677436702e-05,0.00020018174836877733,5.061492629465647e-05,0.0008135355892591178,0.0002447773877065629,0.00014484442363027483,1.120472006732598e-05,0.0
765,0.0,0.0,0.0,0.0,0.0,0.0,0.0,0.0,4.3735577492043376e-05,0.00017006655980367213,3.1861927709542215e-05,0.00012338093074504286,0.0003900853043887764,6.821510760346428e-05,0.0045067365281283855,4.5367501115833875e-06,2.0
766,0.0,0.0,0.0,0.0,0.0,0.0,0.0,0.0,1.5107362742128316e-05,9.150734695140272e-05,0.00011852083844132721,0.00013880597543902695,0.0010435952572152019,0.00011945542792091146,0.005194498226046562,2.6378889742773026e-05,4.0
767,1.0,1.0,1.0,1.0,1.0,1.0,1.0,1.0,0.9956808090209961,0.9989633560180664,0.9997184872627258,0.999824583530426,0.9997875094413757,0.9998019337654114,0.9990743398666382,0.5105805993080139,1.0
768,0.0,0.0,0.0,0.0,0.0,0.0,0.0,0.0,4.326067482907092e-06,9.27170185605064e-06,1.692231853667181e-05,8.473541129205842e-06,0.0005694954888895154,1.717765917419456e-05,4.109752262593247e-05,2.3504144337493926e-06,4.0
769,1.0,1.0,1.0,0.0,1.0,0.0,1.0,0.0,0.9618431329727173,0.9972225427627563,0.5401002764701843,0.6789242029190063,0.8839564323425293,0.5004823803901672,0.9934237003326416,0.4747273027896881,4.0
770,0.0,0.0,0.0,0.0,0.0,0.0,0.0,0.0,0.005285276100039482,0.0005831951275467873,0.05215736851096153,9.281157690566033e-05,0.0012980711180716753,0.001192370429635048,0.0027199038304388523,0.0001222249265993014,3.0
771,1.0,1.0,1.0,1.0,1.0,0.0,1.0,0.0,0.9994183778762817,0.9799721837043762,0.9909241795539856,0.9995317459106445,0.9976859092712402,0.9539822340011597,0.9777300357818604,0.09961771965026855,4.0
772,0.0,0.0,0.0,0.0,0.0,0.0,0.0,0.0,1.1081271622970235e-05,0.0004482250369619578,0.0014572927029803395,0.00027901562862098217,0.04973115772008896,0.0022165817208588123,0.0005678455927409232,3.730248408828629e-06,4.0
773,1.0,1.0,1.0,1.0,1.0,1.0,1.0,1.0,0.9999680519104004,0.9984272718429565,0.9984351992607117,0.9928488731384277,0.9975849390029907,0.9989458918571472,0.9983795881271362,0.6327519416809082,3.0
774,1.0,1.0,1.0,1.0,1.0,1.0,0.0,0.0,0.997913658618927,0.9986358284950256,0.9995962977409363,0.9916797280311584,0.9990925788879395,0.7120724320411682,0.0006143916980363429,0.42766711115837097,0.0
775,0.0,1.0,1.0,1.0,1.0,1.0,0.0,0.0,0.9741441011428833,0.9998481273651123,0.9998704195022583,0.9992352724075317,0.9999184608459473,0.9993164539337158,0.6807972192764282,0.3056079149246216,4.0
776,0.0,1.0,1.0,1.0,1.0,1.0,0.0,0.0,0.9935668110847473,0.9366124272346497,0.9990944862365723,0.9770973920822144,0.9619707465171814,0.9634050726890564,0.7241130471229553,0.0016177385114133358,4.0
777,0.0,0.0,0.0,0.0,0.0,0.0,0.0,0.0,7.228845061035827e-05,0.0006486071506515145,0.0005016434006392956,0.00010833017586264759,0.00023673500982113183,0.0002090538473566994,0.00018000448471866548,2.0746909285662696e-05,3.0
778,0.0,0.0,0.0,0.0,0.0,0.0,0.0,0.0,1.4916500731487758e-05,3.300277967355214e-05,0.00010525528341531754,2.078096804325469e-05,0.00028486375231295824,0.00019097025506198406,0.00020734583085868508,2.919969119830057e-06,0.0
779,0.0,0.0,0.0,0.0,0.0,0.0,0.0,0.0,1.9713981600943953e-05,1.4933439160813577e-05,1.0362196917412803e-05,1.29236068460159e-05,9.256877820007503e-05,2.80137755908072e-05,0.0011022088583558798,8.016907668206841e-05,4.0
780,0.0,1.0,1.0,1.0,1.0,1.0,0.0,0.0,0.9098603129386902,0.999115526676178,0.9980230331420898,0.9910666346549988,0.999100923538208,0.9963589310646057,0.07287910580635071,0.016218453645706177,1.0
781,0.0,0.0,0.0,0.0,0.0,0.0,0.0,0.0,3.6216204080119496e-06,0.00024163196212612092,0.0016954279271885753,3.288005700596841e-06,0.0027640722692012787,0.0006100182072259486,0.00018551561515778303,1.7849433788796887e-06,3.0
782,1.0,1.0,1.0,1.0,1.0,1.0,1.0,0.0,0.9998189806938171,0.996517539024353,0.9905067682266235,0.996986448764801,0.9989628791809082,0.9922429919242859,0.8962662816047668,0.013655165210366249,4.0
783,1.0,1.0,1.0,1.0,1.0,1.0,1.0,0.0,0.9985169768333435,0.9997591376304626,0.9843885898590088,0.963592529296875,0.9997816681861877,0.9867795705795288,0.9832111597061157,0.0433538518846035,2.0
784,0.0,0.0,0.0,0.0,1.0,0.0,0.0,0.0,0.005573327653110027,0.11420468240976334,0.979444146156311,0.0012850741622969508,0.9903272986412048,0.5435934662818909,0.031880270689725876,0.0004035359888803214,1.0
785,1.0,1.0,1.0,1.0,1.0,1.0,1.0,1.0,0.9998651742935181,0.9996138215065002,0.9920220375061035,0.9788669943809509,0.9997956156730652,0.9907183051109314,0.7724676728248596,0.032546769827604294,2.0
786,1.0,1.0,1.0,1.0,1.0,1.0,0.0,0.0,0.9981545805931091,0.9802289009094238,0.9813472032546997,0.9921865463256836,0.9965860843658447,0.9528189897537231,0.00835388246923685,0.0056404052302241325,3.0
787,1.0,1.0,1.0,1.0,1.0,1.0,1.0,1.0,0.9995735287666321,0.9998912811279297,0.9995877146720886,0.999342143535614,0.9996090531349182,0.9997275471687317,0.9993969202041626,0.8798638582229614,3.0
788,0.0,0.0,0.0,0.0,0.0,0.0,0.0,0.0,0.00011005587293766439,7.511022886319552e-06,2.4477538318024017e-05,1.1055230970669072e-05,5.1172184612369165e-05,5.509841867024079e-05,0.004034950863569975,1.768502261256799e-05,2.0
789,0.0,0.0,0.0,0.0,0.0,0.0,0.0,0.0,0.00010297075641574338,0.0006768712773919106,0.0019859587773680687,0.0001859819603851065,0.09144315123558044,0.018283426761627197,0.003918069880455732,1.376162254018709e-05,3.0
790,0.0,0.0,0.0,0.0,0.0,0.0,0.0,0.0,3.1797091651242226e-05,7.974423351697624e-05,7.834213465685025e-05,0.00021565044880844653,0.00045035441871732473,0.00020046959980390966,0.0005217621219344437,8.61273474583868e-06,1.0
791,0.0,0.0,0.0,0.0,1.0,0.0,0.0,0.0,1.6993717508739792e-05,0.0032434698659926653,0.043668292462825775,0.00013243412831798196,0.5487103462219238,0.05780438706278801,0.0004340189916547388,1.0278107765770983e-05,4.0
792,0.0,0.0,0.0,0.0,0.0,0.0,0.0,0.0,0.00012203685037093237,1.3899611985834781e-05,6.815430970164016e-05,9.24275354918791e-06,4.293519668863155e-05,3.5672033845912665e-05,0.00023844938550610095,5.3978974392521195e-06,3.0
793,0.0,0.0,0.0,0.0,0.0,0.0,0.0,0.0,0.250562459230423,0.0014675885904580355,0.019395984709262848,0.08319578319787979,0.12554042041301727,0.00020702146866824478,0.2119552344083786,0.00025276397354900837,1.0
794,0.0,0.0,0.0,0.0,0.0,0.0,0.0,0.0,4.349297523731366e-05,4.590289609041065e-05,0.00014217769785318524,9.347646482638083e-06,0.0011533700162544847,0.00010058232874143869,0.0001474837918067351,2.2739086489309557e-06,4.0
795,1.0,1.0,1.0,1.0,1.0,1.0,1.0,1.0,0.9999309778213501,0.9909887909889221,0.9883562922477722,0.9994992017745972,0.9981411695480347,0.9780945181846619,0.9956745505332947,0.8162060379981995,4.0
796,0.0,0.0,0.0,0.0,0.0,0.0,0.0,0.0,0.00014831556472927332,4.94874911964871e-05,0.0009398104739375412,4.6864395699230954e-05,0.0046565355733036995,0.00016341061564162374,0.001970586134120822,1.8416722014080733e-05,0.0
797,1.0,1.0,1.0,1.0,1.0,1.0,1.0,1.0,0.9982510209083557,0.9997896552085876,0.9998966455459595,0.9998189806938171,0.999792754650116,0.9997554421424866,0.9007713794708252,0.07968505471944809,3.0
798,0.0,0.0,0.0,0.0,0.0,0.0,0.0,0.0,1.1864255611726549e-05,7.164541784732137e-06,1.3973295608593617e-05,6.099814527260605e-06,6.722302350681275e-05,3.66409367416054e-05,0.00046541777555830777,2.2406093194149435e-06,0.0
799,0.0,0.0,0.0,0.0,0.0,0.0,0.0,0.0,0.00018651506979949772,0.0006587639800272882,9.338793461211026e-05,6.047098941053264e-05,0.0018771366449072957,0.0006432673544622958,0.0021408123429864645,5.749779120378662e-06,0.0
800,0.0,0.0,0.0,0.0,0.0,0.0,0.0,0.0,0.0001236142124980688,2.2538932171300985e-05,4.5204200432635844e-05,4.9638092605164275e-06,0.0021874781232327223,1.88133999472484e-05,0.000710784166585654,3.806585937127238e-06,0.0
801,0.0,0.0,0.0,0.0,0.0,0.0,0.0,0.0,4.893373989034444e-05,5.3192427003523335e-05,1.4040190762898419e-05,9.608593245502561e-06,0.0007291919318959117,5.223667176323943e-05,0.0012797443196177483,2.151953594875522e-06,0.0
802,0.0,0.0,0.0,0.0,0.0,0.0,0.0,0.0,2.540575951570645e-05,2.446458711347077e-05,3.5923527320846915e-05,3.1173269235296175e-05,0.007073011714965105,0.0001623278803890571,3.941524846595712e-05,2.461616077198414e-06,0.0
803,0.0,0.0,0.0,0.0,0.0,0.0,0.0,0.0,0.0020600627176463604,0.0007579593220725656,0.004969464614987373,4.8768917622510344e-05,0.0007675958913750947,0.000813730584923178,0.009482362307608128,4.6447370550595224e-05,3.0
804,0.0,0.0,0.0,0.0,0.0,0.0,0.0,0.0,3.250021472922526e-05,1.4362465662998147e-05,3.0274737582658418e-05,2.33002174354624e-05,0.00014861200179439038,4.391470429254696e-05,0.016364119946956635,7.765739428577945e-05,4.0
805,1.0,1.0,1.0,1.0,1.0,1.0,1.0,1.0,0.996161937713623,0.9457216858863831,0.9943320751190186,0.5263670086860657,0.99907386302948,0.47354215383529663,0.46027931571006775,0.046809062361717224,4.0
806,0.0,0.0,0.0,0.0,1.0,0.0,0.0,0.0,0.04944084212183952,0.010414047166705132,0.10315974801778793,0.00016019701433833688,0.9889128804206848,0.020295780152082443,0.02689255401492119,5.3916035540169105e-05,1.0
807,1.0,1.0,1.0,1.0,1.0,1.0,0.0,0.0,0.9936556816101074,0.3795318901538849,0.7729445099830627,0.9697645902633667,0.9915457367897034,0.45760929584503174,0.38503387570381165,0.01022416166961193,3.0
808,1.0,1.0,1.0,1.0,1.0,0.0,0.0,0.0,0.9886503219604492,0.9990459084510803,0.9902890920639038,0.9829522371292114,0.9738152027130127,0.9794142842292786,0.0023811347782611847,0.06071747466921806,0.0
809,1.0,1.0,1.0,0.0,1.0,0.0,1.0,0.0,0.991413950920105,0.9977668523788452,0.9722528457641602,0.7905364632606506,0.9979039430618286,0.8675490617752075,0.5219419002532959,0.015047539956867695,3.0
810,0.0,0.0,0.0,0.0,0.0,0.0,0.0,0.0,2.159315590688493e-05,0.00032337018637917936,3.3246298698941246e-05,1.9531807993189432e-05,0.0007856019074097276,2.5924278816091828e-05,3.630525679909624e-05,2.6187549337919336e-06,1.0
811,0.0,1.0,1.0,1.0,1.0,1.0,1.0,0.0,0.995415449142456,0.9985842704772949,0.9987479448318481,0.9588749408721924,0.9999485015869141,0.9998014569282532,0.7465649843215942,0.002250338438898325,3.0
812,1.0,1.0,1.0,1.0,1.0,1.0,1.0,0.0,0.9858667254447937,0.9988211989402771,0.9998971223831177,0.9997758269309998,0.9998053908348083,0.9969306588172913,0.989791214466095,0.479240357875824,4.0
813,0.0,0.0,0.0,0.0,0.0,0.0,0.0,0.0,1.2890212019556202e-05,0.0002272426208946854,6.383157597156242e-05,5.4011056818126235e-06,0.0004014022124465555,0.00028325911262072623,7.031505811028183e-05,4.978320703230565e-06,2.0
814,1.0,1.0,1.0,1.0,1.0,1.0,1.0,0.0,0.9963437914848328,0.9991536140441895,0.9998759031295776,0.9996887445449829,0.9997130036354065,0.9998903274536133,0.9908273816108704,0.6137511730194092,1.0
815,1.0,1.0,1.0,1.0,1.0,1.0,1.0,1.0,0.9930064678192139,0.9998019337654114,0.9997853636741638,0.9988646507263184,0.9993622899055481,0.5134146213531494,0.9994874000549316,0.954832136631012,4.0
816,0.0,0.0,0.0,0.0,0.0,0.0,0.0,0.0,0.0006277472130022943,6.959938036743551e-05,0.0006621081265620887,7.649632607353851e-05,0.002249180106446147,4.3596664909273386e-05,0.0032333664130419493,1.721777516650036e-05,1.0
817,1.0,1.0,1.0,1.0,1.0,1.0,1.0,1.0,0.9999496936798096,0.9999394416809082,0.9997274279594421,0.9994749426841736,0.9997703433036804,0.9986029267311096,0.9329929947853088,0.9986857771873474,2.0
818,0.0,1.0,1.0,0.0,1.0,1.0,0.0,0.0,0.41939353942871094,0.9878402352333069,0.9438818097114563,0.1818937510251999,0.9996092915534973,0.8859385251998901,0.07540751993656158,0.00016783956380095333,4.0
819,1.0,1.0,1.0,1.0,1.0,1.0,1.0,0.0,0.9978797435760498,0.9999033212661743,0.9999369382858276,0.9997665286064148,0.9998949766159058,0.9994717240333557,0.7772341966629028,0.015529784373939037,2.0
820,0.0,0.0,0.0,0.0,0.0,0.0,0.0,0.0,0.0002732505090534687,0.000147710379678756,0.000230664576520212,0.00010465309605933726,0.00015018040721770376,4.3655407353071496e-05,0.0006996314623393118,1.3251466953079216e-05,3.0
821,1.0,1.0,1.0,1.0,1.0,1.0,1.0,0.0,0.055879175662994385,0.9984009861946106,0.9928706288337708,0.959419846534729,0.9998723268508911,0.9972808361053467,0.9091836214065552,0.00523914722725749,4.0
822,1.0,1.0,1.0,1.0,1.0,1.0,0.0,0.0,0.999369204044342,0.9983561635017395,0.9900078773498535,0.9952196478843689,0.9978998899459839,0.9990224838256836,0.024132685735821724,0.04200242459774017,0.0
823,1.0,1.0,1.0,1.0,1.0,1.0,0.0,1.0,0.9995170831680298,0.9813327789306641,0.9551202058792114,0.9994931221008301,0.9801368713378906,0.9507594704627991,0.8061030507087708,0.9897762537002563,2.0
824,1.0,1.0,1.0,1.0,1.0,1.0,1.0,1.0,0.9999443292617798,0.9987590312957764,0.999664306640625,0.999148964881897,0.9997393488883972,0.9998646974563599,0.752154529094696,0.9785687923431396,1.0
825,1.0,1.0,1.0,1.0,1.0,1.0,0.0,0.0,0.9979058504104614,0.9983525276184082,0.9995133876800537,0.9969320297241211,0.9936816692352295,0.8695452213287354,0.9216477870941162,0.010076621547341347,3.0
826,1.0,1.0,1.0,1.0,1.0,1.0,1.0,1.0,0.9983494281768799,0.9999473094940186,0.99983811378479,0.999916672706604,0.9996737241744995,0.9999406337738037,0.9992714524269104,0.9881142973899841,2.0
827,1.0,1.0,1.0,1.0,1.0,1.0,1.0,1.0,0.9993044137954712,0.99989914894104,0.9995288848876953,0.9997627139091492,0.9998805522918701,0.9990912675857544,0.773639440536499,0.9995986819267273,2.0
828,0.0,1.0,1.0,1.0,1.0,1.0,0.0,0.0,0.9959937334060669,0.9725801944732666,0.9961884617805481,0.9877995252609253,0.999306321144104,0.9982265830039978,0.01283727865666151,0.001052582054398954,1.0
829,0.0,0.0,0.0,0.0,0.0,0.0,0.0,0.0,0.0002607954083941877,9.303638944402337e-05,0.0001510596484877169,1.4895604181219824e-05,0.0009741997346282005,0.00027951481752097607,0.07382607460021973,1.5136104593693744e-05,0.0
830,0.0,0.0,0.0,0.0,0.0,0.0,0.0,0.0,4.909158087684773e-05,4.8496545787202194e-05,9.779016545508057e-05,9.279035111831035e-06,0.0002606942434795201,5.363117452361621e-05,5.0941882363986224e-05,2.256527068311698e-06,1.0
831,1.0,1.0,1.0,1.0,1.0,1.0,1.0,1.0,0.9995377063751221,0.9999374151229858,0.9995446801185608,0.9993859529495239,0.9994930028915405,0.9976035952568054,0.9995493292808533,0.9984207153320312,4.0
832,0.0,0.0,0.0,0.0,0.0,0.0,0.0,0.0,0.004207382909953594,2.9280052331159823e-05,2.1807240045745857e-05,3.420678331167437e-05,0.0006329606985673308,0.00012678441999014467,0.005115367006510496,2.0751460397150367e-05,2.0
833,0.0,0.0,0.0,0.0,0.0,0.0,0.0,0.0,3.2989813917083666e-05,2.2738568077329546e-05,1.1816255209851079e-05,5.55754013475962e-06,0.00029297455330379307,1.2563762538775336e-05,0.0006099339225329459,6.185599886521231e-06,0.0
834,0.0,1.0,1.0,0.0,1.0,0.0,0.0,0.0,0.27719175815582275,0.776515543460846,0.8861311078071594,0.028519654646515846,0.5658323764801025,0.0010499716736376286,0.03048137202858925,0.0020717207808047533,3.0
835,1.0,1.0,1.0,0.0,1.0,1.0,1.0,0.0,0.9980713725090027,0.9978284239768982,0.9995633959770203,0.9164432287216187,0.9998353719711304,0.9995193481445312,0.9814656972885132,0.758367121219635,3.0
836,0.0,0.0,0.0,0.0,0.0,0.0,0.0,0.0,0.0001233148213941604,0.0003185056266374886,0.0001761112653184682,8.661346510052681e-05,7.488641858799383e-05,9.428029443370178e-05,0.0005995867541059852,7.093583462847164e-06,2.0
837,0.0,0.0,0.0,0.0,0.0,0.0,0.0,0.0,6.00150742684491e-05,0.00011004738189512864,0.00015827585593797266,0.0001322625030297786,0.0002153120731236413,0.000210857717320323,0.024520058184862137,2.0214762116665952e-05,2.0
838,0.0,0.0,0.0,0.0,0.0,0.0,0.0,0.0,4.5125298129278235e-06,5.4128337069414556e-05,0.00010005742660723627,1.8896671463153325e-05,0.0020029929000884295,7.476198516087607e-05,4.857365638599731e-05,4.382600309327245e-06,4.0
839,0.0,0.0,0.0,0.0,0.0,0.0,0.0,0.0,2.836794919858221e-06,1.4981310414441396e-05,4.59895672975108e-05,1.4217494026524946e-05,0.002962096594274044,9.733281331136823e-05,0.0013120850780978799,4.114788680453785e-06,4.0
840,1.0,1.0,1.0,1.0,1.0,1.0,1.0,1.0,0.9998871088027954,0.999251663684845,0.9998651742935181,0.999785840511322,0.9998574256896973,0.9994507431983948,0.9998914003372192,0.9975564479827881,4.0
841,1.0,1.0,1.0,1.0,1.0,1.0,1.0,1.0,0.9988151788711548,0.9837145209312439,0.9998407363891602,0.9997472167015076,0.9998728036880493,0.9423000812530518,0.9998719692230225,0.9997548460960388,0.0
842,1.0,0.0,0.0,0.0,0.0,0.0,1.0,0.0,0.06693214923143387,0.0004625766887329519,0.022655215114355087,0.06368037313222885,0.0008251305553130805,0.0008504902943968773,0.9562957286834717,0.00033190424437634647,3.0
843,0.0,0.0,0.0,0.0,0.0,0.0,0.0,0.0,3.693813050631434e-05,1.4281350559031125e-05,4.1917617636499926e-05,1.0564041076577269e-05,0.004332501441240311,1.9636208890005946e-05,0.0005107895703986287,4.216338311380241e-06,0.0
844,0.0,0.0,0.0,0.0,0.0,0.0,0.0,0.0,0.00013612405746243894,0.0003714484628289938,0.0017954594222828746,3.0251709176809527e-05,0.0011027130531147122,0.0006364447181113064,0.0062883407808840275,1.6377376596210524e-05,0.0
845,0.0,0.0,1.0,0.0,1.0,0.0,0.0,0.0,0.013269091956317425,0.19185492396354675,0.7306807041168213,0.0002393607428530231,0.9894704818725586,0.7924161553382874,0.0015679843490943313,0.00042488722829148173,1.0
846,1.0,1.0,1.0,1.0,1.0,1.0,1.0,0.0,0.9915087223052979,0.9984210729598999,0.9996077418327332,0.9825321435928345,0.9665600061416626,0.9269555807113647,0.7488172054290771,0.7549696564674377,2.0
847,0.0,0.0,0.0,0.0,0.0,0.0,0.0,0.0,4.595641803462058e-05,6.482718890765682e-05,0.00027705851243808866,1.24418575069285e-05,0.00021396484225988388,3.556517185643315e-05,8.745828381506726e-05,2.4766275146248518e-06,3.0
848,0.0,0.0,0.0,0.0,0.0,0.0,0.0,0.0,0.00031310052145272493,0.0005430696764960885,0.00015237349725794047,0.00030738269560970366,0.1790143996477127,0.00013347675849217921,0.00033181975595653057,2.832404243235942e-05,1.0
849,0.0,0.0,0.0,0.0,0.0,0.0,0.0,0.0,0.00019965069077443331,2.410720662737731e-05,0.0013151096645742655,1.0870248843275476e-05,0.00026570106274448335,5.7420333178015426e-05,0.00018573332636151463,1.5782170521561056e-05,2.0
850,1.0,1.0,1.0,1.0,1.0,1.0,1.0,0.0,0.9997286200523376,0.9999687671661377,0.999937891960144,0.999725878238678,0.9999496936798096,0.999913215637207,0.9999179840087891,0.7935317158699036,2.0
851,0.0,1.0,1.0,0.0,1.0,1.0,0.0,0.0,0.031287215650081635,0.9844222068786621,0.9957273006439209,0.011598307639360428,0.999189555644989,0.9883308410644531,0.03243042156100273,0.002207962330430746,1.0
852,1.0,0.0,1.0,1.0,1.0,0.0,1.0,1.0,0.999460756778717,0.9655661582946777,0.9972545504570007,0.9990691542625427,0.8675605654716492,0.05967133864760399,0.8377571105957031,0.9643909335136414,1.0
853,0.0,0.0,0.0,0.0,0.0,0.0,0.0,0.0,4.659190381062217e-05,3.2214629754889756e-05,3.6813256883760914e-05,6.484561163233593e-05,4.0939139580586925e-05,0.0001853002904681489,0.03665632754564285,4.473264652915532e-06,1.0
854,1.0,1.0,1.0,1.0,1.0,1.0,1.0,1.0,0.9988377690315247,0.9991183876991272,0.9972882270812988,0.9991766810417175,0.9980742931365967,0.999842643737793,0.6672735810279846,0.31199905276298523,0.0
855,0.0,0.0,0.0,0.0,0.0,0.0,0.0,0.0,1.7117463357863016e-05,0.0005476180813275278,0.00012430439528543502,5.116613465361297e-05,6.42092345515266e-05,0.007608245126903057,4.650720438803546e-05,1.2555952707771212e-05,1.0
856,0.0,1.0,1.0,0.0,1.0,1.0,0.0,0.0,0.016919409856200218,0.9000467658042908,0.9659746885299683,0.011478547938168049,0.9991917014122009,0.933756411075592,0.02388199418783188,0.0001556544448249042,4.0
857,0.0,0.0,0.0,0.0,0.0,0.0,0.0,0.0,7.728519994998351e-05,0.00034163211239501834,0.0018763900734484196,2.5598519641789608e-05,0.007693629711866379,4.466671452973969e-05,0.00046260093222372234,4.804954642168013e-06,1.0
858,0.0,0.0,0.0,0.0,0.0,0.0,0.0,0.0,1.374102066620253e-05,0.0004119226650800556,0.00018604083743412048,1.7108617612393573e-05,0.0008985123131424189,6.920889427419752e-05,0.0007739216089248657,1.8211864016848267e-06,3.0
859,0.0,0.0,0.0,0.0,0.0,0.0,0.0,0.0,1.0365843991166912e-05,2.484611832187511e-05,1.64287648658501e-05,4.298973180993926e-06,0.00014649552758783102,3.392399230506271e-05,6.679915532004088e-05,4.791067112819292e-06,3.0
860,0.0,0.0,0.0,0.0,1.0,0.0,0.0,0.0,0.060925714671611786,0.5651183724403381,0.7837638258934021,0.9972701668739319,0.9086851477622986,0.032033078372478485,0.47283726930618286,0.00015962628822308034,4.0
861,0.0,0.0,0.0,0.0,0.0,0.0,0.0,0.0,9.076881724467967e-06,5.71916280023288e-05,0.00013122509699314833,6.7252317421662156e-06,0.0005100498092360795,0.00011847236601170152,9.548044909024611e-05,3.515025809974759e-06,2.0
862,0.0,1.0,1.0,1.0,1.0,1.0,1.0,0.0,0.9883037805557251,0.9984292387962341,0.9997692704200745,0.998478353023529,0.9997928738594055,0.9985791444778442,0.9882712960243225,0.003900618990883231,4.0
863,0.0,0.0,0.0,0.0,0.0,0.0,0.0,0.0,6.155073788249865e-05,1.64809880516259e-05,5.108047116664238e-05,1.1157919288962148e-05,0.0010275577660650015,0.00020246216445229948,0.002206980250775814,2.1352252588258125e-06,0.0
864,0.0,1.0,1.0,1.0,1.0,1.0,0.0,0.0,0.005302807781845331,0.21433116495609283,0.8708769083023071,0.49636897444725037,0.8890802264213562,0.7159406542778015,0.0007161569665186107,2.6813075237441808e-05,0.0
865,0.0,0.0,0.0,0.0,0.0,0.0,0.0,0.0,2.4564131308579817e-05,0.0003828382177744061,0.00044291222002357244,3.1454812415177e-05,0.003910684958100319,2.5495077352388762e-05,0.00028505310183390975,4.016780167148681e-06,1.0
866,0.0,0.0,0.0,0.0,0.0,0.0,0.0,0.0,0.008762319572269917,0.5805688500404358,0.3145032823085785,0.0024892501533031464,0.1738976091146469,0.05108516290783882,0.27565479278564453,4.934498792863451e-05,3.0
867,1.0,1.0,1.0,1.0,1.0,1.0,1.0,0.0,0.9406519532203674,0.999366819858551,0.999702513217926,0.9996711015701294,0.9989922642707825,0.9997684359550476,0.20172171294689178,0.007782598491758108,2.0
868,0.0,0.0,0.0,0.0,0.0,0.0,0.0,0.0,4.562933827401139e-05,3.054248736589216e-05,7.231506606331095e-05,1.3881967788620386e-05,0.0006497576250694692,4.067762347403914e-05,7.300399738596752e-05,1.3961147487862036e-05,3.0
869,0.0,1.0,1.0,1.0,1.0,1.0,0.0,0.0,0.7384684681892395,0.9987261891365051,0.9990677237510681,0.998458743095398,0.9995456337928772,0.9986397624015808,0.007710394449532032,0.024535106495022774,2.0
870,0.0,0.0,0.0,0.0,0.0,0.0,0.0,0.0,0.00048776084440760314,0.008615869097411633,0.00023092006449587643,9.067874634638429e-05,0.0019403110491111875,0.00010572303290246055,0.0033456722740083933,9.381154086440802e-06,3.0
871,0.0,0.0,0.0,0.0,0.0,0.0,0.0,0.0,5.298733594827354e-05,0.00010556708730291575,0.0004885023226961493,5.151717414264567e-05,0.00030672052525915205,1.7498419765615836e-05,0.006491534411907196,1.9579492800403386e-05,4.0
872,0.0,0.0,0.0,0.0,0.0,0.0,0.0,0.0,0.0003872095257975161,0.43729302287101746,0.007521831896156073,0.00020575791131705046,0.019830847159028053,0.0017086571315303445,0.2436295598745346,0.00011339072807459161,0.0
873,1.0,1.0,1.0,1.0,1.0,1.0,1.0,0.0,0.957633376121521,0.9997853636741638,0.9996414184570312,0.9553822875022888,0.9997406601905823,0.9982004165649414,0.7296547293663025,0.12417107075452805,2.0
874,1.0,1.0,1.0,1.0,1.0,1.0,1.0,1.0,0.9997712969779968,0.9999129772186279,0.9999390840530396,0.9997314810752869,0.9999392032623291,0.9993869066238403,0.9999551773071289,0.9952430129051208,4.0
875,1.0,1.0,1.0,1.0,1.0,1.0,1.0,1.0,0.993647038936615,0.9981796741485596,0.9980308413505554,0.9982799291610718,0.9994681477546692,0.9813085198402405,0.9998202919960022,0.9980510473251343,4.0
876,0.0,0.0,0.0,0.0,0.0,0.0,0.0,0.0,0.00016606760618742555,0.0006840889109298587,0.008426597341895103,0.008653835393488407,0.05318264663219452,0.00024738660431466997,0.028424803167581558,0.0002050332841463387,4.0
877,1.0,0.0,1.0,1.0,1.0,0.0,0.0,0.0,0.6868736743927002,0.4987991154193878,0.9972501397132874,0.9994603991508484,0.9395411610603333,0.4188767373561859,0.8342758417129517,0.6577850580215454,0.0
878,1.0,0.0,1.0,1.0,0.0,0.0,0.0,0.0,0.9982465505599976,0.5678137540817261,0.9991031885147095,0.9474266171455383,0.9605448246002197,0.00321901380084455,0.039822280406951904,0.005658738315105438,4.0
879,1.0,1.0,1.0,1.0,1.0,1.0,1.0,0.0,0.9990737438201904,0.9962807297706604,0.9959880709648132,0.9956272840499878,0.9971745014190674,0.9987595081329346,0.9874059557914734,0.24778267741203308,3.0
880,0.0,0.0,0.0,0.0,0.0,0.0,0.0,0.0,0.0017119917320087552,3.422759982640855e-05,0.00016408576630055904,2.4922674128902145e-05,0.010373839177191257,0.0008915913058444858,0.0011040864046663046,1.986901588679757e-05,0.0
881,1.0,1.0,1.0,1.0,1.0,1.0,1.0,0.0,0.09249153733253479,0.9946395754814148,0.998200535774231,0.9985427856445312,0.9952608942985535,0.6943806409835815,0.44925326108932495,0.002312373137101531,3.0
882,0.0,0.0,0.0,0.0,0.0,0.0,0.0,0.0,0.0003844129969365895,0.00013931182911619544,9.669707651482895e-05,6.58948629279621e-05,0.050435349345207214,8.472746412735432e-05,0.002220636233687401,3.214665412087925e-05,3.0
883,1.0,1.0,1.0,1.0,1.0,1.0,1.0,1.0,0.9994375109672546,0.9998010993003845,0.9979352951049805,0.9974295496940613,0.999886155128479,0.9997895359992981,0.9989132881164551,0.9949835538864136,4.0
884,1.0,1.0,1.0,1.0,1.0,1.0,1.0,1.0,0.999920129776001,0.9998838901519775,0.9996532201766968,0.9997199177742004,0.9998917579650879,0.9983870983123779,0.9994264841079712,0.9997585415840149,1.0
885,0.0,0.0,0.0,0.0,0.0,0.0,0.0,0.0,1.473801148677012e-05,0.0006460244185291231,0.00018209069094154984,2.3666951165068895e-05,0.003011351218447089,0.00011667342914734036,0.007339129224419594,2.607881242511212e-06,4.0
886,0.0,1.0,0.0,0.0,1.0,0.0,0.0,0.0,0.05103065073490143,0.9913240671157837,0.697443425655365,0.036814507097005844,0.9819424748420715,0.9978195428848267,0.02960447408258915,0.00021786823344882578,3.0
887,0.0,1.0,1.0,0.0,1.0,1.0,0.0,0.0,0.8808839917182922,0.49156033992767334,0.12541905045509338,0.016837334260344505,0.1426675170660019,0.003110019490122795,0.07343858480453491,0.00156593497376889,3.0
888,0.0,0.0,0.0,0.0,0.0,0.0,0.0,0.0,0.003260242287069559,0.009503956884145737,0.002803320065140724,0.00029144034488126636,0.1202179417014122,0.00018656539032235742,0.0004060376377310604,1.1190166333108209e-05,2.0
889,1.0,1.0,1.0,1.0,1.0,1.0,1.0,1.0,0.997291624546051,0.9998574256896973,0.9997335076332092,0.9968210458755493,0.9998788833618164,0.9995785355567932,0.8945586085319519,0.9992555975914001,2.0
890,0.0,0.0,0.0,0.0,0.0,0.0,0.0,0.0,0.0008775422465987504,0.00035882912925444543,0.00034809266799129546,0.0006226173136383295,0.009167305193841457,0.00015703281678725034,0.007249625865370035,1.1392504347895738e-05,1.0
891,0.0,1.0,1.0,1.0,1.0,1.0,0.0,0.0,0.0262905303388834,0.9998001456260681,0.9940419793128967,0.24105295538902283,0.9982265830039978,0.9957014918327332,0.3418937921524048,0.003290565451607108,2.0
892,1.0,1.0,1.0,1.0,1.0,1.0,1.0,1.0,0.43952620029449463,0.9992576241493225,0.9998000264167786,0.9890773296356201,0.999521017074585,0.9859802722930908,0.2026534527540207,0.000618942838627845,3.0
893,0.0,0.0,0.0,0.0,0.0,0.0,0.0,0.0,4.513489329838194e-05,0.0019242073176428676,0.0054236422292888165,0.00011849790462292731,0.0005171790253371,8.565028110751882e-05,0.00019326515030115843,8.829994840198196e-06,1.0
894,1.0,1.0,1.0,1.0,1.0,1.0,1.0,1.0,0.9997499585151672,0.999933123588562,0.9997773766517639,0.9990491271018982,0.9998714923858643,0.9994630217552185,0.9746504426002502,0.9997987151145935,2.0
895,0.0,0.0,0.0,0.0,0.0,0.0,0.0,0.0,0.1659872978925705,0.11556161195039749,0.05335681512951851,0.015327044762670994,0.05643542855978012,0.19249828159809113,0.002579356776550412,3.9490347262471914e-05,0.0
896,0.0,1.0,0.0,0.0,0.0,0.0,0.0,0.0,0.014968542382121086,0.7201766967773438,0.00907208677381277,0.00015640040510334074,0.014584599062800407,0.0036292732693254948,0.00029735229327343404,7.343052857322618e-05,1.0
897,0.0,0.0,0.0,0.0,0.0,0.0,0.0,0.0,5.33695447302307e-06,0.00019691861234605312,3.220004145987332e-05,2.5402248866157606e-05,0.001482181716710329,5.351913932827301e-05,0.00014793661830481142,8.876761967258062e-06,4.0
898,1.0,1.0,1.0,1.0,1.0,1.0,1.0,1.0,0.9995452761650085,0.9999651908874512,0.999777615070343,0.9996730089187622,0.9997764229774475,0.9994553923606873,0.9938062429428101,0.9998250603675842,2.0
899,1.0,1.0,1.0,1.0,1.0,1.0,1.0,1.0,0.9994365572929382,0.9998358488082886,0.998788058757782,0.9903486967086792,0.9987431168556213,0.998737633228302,0.998724639415741,0.9779922366142273,0.0
900,0.0,1.0,1.0,0.0,1.0,1.0,0.0,0.0,0.9469621181488037,0.999536395072937,0.999305248260498,0.35315707325935364,0.9991005659103394,0.9997186064720154,0.12495020776987076,0.010834871791303158,0.0
901,0.0,0.0,0.0,0.0,0.0,0.0,0.0,0.0,0.00013476255116984248,0.08900777250528336,0.16689802706241608,3.991298581240699e-05,0.3339768648147583,0.0016350860241800547,0.00028808932984247804,5.5532959777337965e-06,0.0
902,0.0,1.0,1.0,1.0,1.0,1.0,0.0,0.0,0.5597655177116394,0.9900220036506653,0.9871376752853394,0.9846416115760803,0.988605797290802,0.9366112351417542,0.062335286289453506,0.003517064033076167,1.0
903,0.0,0.0,0.0,0.0,0.0,0.0,0.0,0.0,1.5486944903386757e-05,1.8446831745677628e-05,1.7843998648459092e-05,1.0129286238225177e-05,6.389296322595328e-05,7.598188676638529e-05,9.742956899572164e-05,5.414524821389932e-06,3.0
904,1.0,1.0,0.0,0.0,1.0,0.0,0.0,0.0,0.9950534701347351,0.9841910600662231,0.9830772280693054,0.5261920690536499,0.9806843400001526,0.09102621674537659,0.9702900648117065,0.06897334009408951,1.0
905,0.0,0.0,0.0,0.0,0.0,0.0,0.0,0.0,1.0298858796886634e-05,2.658547236933373e-05,8.582508598919958e-05,1.2777684787579346e-05,0.0001490191207267344,1.2441075341484975e-05,0.0001205736116389744,1.548015461594332e-06,3.0
906,1.0,1.0,1.0,1.0,1.0,1.0,1.0,1.0,0.9997119307518005,0.9949606657028198,0.999313473701477,0.9811204075813293,0.9974203109741211,0.9969913959503174,0.997005045413971,0.8587230443954468,4.0
907,0.0,0.0,0.0,0.0,0.0,0.0,0.0,0.0,0.000653038383461535,0.017010247334837914,0.0010436712764203548,0.00012732914183288813,0.00445205345749855,0.0007347363280132413,0.07034201920032501,4.7380541218444705e-05,0.0
908,0.0,0.0,0.0,0.0,1.0,1.0,0.0,0.0,0.0064571755938231945,0.9388564229011536,0.6956770420074463,0.0011821008520200849,0.9993389248847961,0.32923567295074463,0.005713324062526226,1.1582242223084904e-05,4.0
909,1.0,1.0,1.0,0.0,1.0,0.0,1.0,1.0,0.9985149502754211,0.9956359267234802,0.9984751343727112,0.9944061040878296,0.99671870470047,0.9991092085838318,0.9970468878746033,0.5240446329116821,2.0
910,1.0,1.0,1.0,1.0,1.0,1.0,1.0,1.0,0.9998482465744019,0.9998971223831177,0.9991587400436401,0.9997497200965881,0.9991594552993774,0.9891303777694702,0.9972854852676392,0.9983548521995544,2.0
911,0.0,0.0,1.0,0.0,1.0,0.0,1.0,0.0,0.05928889289498329,0.03692738711833954,0.16992498934268951,0.0006460739532485604,0.8209419250488281,0.01547760609537363,0.0006325192516669631,7.942793672555126e-06,0.0
912,1.0,1.0,1.0,1.0,1.0,1.0,1.0,0.0,0.9970968961715698,0.9957795143127441,0.9996894598007202,0.9970567226409912,0.995062530040741,0.9810776114463806,0.9972516894340515,0.007679061032831669,2.0
913,0.0,0.0,0.0,0.0,0.0,0.0,0.0,0.0,0.0001530460867797956,0.0025703900028020144,0.0024110509548336267,0.0004224885196890682,0.011632208712399006,0.0016732631484046578,0.0033936272375285625,3.946595097659156e-05,2.0
914,1.0,1.0,1.0,1.0,1.0,0.0,1.0,1.0,0.9999052286148071,0.9991440773010254,0.9959585070610046,0.9997925162315369,0.9949958324432373,0.612709641456604,0.8485128283500671,0.997787594795227,2.0
915,1.0,1.0,1.0,1.0,1.0,1.0,0.0,0.0,0.5509756803512573,0.9992958307266235,0.9999234676361084,0.9998327493667603,0.9996533393859863,0.9998487234115601,0.04397747293114662,0.0066224317997694016,3.0
916,0.0,0.0,0.0,0.0,0.0,0.0,0.0,0.0,0.004590102005749941,0.0005029161693528295,7.217672828119248e-05,0.0004720716970041394,0.002498791553080082,3.020221265614964e-05,0.0008509219624102116,3.0997914564068196e-06,3.0
917,0.0,0.0,0.0,0.0,0.0,0.0,0.0,0.0,0.00018225204257760197,1.749870352796279e-05,2.7716341719496995e-05,3.552225962266675e-06,0.00013904826482757926,3.081953400396742e-05,0.0002464465796947479,2.0005949409096502e-05,3.0
918,0.0,0.0,0.0,0.0,0.0,0.0,0.0,0.0,3.98695410694927e-05,6.716438656440005e-05,0.00028683958225883543,5.995969695504755e-05,0.0015101705212146044,0.0003603994846343994,0.006014618091285229,5.453463927551638e-06,4.0
919,1.0,1.0,1.0,1.0,1.0,1.0,0.0,1.0,0.9999469518661499,0.9998950958251953,0.9997145533561707,0.9992961883544922,0.9974779486656189,0.9997091889381409,0.9947723746299744,0.9541960954666138,2.0
920,1.0,1.0,1.0,1.0,1.0,1.0,0.0,1.0,0.999756395816803,0.9915596842765808,0.9966013431549072,0.997783362865448,0.9645634889602661,0.3254493176937103,0.6242296695709229,0.9905813932418823,1.0
921,0.0,0.0,0.0,0.0,0.0,0.0,0.0,0.0,2.4437864340143278e-05,4.27619852416683e-05,6.982174818404019e-05,7.779175575706176e-06,0.00016835615679156035,2.654622949194163e-05,0.0004552757600322366,3.424976512178546e-06,0.0
922,0.0,0.0,0.0,0.0,0.0,0.0,0.0,0.0,4.011350392829627e-05,0.0002250107063446194,0.0002817078202497214,8.889096534403507e-06,0.00015853777586016804,0.0001136384962592274,0.0003225647087674588,3.941023805964505e-06,2.0
923,0.0,0.0,0.0,0.0,0.0,0.0,0.0,0.0,0.19913236796855927,0.015552792698144913,0.02812931127846241,0.07945428788661957,0.2533910572528839,0.0003481451130937785,0.20262880623340607,3.980792098445818e-05,1.0
924,0.0,0.0,0.0,0.0,0.0,0.0,0.0,0.0,8.167050691554323e-05,4.354173506726511e-05,9.468004282098264e-05,5.542814960790565e-06,6.992229464231059e-05,3.3861932024592534e-05,0.0007835220312699676,1.670483106863685e-05,3.0
925,0.0,0.0,0.0,0.0,0.0,0.0,0.0,0.0,0.005740211810916662,0.0017615359975025058,0.0008620831067673862,1.731033444229979e-05,0.045222096145153046,0.005757977720350027,0.0038163119461387396,7.193207238742616e-06,4.0
926,1.0,1.0,1.0,1.0,1.0,1.0,0.0,0.0,0.999545156955719,0.906062662601471,0.5218512415885925,0.8698473572731018,0.8575966954231262,0.9803159832954407,0.8578829765319824,0.019690878689289093,3.0
927,1.0,1.0,1.0,1.0,1.0,1.0,0.0,0.0,0.32348716259002686,0.8053682446479797,0.47033756971359253,0.3012257516384125,0.8894460797309875,0.8864229917526245,0.1793663054704666,0.00012147017696406692,0.0
928,1.0,1.0,1.0,1.0,1.0,1.0,1.0,1.0,0.9998213648796082,0.9996598958969116,0.9997201561927795,0.999620795249939,0.9996446371078491,0.999786913394928,0.973010778427124,0.9988239407539368,3.0
929,1.0,1.0,1.0,1.0,1.0,1.0,1.0,0.0,0.97344571352005,0.9623187780380249,0.9849622249603271,0.20047840476036072,0.8921146988868713,0.9639936089515686,0.7314296960830688,0.03195023536682129,2.0
930,1.0,1.0,1.0,1.0,1.0,1.0,1.0,1.0,0.9926484227180481,0.9346200227737427,0.9982956051826477,0.8438201546669006,0.9993603825569153,0.9387485384941101,0.8870962858200073,0.5885809063911438,1.0
931,1.0,1.0,1.0,0.0,1.0,1.0,1.0,0.0,0.0005188974319025874,0.5777254104614258,0.11370372772216797,0.002285340568050742,0.9919949769973755,0.14256064593791962,0.0762486532330513,0.0003667292185127735,4.0
932,0.0,0.0,0.0,0.0,0.0,0.0,0.0,0.0,0.0001496773329563439,0.00024155524442903697,0.0003548545646481216,0.0005887293955311179,0.00015400421398226172,0.0001679244014667347,0.0026526518631726503,2.1835478037246503e-05,1.0
933,0.0,0.0,0.0,0.0,0.0,0.0,0.0,0.0,2.262537418573629e-05,3.087033474002965e-05,1.8815158910001628e-05,1.5375691873487085e-05,7.86293821875006e-05,1.7172695152112283e-05,0.002602556487545371,4.83199255540967e-05,4.0
934,0.0,0.0,0.0,0.0,0.0,0.0,0.0,0.0,4.2488216422498226e-05,7.02191682648845e-05,0.00015326835273299366,9.610737834009342e-06,0.00012024260649923235,3.658207060652785e-05,0.0009863662999123335,0.00015651932335458696,3.0
935,1.0,1.0,1.0,1.0,1.0,1.0,1.0,0.0,0.9983684420585632,0.9840877652168274,0.9923049807548523,0.9924349188804626,0.9994038343429565,0.9887604713439941,0.4231193959712982,0.010961386375129223,1.0
936,0.0,1.0,0.0,0.0,0.0,0.0,0.0,0.0,0.7816054821014404,0.8478145003318787,0.9735879302024841,0.10047660768032074,0.12402808666229248,0.030864298343658447,0.5396082401275635,0.013399618677794933,2.0
937,1.0,1.0,1.0,1.0,1.0,1.0,0.0,0.0,0.9979413151741028,0.9921736717224121,0.9667879343032837,0.9982842803001404,0.9974198341369629,0.904112696647644,0.003834089497104287,0.0027792409528046846,3.0
938,1.0,1.0,1.0,1.0,1.0,1.0,1.0,0.0,0.965958297252655,0.9538881778717041,0.8287003636360168,0.826744019985199,0.9958475828170776,0.9101178646087646,0.9875747561454773,0.00594585295766592,0.0
939,0.0,0.0,0.0,0.0,0.0,0.0,0.0,0.0,2.7548876460059546e-05,2.957242941192817e-05,0.0002440552052576095,3.210884824511595e-05,0.0007565900450572371,0.0007268739282153547,5.5610606068512425e-05,2.7742176825995557e-05,3.0
940,0.0,0.0,0.0,0.0,0.0,0.0,0.0,0.0,3.9475209632655606e-05,0.0005826381384395063,0.004668500740081072,4.982241443940438e-05,0.0006173465517349541,0.00017169870261568576,5.2637464250437915e-05,2.3160007913247682e-05,2.0
941,0.0,0.0,0.0,0.0,0.0,0.0,0.0,0.0,2.866022987291217e-05,3.0454590159934014e-05,2.437258262943942e-05,8.081196028797422e-06,0.0001230541820405051,7.056743197608739e-05,0.0003403446462471038,1.962886926776264e-05,3.0
942,0.0,0.0,0.0,0.0,0.0,0.0,0.0,0.0,4.257552973285783e-06,8.576334948884323e-06,1.692231853667181e-05,1.1590893336688168e-05,0.00047955065383575857,1.925750075315591e-05,7.255350737978006e-06,3.523802661220543e-06,4.0
943,0.0,0.0,0.0,0.0,0.0,0.0,0.0,0.0,1.784049345587846e-05,1.0203911188000347e-05,0.000144679332152009,6.79584218232776e-06,1.645085467316676e-05,3.881219163304195e-05,0.00012631573190446943,2.574546124378685e-05,3.0
944,1.0,1.0,1.0,1.0,1.0,1.0,1.0,1.0,0.9997193217277527,0.999442994594574,0.9997205138206482,0.9996041655540466,0.9993417859077454,0.9992455244064331,0.9946761131286621,0.7587174773216248,0.0
945,0.0,0.0,0.0,0.0,0.0,0.0,0.0,0.0,1.0650531294231769e-05,4.068223643116653e-05,5.515482189366594e-05,2.9445851396303624e-05,0.01491282694041729,1.1310479749226943e-05,0.0003150717238895595,3.6493740935839014e-06,3.0
946,1.0,1.0,1.0,1.0,1.0,1.0,1.0,1.0,0.9998194575309753,0.9960857629776001,0.999178946018219,0.9992221593856812,0.9996823072433472,0.9987127780914307,0.8798845410346985,0.4892022907733917,0.0
947,1.0,1.0,0.0,0.0,1.0,1.0,0.0,0.0,0.9719774723052979,0.9981456995010376,0.8847092390060425,0.5952315330505371,0.9977018237113953,0.8961436748504639,0.12234815210103989,0.002661268226802349,1.0
948,1.0,1.0,1.0,1.0,1.0,1.0,1.0,0.0,0.9997357726097107,0.9998992681503296,0.9999388456344604,0.9989894032478333,0.999847412109375,0.9999334812164307,0.9982913136482239,0.6306575536727905,3.0
949,1.0,1.0,1.0,1.0,1.0,1.0,1.0,0.0,0.998782217502594,0.9997114539146423,0.999922513961792,0.9994348883628845,0.9999465942382812,0.9998319149017334,0.9946040511131287,0.11044081300497055,2.0
950,0.0,0.0,0.0,0.0,0.0,0.0,0.0,0.0,0.07801932096481323,0.9921695590019226,0.9405125379562378,0.03496337682008743,0.9900055527687073,0.008323406800627708,0.021200014278292656,6.513397966045886e-05,2.0
951,1.0,1.0,1.0,1.0,1.0,1.0,1.0,1.0,0.9993041753768921,0.9990371465682983,0.9974465370178223,0.9954480528831482,0.9996376037597656,0.9997337460517883,0.9980789422988892,0.04014039412140846,1.0
952,0.0,1.0,1.0,0.0,1.0,1.0,0.0,0.0,0.14034324884414673,0.9742435216903687,0.7269492745399475,0.11072342842817307,0.9973174929618835,0.9001854658126831,0.031985316425561905,0.0023612957447767258,3.0
953,1.0,1.0,1.0,1.0,1.0,1.0,1.0,0.0,0.9973963499069214,0.9860935211181641,0.9997500777244568,0.9981666803359985,0.999342143535614,0.9972255229949951,0.07451818138360977,0.005058282054960728,0.0
954,1.0,1.0,1.0,1.0,1.0,1.0,1.0,0.0,0.9988178610801697,0.9984637498855591,0.9998624324798584,0.9986838698387146,0.9995145797729492,0.9990361928939819,0.9660907983779907,0.02013160102069378,1.0
955,0.0,0.0,0.0,0.0,0.0,0.0,0.0,0.0,1.9892713680746965e-05,0.0005846688291057944,0.00014113371435087174,0.00021555423154495656,0.0004749305371660739,0.00041082859388552606,0.0002623080799821764,7.3642445386212785e-06,4.0
956,1.0,1.0,1.0,1.0,1.0,1.0,1.0,1.0,0.9973159432411194,0.9974707365036011,0.9959290623664856,0.9882968068122864,0.9996098875999451,0.9877020716667175,0.8919703960418701,0.9960587024688721,2.0
957,0.0,0.0,1.0,0.0,0.0,0.0,0.0,0.0,0.0001546480052638799,0.002683049300685525,0.002033297438174486,0.00025874594575725496,0.4383573532104492,0.00010027586540672928,0.02090539038181305,0.000482212461065501,4.0
958,1.0,1.0,1.0,1.0,1.0,1.0,1.0,1.0,0.9998314380645752,0.9999465942382812,0.9999018907546997,0.9999344348907471,0.9997720122337341,0.9997275471687317,0.9997357726097107,0.9940916895866394,2.0
959,1.0,1.0,1.0,1.0,1.0,1.0,1.0,1.0,0.9998975992202759,0.9998576641082764,0.9997711777687073,0.9993394017219543,0.9999514818191528,0.9996954202651978,0.9695625901222229,0.9978200197219849,4.0
960,0.0,0.0,0.0,0.0,0.0,0.0,0.0,0.0,0.014918909408152103,0.0016618327936157584,0.0004322950553614646,6.663189560640603e-05,0.07575834542512894,0.00035586513695307076,0.046389345079660416,8.759234333410859e-06,3.0
961,1.0,1.0,1.0,1.0,1.0,1.0,1.0,1.0,0.9997053742408752,0.999907374382019,0.9986728429794312,0.9967612624168396,0.9989991784095764,0.9997783303260803,0.7745113968849182,0.9978880286216736,0.0
962,0.0,0.0,0.0,0.0,0.0,0.0,0.0,0.0,0.25030696392059326,0.006753834895789623,0.52628493309021,0.14630834758281708,0.3858307898044586,0.0044882334768772125,0.10577840358018875,0.00010484668018762022,3.0
963,1.0,1.0,1.0,1.0,1.0,1.0,1.0,1.0,0.9959371089935303,0.9993367791175842,0.9997009038925171,0.9997376799583435,0.9999172687530518,0.9969872832298279,0.999373733997345,0.9954665899276733,1.0
964,0.0,0.0,0.0,0.0,0.0,0.0,0.0,0.0,0.00013647275045514107,0.4537205994129181,0.14295335114002228,0.0005163170280866325,0.9831271171569824,0.29282230138778687,0.003919112030416727,3.258154902141541e-05,1.0
965,1.0,0.0,1.0,0.0,1.0,1.0,0.0,0.0,0.024982457980513573,0.07806790620088577,0.9511914849281311,0.0006877653067931533,0.9995355606079102,0.5890345573425293,0.23091758787631989,0.00014610729704145342,1.0
966,1.0,1.0,1.0,1.0,1.0,1.0,1.0,0.0,0.9971926808357239,0.997562050819397,0.9975148439407349,0.9928829669952393,0.998656153678894,0.993059515953064,0.9956152439117432,0.2630562484264374,1.0
967,0.0,0.0,0.0,0.0,0.0,0.0,0.0,0.0,1.071627684723353e-05,3.0789156880928203e-05,8.528328908141702e-05,1.0800520612974651e-05,8.570453064749017e-05,5.5616070312680677e-05,0.0004875828162766993,1.8682188738239347e-06,0.0
968,1.0,1.0,0.0,0.0,0.0,0.0,0.0,0.0,0.048428311944007874,0.9495687484741211,0.9968467354774475,0.7748031616210938,0.9578334093093872,0.04819304868578911,0.0097556347027421,0.0018615226726979017,4.0
969,0.0,0.0,0.0,0.0,0.0,0.0,0.0,0.0,0.11609149724245071,0.10247540473937988,0.011138860136270523,0.2513850927352905,0.9461745023727417,0.0007403835188597441,0.0016445763176307082,0.0001300707517657429,1.0
970,0.0,0.0,0.0,0.0,0.0,0.0,0.0,0.0,1.148514093074482e-05,0.0001516736374469474,5.399764631874859e-05,2.67351479124045e-05,0.0006594135193154216,1.3817683793604374e-05,3.4741828130790964e-05,3.273896436439827e-05,1.0
971,1.0,1.0,1.0,1.0,1.0,1.0,0.0,1.0,0.9989408850669861,0.9995928406715393,0.9978029131889343,0.9996781349182129,0.9991573095321655,0.9983738660812378,0.49764442443847656,0.8995342254638672,2.0
972,0.0,0.0,0.0,0.0,0.0,0.0,0.0,0.0,2.9737302611465566e-05,2.2897154849488288e-05,7.75141961639747e-06,5.9953986237815116e-06,0.0001184497814392671,1.5489575162064284e-05,0.00032543583074584603,1.9735200567083666e-06,0.0
973,0.0,0.0,0.0,0.0,0.0,0.0,0.0,0.0,2.653251249284949e-05,3.2684743928257376e-05,4.9813719670055434e-05,1.111600886360975e-05,0.000597574224229902,3.8553709600819275e-05,0.0010087206028401852,3.3042447284969967e-06,0.0
974,0.0,1.0,1.0,1.0,1.0,0.0,1.0,0.0,0.27979230880737305,0.18669338524341583,0.9535834789276123,0.7250047922134399,0.6256939172744751,0.028081810101866722,0.009702523238956928,0.000306492525851354,3.0
975,1.0,1.0,1.0,0.0,1.0,1.0,1.0,1.0,0.9377843141555786,0.9634244441986084,0.9961996674537659,0.5360777974128723,0.9921473860740662,0.40124183893203735,0.9867330193519592,0.028664356097579002,4.0
976,1.0,1.0,1.0,0.0,1.0,0.0,1.0,0.0,0.713796854019165,0.9275326132774353,0.3883141577243805,0.31345757842063904,0.9909346699714661,0.009814584627747536,0.9703118801116943,0.13069547712802887,3.0
977,0.0,0.0,0.0,0.0,0.0,0.0,0.0,0.0,0.00020908274746034294,3.653159365057945e-05,6.42867962596938e-05,1.0587804354145192e-05,0.0022859429009258747,5.8361736591905355e-05,0.0005761401262134314,1.1002653081959579e-05,0.0
978,1.0,1.0,1.0,0.0,1.0,1.0,0.0,0.0,0.8100322484970093,0.9849660396575928,0.9487143158912659,0.9848974347114563,0.9809474945068359,0.9994065761566162,0.9549779891967773,0.023870263248682022,4.0
979,0.0,0.0,1.0,0.0,0.0,0.0,0.0,0.0,0.19444936513900757,0.03956494480371475,0.10114084929227829,0.00032616325188428164,0.4905913770198822,0.002030962845310569,0.0015097118448466063,5.090764170745388e-05,0.0
980,0.0,0.0,0.0,0.0,0.0,0.0,0.0,0.0,3.850994471576996e-05,0.00012637765030376613,9.64487117016688e-05,2.9837894544471055e-05,0.0003658178320620209,0.00010903509974014014,0.00026100187096744776,3.693021653816686e-06,1.0
981,1.0,1.0,1.0,1.0,1.0,1.0,1.0,1.0,0.9992764592170715,0.9995607733726501,0.9964827299118042,0.9945070147514343,0.9993845224380493,0.9987860321998596,0.9995124340057373,0.9993082284927368,4.0
982,0.0,0.0,0.0,0.0,0.0,0.0,0.0,0.0,0.00014200604346115142,0.0014379032654687762,0.021759536117315292,9.080118616111577e-05,0.00013522930385079235,0.00012404330482240766,0.0025309103075414896,3.2255884434562176e-05,3.0
983,1.0,1.0,1.0,1.0,1.0,0.0,0.0,0.0,0.9991965889930725,0.9976046085357666,0.9974455833435059,0.9989205598831177,0.8930498361587524,0.18795575201511383,0.14532576501369476,0.2873285114765167,2.0
984,1.0,1.0,1.0,1.0,1.0,1.0,0.0,0.0,0.999453604221344,0.9998096823692322,0.9992764592170715,0.9995959401130676,0.9998615980148315,0.9993544220924377,0.9941328167915344,0.1281701773405075,0.0
985,1.0,1.0,1.0,1.0,1.0,1.0,0.0,0.0,0.9997561573982239,0.9987562894821167,0.9944816827774048,0.9908513426780701,0.9787003397941589,0.9874523282051086,0.22889339923858643,0.012326164171099663,4.0
986,1.0,1.0,1.0,1.0,1.0,1.0,1.0,1.0,0.9991858601570129,0.999873161315918,0.9998748302459717,0.9997350573539734,0.9996689558029175,0.9985424280166626,0.9989884495735168,0.9976409673690796,3.0
987,1.0,1.0,1.0,1.0,1.0,1.0,1.0,1.0,0.9997885823249817,0.999873161315918,0.9998748302459717,0.9997376799583435,0.9997325539588928,0.9992761015892029,0.998813271522522,0.9963356256484985,3.0
988,1.0,1.0,1.0,1.0,1.0,1.0,0.0,1.0,0.9645897746086121,0.9862335920333862,0.9806196689605713,0.9805373549461365,0.9675304293632507,0.8928539752960205,0.9257228374481201,0.9291332364082336,4.0
989,0.0,0.0,0.0,0.0,0.0,0.0,0.0,0.0,0.0006563221686519682,0.0073828622698783875,0.0012163404608145356,0.00017420962103642523,0.005545279011130333,0.00411191675812006,0.0005632599350064993,3.090871905442327e-05,0.0
990,1.0,0.0,1.0,1.0,1.0,0.0,0.0,0.0,0.19870954751968384,0.7888809442520142,0.9291067123413086,0.9179617762565613,0.889738917350769,0.1528804749250412,0.4804512560367584,0.002813150640577078,0.0
991,0.0,0.0,1.0,0.0,1.0,0.0,0.0,0.0,0.33843210339546204,0.03898189589381218,0.02950630895793438,0.010928974486887455,0.9366782903671265,0.021067526191473007,0.0007520574145019054,6.094204218243249e-05,4.0
992,1.0,1.0,1.0,1.0,1.0,1.0,1.0,0.0,0.5865271687507629,0.9890021085739136,0.9902814626693726,0.15348292887210846,0.9988570213317871,0.9716213941574097,0.8605354428291321,0.1494930535554886,3.0
993,1.0,1.0,1.0,1.0,1.0,1.0,1.0,0.0,0.9996541738510132,0.9995301961898804,0.999578058719635,0.9997636675834656,0.9998750686645508,0.9999363422393799,0.9632934331893921,0.939305305480957,0.0
994,1.0,1.0,1.0,1.0,1.0,1.0,1.0,0.0,0.9855254292488098,0.9993299245834351,0.9998570680618286,0.999921441078186,0.9995623230934143,0.9991232752799988,0.17219601571559906,0.0572487935423851,2.0
995,0.0,0.0,0.0,0.0,0.0,0.0,0.0,0.0,6.908611248945817e-05,0.0018637912580743432,0.00023773931025061756,6.906451017130166e-05,0.0023420536890625954,0.0002497046662028879,0.0005055727087892592,6.033737008692697e-06,1.0
996,0.0,0.0,0.0,0.0,0.0,0.0,0.0,0.0,0.00023930850147735327,2.6868132408708334e-05,0.00017692723486106843,0.00014821604418102652,0.0013927659019827843,0.00015623153012711555,0.17525234818458557,0.0026465770788490772,4.0
997,0.0,0.0,0.0,0.0,0.0,0.0,0.0,0.0,5.403978138929233e-05,2.0018125724163838e-05,2.6592142603476532e-05,7.428672688547522e-06,0.00047155003994703293,2.5715844458318315e-05,7.794123666826636e-05,2.3710959794698283e-05,3.0
998,1.0,1.0,1.0,1.0,1.0,1.0,1.0,0.0,0.9998120665550232,0.9999536275863647,0.9999256134033203,0.9994778037071228,0.9998546838760376,0.999957799911499,0.9995071887969971,0.2812703251838684,3.0
999,0.0,0.0,0.0,0.0,0.0,0.0,0.0,0.0,0.004196696449071169,0.00010128734720638022,0.0007523850072175264,2.042902633547783e-05,0.00025435106363147497,1.8177479432779364e-05,0.0009339284151792526,0.0003926400386262685,3.0
1000,0.0,0.0,0.0,0.0,0.0,0.0,0.0,0.0,0.0001610938779776916,6.954352284083143e-05,4.905436526314588e-06,2.9727195851592114e-06,0.00027330053853802383,6.706868589390069e-06,0.002864333800971508,3.7569850519503234e-06,2.0
1001,0.0,0.0,0.0,0.0,0.0,0.0,0.0,0.0,7.624870340805501e-05,5.402262104325928e-05,5.635474735754542e-05,5.754130324930884e-05,4.540847658063285e-05,1.884647826955188e-05,0.0002631329116411507,8.055403668549843e-06,3.0
1002,1.0,1.0,1.0,1.0,1.0,1.0,0.0,1.0,0.9997484087944031,0.9114083647727966,0.9612855315208435,0.998202919960022,0.9968867897987366,0.9688522815704346,0.63264399766922,0.4106847047805786,3.0
1003,0.0,1.0,0.0,0.0,0.0,0.0,1.0,0.0,0.9751157760620117,0.9869018197059631,0.9629051089286804,0.025394367054104805,0.8404144048690796,0.0050084469839930534,0.29699447751045227,0.4180828630924225,3.0
1004,1.0,1.0,1.0,1.0,1.0,1.0,0.0,0.0,0.9952665567398071,0.9976885318756104,0.9962748289108276,0.9972612857818604,0.9820432066917419,0.9713523983955383,0.18651632964611053,0.08927100151777267,4.0
1005,1.0,1.0,1.0,1.0,1.0,0.0,1.0,1.0,0.9984116554260254,0.9940605759620667,0.9978795051574707,0.9992578625679016,0.988203227519989,0.8860889673233032,0.9955334663391113,0.998084545135498,3.0
1006,1.0,1.0,1.0,1.0,1.0,1.0,0.0,1.0,0.9994805455207825,0.9977922439575195,0.9998181462287903,0.9996769428253174,0.9971292614936829,0.9999285936355591,0.5250913500785828,0.9873242378234863,3.0
1007,1.0,1.0,1.0,0.0,1.0,1.0,0.0,0.0,0.2356109619140625,0.9956476092338562,0.9934096932411194,0.15300136804580688,0.9851499795913696,0.972252368927002,0.7926381230354309,0.00297958473674953,1.0
1008,1.0,1.0,1.0,1.0,1.0,1.0,1.0,0.0,0.9945669174194336,0.9973526000976562,0.9654139280319214,0.07874299585819244,0.999468982219696,0.9983030557632446,0.9498465657234192,0.018800899386405945,1.0
1009,0.0,0.0,0.0,0.0,0.0,0.0,0.0,0.0,0.000562005618121475,0.00047701827134005725,0.002190610859543085,0.0007654436631128192,0.00021516860579140484,0.0008972397772595286,0.001404943410307169,0.0002875591744668782,1.0
1010,0.0,0.0,0.0,0.0,0.0,0.0,0.0,0.0,5.2738969316123985e-06,5.019630407332443e-05,5.683659401256591e-05,3.0486236937576905e-05,0.00017442138050682843,4.0584473026683554e-05,0.0013916322495788336,1.6136225895024836e-05,4.0
1011,1.0,1.0,1.0,1.0,1.0,1.0,1.0,1.0,0.9318951368331909,0.999586284160614,0.9992295503616333,0.9996963739395142,0.999305248260498,0.9994316697120667,0.9942012429237366,0.9265750050544739,1.0
1012,1.0,1.0,1.0,1.0,1.0,1.0,0.0,1.0,0.9981576800346375,0.9995391368865967,0.9997655749320984,0.9910778999328613,0.9994140863418579,0.9985353946685791,0.8149808645248413,0.7975550889968872,1.0
1013,0.0,0.0,0.0,0.0,0.0,0.0,0.0,0.0,2.966425563499797e-05,1.105323917727219e-05,1.1496988008730114e-05,5.5454534049204085e-06,0.0015416545793414116,1.1147145414724946e-05,0.0003345151199027896,2.1883049612370087e-06,0.0
1014,0.0,0.0,0.0,0.0,1.0,0.0,0.0,0.0,0.0007590993191115558,0.07074864208698273,0.44441768527030945,0.00048822304233908653,0.9856843948364258,0.5806773900985718,0.08955235034227371,4.938344864058308e-05,4.0
1015,0.0,0.0,0.0,0.0,0.0,0.0,0.0,0.0,1.7716656657285057e-05,0.00045123943709768355,1.0301963811798487e-05,4.806820652447641e-05,0.0012178545584902167,1.2703496395261027e-05,0.0001917678164318204,4.38107963418588e-06,3.0
1016,0.0,1.0,0.0,0.0,0.0,0.0,0.0,0.0,0.0038996669463813305,0.02597438171505928,0.0030219017062336206,0.00026730334502644837,0.045402877032756805,0.0001417710300302133,0.002235395833849907,0.0001514048781245947,4.0
1017,0.0,0.0,0.0,0.0,0.0,0.0,0.0,0.0,0.00017324124928563833,0.00036789156729355454,0.0003675960178952664,0.00011909726890735328,0.00015695243200752884,0.00012334257189650089,0.0010718849953263998,7.093583462847164e-06,2.0
1018,1.0,0.0,1.0,0.0,1.0,1.0,1.0,0.0,0.9933885335922241,0.3663426339626312,0.6948028802871704,0.8471716642379761,0.9138978719711304,0.9956387877464294,0.9993191957473755,0.35920220613479614,3.0
1019,1.0,1.0,1.0,1.0,1.0,1.0,1.0,1.0,0.9990253448486328,0.9994679093360901,0.9995276927947998,0.9997422099113464,0.9935342073440552,0.9997091889381409,0.9856805801391602,0.9658554196357727,0.0
1020,0.0,0.0,0.0,0.0,0.0,0.0,1.0,0.0,0.00014563048898708075,0.0007614868809469044,0.0008934596553444862,0.00020718201994895935,0.003939427901059389,0.00026733442791737616,0.0030260449275374413,0.00011834330507554114,2.0
1021,1.0,1.0,1.0,1.0,1.0,1.0,1.0,1.0,0.9842454791069031,0.9997560381889343,0.9996552467346191,0.9973533153533936,0.9998315572738647,0.9931038022041321,0.6544879078865051,0.9244722723960876,3.0
1022,1.0,1.0,1.0,1.0,1.0,0.0,1.0,0.0,0.0021343985572457314,0.9860218167304993,0.5481876730918884,0.004872401710599661,0.9978079199790955,0.9154331088066101,0.8779680132865906,0.12000184506177902,2.0
1023,1.0,1.0,1.0,1.0,1.0,1.0,1.0,0.0,0.9995331764221191,0.997285008430481,0.9989206790924072,0.9889821410179138,0.9966732263565063,0.9278143644332886,0.999281108379364,0.9921184778213501,0.0
1024,0.0,1.0,1.0,0.0,1.0,1.0,1.0,0.0,0.014610938727855682,0.7538435459136963,0.3946279287338257,0.0003578765026759356,0.9924160242080688,0.07990085333585739,0.04830456152558327,0.0004237275861669332,2.0
1025,1.0,1.0,1.0,1.0,1.0,1.0,0.0,0.0,0.997994065284729,0.9996337890625,0.9999178647994995,0.9998301267623901,0.9995397329330444,0.9993146657943726,0.7339589595794678,0.12119850516319275,1.0
