,True_FPV,True_ATV,True_IDV,True_LPV,True_NFV,True_SQV,True_TPV,True_DRV,Pred_Proba_FPV,Pred_Proba_ATV,Pred_Proba_IDV,Pred_Proba_LPV,Pred_Proba_NFV,Pred_Proba_SQV,Pred_Proba_TPV,Pred_Proba_DRV,kFolds
0,0.0,0.0,0.0,0.0,0.0,0.0,0.0,0.0,0.00010165601270273328,0.0002533983497414738,0.0005155268008820713,2.486124139977619e-05,8.999038982437924e-05,0.00016891234554350376,0.00021380005637183785,8.660307685204316e-06,1.0
1,1.0,1.0,1.0,1.0,1.0,1.0,1.0,0.0,0.3062081038951874,0.9955542683601379,0.9989593029022217,0.9973202347755432,0.999298095703125,0.9991394281387329,0.22340543568134308,9.378604590892792e-05,4.0
2,1.0,1.0,1.0,1.0,1.0,1.0,1.0,0.0,0.9938989877700806,0.9980454444885254,0.9998905658721924,0.9987484216690063,0.9996980428695679,0.9757376909255981,0.999891996383667,0.9989346861839294,0.0
3,0.0,0.0,0.0,0.0,0.0,0.0,0.0,0.0,0.00012639272608794272,0.09275101125240326,0.0010137743083760142,0.00011006542627001181,0.030721452087163925,3.186299363733269e-05,0.0012554354034364223,1.8646322132553905e-05,0.0
4,0.0,0.0,0.0,0.0,0.0,0.0,0.0,0.0,1.5919333236524835e-05,0.0010479061165824533,0.00020425417460501194,0.00018731421732809395,0.0014699348248541355,4.28609928349033e-05,0.0023890258744359016,1.0597461368888617e-05,4.0
5,0.0,0.0,0.0,0.0,0.0,0.0,0.0,0.0,0.0004167454899288714,0.004500372335314751,0.021345846354961395,0.00014865976118016988,0.006730689667165279,0.003538777120411396,0.0007844133069738746,1.4940902474336326e-05,1.0
6,0.0,0.0,0.0,0.0,0.0,0.0,0.0,0.0,3.712098259711638e-05,0.0001207313544000499,0.0009372396161779761,3.563313657650724e-05,0.0001939975336426869,0.0001405907969456166,0.002022347878664732,2.6788946343003772e-05,1.0
7,1.0,1.0,1.0,1.0,1.0,0.0,1.0,0.0,0.9975855350494385,0.9923273921012878,0.9988393187522888,0.9690660834312439,0.99576735496521,0.057023558765649796,0.12252470850944519,0.20934972167015076,1.0
8,0.0,0.0,0.0,0.0,0.0,0.0,0.0,0.0,3.0569848604500294e-05,0.00013890091213397682,0.00045076373498886824,4.620408435584977e-05,0.004746981430798769,0.0004811132967006415,0.0023531524930149317,4.464170160645153e-06,3.0
9,1.0,1.0,1.0,1.0,1.0,1.0,1.0,0.0,0.9887574315071106,0.9998301267623901,0.9994192123413086,0.8961816430091858,0.9998431205749512,0.9839941263198853,0.13541343808174133,0.11796051263809204,1.0
10,1.0,1.0,1.0,1.0,1.0,1.0,1.0,1.0,0.9999454021453857,0.9997500777244568,0.9998749494552612,0.9999598264694214,0.9995664954185486,0.9847379922866821,0.9867891669273376,0.9868981838226318,0.0
11,1.0,1.0,1.0,1.0,1.0,1.0,1.0,1.0,0.9998239874839783,0.9994545578956604,0.9998475313186646,0.9990437626838684,0.9999608993530273,0.9935314059257507,0.9999004602432251,0.8902366161346436,2.0
12,0.0,0.0,0.0,0.0,0.0,0.0,0.0,0.0,9.31017057155259e-05,0.0009284379775635898,0.00014364725211635232,4.453686051419936e-05,0.0011366161052137613,0.0003916997811757028,0.0012344839051365852,4.383883606351446e-06,2.0
13,0.0,0.0,0.0,0.0,0.0,0.0,0.0,0.0,0.009227204136550426,0.00011196077684871852,0.00016840704483911395,0.0004044201923534274,0.0007946198456920683,0.00017898512305691838,0.005328534170985222,0.00011439040099503472,4.0
14,1.0,1.0,1.0,1.0,1.0,1.0,1.0,1.0,0.926463782787323,0.99978107213974,0.9974147081375122,0.9987596273422241,0.999789297580719,0.9905575513839722,0.9514650702476501,0.9788931012153625,4.0
15,0.0,0.0,0.0,0.0,0.0,0.0,0.0,0.0,1.5853445802349597e-05,9.023310667544138e-06,1.7080465113394894e-05,8.801439980743453e-05,0.0001303671597270295,1.6566522390348837e-05,0.00014462540275417268,5.14247994942707e-06,2.0
16,0.0,0.0,0.0,0.0,0.0,0.0,0.0,0.0,2.3121541744330898e-05,0.0038749382365494967,0.0031803168822079897,0.0001523646351415664,0.0005063776043243706,5.7870547607308254e-05,0.0009252782328985631,6.210798801475903e-06,3.0
17,0.0,1.0,0.0,0.0,1.0,1.0,0.0,0.0,0.18094727396965027,0.9809818267822266,0.40838927030563354,0.0018809374887496233,0.9939476251602173,0.9746400713920593,0.0062834350392222404,5.448234878713265e-05,3.0
18,1.0,1.0,0.0,0.0,1.0,1.0,0.0,0.0,0.04106798395514488,0.9878755211830139,0.08248726278543472,0.0012562936171889305,0.9563780426979065,0.9953756332397461,0.09658446162939072,0.0007968867430463433,2.0
19,1.0,1.0,1.0,1.0,1.0,1.0,1.0,1.0,0.9994857311248779,0.9988909363746643,0.9996554851531982,0.9978141784667969,0.9999212026596069,0.9985002279281616,0.9983910322189331,0.8126358985900879,2.0
20,0.0,0.0,0.0,0.0,0.0,0.0,0.0,0.0,4.381722646940034e-06,6.272843893384561e-05,7.241278217406943e-05,7.779421139275655e-05,0.010241479612886906,4.503497257246636e-05,7.310452201636508e-05,1.2992549272894394e-05,4.0
21,1.0,1.0,1.0,1.0,1.0,1.0,1.0,0.0,0.9999268054962158,0.9978675842285156,0.9998788833618164,0.9943720102310181,0.9977783560752869,0.987627387046814,0.7668101787567139,0.48161256313323975,4.0
22,0.0,0.0,0.0,0.0,0.0,0.0,0.0,0.0,4.865204755333252e-05,7.429816469084471e-05,0.002805266994982958,4.855276711168699e-05,0.0033568257931619883,3.440211730776355e-05,0.00018627726240083575,1.7496300642960705e-05,2.0
23,0.0,1.0,1.0,1.0,1.0,1.0,0.0,0.0,0.9550134539604187,0.999091386795044,0.9998602867126465,0.9998106360435486,0.9997982382774353,0.9986850619316101,0.9481395483016968,0.037356238812208176,0.0
24,1.0,1.0,1.0,1.0,1.0,1.0,0.0,0.0,0.9802967309951782,0.9566649794578552,0.954701840877533,0.9575250744819641,0.9971267580986023,0.4504597783088684,0.05229999125003815,0.000885224377270788,2.0
25,0.0,1.0,1.0,0.0,1.0,0.0,1.0,0.0,0.9658204317092896,0.9971578121185303,0.9963919520378113,0.9935613870620728,0.9901884198188782,0.024052070453763008,0.6047239303588867,0.003111436264589429,0.0
26,1.0,1.0,1.0,1.0,1.0,1.0,1.0,1.0,0.999904990196228,0.9999203681945801,0.999692440032959,0.9995267391204834,0.9996206760406494,0.9996539354324341,0.9997065663337708,0.9998676776885986,3.0
27,1.0,1.0,1.0,0.0,1.0,0.0,1.0,0.0,0.6824353933334351,0.9312602281570435,0.9936745166778564,0.9922296404838562,0.998458981513977,0.7355679273605347,0.998978853225708,0.5830386877059937,4.0
28,0.0,0.0,0.0,0.0,0.0,0.0,0.0,0.0,0.0008154973038472235,0.00038735187263228,0.0004571633762679994,6.800706614740193e-05,0.00028576221666298807,0.00019611736934166402,0.023393763229250908,7.375954737653956e-06,1.0
29,0.0,0.0,0.0,0.0,0.0,0.0,0.0,0.0,8.810131112113595e-05,0.0002700375043787062,8.15434250398539e-05,1.648248144192621e-05,0.0024372206535190344,7.387836376437917e-05,0.006956492085009813,2.5732838366820943e-06,1.0
30,0.0,0.0,0.0,0.0,0.0,0.0,0.0,0.0,0.00013815182319376618,4.278364576748572e-05,0.001963650109246373,1.6485200831084512e-05,0.0005281883059069514,4.9895301344804466e-05,0.00023689305817242712,1.9175162378815003e-05,0.0
31,0.0,0.0,0.0,0.0,0.0,0.0,0.0,0.0,0.00013492006110027432,8.908126619644463e-05,0.0005302883801050484,7.71068298490718e-05,0.004170083906501532,4.1632138163549826e-05,0.0002401381789240986,1.286805490963161e-05,0.0
32,0.0,0.0,0.0,0.0,0.0,0.0,0.0,0.0,5.33518468728289e-05,0.0011532974895089865,0.0004837543237954378,2.594240868347697e-05,0.0010469924891367555,0.0004885297967121005,4.965886182617396e-05,4.032385731989052e-06,4.0
33,1.0,1.0,1.0,1.0,1.0,1.0,0.0,0.0,0.5093414187431335,0.983667254447937,0.9997740387916565,0.9993866682052612,0.9994128942489624,0.9981048107147217,0.0004088041023351252,0.0005809222348034382,1.0
34,0.0,1.0,1.0,0.0,1.0,1.0,1.0,0.0,0.9765545129776001,0.9876575469970703,0.9905058741569519,0.8845678567886353,0.9997164607048035,0.9922709465026855,0.5104538798332214,0.08485626429319382,4.0
35,0.0,1.0,1.0,0.0,1.0,1.0,0.0,0.0,0.04424085095524788,0.9913289546966553,0.985371470451355,0.018647154793143272,0.9993211030960083,0.9913175106048584,0.0002693242859095335,1.8158592865802348e-05,4.0
36,1.0,1.0,1.0,1.0,1.0,1.0,1.0,1.0,0.9990590214729309,0.9928215146064758,0.9982147216796875,0.9924679398536682,0.9994248151779175,0.043663326650857925,0.9972929358482361,0.9796770215034485,3.0
37,0.0,1.0,1.0,0.0,1.0,0.0,1.0,0.0,0.001785527216270566,0.15720117092132568,0.0006431658985093236,0.0002087946777464822,0.6284655332565308,0.002316981554031372,0.003560106037184596,3.147965981042944e-05,3.0
38,0.0,0.0,0.0,0.0,0.0,0.0,0.0,0.0,0.0011585965985432267,0.0012649158015847206,4.492092193686403e-05,6.240369111765176e-05,0.009611939080059528,6.049100193195045e-05,0.0009060052689164877,1.8440689473209204e-06,2.0
39,0.0,0.0,0.0,0.0,0.0,0.0,0.0,0.0,2.3276097635971382e-05,1.0707970432122238e-05,4.5230979594634846e-05,1.051777053362457e-05,0.0003371801576577127,3.915353590855375e-05,0.0001724924222799018,2.6342522687627934e-06,0.0
40,0.0,0.0,0.0,0.0,0.0,0.0,0.0,0.0,3.68788346349902e-06,0.0032977107912302017,0.0005216999561525881,0.00011007371358573437,0.005160514265298843,0.0003979197354055941,0.0004009815165773034,7.457655101461569e-06,4.0
41,1.0,1.0,1.0,0.0,1.0,1.0,0.0,0.0,0.9981086254119873,0.9980691075325012,0.9991888403892517,0.9274150133132935,0.9996540546417236,0.9998301267623901,0.24459543824195862,0.012758275493979454,2.0
42,1.0,1.0,1.0,1.0,1.0,1.0,1.0,1.0,0.9988968372344971,0.9998635053634644,0.9999328851699829,0.9997562766075134,0.999671459197998,0.9986300468444824,0.9797184467315674,0.9959284663200378,2.0
43,0.0,0.0,0.0,0.0,0.0,0.0,0.0,0.0,2.810847945511341e-05,3.16035257128533e-05,0.00011424051626818255,5.00370588270016e-05,0.0001574955676915124,4.3898082367377356e-05,0.00044411650742404163,7.798606930009555e-06,1.0
44,0.0,0.0,0.0,0.0,0.0,0.0,0.0,0.0,4.9092988774646074e-05,7.994409315870143e-06,5.17026364832418e-06,6.578684406122193e-06,0.00013797856809105724,8.305522351292893e-05,0.00028292686329223216,6.665867658739444e-06,0.0
45,1.0,1.0,1.0,1.0,1.0,1.0,1.0,0.0,0.9985001087188721,0.9996362924575806,0.9999294281005859,0.9997870326042175,0.9991642236709595,0.9997865557670593,0.9455538988113403,0.7499040961265564,3.0
46,1.0,1.0,1.0,1.0,1.0,1.0,0.0,0.0,0.9959778189659119,0.9995587468147278,0.9998040795326233,0.9998730421066284,0.9995930790901184,0.9976907968521118,0.014588342979550362,0.022963806986808777,2.0
47,1.0,1.0,1.0,1.0,1.0,1.0,1.0,1.0,0.991985559463501,0.9643850922584534,0.9985059499740601,0.9979026317596436,0.9989153146743774,0.9496102333068848,0.9955589771270752,0.8911941051483154,4.0
48,1.0,1.0,0.0,0.0,1.0,1.0,0.0,0.0,0.9990158081054688,0.9997363686561584,0.9796452522277832,0.8792086243629456,0.9998770952224731,0.9996069073677063,0.06276556104421616,0.14628569781780243,3.0
49,0.0,0.0,0.0,0.0,0.0,0.0,0.0,0.0,3.9725589886074886e-05,0.0007143006077967584,0.0005731001729145646,0.0001130731834564358,0.006892848759889603,0.0001573942427057773,0.00018623197684064507,1.5058099052112084e-05,1.0
50,0.0,0.0,0.0,0.0,0.0,0.0,0.0,0.0,7.616397488163784e-05,0.00018114378326572478,0.0003790848422795534,2.2800322767579928e-05,0.0001535418996354565,0.0001379110908601433,0.00019016694568563253,5.5960168538149446e-05,2.0
51,1.0,1.0,1.0,1.0,1.0,1.0,1.0,1.0,0.9983851909637451,0.9983125925064087,0.8270548582077026,0.9977533221244812,0.999638557434082,0.3879587948322296,0.988950788974762,0.996892511844635,2.0
52,0.0,1.0,0.0,0.0,0.0,0.0,1.0,0.0,0.017754526808857918,0.1440977156162262,0.005244463216513395,0.0008624314214102924,0.002115757903084159,0.060039859265089035,0.2790355682373047,0.00023947648878674954,4.0
53,1.0,1.0,1.0,1.0,1.0,1.0,1.0,0.0,0.9966793060302734,0.9998528957366943,0.9998666048049927,0.9993576407432556,0.9999634027481079,0.9993284940719604,0.9981628060340881,0.6481487154960632,3.0
54,0.0,0.0,0.0,0.0,1.0,0.0,0.0,0.0,0.005715366918593645,0.14854823052883148,0.0006444667233154178,4.994090340915136e-05,0.004704760387539864,0.0006026317714713514,0.0020733135752379894,1.456192239857046e-05,0.0
55,0.0,0.0,0.0,0.0,0.0,0.0,0.0,0.0,0.00032019722857512534,7.758603169349954e-05,0.0001467066176701337,2.2731652279617265e-05,0.0029949680902063847,9.3279973953031e-05,0.0008314465521834791,3.327188778712298e-06,0.0
56,0.0,0.0,0.0,0.0,0.0,0.0,0.0,0.0,4.211427949485369e-06,0.00017964252037927508,8.131660433718935e-05,8.084635192062706e-05,0.00038705268525518477,0.00023701394093222916,0.0010508877458050847,7.322590136027429e-06,2.0
57,1.0,1.0,1.0,1.0,1.0,1.0,1.0,1.0,0.9733125567436218,0.9988177418708801,0.9993177652359009,0.9888724684715271,0.9997842907905579,0.9890843033790588,0.9958454966545105,0.760979413986206,2.0
58,1.0,1.0,1.0,1.0,1.0,1.0,0.0,1.0,0.9999516010284424,0.9961883425712585,0.9997720122337341,0.9987947940826416,0.9999771118164062,0.999135434627533,0.21933864057064056,0.9980146884918213,4.0
59,1.0,1.0,1.0,1.0,1.0,1.0,1.0,1.0,0.9996080994606018,0.9998722076416016,0.9997588992118835,0.9990994930267334,0.9999457597732544,0.9998113512992859,0.997246265411377,0.9988837838172913,0.0
60,1.0,1.0,1.0,1.0,1.0,1.0,0.0,1.0,0.9985272884368896,0.9596145749092102,0.9696353077888489,0.9990284442901611,0.9991289973258972,0.30944162607192993,0.5541188716888428,0.9905912280082703,0.0
61,1.0,1.0,1.0,1.0,1.0,1.0,1.0,0.0,0.9940468072891235,0.9998313188552856,0.9980145692825317,0.9996715784072876,0.9997782111167908,0.9997155070304871,0.9981505274772644,0.5152631998062134,2.0
62,0.0,0.0,1.0,0.0,1.0,0.0,0.0,0.0,0.030509958043694496,0.3898470997810364,0.013074425980448723,0.0017990934429690242,0.033982302993535995,0.0008683892083354294,0.0004349009250290692,6.435721297748387e-05,4.0
63,1.0,1.0,1.0,1.0,1.0,0.0,0.0,0.0,0.9994556307792664,0.548423171043396,0.9985255599021912,0.9877312779426575,0.9981104135513306,0.9319442510604858,0.01930084265768528,0.08186765760183334,0.0
64,0.0,0.0,0.0,0.0,0.0,0.0,0.0,0.0,1.8050459402729757e-05,0.00021486498008016497,0.00024743450921960175,0.0005795067991130054,0.0007903018849901855,2.167733691749163e-05,0.0018523522885516286,5.728748146793805e-05,4.0
65,0.0,0.0,0.0,0.0,0.0,0.0,0.0,0.0,0.0012659667991101742,0.0005562836886383593,0.00025307986652478576,0.00024421836133114994,0.0002992697700392455,0.0016485967207700014,0.016807451844215393,0.00010041950008599088,1.0
66,1.0,0.0,0.0,0.0,0.0,0.0,1.0,0.0,0.5615367889404297,0.7284746170043945,0.1771899163722992,0.00027814312488771975,0.4640772342681885,0.3177454471588135,0.8675046563148499,0.0014770030975341797,0.0
67,1.0,0.0,1.0,1.0,1.0,0.0,0.0,1.0,0.9861639142036438,0.27239149808883667,0.9978673458099365,0.9885454773902893,0.847644031047821,0.7362872362136841,0.391027569770813,0.16376227140426636,0.0
68,0.0,0.0,0.0,0.0,0.0,0.0,0.0,0.0,0.00012061052257195115,0.0006122321356087923,0.00011755612649722025,6.307262083282694e-05,0.0004484639212023467,0.0001137655635830015,0.005249963607639074,5.267227152216947e-06,2.0
69,0.0,0.0,0.0,0.0,0.0,0.0,0.0,0.0,0.0008418934885412455,3.0078446798142977e-05,0.0012446067994460464,7.540487422375008e-05,0.0023578025866299868,0.0007587362197227776,0.0042354348115623,1.6317060726578347e-05,1.0
70,1.0,1.0,0.0,0.0,1.0,0.0,0.0,0.0,0.8832417726516724,0.9920480847358704,0.9994887113571167,0.10065161436796188,0.9998660087585449,0.7036630511283875,0.23340080678462982,0.040985144674777985,0.0
71,1.0,1.0,1.0,1.0,1.0,1.0,0.0,0.0,0.8990514874458313,0.9998051524162292,0.9998811483383179,0.9993815422058105,0.9985916018486023,0.9991182684898376,0.710715115070343,0.7801660895347595,1.0
72,1.0,0.0,1.0,1.0,1.0,0.0,0.0,0.0,0.9998250603675842,0.6790056228637695,0.9977827668190002,0.9988658428192139,0.9996210336685181,0.8077734112739563,0.31710273027420044,0.40020573139190674,0.0
73,1.0,1.0,1.0,1.0,1.0,1.0,0.0,1.0,0.9999510049819946,0.9999803304672241,0.9986429810523987,0.999870777130127,0.9999642372131348,0.9986415505409241,0.9991425275802612,0.978061318397522,2.0
74,0.0,0.0,0.0,0.0,0.0,0.0,0.0,0.0,0.00021375645883381367,0.014202076010406017,0.0011272227857261896,3.4800355933839455e-05,0.03443378210067749,0.002393627306446433,0.00044298169086687267,1.834317299653776e-05,2.0
75,1.0,1.0,1.0,0.0,1.0,1.0,0.0,0.0,0.9748902320861816,0.025507908314466476,0.5985073447227478,0.07962357252836227,0.9855735898017883,0.17789877951145172,0.11476395279169083,0.07252980768680573,2.0
76,0.0,0.0,0.0,0.0,0.0,0.0,0.0,0.0,6.919094448676333e-05,9.811297059059143e-05,9.833160220296122e-06,1.637989225855563e-05,0.00011687732330756262,6.157792086014524e-05,0.0014302819035947323,2.107562977471389e-05,0.0
77,1.0,0.0,0.0,0.0,0.0,0.0,0.0,0.0,0.0030408650636672974,0.0038376408629119396,0.0005302206263877451,0.00018909563368652016,0.1772659868001938,0.0004232484207022935,0.0006201607175171375,0.0005222414620220661,1.0
78,0.0,1.0,1.0,1.0,1.0,1.0,1.0,0.0,0.980659544467926,0.9995428323745728,0.9995644688606262,0.9996463060379028,0.9998366832733154,0.9996728897094727,0.956464409828186,0.0366852767765522,1.0
79,0.0,0.0,0.0,0.0,0.0,0.0,0.0,0.0,2.1565703718806617e-05,0.002085796557366848,0.00011167416960233822,8.270069520222023e-05,0.0009640482603572309,0.0005640117451548576,0.00012963070184923708,5.572442023549229e-05,1.0
80,1.0,1.0,1.0,1.0,1.0,1.0,1.0,0.0,0.9958668947219849,0.9997302889823914,0.9800812005996704,0.5199838280677795,0.9976648092269897,0.38597655296325684,0.32355406880378723,0.022156937047839165,4.0
81,0.0,0.0,0.0,0.0,0.0,0.0,0.0,0.0,0.00040527465171180665,0.17598240077495575,0.0005670250975526869,0.0003331796615384519,0.0017394637688994408,5.247782974038273e-05,0.0008151080692186952,3.463524262770079e-05,1.0
82,0.0,0.0,1.0,0.0,0.0,0.0,0.0,0.0,0.04350145533680916,0.966609001159668,0.998938262462616,0.9970120191574097,0.9988396763801575,0.7392611503601074,0.016538914293050766,0.00013642174599226564,1.0
83,0.0,0.0,0.0,0.0,0.0,0.0,0.0,0.0,6.099587699281983e-05,1.4008881407789886e-05,6.294091872405261e-05,6.064411354600452e-05,0.0001463677763240412,6.311907054623589e-05,0.00026708756922744215,9.773830242920667e-06,2.0
84,1.0,1.0,1.0,0.0,1.0,1.0,0.0,1.0,0.9922337532043457,0.9989200830459595,0.9725958108901978,0.967369794845581,0.9998970031738281,0.9979860782623291,0.8389748930931091,0.04223676770925522,1.0
85,0.0,0.0,0.0,0.0,0.0,0.0,0.0,0.0,9.13982239580946e-06,1.6142828826559708e-05,3.950857717427425e-05,8.275094296550378e-05,0.0014934123028069735,0.00010232960630673915,8.367306145373732e-05,1.4297469533630647e-05,4.0
86,1.0,1.0,1.0,1.0,1.0,1.0,1.0,1.0,0.9985015392303467,0.9996151924133301,0.9991714954376221,0.9997503161430359,0.9999303817749023,0.9997208714485168,0.999948263168335,0.24263297021389008,0.0
87,1.0,1.0,1.0,1.0,1.0,1.0,1.0,0.0,0.9983512163162231,0.9997174143791199,0.9998226761817932,0.9918870329856873,0.9996410608291626,0.9983415603637695,0.7953799366950989,0.0693369209766388,4.0
88,0.0,0.0,0.0,0.0,0.0,0.0,0.0,0.0,4.3562002247199416e-05,0.0017810803838074207,6.488087092293426e-05,2.8149550416856073e-05,0.0007101212977431715,0.00012004200834780931,0.0003469954535830766,2.613637661852408e-06,0.0
89,1.0,1.0,1.0,1.0,1.0,1.0,1.0,1.0,0.9812431931495667,0.9998065829277039,0.9998138546943665,0.9883665442466736,0.9992056488990784,0.9997240900993347,0.9952530860900879,0.9506978392601013,2.0
90,1.0,1.0,1.0,0.0,1.0,1.0,1.0,0.0,0.9142223596572876,0.48105764389038086,0.9910248517990112,0.3208179175853729,0.9966913461685181,0.5282409191131592,0.8370744585990906,0.14387904107570648,1.0
91,0.0,1.0,1.0,0.0,1.0,1.0,0.0,0.0,0.1974330097436905,0.9842601418495178,0.9965272545814514,0.015632109716534615,0.9999293088912964,0.9973257780075073,0.0034645753912627697,0.0001797131117200479,4.0
92,0.0,0.0,0.0,0.0,0.0,0.0,0.0,0.0,5.8349553000880405e-05,8.975489436124917e-06,3.6867219023406506e-05,1.2618590517377015e-05,0.0004832846170756966,2.7575477361097e-05,0.0002288404939463362,3.827020464086672e-06,0.0
93,0.0,0.0,0.0,0.0,0.0,0.0,0.0,0.0,4.450141204870306e-05,0.00018085900228470564,0.00021829949400853366,0.00013215647777542472,0.0002979840210173279,0.0001776141725713387,2.2212856492842548e-05,1.0650266631273553e-05,2.0
94,1.0,1.0,1.0,1.0,1.0,1.0,1.0,0.0,0.9971262812614441,0.9993792772293091,0.9999586343765259,0.9997226595878601,0.9996253252029419,0.9992320537567139,0.14565524458885193,0.00603141775354743,1.0
95,0.0,0.0,0.0,0.0,0.0,0.0,0.0,0.0,0.00014579234994016588,0.002167393919080496,0.000747423677239567,3.083511546719819e-05,0.0004017555620521307,0.000293381221126765,2.4821416445774958e-05,3.2144657780008856e-06,4.0
96,1.0,1.0,1.0,1.0,1.0,1.0,1.0,1.0,0.9978534579277039,0.9962449669837952,0.9994745850563049,0.9821787476539612,0.999817430973053,0.9987442493438721,0.9858909845352173,0.9929066896438599,0.0
97,0.0,0.0,0.0,0.0,0.0,0.0,0.0,0.0,3.602229116950184e-05,0.009063838981091976,0.0006610079435631633,4.70883896923624e-05,0.0012511422391980886,0.0003102402843069285,0.00032149782055057585,6.816756012995029e-06,1.0
98,0.0,1.0,1.0,0.0,1.0,1.0,0.0,0.0,0.00014095941151026636,0.26397183537483215,0.003606943180784583,0.00017181744624394923,0.4287296235561371,0.003451335011050105,0.0001632072526263073,1.212198731082026e-05,4.0
99,1.0,1.0,1.0,1.0,1.0,1.0,1.0,1.0,0.9989914298057556,0.9994945526123047,0.9996507167816162,0.9992226362228394,0.9999151229858398,0.9998410940170288,0.9991819262504578,0.796049177646637,4.0
100,1.0,1.0,1.0,1.0,1.0,1.0,1.0,1.0,0.9809767603874207,0.9998644590377808,0.9998007416725159,0.9998947381973267,0.999893307685852,0.9953367114067078,0.9966641068458557,0.9739187955856323,0.0
101,1.0,1.0,1.0,1.0,1.0,1.0,1.0,0.0,0.9955130219459534,0.9897392392158508,0.9989226460456848,0.9984571933746338,0.998873770236969,0.9995657801628113,0.3828687369823456,0.008508989587426186,0.0
102,1.0,1.0,1.0,1.0,1.0,1.0,1.0,1.0,0.9997792840003967,0.9999500513076782,0.9999301433563232,0.9993017911911011,0.9997919201850891,0.9983660578727722,0.991496741771698,0.7821488380432129,2.0
103,0.0,0.0,0.0,0.0,0.0,0.0,0.0,0.0,2.0853945898124948e-05,3.640944487415254e-05,0.0015425714664161205,4.546792843029834e-05,0.0001463566004531458,9.655480971559882e-05,0.002129754051566124,9.883731763693504e-06,3.0
104,0.0,0.0,0.0,0.0,0.0,0.0,0.0,0.0,3.637713598436676e-05,7.388950507447589e-06,1.982268258871045e-05,3.3969896321650594e-05,0.001192371011711657,8.494871872244403e-05,8.925379370339215e-05,2.711433580770972e-06,2.0
105,0.0,0.0,0.0,0.0,0.0,0.0,0.0,0.0,0.0001489628484705463,0.0006552936974912882,0.0006779332761652768,8.314223669003695e-05,0.00030444489675574005,0.0005469793104566634,0.0004555242776405066,3.2730329166952288e-06,4.0
106,0.0,0.0,0.0,0.0,0.0,0.0,0.0,0.0,3.517263394314796e-05,3.06742440443486e-05,4.795703353011049e-05,2.5002660549944267e-05,0.0010455716401338577,4.1267889173468575e-05,0.0027626636438071728,4.525152235146379e-06,0.0
107,0.0,1.0,0.0,0.0,0.0,0.0,0.0,0.0,0.0006447951309382915,0.00311211496591568,4.5946344471303746e-05,0.0012788524618372321,0.10600382834672928,0.0008903301786631346,0.0026315876748412848,4.676020398619585e-05,0.0
108,1.0,1.0,1.0,1.0,1.0,1.0,1.0,0.0,0.9991734623908997,0.9998458623886108,0.9995319843292236,0.9526107311248779,0.9997933506965637,0.9447317719459534,0.8827885985374451,0.03182138130068779,2.0
109,0.0,0.0,0.0,0.0,1.0,0.0,0.0,0.0,0.23954138159751892,0.6316560506820679,0.9974844455718994,8.954910299507901e-05,0.9996881484985352,0.9360246658325195,0.14147330820560455,8.342989895027131e-05,0.0
110,0.0,0.0,0.0,0.0,0.0,0.0,0.0,0.0,0.0012360168620944023,7.81588678364642e-05,0.0001324446202488616,7.311693480005488e-05,0.004180857911705971,0.00048259642790071666,0.004758360330015421,4.082818122697063e-05,0.0
111,1.0,1.0,1.0,1.0,1.0,1.0,0.0,0.0,0.34351271390914917,0.994813084602356,0.9935732483863831,0.9924248456954956,0.9991803765296936,0.9331411123275757,0.011265648528933525,0.0020885327830910683,3.0
112,0.0,0.0,0.0,0.0,0.0,0.0,0.0,0.0,0.00029157265089452267,0.06394334137439728,0.0026521170511841774,0.00016805960331112146,0.027171581983566284,0.00014141216524876654,0.0008622128516435623,0.00013719599519390613,3.0
113,0.0,0.0,0.0,0.0,1.0,0.0,0.0,0.0,0.0015103142941370606,0.0011024052510038018,0.0767747014760971,7.981955423019826e-05,0.3006950914859772,0.0005092205828987062,0.0012868262128904462,1.0074268175230827e-05,2.0
114,0.0,0.0,0.0,0.0,0.0,0.0,0.0,0.0,7.4578047133400105e-06,0.00019385054474696517,6.06924804742448e-05,5.0189126341138035e-05,0.000671912741381675,0.00046568538527935743,5.774700912297703e-05,2.6525312932790257e-06,2.0
115,0.0,0.0,0.0,0.0,0.0,0.0,0.0,0.0,7.439628825522959e-05,0.00018059794092550874,5.380555376177654e-05,3.0173887353157625e-05,0.0019446134101599455,5.543085353565402e-05,3.754750650841743e-05,5.583406164078042e-06,3.0
116,0.0,0.0,0.0,0.0,0.0,0.0,0.0,0.0,8.587277079641353e-06,0.00015601195627823472,0.00012776015501003712,3.2468338758917525e-05,0.00011698558955686167,9.00335653568618e-05,0.0006242974195629358,7.233511951199034e-06,2.0
117,1.0,1.0,1.0,1.0,1.0,1.0,1.0,1.0,0.9993205070495605,0.9993783235549927,0.9999144077301025,0.9982843995094299,0.9993532299995422,0.9767366647720337,0.9999098777770996,0.9602381587028503,2.0
118,0.0,0.0,0.0,0.0,0.0,0.0,0.0,0.0,8.022742258617654e-05,0.0021149886306375265,0.00019813771359622478,3.980310066253878e-05,0.0007874328875914216,0.0004837593878619373,0.004874959588050842,4.422895926836645e-06,1.0
119,1.0,1.0,1.0,1.0,1.0,1.0,1.0,1.0,0.6650874018669128,0.982517659664154,0.9991751313209534,0.9695184230804443,0.9996005892753601,0.5730186700820923,0.4227937161922455,0.43565940856933594,3.0
120,1.0,1.0,1.0,1.0,1.0,0.0,1.0,1.0,0.9985945820808411,0.9981355667114258,0.9994725584983826,0.9319074749946594,0.9973065853118896,0.16892977058887482,0.8136176466941833,0.224652960896492,0.0
121,1.0,1.0,1.0,0.0,1.0,1.0,0.0,0.0,0.32501929998397827,0.9797717928886414,0.9985619187355042,0.6868829727172852,0.9996188879013062,0.984948456287384,0.8214471340179443,0.0027553061954677105,4.0
122,0.0,0.0,0.0,0.0,0.0,0.0,0.0,0.0,1.3068749467493035e-05,0.00016776323900558054,4.035707752336748e-05,5.65006303077098e-05,0.0010048738913610578,3.340284456498921e-05,4.850811092182994e-05,1.6919049130592612e-06,3.0
123,0.0,0.0,0.0,0.0,0.0,0.0,0.0,0.0,6.018965723342262e-05,6.915658013895154e-05,3.5477230994729325e-05,5.3711839427705854e-05,0.0005198630387894809,1.682621586951427e-05,7.209438626887277e-05,4.659854312194511e-06,3.0
124,0.0,0.0,0.0,0.0,0.0,0.0,0.0,0.0,9.476188279222697e-05,1.3239518011687323e-05,0.00019722638535313308,5.761026477557607e-05,0.0009070322848856449,0.00015831827477086335,0.0009516833815723658,4.484058081288822e-06,2.0
125,0.0,0.0,0.0,0.0,0.0,0.0,0.0,0.0,0.0008283494389615953,0.00020054378546774387,0.00047067453851923347,5.300259726936929e-05,0.013043299317359924,0.0002633814001455903,0.000569633673876524,7.179541626101127e-06,1.0
126,1.0,1.0,1.0,1.0,1.0,1.0,1.0,1.0,0.9997486472129822,0.9998961687088013,0.9999462366104126,0.9996442794799805,0.9999313354492188,0.7814335823059082,0.8394866585731506,0.6717435717582703,2.0
127,0.0,1.0,1.0,0.0,1.0,1.0,0.0,0.0,0.30193954706192017,0.8837497234344482,0.7376314401626587,0.6927413940429688,0.4388357698917389,0.09240434318780899,0.007001991383731365,6.852786464150995e-05,3.0
128,1.0,0.0,0.0,1.0,0.0,0.0,0.0,0.0,0.7136813998222351,0.42270952463150024,0.5834727883338928,0.992581844329834,0.9800611734390259,0.0016107552219182253,0.050041209906339645,0.3220081925392151,4.0
129,1.0,1.0,0.0,1.0,1.0,0.0,1.0,0.0,0.9680476188659668,0.9436538219451904,0.8719645142555237,0.9817219376564026,0.9995962977409363,0.13921308517456055,0.9964509010314941,0.07053836435079575,3.0
130,0.0,1.0,0.0,0.0,1.0,0.0,1.0,0.0,0.9021070599555969,0.7792233824729919,0.17944593727588654,0.6836237907409668,0.9822005033493042,0.021467940881848335,0.9814276695251465,0.017150212079286575,4.0
131,0.0,0.0,0.0,0.0,0.0,0.0,0.0,0.0,4.9934144044527784e-05,0.00043226685374975204,4.160435855737887e-05,2.8266000299481675e-05,0.0009273818577639759,5.43184723937884e-05,0.00012299059017095715,3.8846078496135306e-06,1.0
132,0.0,0.0,0.0,0.0,0.0,0.0,0.0,0.0,5.4457574151456356e-05,0.0011088066967204213,0.0005968049517832696,0.0002711380657274276,0.00024664404918439686,0.0003958132292609662,0.0005251832189969718,1.9571336451917887e-05,2.0
133,0.0,0.0,0.0,0.0,0.0,0.0,0.0,0.0,1.882070500869304e-05,0.05270116403698921,0.004464190453290939,6.152415880933404e-05,0.0015024178428575397,0.0001173345954157412,8.44844471430406e-05,5.1265913498355076e-05,1.0
134,1.0,1.0,1.0,1.0,1.0,1.0,1.0,0.0,0.9996169805526733,0.9657704830169678,0.9988129138946533,0.9419457316398621,0.9998145699501038,0.9320179224014282,0.9977476000785828,0.11998661607503891,4.0
135,0.0,0.0,0.0,0.0,0.0,0.0,0.0,0.0,6.654522439930588e-05,0.00017506103904452175,0.000501451431773603,3.238268254790455e-05,0.0009474164107814431,7.092783198459074e-05,8.34014208521694e-05,8.917761078919284e-06,1.0
136,1.0,1.0,1.0,1.0,1.0,1.0,1.0,0.0,0.9961065649986267,0.9996891021728516,0.9999432563781738,0.9997863173484802,0.9999363422393799,0.9894930124282837,0.9946351647377014,0.0034741077106446028,0.0
137,0.0,0.0,0.0,0.0,0.0,0.0,0.0,0.0,7.039590855129063e-05,0.0049933758564293385,0.0004481237556319684,6.62064558127895e-05,0.00047841898049227893,0.0005266361986286938,0.00015157143934629858,1.8556349459686317e-05,1.0
138,0.0,0.0,0.0,0.0,0.0,0.0,0.0,0.0,3.862653557007434e-06,0.00016763883468229324,9.757899533724412e-05,6.878811836941168e-05,0.0004356824792921543,0.00017159870185423642,5.376042099669576e-05,5.696086191164795e-06,4.0
139,0.0,0.0,0.0,0.0,0.0,0.0,0.0,0.0,0.0001392713311361149,0.01217977050691843,0.0017592976801097393,3.20309518428985e-05,0.043890487402677536,6.733612826792523e-05,0.025071749463677406,1.0402653060737066e-05,0.0
140,1.0,1.0,1.0,1.0,1.0,1.0,1.0,0.0,0.9954999089241028,0.9989604949951172,0.9997969269752502,0.9998366832733154,0.999674916267395,0.9997965693473816,0.9609793424606323,0.10375035554170609,1.0
141,0.0,0.0,0.0,0.0,0.0,0.0,0.0,0.0,3.769578688661568e-05,0.01526489108800888,0.0011608690256252885,0.0002760167990345508,0.11571694165468216,0.0006157411844469607,0.0013802238972857594,3.148794348817319e-05,1.0
142,1.0,1.0,1.0,1.0,1.0,1.0,1.0,1.0,0.9997310042381287,0.9997912049293518,0.9997808337211609,0.9950600266456604,0.9999427795410156,0.9985466599464417,0.9996371269226074,0.5836299061775208,2.0
143,1.0,1.0,1.0,1.0,1.0,1.0,1.0,1.0,0.999862551689148,0.9986531734466553,0.9996500015258789,0.9997268319129944,0.9990683197975159,0.9997298121452332,0.9724968671798706,0.9778693318367004,3.0
144,1.0,1.0,1.0,1.0,1.0,1.0,0.0,0.0,0.9781055450439453,0.9982170462608337,0.9998146891593933,0.9994235038757324,0.9998155236244202,0.9976832866668701,0.4709271788597107,0.00914405845105648,1.0
145,0.0,0.0,0.0,0.0,0.0,0.0,0.0,0.0,3.637713598436676e-05,7.388950507447589e-06,1.982268258871045e-05,4.561593959806487e-05,0.001192371011711657,3.365550946909934e-05,3.75300005543977e-05,6.792427029722603e-06,2.0
146,1.0,1.0,0.0,1.0,1.0,0.0,0.0,1.0,0.9999524354934692,0.9005330801010132,0.9986541271209717,0.9870718121528625,0.9963054656982422,0.0018491168739274144,0.011587330140173435,0.9959023594856262,3.0
147,1.0,1.0,1.0,1.0,1.0,1.0,1.0,0.0,0.032308273017406464,0.4625433683395386,0.781042754650116,0.07386953383684158,0.7698052525520325,0.050866492092609406,0.025249455124139786,0.00026288218214176595,3.0
148,0.0,1.0,0.0,0.0,1.0,0.0,0.0,0.0,0.9072406888008118,0.32834386825561523,0.823195219039917,0.6307880282402039,0.08535304665565491,0.001803188701160252,0.27197375893592834,0.005764169152826071,1.0
149,1.0,1.0,1.0,1.0,1.0,1.0,1.0,1.0,0.9995952248573303,0.9994730353355408,0.9999445676803589,0.9974353909492493,0.9998300075531006,0.9993628859519958,0.9993768334388733,0.05576673522591591,2.0
150,1.0,1.0,1.0,1.0,1.0,1.0,0.0,0.0,0.039601653814315796,0.9966549873352051,0.9996238946914673,0.9990208148956299,0.9985005855560303,0.9998905658721924,0.2866184115409851,0.000613728363532573,3.0
151,0.0,0.0,0.0,0.0,0.0,0.0,0.0,0.0,0.00010996722994605079,0.00011813336459454149,0.00016687269089743495,0.00012800244439858943,0.0017660704907029867,0.0001608410821063444,3.476244455669075e-05,8.64667435962474e-06,3.0
152,0.0,0.0,0.0,0.0,0.0,0.0,0.0,0.0,0.0004150932945776731,0.06792119890451431,0.0013703280128538609,7.135815394576639e-05,0.02080763690173626,0.0006992398994043469,0.006121284328401089,2.306168789800722e-05,3.0
153,0.0,0.0,0.0,0.0,0.0,0.0,0.0,0.0,8.035475184442475e-05,9.185398812405765e-05,6.210478022694588e-05,2.992463305417914e-05,0.0029946337454020977,8.52625526022166e-05,0.0016835107235237956,1.2765189239871688e-05,2.0
154,1.0,1.0,1.0,1.0,1.0,1.0,1.0,1.0,0.9997718930244446,0.9997448325157166,0.9995028972625732,0.9905893802642822,0.9999165534973145,0.9956769347190857,0.514130711555481,0.928173840045929,3.0
155,1.0,1.0,1.0,1.0,1.0,1.0,0.0,0.0,0.9974005222320557,0.9997853636741638,0.9998045563697815,0.9995858073234558,0.9999370574951172,0.9996302127838135,0.7984930872917175,0.0020708523225039244,1.0
156,1.0,1.0,1.0,1.0,1.0,1.0,1.0,1.0,0.9980753660202026,0.9997641444206238,0.9996235370635986,0.9997337460517883,0.9995384216308594,0.9997548460960388,0.9610796570777893,0.7785888314247131,4.0
157,0.0,0.0,0.0,0.0,0.0,0.0,0.0,0.0,8.391166193177924e-05,0.00012473207607399672,0.00032316709985025227,0.00010149290028493851,0.0016594644403085113,0.0001608410821063444,2.693552778509911e-05,8.64667435962474e-06,3.0
158,1.0,1.0,1.0,1.0,1.0,1.0,1.0,1.0,0.999914288520813,0.9951071739196777,0.997461199760437,0.997021496295929,0.9990338087081909,0.9919514656066895,0.9705777168273926,0.3123701512813568,0.0
159,0.0,0.0,0.0,0.0,0.0,0.0,0.0,0.0,3.2507814466953278e-06,0.0001516745105618611,9.93332068901509e-05,7.057550828903913e-05,0.00032157020177692175,0.00018436745449434966,7.972894673002884e-05,2.485839468135964e-05,4.0
160,0.0,0.0,0.0,0.0,0.0,0.0,0.0,0.0,0.0004847044765483588,0.00047345113125629723,0.00028626012499444187,0.00014948094030842185,0.0024360083043575287,0.00017710532119963318,0.02127177082002163,0.00018924027972389013,4.0
161,0.0,0.0,0.0,0.0,0.0,0.0,0.0,0.0,7.501852451241575e-06,4.0418741264147684e-05,0.00025433843256905675,7.201069820439443e-05,0.00040321238338947296,0.00017024730914272368,0.0002494812069926411,6.830831352999667e-06,4.0
162,1.0,1.0,1.0,1.0,1.0,1.0,1.0,0.0,0.8358837366104126,0.9980098605155945,0.9998181462287903,0.9903200268745422,0.9944100975990295,0.7955631017684937,0.054221589118242264,0.00608909223228693,3.0
163,1.0,1.0,0.0,0.0,1.0,0.0,0.0,0.0,0.9869140982627869,0.8514775633811951,0.8120898008346558,0.8054525852203369,0.999895453453064,0.9068914651870728,0.06695159524679184,0.0076188272796571255,2.0
164,0.0,0.0,0.0,0.0,1.0,0.0,0.0,0.0,0.00013206740550231189,0.5309200286865234,0.04152821749448776,0.00010829887469299138,0.9282197952270508,0.11691538989543915,0.0005139673012308776,5.410777248471277e-06,1.0
165,1.0,0.0,1.0,1.0,1.0,0.0,0.0,0.0,0.99186110496521,0.5585939288139343,0.9994983673095703,0.7032274603843689,0.9993292093276978,0.9402957558631897,0.9230576157569885,0.06620428711175919,1.0
166,0.0,0.0,0.0,0.0,0.0,0.0,0.0,0.0,9.13982239580946e-06,1.0744899554993026e-05,3.583555735531263e-05,6.778227543691173e-05,0.003419366432353854,1.900788083730731e-05,4.562772664939985e-05,9.975081411539577e-06,4.0
167,1.0,1.0,1.0,1.0,1.0,1.0,0.0,1.0,0.9998594522476196,0.9942016005516052,0.9433671832084656,0.9964602589607239,0.999946117401123,0.9995152950286865,0.009093759581446648,0.28597384691238403,2.0
168,0.0,0.0,0.0,0.0,0.0,0.0,0.0,0.0,0.00026643977616913617,0.0007362109608948231,0.00037984325899742544,1.4117176760919392e-05,0.0009253870812244713,0.00021584154455922544,0.0044037951156497,7.352441116381669e-06,0.0
169,0.0,1.0,0.0,0.0,1.0,0.0,0.0,0.0,0.0022615413181483746,0.6578561663627625,0.3913881778717041,0.00011478267697384581,0.2259044647216797,0.000981561723165214,0.0670546293258667,4.694893050327664e-06,1.0
170,1.0,1.0,1.0,1.0,1.0,1.0,0.0,0.0,0.1046702116727829,0.712893009185791,0.9995118379592896,0.930147647857666,0.9969226717948914,0.9984581470489502,0.4948488175868988,9.162801870843396e-05,4.0
171,1.0,1.0,1.0,1.0,1.0,1.0,1.0,1.0,0.9996010661125183,0.9990215301513672,0.9997994303703308,0.9967515468597412,0.9999486207962036,0.9996187686920166,0.9394403100013733,0.3344171643257141,3.0
172,0.0,0.0,0.0,0.0,0.0,0.0,0.0,0.0,0.00040026678470894694,0.0002259838074678555,0.000154581677634269,5.300259726936929e-05,0.01190457958728075,0.0005560265854001045,0.0005534930387511849,1.3476468666340224e-05,1.0
173,0.0,0.0,0.0,0.0,0.0,0.0,0.0,0.0,0.00014961397391743958,0.0004251321661286056,0.0014186612097546458,1.817732299969066e-05,0.008834786713123322,0.0002063845022348687,0.0002106848987750709,2.499896936569712e-06,1.0
174,0.0,0.0,0.0,0.0,0.0,0.0,0.0,0.0,8.566522592445835e-05,1.1619148608588148e-05,5.954777589067817e-05,1.1801187611126807e-05,0.002144275465980172,6.85613340465352e-05,8.900807006284595e-05,2.3035711365082534e-06,0.0
175,1.0,1.0,1.0,1.0,1.0,1.0,1.0,1.0,0.999183714389801,0.9997492432594299,0.9984366297721863,0.9998985528945923,0.9998849630355835,0.9978271126747131,0.9992827773094177,0.7302825450897217,2.0
176,1.0,1.0,1.0,1.0,1.0,1.0,1.0,0.0,0.12056033313274384,0.8830040097236633,0.9956745505332947,0.000636763870716095,0.9995288848876953,0.9996604919433594,0.311845600605011,0.015090874396264553,2.0
177,0.0,0.0,0.0,0.0,0.0,0.0,0.0,0.0,0.0007527442649006844,0.0005503553547896445,0.00040896760765463114,6.168365507619455e-05,0.0004611669573932886,0.0002825311676133424,0.02623146027326584,1.4470265341515187e-05,1.0
178,1.0,1.0,1.0,1.0,1.0,1.0,0.0,1.0,0.9999282360076904,0.9999368190765381,0.9993114471435547,0.9998002648353577,0.9999159574508667,0.9978245496749878,0.923435389995575,0.9996469020843506,1.0
179,1.0,1.0,1.0,0.0,1.0,1.0,1.0,0.0,0.829950213432312,0.9828076362609863,0.9947096109390259,0.519098699092865,0.9999271631240845,0.9553973078727722,0.8293646574020386,0.0004545808187685907,2.0
180,1.0,1.0,1.0,1.0,1.0,1.0,0.0,1.0,0.9859554767608643,0.9974684715270996,0.9999314546585083,0.9998342990875244,0.9951645135879517,0.9994681477546692,0.7888752818107605,0.42374712228775024,3.0
181,1.0,0.0,1.0,0.0,1.0,1.0,1.0,0.0,0.16298668086528778,0.01874382607638836,0.013099289499223232,8.578572305850685e-05,0.023187240585684776,0.021038632839918137,0.11612497270107269,0.0004189883475191891,1.0
182,1.0,1.0,1.0,1.0,1.0,1.0,1.0,0.0,0.99528968334198,0.9999099969863892,0.9998378753662109,0.997646152973175,0.9994921684265137,0.9987515211105347,0.601600706577301,0.17531883716583252,2.0
183,0.0,1.0,1.0,0.0,1.0,0.0,0.0,0.0,0.0020746556110680103,0.1740161031484604,0.008449429646134377,0.0001637959503568709,0.0009607669780962169,0.0022179202642291784,0.0010959577048197389,2.8698850655928254e-05,3.0
184,1.0,1.0,1.0,1.0,1.0,1.0,0.0,0.0,0.9922898411750793,0.9845449924468994,0.9996891021728516,0.9995521903038025,0.9998526573181152,0.9896298050880432,0.6859749555587769,0.07938451319932938,0.0
185,0.0,0.0,0.0,0.0,0.0,0.0,0.0,0.0,6.626842150581069e-06,0.0009374123765155673,8.451700705336407e-05,4.498719863477163e-05,0.0010368440998718143,0.00012846833851654083,0.00013058949843980372,2.064266664092429e-05,2.0
186,0.0,0.0,0.0,0.0,0.0,0.0,0.0,0.0,0.00015415642701555043,4.613368582795374e-05,2.9320175599423237e-05,0.00010306329204468057,0.00010088201815960929,2.204115480708424e-05,0.002966592088341713,7.609996373503236e-06,3.0
187,0.0,0.0,0.0,0.0,0.0,0.0,0.0,0.0,5.11288044435787e-06,6.181237404234707e-05,4.858722968492657e-05,5.664818309014663e-05,0.0010228300234302878,9.655398753238842e-05,0.0003866215702146292,3.7890270050411345e-06,4.0
188,1.0,0.0,1.0,1.0,1.0,1.0,0.0,1.0,0.9990618824958801,0.9996299743652344,0.9995457530021667,0.9997865557670593,0.9998952150344849,0.9914618730545044,0.0024489243514835835,0.37444233894348145,2.0
189,0.0,0.0,0.0,0.0,0.0,0.0,0.0,0.0,0.00038926067645661533,0.007398317102342844,0.00982851441949606,0.0005908053135499358,0.4325709640979767,0.0036349070724099874,0.0038432194851338863,6.687395398330409e-06,4.0
190,0.0,0.0,0.0,0.0,0.0,0.0,0.0,0.0,6.316326471278444e-05,0.0007921714568510652,0.0005806756089441478,6.848690827609971e-05,0.000413885252783075,3.5938464861828834e-05,0.001005016965791583,4.2890183976851404e-05,3.0
191,0.0,0.0,0.0,0.0,1.0,0.0,0.0,0.0,0.06965858489274979,0.9249122142791748,0.99874347448349,0.9839226603507996,0.9994083642959595,0.9976826906204224,0.0022053688298910856,8.382056694244966e-05,4.0
192,0.0,0.0,0.0,0.0,0.0,0.0,0.0,0.0,0.00010154826304642484,7.206641021184623e-05,7.503203232772648e-05,6.9886459641566034e-06,0.0005232946132309735,0.00014303655188996345,0.0034569092094898224,1.1626796549535356e-05,0.0
193,1.0,1.0,1.0,1.0,1.0,1.0,0.0,1.0,0.9974226951599121,0.9986640214920044,0.9998718500137329,0.9915346503257751,0.9998579025268555,0.99981290102005,0.18171903491020203,0.7621468901634216,1.0
194,0.0,0.0,0.0,0.0,0.0,0.0,0.0,0.0,2.433303052384872e-05,0.0001598998933332041,8.315206650877371e-05,0.00011172082304256037,0.06637383997440338,0.00040076367440633476,8.496816735714674e-05,3.4375650557194604e-06,3.0
195,0.0,0.0,0.0,0.0,0.0,0.0,0.0,0.0,3.0488909033010714e-05,0.00010115675104316324,0.0001550496235722676,7.91277052485384e-05,0.00012118961603846401,3.084511627093889e-05,0.00020389360724948347,1.0034217666543555e-05,2.0
196,1.0,1.0,1.0,1.0,1.0,1.0,0.0,1.0,0.5100734233856201,0.9583185911178589,0.984569251537323,0.9989057779312134,0.9998935461044312,0.9966996312141418,0.004387311637401581,0.9615669250488281,1.0
197,1.0,1.0,1.0,1.0,1.0,1.0,0.0,0.0,0.9933925271034241,0.9567779302597046,0.3642183840274811,0.2746693193912506,0.0590803362429142,0.4924256503582001,0.10017129778862,0.0009592573042027652,3.0
198,0.0,1.0,1.0,0.0,1.0,1.0,1.0,0.0,0.21735286712646484,0.39981895685195923,0.05580562725663185,0.00017547982861287892,0.8058323860168457,0.6713343858718872,0.0012048950884491205,6.617306644329801e-05,0.0
199,0.0,0.0,0.0,0.0,0.0,0.0,0.0,0.0,1.6226282241404988e-05,1.6206935470108874e-05,1.6624986528768204e-05,1.3038015822530724e-05,0.0013725594617426395,2.2578600692213513e-05,3.7874295230722055e-05,3.1582292194798356e-06,0.0
200,0.0,1.0,1.0,0.0,1.0,0.0,0.0,0.0,0.9994619488716125,0.8715198040008545,0.9985418319702148,0.959821343421936,0.9996384382247925,0.9959412813186646,0.9202333688735962,0.0982496365904808,4.0
201,0.0,0.0,0.0,0.0,0.0,0.0,0.0,0.0,9.159114597423468e-06,9.27170185605064e-06,7.274874951690435e-05,2.5670540708233602e-05,0.000592932861763984,7.111557351890951e-05,2.7079086066805758e-05,2.8496067443484208e-06,4.0
202,0.0,1.0,1.0,0.0,1.0,0.0,0.0,0.0,0.000127785126096569,0.007739217020571232,0.003026577178388834,0.0006212930311448872,0.002306427340954542,0.0001022863871185109,0.00047667149920016527,6.34867865301203e-06,3.0
203,0.0,0.0,0.0,0.0,0.0,0.0,0.0,0.0,5.92024480283726e-05,0.00024302028759848326,1.1214577170903794e-05,2.4557808501413092e-05,0.002146562095731497,2.541123831178993e-05,0.0008441142272204161,2.3231509658216964e-06,2.0
204,0.0,0.0,0.0,0.0,0.0,0.0,0.0,0.0,0.00046535101137124,7.079329225234687e-05,0.000322067819070071,0.00045037289964966476,0.014999939128756523,3.5134082281729206e-05,0.00015146133955568075,6.630344159930246e-06,1.0
205,0.0,0.0,0.0,0.0,0.0,0.0,0.0,0.0,4.22701814386528e-05,0.0005539609119296074,0.0022688587196171284,5.166502160136588e-05,0.00037180204526521266,0.0005894298083148897,0.003908287733793259,4.154088310315274e-05,4.0
206,1.0,1.0,0.0,0.0,0.0,0.0,0.0,0.0,0.1717873513698578,0.9638826251029968,0.6289353966712952,0.03666199743747711,0.9771600365638733,0.05033516883850098,0.4486013650894165,0.0008043805719353259,4.0
207,1.0,1.0,1.0,1.0,1.0,1.0,1.0,1.0,0.9863986372947693,0.9998214840888977,0.9996310472488403,0.9992058873176575,0.9997010827064514,0.9994333386421204,0.9829368591308594,0.7608089447021484,3.0
208,1.0,1.0,1.0,1.0,1.0,1.0,0.0,0.0,0.9969996809959412,0.9972025156021118,0.998762845993042,0.9998869895935059,0.9997120499610901,0.9905286431312561,0.04885602742433548,0.01255832426249981,0.0
209,0.0,0.0,0.0,0.0,0.0,0.0,0.0,0.0,2.1762363758170977e-05,3.6067594919586554e-05,0.00017554961959831417,0.00019584492838475853,0.001132569508627057,4.925396933685988e-05,0.00015740864910185337,4.8970605348586105e-06,0.0
210,0.0,0.0,0.0,0.0,0.0,0.0,0.0,0.0,3.555818329914473e-05,0.00011530704068718478,0.0006227677804417908,2.6731448087957688e-05,0.0016216926742345095,0.00016779283760115504,0.000401766475988552,5.334929028322222e-06,0.0
211,0.0,1.0,1.0,1.0,1.0,1.0,0.0,0.0,0.6977009773254395,0.9818820357322693,0.9995032548904419,0.9986979961395264,0.9998800754547119,0.997098445892334,0.009022287093102932,0.00027298228815197945,1.0
212,1.0,1.0,1.0,1.0,1.0,1.0,1.0,1.0,0.9998655319213867,0.9999504089355469,0.9993358254432678,0.9997021555900574,0.9998608827590942,0.9995484948158264,0.4902982711791992,0.606852114200592,1.0
213,0.0,0.0,0.0,0.0,0.0,0.0,0.0,0.0,9.949360537575558e-05,0.002440239069983363,0.0002783579984679818,3.25901601172518e-05,0.000483540614368394,0.00014663235924672335,0.0032294653356075287,1.1654115951387212e-05,0.0
214,1.0,1.0,1.0,1.0,1.0,1.0,1.0,0.0,0.9999102354049683,0.998465895652771,0.9998342990875244,0.9992871880531311,0.9998655319213867,0.9996415376663208,0.9768232107162476,0.6042880415916443,4.0
215,1.0,1.0,1.0,1.0,1.0,1.0,0.0,0.0,0.9686296582221985,0.9635470509529114,0.9995582699775696,0.9099240303039551,0.9995669722557068,0.9983237385749817,0.4832805097103119,0.04654531925916672,1.0
216,1.0,0.0,0.0,1.0,0.0,0.0,0.0,0.0,0.9815089106559753,0.9235193729400635,0.9330078363418579,0.9994291663169861,0.9626338481903076,0.012034731917083263,0.9875856637954712,0.9741642475128174,4.0
217,0.0,0.0,0.0,0.0,0.0,0.0,0.0,0.0,0.00013230828335508704,0.0004048915870953351,0.0007972285384312272,3.6443139833863825e-05,0.0006976732984185219,0.000209423917112872,0.0002279309119330719,6.648713224421954e-06,4.0
218,0.0,0.0,0.0,0.0,0.0,0.0,0.0,0.0,0.00036020041443407536,0.00015249720308929682,0.00012372482160571963,5.227474684943445e-05,0.001687623793259263,0.0002783375675790012,0.00026083519333042204,2.5899593310896307e-05,0.0
219,0.0,0.0,0.0,0.0,1.0,0.0,0.0,0.0,0.0007616037619300187,0.01827222667634487,0.24777063727378845,0.00015226093819364905,0.9753608107566833,0.01816233992576599,0.0002705392544157803,5.2568240789696574e-05,3.0
220,0.0,1.0,1.0,0.0,1.0,0.0,0.0,0.0,0.0017769047990441322,0.016533751040697098,0.12620650231838226,0.00043384107993915677,0.1642337441444397,0.0002686070220079273,0.0003290651657152921,1.877203794720117e-05,2.0
221,0.0,0.0,0.0,0.0,0.0,0.0,0.0,0.0,0.177827388048172,0.008529688231647015,0.03160851448774338,0.00013111728185322136,0.00667964480817318,0.00045061486889608204,8.142866136040539e-05,0.0005992545047774911,1.0
222,0.0,1.0,1.0,1.0,1.0,1.0,1.0,0.0,0.48266419768333435,0.9839287996292114,0.9998326301574707,0.990110456943512,0.9999219179153442,0.9917235970497131,0.22115497291088104,0.00046400001156143844,2.0
223,1.0,1.0,1.0,1.0,1.0,1.0,0.0,0.0,0.44641178846359253,0.98946613073349,0.961323618888855,0.6327306628227234,0.9953694939613342,0.19307512044906616,0.3695968985557556,0.00016596360364928842,2.0
224,1.0,1.0,1.0,1.0,1.0,1.0,0.0,1.0,0.986707329750061,0.9986411929130554,0.9997017979621887,0.999101996421814,0.9998406171798706,0.9993898868560791,0.5848113894462585,0.8947743773460388,3.0
225,1.0,1.0,1.0,1.0,1.0,1.0,1.0,1.0,0.9996432065963745,0.9998676776885986,0.9998311996459961,0.9996209144592285,0.9996439218521118,0.9963347911834717,0.9948441982269287,0.9788410663604736,3.0
226,1.0,1.0,1.0,1.0,1.0,1.0,1.0,1.0,0.999563992023468,0.9998748302459717,0.9998311996459961,0.999862551689148,0.9996439218521118,0.9983900785446167,0.9906322956085205,0.971453070640564,3.0
227,0.0,0.0,0.0,0.0,0.0,0.0,0.0,0.0,8.485294529236853e-05,0.0002649391535669565,0.0003696271451190114,3.4445449273334816e-05,0.006415409501641989,0.0001376828586217016,7.278975681401789e-05,1.5242005247273482e-05,1.0
228,1.0,1.0,1.0,1.0,1.0,1.0,0.0,1.0,0.9849246144294739,0.998095691204071,0.9995669722557068,0.997495174407959,0.9999109506607056,0.9967560172080994,0.30578383803367615,0.7521969676017761,1.0
229,1.0,1.0,1.0,1.0,1.0,1.0,1.0,1.0,0.9987773299217224,0.996191143989563,0.9998131394386292,0.9895742535591125,0.999437153339386,0.9989651441574097,0.9801183938980103,0.7639845013618469,3.0
230,0.0,0.0,0.0,0.0,0.0,0.0,0.0,0.0,2.255718754895497e-05,9.028733074956108e-06,0.0026807752437889576,4.1579725802876055e-05,0.002671545837074518,0.00013981127995066345,3.526321233948693e-05,2.8886763629998313e-06,4.0
231,1.0,0.0,0.0,0.0,0.0,0.0,0.0,0.0,0.5257359147071838,0.27309316396713257,0.7614805698394775,0.16698038578033447,0.668731153011322,0.00471612811088562,0.3456698954105377,0.300192654132843,1.0
232,1.0,1.0,1.0,1.0,1.0,1.0,1.0,0.0,0.987938642501831,0.9998200535774231,0.9982593655586243,0.9990915060043335,0.9997803568840027,0.9998071789741516,0.9972119927406311,0.1463920623064041,3.0
233,1.0,1.0,1.0,1.0,1.0,1.0,0.0,1.0,0.16724927723407745,0.3887397050857544,0.9023078680038452,0.14334329962730408,0.9783111214637756,0.08293233066797256,0.0020894063636660576,0.002231560880318284,3.0
234,1.0,0.0,1.0,1.0,1.0,0.0,0.0,0.0,0.9515448212623596,0.9733760952949524,0.9997904896736145,0.9978784322738647,0.9996015429496765,0.9918096661567688,0.1679535061120987,0.007692032493650913,2.0
235,1.0,1.0,1.0,1.0,1.0,1.0,1.0,1.0,0.9996449947357178,0.9983859062194824,0.9996629953384399,0.9997531771659851,0.9996469020843506,0.9999071359634399,0.9782942533493042,0.9010900855064392,1.0
236,1.0,1.0,1.0,1.0,1.0,1.0,1.0,0.0,0.9998719692230225,0.9927547574043274,0.9996839761734009,0.9992870688438416,0.9997395873069763,0.9998987913131714,0.7701012492179871,0.252448171377182,2.0
237,0.0,0.0,0.0,0.0,0.0,0.0,0.0,0.0,0.0038211913779377937,0.00017071139882318676,0.0005716095329262316,2.4874283553799614e-05,0.002505058189854026,9.926852362696081e-05,0.00998755358159542,0.00020451589080039412,0.0
238,0.0,0.0,0.0,0.0,0.0,0.0,0.0,0.0,0.0001482756924815476,0.0010317772394046187,0.0018146010115742683,0.00010794770059874281,0.0970725268125534,0.005840655881911516,0.0022208644077181816,8.361622349184472e-06,2.0
239,1.0,1.0,1.0,1.0,1.0,1.0,1.0,1.0,0.9986633062362671,0.9960326552391052,0.9996007084846497,0.9785085320472717,0.9996665716171265,0.9997135996818542,0.880338728427887,0.0352802649140358,1.0
240,1.0,1.0,1.0,1.0,1.0,1.0,1.0,1.0,0.999775230884552,0.999659538269043,0.9997751116752625,0.9997219443321228,0.9999212026596069,0.9998248219490051,0.9985190033912659,0.9671146273612976,4.0
241,0.0,0.0,0.0,0.0,0.0,0.0,0.0,0.0,2.240188450741698e-06,3.715090497280471e-05,2.5249295504181646e-05,4.27088416472543e-05,0.0001991983299376443,0.0002829112345352769,7.497781189158559e-05,4.298186013329541e-06,4.0
242,0.0,1.0,1.0,0.0,1.0,1.0,0.0,0.0,4.5833829062758014e-05,0.9320054054260254,0.7826034426689148,6.702509563183412e-05,0.9997319579124451,0.7390135526657104,0.0023397572804242373,4.889567935606465e-05,4.0
243,1.0,1.0,1.0,1.0,1.0,1.0,1.0,1.0,0.999896764755249,0.9989474415779114,0.9996170997619629,0.9886940121650696,0.9999626874923706,0.999953031539917,0.9941415190696716,0.021690325811505318,4.0
244,0.0,0.0,0.0,0.0,0.0,0.0,0.0,0.0,0.0002048310561804101,0.0015932704554870725,4.295653707231395e-05,0.00011159689165651798,0.0031033430714160204,0.0015997636364772916,0.00039815728086978197,0.00010329026554245502,0.0
245,1.0,1.0,1.0,1.0,1.0,1.0,1.0,0.0,0.9970249533653259,0.972345769405365,0.9996973276138306,0.9965488314628601,0.999798595905304,0.989294171333313,0.2253166139125824,0.0026854134630411863,2.0
246,1.0,1.0,1.0,1.0,1.0,0.0,1.0,0.0,0.9754628539085388,0.9534462690353394,0.948282778263092,0.8518415093421936,0.9994569420814514,0.8736276030540466,0.28877758979797363,0.009184728376567364,3.0
247,1.0,1.0,1.0,1.0,1.0,1.0,0.0,1.0,0.9681879878044128,0.9973674416542053,0.9995008707046509,0.9998797178268433,0.9995865225791931,0.9988386034965515,0.08265672624111176,0.2516249120235443,0.0
248,1.0,1.0,1.0,1.0,1.0,1.0,1.0,1.0,0.9994888305664062,0.9993956089019775,0.9999390840530396,0.9990071654319763,0.9998548030853271,0.9998823404312134,0.9997803568840027,0.9177305698394775,2.0
249,1.0,1.0,1.0,1.0,1.0,1.0,1.0,1.0,0.9988077878952026,0.9995237588882446,0.9998018145561218,0.9979193806648254,0.9998032450675964,0.904593825340271,0.9963359832763672,0.9799188375473022,1.0
250,1.0,1.0,1.0,0.0,1.0,1.0,0.0,0.0,0.15566883981227875,0.9959242343902588,0.8717250823974609,0.441677987575531,0.9996090531349182,0.9967870712280273,0.05451831966638565,0.0028351396322250366,1.0
251,0.0,0.0,0.0,0.0,0.0,0.0,0.0,0.0,6.090462193242274e-06,2.6504716515773907e-05,9.625053644413128e-05,9.964284981833771e-05,0.0022444981150329113,0.00012939446605741978,0.0006273288163356483,3.827673936029896e-06,4.0
252,0.0,0.0,0.0,0.0,0.0,0.0,0.0,0.0,1.0551657396717928e-05,7.052107685012743e-05,0.00039342083618976176,6.158279575174674e-05,0.00423082010820508,9.469070209888741e-05,8.472955960314721e-05,4.885617727268254e-06,4.0
253,0.0,0.0,0.0,0.0,0.0,0.0,0.0,0.0,0.0015239518834277987,0.0003764587454497814,0.03584852069616318,0.00012643044465221465,0.0007435586885549128,0.002617140766233206,0.0005889351014047861,9.501316526439041e-06,3.0
254,0.0,0.0,0.0,0.0,0.0,0.0,0.0,0.0,8.423162216786295e-05,0.0005497762467712164,0.0010310879442840815,2.809674151649233e-05,0.00030073244124650955,3.434075551922433e-05,0.000695938419084996,2.5024037313414738e-06,1.0
255,0.0,0.0,0.0,0.0,0.0,0.0,0.0,0.0,3.623393422458321e-05,0.006656786892563105,0.0005839017103426158,0.00022180263476911932,0.5143324732780457,0.0007540995138697326,0.0003569828986655921,4.024391273560468e-06,3.0
256,0.0,1.0,1.0,1.0,1.0,1.0,0.0,0.0,0.9996028542518616,0.9995065927505493,0.9997652173042297,0.9999562501907349,0.9994518160820007,0.9987285733222961,0.06526295840740204,0.0007741451263427734,0.0
257,1.0,1.0,1.0,1.0,1.0,1.0,1.0,0.0,0.9847835898399353,0.9998520612716675,0.9995618462562561,0.9958833456039429,0.9998444318771362,0.994566798210144,0.8161755800247192,0.06252485513687134,2.0
258,1.0,1.0,1.0,1.0,1.0,1.0,1.0,1.0,0.9876946210861206,0.9987834095954895,0.9992062449455261,0.9983667731285095,0.9996945858001709,0.9999140501022339,0.9988870024681091,0.05126770958304405,3.0
259,1.0,1.0,1.0,1.0,1.0,1.0,1.0,0.0,0.9987115859985352,0.9994170665740967,0.9997478127479553,0.9954663515090942,0.9998619556427002,0.9984941482543945,0.999387264251709,0.0030432844068855047,1.0
260,0.0,0.0,0.0,0.0,0.0,0.0,0.0,0.0,2.7349331503501162e-05,7.116013875929639e-05,0.00039384394767694175,1.5115419046196621e-05,0.000393808470107615,1.9200690076104365e-05,0.00020203946041874588,6.5566810008022e-06,0.0
261,0.0,0.0,0.0,0.0,0.0,0.0,0.0,0.0,5.685155701939948e-05,0.0005580986617133021,4.2114748794119805e-05,2.3759421310387552e-05,5.4664287745254114e-05,3.219116842956282e-05,0.00012465313193388283,3.6942581118637463e-06,0.0
262,1.0,1.0,1.0,1.0,1.0,1.0,1.0,1.0,0.9999215602874756,0.998450517654419,0.9997262358665466,0.9998373985290527,0.9973629117012024,0.9902135729789734,0.9324396848678589,0.9983813762664795,3.0
263,0.0,0.0,0.0,0.0,0.0,0.0,0.0,0.0,1.9178309230483137e-05,8.744569640839472e-05,2.7799620511359535e-05,3.865443432005122e-05,0.0013071937719359994,0.0002440310054225847,0.00011343344522174448,5.03729143019882e-06,2.0
264,0.0,0.0,0.0,0.0,0.0,0.0,0.0,0.0,4.462298966245726e-05,0.0023341085761785507,0.0035372658167034388,9.09876252990216e-05,0.0009536462021060288,0.0008963182335719466,0.0002280950575368479,1.905752287711948e-05,2.0
265,0.0,0.0,0.0,0.0,0.0,0.0,0.0,0.0,0.0005341671640053391,0.0012748646549880505,0.0005733785801567137,0.0003385159943718463,0.010493106208741665,0.001997616607695818,0.00037305179284885526,0.0004164184210821986,1.0
266,1.0,1.0,1.0,1.0,1.0,1.0,1.0,1.0,0.9998655319213867,0.9984623193740845,0.9995597004890442,0.9966901540756226,0.9999563694000244,0.9995129108428955,0.9934146404266357,0.9625741839408875,1.0
267,0.0,0.0,0.0,0.0,0.0,1.0,1.0,0.0,0.011150863021612167,0.026815136894583702,0.001851365901529789,0.00010433394345454872,0.008653114549815655,0.0012040541041642427,0.00317659555003047,2.0869365471298806e-05,3.0
268,0.0,0.0,0.0,0.0,1.0,0.0,0.0,0.0,0.00011389897554181516,0.03334459289908409,0.0020135724917054176,0.0005387317505665123,0.5871912240982056,0.001868159743025899,0.0014439326478168368,0.0001068812416633591,2.0
269,0.0,0.0,0.0,0.0,0.0,0.0,0.0,0.0,3.0640810564364074e-06,0.0001257191033801064,0.00014838883362244815,7.779421139275655e-05,0.0015683076344430447,6.703980034217238e-05,6.796148954890668e-05,9.86055238172412e-06,4.0
270,1.0,1.0,1.0,1.0,1.0,1.0,1.0,1.0,0.9997989535331726,0.999484658241272,0.9996401071548462,0.9962460398674011,0.9998412132263184,0.9997766613960266,0.9916027188301086,0.9477285742759705,4.0
271,1.0,1.0,0.0,0.0,0.0,0.0,1.0,0.0,0.03274768963456154,0.009692050516605377,0.0020460374653339386,0.002395477145910263,0.013591435737907887,0.000793984392657876,0.017379719763994217,9.23809566302225e-05,2.0
272,1.0,1.0,1.0,1.0,1.0,1.0,1.0,0.0,0.9934927821159363,0.9890760183334351,0.9999067783355713,0.9998922348022461,0.9998294115066528,0.998863935470581,0.38472437858581543,0.0017934119096025825,2.0
273,0.0,0.0,0.0,0.0,0.0,0.0,0.0,0.0,0.0002912367635872215,0.0006982433260418475,3.519041638355702e-05,0.00012597470777109265,0.0007064658566378057,0.00016953745216596872,0.12267613410949707,5.245576630841242e-06,4.0
274,1.0,1.0,1.0,1.0,1.0,1.0,1.0,0.0,0.9991982579231262,0.9820713400840759,0.9996459484100342,0.9997336268424988,0.9968245029449463,0.9318687319755554,0.9577591419219971,0.6803249716758728,1.0
275,0.0,0.0,0.0,0.0,0.0,0.0,0.0,0.0,0.00021748198196291924,0.0001542934769531712,0.00014360192290041596,1.339192567684222e-05,0.0011333093279972672,0.0008546187309548259,0.0005168074858374894,1.190005241369363e-05,0.0
276,1.0,1.0,1.0,1.0,1.0,1.0,1.0,0.0,0.9981229901313782,0.9991170763969421,0.9983002543449402,0.9995673298835754,0.9998980760574341,0.9281575083732605,0.9832093119621277,0.692592442035675,4.0
277,0.0,0.0,0.0,0.0,0.0,0.0,0.0,0.0,5.272055568639189e-05,0.004168775398284197,0.00029197570984251797,2.677375050552655e-05,0.0009015026153065264,5.541494829230942e-05,0.0006770448526367545,1.0795680282171816e-05,0.0
278,0.0,0.0,0.0,0.0,0.0,0.0,0.0,0.0,1.1604000064835418e-05,6.256952474359423e-05,6.049175135558471e-05,0.00012289949518162757,0.040790800005197525,6.467479397542775e-05,0.001984743634238839,3.861537152261008e-06,2.0
279,0.0,0.0,0.0,0.0,0.0,0.0,0.0,0.0,0.0001468285045120865,0.0002757442998699844,0.0010610234457999468,4.774748958880082e-05,0.00038097708602435887,8.912459452403709e-05,0.00021887118055019528,2.3893298930488527e-05,3.0
280,0.0,0.0,0.0,0.0,0.0,0.0,0.0,0.0,1.7465075870859437e-05,0.0003772256022784859,6.91592795192264e-05,3.965076393797062e-05,0.0021962204482406378,2.393090289842803e-05,7.367876241914928e-05,7.154819286370184e-06,1.0
281,1.0,1.0,1.0,1.0,1.0,1.0,0.0,0.0,0.9922453761100769,0.9998308420181274,0.9997170567512512,0.9981648325920105,0.9999433755874634,0.9987987279891968,0.8741475939750671,0.019415948539972305,1.0
282,0.0,0.0,0.0,0.0,0.0,0.0,0.0,0.0,1.8510712834540755e-05,4.5497072278521955e-05,0.0006223269156180322,4.1744406189536676e-05,0.0002639286685734987,0.00015128913219086826,0.00015725952107459307,7.529798949690303e-06,3.0
283,0.0,0.0,0.0,0.0,0.0,0.0,0.0,0.0,1.704825808701571e-05,1.8262637240695767e-05,0.0001824196515372023,3.6392713809618726e-05,0.00011178060958627611,2.6355153750046156e-05,9.782298729987815e-05,7.98820565250935e-06,3.0
284,0.0,1.0,1.0,0.0,1.0,1.0,0.0,0.0,0.32299327850341797,0.9778420925140381,0.9889238476753235,0.014293249696493149,0.9998959302902222,0.9922338724136353,0.008653426542878151,0.0001518784265499562,2.0
285,0.0,1.0,1.0,0.0,1.0,0.0,0.0,0.0,0.00017813299200497568,0.0700780600309372,0.0010595083003863692,6.620980275329202e-05,0.005486893001943827,1.8935403204523027e-05,0.0005036275833845139,6.137443415354937e-05,2.0
286,0.0,0.0,0.0,0.0,0.0,0.0,0.0,0.0,0.00010517903137952089,2.812577622535173e-05,0.00017267953080590814,1.0667689821275417e-05,0.0076242294162511826,3.743613342521712e-05,0.0036744950339198112,1.4996505342423916e-05,0.0
287,0.0,0.0,0.0,0.0,0.0,0.0,0.0,0.0,0.0001099505607271567,0.000905142049305141,0.00016127924027387053,0.0001720700820442289,0.0032331161201000214,5.937302194070071e-05,0.0014773139264434576,5.626397523883497e-06,3.0
288,0.0,0.0,0.0,0.0,1.0,0.0,0.0,0.0,0.016036301851272583,0.3703592121601105,0.031303536146879196,0.0005376849439926445,0.0024909935891628265,0.005591695662587881,0.005432742647826672,0.0003425459435675293,4.0
289,1.0,1.0,1.0,0.0,1.0,0.0,0.0,0.0,0.3646329641342163,0.9780970215797424,0.992820680141449,0.01277139876037836,0.991051197052002,0.02779323421418667,0.27327606081962585,0.004222124349325895,0.0
290,0.0,0.0,0.0,0.0,0.0,0.0,0.0,0.0,0.004314214922487736,0.026643991470336914,0.0065113757736980915,0.0016884634969756007,0.014440502040088177,0.001076246378943324,0.0007077573100104928,0.00024469662457704544,0.0
291,1.0,0.0,0.0,0.0,0.0,0.0,0.0,0.0,0.8951537013053894,0.7274219989776611,0.9921455979347229,0.435893714427948,0.9991589784622192,0.2041817307472229,0.40737420320510864,0.00013624872372020036,1.0
292,0.0,0.0,0.0,0.0,0.0,0.0,0.0,0.0,1.550982597109396e-05,0.0004961664672009647,0.00015520020679105073,2.881784712371882e-05,0.0004746961349155754,8.781956421444193e-05,0.0001998697262024507,3.208120688213967e-05,1.0
293,0.0,0.0,0.0,0.0,0.0,0.0,0.0,0.0,0.00021977833239361644,0.00017000155639834702,0.000330888171447441,3.0173887353157625e-05,0.00032678202842362225,6.507543730549514e-05,0.00024264707462862134,5.4315660236170515e-06,3.0
294,0.0,0.0,0.0,0.0,0.0,0.0,0.0,0.0,4.0946557419374585e-05,2.411898094578646e-05,4.954784162691794e-05,2.083388972096145e-05,0.0006504723569378257,9.042392775882035e-05,0.02700987085700035,2.5837500288616866e-05,0.0
295,0.0,0.0,0.0,0.0,0.0,0.0,0.0,0.0,2.54803235293366e-05,0.003619512775912881,0.0003124275244772434,0.00012972220429219306,0.0005442685214802623,0.00043614371679723263,0.003978205379098654,5.145899649505736e-06,4.0
296,1.0,0.0,1.0,1.0,1.0,0.0,0.0,0.0,0.007293678820133209,0.027714628726243973,0.0002468134043738246,0.00012268732825759798,0.0004411366244312376,6.586402014363557e-05,0.5015515685081482,6.594936712644994e-05,0.0
297,1.0,1.0,1.0,1.0,1.0,1.0,0.0,0.0,0.9995726943016052,0.5651338696479797,0.9997506737709045,0.9957553148269653,0.9998899698257446,0.9335030913352966,0.051274750381708145,0.0007932414300739765,3.0
298,0.0,0.0,0.0,0.0,0.0,0.0,0.0,0.0,2.117359690601006e-05,0.002953942632302642,0.0028038450982421637,1.5496429114136845e-05,0.027246052399277687,1.235502350027673e-05,0.011974997818470001,4.6581153583247215e-05,0.0
299,1.0,1.0,1.0,1.0,1.0,1.0,1.0,1.0,0.9950969815254211,0.9997004270553589,0.9998145699501038,0.9986312985420227,0.9998552799224854,0.9754571914672852,0.9546777009963989,0.14902204275131226,0.0
300,1.0,1.0,1.0,1.0,1.0,1.0,1.0,1.0,0.9998874664306641,0.999822199344635,0.9998865127563477,0.9998113512992859,0.9997990727424622,0.9999312162399292,0.9459100961685181,0.6605249047279358,1.0
301,0.0,0.0,0.0,0.0,0.0,0.0,0.0,0.0,7.324953185161576e-05,2.561019209679216e-05,9.06869609025307e-05,0.0001956931664608419,0.0002730338601395488,5.5423508456442505e-05,0.0004990070592612028,1.0248920261801686e-05,3.0
302,1.0,1.0,1.0,1.0,1.0,1.0,0.0,0.0,0.8004831671714783,0.9990307092666626,0.9895815849304199,0.9975253939628601,0.9998435974121094,0.9998213648796082,0.9671914577484131,0.06321047246456146,1.0
303,0.0,0.0,0.0,0.0,0.0,0.0,0.0,0.0,5.792432421003468e-05,0.00029148231260478497,0.0008710298570804298,0.00024110401864163578,0.0015835356898605824,4.311602242523804e-05,0.000983993406407535,3.065579221583903e-05,3.0
304,0.0,0.0,0.0,0.0,0.0,0.0,0.0,0.0,1.6371568563045003e-05,6.378265243256465e-05,0.0001953728642547503,7.403753988910466e-05,0.00029239358264021575,0.00026451662415638566,6.442365702241659e-05,5.638079983327771e-06,2.0
305,1.0,1.0,1.0,1.0,1.0,0.0,0.0,1.0,0.9955446124076843,0.974496603012085,0.9996529817581177,0.8603633642196655,0.9980928301811218,0.8412690162658691,0.002444213256239891,0.019691044464707375,1.0
306,0.0,0.0,0.0,0.0,0.0,0.0,0.0,0.0,0.00036127131897956133,0.00016095108003355563,0.00022090734273660928,4.535412153927609e-05,0.0017359093762934208,0.00015890673967078328,0.000438770221080631,3.6787257613468682e-06,1.0
307,1.0,1.0,1.0,1.0,1.0,1.0,1.0,1.0,0.9989271759986877,0.9825220108032227,0.9996156692504883,0.9963172674179077,0.9996786117553711,0.9570643901824951,0.8642601370811462,0.2994583249092102,1.0
308,1.0,1.0,1.0,1.0,1.0,1.0,1.0,0.0,0.9626297950744629,0.9994932413101196,0.9963614344596863,0.97266685962677,0.9999574422836304,0.8601004481315613,0.5987733602523804,0.22156016528606415,4.0
309,0.0,0.0,0.0,0.0,0.0,0.0,0.0,0.0,4.867056122748181e-05,7.329543586820364e-05,0.0009503215551376343,1.4226337043510284e-05,0.0023751978296786547,0.000656569900456816,0.00027232643333263695,6.06907360634068e-06,0.0
310,0.0,0.0,0.0,0.0,0.0,0.0,0.0,0.0,0.0003532514674589038,0.0030412946362048388,0.00023534867796115577,1.2657314073294401e-05,0.005426022224128246,0.0030631939880549908,0.08531899005174637,1.3775711522612255e-05,0.0
311,0.0,0.0,0.0,0.0,0.0,0.0,0.0,0.0,0.002468649996444583,0.0027823839336633682,0.004089502617716789,0.00012851084466092288,0.0016572641907259822,0.00010986483539454639,0.3753678500652313,1.5023502783151343e-05,1.0
312,1.0,1.0,1.0,1.0,1.0,1.0,1.0,1.0,0.9998693466186523,0.9999195337295532,0.9992783665657043,0.999767005443573,0.9989396929740906,0.9825717210769653,0.9130628705024719,0.9076510071754456,0.0
313,1.0,1.0,1.0,0.0,1.0,1.0,0.0,0.0,0.9964162111282349,0.9989770650863647,0.9996504783630371,0.9807204604148865,0.9998249411582947,0.9992693066596985,0.999180257320404,0.12339983135461807,4.0
314,1.0,1.0,1.0,1.0,1.0,1.0,1.0,0.0,0.909699559211731,0.9983606934547424,0.9987959861755371,0.02856392040848732,0.9997953772544861,0.9996825456619263,0.04534488916397095,0.13466836512088776,0.0
315,1.0,1.0,1.0,1.0,1.0,0.0,1.0,0.0,0.8358343839645386,0.6100453734397888,0.9850432872772217,0.8186864256858826,0.9959774613380432,0.12224222719669342,0.9950264096260071,0.004121419508010149,4.0
316,0.0,0.0,0.0,0.0,0.0,0.0,0.0,0.0,6.0342987126205117e-05,2.099758967233356e-05,0.0003279314551036805,2.1340352759580128e-05,0.00015916652046144009,3.8601607229793444e-05,4.300198997952975e-05,4.128510681766784e-06,1.0
317,0.0,0.0,0.0,0.0,1.0,0.0,0.0,0.0,0.0014101879205554724,0.39985477924346924,0.03083357773721218,0.00016377298743464053,0.9260119795799255,0.1999509036540985,0.0009107682853937149,2.7102314561489038e-05,3.0
318,0.0,0.0,0.0,0.0,0.0,0.0,0.0,0.0,0.00010218929674010724,7.097505294950679e-05,0.000641580845694989,1.9354731193743646e-05,0.016342297196388245,0.00010178123193327338,0.0001712539669824764,5.800879989692476e-06,0.0
319,1.0,1.0,1.0,1.0,1.0,1.0,1.0,0.0,0.9989877343177795,0.9990664124488831,0.9997714161872864,0.9994420409202576,0.9999185800552368,0.9998032450675964,0.9941977262496948,0.9703930020332336,1.0
320,0.0,0.0,0.0,0.0,0.0,0.0,0.0,0.0,7.284678304131376e-06,0.003240988589823246,6.0365604440448806e-05,6.820216367486864e-05,0.005992962513118982,8.438131044385955e-05,5.609753861790523e-05,2.751835154413129e-06,2.0
321,0.0,0.0,0.0,0.0,0.0,0.0,0.0,0.0,0.00022910420375410467,0.004132929723709822,0.004633686505258083,8.364649693248793e-05,0.0007082009105943143,0.00018639203335624188,0.016708282753825188,0.00011765222006943077,0.0
322,1.0,1.0,1.0,1.0,1.0,1.0,1.0,1.0,0.9985129237174988,0.9997605681419373,0.9999227523803711,0.9991214871406555,0.9998842477798462,0.999698281288147,0.9944103360176086,0.8088423013687134,3.0
323,1.0,1.0,1.0,1.0,1.0,1.0,0.0,0.0,0.9973294734954834,0.9997424483299255,0.9998526573181152,0.9999302625656128,0.9998024106025696,0.9993463158607483,0.9985613226890564,0.04588880389928818,0.0
324,1.0,1.0,1.0,0.0,1.0,1.0,0.0,0.0,0.3971918523311615,0.979162871837616,0.8071156740188599,0.00046179883065633476,0.9996836185455322,0.9993508458137512,0.01102626696228981,5.6785451306495816e-05,2.0
325,0.0,0.0,0.0,0.0,0.0,0.0,0.0,0.0,0.0002666191721800715,0.011048694141209126,0.004070966970175505,0.00011247387010371312,0.03061508946120739,0.00791312474757433,9.58840100793168e-05,5.47840136277955e-06,3.0
326,1.0,1.0,1.0,1.0,1.0,1.0,1.0,0.0,0.9914037585258484,0.9994845390319824,0.9982761144638062,0.9968955516815186,0.9989917874336243,0.999762237071991,0.8767493367195129,0.1809443086385727,1.0
327,1.0,1.0,1.0,1.0,1.0,1.0,0.0,1.0,0.9996968507766724,0.9996181726455688,0.9997996687889099,0.9996591806411743,0.9984228610992432,0.9967544674873352,0.0019488038960844278,0.6175311207771301,0.0
328,0.0,0.0,0.0,0.0,0.0,0.0,0.0,0.0,0.000319213344482705,0.00010666061280062422,0.0023392955772578716,2.8788512281607836e-05,0.0009442645241506398,2.0872032109764405e-05,0.0007508625858463347,0.00034581864019855857,0.0
329,0.0,0.0,0.0,0.0,0.0,0.0,0.0,0.0,1.7838214262155816e-05,3.546765947248787e-05,0.00012892963422928005,2.80189578916179e-05,4.9243495595874265e-05,2.899042738135904e-05,0.00042100122664123774,2.223342335128109e-06,1.0
330,1.0,1.0,1.0,1.0,1.0,1.0,1.0,1.0,0.999864935874939,0.9999423027038574,0.999589741230011,0.9984446167945862,0.9999332427978516,0.9999196529388428,0.9995731711387634,0.9216079115867615,4.0
331,1.0,1.0,1.0,0.0,1.0,1.0,0.0,0.0,0.03498104587197304,0.9984920024871826,0.9993625283241272,0.002892983378842473,0.9998242259025574,0.9983270764350891,0.0002690335095394403,0.0016636042855679989,1.0
332,1.0,1.0,1.0,1.0,1.0,1.0,1.0,1.0,0.999903678894043,0.9999432563781738,0.9996658563613892,0.9995638728141785,0.9998691082000732,0.9998561143875122,0.840924084186554,0.9992471933364868,0.0
333,0.0,0.0,0.0,0.0,0.0,0.0,0.0,0.0,2.4705372197786346e-05,1.228327710123267e-05,2.9569047910626978e-05,1.4698514860356227e-05,0.0015718245413154364,1.057672307069879e-05,7.923197699710727e-05,1.2163270184828434e-05,0.0
334,1.0,1.0,1.0,1.0,1.0,1.0,1.0,0.0,0.9967406392097473,0.9999314546585083,0.9998549222946167,0.9998350143432617,0.9997913241386414,0.9997994303703308,0.9962226152420044,0.8172927498817444,0.0
335,1.0,1.0,1.0,1.0,1.0,0.0,0.0,0.0,0.9909530878067017,0.9812113046646118,0.999613344669342,0.9986876845359802,0.9995984435081482,0.8302649259567261,0.08452057093381882,0.0016898342873901129,2.0
336,1.0,1.0,1.0,1.0,1.0,1.0,1.0,0.0,0.9685839414596558,0.9990857839584351,0.998848557472229,0.9969663023948669,0.9998284578323364,0.9903146624565125,0.9988343119621277,0.0034109707921743393,1.0
337,0.0,0.0,0.0,0.0,0.0,0.0,0.0,0.0,0.00019853864796459675,0.0025887254159897566,0.000867615919560194,0.00030944979516789317,0.0003801709390245378,0.0018538462463766336,0.0006873475504107773,0.00012244809477124363,4.0
338,0.0,0.0,0.0,0.0,0.0,0.0,0.0,0.0,4.1579725802876055e-05,1.0066833965538535e-05,5.746317037846893e-05,1.4447472494794056e-05,0.00014298924361355603,3.740683678188361e-05,0.003065513214096427,3.0159242669469677e-05,2.0
339,0.0,0.0,0.0,0.0,0.0,0.0,0.0,0.0,0.00012128186062909663,0.00015312711184378713,0.00041550444439053535,0.00037232041358947754,0.002593421610072255,7.477681356249377e-05,0.001538689830340445,7.336982434935635e-06,4.0
340,0.0,0.0,0.0,0.0,0.0,0.0,0.0,0.0,2.82773507933598e-05,7.705957250436768e-05,5.350750143406913e-05,3.3325781259918585e-05,0.0006382694700732827,0.00023095397045835853,0.004188657272607088,9.544271961203776e-06,2.0
341,0.0,0.0,0.0,0.0,0.0,0.0,0.0,0.0,1.4488354281638749e-05,5.961141505395062e-05,0.00011948231258429587,3.356351953698322e-05,0.008679271675646305,0.00044676699326373637,0.02423451654613018,1.2249013707332779e-05,2.0
342,1.0,1.0,1.0,1.0,1.0,0.0,1.0,0.0,0.9940535426139832,0.5822966694831848,0.9997323155403137,0.9989128112792969,0.9995427131652832,0.9966678023338318,0.9887624382972717,0.6933067440986633,1.0
343,0.0,0.0,0.0,0.0,0.0,0.0,0.0,0.0,4.178092785878107e-05,0.0008752091089263558,9.403464355273172e-05,0.0004121178644709289,0.0004103007959201932,0.00010581845708657056,0.002916563767939806,6.0354148445185274e-05,4.0
344,1.0,1.0,1.0,1.0,1.0,0.0,1.0,1.0,0.998953104019165,0.9999562501907349,0.9990580677986145,0.9999042749404907,0.9984971284866333,0.9288473725318909,0.9960296154022217,0.9764450192451477,0.0
345,1.0,1.0,1.0,1.0,1.0,1.0,0.0,1.0,0.9997439980506897,0.9958058595657349,0.9996821880340576,0.9998979568481445,0.9990288019180298,0.9808159470558167,0.8169530630111694,0.8593723773956299,4.0
346,1.0,1.0,1.0,1.0,1.0,1.0,0.0,1.0,0.9859764575958252,0.998417854309082,0.9994556307792664,0.9992259740829468,0.9998425245285034,0.9994217157363892,0.5800201296806335,0.9820412397384644,1.0
347,0.0,0.0,0.0,0.0,0.0,0.0,0.0,0.0,0.00013447539822664112,3.345394361531362e-05,4.999031807528809e-05,5.415574923972599e-05,9.298388613387942e-05,1.8155216821469367e-05,0.0011768854456022382,7.606056442455156e-06,3.0
348,1.0,1.0,1.0,1.0,1.0,1.0,1.0,1.0,0.9997268319129944,0.9994157552719116,0.99556964635849,0.9958072900772095,0.9998966455459595,0.9999195337295532,0.736552357673645,0.3638931214809418,3.0
349,1.0,1.0,1.0,1.0,0.0,0.0,1.0,1.0,0.9997343420982361,0.9985985159873962,0.9964323043823242,0.9998499155044556,0.9997441172599792,0.9751662015914917,0.9882595539093018,0.9983539581298828,2.0
350,0.0,1.0,0.0,0.0,0.0,0.0,0.0,0.0,0.44734394550323486,0.9843951463699341,0.7332342267036438,0.11298979073762894,0.9950479865074158,0.056064337491989136,0.11663363128900528,0.0002331133873667568,0.0
351,1.0,1.0,1.0,1.0,1.0,1.0,1.0,0.0,0.9997194409370422,0.9962414503097534,0.9998512268066406,0.999649167060852,0.9999358654022217,0.9992115497589111,0.9794045686721802,0.8582218289375305,0.0
352,1.0,0.0,1.0,1.0,1.0,0.0,0.0,0.0,0.9465669393539429,0.5722946524620056,0.9997379183769226,0.999947190284729,0.9993545413017273,0.6776572465896606,0.3498190641403198,0.059123601764440536,0.0
353,0.0,0.0,0.0,0.0,0.0,0.0,0.0,0.0,4.7734469262650236e-05,0.000659709214232862,0.00011342501238686964,6.093780029914342e-05,0.033324118703603745,0.00024368921003770083,0.00022942948271520436,3.2903019473451423e-06,2.0
354,1.0,1.0,1.0,1.0,1.0,1.0,0.0,0.0,0.9997431635856628,0.999933123588562,0.9935156106948853,0.9964343309402466,0.9999116659164429,0.9944406151771545,0.09669960290193558,0.09603235870599747,2.0
355,0.0,0.0,0.0,0.0,0.0,0.0,0.0,0.0,4.9534894060343504e-05,0.0007229710463434458,0.0269820224493742,3.157234823447652e-05,0.0021943352185189724,0.000183442811248824,0.0013705277815461159,5.934067303314805e-06,1.0
356,0.0,0.0,0.0,0.0,0.0,0.0,0.0,0.0,2.5911056582117453e-05,5.7178760471288115e-05,5.845927444170229e-05,3.054126136703417e-05,0.0013560433872044086,5.4329972044797614e-05,0.00030089536448940635,7.284545517904917e-06,2.0
357,1.0,1.0,1.0,0.0,1.0,0.0,0.0,0.0,0.8089187741279602,0.9992606043815613,0.9999064207077026,0.13042372465133667,0.9998112320899963,0.9895915389060974,0.5286964774131775,0.07638373970985413,1.0
358,0.0,1.0,1.0,0.0,1.0,1.0,0.0,0.0,0.15963298082351685,0.9822524785995483,0.9915298223495483,0.0027653751894831657,0.9998113512992859,0.9378196001052856,0.25328153371810913,0.00025097635807469487,3.0
359,1.0,1.0,1.0,1.0,1.0,1.0,1.0,0.0,0.9966272711753845,0.999728262424469,0.9998434782028198,0.9997721314430237,0.9998047947883606,0.9994602799415588,0.9664852619171143,0.003956479951739311,0.0
360,0.0,0.0,0.0,0.0,0.0,0.0,0.0,0.0,9.165319170278963e-06,0.00471474090591073,0.0005240373429842293,6.561288319062442e-05,0.0006245753029361367,0.0001846635714173317,0.0004493584856390953,4.729116426460678e-06,2.0
361,0.0,0.0,0.0,0.0,0.0,0.0,0.0,0.0,6.380254490068182e-05,0.010976802557706833,0.0008195974514819682,2.8065784135833383e-05,0.0006654850440099835,2.2206631911103614e-05,0.00014106497110333294,2.785821743600536e-05,0.0
362,1.0,1.0,1.0,1.0,1.0,1.0,1.0,0.0,0.0925438404083252,0.9885234236717224,0.9958285689353943,0.9810848236083984,0.9989866614341736,0.9376547336578369,0.9573189616203308,0.00011980917042819783,0.0
363,0.0,1.0,1.0,1.0,1.0,1.0,1.0,0.0,0.9518002867698669,0.7420855760574341,0.9947779178619385,0.9561701416969299,0.9994677901268005,0.9401856660842896,0.9881486296653748,0.0030935644172132015,1.0
364,0.0,0.0,0.0,0.0,0.0,0.0,0.0,0.0,0.00031274399952962995,0.0002554865786805749,0.00040633269236423075,8.575285028200597e-05,5.1679111493285745e-05,7.925004319986328e-05,0.0070845745503902435,8.7579219325562e-06,3.0
365,1.0,1.0,1.0,1.0,1.0,1.0,0.0,0.0,0.9960905909538269,0.991588294506073,0.9998794794082642,0.041720736771821976,0.9998364448547363,0.9978829026222229,0.05779731646180153,0.16800051927566528,1.0
366,1.0,1.0,1.0,1.0,1.0,1.0,1.0,0.0,0.9916411638259888,0.9997900128364563,0.9985270500183105,0.9994348883628845,0.9997841715812683,0.9988269209861755,0.9994303584098816,0.7732348442077637,4.0
367,0.0,0.0,0.0,0.0,0.0,0.0,0.0,0.0,0.0003925264463759959,0.013714409433305264,0.0032907903660088778,0.001323080388829112,0.0013546525733545423,0.00015569764946121722,0.0028293663635849953,3.8860078348079696e-05,2.0
368,0.0,0.0,0.0,0.0,0.0,0.0,0.0,0.0,5.704684372176416e-05,6.345613655867055e-05,1.7220270819962025e-05,2.5524488592054695e-05,8.02318609203212e-05,3.4533728467067704e-05,0.00038214269443415105,1.2992338270123582e-05,2.0
369,1.0,1.0,1.0,0.0,1.0,0.0,0.0,0.0,0.32512062788009644,0.8343378305435181,0.12524805963039398,0.00893639586865902,0.5373319387435913,0.019449925050139427,0.02375137433409691,0.00018379141693003476,2.0
370,1.0,1.0,1.0,1.0,1.0,0.0,1.0,1.0,0.9972742199897766,0.9822485446929932,0.9937801957130432,0.7317149043083191,0.9931259155273438,0.020881442353129387,0.13584786653518677,0.21800419688224792,1.0
371,1.0,1.0,1.0,1.0,1.0,0.0,0.0,1.0,0.9996870756149292,0.800905168056488,0.9998819828033447,0.9998840093612671,0.9996053576469421,0.5672770738601685,0.1615975946187973,0.23654289543628693,0.0
372,0.0,0.0,0.0,0.0,0.0,0.0,0.0,0.0,4.438013547769515e-06,0.001471666619181633,0.0008444367558695376,0.00024091445084195584,0.00277120154350996,0.00031809203210286796,0.0013377162395045161,8.905557479010895e-06,4.0
373,0.0,0.0,0.0,0.0,1.0,0.0,0.0,0.0,0.28495684266090393,0.64998459815979,0.9809531569480896,0.0018154018325731158,0.9999213218688965,0.9984138011932373,0.10220451653003693,0.00024266719992738217,3.0
374,0.0,1.0,0.0,0.0,1.0,1.0,0.0,0.0,0.07079128175973892,0.9513652324676514,0.9996115565299988,0.002411925233900547,0.9998446702957153,0.5425013899803162,0.02426741272211075,4.9683538236422464e-05,3.0
375,1.0,1.0,1.0,1.0,1.0,1.0,1.0,0.0,0.42793938517570496,0.9953855872154236,0.9997405409812927,0.996842622756958,0.999921441078186,0.9877225160598755,0.024984726682305336,5.4628435464110225e-05,2.0
376,0.0,0.0,0.0,0.0,0.0,0.0,0.0,0.0,2.449435123708099e-05,2.658547236933373e-05,0.00012129551032558084,2.6327194063924253e-05,7.920047937659547e-05,2.445280915708281e-05,0.00014510873006656766,2.3728259748168057e-06,3.0
377,0.0,0.0,0.0,0.0,0.0,0.0,0.0,0.0,1.9673827409860678e-05,0.0002232168335467577,1.9441435142653063e-05,5.093605432193726e-05,0.0028288227040320635,0.00015174727013800293,7.632188498973846e-05,6.868641321489122e-06,1.0
378,1.0,1.0,1.0,0.0,1.0,0.0,1.0,0.0,0.9992586970329285,0.6051410436630249,0.9962539672851562,0.6670055985450745,0.9956236481666565,0.9469440579414368,0.8719019889831543,0.4294850826263428,4.0
379,0.0,1.0,0.0,0.0,1.0,0.0,0.0,0.0,7.328789070015773e-05,0.344504714012146,9.47031585383229e-05,0.003455943427979946,0.7231324315071106,0.0009149584802798927,0.016955645754933357,2.5677738449303433e-05,4.0
380,1.0,1.0,1.0,1.0,1.0,1.0,0.0,1.0,0.9628244638442993,0.977903425693512,0.9383499026298523,0.9512009620666504,0.9997143149375916,0.85271155834198,0.36247551441192627,0.018058961257338524,1.0
381,1.0,1.0,1.0,1.0,1.0,1.0,1.0,1.0,0.9998836517333984,0.9967132806777954,0.9998199343681335,0.9996756315231323,0.9995880722999573,0.701744019985199,0.9395509958267212,0.20300790667533875,1.0
382,0.0,0.0,0.0,0.0,0.0,0.0,0.0,0.0,6.0429250879678875e-05,0.07074538618326187,0.0027646690141409636,1.2822129974665586e-05,0.001674980390816927,0.00068569032009691,6.919233419466764e-05,5.0710796131170355e-06,0.0
383,1.0,1.0,1.0,1.0,1.0,1.0,1.0,1.0,0.9971147775650024,0.9950120449066162,0.9997621178627014,0.9898925423622131,0.999813973903656,0.9970331192016602,0.9753099679946899,0.89063560962677,2.0
384,0.0,0.0,0.0,0.0,0.0,0.0,0.0,0.0,6.62365200696513e-05,4.4767522922484204e-05,0.0009061831515282393,6.444478640332818e-05,0.00012334680650383234,3.8858779589645565e-05,0.0016797938151285052,1.3612171642307658e-05,3.0
385,0.0,0.0,0.0,0.0,0.0,0.0,0.0,0.0,1.6744705135351978e-05,0.00016057277389336377,0.00032231942168436944,7.404163625324145e-05,0.0015096924034878612,0.0002021490945480764,0.003828749991953373,1.7165950339403935e-05,4.0
386,1.0,1.0,1.0,1.0,1.0,1.0,0.0,0.0,0.7705145478248596,0.8316258788108826,0.9993389248847961,0.9980486631393433,0.9999152421951294,0.9427635073661804,0.028141392394900322,0.0005220859311521053,3.0
387,0.0,0.0,0.0,0.0,0.0,0.0,0.0,0.0,8.327308933075983e-06,1.0587985343590844e-05,2.4044526071520522e-05,4.9357553507434204e-05,0.00015445760800503194,3.6516477848635986e-05,0.00027549100923351943,2.9090317639202112e-06,4.0
388,0.0,1.0,1.0,0.0,1.0,1.0,0.0,0.0,0.9924941062927246,0.9962928891181946,0.99544358253479,0.20648035407066345,0.999789297580719,0.9554129838943481,0.07376871258020401,0.017942877486348152,0.0
389,1.0,1.0,0.0,0.0,1.0,1.0,0.0,0.0,0.9970508813858032,0.9447157382965088,0.8032522797584534,0.5095646977424622,0.99981290102005,0.9640839099884033,0.5249345898628235,0.022660713642835617,4.0
390,1.0,1.0,1.0,1.0,1.0,1.0,1.0,1.0,0.9999748468399048,0.999488115310669,0.9997029900550842,0.9953117370605469,0.9998514652252197,0.9993526339530945,0.38579171895980835,0.939863920211792,2.0
391,1.0,1.0,1.0,1.0,1.0,1.0,0.0,0.0,0.9995410442352295,0.9993096590042114,0.9990862607955933,0.9998310804367065,0.9999266862869263,0.9428969621658325,0.9568761587142944,0.6695799827575684,4.0
392,1.0,0.0,1.0,1.0,1.0,0.0,0.0,0.0,0.23741228878498077,0.9285520315170288,0.9901155233383179,0.9983270764350891,0.999860405921936,0.9814304709434509,0.011581200174987316,0.0036731024738401175,4.0
393,1.0,1.0,1.0,1.0,1.0,1.0,0.0,1.0,0.9997875094413757,0.9995893836021423,0.9993258714675903,0.9983185529708862,0.9998573064804077,0.997624933719635,0.15912818908691406,0.9503569602966309,2.0
394,1.0,1.0,1.0,1.0,1.0,1.0,0.0,1.0,0.9957090616226196,0.9934988021850586,0.9981518387794495,0.9995754361152649,0.999962568283081,0.9906399250030518,0.20623184740543365,0.32251495122909546,0.0
395,0.0,0.0,0.0,0.0,0.0,0.0,0.0,0.0,0.0001963280519703403,0.0008506893063895404,0.007227267138659954,0.0003518268058542162,0.0022685069125145674,0.00038694936665706336,0.0008727500098757446,5.545649764826521e-05,2.0
396,1.0,1.0,1.0,1.0,1.0,1.0,1.0,0.0,0.9999096393585205,0.9996601343154907,0.9998151659965515,0.9998689889907837,0.999823272228241,0.9983816146850586,0.9677751064300537,0.9323909878730774,2.0
397,0.0,1.0,1.0,0.0,1.0,0.0,0.0,0.0,0.9994619488716125,0.8715198040008545,0.9985418319702148,0.959821343421936,0.9996384382247925,0.9959412813186646,0.9202333688735962,0.0982496365904808,4.0
398,0.0,0.0,0.0,0.0,0.0,0.0,0.0,0.0,5.827992572449148e-05,0.0006742364494130015,4.28968523920048e-05,4.864838410867378e-05,0.0002879833336919546,0.000323534884955734,0.0019499320769682527,1.56353744387161e-05,0.0
399,0.0,0.0,0.0,0.0,0.0,0.0,0.0,0.0,2.0488278096308932e-05,0.0002858875668607652,0.0003182145592290908,4.782614269061014e-05,0.00010509942512726411,0.00026815131423063576,6.52505477773957e-05,3.0182545742718503e-06,2.0
400,1.0,1.0,1.0,1.0,1.0,1.0,1.0,1.0,0.9998871088027954,0.9990739822387695,0.9998447895050049,0.9999314546585083,0.9997242093086243,0.997420072555542,0.9901608228683472,0.9571401476860046,3.0
401,1.0,1.0,1.0,1.0,1.0,1.0,1.0,1.0,0.9994044303894043,0.9997426867485046,0.9995902180671692,0.9807073473930359,0.9997478127479553,0.99954754114151,0.9971038699150085,0.7493922710418701,4.0
402,1.0,1.0,1.0,1.0,1.0,1.0,1.0,1.0,0.9999672174453735,0.9998326301574707,0.9995539784431458,0.9981491565704346,0.9999244213104248,0.9997730851173401,0.9341903328895569,0.9876947402954102,3.0
403,1.0,1.0,1.0,1.0,1.0,1.0,1.0,1.0,0.999790608882904,0.9997966885566711,0.9996894598007202,0.9994274377822876,0.9997259974479675,0.9999091625213623,0.9970792531967163,0.9957525730133057,3.0
404,1.0,1.0,1.0,1.0,1.0,1.0,0.0,0.0,0.9521485567092896,0.9316587448120117,0.9999369382858276,0.9993264675140381,0.9994857311248779,0.992475688457489,0.03343387693166733,0.009954401291906834,1.0
405,0.0,0.0,0.0,0.0,0.0,0.0,0.0,0.0,0.00017228777869604528,0.17166337370872498,0.0075696613639593124,2.820643931045197e-05,0.0023977276869118214,3.741464752238244e-05,0.0009894849499687552,2.2033189452486113e-05,0.0
406,0.0,0.0,0.0,0.0,0.0,0.0,0.0,0.0,1.563124533277005e-05,0.00038698589196428657,0.0004016200255136937,7.045944221317768e-05,0.013375024311244488,3.292076871730387e-05,0.00018630408158060163,7.0347109613067005e-06,4.0
407,0.0,1.0,1.0,0.0,1.0,1.0,0.0,0.0,0.10071112960577011,0.9894797205924988,0.9984833598136902,0.0022530099377036095,0.999879002571106,0.9938568472862244,0.03373130038380623,0.00016525819955859333,2.0
408,0.0,0.0,0.0,0.0,0.0,0.0,0.0,0.0,9.882487574941479e-06,0.00013993865286465734,1.9968514607171528e-05,6.779668910894543e-05,0.000176599423866719,0.00023402355145663023,7.594523776788265e-05,7.390000519080786e-06,1.0
409,0.0,0.0,0.0,0.0,0.0,0.0,0.0,0.0,2.2147854906506836e-05,1.1569436537683941e-05,3.833994469459867e-06,9.161482012132183e-06,0.0017030060989782214,1.6678503016009927e-05,0.00031315095839090645,3.282222223788267e-06,0.0
410,0.0,0.0,0.0,0.0,0.0,0.0,0.0,0.0,0.9951648712158203,0.9969471096992493,0.5724763870239258,0.34599581360816956,0.9986634254455566,0.17963753640651703,0.034112755209207535,0.005473343189805746,3.0
411,0.0,0.0,0.0,0.0,0.0,0.0,0.0,0.0,2.0641504306695424e-05,4.863924550591037e-05,0.00013362512981984764,1.4501777513942216e-05,0.004710464272648096,5.589158536167815e-05,0.001783312065526843,3.003983010785305e-06,0.0
412,1.0,1.0,1.0,1.0,1.0,1.0,1.0,0.0,0.9999123811721802,0.9997740387916565,0.9993663430213928,0.9994673132896423,0.9995248317718506,0.9995889067649841,0.9937949180603027,0.2630048990249634,2.0
413,0.0,0.0,0.0,0.0,0.0,0.0,0.0,0.0,8.6008440121077e-05,0.00035708362702280283,0.0021622045896947384,2.420176679152064e-05,0.0007617903174832463,0.0011128506157547235,0.0003600557101890445,4.514109605224803e-06,4.0
414,1.0,1.0,1.0,1.0,1.0,1.0,0.0,1.0,0.9981127977371216,0.4238570034503937,0.9875606894493103,0.9767014980316162,0.9369568228721619,0.12186438590288162,0.7759795188903809,0.45266884565353394,3.0
415,0.0,0.0,0.0,0.0,0.0,0.0,0.0,0.0,1.714306381472852e-05,3.965802534366958e-05,0.0003497491998132318,5.121055437484756e-05,0.0009570125839672983,3.407384792808443e-05,0.00012872634397353977,9.243829481420107e-06,3.0
416,1.0,1.0,1.0,1.0,1.0,1.0,1.0,1.0,0.9992262125015259,0.9996989965438843,0.9982045888900757,0.9954060316085815,0.9998420476913452,0.8820465207099915,0.9697273373603821,0.9526893496513367,2.0
417,1.0,1.0,1.0,1.0,1.0,1.0,1.0,1.0,0.9831489324569702,0.9996048808097839,0.9995480179786682,0.9998311996459961,0.9999058246612549,0.9988755583763123,0.1360880732536316,0.10889819264411926,2.0
418,1.0,1.0,1.0,1.0,1.0,1.0,1.0,1.0,0.9997519850730896,0.999927282333374,0.9992484450340271,0.9991809725761414,0.9997507929801941,0.9984057545661926,0.9985243678092957,0.9988401532173157,4.0
419,1.0,1.0,1.0,1.0,1.0,1.0,0.0,1.0,0.9999594688415527,0.999600350856781,0.9993982315063477,0.9995895028114319,0.9968737363815308,0.9946340322494507,0.9897116422653198,0.9388285875320435,3.0
420,1.0,1.0,1.0,1.0,1.0,1.0,1.0,1.0,0.9993071556091309,0.9996391534805298,0.999818742275238,0.9999125003814697,0.9999370574951172,0.9999408721923828,0.993513822555542,0.975681483745575,0.0
421,0.0,0.0,0.0,0.0,0.0,0.0,0.0,0.0,2.7040481654694304e-05,3.1366744224214926e-05,1.981621971935965e-05,5.8213994634570554e-05,0.00018865260062739253,1.645699012442492e-05,0.001574763678945601,7.319370979530504e-06,3.0
422,1.0,1.0,1.0,1.0,1.0,1.0,0.0,0.0,0.9995474219322205,0.9995966553688049,0.9995668530464172,0.9997509121894836,0.9997842907905579,0.8665834069252014,0.007473895791918039,0.0205620676279068,2.0
423,1.0,1.0,1.0,1.0,1.0,1.0,1.0,0.0,0.9997335076332092,0.9963648915290833,0.9996744394302368,0.9997230172157288,0.9998217225074768,0.9954696893692017,0.8245296478271484,0.7453606128692627,0.0
424,0.0,0.0,0.0,0.0,0.0,0.0,0.0,0.0,3.614475645008497e-05,4.2963747546309605e-05,1.9679739125422202e-05,3.122253838228062e-05,8.139310375554487e-05,7.310536602744833e-05,0.0003377866232767701,5.090058039058931e-06,1.0
425,0.0,1.0,1.0,0.0,1.0,0.0,0.0,0.0,0.002716062357649207,0.18346521258354187,0.06456415355205536,6.597333413083106e-05,0.018045229837298393,0.0004261808062437922,0.001464696368202567,7.938035560073331e-05,1.0
426,0.0,0.0,0.0,0.0,0.0,0.0,0.0,0.0,8.51354852784425e-05,3.919754453818314e-05,0.00023595127277076244,6.473656685557216e-05,6.803878932259977e-05,0.00013670824409928173,0.0004057267215102911,1.3948677406006027e-05,2.0
427,1.0,1.0,1.0,1.0,1.0,1.0,1.0,1.0,0.9959781169891357,0.9990575909614563,0.9996412992477417,0.9996563196182251,0.9999282360076904,0.9998757839202881,0.993657648563385,0.1814306080341339,4.0
428,0.0,0.0,0.0,0.0,0.0,0.0,0.0,0.0,5.47047056898009e-05,2.9312068363651633e-05,0.0001288819476030767,2.2820357116870582e-05,0.02169603295624256,5.0321636081207544e-05,0.00037974442238919437,5.652869731420651e-06,0.0
429,0.0,0.0,0.0,0.0,1.0,0.0,0.0,0.0,0.1485467255115509,0.6097165942192078,0.7388551235198975,0.0002959483826998621,0.9993834495544434,0.014903423376381397,0.011942926794290543,4.679587163991528e-06,1.0
430,1.0,1.0,1.0,1.0,1.0,1.0,1.0,0.0,0.9944052696228027,0.9868454933166504,0.9996883869171143,0.9974004030227661,0.9999614953994751,0.9998040795326233,0.9937402009963989,0.7405978441238403,0.0
431,0.0,0.0,0.0,0.0,0.0,0.0,0.0,0.0,2.597087404865306e-05,2.2443398847826757e-05,3.791849303524941e-05,4.4992520997766405e-05,0.004305931273847818,0.00015850557247176766,0.00012744184641633183,7.0348387453123e-06,2.0
432,0.0,0.0,0.0,0.0,0.0,1.0,0.0,0.0,0.8485333919525146,0.01426917128264904,0.024556413292884827,0.0004098580393474549,0.016846556216478348,0.00030693525332026184,0.3729063868522644,0.005815342999994755,0.0
433,0.0,0.0,0.0,0.0,0.0,0.0,0.0,0.0,0.00020539705292321742,0.003824196755886078,0.0033491626381874084,0.00010454317816765979,0.00394114013761282,0.00016038745525293052,0.0011591750662773848,2.1386149455793202e-05,1.0
434,0.0,0.0,0.0,0.0,0.0,0.0,0.0,0.0,3.584601654438302e-05,2.4663373551447876e-05,2.3690390662522987e-05,2.8758764528902248e-05,4.399258614284918e-05,3.909171209670603e-05,6.90062515786849e-05,3.559509423212148e-05,2.0
435,0.0,0.0,0.0,0.0,0.0,0.0,0.0,0.0,0.00011304051440674812,0.03388155251741409,0.004720739088952541,8.484113641316071e-05,0.000910419097635895,0.0011945109581574798,0.000577813305426389,3.736515645869076e-05,2.0
436,0.0,0.0,0.0,0.0,0.0,0.0,1.0,0.0,0.03232090175151825,0.00034833018435165286,1.9938277546316385e-05,0.0001339549053227529,0.0007381471223197877,0.005051121581345797,0.0011593479430302978,1.8286809790879488e-05,1.0
437,0.0,0.0,0.0,0.0,0.0,0.0,0.0,0.0,1.0773876056191511e-05,5.7132812798954546e-05,0.00021585822105407715,5.552311995415948e-05,5.7510973419994116e-05,2.92308959615184e-05,0.0004449992557056248,1.7737910411597113e-06,3.0
438,0.0,0.0,0.0,0.0,0.0,0.0,0.0,0.0,3.446437403908931e-05,4.288486888981424e-05,9.264013351639733e-05,0.00010396102879894897,0.002517072018235922,2.5054481739061885e-05,8.830308070173487e-05,5.295315986586502e-06,3.0
439,0.0,1.0,1.0,1.0,1.0,1.0,0.0,0.0,0.08859773725271225,0.9987247586250305,0.9994984865188599,0.9732453227043152,0.9986383318901062,0.9995049238204956,0.6668146252632141,0.0005186069174669683,1.0
440,1.0,1.0,1.0,0.0,1.0,0.0,0.0,0.0,0.8750199675559998,0.8922437429428101,0.9992407560348511,0.9996684789657593,0.9996546506881714,0.938144326210022,0.26140666007995605,0.0018956863787025213,0.0
441,1.0,1.0,1.0,1.0,1.0,1.0,1.0,1.0,0.9996672868728638,0.999382495880127,0.9999485015869141,0.9998730421066284,0.9998093247413635,0.5711148977279663,0.999728262424469,0.998331606388092,3.0
442,0.0,0.0,0.0,0.0,0.0,0.0,0.0,0.0,8.754539157962427e-05,0.00039044898585416377,0.0004038374754600227,0.0003410142089705914,0.0004899033228866756,8.505003643222153e-05,0.00023595598759129643,6.341732387227239e-06,1.0
443,0.0,0.0,0.0,0.0,0.0,0.0,0.0,0.0,0.005057185888290405,0.019008485600352287,0.06900276988744736,0.003101437585428357,0.003220832208171487,0.0030091400258243084,0.0026336158625781536,4.602277840604074e-05,2.0
444,1.0,1.0,1.0,1.0,1.0,1.0,1.0,1.0,0.9995930790901184,0.9999065399169922,0.9997774958610535,0.9995972514152527,0.9994786381721497,0.997061550617218,0.9865301847457886,0.9995487332344055,2.0
445,0.0,0.0,0.0,0.0,0.0,0.0,0.0,0.0,3.9181399188237265e-05,2.798883360810578e-05,0.0005996032850816846,3.424928218009882e-05,0.004506135359406471,8.81399682839401e-05,0.0017678635194897652,3.548392896846053e-06,2.0
446,1.0,1.0,1.0,0.0,1.0,1.0,0.0,0.0,0.9987077713012695,0.9941331744194031,0.9998829364776611,0.996639609336853,0.9982327222824097,0.6644263863563538,0.19529013335704803,0.7677318453788757,2.0
447,0.0,0.0,0.0,0.0,1.0,0.0,0.0,0.0,0.00014103241846896708,0.03350428491830826,0.002398550044745207,0.00018529056978877634,0.39539635181427,0.06335024535655975,0.00020674726692959666,4.8537262046011165e-05,1.0
448,1.0,1.0,1.0,1.0,1.0,1.0,1.0,1.0,0.9991899132728577,0.9999053478240967,0.9959606528282166,0.999742329120636,0.999620795249939,0.9981516003608704,0.9968979358673096,0.9986746311187744,1.0
449,0.0,0.0,0.0,0.0,0.0,0.0,0.0,0.0,0.00015138741582632065,0.004080482292920351,0.005228308495134115,3.407186522963457e-05,0.003564154729247093,0.0004937181947752833,0.009304164908826351,1.407126273988979e-05,0.0
450,1.0,1.0,1.0,1.0,1.0,1.0,1.0,1.0,0.9994375109672546,0.9991893172264099,0.9997465014457703,0.9998594522476196,0.9998548030853271,0.9995483756065369,0.9959914088249207,0.8485802412033081,2.0
451,0.0,0.0,0.0,0.0,0.0,0.0,0.0,0.0,1.5604449799866416e-05,3.817559263552539e-05,4.329719376983121e-05,1.2480135410442017e-05,0.0013772583333775401,2.9564762371592224e-05,0.00010960093641187996,2.4027428935369244e-06,0.0
452,0.0,0.0,0.0,0.0,0.0,0.0,0.0,0.0,7.79212496127002e-06,5.125124516780488e-05,0.0008140237769111991,0.00020436305203475058,0.0005870316526852548,3.8604808651143685e-05,0.00044832247658632696,3.026062586286571e-06,3.0
453,1.0,1.0,1.0,1.0,1.0,1.0,1.0,1.0,0.999549925327301,0.9984386563301086,0.9997554421424866,0.9995492100715637,0.9995369911193848,0.9993584752082825,0.9996368885040283,0.9995996356010437,0.0
454,0.0,0.0,0.0,0.0,0.0,0.0,0.0,0.0,3.808813926298171e-05,0.0011623500613495708,0.0007532114395871758,0.0003560825134627521,0.0003120875626336783,6.790286715840921e-05,0.044364843517541885,0.00014291904517449439,4.0
455,1.0,1.0,1.0,1.0,1.0,0.0,0.0,0.0,0.5047035217285156,0.9980087876319885,0.9998403787612915,0.9242644906044006,0.9998712539672852,0.777667224407196,0.9872047901153564,0.029871467500925064,4.0
456,0.0,0.0,0.0,0.0,0.0,0.0,0.0,0.0,3.61284583050292e-05,7.952135638333857e-05,4.776707282871939e-05,3.074544292758219e-05,0.0010046589886769652,9.683401003712788e-05,0.0245828777551651,1.947810778801795e-05,2.0
457,0.0,0.0,0.0,0.0,0.0,0.0,0.0,0.0,4.662839637603611e-05,0.0001490401482442394,0.00012467072519939393,3.333995846332982e-05,0.00045304428203962743,0.00027372586191631854,0.00022293100482784212,3.4990655422006967e-06,1.0
458,0.0,0.0,0.0,0.0,0.0,0.0,0.0,0.0,0.00015745186829008162,0.0013767324853688478,0.0004064475651830435,7.490063580917194e-05,0.011412855237722397,9.750067692948505e-05,0.0025226238649338484,8.721973244973924e-06,4.0
459,0.0,1.0,1.0,1.0,1.0,0.0,1.0,0.0,0.9684272408485413,0.9855834245681763,0.9995672106742859,0.9998372793197632,0.9996190071105957,0.9828130602836609,0.9900035262107849,0.001390148070640862,4.0
460,0.0,0.0,0.0,0.0,0.0,0.0,0.0,0.0,5.172032615519129e-05,0.00010182491678278893,4.13385932915844e-05,0.0002676243893802166,0.001455421093851328,2.8209478841745295e-05,0.0013637266820296645,3.24540383189742e-06,4.0
461,0.0,0.0,0.0,0.0,0.0,0.0,0.0,0.0,3.717135405167937e-05,0.002806064672768116,0.002793025691062212,6.00510866206605e-05,0.0018826527521014214,0.0005468662129715085,0.00961816031485796,1.6380157831008546e-05,4.0
462,0.0,0.0,0.0,0.0,0.0,0.0,0.0,0.0,1.2314652849454433e-05,1.3885158296034206e-05,4.592986806528643e-05,7.577898941235617e-06,0.001263844664208591,3.719418964465149e-05,0.0009271322633139789,3.5169805414625444e-06,0.0
463,0.0,0.0,0.0,0.0,0.0,0.0,1.0,0.0,0.00016816443530842662,0.00011081017146352679,0.0003615790046751499,4.9586178647587076e-05,0.000113707545096986,0.00014392708544619381,0.003304366022348404,1.792502916941885e-05,3.0
464,1.0,1.0,1.0,1.0,1.0,0.0,1.0,1.0,0.9997283816337585,0.9992024302482605,0.961652934551239,0.997771143913269,0.9999585151672363,0.9935011267662048,0.9928597807884216,0.9978044629096985,1.0
465,0.0,0.0,0.0,0.0,0.0,0.0,1.0,0.0,0.35928866267204285,0.0001996961800614372,0.003921415191143751,0.000531765806954354,0.0020042601972818375,0.0005452142795547843,0.11757329106330872,3.6159686715109274e-05,2.0
466,0.0,0.0,0.0,0.0,0.0,0.0,0.0,0.0,3.430602737353183e-05,0.011608255095779896,0.0014632263919338584,0.0002583079331088811,0.014213678427040577,9.782551205717027e-05,0.003750863717868924,5.5057889767340384e-06,4.0
467,0.0,1.0,1.0,0.0,1.0,1.0,0.0,0.0,0.44736483693122864,0.997129499912262,0.9994292855262756,0.001937485532835126,0.9999233484268188,0.9596010446548462,0.0006327335722744465,0.000154336157720536,1.0
468,1.0,1.0,1.0,1.0,1.0,1.0,1.0,0.0,0.995418906211853,0.9984594583511353,0.9948239326477051,0.9992228746414185,0.9999645948410034,0.9993436932563782,0.995266318321228,0.7436604499816895,0.0
469,1.0,1.0,1.0,1.0,1.0,1.0,0.0,0.0,0.9995319843292236,0.9960607886314392,0.9999358654022217,0.9995126724243164,0.999853253364563,0.9691817164421082,0.84808748960495,0.04162362590432167,3.0
470,0.0,0.0,0.0,0.0,0.0,0.0,0.0,0.0,1.3452854545903392e-05,3.2212941732723266e-05,0.00020027357095386833,3.782253770623356e-05,0.0009913622634485364,0.00020292271801736206,0.00013134277833160013,3.1079316613613628e-06,2.0
471,1.0,1.0,1.0,1.0,1.0,1.0,1.0,0.0,0.9982379674911499,0.9942165613174438,0.9994779229164124,0.9998550415039062,0.9998871088027954,0.9968729615211487,0.954345703125,0.026427194476127625,4.0
472,1.0,1.0,1.0,1.0,1.0,1.0,1.0,1.0,0.9811413288116455,0.9989163875579834,0.9956432580947876,0.9789882898330688,0.9995419979095459,0.991025984287262,0.9224822521209717,0.31649041175842285,3.0
473,1.0,1.0,1.0,1.0,1.0,1.0,0.0,0.0,0.9872459173202515,0.9996236562728882,0.9998075366020203,0.9994489550590515,0.9999232292175293,0.9978876709938049,0.5103250741958618,0.019636552780866623,2.0
474,1.0,0.0,1.0,1.0,0.0,1.0,1.0,1.0,0.9997518658638,0.96290522813797,0.9994567036628723,0.9883905649185181,0.9992259740829468,0.9677262306213379,0.8858572244644165,0.8111965656280518,4.0
475,1.0,1.0,1.0,1.0,1.0,1.0,0.0,0.0,0.3634074628353119,0.9996156692504883,0.9369674921035767,0.42788195610046387,0.9998188614845276,0.9960501790046692,0.41088739037513733,0.005434595048427582,4.0
476,0.0,0.0,1.0,1.0,1.0,0.0,0.0,0.0,0.8306635022163391,0.9890650510787964,0.9994949102401733,0.9837682843208313,0.9986733198165894,0.8622636795043945,0.005491605028510094,0.00023770236293785274,4.0
477,0.0,0.0,0.0,0.0,0.0,0.0,0.0,0.0,0.017925124615430832,0.14216658473014832,0.0008106970926746726,0.00026297842850908637,0.0006119462777860463,0.0005076970555819571,0.021670542657375336,0.00034981739008799195,0.0
478,1.0,1.0,1.0,0.0,1.0,1.0,0.0,0.0,0.33679959177970886,0.9980227947235107,0.9978010058403015,0.0007197853410616517,0.9997765421867371,0.9743436574935913,0.3085705041885376,0.0004517927300184965,2.0
479,1.0,1.0,1.0,0.0,1.0,1.0,0.0,0.0,0.9659655690193176,0.940037190914154,0.9992089867591858,0.788097083568573,0.9996808767318726,0.9115387201309204,0.11384420841932297,0.02375013753771782,0.0
480,0.0,0.0,0.0,0.0,0.0,0.0,0.0,0.0,7.623620331287384e-05,0.0008672232506796718,0.0002985333849210292,2.72460856649559e-05,0.0010922591900452971,0.000475341803394258,0.0004623648419510573,4.9561790547159035e-06,3.0
481,0.0,0.0,0.0,0.0,0.0,0.0,0.0,0.0,5.913795030210167e-05,0.0004089728754479438,0.00026579987024888396,2.2384210751624778e-05,0.0003225059772375971,0.00019321982108522207,0.00011387127597117797,2.1984101294947322e-06,1.0
482,0.0,0.0,0.0,0.0,0.0,0.0,1.0,0.0,0.0002187674690503627,0.007261946331709623,0.016029251739382744,0.0003248555585741997,0.00029359248583205044,0.0007630101754330099,0.0034860519226640463,0.0002172421955037862,1.0
483,0.0,0.0,0.0,0.0,0.0,0.0,0.0,0.0,6.995817966526374e-05,0.0006070842500776052,0.0007507427944801748,0.00011762474605347961,0.0001778219302650541,0.0002451812324579805,0.000652871560305357,1.904010059661232e-05,2.0
484,1.0,1.0,1.0,1.0,1.0,1.0,1.0,1.0,0.9900250434875488,0.9909165501594543,0.9997275471687317,0.9979210495948792,0.9998158812522888,0.994959831237793,0.9879323840141296,0.00938020646572113,4.0
485,0.0,0.0,0.0,0.0,0.0,0.0,0.0,0.0,0.00011988243204541504,6.678215140709653e-05,5.20817338838242e-05,7.2426232691213954e-06,0.05166177079081535,0.00041153980419039726,0.0006688696448691189,3.1117276648728875e-06,0.0
486,1.0,1.0,1.0,1.0,1.0,1.0,1.0,0.0,0.9967479705810547,0.9717655777931213,0.99722820520401,0.9773851037025452,0.9993103742599487,0.9204146862030029,0.2231147140264511,0.18796004354953766,1.0
487,0.0,0.0,0.0,0.0,0.0,0.0,0.0,0.0,5.374514512368478e-05,0.00011840132356155664,0.0003850590728688985,4.6576224121963605e-05,0.001264440012164414,0.00015522018657065928,0.0048004379495978355,8.080886800598819e-06,2.0
488,1.0,1.0,1.0,0.0,1.0,1.0,0.0,0.0,0.08986826241016388,0.39849066734313965,0.09676817059516907,0.00046179138007573783,0.9819633960723877,0.011921473778784275,0.04490206390619278,0.00023892386525403708,3.0
489,0.0,1.0,1.0,0.0,1.0,0.0,0.0,0.0,0.017716124653816223,0.9967331886291504,0.9948607087135315,0.008549883030354977,0.9939305782318115,0.7790313959121704,0.0005007337895222008,7.44407152524218e-05,4.0
490,0.0,1.0,1.0,1.0,1.0,1.0,0.0,0.0,0.04830154776573181,0.9978675842285156,0.9989584684371948,0.9982855916023254,0.9996522665023804,0.9645957350730896,0.010572687722742558,0.00012284396507311612,1.0
491,0.0,0.0,0.0,0.0,0.0,0.0,0.0,0.0,0.014850570820271969,0.00015171284030657262,0.0003450657823123038,0.0004944573156535625,0.0006396055105142295,0.00013473158469423652,0.0061439331620931625,0.00013824604684486985,4.0
492,1.0,1.0,1.0,1.0,1.0,1.0,1.0,1.0,0.9977874755859375,0.9942852854728699,0.9993414282798767,0.9930158853530884,0.9998792409896851,0.9995905756950378,0.9405869841575623,0.9886173605918884,4.0
493,1.0,1.0,1.0,1.0,1.0,1.0,1.0,1.0,0.9990741014480591,0.9985764026641846,0.9998047947883606,0.9954171180725098,0.9998797178268433,0.9999262094497681,0.8090426325798035,0.9977149963378906,1.0
494,1.0,1.0,1.0,1.0,1.0,1.0,1.0,1.0,0.9998076558113098,0.9987877011299133,0.9982612729072571,0.9959738850593567,0.9979118704795837,0.9996912479400635,0.9673812985420227,0.7935290932655334,0.0
495,1.0,1.0,1.0,1.0,1.0,0.0,1.0,0.0,0.9862087965011597,0.9603912234306335,0.99950110912323,0.9949005246162415,0.9994454979896545,0.6079469919204712,0.9972835779190063,0.0144210709258914,1.0
496,0.0,0.0,0.0,0.0,0.0,0.0,0.0,0.0,1.0083572306029964e-05,7.853826537029818e-05,0.00013305741595104337,5.121055437484756e-05,0.005741537548601627,1.8131859178538434e-05,0.00023817580949980766,4.028473085782025e-06,3.0
497,1.0,1.0,1.0,1.0,1.0,1.0,1.0,1.0,0.9956183433532715,0.9759594798088074,0.9997373223304749,0.996052086353302,0.9998342990875244,0.9838637113571167,0.3016781210899353,0.9918498992919922,0.0
498,1.0,1.0,1.0,1.0,1.0,0.0,1.0,1.0,0.9983749389648438,0.9988850951194763,0.9334138631820679,0.9963476061820984,0.9811781644821167,0.2801976203918457,0.7814509868621826,0.9902219772338867,4.0
499,0.0,0.0,1.0,0.0,1.0,0.0,0.0,0.0,0.0023433619644492865,0.01875966601073742,0.06587572395801544,7.805012137396261e-05,0.9849209189414978,0.03655875101685524,0.0023353593423962593,6.11710493103601e-06,2.0
500,1.0,1.0,1.0,1.0,1.0,1.0,1.0,0.0,0.9996929168701172,0.9981478452682495,0.9997418522834778,0.9997372031211853,0.9997239708900452,0.9919558763504028,0.8002038598060608,0.1083264946937561,2.0
501,1.0,1.0,1.0,1.0,1.0,1.0,0.0,1.0,0.9995569586753845,0.9996500015258789,0.9989223480224609,0.9998699426651001,0.9998031258583069,0.9993927478790283,0.11096583306789398,0.9979458451271057,1.0
502,0.0,0.0,0.0,0.0,0.0,0.0,0.0,0.0,4.954095402354142e-06,0.004274314269423485,0.0003191186988260597,0.00021234950690995902,0.0009515337878838181,0.00023710884852334857,0.002320040250197053,1.6083973605418578e-05,4.0
503,0.0,0.0,0.0,0.0,0.0,0.0,0.0,0.0,6.488445797003806e-05,2.054654760286212e-05,0.00010240887786494568,3.3590833481866866e-05,0.00018823322898242623,2.1465941244969144e-05,0.00048694232827983797,3.036799625988351e-06,3.0
504,0.0,0.0,0.0,0.0,0.0,0.0,0.0,0.0,0.026897767558693886,0.0076657626777887344,0.010984959080815315,0.0004122273239772767,0.0006951555842533708,0.0009979245951399207,0.0061491793021559715,2.8790296710212715e-05,4.0
505,1.0,1.0,1.0,1.0,1.0,1.0,1.0,0.0,0.987877368927002,0.9998427629470825,0.9993813037872314,0.9997859597206116,0.9997753500938416,0.9995638728141785,0.9971996545791626,0.5981776118278503,3.0
506,1.0,1.0,1.0,1.0,1.0,1.0,1.0,0.0,0.9992284774780273,0.998023271560669,0.9950823783874512,0.9950799942016602,0.9991301894187927,0.9892277717590332,0.9563921093940735,0.04340137168765068,0.0
507,1.0,1.0,1.0,1.0,1.0,1.0,1.0,0.0,0.9866008162498474,0.9981147050857544,0.999923825263977,0.9995293617248535,0.9999067783355713,0.9999490976333618,0.8946039080619812,0.0024146619252860546,0.0
508,0.0,0.0,0.0,0.0,0.0,0.0,0.0,0.0,8.905328286346048e-06,6.976757140364498e-05,0.0005956125096417964,2.837067404470872e-05,0.0036188026424497366,0.00048278761096298695,0.0001441142667317763,5.2312939260446e-06,4.0
509,0.0,0.0,0.0,0.0,0.0,0.0,0.0,0.0,0.0004373171250335872,2.02702412934741e-05,0.0012876273831352592,7.193190685939044e-05,0.00021904153982177377,0.0003552444977685809,5.935416993452236e-05,4.304507456254214e-06,3.0
510,0.0,1.0,1.0,1.0,1.0,1.0,1.0,0.0,0.9961332082748413,0.9962843656539917,0.9998530149459839,0.9995887875556946,0.9999130964279175,0.9884733557701111,0.9904830455780029,0.3392515480518341,4.0
511,1.0,1.0,1.0,1.0,1.0,1.0,1.0,1.0,0.9996007084846497,0.9996802806854248,0.9997557997703552,0.9985576272010803,0.99991774559021,0.9989288449287415,0.9402308464050293,0.4381216764450073,3.0
512,0.0,0.0,0.0,0.0,0.0,0.0,0.0,0.0,8.228723345382605e-06,2.7800999305327423e-05,3.8796057197032496e-05,3.0123859687591903e-05,0.0005744926165789366,9.328476880909875e-05,0.0005461395485326648,6.137293894425966e-06,2.0
513,1.0,1.0,1.0,0.0,1.0,0.0,1.0,0.0,0.9956762194633484,0.954832911491394,0.08802308887243271,0.7435517907142639,0.039534829556941986,0.0016797546995803714,0.8941188454627991,0.031791262328624725,1.0
514,1.0,1.0,1.0,1.0,1.0,1.0,1.0,0.0,0.9955951571464539,0.9913502931594849,0.9961865544319153,0.9950194358825684,0.9997580647468567,0.9825061559677124,0.9356634020805359,0.023516498506069183,1.0
515,0.0,1.0,1.0,0.0,1.0,0.0,0.0,0.0,0.9529725909233093,0.9117588400840759,0.21166864037513733,0.04075602814555168,0.9604716897010803,0.06033161282539368,0.029162593185901642,0.0159181896597147,3.0
516,0.0,0.0,0.0,0.0,1.0,0.0,0.0,0.0,0.0010170615278184414,0.76374351978302,0.5163040161132812,0.002256232313811779,0.9966344237327576,0.007929924875497818,0.04688946530222893,7.144994015106931e-05,2.0
517,0.0,0.0,0.0,0.0,0.0,0.0,0.0,0.0,4.6015582483960316e-05,2.8417030989658087e-05,0.000389920431189239,6.178484909469262e-05,3.6536643165163696e-05,3.415055834921077e-05,8.498955867253244e-05,8.454919225187041e-06,3.0
518,1.0,1.0,1.0,1.0,1.0,1.0,1.0,1.0,0.9976479411125183,0.9998347759246826,0.998127281665802,0.9998652935028076,0.9998868703842163,0.9987194538116455,0.995795488357544,0.9913542866706848,1.0
519,0.0,1.0,1.0,0.0,1.0,0.0,1.0,0.0,0.06276387721300125,0.2599925398826599,0.0022729123011231422,0.0008758881594985723,0.025428425520658493,0.00023992305796127766,0.002236494794487953,0.0003218719793949276,2.0
520,0.0,1.0,0.0,0.0,1.0,0.0,0.0,0.0,0.0016118361381813884,0.487621545791626,0.004833016078919172,0.0001494046882726252,0.9761248230934143,0.002528316341340542,7.918477058410645e-05,8.67990092956461e-05,4.0
521,0.0,0.0,0.0,0.0,1.0,0.0,0.0,0.0,0.0014908129815012217,0.7571224570274353,0.030602898448705673,2.690651672310196e-05,0.9835436344146729,0.07416548579931259,0.00036060393904335797,8.153288035828155e-06,2.0
522,1.0,1.0,1.0,1.0,1.0,1.0,1.0,1.0,0.9959510564804077,0.9987381100654602,0.9998793601989746,0.98101407289505,0.9944745898246765,0.969732940196991,0.7945430278778076,0.6545639634132385,1.0
523,0.0,0.0,0.0,0.0,0.0,0.0,0.0,0.0,0.0001575628702994436,2.6433990569785237e-05,3.7604837416438386e-05,3.264403130742721e-05,0.0035302976612001657,0.0003618838672991842,0.07590436935424805,2.2858952434035018e-05,0.0
524,1.0,1.0,1.0,1.0,1.0,1.0,1.0,0.0,0.998799204826355,0.9997114539146423,0.9990699887275696,0.9996028542518616,0.9998553991317749,0.9989670515060425,0.05585269257426262,0.00603516073897481,4.0
525,1.0,1.0,1.0,1.0,1.0,0.0,1.0,1.0,0.9986914992332458,0.8326846957206726,0.9984252452850342,0.9996812343597412,0.9946519136428833,0.7586451768875122,0.9734725952148438,0.9409819841384888,0.0
526,0.0,1.0,1.0,1.0,1.0,1.0,0.0,0.0,0.001816177275031805,0.15835371613502502,0.0436181016266346,0.030055705457925797,0.2831895053386688,0.0031911570113152266,0.0007737490232102573,1.2382260138110723e-05,0.0
527,1.0,1.0,1.0,1.0,1.0,1.0,1.0,1.0,0.9998348951339722,0.9908763766288757,0.9943365454673767,0.9995182752609253,0.9998339414596558,0.9919499158859253,0.6976959109306335,0.9988815188407898,2.0
528,1.0,1.0,1.0,1.0,1.0,1.0,1.0,1.0,0.9965580105781555,0.9989370703697205,0.9984996318817139,0.9981606602668762,0.9998218417167664,0.9999390840530396,0.9929077625274658,0.060216061770915985,1.0
529,0.0,0.0,0.0,0.0,0.0,0.0,0.0,0.0,2.642514300532639e-05,7.813099364284426e-05,0.00024728875723667443,1.8706434275372885e-05,0.0003953659615945071,3.4753858926706016e-05,8.50617143441923e-05,5.677576154994313e-06,1.0
530,0.0,0.0,0.0,0.0,0.0,0.0,0.0,0.0,2.9058683139737695e-05,1.0335973456676584e-05,1.446985152142588e-05,1.4577552974515129e-05,0.00018949649529531598,4.836524021811783e-05,0.00018112616089638323,8.9213599494542e-06,0.0
531,0.0,0.0,0.0,0.0,0.0,0.0,0.0,0.0,2.1135185306775384e-05,6.548930105054751e-05,0.0008382536470890045,5.555076495511457e-05,0.004592575132846832,0.00018586406076792628,6.734095222782344e-05,7.024728802207392e-06,1.0
532,0.0,0.0,0.0,0.0,0.0,0.0,0.0,0.0,1.429539861419471e-05,3.153341094730422e-05,5.646615318255499e-05,8.308278665936086e-06,0.00046741514233872294,0.00021415669471025467,9.989630780182779e-05,4.667143912229221e-06,0.0
533,1.0,1.0,1.0,1.0,1.0,1.0,0.0,1.0,0.9956170320510864,0.9988937973976135,0.9625675678253174,0.9996373653411865,0.9976035952568054,0.8622682094573975,0.06450570374727249,0.8672572374343872,0.0
534,0.0,0.0,0.0,0.0,0.0,0.0,0.0,0.0,5.991568832541816e-05,7.135352643672377e-05,3.160261985613033e-05,1.611790867173113e-05,0.00019469764083623886,2.4154014681698754e-05,0.00022823383915238082,5.709437573386822e-06,0.0
535,0.0,1.0,1.0,0.0,1.0,1.0,0.0,0.0,0.021127553656697273,0.9925786852836609,0.9939633011817932,5.360443901736289e-05,0.9997393488883972,0.6065922379493713,0.0008923787390813231,4.9884267355082557e-05,0.0
536,1.0,1.0,1.0,1.0,1.0,1.0,1.0,1.0,0.9994322657585144,0.9995833039283752,0.9999176263809204,0.9998524188995361,0.9999305009841919,0.9922493696212769,0.9992074370384216,0.9951885938644409,2.0
537,1.0,1.0,1.0,1.0,1.0,1.0,0.0,0.0,0.9978969097137451,0.9997935891151428,0.9998766183853149,0.9979264736175537,0.9999020099639893,0.9996898174285889,0.8980615735054016,0.09771020710468292,2.0
538,1.0,1.0,1.0,1.0,1.0,1.0,1.0,0.0,0.9912036657333374,0.998778760433197,0.999769389629364,0.9986206293106079,0.9998924732208252,0.9996399879455566,0.9968997240066528,0.027643617242574692,2.0
539,0.0,0.0,0.0,0.0,0.0,0.0,0.0,0.0,1.194192282127915e-05,1.2236067050253041e-05,1.026246536639519e-05,8.377219273825176e-06,0.00015446511679328978,2.3943504857015796e-05,0.00019310561765450984,2.219520638391259e-06,0.0
540,1.0,1.0,1.0,1.0,1.0,1.0,0.0,0.0,0.9100368618965149,0.9789797067642212,0.9998595714569092,0.1352071613073349,0.9981133937835693,0.8327513337135315,0.21354854106903076,0.002112471265718341,4.0
541,0.0,0.0,0.0,0.0,0.0,0.0,0.0,0.0,5.2760638936888427e-05,2.274763392051682e-05,0.00022157646890264004,3.782253770623356e-05,0.00019993777095805854,4.823429117095657e-05,9.627742838347331e-05,2.6192494715360226e-06,2.0
542,0.0,0.0,0.0,0.0,1.0,0.0,0.0,0.0,0.00017766092787496746,0.00028541588108055294,0.0018085661577060819,3.904465847881511e-05,0.9186147451400757,8.338273619301617e-05,0.00039738466148264706,6.217957434273558e-06,0.0
543,0.0,0.0,0.0,0.0,1.0,0.0,0.0,0.0,0.00022425295901484787,0.49589627981185913,0.02024390548467636,0.00018389658362139016,0.26244455575942993,0.001204900210723281,0.0026386294048279524,5.167212748347083e-06,1.0
544,1.0,1.0,1.0,1.0,1.0,1.0,1.0,0.0,0.3996482789516449,0.9985184073448181,0.996545135974884,0.9829784035682678,0.9997914433479309,0.9990053772926331,0.17904293537139893,0.0009637539624236524,1.0
545,0.0,0.0,0.0,0.0,0.0,0.0,0.0,0.0,2.7980988306808285e-05,0.02763768844306469,0.0008182801539078355,2.4157861844287254e-05,0.0002250735997222364,5.887865336262621e-05,0.0003731963806785643,1.567223262100015e-05,0.0
546,1.0,1.0,1.0,1.0,1.0,1.0,0.0,1.0,0.9997605681419373,0.9180663228034973,0.9991732239723206,0.9870441555976868,0.9994139671325684,0.3418161869049072,0.020480111241340637,0.9771818518638611,4.0
547,1.0,1.0,1.0,1.0,1.0,1.0,1.0,0.0,0.99512779712677,0.9971734285354614,0.999855637550354,0.9948887228965759,0.9997977614402771,0.9968229532241821,0.8864691853523254,0.9930344820022583,0.0
548,0.0,0.0,0.0,0.0,0.0,0.0,0.0,0.0,0.23837769031524658,0.815657913684845,0.4765835404396057,0.00033189664827659726,0.30688026547431946,0.003960904199630022,0.9739644527435303,0.0010541139636188745,0.0
549,1.0,1.0,1.0,1.0,1.0,1.0,1.0,1.0,0.9997298121452332,0.9998296499252319,0.9998811483383179,0.9955193996429443,0.9997926354408264,0.9998286962509155,0.9998326301574707,0.7933617234230042,0.0
550,0.0,0.0,0.0,0.0,0.0,0.0,0.0,0.0,2.0264984414097853e-05,3.1366744224214926e-05,7.215223013190553e-05,5.552311995415948e-05,5.7510973419994116e-05,2.445280915708281e-05,0.00012308199075050652,1.4109987205301877e-06,3.0
551,0.0,0.0,0.0,0.0,0.0,0.0,0.0,0.0,2.5582758098607883e-05,0.00033386200084351003,0.00022305388120003045,2.8417005523806438e-05,0.00021319407096598297,6.415812822524458e-05,0.0001471340365242213,1.42464032251155e-05,1.0
552,0.0,0.0,0.0,0.0,0.0,0.0,0.0,0.0,9.447901538806036e-05,0.00036943305167369545,0.0003943332703784108,7.114894106052816e-05,5.3582105465466157e-05,8.017679647309706e-05,4.203129719826393e-05,2.2698442990076728e-05,2.0
553,0.0,0.0,0.0,0.0,0.0,0.0,0.0,0.0,0.0001298261631745845,0.0002779845963232219,9.587065869709477e-05,0.00044432489085011184,0.003754951758310199,0.00019625693676061928,0.0028151082806289196,0.0003503891348373145,4.0
554,1.0,1.0,1.0,1.0,1.0,1.0,1.0,1.0,0.9997188448905945,0.999342143535614,0.9994070529937744,0.9951282739639282,0.9998980760574341,0.97953861951828,0.9989577531814575,0.4725647270679474,2.0
555,1.0,1.0,1.0,1.0,1.0,1.0,0.0,0.0,0.9979967474937439,0.9993240833282471,0.9868444204330444,0.9343924522399902,0.9999442100524902,0.9996046423912048,0.7196789383888245,0.1647471934556961,4.0
556,1.0,1.0,1.0,1.0,1.0,1.0,1.0,0.0,0.9972143769264221,0.9993977546691895,0.9996585845947266,0.9997931122779846,0.9997883439064026,0.9997949004173279,0.9999517202377319,0.6918122172355652,4.0
557,1.0,1.0,1.0,0.0,1.0,1.0,0.0,0.0,0.03948312625288963,0.06380804628133774,0.7140389680862427,0.007077597547322512,0.9850524067878723,0.005779144819825888,0.006134695373475552,2.9876700864406303e-05,1.0
558,1.0,1.0,1.0,1.0,1.0,0.0,1.0,1.0,0.9998069405555725,0.9967418313026428,0.9726429581642151,0.9994320273399353,0.9998064637184143,0.03629542887210846,0.9901537299156189,0.9524289965629578,2.0
559,0.0,0.0,0.0,0.0,0.0,0.0,0.0,0.0,5.2820919336227234e-06,8.311029523611069e-05,1.1316812560835388e-05,9.247694106306881e-05,0.0003524355706758797,0.00011795957834692672,0.0010501001961529255,6.654498520219931e-06,2.0
560,0.0,0.0,0.0,0.0,0.0,0.0,0.0,0.0,6.336990190902725e-05,0.15139850974082947,0.0065490142442286015,0.00020043252152390778,0.15635861456394196,0.022494416683912277,0.001657205750234425,5.4155181715032086e-05,4.0
561,0.0,0.0,0.0,0.0,0.0,0.0,0.0,0.0,2.1208861653576605e-05,0.001326792174950242,0.0006620411877520382,7.926349644549191e-05,0.0031761035788804293,0.0003334780631121248,9.240808867616579e-05,6.1144046412664466e-06,4.0
562,0.0,0.0,0.0,0.0,0.0,0.0,0.0,0.0,3.396322426851839e-05,0.0013490075943991542,0.0006581530324183404,6.732412293786183e-05,0.00011571933282539248,7.923364319140092e-05,8.254453132394701e-05,3.475032144706347e-06,4.0
563,1.0,1.0,1.0,1.0,1.0,1.0,1.0,1.0,0.9999418258666992,0.9994779229164124,0.999818742275238,0.9995706677436829,0.998344898223877,0.9633744359016418,0.9900215268135071,0.984353244304657,4.0
564,1.0,1.0,1.0,1.0,1.0,1.0,1.0,1.0,0.9999561309814453,0.9995898604393005,0.9994619488716125,0.9985426664352417,0.997968852519989,0.6978293061256409,0.9443923830986023,0.9973102807998657,4.0
565,0.0,0.0,0.0,0.0,0.0,0.0,0.0,0.0,3.2501051464350894e-05,0.00010244364966638386,0.00023061860702000558,6.687678978778422e-05,0.0005182355525903404,0.0004325372283346951,0.00029537445516325533,2.4499935534549877e-05,4.0
566,0.0,0.0,0.0,0.0,0.0,0.0,0.0,0.0,1.9212704501114786e-05,9.068765211850405e-05,0.0009829968912526965,0.00017480332462582737,0.0015244713285937905,6.496197602245957e-05,0.0007884285878390074,1.0651618140400387e-05,4.0
567,1.0,1.0,1.0,1.0,1.0,1.0,0.0,1.0,0.999056875705719,0.9994181394577026,0.9775418043136597,0.996727705001831,0.9997633099555969,0.9845214486122131,0.5358859896659851,0.048126086592674255,2.0
568,1.0,1.0,1.0,1.0,1.0,1.0,0.0,1.0,0.999823272228241,0.9960967898368835,0.9998206496238708,0.9993257522583008,0.9997993111610413,0.998916745185852,0.9477623105049133,0.929618239402771,1.0
569,0.0,0.0,0.0,0.0,0.0,0.0,0.0,0.0,0.0001477381301810965,0.0023719887249171734,0.004678215365856886,2.6341107513871975e-05,0.0017370284767821431,0.0006725460407324135,0.0032665517646819353,4.511208680924028e-05,3.0
570,1.0,1.0,1.0,1.0,1.0,1.0,1.0,0.0,0.619862973690033,0.9987335801124573,0.9998797178268433,0.9968299269676208,0.9998641014099121,0.9892888069152832,0.46136558055877686,0.016080407425761223,1.0
571,0.0,0.0,0.0,0.0,0.0,0.0,0.0,0.0,0.00019206719298381358,0.000578650739043951,0.0006109188543632627,0.000118952666525729,0.005500750616192818,0.0002950091438833624,0.011582187376916409,5.303485886543058e-05,3.0
572,1.0,1.0,1.0,1.0,1.0,0.0,1.0,1.0,0.999626636505127,0.9987903237342834,0.9997323155403137,0.9970425963401794,0.999870777130127,0.7263907790184021,0.9268272519111633,0.4865628480911255,1.0
573,0.0,0.0,0.0,0.0,0.0,0.0,0.0,0.0,2.3942749976413324e-05,0.00015053682727739215,0.0004067523987032473,0.0001639855036046356,0.014885853976011276,0.0001036714602378197,0.0023728611413389444,4.646975867217407e-06,4.0
574,0.0,0.0,0.0,0.0,0.0,0.0,0.0,0.0,5.426921688922448e-06,1.2386050912027713e-05,0.00010050916898762807,4.102535604033619e-05,0.008177090436220169,7.405921496683732e-05,0.00014275300782173872,1.3460811715049203e-05,4.0
575,1.0,1.0,1.0,1.0,1.0,1.0,1.0,1.0,0.9981974959373474,0.9998071789741516,0.996955156326294,0.9921596646308899,0.9998595714569092,0.997327446937561,0.9429969191551208,0.9988018274307251,2.0
576,1.0,1.0,1.0,1.0,1.0,1.0,1.0,0.0,0.9292557239532471,0.9954818487167358,0.999776303768158,0.9991379976272583,0.9987636804580688,0.6886581182479858,0.9955410361289978,0.6783197522163391,0.0
577,1.0,1.0,1.0,1.0,1.0,1.0,1.0,1.0,0.9999254941940308,0.999277651309967,0.9996317625045776,0.9893255233764648,0.9991050362586975,0.8640894293785095,0.9947964549064636,0.6917020082473755,4.0
578,0.0,1.0,1.0,1.0,1.0,0.0,1.0,0.0,0.0010134218027815223,0.006701215635985136,0.012052933685481548,0.001198614714667201,0.010642590001225471,0.0012439490528777242,0.000490920792799443,5.147499541635625e-05,0.0
579,0.0,0.0,0.0,0.0,0.0,0.0,0.0,0.0,0.00789717212319374,0.2768072485923767,0.010199259035289288,0.000455382774816826,0.13891802728176117,0.006044541951268911,0.0002293076686328277,3.5664277675095946e-05,3.0
580,1.0,1.0,1.0,1.0,1.0,1.0,1.0,1.0,0.9986989498138428,0.9999246597290039,0.9999246597290039,0.9990817308425903,0.9994151592254639,0.9544209241867065,0.898097038269043,0.343644380569458,2.0
581,1.0,1.0,1.0,1.0,1.0,1.0,1.0,0.0,0.9784324169158936,0.9990285634994507,0.9997546076774597,0.9842970967292786,0.9997962117195129,0.588839590549469,0.3051367700099945,0.8467346429824829,0.0
582,1.0,1.0,1.0,1.0,1.0,1.0,1.0,1.0,0.9999181032180786,0.992577850818634,0.9993689656257629,0.9998173117637634,0.9979988932609558,0.980226993560791,0.9643396139144897,0.5700728893280029,2.0
583,1.0,1.0,1.0,1.0,1.0,0.0,0.0,1.0,0.9876244068145752,0.8205892443656921,0.9998766183853149,0.9953137636184692,0.9996970891952515,0.9913477301597595,0.9450435042381287,0.11764167249202728,1.0
584,1.0,1.0,1.0,1.0,1.0,0.0,0.0,1.0,0.9475176930427551,0.7998369336128235,0.9999513626098633,0.9990931749343872,0.9989331364631653,0.9919824004173279,0.9715105891227722,0.09139002114534378,1.0
585,0.0,0.0,0.0,0.0,0.0,0.0,0.0,0.0,1.390510078635998e-05,1.3927557120041456e-05,1.026246536639519e-05,1.1315679330436978e-05,0.0004925117827951908,2.2578600692213513e-05,0.0005226722569204867,2.219520638391259e-06,0.0
586,1.0,1.0,1.0,1.0,1.0,0.0,1.0,1.0,0.9997819066047668,0.8833621144294739,0.9991917014122009,0.9808374047279358,0.9884015917778015,0.9325671792030334,0.9723843336105347,0.9510028958320618,3.0
587,1.0,1.0,1.0,1.0,1.0,1.0,1.0,1.0,0.9990811347961426,0.9996242523193359,0.942318320274353,0.9978232383728027,0.9999196529388428,0.7700640559196472,0.15763427317142487,0.9981514811515808,0.0
588,0.0,0.0,0.0,0.0,1.0,0.0,0.0,0.0,0.0014803388621658087,0.33655983209609985,0.14462371170520782,0.0003574881120584905,0.061828501522541046,0.0023779438342899084,0.04404262453317642,0.0006934794946573675,1.0
589,0.0,0.0,0.0,0.0,0.0,0.0,0.0,0.0,0.00041032774606719613,0.00018215423915535212,0.0001833601127145812,6.828812911408022e-05,0.0018606280209496617,0.00011244963388890028,0.0008399667567573488,1.3004437278141268e-05,1.0
590,0.0,0.0,0.0,0.0,0.0,0.0,0.0,0.0,2.0522911654552445e-05,1.808261004043743e-05,1.4534576621372253e-05,2.8395361368893646e-05,7.306187035283074e-05,4.0878047002479434e-05,0.00014159904094412923,4.1640109884610865e-06,1.0
591,0.0,0.0,1.0,1.0,1.0,0.0,0.0,0.0,0.3018523156642914,0.8451436161994934,0.999679684638977,0.9941979646682739,0.9998704195022583,0.9883230328559875,0.13527148962020874,0.0005558448028750718,2.0
592,0.0,0.0,0.0,0.0,0.0,0.0,0.0,0.0,3.189152494087466e-06,0.00018607295351102948,3.188244591001421e-05,0.0002267046074848622,0.002104335930198431,7.257074321387336e-05,0.0027348266448825598,1.656619133427739e-05,4.0
593,0.0,0.0,0.0,0.0,0.0,0.0,0.0,0.0,8.810337931208778e-06,6.414411473087966e-05,0.00030267113470472395,5.9299010899849236e-05,0.0005569582572206855,7.543148240074515e-05,0.0001844428916228935,6.9746834014949854e-06,2.0
594,1.0,1.0,1.0,1.0,1.0,1.0,0.0,0.0,0.9964563250541687,0.9989494681358337,0.9977941513061523,0.9922696352005005,0.9997931122779846,0.9996447563171387,0.09721290320158005,0.08708850294351578,0.0
595,0.0,0.0,0.0,0.0,0.0,0.0,0.0,0.0,0.0002358990750508383,7.890225970186293e-05,0.0003475821577012539,1.562310899316799e-05,0.011451013386249542,9.50998073676601e-05,0.00021592182747554034,2.607038368296344e-06,0.0
596,0.0,0.0,0.0,0.0,0.0,0.0,0.0,0.0,0.0001526830019429326,0.00019244611030444503,0.00042853408376686275,3.5861983633367345e-05,0.001653251820243895,0.00017858996579889208,0.0003555995936039835,1.7443719116272405e-05,2.0
597,0.0,0.0,0.0,0.0,0.0,0.0,1.0,0.0,0.12159480899572372,0.46385684609413147,0.0456412136554718,0.0019764634780585766,0.011750662699341774,0.012752066366374493,0.5340617895126343,0.0010684223379939795,1.0
598,0.0,0.0,0.0,0.0,0.0,0.0,0.0,0.0,0.0004235472879372537,0.00032389070838689804,0.0003164628578815609,0.0001570169406477362,0.0006988441455177963,0.00036246978561393917,0.009355682879686356,5.1426028221612796e-05,1.0
599,1.0,1.0,1.0,1.0,1.0,1.0,1.0,1.0,0.9998076558113098,0.9987086057662964,0.9968516230583191,0.9996833801269531,0.9985582232475281,0.9403480291366577,0.9709648489952087,0.9971900582313538,1.0
600,1.0,1.0,1.0,1.0,1.0,1.0,1.0,0.0,0.9977994561195374,0.998977541923523,0.9997279047966003,0.9948698282241821,0.9998202919960022,0.9988887906074524,0.9878520965576172,0.6308308243751526,4.0
601,0.0,0.0,0.0,0.0,0.0,0.0,0.0,0.0,0.03597550466656685,0.00026039464864879847,0.007922020740807056,0.0005303866928443313,0.0020160586573183537,0.00016332634550053626,0.0013410903047770262,5.106036041979678e-05,1.0
602,1.0,1.0,1.0,1.0,1.0,1.0,0.0,0.0,0.9951947331428528,0.9996289014816284,0.9998087286949158,0.9983189702033997,0.9998577833175659,0.9996727705001831,0.9648356437683105,0.0760626271367073,1.0
603,0.0,0.0,0.0,0.0,0.0,0.0,0.0,0.0,3.222154191462323e-05,4.277320113033056e-05,0.00020933945779688656,2.5413612092961557e-05,0.0002524684532545507,2.8781731089111418e-05,0.00015876590623520315,1.0587702490738593e-05,1.0
604,1.0,1.0,1.0,1.0,1.0,1.0,1.0,1.0,0.9992865920066833,0.9989527463912964,0.9997469782829285,0.9999502897262573,0.9995552897453308,0.9971252083778381,0.8850973844528198,0.9968585968017578,0.0
605,1.0,1.0,1.0,0.0,1.0,0.0,0.0,0.0,0.6546979546546936,0.9667006731033325,0.979030430316925,0.9775545597076416,0.9996004700660706,0.7737650275230408,0.4267739951610565,0.34895265102386475,1.0
606,0.0,0.0,0.0,0.0,0.0,0.0,0.0,0.0,0.007623933255672455,0.02812497690320015,0.5122252702713013,0.0014696003636345267,0.9963991641998291,0.002210742561146617,0.0008357354672625661,3.485422712401487e-05,3.0
607,1.0,1.0,1.0,1.0,1.0,1.0,1.0,0.0,0.9994970560073853,0.9993694424629211,0.9998506307601929,0.9998038411140442,0.9987315535545349,0.987490713596344,0.784850537776947,0.5481818914413452,3.0
608,0.0,0.0,0.0,0.0,0.0,0.0,0.0,0.0,0.00010247071622870862,7.778026338201016e-05,0.0001515196927357465,3.449301584623754e-05,2.9479258955689147e-05,1.1062646080972627e-05,0.0005225753411650658,4.895164693152765e-06,3.0
609,0.0,0.0,0.0,0.0,0.0,0.0,0.0,0.0,7.439628825522959e-05,0.00018059794092550874,5.380555376177654e-05,3.0173887353157625e-05,0.0019446134101599455,5.543085353565402e-05,3.754750650841743e-05,5.583406164078042e-06,3.0
610,0.0,0.0,0.0,0.0,0.0,0.0,0.0,0.0,2.5162975362036377e-05,0.0008670187671668828,0.0013771861558780074,0.0001041119103319943,0.018668048083782196,5.130014687892981e-05,0.0008781373035162687,1.2248266102687921e-05,3.0
611,1.0,1.0,1.0,0.0,1.0,1.0,1.0,0.0,0.9665624499320984,0.8316800594329834,0.9979106783866882,0.6278867125511169,0.9978452920913696,0.8717080950737,0.8068358898162842,0.023716935887932777,0.0
612,1.0,1.0,1.0,1.0,1.0,1.0,0.0,1.0,0.999599039554596,0.9960826635360718,0.9920176267623901,0.9411011934280396,0.9996830224990845,0.994232714176178,0.3222118318080902,0.05666840821504593,4.0
613,1.0,1.0,1.0,1.0,1.0,1.0,1.0,1.0,0.9998997449874878,0.9999606609344482,0.9999650716781616,0.9994232654571533,0.9996055960655212,0.9995819926261902,0.9990482926368713,0.9999022483825684,2.0
614,0.0,0.0,0.0,0.0,0.0,0.0,0.0,0.0,8.162947051459923e-05,0.0001444950030418113,0.0006002940353937447,2.797108936647419e-05,0.003773751435801387,0.00013630602916236967,0.07308273017406464,3.898096474586055e-05,0.0
615,1.0,1.0,1.0,1.0,1.0,0.0,0.0,0.0,0.9930419921875,0.9725525379180908,0.8992208242416382,0.6813044548034668,0.9997193217277527,0.07743209600448608,0.011382213793694973,0.0040877279825508595,0.0
616,1.0,1.0,0.0,1.0,0.0,0.0,1.0,1.0,0.9203020930290222,0.9207561612129211,0.4763014018535614,0.6055113077163696,0.8246051669120789,0.08224595338106155,0.9974809288978577,0.9806932806968689,2.0
617,0.0,1.0,0.0,0.0,0.0,0.0,0.0,0.0,0.045968059450387955,0.9994826316833496,0.052874356508255005,9.826586756389588e-05,0.42458733916282654,0.06195439398288727,0.037506427615880966,3.6498578992905095e-05,0.0
618,1.0,1.0,1.0,1.0,1.0,1.0,1.0,1.0,0.9839710593223572,0.9977506995201111,0.9984440207481384,0.9964357614517212,0.9997912049293518,0.9966318011283875,0.9667609333992004,0.0018592665437608957,0.0
619,0.0,1.0,1.0,1.0,1.0,1.0,0.0,0.0,0.34946003556251526,0.9596066474914551,0.997930645942688,0.9801316857337952,0.9991579055786133,0.9975177049636841,0.1881120353937149,3.7190926377661526e-05,4.0
620,0.0,0.0,0.0,0.0,0.0,0.0,0.0,0.0,0.0005892239860258996,3.150251359329559e-05,2.225543539680075e-05,1.3384583326114807e-05,0.038094401359558105,0.00014424390974454582,0.00022160838125273585,6.026370556355687e-06,0.0
621,0.0,0.0,0.0,0.0,0.0,0.0,0.0,0.0,1.3907235370425042e-05,0.00041241224971599877,1.3866486369806807e-05,8.670040551805869e-05,5.780077844974585e-05,0.0006740048411302269,0.0001184050488518551,2.796034277707804e-05,1.0
622,0.0,0.0,0.0,0.0,0.0,0.0,0.0,0.0,1.4177214325172827e-05,1.3037231838097796e-05,1.758616417646408e-05,8.423547114944085e-05,4.9778769607655704e-05,5.996009713271633e-05,5.7085053413175046e-05,1.0117729289049748e-05,1.0
623,1.0,0.0,1.0,1.0,1.0,0.0,0.0,0.0,0.6653792858123779,0.9880263805389404,0.8923559188842773,0.028333524242043495,0.9997887015342712,0.0011910110479220748,0.22057098150253296,0.013469339348375797,3.0
624,1.0,1.0,1.0,1.0,1.0,1.0,1.0,0.0,0.9993405938148499,0.9998458623886108,0.9998993873596191,0.9997604489326477,0.9999493360519409,0.9999445676803589,0.5923821330070496,0.9087927937507629,3.0
625,0.0,0.0,0.0,0.0,0.0,0.0,0.0,0.0,0.00015532663383055478,0.0004981361562386155,2.3239123038365506e-05,2.674736242624931e-05,0.00031378245330415666,9.693970787338912e-05,3.5723573091672733e-05,1.0566167475190014e-05,0.0
626,0.0,1.0,1.0,1.0,1.0,1.0,0.0,0.0,0.004894563928246498,0.6553420424461365,0.9987492561340332,0.9984955787658691,0.9999583959579468,0.9981436729431152,0.07396670430898666,1.4767091670364607e-05,0.0
627,1.0,1.0,1.0,0.0,1.0,0.0,1.0,0.0,0.9989880919456482,0.995951771736145,0.8648767471313477,0.9774042367935181,0.9699863791465759,0.35192304849624634,0.9503052830696106,0.21015439927577972,3.0
628,0.0,0.0,0.0,0.0,0.0,0.0,0.0,0.0,0.00013246381422504783,0.0003964109637308866,0.0042523653246462345,3.949271922465414e-05,0.029861396178603172,0.0004075321485288441,0.00010208946332568303,7.287803600775078e-05,1.0
629,1.0,1.0,1.0,1.0,1.0,1.0,1.0,1.0,0.9993270635604858,0.9994435906410217,0.9998300075531006,0.9998760223388672,0.9999322891235352,0.9998462200164795,0.9907593727111816,0.946452796459198,0.0
630,1.0,1.0,1.0,1.0,0.0,0.0,1.0,0.0,0.9997007846832275,0.9982695579528809,0.9287028908729553,0.9659560918807983,0.9983049631118774,0.0003896723792422563,0.8251989483833313,0.13276635110378265,2.0
631,0.0,0.0,0.0,0.0,0.0,0.0,1.0,0.0,0.00043773604556918144,0.016943830996751785,0.010074238292872906,7.029876724118367e-05,0.0008412355673499405,0.00015744422853458673,0.0007182737463153899,0.00011873983748955652,1.0
632,0.0,0.0,0.0,0.0,1.0,0.0,0.0,0.0,1.924932985275518e-05,0.00026410361169837415,0.00014186014595907182,8.658084698254243e-05,0.00026719836750999093,2.169654908357188e-05,0.0011947323800995946,5.347776095732115e-06,3.0
633,0.0,1.0,1.0,0.0,1.0,1.0,0.0,0.0,0.3385579586029053,0.9979711174964905,0.9945341348648071,0.005163535941392183,0.9997767806053162,0.9978840947151184,0.015094581060111523,0.0008388637797906995,2.0
634,0.0,0.0,0.0,0.0,0.0,0.0,0.0,0.0,6.264140392886475e-05,5.4836011258885264e-05,2.3476934075006284e-05,0.00017872180615086108,0.00017119046242441982,9.93578287307173e-05,0.006403608713299036,6.261775706661865e-05,1.0
635,1.0,1.0,1.0,1.0,1.0,1.0,1.0,0.0,0.999842643737793,0.9999109506607056,0.9997174143791199,0.9983867406845093,0.9995730519294739,0.999377429485321,0.9928765892982483,0.9997239708900452,2.0
636,0.0,0.0,0.0,0.0,0.0,0.0,0.0,0.0,2.102375765389297e-05,6.889526412123814e-05,4.768123835674487e-05,2.8804850444430485e-05,0.001334773376584053,0.00017170116188935935,0.0003976974985562265,3.329477294755634e-06,2.0
637,1.0,1.0,1.0,0.0,1.0,0.0,0.0,0.0,0.8074194192886353,0.9986556768417358,0.9991843104362488,0.8737010359764099,0.9940329194068909,0.9119157195091248,0.003956448286771774,0.003192806150764227,3.0
638,0.0,0.0,0.0,0.0,0.0,0.0,0.0,0.0,2.380139812885318e-05,1.105323917727219e-05,1.3412847692961805e-05,9.652301741880365e-06,0.0017552116187289357,1.5233853446261492e-05,7.468032708857208e-05,2.960511665150989e-06,0.0
639,0.0,0.0,0.0,0.0,0.0,0.0,0.0,0.0,1.628714926482644e-05,0.00023653850075788796,0.00010120557271875441,6.331771874101833e-05,0.00036934801028110087,3.57651588274166e-05,6.805027078371495e-05,4.189527771814028e-06,3.0
640,0.0,0.0,0.0,0.0,0.0,0.0,0.0,0.0,0.995919942855835,0.9906787276268005,0.9986833930015564,0.9561747312545776,0.9996494054794312,0.757972002029419,0.9378461241722107,0.42076000571250916,3.0
641,1.0,1.0,1.0,1.0,1.0,1.0,1.0,1.0,0.9999186992645264,0.9988828301429749,0.9999548196792603,0.9998494386672974,0.9999169111251831,0.9618816375732422,0.9950417876243591,0.9844526648521423,3.0
642,1.0,1.0,1.0,1.0,1.0,1.0,0.0,1.0,0.9983972907066345,0.9998220801353455,0.9878518581390381,0.9848363995552063,0.9997519850730896,0.9978793859481812,0.7628591060638428,0.3010410964488983,4.0
643,0.0,1.0,1.0,1.0,1.0,1.0,1.0,0.0,0.9964523315429688,0.9981141090393066,0.9998753070831299,0.9993011951446533,0.999855637550354,0.9990554451942444,0.5862669348716736,0.0006139994948171079,2.0
644,0.0,0.0,0.0,0.0,0.0,0.0,0.0,0.0,6.699768709950149e-05,3.8542752008652315e-05,2.4153276172000915e-05,7.291438669199124e-05,0.00044484532554633915,0.00012600354966707528,0.0007116724154911935,9.938789844454732e-06,1.0
645,1.0,1.0,1.0,1.0,1.0,1.0,0.0,0.0,0.8179090619087219,0.9968189001083374,0.9993380904197693,0.9990863800048828,0.9992295503616333,0.9188511371612549,0.016455791890621185,0.17947739362716675,4.0
646,1.0,1.0,1.0,1.0,1.0,1.0,0.0,1.0,0.9776899218559265,0.9971953630447388,0.9999120235443115,0.9996848106384277,0.9997408986091614,0.9998170733451843,0.017043735831975937,0.6650224924087524,4.0
647,1.0,1.0,1.0,1.0,1.0,1.0,1.0,0.0,0.9996553659439087,0.9985009431838989,0.9991611242294312,0.9972972273826599,0.9998970031738281,0.9995753169059753,0.8965700268745422,0.41126519441604614,4.0
648,0.0,0.0,0.0,0.0,0.0,0.0,0.0,0.0,6.841804133728147e-05,0.00021609895338770002,0.0016629257006570697,5.207870344747789e-05,0.0035272289533168077,6.708444561809301e-05,0.0004343970795162022,1.3063093319942709e-05,3.0
649,1.0,1.0,1.0,1.0,1.0,1.0,0.0,1.0,0.9984084963798523,0.9835250377655029,0.9966371059417725,0.9979866743087769,0.999890923500061,0.9998388290405273,0.04008457809686661,0.6238083839416504,1.0
650,0.0,0.0,0.0,0.0,0.0,0.0,0.0,0.0,8.024472481338307e-05,2.7184678401681595e-05,2.7645621230476536e-05,3.074544292758219e-05,0.011001008562743664,2.6935913410852663e-05,0.0016710294876247644,1.9622486433945596e-05,2.0
651,1.0,1.0,1.0,1.0,1.0,1.0,0.0,0.0,0.533488929271698,0.9972624778747559,0.9997561573982239,0.9996753931045532,0.999860405921936,0.9991365075111389,0.00538091454654932,0.08176610618829727,3.0
652,1.0,1.0,1.0,1.0,1.0,1.0,0.0,0.0,0.9984980821609497,0.9970595240592957,0.9464534521102905,0.9920254349708557,0.9999266862869263,0.9996070265769958,0.010031742975115776,0.05244417116045952,2.0
653,1.0,1.0,1.0,1.0,1.0,1.0,1.0,1.0,0.9996401071548462,0.9991108775138855,0.9997510313987732,0.9994189739227295,0.9994031190872192,0.9977099895477295,0.9273517727851868,0.9979968667030334,1.0
654,1.0,1.0,1.0,1.0,1.0,1.0,0.0,0.0,0.9997548460960388,0.9995465874671936,0.9985784292221069,0.9996840953826904,0.999942421913147,0.9936450719833374,0.26131245493888855,0.9816179871559143,4.0
655,0.0,0.0,0.0,0.0,0.0,0.0,0.0,0.0,5.108387995278463e-05,0.0004045109963044524,0.0001752592797856778,0.00019771687220782042,0.00020386579853948206,6.541334005305544e-05,0.00011853881005663425,6.027704330335837e-06,2.0
656,1.0,1.0,1.0,1.0,1.0,1.0,1.0,1.0,0.9998000264167786,0.9950944185256958,0.9994552731513977,0.999561607837677,0.9996695518493652,0.5257986187934875,0.9993802309036255,0.9930395483970642,0.0
657,0.0,0.0,0.0,0.0,0.0,0.0,0.0,0.0,4.8157537094084546e-05,0.0007569246226921678,0.010001590475440025,2.2144244212540798e-05,0.0019275298109278083,6.939870218047872e-05,0.0010423120111227036,8.066096597758587e-06,2.0
658,1.0,1.0,1.0,1.0,1.0,1.0,1.0,0.0,0.9986370205879211,0.9975425004959106,0.9999628067016602,0.9998619556427002,0.9998846054077148,0.9998051524162292,0.955367386341095,0.017984289675951004,3.0
659,1.0,1.0,1.0,1.0,1.0,1.0,1.0,1.0,0.997759222984314,0.9999164342880249,0.9994402527809143,0.9997445940971375,0.9999178647994995,0.9975767731666565,0.8302068114280701,0.993069052696228,3.0
660,0.0,0.0,0.0,0.0,0.0,0.0,0.0,0.0,0.0002078046090900898,9.783195127965882e-05,0.0002695899165701121,3.147704774164595e-05,3.8997139199636877e-05,0.0002122053992934525,0.0003552900452632457,7.749560609227046e-05,1.0
661,0.0,0.0,0.0,0.0,0.0,0.0,0.0,0.0,1.12067828013096e-05,6.0520367696881294e-05,4.858722968492657e-05,5.715967927244492e-05,0.0003858862619381398,0.00014803158410359174,0.0008589783683419228,1.758346479618922e-05,4.0
662,0.0,0.0,0.0,0.0,0.0,0.0,0.0,0.0,0.0003201737126801163,0.0017485813004896045,0.0030119195580482483,3.221122096874751e-05,0.04660402238368988,0.0009224394452758133,0.0024108262732625008,5.4553574955207296e-06,1.0
663,0.0,0.0,0.0,0.0,0.0,0.0,0.0,0.0,0.00036560482112690806,0.0012639770284295082,0.00020745974325109273,7.02195757185109e-05,0.05791933834552765,0.0003935354470741004,0.00040165253449231386,5.1157385314581916e-06,4.0
664,1.0,1.0,1.0,1.0,1.0,1.0,1.0,1.0,0.9996331930160522,0.9997435212135315,0.9996801614761353,0.9926608800888062,0.9998314380645752,0.9946810603141785,0.999512791633606,0.976849377155304,1.0
665,0.0,0.0,0.0,0.0,0.0,0.0,0.0,0.0,8.705535947228782e-06,0.00024391004990320653,1.9968514607171528e-05,6.310125900199637e-05,0.0012273419415578246,0.00012078823056071997,3.38744321197737e-05,2.1571380784735084e-05,1.0
666,1.0,1.0,1.0,1.0,1.0,1.0,1.0,1.0,0.99937903881073,0.999834418296814,0.9999104738235474,0.9983938336372375,0.999496579170227,0.9946202039718628,0.9991139769554138,0.710008442401886,2.0
667,0.0,0.0,0.0,0.0,0.0,0.0,0.0,0.0,0.0015313646290451288,0.0015954480040818453,0.00017871364252641797,7.178574742283672e-05,0.05081268399953842,0.00032913291943259537,0.03324726223945618,5.637124922941439e-05,1.0
668,0.0,0.0,0.0,0.0,0.0,0.0,0.0,0.0,4.374609125079587e-05,1.2781792065652553e-05,4.1595190850785e-05,9.652301741880365e-06,0.002486506011337042,2.954824230982922e-05,3.803888102993369e-05,8.243741831392981e-06,0.0
669,1.0,1.0,1.0,1.0,1.0,1.0,0.0,0.0,0.9956681728363037,0.9941722750663757,0.9996857643127441,0.9995490908622742,0.9993464350700378,0.979583203792572,0.8629392981529236,0.0037444401532411575,0.0
670,0.0,0.0,0.0,0.0,0.0,0.0,0.0,0.0,3.9750597352394834e-05,0.04658111557364464,0.010985258966684341,5.562397564062849e-05,0.0004785930213984102,8.179965516319498e-05,0.0009737371583469212,1.130113196268212e-05,1.0
671,1.0,1.0,1.0,0.0,1.0,1.0,0.0,0.0,0.9948004484176636,0.9998626708984375,0.9997666478157043,0.7060471177101135,0.9998724460601807,0.9994564652442932,0.7428287863731384,0.34880006313323975,3.0
672,1.0,0.0,1.0,1.0,1.0,1.0,0.0,0.0,0.9955530762672424,0.8432227969169617,0.999866247177124,0.9998878240585327,0.9996914863586426,0.9000653028488159,0.16294661164283752,0.017143134027719498,3.0
673,0.0,1.0,0.0,0.0,1.0,1.0,0.0,0.0,0.0001272594672627747,0.2680550217628479,0.0015603207284584641,1.6124949979712255e-05,0.03314019739627838,0.002117127412930131,0.049652762711048126,9.219820640282705e-06,0.0
674,1.0,1.0,1.0,1.0,1.0,1.0,1.0,1.0,0.990806519985199,0.9977797865867615,0.9995326995849609,0.9997926354408264,0.9992145299911499,0.7276971340179443,0.9971725940704346,0.9847738742828369,4.0
675,1.0,1.0,1.0,1.0,1.0,1.0,1.0,1.0,0.9893546104431152,0.9988725781440735,0.9996147155761719,0.9996650218963623,0.9998669624328613,0.9995612502098083,0.9998973608016968,0.101136215031147,0.0
676,1.0,1.0,1.0,1.0,1.0,1.0,0.0,0.0,0.9977689981460571,0.9993589520454407,0.9999134540557861,0.99934321641922,0.9998983144760132,0.9992080330848694,0.1508159041404724,0.4349652826786041,3.0
677,0.0,0.0,0.0,0.0,0.0,0.0,0.0,0.0,0.004888012073934078,0.0011275787837803364,0.004917519632726908,0.0004971535527147353,0.15252207219600677,0.0005414676270447671,0.00342081137932837,0.0007215538644231856,1.0
678,0.0,0.0,0.0,0.0,0.0,0.0,0.0,0.0,0.0014295384753495455,0.0001154966521426104,0.0038213874213397503,4.609762618201785e-05,0.014162356033921242,0.000578615115955472,0.002612324431538582,2.2296753741102293e-05,1.0
679,1.0,1.0,1.0,1.0,1.0,1.0,1.0,1.0,0.9998261332511902,0.9999309778213501,0.998664140701294,0.9992212057113647,0.9997318387031555,0.9993208646774292,0.9890388250350952,0.9985463619232178,3.0
680,0.0,0.0,0.0,0.0,0.0,0.0,0.0,0.0,3.9756174373906106e-05,0.00032385208760388196,5.075151420896873e-05,0.0004604636924341321,0.0005854838527739048,2.858312291209586e-05,0.00016885936202015728,1.646901546337176e-05,3.0
681,1.0,1.0,1.0,1.0,1.0,1.0,1.0,1.0,0.9999492168426514,0.9999229907989502,0.9995895028114319,0.9998853206634521,0.9995110034942627,0.9997245669364929,0.9830278158187866,0.9989799857139587,4.0
682,1.0,1.0,1.0,1.0,1.0,1.0,1.0,1.0,0.9998623132705688,0.9999309778213501,0.9982739686965942,0.9990986585617065,0.9994097948074341,0.9986371397972107,0.9949407577514648,0.9991734623908997,3.0
683,1.0,1.0,1.0,1.0,1.0,1.0,1.0,1.0,0.9998741149902344,0.9999427795410156,0.9908757209777832,0.9893715381622314,0.999924898147583,0.9987879395484924,0.9815819263458252,0.9985249638557434,4.0
684,0.0,0.0,0.0,0.0,0.0,0.0,0.0,0.0,0.0019228807650506496,2.4870774723240174e-05,0.00035112412297166884,5.1972034270875156e-05,0.15480971336364746,3.5881483199773356e-05,0.0039013416972011328,1.0616113286232576e-05,2.0
685,0.0,0.0,0.0,0.0,0.0,0.0,0.0,0.0,7.194151839939877e-05,0.00027378927916288376,0.0001977572392206639,2.912110176112037e-05,0.00010751326772151515,0.00010767137428047135,0.0003147090901620686,2.933170435426291e-06,1.0
686,0.0,0.0,0.0,0.0,0.0,0.0,0.0,0.0,5.772905296907993e-06,4.292087032808922e-05,3.7198944482952356e-05,5.216901990934275e-05,0.0005513907526619732,8.406247070524842e-05,0.001003097160719335,3.3258277198910946e-06,4.0
687,1.0,1.0,1.0,1.0,1.0,1.0,1.0,0.0,0.9947687387466431,0.999880313873291,0.9998940229415894,0.999768078327179,0.999830961227417,0.9996317625045776,0.9986080527305603,0.11001624166965485,3.0
688,1.0,1.0,1.0,1.0,1.0,1.0,1.0,0.0,0.999434769153595,0.9961917400360107,0.9995775818824768,0.9983150959014893,0.9998904466629028,0.9910378456115723,0.016530495136976242,0.11980661749839783,1.0
689,1.0,0.0,0.0,0.0,0.0,0.0,1.0,0.0,0.9989678859710693,0.734891951084137,0.9521121382713318,0.983768880367279,0.9975186586380005,0.9227323532104492,0.9833428859710693,0.41422802209854126,1.0
690,0.0,0.0,0.0,0.0,0.0,0.0,0.0,0.0,0.00020323698117863387,0.00031102477805688977,1.6390580640290864e-05,0.0002519509580451995,0.0007394739077426493,0.0070501891896128654,0.17623573541641235,1.3064501217741054e-05,4.0
691,0.0,0.0,0.0,0.0,1.0,0.0,0.0,0.0,0.00024697560002096,5.8576402807375416e-05,0.0003810746129602194,9.26370412344113e-05,0.2694694399833679,0.00022609825828112662,0.0006100821774452925,6.22387869952945e-06,3.0
692,0.0,0.0,0.0,0.0,0.0,0.0,0.0,0.0,1.7695329006528482e-05,5.9078480262542143e-05,5.98294755036477e-05,9.123489144258201e-05,0.0036350348964333534,8.730837726034224e-05,0.00027379317907616496,1.3763066817773506e-05,2.0
693,0.0,0.0,0.0,0.0,0.0,0.0,1.0,0.0,0.0001225462183356285,0.0005893688648939133,5.464385685627349e-05,4.497600457398221e-05,0.000637102872133255,0.00012927815259899944,0.009563503786921501,3.036799625988351e-06,3.0
694,1.0,1.0,1.0,1.0,1.0,1.0,0.0,0.0,0.9975086450576782,0.8693885207176208,0.9999325275421143,0.9998056292533875,0.999840497970581,0.9967907071113586,0.1780356615781784,0.0038435368333011866,0.0
695,0.0,1.0,1.0,0.0,1.0,1.0,0.0,0.0,0.0008013090118765831,0.9975952506065369,0.9945504069328308,0.0010588160948827863,0.9999183416366577,0.9984179735183716,0.0001250777131645009,2.4960279915831052e-05,2.0
696,0.0,1.0,1.0,1.0,1.0,1.0,0.0,0.0,0.4219069480895996,0.9945024251937866,0.9984311461448669,0.9952390193939209,0.9998218417167664,0.9985975623130798,0.804247260093689,0.00020087542361579835,0.0
697,0.0,0.0,0.0,0.0,0.0,0.0,0.0,0.0,5.11959042341914e-05,0.00023599287669640034,0.004202242009341717,0.00020041913376189768,0.006871117744594812,0.0006112092523835599,0.0009462792659178376,1.1993051884928718e-05,2.0
698,1.0,1.0,1.0,1.0,1.0,1.0,1.0,1.0,0.9998278617858887,0.9991913437843323,0.9973638653755188,0.9267845749855042,0.9998868703842163,0.9961590766906738,0.9955109357833862,0.986561119556427,4.0
699,0.0,0.0,0.0,0.0,0.0,0.0,0.0,0.0,0.0010300992289558053,3.73686125385575e-05,0.0001540388766443357,0.00016177163342945278,0.00046572997234761715,0.00014457976794801652,0.023311331868171692,8.846464879752602e-06,4.0
700,0.0,0.0,0.0,0.0,0.0,0.0,0.0,0.0,0.0003226259141229093,0.00013515583123080432,4.942453233525157e-05,7.496094622183591e-05,0.0001926159020513296,6.502866744995117e-05,0.01594514586031437,5.3691612265538424e-05,2.0
701,1.0,1.0,1.0,1.0,1.0,1.0,1.0,1.0,0.9990635514259338,0.9865178465843201,0.9998902082443237,0.9990701079368591,0.9997461438179016,0.9916062355041504,0.4403793215751648,0.03023378551006317,4.0
702,1.0,1.0,1.0,1.0,1.0,1.0,1.0,1.0,0.9998722076416016,0.9996429681777954,0.9985159039497375,0.9895552396774292,0.9996532201766968,0.9977432489395142,0.9995137453079224,0.9996837377548218,4.0
703,0.0,0.0,0.0,0.0,0.0,0.0,0.0,0.0,0.00010704903252189979,3.82281286874786e-05,0.0005285073420964181,3.299277159385383e-05,8.722025813767686e-05,7.554680632892996e-05,6.419239798560739e-05,6.183841833262704e-06,1.0
704,1.0,1.0,1.0,1.0,1.0,1.0,1.0,1.0,0.9994255304336548,0.9996439218521118,0.9999117851257324,0.9998177886009216,0.9997468590736389,0.9998681545257568,0.9785397052764893,0.2221503108739853,0.0
705,1.0,1.0,1.0,1.0,1.0,1.0,0.0,0.0,0.9996532201766968,0.999445378780365,0.9997923970222473,0.9998689889907837,0.9911370277404785,0.9305264949798584,0.9532959461212158,0.09901117533445358,0.0
706,0.0,1.0,1.0,1.0,1.0,1.0,0.0,0.0,0.010360296815633774,0.8052549362182617,0.9970210194587708,0.9635419845581055,0.9997662901878357,0.9949369430541992,0.0005425535491667688,1.0665990885172505e-05,0.0
707,1.0,1.0,1.0,1.0,1.0,1.0,1.0,0.0,0.9998168349266052,0.9999110698699951,0.9999016523361206,0.99985671043396,0.999945878982544,0.999690055847168,0.9998002648353577,0.8597477078437805,3.0
708,0.0,0.0,0.0,0.0,0.0,0.0,0.0,0.0,5.092997889732942e-05,7.820307655492797e-05,0.0001538993965368718,0.00010423867934150621,3.088164157816209e-05,3.412831938476302e-05,0.001030519837513566,2.875883865272044e-06,2.0
709,1.0,1.0,1.0,0.0,1.0,1.0,0.0,0.0,0.9529725909233093,0.9117588400840759,0.21166864037513733,0.04075602814555168,0.9604716897010803,0.06033161282539368,0.029162593185901642,0.0159181896597147,3.0
710,0.0,0.0,0.0,0.0,0.0,0.0,0.0,0.0,0.07171422243118286,6.955181015655398e-05,0.006534186191856861,0.0012669186107814312,0.0021369399037212133,0.00039445696165785193,0.08341120183467865,4.0514983993489295e-05,3.0
711,0.0,0.0,0.0,0.0,0.0,0.0,0.0,0.0,0.0007312259986065328,9.387533646076918e-05,0.0002433407207718119,0.00012581913324538618,0.0024895048700273037,0.00016244122525677085,0.005301047116518021,1.1531796189956367e-05,3.0
712,0.0,0.0,0.0,0.0,0.0,0.0,0.0,0.0,0.000357540586264804,0.00011571028153412044,6.116036092862487e-05,0.00014215533155947924,0.013330653309822083,0.00013704549928661436,0.002315178979188204,1.3987215425004251e-05,3.0
713,0.0,1.0,1.0,1.0,1.0,1.0,0.0,0.0,0.9883688688278198,0.9942861199378967,0.9995391368865967,0.9981352090835571,0.9987338185310364,0.9963904023170471,0.2582356035709381,0.014141067862510681,0.0
714,0.0,0.0,0.0,0.0,0.0,0.0,0.0,0.0,3.3194563002325594e-05,1.8446831745677628e-05,4.329496368882246e-05,2.6435853214934468e-05,0.00019954163872171193,2.7154546842211857e-05,0.002206191886216402,3.3331562008243054e-06,3.0
715,0.0,0.0,0.0,0.0,0.0,0.0,0.0,0.0,0.00020118593238294125,3.295173519290984e-05,7.1614472290093545e-06,2.6353645807830617e-05,0.004303833935409784,0.0006778570241294801,0.001939801499247551,2.8899446988361888e-05,0.0
716,0.0,0.0,0.0,0.0,0.0,0.0,0.0,0.0,6.144681537989527e-05,0.00013596333155874163,6.109484820626676e-05,2.6115469154319726e-05,0.00026765858638100326,9.298893564846367e-05,0.00023990703630261123,1.2352431440376677e-05,0.0
717,0.0,0.0,0.0,0.0,0.0,0.0,0.0,0.0,2.620270970510319e-05,2.7205453079659492e-05,2.517271786928177e-05,4.204163997201249e-05,0.0024590259417891502,3.491384268272668e-05,0.0023970273323357105,6.611426670133369e-06,2.0
718,0.0,0.0,0.0,0.0,0.0,0.0,0.0,0.0,5.9715988754760474e-05,6.30620343144983e-05,0.0021485670004040003,6.309204763965681e-05,0.0003951537946704775,7.036550232442096e-05,0.0021609694231301546,7.071030995575711e-05,2.0
719,0.0,1.0,1.0,0.0,1.0,1.0,0.0,0.0,0.9987379908561707,0.9977878332138062,0.9982800483703613,0.07429938018321991,0.9999287128448486,0.9966481328010559,0.49067893624305725,0.0025504454970359802,4.0
720,0.0,0.0,0.0,0.0,0.0,0.0,0.0,0.0,1.0335746992495842e-05,1.6275518646580167e-05,0.0001401924091624096,2.551942816353403e-05,0.004157015588134527,6.864304305054247e-05,0.00020583777222782373,6.738611318723997e-06,2.0
721,0.0,0.0,0.0,0.0,0.0,0.0,0.0,0.0,9.841844439506531e-05,4.3657448259182274e-05,0.002167842583730817,3.956690852646716e-05,0.06661289185285568,0.00020109445904381573,0.003002035664394498,2.222146031272132e-05,0.0
722,1.0,1.0,1.0,1.0,1.0,1.0,0.0,1.0,0.9998655319213867,0.9998936653137207,0.9955998659133911,0.9999088048934937,0.9999654293060303,0.9794933199882507,0.8720588684082031,0.9857975840568542,2.0
723,0.0,0.0,0.0,0.0,0.0,0.0,0.0,0.0,4.0112281567417085e-05,4.899771374766715e-05,4.394616553327069e-05,1.8406730305287056e-05,0.0004907663678750396,1.565159072924871e-05,3.3800472010625526e-05,1.1493676538520958e-05,0.0
724,0.0,0.0,0.0,0.0,0.0,0.0,0.0,0.0,1.9983639504062012e-05,0.0006158283795230091,0.00020132679492235184,0.0001172905249404721,0.0005497478996403515,0.00021403870778158307,0.0005443688714876771,4.997600171918748e-06,4.0
725,1.0,1.0,1.0,0.0,1.0,1.0,1.0,0.0,0.9802796840667725,0.9533589482307434,0.8581148982048035,0.2859627604484558,0.9973872303962708,0.27052831649780273,0.010730696842074394,0.0007154611521400511,4.0
726,1.0,1.0,1.0,1.0,1.0,1.0,1.0,0.0,0.9987282156944275,0.997639536857605,0.999872088432312,0.9992436170578003,0.9997679591178894,0.9986463189125061,0.560754120349884,0.05036665499210358,4.0
727,0.0,0.0,0.0,0.0,0.0,0.0,0.0,0.0,9.04976695892401e-06,5.62011482543312e-05,5.370933286030777e-05,0.00010172145994147286,0.00028955895686522126,0.00040956982411444187,0.0011733247665688396,3.631287472671829e-05,4.0
728,0.0,0.0,0.0,0.0,0.0,0.0,0.0,0.0,2.1074041796964593e-05,0.0003806126187555492,0.00027391198091208935,0.00010048664262285456,0.0007893013535067439,4.246577373123728e-05,0.00013666404993273318,2.0851184672210366e-06,3.0
729,1.0,1.0,1.0,1.0,1.0,1.0,0.0,0.0,0.9993243217468262,0.9986754059791565,0.9994246959686279,0.9963627457618713,0.9996191263198853,0.9977139234542847,0.7352493405342102,0.9188880324363708,4.0
730,1.0,0.0,1.0,1.0,1.0,1.0,0.0,0.0,0.8713352680206299,0.9551607966423035,0.9998687505722046,0.0746881291270256,0.9999336004257202,0.9876165986061096,0.010123136453330517,0.030688602477312088,3.0
731,0.0,0.0,0.0,0.0,0.0,0.0,0.0,0.0,0.970792829990387,0.9973841309547424,0.9987736344337463,0.8568717241287231,0.9996986389160156,0.9913041591644287,0.07850804924964905,0.0042202104814350605,2.0
732,0.0,1.0,1.0,1.0,1.0,1.0,1.0,0.0,0.7823092937469482,0.9986420273780823,0.9914333820343018,0.9995071887969971,0.9997954964637756,0.9903303384780884,0.9813085198402405,0.015680553391575813,2.0
733,1.0,1.0,1.0,1.0,1.0,0.0,0.0,0.0,0.7870343327522278,0.9916457533836365,0.7926458716392517,0.08087784796953201,0.9993368983268738,0.0307602696120739,0.08861612528562546,0.023450657725334167,4.0
734,0.0,0.0,0.0,0.0,0.0,0.0,0.0,0.0,0.00043823334272019565,5.292845162330195e-05,0.0003350008628331125,7.583356637042016e-05,0.000273129902780056,4.0579481719760224e-05,7.537137571489438e-05,3.279694283264689e-06,1.0
735,0.0,1.0,1.0,0.0,1.0,1.0,0.0,0.0,0.0006502923206426203,0.9940073490142822,0.939411461353302,0.001405446557328105,0.9998030066490173,0.9899703860282898,0.001720767468214035,2.6731933758128434e-05,3.0
736,1.0,1.0,1.0,1.0,1.0,1.0,1.0,0.0,0.9995744824409485,0.9995525479316711,0.9997325539588928,0.9981662631034851,0.9993330836296082,0.9998879432678223,0.9997531771659851,0.7854713797569275,3.0
737,0.0,1.0,1.0,0.0,1.0,1.0,0.0,0.0,0.13536730408668518,0.4603702425956726,0.2280835211277008,0.0005430339369922876,0.991712212562561,0.5769925713539124,0.09373046457767487,6.069555092835799e-05,2.0
738,0.0,0.0,0.0,0.0,0.0,0.0,0.0,0.0,1.5445146345882677e-05,0.004902843851596117,0.00024128754739649594,0.00011175214604008943,0.0003113173006568104,0.0003583501966204494,0.0009396963287144899,3.321383928778232e-06,4.0
739,0.0,0.0,0.0,0.0,0.0,0.0,0.0,0.0,2.4163022317225114e-05,2.3195019821287133e-05,0.00014891187311150134,4.8746926040621474e-05,0.00014520161494147032,2.6355153750046156e-05,0.00015212511061690748,7.98820565250935e-06,3.0
740,0.0,0.0,0.0,0.0,0.0,0.0,0.0,0.0,3.80215460609179e-05,7.477966846636264e-06,1.355667245661607e-05,1.1315679330436978e-05,0.00025952840223908424,2.24694813368842e-05,0.00016938699991442263,8.700739272171631e-06,0.0
741,1.0,1.0,1.0,1.0,1.0,1.0,1.0,1.0,0.9991306662559509,0.99991774559021,0.9997988343238831,0.9979244470596313,0.9997593760490417,0.999428927898407,0.9658709764480591,0.7958479523658752,0.0
742,0.0,0.0,0.0,0.0,0.0,0.0,0.0,0.0,1.733445424179081e-05,0.00011039379023713991,0.00029818579787388444,0.00026548985624685884,0.0007150586461648345,0.0007839496247470379,0.00020127689640503377,0.00013519707135856152,4.0
743,1.0,1.0,1.0,1.0,1.0,1.0,1.0,1.0,0.9997460246086121,0.9998694658279419,0.999578058719635,0.9997711777687073,0.9999392032623291,0.9995408058166504,0.9990506768226624,0.9994775652885437,0.0
744,1.0,1.0,1.0,1.0,1.0,1.0,1.0,1.0,0.9999418258666992,0.9997966885566711,0.9996070265769958,0.9969841837882996,0.9997259974479675,0.9997782111167908,0.9892460703849792,0.9993909597396851,3.0
745,1.0,1.0,1.0,1.0,1.0,1.0,1.0,1.0,0.9999672174453735,0.9998326301574707,0.9995539784431458,0.9981491565704346,0.9999244213104248,0.9997730851173401,0.9090905785560608,0.9873090386390686,3.0
746,0.0,0.0,0.0,0.0,0.0,0.0,0.0,0.0,1.1266395631537307e-05,3.666645352495834e-05,0.00018374498176854104,4.437690586200915e-05,0.00016812628018669784,0.00014887381985317916,0.00023413581948261708,1.5694014336986584e-06,3.0
747,1.0,0.0,1.0,1.0,0.0,0.0,0.0,1.0,0.9998711347579956,0.02691921778023243,0.9434033036231995,0.9308502078056335,0.9960823655128479,0.05339294299483299,0.004064488224685192,0.0270889513194561,4.0
748,0.0,0.0,0.0,0.0,0.0,0.0,0.0,0.0,0.0003498272562865168,0.0005176588892936707,0.010190635919570923,4.984256156603806e-05,0.006218038499355316,0.000625276705250144,0.000984691083431244,1.8058362911688164e-05,4.0
749,0.0,0.0,0.0,0.0,1.0,0.0,0.0,0.0,0.0019585832487791777,1.750115552567877e-05,0.00012687983689829707,5.1972034270875156e-05,0.007354093249887228,3.5881483199773356e-05,0.0002821943780872971,5.71600276089157e-06,2.0
750,0.0,0.0,0.0,0.0,0.0,0.0,0.0,0.0,0.0001832825073506683,0.00014076760271564126,0.0003375484375283122,5.789113856735639e-05,0.0014988310867920518,0.00017460926028434187,0.00024603784549981356,5.82850680075353e-06,3.0
751,0.0,0.0,0.0,0.0,0.0,0.0,1.0,0.0,0.2327178716659546,0.06024980917572975,0.007002952974289656,0.0009578586905263364,0.009203902445733547,0.0001681001449469477,0.019703920930624008,6.805124576203525e-05,1.0
752,1.0,1.0,1.0,1.0,1.0,1.0,1.0,1.0,0.9987661838531494,0.9997064471244812,0.9987248778343201,0.9995089769363403,0.999007523059845,0.998590886592865,0.9944725632667542,0.9997978806495667,3.0
753,0.0,0.0,0.0,0.0,0.0,0.0,0.0,0.0,5.666552533512004e-05,5.82048342039343e-05,0.001963650109246373,2.2768250346416607e-05,0.0020121061243116856,3.016729897353798e-05,0.00010670597839634866,9.343136298411991e-06,0.0
754,0.0,0.0,0.0,0.0,0.0,0.0,0.0,0.0,9.885532563203014e-06,0.00027793715707957745,9.635522292228416e-05,2.5671126422821544e-05,0.004132531117647886,1.710479955363553e-05,0.00024635143927298486,9.92426066659391e-06,1.0
755,0.0,0.0,0.0,0.0,0.0,0.0,0.0,0.0,0.003176032332703471,0.2632363736629486,0.0001249938941327855,0.00032206630567088723,0.059955231845378876,0.02659415639936924,0.004711374174803495,0.0002624444314278662,1.0
756,0.0,0.0,0.0,0.0,0.0,0.0,0.0,0.0,5.779587445431389e-05,4.3645126424962655e-05,0.00017388818378094584,1.898711889225524e-05,0.001771626528352499,0.00013277250400278717,0.008895407430827618,8.564148629375268e-06,0.0
757,1.0,1.0,1.0,1.0,1.0,1.0,1.0,0.0,0.9721100926399231,0.9973598122596741,0.9997372031211853,0.9831867218017578,0.9997929930686951,0.9994478821754456,0.5077633261680603,0.1982162743806839,2.0
758,0.0,0.0,0.0,0.0,0.0,0.0,0.0,0.0,0.000119321201054845,0.005507142748683691,0.00017569246119819582,1.9302713553770445e-05,0.0005881825927644968,3.740447937161662e-05,0.09504393488168716,1.203836018248694e-05,0.0
759,1.0,1.0,1.0,1.0,1.0,1.0,0.0,0.0,0.9933992624282837,0.9993484616279602,0.9999380111694336,0.9998916387557983,0.999958872795105,0.9990121126174927,0.06957846879959106,0.06854742020368576,2.0
760,1.0,1.0,1.0,1.0,1.0,1.0,0.0,1.0,0.9991334080696106,0.9998972415924072,0.9944078922271729,0.9961544871330261,0.9997795224189758,0.9947870969772339,0.9774764180183411,0.9321802258491516,0.0
761,0.0,0.0,0.0,0.0,0.0,0.0,0.0,0.0,0.00012372140190564096,0.0001856155868154019,9.535960998618975e-05,2.32191650866298e-05,0.00019196081848349422,0.0003822026483248919,0.0008229095838032663,1.1518496648932341e-05,0.0
762,1.0,1.0,1.0,1.0,1.0,1.0,0.0,0.0,0.9999529123306274,0.9962964653968811,0.9982467889785767,0.993187665939331,0.9996308088302612,0.9971622824668884,0.47524335980415344,0.9804490208625793,2.0
763,0.0,0.0,0.0,0.0,0.0,0.0,0.0,0.0,0.002482749056071043,0.0031763312872499228,0.0009252918534912169,7.43831624276936e-05,0.020634682849049568,0.0007986915297806263,0.00245337700471282,5.760839030699572e-06,4.0
764,0.0,0.0,0.0,0.0,0.0,0.0,0.0,0.0,0.00012570460967253894,6.26745677436702e-05,0.00025196946808137,1.2200411219964735e-05,0.0006584071670658886,0.0005008184816688299,0.00035066218697465956,2.5021887267939746e-05,0.0
765,0.0,0.0,0.0,0.0,0.0,0.0,0.0,0.0,6.915750418556854e-05,0.00017006655980367213,2.2503341824631207e-05,0.00010235283843940124,0.000441359996329993,2.617139216454234e-05,0.005342548713088036,2.8221668344485806e-06,2.0
766,0.0,0.0,0.0,0.0,0.0,0.0,0.0,0.0,7.714325874985661e-06,9.150734695140272e-05,9.056510316440836e-05,0.0010087869595736265,0.0011552601354196668,7.690863276366144e-05,0.0009895518887788057,2.8837090212618932e-05,4.0
767,1.0,1.0,1.0,1.0,1.0,1.0,1.0,1.0,0.9971206188201904,0.9989633560180664,0.9999023675918579,0.9995205402374268,0.9996486902236938,0.99863201379776,0.999152660369873,0.4373016059398651,1.0
768,0.0,0.0,0.0,0.0,0.0,0.0,0.0,0.0,9.159114597423468e-06,9.27170185605064e-06,7.274874951690435e-05,2.5670540708233602e-05,0.000592932861763984,7.111557351890951e-05,2.7079086066805758e-05,2.8496067443484208e-06,4.0
769,1.0,1.0,1.0,0.0,1.0,0.0,1.0,0.0,0.9867613315582275,0.9972225427627563,0.48503363132476807,0.6473081111907959,0.8569082021713257,0.45550018548965454,0.94105464220047,0.3248346149921417,4.0
770,0.0,0.0,0.0,0.0,0.0,0.0,0.0,0.0,0.002347010187804699,0.0005831951275467873,0.017206260934472084,0.00016506465908605605,0.0019348087953403592,0.0015427691396325827,0.0012031765654683113,5.2545587095664814e-05,3.0
771,1.0,1.0,1.0,1.0,1.0,0.0,1.0,0.0,0.9997690320014954,0.9799721837043762,0.9998775720596313,0.9993236064910889,0.999940037727356,0.9945192933082581,0.9095181822776794,0.08091828227043152,4.0
772,0.0,0.0,0.0,0.0,0.0,0.0,0.0,0.0,5.859041266376153e-06,0.0004482250369619578,0.00030290408176369965,0.0002452618791721761,0.0011656592832878232,0.0004040109633933753,0.00010217555245617405,3.925191322196042e-06,4.0
773,1.0,1.0,1.0,1.0,1.0,1.0,1.0,1.0,0.999972939491272,0.9984272718429565,0.9995866417884827,0.9930487871170044,0.9993057250976562,0.9978944659233093,0.9989491105079651,0.22858752310276031,3.0
774,1.0,1.0,1.0,1.0,1.0,1.0,0.0,0.0,0.9973527193069458,0.9986358284950256,0.9999065399169922,0.987773597240448,0.9998519420623779,0.899634063243866,0.00038842015783302486,0.3991590142250061,0.0
775,0.0,1.0,1.0,1.0,1.0,1.0,0.0,0.0,0.9274161458015442,0.9998481273651123,0.9998273253440857,0.9996976852416992,0.9998286962509155,0.9991111159324646,0.7787248492240906,0.5152892470359802,4.0
776,0.0,1.0,1.0,1.0,1.0,1.0,0.0,0.0,0.9893240332603455,0.9366124272346497,0.9999275207519531,0.9989205598831177,0.999731719493866,0.9579552412033081,0.3424083888530731,0.013736408203840256,4.0
777,0.0,0.0,0.0,0.0,0.0,0.0,0.0,0.0,7.990858284756541e-05,0.0006486071506515145,0.0005840971134603024,4.060789797222242e-05,0.0002742971992120147,0.00025564859970472753,0.00018965103663504124,2.3582646463182755e-05,3.0
778,0.0,0.0,0.0,0.0,0.0,0.0,0.0,0.0,2.282314198964741e-05,3.300277967355214e-05,5.646615318255499e-05,1.1222557986911852e-05,0.0004795755376107991,0.00028089279658161104,0.0001181154657388106,1.1473438462417107e-05,0.0
779,0.0,0.0,0.0,0.0,0.0,0.0,0.0,0.0,1.7814498278312385e-05,1.4933439160813577e-05,2.6509040253586136e-05,6.205168028827757e-05,0.00019752862863242626,7.231872586999089e-05,0.00045840966049581766,3.505058339214884e-05,4.0
780,0.0,1.0,1.0,1.0,1.0,1.0,0.0,0.0,0.9111496806144714,0.999115526676178,0.9994481205940247,0.9994378685951233,0.9990841150283813,0.9979912042617798,0.01629408448934555,0.017208777368068695,1.0
781,0.0,0.0,0.0,0.0,0.0,0.0,0.0,0.0,1.1271800758549944e-05,0.00024163196212612092,0.0005850428715348244,3.785505032283254e-05,0.0011308037210255861,0.0004805498174391687,0.00013424581266008317,1.6919049130592612e-06,3.0
782,1.0,1.0,1.0,1.0,1.0,1.0,1.0,0.0,0.9991509914398193,0.996517539024353,0.9993842840194702,0.9966952800750732,0.9998764991760254,0.9912015199661255,0.9418827295303345,0.01586623303592205,4.0
783,1.0,1.0,1.0,1.0,1.0,1.0,1.0,0.0,0.9985663294792175,0.9997591376304626,0.9991126656532288,0.967199444770813,0.9999657869338989,0.9825782179832458,0.9947338104248047,0.015820952132344246,2.0
784,0.0,0.0,0.0,0.0,1.0,0.0,0.0,0.0,0.0017396201146766543,0.11420468240976334,0.9640311002731323,0.0011176064144819975,0.9937899708747864,0.040092311799526215,0.005866898223757744,3.063290932914242e-05,1.0
785,1.0,1.0,1.0,1.0,1.0,1.0,1.0,1.0,0.9998412132263184,0.9996138215065002,0.9957199692726135,0.9146817922592163,0.9998199343681335,0.9936681389808655,0.9549219012260437,0.020372793078422546,2.0
786,1.0,1.0,1.0,1.0,1.0,1.0,0.0,0.0,0.9995836615562439,0.9802289009094238,0.9936483502388,0.9995399713516235,0.999761164188385,0.996188223361969,0.02288244664669037,0.006737406365573406,3.0
787,1.0,1.0,1.0,1.0,1.0,1.0,1.0,1.0,0.9997441172599792,0.9998912811279297,0.999824583530426,0.9968333840370178,0.9999181032180786,0.9994660019874573,0.9998774528503418,0.7446020245552063,3.0
788,0.0,0.0,0.0,0.0,0.0,0.0,0.0,0.0,0.00022666636505164206,7.511022886319552e-06,4.3009742512367666e-05,2.7071781005361117e-05,8.292900020023808e-05,4.442690988071263e-05,0.010127882473170757,1.721948319755029e-05,2.0
789,0.0,0.0,0.0,0.0,0.0,0.0,0.0,0.0,0.00010016720625571907,0.0006768712773919106,0.002092827344313264,9.318928641732782e-05,0.054342757910490036,0.0010024001821875572,0.0004667651082854718,9.496415259491187e-06,3.0
790,0.0,0.0,0.0,0.0,0.0,0.0,0.0,0.0,4.11569417337887e-05,7.974423351697624e-05,9.9393175332807e-05,0.00012085309572285041,0.0010291251819580793,0.0003710303280968219,0.00024324374680873007,1.6325247997883707e-05,1.0
791,0.0,0.0,0.0,0.0,1.0,0.0,0.0,0.0,1.4883492440276314e-05,0.0032434698659926653,0.0028243635315448046,0.00025828994694165885,0.5743727087974548,0.006156859919428825,8.092619100352749e-05,9.476178092882037e-06,4.0
792,0.0,0.0,0.0,0.0,0.0,0.0,0.0,0.0,6.916555139468983e-05,1.3899611985834781e-05,0.00016881847113836557,3.0288427296909504e-05,6.589109398191795e-05,1.9068993424298242e-05,0.00021598958119284362,4.053054908581544e-06,3.0
793,0.0,0.0,0.0,0.0,0.0,0.0,0.0,0.0,0.13517144322395325,0.0014675885904580355,0.004285093862563372,0.0009772218763828278,0.017719676718115807,0.00044741862802766263,0.22027787566184998,0.0001438827603124082,1.0
794,0.0,0.0,0.0,0.0,0.0,0.0,0.0,0.0,4.4829728722106665e-05,4.590289609041065e-05,0.0002096113166771829,2.6254083422827534e-05,0.0005579412099905312,0.0001163934066426009,0.00017144676530733705,2.8596032279892825e-06,4.0
795,1.0,1.0,1.0,1.0,1.0,1.0,1.0,1.0,0.9998979568481445,0.9909887909889221,0.9994871616363525,0.9996504783630371,0.9999654293060303,0.9983105659484863,0.9886723160743713,0.9270829558372498,4.0
796,0.0,0.0,0.0,0.0,0.0,0.0,0.0,0.0,0.00023547661839984357,4.94874911964871e-05,0.0002487785823177546,2.0219908037688583e-05,0.004425616469234228,0.00011552529031177983,0.0013417802983894944,2.9324733986868523e-05,0.0
797,1.0,1.0,1.0,1.0,1.0,1.0,1.0,1.0,0.9989129304885864,0.9997896552085876,0.9999003410339355,0.9996927976608276,0.9999182224273682,0.9998206496238708,0.9293774366378784,0.057918764650821686,3.0
798,0.0,0.0,0.0,0.0,0.0,0.0,0.0,0.0,2.195688102801796e-05,7.164541784732137e-06,1.0128542271559127e-05,8.308278665936086e-06,7.591547182528302e-05,7.312565139727667e-05,0.0004816685395780951,8.669686394568998e-06,0.0
799,0.0,0.0,0.0,0.0,0.0,0.0,0.0,0.0,0.00017174815002363175,0.0006587639800272882,3.880797521560453e-05,4.0189588617067784e-05,0.0006709129665978253,0.0002558495325502008,0.0007318321149796247,9.131249498750549e-06,0.0
800,0.0,0.0,0.0,0.0,0.0,0.0,0.0,0.0,8.46845650812611e-05,2.2538932171300985e-05,7.373675180133432e-05,1.0667689821275417e-05,0.008744710125029087,3.378990004421212e-05,0.0009824000298976898,5.345858880900778e-06,0.0
801,0.0,0.0,0.0,0.0,0.0,0.0,0.0,0.0,7.0255744503811e-05,5.3192427003523335e-05,1.118886393669527e-05,8.265783435490448e-06,0.00043327821185812354,6.576153100468218e-05,0.0018303989199921489,6.2749422795604914e-06,0.0
802,0.0,0.0,0.0,0.0,0.0,0.0,0.0,0.0,2.993265661643818e-05,2.446458711347077e-05,1.8449154595145956e-05,6.468269566539675e-05,0.017318839207291603,6.35519390925765e-05,3.701337845996022e-05,3.032912673006649e-06,0.0
803,0.0,0.0,0.0,0.0,0.0,0.0,0.0,0.0,0.0003163020883221179,0.0007579593220725656,0.0016015208093449473,0.00011090932821389288,0.0007337186252698302,0.0008233852568082511,0.0038503436371684074,2.1516912966035306e-05,3.0
804,0.0,0.0,0.0,0.0,0.0,0.0,0.0,0.0,2.985160972457379e-05,1.4362465662998147e-05,0.00016283371951431036,4.8635858547640964e-05,0.00023228119243867695,9.888051863526925e-05,0.02459532581269741,5.90476774959825e-05,4.0
805,1.0,1.0,1.0,1.0,1.0,1.0,1.0,1.0,0.9503317475318909,0.9457216858863831,0.9988338351249695,0.8607397675514221,0.9997261166572571,0.9698763489723206,0.9793868660926819,0.08086742460727692,4.0
806,0.0,0.0,0.0,0.0,1.0,0.0,0.0,0.0,0.03893549367785454,0.010414047166705132,0.2099471092224121,3.8229223719099537e-05,0.8542522192001343,0.0036225714720785618,0.0007292238879017532,2.0008448700536974e-05,1.0
807,1.0,1.0,1.0,1.0,1.0,1.0,0.0,0.0,0.8021904826164246,0.3795318901538849,0.63150554895401,0.959169328212738,0.9951908588409424,0.4086756110191345,0.2710069715976715,0.0015020151622593403,3.0
808,1.0,1.0,1.0,1.0,1.0,0.0,0.0,0.0,0.995293915271759,0.9990459084510803,0.9754956364631653,0.9825621843338013,0.999752938747406,0.9664629101753235,0.0026725854258984327,0.12317842245101929,0.0
809,1.0,1.0,1.0,0.0,1.0,0.0,1.0,0.0,0.9963840246200562,0.9977668523788452,0.9902758598327637,0.9795324206352234,0.9998739957809448,0.9729802012443542,0.6026585698127747,0.0319574698805809,3.0
810,0.0,0.0,0.0,0.0,0.0,0.0,0.0,0.0,1.3323099665285554e-05,0.00032337018637917936,2.5189025109284557e-05,2.4015424060053192e-05,0.0007710815989412367,3.241954618715681e-05,7.478986663045362e-05,2.6125835574930534e-06,1.0
811,0.0,1.0,1.0,1.0,1.0,1.0,1.0,0.0,0.9968301653862,0.9985842704772949,0.9985564351081848,0.9689855575561523,0.9999630451202393,0.9997723698616028,0.9504103660583496,0.003292647423222661,3.0
812,1.0,1.0,1.0,1.0,1.0,1.0,1.0,0.0,0.9959118366241455,0.9988211989402771,0.9999337196350098,0.9997511506080627,0.9995996356010437,0.9988347887992859,0.9801873564720154,0.23751477897167206,4.0
813,0.0,0.0,0.0,0.0,0.0,0.0,0.0,0.0,1.6658075765008107e-05,0.0002272426208946854,9.161062916973606e-05,1.9759663700824603e-05,0.002179588656872511,0.00038254164974205196,0.00020821337238885462,5.51320226804819e-06,2.0
814,1.0,1.0,1.0,1.0,1.0,1.0,1.0,0.0,0.9856551289558411,0.9991536140441895,0.9998290538787842,0.9996739625930786,0.9999116659164429,0.9998961687088013,0.9924456477165222,0.7259281277656555,1.0
815,1.0,1.0,1.0,1.0,1.0,1.0,1.0,1.0,0.9981874823570251,0.9998019337654114,0.9984820485115051,0.9989467263221741,0.999609649181366,0.48278969526290894,0.9986176490783691,0.9526375532150269,4.0
816,0.0,0.0,0.0,0.0,0.0,0.0,0.0,0.0,0.0006842160364612937,6.959938036743551e-05,0.002226786222308874,0.00014415824261959642,0.0020777438767254353,9.072683315025643e-05,0.002730926498770714,2.1444089725264348e-05,1.0
817,1.0,1.0,1.0,1.0,1.0,1.0,1.0,1.0,0.9999611377716064,0.9999394416809082,0.9989270567893982,0.9977995753288269,0.999951958656311,0.9968953132629395,0.986925482749939,0.9986550807952881,2.0
818,0.0,1.0,1.0,0.0,1.0,1.0,0.0,0.0,0.3369811475276947,0.9878402352333069,0.8753573298454285,0.03213128447532654,0.9998243451118469,0.9938271641731262,0.10878124088048935,6.652326555922627e-05,4.0
819,1.0,1.0,1.0,1.0,1.0,1.0,1.0,0.0,0.9893057942390442,0.9999033212661743,0.9999688863754272,0.999841570854187,0.9999003410339355,0.9982971549034119,0.8098264336585999,0.03862879425287247,2.0
820,0.0,0.0,0.0,0.0,0.0,0.0,0.0,0.0,0.00036982313031330705,0.000147710379678756,0.00018486299086362123,3.52355491486378e-05,4.846954470849596e-05,6.403838051483035e-05,0.00048191932728514075,1.8232201909995638e-05,3.0
821,1.0,1.0,1.0,1.0,1.0,1.0,1.0,0.0,0.0982445627450943,0.9984009861946106,0.9989374279975891,0.778865396976471,0.999893307685852,0.9988262057304382,0.9889197945594788,0.000400981109123677,4.0
822,1.0,1.0,1.0,1.0,1.0,1.0,0.0,0.0,0.9993789196014404,0.9983561635017395,0.982411801815033,0.978659451007843,0.9998093247413635,0.9994551539421082,0.039411090314388275,0.03846341371536255,0.0
823,1.0,1.0,1.0,1.0,1.0,1.0,0.0,1.0,0.9998500347137451,0.9813327789306641,0.9929704070091248,0.9998956918716431,0.9994367957115173,0.962417721748352,0.762176513671875,0.9960352778434753,2.0
824,1.0,1.0,1.0,1.0,1.0,1.0,1.0,1.0,0.9999167919158936,0.9987590312957764,0.9994638562202454,0.9983733892440796,0.999893307685852,0.9998254179954529,0.5412124991416931,0.9446296691894531,1.0
825,1.0,1.0,1.0,1.0,1.0,1.0,0.0,0.0,0.9978528022766113,0.9983525276184082,0.9999345541000366,0.9986525774002075,0.9991456270217896,0.8703935742378235,0.8460824489593506,0.006547565571963787,3.0
826,1.0,1.0,1.0,1.0,1.0,1.0,1.0,1.0,0.9997496008872986,0.9999473094940186,0.9998080134391785,0.9996947050094604,0.9999427795410156,0.9997305274009705,0.9981371164321899,0.9745703935623169,2.0
827,1.0,1.0,1.0,1.0,1.0,1.0,1.0,1.0,0.9993719458580017,0.99989914894104,0.99748295545578,0.9995126724243164,0.9999332427978516,0.9995028972625732,0.7845581769943237,0.9992861151695251,2.0
828,0.0,1.0,1.0,1.0,1.0,1.0,0.0,0.0,0.9940250515937805,0.9725801944732666,0.9983201622962952,0.9977027773857117,0.9998914003372192,0.9996084570884705,0.07067506015300751,0.001819378463551402,1.0
829,0.0,0.0,0.0,0.0,0.0,0.0,0.0,0.0,9.874210081761703e-05,9.303638944402337e-05,0.00011211836681468412,1.3148695870768279e-05,0.0007901960634626448,0.0002155217807739973,0.28921759128570557,1.328454163740389e-05,0.0
830,0.0,0.0,0.0,0.0,0.0,0.0,0.0,0.0,4.0709288441576064e-05,4.8496545787202194e-05,0.00015364060527645051,1.8836057279258966e-05,0.0003953659615945071,4.4659944251179695e-05,4.021454515168443e-05,2.223342335128109e-06,1.0
831,1.0,1.0,1.0,1.0,1.0,1.0,1.0,1.0,0.9993144273757935,0.9999374151229858,0.9987186193466187,0.998308539390564,0.9985170960426331,0.9988784193992615,0.999488115310669,0.9994631409645081,4.0
832,0.0,0.0,0.0,0.0,0.0,0.0,0.0,0.0,0.005274181719869375,2.9280052331159823e-05,8.317951142089441e-05,5.1972034270875156e-05,0.00021611028932966292,5.778562626801431e-05,0.0031095228623598814,1.3403207049123012e-05,2.0
833,0.0,0.0,0.0,0.0,0.0,0.0,0.0,0.0,7.34138666302897e-05,2.2738568077329546e-05,1.1203032045159489e-05,7.18620685802307e-06,0.0002460974210407585,3.1654741178499535e-05,0.0009623179212212563,6.976492841204163e-06,0.0
834,0.0,1.0,1.0,0.0,1.0,0.0,0.0,0.0,0.9134987592697144,0.776515543460846,0.9854991436004639,0.3849143981933594,0.997520387172699,0.0030846509616822004,0.042839571833610535,0.0018703732639551163,3.0
835,1.0,1.0,1.0,0.0,1.0,1.0,1.0,0.0,0.9991075396537781,0.9978284239768982,0.9997363686561584,0.9605386853218079,0.9999250173568726,0.9994218349456787,0.9879555702209473,0.7995339632034302,3.0
836,0.0,0.0,0.0,0.0,0.0,0.0,0.0,0.0,0.00017219876463059336,0.0003185056266374886,0.0001273337402381003,6.000042412779294e-05,3.690981975523755e-05,4.3680975068127736e-05,0.0010122383246198297,5.404634976002853e-06,2.0
837,0.0,0.0,0.0,0.0,0.0,0.0,0.0,0.0,0.00011304449435556307,0.00011004738189512864,5.130161298438907e-05,0.00013255719386506826,0.0006108233937993646,0.00012661503569688648,0.043143220245838165,1.2468072782212403e-05,2.0
838,0.0,0.0,0.0,0.0,0.0,0.0,0.0,0.0,5.11288044435787e-06,5.4128337069414556e-05,7.113394531188533e-05,6.444386963266879e-05,0.003605769481509924,9.655398753238842e-05,4.7707526391604915e-05,3.7116255953151267e-06,4.0
839,0.0,0.0,0.0,0.0,0.0,0.0,0.0,0.0,7.728618584224023e-06,1.4981310414441396e-05,0.00011596500553423539,3.398473563720472e-05,0.006904541049152613,0.00012305159179959446,0.0008625074406154454,2.95571589958854e-06,4.0
840,1.0,1.0,1.0,1.0,1.0,1.0,1.0,1.0,0.9999009370803833,0.999251663684845,0.9999159574508667,0.9999206066131592,0.9999533891677856,0.99980229139328,0.9995729327201843,0.9983117580413818,4.0
841,1.0,1.0,1.0,1.0,1.0,1.0,1.0,1.0,0.999066174030304,0.9837145209312439,0.9999312162399292,0.9993427395820618,0.9998400211334229,0.9931073784828186,0.9999427795410156,0.9995449185371399,0.0
842,1.0,0.0,0.0,0.0,0.0,0.0,1.0,0.0,0.0796995609998703,0.0004625766887329519,0.008317961357533932,0.0009639734053052962,0.0010318966815248132,0.014198306016623974,0.6660515666007996,6.232626037672162e-05,3.0
843,0.0,0.0,0.0,0.0,0.0,0.0,0.0,0.0,5.4862528486410156e-05,1.4281350559031125e-05,4.943589010508731e-05,1.4539234143740032e-05,0.00819594506174326,2.7575477361097e-05,0.00018482067389413714,4.301007265894441e-06,0.0
844,0.0,0.0,0.0,0.0,0.0,0.0,0.0,0.0,9.010700159706175e-05,0.0003714484628289938,0.004468011204153299,2.582882734714076e-05,0.0012715710327029228,0.00029585103038698435,0.0024283877573907375,1.0733449016697705e-05,0.0
845,0.0,0.0,1.0,0.0,1.0,0.0,0.0,0.0,0.0036289608106017113,0.19185492396354675,0.2989192008972168,7.283898594323546e-05,0.9535071849822998,0.09492677450180054,0.00012714084004983306,6.410486093955114e-05,1.0
846,1.0,1.0,1.0,1.0,1.0,1.0,1.0,0.0,0.9881021976470947,0.9984210729598999,0.999762237071991,0.9980307221412659,0.997199535369873,0.9276381134986877,0.6081555485725403,0.9564796686172485,2.0
847,0.0,0.0,0.0,0.0,0.0,0.0,0.0,0.0,8.376799087272957e-05,6.482718890765682e-05,0.00023278401931747794,4.280951907276176e-05,7.86459568189457e-05,4.787670695804991e-05,0.00013282796135172248,5.8363157222629525e-06,3.0
848,0.0,0.0,0.0,0.0,0.0,0.0,0.0,0.0,0.0005589016946032643,0.0005430696764960885,4.048034315928817e-05,0.0002070196787826717,0.08070357143878937,0.0004732668458018452,0.00010959633800666779,5.489838440553285e-05,1.0
849,0.0,0.0,0.0,0.0,0.0,0.0,0.0,0.0,8.205802441807464e-05,2.410720662737731e-05,0.001013898872770369,6.0054804635001346e-05,0.0004668000037781894,0.00015354278730228543,0.0011883468832820654,1.1247737347730435e-05,2.0
850,1.0,1.0,1.0,1.0,1.0,1.0,1.0,0.0,0.9998020529747009,0.9999687671661377,0.999948263168335,0.9976139068603516,0.9995929598808289,0.9995131492614746,0.9995896220207214,0.9057422280311584,2.0
851,0.0,1.0,1.0,0.0,1.0,1.0,0.0,0.0,0.017602955922484398,0.9844222068786621,0.9991294741630554,0.005196230951696634,0.9998708963394165,0.9955600500106812,0.010393918491899967,0.0002709584659896791,1.0
852,1.0,0.0,1.0,1.0,1.0,0.0,1.0,1.0,0.9990597367286682,0.9655661582946777,0.9996777772903442,0.998530387878418,0.9949144124984741,0.7839568257331848,0.9401962757110596,0.9822365045547485,1.0
853,0.0,0.0,0.0,0.0,0.0,0.0,0.0,0.0,4.7093282773857936e-05,3.2214629754889756e-05,5.398713983595371e-05,6.272167956922203e-05,0.00032156374072656035,0.00024838114040903747,0.02952246554195881,7.240544618980493e-06,1.0
854,1.0,1.0,1.0,1.0,1.0,1.0,1.0,1.0,0.9989302754402161,0.9991183876991272,0.9996005892753601,0.9962124824523926,0.9998736381530762,0.9998502731323242,0.6939786672592163,0.2130194753408432,0.0
855,0.0,0.0,0.0,0.0,0.0,0.0,0.0,0.0,9.792946912057232e-06,0.0005476180813275278,1.8348142475588247e-05,4.979306322638877e-05,0.00014213324175216258,0.0019627390429377556,3.376574022695422e-05,1.981928107852582e-05,1.0
856,0.0,1.0,1.0,0.0,1.0,1.0,0.0,0.0,0.020828064531087875,0.9000467658042908,0.9983402490615845,0.022019486874341965,0.9998537302017212,0.9987075328826904,0.011237273924052715,5.161503577255644e-05,4.0
857,0.0,0.0,0.0,0.0,0.0,0.0,0.0,0.0,0.00012162361963419244,0.00034163211239501834,0.0013613324845209718,5.265378058538772e-05,0.0025777574628591537,0.00012927557691000402,0.000337143981596455,6.969629794184584e-06,1.0
858,0.0,0.0,0.0,0.0,0.0,0.0,0.0,0.0,4.4492160668596625e-05,0.0004119226650800556,0.0001642465213080868,7.726191688561812e-05,0.0007957317866384983,5.831500675412826e-05,0.0009441205766052008,2.64057302956644e-06,3.0
859,0.0,0.0,0.0,0.0,0.0,0.0,0.0,0.0,2.0218210920575075e-05,2.484611832187511e-05,7.584912236779928e-05,5.1678223826456815e-05,0.0005774339661002159,1.7236568965017796e-05,6.95963972248137e-05,4.219262791593792e-06,3.0
860,0.0,0.0,0.0,0.0,1.0,0.0,0.0,0.0,0.02980482019484043,0.5651183724403381,0.8480969071388245,0.9471898674964905,0.9882821440696716,0.24307945370674133,0.7645469903945923,0.0001905152021208778,4.0
861,0.0,0.0,0.0,0.0,0.0,0.0,0.0,0.0,2.102375765389297e-05,5.71916280023288e-05,3.437784835114144e-05,2.8804850444430485e-05,0.001334773376584053,0.00017170116188935935,0.0003130933619104326,3.329477294755634e-06,2.0
862,0.0,1.0,1.0,1.0,1.0,1.0,1.0,0.0,0.9898402690887451,0.9984292387962341,0.999572217464447,0.9986701011657715,0.9999250173568726,0.9993877410888672,0.9951112866401672,0.012071036733686924,4.0
863,0.0,0.0,0.0,0.0,0.0,0.0,0.0,0.0,5.965019590803422e-05,1.64809880516259e-05,4.950434231432155e-05,7.355920388363302e-06,0.0018530461238697171,0.00011107487080153078,0.0030164862982928753,2.923630290752044e-06,0.0
864,0.0,1.0,1.0,1.0,1.0,1.0,0.0,0.0,0.005972455255687237,0.21433116495609283,0.16249699890613556,0.07148444652557373,0.3766290247440338,0.010031094774603844,0.0009357683011330664,1.4104649380897172e-05,0.0
865,0.0,0.0,0.0,0.0,0.0,0.0,0.0,0.0,3.259895311202854e-05,0.0003828382177744061,0.00038142281118780375,6.25423199380748e-05,0.005893118679523468,0.00015136865840759128,8.701439219294116e-05,7.736258339718916e-06,1.0
866,0.0,0.0,0.0,0.0,0.0,0.0,0.0,0.0,0.02096204273402691,0.5805688500404358,0.7233197689056396,0.014604679308831692,0.9717922806739807,0.3051590919494629,0.35983923077583313,2.485078584868461e-05,3.0
867,1.0,1.0,1.0,1.0,1.0,1.0,1.0,0.0,0.9522379636764526,0.999366819858551,0.9999436140060425,0.9991631507873535,0.9998180270195007,0.9996016621589661,0.3556409180164337,0.014765270054340363,2.0
868,0.0,0.0,0.0,0.0,0.0,0.0,0.0,0.0,6.86833809595555e-05,3.054248736589216e-05,0.0001606183941476047,7.569449371658266e-05,0.0012092232936993241,5.576392140937969e-05,0.00012206920655444264,1.0639729225658812e-05,3.0
869,0.0,1.0,1.0,1.0,1.0,1.0,0.0,0.0,0.4551323354244232,0.9987261891365051,0.9998681545257568,0.9973994493484497,0.9996042847633362,0.9994822144508362,0.00268576480448246,0.013080487959086895,2.0
870,0.0,0.0,0.0,0.0,0.0,0.0,0.0,0.0,0.0005680478061549366,0.008615869097411633,0.00011712690320564434,9.806171146919951e-05,0.00328588648699224,0.00015656603500247002,0.0018225678941234946,8.14183567854343e-06,3.0
871,0.0,0.0,0.0,0.0,0.0,0.0,0.0,0.0,8.040657121455297e-05,0.00010556708730291575,0.0001497785560786724,0.0002889260940719396,0.0005603728350251913,5.703515125787817e-05,0.02085650898516178,9.715080523164943e-06,4.0
872,0.0,0.0,0.0,0.0,0.0,0.0,0.0,0.0,0.0002281901251990348,0.43729302287101746,0.0009595187730155885,0.0002441750548314303,0.0009735696949064732,0.0005530639900825918,0.09727514535188675,5.769966446678154e-05,0.0
873,1.0,1.0,1.0,1.0,1.0,1.0,1.0,0.0,0.8019790053367615,0.9997853636741638,0.9994809031486511,0.6815652251243591,0.9999005794525146,0.996425449848175,0.9395312070846558,0.05417228490114212,2.0
874,1.0,1.0,1.0,1.0,1.0,1.0,1.0,1.0,0.9996559619903564,0.9999129772186279,0.9999207258224487,0.9983489513397217,0.9997075200080872,0.9996139407157898,0.999958872795105,0.9902154207229614,4.0
875,1.0,1.0,1.0,1.0,1.0,1.0,1.0,1.0,0.9974719882011414,0.9981796741485596,0.9990615248680115,0.9981677532196045,0.9998037219047546,0.9920542240142822,0.999413251876831,0.9976099729537964,4.0
876,0.0,0.0,0.0,0.0,0.0,0.0,0.0,0.0,0.00014653729158453643,0.0006840889109298587,0.0022108510602265596,0.0012339812237769365,0.0007883553043939173,0.00024257536279037595,0.010961013846099377,7.233976066345349e-05,4.0
877,1.0,0.0,1.0,1.0,1.0,0.0,0.0,0.0,0.5039502382278442,0.4987991154193878,0.9835273623466492,0.9989904761314392,0.5950111746788025,0.005123250186443329,0.3439815044403076,0.4332912266254425,0.0
878,1.0,0.0,1.0,1.0,0.0,0.0,0.0,0.0,0.9985306262969971,0.5678137540817261,0.999708354473114,0.9621385335922241,0.9677327871322632,0.1089111864566803,0.17369794845581055,0.04045533761382103,4.0
879,1.0,1.0,1.0,1.0,1.0,1.0,1.0,0.0,0.9997947812080383,0.9962807297706604,0.9997120499610901,0.9987797141075134,0.9995891451835632,0.9994118213653564,0.9760023951530457,0.2758224904537201,3.0
880,0.0,0.0,0.0,0.0,0.0,0.0,0.0,0.0,0.0021755581256002188,3.422759982640855e-05,0.00012116880679968745,1.1727488526958041e-05,0.003886189078912139,0.0003417034458834678,0.0004791288811247796,2.2689244360662997e-05,0.0
881,1.0,1.0,1.0,1.0,1.0,1.0,1.0,0.0,0.07428266853094101,0.9946395754814148,0.9993845224380493,0.998956561088562,0.9985149502754211,0.5994860529899597,0.49401605129241943,0.0001371266698697582,3.0
882,0.0,0.0,0.0,0.0,0.0,0.0,0.0,0.0,0.0005789223941974342,0.00013931182911619544,0.0002025282010436058,7.108295540092513e-05,0.034971099346876144,0.0005030149477533996,0.015328376553952694,2.3450531443813816e-05,3.0
883,1.0,1.0,1.0,1.0,1.0,1.0,1.0,1.0,0.999103307723999,0.9998010993003845,0.9952688813209534,0.9950789213180542,0.9997140765190125,0.998673677444458,0.9973867535591125,0.9835742712020874,4.0
884,1.0,1.0,1.0,1.0,1.0,1.0,1.0,1.0,0.9998838901519775,0.9998838901519775,0.9997323155403137,0.9996846914291382,0.999835729598999,0.9988762736320496,0.9976763129234314,0.9995885491371155,1.0
885,0.0,0.0,0.0,0.0,0.0,0.0,0.0,0.0,1.2015330867143348e-05,0.0006460244185291231,6.213937740540132e-05,9.83020436251536e-05,0.0007876960444264114,0.00012796827650163323,0.006498331669718027,6.122205377323553e-06,4.0
886,0.0,1.0,0.0,0.0,1.0,0.0,0.0,0.0,0.17100393772125244,0.9913240671157837,0.9779512882232666,0.12458726763725281,0.9999041557312012,0.9990829229354858,0.01766626350581646,3.766283407458104e-05,3.0
887,0.0,1.0,1.0,0.0,1.0,1.0,0.0,0.0,0.6651393175125122,0.49156033992767334,0.02838614210486412,0.0064718336798250675,0.027971094474196434,0.0010828179074451327,0.0009107569348998368,0.009184489957988262,3.0
888,0.0,0.0,0.0,0.0,0.0,0.0,0.0,0.0,0.0022918132599443197,0.009503956884145737,0.0025727383326739073,0.000138133778818883,0.03005671128630638,4.076425830135122e-05,0.0002341967774555087,4.166279268247308e-06,2.0
889,1.0,1.0,1.0,1.0,1.0,1.0,1.0,1.0,0.9954202771186829,0.9998574256896973,0.9998648166656494,0.998664379119873,0.9998012185096741,0.9994613528251648,0.9920457601547241,0.9995156526565552,2.0
890,0.0,0.0,0.0,0.0,0.0,0.0,0.0,0.0,0.0010872703278437257,0.00035882912925444543,0.00022209127200767398,0.00017534152721054852,0.014047444798052311,0.00012432051880750805,0.014307309873402119,1.1027306754840538e-05,1.0
891,0.0,1.0,1.0,1.0,1.0,1.0,0.0,0.0,0.06744370609521866,0.9998001456260681,0.9982843995094299,0.016020644456148148,0.9998109936714172,0.990088939666748,0.2602163255214691,0.0008121205028146505,2.0
892,1.0,1.0,1.0,1.0,1.0,1.0,1.0,1.0,0.6850728988647461,0.9992576241493225,0.9998750686645508,0.9992620348930359,0.9995988011360168,0.9993472695350647,0.2392478585243225,0.0014854853507131338,3.0
893,0.0,0.0,0.0,0.0,0.0,0.0,0.0,0.0,3.4409073123242706e-05,0.0019242073176428676,0.006239183247089386,4.013041689177044e-05,0.00043958515743725,3.4432279790053144e-05,0.00040940233157016337,1.4008425750944298e-05,1.0
894,1.0,1.0,1.0,1.0,1.0,1.0,1.0,1.0,0.9998501539230347,0.999933123588562,0.9994342923164368,0.9993590712547302,0.9999316930770874,0.9979270696640015,0.9919618964195251,0.9997269511222839,2.0
895,0.0,0.0,0.0,0.0,0.0,0.0,0.0,0.0,0.10472604632377625,0.11556161195039749,0.011795999482274055,0.0001928333076648414,0.0016016406007111073,0.001614461070857942,0.00030484949820674956,3.418010601308197e-05,0.0
896,0.0,1.0,0.0,0.0,0.0,0.0,0.0,0.0,0.0036887554451823235,0.7201766967773438,0.11827772110700607,0.0002720643242355436,0.01924620382487774,0.012533814646303654,0.0014975500525906682,5.458407031255774e-05,1.0
897,0.0,0.0,0.0,0.0,0.0,0.0,0.0,0.0,6.46173657514737e-06,0.00019691861234605312,3.828390981652774e-05,0.00025022681802511215,0.0004299980355426669,4.141932731727138e-05,0.00011962276039412245,9.466250958212186e-06,4.0
898,1.0,1.0,1.0,1.0,1.0,1.0,1.0,1.0,0.9992030262947083,0.9999651908874512,0.9988640546798706,0.9989932179450989,0.9995602965354919,0.9995779395103455,0.9969213008880615,0.9999202489852905,2.0
899,1.0,1.0,1.0,1.0,1.0,1.0,1.0,1.0,0.9992929697036743,0.9998358488082886,0.9998676776885986,0.9983084201812744,0.9997658133506775,0.995369017124176,0.999518871307373,0.9973065853118896,0.0
900,0.0,1.0,1.0,0.0,1.0,1.0,0.0,0.0,0.9589091539382935,0.999536395072937,0.9987223744392395,0.6252337098121643,0.999106228351593,0.9997721314430237,0.23549793660640717,0.0074205114506185055,0.0
901,0.0,0.0,0.0,0.0,0.0,0.0,0.0,0.0,8.512346539646387e-05,0.08900777250528336,0.011344346217811108,2.0469529772526585e-05,0.0006865200703032315,0.0005107710603624582,0.0001226598396897316,8.007533324416727e-06,0.0
902,0.0,1.0,1.0,1.0,1.0,1.0,0.0,0.0,0.6159937381744385,0.9900220036506653,0.9991466999053955,0.9988402724266052,0.9997342228889465,0.9890406727790833,0.24739493429660797,0.0024565577041357756,1.0
903,0.0,0.0,0.0,0.0,0.0,0.0,0.0,0.0,3.3194563002325594e-05,1.8446831745677628e-05,4.329496368882246e-05,2.6435853214934468e-05,0.00019954163872171193,2.7154546842211857e-05,0.00017385417595505714,3.3331562008243054e-06,3.0
904,1.0,1.0,0.0,0.0,1.0,0.0,0.0,0.0,0.9938275218009949,0.9841910600662231,0.9669857621192932,0.16503046452999115,0.9923712015151978,0.4041474759578705,0.9824532270431519,0.24552485346794128,1.0
905,0.0,0.0,0.0,0.0,0.0,0.0,0.0,0.0,2.449435123708099e-05,2.658547236933373e-05,0.00012129551032558084,2.6327194063924253e-05,7.920047937659547e-05,2.445280915708281e-05,0.00014510873006656766,2.3728259748168057e-06,3.0
906,1.0,1.0,1.0,1.0,1.0,1.0,1.0,1.0,0.9996463060379028,0.9949606657028198,0.9993818998336792,0.9979275465011597,0.9992632269859314,0.9985221028327942,0.9991825222969055,0.7308462262153625,4.0
907,0.0,0.0,0.0,0.0,0.0,0.0,0.0,0.0,0.00037589878775179386,0.017010247334837914,0.0003406681353226304,2.9924804039183073e-05,0.0008077163947746158,0.00021450738131534308,0.08826359361410141,4.60356823168695e-05,0.0
908,0.0,0.0,0.0,0.0,1.0,1.0,0.0,0.0,0.009487442672252655,0.9388564229011536,0.9613426923751831,0.0006259381771087646,0.9999164342880249,0.8373222351074219,0.020960956811904907,8.865966265148018e-06,4.0
909,1.0,1.0,1.0,0.0,1.0,0.0,1.0,1.0,0.9979939460754395,0.9956359267234802,0.9991507530212402,0.9965938925743103,0.9998753070831299,0.9987672567367554,0.997511625289917,0.41693639755249023,2.0
910,1.0,1.0,1.0,1.0,1.0,1.0,1.0,1.0,0.9999078512191772,0.9998971223831177,0.9998193383216858,0.9996848106384277,0.9999125003814697,0.9949624538421631,0.9981467723846436,0.9989786148071289,2.0
911,0.0,0.0,1.0,0.0,1.0,0.0,1.0,0.0,0.001995587022975087,0.03692738711833954,0.006343340966850519,7.219152757897973e-05,0.07528886198997498,0.0038821727503091097,0.00043125622323714197,1.0964200555463322e-05,0.0
912,1.0,1.0,1.0,1.0,1.0,1.0,1.0,0.0,0.9967778325080872,0.9957795143127441,0.9995104074478149,0.9997696280479431,0.9997919201850891,0.9854905605316162,0.9997020363807678,0.05654800683259964,2.0
913,0.0,0.0,0.0,0.0,0.0,0.0,0.0,0.0,6.785768346162513e-05,0.0025703900028020144,0.0002325841342099011,0.00023583298025187105,0.09168035537004471,0.0006583855138160288,0.005482539534568787,1.1453278602857608e-05,2.0
914,1.0,1.0,1.0,1.0,1.0,0.0,1.0,1.0,0.9999326467514038,0.9991440773010254,0.999795138835907,0.9999070167541504,0.9996936321258545,0.5748645663261414,0.9521279335021973,0.9985485672950745,2.0
915,1.0,1.0,1.0,1.0,1.0,1.0,0.0,0.0,0.23438036441802979,0.9992958307266235,0.9997802376747131,0.9996044039726257,0.9998952150344849,0.9996819496154785,0.0048128715716302395,0.00034433379187248647,3.0
916,0.0,0.0,0.0,0.0,0.0,0.0,0.0,0.0,0.005830920301377773,0.0005029161693528295,5.9593625337583944e-05,0.00040071041439659894,0.0008099153055809438,2.2203601474757306e-05,0.00014200780424289405,4.768962753587402e-06,3.0
917,0.0,0.0,0.0,0.0,0.0,0.0,0.0,0.0,8.296538726426661e-05,1.749870352796279e-05,9.087524813367054e-05,1.9059503756579943e-05,0.0005973521620035172,2.5776686015888117e-05,0.0001918528723763302,9.752257938089315e-06,3.0
918,0.0,0.0,0.0,0.0,0.0,0.0,0.0,0.0,3.202957668690942e-05,6.716438656440005e-05,0.0003902365278918296,0.000410543754696846,0.00040458524017594755,0.00023157885880209506,0.00666860630735755,5.4491697483172175e-06,4.0
919,1.0,1.0,1.0,1.0,1.0,1.0,0.0,1.0,0.9999383687973022,0.9998950958251953,0.9998892545700073,0.9994860887527466,0.9997851252555847,0.997441291809082,0.9613723158836365,0.8821547627449036,2.0
920,1.0,1.0,1.0,1.0,1.0,1.0,0.0,1.0,0.999904990196228,0.9915596842765808,0.9993756413459778,0.9984570741653442,0.9979909658432007,0.733301043510437,0.2834686040878296,0.9833712577819824,1.0
921,0.0,0.0,0.0,0.0,0.0,0.0,0.0,0.0,2.093193143082317e-05,4.27619852416683e-05,0.0003273851179983467,1.3118659808242228e-05,6.75267874612473e-05,1.9200690076104365e-05,0.0003257381613366306,5.085618340672227e-06,0.0
922,0.0,0.0,0.0,0.0,0.0,0.0,0.0,0.0,2.8353122615953907e-05,0.0002250107063446194,0.000951350259128958,2.640843922563363e-05,0.00024973321706056595,0.00026393041480332613,0.0008524545119144022,4.547414391709026e-06,2.0
923,0.0,0.0,0.0,0.0,0.0,0.0,0.0,0.0,0.05397734418511391,0.015552792698144913,0.01412147842347622,0.001000673626549542,0.00540923373773694,0.0001172020856756717,0.20946310460567474,6.34996613371186e-05,1.0
924,0.0,0.0,0.0,0.0,0.0,0.0,0.0,0.0,3.4729739127215e-05,4.354173506726511e-05,0.00044742351747117937,2.2545207684743218e-05,7.649369945283979e-05,3.1816231057746336e-05,0.001221550744958222,1.0442980055813678e-05,3.0
925,0.0,0.0,0.0,0.0,0.0,0.0,0.0,0.0,0.002911048475652933,0.0017615359975025058,0.0003440215950831771,4.4283136958256364e-05,0.01888897642493248,0.0007092319428920746,0.0012649429263547063,6.979108093219111e-06,4.0
926,1.0,1.0,1.0,1.0,1.0,1.0,0.0,0.0,0.9994612336158752,0.906062662601471,0.969242513179779,0.9926089644432068,0.9917077422142029,0.9955306649208069,0.4765602648258209,0.0065419538877904415,3.0
927,1.0,1.0,1.0,1.0,1.0,1.0,0.0,0.0,0.8061564564704895,0.8053682446479797,0.9983043670654297,0.8065001964569092,0.9954361319541931,0.9882209897041321,0.4554333984851837,0.0008664790657348931,0.0
928,1.0,1.0,1.0,1.0,1.0,1.0,1.0,1.0,0.9999175071716309,0.9996598958969116,0.9994524121284485,0.999148964881897,0.999700665473938,0.9998763799667358,0.9546006917953491,0.9969490170478821,3.0
929,1.0,1.0,1.0,1.0,1.0,1.0,1.0,0.0,0.9581851363182068,0.9623187780380249,0.996907651424408,0.19273294508457184,0.9931504130363464,0.942988932132721,0.4054204821586609,0.016864320263266563,2.0
930,1.0,1.0,1.0,1.0,1.0,1.0,1.0,1.0,0.9956297874450684,0.9346200227737427,0.9983434677124023,0.9933913946151733,0.9997875094413757,0.9945083260536194,0.9826205372810364,0.628797173500061,1.0
931,1.0,1.0,1.0,0.0,1.0,1.0,1.0,0.0,0.003138602012768388,0.5777254104614258,0.98399817943573,0.0026562802959233522,0.9999444484710693,0.5922594666481018,0.3113418519496918,0.00026153994258493185,4.0
932,0.0,0.0,0.0,0.0,0.0,0.0,0.0,0.0,0.00010855736036319286,0.00024155524442903697,0.0001575918577145785,0.0002518887631595135,0.00010277956607751548,0.00010849112732103094,0.007616155780851841,1.2616074855031911e-05,1.0
933,0.0,0.0,0.0,0.0,0.0,0.0,0.0,0.0,1.8675686078495346e-05,3.087033474002965e-05,3.481755265966058e-05,0.0002717485767789185,0.00028991061844863,2.4924815079430118e-05,0.0014844296965748072,3.1903706258162856e-05,4.0
934,0.0,0.0,0.0,0.0,0.0,0.0,0.0,0.0,3.223451494704932e-05,7.02191682648845e-05,0.0001579122617840767,6.542070332216099e-05,0.00059234764194116,2.940600461442955e-05,0.0012417578836902976,4.0698691009311005e-05,3.0
935,1.0,1.0,1.0,1.0,1.0,1.0,1.0,0.0,0.9991927742958069,0.9840877652168274,0.9990279674530029,0.9903455376625061,0.9998992681503296,0.9908971190452576,0.4072019159793854,0.0033957248087972403,1.0
936,0.0,1.0,0.0,0.0,0.0,0.0,0.0,0.0,0.8826535940170288,0.8478145003318787,0.995621383190155,0.11018431931734085,0.9970831274986267,0.027335114777088165,0.6164012551307678,0.0024287088308483362,2.0
937,1.0,1.0,1.0,1.0,1.0,1.0,0.0,0.0,0.9984967708587646,0.9921736717224121,0.9838648438453674,0.9995467066764832,0.999818742275238,0.8791643977165222,0.0014080589171499014,0.009782956913113594,3.0
938,1.0,1.0,1.0,1.0,1.0,1.0,1.0,0.0,0.9967429041862488,0.9538881778717041,0.9972272515296936,0.9775911569595337,0.9992474317550659,0.7106902599334717,0.9978482723236084,0.016948431730270386,0.0
939,0.0,0.0,0.0,0.0,0.0,0.0,0.0,0.0,8.689532114658505e-05,2.957242941192817e-05,0.00039293436566367745,6.850297359051183e-05,0.004817048087716103,0.0005322544020600617,2.467313788656611e-05,6.091049272072269e-06,3.0
940,0.0,0.0,0.0,0.0,0.0,0.0,0.0,0.0,0.00010526703408686444,0.0005826381384395063,0.005394505802541971,4.7046774852788076e-05,0.0005728626274503767,8.470742614008486e-05,4.578533844323829e-05,1.540435550850816e-05,2.0
941,0.0,0.0,0.0,0.0,0.0,0.0,0.0,0.0,3.6357851058710366e-05,3.0454590159934014e-05,0.00012707065616268665,5.291528214002028e-05,0.0028382823802530766,3.4555603633634746e-05,0.00048209226224571466,1.3763223250862211e-05,3.0
942,0.0,0.0,0.0,0.0,0.0,0.0,0.0,0.0,9.159114597423468e-06,8.576334948884323e-06,7.274874951690435e-05,3.347073288750835e-05,0.00043432152597233653,5.3853451390750706e-05,9.051373126567341e-06,5.637708909489447e-06,4.0
943,0.0,0.0,0.0,0.0,0.0,0.0,0.0,0.0,1.766402056091465e-05,1.0203911188000347e-05,0.0002557758707553148,5.101519127492793e-05,3.673834726214409e-05,1.5332832845160738e-05,4.264730523573235e-05,9.923257493937854e-06,3.0
944,1.0,1.0,1.0,1.0,1.0,1.0,1.0,1.0,0.9998440742492676,0.999442994594574,0.999897837638855,0.9997687935829163,0.9997404217720032,0.9985026121139526,0.9873288869857788,0.8440324664115906,0.0
945,0.0,0.0,0.0,0.0,0.0,0.0,0.0,0.0,2.099146331602242e-05,4.068223643116653e-05,8.733702270546928e-05,8.142950537148863e-05,0.018317334353923798,3.5971210309071466e-05,0.00013824117195326835,4.838176209887024e-06,3.0
946,1.0,1.0,1.0,1.0,1.0,1.0,1.0,1.0,0.9998881816864014,0.9960857629776001,0.9995550513267517,0.9989588260650635,0.9997683167457581,0.9927060008049011,0.8544713854789734,0.6594217419624329,0.0
947,1.0,1.0,0.0,0.0,1.0,1.0,0.0,0.0,0.9645883440971375,0.9981456995010376,0.6189978718757629,0.9811129570007324,0.996658444404602,0.15979216992855072,0.006804679054766893,0.0015622007194906473,1.0
948,1.0,1.0,1.0,1.0,1.0,1.0,1.0,0.0,0.9996331930160522,0.9998992681503296,0.9994089603424072,0.9989684820175171,0.9998434782028198,0.9999163150787354,0.9984045624732971,0.5364295244216919,3.0
949,1.0,1.0,1.0,1.0,1.0,1.0,1.0,0.0,0.9985834360122681,0.9997114539146423,0.9999489784240723,0.9983554482460022,0.9998804330825806,0.9995037317276001,0.998954176902771,0.26681673526763916,2.0
950,0.0,0.0,0.0,0.0,0.0,0.0,0.0,0.0,0.005137412343174219,0.9921695590019226,0.9669533967971802,0.01303910743445158,0.9994328618049622,0.26700758934020996,0.002407027641311288,6.978859892114997e-05,2.0
951,1.0,1.0,1.0,1.0,1.0,1.0,1.0,1.0,0.9988448619842529,0.9990371465682983,0.9953956007957458,0.9979469180107117,0.9999579191207886,0.9998869895935059,0.9991670846939087,0.1360415518283844,1.0
952,0.0,1.0,1.0,0.0,1.0,1.0,0.0,0.0,0.09521716833114624,0.9742435216903687,0.9309420585632324,0.6926603317260742,0.999823272228241,0.9961211085319519,0.1595875769853592,0.0006426462787203491,3.0
953,1.0,1.0,1.0,1.0,1.0,1.0,1.0,0.0,0.99765944480896,0.9860935211181641,0.9998546838760376,0.9996618032455444,0.9996070265769958,0.9993458390235901,0.2111261934041977,0.0065444898791611195,0.0
954,1.0,1.0,1.0,1.0,1.0,1.0,1.0,0.0,0.9996077418327332,0.9984637498855591,0.9998612403869629,0.9950675964355469,0.9997187256813049,0.9996589422225952,0.9747292995452881,0.029329730197787285,1.0
955,0.0,0.0,0.0,0.0,0.0,0.0,0.0,0.0,8.277522283606231e-06,0.0005846688291057944,0.0001349405210930854,0.00025148584973067045,0.00030158492154441774,0.0002270819095429033,0.00015335432544816285,3.7972604332026094e-06,4.0
956,1.0,1.0,1.0,1.0,1.0,1.0,1.0,1.0,0.999337375164032,0.9974707365036011,0.9995498061180115,0.991538941860199,0.9996126294136047,0.945016622543335,0.9831174612045288,0.9942704439163208,2.0
957,0.0,0.0,1.0,0.0,0.0,0.0,0.0,0.0,4.24471108999569e-05,0.002683049300685525,0.0004919808707199991,7.302599988179281e-05,0.22672560811042786,0.0003118927124887705,0.005501828156411648,4.5220109313959256e-05,4.0
958,1.0,1.0,1.0,1.0,1.0,1.0,1.0,1.0,0.9999094009399414,0.9999465942382812,0.9998075366020203,0.9998812675476074,0.9997939467430115,0.9994860887527466,0.9997662901878357,0.9967629909515381,2.0
959,1.0,1.0,1.0,1.0,1.0,1.0,1.0,1.0,0.9999160766601562,0.9998576641082764,0.9997746348381042,0.9994909763336182,0.9997280240058899,0.9986615180969238,0.9912593960762024,0.9978870749473572,4.0
960,0.0,0.0,0.0,0.0,0.0,0.0,0.0,0.0,0.0019111416768282652,0.0016618327936157584,0.0003295923233963549,0.00013502482033800334,0.03292759880423546,0.001719459774903953,0.015001924708485603,7.312694378924789e-06,3.0
961,1.0,1.0,1.0,1.0,1.0,1.0,1.0,1.0,0.9997501969337463,0.999907374382019,0.9968531727790833,0.9982290863990784,0.9998218417167664,0.9998652935028076,0.8959950804710388,0.997597873210907,0.0
962,0.0,0.0,0.0,0.0,0.0,0.0,0.0,0.0,0.2753598690032959,0.006753834895789623,0.04103507846593857,0.0008802979718893766,0.030044661834836006,0.001002006814815104,0.09526221454143524,4.781310053658672e-05,3.0
963,1.0,1.0,1.0,1.0,1.0,1.0,1.0,1.0,0.9883769154548645,0.9993367791175842,0.9997661709785461,0.9998007416725159,0.9997262358665466,0.9961885809898376,0.9998685121536255,0.9987146854400635,1.0
964,0.0,0.0,0.0,0.0,0.0,0.0,0.0,0.0,6.725014100084081e-05,0.4537205994129181,0.004299332853406668,0.00025468424428254366,0.7784255743026733,0.002468741498887539,0.0003095129213761538,1.1595006071729586e-05,1.0
965,1.0,0.0,1.0,0.0,1.0,1.0,0.0,0.0,0.0009627797408029437,0.07806790620088577,0.027597181499004364,9.451172081753612e-05,0.9806379079818726,0.2053072601556778,0.001614601700566709,2.655293974385131e-05,1.0
966,1.0,1.0,1.0,1.0,1.0,1.0,1.0,0.0,0.9983548521995544,0.997562050819397,0.9994244575500488,0.9903254508972168,0.9996122717857361,0.995375394821167,0.9981082677841187,0.16701042652130127,1.0
967,0.0,0.0,0.0,0.0,0.0,0.0,0.0,0.0,2.0357610992505215e-05,3.0789156880928203e-05,2.495744774932973e-05,1.0831496183527634e-05,0.00031334898085333407,3.25386063195765e-05,0.0017740778857842088,2.9426573746604845e-06,0.0
968,1.0,1.0,0.0,0.0,0.0,0.0,0.0,0.0,0.021150775253772736,0.9495687484741211,0.9937170743942261,0.3738013505935669,0.9919392466545105,0.29373475909233093,0.006053191144019365,0.0007158028311096132,4.0
969,0.0,0.0,0.0,0.0,0.0,0.0,0.0,0.0,0.028174346312880516,0.10247540473937988,0.00027716445038095117,0.001735984580591321,0.7280593514442444,0.00037429609801620245,0.00025699418620206416,6.768886669306085e-05,1.0
970,0.0,0.0,0.0,0.0,0.0,0.0,0.0,0.0,1.3660325748787727e-05,0.0001516736374469474,4.0355345845455304e-05,7.833025301806629e-05,0.003160563064739108,0.00012438300473149866,3.682881288114004e-05,4.9805548769654706e-05,1.0
971,1.0,1.0,1.0,1.0,1.0,1.0,0.0,1.0,0.9994674324989319,0.9995928406715393,0.9983019828796387,0.9981033802032471,0.9999358654022217,0.9942886829376221,0.3206993639469147,0.9218981862068176,2.0
972,0.0,0.0,0.0,0.0,0.0,0.0,0.0,0.0,2.5051756892935373e-05,2.2897154849488288e-05,2.891185249609407e-05,1.3118659808242228e-05,6.75267874612473e-05,1.9200690076104365e-05,0.0001874317676993087,2.1397158889158163e-06,0.0
973,0.0,0.0,0.0,0.0,0.0,0.0,0.0,0.0,5.8631394495023414e-05,3.2684743928257376e-05,3.841139186988585e-05,1.3327254237083253e-05,0.0004566834249999374,3.9584800106240436e-05,0.0022186951246112585,4.458061084733345e-06,0.0
974,0.0,1.0,1.0,1.0,1.0,0.0,1.0,0.0,0.16651195287704468,0.18669338524341583,0.20073719322681427,0.017358731478452682,0.3833567500114441,0.005144472699612379,0.000232942562433891,8.174966933438554e-05,3.0
975,1.0,1.0,1.0,0.0,1.0,1.0,1.0,1.0,0.9533619284629822,0.9634244441986084,0.9984620809555054,0.5267467498779297,0.9998230338096619,0.9252251982688904,0.9994743466377258,0.19105078279972076,4.0
976,1.0,1.0,1.0,0.0,1.0,0.0,1.0,0.0,0.962715744972229,0.9275326132774353,0.5890513062477112,0.37781649827957153,0.9999231100082397,0.23878848552703857,0.8824189305305481,0.10601667314767838,3.0
977,0.0,0.0,0.0,0.0,0.0,0.0,0.0,0.0,0.0004355489509180188,3.653159365057945e-05,5.9259382396703586e-05,1.330130089627346e-05,0.005024502985179424,9.346348088001832e-05,0.0005086045130155981,6.811563707742607e-06,0.0
978,1.0,1.0,1.0,0.0,1.0,1.0,0.0,0.0,0.9137489199638367,0.9849660396575928,0.9969226717948914,0.9943845272064209,0.9997580647468567,0.9997532963752747,0.9953395128250122,0.09910480678081512,4.0
979,0.0,0.0,1.0,0.0,0.0,0.0,0.0,0.0,0.032746296375989914,0.03956494480371475,0.013934957794845104,0.00011448316217865795,0.005689625628292561,0.0034264924470335245,0.0009735682979226112,2.4540060621802695e-05,0.0
980,0.0,0.0,0.0,0.0,0.0,0.0,0.0,0.0,4.5581757149193436e-05,0.00012637765030376613,6.579470937140286e-05,2.6857782359002158e-05,0.0001508374116383493,8.074773359112442e-05,0.0004172638291493058,2.6422128485137364e-06,1.0
981,1.0,1.0,1.0,1.0,1.0,1.0,1.0,1.0,0.99815434217453,0.9995607733726501,0.9977419376373291,0.9985759258270264,0.999817430973053,0.9926268458366394,0.9989062547683716,0.9992045760154724,4.0
982,0.0,0.0,0.0,0.0,0.0,0.0,0.0,0.0,3.9574719266965985e-05,0.0014379032654687762,0.005774220917373896,0.00012638837506528944,0.00020354980370029807,4.139496013522148e-05,0.0005700651672668755,2.8858688892796636e-05,3.0
983,1.0,1.0,1.0,1.0,1.0,0.0,0.0,0.0,0.9995946288108826,0.9976046085357666,0.9968186616897583,0.990326464176178,0.9959371089935303,0.2414998710155487,0.019895970821380615,0.42350801825523376,2.0
984,1.0,1.0,1.0,1.0,1.0,1.0,0.0,0.0,0.9998890161514282,0.9998096823692322,0.9997397065162659,0.9995762705802917,0.9997914433479309,0.998596727848053,0.9827862977981567,0.11142432689666748,0.0
985,1.0,1.0,1.0,1.0,1.0,1.0,0.0,0.0,0.9994718432426453,0.9987562894821167,0.9898248314857483,0.9971411228179932,0.999603807926178,0.9903947710990906,0.1475338488817215,0.052162349224090576,4.0
986,1.0,1.0,1.0,1.0,1.0,1.0,1.0,1.0,0.9997363686561584,0.999873161315918,0.999822199344635,0.9996284246444702,0.9996082186698914,0.9985176920890808,0.9988273978233337,0.9992642998695374,3.0
987,1.0,1.0,1.0,1.0,1.0,1.0,1.0,1.0,0.9997883439064026,0.999873161315918,0.999822199344635,0.9991570711135864,0.9996082186698914,0.9989497065544128,0.9982190728187561,0.9991438388824463,3.0
988,1.0,1.0,1.0,1.0,1.0,1.0,0.0,1.0,0.9853246808052063,0.9862335920333862,0.9988172054290771,0.9932189583778381,0.9997559189796448,0.994928240776062,0.9456934332847595,0.9950200319290161,4.0
989,0.0,0.0,0.0,0.0,0.0,0.0,0.0,0.0,0.0003417503903619945,0.0073828622698783875,0.00015558248560409993,3.9858859963715076e-05,0.0008724955259822309,0.0020114723592996597,0.00014073244528844953,3.0587809305870906e-05,0.0
990,1.0,0.0,1.0,1.0,1.0,0.0,0.0,0.0,0.3261696696281433,0.7888809442520142,0.9785915613174438,0.9917104840278625,0.9963306784629822,0.7526509761810303,0.44400492310523987,0.0029820334166288376,0.0
991,0.0,0.0,1.0,0.0,1.0,0.0,0.0,0.0,0.23086237907409668,0.03898189589381218,0.0046179769560694695,0.0006346230511553586,0.7890113592147827,0.01975569874048233,8.501614502165467e-05,1.4513218957290519e-05,4.0
992,1.0,1.0,1.0,1.0,1.0,1.0,1.0,0.0,0.8790486454963684,0.9890021085739136,0.9993773102760315,0.08164110034704208,0.9999507665634155,0.984499454498291,0.590742826461792,0.38360896706581116,3.0
993,1.0,1.0,1.0,1.0,1.0,1.0,1.0,0.0,0.9993909597396851,0.9995301961898804,0.9991125464439392,0.9997978806495667,0.9999518394470215,0.9995989203453064,0.9731781482696533,0.993168830871582,0.0
994,1.0,1.0,1.0,1.0,1.0,1.0,1.0,0.0,0.9901080131530762,0.9993299245834351,0.999935507774353,0.999809205532074,0.9998568296432495,0.9998185038566589,0.16883642971515656,0.13619306683540344,2.0
995,0.0,0.0,0.0,0.0,0.0,0.0,0.0,0.0,0.00011692224506987259,0.0018637912580743432,0.0002423323894618079,0.00013484482769854367,0.0016546918777748942,0.0001284357567783445,0.0005013991030864418,1.4457740689977072e-05,1.0
996,0.0,0.0,0.0,0.0,0.0,0.0,0.0,0.0,0.00014577191905118525,2.6868132408708334e-05,0.0004185546131338924,0.00025144030223600566,0.0020842328667640686,0.0004951733280904591,0.1134890541434288,0.0006489277584478259,4.0
997,0.0,0.0,0.0,0.0,0.0,0.0,0.0,0.0,0.00010691651550587267,2.0018125724163838e-05,0.00010437036689836532,0.00010086066322401166,0.0034885939676314592,5.833347313455306e-05,0.0002034768258454278,1.4540732081513852e-05,3.0
998,1.0,1.0,1.0,1.0,1.0,1.0,1.0,0.0,0.9990378618240356,0.9999536275863647,0.999201238155365,0.9965792298316956,0.9999171495437622,0.9996185302734375,0.9939259886741638,0.31302961707115173,3.0
999,0.0,0.0,0.0,0.0,0.0,0.0,0.0,0.0,0.0003846831968985498,0.00010128734720638022,0.00020448293071240187,5.7301196648040786e-05,0.0007894735317677259,3.623414158937521e-05,0.006997378077358007,3.409299097256735e-05,3.0
1000,0.0,0.0,0.0,0.0,0.0,0.0,0.0,0.0,0.00012181269266875461,6.954352284083143e-05,1.0138708603335544e-05,3.074544292758219e-05,0.0009438858251087368,1.6118692656164058e-05,0.002821209141984582,5.012353994970908e-06,2.0
1001,0.0,0.0,0.0,0.0,0.0,0.0,0.0,0.0,2.1147785446373746e-05,5.402262104325928e-05,4.439997428562492e-05,0.00011958648974541575,0.00011751957208616659,1.791170143405907e-05,0.0004703592276200652,4.256765350874048e-06,3.0
1002,1.0,1.0,1.0,1.0,1.0,1.0,0.0,1.0,0.9997661709785461,0.9114083647727966,0.9993470311164856,0.9997807145118713,0.9996429681777954,0.9932669401168823,0.6386809945106506,0.27126172184944153,3.0
1003,0.0,1.0,0.0,0.0,0.0,0.0,1.0,0.0,0.9826191663742065,0.9869018197059631,0.985267162322998,0.0967947468161583,0.8731865286827087,0.045841656625270844,0.43137723207473755,0.1870996654033661,3.0
1004,1.0,1.0,1.0,1.0,1.0,1.0,0.0,0.0,0.9985985159873962,0.9976885318756104,0.9997410178184509,0.9934425354003906,0.9997541308403015,0.9907630085945129,0.030804041773080826,0.039800215512514114,4.0
1005,1.0,1.0,1.0,1.0,1.0,0.0,1.0,1.0,0.9982646107673645,0.9940605759620667,0.9993581175804138,0.9997624754905701,0.9858055710792542,0.8956806063652039,0.9924361109733582,0.9989288449287415,3.0
1006,1.0,1.0,1.0,1.0,1.0,1.0,0.0,1.0,0.9992927312850952,0.9977922439575195,0.9998995065689087,0.9998753070831299,0.9996944665908813,0.9998987913131714,0.8045868277549744,0.9547861814498901,3.0
1007,1.0,1.0,1.0,0.0,1.0,1.0,0.0,0.0,0.4076620042324066,0.9956476092338562,0.9989945292472839,0.007961294613778591,0.9982397556304932,0.9409753680229187,0.07451901584863663,0.0005103221046738327,1.0
1008,1.0,1.0,1.0,1.0,1.0,1.0,1.0,0.0,0.9980624318122864,0.9973526000976562,0.9968420267105103,0.0363055020570755,0.9998983144760132,0.9973219037055969,0.8249154686927795,0.01663896068930626,1.0
1009,0.0,0.0,0.0,0.0,0.0,0.0,0.0,0.0,0.0012516791466623545,0.00047701827134005725,0.0003756262012757361,0.00011273855488980189,5.430179589893669e-05,0.0004726347397081554,0.0006813571089878678,0.0001872963475761935,1.0
1010,0.0,0.0,0.0,0.0,0.0,0.0,0.0,0.0,4.792177605850156e-06,5.019630407332443e-05,0.00017865672998595983,3.34956384904217e-05,0.00024208807735703886,8.874804916558787e-05,0.00034484677598811686,1.548704858578276e-05,4.0
1011,1.0,1.0,1.0,1.0,1.0,1.0,1.0,1.0,0.9922500848770142,0.999586284160614,0.9992727637290955,0.9993529915809631,0.9998193383216858,0.9996017813682556,0.9994070529937744,0.8714929819107056,1.0
1012,1.0,1.0,1.0,1.0,1.0,1.0,0.0,1.0,0.9985045194625854,0.9995391368865967,0.9985200762748718,0.9975371360778809,0.9990629553794861,0.9948884844779968,0.9093360900878906,0.754241943359375,1.0
1013,0.0,0.0,0.0,0.0,0.0,0.0,0.0,0.0,2.7867012249771506e-05,1.105323917727219e-05,1.3412847692961805e-05,9.652301741880365e-06,0.0017552116187289357,1.5233853446261492e-05,0.00011801019718404859,2.960511665150989e-06,0.0
1014,0.0,0.0,0.0,0.0,1.0,0.0,0.0,0.0,8.130846254061908e-05,0.07074864208698273,0.03728198632597923,0.0011058679083362222,0.9587488770484924,0.008693461306393147,0.009082015603780746,1.564781450724695e-05,4.0
1015,0.0,0.0,0.0,0.0,0.0,0.0,0.0,0.0,7.439628825522959e-05,0.00045123943709768355,2.9492925023077987e-05,3.904372715624049e-05,0.0060599856078624725,3.542003469192423e-05,0.00011594222451094538,4.354308657639194e-06,3.0
1016,0.0,1.0,0.0,0.0,0.0,0.0,0.0,0.0,0.0024344921112060547,0.02597438171505928,0.00934275146573782,7.328229548875242e-05,0.027248196303844452,0.00019719687406904995,0.0003624962118919939,2.2179983716341667e-05,4.0
1017,0.0,0.0,0.0,0.0,0.0,0.0,0.0,0.0,0.00017219876463059336,0.00036789156729355454,0.00017660278535913676,6.000042412779294e-05,0.00018164778884965926,4.3680975068127736e-05,0.001649342360906303,5.404634976002853e-06,2.0
1018,1.0,0.0,1.0,0.0,1.0,1.0,1.0,0.0,0.9776201844215393,0.3663426339626312,0.9741330146789551,0.9030935168266296,0.9915225505828857,0.6003205180168152,0.9915884137153625,0.41641736030578613,3.0
1019,1.0,1.0,1.0,1.0,1.0,1.0,1.0,1.0,0.9981039762496948,0.9994679093360901,0.9996113181114197,0.9992762207984924,0.9944868683815002,0.9787974953651428,0.9500681757926941,0.9824970364570618,0.0
1020,0.0,0.0,0.0,0.0,0.0,0.0,1.0,0.0,0.0002899031387642026,0.0007614868809469044,0.0007800935418345034,0.000493431172799319,0.0015059099532663822,0.00010836571891559288,0.0006742429104633629,6.52139715384692e-05,2.0
1021,1.0,1.0,1.0,1.0,1.0,1.0,1.0,1.0,0.98701012134552,0.9997560381889343,0.9998801946640015,0.999672532081604,0.9994187355041504,0.9359519481658936,0.6971163749694824,0.9674897193908691,3.0
1022,1.0,1.0,1.0,1.0,1.0,0.0,1.0,0.0,0.007965920493006706,0.9860218167304993,0.5450272560119629,0.0005118998815305531,0.999834418296814,0.9670168161392212,0.7251192927360535,0.001337931607849896,2.0
1023,1.0,1.0,1.0,1.0,1.0,1.0,1.0,0.0,0.9990845918655396,0.997285008430481,0.9997981190681458,0.9878760576248169,0.9981416463851929,0.9415977597236633,0.9999123811721802,0.9491402506828308,0.0
1024,0.0,1.0,1.0,0.0,1.0,1.0,1.0,0.0,0.240477055311203,0.7538435459136963,0.9935492873191833,0.00046563142677769065,0.999907374382019,0.9343259334564209,0.09831397235393524,4.995715062250383e-05,2.0
1025,1.0,1.0,1.0,1.0,1.0,1.0,0.0,0.0,0.9983824491500854,0.9996337890625,0.9998688697814941,0.9998747110366821,0.9997585415840149,0.9999395608901978,0.8544518351554871,0.08887116611003876,1.0
