,True_FPV,True_ATV,True_IDV,True_LPV,True_NFV,True_SQV,True_TPV,True_DRV,Pred_Proba_FPV,Pred_Proba_ATV,Pred_Proba_IDV,Pred_Proba_LPV,Pred_Proba_NFV,Pred_Proba_SQV,Pred_Proba_TPV,Pred_Proba_DRV,kFolds
0,0.0,0.0,0.0,0.0,0.0,0.0,0.0,0.0,0.006019665923379634,0.003978739729089258,0.010549008495186939,0.0001090283606692964,0.006501835604503252,0.0008009329139988841,0.004016391373016287,0.00019729453903771563,1.0
1,1.0,1.0,1.0,1.0,1.0,1.0,1.0,0.0,0.7983945059284366,0.9964080297281342,0.9984178903843243,0.9728567399769619,0.998115523606871,0.9963505821616438,0.6572774460318553,0.017750926950056273,4.0
2,1.0,1.0,1.0,1.0,1.0,1.0,1.0,0.0,0.9998224885720142,0.9986096142742665,0.9999751301727398,0.9985937324437575,0.9996397724856921,0.7483335754409669,0.9989489881066187,0.9691610435377093,0.0
3,0.0,0.0,0.0,0.0,0.0,0.0,0.0,0.0,0.009646410458037874,0.028252165661582767,0.016106554996627546,0.0005091344887520269,0.051188273050663397,0.0004109948323288066,0.0034331461918585327,0.0002241306683108316,0.0
4,0.0,0.0,0.0,0.0,0.0,0.0,0.0,0.0,0.007081855781313304,0.011102057354333774,0.013483801822165775,0.0015608753493233007,0.03747988090139506,0.0024872744147403083,0.09752674895226479,0.00010972843877904182,4.0
5,0.0,0.0,0.0,0.0,0.0,0.0,0.0,0.0,0.026461618978257002,0.07198069661697377,0.05613739385487246,0.0006869574960441558,0.019307928861916148,0.02314752764174436,0.0005685349824481377,0.0002868727092303284,1.0
6,0.0,0.0,0.0,0.0,0.0,0.0,0.0,0.0,0.0034222753691243468,0.005720677036035369,0.009019432075621298,0.00014726474294643246,0.003642408868469178,0.003009763544556378,0.005446089793733353,0.0003077755467050969,1.0
7,1.0,1.0,1.0,1.0,1.0,0.0,1.0,0.0,0.9626715598342782,0.9305267409919746,0.9959341767520743,0.9284156383929608,0.9866148128795327,0.02302718921574608,0.33824003592323443,0.2853457355687208,1.0
8,0.0,0.0,0.0,0.0,0.0,0.0,0.0,0.0,0.0005085307514204584,0.010506186037830484,0.0016117404786066519,0.0001948403635161086,0.08655363168885616,0.006407045628247938,0.020362060707163072,6.691960096318727e-05,3.0
9,1.0,1.0,1.0,1.0,1.0,1.0,1.0,0.0,0.7724525428724979,0.9990382816927986,0.990323663682763,0.4943377583154654,0.9997435331405957,0.9671088214728887,0.23222286585588955,0.05126025983455075,1.0
10,1.0,1.0,1.0,1.0,1.0,1.0,1.0,1.0,0.9999464581021513,0.9973284111617481,0.9997202556034087,0.9998932180613275,0.9993294481110526,0.6563766254406682,0.6715708537340545,0.8255359745917209,0.0
11,1.0,1.0,1.0,1.0,1.0,1.0,1.0,1.0,0.9997951787687788,0.9994453767439228,0.9996231035609515,0.9907575243258074,0.9999966237830087,0.9978882489460692,0.9977780168808285,0.8551822387402097,2.0
12,0.0,0.0,0.0,0.0,0.0,0.0,0.0,0.0,0.0014563068717118554,0.008957172169845606,0.011261962915408657,0.00033652571676994175,0.009047408963020578,0.002737399827041362,0.006800758385990198,2.0210535151858748e-05,2.0
13,0.0,0.0,0.0,0.0,0.0,0.0,0.0,0.0,0.009549812054829196,0.0007237580654372053,0.024087435861286224,0.004997718310899138,0.00925989642209042,0.0010110181884609493,0.06052166029134235,0.001939663305261129,4.0
14,1.0,1.0,1.0,1.0,1.0,1.0,1.0,1.0,0.8280561328105356,0.9997194177915609,0.9488255411428773,0.9965553166692832,0.9996855177762128,0.8798375390743062,0.6249488285591807,0.8772715103708237,4.0
15,0.0,0.0,0.0,0.0,0.0,0.0,0.0,0.0,0.0003838703459493368,0.0006040463662602116,0.002627901763184346,0.0007251779829427155,0.004258559893121626,0.00029383366167723293,0.004625879547692234,0.0004523223828865346,2.0
16,0.0,0.0,0.0,0.0,0.0,0.0,0.0,0.0,0.0009060705661778528,0.09334638559303012,0.010855248021014662,0.0019337126384855075,0.009071816475554148,0.001695140755153657,0.0024765318799206963,0.00014554961594655195,3.0
17,0.0,1.0,0.0,0.0,1.0,1.0,0.0,0.0,0.28333305694311617,0.6176332015085177,0.16084647778738695,0.005424756500613924,0.859244364644643,0.7330990721396907,0.007101566549823527,0.0033018289388289245,3.0
18,1.0,1.0,0.0,0.0,1.0,1.0,0.0,0.0,0.13760010724379226,0.985651174510567,0.12844043101812896,0.01778900120386721,0.9233171948823921,0.9692926792416763,0.0890772589460656,0.015395131549218927,2.0
19,1.0,1.0,1.0,1.0,1.0,1.0,1.0,1.0,0.9954786295942376,0.9989212704188792,0.9908242098501319,0.9725655954860732,0.999981709688888,0.9843355852373377,0.9966268558934315,0.7427048363656883,2.0
20,0.0,0.0,0.0,0.0,0.0,0.0,0.0,0.0,0.0026903690189848165,0.0026330478345531027,0.0051319168649326735,0.000805553821990608,0.027068243060569156,0.0010167449432629133,0.003209522000074431,0.00020154479847271108,4.0
21,1.0,1.0,1.0,1.0,1.0,1.0,1.0,0.0,0.999558861780779,0.9934514647935009,0.9998870647489688,0.9847594480223799,0.9988765842012166,0.9804879049502064,0.6436356557388744,0.3302448807877503,4.0
22,0.0,0.0,0.0,0.0,0.0,0.0,0.0,0.0,0.002469774591247117,0.0019060080821062292,0.017706783443635268,0.00030266027076602246,0.014020482934491388,0.0006342334524411758,0.0031033152294517217,0.0002901200788508491,2.0
23,0.0,1.0,1.0,1.0,1.0,1.0,0.0,0.0,0.9083843665690944,0.998218232100626,0.9998315918308794,0.9990986558099357,0.9999530472864041,0.9955673938637798,0.4475119785482826,0.046706302226716505,0.0
24,1.0,1.0,1.0,1.0,1.0,1.0,0.0,0.0,0.8215110533025378,0.964683750328956,0.9960792922953053,0.9596192794039766,0.9949108207456843,0.703644615846856,0.08062768115048115,0.006450091939751819,2.0
25,0.0,1.0,1.0,0.0,1.0,0.0,1.0,0.0,0.8676788867316698,0.997006958474928,0.9745127370787465,0.9445233957606969,0.980875416883207,0.228033545007836,0.7220525592475988,0.06925191169501382,0.0
26,1.0,1.0,1.0,1.0,1.0,1.0,1.0,1.0,0.999999561680827,0.9999980290645548,0.9999102988337638,0.9995929388582885,0.9999404114728732,0.9999451042165554,0.9866524778721658,0.9998124396157397,3.0
27,1.0,1.0,1.0,0.0,1.0,0.0,1.0,0.0,0.8789212551906037,0.997751375523094,0.9925567555020927,0.6723965417046683,0.9959883891875301,0.7431987985880341,0.9978967324546245,0.27469890916057865,4.0
28,0.0,0.0,0.0,0.0,0.0,0.0,0.0,0.0,0.0057521369982976404,0.007032246405800287,0.007599033517793941,0.00037225870617227787,0.008865085076685566,0.001184039671245797,0.018194755292128387,0.0005160034768134773,1.0
29,0.0,0.0,0.0,0.0,0.0,0.0,0.0,0.0,0.0062357495214740875,0.00833311366421181,0.004188190416406768,0.0002552463454201621,0.008924743070402568,0.0021275730499778133,0.02781125188937928,6.612058297598869e-05,1.0
30,0.0,0.0,0.0,0.0,0.0,0.0,0.0,0.0,0.0026465503314355215,0.001557296799774033,0.005687618687022639,0.0002493599172981119,0.0068972713509204316,0.00035189452790159034,0.015453559145011937,0.00035387281193339126,0.0
31,0.0,0.0,0.0,0.0,0.0,0.0,0.0,0.0,0.0017973687698234972,0.004535516395287905,0.0032163336706048924,0.00022932654508443543,0.022659243426124163,0.0013561345447684475,0.0007145804023788496,0.0007354369543605741,0.0
32,0.0,0.0,0.0,0.0,0.0,0.0,0.0,0.0,0.002173859916046299,0.0035492845548721103,0.007748161579771517,0.0002206546836285292,0.010639897308637847,0.002018183070655571,0.005833356914665189,4.508969594501472e-05,4.0
33,1.0,1.0,1.0,1.0,1.0,1.0,0.0,0.0,0.6477446390450229,0.9576949034349088,0.996549023420479,0.9761680569342017,0.9989007413777504,0.9773607991374551,0.004250634985792402,0.010721549519704141,1.0
34,0.0,1.0,1.0,0.0,1.0,1.0,1.0,0.0,0.9153120290546438,0.9850249955628377,0.9920502336217628,0.8701674058552364,0.9937321054416679,0.9574832084228934,0.8854643626940849,0.27671564274107907,4.0
35,0.0,1.0,1.0,0.0,1.0,1.0,0.0,0.0,0.10843053412648214,0.9570770536594505,0.970573034751377,0.09981141703600088,0.9962604756996831,0.9662699285339932,0.006364024275588575,0.0022122931302122253,4.0
36,1.0,1.0,1.0,1.0,1.0,1.0,1.0,1.0,0.9935324463630771,0.9987315198348478,0.9758905385883506,0.9603804941363152,0.9819958988794849,0.06409662760709818,0.997512628468009,0.459133144330004,3.0
37,0.0,1.0,1.0,0.0,1.0,0.0,1.0,0.0,0.02937871133280791,0.1311721633429374,0.0006998164554835231,0.0010482315137515133,0.8151044072302659,0.05546177006511257,0.036273159340648974,0.00022028197997642546,3.0
38,0.0,0.0,0.0,0.0,0.0,0.0,0.0,0.0,0.05182169333278598,0.029499044447230272,0.00394168125116564,0.0008906382103916351,0.02951127191228313,0.004174325900694618,0.03079783963536394,4.042965985318527e-05,2.0
39,0.0,0.0,0.0,0.0,0.0,0.0,0.0,0.0,0.00042636536766162435,0.0019549819013758916,0.0019483200143492316,5.8545595425898016e-05,0.016734241284930174,0.0008295928182966293,0.001543780401603763,0.0001272097176575863,0.0
40,0.0,0.0,0.0,0.0,0.0,0.0,0.0,0.0,0.002496512388269326,0.03458451116800685,0.024924608731800045,0.0013112443054287353,0.018496546950005292,0.008759912683276168,0.02059342162206279,0.0002823529983914022,4.0
41,1.0,1.0,1.0,0.0,1.0,1.0,0.0,0.0,0.9899709257817496,0.992575363996436,0.9977775786613835,0.9147480562594694,0.9975196580401896,0.9971540256861263,0.7424936799736245,0.012483805182910208,2.0
42,1.0,1.0,1.0,1.0,1.0,1.0,1.0,1.0,0.9996447150170371,0.9999965634315412,0.9999886457100322,0.9999044138439361,0.9999619546136175,0.9968122049604107,0.7123571357395934,0.9968585571273122,2.0
43,0.0,0.0,0.0,0.0,0.0,0.0,0.0,0.0,0.005814163959456419,0.002524471160533524,0.0033793247637391626,0.0005670536974463659,0.004588047826514506,0.000619701604165146,0.008763223384376196,8.13085331099341e-05,1.0
44,0.0,0.0,0.0,0.0,0.0,0.0,0.0,0.0,0.0014296625873743234,0.0027463206458457996,0.0002855263378406315,0.00018415007308347414,0.002414959363126657,0.0009092796754536893,0.026062386086145934,0.00023609402977500693,0.0
45,1.0,1.0,1.0,1.0,1.0,1.0,1.0,0.0,0.9949411349068649,0.9841026958947351,0.9999315792941165,0.9952336997336906,0.9985700349082341,0.9997379843596195,0.9307524604108676,0.6984519295141851,3.0
46,1.0,1.0,1.0,1.0,1.0,1.0,0.0,0.0,0.8216255350325462,0.9901960875700829,0.9963963518110666,0.9964803392396367,0.998055112630233,0.9747262808320907,0.026868658313371215,0.14517294314605303,2.0
47,1.0,1.0,1.0,1.0,1.0,1.0,1.0,1.0,0.9986413478730484,0.9999733133068852,0.9965778929787408,0.975197577769428,0.9999886329633042,0.7902300905832178,0.9982882948897236,0.9302504258034973,4.0
48,1.0,1.0,0.0,0.0,1.0,1.0,0.0,0.0,0.9943304463578729,0.9982347850965201,0.9952256257427697,0.9462749978042537,0.9999097649048573,0.9806778542994417,0.4735130264647032,0.05333110092606478,3.0
49,0.0,0.0,0.0,0.0,0.0,0.0,0.0,0.0,0.001082850671163774,0.01212980439323407,0.008329178367607503,0.0012512664495377642,0.04217276215158126,0.0011811187297321045,0.00614485930719873,0.0001677169056857321,1.0
50,0.0,0.0,0.0,0.0,0.0,0.0,0.0,0.0,0.010525890423836429,0.008190112044761748,0.01093896495579267,0.0002691503942098914,0.0024850130460172103,0.0013366219856301,0.0030457311280326785,0.0013901707122063254,2.0
51,1.0,1.0,1.0,1.0,1.0,1.0,1.0,1.0,0.9996513201997793,0.9993177164967354,0.9851586466668584,0.9820063986172485,0.996354504137628,0.6676871880031146,0.9939645344531406,0.9788540694268116,2.0
52,0.0,1.0,0.0,0.0,0.0,0.0,1.0,0.0,0.09815280807699232,0.2867880406446828,0.14212068852790824,0.014996210598421638,0.03234189438246016,0.09479977022058562,0.5922472254904704,0.0042901436101640735,4.0
53,1.0,1.0,1.0,1.0,1.0,1.0,1.0,0.0,0.9981180317042693,0.9999823220030772,0.9999882908273068,0.9991265451580117,0.9999953878604816,0.9918746475280382,0.9984459370616526,0.811810285736521,3.0
54,0.0,0.0,0.0,0.0,1.0,0.0,0.0,0.0,0.00814345373098655,0.11109034400359356,0.007508111419352523,0.001347453532666162,0.0874424724859419,0.0006170757553129895,0.009679282527609148,6.606619571648971e-05,0.0
55,0.0,0.0,0.0,0.0,0.0,0.0,0.0,0.0,0.003898750697777297,0.003616683685995682,0.0011381070344896875,4.726479078564315e-05,0.03229761616234626,0.001545781136332457,0.006391834433110776,0.0002978566027524415,0.0
56,0.0,0.0,0.0,0.0,0.0,0.0,0.0,0.0,0.0017082662340438379,0.0004944948926295493,0.0011002500949874475,8.15964361316668e-05,0.006817576545699007,0.0008339341159174604,0.002184120501421515,5.55911995466364e-05,2.0
57,1.0,1.0,1.0,1.0,1.0,1.0,1.0,1.0,0.9943502141616878,0.9919348051777162,0.9742192938018205,0.606945438290137,0.9960340450670631,0.8404457773547983,0.9397930609337403,0.818090919101024,2.0
58,1.0,1.0,1.0,1.0,1.0,1.0,0.0,1.0,0.9999801677573585,0.9991425498649207,0.9999628803776979,0.9986791629903055,0.9999907712437623,0.9995531060987605,0.023578447140869388,0.9915444305015815,4.0
59,1.0,1.0,1.0,1.0,1.0,1.0,1.0,1.0,0.999994754140689,0.9999474362292339,0.9998775206393261,0.9983171652052454,0.9999276252230498,0.9973084642239323,0.9921550794695118,0.999274880203423,0.0
60,1.0,1.0,1.0,1.0,1.0,1.0,0.0,1.0,0.9982843298050608,0.9760826140763068,0.9886010014274804,0.9994575593740954,0.9280706358954649,0.12340543822089235,0.45652066200703423,0.9957930952710717,0.0
61,1.0,1.0,1.0,1.0,1.0,1.0,1.0,0.0,0.9978690974535923,0.9999930199981144,0.9996540836346157,0.999035576642869,0.9999080887578523,0.9996586017885102,0.9895785519009848,0.19618498752117414,2.0
62,0.0,0.0,1.0,0.0,1.0,0.0,0.0,0.0,0.047511983366321196,0.07054730660962241,0.1519993163884678,0.0034296674940080115,0.17421843612004587,0.016426708205293378,0.012640648439054887,0.0010223203644066693,4.0
63,1.0,1.0,1.0,1.0,1.0,0.0,0.0,0.0,0.9997287513828101,0.9814510916510191,0.9970725952786469,0.9676792516714083,0.9883808943458987,0.865089605774515,0.04090743993311073,0.4657110068816213,0.0
64,0.0,0.0,0.0,0.0,0.0,0.0,0.0,0.0,0.0004513703414572696,0.0009054123256858989,0.010332184223864435,0.002229728392215007,0.005749924622512369,0.00034571241126957344,0.00883335483212379,0.00031088766868347625,4.0
65,0.0,0.0,0.0,0.0,0.0,0.0,0.0,0.0,0.011913633884382203,0.011270569259752705,0.010818167192210433,0.0017253360080629562,0.023896718959118716,0.01299755147588836,0.09317220396310104,0.001131750919034927,1.0
66,1.0,0.0,0.0,0.0,0.0,0.0,1.0,0.0,0.7021423400761918,0.09575512890319134,0.0360401636123397,0.015115789274311477,0.03664403990047233,0.0199190255586519,0.23821269495028446,0.005144287563926097,0.0
67,1.0,0.0,1.0,1.0,1.0,0.0,0.0,1.0,0.9900369099542208,0.3765910036864464,0.9931793018934698,0.8890781617200537,0.9002458695581861,0.6762483991602619,0.09198549432958784,0.3568654264493249,0.0
68,0.0,0.0,0.0,0.0,0.0,0.0,0.0,0.0,0.008316118925713496,0.008115310343560075,0.009911037581690948,0.0024738475919009986,0.007913814906016236,0.0007783519050780422,0.03391229223211046,2.0194158411989157e-05,2.0
69,0.0,0.0,0.0,0.0,0.0,0.0,0.0,0.0,0.012941606209864922,0.0020203493470505314,0.008987882728050798,0.0024753395965637576,0.024086444523647853,0.0036367663164580868,0.042167986847124285,0.0006759698854100876,1.0
70,1.0,1.0,0.0,0.0,1.0,0.0,0.0,0.0,0.3140482970805626,0.9840618394142642,0.9958367995242048,0.14076988083050626,0.9890558802386896,0.41862899289898076,0.6558696567590221,0.05947301516106411,0.0
71,1.0,1.0,1.0,1.0,1.0,1.0,0.0,0.0,0.9969719379834813,0.9996034111857645,0.9965091834391174,0.9944005111463822,0.9980441608464578,0.9990871138883771,0.6781953164880035,0.4552435254316369,1.0
72,1.0,0.0,1.0,1.0,1.0,0.0,0.0,0.0,0.9949713935502528,0.26329811450366514,0.7160814840589811,0.9977050938586498,0.8421065026514816,0.056470403695714336,0.00952789258177306,0.4051861287535187,0.0
73,1.0,1.0,1.0,1.0,1.0,1.0,0.0,1.0,0.9999688887581575,0.9999905218986525,0.9831817877069836,0.9991119749148093,0.9999818914372888,0.9784037247813525,0.9178712287176768,0.9931124194836032,2.0
74,0.0,0.0,0.0,0.0,0.0,0.0,0.0,0.0,0.009129491710029542,0.24459719843697922,0.03074844047833318,0.00032880523239155125,0.07876205090626365,0.02365440402202729,0.029996834342745183,0.0005408281037643862,2.0
75,1.0,1.0,1.0,0.0,1.0,1.0,0.0,0.0,0.8202143795773627,0.1731236240910529,0.7384762989450203,0.7011987916764225,0.7409076554086491,0.3062997970019336,0.04189388460435782,0.0173515290582203,2.0
76,0.0,0.0,0.0,0.0,0.0,0.0,0.0,0.0,0.0050638233283167,0.002572881956612723,0.002264647107443802,0.00046272756302188206,0.008351293006404959,0.0010203731030104016,0.03020351154242151,0.00039415672185153015,0.0
77,1.0,0.0,0.0,0.0,0.0,0.0,0.0,0.0,0.04977917445480629,0.03507415997224548,0.013512446946364784,0.010656825236117627,0.10711177706277553,0.012103933728295387,0.0010276804290604634,0.0038105042900680878,1.0
78,0.0,1.0,1.0,1.0,1.0,1.0,1.0,0.0,0.8437277679249789,0.9991351549336479,0.9997919057008401,0.9955388054952309,0.9999462696509412,0.9987969769172378,0.9721505615748186,0.3036530571033802,1.0
79,0.0,0.0,0.0,0.0,0.0,0.0,0.0,0.0,0.00015942685104043368,0.009002243011263327,0.0013893050782924495,0.0013481309421323037,0.026762350476593443,0.006771903647532637,0.004631329623750711,0.0010029667077088023,1.0
80,1.0,1.0,1.0,1.0,1.0,1.0,1.0,0.0,0.7310313781419648,0.9982367560352217,0.9967827741058143,0.8179521508417255,0.9922473456255063,0.9160015845445304,0.51649984539371,0.12686305018923444,4.0
81,0.0,0.0,0.0,0.0,0.0,0.0,0.0,0.0,0.012881887259715915,0.11568839621537959,0.015036646647329573,0.00224933930713155,0.03463802835886052,0.00205329161071687,0.018478057849872567,0.0010048752094150629,1.0
82,0.0,0.0,1.0,0.0,0.0,0.0,0.0,0.0,0.21428177405667959,0.6786914617008392,0.7891487509038188,0.8691947144807021,0.9676016971830925,0.4202347911716,0.3627361013393209,0.001165905825429631,1.0
83,0.0,0.0,0.0,0.0,0.0,0.0,0.0,0.0,0.017619343171747556,0.00068108999577745,0.003024455555084552,0.00037060612672916,0.0037803317224623825,0.0006819384156375135,0.001818145491859756,4.72578698264304e-05,2.0
84,1.0,1.0,1.0,0.0,1.0,1.0,0.0,1.0,0.9937022895003218,0.9960852434028189,0.9556695398670385,0.9262944546025069,0.9993084030136521,0.9871164191950016,0.7388267944524213,0.13541033395798946,1.0
85,0.0,0.0,0.0,0.0,0.0,0.0,0.0,0.0,0.0009462320373821267,0.002611814125496598,0.003003075563506074,0.0007256806335123357,0.010116942148523603,0.0010413320867122778,0.0018794095433714842,0.00028744553075933855,4.0
86,1.0,1.0,1.0,1.0,1.0,1.0,1.0,1.0,0.998451631111695,0.9993829493604699,0.9985315700922078,0.9962831356453126,0.9998507201794743,0.9957128677782657,0.9831973058815512,0.11695914512060525,0.0
87,1.0,1.0,1.0,1.0,1.0,1.0,1.0,0.0,0.9975014730647068,0.9995101239270846,0.9993429989699034,0.9894150598204674,0.9987282908138726,0.9732723621794367,0.8530463348398394,0.04528459644188758,4.0
88,0.0,0.0,0.0,0.0,0.0,0.0,0.0,0.0,0.0054118528953513295,0.006545952971943918,0.0019393326916463112,8.917174980702343e-05,0.029387615038825705,0.0012290259331703764,0.005663048934797048,8.351217488534345e-05,0.0
89,1.0,1.0,1.0,1.0,1.0,1.0,1.0,1.0,0.9881515521319191,0.9999659515395544,0.999947356563276,0.9581204523785007,0.9993393087396003,0.9994854449129524,0.9088594893100398,0.9873734846395081,2.0
90,1.0,1.0,1.0,0.0,1.0,1.0,1.0,0.0,0.9744035440237592,0.801688757034722,0.9989680222672406,0.5805767242506342,0.9994056634209292,0.993597416077977,0.9335030236565144,0.11058249912458579,1.0
91,0.0,1.0,1.0,0.0,1.0,1.0,0.0,0.0,0.37033713936502266,0.8871882308291117,0.9588020514788389,0.16430420530604203,0.9987151697529612,0.9220143471273415,0.04143887147053461,0.004226514866870726,4.0
92,0.0,0.0,0.0,0.0,0.0,0.0,0.0,0.0,0.00227384986912529,0.0016335570538082301,0.0039143119738188,0.000244482298953401,0.010453490838768634,0.0005852103370192174,0.002826716392633837,0.00029626272814448155,0.0
93,0.0,0.0,0.0,0.0,0.0,0.0,0.0,0.0,0.0064242223081437755,0.004974006411737807,0.013993404489801731,0.0003797704222361715,0.008145712907150946,0.0013552904509394734,0.007390309728270376,0.00020895705647829482,2.0
94,1.0,1.0,1.0,1.0,1.0,1.0,1.0,0.0,0.9570097436863801,0.9815130561673305,0.9997885277756495,0.9955879876002645,0.999787871846044,0.9646588311746905,0.32766218504434413,0.06268895165606518,1.0
95,0.0,0.0,0.0,0.0,0.0,0.0,0.0,0.0,0.005958854897847394,0.015325553021110935,0.005885728197195257,0.0001760296441793389,0.018792195063167753,0.007340690275015291,0.005491148083198584,0.00019365495448249115,4.0
96,1.0,1.0,1.0,1.0,1.0,1.0,1.0,1.0,0.9977133457244569,0.9950506036826833,0.9990716765701455,0.9927279565742282,0.997567307152553,0.9993555059227879,0.998130775267313,0.9946874304530887,0.0
97,0.0,0.0,0.0,0.0,0.0,0.0,0.0,0.0,0.0029410137965348933,0.12387614125425944,0.007268387369823911,0.0006224999194602256,0.009576995350747637,0.007365773846404227,0.015714784167378027,0.00031282928445320343,1.0
98,0.0,1.0,1.0,0.0,1.0,1.0,0.0,0.0,0.011981040827263015,0.4306435264766793,0.20078501273687055,0.0015814922837226767,0.6948344342838874,0.3195495706789232,0.0048854271382763655,0.0007589085749156173,4.0
99,1.0,1.0,1.0,1.0,1.0,1.0,1.0,1.0,0.9986097714036273,0.9993756199567002,0.999761625783173,0.9991032142303184,0.9999756507259584,0.9995652870397298,0.9864144569633095,0.8816410087622014,4.0
100,1.0,1.0,1.0,1.0,1.0,1.0,1.0,1.0,0.9824612151594441,0.9999901729464341,0.9993420426858243,0.99996844180364,0.9999807182843972,0.9841516144311286,0.9988297152288792,0.5947173991722733,0.0
101,1.0,1.0,1.0,1.0,1.0,1.0,1.0,0.0,0.9902144684687936,0.9961054380103678,0.9980949012862661,0.9905270424402783,0.9993178112023082,0.9646505848990504,0.6946440004322945,0.25971059880187,0.0
102,1.0,1.0,1.0,1.0,1.0,1.0,1.0,1.0,0.9998194712794777,0.9999965788320251,0.9999856579064741,0.9985168489948415,0.9999782000328399,0.9990599617325712,0.9972964198414851,0.8128754674870614,2.0
103,0.0,0.0,0.0,0.0,0.0,0.0,0.0,0.0,0.0054934147780634724,0.0008389002465704426,0.009003029523902153,0.000630711300752525,0.003637616032700805,0.0007563957760531083,0.014878934110977519,0.0011108735779584494,3.0
104,0.0,0.0,0.0,0.0,0.0,0.0,0.0,0.0,0.008098398596327312,0.00024346623454021488,0.002141955010794141,0.0002490950364953848,0.020520846158262336,0.0018358500710816033,0.0041451685489400985,0.0001457650068614383,2.0
105,0.0,0.0,0.0,0.0,0.0,0.0,0.0,0.0,0.011763096419525942,0.0076604586386642215,0.008691664253677608,0.0007197618917509862,0.0087623794840481,0.010010403068810233,0.0144287070326175,0.00016772757800575364,4.0
106,0.0,0.0,0.0,0.0,0.0,0.0,0.0,0.0,0.005244271997444615,0.0020244893181102785,0.0014591041924067016,0.0002851009151133231,0.010679325730031466,0.0009150394730599392,0.005153507569014893,0.00012140119918118531,0.0
107,0.0,1.0,0.0,0.0,0.0,0.0,0.0,0.0,0.011398151253955678,0.09306683713351271,0.009605388152221162,0.00153089885315535,0.019563865923151603,0.0012801950151051535,0.040113413658873394,0.00018713750413466807,0.0
108,1.0,1.0,1.0,1.0,1.0,1.0,1.0,0.0,0.9897324291558273,0.9995328493300126,0.9977097815054669,0.8814848499405762,0.9996264850268269,0.9662277232972925,0.607393433906477,0.1129546452667503,2.0
109,0.0,0.0,0.0,0.0,1.0,0.0,0.0,0.0,0.02493684241579927,0.40486756870541896,0.20416987399042044,0.0021408106043074256,0.39174596972581827,0.1182934192094596,0.08602070262331644,0.0004130076107579922,0.0
110,0.0,0.0,0.0,0.0,0.0,0.0,0.0,0.0,0.0163926811852696,0.0019066203418681598,0.00736135503667128,0.0005182455168571337,0.007109807754085552,0.0058633158128193206,0.012123705525988897,0.00040900149511076427,0.0
111,1.0,1.0,1.0,1.0,1.0,1.0,0.0,0.0,0.33197255790028574,0.9291839767005666,0.8986375544953261,0.9008685846640666,0.9941641111689679,0.9568401967881282,0.020276444824590244,0.010512509187416036,3.0
112,0.0,0.0,0.0,0.0,0.0,0.0,0.0,0.0,0.0033188347322750393,0.1862355157231058,0.008820324234125087,0.0031804767396723275,0.09452975738158415,0.00428540167999473,0.016551121052754678,0.00032417047472392053,3.0
113,0.0,0.0,0.0,0.0,1.0,0.0,0.0,0.0,0.03372721587246425,0.03807000392949433,0.04813464122193145,0.0007960032308452763,0.28283263932092007,0.029754920895804053,0.011935406361608872,8.266665433133454e-05,2.0
114,0.0,0.0,0.0,0.0,0.0,0.0,0.0,0.0,0.0006152201030368231,0.013358998885397882,0.001438773253360017,0.0002906119703869923,0.008424223977890858,0.008150484605540144,0.01726559686971663,0.00010111815078430798,2.0
115,0.0,0.0,0.0,0.0,0.0,0.0,0.0,0.0,0.002006119852819157,0.006463751603676415,0.0015639776196329004,0.00024173836276866146,0.01928110818143893,0.003800275879860523,0.0024440917191693445,0.00020712113035101668,3.0
116,0.0,0.0,0.0,0.0,0.0,0.0,0.0,0.0,0.0012407538456731964,0.004364765809276936,0.008935683363975993,0.0004336304086599832,0.005335447304691167,0.0008986412268779239,0.001859489733661222,3.5958712295311374e-05,2.0
117,1.0,1.0,1.0,1.0,1.0,1.0,1.0,1.0,0.9996720041647902,0.9972388014093962,0.9997268092298027,0.9771054769549589,0.9994219149932845,0.9063109301080681,0.99763338415661,0.930294584899483,2.0
118,0.0,0.0,0.0,0.0,0.0,0.0,0.0,0.0,0.005489360641633554,0.013926843823016902,0.009708509919757828,0.0003696520447594658,0.003938318402815408,0.002212418234174009,0.022738392141625943,3.979361743106719e-05,1.0
119,1.0,1.0,1.0,1.0,1.0,1.0,1.0,1.0,0.985411992306457,0.9649640639767121,0.9980490800001826,0.9353189393483928,0.9935785699450709,0.5621231785351659,0.23720989964048897,0.29289366970603625,3.0
120,1.0,1.0,1.0,1.0,1.0,0.0,1.0,1.0,0.9991112191162175,0.9954875874493114,0.9998656556276523,0.9804513346492083,0.9973468257531894,0.5204552993846523,0.6099649459840948,0.8916131097516018,0.0
121,1.0,1.0,1.0,0.0,1.0,1.0,0.0,0.0,0.499258924636249,0.9966217554703157,0.9800694517354811,0.7926008927407587,0.9983780385164636,0.98487648135348,0.908795634870521,0.07297069635938022,4.0
122,0.0,0.0,0.0,0.0,0.0,0.0,0.0,0.0,0.00047032172202691476,0.006223073605221057,0.0010852997441369544,0.0003366902520254386,0.01331594185190823,0.0013593867213274686,0.0007537605085772892,0.00020851994689709063,3.0
123,0.0,0.0,0.0,0.0,0.0,0.0,0.0,0.0,0.0026329017162420327,0.0047528928607012385,0.0015962740853468383,0.000217275897815827,0.0075176315959009045,0.0008855593784879976,0.0008024350431952649,0.00010872555614326837,3.0
124,0.0,0.0,0.0,0.0,0.0,0.0,0.0,0.0,0.004579171734017471,0.0014423142111854637,0.002961752729542988,0.0003140130077825673,0.010143639998720257,0.004392184406664822,0.011484980618347242,0.00015805211451125158,2.0
125,0.0,0.0,0.0,0.0,0.0,0.0,0.0,0.0,0.01769940280952247,0.012969113696538864,0.02720208449939453,0.0006760722838771835,0.02737473878826061,0.00436831525095088,0.005332396308365983,0.000719263854009594,1.0
126,1.0,1.0,1.0,1.0,1.0,1.0,1.0,1.0,0.9997861111253166,0.9995047479021661,0.9997566777639264,0.9994102805731516,0.9999910979489318,0.8529398417634095,0.7927814799528531,0.9849382300462407,2.0
127,0.0,1.0,1.0,0.0,1.0,1.0,0.0,0.0,0.01733213068101187,0.3085421071826135,0.029986232504367397,0.02255100282293749,0.00783178813890968,0.010795272795743112,0.0014540157846824647,0.0009514757289350426,3.0
128,1.0,0.0,0.0,1.0,0.0,0.0,0.0,0.0,0.5885602917733865,0.6430522916576746,0.9885368048702152,0.9911519152613135,0.9572302761024147,0.30934813898622004,0.06087861218713034,0.0725021731613688,4.0
129,1.0,1.0,0.0,1.0,1.0,0.0,1.0,0.0,0.8514373107137623,0.9498494740865847,0.8556714171534492,0.9548722984762867,0.9959613288686564,0.10825933947153005,0.9959091839375269,0.4750170427017039,3.0
130,0.0,1.0,0.0,0.0,1.0,0.0,1.0,0.0,0.47276447313022113,0.4354537392547452,0.01366602324287191,0.46391116771552854,0.3226832082766905,0.005540312835751744,0.6394026719231307,0.00568510324859916,4.0
131,0.0,0.0,0.0,0.0,0.0,0.0,0.0,0.0,0.004538185520015767,0.010103745948866285,0.0019410425964598854,0.00038386340106735974,0.02608333608165786,0.0025742515573139216,0.009687452801028016,0.00013308075151085972,1.0
132,0.0,0.0,0.0,0.0,0.0,0.0,0.0,0.0,0.0050065446844500296,0.02027164392775462,0.002272241384225198,0.0007458532577089776,0.0021044964690066304,0.0014679650066480112,0.050050118446076035,0.0005631262135137397,2.0
133,0.0,0.0,0.0,0.0,0.0,0.0,0.0,0.0,0.0020361833550084836,0.1910570258371204,0.04780404307167314,0.002213494042553198,0.023507137990658972,0.002520965418300649,0.0045163830022101415,0.0002320451082851045,1.0
134,1.0,1.0,1.0,1.0,1.0,1.0,1.0,0.0,0.9979052194611284,0.906054427710853,0.9846824728383983,0.6575561283969746,0.9908931646574262,0.8243581593848747,0.97711737616817,0.3165001542849531,4.0
135,0.0,0.0,0.0,0.0,0.0,0.0,0.0,0.0,0.004632057862659214,0.004767485196406569,0.008758506680495952,0.00030997560758858766,0.023652926820179866,0.0008554907482816619,0.004663083422356541,0.00023033266994997893,1.0
136,1.0,1.0,1.0,1.0,1.0,1.0,1.0,0.0,0.9836210090546093,0.9992794714074869,0.99990736290593,0.9926182115279087,0.9999241486264211,0.9905748563964227,0.9572737075266086,0.007534691945536308,0.0
137,0.0,0.0,0.0,0.0,0.0,0.0,0.0,0.0,0.0005317424923689134,0.02087502243708617,0.0034255415185848975,0.000475281766880665,0.006176515722683925,0.004961780578574542,0.003607715209844556,0.0001142431223846149,1.0
138,0.0,0.0,0.0,0.0,0.0,0.0,0.0,0.0,0.0030273153428038296,0.00981397654233976,0.0030076631159738913,0.0002040245139910789,0.00094347321149234,0.001389382707725434,0.0041373129281081274,0.00015282060021072332,4.0
139,0.0,0.0,0.0,0.0,0.0,0.0,0.0,0.0,0.02001747902540897,0.016927681213547836,0.01244610147118035,0.00024297648139105468,0.13966063378283736,0.0035128588396841328,0.0628401540518903,0.00012776862827448845,0.0
140,1.0,1.0,1.0,1.0,1.0,1.0,1.0,0.0,0.927554698977156,0.9982942247641567,0.99949818342589,0.9869022015470353,0.999759317460977,0.9977403256768318,0.955480284835427,0.18362709291374774,1.0
141,0.0,0.0,0.0,0.0,0.0,0.0,0.0,0.0,0.0003044444626956619,0.1852514740355746,0.00404892225172444,0.0011220052985226974,0.0776130473651373,0.012211440319357574,0.00273751201988983,0.0005380929890888401,1.0
142,1.0,1.0,1.0,1.0,1.0,1.0,1.0,1.0,0.9972774437393793,0.999357807668877,0.998577131594508,0.9733116960161436,0.9999951797181654,0.9998250861384138,0.9862211059746938,0.7539645728468916,2.0
143,1.0,1.0,1.0,1.0,1.0,1.0,1.0,1.0,0.9998940732523139,0.9945276310481609,0.9999415772456203,0.9996570481726162,0.9995876839078381,0.9995101121673464,0.2696752420037935,0.9746229611568421,3.0
144,1.0,1.0,1.0,1.0,1.0,1.0,0.0,0.0,0.9644260297011084,0.9917909909386285,0.9992959685648635,0.9923203830498211,0.9999803517733082,0.9909191997256949,0.7156056415126635,0.1457892389170581,1.0
145,0.0,0.0,0.0,0.0,0.0,0.0,0.0,0.0,0.006489191630341431,0.0007319973936336373,0.001778495429389001,0.0003470466040935808,0.01164458760234576,0.0011323970729282436,0.0017973375653485889,0.00027465036176784445,2.0
146,1.0,1.0,0.0,1.0,1.0,0.0,0.0,1.0,0.9996593388785975,0.9072121432660213,0.8762743950448879,0.9436556784929914,0.8262171448692033,0.08961721580649266,0.02477659059403167,0.9786914501229715,3.0
147,1.0,1.0,1.0,1.0,1.0,1.0,1.0,0.0,0.3199551927076102,0.9871479125604383,0.9994886992042649,0.7218136281684299,0.9987877696952382,0.6155562950660594,0.038370991666390505,0.0011223078742946925,3.0
148,0.0,1.0,0.0,0.0,1.0,0.0,0.0,0.0,0.9933974662613737,0.9143178513115106,0.7455439993251213,0.21426540456538443,0.3916892464955663,0.11363262870489568,0.6235578140870097,0.06971076411674353,1.0
149,1.0,1.0,1.0,1.0,1.0,1.0,1.0,1.0,0.994422301508205,0.9929392231535891,0.9981201052880535,0.9681341558766997,0.9998882600461281,0.991331102534714,0.998732085670299,0.24590182222462786,2.0
150,1.0,1.0,1.0,1.0,1.0,1.0,0.0,0.0,0.8119288304779939,0.9959904896919752,0.999715397773149,0.9991264482080651,0.9997798659079558,0.9993265846883259,0.5026185125382745,0.06385513752964567,3.0
151,0.0,0.0,0.0,0.0,0.0,0.0,0.0,0.0,0.00429534744521329,0.0033331551897612917,0.0039036745573825314,0.00032437111908963404,0.029058160847715443,0.003149621017891426,0.000844979651014772,0.0004890097565703349,3.0
152,0.0,0.0,0.0,0.0,0.0,0.0,0.0,0.0,0.007270482997695795,0.1100513827818491,0.024936321180018525,0.00047853270106992135,0.06259974074954751,0.020472507773426615,0.0063549259365696205,0.0002652247901168357,3.0
153,0.0,0.0,0.0,0.0,0.0,0.0,0.0,0.0,0.0013393457072667476,0.025402104515338867,0.0013477893275147545,0.00019311637386535844,0.028273951689455866,0.003981172668118055,0.016645900238414117,0.0001744608994488288,2.0
154,1.0,1.0,1.0,1.0,1.0,1.0,1.0,1.0,0.9999525233138907,0.9998761653672259,0.999699186939074,0.9847760441483203,0.9993271780642613,0.9959939915525179,0.4935083186450029,0.9631135780980347,3.0
155,1.0,1.0,1.0,1.0,1.0,1.0,0.0,0.0,0.9826549759046217,0.9997241124731477,0.9994388391444311,0.9949782381233222,0.999998475669663,0.9989329624095468,0.541355774569239,0.014956619421664444,1.0
156,1.0,1.0,1.0,1.0,1.0,1.0,1.0,1.0,0.9991804477038442,0.9991967057132789,0.9995818666551365,0.9996924140303431,0.9998772557894878,0.9994818093587349,0.8420406200156806,0.6060174542289821,4.0
157,0.0,0.0,0.0,0.0,0.0,0.0,0.0,0.0,0.00321998019845737,0.004477485303721467,0.005344014994582633,0.0003044347867599838,0.02844253424088955,0.004320345279803547,0.0011752141173198053,0.0017318657028850487,3.0
158,1.0,1.0,1.0,1.0,1.0,1.0,1.0,1.0,0.9999621115786012,0.9925103226738567,0.9965876684002161,0.9897841193992137,0.9925845142308398,0.982249284076131,0.8525051759255173,0.8247656098048213,0.0
159,0.0,0.0,0.0,0.0,0.0,0.0,0.0,0.0,0.0023132811093497653,0.008519040889813785,0.011766101856673823,0.0011256659022539806,0.0007833298097684069,0.0006792399186009185,0.0025711413058946172,0.0003710472146052731,4.0
160,0.0,0.0,0.0,0.0,0.0,0.0,0.0,0.0,0.017564070047471136,0.005865003737548513,0.011210568217846868,0.0004033402568470281,0.0035001784647067124,0.0017806838439993356,0.01276530890810433,0.00044179640085886807,4.0
161,0.0,0.0,0.0,0.0,0.0,0.0,0.0,0.0,0.0021577164126184954,0.0033035806171874734,0.0034936305203246256,0.00033676417633090645,0.006456045231523165,0.0019678222740770763,0.022331916251560648,0.000592844124971591,4.0
162,1.0,1.0,1.0,1.0,1.0,1.0,1.0,0.0,0.869882362580365,0.9719352482443882,0.998482514676283,0.8447824611893563,0.9953570613797138,0.5033608962462796,0.11020720006653557,0.007437444140366693,3.0
163,1.0,1.0,0.0,0.0,1.0,0.0,0.0,0.0,0.9775224634885394,0.699744020819133,0.5535891420775787,0.8124140482008139,0.9988221437295645,0.880703128735098,0.07611623833788007,0.0205666616955993,2.0
164,0.0,0.0,0.0,0.0,1.0,0.0,0.0,0.0,0.00022885612123046115,0.23205458418104985,0.019592691359345684,0.005526211086103907,0.6221161198096645,0.008296032835149672,0.002921573477946866,0.0001261043529224233,1.0
165,1.0,0.0,1.0,1.0,1.0,0.0,0.0,0.0,0.9871016724592838,0.26288192149225986,0.6138404675163223,0.6946238203207369,0.8645559841032918,0.16882321688243768,0.1817367104656495,0.35565920174045895,1.0
166,0.0,0.0,0.0,0.0,0.0,0.0,0.0,0.0,0.0025011882642113994,0.0012713047770059477,0.0014571747375460313,0.0003546974134117176,0.015258141175880842,0.0007495063718125884,0.003442423514781911,0.000342696048702519,4.0
167,1.0,1.0,1.0,1.0,1.0,1.0,0.0,1.0,0.9993939915043504,0.9822879736989449,0.8623687462930141,0.9412118478930158,0.9999017013518718,0.9925067010735424,0.21681871856595658,0.48620187929363506,2.0
168,0.0,0.0,0.0,0.0,0.0,0.0,0.0,0.0,0.0068872904528102345,0.020978513079277766,0.005290081246582777,6.229007841351868e-05,0.024626151972906303,0.001612666245106586,0.018276190028472302,0.00011788529209093277,0.0
169,0.0,1.0,0.0,0.0,1.0,0.0,0.0,0.0,0.0025694959741740866,0.453344290584268,0.043186330376593696,0.0016608371176807025,0.05481772105236563,0.002231494955404017,0.013307485679432404,6.435559229456683e-05,1.0
170,1.0,1.0,1.0,1.0,1.0,1.0,0.0,0.0,0.06068962557992671,0.865492023854788,0.9580248116509494,0.8945927463790003,0.9809973967791799,0.9738244429098522,0.04298725186514841,0.0024566717820573244,4.0
171,1.0,1.0,1.0,1.0,1.0,1.0,1.0,1.0,0.9986060258824785,0.9933368470704717,0.999835253996868,0.9963793055841045,0.9996263991099685,0.9994372958828236,0.8698447600835313,0.9308849437645218,3.0
172,0.0,0.0,0.0,0.0,0.0,0.0,0.0,0.0,0.010436512193369739,0.01740435030565841,0.02447163469779445,0.0007920718408541296,0.028090586890614295,0.009316785452270701,0.006288660863105597,0.0009734413553933815,1.0
173,0.0,0.0,0.0,0.0,0.0,0.0,0.0,0.0,0.008500881557481589,0.008309543862556869,0.00642975389853669,5.7756200895161963e-05,0.029128661668521953,0.0026480214736693407,0.003387793949470263,0.00011964791249431279,1.0
174,0.0,0.0,0.0,0.0,0.0,0.0,0.0,0.0,0.0017486854600222757,0.000895804695188176,0.0038782505135724916,0.00036217381552347934,0.03561997367533548,0.0021540008952541864,0.0005632620933692641,0.00013803917326944435,0.0
175,1.0,1.0,1.0,1.0,1.0,1.0,1.0,1.0,0.9996926962903747,0.99850271634092,0.9997001215143291,0.9994482034544043,0.999528534018976,0.9268477076268836,0.9890601809216245,0.6081506133953746,2.0
176,1.0,1.0,1.0,1.0,1.0,1.0,1.0,0.0,0.09789868440124681,0.953467751927222,0.9913066309755166,0.0963754571746009,0.9962099996153932,0.9934719737645603,0.6920186724856154,0.12230882967174948,2.0
177,0.0,0.0,0.0,0.0,0.0,0.0,0.0,0.0,0.007224808763876827,0.011135652551199787,0.03246544168286973,0.0006228691270632882,0.0077936578006601595,0.0002462641757535741,0.12054986926755606,0.00036134627722371514,1.0
178,1.0,1.0,1.0,1.0,1.0,1.0,0.0,1.0,0.999962211900878,0.9998074110972766,0.9994996463064382,0.998892967304085,0.9999961798608233,0.9983681054039844,0.8815944988231248,0.9958204537353196,1.0
179,1.0,1.0,1.0,0.0,1.0,1.0,1.0,0.0,0.293327316435049,0.9708380280985802,0.8797587594770357,0.031843636572822825,0.9998039687185554,0.8903619781253502,0.046411412964518325,0.0009172900514773254,2.0
180,1.0,1.0,1.0,1.0,1.0,1.0,0.0,1.0,0.9782163282848741,0.9931393905515432,0.9999308072328442,0.9958438302386414,0.9988569782671224,0.9994193067782968,0.9551938308870966,0.32362499177050585,3.0
181,1.0,0.0,1.0,0.0,1.0,1.0,1.0,0.0,0.5879502703686411,0.19963892745892464,0.12467105147104143,0.0029399425419091903,0.04447067775733024,0.03136908743274914,0.6562295129344443,0.020076855323418075,1.0
182,1.0,1.0,1.0,1.0,1.0,1.0,1.0,0.0,0.9851650718892153,0.9999785576864191,0.9998150492101009,0.9828302136513868,0.9998764922658485,0.9950835723182978,0.09532235786641352,0.3152140763868277,2.0
183,0.0,1.0,1.0,0.0,1.0,0.0,0.0,0.0,0.012383038073207132,0.6546631977433853,0.6575232952844057,0.01194215873180583,0.4891981010094026,0.24826519884371692,0.047232844145941213,0.00048621873837037066,3.0
184,1.0,1.0,1.0,1.0,1.0,1.0,0.0,0.0,0.9602355882709267,0.9934505163475358,0.9888621606980634,0.9979821485467514,0.9987547689747485,0.8415873760630906,0.7666134114531484,0.03642543764716989,0.0
185,0.0,0.0,0.0,0.0,0.0,0.0,0.0,0.0,0.002058788363428833,0.007782575360293571,0.009994394232315814,0.0004973156067365372,0.011913573247471308,0.0024770921320160025,0.005922385956432746,0.00015209795354603683,2.0
186,0.0,0.0,0.0,0.0,0.0,0.0,0.0,0.0,0.008333890977397106,0.0022069543473419093,0.0012069934506112481,0.0006204421297116002,0.005995196978811198,0.0004126398716349296,0.02509742830037431,0.00046466921271820765,3.0
187,0.0,0.0,0.0,0.0,0.0,0.0,0.0,0.0,0.0021983942446801674,0.003965226468799186,0.00385523587734225,0.0011599436116589085,0.007483674052316536,0.0017078835857146446,0.004502494686340337,9.636175251485671e-05,4.0
188,1.0,0.0,1.0,1.0,1.0,1.0,0.0,1.0,0.9973892115284553,0.9964774933619738,0.9703990364248746,0.9975024676383247,0.9973647538665787,0.8668886608840954,0.012659623626449077,0.2763210402530373,2.0
189,0.0,0.0,0.0,0.0,0.0,0.0,0.0,0.0,0.014529375613567064,0.03622381888926529,0.08204906100222337,0.004172098040472984,0.2628718668344754,0.1984511670416589,0.0208934807339872,0.00013326508512380807,4.0
190,0.0,0.0,0.0,0.0,0.0,0.0,0.0,0.0,0.002154239181620323,0.008582030116612226,0.0016778342268018041,0.0003051753292012248,0.00397958874918423,0.0015470320552931163,0.005603158875074303,0.0030451029769390132,3.0
191,0.0,0.0,0.0,0.0,1.0,0.0,0.0,0.0,0.18959579970717697,0.8185516471175441,0.9895152488949844,0.9386928608728606,0.9903873192146622,0.9673049443968622,0.05429612034594538,0.0015346001537097228,4.0
192,0.0,0.0,0.0,0.0,0.0,0.0,0.0,0.0,0.00037298592771371747,0.004683406923614557,0.001387589585410037,5.455358521779126e-05,0.018183316732097443,0.0011056606042362514,0.007794023820841246,0.00032278873473381205,0.0
193,1.0,1.0,1.0,1.0,1.0,1.0,0.0,1.0,0.9651933861974914,0.9885414967012632,0.9995294265131215,0.7120334994931431,0.9995179141962611,0.9950796010773751,0.03509243863164188,0.41132304494528665,1.0
194,0.0,0.0,0.0,0.0,0.0,0.0,0.0,0.0,0.0015019249884125675,0.008417253776047339,0.003143315063878758,0.0024539379997593333,0.06691919604125783,0.006075647169772235,0.0033069667057438663,0.0001774064250328069,3.0
195,0.0,0.0,0.0,0.0,0.0,0.0,0.0,0.0,0.003312300665108196,0.002232290244980559,0.005416014964773151,0.000447526089748795,0.005973824611025484,0.0002952441298787782,0.003215954476294689,0.00011069598211059827,2.0
196,1.0,1.0,1.0,1.0,1.0,1.0,0.0,1.0,0.5162108313926751,0.8603660426641903,0.9834361750594652,0.9293296042313417,0.9998690896060068,0.973592391123407,0.0007728696047168154,0.934965229796906,1.0
197,1.0,1.0,1.0,1.0,1.0,1.0,0.0,0.0,0.5235803013590602,0.9413370667462295,0.9690891604273686,0.9742434848840672,0.9803480466933836,0.605752875920492,0.06692327178430903,0.015152332374762911,3.0
198,0.0,1.0,1.0,0.0,1.0,1.0,1.0,0.0,0.4854822185621009,0.5298230662746296,0.9724814437054049,0.008122379321870477,0.9988347608491939,0.9392571506785916,0.18251098980415992,0.0011132481934555633,0.0
199,0.0,0.0,0.0,0.0,0.0,0.0,0.0,0.0,0.000991641481350998,0.0018307637625051235,0.0014396443488296129,0.00028062609449199465,0.01142532345408309,0.0008771665674716596,0.0031968273573260643,0.00014065428813039092,0.0
200,0.0,1.0,1.0,0.0,1.0,0.0,0.0,0.0,0.9720681612757338,0.8430412831180467,0.9929150582080779,0.9530843960213138,0.9848085310194292,0.9396751447807266,0.436265091784379,0.034767150920737275,4.0
201,0.0,0.0,0.0,0.0,0.0,0.0,0.0,0.0,0.0019712767890173867,0.0008668046032357083,0.001368343893550857,0.00024362718552989394,0.013701263528687663,0.0010736883188353164,0.0014268447917976435,0.00021996255525057765,4.0
202,0.0,1.0,1.0,0.0,1.0,0.0,0.0,0.0,0.0014525325384460999,0.0478748477550015,0.025469199230946038,0.017347737011268963,0.053486226633553124,0.0023690343571991573,0.042816267429551684,0.00011480545905251373,3.0
203,0.0,0.0,0.0,0.0,0.0,0.0,0.0,0.0,0.004586269934352302,0.006668853401567828,0.0004844957935749945,0.0003417318457561059,0.012005740212314342,0.0013094607919816187,0.010540118841392967,5.845285222651109e-05,2.0
204,0.0,0.0,0.0,0.0,0.0,0.0,0.0,0.0,0.005145639706585627,0.00351140298346442,0.0020912179982908847,0.0009985463252420513,0.07683771817950838,0.0009064714682583747,0.0034500417614989716,0.00033775903712572977,1.0
205,0.0,0.0,0.0,0.0,0.0,0.0,0.0,0.0,0.006289079496323097,0.02270779000230354,0.009472122740507299,0.0002180919430758747,0.006041604899867933,0.008664436697583674,0.056855278662965004,0.0005419893165505095,4.0
206,1.0,1.0,0.0,0.0,0.0,0.0,0.0,0.0,0.7459374983245017,0.9842654449540676,0.9454850855865704,0.2841638302384056,0.9108546375279225,0.356421219075629,0.5320725158951045,0.003736742761736846,4.0
207,1.0,1.0,1.0,1.0,1.0,1.0,1.0,1.0,0.9928110368896789,0.9995826195897077,0.9998877065230096,0.9938747239382822,0.9995680438836634,0.9999353038561232,0.955997876033636,0.8144816807028129,3.0
208,1.0,1.0,1.0,1.0,1.0,1.0,0.0,0.0,0.9882832051318834,0.9904163865003036,0.9951005588433158,0.9977341249485858,0.9987791087494259,0.8808935803624267,0.48316480728661004,0.02969962040103769,0.0
209,0.0,0.0,0.0,0.0,0.0,0.0,0.0,0.0,0.0032663389350890805,0.005510309027040624,0.0041728177376982945,0.0009396729775041584,0.015127553504545407,0.002704301870856722,0.0016250439258277594,0.00011134374535782191,0.0
210,0.0,0.0,0.0,0.0,0.0,0.0,0.0,0.0,0.0031423509579926903,0.014115989185384183,0.011027894536613047,0.0005092235320553872,0.009551612106201767,0.00342428667427273,0.007686772903424788,0.0001358653843585823,0.0
211,0.0,1.0,1.0,1.0,1.0,1.0,0.0,0.0,0.6890260411035354,0.9734838488257396,0.9978766986640559,0.9883017613521407,0.9999818728503128,0.977883663360155,0.13373663555433335,0.0030662400371602705,1.0
212,1.0,1.0,1.0,1.0,1.0,1.0,1.0,1.0,0.9999969043987467,0.9999972364943999,0.9999890976481157,0.9999021202220315,0.9999642719033234,0.9999869803450762,0.6952476577144917,0.7451185115391469,1.0
213,0.0,0.0,0.0,0.0,0.0,0.0,0.0,0.0,0.0047765820483621204,0.014147047450694956,0.00672812668929026,0.0005759291917386572,0.01885290359694294,0.0007958984987519529,0.03804339321137582,0.0006551655454156158,0.0
214,1.0,1.0,1.0,1.0,1.0,1.0,1.0,0.0,0.9998341570392,0.9979869279028588,0.9999270604681102,0.9995735065210468,0.9999125456204452,0.9987153861620884,0.9360905525673455,0.38849716891863095,4.0
215,1.0,1.0,1.0,1.0,1.0,1.0,0.0,0.0,0.9135835172139316,0.8492698323592268,0.9955514815642329,0.9378909310996179,0.9802294797915367,0.9964770446114819,0.9241931669466135,0.1193385538475542,1.0
216,1.0,0.0,0.0,1.0,0.0,0.0,0.0,0.0,0.9646800048267636,0.7378093479925217,0.917229290184778,0.9948654885983398,0.5769557221643146,0.04633446750662904,0.7720545598841244,0.6586780198682981,4.0
217,0.0,0.0,0.0,0.0,0.0,0.0,0.0,0.0,0.0223370004014058,0.011076449850224181,0.005389903285892794,0.00010197469359526627,0.0019092109967573663,0.0015129657006144508,0.01549806273450927,0.0020437092084723565,4.0
218,0.0,0.0,0.0,0.0,0.0,0.0,0.0,0.0,0.006561133324394964,0.010797703862789047,0.005166306016667115,0.0006967500780259693,0.024840413662564315,0.005257874877991857,0.013270532293580108,0.0007056712780538596,0.0
219,0.0,0.0,0.0,0.0,1.0,0.0,0.0,0.0,0.005153728949867967,0.39241744621129726,0.08198206830237846,0.00037820588655774454,0.8148205943490014,0.16694293267946092,0.008056395032221343,0.0018377317449282664,3.0
220,0.0,1.0,1.0,0.0,1.0,0.0,0.0,0.0,0.007104137342379402,0.5199988308805379,0.5918309154216376,0.02949852218187593,0.9463195077239172,0.0356156372884722,0.014238754198983867,0.00017548014207603312,2.0
221,0.0,0.0,0.0,0.0,0.0,0.0,0.0,0.0,0.22966891264040323,0.0017672369510706425,0.0718857329069578,0.008610573648774,0.0035080820650887877,0.0017272411551214851,0.0001169033580264965,0.051320689258632694,1.0
222,0.0,1.0,1.0,1.0,1.0,1.0,1.0,0.0,0.3065849491646999,0.9510746712719409,0.9929873257720239,0.8371608771916992,0.9999424965488588,0.8982862470610682,0.5027698360531829,0.00137995831566478,2.0
223,1.0,1.0,1.0,1.0,1.0,1.0,0.0,0.0,0.5697978207486039,0.9749987571576156,0.9823680457153224,0.8513272122540084,0.998207910166334,0.2839985998691059,0.7083327860605046,0.0031962788127514034,2.0
224,1.0,1.0,1.0,1.0,1.0,1.0,0.0,1.0,0.9987148780269273,0.9987138813732279,0.9999762905451902,0.9991804747651967,0.9998201249656566,0.9994943213503246,0.1564884679007005,0.9875547870932198,3.0
225,1.0,1.0,1.0,1.0,1.0,1.0,1.0,1.0,0.9994845093864905,0.999830441029266,0.9999596763754449,0.9994344121757883,0.9998656931889756,0.9710717730280838,0.9786503445070077,0.8150481694879285,3.0
226,1.0,1.0,1.0,1.0,1.0,1.0,1.0,1.0,0.999810342857164,0.999730484603052,0.999946044183457,0.9998871723836543,0.9998407657665999,0.9871653354336156,0.9665914760388074,0.8354871476009755,3.0
227,0.0,0.0,0.0,0.0,0.0,0.0,0.0,0.0,0.0038536004737789874,0.016413598914083862,0.029431131844933806,0.0004775845524503697,0.073378241412467,0.0002797721155255837,0.004867625907571132,0.00021237395846885308,1.0
228,1.0,1.0,1.0,1.0,1.0,1.0,0.0,1.0,0.9973390857488765,0.9976286204099162,0.9998091313252082,0.9810459909352992,0.9993733100018254,0.9943507413518731,0.012723452380102297,0.9425285683458149,1.0
229,1.0,1.0,1.0,1.0,1.0,1.0,1.0,1.0,0.998258836090966,0.9973935735925583,0.9992790709153606,0.977408636682039,0.9982156333440357,0.9979265622697039,0.9915488821601736,0.4890021725090891,3.0
230,0.0,0.0,0.0,0.0,0.0,0.0,0.0,0.0,0.005123412183603061,0.004022380016897566,0.008663497110110273,0.0001660175727313962,0.03029420448778193,0.0012147472759958039,0.004936876711567614,0.0002143324062973214,4.0
231,1.0,0.0,0.0,0.0,0.0,0.0,0.0,0.0,0.25496008066996584,0.08207593184761137,0.276504004383689,0.0019530801594868452,0.011385102506794652,0.0008819941232058216,0.1849614932118321,0.1009634649160454,1.0
232,1.0,1.0,1.0,1.0,1.0,1.0,1.0,0.0,0.9979560944500019,0.999851440431062,0.99938769837261,0.9986267148294244,0.999881112719197,0.9983335813470096,0.996799215990395,0.5421989273043065,3.0
233,1.0,1.0,1.0,1.0,1.0,1.0,0.0,1.0,0.9416307883617159,0.9324385569336567,0.9938026150233257,0.7039551233950333,0.9956121757735608,0.7445374000758547,0.17201298420486458,0.6508996074509499,3.0
234,1.0,0.0,1.0,1.0,1.0,0.0,0.0,0.0,0.7144014230148412,0.7238580006620227,0.9995833796818286,0.9978849643601266,0.9984365769157652,0.974421103409809,0.5474803518956053,0.06233856306600432,2.0
235,1.0,1.0,1.0,1.0,1.0,1.0,1.0,1.0,0.9906442526585085,0.9868299196372374,0.9997695379122561,0.9985073581543179,0.9997511043269159,0.9995918424820346,0.915415447611887,0.6394054177857563,1.0
236,1.0,1.0,1.0,1.0,1.0,1.0,1.0,0.0,0.9868955426019003,0.9245101264087904,0.9984859566772117,0.9575966545523441,0.9995984169020282,0.9974229166360107,0.5673227275326879,0.3212490361623871,2.0
237,0.0,0.0,0.0,0.0,0.0,0.0,0.0,0.0,0.01665575304901272,0.004382804203260427,0.011553114255241862,0.0008321113399106659,0.011393185795925966,0.0030682330679325702,0.15171187720507814,0.011837745841607737,0.0
238,0.0,0.0,0.0,0.0,0.0,0.0,0.0,0.0,0.01629951645707777,0.022094717451390758,0.008747997936816713,0.0005008695248059855,0.07035051261387262,0.00789068307128871,0.0114409478430439,0.0003805738148166738,2.0
239,1.0,1.0,1.0,1.0,1.0,1.0,1.0,1.0,0.9863453429046551,0.9978014267558527,0.998035305633537,0.9733998157145889,0.997076286776626,0.9995825041394351,0.8479544738157502,0.13037256077179943,1.0
240,1.0,1.0,1.0,1.0,1.0,1.0,1.0,1.0,0.9987801410513599,0.9991017618599397,0.9996301732484774,0.9985199946885175,0.9998056158391498,0.9988653848146458,0.903320818116346,0.9490930575633285,4.0
241,0.0,0.0,0.0,0.0,0.0,0.0,0.0,0.0,0.0009014596713164655,0.0032567334522612935,0.0016805214077879297,0.00042385656730768663,0.0013251804353196079,0.003260003527332889,0.008289608043099798,0.000172060079829947,4.0
242,0.0,1.0,1.0,0.0,1.0,1.0,0.0,0.0,0.0010480751706101956,0.40181474661466343,0.024172145793877983,0.0003821475927849972,0.06811849094774292,0.3090039303172431,0.0018283092814871367,0.0003450586544364935,4.0
243,1.0,1.0,1.0,1.0,1.0,1.0,1.0,1.0,0.9995128151819098,0.9943932850587073,0.9998461482690191,0.9847493859062644,0.999958125652034,0.9999827338753802,0.798739883406697,0.03669726451274106,4.0
244,0.0,0.0,0.0,0.0,0.0,0.0,0.0,0.0,0.10080329350615524,0.01026599464869732,0.0027063778343795206,0.0011275582190877738,0.011467271278260737,0.009040119547320594,0.006184409909819638,0.000244824550863267,0.0
245,1.0,1.0,1.0,1.0,1.0,1.0,1.0,0.0,0.9743035676243579,0.8952623423379265,0.9792137277615521,0.9895970213822056,0.996177188213066,0.8217243007035151,0.24254478094849644,0.004268410187978191,2.0
246,1.0,1.0,1.0,1.0,1.0,0.0,1.0,0.0,0.7196679557481812,0.975065147986208,0.909249539410317,0.48231517109634714,0.9862579797290221,0.6568714689172377,0.4094810531880356,0.020902185104513273,3.0
247,1.0,1.0,1.0,1.0,1.0,1.0,0.0,1.0,0.9737855155804168,0.9969773975713438,0.9998142254086916,0.9984632739586653,0.9998646041474432,0.9996811709830339,0.2535815268140238,0.45870832599821354,0.0
248,1.0,1.0,1.0,1.0,1.0,1.0,1.0,1.0,0.9988004049567603,0.9974142079617362,0.9999130414788235,0.9915860628669615,0.9997910892245433,0.9999837969254465,0.9999066769076345,0.9649716689982788,2.0
249,1.0,1.0,1.0,1.0,1.0,1.0,1.0,1.0,0.9999620540420877,0.9999838332173926,0.9993340024282596,0.9976787184770303,0.9998271791543921,0.992626266813845,0.9959018934060079,0.9892803256176957,1.0
250,1.0,1.0,1.0,0.0,1.0,1.0,0.0,0.0,0.4019877085096688,0.9904095034870573,0.9322458009676337,0.6363637151478709,0.9988123183406444,0.9436535920861321,0.730977112854465,0.030883346466541957,1.0
251,0.0,0.0,0.0,0.0,0.0,0.0,0.0,0.0,0.0007307426442936277,0.002197821591962697,0.003390565094635082,0.0012901604226923334,0.006791605227631615,0.0030103685060547574,0.006145357962290481,0.00014299313475592536,4.0
252,0.0,0.0,0.0,0.0,0.0,0.0,0.0,0.0,0.0014824838259151663,0.0031388434434452234,0.022940958719068323,0.0026027872875617184,0.010944637639609385,0.0005979640055674249,0.005441680531970711,0.00021610715584146739,4.0
253,0.0,0.0,0.0,0.0,0.0,0.0,0.0,0.0,0.01517420815884426,0.04010391190905221,0.059245112142122025,0.0003182219185318686,0.011434340591399991,0.018156759732958255,0.0004124710651049072,9.354518734242558e-05,3.0
254,0.0,0.0,0.0,0.0,0.0,0.0,0.0,0.0,0.006707908425398206,0.01679944495211557,0.018841401213979377,0.0003232485039390038,0.006656601172478469,0.0012684870655551796,0.012193391138907767,2.6983224725024656e-05,1.0
255,0.0,0.0,0.0,0.0,0.0,0.0,0.0,0.0,0.0007159685138070804,0.06773518791204454,0.01815257180863282,0.0018354145468168763,0.19231380830230513,0.005881959421565109,0.0007658256274975954,0.0003558767482798355,3.0
256,0.0,1.0,1.0,1.0,1.0,1.0,0.0,0.0,0.9589914614385335,0.9926503798917394,0.9999471547194932,0.9987356770223408,0.9991012224056046,0.9346169372960763,0.2353983887292477,0.0025113210874131843,0.0
257,1.0,1.0,1.0,1.0,1.0,1.0,1.0,0.0,0.9413498093281661,0.9989290498854062,0.9996059559873905,0.991408000965162,0.9999850410359549,0.9899036116222952,0.652663556422929,0.062485018439012385,2.0
258,1.0,1.0,1.0,1.0,1.0,1.0,1.0,1.0,0.8935659551587264,0.9989758422945296,0.9986617981134788,0.938751233313222,0.9998174702096319,0.9997645986225528,0.897627957617794,0.28068967821453816,3.0
259,1.0,1.0,1.0,1.0,1.0,1.0,1.0,0.0,0.9484541638111559,0.9955751928185341,0.9981169940291323,0.9439480150134351,0.9996184427190623,0.9971568035110256,0.9892580510882847,0.017083000672337645,1.0
260,0.0,0.0,0.0,0.0,0.0,0.0,0.0,0.0,0.002044644970077781,0.004034234590825697,0.001742571395468192,0.00019829143463854796,0.008434729925352316,0.00047343206995604083,0.017654584137343124,0.0001790488179169028,0.0
261,0.0,0.0,0.0,0.0,0.0,0.0,0.0,0.0,0.0029708312582448974,0.008529100041041973,0.002398194611426346,5.311923064329702e-05,0.004168395711579874,0.0011308702956539327,0.0012021256360086534,0.00011498750083525242,0.0
262,1.0,1.0,1.0,1.0,1.0,1.0,1.0,1.0,0.9999949095056402,0.9999643570520327,0.9999220115341042,0.9952296003580701,0.9994364706910084,0.9946872564994347,0.9764734899374663,0.9998369563006071,3.0
263,0.0,0.0,0.0,0.0,0.0,0.0,0.0,0.0,0.0030820112656080264,0.0026436830282902902,0.0015191241596283587,0.00025696505884344103,0.008569157118800514,0.0037631887130060047,0.0030130494871947644,3.603851825211849e-05,2.0
264,0.0,0.0,0.0,0.0,0.0,0.0,0.0,0.0,0.001141410553144818,0.02115994199727004,0.033962621870418576,0.0010970832507166944,0.013508227665349346,0.004326233991630896,0.004328960551404699,4.712462822885781e-05,2.0
265,0.0,0.0,0.0,0.0,0.0,0.0,0.0,0.0,0.004015389953947366,0.07658207996793819,0.04349084212643665,0.0015146813328369222,0.10759885138347798,0.0065986638568581,0.004850503182880749,0.0011502486759532246,1.0
266,1.0,1.0,1.0,1.0,1.0,1.0,1.0,1.0,0.9995084701694854,0.9916394848875725,0.997994385503526,0.9496413360365032,0.9996500394326194,0.999840749210624,0.9964813925133236,0.9855123526096026,1.0
267,0.0,0.0,0.0,0.0,0.0,1.0,1.0,0.0,0.29136359918816096,0.12690906347863087,0.020522026434821438,0.0013211175187081013,0.0450109060886043,0.03242000288079295,0.10209469146012436,0.0007943000368868865,3.0
268,0.0,0.0,0.0,0.0,1.0,0.0,0.0,0.0,0.0071122013067715945,0.14622789489679952,0.024181393126983884,0.0017362079743827373,0.5190225460642405,0.13119182923030653,0.04759029953304338,0.0031472517035829694,2.0
269,0.0,0.0,0.0,0.0,0.0,0.0,0.0,0.0,0.001345005741205556,0.006197909383332293,0.011406459732868702,0.0006120629496508451,0.010236925393011825,0.0006995672918307786,0.002413362192263057,7.34699019460448e-05,4.0
270,1.0,1.0,1.0,1.0,1.0,1.0,1.0,1.0,0.9999319359028591,0.9990171388373627,0.9990131794800908,0.9678579878087127,0.9998412614835207,0.999281117697823,0.9920545176079523,0.611163837016015,4.0
271,1.0,1.0,0.0,0.0,0.0,0.0,1.0,0.0,0.37057880367582563,0.39740787227587604,0.0019921638731294706,0.0017095466657305785,0.028414433398380526,0.0018273137515261142,0.5438358374716307,0.0008693208456305937,2.0
272,1.0,1.0,1.0,1.0,1.0,1.0,1.0,0.0,0.9216385747853056,0.9399375967182999,0.9991223765624069,0.9960555326219845,0.9999210297867682,0.9813457700768877,0.28543269070884625,0.014110349189962375,2.0
273,0.0,0.0,0.0,0.0,0.0,0.0,0.0,0.0,0.016973834540447468,0.013400530407078885,0.0007567792634804783,0.0003142776949790123,0.009989648341351728,0.0021776061238002564,0.047873468409513745,0.00020954933614310235,4.0
274,1.0,1.0,1.0,1.0,1.0,1.0,1.0,0.0,0.9954583106886904,0.9706770294575585,0.9993633301998402,0.9960063545740157,0.9986860652738466,0.9619640233972022,0.898191158373349,0.2327045718506919,1.0
275,0.0,0.0,0.0,0.0,0.0,0.0,0.0,0.0,0.0020898750573198075,0.02624499627676263,0.014282652958201497,0.00018722474935683735,0.00716700382965553,0.009593023668562507,0.024621232286925362,0.00016908987981276928,0.0
276,1.0,1.0,1.0,1.0,1.0,1.0,1.0,0.0,0.9974789906436095,0.9989344865286105,0.9995077010585963,0.9965321583351923,0.9998868727973911,0.9486295013853184,0.8399199012979747,0.03583150679554659,4.0
277,0.0,0.0,0.0,0.0,0.0,0.0,0.0,0.0,0.0012314242500718964,0.08569218148984051,0.007850917770257248,0.00046689658920135953,0.019226709202486043,0.0012200837969881366,0.011068915940011125,0.0002425365131301857,0.0
278,0.0,0.0,0.0,0.0,0.0,0.0,0.0,0.0,0.0011836699644788866,0.00047445538386435603,0.0018691703182843148,0.00020655809586680923,0.011692806102172045,0.0016722443182900643,0.00402827838011755,4.5472787661113444e-05,2.0
279,0.0,0.0,0.0,0.0,0.0,0.0,0.0,0.0,0.009952054302088615,0.016708917348261153,0.004592104092368157,9.468049096405424e-05,0.003468839781129184,0.003291577321332467,0.0013250498931788135,0.00010708877330918663,3.0
280,0.0,0.0,0.0,0.0,0.0,0.0,0.0,0.0,0.0019729171777151675,0.00855394133716926,0.004768421599023093,0.00044527410089215396,0.014616812442433921,0.0004905607616576059,0.002525063230322965,0.00016093466847226214,1.0
281,1.0,1.0,1.0,1.0,1.0,1.0,0.0,0.0,0.967329908813526,0.9996760123621793,0.9998010401969887,0.9988255012500512,0.9999986199751003,0.9981432637236428,0.5792601556546476,0.0032827393547143237,1.0
282,0.0,0.0,0.0,0.0,0.0,0.0,0.0,0.0,0.002177530478914013,0.006520892478819736,0.006256050666929185,0.0001481021573663587,0.0032912526997741845,0.0017644015792103302,0.0052282727910302335,0.00023350334092324756,3.0
283,0.0,0.0,0.0,0.0,0.0,0.0,0.0,0.0,0.0038224192210115308,0.00431269634495505,0.0028381496733011014,9.557536138983405e-05,0.0010630339401361633,0.0014118095155652727,0.0019514720878719871,0.00010483335456339601,3.0
284,0.0,1.0,1.0,0.0,1.0,1.0,0.0,0.0,0.6702559681437239,0.8082333416948984,0.9342737755730564,0.3278683937900264,0.9992948810623355,0.967046458830848,0.09818056792553449,0.009449432767831289,2.0
285,0.0,1.0,1.0,0.0,1.0,0.0,0.0,0.0,0.008689191334987014,0.20954790402651668,0.02808642633817383,0.00020223547484819862,0.023104793077333183,0.0009761843743666532,0.011971565592611162,0.00016569488152033397,2.0
286,0.0,0.0,0.0,0.0,0.0,0.0,0.0,0.0,0.002878563482497253,0.0005474549616129462,0.0014248783743368045,5.51458432958564e-05,0.015091352430357245,0.00020501362138748244,0.004786531845471699,0.0005523254213616892,0.0
287,0.0,0.0,0.0,0.0,0.0,0.0,0.0,0.0,0.0013609709301230452,0.012421870330362326,0.004576160424477153,0.0029645224949708276,0.01871105444016364,0.0006612274066003618,0.03125176746093152,6.36253386136696e-05,3.0
288,0.0,0.0,0.0,0.0,1.0,0.0,0.0,0.0,0.0038284939738292994,0.35453001129888373,0.02552193259789467,0.007126998412994564,0.18950392430346513,0.013159400691538594,0.01770547520792055,0.004204732627980931,4.0
289,1.0,1.0,1.0,0.0,1.0,0.0,0.0,0.0,0.8558876948545248,0.9901698602366426,0.9913391558813648,0.770802061670487,0.9980841697352653,0.2654600955937093,0.9590404981625122,0.1841773986920692,0.0
290,0.0,0.0,0.0,0.0,0.0,0.0,0.0,0.0,0.08680564256787482,0.20058309759016363,0.10072757500575134,0.0014594815387856041,0.08723205834193147,0.023795870298593483,0.03673211967102392,0.0012953398670633722,0.0
291,1.0,0.0,0.0,0.0,0.0,0.0,0.0,0.0,0.5518004393973738,0.6838144388190192,0.876670830483263,0.24283897083676803,0.983400060412798,0.0806459158862643,0.7262094921093891,0.000937546691965439,1.0
292,0.0,0.0,0.0,0.0,0.0,0.0,0.0,0.0,0.0026410943266231136,0.010989597207092477,0.004503709682288001,0.000240857776834161,0.018243257657746835,0.006280032310022656,0.013759210343003715,0.0004923786665808467,1.0
293,0.0,0.0,0.0,0.0,0.0,0.0,0.0,0.0,0.003776592944233039,0.006139780629649975,0.0008948184767726539,0.00017914452707381954,0.007600856815871505,0.0036087079275334403,0.005693307080917962,0.00012839186329189527,3.0
294,0.0,0.0,0.0,0.0,0.0,0.0,0.0,0.0,0.005254948368981749,0.0090870414555106,0.0009623529510618251,0.0002790593667429193,0.004299093624406301,0.004134947865681943,0.027273989249148926,0.000378605782738838,0.0
295,0.0,0.0,0.0,0.0,0.0,0.0,0.0,0.0,0.007499170135952545,0.04807789308820955,0.004873667126753744,0.000979078071814914,0.009585603438278585,0.007242765268152561,0.08845821814845188,0.00022250008692366614,4.0
296,1.0,0.0,1.0,1.0,1.0,0.0,0.0,0.0,0.035063707682462066,0.012706004848082684,0.0016547705714010904,0.0010382772754696146,0.00307396905372238,0.0047452522720150036,0.577068156008382,0.0031401684755057685,0.0
297,1.0,1.0,1.0,1.0,1.0,1.0,0.0,0.0,0.9952398999231467,0.6276256814903111,0.9984931786278732,0.9689107976807442,0.9981470294996746,0.8904155437604507,0.03085076711988814,0.023940062507054417,3.0
298,0.0,0.0,0.0,0.0,0.0,0.0,0.0,0.0,0.0012125585411638924,0.028233004781611656,0.0090346109879562,0.0004988989928005169,0.031210048156310788,0.00015539047545873972,0.007018663127014417,0.0010823918395205388,0.0
299,1.0,1.0,1.0,1.0,1.0,1.0,1.0,1.0,0.9957535558697709,0.9961322620793249,0.9992291571885373,0.9958973066821382,0.999830217070404,0.9955204656959631,0.7256959284256062,0.5105619682957208,0.0
300,1.0,1.0,1.0,1.0,1.0,1.0,1.0,1.0,0.9999288693772321,0.9995482841902409,0.9996443865380038,0.9997949278438273,0.9999656270086755,0.9982052946634218,0.967745329148369,0.721036064076135,1.0
301,0.0,0.0,0.0,0.0,0.0,0.0,0.0,0.0,0.003409383016578914,0.0016855861362229678,0.0020669156700316906,0.0006691037868670131,0.004197160318447621,0.00047403277658646873,0.0025580995768865232,0.00028068152191938685,3.0
302,1.0,1.0,1.0,1.0,1.0,1.0,0.0,0.0,0.9365093004891676,0.997738599742868,0.9830211728668428,0.9840465449438142,0.9964421703134553,0.992321672506349,0.811896585739783,0.5387027951117256,1.0
303,0.0,0.0,0.0,0.0,0.0,0.0,0.0,0.0,0.0052503056728499375,0.0032096812508963708,0.0015645139116149298,0.00037472903874527665,0.0007678225354070641,0.0001682171961449869,0.0026356715608780307,0.000414122155022542,3.0
304,0.0,0.0,0.0,0.0,0.0,0.0,0.0,0.0,0.002209115926847682,0.0017753007395161727,0.0020657134276460556,0.0004890747579771617,0.022776548984331832,0.00044673183534482414,0.003825290954752102,0.00020716393515106824,2.0
305,1.0,1.0,1.0,1.0,1.0,0.0,0.0,1.0,0.9996405960427021,0.8928660623460513,0.9997402860656583,0.991595177428281,0.9885685554982602,0.5905337704599057,0.01517070019194038,0.10976141637593459,1.0
306,0.0,0.0,0.0,0.0,0.0,0.0,0.0,0.0,0.002099082508296882,0.007032001644107454,0.003072237695148737,0.0002923710469790447,0.021618237689647733,0.0033297724236102935,0.00367511845110161,0.00015472041484856938,1.0
307,1.0,1.0,1.0,1.0,1.0,1.0,1.0,1.0,0.9996395668152808,0.9021172665062754,0.9986384065460222,0.9804035085947809,0.9986242230136738,0.731866406480574,0.975575543192518,0.17894414556512178,1.0
308,1.0,1.0,1.0,1.0,1.0,1.0,1.0,0.0,0.906205613395008,0.9817303222061103,0.9966770270630119,0.9822555354480238,0.9998806809252269,0.9331075119164879,0.6095902937238732,0.27631523919657475,4.0
309,0.0,0.0,0.0,0.0,0.0,0.0,0.0,0.0,0.002296425783214682,0.004703000976988182,0.006442473909445002,0.00018776199492394626,0.030636319030777195,0.0037982956651092504,0.006137186229877369,0.00020445835339391193,0.0
310,0.0,0.0,0.0,0.0,0.0,0.0,0.0,0.0,0.010877836418634304,0.02744868926321791,0.001967325187760022,8.063569604088268e-05,0.047865103649492285,0.004060388282029924,0.05928163800789646,0.0004621558118085727,0.0
311,0.0,0.0,0.0,0.0,0.0,0.0,0.0,0.0,0.16249833033794622,0.05612732761541299,0.04961101949383243,0.0008698217479364566,0.0026738299055203865,0.002948406209396652,0.08937108486945311,0.00016427292816610775,1.0
312,1.0,1.0,1.0,1.0,1.0,1.0,1.0,1.0,0.9999923073626273,0.9999928505036565,0.9999314709694013,0.9998544860062369,0.9982997301063609,0.9824487532304452,0.8611220148527088,0.8437784184038333,0.0
313,1.0,1.0,1.0,0.0,1.0,1.0,0.0,0.0,0.9447895657090281,0.99770309563859,0.9997314416158082,0.8970573074835941,0.9999503872953831,0.9973867747426252,0.9943356303124444,0.034611367142981284,4.0
314,1.0,1.0,1.0,1.0,1.0,1.0,1.0,0.0,0.6302272974804627,0.9542650492794786,0.9924372627919651,0.33316047049172814,0.998111055986063,0.9766749284336276,0.11050056130142022,0.07987327375659906,0.0
315,1.0,1.0,1.0,1.0,1.0,0.0,1.0,0.0,0.7447819820247584,0.9886589910042876,0.9827518658718049,0.27964080969452876,0.9852263880970223,0.31737735611510254,0.8578716042483339,0.051531728687012064,4.0
316,0.0,0.0,0.0,0.0,0.0,0.0,0.0,0.0,0.0014526360337692025,0.0017036175974918962,0.01848427523743221,0.0012794374915335869,0.013486608968833108,0.0010027277187802254,0.007635683722761463,0.0001843584981141085,1.0
317,0.0,0.0,0.0,0.0,1.0,0.0,0.0,0.0,0.008650692026795135,0.22438503154060827,0.15542567501791527,0.0012034162373226322,0.6653132094970333,0.09915850541761753,0.015427191935794251,0.0009730587847886971,3.0
318,0.0,0.0,0.0,0.0,0.0,0.0,0.0,0.0,0.0045823425689524525,0.006813345276989708,0.008338968281964168,0.0003024726230950476,0.026215418712789384,0.003200268897240039,0.011615496350468588,0.00011045370358980986,0.0
319,1.0,1.0,1.0,1.0,1.0,1.0,1.0,0.0,0.9894325589679664,0.9994807590438293,0.9998995496147478,0.9957709276504637,0.99993189734595,0.9996317341834959,0.900918117563545,0.7048587208145035,1.0
320,0.0,0.0,0.0,0.0,0.0,0.0,0.0,0.0,0.0004524891694736166,0.04740677993204009,0.001851119764868727,0.0005749046684822937,0.026451725698088974,0.004388943308386287,0.0032327445170554758,0.0002586777829840132,2.0
321,0.0,0.0,0.0,0.0,0.0,0.0,0.0,0.0,0.005160453924297796,0.005397927743820892,0.05925043401856916,0.0014363632071138217,0.000652742768533464,0.0010270477347654882,0.024047223007862308,0.0010575507075734748,0.0
322,1.0,1.0,1.0,1.0,1.0,1.0,1.0,1.0,0.9974733426037303,0.9990245889158172,0.9998035830493097,0.997895005608033,0.9997820387834258,0.9934772576028443,0.996038632488242,0.7069076667673616,3.0
323,1.0,1.0,1.0,1.0,1.0,1.0,0.0,0.0,0.9980894787297825,0.9982826839780675,0.9999243424074538,0.9995609261514753,0.9998955391468917,0.9961859986576148,0.9901339351998977,0.06674395592216265,0.0
324,1.0,1.0,1.0,0.0,1.0,1.0,0.0,0.0,0.2780954386557674,0.5534612806240843,0.6403913787195578,0.05790827189530745,0.9804321635310298,0.9144814114396522,0.20449155536447322,0.006525732190662366,2.0
325,0.0,0.0,0.0,0.0,0.0,0.0,0.0,0.0,0.0037616099391440763,0.1388463016438115,0.02493637292706924,0.0006695468464302841,0.11159621702096034,0.08016612516533307,0.005345994524352312,0.00043347106679225575,3.0
326,1.0,1.0,1.0,1.0,1.0,1.0,1.0,0.0,0.995970151721231,0.9984238261509888,0.957625852578848,0.9925751951159208,0.9998179510096535,0.9995857702198113,0.8707201020341876,0.07584880921428366,1.0
327,1.0,1.0,1.0,1.0,1.0,1.0,0.0,1.0,0.9979141069909124,0.997937581173768,0.9981206195121679,0.9987709874629682,0.9968020567493222,0.9983691208085885,0.02721761477872342,0.5806459975672432,0.0
328,0.0,0.0,0.0,0.0,0.0,0.0,0.0,0.0,0.006567755392457852,0.0010012464372425498,0.012150762624779,0.00044270659280549633,0.003876417879801063,0.00034397863797121204,0.0031374697215380905,0.0015131020179162942,0.0
329,0.0,0.0,0.0,0.0,0.0,0.0,0.0,0.0,0.000584606210489708,0.0023543972369726835,0.004989887982613833,0.00039415635232330416,0.0034846234480277816,0.0002972305852392397,0.006357364772178427,0.00021004348675777925,1.0
330,1.0,1.0,1.0,1.0,1.0,1.0,1.0,1.0,0.9999875504204939,0.9999565794015763,0.9992540359935191,0.9961574603363413,0.9999888444159124,0.9999670305385068,0.99918699786706,0.8931282085303058,4.0
331,1.0,1.0,1.0,0.0,1.0,1.0,0.0,0.0,0.5112271494620108,0.9648404476073494,0.9993367606089711,0.4380109418500896,0.9994799329555367,0.9845062600181383,0.020788661586105955,0.067411912517707,1.0
332,1.0,1.0,1.0,1.0,1.0,1.0,1.0,1.0,0.9999997138184038,0.9999985925645818,0.9999897939760203,0.9999135322175242,0.9998613902583261,0.9998497937543767,0.9753728225408896,0.9975570811796542,0.0
333,0.0,0.0,0.0,0.0,0.0,0.0,0.0,0.0,0.0021281921378529015,0.0008509443323252495,0.0021226748127981805,0.0002292344038858543,0.010973671779804052,0.0002557367776724792,0.0013134667415247575,0.0006922219107489553,0.0
334,1.0,1.0,1.0,1.0,1.0,1.0,1.0,0.0,0.9987704272849033,0.999987162275938,0.9999869365161551,0.9997666311199598,0.9998700059229204,0.9993545077395407,0.9756734202145584,0.32236444935074116,0.0
335,1.0,1.0,1.0,1.0,1.0,0.0,0.0,0.0,0.9569019252244713,0.9452757072742831,0.9978468817998646,0.9980250970469523,0.9960536569300174,0.7371341469460266,0.19552721585436106,0.015327126837374866,2.0
336,1.0,1.0,1.0,1.0,1.0,1.0,1.0,0.0,0.6862353379584316,0.9962598313715051,0.9727266593126688,0.9878827566890015,0.9998920879820583,0.9442019153982268,0.9905482051829928,0.019118930698219273,1.0
337,0.0,0.0,0.0,0.0,0.0,0.0,0.0,0.0,0.0009154411958015909,0.0060265565412166745,0.015841151404753406,0.001359027048967645,0.008914722869202002,0.015559518399282683,0.006268811261289076,0.0010306623920803026,4.0
338,0.0,0.0,0.0,0.0,0.0,0.0,0.0,0.0,0.003219211480321927,0.0033358873015790955,0.0014752689159541665,0.0001381123093774707,0.004620154932320262,0.001269928833822243,0.004224861967569906,0.000213161152722378,2.0
339,0.0,0.0,0.0,0.0,0.0,0.0,0.0,0.0,0.0007047089833704618,0.007594521901642734,0.004370181877446181,0.0006970064254353274,0.14657723277563142,0.0015244182232064664,0.010647506980067055,0.0006316349221739216,4.0
340,0.0,0.0,0.0,0.0,0.0,0.0,0.0,0.0,0.0008367708774451167,0.0031573042330780513,0.0030283343078570685,0.00040629001415734653,0.003006920401433236,0.004181179013598193,0.005819134480521983,3.760796807073636e-05,2.0
341,0.0,0.0,0.0,0.0,0.0,0.0,0.0,0.0,0.0006622637535293736,0.0069007999467540415,0.003407242581264845,0.00010956115000297355,0.014472132169959679,0.02478000309714306,0.009878029601285004,2.7129191637710885e-05,2.0
342,1.0,1.0,1.0,1.0,1.0,0.0,1.0,0.0,0.9728634715645939,0.3791016655249769,0.9959098630495832,0.9996028644942665,0.8943128053902645,0.18614918462347954,0.3873737874199436,0.2481185901855109,1.0
343,0.0,0.0,0.0,0.0,0.0,0.0,0.0,0.0,0.006047173422324253,0.0073203447618837274,0.012267871532781813,0.00022691553661756156,0.002903047913847912,0.0006327465842687552,0.03700881278047625,0.0012161867150424282,4.0
344,1.0,1.0,1.0,1.0,1.0,0.0,1.0,1.0,0.9988911742949704,0.9997320399900638,0.9907716601603588,0.9974585483353772,0.9989387004487149,0.5604531225698733,0.9394819220200882,0.8250523240815113,0.0
345,1.0,1.0,1.0,1.0,1.0,1.0,0.0,1.0,0.9995315785509529,0.9993050017930248,0.9997123649972842,0.9952882576438035,0.9993492184697504,0.9851596858029021,0.5393184243980268,0.49893871253115973,4.0
346,1.0,1.0,1.0,1.0,1.0,1.0,0.0,1.0,0.9759909529454097,0.9987781352798927,0.9984550297016748,0.991691709273971,0.9999757139876938,0.9983446901562304,0.24487379546573684,0.9648169014323416,1.0
347,0.0,0.0,0.0,0.0,0.0,0.0,0.0,0.0,0.0015870140361341908,0.0013219146720606053,0.0007244887601778678,0.000626458893745144,0.001145617840457432,0.0012435198749809649,0.027713504936418346,0.00042011583736878893,3.0
348,1.0,1.0,1.0,1.0,1.0,1.0,1.0,1.0,0.9968433934451005,0.9991077121398595,0.9923926430966667,0.9957849245812069,0.9999994907313434,0.9997971084958296,0.10492966601890709,0.7873953427372218,3.0
349,1.0,1.0,1.0,1.0,0.0,0.0,1.0,1.0,0.9999986617043264,0.9996007549659052,0.9907579798090577,0.9950566405028238,0.9992794572023789,0.8486983413190883,0.9951349875877716,0.9968278042340949,2.0
350,0.0,1.0,0.0,0.0,0.0,0.0,0.0,0.0,0.8116981699929142,0.993127163811486,0.9175997180989743,0.30447782858730227,0.8378097977407386,0.023782091862569067,0.047962520953158436,0.008178615879970312,0.0
351,1.0,1.0,1.0,1.0,1.0,1.0,1.0,0.0,0.9997377387562559,0.9914826570867246,0.9989784289388924,0.9995029639260156,0.999950870795129,0.9972791022393742,0.9654896480763324,0.5800771046948389,0.0
352,1.0,0.0,1.0,1.0,1.0,0.0,0.0,0.0,0.954822648616948,0.4633826450312104,0.9602622715591638,0.9997285841635102,0.9695186108411188,0.036070620105307656,0.03153081166327867,0.07932842875599763,0.0
353,0.0,0.0,0.0,0.0,0.0,0.0,0.0,0.0,0.0025408579523434477,0.004461035164957082,0.002768223286920473,0.000564717402295701,0.11075239296479887,0.0025919670143360017,0.007793430064518503,0.0001321369043593175,2.0
354,1.0,1.0,1.0,1.0,1.0,1.0,0.0,0.0,0.9989573340332694,0.999948865894578,0.9977835351356444,0.9644435129240166,0.9999742674176192,0.987659551485498,0.17242639191826886,0.38967521664498117,2.0
355,0.0,0.0,0.0,0.0,0.0,0.0,0.0,0.0,0.001874193658210649,0.03246368380924444,0.05065394998688334,0.00037432912822052785,0.02527099530330785,0.0016216426530251274,0.0070994826189388445,9.959794525896714e-05,1.0
356,0.0,0.0,0.0,0.0,0.0,0.0,0.0,0.0,0.0025155323164055172,0.0018259854620356947,0.003546643314096187,0.0004390941463734443,0.010631703769225105,0.0011339887620209705,0.0016242291693646389,7.985137876527192e-05,2.0
357,1.0,1.0,1.0,0.0,1.0,0.0,0.0,0.0,0.4015763590930869,0.9712557233757211,0.9982454020359742,0.10930554399286832,0.9989818334265389,0.9531458439175139,0.5845865868689389,0.05904531465134975,1.0
358,0.0,1.0,1.0,0.0,1.0,1.0,0.0,0.0,0.554971528402103,0.9853808908063366,0.9642583805967833,0.17999264309206445,0.9982170570450088,0.84121389084763,0.7199397893494448,0.10775027220422424,3.0
359,1.0,1.0,1.0,1.0,1.0,1.0,1.0,0.0,0.9877470496671158,0.99975047342282,0.9999762188790569,0.9984662711897052,0.9999794532971542,0.9986963655747388,0.9277899025704529,0.025546239022632585,0.0
360,0.0,0.0,0.0,0.0,0.0,0.0,0.0,0.0,0.0031540468806896343,0.036561165520347605,0.006162315127606445,0.0003515677311390671,0.043936188185394645,0.0023163905846721243,0.013292000094874521,8.694449225666392e-05,2.0
361,0.0,0.0,0.0,0.0,0.0,0.0,0.0,0.0,0.0018824951305960475,0.02428508211998399,0.006963952863242426,0.0004632937422603727,0.015426443417127376,0.0008192213892399437,0.0054915859356763725,0.0007773083985256472,0.0
362,1.0,1.0,1.0,1.0,1.0,1.0,1.0,0.0,0.38202417310879433,0.9632052397921709,0.973347577871826,0.9012823642456547,0.9796743914954166,0.7487891106462549,0.8165591194777613,0.00021445756742098767,0.0
363,0.0,1.0,1.0,1.0,1.0,1.0,1.0,0.0,0.39924207190081346,0.7543951304923836,0.5162737085255473,0.2352584528872553,0.9245233095348411,0.38179874031851097,0.7101541588159727,0.0009272345514781583,1.0
364,0.0,0.0,0.0,0.0,0.0,0.0,0.0,0.0,0.0018961883064088228,0.010018105589424096,0.0012674593825997163,0.0008757285944461531,0.0013200380203288592,0.0031340328252350697,0.026326255669606346,5.800668520921941e-05,3.0
365,1.0,1.0,1.0,1.0,1.0,1.0,0.0,0.0,0.8610894935932497,0.8983945059881457,0.998521423170957,0.21419403625754488,0.9989132791254466,0.966450240818729,0.3457728672378128,0.09613881866440038,1.0
366,1.0,1.0,1.0,1.0,1.0,1.0,1.0,0.0,0.9579597770383608,0.9952374261604899,0.9961858131120864,0.9860120946806935,0.9986617064189426,0.9989017734585888,0.9869974686231676,0.5795902922505963,4.0
367,0.0,0.0,0.0,0.0,0.0,0.0,0.0,0.0,0.10325687512930466,0.008770042908388502,0.07530262351468911,0.021999932380545626,0.02296487046420096,0.000903312081270185,0.0359425352413705,0.0014008379348659317,2.0
368,0.0,0.0,0.0,0.0,0.0,0.0,0.0,0.0,0.0031677037622858343,0.004719803420049804,0.0012819939719538637,0.00035928118792029784,0.0013547117583092092,0.0002379020122851601,0.014912237710820076,7.614148371718167e-05,2.0
369,1.0,1.0,1.0,0.0,1.0,0.0,0.0,0.0,0.24276878605597044,0.2729500100239705,0.0359040441448961,0.007601105305791875,0.14365551634366078,0.004824549532814109,0.012794191835631229,0.007591035007774807,2.0
370,1.0,1.0,1.0,1.0,1.0,0.0,1.0,1.0,0.9951528682191836,0.6328861226864035,0.9731200487621903,0.9368295243250652,0.9023296965573223,0.006983534215429908,0.25400092050746576,0.3569789406103203,1.0
371,1.0,1.0,1.0,1.0,1.0,0.0,0.0,1.0,0.9802978152128557,0.7425062289886809,0.9999211695916921,0.9990396678723396,0.999638154585105,0.29073450551708224,0.14614427089344825,0.3380787591758169,0.0
372,0.0,0.0,0.0,0.0,0.0,0.0,0.0,0.0,0.0014567679825231079,0.017138148638826227,0.014321801685040495,0.0005308420537635299,0.029212132544137185,0.002322036596774393,0.059235454895157504,0.00015419361152524405,4.0
373,0.0,0.0,0.0,0.0,1.0,0.0,0.0,0.0,0.3866216804816472,0.6281718962450509,0.9616191728513447,0.039228211925890245,0.9997790115879065,0.9792206663361122,0.11772359117529829,0.010221059299256716,3.0
374,0.0,1.0,0.0,0.0,1.0,1.0,0.0,0.0,0.13567468938818364,0.3307047260286758,0.5363489174817707,0.011794314255940406,0.9039942859899994,0.08235027109510389,0.019349462506878395,0.0025767905446280803,3.0
375,1.0,1.0,1.0,1.0,1.0,1.0,1.0,0.0,0.6308550804786268,0.9875229211104308,0.9989200751636103,0.9967539239623315,0.999921855486646,0.9573061439750105,0.18900774303935733,0.004112882513675267,2.0
376,0.0,0.0,0.0,0.0,0.0,0.0,0.0,0.0,0.002153596338214752,0.0019317841308502432,0.0024542614102975816,0.00025121278057953136,0.0030458606308412938,0.0007518482229236151,0.001457720329123433,6.908662440484072e-05,3.0
377,0.0,0.0,0.0,0.0,0.0,0.0,0.0,0.0,0.0008490072658797533,0.006105428398476441,0.0019074044936574959,0.0006236721815984323,0.023734287623541645,0.0010853806779877952,0.0048518776558667326,0.00015351715810776672,1.0
378,1.0,1.0,1.0,0.0,1.0,0.0,1.0,0.0,0.972194238936075,0.8696998027168408,0.914051481168946,0.7838111128582245,0.8605337265010958,0.6308309076044462,0.7211923211758025,0.2717614691509933,4.0
379,0.0,1.0,0.0,0.0,1.0,0.0,0.0,0.0,0.026876526484528686,0.15954940492385877,0.0010921521666638232,0.0033952522708079478,0.171291768402516,0.0104387134381127,0.025750563956327053,0.0006210656118227706,4.0
380,1.0,1.0,1.0,1.0,1.0,1.0,0.0,1.0,0.974715981230962,0.9775286581939397,0.9306066933686495,0.8980276348987133,0.9996732823845185,0.968327293208032,0.7686009104276978,0.00458979912449897,1.0
381,1.0,1.0,1.0,1.0,1.0,1.0,1.0,1.0,0.9999309916733976,0.9990478716394525,0.9998482530748989,0.999899137403282,0.9984080140782052,0.864681648174556,0.992311874030995,0.7287460872258914,1.0
382,0.0,0.0,0.0,0.0,0.0,0.0,0.0,0.0,0.0006092746911063803,0.046783405677316814,0.025601468881695875,0.0005992066340318326,0.03308618488740818,0.003584257603387268,0.0015685131179841451,0.00012679643437602927,0.0
383,1.0,1.0,1.0,1.0,1.0,1.0,1.0,1.0,0.9993598680134158,0.9986458363911206,0.9999390779177255,0.8378215510143767,0.999822812306561,0.999606938721734,0.9877721094213531,0.1879715223559271,2.0
384,0.0,0.0,0.0,0.0,0.0,0.0,0.0,0.0,0.00538876948123303,0.0018828271504214686,0.0030868414582525517,0.0005802124813546605,0.0006829400190679804,0.0010816336939008667,0.010927495426474008,0.00024317438261844566,3.0
385,0.0,0.0,0.0,0.0,0.0,0.0,0.0,0.0,0.003336692914047852,0.0032028959852995736,0.013191482766671878,0.006600912073617413,0.010892172102991694,0.006262232346112963,0.018154946295694224,0.00020096432419260997,4.0
386,1.0,1.0,1.0,1.0,1.0,1.0,0.0,0.0,0.49202672932021485,0.681665830718182,0.9976361840446167,0.6672455260573674,0.9935333333298031,0.9080666135237911,0.0064524077289878,0.0020290781194242736,3.0
387,0.0,0.0,0.0,0.0,0.0,0.0,0.0,0.0,0.0020437371668882553,0.001915839110784918,0.00109366443585833,0.0005108419513357364,0.004181757302360195,0.0012592169265137902,0.004828767270883327,0.0001638604685598879,4.0
388,0.0,1.0,1.0,0.0,1.0,1.0,0.0,0.0,0.7218003753646743,0.9114095966868924,0.9525072766889278,0.24138875814170357,0.9882499505705838,0.8787643877763524,0.1735651151486915,0.028034503125664398,0.0
389,1.0,1.0,0.0,0.0,1.0,1.0,0.0,0.0,0.9881127127890139,0.6678423622203306,0.7727687238915049,0.2856496089297153,0.9991853182804321,0.8474440242988055,0.013272708447062668,0.025768530090194825,4.0
390,1.0,1.0,1.0,1.0,1.0,1.0,1.0,1.0,0.9997821115483646,0.9813755425079381,0.9929558582946018,0.9666567244849182,0.9996191483809083,0.9941199875512213,0.7947511648490957,0.8861152223557351,2.0
391,1.0,1.0,1.0,1.0,1.0,1.0,0.0,0.0,0.9655086670456005,0.9975934021230215,0.9990400351174332,0.9993144459810497,0.9999242097188834,0.8492705873363577,0.7035216025201618,0.4819222038267993,4.0
392,1.0,0.0,1.0,1.0,1.0,0.0,0.0,0.0,0.7016433719580875,0.8617201900916707,0.9996090941296644,0.9995735545669706,0.9996875683650999,0.9711150728863135,0.015138641379172455,0.20902797258099456,4.0
393,1.0,1.0,1.0,1.0,1.0,1.0,0.0,1.0,0.9993160587786849,0.9995459005236741,0.9999758160267093,0.9968863883601591,0.9995419784552547,0.9998629630090345,0.24830099017686738,0.6770290920973544,2.0
394,1.0,1.0,1.0,1.0,1.0,1.0,0.0,1.0,0.9841297394076715,0.9976882447738822,0.9997750640779856,0.9968728966640784,0.9997140407388092,0.999486261728771,0.07277291806541056,0.5889214400987263,0.0
395,0.0,0.0,0.0,0.0,0.0,0.0,0.0,0.0,0.010328147764650839,0.016338747672590838,0.020761151754530475,0.0011094964158560848,0.014501296548656034,0.001109753215120773,0.013980460781522416,7.05585484206948e-05,2.0
396,1.0,1.0,1.0,1.0,1.0,1.0,1.0,0.0,0.9997807769577947,0.9979713968902718,0.9997182689254875,0.9998089422886782,0.999769624251275,0.9940167793307798,0.7043033046703835,0.7211683020660657,2.0
397,0.0,1.0,1.0,0.0,1.0,0.0,0.0,0.0,0.9720681612757338,0.8430412831180467,0.9929150582080779,0.9530843960213138,0.9848085310194292,0.9396751447807266,0.436265091784379,0.034767150920737275,4.0
398,0.0,0.0,0.0,0.0,0.0,0.0,0.0,0.0,0.0007621125386998194,0.006404493717122506,0.0008719219202755406,0.00030762201428979045,0.00061005599913629,0.0016724234952176888,0.030672240666657725,6.133284308889736e-05,0.0
399,0.0,0.0,0.0,0.0,0.0,0.0,0.0,0.0,0.002655653271826641,0.025291249424850337,0.0047854342788416614,0.00021197058373952633,0.0044182106621400916,0.0015362948863983509,0.015158203716162905,4.6420096010583225e-05,2.0
400,1.0,1.0,1.0,1.0,1.0,1.0,1.0,1.0,0.9998864259887946,0.9978358558825223,0.9996669779897971,0.9998860355288813,0.9995313439953805,0.9949765147474287,0.944440537896184,0.8854641611952262,3.0
401,1.0,1.0,1.0,1.0,1.0,1.0,1.0,1.0,0.9999602473811536,0.9981906304400654,0.9989640395491408,0.591620809581199,0.9998024290604045,0.9996212375434614,0.9913126570865223,0.9116264729890349,4.0
402,1.0,1.0,1.0,1.0,1.0,1.0,1.0,1.0,0.9999471298922493,0.9989713047673683,0.996717032894715,0.9927483233959282,0.9982492895750459,0.9937158407984829,0.9731365135934105,0.9906596416407414,3.0
403,1.0,1.0,1.0,1.0,1.0,1.0,1.0,1.0,0.999979888777788,0.9999270206540781,0.9996863742940447,0.9997863627700947,0.9997500480578358,0.9998558106990209,0.9996714253138256,0.9952804394514144,3.0
404,1.0,1.0,1.0,1.0,1.0,1.0,0.0,0.0,0.9663868870641081,0.7350328726993418,0.9999985830873915,0.9987144805211822,0.9998402455022217,0.9300327867071382,0.05060595464745757,0.015214075402621926,1.0
405,0.0,0.0,0.0,0.0,0.0,0.0,0.0,0.0,0.009228043878812323,0.06538281625188874,0.03701239175914678,0.0009570998326724183,0.05949517048750008,0.0020105214778045454,0.029650885952780228,0.00022654319822012364,0.0
406,0.0,0.0,0.0,0.0,0.0,0.0,0.0,0.0,0.004599133352473575,0.04570595911759869,0.0031728546821605985,0.0004883311792913971,0.05812106697805996,0.0006206144213590837,0.003497800067326,7.553728073069781e-05,4.0
407,0.0,1.0,1.0,0.0,1.0,1.0,0.0,0.0,0.23160238312416007,0.7598074437492685,0.9823836459242508,0.0733747441422576,0.9948238044372992,0.9160776100152099,0.07742880395285583,0.0039217681325713245,2.0
408,0.0,0.0,0.0,0.0,0.0,0.0,0.0,0.0,0.0006326674916901558,0.005053172942462637,0.002388787587069492,0.0018812040706184287,0.005674941816501609,0.001581426051465473,0.0015160042148680117,0.00010842837775565401,1.0
409,0.0,0.0,0.0,0.0,0.0,0.0,0.0,0.0,0.0013685182794675116,0.001761217255039717,0.0003409603433589276,0.0004628956842612312,0.014724185361806126,0.0004876489745480121,0.015377742525561377,0.00012227217264178274,0.0
410,0.0,0.0,0.0,0.0,0.0,0.0,0.0,0.0,0.9641750580355397,0.9093257911344003,0.955455805124331,0.15755373312052318,0.9949642687535349,0.7005726900486067,0.13421481457476755,0.025956540954011093,3.0
411,0.0,0.0,0.0,0.0,0.0,0.0,0.0,0.0,0.0035087094431827063,0.005507754970972109,0.001602577341054411,0.00029747311643573603,0.018544006095590006,0.002190613799114333,0.060733053167163105,9.831234049520693e-05,0.0
412,1.0,1.0,1.0,1.0,1.0,1.0,1.0,0.0,0.9995923213384134,0.999978954636075,0.9994322019896165,0.9986813573040401,0.9999582775750787,0.9990106051466782,0.9947691247887551,0.6501883462766211,2.0
413,0.0,0.0,0.0,0.0,0.0,0.0,0.0,0.0,0.008879697977964255,0.007196086239897565,0.020924525483463543,0.00098396430314631,0.01856378440227431,0.011175072478267442,0.024678759707150572,0.00011338617582804258,4.0
414,1.0,1.0,1.0,1.0,1.0,1.0,0.0,1.0,0.9999255844241587,0.8934935406793508,0.9997794660809747,0.9991821444538677,0.9715228339665236,0.9564486267060354,0.9221333306370673,0.8983780895877809,3.0
415,0.0,0.0,0.0,0.0,0.0,0.0,0.0,0.0,0.0030744153903822314,0.0026112657080440385,0.004212261855678051,0.00026803634857688213,0.00874778073347731,0.0020063721500296412,0.0023639281381215246,0.00010306592774900692,3.0
416,1.0,1.0,1.0,1.0,1.0,1.0,1.0,1.0,0.9984039859373697,0.9996647765670735,0.9944801122690732,0.8024513037200247,0.9996446826362863,0.8934309672151832,0.9641290857845972,0.7300379082700098,2.0
417,1.0,1.0,1.0,1.0,1.0,1.0,1.0,1.0,0.9258309220687161,0.9995195473998411,0.9999273959983516,0.9994013080184221,0.9999859267872279,0.9977938748730288,0.40839062914542557,0.12744910138168103,2.0
418,1.0,1.0,1.0,1.0,1.0,1.0,1.0,1.0,0.9999768754897644,0.9999997755777088,0.9999903377804246,0.999766714536435,0.998623261430348,0.9999044291789803,0.9914600355476793,0.9971497028038361,4.0
419,1.0,1.0,1.0,1.0,1.0,1.0,0.0,1.0,0.9999858523341135,0.9991862018885002,0.9998755900384235,0.9950097518560851,0.9964780890706785,0.987857645420889,0.1279622569065498,0.8455437428338223,3.0
420,1.0,1.0,1.0,1.0,1.0,1.0,1.0,1.0,0.9956236823573178,0.9995686709745729,0.9999126695394516,0.9996146625682361,0.9999304158129679,0.9989844945202941,0.9545224324897708,0.9500320234605434,0.0
421,0.0,0.0,0.0,0.0,0.0,0.0,0.0,0.0,0.0017259835743976216,0.0014609124490645464,0.0005021294078070943,0.00029529025200096147,0.0027842081428817935,0.0014017043572085415,0.0028870210393129193,0.0003719467846382806,3.0
422,1.0,1.0,1.0,1.0,1.0,1.0,0.0,0.0,0.9945948765283588,0.9971963176834908,0.9959026979975621,0.9934875722890478,0.994936105360976,0.7536802031482116,0.022935763485133875,0.1540989850844843,2.0
423,1.0,1.0,1.0,1.0,1.0,1.0,1.0,0.0,0.9991787263735084,0.9993906083655675,0.9997372923751192,0.9991708184407518,0.9999804455535068,0.9822700892913069,0.7411754232580927,0.3624157606007367,0.0
424,0.0,0.0,0.0,0.0,0.0,0.0,0.0,0.0,0.0027626104768076437,0.0028974160298176795,0.0022090000835459623,0.0019079860540543935,0.003958208098984274,0.000694508823589094,0.018124514956624083,0.00021248951951605139,1.0
425,0.0,1.0,1.0,0.0,1.0,0.0,0.0,0.0,0.041856948147525726,0.1538750879434153,0.10535678756598779,0.0007459592362898379,0.09859800714578004,0.003181922594776161,0.01250378071721931,0.0006748302687439609,1.0
426,0.0,0.0,0.0,0.0,0.0,0.0,0.0,0.0,0.0026787624724377533,0.0010420819543191311,0.004608765100348688,0.0004930571635547909,0.002276652558823823,0.0030112906955708438,0.005531247377816029,0.0001248493818838694,2.0
427,1.0,1.0,1.0,1.0,1.0,1.0,1.0,1.0,0.99245192411632,0.999565156587832,0.9999107848877478,0.9967347222762861,0.9998683762837537,0.9999720654116665,0.8312308660782137,0.8649604095984705,4.0
428,0.0,0.0,0.0,0.0,0.0,0.0,0.0,0.0,0.007493445713941938,0.002123527076740779,0.005069496696316003,0.00041400033705338047,0.06291495144276125,0.0012856748994835162,0.013373344211212342,0.00017666366394777564,0.0
429,0.0,0.0,0.0,0.0,1.0,0.0,0.0,0.0,0.01839808660777307,0.17814935931269987,0.03502163508309061,0.0015385965996707904,0.2973809727428369,0.011457545583631212,0.004249121170244592,7.27155511836274e-05,1.0
430,1.0,1.0,1.0,1.0,1.0,1.0,1.0,0.0,0.9890210101895177,0.9862561798642463,0.9998175343532814,0.9844328011815797,0.9997947182144175,0.9991596126943527,0.5731035919079922,0.4507729238184305,0.0
431,0.0,0.0,0.0,0.0,0.0,0.0,0.0,0.0,0.0037504337213775693,0.002638075784787146,0.0018304529353472508,0.00040286607260685725,0.042730432985818106,0.003840824597364716,0.005782093095226143,6.903611415722043e-05,2.0
432,0.0,0.0,0.0,0.0,0.0,1.0,0.0,0.0,0.15794601655292784,0.05437836388581241,0.010411894578044182,0.006775935868571294,0.06088481275164469,0.03229780571928843,0.024866967363358077,0.008987358274093138,0.0
433,0.0,0.0,0.0,0.0,0.0,0.0,0.0,0.0,0.010847458043438084,0.012578540724404709,0.0039969252615546244,0.0002568025076303843,0.005908210300430968,0.0017174892804055473,0.004275696692696555,0.00035288806182272813,1.0
434,0.0,0.0,0.0,0.0,0.0,0.0,0.0,0.0,0.0038517226039958196,0.001971933633216659,0.004328802215201367,0.00040372142291799273,0.0016022085587332046,0.0010258401435375632,0.006188750021981521,0.0005851761632113569,2.0
435,0.0,0.0,0.0,0.0,0.0,0.0,0.0,0.0,0.006001522594308427,0.11879870382241998,0.148786548680981,0.0007080312279743501,0.027559499348237888,0.003325379324396223,0.008995092830063446,0.00010546643386760758,2.0
436,0.0,0.0,0.0,0.0,0.0,0.0,1.0,0.0,0.025753034897722404,0.02674181509052373,0.0008508454810740781,0.0028351190867255092,0.0070039821429063965,0.003407496149995467,0.023370006780096604,0.00017240096564251275,1.0
437,0.0,0.0,0.0,0.0,0.0,0.0,0.0,0.0,0.0009180397431512618,0.002924742921243739,0.0019358964657111312,0.0003892840091813426,0.0024363372267796777,0.0008182956306524802,0.00063029967321271,2.1887597447709922e-05,3.0
438,0.0,0.0,0.0,0.0,0.0,0.0,0.0,0.0,0.0021610064842240316,0.0017034223474181609,0.0010629369000653766,0.0008281598653308076,0.010402160084649757,0.0006988717002682773,0.001748543998355138,0.0002702985368725859,3.0
439,0.0,1.0,1.0,1.0,1.0,1.0,0.0,0.0,0.10307468621624621,0.9909166030111186,0.9903505551983857,0.855523435428194,0.9986881269574376,0.9950474236796074,0.25935192498045445,0.0017298073158039007,1.0
440,1.0,1.0,1.0,0.0,1.0,0.0,0.0,0.0,0.6532335478193937,0.5971497247073422,0.9901839206168572,0.9712816373541838,0.9940773272097233,0.8186743441669931,0.11557577909826518,0.035938063655718056,0.0
441,1.0,1.0,1.0,1.0,1.0,1.0,1.0,1.0,0.9999546666095608,0.9995814696503709,0.999885823537894,0.9997619315642481,0.9999789792729928,0.7604843720402737,0.9998188334370675,0.9713019262554762,3.0
442,0.0,0.0,0.0,0.0,0.0,0.0,0.0,0.0,0.004028682408470323,0.0014117459396720364,0.001167458289535032,0.0021370056153189746,0.01893924371377692,0.0010718403305969432,0.004525707969361319,0.00039048484720568383,1.0
443,0.0,0.0,0.0,0.0,0.0,0.0,0.0,0.0,0.0631587720968362,0.06561070635260091,0.29763570827281327,0.06045981746436779,0.012877103359090784,0.00860778726210756,0.024889452985553756,0.0003128807297692455,2.0
444,1.0,1.0,1.0,1.0,1.0,1.0,1.0,1.0,0.9999740823798215,0.9999967372457917,0.9999272644762808,0.9991270017618918,0.9999076124843103,0.9992890648401029,0.9203165394993196,0.9815050625667895,2.0
445,0.0,0.0,0.0,0.0,0.0,0.0,0.0,0.0,0.0016413111319474615,0.0020012960458862697,0.005632526625610625,0.00020552988659849753,0.007494736577508322,0.0035271515473286105,0.010273014835682954,5.375074298210158e-05,2.0
446,1.0,1.0,1.0,0.0,1.0,1.0,0.0,0.0,0.950755769619825,0.9520787852819206,0.9921696136485456,0.915108194319347,0.9228652119769041,0.9287404224182175,0.13094919094802193,0.34198436542016436,2.0
447,0.0,0.0,0.0,0.0,1.0,0.0,0.0,0.0,0.022984325731880095,0.269868316677582,0.03436514791979466,0.007309436415972702,0.5941344984684955,0.16670436397873195,0.031680715299259456,0.000371621442513366,1.0
448,1.0,1.0,1.0,1.0,1.0,1.0,1.0,1.0,0.9992764860469093,0.9996564573341892,0.9928615329655439,0.9906107361420822,0.9995536598325218,0.9754094520969346,0.9333234271523387,0.9745202245398797,1.0
449,0.0,0.0,0.0,0.0,0.0,0.0,0.0,0.0,0.013002875479065874,0.08090697266352326,0.17568365283530646,0.00035676369836889403,0.055816040460145676,0.0021293828290253683,0.08043261171408345,6.02106494718238e-05,0.0
450,1.0,1.0,1.0,1.0,1.0,1.0,1.0,1.0,0.9992423198289916,0.9962263305987309,0.9986092375235909,0.9913800541463202,0.9993500020934127,0.988855191140035,0.9929918107085359,0.7474328585849811,2.0
451,0.0,0.0,0.0,0.0,0.0,0.0,0.0,0.0,0.0011014291478255338,0.005607487241569298,0.003710099458293719,0.0002863828329333539,0.01754355184882146,0.0009753652125665705,0.003629616363072431,5.1045568421343824e-05,0.0
452,0.0,0.0,0.0,0.0,0.0,0.0,0.0,0.0,0.0012731361395773542,0.005489231400667015,0.005654081028579766,0.0018660237628985391,0.0037471683417622773,0.000607740886100714,0.004690273065339124,7.490799481787985e-05,3.0
453,1.0,1.0,1.0,1.0,1.0,1.0,1.0,1.0,0.9999922926014901,0.9999421180238611,0.9999137477726497,0.9933311116514678,0.9998615074629158,0.999158415851306,0.9994688800561602,0.9994220207774138,0.0
454,0.0,0.0,0.0,0.0,0.0,0.0,0.0,0.0,0.003987990398083222,0.004840338571967166,0.0028121423809923823,0.0002803608598276967,0.0027146897686730993,0.0005612940252328602,0.04670235274355239,0.0010677041909334629,4.0
455,1.0,1.0,1.0,1.0,1.0,0.0,0.0,0.0,0.7985267198643164,0.9995359088801131,0.9975890370613726,0.9445857500626217,0.9998312785239387,0.865440174865541,0.9450542413393388,0.4357216589633405,4.0
456,0.0,0.0,0.0,0.0,0.0,0.0,0.0,0.0,0.0036060090158340414,0.001281095725567385,0.0015490603227462985,6.405747491496652e-05,0.0031363775773129415,0.00276980172078488,0.01675427313979414,0.00013456464815699422,2.0
457,0.0,0.0,0.0,0.0,0.0,0.0,0.0,0.0,0.0010493616346819894,0.005050421487392567,0.010952612255400285,0.0012184270223134133,0.012746753358621103,0.002301331956461452,0.0016739580554075717,0.00024033183368698234,1.0
458,0.0,0.0,0.0,0.0,0.0,0.0,0.0,0.0,0.008275809811522063,0.02274110615920897,0.030375543864147782,0.0006116674024007489,0.09159759078737252,0.0017707231476604699,0.029772934920862606,6.746360160768491e-05,4.0
459,0.0,1.0,1.0,1.0,1.0,0.0,1.0,0.0,0.9405572200781808,0.950738197700953,0.9981635250401577,0.9967393316868933,0.9995731234200754,0.8689519058312567,0.8041109344889967,0.001980238303260783,4.0
460,0.0,0.0,0.0,0.0,0.0,0.0,0.0,0.0,0.007863913873722683,0.0044279249491911265,0.0013740186446748906,0.0006395290506862283,0.00779922292923768,0.002205787829264878,0.019596696511019755,0.00034369186432707196,4.0
461,0.0,0.0,0.0,0.0,0.0,0.0,0.0,0.0,0.003780120254534693,0.05768314536938016,0.07170367418416831,0.001340099638112193,0.024775814426352002,0.01415918747009879,0.04126911021571522,0.00011523591341487334,4.0
462,0.0,0.0,0.0,0.0,0.0,0.0,0.0,0.0,0.0005351705644454694,0.0020171397913576103,0.0013685586189197184,0.00048180860589317186,0.009041110214803109,0.0007448064077851209,0.007242393837468337,0.00016248939680608653,0.0
463,0.0,0.0,0.0,0.0,0.0,0.0,1.0,0.0,0.002589943610051198,0.0027785591804265954,0.005984329209044431,0.0004055215538438311,0.0021989084478947884,0.003370627010981964,0.005654859307773245,0.00021254658602975444,3.0
464,1.0,1.0,1.0,1.0,1.0,0.0,1.0,1.0,0.9994313379184491,0.9965406852945118,0.72442706774861,0.9967752042378604,0.9995897856065189,0.7006221648206818,0.9629016853322059,0.9636567922505639,1.0
465,0.0,0.0,0.0,0.0,0.0,0.0,1.0,0.0,0.1028951283340471,0.001596637336852386,0.011131125500444296,0.0006191816946568233,0.008382477929143713,0.00932390320211863,0.037614430141896714,0.0001644554208175828,2.0
466,0.0,0.0,0.0,0.0,0.0,0.0,0.0,0.0,0.006596123400390919,0.0159046304049653,0.015690951846017393,0.0011038919263080987,0.0690270110503955,0.0071426043615767775,0.03631463728254815,0.00013803584141014704,4.0
467,0.0,1.0,1.0,0.0,1.0,1.0,0.0,0.0,0.2096570025530602,0.8905546378221356,0.9963122290621346,0.011251958455613305,0.9972356728807528,0.9005564202299342,0.005245786240958558,0.00319521946277135,1.0
468,1.0,1.0,1.0,1.0,1.0,1.0,1.0,0.0,0.9621455585001344,0.983638583431475,0.9894283814286392,0.9581205745889293,0.999905746313245,0.9929438525926912,0.8168816422513642,0.25021748464828364,0.0
469,1.0,1.0,1.0,1.0,1.0,1.0,0.0,0.0,0.9990359436297056,0.999850084579574,0.9999039135893628,0.9987378557626589,0.9999787982337363,0.9745953697037035,0.8203524256004413,0.41007298198213255,3.0
470,0.0,0.0,0.0,0.0,0.0,0.0,0.0,0.0,0.0036909041806336947,0.002999306885922446,0.0020246791517746694,0.0002500623796808702,0.019845674980585412,0.0020753516995289743,0.007021038117173448,0.00017001026506013582,2.0
471,1.0,1.0,1.0,1.0,1.0,1.0,1.0,0.0,0.9787124643026212,0.9999109040610492,0.99982410880067,0.9989018136331872,0.9999919528308677,0.9987106640306768,0.9420937450035988,0.08054215107979264,4.0
472,1.0,1.0,1.0,1.0,1.0,1.0,1.0,1.0,0.9628005779428008,0.9783173174082606,0.9792431870410063,0.9535339634475393,0.9943500955652866,0.9825698368203136,0.8197932823096347,0.251213936807806,3.0
473,1.0,1.0,1.0,1.0,1.0,1.0,0.0,0.0,0.8624805118283146,0.9995060344404083,0.9844086326272421,0.9801797658948601,0.9999474354980615,0.9960474211341922,0.6975180071088278,0.02851472320321299,2.0
474,1.0,0.0,1.0,1.0,0.0,1.0,1.0,1.0,0.9997585711887771,0.9745916567551841,0.9972736654035143,0.970380353908697,0.698723207564414,0.9521261834167464,0.9476748660451291,0.9331277864565031,4.0
475,1.0,1.0,1.0,1.0,1.0,1.0,0.0,0.0,0.7516607081669756,0.9943088377627451,0.9868439573952158,0.9297078943463688,0.9996184002830755,0.9862308148642955,0.4999610496284838,0.44389477337145994,4.0
476,0.0,0.0,1.0,1.0,1.0,0.0,0.0,0.0,0.8492921256413999,0.8899288922869618,0.9956454363459667,0.9419950088013382,0.9915760565837624,0.7061828320542783,0.026350383206407813,0.002094874155842639,4.0
477,0.0,0.0,0.0,0.0,0.0,0.0,0.0,0.0,0.05961621957480997,0.06160486146882301,0.056811066961746884,0.00708891727403469,0.0018431123120996556,0.00428094652327269,0.2520958867031953,0.003956706865248789,0.0
478,1.0,1.0,1.0,0.0,1.0,1.0,0.0,0.0,0.43349334805235634,0.97528073859402,0.9173907721031702,0.027764228033933767,0.9973016117974404,0.8716942909016553,0.3317649913846038,0.01053893605879607,2.0
479,1.0,1.0,1.0,0.0,1.0,1.0,0.0,0.0,0.9687053064995834,0.9893229019388645,0.9960422146554203,0.3059468764161832,0.9990534233807293,0.9971203715970377,0.1769192012766664,0.14139186026375336,0.0
480,0.0,0.0,0.0,0.0,0.0,0.0,0.0,0.0,0.0034755006541537427,0.008063832560735664,0.0018727191254161234,0.00022467909907731827,0.01989306632198328,0.007334711667717706,0.0055308008816810205,0.00012753284924058188,3.0
481,0.0,0.0,0.0,0.0,0.0,0.0,0.0,0.0,0.0033489488471423272,0.009992642204243932,0.010967931007328196,0.00027139935508131317,0.014504317249533718,0.0038356953809968765,0.008606413238491265,5.4701662492510574e-05,1.0
482,0.0,0.0,0.0,0.0,0.0,0.0,1.0,0.0,0.007840326462595866,0.05161758899508983,0.08478226382712602,0.002966976644203915,0.11345522777662284,0.0299013441486753,0.013689399100738048,0.0019211481168551132,1.0
483,0.0,0.0,0.0,0.0,0.0,0.0,0.0,0.0,0.0015057049953425574,0.0038478057078514816,0.004977628982782573,0.00108656262124532,0.0020423130702177986,0.004118728924571731,0.029726158708556577,0.000304922199752474,2.0
484,1.0,1.0,1.0,1.0,1.0,1.0,1.0,1.0,0.9949160692511623,0.8746922807151837,0.9925916451382389,0.8774858885282633,0.9979137437369543,0.7731647923631717,0.954915111137988,0.08732453993108712,4.0
485,0.0,0.0,0.0,0.0,0.0,0.0,0.0,0.0,0.006723784989024702,0.0017922389368202566,0.0020639638020966316,0.0005655103657423972,0.057567950629706356,0.001334749246692595,0.007130642446096556,0.00021554155647721205,0.0
486,1.0,1.0,1.0,1.0,1.0,1.0,1.0,0.0,0.9839499719980488,0.991099649338657,0.9993518241365749,0.9907342481520562,0.9997789881243798,0.9587195212624822,0.06953990016394244,0.42241374076440447,1.0
487,0.0,0.0,0.0,0.0,0.0,0.0,0.0,0.0,0.003936460374434309,0.0060869379376342295,0.012683890701111757,0.00034797460216404023,0.005995856274873361,0.0017735996942678531,0.01609491022662774,7.263370713914599e-06,2.0
488,1.0,1.0,1.0,0.0,1.0,1.0,0.0,0.0,0.6970286254904029,0.8429179007954047,0.4441519149918647,0.0012656541695829516,0.992854767228978,0.22797443564931538,0.01159345830083599,0.0005267415603442502,3.0
489,0.0,1.0,1.0,0.0,1.0,0.0,0.0,0.0,0.08239561050985786,0.9898909158695743,0.41861376914692344,0.003941083271096894,0.25873621047290774,0.26441552185580913,0.008250413633300337,0.0017940709571121617,4.0
490,0.0,1.0,1.0,1.0,1.0,1.0,0.0,0.0,0.1050475159492759,0.9918327453038767,0.975189464163089,0.9757865092061841,0.9996388098141246,0.991387225931688,0.021916792520727358,0.0016628374814277043,1.0
491,0.0,0.0,0.0,0.0,0.0,0.0,0.0,0.0,0.024801005482837916,0.003829947559658704,0.03632353355702494,0.0027667946145252258,0.0076416504016784525,0.001249474147431852,0.060401249157094036,0.002345030879473511,4.0
492,1.0,1.0,1.0,1.0,1.0,1.0,1.0,1.0,0.99703040571991,0.9991495996720756,0.9997719992709114,0.9010021417619255,0.9997125710901442,0.9984660442778067,0.8487918499866164,0.7394523775159988,4.0
493,1.0,1.0,1.0,1.0,1.0,1.0,1.0,1.0,0.9989642370722221,0.9993725487000578,0.9999935850911448,0.9840187341398684,0.9997422300250902,0.9999068302969255,0.4969416492674498,0.9404382998594311,1.0
494,1.0,1.0,1.0,1.0,1.0,1.0,1.0,1.0,0.9996033066073212,0.9983432267589551,0.9940245304702032,0.9956773284326733,0.9906365675214174,0.996416750495939,0.8322762897153786,0.6493432356021565,0.0
495,1.0,1.0,1.0,1.0,1.0,0.0,1.0,0.0,0.746667898480604,0.9309333320220922,0.9787932191913388,0.9824020313929629,0.9928412515335165,0.17218135848266708,0.9881093861955796,0.006071328488648037,1.0
496,0.0,0.0,0.0,0.0,0.0,0.0,0.0,0.0,0.0022602931432134333,0.004266526781957557,0.003241566121990835,0.0005109586089253549,0.00829262315627781,0.0006202371819981532,0.0038518112078344165,0.000227257969932627,3.0
497,1.0,1.0,1.0,1.0,1.0,1.0,1.0,1.0,0.9978157841303329,0.9994497281085553,0.9999185386486221,0.9988578972431374,0.9995313618487646,0.9963405213644935,0.573362709548012,0.9887219626928019,0.0
498,1.0,1.0,1.0,1.0,1.0,0.0,1.0,1.0,0.9988859153731865,0.9998352504177631,0.998057976363498,0.9933282920489409,0.9772181819167878,0.8728643779416806,0.9229135301420867,0.973530454834845,4.0
499,0.0,0.0,1.0,0.0,1.0,0.0,0.0,0.0,0.014492405437243673,0.33501844082055077,0.3228228996604479,0.0007713559575358281,0.8604502620566885,0.13007672496761769,0.003677981627507712,0.00010471977747433875,2.0
500,1.0,1.0,1.0,1.0,1.0,1.0,1.0,0.0,0.9886840100239856,0.9977994423801223,0.9964524306167675,0.9871853433356094,0.9998458606196182,0.7412086897445874,0.7122450775603099,0.004315271644710575,2.0
501,1.0,1.0,1.0,1.0,1.0,1.0,0.0,1.0,0.9999681951017378,0.999950118167154,0.9995855765671563,0.9995557158279286,0.9993918974280169,0.9998179231456125,0.053717976730457945,0.9985261713601045,1.0
502,0.0,0.0,0.0,0.0,0.0,0.0,0.0,0.0,0.0012509225516465956,0.03846221324825421,0.009038866029458052,0.0005052558357376217,0.0007845998376063895,0.00039986724848688795,0.012572153743285767,0.0006224853207334437,4.0
503,0.0,0.0,0.0,0.0,0.0,0.0,0.0,0.0,0.00490395149682723,0.003949527167166026,0.0019181138965282656,0.0008043983964523372,0.0034658665618293185,0.0006478626320618344,0.0032248858901137807,0.00012051528738383733,3.0
504,0.0,0.0,0.0,0.0,0.0,0.0,0.0,0.0,0.07317133926374013,0.04704883841539464,0.01276649343266679,0.0014915351814968857,0.013834425020656033,0.014498741151997563,0.0333175413206811,0.0002885280702585815,4.0
505,1.0,1.0,1.0,1.0,1.0,1.0,1.0,0.0,0.9625692408604647,0.9999647455016917,0.9999621873757188,0.9939276977254827,0.9999582795453832,0.99997333930898,0.9006613128147192,0.7467304972177231,3.0
506,1.0,1.0,1.0,1.0,1.0,1.0,1.0,0.0,0.9976138455994632,0.9963768365930811,0.9793850246815204,0.9823826999262231,0.9893159149027815,0.9962070309627368,0.9226119601090282,0.25585409534461667,0.0
507,1.0,1.0,1.0,1.0,1.0,1.0,1.0,0.0,0.9457044395274964,0.9974526455862402,0.9999298087096458,0.9387107412611785,0.9999782762862696,0.9921920332434673,0.9654432099821748,0.058670225687130886,0.0
508,0.0,0.0,0.0,0.0,0.0,0.0,0.0,0.0,0.0025706056782108335,0.009194549651534776,0.030847631422413424,0.0020884291946492695,0.027357779050385042,0.01304431170896201,0.019691020048871837,0.00016827568872828267,4.0
509,0.0,0.0,0.0,0.0,0.0,0.0,0.0,0.0,0.019790432013228238,0.0004126679638857374,0.007466863857376134,0.0006503393380836099,0.013999990952015774,0.00302692885926303,0.033897191097450735,9.623674459083845e-05,3.0
510,0.0,1.0,1.0,1.0,1.0,1.0,1.0,0.0,0.9938868736867429,0.9981840812369678,0.9996240566672531,0.9992130437442425,0.9997656671383632,0.9106883405671257,0.9766546243015034,0.16032394731278835,4.0
511,1.0,1.0,1.0,1.0,1.0,1.0,1.0,1.0,0.9952111449606799,0.9987689165340666,0.9996836135668818,0.990304054364397,0.9996290531227601,0.9957978230420844,0.9982886597845525,0.7632192198737379,3.0
512,0.0,0.0,0.0,0.0,0.0,0.0,0.0,0.0,0.002717508873513786,0.0014271807707283064,0.00578802124285293,0.000394911660017599,0.007253366532381261,0.001042928751483313,0.0036164313364016034,1.0983607255864213e-05,2.0
513,1.0,1.0,1.0,0.0,1.0,0.0,1.0,0.0,0.8644889946964328,0.9790491588560575,0.7591255529896516,0.501119345788547,0.8727925431999115,0.046085486946824315,0.9722036516370975,0.6065540352870393,1.0
514,1.0,1.0,1.0,1.0,1.0,1.0,1.0,0.0,0.9959594921683931,0.9614531059108692,0.929389804609292,0.9969104992367724,0.9986319438200931,0.7800534175411371,0.8944426839482966,0.03575853372515218,1.0
515,0.0,1.0,1.0,0.0,1.0,0.0,0.0,0.0,0.7456259666675442,0.925964103331005,0.5601996138147752,0.33469554918050937,0.9921108562182477,0.32153271566316144,0.5973935608562961,0.0722951429509966,3.0
516,0.0,0.0,0.0,0.0,1.0,0.0,0.0,0.0,0.008470495174423715,0.4643996203838536,0.06796033330925161,0.0020879740756609617,0.5892711449815422,0.011732467367898562,0.008248294552447943,0.0006495459160097079,2.0
517,0.0,0.0,0.0,0.0,0.0,0.0,0.0,0.0,0.0026708731143588343,0.0009079630722849064,0.004765549454145298,0.0006141640586730012,0.0014084955046898698,0.000631770466066726,0.005163610801491861,0.00032720232022230794,3.0
518,1.0,1.0,1.0,1.0,1.0,1.0,1.0,1.0,0.9995454829519895,0.9999534714629557,0.9969943126814846,0.9989169937917814,0.9997890366949742,0.9973230057926903,0.9976748345543082,0.9399544748163371,1.0
519,0.0,1.0,1.0,0.0,1.0,0.0,1.0,0.0,0.248706850963264,0.8186017397833236,0.6737877738221674,0.0398175570098541,0.9719404913290987,0.08102727683072067,0.14260017616300513,0.04624467664416865,2.0
520,0.0,1.0,0.0,0.0,1.0,0.0,0.0,0.0,0.19533899722485706,0.5644999300198686,0.6250554771579255,0.022261011981929542,0.9996154183501766,0.6820801491163997,0.004296991983131741,0.0016833032387564095,4.0
521,0.0,0.0,0.0,0.0,1.0,0.0,0.0,0.0,0.011749840477777001,0.2083473837067424,0.013633083539228475,0.00041195445328553575,0.45100760604679613,0.0076253020244887995,0.0038595569200841123,3.9951072406308126e-05,2.0
522,1.0,1.0,1.0,1.0,1.0,1.0,1.0,1.0,0.9956393401247488,0.9949038104707972,0.9993058499170506,0.8401813957247232,0.9940126368600429,0.8765524412534765,0.9689721273642308,0.25371717881761,1.0
523,0.0,0.0,0.0,0.0,0.0,0.0,0.0,0.0,0.00656197504148643,0.0047993083526167175,0.0070652164423864105,0.0005390495203205974,0.04767128045000621,0.0019182430771557942,0.028034228581047097,0.0006939748874709259,0.0
524,1.0,1.0,1.0,1.0,1.0,1.0,1.0,0.0,0.9760474211635985,0.9995457816289753,0.9983691853993448,0.9923821480253223,0.9999709520426869,0.9969456033063013,0.11998134427226842,0.09259405445035707,4.0
525,1.0,1.0,1.0,1.0,1.0,0.0,1.0,1.0,0.9982577144803545,0.9696359102984461,0.8579733747129034,0.9990210339901854,0.9697004125901836,0.422249390079894,0.9135342006203993,0.9266607265953998,0.0
526,0.0,1.0,1.0,1.0,1.0,1.0,0.0,0.0,0.009432340957464366,0.4372055101732168,0.11429125897070153,0.044697107824480255,0.252786619672075,0.10417509126044844,0.0017306487944349876,0.00011405977243877337,0.0
527,1.0,1.0,1.0,1.0,1.0,1.0,1.0,1.0,0.9999948819002198,0.9954978559453354,0.9977913369350696,0.9981307368036261,0.9999333256563577,0.9952833145853776,0.8358841500310326,0.9950648203485384,2.0
528,1.0,1.0,1.0,1.0,1.0,1.0,1.0,1.0,0.9952104621163147,0.997789419398331,0.9963840015852438,0.9931273148456999,0.9997965826294181,0.9988308629445726,0.9883913109035258,0.35393600895930555,1.0
529,0.0,0.0,0.0,0.0,0.0,0.0,0.0,0.0,0.003051473759195755,0.0031273461593047946,0.005153797601066879,0.0001638183749168088,0.009975477119766867,0.0004050822557827357,0.007369073607257984,0.00013643442430754066,1.0
530,0.0,0.0,0.0,0.0,0.0,0.0,0.0,0.0,0.0010258572506385208,0.0022598991847537168,0.0006365425327577483,0.00030509582450070184,0.008491173612449084,0.0006573078283181974,0.018586490471999357,0.0006541776628605667,0.0
531,0.0,0.0,0.0,0.0,0.0,0.0,0.0,0.0,0.0011100820178939642,0.0031010815140870727,0.028152577050826078,0.0007604813329971257,0.014526240380540028,0.0024367586502758508,0.001112825876529801,0.000194234800983695,1.0
532,0.0,0.0,0.0,0.0,0.0,0.0,0.0,0.0,0.0013697523183915509,0.0038770109595100966,0.0024256376031142886,0.00029671326554705666,0.0057497807144168194,0.0013127661157899333,0.0024263493909222806,0.00010180496677985157,0.0
533,1.0,1.0,1.0,1.0,1.0,1.0,0.0,1.0,0.9970617348046499,0.9892590084326922,0.9074240340953938,0.9759767898576311,0.9669627008892904,0.300140081550851,0.36226151493415903,0.8099059024619263,0.0
534,0.0,0.0,0.0,0.0,0.0,0.0,0.0,0.0,0.009710799823740443,0.0023586853286202943,0.0014690002360009996,0.00014772495442821055,0.0038376884217832755,0.0007238664671231159,0.002519181760275862,6.938816344303301e-05,0.0
535,0.0,1.0,1.0,0.0,1.0,1.0,0.0,0.0,0.15173877195596108,0.6935006470656605,0.34638886592882523,0.0007148937168280332,0.8015926037795369,0.04415422100495055,0.003351740773185673,0.0012965325235488523,0.0
536,1.0,1.0,1.0,1.0,1.0,1.0,1.0,1.0,0.9995049108441485,0.999838850297421,0.9962141372322239,0.9982952761761534,0.9999260359756967,0.9616433534086989,0.9968904317897446,0.9485115893491479,2.0
537,1.0,1.0,1.0,1.0,1.0,1.0,0.0,0.0,0.9851022351595199,0.9999208270089986,0.9999946517151918,0.9785905353515453,0.9999748535955378,0.9999211253719261,0.9734731592742799,0.054110203780630854,2.0
538,1.0,1.0,1.0,1.0,1.0,1.0,1.0,0.0,0.9710275895942188,0.9986987444731585,0.9983675729905653,0.9974379623516662,0.9999116137241572,0.9994314420104816,0.9956393918653965,0.17811058292129966,2.0
539,0.0,0.0,0.0,0.0,0.0,0.0,0.0,0.0,0.0012284273489677547,0.0014521380787705493,0.0008759700971572578,0.00014132251608242719,0.011933565157793077,0.0007032836022244874,0.0024395460333173228,0.00016744314027599376,0.0
540,1.0,1.0,1.0,1.0,1.0,1.0,0.0,0.0,0.6365230937780566,0.9478434075821861,0.9959087514564142,0.33890078311183375,0.9951932336657483,0.8450862002901801,0.17666132047754546,0.004227489688887376,4.0
541,0.0,0.0,0.0,0.0,0.0,0.0,0.0,0.0,0.008743780995203601,0.001903993482673908,0.0030551020195156726,0.00017564881396312507,0.00947565377936823,0.0008502305519357615,0.005759938473051404,7.780007446075198e-05,2.0
542,0.0,0.0,0.0,0.0,1.0,0.0,0.0,0.0,0.0038183354732252025,0.013971643264777624,0.013227321683231593,0.0008826670087048304,0.6580991944953956,0.006065848751508126,0.004331251298365516,0.0003976702576868703,0.0
543,0.0,0.0,0.0,0.0,1.0,0.0,0.0,0.0,0.01986965558177161,0.2569900631448396,0.0456934774371921,0.00206055352832932,0.7599273943247262,0.0646179227205167,0.0248465776237268,1.9805837119465907e-05,1.0
544,1.0,1.0,1.0,1.0,1.0,1.0,1.0,0.0,0.25312420240032263,0.9980882897440949,0.9980406587877569,0.7578175281285839,0.999613051745375,0.9987527479421843,0.5895063566290609,0.05012417714272609,1.0
545,0.0,0.0,0.0,0.0,0.0,0.0,0.0,0.0,0.0009613486137631716,0.12058248204412401,0.011143954780294387,0.00026799183121468685,0.00818228004000944,0.0007919862241571365,0.01387005122786403,0.00021238840047868818,0.0
546,1.0,1.0,1.0,1.0,1.0,1.0,0.0,1.0,0.9995446841322555,0.9296307452223687,0.9998577494931223,0.9996513676686437,0.9996010673597328,0.719271285947919,0.01892138960896085,0.9857327410923031,4.0
547,1.0,1.0,1.0,1.0,1.0,1.0,1.0,0.0,0.9708005291734721,0.9990850764120557,0.9999723580347085,0.946550646828477,0.9988247864117941,0.9151060807102622,0.42611217370508614,0.9412918155210794,0.0
548,0.0,0.0,0.0,0.0,0.0,0.0,0.0,0.0,0.05607949717144518,0.5502175668468963,0.43683861311098743,0.0005394283628345336,0.6111876457847643,0.09071149714627763,0.7186452279986711,0.008425710830401787,0.0
549,1.0,1.0,1.0,1.0,1.0,1.0,1.0,1.0,0.999666210281634,0.997101950918723,0.9998343260501256,0.9861299198299677,0.9999212195295717,0.9983007934858658,0.9493044521713346,0.9335421285037233,0.0
550,0.0,0.0,0.0,0.0,0.0,0.0,0.0,0.0,0.0014611451253995146,0.0019099691700497495,0.001434523047108997,0.0004125979542050208,0.00242316831056966,0.0007941732194585898,0.0009995595282540053,3.30084080763094e-05,3.0
551,0.0,0.0,0.0,0.0,0.0,0.0,0.0,0.0,0.005552601334206872,0.010154098768214726,0.003908774025881686,9.443974994299407e-05,0.005216724028853462,0.0021805992412657037,0.008484448161127691,0.00023109428556369652,1.0
552,0.0,0.0,0.0,0.0,0.0,0.0,0.0,0.0,0.0048879085316568885,0.00576414549268329,0.009615230150460606,0.0013919671602205812,0.002115967035281278,0.0014831685435923274,0.017596519077360897,0.0003275231545803151,2.0
553,0.0,0.0,0.0,0.0,0.0,0.0,0.0,0.0,0.021078726921733192,0.003942163886999254,0.0008885412628681246,0.0008063382768635229,0.005992576508183806,0.002375087558574178,0.0876297960908493,0.0023390854982684507,4.0
554,1.0,1.0,1.0,1.0,1.0,1.0,1.0,1.0,0.9993103325038409,0.995826747546387,0.9982114273387439,0.9967312270146298,0.9999370179304734,0.9587621507388453,0.9964131513993181,0.7776421697131517,2.0
555,1.0,1.0,1.0,1.0,1.0,1.0,0.0,0.0,0.9883719811187007,0.961645318236213,0.9409035211415262,0.9105436143630092,0.9975942889871828,0.9902548997156811,0.5462579241869207,0.6148548331364575,4.0
556,1.0,1.0,1.0,1.0,1.0,1.0,1.0,0.0,0.997949247175398,0.9999641445236941,0.9999761072233386,0.998731434900867,0.9998250768596911,0.9999306827050405,0.9999784889388142,0.736858122155404,4.0
557,1.0,1.0,1.0,0.0,1.0,1.0,0.0,0.0,0.0617371243009248,0.007621703702991618,0.22368260845793853,0.01088357582421939,0.5407259625667286,0.11220113835967657,0.005632767408198274,0.0009417859816981858,1.0
558,1.0,1.0,1.0,1.0,1.0,0.0,1.0,1.0,0.9978800223006425,0.9805053855171989,0.850043055473896,0.9616066007164434,0.9913826680441812,0.0945353505014719,0.8735761197302013,0.3044735954402377,2.0
559,0.0,0.0,0.0,0.0,0.0,0.0,0.0,0.0,0.0011528504020885582,0.0017330839917301705,0.0027420252361426227,0.0004314319939331249,0.004625472541234802,0.001745413873277842,0.0025338287728729402,5.283788155713564e-05,2.0
560,0.0,0.0,0.0,0.0,0.0,0.0,0.0,0.0,0.002443532195232232,0.22804308460942244,0.04119802650846022,0.00043108638775256266,0.13211392826928822,0.12878130622838344,0.05097647035577788,0.0008492861819746161,4.0
561,0.0,0.0,0.0,0.0,0.0,0.0,0.0,0.0,0.0055353671473308535,0.024063956478248705,0.013906300873912567,0.0008348091462874473,0.018296635835988374,0.0037196075337722107,0.0073333356872077255,0.0006912177406145108,4.0
562,0.0,0.0,0.0,0.0,0.0,0.0,0.0,0.0,0.0037595875040123254,0.0429074866366499,0.006252965495409211,0.00024400883342268453,0.008145557845565251,0.002829897540065977,0.008960434741793514,0.00011736441840752424,4.0
563,1.0,1.0,1.0,1.0,1.0,1.0,1.0,1.0,0.9999928803377216,0.9988018103922716,0.9997903368687856,0.9974137368116571,0.9982874979815101,0.9865944185328758,0.9417594547855119,0.8987114404566221,4.0
564,1.0,1.0,1.0,1.0,1.0,1.0,1.0,1.0,0.99999893458274,0.9988628044040915,0.9982761545469963,0.9819713806076695,0.9945952383228489,0.9453397766019085,0.6735646378608425,0.9899472938304443,4.0
565,0.0,0.0,0.0,0.0,0.0,0.0,0.0,0.0,0.004833368188618448,0.0030587105099821404,0.01547808674708858,0.0006752508910537428,0.004805682017004776,0.0014242625973993413,0.003377133374297261,0.0001384888988907856,4.0
566,0.0,0.0,0.0,0.0,0.0,0.0,0.0,0.0,0.0016891396036639852,0.0035222599993269452,0.016286333483690716,0.00036294978282612033,0.01231993521485198,0.0008196681260894979,0.013218337259013908,0.00016600390481617992,4.0
567,1.0,1.0,1.0,1.0,1.0,1.0,0.0,1.0,0.9988828080684042,0.9997741848757108,0.9926713778965459,0.9082637384806793,0.999996256626761,0.9982166550983878,0.7598055185216988,0.7666950052903105,2.0
568,1.0,1.0,1.0,1.0,1.0,1.0,0.0,1.0,0.9965088015438655,0.986953161006213,0.9998687965553177,0.9920016986476684,0.9993790047362298,0.9984616222386214,0.7888919629366082,0.9549747821393959,1.0
569,0.0,0.0,0.0,0.0,0.0,0.0,0.0,0.0,0.0022462838067992506,0.016914368081801745,0.006063219288096275,0.00017041652291427216,0.009545314117006093,0.038187984266907816,0.039333711360599106,0.0015175519082408244,3.0
570,1.0,1.0,1.0,1.0,1.0,1.0,1.0,0.0,0.874666185363528,0.9995304242379927,0.9999604394718463,0.9885177583965402,0.9998563290879132,0.9672804022065089,0.5287673090955206,0.020689590718363095,1.0
571,0.0,0.0,0.0,0.0,0.0,0.0,0.0,0.0,0.03297330676774317,0.0028189541963242375,0.0015708205674965557,0.0001366359704549418,0.03901637153111467,0.0032343788694616632,0.025563888867682474,0.0002852200493255704,3.0
572,1.0,1.0,1.0,1.0,1.0,0.0,1.0,1.0,0.9978269296406072,0.9576170156651266,0.9917162225553529,0.9977938930291783,0.9997352926143246,0.6075938051199963,0.928519986689931,0.7060593906640926,1.0
573,0.0,0.0,0.0,0.0,0.0,0.0,0.0,0.0,0.0048036879746813374,0.003854672258865212,0.004623954587821893,0.0017059551570400107,0.06385058906528694,0.003647500628754671,0.016263120319129746,0.00037472644941099966,4.0
574,0.0,0.0,0.0,0.0,0.0,0.0,0.0,0.0,0.000459135291261257,0.0023196957629546817,0.00320217582103586,0.000353625416343521,0.01796366793206574,0.0026114099991694176,0.0019123166717408952,0.00021442328795625277,4.0
575,1.0,1.0,1.0,1.0,1.0,1.0,1.0,1.0,0.999743096731609,0.9985785360626123,0.9801440921679522,0.9870567532975764,0.9997953462059936,0.8333903933108985,0.5145152132216841,0.9670425939103546,2.0
576,1.0,1.0,1.0,1.0,1.0,1.0,1.0,0.0,0.9854695686417481,0.9797571487681898,0.9993210737464324,0.9892212870033702,0.9965065999967582,0.6624900312708084,0.9645134392993598,0.40512055120930457,0.0
577,1.0,1.0,1.0,1.0,1.0,1.0,1.0,1.0,0.9999530544809812,0.9984727101681465,0.9993370864118457,0.9980958584457751,0.9986278398276286,0.6186893469634942,0.9980028349281492,0.7326587747020825,4.0
578,0.0,1.0,1.0,1.0,1.0,0.0,1.0,0.0,0.004454521719919937,0.05443676369997739,0.06491322683676008,0.011167233869404707,0.11776749040273475,0.0035074546572840945,0.020919674970446184,0.00011415925243542718,0.0
579,0.0,0.0,0.0,0.0,0.0,0.0,0.0,0.0,0.03098740216562571,0.14484611612095466,0.02066693284411978,0.005770127328110425,0.027208794183295817,0.008532490594529384,0.019916496978432185,0.0007278787579193652,3.0
580,1.0,1.0,1.0,1.0,1.0,1.0,1.0,1.0,0.9965427028887958,0.9998621606911401,0.9996564804581898,0.98851976825708,0.9998906239335874,0.9906792533099988,0.7050907926296814,0.48176708896570747,2.0
581,1.0,1.0,1.0,1.0,1.0,1.0,1.0,0.0,0.852383030483543,0.9949311563438291,0.9998010630362373,0.9610812877249421,0.999122931130897,0.5098029762805848,0.34554407023276684,0.7315584031107729,0.0
582,1.0,1.0,1.0,1.0,1.0,1.0,1.0,1.0,0.9997924492238408,0.9234084030464997,0.9873764460969143,0.9988800974115175,0.9705469239074336,0.9850500228679567,0.9615001982217863,0.8593674840676503,2.0
583,1.0,1.0,1.0,1.0,1.0,0.0,0.0,1.0,0.9399375931101848,0.8030718236456634,0.993040593737677,0.9699285129010273,0.9970234243364811,0.37034605490004524,0.6516183588508897,0.19828145764427138,1.0
584,1.0,1.0,1.0,1.0,1.0,0.0,0.0,1.0,0.9892751494399354,0.6665540156813671,0.9987807645792686,0.9983170801164102,0.9983164307119373,0.8726795624129224,0.6950998618866474,0.3836988406558687,1.0
585,0.0,0.0,0.0,0.0,0.0,0.0,0.0,0.0,0.001717332151943337,0.001555414102124667,0.0009303599997949743,0.00019830653985727703,0.007241845062997343,0.0011155294770286755,0.005586047411669388,5.6359704085324576e-05,0.0
586,1.0,1.0,1.0,1.0,1.0,0.0,1.0,1.0,0.9998468924921042,0.9690778403863237,0.9355239022354475,0.9471355195815101,0.7007282757137772,0.6814110949244842,0.761640545501562,0.8235693478888695,3.0
587,1.0,1.0,1.0,1.0,1.0,1.0,1.0,1.0,0.9962135155592214,0.9999103164200766,0.6068018659581815,0.9933798954156868,0.9997747942609079,0.457781601658175,0.30166341259704177,0.9849827316953406,0.0
588,0.0,0.0,0.0,0.0,1.0,0.0,0.0,0.0,0.19749591804588112,0.5729066300183542,0.8758619774746249,0.01946935716148599,0.944368595012541,0.10354230426334199,0.2673252111347718,0.0014397080324213014,1.0
589,0.0,0.0,0.0,0.0,0.0,0.0,0.0,0.0,0.004412059754674031,0.003909248868496987,0.005332016470578336,0.0012388554919563481,0.03522234436932137,0.0029458107345229105,0.0055215816413277915,0.000689788180035914,1.0
590,0.0,0.0,0.0,0.0,0.0,0.0,0.0,0.0,0.0011411823673375292,0.002583745278721801,0.0019186853858863889,0.00138290755479335,0.002006164251085374,0.0006946361020902174,0.009145973735171864,0.00016451400919198655,1.0
591,0.0,0.0,1.0,1.0,1.0,0.0,0.0,0.0,0.7510914043727485,0.7974171514706522,0.9957781773009949,0.8783970020686023,0.9997130685055561,0.5574561760903062,0.20429459670626562,0.002695631589907007,2.0
592,0.0,0.0,0.0,0.0,0.0,0.0,0.0,0.0,0.0004607312495967232,0.003008788125458059,0.0007088344258932886,0.00029332912300591383,0.004196134861861927,0.0006444546468515008,0.03163638345882591,0.0005821881809766622,4.0
593,0.0,0.0,0.0,0.0,0.0,0.0,0.0,0.0,0.0034605641585665403,0.0028309705456864964,0.009842328205203352,0.0003322053212616569,0.010237562318599248,0.0013248636179846443,0.00596427882299516,4.14345513171858e-05,2.0
594,1.0,1.0,1.0,1.0,1.0,1.0,0.0,0.0,0.9767554078440627,0.9907961162629658,0.9955676075187712,0.637974463365029,0.9998793763671817,0.9977257297302964,0.01853968925949846,0.12796323106659874,0.0
595,0.0,0.0,0.0,0.0,0.0,0.0,0.0,0.0,0.010015053421115654,0.006565071468289381,0.005500092455639447,8.281772081747713e-05,0.018780226422770146,0.001602769644430374,0.000780071623284603,0.00011846709346886636,0.0
596,0.0,0.0,0.0,0.0,0.0,0.0,0.0,0.0,0.012020323708208954,0.009431211263233704,0.006862460274520269,0.000303332938704041,0.015515853739463722,0.004244712910336085,0.020452867732450527,0.0004634691473433281,2.0
597,0.0,0.0,0.0,0.0,0.0,0.0,1.0,0.0,0.5334000183575044,0.26219829804991707,0.2897572751853624,0.00863685969469585,0.024827769029436057,0.0047279030244744055,0.2166394085080405,0.2089670393384042,1.0
598,0.0,0.0,0.0,0.0,0.0,0.0,0.0,0.0,0.004990629454031869,0.014841467942131337,0.013726533449735328,0.0008010584580991048,0.005966875201006807,0.010008993070317032,0.05969588638250679,0.0008598701856508429,1.0
599,1.0,1.0,1.0,1.0,1.0,1.0,1.0,1.0,0.9999982110203812,0.9998710357684495,0.9957031505779906,0.9997271633656724,0.9975785826904255,0.9714481133027354,0.6521783054082533,0.9994032242047728,1.0
600,1.0,1.0,1.0,1.0,1.0,1.0,1.0,0.0,0.9949321764819737,0.9960413550246007,0.999767976843973,0.9696875525180229,0.9992449033836214,0.9997899171061502,0.9699593193582474,0.6626959524134706,4.0
601,0.0,0.0,0.0,0.0,0.0,0.0,0.0,0.0,0.016758983920942806,0.003921635052210702,0.028011281706694115,0.004729259537017509,0.03705486175887885,0.0003508377960912686,0.002226751118750631,0.000579009829477708,1.0
602,1.0,1.0,1.0,1.0,1.0,1.0,0.0,0.0,0.9945737987549268,0.9992489514165046,0.9998263175595548,0.9955445464110704,0.9999849230397584,0.9990797810892699,0.8269041716377469,0.024190032687353653,1.0
603,0.0,0.0,0.0,0.0,0.0,0.0,0.0,0.0,0.0014713821941463585,0.007727492371642404,0.002386534480795636,0.0003690082171700848,0.0013724844985368912,0.00025587776814785457,0.021906458732664627,9.230742616788669e-05,1.0
604,1.0,1.0,1.0,1.0,1.0,1.0,1.0,1.0,0.9999428150953381,0.9998994781507652,0.999786741777432,0.9999845068671946,0.9995588692140333,0.8488924434947556,0.9050552200908469,0.9807721481132643,0.0
605,1.0,1.0,1.0,0.0,1.0,0.0,0.0,0.0,0.7905760259980745,0.994307099175173,0.968011296856265,0.9812189410517504,0.9956569688403657,0.5973014793655511,0.8162786332153775,0.5364695661304895,1.0
606,0.0,0.0,0.0,0.0,0.0,0.0,0.0,0.0,0.12164628654904217,0.18703689206892238,0.2746007994384507,0.0014090104783658838,0.6406296361859443,0.06527058953702987,0.003285278806512029,0.0017564184854335946,3.0
607,1.0,1.0,1.0,1.0,1.0,1.0,1.0,0.0,0.999962642929105,0.9999316027763105,0.99981768993936,0.9982423722518977,0.9999665197169678,0.989972576806712,0.7301129319870348,0.6129771113564844,3.0
608,0.0,0.0,0.0,0.0,0.0,0.0,0.0,0.0,0.014763260110412728,0.003854830682641806,0.0012294670557525518,0.00018593178005091686,0.000697199836695322,9.20372297706976e-05,0.006361846127561948,2.9072928965812707e-05,3.0
609,0.0,0.0,0.0,0.0,0.0,0.0,0.0,0.0,0.002006119852819157,0.006463751603676415,0.0015639776196329004,0.00024173836276866146,0.01928110818143893,0.003800275879860523,0.0024440917191693445,0.00020712113035101668,3.0
610,0.0,0.0,0.0,0.0,0.0,0.0,0.0,0.0,0.005008944578785706,0.006931991880290432,0.009795766863526617,0.0005306582013162845,0.032466084182089135,0.0017775974339722031,0.02379109307012829,0.0005858159933008241,3.0
611,1.0,1.0,1.0,0.0,1.0,1.0,1.0,0.0,0.08145860629916972,0.23726440673762253,0.07362235550251944,0.10004373335948032,0.16296688410427965,0.24958374390763796,0.7933137474744023,0.0029984597966594135,0.0
612,1.0,1.0,1.0,1.0,1.0,1.0,0.0,1.0,0.9995865016785659,0.9994176899429649,0.9755297946229277,0.39123012155491,0.9895730795559826,0.9992770517647487,0.06732129634909963,0.2389978864238148,4.0
613,1.0,1.0,1.0,1.0,1.0,1.0,1.0,1.0,0.9999970516449039,0.9999869231410444,0.9999913634877463,0.9997811187933754,0.9999616464642309,0.9988735932330794,0.9995044919212128,0.9998847755472506,2.0
614,0.0,0.0,0.0,0.0,0.0,0.0,0.0,0.0,0.00023859743508401464,0.0020042188674505718,0.00033934476938535414,0.00021629548971561794,0.025031878546970303,0.0005387983662076314,0.02327591685078368,0.001352687575993963,0.0
615,1.0,1.0,1.0,1.0,1.0,0.0,0.0,0.0,0.8757661037384624,0.7396036401868507,0.8067926128842784,0.8003251463775812,0.9939013355552706,0.13902930848570097,0.09900921777728636,0.04737773164401452,0.0
616,1.0,1.0,0.0,1.0,0.0,0.0,1.0,1.0,0.918881291227883,0.8500209315225914,0.6758522878663211,0.46689363828507796,0.9947739137615328,0.15336395372395775,0.9908310030711428,0.4293403646833947,2.0
617,0.0,1.0,0.0,0.0,0.0,0.0,0.0,0.0,0.030377398683763396,0.9830945994660585,0.03563462979793698,0.0008221788639777461,0.5741461955952227,0.08271852159689125,0.010475693667409358,0.0025994950983587923,0.0
618,1.0,1.0,1.0,1.0,1.0,1.0,1.0,1.0,0.7656522680895664,0.9958246327378063,0.9991231644816482,0.957150233893427,0.9994531030285284,0.9964436806795594,0.7308622462644969,0.06608648512168998,0.0
619,0.0,1.0,1.0,1.0,1.0,1.0,0.0,0.0,0.48054472477300986,0.917849484990256,0.9813006439130177,0.8558959159407248,0.9929391407291408,0.9859348271876698,0.2416021017230225,0.00046062587204487434,4.0
620,0.0,0.0,0.0,0.0,0.0,0.0,0.0,0.0,0.006423586270648626,0.003136996126971415,0.0021072046246048085,0.0008964207932303753,0.023227442533642163,0.0016915809827951895,0.0017345572259731962,9.871973985643844e-05,0.0
621,0.0,0.0,0.0,0.0,0.0,0.0,0.0,0.0,0.0002842832648171448,0.0019162060354114515,0.0004689296283024756,0.001051570429797509,0.003856255338335855,0.008055675568697686,0.003236002257299292,0.0004379391672947695,1.0
622,0.0,0.0,0.0,0.0,0.0,0.0,0.0,0.0,0.0013060399878783461,0.0007434442684902638,0.001080173966186899,0.0009021205958289167,0.003488792847510425,0.0009071745345235979,0.002657194290444071,0.0007249431070200368,1.0
623,1.0,0.0,1.0,1.0,1.0,0.0,0.0,0.0,0.24100501083277187,0.9119717937594494,0.7883474428758444,0.04548520113702256,0.992769958958888,0.023893921050369693,0.2367817230744734,0.0570234643824607,3.0
624,1.0,1.0,1.0,1.0,1.0,1.0,1.0,0.0,0.9895653193616513,0.9996429149627406,0.9999630810970146,0.9978191235515806,0.999933114311979,0.999736422867546,0.6330462969390739,0.6614288989507063,3.0
625,0.0,0.0,0.0,0.0,0.0,0.0,0.0,0.0,0.006304071528841692,0.008514207846070782,0.0028157063639899413,0.00015640911364937698,0.017389032216565115,0.0036377544791715813,0.005548288283362261,0.0010333666505629342,0.0
626,0.0,1.0,1.0,1.0,1.0,1.0,0.0,0.0,0.3804118492746906,0.7735114619949705,0.9963112743666359,0.8688462040334133,0.9998790952122995,0.9793174207270964,0.1570985967867949,0.0006630766617323929,0.0
627,1.0,1.0,1.0,0.0,1.0,0.0,1.0,0.0,0.9956246002391897,0.9909783684925556,0.9987962239521629,0.9663014147946363,0.9931750180308333,0.8241205521316802,0.9919604494047664,0.7798191239524325,3.0
628,0.0,0.0,0.0,0.0,0.0,0.0,0.0,0.0,0.012338171621275061,0.024562794183343797,0.06704571863453793,0.001373965910414322,0.09599665422205489,0.002333755785898976,0.011475429320441518,0.00025995404380906186,1.0
629,1.0,1.0,1.0,1.0,1.0,1.0,1.0,1.0,0.9964904958496719,0.9977547566482473,0.9998756723075648,0.9995244783699224,0.9999016690599098,0.9991893552788697,0.8559453854019314,0.7023990309253262,0.0
630,1.0,1.0,1.0,1.0,0.0,0.0,1.0,0.0,0.9810724194118298,0.9849255789062075,0.6623483748795344,0.6819371749740433,0.9657460519364209,0.003436149299072374,0.594106201885817,0.1317322721158971,2.0
631,0.0,0.0,0.0,0.0,0.0,0.0,1.0,0.0,0.005530719175163556,0.09446333661265834,0.0417467863692787,0.0010787083871495427,0.01676529794965673,0.0016277752308330254,0.004365479897450212,0.0005684405087390518,1.0
632,0.0,0.0,0.0,0.0,1.0,0.0,0.0,0.0,0.001138759436249177,0.010661861231663915,0.0026399991322104918,0.0003416623335045882,0.005553207595207101,0.001547109635430092,0.0029343466044096283,0.00014631095377023984,3.0
633,0.0,1.0,1.0,0.0,1.0,1.0,0.0,0.0,0.25949098492018335,0.9930160593083591,0.9855211031497016,0.0352094382444283,0.9959886993054007,0.9778072961314275,0.28645823908020657,0.021753632271601535,2.0
634,0.0,0.0,0.0,0.0,0.0,0.0,0.0,0.0,0.008719342153687743,0.0022626403007007306,0.005330151306975916,0.0017423157619805166,0.0030091992528705268,0.0007008320808602023,0.011741051018243987,0.001012970852477443,1.0
635,1.0,1.0,1.0,1.0,1.0,1.0,1.0,0.0,0.999924334593455,0.9999684998326746,0.9998386654727198,0.9990177208236956,0.9998947446674842,0.9985993089826641,0.9929873881797675,0.9993157227306888,2.0
636,0.0,0.0,0.0,0.0,0.0,0.0,0.0,0.0,0.002556822622873478,0.007520710004116813,0.0051979275221042745,0.0007247300164400089,0.04446484921378186,0.0029215578980806714,0.0019729958913302687,1.3380600018563788e-05,2.0
637,1.0,1.0,1.0,0.0,1.0,0.0,0.0,0.0,0.7498254678754153,0.9990090249892962,0.9983767030714737,0.9339387565053373,0.9930840424682735,0.907446525966676,0.03810057152206527,0.018851700782162674,3.0
638,0.0,0.0,0.0,0.0,0.0,0.0,0.0,0.0,0.0016190807680430228,0.0015987496286416476,0.0009933316342654035,0.00013182301699520338,0.016848696918541566,0.0004996852883833024,0.003565209902015493,0.0002498957168421454,0.0
639,0.0,0.0,0.0,0.0,0.0,0.0,0.0,0.0,0.000961148363488836,0.00838659066022628,0.000982815571048425,0.00014610313803774274,0.011626197580330956,0.0019317964875019374,0.0005239960512107635,0.0002141031819641514,3.0
640,0.0,0.0,0.0,0.0,0.0,0.0,0.0,0.0,0.8208423713495211,0.33926212782011417,0.4506206117873997,0.615076573387138,0.8440489959427137,0.0031700551758741574,0.7599096479589407,0.01582576743284202,3.0
641,1.0,1.0,1.0,1.0,1.0,1.0,1.0,1.0,0.9999615197425961,0.9995651512979646,0.9998650597765006,0.9998562822017024,0.9999550529547632,0.6194157499718096,0.9719211095351427,0.9332220010106071,3.0
642,1.0,1.0,1.0,1.0,1.0,1.0,0.0,1.0,0.9963342154154171,0.9874665688472203,0.9859875398046737,0.5997589747485194,0.999134870194796,0.9956617751506711,0.2170060416534561,0.3102093408457669,4.0
643,0.0,1.0,1.0,1.0,1.0,1.0,1.0,0.0,0.9287870883743723,0.9988340937607328,0.999146344451214,0.9695999108927951,0.9999131852401955,0.9863949909056714,0.5409534165640021,0.005152441357508321,2.0
644,0.0,0.0,0.0,0.0,0.0,0.0,0.0,0.0,0.0014054346799989791,0.0030822057857017152,0.00047125797337766904,0.0005154151916036948,0.007306251173463035,0.0010928757208366485,0.009270655465291404,0.00023037064532053462,1.0
645,1.0,1.0,1.0,1.0,1.0,1.0,0.0,0.0,0.828764223806742,0.9954888946892673,0.9994748574837006,0.9891348009694126,0.9920680604825405,0.9297353931835913,0.03560746477651834,0.015481561421410163,4.0
646,1.0,1.0,1.0,1.0,1.0,1.0,0.0,1.0,0.9115748042334629,0.9949827585162406,0.999824908172224,0.9920082039474576,0.999805410296692,0.9991592421191652,0.03787007936536224,0.2562128699158283,4.0
647,1.0,1.0,1.0,1.0,1.0,1.0,1.0,0.0,0.9972195257421494,0.9990883706307765,0.9995091940851473,0.9974989898163442,0.9996124839733078,0.9966270262288228,0.28130026014779375,0.4314611942354713,4.0
648,0.0,0.0,0.0,0.0,0.0,0.0,0.0,0.0,0.0015943876852314149,0.009856601023776274,0.00844303646841917,0.0002948740492788744,0.034771197751414414,0.0016652804008167308,0.009669316800658186,0.00033633734132140563,3.0
649,1.0,1.0,1.0,1.0,1.0,1.0,0.0,1.0,0.998973419162305,0.9997822301208957,0.9997224064404994,0.9985878477235978,0.9981455845025217,0.9998843554555112,0.29728605227733573,0.9166038479582557,1.0
650,0.0,0.0,0.0,0.0,0.0,0.0,0.0,0.0,0.0018631773393024485,0.0010050506826036858,0.0015778083895143817,0.00020132425257917696,0.005977321896267333,0.0005263642069495175,0.02707868388128476,0.00012602709598814405,2.0
651,1.0,1.0,1.0,1.0,1.0,1.0,0.0,0.0,0.8986919341698351,0.9603515266643163,0.9992459181084937,0.9964133583143209,0.9998026061148115,0.9975756614658272,0.005111258370635121,0.07691113322165494,3.0
652,1.0,1.0,1.0,1.0,1.0,1.0,0.0,0.0,0.9982532671171704,0.9946004160742641,0.9590670246208297,0.956856538118509,0.9961453986005641,0.9654483002921564,0.3400342548082146,0.19415036699806132,2.0
653,1.0,1.0,1.0,1.0,1.0,1.0,1.0,1.0,0.9968446900345882,0.9989443497067427,0.9999248696506448,0.9944179977942571,0.9996436195921521,0.9457833049648642,0.9497834255459097,0.9936366864188503,1.0
654,1.0,1.0,1.0,1.0,1.0,1.0,0.0,0.0,0.9997088522811689,0.9963022540728607,0.987514376801673,0.996388068892796,0.999991099761593,0.9795349285324827,0.8922506097921344,0.8883244367902761,4.0
655,0.0,0.0,0.0,0.0,0.0,0.0,0.0,0.0,0.00450452343804441,0.008259367846291703,0.004187424713327176,0.00033799246659242037,0.014564223859597483,0.0013855772499952296,0.007906194433094902,7.124844640452967e-05,2.0
656,1.0,1.0,1.0,1.0,1.0,1.0,1.0,1.0,0.9999957960399005,0.9985313001926781,0.9987609954504122,0.9996758568735503,0.9936702982105371,0.9505079207840509,0.9998495766753095,0.9987776656173524,0.0
657,0.0,0.0,0.0,0.0,0.0,0.0,0.0,0.0,0.002780585305511683,0.014716395610047521,0.00834217232909048,0.00026391109104109147,0.009305692837278088,0.00154358568040154,0.0017215754062538332,9.887216363725542e-05,2.0
658,1.0,1.0,1.0,1.0,1.0,1.0,1.0,0.0,0.9849818727098136,0.9966198697822253,0.9999604882484938,0.9978354643657793,0.9999869570316606,0.9949808246306054,0.9760946986706726,0.1421213632734071,3.0
659,1.0,1.0,1.0,1.0,1.0,1.0,1.0,1.0,0.9999173221379423,0.9999982662116162,0.9999977789312944,0.9999409272653533,0.9999840334805568,0.9987391811731492,0.9743935071910169,0.5693137905936866,3.0
660,0.0,0.0,0.0,0.0,0.0,0.0,0.0,0.0,0.0004740032283853032,0.005062771599328731,0.0016392644107190353,0.0001859024323404721,0.004245172866639286,0.0008331241714740787,0.011529239272281543,0.0006371144467162315,1.0
661,0.0,0.0,0.0,0.0,0.0,0.0,0.0,0.0,0.001706729243433693,0.002327694870908461,0.0034450007183910946,0.0013425722410594669,0.0030884290964855203,0.0015902274988488548,0.004124432682836994,0.0001500532191218049,4.0
662,0.0,0.0,0.0,0.0,0.0,0.0,0.0,0.0,0.006570467405078276,0.0065476306842498135,0.017744035472302216,0.0003680775562242315,0.1016484259617052,0.03155101371872908,0.02952601920834349,0.0002056215339973605,1.0
663,0.0,0.0,0.0,0.0,0.0,0.0,0.0,0.0,0.017843997971718116,0.03723077942341442,0.012041646720893332,0.0007000453198000051,0.03290542825594593,0.012653268550946756,0.0026405671668310654,0.00011697708686128631,4.0
664,1.0,1.0,1.0,1.0,1.0,1.0,1.0,1.0,0.9999643436467275,0.9999233531794167,0.999708214073344,0.9773065669022296,0.9997075504677521,0.99451965830515,0.9998625613462524,0.7338925224206923,1.0
665,0.0,0.0,0.0,0.0,0.0,0.0,0.0,0.0,0.0011560833225950809,0.002652308579176951,0.004699297702340779,0.0007958357732018411,0.010427103063168134,0.0005064785287955383,0.00139323471068125,0.00025901357707815663,1.0
666,1.0,1.0,1.0,1.0,1.0,1.0,1.0,1.0,0.9802701222259004,0.999128563752872,0.9999910702396202,0.9847821998061932,0.9995185403985559,0.9992329983803285,0.9966018346637208,0.15746202875701446,2.0
667,0.0,0.0,0.0,0.0,0.0,0.0,0.0,0.0,0.012828199590256646,0.03393295716292431,0.0011328636293412016,0.00032928521568197555,0.04783875165751814,0.01139326256263743,0.09608681138224054,0.0012742066032444613,1.0
668,0.0,0.0,0.0,0.0,0.0,0.0,0.0,0.0,0.001590258648216266,0.0021200435686036323,0.004063227242374947,0.00012415362422572526,0.022500390316164513,0.0006913223937029557,0.0012064563557867925,0.0011704594240272155,0.0
669,1.0,1.0,1.0,1.0,1.0,1.0,0.0,0.0,0.9943879544636964,0.9961650455202875,0.9995536409382824,0.9923703169689454,0.9998837425794121,0.9800070192427813,0.9017864533855414,0.036090441872941956,0.0
670,0.0,0.0,0.0,0.0,0.0,0.0,0.0,0.0,0.005310495963161587,0.12774606601894023,0.025240433302242567,0.00029623516557709685,0.01543719197523549,0.008766354283063597,0.006123710009811337,0.00016515371510654163,1.0
671,1.0,1.0,1.0,0.0,1.0,1.0,0.0,0.0,0.9094505744139452,0.9905808386699134,0.9980019344915464,0.7047450309010529,0.9982122797901453,0.9894200391498935,0.4415325459859496,0.11337871235208344,3.0
672,1.0,0.0,1.0,1.0,1.0,1.0,0.0,0.0,0.9916948402050071,0.9056398206128279,0.9994788450077211,0.9981154602979603,0.9998463414543172,0.7848553218758606,0.445145856953086,0.3340265130143729,3.0
673,0.0,1.0,0.0,0.0,1.0,1.0,0.0,0.0,0.01375772566433602,0.3783369487090239,0.0078523573848808,0.0002941053465988362,0.08363656165877567,0.09345146723629838,0.11300643872649173,0.00028841528063005466,0.0
674,1.0,1.0,1.0,1.0,1.0,1.0,1.0,1.0,0.999599906207759,0.9994968905751277,0.9996630976150093,0.9994769960242194,0.9930040956067775,0.6357450494399989,0.9972754310760746,0.9707242248789248,4.0
675,1.0,1.0,1.0,1.0,1.0,1.0,1.0,1.0,0.9572893346630279,0.9917202840078955,0.9994672228058427,0.9901146023198968,0.9998713511340395,0.9953252223382844,0.9939644633798355,0.03971751250976234,0.0
676,1.0,1.0,1.0,1.0,1.0,1.0,0.0,0.0,0.9965546982063708,0.9995493795041501,0.9998628320702845,0.9983282284970606,0.9998493994758029,0.9998951491093875,0.07671742189336839,0.3326695238536203,3.0
677,0.0,0.0,0.0,0.0,0.0,0.0,0.0,0.0,0.12368675408498238,0.02981845250381316,0.0243839744175844,0.009402317641055915,0.2859268381432294,0.004310822483525539,0.04108395194968548,0.004456259049390141,1.0
678,0.0,0.0,0.0,0.0,0.0,0.0,0.0,0.0,0.010148171539083106,0.017126543165330917,0.0148524621393633,0.0009097337430218541,0.07009956133528586,0.004632090538251682,0.11010240501363466,0.00036106216887647036,1.0
679,1.0,1.0,1.0,1.0,1.0,1.0,1.0,1.0,0.9999967209964412,0.9999614291980241,0.9991304561844941,0.9912932476703193,0.9982094472451818,0.9990480620938573,0.9942796409173184,0.9954329389963513,3.0
680,0.0,0.0,0.0,0.0,0.0,0.0,0.0,0.0,0.0052078669849849185,0.006245243667923044,0.001235155898448527,0.0009400339551678171,0.007217891162405419,0.00014644217185311102,0.015909352839077153,0.0042580819216700375,3.0
681,1.0,1.0,1.0,1.0,1.0,1.0,1.0,1.0,0.9999989545563317,0.9999861736534682,0.9988576924761577,0.9981587318128046,0.9997453006206486,0.993058402921449,0.9394407637428471,0.9898667774347699,4.0
682,1.0,1.0,1.0,1.0,1.0,1.0,1.0,1.0,0.9999783714070388,0.9999932052169692,0.9999556030807711,0.9998309997625177,0.9995359942711549,0.9995349324693975,0.9941932498372389,0.9994747666282465,3.0
683,1.0,1.0,1.0,1.0,1.0,1.0,1.0,1.0,0.9999974091319594,0.9999917571486843,0.997822151366648,0.9892340378555664,0.9989602255878149,0.9980294786454369,0.7410689491844504,0.9982253205885344,4.0
684,0.0,0.0,0.0,0.0,0.0,0.0,0.0,0.0,0.017732820012930764,0.002179040107612932,0.014063762817896364,0.0012686486002536665,0.044884865998920324,0.0011996460998364167,0.015145724137277888,0.0002620162892531486,2.0
685,0.0,0.0,0.0,0.0,0.0,0.0,0.0,0.0,0.001329004574168977,0.00766635420086144,0.007252968336738193,0.0002834575078219585,0.006107358662586385,0.00025109983243453245,0.003411737060512244,0.00027499512219620936,1.0
686,0.0,0.0,0.0,0.0,0.0,0.0,0.0,0.0,0.00024102165863548275,0.002117497019744566,0.0018702912859166671,0.00036238581445201246,0.013284927563749235,0.0007336717595636207,0.017848036551670044,0.00013376609826625793,4.0
687,1.0,1.0,1.0,1.0,1.0,1.0,1.0,0.0,0.9992725487390123,0.9999870928643904,0.9999609367796342,0.9992218134073678,0.9999973039630803,0.9998229080853418,0.9987674242815254,0.2135289582372787,3.0
688,1.0,1.0,1.0,1.0,1.0,1.0,1.0,0.0,0.9937508300593805,0.8805164101263974,0.9583757666328098,0.9410096236766731,0.9993798359242806,0.9752240145262143,0.16115931142613288,0.17639980596118343,1.0
689,1.0,0.0,0.0,0.0,0.0,0.0,1.0,0.0,0.9851401553329024,0.8401769793764357,0.8342043416887064,0.8689053076100655,0.9902891838770674,0.801733557592256,0.9324207105263398,0.38660777599757234,1.0
690,0.0,0.0,0.0,0.0,0.0,0.0,0.0,0.0,0.011166233320667768,0.026239060308456966,0.0005969366201772704,0.0006367029594556183,0.006807879461604057,0.0029843830497699475,0.42503275598786744,0.00040679093208924804,4.0
691,0.0,0.0,0.0,0.0,1.0,0.0,0.0,0.0,0.010289164365977738,0.009589922552838307,0.013633750155862457,0.0015323215727511433,0.05315239687142745,0.0013685922044708208,0.004755457666080662,0.00022755425017795288,3.0
692,0.0,0.0,0.0,0.0,0.0,0.0,0.0,0.0,0.0005092084588697065,0.0029617974199971355,0.002842106091946539,0.0003345173936478005,0.00268966200075851,0.0024192846316846896,0.0036430880440192362,3.7967707397131185e-05,2.0
693,0.0,0.0,0.0,0.0,0.0,0.0,1.0,0.0,0.006790715972161037,0.006403876703073254,0.0008523838479886439,0.00018214670219190217,0.005729575762841461,0.0005351489587253418,0.0077992359514990955,9.580720961864028e-05,3.0
694,1.0,1.0,1.0,1.0,1.0,1.0,0.0,0.0,0.9775673558376868,0.9253363756282732,0.9999885579562305,0.9984531767131491,0.9999227801191841,0.9676058419565273,0.22780335597530624,0.09827089006421565,0.0
695,0.0,1.0,1.0,0.0,1.0,1.0,0.0,0.0,0.043946543402207716,0.9355691427627868,0.31922595858381914,0.004849081290500147,0.9204416246454102,0.9411896153994347,0.001340938009226435,0.0015580225067887412,2.0
696,0.0,1.0,1.0,1.0,1.0,1.0,0.0,0.0,0.7700567719479443,0.956817843687626,0.9881313708384024,0.9735360836381909,0.9995251093311316,0.9127026764207059,0.6649077688539424,0.00964917981602186,0.0
697,0.0,0.0,0.0,0.0,0.0,0.0,0.0,0.0,0.0072567862385609595,0.005350334232319833,0.045824785393137585,0.002579560195406202,0.025780007761011893,0.006830747147093856,0.006460243388181586,4.5286716917409566e-05,2.0
698,1.0,1.0,1.0,1.0,1.0,1.0,1.0,1.0,0.9996743703737752,0.9994850639202838,0.9986288731013867,0.9084483341987711,0.9986759196000801,0.9573446622495255,0.9861318787391693,0.9507697446905558,4.0
699,0.0,0.0,0.0,0.0,0.0,0.0,0.0,0.0,0.0031404090425691832,0.0027161527271464094,0.0013527697517335055,0.0002996269776628061,0.006885591807270805,0.0015221175554634616,0.0068865713901757825,0.0004755203985606301,4.0
700,0.0,0.0,0.0,0.0,0.0,0.0,0.0,0.0,0.02433870070855484,0.0033839978362580556,0.0016841261548894,0.0003387963363471847,0.0036154729896717146,0.0028672852978532883,0.06060277120323946,0.0006586374740911952,2.0
701,1.0,1.0,1.0,1.0,1.0,1.0,1.0,1.0,0.9848125015470988,0.9934817445853011,0.9999069752357885,0.9647796987369135,0.9996053879671432,0.9887872731217092,0.3236230453170605,0.023867458291215424,4.0
702,1.0,1.0,1.0,1.0,1.0,1.0,1.0,1.0,0.9999985556746867,0.9997478782831837,0.9936973725693209,0.9569609232179643,0.9957505535000631,0.990493616437855,0.9964487706814493,0.9988652358712152,4.0
703,0.0,0.0,0.0,0.0,0.0,0.0,0.0,0.0,0.007099918308815918,0.002677031450873508,0.005767798510318388,0.0004672045050692553,0.0024844817639107053,0.0004483877770444359,0.009106651219272304,0.00017421401238842336,1.0
704,1.0,1.0,1.0,1.0,1.0,1.0,1.0,1.0,0.999177162283267,0.9999895350754452,0.9999900576335463,0.9996559763684328,0.9998834350658562,0.9992319176105808,0.9856385692150201,0.49997524141576233,0.0
705,1.0,1.0,1.0,1.0,1.0,1.0,0.0,0.0,0.9974302798421231,0.9994415778479425,0.9995089040266101,0.9992331913985296,0.9995369827161887,0.8738426979805541,0.858144849481693,0.18225112242956856,0.0
706,0.0,1.0,1.0,1.0,1.0,1.0,0.0,0.0,0.1890520503351762,0.7875731517345601,0.9719750483287459,0.851200250780442,0.9988625604034715,0.9816587815203738,0.009095784138535897,0.0007570353466434547,0.0
707,1.0,1.0,1.0,1.0,1.0,1.0,1.0,0.0,0.997212834880347,0.9994225087384266,0.9998979075212244,0.9997363313437257,0.9999862622589173,0.9999237685453678,0.9982625451129641,0.7413139374560228,3.0
708,0.0,0.0,0.0,0.0,0.0,0.0,0.0,0.0,0.005106488348244564,0.00230787607321174,0.0060327239945124215,0.0007083513850477672,0.0030162376811159928,8.957885455687939e-05,0.007249272936502924,2.0696984518952213e-05,2.0
709,1.0,1.0,1.0,0.0,1.0,1.0,0.0,0.0,0.7456259666675442,0.925964103331005,0.5601996138147752,0.33469554918050937,0.9921108562182477,0.32153271566316144,0.5973935608562961,0.0722951429509966,3.0
710,0.0,0.0,0.0,0.0,0.0,0.0,0.0,0.0,0.11297493755100489,0.004743035717339259,0.04042142586319623,0.00714901236038395,0.045105490125438456,0.005852761463801981,0.15655619910164453,0.002310820119162611,3.0
711,0.0,0.0,0.0,0.0,0.0,0.0,0.0,0.0,0.05611504807762365,0.006064863024221695,0.005933346140750691,0.0008175167225161117,0.0036778024194082464,0.0016683455918054095,0.08553211599335596,0.0002953241783307637,3.0
712,0.0,0.0,0.0,0.0,0.0,0.0,0.0,0.0,0.009416350025067645,0.003012334467829981,0.002245004929502437,0.00047999055201021067,0.0071375311277350586,0.0012665880054473935,0.0030887375351567204,0.00013359237402020346,3.0
713,0.0,1.0,1.0,1.0,1.0,1.0,0.0,0.0,0.9782504694837205,0.9001096652796102,0.9991489077387196,0.9910972276417632,0.9982372529620788,0.975337003027037,0.3623415618040386,0.0105502496623038,0.0
714,0.0,0.0,0.0,0.0,0.0,0.0,0.0,0.0,0.001947747917772511,0.0011511862577755342,0.0010613172837550399,0.0002017026098293341,0.0017343102672109432,0.0005459564629943765,0.006467948480938055,0.0001372308676903991,3.0
715,0.0,0.0,0.0,0.0,0.0,0.0,0.0,0.0,0.01592957767365437,0.0030691195446946634,0.0009211053031645197,0.0005388952041377283,0.010655404610268433,0.0030096728431251167,0.015012765516697314,0.00047065357702896576,0.0
716,0.0,0.0,0.0,0.0,0.0,0.0,0.0,0.0,0.0016927657414266225,0.0057381385672819005,0.0029109432252684593,0.00031304959832997067,0.0035043463334544934,0.0008561842639171587,0.013719911787521192,0.00018899441112503904,0.0
717,0.0,0.0,0.0,0.0,0.0,0.0,0.0,0.0,0.0006546625360668056,0.0009441086818327547,0.0009434188006238884,0.00038866189500396715,0.05887383933968376,0.0003799756440882998,0.011153580282098625,0.00019805764467761301,2.0
718,0.0,0.0,0.0,0.0,0.0,0.0,0.0,0.0,0.012211781634590337,0.0016769772997243836,0.014449476904738872,0.0004075523687321257,0.008216331319200089,0.0009028805970120232,0.00846588304280674,0.0007180065836520361,2.0
719,0.0,1.0,1.0,0.0,1.0,1.0,0.0,0.0,0.9690664902830127,0.9845696821526742,0.9949023412473984,0.40846479704129063,0.9999863400346065,0.8844654313719312,0.22905588932217658,0.008499255055058386,4.0
720,0.0,0.0,0.0,0.0,0.0,0.0,0.0,0.0,0.00377980914619801,0.0010806345795539637,0.0018185071709579772,0.00022709117810269067,0.03991651892199098,0.00045876175748873875,0.002126831649623587,0.00013122451201920293,2.0
721,0.0,0.0,0.0,0.0,0.0,0.0,0.0,0.0,0.007434218584362191,0.0018171340131566782,0.022691502870888884,0.0017398259707623019,0.05540043100043192,0.0019548434864895244,0.01405825573731746,0.00017403990385926553,0.0
722,1.0,1.0,1.0,1.0,1.0,1.0,0.0,1.0,0.9999098545238,0.9999968193233274,0.9936164845265288,0.9992820057792828,0.9999753852138491,0.9924208592050133,0.45474660712939735,0.9741726186441942,2.0
723,0.0,0.0,0.0,0.0,0.0,0.0,0.0,0.0,0.0026992252203998928,0.002977574312298613,0.006463367802226254,0.0003307454039019866,0.0038562069388541746,0.0002649588766999947,0.001793143389381561,0.0005504657434575605,0.0
724,0.0,0.0,0.0,0.0,0.0,0.0,0.0,0.0,0.000559581496711717,0.022080085142762246,0.016547112022985592,0.00039181591280843106,0.0061866758876600965,0.002744691262444183,0.009457415014946163,5.952335016723298e-05,4.0
725,1.0,1.0,1.0,0.0,1.0,1.0,1.0,0.0,0.8866799772252343,0.5340779203389024,0.32939865145959196,0.1640105455390405,0.9396902601406913,0.4680158207983955,0.010092085789937194,0.0031993303696831845,4.0
726,1.0,1.0,1.0,1.0,1.0,1.0,1.0,0.0,0.9934987135903265,0.972543604179166,0.999812891948091,0.9914886429489248,0.9975768725000116,0.9824851288932146,0.8520392810115915,0.045485833968822637,4.0
727,0.0,0.0,0.0,0.0,0.0,0.0,0.0,0.0,0.0034188372147383604,0.008801638346992269,0.0009627971001997904,0.00032276203709891946,0.00116262368594218,0.0028811567514781225,0.033155487095326217,0.001244897122199469,4.0
728,0.0,0.0,0.0,0.0,0.0,0.0,0.0,0.0,0.0015243643504690369,0.003814905972958189,0.012451884316698381,0.002591157024685517,0.016641694193524355,0.0005565992346843157,0.005540640088522128,0.00015068423914897986,3.0
729,1.0,1.0,1.0,1.0,1.0,1.0,0.0,0.0,0.9971016098458023,0.9976759094265599,0.9980974321785534,0.9827031353109551,0.9990432192961969,0.9942399740523684,0.5615624930330596,0.6870606929494923,4.0
730,1.0,0.0,1.0,1.0,1.0,1.0,0.0,0.0,0.9008075992503356,0.748047460564527,0.9996948035864542,0.5795797341242124,0.9999373100705715,0.726629012245571,0.060246800540389014,0.1303311297789623,3.0
731,0.0,0.0,0.0,0.0,0.0,0.0,0.0,0.0,0.6514203011099241,0.9951875725858045,0.9736268965082023,0.3847102253998844,0.996420473959653,0.825776220097776,0.056451999856375466,0.019213088463554403,2.0
732,0.0,1.0,1.0,1.0,1.0,1.0,1.0,0.0,0.4739276830639809,0.9973604034724789,0.9839926201736016,0.9589809662513259,0.9997128563432873,0.9854106037729022,0.8690236447266263,0.00106017385395826,2.0
733,1.0,1.0,1.0,1.0,1.0,0.0,0.0,0.0,0.7004933708997948,0.9301843558363704,0.9888578489273787,0.5572901542529857,0.7293395288107681,0.09599293065582633,0.18878852909652333,0.017697619416355937,4.0
734,0.0,0.0,0.0,0.0,0.0,0.0,0.0,0.0,0.020855380003750746,0.005201333745112956,0.0015845983748551979,0.0004981353624376713,0.0016888389037983148,0.0009815527305207699,0.0014758221006252589,3.671215480201384e-05,1.0
735,0.0,1.0,1.0,0.0,1.0,1.0,0.0,0.0,0.012717302258519171,0.8491365099680901,0.7600729297671265,0.06658474226008433,0.9943644041262656,0.8958802441298013,0.014538761505409717,0.005456044595459778,3.0
736,1.0,1.0,1.0,1.0,1.0,1.0,1.0,0.0,0.9977806010959651,0.9994535531674382,0.9994902440761232,0.9955055471234675,0.9996287749115285,0.9999204168592605,0.9933820748049936,0.2637365980864502,3.0
737,0.0,1.0,1.0,0.0,1.0,1.0,0.0,0.0,0.06079265251810876,0.46877480625899365,0.28757006639229066,0.003690473995021943,0.902975146179331,0.3688329164788363,0.1030153345661041,0.0031913539335387555,2.0
738,0.0,0.0,0.0,0.0,0.0,0.0,0.0,0.0,0.0038892948959868764,0.02292537451680632,0.0020406685890172367,0.0002941866458459589,0.009310449843883215,0.006216586702176334,0.015986567848799788,0.00017574224057924202,4.0
739,0.0,0.0,0.0,0.0,0.0,0.0,0.0,0.0,0.005827751162329131,0.004434365907249714,0.0037424749357184623,8.063845532052614e-05,0.0008807460023547862,0.0012146209647151045,0.004392482972852348,0.0001863397905393098,3.0
740,0.0,0.0,0.0,0.0,0.0,0.0,0.0,0.0,0.0010666350800111826,0.0003852449797337808,0.0018134829046174714,0.0005215351872165054,0.0025251557036452027,0.00022665421147927703,0.01001428301758482,0.0005075410103187787,0.0
741,1.0,1.0,1.0,1.0,1.0,1.0,1.0,1.0,0.9998694025684516,0.9997601138538739,0.9999292044487875,0.9992601617873381,0.9998547017780063,0.9998056968139863,0.5498970992027357,0.8721973647127166,0.0
742,0.0,0.0,0.0,0.0,0.0,0.0,0.0,0.0,0.002161295421288899,0.014912975795610243,0.012775168743270384,0.0010350219700631358,0.0174816896451907,0.0039295089724607985,0.021887554014139943,0.0011996322192425002,4.0
743,1.0,1.0,1.0,1.0,1.0,1.0,1.0,1.0,0.999953822759988,0.9999865376194013,0.9999010862792623,0.9998975029980307,0.9999233814259488,0.9973587336842086,0.9981735242830063,0.998365768790252,0.0
744,1.0,1.0,1.0,1.0,1.0,1.0,1.0,1.0,0.9999892901451932,0.999908441859539,0.9990335820613749,0.9986312658228197,0.9994690430197912,0.999523279595375,0.9995203087120221,0.9983048802086324,3.0
745,1.0,1.0,1.0,1.0,1.0,1.0,1.0,1.0,0.9999286996228351,0.9983559048043502,0.9962103212821278,0.9858022926905822,0.9992377497527899,0.994761403194798,0.9695440451639659,0.9863349995533836,3.0
746,0.0,0.0,0.0,0.0,0.0,0.0,0.0,0.0,0.0003943899867843324,0.005275154917218419,0.005442487404571889,0.0002857596274287421,0.0026941273996497414,0.0037399501176013693,0.0016793354230663132,0.00018404578199802547,3.0
747,1.0,0.0,1.0,1.0,0.0,0.0,0.0,1.0,0.9962987486499786,0.31447112701459895,0.8692476018422416,0.7773868144887466,0.976217148181756,0.1460423175473425,0.004232789629758094,0.20706055435258766,4.0
748,0.0,0.0,0.0,0.0,0.0,0.0,0.0,0.0,0.013459366769033318,0.0241339534104124,0.029011622092202302,0.00040338760558534045,0.024996426874957955,0.009200082696988528,0.0009803723819255344,0.0002825768885642189,4.0
749,0.0,0.0,0.0,0.0,1.0,0.0,0.0,0.0,0.014522089276828722,0.0022167015905084834,0.007722723732708133,0.0011098822096491988,0.02010944913224831,0.0020732425974816283,0.004656119646624711,0.0002701177579805038,2.0
750,0.0,0.0,0.0,0.0,0.0,0.0,0.0,0.0,0.005411994282884817,0.005455866674802774,0.008600617000701074,0.0003279052213455728,0.02317689046077922,0.003118303587665981,0.0025649711495133484,0.00027510244311608744,3.0
751,0.0,0.0,0.0,0.0,0.0,0.0,1.0,0.0,0.16052430024405484,0.0639122197563603,0.05411138204684239,0.005920091754468198,0.21047419378646215,0.0054544403344515885,0.09232409162407836,0.0005204794834618071,1.0
752,1.0,1.0,1.0,1.0,1.0,1.0,1.0,1.0,0.9996795118701162,0.9995592296950726,0.9997261946070677,0.9986382122701156,0.984159293138698,0.9983004266261125,0.9608255074988116,0.9996571384109462,3.0
753,0.0,0.0,0.0,0.0,0.0,0.0,0.0,0.0,0.003220619085564858,0.003350520119993854,0.008232761007783538,0.00023758678278640072,0.020171693993682255,0.0006298098038181021,0.004611868118408491,0.0002441580035044707,0.0
754,0.0,0.0,0.0,0.0,0.0,0.0,0.0,0.0,0.0009575708703262702,0.0021247128168591744,0.0021603163669448025,0.0003277483129120717,0.0029031898895664396,0.0002195755261430032,0.0018602530651457298,0.0019073980283634898,1.0
755,0.0,0.0,0.0,0.0,0.0,0.0,0.0,0.0,0.021197159865413887,0.3413379487671735,0.003457815082564578,0.0004838823786677496,0.005695745842556724,0.00359669953583067,0.001699684526476352,0.002195444832670051,1.0
756,0.0,0.0,0.0,0.0,0.0,0.0,0.0,0.0,0.00419163371174415,0.0017836752102740603,0.0016672068046600964,0.0001440665002167553,0.0013919231483130981,0.0008619075204424566,0.008565578282527507,5.492023263151931e-05,0.0
757,1.0,1.0,1.0,1.0,1.0,1.0,1.0,0.0,0.8642301208087466,0.9620375755086986,0.9963570094565934,0.9438346335721006,0.9991197289240388,0.9947453343217895,0.7784226320467585,0.06623967339421355,2.0
758,0.0,0.0,0.0,0.0,0.0,0.0,0.0,0.0,0.002467663997373144,0.02389202436411064,0.0011837408897779178,0.0004724687814780716,0.018481879094230613,0.0008763987543418767,0.07626448505138321,0.00032743741511574216,0.0
759,1.0,1.0,1.0,1.0,1.0,1.0,0.0,0.0,0.9484847486341315,0.9978402072247572,0.9994942124894177,0.9984258615682163,0.9999292399133867,0.9932195928387878,0.11290741979771185,0.10616345283345877,2.0
760,1.0,1.0,1.0,1.0,1.0,1.0,0.0,1.0,0.999531719181568,0.9997739525060516,0.9954848270555826,0.9968593426440681,0.9998099502090037,0.969556051625249,0.8960390508496479,0.929611548507148,0.0
761,0.0,0.0,0.0,0.0,0.0,0.0,0.0,0.0,0.008167057151173347,0.007152742785122524,0.008726131941264797,0.0003530007833867375,0.007568062834651887,0.0010448484519064388,0.03053486991395993,0.00011767212127004161,0.0
762,1.0,1.0,1.0,1.0,1.0,1.0,0.0,0.0,0.9999354225885672,0.9645725561475764,0.9931947027083936,0.9784315338014037,0.9976223455051108,0.9642835393769382,0.36987921530081236,0.8142301085637481,2.0
763,0.0,0.0,0.0,0.0,0.0,0.0,0.0,0.0,0.026568148967788502,0.029983880864672477,0.01784378979121795,0.0017186997054697087,0.021517578407030693,0.023234651218771267,0.014527375051176274,0.000449127335627327,4.0
764,0.0,0.0,0.0,0.0,0.0,0.0,0.0,0.0,0.0003608153748938581,0.002215718255813041,0.004995334583499837,0.0006751082715997725,0.001321871382690671,0.001904735607862211,0.002701882682309286,0.0005715648682609822,0.0
765,0.0,0.0,0.0,0.0,0.0,0.0,0.0,0.0,0.0006914499825974196,0.008447919084047472,0.0019892645083655082,0.0003543292688100182,0.005708856548809347,0.002588079977719089,0.011081337538314666,4.538081082172955e-05,2.0
766,0.0,0.0,0.0,0.0,0.0,0.0,0.0,0.0,0.004966268291114732,0.0008698355000896242,0.0006831062373030255,0.00041996913716265034,0.002559288080617697,0.001199472906903163,0.053492828955386096,0.0007681305123133916,4.0
767,1.0,1.0,1.0,1.0,1.0,1.0,1.0,1.0,0.997167646573167,0.9992696951266136,0.9999588748004099,0.9992069234962713,0.9999529053573839,0.9985438870405638,0.9983598244250594,0.8381344258670489,1.0
768,0.0,0.0,0.0,0.0,0.0,0.0,0.0,0.0,0.0019712767890173867,0.0008668046032357083,0.001368343893550857,0.00024362718552989394,0.013701263528687663,0.0010736883188353164,0.0014268447917976435,0.00021996255525057765,4.0
769,1.0,1.0,1.0,0.0,1.0,0.0,1.0,0.0,0.9820466832294951,0.9733265863193035,0.8873442185643852,0.7681198744630955,0.9828668249322078,0.5649081059602397,0.8048912805597767,0.3619944849237187,4.0
770,0.0,0.0,0.0,0.0,0.0,0.0,0.0,0.0,0.012345452300577197,0.050661975358912176,0.04565781281695788,0.0004347580028017994,0.028507932677081328,0.02064661262256779,0.0020286633350157283,0.000517883006958681,3.0
771,1.0,1.0,1.0,1.0,1.0,0.0,1.0,0.0,0.9943644430909233,0.9383933947753499,0.9900131041971014,0.9856685414644373,0.999842114143294,0.9657674215379826,0.706736840021452,0.16275069961535546,4.0
772,0.0,0.0,0.0,0.0,0.0,0.0,0.0,0.0,0.001158996698916511,0.03551154975963663,0.012432549770987796,0.0013501585518329341,0.06070877869410544,0.008012414817200927,0.006202409152379558,2.2627441352726917e-05,4.0
773,1.0,1.0,1.0,1.0,1.0,1.0,1.0,1.0,0.9984176240670757,0.8993666949256865,0.9969560286849873,0.9773207951851398,0.9948262273643655,0.9522963289884354,0.984490509833463,0.4097764131802104,3.0
774,1.0,1.0,1.0,1.0,1.0,1.0,0.0,0.0,0.9889879990586954,0.9907513495766862,0.9999797149517331,0.8876078161165791,0.9990254322199952,0.9381926405654266,0.01573135774413594,0.4489235904061012,0.0
775,0.0,1.0,1.0,1.0,1.0,1.0,0.0,0.0,0.7475322291160581,0.9999454598668414,0.9997324973642892,0.9931325941122404,0.9999404678886024,0.9990097862632974,0.8049909784768196,0.06226358381550529,4.0
776,0.0,1.0,1.0,1.0,1.0,1.0,0.0,0.0,0.9426057573817036,0.9002330672364152,0.9974219572316896,0.9368989086881202,0.9978378601141827,0.8596011336787625,0.49798734689535196,0.02593075889644061,4.0
777,0.0,0.0,0.0,0.0,0.0,0.0,0.0,0.0,0.0025250623513558106,0.039988776422142866,0.00873055197148596,0.0004596104612355391,0.0049290190430900434,0.003202371102334002,0.005322187987526528,0.0002638945016829066,3.0
778,0.0,0.0,0.0,0.0,0.0,0.0,0.0,0.0,0.001468954864030051,0.004319403821769471,0.002100605035800807,0.0001722802386442739,0.0045720777569323535,0.0038221039257126973,0.003286693692263171,0.00014242986237061544,0.0
779,0.0,0.0,0.0,0.0,0.0,0.0,0.0,0.0,0.003420842661839504,0.0015782606569095287,0.0009499347260886868,0.0008223003013257788,0.0046799700076258265,0.002003919259035709,0.03518836517652803,0.0003296765874256148,4.0
780,0.0,1.0,1.0,1.0,1.0,1.0,0.0,0.0,0.8847036144577002,0.9969598088778913,0.9981912165764205,0.9959342697507144,0.9997143822443204,0.987667829949779,0.014232323310872548,0.05859519796838678,1.0
781,0.0,0.0,0.0,0.0,0.0,0.0,0.0,0.0,0.00012590411349438883,0.011036468585284264,0.002139692626149646,0.00025251199922722356,0.025592596048711478,0.003906414566374559,0.008794410690377874,0.00022604653414973457,3.0
782,1.0,1.0,1.0,1.0,1.0,1.0,1.0,0.0,0.9918520802800602,0.9980999380530428,0.9867008689450574,0.9970502438622779,0.9998096223038411,0.969011027867826,0.5541180380233609,0.03798350169490002,4.0
783,1.0,1.0,1.0,1.0,1.0,1.0,1.0,0.0,0.9153648386555227,0.9977273878929221,0.9860051452026878,0.9117640373624929,0.9999947290882845,0.9770450462976916,0.916067488240966,0.005393085316061215,2.0
784,0.0,0.0,0.0,0.0,1.0,0.0,0.0,0.0,0.0028812697598362604,0.23608542640510505,0.6525595604237603,0.030373638932256346,0.9515981350015613,0.21780978803363427,0.057903218159909745,0.001522149559492607,1.0
785,1.0,1.0,1.0,1.0,1.0,1.0,1.0,1.0,0.9982998864741326,0.9995857236149975,0.994992982964593,0.723451485453322,0.9999722479305918,0.9750043237973742,0.9866775865122688,0.2475994157084519,2.0
786,1.0,1.0,1.0,1.0,1.0,1.0,0.0,0.0,0.9810375538171233,0.9269476317326466,0.9472804190428228,0.9087674406639901,0.9932289162672167,0.7454316297515967,0.09749242363377042,0.06126699725019531,3.0
787,1.0,1.0,1.0,1.0,1.0,1.0,1.0,1.0,0.9995872021264973,0.9999879834911758,0.9998767858878489,0.9995548789764107,0.9998877811208625,0.9996898767077336,0.9999864531546524,0.5629671986850138,3.0
788,0.0,0.0,0.0,0.0,0.0,0.0,0.0,0.0,0.020846216310700046,0.00023055714994802385,0.0014797781692250812,7.813562185196072e-05,0.002107192457422188,0.0027835345901604013,0.013036881322427377,0.000211288963726033,2.0
789,0.0,0.0,0.0,0.0,0.0,0.0,0.0,0.0,0.003405822793147462,0.09762716309781706,0.018993129104965076,0.0004668657359430229,0.23811902807640103,0.04162965914269726,0.008185400745942649,7.673239716276989e-05,3.0
790,0.0,0.0,0.0,0.0,0.0,0.0,0.0,0.0,0.0004977617502075787,0.006259520369115189,0.0006382478796467367,0.0005033114591416378,0.007767343967477283,0.0013241407584782228,0.004616686639324401,0.00016756782981954454,1.0
791,0.0,0.0,0.0,0.0,1.0,0.0,0.0,0.0,0.002913871967448274,0.02511931667043884,0.044551559559041776,0.0021088703886212807,0.1226104000560932,0.04088348439993333,0.003979813413909713,0.00030444419053567086,4.0
792,0.0,0.0,0.0,0.0,0.0,0.0,0.0,0.0,0.0024950960065133923,0.0023216170209069582,0.003475481652543146,0.00041215709589182754,0.0037474166803308563,0.0015433026168887494,0.004991954405678512,0.00026880236303158386,3.0
793,0.0,0.0,0.0,0.0,0.0,0.0,0.0,0.0,0.03080965846030749,0.021621399501656317,0.04480666444436659,0.07068199122210236,0.04785233923537167,0.0013447195256426079,0.27507436315640516,0.0011172898084613652,1.0
794,0.0,0.0,0.0,0.0,0.0,0.0,0.0,0.0,0.005367028014319103,0.004956714022527532,0.0025886866884330317,0.00025672376174863725,0.015166246469858036,0.002459624780370713,0.004362678825319553,0.00019735576526919802,4.0
795,1.0,1.0,1.0,1.0,1.0,1.0,1.0,1.0,0.9999510505030959,0.9802751969627355,0.9989582979070726,0.9994595115095986,0.9999507509640647,0.9923078381650721,0.9947701765357739,0.8782259751070342,4.0
796,0.0,0.0,0.0,0.0,0.0,0.0,0.0,0.0,0.007686487912425721,0.003037953567557283,0.01350503396963602,0.0004935658869039538,0.021789014739514837,0.0013881542311981606,0.010157955303626705,0.0006058027345569693,0.0
797,1.0,1.0,1.0,1.0,1.0,1.0,1.0,1.0,0.9972788852934676,0.9998092195421194,0.9999628451321743,0.9929658356587318,0.9999899353584798,0.9996555108604886,0.9845858270822138,0.13186373684248848,3.0
798,0.0,0.0,0.0,0.0,0.0,0.0,0.0,0.0,0.0008477129666234568,0.002563776744532022,0.0012435675943515611,0.000304087623041965,0.002486259170112079,0.0011460808493893348,0.011752177513592395,0.0002868241916058378,0.0
799,0.0,0.0,0.0,0.0,0.0,0.0,0.0,0.0,0.0041948079786946636,0.005378721827227917,0.00210693990343382,0.000820332666172449,0.013843616674882169,0.004343902323005683,0.011780340860685957,0.0002775175161982141,0.0
800,0.0,0.0,0.0,0.0,0.0,0.0,0.0,0.0,0.004454149854575145,0.007792547343005269,0.0012212110507431207,0.00035053088729445595,0.022991471384769434,0.0005839405136340501,0.03941327577783529,0.0001837773584004737,0.0
801,0.0,0.0,0.0,0.0,0.0,0.0,0.0,0.0,0.002995484934474761,0.011018073828749968,0.00029239268470982794,0.0002796546066018917,0.014501568360702996,0.000867271822202039,0.016551846817534587,0.00021905950450699327,0.0
802,0.0,0.0,0.0,0.0,0.0,0.0,0.0,0.0,0.002985545935978749,0.003950838413558181,0.0019953448815589717,0.001196642032277475,0.05701281002951125,0.0020853048597566,0.003950609504326905,0.00022672140670473997,0.0
803,0.0,0.0,0.0,0.0,0.0,0.0,0.0,0.0,0.045026781026508006,0.034104339753070055,0.007948668644555476,0.00017536622437447987,0.0035957780284274093,0.003511148978600271,0.03220052079841759,0.0004298567419757867,3.0
804,0.0,0.0,0.0,0.0,0.0,0.0,0.0,0.0,0.002307028777673192,0.003336016621632743,0.0035764125092097245,0.0008549704984356485,0.0036739159297561465,0.0029355193252510307,0.03596991301572781,0.00037828019791308126,4.0
805,1.0,1.0,1.0,1.0,1.0,1.0,1.0,1.0,0.955454173357612,0.9884477801701197,0.997341761088979,0.7696273259232771,0.9992596171658649,0.8538416817100285,0.9483792540899619,0.3410030878902954,4.0
806,0.0,0.0,0.0,0.0,1.0,0.0,0.0,0.0,0.02576043932759898,0.03834273301309487,0.054635770741270816,0.0003472960292406889,0.5311867129937745,0.057783940708016554,0.012721729698602788,0.0005527857843811621,1.0
807,1.0,1.0,1.0,1.0,1.0,1.0,0.0,0.0,0.9843662202885048,0.5505250599227842,0.9965681488610523,0.9898644791776904,0.9981699205281481,0.9559195750368985,0.583944926556974,0.13282277577210563,3.0
808,1.0,1.0,1.0,1.0,1.0,0.0,0.0,0.0,0.9981649731297282,0.9868858642068712,0.9868574154259698,0.9886493872708212,0.9993569844067354,0.7027563626674913,0.06154939264813388,0.048989357762483504,0.0
809,1.0,1.0,1.0,0.0,1.0,0.0,1.0,0.0,0.9873668186285869,0.9892505976984501,0.9807273734903712,0.9104209822842139,0.9990575760414958,0.7439173143734484,0.591369985022436,0.1044453666161677,3.0
810,0.0,0.0,0.0,0.0,0.0,0.0,0.0,0.0,0.0019408862288317562,0.009118961223452807,0.002211823740000203,0.0003064032651134821,0.017866849707064637,0.0020301240441788406,0.00498544345325707,7.435558880564441e-05,1.0
811,0.0,1.0,1.0,1.0,1.0,1.0,1.0,0.0,0.9856402954042173,0.9989745065915512,0.9897623713004686,0.9563846177366858,0.9999994008940661,0.9992461193570116,0.7337848862475715,0.04531424646235216,3.0
812,1.0,1.0,1.0,1.0,1.0,1.0,1.0,0.0,0.9922044937562207,0.9999477810115749,0.9999005498084058,0.9996111404648719,0.9999654058378361,0.9951493273773445,0.9857739146934388,0.4897516943997444,4.0
813,0.0,0.0,0.0,0.0,0.0,0.0,0.0,0.0,0.0016833640937297084,0.002918697105535439,0.0017356543262876845,0.0003244942118361067,0.014704639219261451,0.0017573336038951455,0.004250390290383309,5.4106617646963204e-05,2.0
814,1.0,1.0,1.0,1.0,1.0,1.0,1.0,0.0,0.8862707299904022,0.9994443949049481,0.999703202984139,0.9889913127161235,0.9998928575028492,0.9996716597022173,0.9483738941404299,0.5528651665370614,1.0
815,1.0,1.0,1.0,1.0,1.0,1.0,1.0,1.0,0.9890902773087038,0.9985752304978586,0.999670143421956,0.9992939170452576,0.9997774651018505,0.686164779514532,0.9982312334579161,0.9121193632638661,4.0
816,0.0,0.0,0.0,0.0,0.0,0.0,0.0,0.0,0.02592366927792717,0.0035839711373898647,0.006654959749364718,0.0004825013327719983,0.04065171594718704,0.0005018674824440282,0.005981087988804828,0.00017090652300507804,1.0
817,1.0,1.0,1.0,1.0,1.0,1.0,1.0,1.0,0.9999865183742739,0.999917111382206,0.9980284690305387,0.9935557362442023,0.9999530966567403,0.9686083601444797,0.9568814062877953,0.9976676964668592,2.0
818,0.0,1.0,1.0,0.0,1.0,1.0,0.0,0.0,0.7221458400018792,0.9941763412108907,0.9992808251983831,0.1599323329222065,0.9999197262065138,0.8744202876059614,0.22046021168556867,0.002680668181396004,4.0
819,1.0,1.0,1.0,1.0,1.0,1.0,1.0,0.0,0.9916323222947799,0.9999536360418783,0.9995089363354656,0.9982367318938932,0.999986264826698,0.9943316784826974,0.5864677238944606,0.26600980294538246,2.0
820,0.0,0.0,0.0,0.0,0.0,0.0,0.0,0.0,0.004890948426071713,0.004927177858362112,0.001339567060740116,0.0002311327959981318,0.0027253193424864675,0.0031684909756621708,0.005535738912572842,0.00014819336764236414,3.0
821,1.0,1.0,1.0,1.0,1.0,1.0,1.0,0.0,0.7804873735099248,0.9929656292059083,0.9974854735643413,0.8663982091190521,0.9999456924840242,0.9795792324595084,0.9304069962917382,0.04657675085173449,4.0
822,1.0,1.0,1.0,1.0,1.0,1.0,0.0,0.0,0.9994721280852991,0.994068026576708,0.9693251940020918,0.9197720099646698,0.9917858039505429,0.9850984544990157,0.41952301474855375,0.12516738611652387,0.0
823,1.0,1.0,1.0,1.0,1.0,1.0,0.0,1.0,0.9999877450865793,0.9991890354905997,0.9420389118833352,0.9998246346932669,0.9994546772026724,0.8122141724030834,0.17662795600533354,0.9950853089844728,2.0
824,1.0,1.0,1.0,1.0,1.0,1.0,1.0,1.0,0.9999395812444459,0.9991172478139746,0.9959636209947377,0.9976791153508285,0.9999380389913785,0.9996886947284783,0.757378797206098,0.9566311350871565,1.0
825,1.0,1.0,1.0,1.0,1.0,1.0,0.0,0.0,0.7629842248273746,0.9970656810191798,0.9999313242203878,0.9879625111565142,0.9998434563905161,0.964814041748098,0.13033486468360225,0.006295878385255596,3.0
826,1.0,1.0,1.0,1.0,1.0,1.0,1.0,1.0,0.9951652482176231,0.9999936552562401,0.9999256059736906,0.9998105765394905,0.9998066342083587,0.9998774256484919,0.9993882792538521,0.6500659938049697,2.0
827,1.0,1.0,1.0,1.0,1.0,1.0,1.0,1.0,0.9999106508906731,0.9998640408726278,0.999070303361977,0.9986926895840352,0.9999062591982968,0.9944118018164698,0.9752403969486718,0.9993851252585599,2.0
828,0.0,1.0,1.0,1.0,1.0,1.0,0.0,0.0,0.9127486021453586,0.9924306518254947,0.9976706343177832,0.9831815728710525,0.999142072657972,0.9965622060281526,0.2740748664220955,0.023996261649192045,1.0
829,0.0,0.0,0.0,0.0,0.0,0.0,0.0,0.0,0.0021216672368030835,0.005074841223073726,0.0030265191913604484,6.438036853415484e-05,0.014605567284974258,0.002372331908762734,0.014462833292653321,0.0005565578935183197,0.0
830,0.0,0.0,0.0,0.0,0.0,0.0,0.0,0.0,0.0019633853941734662,0.002329778495707844,0.0049396159489167295,8.675676920211695e-05,0.006334659919813299,0.00039901119612466366,0.001546631165244221,0.00010261580293935732,1.0
831,1.0,1.0,1.0,1.0,1.0,1.0,1.0,1.0,0.9999981276168248,0.9999996719067683,0.9985007920892373,0.9969725620155385,0.9998261833064938,0.9995016621615457,0.9993764100262782,0.9997046749674152,4.0
832,0.0,0.0,0.0,0.0,0.0,0.0,0.0,0.0,0.025113480527149793,0.002049352048602092,0.007740266951788744,0.0009297250833954383,0.0038256564893888265,0.004295874855932817,0.024127885492121814,0.00033708060551691777,2.0
833,0.0,0.0,0.0,0.0,0.0,0.0,0.0,0.0,0.004566632062171466,0.0011793034700991537,0.0015114976566485763,0.00017359670182332936,0.009849280243639444,0.0003441192318101208,0.0030484941007377898,0.0006541110014504387,0.0
834,0.0,1.0,1.0,0.0,1.0,0.0,0.0,0.0,0.36521557388509535,0.7566867715232463,0.9033083121635124,0.11413936165409648,0.9911325014896128,0.04975076900025451,0.05899804432181037,0.0008273365137044977,3.0
835,1.0,1.0,1.0,0.0,1.0,1.0,1.0,0.0,0.9930299486950097,0.9756387705226671,0.9979002934575644,0.8354019644551709,0.998954996996518,0.996740202626521,0.983320224544917,0.6423051339846793,3.0
836,0.0,0.0,0.0,0.0,0.0,0.0,0.0,0.0,0.0013334382434118724,0.00417843896336894,0.002196454931294314,0.00012569410437979466,0.0028014720479292523,0.0021875753051282107,0.0061361509031685035,6.833626946955524e-05,2.0
837,0.0,0.0,0.0,0.0,0.0,0.0,0.0,0.0,0.001687359334212523,0.0007872762607662655,0.0019192370683641224,0.000305224407116293,0.002179684659400969,0.0019601559534722806,0.024254853952003753,0.00011266891636689701,2.0
838,0.0,0.0,0.0,0.0,0.0,0.0,0.0,0.0,0.0019144401622732592,0.003350557989326448,0.005671447980382959,0.0008863497846495666,0.016354112007553608,0.0014875330638963412,0.0037022752464347846,0.00011624839565780902,4.0
839,0.0,0.0,0.0,0.0,0.0,0.0,0.0,0.0,0.0006752175564901982,0.0032876463576588977,0.00151791346083555,0.0006127867385470401,0.015921280810023287,0.003157512400683515,0.009523058851113826,8.797023600056044e-05,4.0
840,1.0,1.0,1.0,1.0,1.0,1.0,1.0,1.0,0.9999905628821842,0.9979125017851118,0.9999961383943632,0.999961817261913,0.9999740466979334,0.9952975542677664,0.9976712941827802,0.9884574593164783,4.0
841,1.0,1.0,1.0,1.0,1.0,1.0,1.0,1.0,0.9999934705265616,0.9659296128295867,0.9999686241512018,0.9998859674556096,0.9998836646969351,0.9586514714020937,0.9958487202170331,0.9994848942968737,0.0
842,1.0,0.0,0.0,0.0,0.0,0.0,1.0,0.0,0.5058161030958744,0.005220688239629036,0.051989118427137396,0.02046004113079184,0.01485897609082195,0.0010270033882344152,0.15468359520602482,0.0030581182931048324,3.0
843,0.0,0.0,0.0,0.0,0.0,0.0,0.0,0.0,0.0012108672773395704,0.00158116876060685,0.0019942585341586826,0.0002777626819360213,0.03395461900034417,0.0003864185677887174,0.007169536326844099,0.0002905127626917481,0.0
844,0.0,0.0,0.0,0.0,0.0,0.0,0.0,0.0,0.012756929141288934,0.008856489601326777,0.006177566897725084,0.00035757105526955347,0.010886573679631858,0.0029027594902634015,0.04892615873451297,0.00031011653697487346,0.0
845,0.0,0.0,1.0,0.0,1.0,0.0,0.0,0.0,0.023183571842103193,0.297354353814421,0.3084280805765989,0.00036324170050252907,0.8064805824674848,0.25938559148410906,0.0017896090950720556,0.00046980224927987285,1.0
846,1.0,1.0,1.0,1.0,1.0,1.0,1.0,0.0,0.9941073198329695,0.9925446315535111,0.999987838026753,0.9971721808505171,0.9919934122943702,0.9976105984478001,0.4910996078349062,0.9267278847178794,2.0
847,0.0,0.0,0.0,0.0,0.0,0.0,0.0,0.0,0.003543013406334706,0.0015053981084916482,0.0019303113459084088,0.00013168902562902944,0.003875763808751684,0.0024176553156051565,0.0015365082014318647,3.960914518741755e-05,3.0
848,0.0,0.0,0.0,0.0,0.0,0.0,0.0,0.0,0.008483213517311803,0.015757012251766962,0.00743670242516324,0.0036270898697927075,0.09741518172106227,0.007314848892224879,0.005714263836323228,0.000485120927298353,1.0
849,0.0,0.0,0.0,0.0,0.0,0.0,0.0,0.0,0.0064345656044999125,0.00397947848677252,0.007698088208575524,0.0005052988123765607,0.005279335622766105,0.0034552199368628775,0.013583120041370694,0.00014648899186974466,2.0
850,1.0,1.0,1.0,1.0,1.0,1.0,1.0,0.0,0.9997742290383892,0.9999350134669496,0.9999849819865535,0.9988737569305891,0.9995469182314879,0.9999071934327997,0.9995660527362321,0.7567020823960923,2.0
851,0.0,1.0,1.0,0.0,1.0,1.0,0.0,0.0,0.09180184702976935,0.8055253679001528,0.9878016856509816,0.10381161336889937,0.997357202878999,0.952885178810535,0.07054748306601102,0.004084411831621124,1.0
852,1.0,0.0,1.0,1.0,1.0,0.0,1.0,1.0,0.9999446167495152,0.7539155146188482,0.9650952707926214,0.9911784989842618,0.6347840987543127,0.035642692395104376,0.8426628492169635,0.9848366037921236,1.0
853,0.0,0.0,0.0,0.0,0.0,0.0,0.0,0.0,0.0008673202276669519,0.0017007886178972257,0.0015839949516497649,0.0004617292370211516,0.0011272499887564835,0.0008947499551207527,0.028576092008067985,0.000359977860507179,1.0
854,1.0,1.0,1.0,1.0,1.0,1.0,1.0,1.0,0.9979637272911261,0.9999655199948857,0.9989277830770089,0.9988667043614166,0.9999401303973199,0.9997922598241961,0.2018247194677656,0.6104141123476919,0.0
855,0.0,0.0,0.0,0.0,0.0,0.0,0.0,0.0,0.0006022616580633039,0.013808934009611886,0.009243294686283036,0.002381912131097834,0.016891119830620093,0.00420037235759154,0.001863893057380139,0.0001179856945252898,1.0
856,0.0,1.0,1.0,0.0,1.0,1.0,0.0,0.0,0.16027577140472,0.5527673777734285,0.9483556407505354,0.1297452104895025,0.9968525655126098,0.6696841254614279,0.04491213561076626,0.0019508972462209363,4.0
857,0.0,0.0,0.0,0.0,0.0,0.0,0.0,0.0,0.0026833807590114543,0.008390410756325992,0.01672487679246148,0.0003639533564556872,0.01875512521904593,0.0010413358912629892,0.006035069535581897,8.445092602374166e-05,1.0
858,0.0,0.0,0.0,0.0,0.0,0.0,0.0,0.0,0.0024369860114188176,0.007000795706472075,0.003208990156080296,0.0006735298570450003,0.028599560135578513,0.0011292519047732747,0.007806323690250314,0.0002467636422470648,3.0
859,0.0,0.0,0.0,0.0,0.0,0.0,0.0,0.0,0.000987103307603675,0.0015705709698616802,0.002953787696866792,0.00029686534720271954,0.008205598043097631,0.00217411978001467,0.0002972218949736965,0.0007079859334017943,3.0
860,0.0,0.0,0.0,0.0,1.0,0.0,0.0,0.0,0.025071655685849216,0.3321098977152248,0.19007463937436125,0.20871492050164936,0.053445570519005434,0.012403055291617782,0.02021121072105074,0.0007814076406390714,4.0
861,0.0,0.0,0.0,0.0,0.0,0.0,0.0,0.0,0.0016778607929117091,0.0038036259723793703,0.001956482339528576,0.00025216950947657584,0.013684228267517442,0.003509083203799739,0.0006915743090916755,1.940593646620806e-05,2.0
862,0.0,1.0,1.0,1.0,1.0,1.0,1.0,0.0,0.9223691067032546,0.9997641717610287,0.9999637314468216,0.9917132181622172,0.9999830381618685,0.9888542385894326,0.7769225798467787,0.0022855308918539137,4.0
863,0.0,0.0,0.0,0.0,0.0,0.0,0.0,0.0,0.002537058953759952,0.0029838690284380745,0.0018124077393292762,0.00039452617886434794,0.009402227186558127,0.00378026436501458,0.00562772124244976,0.0003116955705202768,0.0
864,0.0,1.0,1.0,1.0,1.0,1.0,0.0,0.0,0.08226090757349835,0.16325195102847587,0.4887915502781652,0.14459355858024936,0.32427349809322364,0.281242088718151,0.0004118993257865306,0.00025526396144127944,0.0
865,0.0,0.0,0.0,0.0,0.0,0.0,0.0,0.0,0.0011045892290252126,0.009326445752649563,0.00684895255524166,0.0009156570089520126,0.041428702249395946,0.0012592772621822757,0.006053502562164319,0.00014600606804548842,1.0
866,0.0,0.0,0.0,0.0,0.0,0.0,0.0,0.0,0.005708598899336951,0.45357092434904495,0.19495636988468898,0.002894860022357791,0.13310291318008188,0.04080596723651404,0.47407393513561347,0.00016363259940061945,3.0
867,1.0,1.0,1.0,1.0,1.0,1.0,1.0,0.0,0.8507184971550737,0.9981972445226263,0.9994610403226057,0.9939892363857343,0.9998181863732469,0.9979219588763935,0.8093602214742893,0.11788091890552276,2.0
868,0.0,0.0,0.0,0.0,0.0,0.0,0.0,0.0,0.003558961830490677,0.0035247331777417536,0.004910338320918055,0.0004128636489683623,0.015726221419067887,0.001991101548075469,0.004661035782755368,0.0005418051305441863,3.0
869,0.0,1.0,1.0,1.0,1.0,1.0,0.0,0.0,0.9193111642504123,0.9986161283880212,0.9994534886844,0.998546576246689,0.999942084527443,0.9973592657868037,0.07473453661329706,0.12560046050947637,2.0
870,0.0,0.0,0.0,0.0,0.0,0.0,0.0,0.0,0.005918517995728963,0.009352739565776733,0.003513137729313136,0.0007875899655826653,0.0339068979942465,0.004486661976616166,0.005007882190685884,4.544897668258447e-05,3.0
871,0.0,0.0,0.0,0.0,0.0,0.0,0.0,0.0,0.002685717487249413,0.0005608304543009975,0.00458250556374577,0.0021632782716333758,0.009356349456467095,0.0010856272873018748,0.028992155671085654,0.00012830281170962235,4.0
872,0.0,0.0,0.0,0.0,0.0,0.0,0.0,0.0,0.015834981085517962,0.12618875729135304,0.0990630133597498,0.0065035351482554925,0.013601483428557866,0.0017236816596024863,0.16747389733937032,0.0010500354429957576,0.0
873,1.0,1.0,1.0,1.0,1.0,1.0,1.0,0.0,0.8218468171321553,0.9996678767408816,0.9997499451850276,0.9139698104162596,0.999949522690256,0.9999229079870171,0.708875815342106,0.16322920353434828,2.0
874,1.0,1.0,1.0,1.0,1.0,1.0,1.0,1.0,0.9999891533629777,0.9999862495861702,0.9999960154138382,0.9991304597059117,0.9998742854719717,0.99930103642764,0.9999872010691131,0.9991392133513365,4.0
875,1.0,1.0,1.0,1.0,1.0,1.0,1.0,1.0,0.9991626187604625,0.9983179993962581,0.9996926185977885,0.9994808624015303,0.9994909345189328,0.9593350133027067,0.9996052401229297,0.9424834482448509,4.0
876,0.0,0.0,0.0,0.0,0.0,0.0,0.0,0.0,0.00845830249154302,0.010859280048532375,0.011976672217931595,0.003981465593058233,0.028490538932706262,0.008079988261012212,0.03771576335816532,0.000872728372904663,4.0
877,1.0,0.0,1.0,1.0,1.0,0.0,0.0,0.0,0.856826437048679,0.8590838841922245,0.9998967774960648,0.9943803338717355,0.9898844816076584,0.3081729164411745,0.3619612630068353,0.1579310209632629,0.0
878,1.0,0.0,1.0,1.0,0.0,0.0,0.0,0.0,0.879878927181103,0.248086142136618,0.9889847294424616,0.9977651327837366,0.8121296381756153,0.040688723165648734,0.010961337463034673,0.03835711872871835,4.0
879,1.0,1.0,1.0,1.0,1.0,1.0,1.0,0.0,0.9976028356448818,0.9967839148860673,0.9966723221506633,0.9986577459107383,0.9997103002283905,0.9991463998613542,0.8110714531115555,0.21959060040322692,3.0
880,0.0,0.0,0.0,0.0,0.0,0.0,0.0,0.0,0.011048774344034491,0.003981782107940328,0.009860949729638385,0.0005887957152384736,0.015400831967824114,0.005969320912924663,0.003415100030964573,0.00032602069554114925,0.0
881,1.0,1.0,1.0,1.0,1.0,1.0,1.0,0.0,0.23758685276771938,0.9825843384292448,0.9959900298348042,0.9883206367106324,0.9965014373953737,0.8742426746105284,0.35938903914824416,0.003987018374582017,3.0
882,0.0,0.0,0.0,0.0,0.0,0.0,0.0,0.0,0.005768340243279622,0.01125304731057186,0.013554476137570944,0.0005404460732185373,0.015221288495938973,0.005344011537776931,0.005655921454707283,0.0014294218302136588,3.0
883,1.0,1.0,1.0,1.0,1.0,1.0,1.0,1.0,0.9999668952774233,0.999989960731739,0.9992378234683372,0.9952559927894848,0.9998008941782325,0.9993278150369231,0.9955390945867352,0.9932184260889783,4.0
884,1.0,1.0,1.0,1.0,1.0,1.0,1.0,1.0,0.9999996844573994,0.9999947366851775,0.9999193292958745,0.9991483527190952,0.9996220271878529,0.9996907178032467,0.9995344326148193,0.9999507258516451,1.0
885,0.0,0.0,0.0,0.0,0.0,0.0,0.0,0.0,0.002398602415204312,0.009935342774804679,0.001836818441224341,0.00028342210071350115,0.0065850393256496964,0.003575071545908851,0.013125812151349597,0.0001679476161042298,4.0
886,0.0,1.0,0.0,0.0,1.0,0.0,0.0,0.0,0.2654494950127552,0.8432666378153594,0.7935966949993496,0.03500537745174884,0.9915252788956703,0.8598224499461996,0.00444303561628333,0.007727072855127916,3.0
887,0.0,1.0,1.0,0.0,1.0,1.0,0.0,0.0,0.03343979648413971,0.4953837298031003,0.2253525562156099,0.012981676686442357,0.12216679523962909,0.029154481512394994,0.025889749991891985,0.00265691808757086,3.0
888,0.0,0.0,0.0,0.0,0.0,0.0,0.0,0.0,0.011533029310897292,0.03307788214221908,0.007561429453588851,0.0017725829659453525,0.07047729724416063,0.007280215511051583,0.004951448081233036,0.00031790992755211303,2.0
889,1.0,1.0,1.0,1.0,1.0,1.0,1.0,1.0,0.999514605034655,0.9997596519195125,0.9987997341682521,0.997076623837919,0.9999321407832256,0.9997172895398534,0.9967171562020795,0.9990148677679216,2.0
890,0.0,0.0,0.0,0.0,0.0,0.0,0.0,0.0,0.004388716002414245,0.009520277728567962,0.0033087019820441737,0.0020359082649206166,0.09019240162322271,0.0006405712781704788,0.03262383650364332,0.0004134773203251766,1.0
891,0.0,1.0,1.0,1.0,1.0,1.0,0.0,0.0,0.12491484731353238,0.9997810526046769,0.998752020666919,0.06853821672797704,0.9987809937225767,0.9557856341173011,0.14450454099998622,0.004990426994274812,2.0
892,1.0,1.0,1.0,1.0,1.0,1.0,1.0,1.0,0.9119596401956472,0.9876471185906127,0.9997949927886142,0.987098784111223,0.999800337997427,0.9613607186582831,0.6282461245411042,0.0319270579430511,3.0
893,0.0,0.0,0.0,0.0,0.0,0.0,0.0,0.0,0.0036179658084302168,0.005290835474210395,0.01416988359477952,0.0003308414187458215,0.0013604255775336728,0.000675311700239745,0.003268812716535186,0.0005641806118833988,1.0
894,1.0,1.0,1.0,1.0,1.0,1.0,1.0,1.0,0.9999883527450151,0.999970860399258,0.9998777892297637,0.9905925246921669,0.9999673184419418,0.9992312561398814,0.9858593262794697,0.9983944312242924,2.0
895,0.0,0.0,0.0,0.0,0.0,0.0,0.0,0.0,0.14738149352193486,0.25170088829256854,0.020268489852422387,0.0042972529415802214,0.023643118949278494,0.08024757920402022,0.0027559638785238038,0.0003971530637208842,0.0
896,0.0,1.0,0.0,0.0,0.0,0.0,0.0,0.0,0.02438734932165738,0.7552544086408742,0.08962545231084733,0.0020803138311348314,0.029018085435033193,0.006146917331662537,0.000705716156109836,0.00041279081527437547,1.0
897,0.0,0.0,0.0,0.0,0.0,0.0,0.0,0.0,0.0012236256711441833,0.0059447264742813035,0.00441473684946137,0.0001750743296723084,0.0061121962363672065,0.0014111049687365353,0.01617730403195268,0.0003327706017588816,4.0
898,1.0,1.0,1.0,1.0,1.0,1.0,1.0,1.0,0.9999916061671943,0.9999984846470228,0.9997931826293683,0.9991779703552898,0.9999544689495863,0.9997564525941621,0.9862123807527381,0.9994666368612605,2.0
899,1.0,1.0,1.0,1.0,1.0,1.0,1.0,1.0,0.999825758818917,0.9999898112395305,0.9999700808691213,0.9984263808204834,0.9996485745341472,0.9984617948306043,0.9983680253111019,0.9807272306528404,0.0
900,0.0,1.0,1.0,0.0,1.0,1.0,0.0,0.0,0.7581033040358498,0.9991102528240663,0.9980421609043015,0.6429419036044621,0.9981609461113302,0.9992230653573773,0.44368682502294415,0.05637163693814245,0.0
901,0.0,0.0,0.0,0.0,0.0,0.0,0.0,0.0,0.0018551965517852502,0.03521751032579262,0.11176096477359745,0.0002575004455356215,0.021741252221175542,0.0011852119075134542,0.005700606572698648,4.53772475747838e-05,0.0
902,0.0,1.0,1.0,1.0,1.0,1.0,0.0,0.0,0.3469940634988728,0.9862293028070455,0.9969224350867384,0.9905291673058374,0.9988332110176559,0.9516416559419497,0.01915578335990456,0.006700619229557987,1.0
903,0.0,0.0,0.0,0.0,0.0,0.0,0.0,0.0,0.0015634994940143937,0.0009430527660671234,0.001648927623340071,0.00025915684042560516,0.0030002903377686157,0.0007120097196812821,0.004007534403534766,0.00015226396606011472,3.0
904,1.0,1.0,0.0,0.0,1.0,0.0,0.0,0.0,0.9442405727218728,0.9818932068992219,0.9300303108152895,0.43276836063912855,0.990153974018587,0.17905199197794028,0.8604609861344968,0.2849683716050458,1.0
905,0.0,0.0,0.0,0.0,0.0,0.0,0.0,0.0,0.002153596338214752,0.0019317841308502432,0.0024542614102975816,0.00025121278057953136,0.0030458606308412938,0.0007518482229236151,0.001457720329123433,6.908662440484072e-05,3.0
906,1.0,1.0,1.0,1.0,1.0,1.0,1.0,1.0,0.9992742448519256,0.99974976525397,0.9996363245877615,0.9705458167786496,0.9982578605552489,0.9995933227056498,0.9810444254238554,0.5031498467799274,4.0
907,0.0,0.0,0.0,0.0,0.0,0.0,0.0,0.0,0.012863695748724147,0.034501685175686705,0.03951422153508248,0.0005155359782351875,0.04927262711456858,0.003592905057162228,0.022388589065417085,0.0016725606780031016,0.0
908,0.0,0.0,0.0,0.0,1.0,1.0,0.0,0.0,0.11332227750642804,0.8407136413472398,0.9083666450833896,0.028474831883474345,0.9999556721596277,0.6716745695061825,0.03555425324800477,0.0011564605747590385,4.0
909,1.0,1.0,1.0,0.0,1.0,0.0,1.0,1.0,0.9974670959814427,0.9874849111978797,0.997226106834276,0.9977012299609167,0.9738198878736671,0.9871142288648412,0.9951161299110434,0.5034883405337399,2.0
910,1.0,1.0,1.0,1.0,1.0,1.0,1.0,1.0,0.9999734092333898,0.9997965192578881,0.9987511358560412,0.9992711571325281,0.9999575011701088,0.9673017574493827,0.9848823810582631,0.9942458187588861,2.0
911,0.0,0.0,1.0,0.0,1.0,0.0,1.0,0.0,0.005452258173975058,0.06530417267630588,0.03623135271733281,0.0009560434956609076,0.12459851817669945,0.03495575877085797,0.0337366247855529,0.0007130556010278186,0.0
912,1.0,1.0,1.0,1.0,1.0,1.0,1.0,0.0,0.9899055777616422,0.9871891688166397,0.9995236189063463,0.9982586137635093,0.9944479417192618,0.9930977696874129,0.9994329137526482,0.19851476693550868,2.0
913,0.0,0.0,0.0,0.0,0.0,0.0,0.0,0.0,0.0026047687209448723,0.0569460124454321,0.003002181148980418,0.0012298600577115967,0.3212634439494536,0.006198527009895209,0.023269888995992458,8.058115351083271e-05,2.0
914,1.0,1.0,1.0,1.0,1.0,0.0,1.0,1.0,0.9988219396073477,0.9920116473825858,0.9942866844014913,0.9996093595959104,0.9975558591408529,0.2775632747724223,0.8419760957529642,0.9624071838875891,2.0
915,1.0,1.0,1.0,1.0,1.0,1.0,0.0,0.0,0.4122436642581779,0.9983135289139671,0.9995000782440558,0.9966160574862518,0.9999478654269843,0.9918029023917347,0.059359209057018886,0.014383555457674165,3.0
916,0.0,0.0,0.0,0.0,0.0,0.0,0.0,0.0,0.004893647585894096,0.0060675364446066546,0.0028508477418247454,0.0021458835135921665,0.010765480059592587,0.001131060184000499,0.0006309466050335011,0.00012205167031197272,3.0
917,0.0,0.0,0.0,0.0,0.0,0.0,0.0,0.0,0.006901360515423751,0.0010091428969034471,0.0028472430026246407,0.0001832728787998507,0.007964603599128081,0.001456554972348119,0.010682816091030818,0.0003701254058478935,3.0
918,0.0,0.0,0.0,0.0,0.0,0.0,0.0,0.0,0.003460785786847085,0.003514839105635073,0.0013102491873881867,0.0004226847176206562,0.01044636811571279,0.0032309860665334237,0.013268329240837025,0.00033911255910788583,4.0
919,1.0,1.0,1.0,1.0,1.0,1.0,0.0,1.0,0.9998818391400196,0.9996934278326329,0.9998892626076883,0.999473683928416,0.9997062615635058,0.9963870482475824,0.9505006912086814,0.9766810723065282,2.0
920,1.0,1.0,1.0,1.0,1.0,1.0,0.0,1.0,0.999987610678317,0.9986797399304276,0.9994246048792603,0.9975973342802785,0.9865963087920537,0.6537667479822272,0.9051899388623803,0.9897095580409991,1.0
921,0.0,0.0,0.0,0.0,0.0,0.0,0.0,0.0,0.0017111033815850173,0.003206967734754587,0.0021064803881351984,7.2511309686491e-05,0.005210009584297153,0.0005137997675333729,0.003986265370445145,0.00018707944767958184,0.0
922,0.0,0.0,0.0,0.0,0.0,0.0,0.0,0.0,0.00011813939874775861,0.0015898756612345152,0.0029127828886418307,0.00016614656257366587,0.003900724799266752,0.0007116545944831864,0.0025494057595898336,8.826583842223891e-05,2.0
923,0.0,0.0,0.0,0.0,0.0,0.0,0.0,0.0,0.13083559053248833,0.010461171740241672,0.02447782875080713,0.003377253834222567,0.010230422755941496,0.0021129958873040066,0.02503186101865846,0.0008395792002162221,1.0
924,0.0,0.0,0.0,0.0,0.0,0.0,0.0,0.0,0.003748161291454127,0.0007163648336888347,0.0008185190663149212,0.00024945068386320404,0.0018200037193470222,0.00043822822935124316,0.01815686275108184,0.00014672902009068772,3.0
925,0.0,0.0,0.0,0.0,0.0,0.0,0.0,0.0,0.010780345965036173,0.01663256949173181,0.0024267139377245825,0.00025655990939870256,0.041939234769653354,0.012568508678885431,0.016505491476645283,0.0002270409891223925,4.0
926,1.0,1.0,1.0,1.0,1.0,1.0,0.0,0.0,0.9950126672128604,0.960968607408039,0.9769631944214122,0.9524549073757305,0.9117732354732481,0.9955402784393996,0.24497220913625517,0.053828283011347844,3.0
927,1.0,1.0,1.0,1.0,1.0,1.0,0.0,0.0,0.832562037161025,0.9258887427066451,0.9924184617548503,0.4377061852290163,0.991870471530774,0.8470060751466286,0.5275731361586115,0.00996904006253223,0.0
928,1.0,1.0,1.0,1.0,1.0,1.0,1.0,1.0,0.9999933382784539,0.9999614274315685,0.9991603039745609,0.999098501867651,0.9998960502434352,0.9993967104065344,0.9809190678644154,0.9962974892927383,3.0
929,1.0,1.0,1.0,1.0,1.0,1.0,1.0,0.0,0.9499646762846682,0.9931169629261327,0.9603184083555546,0.06646608847434393,0.9409177539469817,0.9756352935496029,0.34261693337669125,0.015683499424877314,2.0
930,1.0,1.0,1.0,1.0,1.0,1.0,1.0,1.0,0.9963969976690018,0.9484992707430788,0.9886983645433054,0.9925003257299984,0.999374481268944,0.9714868318572518,0.9834990739668732,0.3800198704365635,1.0
931,1.0,1.0,1.0,0.0,1.0,1.0,1.0,0.0,0.009395974522338386,0.48102358874999573,0.1374179217803595,0.0006094675364384317,0.5042490859132115,0.24642791572224293,0.12158413379409687,0.0011193796034964679,4.0
932,0.0,0.0,0.0,0.0,0.0,0.0,0.0,0.0,0.00439583045903524,0.01849676130719525,0.007368056219527556,0.0011230364855898435,0.0018593718935849283,0.0006501328121637899,0.006867225171384775,0.00039492888053103194,1.0
933,0.0,0.0,0.0,0.0,0.0,0.0,0.0,0.0,0.0030569381929234046,0.0007582554973097374,0.00032887477717315834,0.00020951847349079777,0.002072519828344556,0.0003739222087717864,0.023509925792593773,0.0006409317490839912,4.0
934,0.0,0.0,0.0,0.0,0.0,0.0,0.0,0.0,0.004547714839382993,0.0025951285492480957,0.006253930979040347,0.0010863350784265063,0.004019098598226522,0.00026607614878773205,0.024569962971383356,0.0012229831980787615,3.0
935,1.0,1.0,1.0,1.0,1.0,1.0,1.0,0.0,0.9887866018057426,0.9236860759598995,0.9339542191736525,0.9979666439703921,0.9983727665469343,0.8902919177031959,0.8040284861578519,0.08759177661551235,1.0
936,0.0,1.0,0.0,0.0,0.0,0.0,0.0,0.0,0.6147765608178083,0.7237969729934697,0.5073856238656572,0.03464044721065789,0.7525753897193092,0.018220157850793325,0.16858527108259908,0.012681435491133956,2.0
937,1.0,1.0,1.0,1.0,1.0,1.0,0.0,0.0,0.9984455638955613,0.9968625595258239,0.9856323506308838,0.9979277792418332,0.999921776798331,0.8349599417297136,0.0066326182546811475,0.17242263254538995,3.0
938,1.0,1.0,1.0,1.0,1.0,1.0,1.0,0.0,0.9250935858519428,0.9940168103618435,0.9785897539247412,0.8787909046122232,0.9997785925924227,0.9582479813027904,0.9860214249971921,0.013195511728769165,0.0
939,0.0,0.0,0.0,0.0,0.0,0.0,0.0,0.0,0.0013698485083653714,0.0007327871422796506,0.013520341430610766,0.0012827185903445477,0.037825446079610824,0.004589861991435723,0.0025050930489025074,0.00026812787977445934,3.0
940,0.0,0.0,0.0,0.0,0.0,0.0,0.0,0.0,0.0060633945352545635,0.03106324212600254,0.014131563171152378,0.0003195990970711079,0.010335810390399935,0.0025089538008462395,0.003811574112576609,0.000209082672620967,2.0
941,0.0,0.0,0.0,0.0,0.0,0.0,0.0,0.0,0.008065123581102623,0.0004052816842407433,0.001343480209030113,0.00013279193484925836,0.011691220490797927,0.0003430988189232525,0.0020410815930423393,0.0005656934880586882,3.0
942,0.0,0.0,0.0,0.0,0.0,0.0,0.0,0.0,0.0019156075652079344,0.0008875242796110853,0.0021645604734846966,0.0002089460794437742,0.007177470342413545,0.0009666253964458661,0.0003528449861053283,0.00040130606521393184,4.0
943,0.0,0.0,0.0,0.0,0.0,0.0,0.0,0.0,0.002715844665241276,0.0012489726942527045,0.00459247953788871,0.00021933971596132455,0.0014255177278457883,0.0007541095932337151,0.004140355918125219,0.0012550714193800762,3.0
944,1.0,1.0,1.0,1.0,1.0,1.0,1.0,1.0,0.9997206747091845,0.9998679637519625,0.9999472255107954,0.9997990984372797,0.9997782497942821,0.9936156622526032,0.9254281607806945,0.6182885954367876,0.0
945,0.0,0.0,0.0,0.0,0.0,0.0,0.0,0.0,0.0018627521166167216,0.0038281398104488096,0.0024735972306281855,0.0004143180925736252,0.015578940126202367,0.0010567087065625732,0.004368937602480509,0.00029987884025887485,3.0
946,1.0,1.0,1.0,1.0,1.0,1.0,1.0,1.0,0.9999265985745018,0.99834362033119,0.9997435803650165,0.9994134179323939,0.9974011973493866,0.9978216551782935,0.8924474590278959,0.6558107440021024,0.0
947,1.0,1.0,0.0,0.0,1.0,1.0,0.0,0.0,0.8168983781253482,0.9990600199814135,0.960687704314864,0.9153999107313169,0.9988509016613664,0.9192428287013416,0.04689100383535412,0.12162483354854337,1.0
948,1.0,1.0,1.0,1.0,1.0,1.0,1.0,0.0,0.9992240831423012,0.9998382867562295,0.999450552557293,0.9946387254827977,0.9992989176948289,0.9999543678887767,0.9439538419401354,0.3753464167169016,3.0
949,1.0,1.0,1.0,1.0,1.0,1.0,1.0,0.0,0.9993400306376178,0.9989781535073091,0.9998990112409551,0.9690284992049699,0.9999936103802961,0.9997237610412754,0.9999238372381903,0.1065637712567415,2.0
950,0.0,0.0,0.0,0.0,0.0,0.0,0.0,0.0,0.12030490169007177,0.8435350154959955,0.9394900834928399,0.04788724921093517,0.94850988007999,0.04422933014561963,0.0337374983183486,0.0005337989897610337,2.0
951,1.0,1.0,1.0,1.0,1.0,1.0,1.0,1.0,0.9987772441965447,0.9991922627626798,0.9975472634406031,0.9833759544614064,0.9998933678026414,0.9991357137969585,0.9583598255873436,0.22890014917478232,1.0
952,0.0,1.0,1.0,0.0,1.0,1.0,0.0,0.0,0.16175181090456164,0.9926289043773352,0.9882304171908982,0.44640777268168047,0.9999956346367807,0.9847907379711052,0.05587963869112582,0.012009238871191269,3.0
953,1.0,1.0,1.0,1.0,1.0,1.0,1.0,0.0,0.8374282132861747,0.9058837685283629,0.9997312143387725,0.977594008255765,0.9996479449246666,0.9695245355083143,0.14632494299427842,0.017189191072207635,0.0
954,1.0,1.0,1.0,1.0,1.0,1.0,1.0,0.0,0.9561081795309129,0.9825050740576895,0.9995133159628948,0.9631913556413052,0.9998956280164568,0.9884182593817464,0.8198937436638016,0.052189815590555605,1.0
955,0.0,0.0,0.0,0.0,0.0,0.0,0.0,0.0,0.0022503821372559614,0.024124587846200283,0.0018093518715497656,0.00024433838208658934,0.006363796576043017,0.006145548389622731,0.01849183492049835,0.00048728766775525613,4.0
956,1.0,1.0,1.0,1.0,1.0,1.0,1.0,1.0,0.9987575577631334,0.9934461213525851,0.999425935083713,0.9909420830581912,0.9997712206696364,0.9865275055078766,0.9531249402016003,0.8138111180570664,2.0
957,0.0,0.0,1.0,0.0,0.0,0.0,0.0,0.0,0.02801950596244127,0.03986128184570092,0.008310286137909358,0.004301730673714895,0.3725609379703896,0.0017058357030906833,0.0581816549392541,0.0008875543633859924,4.0
958,1.0,1.0,1.0,1.0,1.0,1.0,1.0,1.0,0.9999839385780604,0.9999679725577444,0.9998756275224777,0.9995631907226261,0.9999935722683547,0.9966903024818357,0.9988329452886521,0.9950526635808411,2.0
959,1.0,1.0,1.0,1.0,1.0,1.0,1.0,1.0,0.9999851695607072,0.9998069758627739,0.9999270122292349,0.9969939803404699,0.9997725058501284,0.9900791456927239,0.9978286577799851,0.9765622119084065,4.0
960,0.0,0.0,0.0,0.0,0.0,0.0,0.0,0.0,0.04694503730467119,0.06355298505663208,0.013714453528827601,0.001004785661370903,0.11011326911538151,0.0006771902100959783,0.0356629375137377,0.00014740630580983394,3.0
961,1.0,1.0,1.0,1.0,1.0,1.0,1.0,1.0,0.9999912432570338,0.9999632700821354,0.9983719273086463,0.9966756476805418,0.9999233925069382,0.994438624747681,0.9076328508986564,0.9890323046430217,0.0
962,0.0,0.0,0.0,0.0,0.0,0.0,0.0,0.0,0.07740741112499705,0.04743948494047699,0.041416113225080216,0.005248204404227008,0.06117810843961722,0.011055780451541057,0.09103037254750652,0.0009459742884922155,3.0
963,1.0,1.0,1.0,1.0,1.0,1.0,1.0,1.0,0.9995879603292757,0.999809607715418,0.9841945003325034,0.9994899675440986,0.9997712820509522,0.9426088059641647,0.9993330527621854,0.8434432902316037,1.0
964,0.0,0.0,0.0,0.0,0.0,0.0,0.0,0.0,0.001418540115710872,0.14946348172378937,0.04342817474840958,0.006859852430279983,0.2318960517640658,0.050300680480715995,0.008173737796756382,0.0002012526105946009,1.0
965,1.0,0.0,1.0,0.0,1.0,1.0,0.0,0.0,0.019562950442909014,0.3090302715651704,0.26784188327668684,0.0016520461835333392,0.7373559750213096,0.3222297129008373,0.024216222870532714,0.0007470660692468491,1.0
966,1.0,1.0,1.0,1.0,1.0,1.0,1.0,0.0,0.9893791218009154,0.9902164429328598,0.999118866933136,0.9799878412473739,0.9985203112954276,0.9886288420514695,0.9791928710263892,0.1350472853273561,1.0
967,0.0,0.0,0.0,0.0,0.0,0.0,0.0,0.0,0.0009455932342468334,0.003984069241420047,0.0006032441287220916,0.00024691186618933125,0.0012896392694915456,0.001255005604151362,0.0027793576332811876,8.531444277625375e-05,0.0
968,1.0,1.0,0.0,0.0,0.0,0.0,0.0,0.0,0.2275645794724365,0.8692708521527536,0.9415893197543628,0.7530632432566495,0.9569956388837433,0.614649987530553,0.07178340318746385,0.006032567046631728,4.0
969,0.0,0.0,0.0,0.0,0.0,0.0,0.0,0.0,0.027714194578396988,0.11854035073590334,0.03241301475797001,0.08325978952415239,0.1815578806184965,0.006868045248730824,0.002102146377887468,0.0011240593810836821,1.0
970,0.0,0.0,0.0,0.0,0.0,0.0,0.0,0.0,0.0007835560294937225,0.002085006272029939,0.00906709668029585,0.0030946424785529857,0.04159484392101777,0.0005845208969029405,0.0011113291292177013,0.0004301947828640225,1.0
971,1.0,1.0,1.0,1.0,1.0,1.0,0.0,1.0,0.9989546617927919,0.9993643888587922,0.9978204856332143,0.9801552791377053,0.9995830002237586,0.9909172492774813,0.8975635352665476,0.935430600559466,2.0
972,0.0,0.0,0.0,0.0,0.0,0.0,0.0,0.0,0.0019789546589531297,0.00235829774128159,0.0009252613806422367,3.867826510136328e-05,0.004197958902122295,0.00045156959525718005,0.002715340968571202,8.359556871161151e-05,0.0
973,0.0,0.0,0.0,0.0,0.0,0.0,0.0,0.0,0.0037004043357887952,0.0009956079388970711,0.0007018535387861886,6.747020431371402e-05,0.004715444979956904,0.0003396685132110405,0.009424358777787247,9.584384583197737e-05,0.0
974,0.0,1.0,1.0,1.0,1.0,0.0,1.0,0.0,0.10295777261183663,0.35912712797656504,0.12894485583693338,0.054981148999927676,0.09457518069517011,0.027904357089648932,0.0069330470311141645,0.0004134513234940354,3.0
975,1.0,1.0,1.0,0.0,1.0,1.0,1.0,1.0,0.9869093260841306,0.9870430390563337,0.9992417463405716,0.9736573840552702,0.996138435064427,0.8866689759094641,0.997649963960146,0.5497683449382184,4.0
976,1.0,1.0,1.0,0.0,1.0,0.0,1.0,0.0,0.539864360176672,0.9635103883267567,0.8595368063084002,0.6248011330269692,0.9969652919550883,0.2438937401132213,0.7421542070686343,0.036214279804622544,3.0
977,0.0,0.0,0.0,0.0,0.0,0.0,0.0,0.0,0.01750901111464727,0.0031433094118784115,0.0012448597024785559,0.000381915519992042,0.024956560811518255,0.0014230849718563463,0.005740990468151073,0.00026883164052654785,0.0
978,1.0,1.0,1.0,0.0,1.0,1.0,0.0,0.0,0.6883405799837341,0.9254484115733493,0.995618751739663,0.8155628138275769,0.9948498996737942,0.9989567636062667,0.3176061060177229,0.28510274548331477,4.0
979,0.0,0.0,1.0,0.0,0.0,0.0,0.0,0.0,0.156799660133278,0.00839496139330193,0.026058659073254265,0.003350508829565053,0.07859815257851564,0.00245063505163332,0.0031542427556667933,0.0002276719621100946,0.0
980,0.0,0.0,0.0,0.0,0.0,0.0,0.0,0.0,0.0012514356814178338,0.0032010186991028194,0.004780680491471006,0.000573455546383755,0.008886799344814992,0.0014582178619624968,0.003959122044341438,0.0002476370020477284,1.0
981,1.0,1.0,1.0,1.0,1.0,1.0,1.0,1.0,0.999800354896434,0.9992602850031452,0.9951297285042336,0.9998753106174642,0.999108019242094,0.9847993410933364,0.9998400756712824,0.9978410482159453,4.0
982,0.0,0.0,0.0,0.0,0.0,0.0,0.0,0.0,0.0015406619398073043,0.010577138809717525,0.019219881457307415,0.0008338234391918905,0.004721718853010259,0.0009222001650089993,0.007471813957490639,6.409019775066539e-05,3.0
983,1.0,1.0,1.0,1.0,1.0,0.0,0.0,0.0,0.9896420284217113,0.8437088252157413,0.9628564293821374,0.9599164891765206,0.9833121709382504,0.394115090020768,0.20447560014164207,0.35776999273371474,2.0
984,1.0,1.0,1.0,1.0,1.0,1.0,0.0,0.0,0.9984877715174795,0.9996462390265197,0.9999150407426312,0.9998731258763986,0.9999129793430701,0.991716798348915,0.7551807291232798,0.19441269028531383,0.0
985,1.0,1.0,1.0,1.0,1.0,1.0,0.0,0.0,0.9998436772020554,0.9996755321182467,0.9864042019077695,0.9793546867196526,0.999885125065262,0.7594536488711287,0.15418856052703572,0.2926205291667569,4.0
986,1.0,1.0,1.0,1.0,1.0,1.0,1.0,1.0,0.9999939908246462,0.9999653162592238,0.999984090298133,0.9999378126043214,0.9999548633677391,0.9961132076826884,0.9990333984058531,0.999525651066191,3.0
987,1.0,1.0,1.0,1.0,1.0,1.0,1.0,1.0,0.9999979541004349,0.9999343340267437,0.9999720200934876,0.9999196185192376,0.9994992884950964,0.999375300656977,0.9992478005592209,0.9995902417253505,3.0
988,1.0,1.0,1.0,1.0,1.0,1.0,0.0,1.0,0.9855851658011837,0.9972416948933743,0.9931414573247659,0.9751378525079926,0.9993508792173571,0.9975513075624093,0.7659742112057839,0.9931573635420221,4.0
989,0.0,0.0,0.0,0.0,0.0,0.0,0.0,0.0,0.017447209594155542,0.093277305252562,0.02017073501139959,0.0003409312710996322,0.006915095764546594,0.002862723628648196,0.014809865173574422,0.00014147175014421826,0.0
990,1.0,0.0,1.0,1.0,1.0,0.0,0.0,0.0,0.0923091355057897,0.04469487984812076,0.0937019145418507,0.4589504355216482,0.04049723453093348,0.053944202552802016,0.03598373390175665,0.023525869566358375,0.0
991,0.0,0.0,1.0,0.0,1.0,0.0,0.0,0.0,0.12666217963950105,0.12461311778370592,0.08806690232664104,0.0019251497733940662,0.2851249718835824,0.3720222460938595,0.0029177349599906854,0.00026451688298925887,4.0
992,1.0,1.0,1.0,1.0,1.0,1.0,1.0,0.0,0.9403741192932761,0.9897484574486315,0.9983601576882728,0.4718654519261218,0.999594114616044,0.72254761456923,0.21797679933473715,0.4367091635733745,3.0
993,1.0,1.0,1.0,1.0,1.0,1.0,1.0,0.0,0.9932645788594414,0.9878447136863032,0.9998786289013675,0.9990721192663209,0.9999570017599118,0.9995958772629131,0.7912248087961712,0.8027391393672467,0.0
994,1.0,1.0,1.0,1.0,1.0,1.0,1.0,0.0,0.8365957131899512,0.999573445175114,0.9996774540992713,0.9932505931976082,0.9999571712685521,0.9996330494236678,0.2227529268659638,0.14008717008777066,2.0
995,0.0,0.0,0.0,0.0,0.0,0.0,0.0,0.0,0.0026591374189943117,0.004397066396158647,0.00960175565716939,0.0013369424329523047,0.03719604529176612,0.0012893897044830814,0.006226454555015921,0.0006778029906828099,1.0
996,0.0,0.0,0.0,0.0,0.0,0.0,0.0,0.0,0.026432156464349713,0.005505750502940801,0.0011419622503169515,0.00035828076288732405,0.011512765403861085,0.0017408744268838682,0.13588209271151971,0.0023401672301986733,4.0
997,0.0,0.0,0.0,0.0,0.0,0.0,0.0,0.0,0.008804951538156035,0.0013934980643804885,0.00234457416666676,0.00027884614637107733,0.017007914132180238,0.0010829267511023699,0.0016998839209147036,0.0010940240305018524,3.0
998,1.0,1.0,1.0,1.0,1.0,1.0,1.0,0.0,0.9990383570572291,0.9998222830566342,0.9998730157894896,0.9902703383457061,0.9998496919034106,0.9999347074511743,0.991184670145888,0.34918655413392613,3.0
999,0.0,0.0,0.0,0.0,0.0,0.0,0.0,0.0,0.04028385177470622,0.007608851525360205,0.008839244475347209,0.003480919015342779,0.025511959621349424,0.00024194661855269216,0.16361995831286297,0.0013300105912637328,3.0
1000,0.0,0.0,0.0,0.0,0.0,0.0,0.0,0.0,0.002592198662860712,0.003250825135633206,0.0009619090937470926,0.000229754273930495,0.008015560482002616,0.0008432993758000076,0.017009961985386356,7.003201404869074e-05,2.0
1001,0.0,0.0,0.0,0.0,0.0,0.0,0.0,0.0,0.0008503873109405987,0.0033870207346997786,0.0007827282621646147,0.0009455311314211853,0.0028436286161482747,0.0002913263231729913,0.01570629627430368,9.952525486847891e-05,3.0
1002,1.0,1.0,1.0,1.0,1.0,1.0,0.0,1.0,0.995840815790401,0.9666261514256891,0.9922954507476648,0.9983294918582001,0.99638176438881,0.952578130469261,0.7395872731937436,0.3604204228756317,3.0
1003,0.0,1.0,0.0,0.0,0.0,0.0,1.0,0.0,0.9138470162877139,0.9931273910884116,0.9424988193365057,0.023744276246305315,0.4929409761462217,0.017634408048141714,0.8455501180305659,0.24328706417441165,3.0
1004,1.0,1.0,1.0,1.0,1.0,1.0,0.0,0.0,0.9947802899086797,0.9927436330261716,0.9973496402601275,0.88329857265554,0.9979448716968881,0.9644160175790943,0.06468784574113155,0.1488931272494924,4.0
1005,1.0,1.0,1.0,1.0,1.0,0.0,1.0,1.0,0.9995392771125458,0.9934002082502124,0.9999912690220542,0.999952261711122,0.9868231963821072,0.9782086741376781,0.9924280197698276,0.9853411948239543,3.0
1006,1.0,1.0,1.0,1.0,1.0,1.0,0.0,1.0,0.9996012874342163,0.999706978331684,0.9999885807924825,0.999973697752126,0.9999659332385206,0.999949243062328,0.5237600665967654,0.8453533056798063,3.0
1007,1.0,1.0,1.0,0.0,1.0,1.0,0.0,0.0,0.904375279006411,0.9976935420843281,0.9998946305758598,0.29849591209752835,0.9909238251752236,0.9647491891720237,0.13805778669955018,0.018976664202180978,1.0
1008,1.0,1.0,1.0,1.0,1.0,1.0,1.0,0.0,0.9662282491480081,0.9940480413817684,0.9848338526248116,0.3696799984066741,0.999875916583904,0.9929524274671422,0.7989348607513477,0.019959136250314282,1.0
1009,0.0,0.0,0.0,0.0,0.0,0.0,0.0,0.0,0.05235826083952143,0.0007916881470253416,0.035299891734170794,0.002965370847319284,0.004547211533055447,0.0014639284857924694,0.04389103469583861,0.0015022129190070037,1.0
1010,0.0,0.0,0.0,0.0,0.0,0.0,0.0,0.0,0.0017512769208527584,0.0009202151559239718,0.0016385546656022976,8.476996189451897e-05,0.003165858179113096,0.0003517292802335018,0.001720555693187669,0.00013038311906749808,4.0
1011,1.0,1.0,1.0,1.0,1.0,1.0,1.0,1.0,0.9832387236100363,0.999877724349451,0.9999140775021539,0.9984311395495081,0.9991923221167509,0.9996378948665322,0.9989289393795897,0.8638840002069099,1.0
1012,1.0,1.0,1.0,1.0,1.0,1.0,0.0,1.0,0.9978945687247368,0.9999596772772368,0.9968829264987732,0.981640428750928,0.999731511119664,0.9402505647748192,0.9035610855970435,0.23581964187968726,1.0
1013,0.0,0.0,0.0,0.0,0.0,0.0,0.0,0.0,0.00027282193114964385,0.0016169282193424582,0.0005227119865211571,0.00011622464458069052,0.03199453144307434,0.0002503223240261162,0.005965613403580872,0.0003058912728126162,0.0
1014,0.0,0.0,0.0,0.0,1.0,0.0,0.0,0.0,0.021870123125666392,0.165752381681961,0.0711940624970803,0.005314744378267977,0.7584296514936653,0.06990441922757114,0.0074081417165618195,0.00022503314085292212,4.0
1015,0.0,0.0,0.0,0.0,0.0,0.0,0.0,0.0,0.002107970562269777,0.011247046991512164,0.0012150841042615893,0.0003872771152149296,0.044393718841429626,0.0009640674330431749,0.003113620128149578,8.969825676266387e-05,3.0
1016,0.0,1.0,0.0,0.0,0.0,0.0,0.0,0.0,0.013629215899496663,0.1198684377959256,0.0033138918542595917,0.00028954559357033795,0.0323146300375981,0.001051118294243405,0.011646099951578202,0.0004737994746539661,4.0
1017,0.0,0.0,0.0,0.0,0.0,0.0,0.0,0.0,0.004272137211266053,0.011723349486636324,0.00494442171857661,0.0003819564770151508,0.011190262956354703,0.002029852736703625,0.016820777318516413,6.52135494351184e-05,2.0
1018,1.0,0.0,1.0,0.0,1.0,1.0,1.0,0.0,0.9843951884378768,0.5867661308992548,0.8691421573755906,0.32322250317414936,0.9759110486715632,0.9326916647347503,0.9677339591776517,0.4089218453554727,3.0
1019,1.0,1.0,1.0,1.0,1.0,1.0,1.0,1.0,0.9994195408550314,0.9998858464869588,0.9999587219432615,0.9998590484993812,0.9993327960243976,0.9957455970846241,0.9949079387427165,0.9874419254456146,0.0
1020,0.0,0.0,0.0,0.0,0.0,0.0,1.0,0.0,0.00265574525188645,0.010377357973203084,0.0136437283397252,0.002772904175816499,0.08588555417334187,0.0007341101799692824,0.029562707965838958,0.001022262786465848,2.0
1021,1.0,1.0,1.0,1.0,1.0,1.0,1.0,1.0,0.9972523925688267,0.9979338483911574,0.9999867288551919,0.9994542927771927,0.9989201095082487,0.9949163559485155,0.8804063155972931,0.8800819805868857,3.0
1022,1.0,1.0,1.0,1.0,1.0,0.0,1.0,0.0,0.16476299701302707,0.5495987316001458,0.8692360644678919,0.172208908864585,0.9995050381466666,0.6919044838582828,0.08439227326241049,0.012059686938635367,2.0
1023,1.0,1.0,1.0,1.0,1.0,1.0,1.0,0.0,0.9992270174061108,0.9975087125702597,0.9993501215378015,0.6891984851502458,0.9922493704588066,0.8165119277508956,0.9992442513835735,0.896049918406943,0.0
1024,0.0,1.0,1.0,0.0,1.0,1.0,1.0,0.0,0.10362470860683551,0.7793277220691051,0.8142525024041548,0.01383533107018315,0.9994704391805949,0.5246339793363997,0.14275107385744076,0.0024099052528348177,2.0
1025,1.0,1.0,1.0,1.0,1.0,1.0,0.0,0.0,0.9990678802538883,0.9983531055839545,0.9999179514698828,0.9996979712320895,0.9999557916375312,0.9988699005676432,0.7426347726903328,0.2112478326044139,1.0
