,True_EFV,True_NVP,True_ETR,True_RPV,Pred_Proba_EFV,Pred_Proba_NVP,Pred_Proba_ETR,Pred_Proba_RPV,kFolds
0,0.0,0.0,,,0.0025118417106568813,0.02766742929816246,0.0010951089207082987,0.08590163290500641,3.0
1,0.0,0.0,,,0.010765550658106804,0.03635983169078827,0.0034268738236278296,0.1274886429309845,4.0
2,0.0,0.0,,,0.006360193714499474,0.01912815123796463,0.002839004620909691,0.08342801779508591,1.0
3,0.0,0.0,,,0.0018479808932170272,0.018360793590545654,0.00103377690538764,0.11316260695457458,2.0
4,0.0,0.0,,,0.016218777745962143,0.03162292391061783,0.026272494345903397,0.13378000259399414,4.0
5,0.0,0.0,,,0.0026250474620610476,0.01511192787438631,0.0011209433432668447,0.12450359016656876,2.0
6,0.0,0.0,,,0.0022375695407390594,0.01889216899871826,0.0012940368615090847,0.11854486912488937,2.0
7,1.0,1.0,,,0.09617929905653,0.3847164511680603,0.9805341958999634,0.6942964792251587,3.0
8,1.0,1.0,,,0.011042842641472816,0.4931432604789734,0.054711028933525085,0.2744864821434021,1.0
9,1.0,1.0,,,0.9946746826171875,0.9943198561668396,0.0059242332354187965,0.1054551750421524,3.0
10,0.0,1.0,,,0.008219295181334019,0.3668597340583801,0.0012026982149109244,0.11267594993114471,2.0
11,0.0,1.0,,,0.0024535655975341797,0.054769665002822876,0.001413651742041111,0.08669964224100113,3.0
12,1.0,1.0,,,0.39648038148880005,0.9620712399482727,0.387664794921875,0.2906349003314972,2.0
13,1.0,1.0,,,0.9963847994804382,0.9957700967788696,0.7266180515289307,0.9860456585884094,1.0
14,1.0,1.0,,,0.8862789869308472,0.975948691368103,0.0009215252939611673,0.12042483687400818,2.0
15,1.0,1.0,,,0.9895947575569153,0.970405101776123,0.027269504964351654,0.12306193262338638,1.0
16,1.0,1.0,,,0.9746336936950684,0.9964872002601624,0.07220801711082458,0.2776840925216675,4.0
17,1.0,1.0,,,0.9973734617233276,0.9954398274421692,0.13537773489952087,0.2879253029823303,4.0
18,1.0,1.0,,,0.9943822026252747,0.9998485445976257,0.9912257790565491,0.6105131506919861,0.0
19,1.0,1.0,,,0.9978426098823547,0.9992476105690002,0.023904357105493546,0.1782708466053009,4.0
20,1.0,1.0,,,0.814276397228241,0.6461401581764221,0.8966040015220642,0.5210063457489014,1.0
21,1.0,1.0,,,0.7835062146186829,0.9974653124809265,0.9960837960243225,0.5008143186569214,4.0
22,1.0,1.0,,,0.994059681892395,0.9949514865875244,0.09439747035503387,0.25617727637290955,4.0
23,1.0,1.0,,,0.8843353390693665,0.9823009967803955,0.005981076508760452,0.2220705896615982,0.0
24,1.0,1.0,,,0.9872460961341858,0.9734487533569336,0.0015292053576558828,0.13489173352718353,2.0
25,1.0,1.0,,,0.032585740089416504,0.05435260757803917,0.0034328412730246782,0.13017764687538147,0.0
26,1.0,1.0,,,0.979526937007904,0.9570449590682983,0.0014067484298720956,0.1215071827173233,2.0
27,1.0,1.0,,,0.9012550711631775,0.9879828691482544,0.0017285257345065475,0.08238811790943146,3.0
28,1.0,1.0,,,0.958975076675415,0.9978551268577576,0.03271830826997757,0.2048826515674591,3.0
29,1.0,1.0,,,0.9429486989974976,0.9997067451477051,0.9868749976158142,0.565803050994873,0.0
30,0.0,1.0,,,0.10612018406391144,0.18813373148441315,0.039590656757354736,0.1901111900806427,1.0
31,1.0,1.0,,,0.8909316658973694,0.8827222585678101,0.004395120777189732,0.1691613495349884,2.0
32,1.0,1.0,,,0.007939658127725124,0.2292720079421997,0.012129811570048332,0.0965379923582077,1.0
33,0.0,1.0,,,0.008877412416040897,0.14191174507141113,0.0022668910678476095,0.0872698500752449,3.0
34,1.0,1.0,,,0.9924147129058838,0.995610237121582,0.029458049684762955,0.16786080598831177,4.0
35,0.0,0.0,,,0.00859540794044733,0.03148271515965462,0.005875337403267622,0.19260035455226898,4.0
36,1.0,1.0,,,0.9974644184112549,0.9934571385383606,0.7462978363037109,0.9765167236328125,3.0
37,1.0,1.0,,,0.9995189309120178,0.99968022108078,0.7864266037940979,0.9867720603942871,1.0
38,0.0,0.0,,,0.002586622489616275,0.028483521193265915,0.0014883358962833881,0.0804625153541565,3.0
39,1.0,1.0,,,0.9934602379798889,0.9901037216186523,0.03123212233185768,0.11491730064153671,1.0
40,1.0,1.0,,,0.4870023727416992,0.9952859878540039,0.9929882287979126,0.5965741872787476,3.0
41,1.0,1.0,,,0.9991903901100159,0.9984208941459656,0.9869208335876465,0.7671713829040527,2.0
42,1.0,1.0,,,0.9950779676437378,0.9927629232406616,0.029550272971391678,0.09535839408636093,3.0
43,0.0,0.0,,,0.006676283665001392,0.020172031596302986,0.001454232377000153,0.0940144807100296,1.0
44,0.0,0.0,,,0.0026614083908498287,0.022577157244086266,0.0023300417233258486,0.1281813085079193,0.0
45,1.0,1.0,,,0.05290388688445091,0.4855085015296936,0.7681566476821899,0.7393814325332642,1.0
46,0.0,0.0,,,0.0082508260384202,0.030168795958161354,0.0035842666402459145,0.11773568391799927,4.0
47,0.0,0.0,,,0.0025025729555636644,0.024335293099284172,0.0015751367900520563,0.07358372211456299,3.0
48,0.0,0.0,,,0.002415452618151903,0.032591938972473145,0.005196318496018648,0.1137523353099823,0.0
49,1.0,1.0,,,0.008683020249009132,0.251475065946579,0.337180495262146,0.2184775322675705,0.0
50,0.0,0.0,,,0.08008641004562378,0.3087369203567505,0.028855977579951286,0.15551546216011047,4.0
51,1.0,0.0,,,0.025111626833677292,0.16331742703914642,0.11639175564050674,0.11353611946105957,0.0
52,1.0,1.0,,,0.048241227865219116,0.37027230858802795,0.22045055031776428,0.11989916115999222,3.0
53,0.0,0.0,,,0.013792409561574459,0.024926185607910156,0.003488225396722555,0.1049724817276001,1.0
54,0.0,0.0,,,0.0037760178092867136,0.03512275591492653,0.013189713470637798,0.11199826002120972,2.0
55,0.0,0.0,0.0,0.0,0.0028671668842434883,0.03199008107185364,0.013403084129095078,0.3671678602695465,3.0
56,0.0,0.0,0.0,0.0,0.0020967263262718916,0.030663393437862396,0.01863390952348709,0.11263126879930496,0.0
57,0.0,0.0,0.0,0.0,0.0026799982879310846,0.027029436081647873,0.010903125628829002,0.37194547057151794,3.0
58,0.0,0.0,0.0,0.0,0.000994615606032312,0.01690221019089222,0.001616317080333829,0.0698092132806778,2.0
59,0.0,0.0,0.0,0.0,0.0021122582256793976,0.013291148468852043,0.0012559614842757583,0.03867180645465851,1.0
60,0.0,0.0,0.0,0.0,0.0022955122403800488,0.022411350160837173,0.0013834881829097867,0.06896913796663284,3.0
61,1.0,1.0,0.0,0.0,0.9600310325622559,0.9947447776794434,0.045170336961746216,0.3288986086845398,3.0
62,1.0,1.0,1.0,0.0,0.47333645820617676,0.9950006604194641,0.953341543674469,0.5735393166542053,3.0
63,0.0,0.0,0.0,0.0,0.0030281171202659607,0.018853357061743736,0.000849248084705323,0.04732641577720642,1.0
64,1.0,1.0,0.0,0.0,0.9911938905715942,0.9946526885032654,0.0023778832983225584,0.14512895047664642,4.0
65,1.0,1.0,0.0,0.0,0.9948199391365051,0.9998321533203125,0.964338481426239,0.7733527421951294,0.0
66,0.0,0.0,0.0,0.0,0.029911179095506668,0.0858369767665863,0.005819947924464941,0.14049439132213593,2.0
67,,,0.0,,0.0018710275180637836,0.027276180684566498,0.003246169537305832,0.11709635704755783,0.0
68,,,0.0,,0.993251621723175,0.9920348525047302,0.012602550908923149,0.09052485972642899,3.0
69,,,0.0,,0.9913592338562012,0.9684435129165649,0.006353651639074087,0.2574998736381531,0.0
70,,,0.0,,0.0018710275180637836,0.027276180684566498,0.003246169537305832,0.11709635704755783,0.0
71,,,1.0,,0.005011281464248896,0.23493227362632751,0.44871392846107483,0.4442775249481201,1.0
72,,,1.0,,0.7398318648338318,0.6235503554344177,0.9676852822303772,0.5590155124664307,2.0
73,,,1.0,,0.007609575986862183,0.20108911395072937,0.3895035982131958,0.22093309462070465,0.0
74,,,1.0,,0.7071241140365601,0.8280893564224243,0.95930016040802,0.6104328632354736,3.0
75,,,1.0,,0.7071241140365601,0.8280893564224243,0.95930016040802,0.6104328632354736,3.0
76,,,0.0,,0.9917311668395996,0.9915612936019897,0.01214621402323246,0.2227305769920349,0.0
77,,,0.0,,0.9944950938224792,0.9951401948928833,0.007943146862089634,0.09551066160202026,3.0
78,,,0.0,,0.8818899393081665,0.9704899787902832,0.0028289780020713806,0.046274345368146896,1.0
79,,,0.0,,0.9944950938224792,0.9951401948928833,0.007943146862089634,0.09551066160202026,3.0
80,,,0.0,,0.9944950938224792,0.9951401948928833,0.007943146862089634,0.09551066160202026,3.0
81,,,0.0,,0.9954042434692383,0.9909849762916565,0.0304791871458292,0.1533372849225998,2.0
82,,,1.0,,0.9944950938224792,0.9951401948928833,0.007943146862089634,0.09551066160202026,3.0
83,,,1.0,,0.06620901823043823,0.20885325968265533,0.3874991834163666,0.05771432816982269,1.0
84,,,1.0,,0.9800902605056763,0.6335785984992981,0.34172195196151733,0.20529329776763916,0.0
85,,,1.0,,0.20389261841773987,0.40797683596611023,0.38120633363723755,0.1408270299434662,2.0
86,,,1.0,,0.20389261841773987,0.40797683596611023,0.38120633363723755,0.1408270299434662,2.0
87,,,1.0,,0.06620901823043823,0.20885325968265533,0.3874991834163666,0.05771432816982269,1.0
88,,,0.0,,0.11490549147129059,0.48590633273124695,0.9729032516479492,0.5911767482757568,2.0
89,,,0.0,,0.8447042107582092,0.9909071326255798,0.003596305148676038,0.0726894736289978,3.0
90,,,0.0,,0.09685089439153671,0.40857231616973877,0.9806315302848816,0.6930806040763855,3.0
91,,,0.0,,0.9479226469993591,0.8322044014930725,0.9749821424484253,0.5784454941749573,1.0
92,,,1.0,,0.09685089439153671,0.40857231616973877,0.9806315302848816,0.6930806040763855,3.0
93,,,0.0,,0.002152560278773308,0.020352905616164207,0.002260589273646474,0.0970856100320816,4.0
94,,,0.0,,0.0021042018197476864,0.024238042533397675,0.0012496584095060825,0.06850071251392365,3.0
95,,,0.0,,0.002152560278773308,0.020352905616164207,0.002260589273646474,0.0970856100320816,4.0
96,,,0.0,,0.02394137904047966,0.1460290104150772,0.07807406783103943,0.11550752818584442,0.0
97,,,0.0,,0.0198774766176939,0.06708851456642151,0.05321042239665985,0.07079003751277924,3.0
98,,,0.0,,0.09442359209060669,0.05841992795467377,0.06427372246980667,0.10318227112293243,4.0
99,,,0.0,,0.02394137904047966,0.1460290104150772,0.07807406783103943,0.11550752818584442,0.0
100,,,0.0,,0.8710797429084778,0.979918897151947,0.004263727925717831,0.2268890142440796,0.0
101,,,0.0,,0.08257319033145905,0.02757972478866577,0.09265930950641632,0.04114009439945221,1.0
102,,,1.0,,0.45253127813339233,0.992641806602478,0.992399275302887,0.5845889449119568,3.0
103,,,1.0,,0.3289530277252197,0.9915264844894409,0.6763303875923157,0.42339375615119934,4.0
104,,,1.0,,0.45253127813339233,0.992641806602478,0.992399275302887,0.5845889449119568,3.0
105,,,1.0,,0.3475268483161926,0.9956092238426208,0.6728233695030212,0.17689022421836853,1.0
106,,,0.0,,0.8447042107582092,0.9909071326255798,0.003596305148676038,0.0726894736289978,3.0
107,,,0.0,,0.9815221428871155,0.9645454287528992,0.009353158064186573,0.07224209606647491,1.0
108,,,0.0,,0.993251621723175,0.9920348525047302,0.012602550908923149,0.09052485972642899,3.0
109,,,0.0,,0.9913592338562012,0.9684435129165649,0.006353651639074087,0.2574998736381531,0.0
110,,,0.0,,0.993251621723175,0.9920348525047302,0.012602550908923149,0.09052485972642899,3.0
111,,,,1.0,0.9955787658691406,0.991507351398468,0.6461846232414246,0.9561340808868408,0.0
112,,,,0.0,0.0020836959592998028,0.020448904484510422,0.005699039902538061,0.19664861261844635,2.0
113,,,,0.0,0.0018030281644314528,0.01852072775363922,0.0007852588896639645,0.11529462039470673,2.0
114,,,,0.0,0.4425496459007263,0.9882802963256836,0.9925507307052612,0.5876452922821045,3.0
115,,,,0.0,0.011042842641472816,0.4931432604789734,0.054711028933525085,0.2744864821434021,1.0
116,,,,1.0,0.2423592507839203,0.9935835599899292,0.9967013597488403,0.8005233407020569,4.0
117,,,,0.0,0.006265297997742891,0.33268290758132935,0.01835189014673233,0.19562587141990662,3.0
118,,,,0.0,0.008034802973270416,0.3145824670791626,0.025449609383940697,0.17585857212543488,0.0
119,,,,0.0,0.008313199505209923,0.03437947481870651,0.01676557958126068,0.1237209141254425,4.0
120,,,,0.0,0.9908328056335449,0.9912492632865906,0.010298877023160458,0.21896079182624817,0.0
121,,,,0.0,0.005738009233027697,0.021934906020760536,0.005482872016727924,0.08778475224971771,1.0
122,,,,0.0,0.00859540794044733,0.03148271515965462,0.005875337403267622,0.19260035455226898,4.0
123,,,,0.0,0.00875154323875904,0.25944948196411133,0.15000112354755402,0.10379134118556976,1.0
124,,,,1.0,0.00803828239440918,0.20685473084449768,0.3359830975532532,0.21998091042041779,0.0
125,,,,0.0,0.6901959180831909,0.7419299483299255,0.9581803679466248,0.646206259727478,3.0
126,0.0,0.0,0.0,0.0,0.07222490012645721,0.10566388070583344,0.0021350127644836903,0.21642634272575378,2.0
127,1.0,1.0,1.0,1.0,0.9984450936317444,0.9777747988700867,0.9881207346916199,0.6248617172241211,4.0
128,1.0,1.0,1.0,1.0,0.9992400407791138,0.9965957403182983,0.375934362411499,0.35967084765434265,0.0
129,1.0,0.0,0.0,0.0,0.13744688034057617,0.4715096056461334,0.9745284914970398,0.6710811853408813,2.0
130,1.0,1.0,0.0,0.0,0.8814367055892944,0.8056330680847168,0.026529580354690552,0.15568232536315918,4.0
131,1.0,1.0,1.0,0.0,0.26539212465286255,0.4002523124217987,0.03630111366510391,0.22603976726531982,2.0
132,1.0,0.0,0.0,0.0,0.9926228523254395,0.876736044883728,0.9909946322441101,0.7396539449691772,3.0
133,1.0,1.0,1.0,1.0,0.9957360625267029,0.9316733479499817,0.992668867111206,0.7383053302764893,3.0
134,0.0,1.0,1.0,1.0,0.010382219217717648,0.37445372343063354,0.1266048401594162,0.1942031979560852,0.0
135,0.0,0.0,1.0,1.0,0.002762077609077096,0.034715741872787476,0.021680785343050957,0.13006077706813812,0.0
136,0.0,0.0,1.0,1.0,0.403377890586853,0.5028704404830933,0.1289764791727066,0.3207322955131531,1.0
137,0.0,0.0,0.0,0.0,0.003313317894935608,0.035678789019584656,0.030291885137557983,0.37156933546066284,3.0
138,0.0,1.0,1.0,1.0,0.6260300874710083,0.5535413026809692,0.014375695958733559,0.2530348002910614,2.0
139,0.0,,,,0.8792433142662048,0.8420518040657043,0.012101534754037857,0.19127604365348816,2.0
140,1.0,,,,0.6763036251068115,0.5927260518074036,0.0020014510955661535,0.18706287443637848,2.0
141,1.0,,,,0.8043571710586548,0.8767904043197632,0.1958131641149521,0.18246625363826752,1.0
142,1.0,,,,0.6281546950340271,0.7820334434509277,0.0027285998221486807,0.13689827919006348,2.0
143,0.0,,,,0.054971665143966675,0.15992936491966248,0.0033201074693351984,0.0791083350777626,3.0
144,1.0,,,,0.8451318144798279,0.6782910823822021,0.0036127103958278894,0.17796273529529572,2.0
145,1.0,,,,0.9971692562103271,0.9916707873344421,0.5695732831954956,0.9780327081680298,3.0
146,1.0,1.0,0.0,1.0,0.9987750053405762,0.9949363470077515,0.8040069937705994,0.925189197063446,4.0
147,1.0,1.0,,,0.997575044631958,0.998583972454071,0.820378839969635,0.5252788662910461,2.0
148,0.0,0.0,0.0,,0.001959117129445076,0.021921224892139435,0.001015497837215662,0.08174051344394684,2.0
149,0.0,0.0,,,0.011940481141209602,0.07360651344060898,0.003000200493261218,0.1634305715560913,4.0
150,0.0,0.0,,,0.0017395125469192863,0.016703644767403603,0.0013519702479243279,0.0812898576259613,2.0
151,0.0,0.0,,,0.0031549856066703796,0.1593819260597229,0.0010177220683544874,0.06592458486557007,1.0
152,0.0,0.0,,,0.0013705994933843613,0.02152567356824875,0.0027011688798666,0.08433396369218826,2.0
153,1.0,1.0,,,0.8158466219902039,0.8764057159423828,0.0033637078013271093,0.1166134923696518,4.0
154,1.0,1.0,,,0.5378967523574829,0.99110347032547,0.36450642347335815,0.345287948846817,4.0
155,0.0,0.0,,,0.0015534141566604376,0.018987763673067093,0.002987024374306202,0.0933704674243927,2.0
156,1.0,1.0,0.0,,0.9417852759361267,0.9706835150718689,0.00402357243001461,0.47877418994903564,2.0
157,0.0,1.0,,,0.0020085563883185387,0.024522406980395317,0.0018847419414669275,0.09820455312728882,4.0
158,1.0,1.0,0.0,,0.9846967458724976,0.9483563303947449,0.015569965355098248,0.054560884833335876,1.0
159,0.0,0.0,,,0.0021313035394996405,0.020085420459508896,0.0009692059829831123,0.07617438584566116,3.0
160,0.0,0.0,,,0.00682494044303894,0.023610349744558334,0.04452480375766754,0.17854458093643188,4.0
161,1.0,1.0,,,0.7241881489753723,0.9823623895645142,0.011319385841488838,0.2058204710483551,4.0
162,1.0,1.0,1.0,,0.997116208076477,0.9998276233673096,0.9861531853675842,0.8930841684341431,1.0
163,1.0,1.0,0.0,,0.9728925824165344,0.9998009204864502,0.9012991189956665,0.8285372257232666,0.0
164,0.0,0.0,,,0.0014307027449831367,0.01956240087747574,0.0019199467496946454,0.09646377712488174,2.0
165,1.0,1.0,,,0.9909611344337463,0.9965257048606873,0.010790495201945305,0.10396980494260788,3.0
166,0.0,1.0,,,0.9938464164733887,0.9953752160072327,0.00758573692291975,0.11481061577796936,3.0
167,1.0,1.0,0.0,,0.9831188917160034,0.9955379366874695,0.4522790312767029,0.944430410861969,2.0
168,0.0,0.0,0.0,,0.0027703738305717707,0.0324191078543663,0.0020657689310610294,0.2058762013912201,0.0
169,1.0,1.0,,,0.993586003780365,0.9993164539337158,0.9704142212867737,0.6651235818862915,3.0
170,0.0,0.0,0.0,,0.0024619654286652803,0.017328394576907158,0.0015342654660344124,0.050211578607559204,1.0
171,0.0,0.0,0.0,,0.1106475219130516,0.9015697240829468,0.09875732660293579,0.4906975030899048,2.0
172,1.0,1.0,,,0.985041081905365,0.9998741745948792,0.9026370048522949,0.6359477043151855,3.0
173,0.0,0.0,,,0.002103686798363924,0.1465943157672882,0.0009406256140209734,0.08018200844526291,0.0
174,0.0,0.0,,,0.0020830698776990175,0.025892842561006546,0.0010124652180820704,0.06374379247426987,0.0
175,1.0,1.0,0.0,,0.9926424026489258,0.9805557131767273,0.3357972502708435,0.9847224950790405,1.0
176,1.0,1.0,,,0.9872564077377319,0.9051682949066162,0.002695607952773571,0.08787182718515396,3.0
177,0.0,0.0,,,0.0026520928367972374,0.01960863545536995,0.0017119231633841991,0.05833997204899788,1.0
178,0.0,0.0,,,0.0018129118252545595,0.031514089554548264,0.0015232921577990055,0.1206226646900177,0.0
179,0.0,1.0,0.0,,0.33802539110183716,0.8218860626220703,0.0048849512822926044,0.31250569224357605,0.0
180,0.0,0.0,0.0,,0.0050490847788751125,0.04003577306866646,0.024012519046664238,0.11001504957675934,4.0
181,1.0,1.0,,,0.9269687533378601,0.909426212310791,0.0038467557169497013,0.13512441515922546,2.0
182,1.0,1.0,,,0.9893882870674133,0.9947983026504517,0.2859829068183899,0.4512993097305298,1.0
183,1.0,1.0,,,0.8401288390159607,0.8714593648910522,0.022881003096699715,0.0812939703464508,3.0
184,1.0,1.0,1.0,,0.9930922389030457,0.9998329877853394,0.9627900719642639,0.8308444023132324,0.0
185,1.0,1.0,0.0,,0.9849362373352051,0.9723547697067261,0.33925285935401917,0.9260078072547913,0.0
186,1.0,1.0,,,0.9286258816719055,0.9889492988586426,0.013227994553744793,0.12317010760307312,4.0
187,0.0,0.0,,,0.004473453853279352,0.02269989438354969,0.013361270539462566,0.12957119941711426,1.0
188,1.0,1.0,1.0,,0.9947865009307861,0.9887709021568298,0.24479663372039795,0.9269531965255737,0.0
189,0.0,0.0,0.0,0.0,0.002427785424515605,0.03824087977409363,0.010773650370538235,0.10408395528793335,4.0
190,0.0,0.0,,,0.0037732229102402925,0.07458776980638504,0.0018151761032640934,0.11846131086349487,4.0
191,0.0,0.0,0.0,,0.0016781893791630864,0.02287408895790577,0.0010631533805280924,0.08024406433105469,3.0
192,0.0,0.0,0.0,,0.002522920724004507,0.050356779247522354,0.001858999952673912,0.34736478328704834,0.0
193,0.0,0.0,0.0,,0.0020735927391797304,0.024186255410313606,0.00414443900808692,0.15682025253772736,2.0
194,0.0,0.0,,,0.003371745813637972,0.017280619591474533,0.018202466890215874,0.08064422011375427,1.0
195,0.0,0.0,0.0,,0.0011954627698287368,0.01682465150952339,0.0009572352282702923,0.08047521859407425,2.0
196,1.0,1.0,,,0.9840810298919678,0.9921129941940308,0.00299465493299067,0.29566165804862976,0.0
197,0.0,0.0,,,0.0027194516733288765,0.02231205813586712,0.004313133656978607,0.1264093667268753,4.0
198,1.0,1.0,,,0.9712848663330078,0.9998574256896973,0.8542780876159668,0.7379263043403625,1.0
199,1.0,1.0,,,0.723298966884613,0.561051607131958,0.002719015348702669,0.0648709312081337,1.0
200,1.0,1.0,,,0.9951817393302917,0.9940756559371948,0.05878864973783493,0.20659978687763214,4.0
201,1.0,1.0,0.0,,0.990293025970459,0.9963052868843079,0.003584000514820218,0.3731340765953064,4.0
202,0.0,0.0,,,0.003999702166765928,0.02505623549222946,0.0010685543529689312,0.06994637846946716,4.0
203,0.0,1.0,0.0,,0.9925432801246643,0.9919927716255188,0.005299954675137997,0.24657665193080902,1.0
204,1.0,1.0,1.0,,0.9988678693771362,0.9993263483047485,0.9699158668518066,0.9881258010864258,3.0
205,1.0,1.0,,,0.9850192070007324,0.9896823167800903,0.0017720521427690983,0.1392148733139038,1.0
206,1.0,1.0,1.0,,0.9969936609268188,0.999920129776001,0.9828052520751953,0.6155759692192078,4.0
207,0.0,1.0,0.0,,0.949155330657959,0.9615924954414368,0.0011733840219676495,0.10485582053661346,1.0
208,0.0,0.0,,,0.0017720304895192385,0.02833988144993782,0.00221014185808599,0.1750384271144867,0.0
209,0.0,0.0,,,0.007527158595621586,0.02226324938237667,0.0026154376100748777,0.05016585811972618,1.0
210,1.0,1.0,,,0.9086805582046509,0.999851405620575,0.9062502384185791,0.7747613787651062,0.0
211,0.0,1.0,0.0,,0.5127637386322021,0.9936323165893555,0.888573169708252,0.9706335067749023,0.0
212,1.0,1.0,,,0.9920230507850647,0.9927622079849243,0.0020039647351950407,0.29424938559532166,0.0
213,0.0,0.0,,,0.0020821571815758944,0.0248423982411623,0.07207026332616806,0.1257890909910202,3.0
214,0.0,0.0,0.0,,0.0018025435274466872,0.018427150323987007,0.0010386354988440871,0.09762062132358551,2.0
215,1.0,1.0,0.0,,0.9934306740760803,0.9914082884788513,0.020458826795220375,0.2559241056442261,2.0
216,1.0,1.0,1.0,,0.9974186420440674,0.9994585514068604,0.9493778347969055,0.8972393274307251,3.0
217,0.0,0.0,,,0.0026854195166379213,0.0635642558336258,0.002139940159395337,0.19068823754787445,4.0
218,0.0,1.0,,,0.5420473217964172,0.9992749691009521,0.967736005783081,0.9745657444000244,0.0
219,0.0,0.0,,,0.0024868350010365248,0.06214834004640579,0.061824433505535126,0.21970589458942413,0.0
220,0.0,0.0,,,0.9715206027030945,0.9944679141044617,0.08688678592443466,0.28430184721946716,0.0
221,1.0,1.0,,,0.9919047951698303,0.9998337030410767,0.9899885058403015,0.6535845994949341,1.0
222,0.0,1.0,,,0.1005762368440628,0.9919606447219849,0.9946000576019287,0.881864070892334,1.0
223,1.0,1.0,,,0.9921753406524658,0.9943598508834839,0.004233654588460922,0.10458549857139587,3.0
224,0.0,0.0,0.0,,0.001777872210368514,0.017033493146300316,0.0009591133566573262,0.03620174527168274,2.0
225,0.0,0.0,0.0,,0.0024785585701465607,0.020555691793560982,0.015956176444888115,0.11160285770893097,4.0
226,0.0,0.0,0.0,,0.001731794560328126,0.07960663735866547,0.007185840513557196,0.22181370854377747,2.0
227,0.0,0.0,0.0,,0.002012259094044566,0.021248450502753258,0.0015553662087768316,0.072996586561203,2.0
228,0.0,0.0,,,0.8749969601631165,0.8876451253890991,0.013895489275455475,0.3234146237373352,2.0
229,0.0,0.0,,,0.00916366372257471,0.10298538208007812,0.0040855975821614265,0.21640846133232117,0.0
230,0.0,0.0,0.0,0.0,0.0023456066846847534,0.031719233840703964,0.0019152688328176737,0.16825605928897858,0.0
231,0.0,0.0,,,0.007526654750108719,0.04811929911375046,0.023236479610204697,0.1434391587972641,0.0
232,1.0,1.0,,,0.982626736164093,0.9988985657691956,0.9507325887680054,0.9418121576309204,3.0
233,0.0,0.0,,,0.0054060849361121655,0.04706767573952675,0.01244193222373724,0.1176682785153389,0.0
234,0.0,0.0,,,0.0031162062659859657,0.026894213631749153,0.0019000871106982231,0.09648250043392181,3.0
235,0.0,0.0,0.0,,0.003626329591497779,0.1504191756248474,0.016396570950746536,0.10886407643556595,3.0
236,1.0,,,,0.9983314871788025,0.9972763657569885,0.41179290413856506,0.8984349370002747,2.0
237,1.0,1.0,,,0.9991248250007629,0.9997332096099854,0.013890659436583519,0.11355024576187134,1.0
238,1.0,1.0,0.0,,0.9942671060562134,0.9951074719429016,0.004251094534993172,0.11612263321876526,3.0
239,1.0,1.0,0.0,,0.028521109372377396,0.4562116861343384,0.001759168691933155,0.2534899413585663,0.0
240,0.0,0.0,0.0,0.0,0.001541975885629654,0.024394601583480835,0.0016483571380376816,0.13008613884449005,0.0
241,0.0,1.0,,,0.20447948575019836,0.9799782037734985,0.9176595211029053,0.9321013689041138,4.0
242,0.0,0.0,,,0.07396019995212555,0.9873074889183044,0.9102458953857422,0.6018069386482239,2.0
243,1.0,1.0,,,0.005237181670963764,0.04741089046001434,0.016006743535399437,0.13571617007255554,2.0
244,0.0,1.0,,,0.323391318321228,0.988936185836792,0.7948015928268433,0.21312639117240906,1.0
245,1.0,1.0,0.0,,0.999460756778717,0.9980419874191284,0.9172636270523071,0.9166128039360046,4.0
246,0.0,0.0,0.0,,0.0023637651465833187,0.019787348806858063,0.0013106850674375892,0.11005493998527527,4.0
247,1.0,1.0,,,0.9370772838592529,0.9837242364883423,0.017030734568834305,0.43951526284217834,0.0
248,0.0,0.0,,,0.0028920306358486414,0.04100621119141579,0.0020673898980021477,0.08122514933347702,3.0
249,1.0,1.0,0.0,,0.998305082321167,0.9985851645469666,0.9778203368186951,0.9076371788978577,3.0
250,1.0,1.0,,,0.9919471740722656,0.9998166561126709,0.9380555748939514,0.4043130874633789,1.0
251,0.0,0.0,0.0,,0.7879840731620789,0.502713680267334,0.0064214495941996574,0.2435791790485382,0.0
252,1.0,1.0,,,0.9996540546417236,0.9988021850585938,0.891017735004425,0.8272969126701355,4.0
253,0.0,0.0,0.0,,0.006930842064321041,0.026196740567684174,0.0016772642266005278,0.09070318937301636,4.0
254,0.0,0.0,,,0.0018025354947894812,0.028432084247469902,0.0015517635038122535,0.11115305870771408,0.0
255,1.0,1.0,,,0.9984201192855835,0.9997390508651733,0.9849381446838379,0.720147967338562,3.0
256,1.0,1.0,1.0,,0.9870139360427856,0.9740224480628967,0.3827950060367584,0.9816426038742065,1.0
257,1.0,1.0,,,0.9935504794120789,0.9932757616043091,0.003030682448297739,0.12301906943321228,3.0
258,0.0,0.0,,,0.0015649448614567518,0.01879240572452545,0.002777752233669162,0.07991652935743332,2.0
259,0.0,0.0,0.0,,0.0023429985158145428,0.027685469016432762,0.0013386893551796675,0.07548244297504425,0.0
260,0.0,0.0,,,0.003486892906948924,0.04127347469329834,0.008344708941876888,0.13289612531661987,2.0
261,0.0,0.0,0.0,,0.004851921461522579,0.033851753920316696,0.024357229471206665,0.07361891865730286,1.0
262,0.0,1.0,,,0.0040588113479316235,0.11225209385156631,0.0038362450432032347,0.16574221849441528,4.0
263,0.0,1.0,,,0.18644526600837708,0.9895474314689636,0.15978671610355377,0.4412689208984375,4.0
264,0.0,0.0,,,0.002322245854884386,0.05713071674108505,0.06749632209539413,0.24603180587291718,3.0
265,0.0,0.0,,,0.0035820812918245792,0.024235408753156662,0.0024859216064214706,0.08181679248809814,1.0
266,1.0,1.0,0.0,0.0,0.9551033973693848,0.9913685917854309,0.021964814513921738,0.31751248240470886,1.0
267,1.0,1.0,0.0,,0.6123968362808228,0.9984377026557922,0.7640132904052734,0.8581143021583557,3.0
268,1.0,1.0,0.0,,0.9929866790771484,0.8059152960777283,0.9145270586013794,0.744284987449646,4.0
269,0.0,0.0,,,0.0011000739177688956,0.014359061606228352,0.0009789770701900125,0.08148135989904404,2.0
270,1.0,1.0,,,0.992923378944397,0.9895166158676147,0.0015477720880880952,0.0666012316942215,1.0
271,0.0,0.0,0.0,0.0,0.0020580312702804804,0.01597762107849121,0.000775721506215632,0.04709911346435547,1.0
272,0.0,0.0,,,0.0027192202396690845,0.12238886952400208,0.004148397129029036,0.12353470921516418,1.0
273,1.0,1.0,,,0.9989935159683228,0.9991001486778259,0.8751998543739319,0.9565356969833374,1.0
274,1.0,1.0,0.0,,0.9662982225418091,0.9993606209754944,0.9503852128982544,0.9752262234687805,1.0
275,0.0,0.0,0.0,0.0,0.002964133396744728,0.041169553995132446,0.009186106733977795,0.14900122582912445,0.0
276,1.0,1.0,,,0.993527889251709,0.9910118579864502,0.0008026630966924131,0.0812632143497467,2.0
277,0.0,0.0,,,0.0023753459099680185,0.013573975302278996,0.0024121517781168222,0.08173813670873642,1.0
278,0.0,0.0,,,0.0019883299246430397,0.02812701091170311,0.012181811966001987,0.10200729966163635,3.0
279,0.0,0.0,0.0,,0.08451345562934875,0.06760646402835846,0.004110266920179129,0.33988791704177856,4.0
280,1.0,1.0,,,0.9951516389846802,0.99581378698349,0.01621730625629425,0.2644932270050049,3.0
281,1.0,1.0,1.0,,0.9983497858047485,0.9980135560035706,0.8590965867042542,0.8872236609458923,0.0
282,0.0,0.0,0.0,,0.0028354176320135593,0.1297801285982132,0.0022544870153069496,0.1224454715847969,0.0
283,0.0,0.0,0.0,,0.0019664594437927008,0.025394931435585022,0.001619973685592413,0.1233074888586998,0.0
284,0.0,0.0,0.0,,0.0019333518575876951,0.024018241092562675,0.0016992490272969007,0.09055725485086441,3.0
285,0.0,1.0,,,0.002079879865050316,0.12894418835639954,0.004901988431811333,0.09183955937623978,2.0
286,0.0,0.0,,,0.009943879209458828,0.3348795771598816,0.4209226369857788,0.7771177291870117,2.0
287,0.0,0.0,,,0.003247010987251997,0.017827996984124184,0.005467453971505165,0.11469695717096329,1.0
288,0.0,0.0,,,0.0017072787741199136,0.032564446330070496,0.0016802733298391104,0.09998510777950287,2.0
289,1.0,1.0,,,0.9930124282836914,0.9961280822753906,0.00489411037415266,0.36374494433403015,0.0
290,0.0,0.0,,,0.002542482689023018,0.0520266592502594,0.05438394844532013,0.10666975378990173,0.0
291,1.0,1.0,,,0.9842208623886108,0.9945952296257019,0.045885443687438965,0.1843107044696808,2.0
292,0.0,0.0,0.0,,0.0020557395182549953,0.015129984356462955,0.001215725438669324,0.03628261759877205,1.0
293,1.0,1.0,0.0,,0.9794362187385559,0.990733802318573,0.0038615576922893524,0.1520574986934662,4.0
294,1.0,1.0,1.0,1.0,0.9952089190483093,0.9909655451774597,0.022036204114556313,0.13741382956504822,1.0
295,0.0,0.0,0.0,,0.0023465664125978947,0.025091446936130524,0.00048646016512066126,0.04596659168601036,2.0
296,0.0,0.0,,,0.0018822690472006798,0.01701052300632,0.0020709852688014507,0.050619807094335556,1.0
297,1.0,1.0,,,0.9680899977684021,0.9677338600158691,0.20243261754512787,0.36344438791275024,0.0
298,0.0,0.0,,,0.0020489816088229418,0.032369159162044525,0.0009591231937520206,0.13202664256095886,0.0
299,0.0,0.0,,,0.007180559914559126,0.03066454455256462,0.0020221590530127287,0.14977137744426727,0.0
300,0.0,0.0,,,0.0036455709487199783,0.11976338922977448,0.0019662482663989067,0.10374744981527328,1.0
301,0.0,0.0,,,0.003283818019554019,0.05170011520385742,0.12353414297103882,0.15056461095809937,4.0
302,1.0,1.0,,,0.9913128018379211,0.9981768727302551,0.7896082401275635,0.9192905426025391,3.0
303,0.0,0.0,0.0,,0.00160566798876971,0.03566131368279457,0.0017554517835378647,0.1979401707649231,0.0
304,1.0,1.0,1.0,,0.9992793202400208,0.9901636838912964,0.957693338394165,0.6685072183609009,4.0
305,0.0,0.0,1.0,1.0,0.002373393625020981,0.015634605661034584,0.0027780707459896803,0.08575132489204407,1.0
306,1.0,1.0,,,0.9951894283294678,0.9979860782623291,0.0217391736805439,0.23700833320617676,0.0
307,1.0,1.0,,,0.9952380657196045,0.9987016916275024,0.7178318500518799,0.6823304295539856,0.0
308,1.0,1.0,,,0.9959547519683838,0.9992501735687256,0.8679272532463074,0.6381650567054749,1.0
309,1.0,1.0,1.0,,0.9986007809638977,0.9942613840103149,0.8766155242919922,0.7279629111289978,2.0
310,1.0,1.0,0.0,,0.9993442893028259,0.9992976188659668,0.9847329258918762,0.5916562676429749,1.0
311,0.0,0.0,0.0,,0.863288402557373,0.694884181022644,0.006475972943007946,0.15930181741714478,2.0
312,0.0,0.0,,,0.0013191389152780175,0.025097547098994255,0.0011683227494359016,0.3056328296661377,2.0
313,0.0,0.0,0.0,,0.0026850621215999126,0.02308531105518341,0.007279729936271906,0.11385675519704819,4.0
314,0.0,1.0,0.0,,0.44175273180007935,0.9973629117012024,0.8855175971984863,0.5860225558280945,2.0
315,1.0,1.0,0.0,,0.6396557092666626,0.6548094749450684,0.002870757831260562,0.0879758819937706,1.0
316,1.0,1.0,,,0.9894833564758301,0.9857785701751709,0.002883988432586193,0.06520248204469681,1.0
317,0.0,0.0,0.0,,0.003120590467005968,0.03881680220365524,0.08159348368644714,0.11067888885736465,4.0
318,0.0,0.0,,,0.0033593284897506237,0.02051551081240177,0.0007059076451696455,0.05681594833731651,1.0
319,1.0,1.0,0.0,,0.9946393966674805,0.9926502108573914,0.0026223203167319298,0.1947505623102188,2.0
320,0.0,1.0,,,0.42852893471717834,0.989635169506073,0.2833419144153595,0.41211017966270447,4.0
321,1.0,1.0,1.0,1.0,0.9911184310913086,0.9963600635528564,0.2257763147354126,0.3932015597820282,0.0
322,0.0,0.0,0.0,,0.0027332226745784283,0.1410335749387741,0.0008146731415763497,0.05767310410737991,1.0
323,1.0,1.0,1.0,1.0,0.6647822856903076,0.995764970779419,0.3482886850833893,0.4578109681606293,2.0
324,0.0,0.0,0.0,,0.0016818552976474166,0.026310350745916367,0.0027079186402261257,0.1562706083059311,0.0
325,1.0,1.0,1.0,1.0,0.8746278285980225,0.8824348449707031,0.003242947394028306,0.19005802273750305,2.0
326,0.0,0.0,0.0,,0.5164475440979004,0.8113239407539368,0.1350710690021515,0.2472286969423294,2.0
327,0.0,1.0,,,0.06048329919576645,0.8877223134040833,0.28994378447532654,0.4722028076648712,2.0
328,0.0,0.0,0.0,,0.01619558595120907,0.08391189575195312,0.035011984407901764,0.17415066063404083,2.0
329,0.0,0.0,,,0.001619496732018888,0.0233076773583889,0.03016476146876812,0.07064071297645569,2.0
330,1.0,1.0,,,0.9997623562812805,0.9997071623802185,0.9831249117851257,0.8332029581069946,4.0
331,0.0,0.0,0.0,,0.0035810491535812616,0.1266879290342331,0.002500991802662611,0.06660759449005127,1.0
332,0.0,0.0,,,0.001744195120409131,0.02363615296781063,0.0017544879810884595,0.12025527656078339,0.0
333,0.0,0.0,,,0.005162784829735756,0.015950795263051987,0.0007323106401599944,0.03982141613960266,2.0
334,0.0,0.0,0.0,,0.00872503500431776,0.021979955956339836,0.0022849065717309713,0.08057713508605957,1.0
335,1.0,1.0,,,0.9993091821670532,0.9998061656951904,0.9301571846008301,0.7102386951446533,3.0
336,0.0,1.0,,,0.35810181498527527,0.9964529871940613,0.9314414262771606,0.5612866878509521,3.0
337,0.0,0.0,,,0.0018674434395506978,0.021411433815956116,0.0017844820395112038,0.11466915905475616,4.0
338,1.0,1.0,,,0.9948773384094238,0.9956709742546082,0.003544520353898406,0.11371397972106934,3.0
339,0.0,0.0,,,0.003812974551692605,0.018484696745872498,0.0013550989096984267,0.07141068577766418,1.0
340,1.0,1.0,1.0,,0.9962892532348633,0.9998666048049927,0.9896820783615112,0.810569703578949,4.0
341,0.0,1.0,0.0,,0.991746187210083,0.9910740852355957,0.35758230090141296,0.5792890191078186,2.0
342,1.0,1.0,,,0.986093282699585,0.9931140542030334,0.025124017149209976,0.24950069189071655,0.0
343,0.0,0.0,,,0.0020958278328180313,0.015663262456655502,0.000725377001799643,0.052131880074739456,1.0
344,1.0,1.0,,,0.9931455254554749,0.9897794723510742,0.003951712045818567,0.10680489242076874,1.0
345,1.0,1.0,0.0,,0.9933336973190308,0.9958767890930176,0.0012746216962113976,0.152105450630188,3.0
346,1.0,1.0,1.0,1.0,0.9416035413742065,0.9858616590499878,0.8327605724334717,0.5891423225402832,2.0
347,1.0,,,,0.9799233675003052,0.9788815379142761,0.3812480866909027,0.9377610087394714,3.0
348,0.0,0.0,,,0.006889690645039082,0.017312005162239075,0.0015804480062797666,0.053649187088012695,1.0
349,0.0,1.0,,,0.0029872246086597443,0.1394074410200119,0.032954245805740356,0.317171186208725,3.0
350,1.0,1.0,0.0,,0.6710777282714844,0.5234096646308899,0.00108176504727453,0.16658839583396912,0.0
351,1.0,1.0,1.0,1.0,0.9983600974082947,0.9952347874641418,0.9185069799423218,0.9473478198051453,0.0
352,0.0,0.0,,,0.004260769579559565,0.02325163036584854,0.06276392936706543,0.09213006496429443,1.0
353,1.0,1.0,0.0,0.0,0.997165322303772,0.9992953538894653,0.6635529398918152,0.6455995440483093,0.0
354,0.0,0.0,0.0,0.0,0.0023753484711050987,0.035571321845054626,0.0008715256699360907,0.09114034473896027,0.0
355,0.0,1.0,,,0.6911009550094604,0.6206559538841248,0.8165398836135864,0.5302740931510925,2.0
356,0.0,0.0,,,0.02113453671336174,0.10920201241970062,0.0027837224770337343,0.1060527116060257,4.0
357,0.0,0.0,0.0,,0.002038307022303343,0.03606641665101051,0.018303189426660538,0.08147847652435303,3.0
358,1.0,1.0,1.0,,0.9993180632591248,0.9998588562011719,0.9966562390327454,0.7567265033721924,1.0
359,0.0,0.0,,,0.014339002780616283,0.14310605823993683,0.0011211206438019872,0.16174939274787903,3.0
360,1.0,1.0,0.0,,0.991941511631012,0.9871823787689209,0.5028605461120605,0.877536416053772,0.0
361,0.0,1.0,0.0,,0.3317651152610779,0.9904353618621826,0.8269526958465576,0.9401759505271912,1.0
362,0.0,1.0,0.0,,0.1334509551525116,0.976105272769928,0.08437931537628174,0.43518710136413574,2.0
363,1.0,1.0,1.0,,0.9828769564628601,0.9881134629249573,0.13768260180950165,0.4800703525543213,1.0
364,1.0,1.0,1.0,,0.9802831411361694,0.9896439909934998,0.8732678890228271,0.7017490863800049,2.0
365,0.0,0.0,,,0.7576924562454224,0.9239252805709839,0.664972722530365,0.5389652252197266,1.0
366,1.0,1.0,,,0.8884509205818176,0.9850963354110718,0.0016268187901005149,0.3056035041809082,0.0
367,0.0,0.0,0.0,,0.0023950785398483276,0.02096722275018692,0.003646543715149164,0.16953501105308533,0.0
368,0.0,0.0,,,0.002931491006165743,0.038783252239227295,0.022136736661195755,0.15579776465892792,0.0
369,0.0,0.0,0.0,0.0,0.022495826706290245,0.14860737323760986,0.016134589910507202,0.15596643090248108,4.0
370,1.0,1.0,,,0.9919820427894592,0.9914668798446655,0.0016987553099170327,0.16911646723747253,2.0
371,1.0,1.0,,,0.8289256691932678,0.9823741316795349,0.056646235287189484,0.25721293687820435,1.0
372,1.0,1.0,,,0.991971492767334,0.996401309967041,0.07372303307056427,0.21539156138896942,3.0
373,0.0,0.0,,,0.002658556215465069,0.025036534294486046,0.0007637772941961884,0.04674823582172394,3.0
374,0.0,0.0,,,0.0033121968153864145,0.059678785502910614,0.0020383691880851984,0.11726870387792587,0.0
375,0.0,0.0,0.0,,0.004241359420120716,0.05216577276587486,0.025735940784215927,0.1044188067317009,2.0
376,0.0,0.0,0.0,0.0,0.001865937141701579,0.014639493077993393,0.0014589964412152767,0.03999163210391998,1.0
377,0.0,1.0,1.0,1.0,0.07622235268354416,0.9936535954475403,0.9854519367218018,0.5416977405548096,2.0
378,1.0,1.0,,,0.9891136884689331,0.9919528365135193,0.009550623595714569,0.16266466677188873,4.0
379,1.0,1.0,,,0.9987240433692932,0.997817873954773,0.7654569149017334,0.9304971098899841,4.0
380,0.0,0.0,,,0.0033910339698195457,0.017388371750712395,0.028386544436216354,0.04542054980993271,1.0
381,1.0,1.0,1.0,,0.9915949106216431,0.9925708770751953,0.0038308287039399147,0.10411621630191803,1.0
382,0.0,0.0,,,0.0026415165048092604,0.2719747722148895,0.0020476654171943665,0.05185495316982269,1.0
383,1.0,1.0,0.0,,0.531462550163269,0.6027661561965942,0.011281176470220089,0.25774291157722473,0.0
384,0.0,0.0,,,0.00390410702675581,0.162361741065979,0.0021164927165955305,0.0935480147600174,3.0
385,0.0,0.0,,,0.002228581113740802,0.020133763551712036,0.03490166366100311,0.13023161888122559,2.0
386,0.0,0.0,0.0,,0.0030922789592295885,0.03194279596209526,0.007374910172075033,0.3445611894130707,3.0
387,1.0,1.0,,,0.9993628859519958,0.999330997467041,0.434217244386673,0.9779890179634094,1.0
388,,0.0,,,0.0020593462977558374,0.022230328992009163,0.0009518701117485762,0.07478958368301392,3.0
389,0.0,0.0,,,0.0020998213440179825,0.0390719473361969,0.0012828195467591286,0.04917076230049133,3.0
390,0.0,1.0,,,0.7825091481208801,0.936454176902771,0.14006920158863068,0.17051149904727936,2.0
391,1.0,1.0,0.0,,0.993510365486145,0.9978492856025696,0.0015111074317246675,0.22837240993976593,4.0
392,1.0,1.0,,,0.997603714466095,0.998011589050293,0.9272412061691284,0.5813080072402954,4.0
393,1.0,1.0,,,0.9923216104507446,0.9998137354850769,0.5091694593429565,0.24173378944396973,1.0
394,1.0,1.0,,,0.7569892406463623,0.6938923597335815,0.7302897572517395,0.9155895709991455,1.0
395,1.0,1.0,,,0.9976965188980103,0.9981010556221008,0.680046021938324,0.6804609298706055,3.0
396,0.0,1.0,,,0.002445855177938938,0.07227618992328644,0.0008961104322224855,0.06251093000173569,3.0
397,1.0,1.0,,,0.9985939860343933,0.9997719526290894,0.975580096244812,0.8043967485427856,4.0
398,0.0,0.0,0.0,,0.002153092296794057,0.022586634382605553,0.0012173217255622149,0.05961163341999054,1.0
399,0.0,0.0,,,0.007069110870361328,0.040978413075208664,0.0024945014156401157,0.11468231678009033,4.0
400,1.0,1.0,,,0.9981447458267212,0.998223602771759,0.59107506275177,0.8880714178085327,4.0
401,1.0,1.0,1.0,,0.9986205101013184,0.9993342757225037,0.6361628770828247,0.9672352075576782,2.0
402,0.0,0.0,,,0.004736929200589657,0.06111689284443855,0.0229860320687294,0.18866145610809326,0.0
403,,1.0,,,0.006225030403584242,0.09240500628948212,0.0017557821702212095,0.33109480142593384,4.0
404,0.0,1.0,,,0.00492811156436801,0.22964709997177124,0.0011390470899641514,0.09786924719810486,3.0
405,1.0,1.0,1.0,,0.9993427991867065,0.996053159236908,0.9698482751846313,0.9909824132919312,2.0
406,1.0,1.0,1.0,1.0,0.9858741760253906,0.9732279181480408,0.33008769154548645,0.43445661664009094,0.0
407,0.0,0.0,,,0.0014824345707893372,0.018412068486213684,0.0015812413766980171,0.09528619796037674,4.0
408,0.0,0.0,,,0.005445805378258228,0.1434079259634018,0.0034319832921028137,0.19336260855197906,0.0
409,1.0,1.0,,,0.27482545375823975,0.9990244507789612,0.9805763959884644,0.55333411693573,1.0
410,0.0,0.0,0.0,0.0,0.005726327653974295,0.06059582531452179,0.027607755735516548,0.10122349858283997,0.0
411,0.0,0.0,0.0,,0.002638936275616288,0.015770908445119858,0.003267789725214243,0.04790721833705902,1.0
412,1.0,1.0,1.0,,0.9949730038642883,0.9988130331039429,0.9356832504272461,0.6507617235183716,3.0
413,1.0,1.0,0.0,,0.6369199156761169,0.6182518005371094,0.002812127349898219,0.06285008788108826,1.0
414,0.0,0.0,0.0,,0.0015543943736702204,0.02497445046901703,0.001624170457944274,0.17885728180408478,0.0
415,1.0,1.0,0.0,,0.9944181442260742,0.9979972243309021,0.37774452567100525,0.13795098662376404,1.0
416,0.0,0.0,,,0.0026402671355754137,0.02277197688817978,0.004770503379404545,0.11993721127510071,0.0
417,0.0,1.0,1.0,,0.29310524463653564,0.9966215491294861,0.9903897047042847,0.608052134513855,3.0
418,1.0,1.0,,,0.9864200353622437,0.9474004507064819,0.066216841340065,0.2010800540447235,4.0
419,1.0,1.0,,,0.9961697459220886,0.9953978061676025,0.0016938212793320417,0.1628974825143814,2.0
420,0.0,0.0,,,0.8990335464477539,0.996066689491272,0.6742468476295471,0.9514065980911255,0.0
421,1.0,1.0,,,0.9971973896026611,0.9991112947463989,0.9412263035774231,0.7728184461593628,2.0
422,,0.0,,,0.0016216217773035169,0.025151634588837624,0.0009005987085402012,0.10545477271080017,0.0
423,1.0,1.0,,,0.9945461750030518,0.9998500347137451,0.9473267793655396,0.8436362743377686,0.0
424,1.0,1.0,,,0.8948755860328674,0.9083541631698608,0.4417131841182709,0.6016724109649658,2.0
425,1.0,1.0,1.0,,0.9960663318634033,0.9999122619628906,0.9578061103820801,0.4482710063457489,1.0
426,0.0,0.0,0.0,,0.0015719704097136855,0.02812209352850914,0.0021717550698667765,0.16185468435287476,0.0
427,1.0,1.0,0.0,,0.9919832944869995,0.9927453398704529,0.03778596967458725,0.15763449668884277,1.0
428,0.0,0.0,0.0,,0.0008914101053960621,0.013792851008474827,0.0007742942543700337,0.051853422075510025,2.0
429,0.0,0.0,,,0.0019890479743480682,0.016337960958480835,0.04580601677298546,0.08051082491874695,1.0
430,0.0,0.0,,,0.005569652654230595,0.09549500048160553,0.019967248663306236,0.19337406754493713,0.0
431,1.0,1.0,1.0,1.0,0.9895408749580383,0.9997506737709045,0.9957386255264282,0.5814723372459412,4.0
432,1.0,1.0,,,0.9278508424758911,0.9986069202423096,0.9621498584747314,0.8810615539550781,0.0
433,0.0,0.0,,,0.002834423677995801,0.027802271768450737,0.0017017839709296823,0.14356830716133118,0.0
434,0.0,0.0,,,0.0019289845367893577,0.13700002431869507,0.0016213624039664865,0.1536683589220047,3.0
435,0.0,0.0,,,0.0017539880936965346,0.022352688014507294,0.0015628559049218893,0.15314987301826477,0.0
436,0.0,1.0,,,0.007833094336092472,0.019138278439641,0.004363548010587692,0.04494006186723709,1.0
437,1.0,1.0,0.0,,0.9891855120658875,0.99839848279953,0.9070069193840027,0.9311003684997559,3.0
438,1.0,1.0,0.0,,0.9365799427032471,0.8384538888931274,0.024163803085684776,0.35187605023384094,0.0
439,0.0,0.0,0.0,,0.01416674256324768,0.027014246210455894,0.016931207850575447,0.08100498467683792,1.0
440,1.0,1.0,0.0,0.0,0.9518626928329468,0.9952971935272217,0.011989792808890343,0.3749602437019348,0.0
441,0.0,0.0,0.0,,0.0016222834819927812,0.020436998456716537,0.0007407356170006096,0.05519738420844078,3.0
442,1.0,1.0,0.0,,0.7054774165153503,0.5001547336578369,0.0915098488330841,0.2553252875804901,2.0
443,0.0,0.0,,,0.007390771061182022,0.04494234174489975,0.01869390904903412,0.14230775833129883,4.0
444,0.0,0.0,,,0.001799343852326274,0.028691716492176056,0.0037495859432965517,0.15434952080249786,3.0
445,0.0,0.0,,,0.0025268332101404667,0.02619107998907566,0.001205694512464106,0.2620224952697754,0.0
446,1.0,1.0,,,0.9938434958457947,0.9968066811561584,0.006470148451626301,0.1102009117603302,3.0
447,1.0,1.0,,,0.999262809753418,0.9994524717330933,0.8718612790107727,0.5731867551803589,1.0
448,1.0,0.0,0.0,,0.9948476552963257,0.9952583312988281,0.036863747984170914,0.1752069741487503,3.0
449,0.0,0.0,0.0,,0.00199775118380785,0.02039599046111107,0.0009784053545445204,0.0788944810628891,3.0
450,1.0,1.0,1.0,1.0,0.994208812713623,0.9946460723876953,0.15378986299037933,0.49205952882766724,1.0
451,0.0,1.0,0.0,,0.8190182447433472,0.688894510269165,0.002123488113284111,0.17119598388671875,2.0
452,0.0,0.0,,,0.004215568769723177,0.025295905768871307,0.005679722875356674,0.15394029021263123,4.0
453,1.0,1.0,0.0,,0.7440090179443359,0.6403945684432983,0.001509073656052351,0.06164638698101044,1.0
454,0.0,1.0,0.0,,0.9313816428184509,0.7223018407821655,0.002474849810823798,0.08573747426271439,3.0
455,1.0,1.0,0.0,1.0,0.999711811542511,0.999604344367981,0.812179446220398,0.9590135216712952,4.0
456,1.0,1.0,1.0,,0.9958853125572205,0.9976242184638977,0.07252562791109085,0.3593361973762512,3.0
457,1.0,1.0,0.0,,0.9879978895187378,0.9981000423431396,0.0011130666825920343,0.3286163806915283,0.0
458,1.0,1.0,,,0.9914470911026001,0.9881882667541504,0.002730222651734948,0.06707581877708435,1.0
459,0.0,0.0,,,0.0040250131860375404,0.0212349034845829,0.0019272241042926908,0.1056785136461258,4.0
460,0.0,0.0,,,0.8395118117332458,0.6448898315429688,0.005090759135782719,0.08021880686283112,3.0
461,0.0,0.0,,,0.0017672484973445535,0.02342613786458969,0.0013073250884190202,0.12365682423114777,0.0
462,1.0,1.0,,,0.9216751456260681,0.6516548991203308,0.05805644392967224,0.0744716227054596,1.0
463,0.0,0.0,,,0.0024640182964503765,0.06658400595188141,0.003254803828895092,0.09959964454174042,0.0
464,1.0,1.0,,,0.9119555950164795,0.9922372698783875,0.9157178997993469,0.7781844139099121,0.0
465,0.0,0.0,0.0,,0.0021441299468278885,0.015473934821784496,0.0016918149776756763,0.11748287081718445,1.0
466,0.0,0.0,0.0,,0.0028736970853060484,0.023837020620703697,0.02436416782438755,0.2907370924949646,4.0
467,1.0,1.0,1.0,,0.9713156223297119,0.9665769934654236,0.00154529616702348,0.1375313699245453,2.0
468,0.0,0.0,0.0,,0.0032422016374766827,0.07788090407848358,0.010490231215953827,0.13771171867847443,2.0
469,1.0,1.0,1.0,,0.9993519186973572,0.9986112117767334,0.9710047245025635,0.7932776212692261,4.0
470,1.0,1.0,0.0,,0.9995989799499512,0.9978939294815063,0.9532700777053833,0.7098630666732788,4.0
471,0.0,0.0,0.0,,0.0019999761134386063,0.01569019816815853,0.0009940650779753923,0.03988523408770561,1.0
472,1.0,1.0,,,0.6967379450798035,0.674656093120575,0.04175684228539467,0.2993314564228058,0.0
473,0.0,0.0,,,0.012532630935311317,0.09188016504049301,0.00817765761166811,0.25592586398124695,4.0
474,0.0,1.0,,,0.3271085321903229,0.9929078221321106,0.617902398109436,0.9010222554206848,4.0
475,0.0,0.0,,,0.0018851332133635879,0.0980607271194458,0.07607904076576233,0.16845297813415527,3.0
476,1.0,1.0,0.0,,0.7502045631408691,0.9979420900344849,0.21418040990829468,0.41688084602355957,4.0
477,1.0,1.0,,,0.8411418199539185,0.6600976586341858,0.03845439478754997,0.18191106617450714,2.0
478,1.0,1.0,,,0.9918630123138428,0.9960408210754395,0.023508667945861816,0.26226428151130676,0.0
479,0.0,1.0,0.0,,0.5338429808616638,0.9929226040840149,0.5124763250350952,0.3979714810848236,0.0
480,0.0,0.0,,,0.0025395057164132595,0.03140707314014435,0.002854282036423683,0.11833317577838898,0.0
481,1.0,1.0,,,0.907675564289093,0.8850136995315552,0.002001045737415552,0.13113771378993988,2.0
482,1.0,1.0,,,0.9955114722251892,0.999765932559967,0.9413361549377441,0.6141265034675598,0.0
483,1.0,1.0,0.0,,0.9903575778007507,0.9901989102363586,0.03269851580262184,0.34613630175590515,1.0
484,0.0,1.0,,,0.010805467143654823,0.3824886977672577,0.005024482496082783,0.3779701888561249,2.0
485,1.0,1.0,1.0,,0.6136777997016907,0.9691193699836731,0.6316125988960266,0.49831265211105347,0.0
486,1.0,1.0,0.0,,0.9685678482055664,0.9463174343109131,0.4387504458427429,0.9314125776290894,0.0
487,1.0,1.0,,,0.9846243858337402,0.9901143908500671,0.0008662466425448656,0.10641293227672577,4.0
488,1.0,1.0,,,0.9082417488098145,0.9992683529853821,0.9523130655288696,0.5700673460960388,4.0
489,1.0,1.0,0.0,,0.9987198114395142,0.9974527955055237,0.5316872000694275,0.9333884716033936,4.0
490,1.0,1.0,,,0.9991835355758667,0.9985288977622986,0.7959953546524048,0.9187793731689453,2.0
491,1.0,1.0,0.0,,0.0034383167512714863,0.13786685466766357,0.009702013805508614,0.08631110191345215,3.0
492,1.0,1.0,1.0,,0.7800001502037048,0.9962515830993652,0.943824291229248,0.561772346496582,4.0
493,0.0,0.0,0.0,,0.0016054782317951322,0.01596170850098133,0.0006123444763943553,0.045988939702510834,2.0
494,1.0,1.0,,,0.9899910092353821,0.9847821593284607,0.004838051740080118,0.0741124153137207,1.0
495,0.0,0.0,0.0,,0.020170729607343674,0.023645518347620964,0.007238859310746193,0.07452202588319778,1.0
496,0.0,1.0,,,0.19184072315692902,0.9531009197235107,0.903282642364502,0.9049645066261292,4.0
497,0.0,0.0,,,0.0018225850071758032,0.021796755492687225,0.0015805161092430353,0.09160692244768143,2.0
498,1.0,1.0,1.0,,0.983140766620636,0.9997251629829407,0.9554853439331055,0.5978968143463135,3.0
499,0.0,0.0,0.0,0.0,0.0035773804411292076,0.04225271940231323,0.010972128249704838,0.38070914149284363,3.0
500,0.0,1.0,,,0.9900363683700562,0.9836899042129517,0.026743745431303978,0.22300344705581665,2.0
501,0.0,0.0,0.0,0.0,0.0023663060273975134,0.02516557089984417,0.019629649817943573,0.3676803410053253,3.0
502,0.0,0.0,,,0.005158759653568268,0.029768455773591995,0.040942948311567307,0.14789339900016785,4.0
503,0.0,1.0,,,0.27911049127578735,0.9963440299034119,0.701180100440979,0.4030437469482422,2.0
504,1.0,1.0,,,0.992957353591919,0.9940572381019592,0.0026631548535078764,0.1017841249704361,3.0
505,1.0,1.0,,,0.8946017026901245,0.9736078977584839,0.06291410326957703,0.08381190150976181,1.0
506,1.0,1.0,1.0,,0.9987072944641113,0.9988059997558594,0.8618178963661194,0.922796368598938,2.0
507,1.0,1.0,,,0.9779716730117798,0.9921991229057312,0.0008321157656610012,0.22186052799224854,0.0
508,0.0,0.0,,,0.0020798291079699993,0.029996978119015694,0.016805201768875122,0.16014787554740906,0.0
509,0.0,1.0,,,0.27598685026168823,0.996063768863678,0.7138296365737915,0.23559749126434326,1.0
510,0.0,0.0,0.0,0.0,0.026604512706398964,0.1147627979516983,0.0016003689961507916,0.07148459553718567,3.0
511,0.0,1.0,1.0,,0.78687584400177,0.9960941672325134,0.9551546573638916,0.8877539038658142,4.0
512,0.0,0.0,,,0.06909890472888947,0.05598278343677521,0.157211035490036,0.1564738154411316,4.0
513,0.0,1.0,,,0.9625537991523743,0.9979865550994873,0.6464942097663879,0.6592504978179932,2.0
514,1.0,1.0,0.0,,0.994408130645752,0.9845674633979797,0.005815344862639904,0.4734687805175781,0.0
515,0.0,1.0,0.0,,0.685928225517273,0.9976487159729004,0.9314643144607544,0.7675589323043823,3.0
516,1.0,1.0,1.0,,0.9886090755462646,0.9997353553771973,0.5520572662353516,0.3345981240272522,2.0
517,0.0,0.0,,,0.04267378896474838,0.2719978392124176,0.008389785885810852,0.2875162363052368,4.0
518,0.0,1.0,,,0.17789679765701294,0.7441443204879761,0.4880611002445221,0.909468412399292,1.0
519,0.0,1.0,,,0.3375757038593292,0.9909424781799316,0.4767780303955078,0.2199312448501587,1.0
520,1.0,1.0,,,0.9954872131347656,0.9926452040672302,0.003098968882113695,0.23736751079559326,2.0
521,1.0,1.0,,,0.8666086196899414,0.8363272547721863,0.9774552583694458,0.6437292098999023,4.0
522,,0.0,,,0.0026292698457837105,0.02303028106689453,0.0022873322013765574,0.14995509386062622,0.0
523,1.0,1.0,,,0.9974561333656311,0.999690592288971,0.9624215364456177,0.7172325849533081,3.0
524,0.0,0.0,0.0,,0.002014733850955963,0.06156054139137268,0.0014823760138824582,0.10791157186031342,4.0
525,1.0,1.0,0.0,,0.9956645965576172,0.99570631980896,0.00261539313942194,0.1239975243806839,3.0
526,0.0,0.0,0.0,,0.0030439377296715975,0.021484117954969406,0.001023586606606841,0.06693080067634583,1.0
527,0.0,0.0,,,0.002032941672950983,0.028650598600506783,0.0025949745904654264,0.21144771575927734,0.0
528,0.0,0.0,,,0.0019429546082392335,0.027073301374912262,0.0026321886107325554,0.21182221174240112,0.0
529,1.0,1.0,1.0,,0.9524206519126892,0.9995862245559692,0.8958590030670166,0.7309971451759338,0.0
530,1.0,1.0,0.0,,0.9990577101707458,0.9995599985122681,0.7524999976158142,0.9624571800231934,0.0
531,0.0,0.0,0.0,,0.0013738992856815457,0.01747702807188034,0.0009091546526178718,0.04011155292391777,2.0
532,0.0,0.0,0.0,,0.0017315156292170286,0.024606311693787575,0.001668380107730627,0.13568440079689026,0.0
533,0.0,0.0,0.0,,0.0021334164775907993,0.020772850140929222,0.0005305208032950759,0.04616941511631012,3.0
534,0.0,0.0,0.0,0.0,0.006264908704906702,0.020536024123430252,0.0026403984520584345,0.10386999696493149,1.0
535,0.0,0.0,0.0,,0.004952144809067249,0.016859296709299088,0.0022906723897904158,0.0660945251584053,1.0
536,0.0,1.0,1.0,0.0,0.25628167390823364,0.9530869126319885,0.49979692697525024,0.294918954372406,2.0
537,1.0,1.0,0.0,,0.9927370548248291,0.9972922801971436,0.0048815058544278145,0.11419344693422318,4.0
538,1.0,1.0,,,0.9919750690460205,0.9942731261253357,0.01882307231426239,0.1015596017241478,1.0
539,0.0,0.0,,,0.005405082367360592,0.05164066702127457,0.0033588726073503494,0.07975174486637115,3.0
540,0.0,0.0,,,0.35364022850990295,0.9926848411560059,0.5804548263549805,0.41622379422187805,4.0
541,1.0,1.0,,,0.8109346628189087,0.9913710951805115,0.0036114833783358335,0.08642855286598206,3.0
542,1.0,1.0,0.0,,0.7027551531791687,0.8545187711715698,0.0853978618979454,0.45899125933647156,2.0
543,1.0,1.0,0.0,,0.9944204092025757,0.9938583374023438,0.036039095371961594,0.2916724979877472,0.0
544,0.0,1.0,1.0,,0.44004708528518677,0.9993564486503601,0.9982647895812988,0.9382138252258301,0.0
545,0.0,0.0,,,0.002090459456667304,0.0251571424305439,0.0005676292930729687,0.05249222368001938,3.0
546,0.0,0.0,,,0.0027314480394124985,0.06324072182178497,0.0023616317193955183,0.11146190762519836,4.0
547,1.0,1.0,,,0.9412040710449219,0.9714597463607788,0.02882404252886772,0.21331949532032013,2.0
548,0.0,0.0,0.0,,0.001919312053360045,0.026216790080070496,0.0008313008584082127,0.13211126625537872,0.0
549,1.0,1.0,,,0.999243438243866,0.9987339973449707,0.9282823801040649,0.9256783723831177,2.0
550,0.0,0.0,,,0.005138722248375416,0.030968552455306053,0.0014648610958829522,0.07625095546245575,4.0
551,0.0,0.0,,,0.001402208930812776,0.036013517528772354,0.004418936092406511,0.09990319609642029,2.0
552,0.0,1.0,0.0,,0.1531848907470703,0.9954027533531189,0.8588255643844604,0.9597783088684082,0.0
553,1.0,1.0,0.0,,0.9835748672485352,0.9855244755744934,0.002594167133793235,0.19794683158397675,2.0
554,0.0,0.0,,,0.0015543645713478327,0.024272430688142776,0.0008262096089310944,0.1526724100112915,0.0
555,1.0,1.0,,,0.3900744616985321,0.9994139075279236,0.7862038612365723,0.9589189887046814,0.0
556,0.0,0.0,,,0.0032627449836581945,0.01645408570766449,0.0016263305442407727,0.04661022499203682,1.0
557,1.0,1.0,,,0.1245831847190857,0.25183066725730896,0.13574162125587463,0.17578569054603577,2.0
558,1.0,1.0,,,0.9946849346160889,0.9997068047523499,0.9960378408432007,0.5153863430023193,2.0
559,0.0,0.0,,,0.0049717724323272705,0.03086904063820839,0.0031833339016884565,0.08778674155473709,4.0
560,0.0,0.0,,,0.004007389303296804,0.1174810379743576,0.0015108180232346058,0.08488336205482483,2.0
561,0.0,0.0,,,0.0038677051197737455,0.016164962202310562,0.0008603553287684917,0.04282641038298607,1.0
562,0.0,0.0,0.0,,0.04352719709277153,0.4079466760158539,0.006111375987529755,0.1241198480129242,4.0
563,0.0,0.0,0.0,,0.5909769535064697,0.6062352657318115,0.8270258903503418,0.6233583688735962,4.0
564,0.0,0.0,0.0,,0.0020031624007970095,0.02956249564886093,0.0016637742519378662,0.14551572501659393,0.0
565,1.0,1.0,,,0.8202195763587952,0.9915724992752075,0.1667548567056656,0.12082607299089432,4.0
566,1.0,1.0,0.0,,0.9598696231842041,0.9981997013092041,0.7483113408088684,0.8671583533287048,2.0
567,0.0,0.0,0.0,,0.002530755940824747,0.019115131348371506,0.0016026424709707499,0.042301423847675323,1.0
568,0.0,0.0,,,0.005169307347387075,0.029152296483516693,0.010674063116312027,0.07726860046386719,3.0
569,1.0,1.0,0.0,,0.9898360967636108,0.9889759421348572,0.0028059149626642466,0.15204846858978271,4.0
570,0.0,0.0,0.0,,0.00239511183463037,0.10278657078742981,0.024516042321920395,0.05536796897649765,1.0
571,0.0,0.0,,,0.7241169810295105,0.6602071523666382,0.03221336752176285,0.1332036405801773,1.0
572,1.0,1.0,1.0,,0.9977931976318359,0.999745786190033,0.9899561405181885,0.9847010970115662,1.0
573,1.0,1.0,1.0,1.0,0.9949721097946167,0.9905849695205688,0.20936442911624908,0.2667374610900879,2.0
574,1.0,1.0,,,0.978476881980896,0.9931131601333618,0.1543949693441391,0.23105108737945557,4.0
575,0.0,0.0,,,0.021783383563160896,0.07210829108953476,0.0033070556819438934,0.07943197339773178,2.0
576,1.0,1.0,,,0.9929985404014587,0.98957359790802,0.00120608473662287,0.04005907475948334,1.0
577,0.0,0.0,0.0,,0.006219524424523115,0.37240350246429443,0.7231632471084595,0.5090746283531189,3.0
578,0.0,0.0,0.0,0.0,0.0010240133851766586,0.018006430938839912,0.001755105797201395,0.07272303104400635,2.0
579,1.0,1.0,,,0.9878804087638855,0.9985266327857971,0.9326885938644409,0.8735173344612122,1.0
580,0.0,0.0,,,0.006181981880217791,0.01965951919555664,0.005839352495968342,0.21464747190475464,4.0
581,1.0,1.0,,,0.9966638088226318,0.9937877655029297,0.031635671854019165,0.34779736399650574,0.0
582,0.0,0.0,,,0.0025664540007710457,0.25549593567848206,0.001784064806997776,0.14685069024562836,1.0
583,0.0,1.0,,,0.20211629569530487,0.9709311723709106,0.4068564176559448,0.2711990773677826,1.0
584,0.0,0.0,0.0,0.0,0.006644008215516806,0.021884312853217125,0.012473792769014835,0.036460962146520615,1.0
585,1.0,1.0,1.0,1.0,0.40140584111213684,0.9960852265357971,0.8797823190689087,0.18497338891029358,1.0
586,1.0,1.0,,,0.9926555156707764,0.9932444095611572,0.10705168545246124,0.30651435256004333,4.0
587,0.0,0.0,0.0,,0.00226346543058753,0.023450015112757683,0.0015685303369536996,0.07344669848680496,3.0
588,1.0,1.0,,,0.9987461566925049,0.9988252520561218,0.952294111251831,0.8481814861297607,1.0
589,0.0,0.0,,,0.006702823098748922,0.05995570123195648,0.025506043806672096,0.0908840075135231,2.0
590,0.0,0.0,,,0.0023813277948647738,0.014546288177371025,0.0014767609536647797,0.044982556253671646,1.0
591,0.0,0.0,0.0,,0.00350132305175066,0.018884140998125076,0.0011605210602283478,0.04798892140388489,1.0
592,0.0,0.0,0.0,,0.00136926444247365,0.019718043506145477,0.001217251643538475,0.14210359752178192,2.0
593,1.0,1.0,,,0.7408450245857239,0.9977834224700928,0.7469503879547119,0.2326035499572754,1.0
594,0.0,1.0,,,0.8703699111938477,0.6004866361618042,0.04682762920856476,0.23009027540683746,2.0
595,0.0,0.0,0.0,,0.004695775918662548,0.34072738885879517,0.014020461589097977,0.2603708505630493,3.0
596,1.0,1.0,,,0.874869704246521,0.9945696592330933,0.8840082883834839,0.8460648059844971,1.0
597,,0.0,,,0.0010511965956538916,0.015426712110638618,0.0011260600294917822,0.09938957542181015,2.0
598,1.0,1.0,,,0.5910206437110901,0.9912965893745422,0.8341600894927979,0.6437687873840332,2.0
599,0.0,0.0,,,0.0027161056641489267,0.018674617633223534,0.0012621888890862465,0.038282252848148346,1.0
600,1.0,1.0,,,0.9355664253234863,0.954124927520752,0.008062432520091534,0.34193888306617737,4.0
601,1.0,1.0,,,0.13239505887031555,0.1297532021999359,0.07902760803699493,0.05589680373668671,1.0
602,0.0,0.0,,,0.0033135267440229654,0.029930507764220238,0.0018535576527938247,0.16257919371128082,0.0
603,0.0,1.0,,,0.0025288101751357317,0.14550580084323883,0.002849291078746319,0.06537427008152008,3.0
604,1.0,1.0,0.0,,0.9945378303527832,0.9952275156974792,0.0042193010449409485,0.07436176389455795,3.0
605,0.0,1.0,0.0,,0.0023758267052471638,0.0145979393273592,0.0017632846720516682,0.036198634654283524,1.0
606,0.0,0.0,0.0,,0.0033051171340048313,0.0259720291942358,0.0013792794197797775,0.1590171456336975,4.0
607,1.0,1.0,1.0,1.0,0.31712618470191956,0.9985142350196838,0.7744380831718445,0.17928281426429749,1.0
608,0.0,0.0,,,0.001887825201265514,0.020942602306604385,0.0007365719648078084,0.07107973098754883,4.0
609,0.0,0.0,,,0.0014627747004851699,0.01666218228638172,0.0007284515886567533,0.035074908286333084,2.0
610,0.0,0.0,,,0.004225139040499926,0.1009412407875061,0.0029006688855588436,0.4465702772140503,0.0
611,1.0,1.0,,,0.9740196466445923,0.9999080300331116,0.5956487655639648,0.4360354244709015,1.0
612,0.0,0.0,0.0,,0.0035908385179936886,0.025347910821437836,0.009020127356052399,0.11207720637321472,4.0
613,0.0,0.0,0.0,,0.01267110463231802,0.04540432244539261,0.0014434090116992593,0.11989904940128326,0.0
614,0.0,0.0,0.0,,0.003066474571824074,0.02055298164486885,0.02398550510406494,0.09117268025875092,1.0
615,0.0,0.0,,,0.0012654353631660342,0.016059935092926025,0.0009073643595911562,0.04522128030657768,2.0
616,1.0,1.0,,,0.6824208498001099,0.9983533620834351,0.9252439141273499,0.9333750605583191,3.0
617,,1.0,,,0.9990877509117126,0.9991721510887146,0.9258312582969666,0.6764011979103088,0.0
618,0.0,0.0,,,0.0018679008353501558,0.02321002446115017,0.0006537585868500173,0.0736495777964592,0.0
619,0.0,0.0,,,0.0023928163573145866,0.014382177963852882,0.001615086104720831,0.044555891305208206,1.0
620,1.0,1.0,1.0,,0.9860073924064636,0.9995152950286865,0.9973729252815247,0.5250288248062134,0.0
621,0.0,0.0,,,0.0022005874197930098,0.020144147798419,0.029316922649741173,0.07903317362070084,1.0
622,0.0,0.0,,,0.0016945084789767861,0.05670009180903435,0.01448076218366623,0.08585551381111145,2.0
623,1.0,1.0,0.0,,0.6997473835945129,0.6320458054542542,0.04017157480120659,0.18422162532806396,4.0
624,0.0,1.0,1.0,,0.1755148470401764,0.9819509983062744,0.9635829329490662,0.921592652797699,3.0
625,1.0,1.0,,,0.9934471845626831,0.9999143481254578,0.9979149103164673,0.7283948659896851,4.0
626,0.0,0.0,,,0.0016027904348447919,0.021144287660717964,0.0010044989176094532,0.13126711547374725,2.0
627,1.0,1.0,,,0.9972397685050964,0.9879886507987976,0.002931891242042184,0.34601593017578125,4.0
628,1.0,1.0,,,0.920209527015686,0.9821497797966003,0.012721896171569824,0.3519305884838104,2.0
629,0.0,1.0,0.0,,0.9257442951202393,0.993559718132019,0.05143759027123451,0.3116097152233124,0.0
630,0.0,0.0,0.0,,0.0028699394315481186,0.03417892009019852,0.0016190477181226015,0.22868748009204865,0.0
631,0.0,0.0,0.0,,0.001274114940315485,0.019863368943333626,0.0018407837487757206,0.09635655581951141,2.0
632,0.0,0.0,,,0.003393534105271101,0.03145024925470352,0.0032731599640101194,0.15551182627677917,0.0
633,1.0,1.0,,,0.5518520474433899,0.9903193116188049,0.9196930527687073,0.7531208992004395,4.0
634,0.0,0.0,,,0.002578452927991748,0.01626741886138916,0.0007732213707640767,0.045740239322185516,1.0
635,1.0,1.0,0.0,,0.9892569780349731,0.9998505115509033,0.5076560974121094,0.4630357623100281,4.0
636,1.0,1.0,1.0,,0.9388121962547302,0.9995859265327454,0.9191663265228271,0.6956237554550171,0.0
637,1.0,1.0,1.0,1.0,0.9935681819915771,0.9995145201683044,0.9838283061981201,0.9734892845153809,0.0
638,0.0,0.0,,,0.0014777032192796469,0.0246796365827322,0.004335012752562761,0.08434277027845383,3.0
639,0.0,0.0,0.0,,0.002365455962717533,0.0624859482049942,0.000976667390204966,0.07717621326446533,4.0
640,1.0,1.0,0.0,,0.7821979522705078,0.6409264802932739,0.000855875900015235,0.10274706780910492,4.0
641,0.0,0.0,,,0.012706722132861614,0.059404321014881134,0.0063918824307620525,0.16322922706604004,4.0
642,1.0,1.0,1.0,1.0,0.993349552154541,0.9955901503562927,0.911040723323822,0.9324137568473816,0.0
643,0.0,0.0,,,0.5114493370056152,0.5368720293045044,0.05313500761985779,0.3041793406009674,0.0
644,0.0,0.0,,,0.003680806839838624,0.029166311025619507,0.005423190537840128,0.08683525770902634,3.0
645,0.0,0.0,,,0.0026575245428830385,0.016169708222150803,0.0005904387217015028,0.03576203063130379,2.0
646,0.0,0.0,,,0.002147514605894685,0.026636093854904175,0.055146005004644394,0.15448322892189026,4.0
647,0.0,0.0,,,0.008176128380000591,0.02421511895954609,0.19381114840507507,0.09169925004243851,1.0
648,0.0,1.0,1.0,,0.3476836681365967,0.992367684841156,0.7960714101791382,0.4928152859210968,4.0
649,1.0,1.0,,,0.9937669038772583,0.9998559951782227,0.9789044857025146,0.6517765522003174,0.0
650,0.0,0.0,,,0.006652642507106066,0.017851879820227623,0.0020247993525117636,0.04872318357229233,1.0
651,0.0,0.0,,,0.002202411415055394,0.04530688747763634,0.0016887065721675754,0.11877107620239258,0.0
652,0.0,0.0,,,0.0023819198831915855,0.02179267257452011,0.0005871065077371895,0.045696716755628586,3.0
653,0.0,1.0,,,0.15657255053520203,0.9716706871986389,0.28357070684432983,0.33768701553344727,4.0
654,0.0,0.0,,,0.004056287929415703,0.017516007646918297,0.003923818469047546,0.054811324924230576,1.0
655,0.0,0.0,0.0,,0.0021544606424868107,0.020558245480060577,0.0016913518775254488,0.12797902524471283,4.0
656,0.0,0.0,,,0.0022842164617031813,0.02272411622107029,0.0023473273031413555,0.0971129834651947,4.0
657,0.0,0.0,,,0.003506074659526348,0.033487893640995026,0.0011640687007457018,0.05844579637050629,3.0
658,0.0,0.0,0.0,,0.002067133318632841,0.023545267060399055,0.002262115478515625,0.11557221412658691,4.0
659,0.0,1.0,0.0,,0.268527626991272,0.9892228841781616,0.9771599173545837,0.9668793082237244,4.0
660,0.0,0.0,,,0.0021811865735799074,0.08666819334030151,0.040936339646577835,0.16585424542427063,2.0
661,0.0,0.0,,,0.0013844853965565562,0.014882910996675491,0.0011465533170849085,0.10942022502422333,2.0
662,1.0,1.0,,,0.949880063533783,0.781417965888977,0.0010397030273452401,0.09504251182079315,3.0
663,0.0,0.0,,,0.004462206736207008,0.021058470010757446,0.0024751503951847553,0.08969642221927643,4.0
664,0.0,1.0,,,0.18086151778697968,0.9308139681816101,0.18967746198177338,0.1291426569223404,2.0
665,0.0,0.0,,,0.001026455545797944,0.012404004111886024,0.001352836610749364,0.10911929607391357,2.0
666,1.0,1.0,0.0,,0.9945593476295471,0.9939522743225098,0.006851430982351303,0.14571508765220642,3.0
667,0.0,0.0,,,0.0021094782277941704,0.020854564383625984,0.09244042634963989,0.17024588584899902,3.0
668,1.0,1.0,,,0.9735363125801086,0.9972880482673645,0.45333588123321533,0.9510266184806824,1.0
669,1.0,1.0,1.0,,0.9982538819313049,0.9987218379974365,0.9605863094329834,0.7724297642707825,2.0
670,0.0,0.0,0.0,,0.010756622068583965,0.24420787394046783,0.03512837737798691,0.19024203717708588,0.0
671,0.0,0.0,0.0,,0.008709418587386608,0.14457479119300842,0.0014069852186366916,0.06306864321231842,3.0
672,0.0,0.0,0.0,,0.002706553554162383,0.03881773352622986,0.00178572628647089,0.11882221698760986,1.0
673,0.0,0.0,,,0.0024161934852600098,0.02335999347269535,0.0043991026468575,0.08184787631034851,3.0
674,0.0,0.0,,,0.0017565073212608695,0.02741246670484543,0.0007372816326096654,0.09727095812559128,0.0
675,0.0,0.0,,,0.00194722437299788,0.02126186341047287,0.0019091474823653698,0.08068662136793137,3.0
676,0.0,1.0,1.0,,0.6196718215942383,0.9982930421829224,0.7542185187339783,0.47522401809692383,3.0
677,0.0,0.0,0.0,,0.002295474987477064,0.024388577789068222,0.0009477849234826863,0.098391592502594,0.0
678,0.0,0.0,0.0,,0.003207071917131543,0.014723094180226326,0.0006414215895347297,0.02756313607096672,1.0
679,1.0,1.0,,,0.9992026686668396,0.9968652129173279,0.36800017952919006,0.35107117891311646,0.0
680,1.0,1.0,1.0,,0.8901875615119934,0.9991396069526672,0.9462753534317017,0.9306358098983765,1.0
681,1.0,1.0,0.0,,0.9909681677818298,0.9983752965927124,0.045166268944740295,0.20588180422782898,4.0
682,1.0,1.0,,,0.9915259480476379,0.9937945008277893,0.02854013815522194,0.2675214409828186,2.0
683,1.0,1.0,,,0.9997547268867493,0.9994766116142273,0.9342515468597412,0.9617323875427246,4.0
684,1.0,1.0,1.0,,0.9919778108596802,0.9999144077301025,0.9458463788032532,0.6050044298171997,4.0
685,0.0,0.0,0.0,0.0,0.003618760034441948,0.027723299339413643,0.0023937923833727837,0.08314653486013412,4.0
686,0.0,0.0,,,0.0022827505599707365,0.03666722774505615,0.03133749961853027,0.13021320104599,0.0
687,1.0,1.0,,,0.9922272562980652,0.9530830383300781,0.2597019076347351,0.9818989038467407,1.0
688,0.0,0.0,0.0,,0.003383069299161434,0.027819465845823288,0.001258681993931532,0.15957111120224,3.0
689,0.0,0.0,0.0,,0.0014844369143247604,0.022127315402030945,0.0011150076752528548,0.16168344020843506,3.0
690,1.0,1.0,0.0,,0.982586145401001,0.998508632183075,0.01277173776179552,0.3494521379470825,3.0
691,1.0,1.0,1.0,,0.3497682809829712,0.9942763447761536,0.7459380626678467,0.3010194003582001,2.0
692,0.0,0.0,,,0.0013982834061607718,0.02386932447552681,0.04278277978301048,0.13196317851543427,2.0
693,0.0,0.0,,,0.0022357848938554525,0.016014769673347473,0.0012502397876232862,0.04549399018287659,1.0
694,1.0,1.0,,,0.7765357494354248,0.6915301084518433,0.0009081493481062353,0.059364620596170425,1.0
695,,0.0,,,0.0028384504839777946,0.02327658236026764,0.0019189963350072503,0.2831622064113617,1.0
696,1.0,1.0,,,0.7901162505149841,0.5676841735839844,0.00423909118399024,0.16055767238140106,4.0
697,0.0,0.0,0.0,,0.003980081062763929,0.03591654449701309,0.003172679338604212,0.05742655694484711,3.0
698,0.0,0.0,0.0,,0.002389676636084914,0.01918034441769123,0.002028130693361163,0.10448502004146576,4.0
699,0.0,0.0,0.0,,0.0019298756960779428,0.030449824407696724,0.0019378743600100279,0.10366269946098328,4.0
700,1.0,1.0,0.0,,0.9941766262054443,0.9997952580451965,0.9450172185897827,0.8328464031219482,0.0
701,1.0,1.0,,,0.9957855939865112,0.9892157912254333,0.0031412062235176563,0.162422314286232,2.0
702,1.0,1.0,,,0.9864959716796875,0.9900607466697693,0.004067576490342617,0.1464020013809204,4.0
703,0.0,0.0,,,0.0027254223823547363,0.018285810947418213,0.0022052538115531206,0.11811629682779312,4.0
704,1.0,1.0,,,0.9930579662322998,0.986019492149353,0.0015657225158065557,0.17675314843654633,2.0
705,0.0,0.0,,,0.0023847604170441628,0.014467436820268631,0.0019433898851275444,0.05258568748831749,1.0
706,1.0,1.0,1.0,,0.9987756013870239,0.9984875321388245,0.9169898629188538,0.7415918111801147,2.0
707,1.0,1.0,0.0,,0.9990087747573853,0.9969890713691711,0.2382221519947052,0.3208240568637848,0.0
708,1.0,1.0,,,0.999367892742157,0.9998491406440735,0.8884933590888977,0.6432005763053894,3.0
709,0.0,0.0,,,0.0036013051867485046,0.02100394293665886,0.0008259594324044883,0.10614181309938431,4.0
710,1.0,1.0,,,0.7385636568069458,0.8235536813735962,0.8316598534584045,0.8898037075996399,1.0
711,0.0,1.0,,,0.002965616062283516,0.016825120896100998,0.002302955836057663,0.09583411365747452,2.0
712,0.0,0.0,,,0.0013146817218512297,0.013655466958880424,0.0010830493411049247,0.08960074931383133,2.0
713,1.0,1.0,1.0,,0.9752990007400513,0.9997389316558838,0.9574781656265259,0.7065931558609009,3.0
714,0.0,0.0,,,0.0011878925142809749,0.01865849457681179,0.0011045353021472692,0.09734703600406647,2.0
715,1.0,1.0,0.0,,0.9896867871284485,0.9808043241500854,0.48045337200164795,0.9815007448196411,1.0
716,0.0,0.0,,,0.0016349561046808958,0.024889333173632622,0.0009239122737199068,0.07587674260139465,3.0
717,1.0,1.0,,,0.9914540648460388,0.9960612058639526,0.0015507504576817155,0.10666252672672272,3.0
718,0.0,0.0,,,0.7073403596878052,0.7588376998901367,0.8495674133300781,0.6447527408599854,3.0
719,1.0,1.0,1.0,1.0,0.9959156513214111,0.998783528804779,0.9151882529258728,0.5387299060821533,1.0
720,1.0,1.0,1.0,,0.9945635795593262,0.998913049697876,0.9110310673713684,0.5379917621612549,2.0
721,0.0,0.0,0.0,,0.002679413417354226,0.01524769514799118,0.002637689933180809,0.09034891426563263,1.0
722,1.0,1.0,1.0,,0.8758940696716309,0.9598569273948669,0.8838191032409668,0.6645829677581787,2.0
723,0.0,0.0,,,0.0012352240737527609,0.019731711596250534,0.008423951454460621,0.08831003308296204,2.0
724,1.0,1.0,,,0.9913339018821716,0.9998100399971008,0.8883237838745117,0.7464390397071838,2.0
725,1.0,1.0,,,0.9564953446388245,0.9995391368865967,0.8544089794158936,0.6790174245834351,3.0
726,0.0,0.0,,,0.0031203264370560646,0.0196865014731884,0.001424737274646759,0.11818048357963562,4.0
727,1.0,1.0,1.0,1.0,0.9941866397857666,0.9965075850486755,0.3305571973323822,0.3200131356716156,0.0
728,1.0,1.0,0.0,,0.9937043190002441,0.9940796494483948,0.024507571011781693,0.10608398914337158,3.0
729,1.0,1.0,0.0,,0.9992220997810364,0.9957538843154907,0.3533206284046173,0.4657435119152069,0.0
730,0.0,0.0,0.0,0.0,0.0026671059895306826,0.03459521010518074,0.001553520793095231,0.08591420948505402,2.0
731,0.0,0.0,0.0,,0.0018322719261050224,0.0197454821318388,0.003112099366262555,0.07599950581789017,3.0
732,0.0,0.0,0.0,,0.001656305743381381,0.024130305275321007,0.0013010725378990173,0.1626206785440445,3.0
733,1.0,1.0,,,0.9951720237731934,0.9929521083831787,0.003100882051512599,0.07007289677858353,1.0
734,0.0,0.0,0.0,,0.001564627280458808,0.02104024402797222,0.0009020597208291292,0.07344796508550644,3.0
735,0.0,0.0,,,0.0018186187371611595,0.02272801287472248,0.0010484163649380207,0.07149315625429153,3.0
736,0.0,1.0,,,0.21714596450328827,0.9730677604675293,0.39075422286987305,0.41409116983413696,0.0
737,1.0,1.0,,,0.9815578460693359,0.9898030757904053,0.06243602931499481,0.19453251361846924,3.0
738,0.0,0.0,,,0.004391933791339397,0.0309708621352911,0.0019319832790642977,0.09013591706752777,3.0
739,1.0,1.0,,,0.9966489672660828,0.9996959567070007,0.9161804914474487,0.6403676271438599,3.0
740,1.0,1.0,0.0,,0.984008252620697,0.989300549030304,0.0012825306039303541,0.14832505583763123,4.0
741,0.0,0.0,,,0.0023182611912488937,0.0150818582624197,0.0006961668841540813,0.02881172113120556,1.0
742,0.0,0.0,,,0.0020180880092084408,0.014985808171331882,0.0015259094070643187,0.06372871994972229,1.0
743,0.0,0.0,,,0.0013304661260917783,0.01979275606572628,0.03798200935125351,0.15127874910831451,2.0
744,0.0,0.0,0.0,,0.003366302466019988,0.16725032031536102,0.012307379394769669,0.10413786768913269,0.0
745,0.0,0.0,,,0.002107903128489852,0.03233783319592476,0.002963125705718994,0.1114240288734436,2.0
746,0.0,1.0,,,0.5169247984886169,0.9974499344825745,0.9847524166107178,0.5418500900268555,0.0
747,0.0,1.0,1.0,1.0,0.16295847296714783,0.9912842512130737,0.9637157917022705,0.8844384551048279,4.0
748,0.0,0.0,,,0.0012803168501704931,0.022371411323547363,0.038356587290763855,0.12749814987182617,2.0
749,1.0,1.0,1.0,,0.4821222722530365,0.9934421181678772,0.39323389530181885,0.33638274669647217,2.0
750,1.0,1.0,,,0.9725099802017212,0.9998338222503662,0.9554013013839722,0.7287649512290955,3.0
751,1.0,1.0,1.0,,0.9988004565238953,0.9989514350891113,0.9609405994415283,0.7947472333908081,3.0
752,0.0,0.0,,,0.003197118639945984,0.1223776564002037,0.00956661906093359,0.19106058776378632,0.0
753,1.0,1.0,,,0.9964879751205444,0.9956742525100708,0.6277309060096741,0.9760711193084717,3.0
754,1.0,1.0,,,0.9990284442901611,0.998244047164917,0.8920295834541321,0.909637451171875,2.0
755,0.0,0.0,,,0.0022079083137214184,0.02954079769551754,0.0017585355089977384,0.15248724818229675,0.0
756,1.0,1.0,,,0.9960050582885742,0.9990719556808472,0.7718729972839355,0.8421711921691895,1.0
757,0.0,0.0,,,0.009209075942635536,0.24076244235038757,0.007416230160742998,0.3098468482494354,2.0
758,0.0,0.0,0.0,,0.0024783583357930183,0.022229302674531937,0.0019325513858348131,0.11842795461416245,4.0
759,0.0,0.0,0.0,0.0,0.003763575106859207,0.027505796402692795,0.0020187697373330593,0.09638474136590958,0.0
760,1.0,1.0,1.0,,0.8341270685195923,0.9988431930541992,0.989844024181366,0.6786017417907715,3.0
761,0.0,0.0,,,0.0023781564086675644,0.10968317091464996,0.046252574771642685,0.21441370248794556,3.0
762,0.0,1.0,,,0.7260573506355286,0.520843505859375,0.0065495530143380165,0.07648570090532303,3.0
763,1.0,1.0,,,0.993306577205658,0.9924942255020142,0.0019472700078040361,0.1762048304080963,4.0
764,0.0,0.0,,,0.0024823967833071947,0.015539458021521568,0.0016207474982365966,0.03903767466545105,1.0
765,1.0,1.0,,,0.9860317707061768,0.9935021996498108,0.22852061688899994,0.09411640465259552,1.0
766,1.0,1.0,0.0,,0.9881809949874878,0.9889355897903442,0.0015239417552947998,0.16800768673419952,4.0
767,1.0,1.0,,,0.9988687038421631,0.9999262094497681,0.2707454264163971,0.16225120425224304,1.0
768,1.0,1.0,,,0.9971298575401306,0.9997975826263428,0.9762309789657593,0.5230172276496887,3.0
769,1.0,1.0,1.0,,0.9996486902236938,0.9980363845825195,0.9851112365722656,0.8279377222061157,4.0
770,1.0,1.0,,,0.9986855983734131,0.9997729659080505,0.9081440567970276,0.5817803740501404,3.0
771,1.0,1.0,,,0.993186354637146,0.99994295835495,0.9970262050628662,0.6752330660820007,1.0
772,0.0,1.0,,,0.8527470827102661,0.9983612298965454,0.252472847700119,0.41468915343284607,0.0
773,0.0,0.0,,,0.0042426069267094135,0.03669901192188263,0.00155065197031945,0.10503527522087097,4.0
774,0.0,1.0,,,0.36607927083969116,0.9610080122947693,0.4294520616531372,0.31814390420913696,2.0
775,1.0,1.0,0.0,,0.9710975885391235,0.9728630781173706,0.04698355123400688,0.2025194764137268,4.0
776,0.0,1.0,0.0,,0.002437283517792821,0.09842908382415771,0.004064877051860094,0.05072081834077835,2.0
777,1.0,1.0,0.0,,0.7874835729598999,0.8774069547653198,0.004720794968307018,0.10556373000144958,2.0
778,0.0,0.0,,,0.0024235169403254986,0.022271621972322464,0.005627724342048168,0.09320305287837982,2.0
779,0.0,0.0,0.0,0.0,0.027612363919615746,0.0315285325050354,0.0014227981446310878,0.08171237260103226,4.0
780,0.0,0.0,,,0.002031385898590088,0.019451946020126343,0.022716889157891273,0.06665369123220444,1.0
781,0.0,0.0,,,0.003827729495242238,0.03321295231580734,0.025636998936533928,0.07336529344320297,1.0
782,0.0,0.0,0.0,0.0,0.002253409009426832,0.016959818080067635,0.0019748995546251535,0.03612232580780983,1.0
783,0.0,0.0,0.0,,0.0035458870697766542,0.06200103834271431,0.004929519258439541,0.08573433011770248,3.0
784,1.0,1.0,0.0,,0.9987812638282776,0.997787594795227,0.8905066251754761,0.9600651860237122,4.0
785,0.0,1.0,,,0.2803311049938202,0.9948806166648865,0.7788875102996826,0.25451916456222534,1.0
786,0.0,1.0,,,0.0024758675135672092,0.02395046129822731,0.004738579969853163,0.18297073245048523,0.0
787,0.0,0.0,0.0,,0.18074920773506165,0.9866077303886414,0.90593421459198,0.9723832607269287,0.0
788,1.0,1.0,0.0,1.0,0.9887593984603882,0.9645242691040039,0.35431796312332153,0.9373006820678711,0.0
789,0.0,1.0,,,0.9870666861534119,0.9818825125694275,0.9585292339324951,0.7380984425544739,4.0
790,1.0,1.0,1.0,,0.9989938735961914,0.997139573097229,0.7556157112121582,0.9549922347068787,4.0
791,1.0,1.0,,,0.8196929693222046,0.9757775068283081,0.0622323602437973,0.19006967544555664,4.0
792,0.0,0.0,,,0.1746324598789215,0.9702295660972595,0.2773470878601074,0.4589671194553375,0.0
793,1.0,1.0,,,0.9963539838790894,0.9996428489685059,0.8116939067840576,0.75009685754776,3.0
794,1.0,1.0,0.0,,0.9929385781288147,0.9948346018791199,0.0018913315143436193,0.15034155547618866,3.0
795,1.0,1.0,0.0,0.0,0.3723660111427307,0.4097432792186737,0.026830658316612244,0.08918537944555283,4.0
796,,0.0,,,0.0020318457391113043,0.02208947390317917,0.0011275794822722673,0.07390519976615906,3.0
797,1.0,1.0,0.0,,0.9926152229309082,0.9902293682098389,0.0037806755863130093,0.36717352271080017,4.0
798,0.0,1.0,1.0,,0.3687092363834381,0.9970370531082153,0.7407490015029907,0.44237053394317627,0.0
799,0.0,0.0,,,0.002365338383242488,0.024023588746786118,0.20751361548900604,0.5987196564674377,2.0
800,1.0,1.0,,,0.9926056265830994,0.9885000586509705,0.0026527063455432653,0.05535970628261566,1.0
801,0.0,0.0,0.0,,0.00911070965230465,0.06981337815523148,0.03489760309457779,0.10153528302907944,4.0
802,1.0,1.0,0.0,0.0,0.9947391748428345,0.9894130229949951,0.004845735151320696,0.15984536707401276,2.0
803,1.0,1.0,0.0,,0.7802344560623169,0.6291322708129883,0.0018752542091533542,0.09572437405586243,3.0
804,1.0,1.0,,,0.999022364616394,0.999632716178894,0.9961292147636414,0.9485433101654053,4.0
805,1.0,1.0,,,0.998864471912384,0.9991888403892517,0.9913170337677002,0.7993902564048767,3.0
806,0.0,0.0,0.0,,0.0037259068340063095,0.08482132852077484,0.0009892977541312575,0.05236004665493965,2.0
807,1.0,1.0,0.0,,0.9940174221992493,0.9898506999015808,0.00238485774025321,0.08967544138431549,1.0
808,1.0,1.0,,,0.9909985065460205,0.9995473623275757,0.32548847794532776,0.29059985280036926,1.0
809,0.0,1.0,0.0,,0.9322477579116821,0.7313897609710693,0.03822605684399605,0.44966834783554077,0.0
810,1.0,1.0,,,0.6371201872825623,0.9951030611991882,0.9361616373062134,0.9331165552139282,1.0
811,0.0,1.0,0.0,,0.853801965713501,0.7156533002853394,0.004455189220607281,0.1839381903409958,2.0
812,0.0,0.0,,,0.002252087462693453,0.014533914625644684,0.0024395121727138758,0.05360334366559982,1.0
813,1.0,1.0,,,0.9964568018913269,0.9905382394790649,0.005925037432461977,0.15096554160118103,2.0
814,0.0,0.0,,,0.003677109256386757,0.025364495813846588,0.0021208703983575106,0.07427752763032913,3.0
815,1.0,1.0,,,0.5529502034187317,0.8912978768348694,0.13325637578964233,0.17518779635429382,4.0
816,0.0,0.0,0.0,,0.8697247505187988,0.7531598806381226,0.004676808603107929,0.2437116801738739,1.0
817,1.0,1.0,,,0.9986050128936768,0.9986704587936401,0.9559864401817322,0.6830115914344788,1.0
818,0.0,1.0,0.0,,0.2004486620426178,0.9634231328964233,0.38618606328964233,0.245313361287117,2.0
819,0.0,1.0,0.0,,0.15746808052062988,0.9925487041473389,0.9595479369163513,0.9177576303482056,1.0
820,0.0,0.0,,,0.889401376247406,0.6505970358848572,0.010889559984207153,0.16307401657104492,2.0
821,0.0,0.0,0.0,,0.0012249898863956332,0.014562555588781834,0.0010563707910478115,0.07437071949243546,2.0
822,1.0,1.0,0.0,,0.9621394872665405,0.9973881244659424,0.090508833527565,0.35201749205589294,4.0
823,0.0,0.0,,,0.0022951439023017883,0.042440906167030334,0.015992421656847,0.07730533182621002,3.0
824,0.0,0.0,,,0.002282791305333376,0.02438289485871792,0.0009772485354915261,0.1211535632610321,2.0
825,0.0,1.0,0.0,,0.7564998269081116,0.7605819702148438,0.0034488795790821314,0.11484009027481079,3.0
826,0.0,0.0,0.0,,0.0018115390557795763,0.04437560215592384,0.0019579939544200897,0.08505111187696457,3.0
827,1.0,1.0,,,0.9922453761100769,0.9878965020179749,0.0031767820473760366,0.32867661118507385,4.0
828,0.0,0.0,0.0,0.0,0.003036497626453638,0.02265908010303974,0.0017658950528129935,0.08029553294181824,3.0
829,0.0,0.0,0.0,,0.004120056051760912,0.02665889821946621,0.0033715686295181513,0.07589024305343628,1.0
830,0.0,0.0,0.0,,0.004368780646473169,0.026625320315361023,0.002957393880933523,0.23116622865200043,4.0
831,0.0,1.0,0.0,,0.9473371505737305,0.9982420206069946,0.1801721602678299,0.30215075612068176,1.0
832,0.0,0.0,0.0,,0.0013371360255405307,0.01538105495274067,0.0004711108049377799,0.033931929618120193,2.0
833,1.0,1.0,0.0,,0.9995338916778564,0.9987098574638367,0.7773711681365967,0.9502633810043335,4.0
834,1.0,1.0,,,0.8828268051147461,0.7750305533409119,0.05305152386426926,0.4907318651676178,1.0
835,1.0,1.0,,,0.015713728964328766,0.21460694074630737,0.003981361165642738,0.17427435517311096,4.0
836,1.0,1.0,,,0.9960182905197144,0.9990314841270447,0.5436098575592041,0.7772431373596191,0.0
837,1.0,1.0,,,0.9824225902557373,0.9877548813819885,0.15100327134132385,0.20656442642211914,4.0
838,0.0,1.0,,,0.020832594484090805,0.3931124210357666,0.01617526449263096,0.2763253152370453,0.0
839,0.0,1.0,,,0.31073155999183655,0.9968607425689697,0.8580099940299988,0.19310802221298218,1.0
840,0.0,1.0,1.0,,0.27319657802581787,0.9900351762771606,0.6080309152603149,0.49949169158935547,0.0
841,0.0,0.0,,,0.013377984054386616,0.2870437800884247,0.009362993761897087,0.3241419196128845,1.0
842,1.0,,,,0.9389704465866089,0.9992719888687134,0.7912420034408569,0.6392755508422852,2.0
843,1.0,1.0,0.0,,0.9925172924995422,0.9907673597335815,0.0011471414472907782,0.08809095621109009,2.0
844,0.0,0.0,,,0.0021800696849823,0.015318920835852623,0.0008200964657589793,0.042838647961616516,2.0
845,0.0,0.0,0.0,0.0,0.0017470794264227152,0.0251156073063612,0.0007466101669706404,0.075511634349823,0.0
846,1.0,1.0,1.0,1.0,0.9873591065406799,0.9979766607284546,0.9820600152015686,0.547990620136261,2.0
847,1.0,1.0,,,0.9790489077568054,0.9997861385345459,0.7348145842552185,0.6828926801681519,3.0
848,1.0,1.0,,,0.9954185485839844,0.9961851239204407,0.005596760660409927,0.23012009263038635,3.0
849,1.0,1.0,0.0,,0.9333606362342834,0.9718908071517944,0.0029492040630429983,0.05497073382139206,1.0
850,1.0,1.0,,,0.9805120825767517,0.9998695254325867,0.9402282238006592,0.6765242218971252,3.0
851,0.0,0.0,,,0.004360528197139502,0.03665870428085327,0.007061015348881483,0.09823070466518402,3.0
852,0.0,0.0,0.0,,0.010468636639416218,0.1280871331691742,0.00537129258736968,0.10599557310342789,3.0
853,1.0,1.0,0.0,0.0,0.9961626529693604,0.9932796359062195,0.04786068946123123,0.12564808130264282,4.0
854,1.0,1.0,,,0.9961754679679871,0.9959985613822937,0.07271814346313477,0.18242037296295166,4.0
855,1.0,1.0,0.0,,0.9908310770988464,0.9871037006378174,0.0012564447242766619,0.05398757383227348,1.0
856,1.0,1.0,,,0.7818378806114197,0.9650325179100037,0.0864320620894432,0.49621903896331787,1.0
857,1.0,1.0,1.0,,0.9735037684440613,0.9997295141220093,0.9784608483314514,0.8423213362693787,0.0
858,0.0,0.0,,,0.002521950053051114,0.022641682997345924,0.02165650762617588,0.14354540407657623,3.0
859,0.0,0.0,0.0,,0.0030048706103116274,0.03320029005408287,0.0031904540956020355,0.12956863641738892,0.0
860,1.0,1.0,0.0,0.0,0.9916596412658691,0.9974832534790039,0.018635330721735954,0.26601627469062805,4.0
861,0.0,1.0,1.0,,0.41787660121917725,0.9966764450073242,0.9929280281066895,0.9640366435050964,0.0
862,1.0,1.0,1.0,1.0,0.9989151954650879,0.9979190826416016,0.38108453154563904,0.4184240996837616,0.0
863,0.0,0.0,,,0.0036872781347483397,0.02947731874883175,0.005371441133320332,0.11252552270889282,4.0
864,1.0,1.0,1.0,,0.9992042779922485,0.9989286661148071,0.9833512902259827,0.719430148601532,2.0
865,0.0,0.0,,,0.0047299787402153015,0.01912151649594307,0.004427590407431126,0.0841960608959198,1.0
866,1.0,1.0,1.0,,0.9996479153633118,0.9979360103607178,0.9698626399040222,0.7890708446502686,4.0
867,0.0,0.0,0.0,,0.0027427533641457558,0.03159862011671066,0.002619317267090082,0.14085158705711365,0.0
868,1.0,1.0,0.0,,0.996102511882782,0.9983280301094055,0.08449941873550415,0.11528518795967102,3.0
869,,0.0,,,0.0026362398639321327,0.10338730365037918,0.0010086765978485346,0.11165115982294083,0.0
870,0.0,1.0,,,0.1731785237789154,0.9628350734710693,0.31645089387893677,0.4392741918563843,4.0
871,0.0,0.0,,,0.0022336808033287525,0.03931871056556702,0.19311083853244781,0.13017429411411285,2.0
872,1.0,1.0,,,0.620995283126831,0.953338623046875,0.005847375374287367,0.15612521767616272,3.0
873,0.0,0.0,,,0.0018310733139514923,0.027091488242149353,0.0008940032566897571,0.08794274181127548,2.0
874,0.0,1.0,0.0,,0.14561080932617188,0.9664855599403381,0.2145756483078003,0.41907167434692383,0.0
875,0.0,0.0,0.0,,0.005929718725383282,0.04221426323056221,0.06307569146156311,0.09821838140487671,3.0
876,0.0,0.0,,,0.00718724587932229,0.02466541714966297,0.002498325891792774,0.15115796029567719,4.0
877,0.0,0.0,0.0,,0.0023238970898091793,0.025855278596282005,0.0019248537719249725,0.10192560404539108,4.0
878,1.0,1.0,0.0,,0.8464162945747375,0.9456677436828613,0.9169531464576721,0.5080747008323669,4.0
879,1.0,1.0,0.0,,0.985718309879303,0.9564704895019531,0.006851544603705406,0.10779917985200882,1.0
880,0.0,1.0,0.0,,0.1582249104976654,0.9729108214378357,0.4780716896057129,0.4224095642566681,4.0
881,0.0,0.0,0.0,,0.0019809689838439226,0.03707386553287506,0.0019792430102825165,0.16770754754543304,0.0
882,0.0,0.0,0.0,,0.8431377410888672,0.9851188063621521,0.003369579091668129,0.15008118748664856,3.0
883,1.0,1.0,1.0,,0.4438866972923279,0.25638729333877563,0.11898957192897797,0.27314287424087524,4.0
884,1.0,1.0,,,0.9962316155433655,0.9944522976875305,0.007096598856151104,0.09046561270952225,3.0
885,0.0,0.0,,,0.003075654385611415,0.034762341529130936,0.001857181778177619,0.08024857938289642,3.0
886,1.0,1.0,,,0.997395932674408,0.9980924129486084,0.004044066183269024,0.12443983554840088,1.0
887,1.0,1.0,0.0,,0.9924106597900391,0.9804974794387817,0.003860194468870759,0.14982780814170837,2.0
888,1.0,1.0,0.0,,0.977432370185852,0.9941114783287048,0.0564463846385479,0.3691847324371338,0.0
889,0.0,0.0,,,0.002166209975257516,0.017858920618891716,0.002582301152870059,0.09627696126699448,1.0
890,1.0,1.0,,,0.9947805404663086,0.9954390525817871,0.01097734086215496,0.17752370238304138,3.0
891,0.0,0.0,,,0.0022050165571272373,0.15298329293727875,0.0010727355256676674,0.15533539652824402,0.0
892,0.0,0.0,,,0.003933034837245941,0.07908153533935547,0.005809389986097813,0.15570379793643951,0.0
893,1.0,1.0,0.0,0.0,0.9926790595054626,0.992745041847229,0.0037294167559593916,0.341628760099411,0.0
894,0.0,1.0,0.0,0.0,0.36394238471984863,0.9840381145477295,0.9796367883682251,0.5889843702316284,3.0
895,0.0,0.0,0.0,,0.002893333323299885,0.14233241975307465,0.01827974058687687,0.12582147121429443,3.0
896,0.0,0.0,,,0.002128724940121174,0.02178378403186798,0.0006010686047375202,0.07199956476688385,4.0
897,0.0,0.0,0.0,,0.14998072385787964,0.489204466342926,0.03497946634888649,0.17415426671504974,2.0
898,0.0,0.0,,,0.0013125486439093947,0.031019218266010284,0.001616534311324358,0.08790651708841324,2.0
899,0.0,0.0,0.0,,0.002217725617811084,0.029666556045413017,0.0010314013343304396,0.2706000804901123,3.0
900,1.0,1.0,,,0.957599401473999,0.9958683252334595,0.1980704665184021,0.32053226232528687,0.0
901,0.0,0.0,0.0,,0.004353074356913567,0.1429927498102188,0.0004975548363290727,0.046593304723501205,2.0
902,0.0,1.0,,,0.2032892405986786,0.9984539151191711,0.993019163608551,0.8941014409065247,4.0
903,0.0,0.0,,,0.0028691450133919716,0.01503573264926672,0.0007644762517884374,0.05317007005214691,1.0
904,0.0,1.0,0.0,,0.0018509885994717479,0.14271199703216553,0.0007142989779822528,0.042806051671504974,2.0
905,1.0,1.0,,,0.9970113039016724,0.9868340492248535,0.007902069948613644,0.24564559757709503,2.0
906,1.0,1.0,1.0,,0.6426215171813965,0.9991905689239502,0.9639914035797119,0.9643430113792419,0.0
907,1.0,1.0,1.0,,0.7979682683944702,0.9996457099914551,0.8320325613021851,0.4121786952018738,0.0
908,0.0,0.0,,,0.0016351469093933702,0.02214457467198372,0.001303914119489491,0.07511076331138611,3.0
909,0.0,0.0,,,0.0025723278522491455,0.04340049624443054,0.016512393951416016,0.18405979871749878,2.0
910,1.0,1.0,,,0.994856059551239,0.9976108074188232,0.0018158942693844438,0.17807286977767944,2.0
911,0.0,0.0,,,0.007677613291889429,0.0468984879553318,0.003503677435219288,0.1421871781349182,4.0
912,0.0,1.0,,,0.0028878143057227135,0.05138169229030609,0.08860892057418823,0.16378316283226013,3.0
913,1.0,1.0,0.0,,0.9984267950057983,0.9998956322669983,0.9312822222709656,0.7623836994171143,0.0
914,1.0,1.0,,,0.9953553676605225,0.9993714690208435,0.8692361116409302,0.6813021898269653,2.0
915,0.0,1.0,,,0.46928736567497253,0.9993605613708496,0.9543617963790894,0.9236896634101868,0.0
916,0.0,0.0,,,0.009315576404333115,0.034358080476522446,0.41483864188194275,0.6665072441101074,1.0
917,0.0,0.0,0.0,,0.001241292804479599,0.021273376420140266,0.0008195326663553715,0.08174555748701096,2.0
918,0.0,0.0,0.0,0.0,0.0014376956969499588,0.02016112208366394,0.0008792208391241729,0.0815218910574913,3.0
919,1.0,1.0,,,0.9877867698669434,0.9991981983184814,0.8920092582702637,0.6197970509529114,3.0
920,1.0,1.0,,,0.9940310120582581,0.9930461049079895,0.049841172993183136,0.24095019698143005,4.0
921,0.0,0.0,,,0.0032036863267421722,0.054771918803453445,0.04446307197213173,0.08136047422885895,2.0
922,0.0,0.0,0.0,,0.8018835186958313,0.7314602136611938,0.0015673487214371562,0.23123115301132202,2.0
923,1.0,1.0,,,0.9020782709121704,0.9956871271133423,0.7685942053794861,0.3987450897693634,1.0
924,1.0,1.0,,,0.774173378944397,0.9974438548088074,0.9238597750663757,0.5232213735580444,3.0
925,0.0,0.0,,,0.0033358288928866386,0.14193469285964966,0.0013603279367089272,0.1643075942993164,0.0
926,1.0,1.0,,,0.980348527431488,0.999366044998169,0.8964798450469971,0.7247165441513062,1.0
927,0.0,0.0,0.0,,0.00404745526611805,0.0190287958830595,0.001962580718100071,0.13442480564117432,4.0
928,0.0,0.0,,,0.0027212572749704123,0.02363201230764389,0.0008503985591232777,0.08256589621305466,3.0
929,0.0,0.0,,,0.007177591789513826,0.020885884761810303,0.002186217112466693,0.13472585380077362,1.0
930,0.0,0.0,0.0,,0.003780304454267025,0.020712072029709816,0.006091398186981678,0.05369263142347336,1.0
931,0.0,0.0,0.0,,0.003923874814063311,0.026584312319755554,0.0011753838043659925,0.2980620265007019,1.0
932,1.0,1.0,,,0.9956991076469421,0.9998442530632019,0.9844487905502319,0.8598389625549316,0.0
933,0.0,0.0,,,0.5887526273727417,0.5595278739929199,0.9253531098365784,0.6540563702583313,3.0
934,1.0,1.0,0.0,,0.9985893964767456,0.9986653327941895,0.8004233837127686,0.5915316343307495,3.0
935,1.0,1.0,0.0,,0.8039741516113281,0.6302852034568787,0.003011471126228571,0.20068955421447754,4.0
936,1.0,1.0,0.0,,0.9935927987098694,0.9960495233535767,0.08216428756713867,0.1785123348236084,2.0
937,1.0,1.0,,,0.9889737367630005,0.9568196535110474,0.3917849063873291,0.5343882441520691,0.0
938,1.0,1.0,0.0,,0.9943780303001404,0.9912633299827576,0.003354692133143544,0.1627442091703415,2.0
939,1.0,1.0,,,0.9897125363349915,0.984123706817627,0.022773047909140587,0.22582072019577026,2.0
940,0.0,0.0,,,0.003249409841373563,0.020858990028500557,0.0033618509769439697,0.052476510405540466,1.0
941,0.0,1.0,,,0.9011273384094238,0.976896345615387,0.070012666285038,0.08024798333644867,1.0
942,1.0,1.0,,,0.9877415895462036,0.9928855895996094,0.1032106876373291,0.26130563020706177,0.0
943,0.0,1.0,,,0.29823794960975647,0.9959667921066284,0.7171574831008911,0.28446894884109497,2.0
944,0.0,0.0,,,0.002121111610904336,0.03109791874885559,0.018210239708423615,0.12979352474212646,0.0
945,1.0,1.0,,,0.9908634424209595,0.9902273416519165,0.003419775515794754,0.10844434052705765,3.0
946,1.0,1.0,1.0,,0.8373837471008301,0.9998539686203003,0.8982858657836914,0.6470774412155151,2.0
947,1.0,1.0,1.0,,0.8824167251586914,0.999362051486969,0.9836640954017639,0.5769023895263672,3.0
948,0.0,0.0,,,0.002416977658867836,0.0372074730694294,0.0015182752395048738,0.11115063726902008,0.0
949,0.0,0.0,,,0.003021153388544917,0.033843666315078735,0.014093325473368168,0.15302589535713196,0.0
950,0.0,0.0,0.0,0.0,0.0013096746988594532,0.031245103105902672,0.0015113228000700474,0.13893793523311615,2.0
951,0.0,0.0,,,0.001434138510376215,0.14659522473812103,0.0077159469947218895,0.07515186071395874,2.0
952,0.0,0.0,,,0.0021817409433424473,0.017366625368595123,0.00149057328235358,0.045030441135168076,1.0
953,0.0,0.0,,,0.003659221576526761,0.026179486885666847,0.0047360374592244625,0.07500529289245605,3.0
954,0.0,0.0,,,0.0048456997610628605,0.038650281727313995,0.0631241649389267,0.15936994552612305,4.0
955,0.0,1.0,,,0.6704789996147156,0.7850394248962402,0.8801702260971069,0.5863825678825378,4.0
956,1.0,1.0,1.0,,0.9995739459991455,0.9979669451713562,0.942214846611023,0.5635062456130981,4.0
957,0.0,0.0,,,0.0046943482011556625,0.019210878759622574,0.0031538712792098522,0.12859876453876495,4.0
958,1.0,1.0,,,0.7678139209747314,0.7274632453918457,0.1406891793012619,0.13259106874465942,3.0
959,1.0,1.0,0.0,0.0,0.949300229549408,0.9956444501876831,0.004834958352148533,0.3502766489982605,4.0
960,1.0,1.0,0.0,,0.999752938747406,0.9995878338813782,0.8873043060302734,0.9558985829353333,4.0
961,1.0,1.0,,,0.9978538751602173,0.9965978264808655,0.5470063090324402,0.9028584957122803,4.0
962,1.0,1.0,,,0.9834535717964172,0.9657158255577087,0.0018227881519123912,0.4163491725921631,0.0
963,1.0,1.0,,,0.9927687048912048,0.9922752976417542,0.5756000280380249,0.9824574589729309,1.0
964,0.0,0.0,,,0.005488920491188765,0.02178262360394001,0.0019333530217409134,0.09708589315414429,2.0
965,0.0,0.0,0.0,,0.003238963196054101,0.03782523050904274,0.003977669402956963,0.1029026061296463,0.0
966,1.0,1.0,,,0.9785505533218384,0.999418318271637,0.8565725088119507,0.8100689053535461,2.0
967,0.0,0.0,0.0,,0.0018571320688351989,0.045220524072647095,0.007093623746186495,0.22571606934070587,3.0
968,1.0,1.0,,,0.9552862644195557,0.9988955855369568,0.7346208691596985,0.3729938864707947,2.0
969,0.0,0.0,,,0.0025778361596167088,0.024293145164847374,0.0005672511761076748,0.04900505393743515,3.0
970,1.0,1.0,0.0,,0.9488368034362793,0.9991277456283569,0.8954840302467346,0.6618764400482178,3.0
971,0.0,1.0,0.0,,0.002557029016315937,0.08442434668540955,0.002213851548731327,0.10731060057878494,4.0
972,1.0,1.0,,,0.9896016716957092,0.9935336112976074,0.0015055984258651733,0.15918098390102386,4.0
973,0.0,0.0,,,0.0024416320957243443,0.1605452597141266,0.003207877743989229,0.04490423947572708,1.0
974,1.0,1.0,0.0,,0.9788395166397095,0.9443554282188416,0.004540867637842894,0.06251434236764908,1.0
975,1.0,1.0,,,0.9731317162513733,0.9996733665466309,0.9235001802444458,0.528664231300354,4.0
976,1.0,1.0,,,0.9944452047348022,0.9930377006530762,0.003906357567757368,0.05140834301710129,1.0
977,0.0,0.0,,,0.0022575033362954855,0.027806881815195084,0.009607940912246704,0.04555889591574669,3.0
978,0.0,0.0,,,0.002305883215740323,0.01840127632021904,0.0026383590884506702,0.04508059471845627,1.0
979,0.0,0.0,0.0,0.0,0.002765586134046316,0.0429876372218132,0.0022076989989727736,0.11980298161506653,0.0
980,1.0,1.0,1.0,1.0,0.04111035168170929,0.11707309633493423,0.019360803067684174,0.13470129668712616,4.0
981,1.0,1.0,0.0,,0.9596747756004333,0.9748225212097168,0.008121844381093979,0.30964380502700806,0.0
982,0.0,0.0,0.0,,0.0037529889959841967,0.021422602236270905,0.003976161126047373,0.07539757341146469,2.0
983,1.0,1.0,,,0.987176239490509,0.9996589422225952,0.9900730848312378,0.7508761882781982,3.0
984,1.0,1.0,,,0.9965446591377258,0.9997814893722534,0.9888724684715271,0.8102505207061768,2.0
985,0.0,0.0,,,0.027457356452941895,0.0851224809885025,0.06125206500291824,0.12959787249565125,0.0
986,1.0,1.0,,,0.9225109815597534,0.9535037279129028,0.2159191519021988,0.7923128604888916,0.0
987,0.0,1.0,,,0.15709905326366425,0.9685023427009583,0.36008408665657043,0.3276693522930145,2.0
988,1.0,1.0,,,0.9656087160110474,0.9046133160591125,0.0024045398458838463,0.28019124269485474,1.0
989,0.0,0.0,,,0.0029630071949213743,0.04689020290970802,0.0011047439184039831,0.07374684512615204,3.0
990,0.0,0.0,1.0,1.0,0.003108496544882655,0.027252977713942528,0.004611234646290541,0.05804028362035751,1.0
991,1.0,1.0,1.0,,0.9994598031044006,0.9989326596260071,0.9750653505325317,0.7442134618759155,4.0
992,0.0,0.0,,,0.003056814894080162,0.02376195788383484,0.031136833131313324,0.12911708652973175,4.0
993,0.0,0.0,,,0.004790132399648428,0.017001032829284668,0.002563861198723316,0.03243035823106766,1.0
994,0.0,0.0,0.0,,0.003747418988496065,0.015367402695119381,0.0006641177460551262,0.031528960913419724,1.0
995,1.0,1.0,,,0.9893286228179932,0.9889373183250427,0.002872153650969267,0.24860769510269165,4.0
996,1.0,1.0,,,0.9554998874664307,0.9995163679122925,0.8872195482254028,0.6415170431137085,4.0
997,0.0,0.0,,,0.0014962372370064259,0.019213330000638962,0.02420431561768055,0.0699731782078743,2.0
998,0.0,0.0,,,0.014279226772487164,0.05505536496639252,0.0031075673177838326,0.08046169579029083,2.0
999,1.0,1.0,1.0,,0.9794989824295044,0.8160676956176758,0.11203713715076447,0.23858462274074554,0.0
1000,0.0,0.0,,,0.4668081998825073,0.590416431427002,0.3747299313545227,0.3439807593822479,1.0
1001,0.0,0.0,,,0.003447202732786536,0.018220413476228714,0.026392899453639984,0.09718114137649536,1.0
1002,0.0,0.0,,,0.0047729709185659885,0.06100529804825783,0.0027057314291596413,0.14564472436904907,4.0
1003,0.0,0.0,,,0.0023650769144296646,0.06879381835460663,0.0015967702493071556,0.10894793272018433,4.0
1004,1.0,1.0,0.0,,0.9943872690200806,0.9998487830162048,0.995232343673706,0.9275712966918945,1.0
1005,0.0,0.0,,,0.002591368742287159,0.17888294160366058,0.006482549011707306,0.04719185829162598,1.0
1006,1.0,1.0,,,0.8214704990386963,0.9809298515319824,0.0010668764589354396,0.42030203342437744,2.0
1007,0.0,1.0,,,0.7544483542442322,0.5631566643714905,0.04908786341547966,0.45302724838256836,2.0
1008,1.0,1.0,1.0,,0.9772827625274658,0.9933144450187683,0.9621692895889282,0.9620082974433899,4.0
1009,1.0,1.0,0.0,,0.7383663058280945,0.9948618412017822,0.2992599308490753,0.311362087726593,2.0
1010,1.0,1.0,,,0.9778721332550049,0.9998329281806946,0.9843626022338867,0.7226911187171936,0.0
1011,1.0,1.0,,,0.9938988089561462,0.998673141002655,0.166132390499115,0.30706748366355896,4.0
1012,0.0,0.0,0.0,,0.0020821939688175917,0.0290411077439785,0.0007640051771886647,0.0796637088060379,4.0
1013,0.0,0.0,0.0,,0.002691075671464205,0.016803082078695297,0.002876861486583948,0.13090039789676666,2.0
1014,0.0,0.0,0.0,,0.0033400971442461014,0.11507109552621841,0.0024300043005496264,0.14495660364627838,0.0
1015,0.0,0.0,0.0,0.0,0.0024890340864658356,0.037546414881944656,0.022840244695544243,0.3770464360713959,3.0
1016,1.0,1.0,,,0.9921947121620178,0.9905652403831482,0.0010827105725184083,0.2729635536670685,4.0
1017,1.0,1.0,,,0.9831459522247314,0.9684076905250549,0.011171912774443626,0.18175992369651794,0.0
1018,0.0,0.0,0.0,,0.005950047168880701,0.016053326427936554,0.0058374665677547455,0.03825783729553223,1.0
1019,1.0,1.0,1.0,,0.9959924221038818,0.994587242603302,0.10443641245365143,0.3511890172958374,4.0
1020,1.0,1.0,,,0.9982410073280334,0.991227388381958,0.45869696140289307,0.9158687591552734,4.0
1021,0.0,0.0,,,0.8192809820175171,0.6292380690574646,0.09054043889045715,0.21965155005455017,4.0
1022,0.0,0.0,,,0.00305084022693336,0.03660038113594055,0.00157669757027179,0.09609439224004745,2.0
1023,0.0,0.0,,,0.11540581285953522,0.15531963109970093,0.022572103887796402,0.13659366965293884,2.0
1024,0.0,0.0,,,0.002475603949278593,0.06793975830078125,0.007802225183695555,0.13325728476047516,3.0
1025,0.0,0.0,,,0.0026963481213897467,0.024968184530735016,0.0029356179293245077,0.15931852161884308,0.0
1026,0.0,1.0,0.0,,0.7939639687538147,0.8795188665390015,0.001065741409547627,0.10637165606021881,2.0
1027,0.0,0.0,0.0,,0.0017252941615879536,0.14901508390903473,0.0007725898758508265,0.10510817170143127,0.0
1028,0.0,0.0,0.0,,0.002480864990502596,0.04053673893213272,0.0049949754029512405,0.11279759556055069,4.0
1029,0.0,1.0,0.0,,0.028922883793711662,0.4665098190307617,0.002853803103789687,0.29017025232315063,0.0
1030,0.0,1.0,,,0.0016624954296275973,0.024855662137269974,0.04070364311337471,0.12926128506660461,2.0
1031,0.0,0.0,,,0.00317178713157773,0.022765981033444405,0.0061949933879077435,0.07246730476617813,3.0
1032,0.0,0.0,,,0.0020770791452378035,0.021926669403910637,0.0009307790896855295,0.07597605884075165,3.0
1033,0.0,0.0,,,0.006748659536242485,0.041381385177373886,0.0053198435343801975,0.10117527097463608,0.0
1034,0.0,0.0,0.0,,0.0014657963765785098,0.018276335671544075,0.0009399771224707365,0.05444397032260895,2.0
1035,0.0,1.0,1.0,1.0,0.5529807806015015,0.984702467918396,0.9405299425125122,0.8891798257827759,3.0
1036,1.0,1.0,1.0,1.0,0.9992948174476624,0.999167263507843,0.964185893535614,0.6628139019012451,0.0
1037,1.0,1.0,1.0,,0.9993644952774048,0.9991227984428406,0.9606404900550842,0.9481974840164185,1.0
1038,0.0,0.0,0.0,,0.0031252785120159388,0.02427443489432335,0.004237103275954723,0.13055269420146942,4.0
1039,0.0,0.0,,,0.0035462938249111176,0.13399355113506317,0.004592740908265114,0.14522266387939453,3.0
1040,1.0,1.0,,,0.9263376593589783,0.9291979074478149,0.015137559734284878,0.17718489468097687,0.0
1041,0.0,1.0,,,0.1574578583240509,0.9964041709899902,0.9909005165100098,0.87616366147995,1.0
1042,0.0,0.0,,,0.003251016605645418,0.02790556661784649,0.007032990455627441,0.07919833064079285,3.0
1043,0.0,0.0,0.0,,0.003006967715919018,0.043538741767406464,0.0037371302023530006,0.11007314920425415,2.0
1044,0.0,0.0,,,0.0023957877419888973,0.017805960029363632,0.0344247929751873,0.09281846135854721,1.0
1045,0.0,0.0,,,0.004656173288822174,0.022644825279712677,0.002013333374634385,0.13116279244422913,4.0
1046,1.0,1.0,,,0.997104823589325,0.9971179366111755,0.007725046016275883,0.11067389696836472,3.0
1047,1.0,1.0,0.0,,0.18822644650936127,0.16161778569221497,0.06754954159259796,0.046350572258234024,1.0
1048,0.0,0.0,,,0.0018756131175905466,0.02217569202184677,0.0010614203056320548,0.051416948437690735,3.0
1049,1.0,1.0,0.0,,0.9968329668045044,0.9974240660667419,0.005302998702973127,0.1183546632528305,3.0
1050,1.0,1.0,,,0.9931529760360718,0.9982712864875793,0.008668131195008755,0.40564221143722534,0.0
1051,0.0,0.0,,,0.008606649935245514,0.02936180867254734,0.0017680285964161158,0.1442595273256302,4.0
1052,0.0,0.0,0.0,,0.0017710576066747308,0.06253888458013535,0.0029973743949085474,0.13214635848999023,2.0
1053,1.0,1.0,0.0,,0.9247139692306519,0.998941957950592,0.9552737474441528,0.7507426738739014,1.0
1054,0.0,1.0,,,0.6074287295341492,0.8662747144699097,0.15673138201236725,0.18663519620895386,0.0
1055,1.0,1.0,0.0,,0.994702935218811,0.9971588850021362,0.23546148836612701,0.15454958379268646,1.0
1056,1.0,1.0,1.0,,0.9969992637634277,0.9993259906768799,0.5672362446784973,0.48704779148101807,1.0
1057,0.0,0.0,,,0.5762186050415039,0.5683457851409912,0.1974678486585617,0.27435579895973206,0.0
1058,0.0,1.0,0.0,,0.7807893753051758,0.8618648052215576,0.0899176076054573,0.2898016571998596,0.0
1059,0.0,0.0,0.0,,0.8763628005981445,0.8651441931724548,0.006551695987582207,0.13972187042236328,4.0
1060,1.0,1.0,,,0.9893092513084412,0.9891952872276306,0.0014857539208605886,0.3723216652870178,4.0
1061,0.0,0.0,,,0.002383435843512416,0.03344786912202835,0.0022359106224030256,0.10374033451080322,0.0
1062,1.0,1.0,1.0,1.0,0.9983088970184326,0.9997749924659729,0.9736365675926208,0.6022114157676697,4.0
1063,0.0,0.0,,,0.0019048547837883234,0.05274496227502823,0.017798827961087227,0.06732574105262756,2.0
1064,1.0,1.0,0.0,,0.9994767904281616,0.9996188879013062,0.6278116703033447,0.9575356245040894,0.0
1065,0.0,0.0,,,0.0029830210842192173,0.14162622392177582,0.0038740879390388727,0.07933714240789413,3.0
1066,0.0,0.0,,,0.0028650518506765366,0.0236419178545475,0.0014261126052588224,0.08148273825645447,3.0
1067,1.0,1.0,1.0,0.0,0.9851009845733643,0.9998605251312256,0.9494631886482239,0.7573566436767578,0.0
1068,0.0,0.0,0.0,,0.0024336010683327913,0.09540384262800217,0.0015481110895052552,0.1406824290752411,0.0
1069,0.0,0.0,,,0.0036373273469507694,0.029813941568136215,0.0010512210428714752,0.09144923090934753,4.0
1070,1.0,1.0,1.0,,0.98988276720047,0.9989713430404663,0.6793169975280762,0.4838193356990814,4.0
1071,0.0,0.0,0.0,,0.002059903694316745,0.029774639755487442,0.0007782770553603768,0.0650109350681305,0.0
1072,1.0,1.0,1.0,,0.9626167416572571,0.9967241287231445,0.1459815502166748,0.3397406339645386,4.0
1073,0.0,0.0,0.0,0.0,0.005962774623185396,0.149745911359787,0.12274914979934692,0.4502336382865906,1.0
1074,1.0,1.0,,,0.9924585819244385,0.9963259100914001,0.002021373948082328,0.1805153787136078,3.0
1075,1.0,1.0,,,0.887939453125,0.6807727813720703,0.03962472453713417,0.0927152931690216,1.0
1076,1.0,1.0,,,0.9966897964477539,0.9986157417297363,0.9183987379074097,0.6652323007583618,4.0
1077,0.0,0.0,0.0,0.0,0.001870347885414958,0.020184749737381935,0.0018868523184210062,0.09946909546852112,4.0
1078,0.0,0.0,,,0.0031146053224802017,0.03835850581526756,0.0017941365949809551,0.09101717174053192,0.0
1079,1.0,1.0,0.0,,0.9949078559875488,0.9956711530685425,0.0010362628381699324,0.0700530856847763,3.0
1080,0.0,0.0,,,0.0036135674454271793,0.14042320847511292,0.0022013906855136156,0.06911037862300873,1.0
1081,0.0,0.0,,,0.0028684386052191257,0.020984021946787834,0.001628182944841683,0.10260531306266785,4.0
1082,0.0,0.0,0.0,,0.0020166898611932993,0.018683554604649544,0.0022590032313019037,0.09678120166063309,4.0
1083,0.0,1.0,,,0.12436195462942123,0.9422882795333862,0.19314637780189514,0.18407350778579712,1.0
1084,0.0,0.0,,,0.00507163954898715,0.31733012199401855,0.07658346742391586,0.15897923707962036,1.0
1085,1.0,1.0,0.0,,0.992813229560852,0.9950284957885742,0.016412535682320595,0.3010665476322174,0.0
1086,1.0,1.0,0.0,,0.9960787296295166,0.9975531697273254,0.00784261990338564,0.23490048944950104,2.0
1087,0.0,0.0,0.0,,0.0020764435175806284,0.05038955807685852,0.002213127911090851,0.14943963289260864,0.0
1088,1.0,1.0,0.0,,0.9977307319641113,0.9990006685256958,0.8806771039962769,0.9916451573371887,3.0
1089,1.0,1.0,,,0.9509231448173523,0.9908192157745361,0.0077043566852808,0.3426044285297394,1.0
1090,0.0,0.0,,,0.002257309854030609,0.01756301335990429,0.0016634032363072038,0.04977905750274658,1.0
1091,1.0,1.0,,,0.9918171167373657,0.9901970624923706,0.0016449481481686234,0.07360289990901947,1.0
1092,1.0,1.0,,,0.9958298206329346,0.9998809099197388,0.9551563858985901,0.6167311668395996,4.0
1093,1.0,1.0,,,0.9941786527633667,0.9969244003295898,0.026784855872392654,0.11409865319728851,3.0
1094,0.0,0.0,0.0,,0.003870985936373472,0.027806220576167107,0.00413762079551816,0.16566157341003418,0.0
1095,1.0,1.0,0.0,,0.9957807064056396,0.9975540041923523,0.04393285885453224,0.13109061121940613,4.0
1096,0.0,0.0,,,0.0039396705105900764,0.02521812543272972,0.0012916839914396405,0.09505372494459152,3.0
1097,0.0,0.0,0.0,,0.0026226104237139225,0.04201287031173706,0.0013131939340382814,0.0739881843328476,3.0
1098,1.0,1.0,,,0.2130429595708847,0.9534228444099426,0.9651870727539062,0.7485455870628357,3.0
1099,0.0,0.0,,,0.002054619137197733,0.020660679787397385,0.002143395598977804,0.1036544144153595,4.0
1100,0.0,0.0,0.0,,0.004929404240101576,0.1929805874824524,0.008951397612690926,0.059656254947185516,1.0
1101,0.0,0.0,0.0,0.0,0.0016679295804351568,0.09522584080696106,0.0005611957749351859,0.046099044382572174,3.0
1102,0.0,0.0,,,0.0021837782114744186,0.012845141813158989,0.0012788025196641684,0.059252239763736725,1.0
1103,1.0,1.0,,,0.9992626905441284,0.9971510767936707,0.17393170297145844,0.35942456126213074,0.0
1104,0.0,0.0,0.0,,0.7908914089202881,0.6244699358940125,0.0024418244138360023,0.05901409685611725,1.0
1105,0.0,0.0,0.0,,0.0022080696653574705,0.10071779787540436,0.0022433027625083923,0.10222679376602173,0.0
1106,1.0,1.0,,,0.9910597205162048,0.9621041417121887,0.20930266380310059,0.982563853263855,1.0
1107,0.0,0.0,,,0.00197129650041461,0.022267064079642296,0.0011200066655874252,0.12128760665655136,2.0
1108,1.0,1.0,,,0.9978119134902954,0.9922828078269958,0.42530810832977295,0.9780081510543823,3.0
1109,1.0,1.0,,,0.98719322681427,0.9998910427093506,0.9849565029144287,0.5174758434295654,4.0
1110,0.0,0.0,,,0.0017611794173717499,0.025153161957859993,0.0007204173598438501,0.11218250542879105,0.0
1111,1.0,1.0,0.0,,0.994381308555603,0.994192361831665,0.00241874810308218,0.23892386257648468,2.0
1112,1.0,1.0,0.0,,0.9937241673469543,0.9731559753417969,0.18891721963882446,0.9520511627197266,2.0
1113,0.0,0.0,0.0,,0.0012377179227769375,0.024392247200012207,0.000889370683580637,0.07537293434143066,2.0
1114,1.0,1.0,0.0,,0.9083263874053955,0.9229412078857422,0.003245708765462041,0.21080613136291504,2.0
1115,1.0,1.0,1.0,,0.9996030330657959,0.9974223971366882,0.8316552639007568,0.7297950983047485,4.0
1116,1.0,1.0,1.0,,0.8245043754577637,0.9980324506759644,0.9762284159660339,0.5084456205368042,0.0
1117,1.0,1.0,1.0,,0.7163263559341431,0.9972438216209412,0.5271601676940918,0.33680400252342224,2.0
1118,1.0,1.0,,,0.9970065355300903,0.9996914863586426,0.5972095131874084,0.33381518721580505,2.0
1119,1.0,1.0,,,0.995030403137207,0.994253396987915,0.002423529513180256,0.20072796940803528,4.0
1120,1.0,1.0,,,0.9949753880500793,0.9774859547615051,0.3150741755962372,0.9710255265235901,2.0
1121,1.0,1.0,1.0,,0.9885982871055603,0.9999082088470459,0.8916236162185669,0.7677397131919861,2.0
1122,1.0,1.0,0.0,,0.9862717390060425,0.9909672141075134,0.0015933908289298415,0.0996178388595581,4.0
1123,1.0,1.0,,,0.9987693428993225,0.9976379871368408,0.6054441332817078,0.8936969637870789,4.0
1124,0.0,0.0,,,0.004421144723892212,0.032795630395412445,0.0017161014256998897,0.1024615615606308,0.0
1125,0.0,1.0,0.0,,0.8654792904853821,0.7751009464263916,0.022098828107118607,0.17296406626701355,2.0
1126,0.0,0.0,,,0.0020510153844952583,0.02378871478140354,0.0017692565452307463,0.10888616740703583,4.0
1127,1.0,1.0,0.0,,0.9979628920555115,0.9993221759796143,0.01178461778908968,0.17576785385608673,4.0
1128,0.0,0.0,,,0.0024135448038578033,0.020523345097899437,0.006579933222383261,0.1065874993801117,2.0
1129,1.0,1.0,,,0.9740752577781677,0.9218549132347107,0.0024882545694708824,0.22725073993206024,4.0
1130,0.0,1.0,0.0,0.0,0.016768956556916237,0.3731106221675873,0.0027218954637646675,0.23250195384025574,4.0
1131,0.0,0.0,,,0.0017949099419638515,0.01568119414150715,0.0009988452075049281,0.07154323160648346,1.0
1132,1.0,1.0,1.0,,0.9812081456184387,0.9995908737182617,0.41682565212249756,0.3700486421585083,1.0
1133,0.0,0.0,,,0.00482246233150363,0.026955686509609222,0.04632052406668663,0.11867731809616089,1.0
1134,1.0,1.0,,,0.909738302230835,0.9998102188110352,0.9809624552726746,0.9844082593917847,1.0
1135,1.0,1.0,1.0,,0.8562183976173401,0.9988522529602051,0.8926678895950317,0.6993533968925476,0.0
1136,0.0,0.0,,,0.003309614025056362,0.02417375147342682,0.04222662001848221,0.15702354907989502,4.0
1137,1.0,1.0,,,0.994286835193634,0.9921810030937195,0.012456212192773819,0.349261999130249,0.0
1138,0.0,0.0,0.0,,0.9593219757080078,0.9601306319236755,0.0059518394991755486,0.4777754545211792,1.0
1139,0.0,0.0,,,0.0025248087476938963,0.018504848703742027,0.0018864531302824616,0.11610592901706696,4.0
1140,0.0,0.0,,,0.0019401847384870052,0.16670331358909607,0.09791798144578934,0.3867570161819458,3.0
1141,1.0,1.0,,,0.9989023804664612,0.998955249786377,0.9118025302886963,0.9393030405044556,4.0
1142,0.0,0.0,,,0.0014506415463984013,0.019353589043021202,0.0009000437567010522,0.07393598556518555,3.0
1143,1.0,1.0,0.0,,0.9720585942268372,0.9999436140060425,0.8002638220787048,0.44098082184791565,1.0
1144,0.0,0.0,0.0,,0.0024944969918578863,0.02897927165031433,0.0014674783451482654,0.0677454024553299,3.0
1145,1.0,1.0,0.0,,0.9963226914405823,0.9952636957168579,0.015244804322719574,0.1234583929181099,3.0
1146,0.0,0.0,,,0.009198525920510292,0.137263223528862,0.05856398865580559,0.2833254635334015,0.0
1147,0.0,0.0,,,0.010892782360315323,0.043790679425001144,0.0017042953986674547,0.10657808929681778,4.0
1148,0.0,1.0,0.0,,0.5502271056175232,0.9935743808746338,0.7190225124359131,0.44923466444015503,4.0
1149,0.0,0.0,,,0.00322481757029891,0.09779709577560425,0.0068323262967169285,0.17111465334892273,3.0
1150,1.0,1.0,,,0.7841416001319885,0.9815791845321655,0.000996053102426231,0.08953873068094254,4.0
1151,0.0,0.0,0.0,,0.002484885510057211,0.02866753749549389,0.007287182379513979,0.12583281099796295,0.0
1152,0.0,0.0,,,0.0033994093537330627,0.02911880984902382,0.01152663305401802,0.17194660007953644,4.0
1153,1.0,1.0,,,0.9970868825912476,0.9838672280311584,0.4736586809158325,0.913122832775116,4.0
1154,0.0,0.0,0.0,,0.6119000911712646,0.6191428303718567,0.9131179451942444,0.6703505516052246,4.0
1155,1.0,1.0,0.0,,0.9955140352249146,0.9962812066078186,0.0014447345165535808,0.06465332210063934,3.0
1156,1.0,1.0,0.0,,0.8676199913024902,0.6760076284408569,0.001056202920153737,0.051651936024427414,3.0
1157,0.0,0.0,0.0,,0.819135308265686,0.7438483834266663,0.006023227237164974,0.14593137800693512,2.0
1158,1.0,1.0,0.0,,0.9911456108093262,0.9936730861663818,0.026215698570013046,0.16090263426303864,4.0
1159,1.0,1.0,,,0.9948511719703674,0.9945560097694397,0.5743730664253235,0.9558601975440979,0.0
1160,1.0,1.0,,,0.9944543838500977,0.9778233766555786,0.22783109545707703,0.9597181081771851,2.0
1161,0.0,0.0,,,0.0017744280630722642,0.019580479711294174,0.0008473919006064534,0.09441989660263062,1.0
1162,1.0,1.0,,,0.978816568851471,0.9930011630058289,0.002529826248064637,0.24537813663482666,4.0
1163,0.0,0.0,,,0.0019915993325412273,0.05002888664603233,0.006172887049615383,0.0894981324672699,2.0
1164,0.0,0.0,0.0,,0.0032535570207983255,0.019326891750097275,0.06683523207902908,0.04792694374918938,1.0
1165,0.0,0.0,,,0.0024025810416787863,0.136689692735672,0.0016541742952540517,0.1263999044895172,0.0
1166,0.0,0.0,,,0.002349655143916607,0.027070097625255585,0.0016792273381724954,0.12218493968248367,4.0
1167,0.0,0.0,,,0.0035128213930875063,0.11760257929563522,0.004353378899395466,0.05915384739637375,3.0
1168,0.0,0.0,,,0.001548656029626727,0.021698884665966034,0.07773692905902863,0.16430625319480896,3.0
1169,1.0,1.0,1.0,,0.9684885144233704,0.9995033740997314,0.7771298289299011,0.8178166151046753,2.0
1170,1.0,1.0,1.0,,0.9956964254379272,0.9997615814208984,0.9021081328392029,0.8267552256584167,0.0
1171,0.0,0.0,0.0,,0.1931937336921692,0.9860601425170898,0.9211176633834839,0.9261794090270996,0.0
1172,1.0,1.0,,,0.8410970568656921,0.9849116802215576,0.9867636561393738,0.904198169708252,3.0
1173,0.0,0.0,,,0.006410243455320597,0.017356757074594498,0.02572970651090145,0.045662201941013336,1.0
1174,0.0,0.0,,,0.013872578740119934,0.28853875398635864,0.008290888741612434,0.11706685274839401,3.0
1175,1.0,1.0,0.0,,0.9920803904533386,0.9956626296043396,0.002354559488594532,0.09068137407302856,1.0
1176,0.0,0.0,,,0.0026704545598477125,0.01512494869530201,0.0013311505317687988,0.04882514476776123,1.0
1177,0.0,0.0,,,0.002030537696555257,0.01776348613202572,0.003990998025983572,0.12132003158330917,2.0
1178,0.0,0.0,,,0.0018636425957083702,0.0234894547611475,0.04533608630299568,0.1285392940044403,2.0
1179,1.0,1.0,,,0.9898034334182739,0.9876811504364014,0.003837944706901908,0.060670480132102966,1.0
1180,0.0,0.0,,,0.0111704021692276,0.02778226137161255,0.005790153052657843,0.1292237639427185,4.0
1181,1.0,1.0,,,0.991264820098877,0.9908071756362915,0.05063554644584656,0.16461805999279022,2.0
1182,0.0,0.0,,,0.0018616719171404839,0.026027143001556396,0.002150886692106724,0.1115393340587616,2.0
1183,1.0,1.0,,,0.9991379976272583,0.9998981356620789,0.29340997338294983,0.4274272620677948,4.0
1184,1.0,1.0,,,0.9935541749000549,0.994539201259613,0.004818023182451725,0.1717737317085266,4.0
1185,1.0,1.0,,,0.9924333095550537,0.989186704158783,0.0020629344508051872,0.2578531801700592,0.0
1186,1.0,1.0,1.0,,0.998426616191864,0.9978225827217102,0.05808166041970253,0.11976909637451172,3.0
1187,1.0,1.0,,,0.9937723278999329,0.9994406700134277,0.9526727199554443,0.6177642941474915,2.0
1188,1.0,1.0,,,0.989361047744751,0.9953780174255371,0.01187561359256506,0.19462516903877258,3.0
1189,0.0,0.0,,,0.0016204313142225146,0.01724526658654213,0.001791633665561676,0.06702414155006409,2.0
1190,0.0,0.0,,,0.002161462092772126,0.026533091440796852,0.0010714635718613863,0.04904680326581001,1.0
1191,0.0,0.0,,,0.0028602718375623226,0.031630247831344604,0.001345528755337,0.07835561037063599,3.0
1192,1.0,1.0,,,0.7433435320854187,0.9989892244338989,0.7356235980987549,0.9536880254745483,0.0
1193,0.0,0.0,0.0,,0.0016743349842727184,0.022442728281021118,0.001510768779553473,0.1035560742020607,2.0
1194,0.0,0.0,,,0.002881402149796486,0.03537821024656296,0.020120510831475258,0.16883209347724915,0.0
1195,1.0,1.0,,,0.9924455881118774,0.9978040456771851,0.026054125279188156,0.17455044388771057,4.0
1196,0.0,0.0,,,0.0028295423835515976,0.01817239448428154,0.010376980528235435,0.06711515784263611,1.0
1197,0.0,0.0,,,0.0020961754489690065,0.056999869644641876,0.003711559809744358,0.10797715187072754,3.0
1198,0.0,0.0,,,0.0021099739242345095,0.03254023566842079,0.026164164766669273,0.1444082409143448,2.0
1199,0.0,0.0,,,0.006798184476792812,0.0680994838476181,0.002242503222078085,0.1027253121137619,4.0
1200,0.0,0.0,0.0,,0.002841333393007517,0.05629818141460419,0.010264884680509567,0.1255393922328949,0.0
1201,1.0,1.0,0.0,,0.9949494004249573,0.9966270327568054,0.03824157267808914,0.1530718356370926,3.0
1202,1.0,1.0,,,0.9916219115257263,0.9909510612487793,0.033690907061100006,0.21207834780216217,2.0
1203,1.0,1.0,,,0.9875483512878418,0.9950398802757263,0.02723296731710434,0.159783735871315,3.0
1204,0.0,1.0,,,0.25146687030792236,0.9960283041000366,0.7087228298187256,0.4393005669116974,0.0
1205,0.0,0.0,,,0.0039536976255476475,0.10388880968093872,0.016163866966962814,0.08637335896492004,3.0
1206,0.0,1.0,,,0.11888539791107178,0.984425961971283,0.9751136898994446,0.925113320350647,3.0
1207,0.0,1.0,,,0.8890464901924133,0.9790757298469543,0.06546323001384735,0.07153376191854477,1.0
1208,0.0,1.0,,,0.9068001508712769,0.9880656003952026,0.012132960371673107,0.4663657546043396,1.0
1209,0.0,0.0,,,0.0015132835833355784,0.024601811543107033,0.0014497115043923259,0.10429514944553375,3.0
1210,0.0,0.0,,,0.00218828022480011,0.019939130172133446,0.0014840350486338139,0.04292367398738861,1.0
1211,0.0,0.0,0.0,,0.002074579242616892,0.023272383958101273,0.0009959795279428363,0.03439373895525932,2.0
1212,0.0,0.0,0.0,,0.0029837647452950478,0.01931380107998848,0.00214066868647933,0.13454248011112213,4.0
1213,0.0,0.0,0.0,0.0,0.002780065406113863,0.03576086834073067,0.0010145879350602627,0.12608705461025238,4.0
1214,0.0,0.0,,,0.005930260755121708,0.03299475461244583,0.0050934599712491035,0.04631393402814865,3.0
1215,1.0,1.0,0.0,,0.965277373790741,0.9890136122703552,0.02840607427060604,0.24933266639709473,4.0
1216,1.0,1.0,0.0,,0.9393316507339478,0.999304473400116,0.9190378785133362,0.8332093358039856,2.0
1217,0.0,1.0,,,0.008530678227543831,0.10982085764408112,0.0396706759929657,0.36587050557136536,3.0
1218,0.0,0.0,,,0.03180278092622757,0.19248348474502563,0.006115969270467758,0.14206306636333466,4.0
1219,1.0,1.0,,,0.9973757266998291,0.9945224523544312,0.011909391731023788,0.13234040141105652,4.0
1220,1.0,1.0,,,0.9929481148719788,0.9994802474975586,0.9562413096427917,0.7253991961479187,1.0
1221,0.0,0.0,0.0,,0.009473323822021484,0.02479027956724167,0.0031792367808520794,0.06579464673995972,1.0
1222,0.0,1.0,0.0,,0.13219580054283142,0.9866827726364136,0.8023489117622375,0.9718172550201416,0.0
1223,0.0,0.0,0.0,,0.006506594829261303,0.05383998900651932,0.0029691082891076803,0.12806051969528198,0.0
1224,0.0,1.0,,,0.5546497702598572,0.9914657473564148,0.9264048337936401,0.6489335894584656,3.0
1225,0.0,0.0,0.0,,0.0012723711552098393,0.026731450110673904,0.002434566617012024,0.10994606465101242,2.0
1226,0.0,1.0,,,0.3397144675254822,0.9951995611190796,0.6770250797271729,0.42406487464904785,0.0
1227,1.0,1.0,,,0.9929097890853882,0.9922019243240356,0.008283202536404133,0.19976307451725006,4.0
1228,0.0,0.0,,,0.0027468129992485046,0.03636498004198074,0.0031967991963028908,0.12603165209293365,0.0
1229,1.0,1.0,,,0.9971715211868286,0.9960088729858398,0.02371310070157051,0.49849843978881836,2.0
1230,1.0,1.0,0.0,,0.9525130987167358,0.8989715576171875,0.06350991129875183,0.0976932942867279,3.0
1231,1.0,1.0,,,0.9957491755485535,0.9917580485343933,0.0022128939162939787,0.18645834922790527,2.0
1232,0.0,,,,0.5133666396141052,0.9881926774978638,0.8862285614013672,0.9092200994491577,1.0
1233,1.0,1.0,,,0.999072253704071,0.9992592334747314,0.9604745507240295,0.7286863923072815,1.0
1234,0.0,0.0,,,0.004842098336666822,0.036898422986269,0.0037981169298291206,0.12611861526966095,2.0
1235,1.0,1.0,,,0.9970036745071411,0.9988729953765869,0.9391836524009705,0.8135356307029724,2.0
1236,0.0,0.0,0.0,,0.5384054780006409,0.9810536503791809,0.01258863415569067,0.08884298801422119,3.0
1237,1.0,1.0,0.0,,0.9834831953048706,0.9937009811401367,0.07112705707550049,0.2648428678512573,0.0
1238,0.0,0.0,0.0,,0.004053975455462933,0.02440478652715683,0.002209163038060069,0.08818623423576355,4.0
1239,1.0,1.0,,,0.9992738962173462,0.9989806413650513,0.9500514268875122,0.7250362038612366,3.0
1240,1.0,1.0,1.0,,0.9990905523300171,0.9987825155258179,0.9884977340698242,0.7387921810150146,3.0
1241,1.0,1.0,,,0.9951996803283691,0.9981297254562378,0.8015571236610413,0.9006825685501099,2.0
1242,1.0,1.0,,,0.9836199283599854,0.9970670938491821,0.7499263882637024,0.9820823669433594,1.0
1243,1.0,1.0,1.0,,0.4002191424369812,0.9992833137512207,0.9878441691398621,0.5603230595588684,4.0
1244,1.0,1.0,,,0.934385359287262,0.9894508123397827,0.011254813522100449,0.31861811876296997,0.0
1245,1.0,1.0,1.0,,0.978323757648468,0.9998618960380554,0.9649618268013,0.708040714263916,0.0
1246,1.0,1.0,,,0.9790421724319458,0.9998081922531128,0.9759317636489868,0.8794506192207336,3.0
1247,0.0,1.0,1.0,,0.53370600938797,0.9805582761764526,0.49122175574302673,0.364616721868515,0.0
1248,0.0,0.0,0.0,,0.0021478477865457535,0.02534540556371212,0.0021961135789752007,0.1579393893480301,0.0
1249,0.0,0.0,,,0.004036572761833668,0.0449993833899498,0.01445518247783184,0.1678496152162552,0.0
1250,0.0,1.0,,,0.7471296191215515,0.9989332556724548,0.9170588850975037,0.9120498895645142,3.0
1251,1.0,1.0,,,0.990334689617157,0.9997121691703796,0.5566719770431519,0.4820765256881714,2.0
1252,0.0,0.0,0.0,0.0,0.0021890681236982346,0.02032873034477234,0.0010112893069162965,0.0751437246799469,3.0
1253,0.0,0.0,0.0,,0.001632126048207283,0.021694090217351913,0.0009349650936201215,0.07169797271490097,3.0
1254,,1.0,,,0.0012946464121341705,0.02503279224038124,0.0010777702555060387,0.09650054574012756,2.0
1255,1.0,1.0,0.0,,0.9937037229537964,0.9925438761711121,0.0025103336665779352,0.19417935609817505,0.0
1256,1.0,1.0,1.0,,0.9991422295570374,0.9989657402038574,0.9894776344299316,0.7269203066825867,3.0
1257,1.0,1.0,0.0,,0.9916616082191467,0.9853426218032837,0.0018734328914433718,0.15075092017650604,4.0
1258,1.0,1.0,,,0.9982391595840454,0.9978941679000854,0.25158682465553284,0.4325354993343353,0.0
1259,0.0,0.0,,,0.003287271596491337,0.0883089154958725,0.004083608277142048,0.09855829179286957,2.0
1260,0.0,0.0,0.0,0.0,0.020929906517267227,0.11380203068256378,0.005839476361870766,0.11599142849445343,4.0
1261,1.0,1.0,1.0,,0.9991795420646667,0.9993306398391724,0.9783362150192261,0.9717535376548767,1.0
1262,1.0,1.0,0.0,,0.9914016127586365,0.9915355443954468,0.004493997432291508,0.2796633243560791,3.0
1263,0.0,0.0,,,0.015676241368055344,0.04556114599108696,0.04773886501789093,0.07295508682727814,1.0
1264,1.0,1.0,0.0,,0.9924721121788025,0.993226170539856,0.09206372499465942,0.10813573747873306,1.0
1265,1.0,1.0,1.0,,0.984068751335144,0.9987660050392151,0.9790747761726379,0.9009580612182617,3.0
1266,1.0,1.0,0.0,0.0,0.9962602257728577,0.9928866028785706,0.11770326644182205,0.3595007061958313,1.0
1267,1.0,1.0,,,0.9107937216758728,0.983086109161377,0.05025815963745117,0.16190901398658752,4.0
1268,0.0,0.0,,,0.0018094487022608519,0.02190016210079193,0.0009443154558539391,0.16113857924938202,0.0
1269,0.0,0.0,0.0,,0.0021501064766198397,0.01886346936225891,0.0008710215915925801,0.0400577113032341,1.0
1270,0.0,0.0,0.0,,0.004413656424731016,0.13632841408252716,0.002382103819400072,0.18587230145931244,0.0
1271,0.0,0.0,0.0,,0.0018303352408111095,0.02445986494421959,0.00241889082826674,0.15831829607486725,0.0
1272,0.0,0.0,0.0,,0.007261668797582388,0.12278217822313309,0.15016447007656097,0.2509143054485321,0.0
1273,1.0,1.0,0.0,0.0,0.9670292139053345,0.9771087765693665,0.0027785382699221373,0.3370300531387329,1.0
1274,0.0,0.0,,,0.002062734216451645,0.0333399660885334,0.0009746185387484729,0.06605903804302216,3.0
1275,0.0,0.0,0.0,0.0,0.0078610610216856,0.0254166629165411,0.0028715990483760834,0.13427847623825073,4.0
1276,0.0,1.0,,,0.5264069437980652,0.9969291090965271,0.5893185138702393,0.4799569845199585,3.0
1277,0.0,0.0,,,0.0048315213061869144,0.02064034901559353,0.0020258792210370302,0.12421365082263947,4.0
1278,1.0,1.0,0.0,,0.6341148614883423,0.8186752796173096,0.132119819521904,0.23938177525997162,0.0
1279,0.0,0.0,,,0.0021672160364687443,0.02574688196182251,0.0018927908968180418,0.11779028177261353,4.0
1280,1.0,1.0,,,0.9903181791305542,0.996452271938324,0.007299503777176142,0.18113884329795837,3.0
1281,1.0,1.0,1.0,1.0,0.9988219141960144,0.999868631362915,0.9948229789733887,0.9670515656471252,0.0
1282,1.0,1.0,0.0,,0.9794554710388184,0.9885141849517822,0.009040115401148796,0.19854292273521423,4.0
1283,0.0,0.0,,,0.003805419895797968,0.11832758784294128,0.001910458435304463,0.17682841420173645,0.0
1284,0.0,0.0,,,0.0034998292103409767,0.025989189743995667,0.4417020082473755,0.6398617029190063,1.0
1285,,0.0,,,0.0018162167398259044,0.027305232360959053,0.0012769909808412194,0.11962705105543137,0.0
1286,1.0,1.0,,,0.993840217590332,0.9963582754135132,0.007805059663951397,0.3134685158729553,0.0
1287,1.0,1.0,0.0,,0.9942409992218018,0.9983689188957214,0.0075294142588973045,0.11323397606611252,1.0
1288,0.0,0.0,,,0.001424261718057096,0.030793694779276848,0.003383106319233775,0.12843602895736694,2.0
1289,0.0,1.0,0.0,,0.015550009906291962,0.49959537386894226,0.0033091676887124777,0.23732665181159973,0.0
1290,0.0,0.0,,,0.0017488776938989758,0.014399431645870209,0.0008017549989745021,0.03439317271113396,1.0
1291,1.0,1.0,1.0,,0.9806337356567383,0.9997587203979492,0.6765336990356445,0.47141456604003906,4.0
1292,1.0,1.0,,,0.997503936290741,0.9998087286949158,0.9683429002761841,0.80081707239151,0.0
1293,0.0,0.0,0.0,,0.001959117129445076,0.021921224892139435,0.001015497837215662,0.08174051344394684,2.0
1294,1.0,,,,0.9892271757125854,0.9996037483215332,0.4285852313041687,0.43768247961997986,4.0
1295,1.0,1.0,,,0.7979846596717834,0.9923967123031616,0.8560808897018433,0.9330621361732483,4.0
1296,0.0,1.0,,,0.8735573887825012,0.9746056795120239,0.0027987242210656404,0.11493870615959167,3.0
1297,1.0,1.0,,,0.9930195212364197,0.9995406866073608,0.22923319041728973,0.4595334231853485,4.0
1298,1.0,1.0,,,0.9876943826675415,0.9996891021728516,0.9300389289855957,0.6820000410079956,0.0
1299,1.0,1.0,,,0.9992159605026245,0.9997296333312988,0.9026501178741455,0.6600903868675232,2.0
1300,0.0,0.0,0.0,,0.0025168105494230986,0.06259600818157196,0.0024405838921666145,0.11194063723087311,4.0
1301,0.0,0.0,0.0,,0.6717686653137207,0.6707468628883362,0.010664056055247784,0.3531988561153412,2.0
1302,0.0,0.0,,,0.0019573760218918324,0.03253917396068573,0.015675168484449387,0.11372891068458557,0.0
1303,1.0,1.0,0.0,,0.9935001134872437,0.9930634498596191,0.0043069180101156235,0.0585031621158123,1.0
1304,1.0,1.0,,,0.9836466908454895,0.9998975396156311,0.9839316606521606,0.633073627948761,0.0
1305,1.0,1.0,,,0.6991226673126221,0.9536716341972351,0.8153679370880127,0.9076097011566162,3.0
1306,0.0,0.0,,,0.002827135846018791,0.020187459886074066,0.0013343037571758032,0.10817481577396393,4.0
1307,0.0,0.0,,,0.001557769370265305,0.018683167174458504,0.002302764914929867,0.07158686220645905,2.0
1308,1.0,1.0,0.0,0.0,0.995998740196228,0.9959408044815063,0.08480037748813629,0.19567972421646118,4.0
1309,1.0,1.0,,,0.993378758430481,0.9947486519813538,0.25547584891319275,0.6414610147476196,0.0
1310,0.0,0.0,,,0.0024049158673733473,0.0343305841088295,0.0009403550648130476,0.33789530396461487,0.0
1311,0.0,0.0,,,0.002144352300092578,0.02011225000023842,0.0008789447019807994,0.07282058894634247,4.0
1312,1.0,1.0,,,0.9882712960243225,0.991131067276001,0.004840053617954254,0.1794622242450714,4.0
1313,0.0,1.0,1.0,,0.6030157208442688,0.9973938465118408,0.9981857538223267,0.8437857627868652,1.0
1314,1.0,1.0,0.0,,0.9981850385665894,0.999622642993927,0.9658091068267822,0.5756168365478516,0.0
1315,1.0,1.0,0.0,,0.952741801738739,0.9925751686096191,0.9454600811004639,0.5717230439186096,0.0
1316,1.0,1.0,1.0,,0.5137546062469482,0.99789959192276,0.9970362186431885,0.9338482022285461,1.0
1317,1.0,1.0,,,0.9939997792243958,0.9936637878417969,0.6726909279823303,0.8793089389801025,0.0
1318,1.0,1.0,,,0.8065692186355591,0.9742698669433594,0.0027798120863735676,0.12054531276226044,2.0
1319,0.0,0.0,,,0.0025245838332921267,0.05085087940096855,0.03211243450641632,0.1192537322640419,2.0
1320,0.0,0.0,,,0.002018068451434374,0.019220897927880287,0.0009914838010445237,0.09734753519296646,2.0
1321,1.0,1.0,,,0.9852002859115601,0.9955911040306091,0.04632418975234032,0.25115835666656494,0.0
1322,0.0,0.0,,,0.0015940498560667038,0.016671516001224518,0.034055449068546295,0.08078161627054214,1.0
1323,0.0,0.0,,,0.00572954211384058,0.15911002457141876,0.005046860780566931,0.08923806995153427,1.0
1324,0.0,0.0,,,0.001849222113378346,0.022699087858200073,0.0017990173073485494,0.07700546085834503,3.0
1325,1.0,1.0,0.0,,0.9981127977371216,0.9988577961921692,0.9685129523277283,0.8483608961105347,3.0
1326,0.0,0.0,,,0.012868417426943779,0.11136709898710251,0.008338804356753826,0.1649845838546753,3.0
1327,0.0,0.0,,,0.004632400814443827,0.02527729794383049,0.0055442857556045055,0.12139470875263214,4.0
1328,0.0,0.0,0.0,,0.0022044419310986996,0.02324395813047886,0.0007488253759220243,0.05065793916583061,3.0
1329,1.0,1.0,,,0.997239887714386,0.9971569180488586,0.006895393133163452,0.36624249815940857,3.0
1330,1.0,1.0,1.0,,0.9990301132202148,0.9994125962257385,0.8694790005683899,0.9702255725860596,2.0
1331,0.0,0.0,,,0.0019581574015319347,0.02747083082795143,0.0817684605717659,0.17871102690696716,3.0
1332,1.0,1.0,0.0,1.0,0.9994731545448303,0.998985767364502,0.3927818238735199,0.9758996963500977,1.0
1333,1.0,1.0,0.0,,0.9904152750968933,0.9823459386825562,0.0018700798973441124,0.07104149460792542,1.0
1334,0.0,0.0,,,0.006818555761128664,0.11653529852628708,0.0013289531925693154,0.0824388861656189,0.0
1335,0.0,0.0,,,0.0011409377912059426,0.02271275222301483,0.00885897595435381,0.10394516587257385,2.0
1336,1.0,1.0,0.0,,0.9792725443840027,0.99748295545578,0.03949473798274994,0.3738643229007721,2.0
1337,0.0,0.0,,,0.0026784674264490604,0.01724211499094963,0.0016846897779032588,0.09355419874191284,2.0
1338,0.0,0.0,,,0.002747203456237912,0.021677948534488678,0.03335156664252281,0.07862894237041473,1.0
1339,0.0,0.0,,,0.0032237994018942118,0.02525881677865982,0.0025557433255016804,0.07705504447221756,3.0
1340,1.0,1.0,1.0,1.0,0.998835027217865,0.9985299110412598,0.9790220856666565,0.7190111875534058,2.0
1341,1.0,1.0,,,0.9909940958023071,0.9965624809265137,0.003895360976457596,0.2619803845882416,0.0
1342,0.0,0.0,,,0.002380967605859041,0.02346816658973694,0.000962881080340594,0.05179109424352646,2.0
1343,0.0,0.0,,,0.00392511859536171,0.16199751198291779,0.0012119862949475646,0.12490233778953552,1.0
1344,0.0,0.0,,,0.0016974319005385041,0.027331029996275902,0.002705700695514679,0.13329054415225983,0.0
1345,0.0,0.0,,,0.005609989631921053,0.06889398396015167,0.012690053321421146,0.07889536023139954,2.0
1346,0.0,0.0,,,0.0019227394368499517,0.020664837211370468,0.0027680944185703993,0.10526794195175171,4.0
1347,1.0,1.0,0.0,,0.9788249731063843,0.9775397181510925,0.4138694405555725,0.9643848538398743,2.0
1348,1.0,1.0,0.0,,0.9950889348983765,0.9935634136199951,0.0010890511330217123,0.09829232096672058,3.0
1349,0.0,1.0,0.0,0.0,0.00301888189278543,0.01829909346997738,0.004453754983842373,0.05023945868015289,1.0
1350,0.0,0.0,,,0.0027102092280983925,0.026278920471668243,0.002338170073926449,0.07592496275901794,3.0
1351,0.0,0.0,,,0.017236875370144844,0.06803072988986969,0.0018334572669118643,0.05436067283153534,1.0
1352,0.0,0.0,,,0.002582488115876913,0.018259616568684578,0.0019637327641248703,0.04072750359773636,1.0
1353,0.0,1.0,0.0,0.0,0.36394238471984863,0.9840381145477295,0.9796367883682251,0.5889843702316284,3.0
1354,0.0,0.0,,,0.0018373215571045876,0.017683371901512146,0.0022753358352929354,0.1269107460975647,4.0
1355,0.0,0.0,,,0.0018145253416150808,0.044859837740659714,0.025025982409715652,0.1719265878200531,2.0
1356,0.0,0.0,,,0.0025566411204636097,0.027408704161643982,0.0020626336336135864,0.4347684979438782,0.0
1357,0.0,0.0,,,0.804882287979126,0.8412332534790039,0.0012798691168427467,0.08852536231279373,1.0
1358,0.0,0.0,0.0,,0.003866031765937805,0.11402223259210587,0.003349018283188343,0.14789904654026031,3.0
1359,0.0,0.0,,,0.0018753637559711933,0.02781948260962963,0.0011045226128771901,0.0671965628862381,2.0
1360,0.0,0.0,,,0.0012703563552349806,0.016531076282262802,0.0010614711791276932,0.08542847633361816,2.0
1361,0.0,0.0,,,0.0015477488050237298,0.019338522106409073,0.0011455765925347805,0.12643656134605408,2.0
1362,1.0,1.0,,,0.9954875707626343,0.9988470077514648,0.0022812378592789173,0.06821945309638977,1.0
1363,0.0,0.0,,,0.0027964222244918346,0.02553439885377884,0.003127126256003976,0.12619560956954956,4.0
1364,0.0,0.0,0.0,,0.01013862993568182,0.052382055670022964,0.0028789211064577103,0.12189982831478119,0.0
1365,1.0,1.0,1.0,,0.9937888383865356,0.9998119473457336,0.9904360771179199,0.5554129481315613,4.0
1366,0.0,0.0,,,0.0035142849665135145,0.024754658341407776,0.002671965630725026,0.15378765761852264,0.0
1367,1.0,1.0,,,0.9928487539291382,0.9954948425292969,0.007179573643952608,0.14540788531303406,4.0
1368,0.0,0.0,0.0,,0.45207497477531433,0.9714248776435852,0.9305447936058044,0.5323894619941711,1.0
1369,0.0,0.0,0.0,,0.004139114171266556,0.02265600673854351,0.004393876064568758,0.12665008008480072,4.0
1370,0.0,0.0,,,0.004274116363376379,0.025236763060092926,0.021608905866742134,0.0461994931101799,1.0
1371,0.0,0.0,0.0,,0.006760090123862028,0.3597034513950348,0.028543006628751755,0.49532514810562134,3.0
1372,0.0,0.0,0.0,,0.0017815897008404136,0.019642719998955727,0.0026231484953314066,0.10045437514781952,4.0
1373,0.0,0.0,0.0,0.0,0.0147830406203866,0.21522924304008484,0.006645603105425835,0.3616127669811249,4.0
1374,0.0,0.0,,,0.003391113830730319,0.018315842375159264,0.0009914179099723697,0.09385067969560623,2.0
1375,1.0,1.0,,,0.9940996170043945,0.9912949800491333,0.002679324708878994,0.16540446877479553,2.0
1376,1.0,1.0,,,0.9659680128097534,0.9980031847953796,0.21562223136425018,0.32591089606285095,2.0
1377,0.0,0.0,0.0,,0.03335737809538841,0.03195824474096298,0.002455230802297592,0.14262598752975464,4.0
1378,1.0,0.0,0.0,,0.007259319070726633,0.15709355473518372,0.0054552629590034485,0.12475479394197464,2.0
1379,0.0,0.0,,,0.0017979952972382307,0.02591966837644577,0.0006228494457900524,0.06895779818296432,0.0
1380,1.0,1.0,0.0,,0.9866905808448792,0.9891145825386047,0.011830687522888184,0.2892944812774658,0.0
1381,1.0,1.0,0.0,,0.9921824932098389,0.9969693422317505,0.5851054191589355,0.5352717041969299,0.0
1382,1.0,1.0,0.0,,0.9937050938606262,0.9907339811325073,0.003117517801001668,0.0887237936258316,1.0
1383,0.0,0.0,0.0,,0.0026879748329520226,0.02622411958873272,0.0007543365936726332,0.14378148317337036,0.0
1384,1.0,1.0,1.0,,0.9969559907913208,0.9988605976104736,0.9549723267555237,0.6416639089584351,3.0
1385,0.0,0.0,,,0.9762502312660217,0.5339063405990601,0.10571462661027908,0.2315269410610199,0.0
1386,1.0,1.0,,,0.972609281539917,0.9922797083854675,0.0022728631738573313,0.2648857533931732,0.0
1387,1.0,1.0,0.0,,0.983312726020813,0.9918423295021057,0.018426021561026573,0.3710646629333496,0.0
1388,0.0,1.0,1.0,,0.965434193611145,0.999123215675354,0.9849129319190979,0.888353168964386,3.0
1389,1.0,1.0,1.0,,0.9196227788925171,0.9981796145439148,0.2075018733739853,0.3781977891921997,2.0
1390,0.0,0.0,0.0,0.0,0.008237495087087154,0.05430729687213898,0.002066986868157983,0.0711844265460968,4.0
1391,0.0,0.0,0.0,0.0,0.001574287423864007,0.030664553865790367,0.0030077563133090734,0.11994849890470505,0.0
1392,0.0,0.0,0.0,,0.0024942555464804173,0.024632323533296585,0.0009747308795340359,0.0972922146320343,3.0
1393,0.0,1.0,1.0,1.0,0.329522043466568,0.9976539015769958,0.9244651794433594,0.9390009641647339,1.0
1394,1.0,1.0,,,0.9985602498054504,0.9977824687957764,0.7707198262214661,0.8095123767852783,2.0
1395,0.0,0.0,,,0.004379285499453545,0.026758205145597458,0.011579740792512894,0.13461321592330933,0.0
1396,1.0,1.0,,,0.9458315968513489,0.9995514154434204,0.9818884134292603,0.5499183535575867,4.0
1397,1.0,1.0,,,0.9950887560844421,0.9954960942268372,0.002921062521636486,0.10284563899040222,3.0
1398,0.0,1.0,,,0.9135086536407471,0.9875982403755188,0.0020165513269603252,0.07427821308374405,1.0
1399,1.0,1.0,1.0,,0.9780063629150391,0.9985882043838501,0.8460965156555176,0.6262481212615967,3.0
1400,1.0,1.0,1.0,,0.9860217571258545,0.9989719390869141,0.9193928837776184,0.7191677093505859,4.0
1401,0.0,1.0,1.0,,0.3717944920063019,0.9975340962409973,0.9391278028488159,0.2737189829349518,2.0
1402,0.0,0.0,0.0,,0.0018050941871479154,0.016351275146007538,0.0013053137809038162,0.04292997345328331,1.0
1403,0.0,1.0,0.0,,0.990070641040802,0.9863765239715576,0.04045603424310684,0.15993541479110718,1.0
1404,1.0,1.0,,,0.9832451939582825,0.9775829315185547,0.00945313647389412,0.3064896762371063,1.0
1405,0.0,0.0,,,0.0008849739679135382,0.018467780202627182,0.0010831013787537813,0.07843971252441406,2.0
1406,0.0,0.0,0.0,,0.893966794013977,0.9892101287841797,0.051719482988119125,0.47202521562576294,2.0
1407,1.0,1.0,0.0,,0.9938645362854004,0.9960523247718811,0.004692900460213423,0.19758768379688263,3.0
1408,0.0,0.0,0.0,,0.002462899312376976,0.026322156190872192,0.003041821764782071,0.10100840032100677,4.0
1409,0.0,0.0,,,0.002731143729761243,0.02476113848388195,0.0011608167551457882,0.11373087763786316,4.0
1410,0.0,0.0,,,0.00233666249550879,0.019733723253011703,0.0018925556214526296,0.3367663025856018,2.0
1411,0.0,1.0,,,0.8617327213287354,0.5484843850135803,0.02328888140618801,0.4673856496810913,0.0
1412,0.0,0.0,0.0,,0.0018678188789635897,0.05473736673593521,0.0009508743532933295,0.12446914613246918,0.0
1413,0.0,0.0,0.0,,0.003234148258343339,0.025068921968340874,0.0012864581076428294,0.10323932021856308,2.0
1414,0.0,1.0,,,0.43626514077186584,0.9971538782119751,0.9680521488189697,0.6762709617614746,0.0
1415,1.0,1.0,,,0.708516538143158,0.6237375736236572,0.01482564490288496,0.1732800006866455,4.0
1416,1.0,1.0,,,0.9944713115692139,0.9953197240829468,0.0070332414470613,0.16431784629821777,4.0
1417,1.0,1.0,1.0,0.0,0.002362840110436082,0.020255407318472862,0.011951368302106857,0.08960789442062378,3.0
1418,0.0,0.0,,,0.00502117071300745,0.02610769122838974,0.0016479002078995109,0.12908878922462463,0.0
1419,1.0,1.0,0.0,,0.9931100010871887,0.9917800426483154,0.005153638776391745,0.19265708327293396,0.0
1420,0.0,0.0,0.0,,0.002363411709666252,0.015516586601734161,0.0014887511497363448,0.04268285632133484,1.0
1421,0.0,1.0,1.0,0.0,0.6125063300132751,0.9963017702102661,0.37798237800598145,0.4292776882648468,2.0
1422,1.0,1.0,1.0,,0.9980772137641907,0.9997625350952148,0.9212830662727356,0.6287178993225098,3.0
1423,1.0,1.0,0.0,,0.9988677501678467,0.998021125793457,0.2848680913448334,0.4197966158390045,0.0
1424,0.0,0.0,,,0.006144135724753141,0.1272605061531067,0.024410272017121315,0.18037861585617065,3.0
1425,1.0,1.0,,,0.9980063438415527,0.9962694644927979,0.8969749212265015,0.6397504806518555,3.0
1426,1.0,1.0,,,0.9971438646316528,0.9975146055221558,0.9171959757804871,0.6735174655914307,3.0
1427,1.0,1.0,,,0.9990173578262329,0.9993781447410583,0.7873067855834961,0.8009002804756165,1.0
1428,1.0,1.0,,,0.9927809238433838,0.9938176274299622,0.06544609367847443,0.28706178069114685,2.0
1429,1.0,1.0,,,0.9939317107200623,0.9954610466957092,0.00507880887016654,0.13488377630710602,1.0
1430,0.0,0.0,,,0.0010334320832043886,0.015002735890448093,0.0012210721615701914,0.12690335512161255,2.0
1431,1.0,1.0,0.0,,0.998939037322998,0.9934152960777283,0.7603733539581299,0.9706706404685974,3.0
1432,1.0,1.0,1.0,1.0,0.997255265712738,0.9870171546936035,0.972490668296814,0.7827333211898804,3.0
1433,1.0,1.0,1.0,,0.9941268563270569,0.9998317956924438,0.9750017523765564,0.5809913277626038,0.0
1434,1.0,1.0,,,0.9854416847229004,0.9999382495880127,0.6844569444656372,0.48796695470809937,4.0
1435,1.0,1.0,0.0,,0.9872353076934814,0.9763035178184509,0.475861132144928,0.9605178833007812,0.0
1436,0.0,0.0,,,0.002205801662057638,0.11130890250205994,0.0009424585732631385,0.18206724524497986,0.0
1437,0.0,0.0,,,0.0024056427646428347,0.0327548123896122,0.0025874583516269922,0.07541625201702118,3.0
1438,0.0,0.0,0.0,,0.0017954913200810552,0.028944682329893112,0.001768414513207972,0.09894002974033356,4.0
1439,1.0,1.0,0.0,,0.9820123314857483,0.9893117547035217,0.00425522867590189,0.14591768383979797,4.0
1440,0.0,0.0,0.0,,0.00210924562998116,0.02421378344297409,0.0011442196555435658,0.09536365419626236,3.0
1441,0.0,0.0,0.0,,0.0022882302291691303,0.026136817410588264,0.0007497823098674417,0.06441649049520493,0.0
1442,1.0,1.0,1.0,,0.9958083033561707,0.9998560547828674,0.9905750751495361,0.73145592212677,1.0
1443,1.0,1.0,1.0,,0.6823441386222839,0.9987651705741882,0.9802966713905334,0.6201915144920349,4.0
1444,0.0,1.0,,,0.8276273608207703,0.9991672039031982,0.7589569091796875,0.9764955639839172,0.0
1445,0.0,0.0,0.0,,0.005296587012708187,0.10407072305679321,0.003158675041049719,0.1563805639743805,4.0
1446,1.0,1.0,1.0,,0.755204975605011,0.620323896408081,0.04825357347726822,0.37321826815605164,0.0
1447,0.0,0.0,0.0,,0.004494121763855219,0.03220692276954651,0.006298430729657412,0.06225184351205826,1.0
1448,0.0,0.0,,,0.0024152665864676237,0.0170998927205801,0.03838039189577103,0.09212063997983932,1.0
1449,1.0,1.0,,,0.9969131946563721,0.9992774724960327,0.9403268098831177,0.6664015054702759,2.0
1450,0.0,0.0,,,0.002279180334880948,0.02545526996254921,0.0009460228029638529,0.053331222385168076,3.0
1451,0.0,1.0,,,0.14481988549232483,0.9656699299812317,0.4604763388633728,0.38917431235313416,0.0
1452,0.0,0.0,0.0,0.0,0.003682277398183942,0.01873239502310753,0.0030290642753243446,0.04299595206975937,1.0
1453,1.0,1.0,,,0.995707094669342,0.9982101321220398,0.018611006438732147,0.16413047909736633,0.0
1454,1.0,1.0,,,0.9962419867515564,0.9995613098144531,0.9433780908584595,0.595596194267273,3.0
1455,1.0,1.0,,,0.9915603399276733,0.9910458922386169,0.0028277055826038122,0.16104818880558014,1.0
1456,1.0,1.0,1.0,1.0,0.9963182806968689,0.9998140335083008,0.9963554739952087,0.7636010050773621,3.0
1457,0.0,0.0,0.0,,0.016294805333018303,0.2171252965927124,0.004138909745961428,0.10535155236721039,0.0
1458,1.0,1.0,0.0,,0.9909796118736267,0.989905059337616,0.0023975884541869164,0.15558454394340515,4.0
1459,0.0,0.0,,,0.7169029116630554,0.5469394326210022,0.8320904970169067,0.607435941696167,2.0
1460,,0.0,,,0.0035636425018310547,0.022728968411684036,0.0012298824731260538,0.0807158425450325,3.0
1461,0.0,0.0,,,0.008970411494374275,0.12822484970092773,0.10774779319763184,0.2001558542251587,3.0
1462,1.0,1.0,1.0,1.0,0.2048807144165039,0.9981186389923096,0.9612716436386108,0.6614112854003906,2.0
1463,0.0,0.0,0.0,0.0,0.0014381217770278454,0.0191731508821249,0.005077425856143236,0.08246202766895294,2.0
1464,1.0,1.0,,,0.7414438724517822,0.9985703229904175,0.9267404675483704,0.6528218388557434,3.0
1465,0.0,0.0,0.0,,0.0023908501025289297,0.14204320311546326,0.058558132499456406,0.15620768070220947,2.0
1466,1.0,1.0,0.0,,0.993681788444519,0.9997431039810181,0.9443286657333374,0.756234347820282,0.0
1467,1.0,1.0,1.0,,0.6321594715118408,0.9938627481460571,0.9871060252189636,0.9482937455177307,1.0
1468,1.0,1.0,1.0,,0.995197057723999,0.999580442905426,0.9915558695793152,0.6378822326660156,3.0
1469,1.0,1.0,,,0.497866690158844,0.9966045618057251,0.8801844120025635,0.6842432022094727,3.0
1470,0.0,0.0,,,0.006347356364130974,0.02573925442993641,0.0009475327678956091,0.0878884345293045,4.0
1471,0.0,0.0,1.0,,0.002886949572712183,0.041421741247177124,0.014398816041648388,0.1573067009449005,2.0
1472,0.0,0.0,0.0,,0.002923098858445883,0.03608277067542076,0.001236480544321239,0.07976784557104111,0.0
1473,0.0,0.0,,,0.005074409767985344,0.08261214941740036,0.4514225125312805,0.5344704389572144,2.0
1474,0.0,0.0,,,0.0025694489013403654,0.02401766926050186,0.0018604382639750838,0.07318930327892303,3.0
1475,0.0,0.0,0.0,,0.027550209313631058,0.20732173323631287,0.007813059724867344,0.297798216342926,0.0
1476,0.0,0.0,0.0,,0.0018017097609117627,0.019405413419008255,0.0014656494604423642,0.10121890157461166,2.0
1477,1.0,1.0,,,0.9915574193000793,0.9115788340568542,0.9147926568984985,0.702643632888794,2.0
1478,1.0,1.0,1.0,1.0,0.9996686577796936,0.9983864426612854,0.9598615169525146,0.8130817413330078,4.0
1479,0.0,0.0,0.0,,0.002214978449046612,0.02341480180621147,0.002140732016414404,0.09799280017614365,4.0
1480,1.0,1.0,,,0.9992709159851074,0.9985491037368774,0.9585224390029907,0.7759606242179871,2.0
1481,1.0,1.0,,,0.9982826709747314,0.9997525811195374,0.9915366172790527,0.9195488095283508,3.0
1482,0.0,0.0,,,0.0018770305905491114,0.019774597138166428,0.003374342340976,0.11438554525375366,4.0
1483,1.0,,,,0.9002964496612549,0.9738349318504333,0.02268977276980877,0.07307867705821991,1.0
1484,0.0,0.0,0.0,,0.006242331117391586,0.023665010929107666,0.0009188417461700737,0.09165643900632858,4.0
1485,0.0,0.0,,,0.0025557857006788254,0.023887820541858673,0.004218885209411383,0.1060219258069992,4.0
1486,0.0,1.0,0.0,,0.011619146913290024,0.31404921412467957,0.07019621878862381,0.30124586820602417,2.0
1487,0.0,0.0,0.0,,0.0018473633099347353,0.0206205602735281,0.00046254691551439464,0.04476543143391609,3.0
1488,1.0,1.0,1.0,1.0,0.9966592192649841,0.9981909990310669,0.6846603155136108,0.6556016206741333,0.0
1489,0.0,0.0,0.0,,0.0011575776152312756,0.021522630006074905,0.0007643884164281189,0.04198749363422394,2.0
1490,1.0,1.0,0.0,0.0,0.994469404220581,0.9976442456245422,0.3189915716648102,0.6436596512794495,0.0
1491,1.0,1.0,,,0.6176774501800537,0.996502161026001,0.9813138842582703,0.7331515550613403,0.0
1492,0.0,0.0,0.0,,0.0015224656090140343,0.028050532564520836,0.0007817575242370367,0.07136575132608414,3.0
1493,0.0,0.0,,,0.0024162852205336094,0.07129229605197906,0.002671387977898121,0.15114633738994598,2.0
1494,0.0,0.0,0.0,,0.0035795324947685003,0.029794715344905853,0.0016880712937563658,0.03974320739507675,1.0
1495,1.0,1.0,0.0,,0.989554762840271,0.9946399927139282,0.005167045630514622,0.22186163067817688,4.0
1496,0.0,0.0,0.0,,0.006793246604502201,0.03171299770474434,0.029061686247587204,0.1344323754310608,4.0
1497,1.0,1.0,1.0,,0.9945875406265259,0.9999442100524902,0.6170716285705566,0.4183870553970337,4.0
1498,0.0,0.0,0.0,,0.002310474868863821,0.06543488055467606,0.0019442196935415268,0.0991726741194725,3.0
1499,0.0,1.0,0.0,,0.0012307761935517192,0.02459651604294777,0.0024514440447092056,0.10228634625673294,2.0
1500,0.0,0.0,,,0.0031792635563760996,0.03219124302268028,0.00584245752543211,0.1529248058795929,4.0
1501,0.0,0.0,,,0.0018182189669460058,0.014853477478027344,0.0015104301273822784,0.037686556577682495,1.0
1502,0.0,0.0,0.0,,0.0023448176216334105,0.01912866160273552,0.002239113673567772,0.10039234161376953,1.0
1503,0.0,1.0,,,0.8817163109779358,0.8158687353134155,0.008362354710698128,0.15299730002880096,2.0
1504,0.0,0.0,,,0.005012680776417255,0.027624040842056274,0.0052564372308552265,0.1235724687576294,4.0
1505,0.0,0.0,0.0,,0.0008049688767641783,0.015553871169686317,0.0014156458200886846,0.18819290399551392,2.0
1506,1.0,1.0,,,0.8649016618728638,0.9965912699699402,0.044261179864406586,0.4137897491455078,0.0
1507,1.0,1.0,0.0,,0.6202554106712341,0.9749600887298584,0.6110782027244568,0.9143542051315308,3.0
1508,1.0,1.0,1.0,,0.9991059899330139,0.9994744658470154,0.9580100178718567,0.6391203999519348,0.0
1509,0.0,0.0,,,0.001660301350057125,0.02637428045272827,0.03180393949151039,0.15950939059257507,2.0
1510,1.0,1.0,,,0.9126869440078735,0.929652214050293,0.00897647812962532,0.4809865355491638,0.0
1511,0.0,0.0,,,0.0033901012502610683,0.06592501699924469,0.4676353335380554,0.5900208950042725,2.0
1512,0.0,1.0,0.0,0.0,0.009756337851285934,0.1583964228630066,0.020496413111686707,0.28899064660072327,2.0
1513,0.0,0.0,,,0.0015542928595095873,0.022156238555908203,0.0010890772100538015,0.04004210606217384,2.0
1514,1.0,1.0,1.0,,0.9966471195220947,0.9956294894218445,0.5105346441268921,0.9709063172340393,2.0
1515,0.0,0.0,,,0.001845930702984333,0.02289915271103382,0.0024187928065657616,0.08176237344741821,4.0
1516,0.0,1.0,,,0.09013811498880386,0.9926223754882812,0.9746861457824707,0.8870620131492615,3.0
1517,0.0,0.0,,,0.002681920537725091,0.023396175354719162,0.009446784853935242,0.14878639578819275,3.0
1518,1.0,,,,0.9945707321166992,0.9996521472930908,0.9773834943771362,0.8051877021789551,2.0
1519,0.0,0.0,,,0.0018776049837470055,0.027881581336259842,0.0009139140602201223,0.07971962541341782,3.0
1520,0.0,0.0,,,0.002444213954731822,0.024859167635440826,0.0015020763967186213,0.14531481266021729,4.0
1521,1.0,1.0,,,0.20376995205879211,0.9955666065216064,0.9465927481651306,0.5200124382972717,2.0
1522,1.0,1.0,0.0,,0.9875920414924622,0.9883041381835938,0.1063821017742157,0.21497388184070587,4.0
1523,1.0,1.0,,,0.9899741411209106,0.9907913208007812,0.0037000945303589106,0.33003172278404236,0.0
1524,0.0,1.0,0.0,,0.005392055492848158,0.2884097397327423,0.014765814878046513,0.18848510086536407,3.0
1525,1.0,1.0,,,0.9980440139770508,0.9997256994247437,0.9321578145027161,0.8054907917976379,0.0
1526,0.0,0.0,,,0.006427829619497061,0.08222900331020355,0.058899104595184326,0.13111910223960876,0.0
1527,0.0,0.0,0.0,,0.007480851374566555,0.07600842416286469,0.0037404117174446583,0.2272510826587677,4.0
1528,0.0,,,,0.21726009249687195,0.9970126152038574,0.9948849081993103,0.5026767253875732,4.0
1529,0.0,0.0,,,0.002762828953564167,0.024305183440446854,0.0030848104506731033,0.11223732680082321,4.0
1530,1.0,1.0,,,0.995564341545105,0.9722933769226074,0.13526293635368347,0.06321210414171219,1.0
1531,1.0,1.0,,,0.994215190410614,0.9898802638053894,0.12752765417099,0.17993605136871338,3.0
1532,0.0,0.0,,,0.0053176842629909515,0.029795806854963303,0.011068711057305336,0.18654949963092804,2.0
1533,0.0,1.0,0.0,,0.1846051961183548,0.9889520406723022,0.22424891591072083,0.2592852711677551,2.0
1534,0.0,1.0,,,0.5284605026245117,0.9959684014320374,0.9879086017608643,0.5110430121421814,4.0
1535,1.0,1.0,1.0,1.0,0.8198555707931519,0.7720118761062622,0.02296704798936844,0.24209892749786377,4.0
1536,0.0,1.0,,,0.004269929602742195,0.3724910318851471,0.030332542955875397,0.38526272773742676,3.0
1537,0.0,0.0,0.0,,0.007531876675784588,0.02324611321091652,0.019788142293691635,0.27987322211265564,1.0
1538,1.0,1.0,0.0,0.0,0.9978022575378418,0.9991174340248108,0.8628017902374268,0.7710922360420227,2.0
1539,0.0,0.0,,,0.0019524096278473735,0.020720921456813812,0.0011008529691025615,0.11570891737937927,4.0
1540,0.0,0.0,0.0,,0.002884732326492667,0.036552395671606064,0.0022320502903312445,0.11731798201799393,3.0
1541,0.0,1.0,,,0.8042738437652588,0.9819986820220947,0.014712588861584663,0.2293839305639267,0.0
1542,1.0,1.0,1.0,,0.8888382315635681,0.9989113211631775,0.9982516169548035,0.905226469039917,3.0
1543,1.0,1.0,0.0,,0.5656226277351379,0.9983141422271729,0.9895110130310059,0.7449914813041687,3.0
1544,0.0,0.0,,,0.003668289864435792,0.02137349732220173,0.0013834995916113257,0.1705058217048645,2.0
1545,0.0,0.0,0.0,0.0,0.006264908704906702,0.020536024123430252,0.0026403984520584345,0.10386999696493149,1.0
1546,0.0,0.0,0.0,,0.0019222816918045282,0.023354150354862213,0.000860778265632689,0.12154974043369293,0.0
1547,1.0,1.0,,,0.9504686594009399,0.9639464020729065,0.8917341828346252,0.7904695272445679,3.0
1548,1.0,1.0,1.0,,0.9962360858917236,0.9997689723968506,0.993769109249115,0.7615156173706055,3.0
1549,1.0,1.0,,,0.9248127937316895,0.9653061032295227,0.1506340652704239,0.26419371366500854,3.0
1550,1.0,1.0,,,0.9965590238571167,0.9992974996566772,0.34311971068382263,0.35451415181159973,2.0
1551,1.0,1.0,0.0,,0.9988886117935181,0.9983389377593994,0.3495021462440491,0.9192326068878174,3.0
1552,0.0,0.0,,,0.0022077043540775776,0.03200764209032059,0.001717492239549756,0.13372597098350525,0.0
1553,1.0,1.0,1.0,,0.8910812139511108,0.9964432120323181,0.9374246597290039,0.9517679810523987,2.0
1554,1.0,1.0,,,0.9965394735336304,0.9982014894485474,0.8992082476615906,0.8520631194114685,3.0
1555,0.0,0.0,,,0.002474640728905797,0.029685981571674347,0.0008996553369797766,0.07636751979589462,3.0
1556,1.0,1.0,,,0.9928212761878967,0.9900071620941162,0.001236923155374825,0.07043514400720596,1.0
1557,1.0,1.0,1.0,,0.9910936951637268,0.982524573802948,0.04189741611480713,0.311613529920578,2.0
1558,1.0,1.0,,,0.8328841328620911,0.9878750443458557,0.050966501235961914,0.06050044298171997,1.0
1559,1.0,1.0,0.0,0.0,0.9328369498252869,0.9870226979255676,0.012879726476967335,0.24805010855197906,0.0
1560,0.0,0.0,0.0,,0.009712908416986465,0.30320850014686584,0.0013835974968969822,0.19748592376708984,0.0
1561,1.0,1.0,,,0.9983516931533813,0.9957829713821411,0.24144011735916138,0.3830917477607727,0.0
1562,0.0,0.0,0.0,0.0,0.003437815001234412,0.029683969914913177,0.027951166033744812,0.05198778584599495,1.0
1563,0.0,1.0,1.0,1.0,0.726300060749054,0.9980066418647766,0.9905530214309692,0.9044995903968811,3.0
1564,1.0,1.0,0.0,,0.9982205629348755,0.996375322341919,0.43459224700927734,0.6904464960098267,0.0
1565,0.0,0.0,,,0.003780822968110442,0.056747544556856155,0.03916136920452118,0.07129626721143723,2.0
1566,0.0,0.0,,,0.003909108694642782,0.017542332410812378,0.0021170079708099365,0.05403101444244385,1.0
1567,0.0,0.0,,,0.001263502985239029,0.09441342949867249,0.021428106352686882,0.08785151690244675,2.0
1568,0.0,0.0,,,0.0016718670958653092,0.021022779867053032,0.0016744389431551099,0.05795244127511978,3.0
1569,1.0,1.0,,,0.9938831925392151,0.9954134225845337,0.0017436868511140347,0.06882400810718536,3.0
1570,1.0,1.0,1.0,,0.9995707273483276,0.9994280338287354,0.9189151525497437,0.7171526551246643,4.0
1571,0.0,1.0,0.0,,0.002347191795706749,0.04325248673558235,0.0016437688609585166,0.10718272626399994,3.0
1572,0.0,0.0,,,0.8202760219573975,0.739294171333313,0.19864453375339508,0.5057490468025208,2.0
1573,0.0,0.0,,,0.00406231451779604,0.26105889678001404,0.017353298142552376,0.15463078022003174,0.0
1574,0.0,0.0,,,0.8808942437171936,0.9809941649436951,0.32415899634361267,0.22547976672649384,2.0
1575,1.0,1.0,0.0,,0.9983419179916382,0.9985246658325195,0.8427978157997131,0.9185447096824646,2.0
1576,0.0,0.0,0.0,,0.002276908839121461,0.06430988758802414,0.007703197654336691,0.05462564155459404,3.0
1577,0.0,0.0,,,0.0012346184812486172,0.023566078394651413,0.0006859468412585557,0.03571697697043419,2.0
1578,1.0,1.0,0.0,0.0,0.9946876764297485,0.9962770342826843,0.022789204493165016,0.221765398979187,2.0
1579,1.0,1.0,,,0.9941470623016357,0.996282696723938,0.015167424455285072,0.17113357782363892,4.0
1580,0.0,0.0,,,0.03548305109143257,0.4505632519721985,0.025709375739097595,0.13756698369979858,0.0
1581,1.0,1.0,,,0.9837955236434937,0.9993665814399719,0.8985809087753296,0.5637713074684143,2.0
1582,0.0,0.0,,,0.0025105911772698164,0.016349034383893013,0.001255936804227531,0.06294543296098709,1.0
1583,1.0,1.0,,,0.9898765683174133,0.9934917092323303,0.004027226939797401,0.3625222146511078,0.0
1584,1.0,1.0,0.0,,0.18722346425056458,0.15508416295051575,0.03832296282052994,0.03566185012459755,1.0
1585,0.0,0.0,0.0,,0.0024991242680698633,0.022679701447486877,0.0022173989564180374,0.1053653210401535,4.0
1586,0.0,0.0,,,0.0010392182739451528,0.016744859516620636,0.00098482018802315,0.11298812925815582,2.0
1587,0.0,0.0,,,0.586715579032898,0.797333836555481,0.8242857456207275,0.5393810272216797,3.0
1588,1.0,1.0,,,0.9939963817596436,0.9953033328056335,0.0009888597996905446,0.09878191351890564,3.0
1589,1.0,1.0,0.0,,0.9821639060974121,0.995580792427063,0.14685875177383423,0.20458345115184784,4.0
1590,0.0,0.0,0.0,,0.0013441802002489567,0.017597004771232605,0.001155861304141581,0.08521249145269394,2.0
1591,0.0,0.0,0.0,,0.003396213985979557,0.21720296144485474,0.012043464928865433,0.1479712426662445,0.0
1592,0.0,0.0,,,0.0017804212402552366,0.01720597967505455,0.03185074031352997,0.06408537924289703,1.0
1593,0.0,0.0,,,0.0053437394089996815,0.0504499189555645,0.01695798523724079,0.18352514505386353,0.0
1594,1.0,1.0,,,0.9897966980934143,0.9910011887550354,0.05297757685184479,0.06058114022016525,1.0
1595,0.0,0.0,,,0.004155798815190792,0.026603883132338524,0.0021715881302952766,0.11641119420528412,4.0
1596,0.0,1.0,,,0.3314353823661804,0.9940401315689087,0.6560229063034058,0.33742281794548035,2.0
1597,0.0,0.0,,,0.020738352090120316,0.06502850353717804,0.005875693168491125,0.12927843630313873,4.0
1598,0.0,0.0,,,0.002156832255423069,0.06982783228158951,0.0010641025146469474,0.0741756334900856,2.0
1599,0.0,0.0,,,0.002645917236804962,0.019810831174254417,0.021489489823579788,0.07706086337566376,1.0
1600,1.0,1.0,,,0.9984832406044006,0.9990578889846802,0.9653499126434326,0.8202170133590698,3.0
1601,1.0,1.0,,,0.9948363304138184,0.9945285320281982,0.005304724909365177,0.1275995671749115,3.0
1602,0.0,0.0,,,0.0037828644271939993,0.03082466870546341,0.32831817865371704,0.6492582559585571,1.0
1603,1.0,1.0,,,0.98187655210495,0.9884231686592102,0.004826907999813557,0.16706854104995728,4.0
1604,0.0,1.0,,,0.5179420113563538,0.6676698923110962,0.8118240237236023,0.5765638947486877,3.0
1605,0.0,0.0,0.0,,0.0025879384484142065,0.03480849415063858,0.03242158517241478,0.17046405375003815,0.0
1606,1.0,0.0,,,0.008596274070441723,0.06851428002119064,0.03461209684610367,0.05101053789258003,3.0
1607,1.0,1.0,,,0.9915112853050232,0.9578686356544495,0.0687757283449173,0.28855034708976746,3.0
1608,0.0,0.0,0.0,,0.005119640380144119,0.03789618983864784,0.0012328982120379806,0.10880942642688751,0.0
1609,1.0,1.0,1.0,,0.9976121187210083,0.9994378089904785,0.9673599600791931,0.9797917604446411,2.0
1610,1.0,1.0,1.0,,0.9539185762405396,0.9998306632041931,0.9947431087493896,0.6628962755203247,0.0
1611,0.0,0.0,,,0.8649449348449707,0.7280800938606262,0.005078288726508617,0.4114277958869934,0.0
1612,1.0,1.0,,,0.9654836058616638,0.9967782497406006,0.5186800360679626,0.5018064975738525,1.0
1613,1.0,1.0,,,0.984566330909729,0.9882202744483948,0.010188779793679714,0.2794940769672394,2.0
1614,1.0,1.0,,,0.9981064796447754,0.9982765316963196,0.7686938643455505,0.9048744440078735,2.0
1615,0.0,0.0,,,0.0020236505661159754,0.020680246874690056,0.0009778790408745408,0.07018408924341202,3.0
1616,0.0,0.0,,,0.00215131975710392,0.11060935258865356,0.026907553896307945,0.10100654512643814,3.0
1617,1.0,1.0,0.0,,0.9919264316558838,0.9995849132537842,0.8145136833190918,0.577374279499054,0.0
1618,1.0,1.0,1.0,,0.9938593506813049,0.9967782497406006,0.4535813331604004,0.4760306477546692,0.0
1619,0.0,0.0,,,0.002645837841555476,0.0350802056491375,0.0078166788443923,0.1477334201335907,0.0
1620,1.0,1.0,,,0.9921437501907349,0.9890862703323364,0.0024375063367187977,0.07809900492429733,1.0
1621,0.0,0.0,,,0.0010315582621842623,0.015145992860198021,0.0011402202071622014,0.10971896350383759,2.0
1622,1.0,1.0,0.0,,0.9976717233657837,0.99847012758255,0.8247837424278259,0.751962423324585,3.0
1623,1.0,1.0,,,0.8192477822303772,0.5626136064529419,0.0018851516069844365,0.08706589788198471,3.0
1624,0.0,0.0,,,0.006075476296246052,0.03305128216743469,0.004094218835234642,0.13914093375205994,4.0
1625,0.0,0.0,0.0,,0.004876068327575922,0.08521895855665207,0.0018144820351153612,0.12622615694999695,3.0
1626,1.0,1.0,0.0,,0.8267877101898193,0.7094563245773315,0.032611023634672165,0.16335251927375793,2.0
1627,0.0,1.0,1.0,,0.3441699743270874,0.9970725774765015,0.9767873287200928,0.8955329656600952,4.0
1628,0.0,0.0,,,0.00281853461638093,0.031032010912895203,0.018703889101743698,0.14724157750606537,0.0
1629,1.0,1.0,,,0.9943287372589111,0.998430609703064,0.004061165265738964,0.36998313665390015,0.0
1630,1.0,1.0,,,0.9946946501731873,0.9962606430053711,0.0028331188950687647,0.12456969916820526,3.0
1631,1.0,1.0,1.0,,0.9996664524078369,0.9973141551017761,0.9740816950798035,0.8579018712043762,4.0
1632,1.0,1.0,0.0,,0.9879778623580933,0.9887829422950745,0.0013082950608804822,0.23741616308689117,2.0
1633,1.0,1.0,1.0,,0.9624871015548706,0.9997609257698059,0.7507281303405762,0.47561585903167725,0.0
1634,1.0,1.0,,,0.996850848197937,0.9999355673789978,0.9968224763870239,0.7227200269699097,4.0
1635,0.0,0.0,,,0.0019753417000174522,0.020149141550064087,0.005145055707544088,0.11576725542545319,4.0
1636,1.0,1.0,,,0.9948344230651855,0.9997771382331848,0.9875719547271729,0.5912968516349792,4.0
1637,1.0,1.0,,,0.9859217405319214,0.9998244047164917,0.9105967879295349,0.8035213351249695,3.0
1638,1.0,1.0,,,0.9722690582275391,0.9890750050544739,0.008879022672772408,0.18739232420921326,4.0
1639,1.0,1.0,0.0,,0.9944139122962952,0.9951063394546509,0.002106009516865015,0.05228838324546814,1.0
1640,0.0,0.0,,,0.0018880452262237668,0.025969820097088814,0.01625414565205574,0.1262306123971939,0.0
1641,1.0,1.0,0.0,,0.9974620938301086,0.9990715980529785,0.780749499797821,0.831376314163208,1.0
1642,0.0,0.0,0.0,,0.001900011207908392,0.032406557351350784,0.0015651409048587084,0.09174216538667679,3.0
1643,1.0,1.0,1.0,,0.9994149804115295,0.9997788667678833,0.9915213584899902,0.8206843733787537,4.0
1644,0.0,0.0,,,0.003111574798822403,0.02452189475297928,0.0007575494819320738,0.051120415329933167,1.0
1645,1.0,1.0,0.0,,0.9528115391731262,0.972569465637207,0.8504343032836914,0.9077706336975098,2.0
1646,1.0,1.0,1.0,,0.9989138841629028,0.999297022819519,0.866137683391571,0.9548918008804321,1.0
1647,1.0,1.0,0.0,,0.9980069994926453,0.9934393763542175,0.7676935791969299,0.975490927696228,3.0
1648,0.0,0.0,0.0,,0.9825333952903748,0.9743620157241821,0.005385393742471933,0.2910348176956177,4.0
1649,0.0,0.0,0.0,,0.008669127710163593,0.19425123929977417,0.023434873670339584,0.09513255953788757,3.0
1650,1.0,1.0,0.0,,0.09210469573736191,0.024568503722548485,0.05620633810758591,0.25522056221961975,1.0
1651,0.0,1.0,,,0.24381360411643982,0.9951690435409546,0.3644024431705475,0.3184778690338135,2.0
1652,0.0,0.0,,,0.0025046176742762327,0.022371649742126465,0.005956749897450209,0.10847492516040802,0.0
1653,1.0,1.0,,,0.995617687702179,0.9968781471252441,0.0022707046009600163,0.10142416507005692,3.0
1654,1.0,1.0,,,0.99686199426651,0.998889148235321,0.9643405675888062,0.7665342688560486,2.0
1655,0.0,0.0,0.0,,0.0024731727316975594,0.017260555177927017,0.005969252437353134,0.1518591195344925,1.0
1656,0.0,0.0,,,0.0019480687333270907,0.03134368360042572,0.002362070372328162,0.128412127494812,0.0
1657,0.0,0.0,,,0.0034511263947933912,0.021634520962834358,0.0012368561001494527,0.05785449594259262,1.0
1658,1.0,1.0,0.0,,0.9200838804244995,0.9351134300231934,0.0020309691317379475,0.14137408137321472,2.0
1659,0.0,0.0,,,0.0025960365310311317,0.19258129596710205,0.0010032405843958259,0.44405707716941833,0.0
1660,0.0,0.0,,,0.0021642439533025026,0.026841072365641594,0.09671028703451157,0.18192674219608307,3.0
1661,0.0,0.0,0.0,0.0,0.03259638324379921,0.1556389480829239,0.014369337819516659,0.12879106402397156,4.0
1662,0.0,0.0,,,0.00610898295417428,0.024476442486047745,0.003823331091552973,0.12078659236431122,4.0
1663,0.0,0.0,,,0.005301366560161114,0.021551653742790222,0.0042715431191027164,0.13917383551597595,4.0
1664,1.0,1.0,,,0.985546886920929,0.9997532367706299,0.8285070657730103,0.5132923722267151,4.0
1665,0.0,0.0,0.0,,0.0023599970154464245,0.014920204877853394,0.0013548124115914106,0.046656325459480286,1.0
1666,1.0,1.0,,,0.9947353601455688,0.9937167763710022,0.01047075167298317,0.11496846377849579,3.0
1667,0.0,1.0,1.0,0.0,0.47424519062042236,0.9943864345550537,0.6987634897232056,0.3224700391292572,2.0
1668,0.0,0.0,,,0.0012970918323844671,0.02220386452972889,0.037331871688365936,0.12197337299585342,2.0
1669,0.0,0.0,0.0,,0.0020834447350353003,0.015950752422213554,0.0007466826355084777,0.03298189863562584,1.0
1670,0.0,0.0,,,0.010652793571352959,0.021363405510783195,0.003661249065771699,0.13079538941383362,1.0
1671,0.0,0.0,,,0.7791603803634644,0.5035607218742371,0.07197549939155579,0.21200644969940186,3.0
1672,1.0,1.0,,,0.9792225360870361,0.9998881816864014,0.9207500219345093,0.6878432631492615,3.0
1673,1.0,1.0,1.0,,0.2667645812034607,0.997690737247467,0.9990115165710449,0.898705780506134,1.0
1674,1.0,1.0,0.0,,0.8301280736923218,0.6819935441017151,0.02967672049999237,0.24242475628852844,2.0
1675,1.0,1.0,0.0,,0.963118314743042,0.9565222263336182,0.004463730379939079,0.23844577372074127,1.0
1676,0.0,0.0,,,0.0018185561057180166,0.020422199741005898,0.0012640004279091954,0.08310855180025101,3.0
1677,1.0,1.0,1.0,,0.9926376342773438,0.9998446106910706,0.9899646639823914,0.7604514956474304,2.0
1678,0.0,0.0,,,0.008084304630756378,0.0209084153175354,0.0014373322483152151,0.11214257776737213,4.0
1679,0.0,0.0,,,0.0021083494648337364,0.021814852952957153,0.04067244380712509,0.1562332808971405,4.0
1680,0.0,1.0,,,0.9542311429977417,0.9144636392593384,0.01904893107712269,0.20921483635902405,0.0
1681,1.0,1.0,,,0.9945437908172607,0.999661922454834,0.9722522497177124,0.6763381958007812,3.0
1682,0.0,1.0,,,0.31968748569488525,0.9662182331085205,0.988217830657959,0.5636272430419922,4.0
1683,0.0,0.0,,,0.006612812168896198,0.03870904818177223,0.004723269492387772,0.101462721824646,1.0
1684,0.0,0.0,0.0,,0.0023165917955338955,0.014908158220350742,0.0014620801666751504,0.03862053155899048,1.0
1685,0.0,0.0,,,0.6891564130783081,0.8983728289604187,0.7114964127540588,0.633217453956604,4.0
1686,0.0,1.0,,,0.0025746095925569534,0.08517530560493469,0.002107680309563875,0.10317057371139526,4.0
1687,0.0,0.0,,,0.0016418658196926117,0.02431320957839489,0.0017261337488889694,0.11361394822597504,3.0
1688,1.0,1.0,,,0.939003586769104,0.9996970891952515,0.9746665954589844,0.6051280498504639,4.0
1689,1.0,1.0,0.0,,0.9558514356613159,0.9898404479026794,0.017411915585398674,0.3198293447494507,1.0
1690,1.0,1.0,0.0,,0.9990686178207397,0.9995335340499878,0.9304530620574951,0.5763148665428162,0.0
1691,1.0,1.0,0.0,,0.9443022012710571,0.788537859916687,0.05776718631386757,0.2598211169242859,1.0
1692,0.0,0.0,,,0.009547718800604343,0.027148094028234482,0.0022186620626598597,0.07055895030498505,1.0
1693,1.0,1.0,,,0.9986667037010193,0.998639702796936,0.7213972806930542,0.9377789497375488,4.0
1694,1.0,1.0,1.0,,0.5823394060134888,0.9936187863349915,0.9573280215263367,0.5617243647575378,2.0
1695,0.0,0.0,0.0,,0.0665803998708725,0.06701367348432541,0.3109714686870575,0.10462958365678787,4.0
1696,1.0,1.0,,,0.8274361491203308,0.788841724395752,0.0058721923269331455,0.16039155423641205,4.0
1697,0.0,1.0,,,0.9222086668014526,0.9864166975021362,0.0035275244154036045,0.23321926593780518,0.0
1698,1.0,1.0,0.0,,0.9980757832527161,0.9967719912528992,0.7327641844749451,0.9432522654533386,4.0
1699,0.0,0.0,,,0.014461739920079708,0.10122347623109818,0.0025116244796663523,0.44310295581817627,0.0
1700,1.0,,,,0.994754433631897,0.9499907493591309,0.3444226384162903,0.9680994153022766,2.0
1701,1.0,1.0,,,0.512090265750885,0.9984304308891296,0.6244372725486755,0.2697896957397461,2.0
1702,1.0,1.0,,,0.9944796562194824,0.9991245865821838,0.2017403393983841,0.3822730481624603,2.0
1703,1.0,1.0,,,0.9890289306640625,0.997643232345581,0.0794205591082573,0.34891799092292786,1.0
1704,1.0,1.0,,,0.9798176288604736,0.9878506660461426,0.0056984880939126015,0.15216435492038727,4.0
1705,1.0,1.0,0.0,1.0,0.9894788861274719,0.9985905885696411,0.0025534506421536207,0.3680900037288666,4.0
1706,0.0,0.0,0.0,,0.0018583741039037704,0.025664810091257095,0.0009884312748908997,0.08374463766813278,0.0
1707,1.0,1.0,0.0,,0.9908336997032166,0.9998319745063782,0.956986665725708,0.7171931862831116,4.0
1708,0.0,0.0,,,0.9116056561470032,0.8054221272468567,0.060220494866371155,0.15503743290901184,1.0
1709,1.0,1.0,,,0.9920718669891357,0.9548569917678833,0.013396458700299263,0.46960052847862244,0.0
1710,1.0,1.0,,,0.9097132086753845,0.9958429336547852,0.04856601729989052,0.20328935980796814,2.0
1711,1.0,1.0,1.0,,0.9993232488632202,0.9999419450759888,0.9637134671211243,0.8098257184028625,0.0
1712,0.0,0.0,0.0,,0.002436812501400709,0.037094056606292725,0.0016960190841928124,0.15821495652198792,3.0
1713,0.0,0.0,0.0,,0.001699739252217114,0.021107979118824005,0.0006177483010105789,0.042819563299417496,3.0
1714,0.0,0.0,,,0.002651710994541645,0.028904953971505165,0.001616998459212482,0.07602392882108688,0.0
1715,1.0,1.0,,,0.9952945709228516,0.9979069232940674,0.9502426385879517,0.6427962183952332,4.0
1716,1.0,1.0,,,0.9940772652626038,0.9965611100196838,0.06752374023199081,0.4758621156215668,0.0
1717,0.0,0.0,,,0.0020570866763591766,0.0218217670917511,0.001445159432478249,0.11708855628967285,0.0
1718,0.0,0.0,,,0.0020465783309191465,0.023053286597132683,0.006005431059747934,0.09467946738004684,3.0
1719,1.0,1.0,1.0,,0.9666774272918701,0.9983476400375366,0.9457966089248657,0.7979652881622314,2.0
1720,1.0,1.0,0.0,,0.9909119606018066,0.9991852641105652,0.010234672576189041,0.0695740282535553,3.0
1721,1.0,1.0,,,0.9855868220329285,0.9896607398986816,0.003405800089240074,0.15036220848560333,4.0
1722,,0.0,,,0.004164981190115213,0.025552459061145782,0.006531063467264175,0.11229021847248077,4.0
1723,0.0,0.0,,,0.005895274691283703,0.2468324601650238,0.02376522123813629,0.14224371314048767,0.0
1724,1.0,1.0,1.0,1.0,0.9339269399642944,0.9966452717781067,0.7559540271759033,0.5604959726333618,2.0
1725,0.0,0.0,,,0.0027889704797416925,0.025314856320619583,0.0008480718825012445,0.11474838852882385,0.0
1726,0.0,0.0,0.0,,0.0035239201970398426,0.05902585759758949,0.06929486989974976,0.14659518003463745,0.0
1727,0.0,0.0,,,0.0025925468653440475,0.05068697780370712,0.008973960764706135,0.09241533279418945,3.0
1728,0.0,0.0,0.0,,0.0028242762200534344,0.01885370910167694,0.001113780657760799,0.07888702303171158,3.0
1729,1.0,1.0,1.0,,0.9942538142204285,0.9388655424118042,0.9898900985717773,0.7445584535598755,3.0
1730,0.0,0.0,0.0,,0.0018486740300431848,0.019581029191613197,0.0014794039307162166,0.0902106910943985,0.0
1731,0.0,0.0,,,0.001971003133803606,0.028257355093955994,0.07251489162445068,0.16004285216331482,3.0
1732,0.0,0.0,,,0.889922022819519,0.732123076915741,0.03655677288770676,0.18734288215637207,2.0
1733,0.0,1.0,1.0,0.0,0.4111790657043457,0.9986893534660339,0.8590030670166016,0.46354299783706665,4.0
1734,0.0,0.0,,,0.0020920056849718094,0.0181446336209774,0.001302502118051052,0.12016693502664566,4.0
1735,1.0,1.0,,,0.9885438084602356,0.9879725575447083,0.05863276124000549,0.2970811724662781,3.0
1736,1.0,1.0,,,0.9621770977973938,0.9637120962142944,0.14490751922130585,0.3173280358314514,0.0
1737,0.0,1.0,1.0,1.0,0.5839637517929077,0.9990093111991882,0.9921464323997498,0.9272128343582153,0.0
1738,1.0,1.0,,,0.2365248203277588,0.9926209449768066,0.3188728988170624,0.3391614556312561,1.0
1739,0.0,0.0,,,0.002878692699596286,0.04743474721908569,0.0017642010934650898,0.09634540975093842,2.0
1740,1.0,1.0,0.0,,0.9958294630050659,0.9941177368164062,0.005838422570377588,0.22378450632095337,2.0
1741,1.0,1.0,1.0,,0.9723284244537354,0.999592125415802,0.9443090558052063,0.6202223300933838,0.0
1742,0.0,0.0,0.0,0.0,0.002050732495263219,0.0272504985332489,0.0009000120917335153,0.07367677241563797,3.0
1743,1.0,1.0,0.0,,0.9908754825592041,0.9916980266571045,0.0019799303263425827,0.18105512857437134,0.0
1744,1.0,1.0,0.0,,0.9827603101730347,0.9945149421691895,0.08318725973367691,0.29912668466567993,0.0
1745,1.0,1.0,,,0.9909126162528992,0.9961872100830078,0.0025698989629745483,0.219515860080719,0.0
1746,1.0,1.0,,,0.9872452616691589,0.9996726512908936,0.9451913237571716,0.5885239839553833,3.0
1747,1.0,1.0,,,0.975381076335907,0.8922882080078125,0.017030786722898483,0.12019087374210358,1.0
1748,0.0,0.0,,,0.006802069488912821,0.15752959251403809,0.0038524204865098,0.05782007426023483,1.0
1749,1.0,1.0,,,0.9681467413902283,0.9362332224845886,0.5467872023582458,0.8988811373710632,0.0
1750,1.0,1.0,,,0.9924480319023132,0.995705246925354,0.07591096311807632,0.21543103456497192,2.0
1751,1.0,1.0,0.0,,0.8661342263221741,0.9577019810676575,0.003681980073451996,0.11470295488834381,4.0
1752,0.0,1.0,0.0,,0.8873470425605774,0.8678750395774841,0.0017012113239616156,0.09345152229070663,2.0
1753,1.0,1.0,0.0,,0.994838535785675,0.9965077042579651,0.022378673776984215,0.3554442822933197,0.0
1754,0.0,0.0,,,0.01680753007531166,0.020328395068645477,0.005053742788732052,0.11489206552505493,1.0
1755,1.0,1.0,,,0.9785041213035583,0.9060164093971252,0.0029237703420221806,0.10139521956443787,3.0
1756,0.0,0.0,0.0,,0.0013294672826305032,0.01914038509130478,0.001649854937568307,0.11363007128238678,2.0
1757,0.0,0.0,,,0.0035784950014203787,0.021151741966605186,0.0014073899947106838,0.1053411215543747,4.0
1758,1.0,1.0,1.0,,0.996738076210022,0.9987335205078125,0.9925005435943604,0.6889419555664062,4.0
1759,0.0,0.0,,,0.01616213284432888,0.15860307216644287,0.05021428316831589,0.1220690906047821,4.0
1760,1.0,1.0,0.0,,0.9920175671577454,0.9951728582382202,0.0027735778130590916,0.10341951251029968,3.0
1761,0.0,0.0,0.0,,0.0030750874429941177,0.023391010239720345,0.014823230914771557,0.13255859911441803,2.0
1762,1.0,1.0,,,0.9977469444274902,0.9975824356079102,0.01020429003983736,0.14308011531829834,3.0
1763,0.0,0.0,,,0.0024192791897803545,0.032649628818035126,0.0023919749073684216,0.08800297975540161,3.0
1764,1.0,1.0,,,0.9977748990058899,0.9998133778572083,0.9744847416877747,0.97359699010849,2.0
1765,1.0,1.0,,,0.9942455291748047,0.9996751546859741,0.9687192440032959,0.539387047290802,2.0
1766,1.0,1.0,1.0,,0.7187970876693726,0.9974473714828491,0.9814306497573853,0.841767430305481,3.0
1767,0.0,0.0,,,0.0015415948582813144,0.024951603263616562,0.0016690341290086508,0.155064195394516,0.0
1768,1.0,1.0,,,0.9932851195335388,0.9998006820678711,0.8712284564971924,0.7003041505813599,4.0
1769,1.0,1.0,,,0.7989126443862915,0.5670812129974365,0.01599203795194626,0.26827162504196167,0.0
1770,0.0,0.0,0.0,,0.002567531540989876,0.19942490756511688,0.005802719388157129,0.10606728494167328,2.0
1771,0.0,1.0,,,0.6158321499824524,0.997532308101654,0.9656159281730652,0.6214559078216553,0.0
1772,0.0,0.0,0.0,,0.002984726568683982,0.04055763781070709,0.022332463413476944,0.10496688634157181,0.0
1773,0.0,1.0,0.0,,0.9397388100624084,0.9907793998718262,0.0021868429612368345,0.1545167863368988,4.0
1774,1.0,1.0,,,0.8266763687133789,0.8585951328277588,0.008094788528978825,0.12634292244911194,4.0
1775,1.0,1.0,0.0,,0.9926199913024902,0.9903097748756409,0.0067579420283436775,0.11041188985109329,1.0
1776,1.0,1.0,0.0,,0.9987974166870117,0.9992510080337524,0.9658173322677612,0.9559485912322998,1.0
1777,0.0,0.0,0.0,,0.08298780024051666,0.02433556318283081,0.08755426108837128,0.047813087701797485,1.0
1778,1.0,1.0,,,0.9923092722892761,0.9910805225372314,0.0019073407165706158,0.1561126708984375,2.0
1779,0.0,1.0,0.0,,0.8015824556350708,0.7321045398712158,0.0019213669002056122,0.17249378561973572,2.0
1780,1.0,,,,0.9846076369285583,0.9998288750648499,0.8387563228607178,0.8139578104019165,2.0
1781,0.0,1.0,,,0.005171040538698435,0.025821464136242867,0.0048142955638468266,0.23225241899490356,4.0
1782,0.0,0.0,,,0.001914378022775054,0.025355657562613487,0.0010495330207049847,0.06942391395568848,3.0
1783,0.0,0.0,,,0.002589133568108082,0.019727930426597595,0.05880257487297058,0.0764225423336029,1.0
1784,0.0,0.0,0.0,,0.0021622234489768744,0.02917119674384594,0.0018688896670937538,0.06257523596286774,3.0
1785,1.0,1.0,,,0.98316490650177,0.9917740225791931,0.01237632054835558,0.23092511296272278,4.0
1786,0.0,0.0,,,0.0011559940176084638,0.017305316403508186,0.000574431789573282,0.03354691341519356,2.0
1787,0.0,0.0,,,0.0021739767398685217,0.021954724565148354,0.00281606987118721,0.13269901275634766,4.0
1788,0.0,0.0,,,0.0031747811008244753,0.030525077134370804,0.002902081236243248,0.08122773468494415,3.0
1789,0.0,0.0,,,0.8210629224777222,0.5523467659950256,0.0033859035465866327,0.28458449244499207,0.0
1790,0.0,0.0,,,0.0018352108309045434,0.024038109928369522,0.0027596894651651382,0.18563199043273926,3.0
1791,1.0,1.0,1.0,,0.9992092847824097,0.9989662170410156,0.9855504035949707,0.5496047139167786,0.0
1792,1.0,1.0,,,0.9933107495307922,0.9995097517967224,0.8945153951644897,0.6211950182914734,1.0
1793,1.0,1.0,,,0.9988911151885986,0.998728334903717,0.654297947883606,0.7197708487510681,1.0
1794,0.0,0.0,0.0,,0.003995838109403849,0.027131423354148865,0.0011421871604397893,0.31030216813087463,4.0
1795,1.0,1.0,,,0.9756941199302673,0.99983149766922,0.4730071425437927,0.3887588083744049,2.0
1796,1.0,1.0,1.0,,0.9988837242126465,0.9998060464859009,0.9914072751998901,0.6377970576286316,4.0
1797,0.0,0.0,0.0,,0.0034554139710962772,0.03998100012540817,0.003467623610049486,0.08286602795124054,0.0
1798,1.0,1.0,,,0.9642975330352783,0.99973464012146,0.9258328080177307,0.7544568777084351,3.0
1799,1.0,1.0,0.0,,0.8099946975708008,0.6481367349624634,0.0018760275561362505,0.16281095147132874,4.0
1800,0.0,0.0,,,0.002086672466248274,0.04327286779880524,0.0010122187668457627,0.04786968231201172,1.0
1801,0.0,0.0,,,0.0016516355099156499,0.02805408462882042,0.0009274460026063025,0.13297173380851746,0.0
1802,0.0,0.0,,,0.0020757399033755064,0.020899256691336632,0.05072192847728729,0.15611112117767334,4.0
1803,0.0,0.0,,,0.0013860228937119246,0.02190961316227913,0.027736809104681015,0.06835466623306274,2.0
1804,1.0,1.0,,,0.9957488775253296,0.997840166091919,0.018846208229660988,0.47497832775115967,0.0
1805,0.0,0.0,0.0,,0.03378031402826309,0.03025408647954464,0.009084057062864304,0.4517011046409607,1.0
1806,0.0,0.0,0.0,,0.0026720722671598196,0.02028527855873108,0.0018446898320689797,0.12280604243278503,4.0
1807,0.0,1.0,,,0.11585375666618347,0.97572922706604,0.8061245679855347,0.9112653732299805,1.0
1808,1.0,1.0,,,0.3087427020072937,0.9691723585128784,0.4644579291343689,0.1956658661365509,1.0
1809,0.0,0.0,0.0,,0.0012132006231695414,0.01746981404721737,0.0014894858468323946,0.06663738191127777,2.0
1810,1.0,1.0,,,0.9940316677093506,0.996638298034668,0.08366616815328598,0.19251269102096558,4.0
1811,1.0,1.0,,,0.9932325482368469,0.9913960099220276,0.0023741002660244703,0.25499609112739563,0.0
1812,0.0,0.0,,,0.005346020217984915,0.196862131357193,0.003339750925078988,0.14025582373142242,0.0
1813,0.0,0.0,0.0,,0.0033555245026946068,0.022123631089925766,0.0023140874691307545,0.053145620971918106,1.0
1814,0.0,0.0,,,0.007389243226498365,0.028275758028030396,0.007227106019854546,0.050660524517297745,1.0
1815,1.0,1.0,0.0,,0.992232620716095,0.9961613416671753,0.044223543256521225,0.2512758672237396,4.0
1816,1.0,1.0,0.0,,0.9956237077713013,0.9993410110473633,0.8824485540390015,0.5864999294281006,4.0
1817,0.0,0.0,0.0,,0.002178745111450553,0.024694856256246567,0.0016480529448017478,0.1887984275817871,0.0
1818,0.0,0.0,0.0,,0.0025175600312650204,0.013153830543160439,0.0010991471353918314,0.06168923154473305,1.0
1819,0.0,0.0,0.0,,0.0033920868299901485,0.02646557241678238,0.009898600168526173,0.1377023160457611,4.0
1820,0.0,0.0,,,0.007534654811024666,0.20429520308971405,0.02756832167506218,0.07093854993581772,1.0
1821,0.0,0.0,0.0,,0.0030434480868279934,0.016066012904047966,0.0014024664415046573,0.09041500091552734,2.0
1822,1.0,1.0,0.0,1.0,0.985313892364502,0.9798394441604614,0.364737868309021,0.9733925461769104,2.0
1823,1.0,1.0,0.0,,0.9466347098350525,0.8182003498077393,0.022393401712179184,0.1274028718471527,4.0
1824,0.0,0.0,0.0,,0.0014522494748234749,0.018792878836393356,0.00173598388209939,0.1000344455242157,2.0
1825,0.0,0.0,,,0.001684861839748919,0.018343674018979073,0.034476783126592636,0.08117905259132385,1.0
1826,0.0,0.0,0.0,0.0,0.0015224347589537501,0.01961890421807766,0.0012651013676077127,0.12502756714820862,2.0
1827,0.0,0.0,,,0.0017895442433655262,0.023901646956801414,0.0017900328384712338,0.1660318374633789,0.0
1828,0.0,0.0,,,0.002574192825704813,0.050282154232263565,0.002328765345737338,0.10600487887859344,2.0
1829,0.0,0.0,,,0.5929048657417297,0.6629897356033325,0.7572154998779297,0.6466458439826965,3.0
1830,1.0,1.0,0.0,,0.9961518049240112,0.9952216744422913,0.004636384546756744,0.18973836302757263,2.0
1831,1.0,1.0,,,0.6704347133636475,0.9975908398628235,0.9297419786453247,0.8740137815475464,0.0
1832,0.0,0.0,,,0.0023575834929943085,0.018297402188181877,0.0022690235637128353,0.05277801305055618,1.0
1833,0.0,0.0,,,0.002173757180571556,0.04750596359372139,0.01315892580896616,0.11977808177471161,0.0
1834,0.0,0.0,,,0.002393505536019802,0.02181403897702694,0.003851714776828885,0.12092709541320801,4.0
1835,,1.0,,,0.995651125907898,0.9973447918891907,0.08970984816551208,0.21649041771888733,2.0
1836,0.0,0.0,,,0.0023924338165670633,0.13104668259620667,0.0015884122112765908,0.10063761472702026,2.0
1837,0.0,0.0,,,0.0023678771685808897,0.018694764003157616,0.0014229636872187257,0.05645751953125,1.0
1838,0.0,0.0,,,0.0012968629598617554,0.016386499628424644,0.0015985475620254874,0.1257214993238449,2.0
1839,1.0,1.0,,,0.007954034954309464,0.2505345344543457,0.006504901219159365,0.08863846957683563,1.0
1840,1.0,1.0,,,0.998559296131134,0.9980902671813965,0.6886603832244873,0.937751293182373,2.0
1841,1.0,1.0,0.0,1.0,0.9926540851593018,0.999311625957489,0.10220669955015182,0.4133155941963196,4.0
1842,1.0,1.0,,,0.9986814856529236,0.9976667165756226,0.877679705619812,0.9004989862442017,1.0
1843,0.0,0.0,,,0.0025771171785891056,0.020155958831310272,0.004392506089061499,0.11705583333969116,4.0
1844,0.0,0.0,,,0.00464402511715889,0.02026122435927391,0.0021925512701272964,0.06769715249538422,1.0
1845,1.0,1.0,1.0,,0.9541686177253723,0.9912655353546143,0.8828895688056946,0.7430717945098877,3.0
1846,0.0,1.0,,,0.5220780372619629,0.9692246913909912,0.1455158293247223,0.26940226554870605,2.0
1847,1.0,1.0,,,0.9930001497268677,0.9998620748519897,0.9838002324104309,0.6635317206382751,0.0
1848,1.0,1.0,,,0.3540116548538208,0.9930588006973267,0.9407998323440552,0.5014669299125671,4.0
1849,1.0,1.0,1.0,1.0,0.8525004982948303,0.8282879590988159,0.27291733026504517,0.4835156500339508,1.0
1850,0.0,0.0,0.0,,0.0028073349967598915,0.14080415666103363,0.004898505285382271,0.0768648013472557,1.0
1851,0.0,0.0,,,0.017954671755433083,0.32934513688087463,0.005738787818700075,0.23005108535289764,2.0
1852,0.0,0.0,,,0.006979980506002903,0.03250085562467575,0.04660697653889656,0.15442579984664917,4.0
1853,1.0,1.0,,,0.4825378954410553,0.7603127360343933,0.1334540843963623,0.24272826313972473,4.0
1854,1.0,1.0,,,0.9651134014129639,0.9984790682792664,0.09695091843605042,0.2191096544265747,3.0
1855,1.0,1.0,,,0.8941431641578674,0.9947042465209961,0.08367811888456345,0.3357048034667969,0.0
1856,1.0,1.0,,,0.9934213161468506,0.9995695352554321,0.9354011416435242,0.7835566401481628,3.0
1857,0.0,0.0,,,0.0021118572913110256,0.05382523685693741,0.0010721615981310606,0.0770137757062912,3.0
1858,0.0,0.0,,,0.0019110499415546656,0.02577325329184532,0.0010633940109983087,0.13929539918899536,0.0
1859,1.0,1.0,,,0.7264819145202637,0.9988282918930054,0.7138887643814087,0.4702475965023041,1.0
1860,1.0,1.0,,,0.8330917954444885,0.9993861317634583,0.9802595973014832,0.962835431098938,0.0
1861,0.0,0.0,,,0.002254167106002569,0.039270639419555664,0.0017921308754011989,0.08104455471038818,3.0
1862,1.0,1.0,0.0,,0.9975347518920898,0.9957017302513123,0.769882082939148,0.939734160900116,0.0
1863,1.0,1.0,,,0.9945822358131409,0.9721170663833618,0.009140251204371452,0.131334125995636,4.0
1864,0.0,0.0,0.0,,0.9937016367912292,0.995657205581665,0.004642359912395477,0.16281172633171082,3.0
1865,1.0,1.0,0.0,,0.9939407110214233,0.9728851914405823,0.49892720580101013,0.9468380808830261,0.0
1866,1.0,1.0,0.0,,0.9879806637763977,0.9882994294166565,0.002829847391694784,0.4642993211746216,0.0
1867,0.0,0.0,,,0.0019439058378338814,0.013576174154877663,0.0010395327117294073,0.042909763753414154,1.0
1868,1.0,1.0,,,0.899183452129364,0.9991666078567505,0.9396229386329651,0.9675204753875732,0.0
1869,1.0,1.0,1.0,,0.9992327690124512,0.9995090365409851,0.9870483875274658,0.5113790035247803,0.0
1870,1.0,1.0,1.0,,0.9588101506233215,0.9831541776657104,0.9888017177581787,0.8101907968521118,3.0
1871,1.0,1.0,0.0,,0.9846248030662537,0.9999076724052429,0.9007734060287476,0.6208832859992981,0.0
1872,1.0,1.0,0.0,,0.951866626739502,0.9917054772377014,0.29594728350639343,0.4951503276824951,1.0
1873,0.0,0.0,,,0.002622850937768817,0.02204294130206108,0.001740399980917573,0.04441876709461212,1.0
1874,1.0,1.0,,,0.9949049353599548,0.9997961521148682,0.8342816829681396,0.2865450978279114,1.0
1875,1.0,1.0,,,0.9964232444763184,0.9848009347915649,0.3740113377571106,0.9546046853065491,2.0
1876,0.0,0.0,0.0,,0.002283966401591897,0.02211582101881504,0.0020176908001303673,0.08189136534929276,3.0
1877,0.0,0.0,0.0,,0.0028477185405790806,0.17246848344802856,0.0018194501753896475,0.10955211520195007,2.0
1878,0.0,0.0,0.0,,0.0022167356219142675,0.02398219332098961,0.0019913900177925825,0.11391457170248032,0.0
1879,0.0,0.0,,,0.0027707794215530157,0.016607725992798805,0.0015546930953860283,0.08242932707071304,2.0
1880,0.0,0.0,,,0.011729209683835506,0.05113394558429718,0.0356413871049881,0.12793856859207153,0.0
1881,1.0,1.0,,,0.9994927048683167,0.9954168796539307,0.9115254282951355,0.7969774007797241,4.0
1882,1.0,1.0,,,0.9252833724021912,0.9982513189315796,0.18962599337100983,0.12058201432228088,3.0
1883,0.0,0.0,,,0.008893376216292381,0.1278030425310135,0.008931436575949192,0.21878193318843842,1.0
1884,0.0,0.0,0.0,,0.002845445415005088,0.018530528992414474,0.004881018772721291,0.1258256882429123,4.0
1885,0.0,0.0,,,0.0016297702677547932,0.02883729338645935,0.015494502149522305,0.07937023043632507,3.0
1886,0.0,0.0,,,0.0025801868177950382,0.02878110110759735,0.0018201094353571534,0.07144848257303238,3.0
1887,1.0,1.0,,,0.9966027736663818,0.9913492798805237,0.25430336594581604,0.27976736426353455,2.0
1888,1.0,1.0,0.0,,0.8349501490592957,0.8982923030853271,0.01613001525402069,0.09869150072336197,1.0
1889,1.0,1.0,0.0,,0.9908201098442078,0.9590047597885132,0.16897597908973694,0.9747530221939087,3.0
1890,1.0,1.0,0.0,,0.9937766194343567,0.9964141249656677,0.617698073387146,0.9565361142158508,4.0
1891,1.0,1.0,,,0.9802121520042419,0.9832905530929565,0.2034512460231781,0.5658725500106812,1.0
1892,0.0,0.0,,,0.001978219486773014,0.018892794847488403,0.002474116161465645,0.10508210211992264,0.0
1893,1.0,1.0,,,0.9977611899375916,0.9989244341850281,0.9606484174728394,0.7123209834098816,2.0
1894,1.0,1.0,,,0.8621245622634888,0.9969306588172913,0.6074567437171936,0.23941238224506378,2.0
1895,0.0,0.0,0.0,0.0,0.0030270011629909277,0.026793934404850006,0.0013506566174328327,0.10114706307649612,4.0
1896,1.0,1.0,1.0,,0.9987754821777344,0.9986656904220581,0.8917129635810852,0.6905531883239746,1.0
1897,0.0,0.0,0.0,,0.0017892061732709408,0.021001562476158142,0.002078358316794038,0.10450612008571625,4.0
1898,1.0,1.0,,,0.9144963622093201,0.7762182354927063,0.017325369641184807,0.1159515380859375,1.0
1899,1.0,1.0,,,0.7525951266288757,0.5421527028083801,0.001627933932468295,0.14736223220825195,4.0
1900,1.0,1.0,1.0,,0.9993369579315186,0.9989506006240845,0.9937777519226074,0.7321946620941162,3.0
1901,0.0,1.0,,,0.006178524345159531,0.02116463892161846,0.005704347509890795,0.11114637553691864,1.0
1902,0.0,0.0,,,0.0019208549056202173,0.02652272768318653,0.002430360298603773,0.14358365535736084,0.0
1903,0.0,0.0,0.0,,0.0036130710504949093,0.13314056396484375,0.001992338104173541,0.06262145191431046,3.0
1904,0.0,1.0,0.0,,0.3897912800312042,0.9817291498184204,0.8101937770843506,0.8852486610412598,1.0
1905,0.0,0.0,,,0.002458582166582346,0.03505370765924454,0.0801219791173935,0.09213492274284363,3.0
1906,1.0,1.0,,,0.9201256632804871,0.9923359751701355,0.6913426518440247,0.45744210481643677,4.0
1907,1.0,1.0,0.0,,0.9245074987411499,0.9994165301322937,0.7217684388160706,0.7049400210380554,1.0
1908,1.0,1.0,,,0.9960067272186279,0.9988133907318115,0.07499632984399796,0.353436142206192,0.0
1909,1.0,1.0,1.0,1.0,0.9971591234207153,0.9995079040527344,0.9964969754219055,0.738763153553009,3.0
1910,0.0,0.0,,,0.002659431891515851,0.033722974359989166,0.006340325810015202,0.10772743821144104,0.0
1911,0.0,0.0,,,0.0033163512125611305,0.17316974699497223,0.012780480086803436,0.10482197999954224,2.0
1912,1.0,1.0,,,0.9932921528816223,0.9917982220649719,0.026599764823913574,0.21200072765350342,3.0
1913,0.0,0.0,,,0.0018984134076163173,0.02415958233177662,0.003413635538890958,0.07533802837133408,3.0
1914,0.0,0.0,,,0.0018726326525211334,0.024624556303024292,0.09619864821434021,0.18610143661499023,3.0
1915,1.0,1.0,1.0,,0.9879039525985718,0.9975551962852478,0.9945683479309082,0.664696455001831,4.0
1916,1.0,1.0,,,0.08990488946437836,0.02103947475552559,0.03219850733876228,0.045418862253427505,1.0
1917,1.0,1.0,,,0.9872366786003113,0.9925476908683777,0.14985689520835876,0.7101356387138367,1.0
1918,0.0,0.0,,,0.003566253464668989,0.022840110585093498,0.0008801407529972494,0.07902731001377106,3.0
1919,0.0,0.0,,,0.003132014302536845,0.045117832720279694,0.00990588590502739,0.10278565436601639,4.0
1920,1.0,1.0,,,0.9936460852622986,0.9943332672119141,0.0019310914212837815,0.09595631062984467,3.0
1921,0.0,1.0,0.0,0.0,0.6549685001373291,0.6114362478256226,0.007443094160407782,0.2949497103691101,0.0
1922,1.0,1.0,0.0,,0.9894186854362488,0.9900065660476685,0.06847640872001648,0.22420449554920197,2.0
1923,1.0,1.0,1.0,,0.9604028463363647,0.9976974725723267,0.9800519943237305,0.8974673748016357,4.0
1924,1.0,1.0,0.0,,0.994129478931427,0.9866560101509094,0.0017128728795796633,0.08826448768377304,2.0
1925,0.0,0.0,,,0.0018190715927630663,0.02622595801949501,0.0025677785743027925,0.13952545821666718,0.0
1926,1.0,1.0,1.0,,0.9227726459503174,0.9991680979728699,0.8422874212265015,0.2625792622566223,1.0
1927,1.0,1.0,,,0.5934807062149048,0.9318174719810486,0.8168108463287354,0.6841433048248291,1.0
1928,0.0,0.0,,,0.002156430622562766,0.04117225855588913,0.010258547961711884,0.10392356663942337,2.0
1929,1.0,1.0,,,0.9959090948104858,0.990526020526886,0.002844553906470537,0.16107076406478882,2.0
1930,0.0,0.0,,,0.005200164392590523,0.26179760694503784,0.00534209655597806,0.08769194781780243,4.0
1931,1.0,1.0,1.0,1.0,0.967757523059845,0.9994146823883057,0.9901490807533264,0.6665435433387756,2.0
1932,0.0,0.0,0.0,0.0,0.001649417681619525,0.10330931097269058,0.0012127503287047148,0.08855162560939789,3.0
1933,0.0,1.0,0.0,,0.8927129507064819,0.9612617492675781,0.0023687833454459906,0.0619993694126606,1.0
1934,1.0,1.0,,,0.9974657297134399,0.9997191429138184,0.9847633838653564,0.629928469657898,3.0
1935,1.0,1.0,,,0.9854300618171692,0.9716365337371826,0.06025507301092148,0.9649147987365723,3.0
1936,0.0,0.0,,,0.002056261757388711,0.01584787108004093,0.0032583028078079224,0.049807362258434296,1.0
1937,0.0,0.0,,,0.009694178588688374,0.17365697026252747,0.16076132655143738,0.1311940848827362,1.0
1938,1.0,1.0,,,0.9139693975448608,0.9942039251327515,0.05227641016244888,0.14921431243419647,3.0
1939,0.0,0.0,,,0.004691451787948608,0.01895947754383087,0.02206718735396862,0.12212363630533218,1.0
1940,1.0,1.0,0.0,,0.9280920028686523,0.9583964943885803,0.01424535270780325,0.04682030901312828,1.0
1941,0.0,1.0,,,0.003095808904618025,0.11768069863319397,0.02648003399372101,0.2506542205810547,0.0
1942,1.0,1.0,0.0,,0.9973713755607605,0.9979618191719055,0.2454230785369873,0.08581045269966125,1.0
1943,1.0,1.0,0.0,0.0,0.444385826587677,0.9957753419876099,0.9502873420715332,0.5734069347381592,3.0
1944,1.0,1.0,,,0.9940686821937561,0.9898860454559326,0.0038076634518802166,0.1569998860359192,2.0
1945,0.0,0.0,,,0.0036881056148558855,0.02023368328809738,0.0023519399110227823,0.10173157602548599,1.0
1946,0.0,0.0,,,0.0017750675324350595,0.11431939154863358,0.007394530810415745,0.11519590765237808,2.0
1947,0.0,0.0,,,0.003292873501777649,0.035331159830093384,0.0018550280947238207,0.24895846843719482,3.0
1948,0.0,0.0,,,0.002153528854250908,0.027444371953606606,0.032271988689899445,0.12758973240852356,2.0
1949,1.0,1.0,,,0.9913653135299683,0.9510601162910461,0.4718121290206909,0.9378296732902527,3.0
1950,0.0,1.0,,,0.3408264219760895,0.9549248218536377,0.7264434695243835,0.46679237484931946,3.0
1951,0.0,1.0,,,0.00853833556175232,0.01776086539030075,0.007361595518887043,0.03648587688803673,1.0
1952,0.0,0.0,,,0.07520386576652527,0.051464203745126724,0.3411695659160614,0.512966513633728,4.0
1953,0.0,0.0,,,0.002192546147853136,0.015706337988376617,0.0021577749866992235,0.0380118153989315,1.0
1954,0.0,1.0,1.0,1.0,0.4533671438694,0.9944987297058105,0.9871445298194885,0.9592360258102417,3.0
1955,0.0,0.0,0.0,0.0,0.002042122185230255,0.02183278650045395,0.0023498928640037775,0.10678169131278992,4.0
1956,0.0,0.0,,,0.0047703878954052925,0.031513720750808716,0.00999505165964365,0.2606006860733032,0.0
1957,1.0,1.0,,,0.9643360376358032,0.9980486035346985,0.7799161672592163,0.6645987033843994,3.0
1958,0.0,0.0,,,0.002713446971029043,0.08865876495838165,0.009183628484606743,0.16401872038841248,2.0
1959,0.0,0.0,,,0.004094074480235577,0.02081228420138359,0.001147684408351779,0.06812454015016556,4.0
1960,1.0,1.0,0.0,,0.8779034614562988,0.9088218212127686,0.003336165565997362,0.2024492472410202,2.0
1961,1.0,1.0,,,0.7789913415908813,0.9896185994148254,0.025238078087568283,0.09992019832134247,2.0
1962,0.0,1.0,,,0.015841297805309296,0.09723546355962753,0.08355677872896194,0.16408653557300568,2.0
1963,0.0,1.0,,,0.38639748096466064,0.9954583048820496,0.895654559135437,0.19271022081375122,1.0
1964,0.0,0.0,,,0.004146055318415165,0.11491652578115463,0.015802009031176567,0.07991199195384979,3.0
1965,1.0,1.0,,,0.9875718951225281,0.9928833246231079,0.05826373025774956,0.22231003642082214,0.0
1966,0.0,0.0,,,0.004006544128060341,0.09117374569177628,0.002490026643499732,0.10595911741256714,4.0
1967,1.0,1.0,1.0,,0.9548296332359314,0.9996715784072876,0.432871013879776,0.4640313386917114,1.0
1968,1.0,1.0,,,0.9162204265594482,0.8432475924491882,0.007137686479836702,0.39065051078796387,3.0
1969,1.0,1.0,,,0.9945766925811768,0.9980127811431885,0.03431178629398346,0.41007307171821594,4.0
1970,1.0,1.0,0.0,,0.025975916534662247,0.4106074869632721,0.009685087017714977,0.21118521690368652,1.0
1971,0.0,0.0,0.0,,0.0026494734920561314,0.050219155848026276,0.0018116615246981382,0.14718610048294067,0.0
1972,0.0,1.0,,,0.9920051097869873,0.9886248707771301,0.002800991525873542,0.0901901051402092,1.0
1973,1.0,1.0,0.0,,0.9945471882820129,0.9950880408287048,0.07896161824464798,0.11813574284315109,3.0
1974,0.0,0.0,0.0,0.0,0.007590933702886105,0.2342805564403534,0.051664162427186966,0.24124622344970703,2.0
1975,0.0,1.0,0.0,,0.5853036642074585,0.8889147043228149,0.12330763787031174,0.18131420016288757,1.0
1976,0.0,0.0,,,0.0017359473276883364,0.021807368844747543,0.0009897148702293634,0.05585251748561859,3.0
1977,1.0,1.0,,,0.9931524395942688,0.9951229691505432,0.014108681119978428,0.10514263808727264,1.0
1978,0.0,0.0,,,0.002009039279073477,0.029532305896282196,0.016675777733325958,0.17066475749015808,0.0
1979,0.0,0.0,,,0.0017242399044334888,0.01941290684044361,0.0006495440611615777,0.05178198218345642,3.0
1980,1.0,1.0,,,0.9585764408111572,0.9904695153236389,0.0023153936490416527,0.2124112844467163,0.0
1981,0.0,0.0,,,0.0024706642143428326,0.024347107857465744,0.007544486317783594,0.1270439326763153,4.0
1982,0.0,0.0,,,0.003235922660678625,0.12867824733257294,0.07302141189575195,0.15412932634353638,0.0
1983,0.0,0.0,0.0,,0.010852702893316746,0.024818338453769684,0.001236617797985673,0.07320369780063629,4.0
1984,0.0,0.0,0.0,,0.0039005912840366364,0.02126823179423809,0.010290011763572693,0.04788931459188461,1.0
1985,0.0,0.0,,,0.002051325747743249,0.015698887407779694,0.0012362656416371465,0.04078640788793564,1.0
1986,1.0,1.0,1.0,,0.995572030544281,0.9998387694358826,0.9175065159797668,0.6071006059646606,4.0
1987,1.0,1.0,0.0,,0.9562035799026489,0.9857286810874939,0.029389556497335434,0.4228176474571228,0.0
1988,1.0,1.0,0.0,,0.9645329713821411,0.9992423057556152,0.8438513278961182,0.9725050330162048,1.0
1989,0.0,0.0,,,0.0020081086549907923,0.028400199487805367,0.019899290055036545,0.1483721137046814,0.0
1990,1.0,1.0,,,0.9905872344970703,0.9902586936950684,0.2562811076641083,0.534650444984436,1.0
1991,1.0,1.0,0.0,,0.9877708554267883,0.9891941547393799,0.10375049710273743,0.10213255882263184,1.0
1992,1.0,1.0,,,0.9921877384185791,0.999056339263916,0.47416165471076965,0.30585557222366333,1.0
1993,1.0,1.0,,,0.9917934536933899,0.988068699836731,0.002668843138962984,0.1959405243396759,4.0
1994,1.0,1.0,,,0.9903714060783386,0.9637232422828674,0.42734041810035706,0.9845268726348877,1.0
1995,1.0,1.0,0.0,,0.6960445642471313,0.9979078769683838,0.9681404829025269,0.6628351211547852,1.0
1996,0.0,0.0,0.0,,0.0016698646359145641,0.025456758216023445,0.001684001530520618,0.10554371774196625,0.0
1997,1.0,1.0,0.0,,0.9952593445777893,0.9969738721847534,0.9408085346221924,0.6027061939239502,1.0
1998,1.0,1.0,,,0.9570645093917847,0.9987285137176514,0.9808361530303955,0.7933310866355896,4.0
1999,0.0,1.0,,,0.32623881101608276,0.9757072329521179,0.4596104919910431,0.37874674797058105,0.0
2000,1.0,1.0,,,0.9833841323852539,0.999946117401123,0.9500489234924316,0.857215166091919,1.0
2001,0.0,1.0,0.0,,0.9255222082138062,0.9721052646636963,0.027840105816721916,0.3194591701030731,4.0
2002,,1.0,,,0.9992464184761047,0.9971044063568115,0.2966572344303131,0.41352567076683044,0.0
2003,1.0,1.0,,,0.9325230717658997,0.9994329214096069,0.4754185676574707,0.26533323526382446,1.0
2004,1.0,1.0,,,0.9258652925491333,0.9685567021369934,0.06972476840019226,0.22149382531642914,1.0
2005,0.0,0.0,,,0.0012455922551453114,0.08215296268463135,0.0022122072987258434,0.11752055585384369,2.0
2006,1.0,1.0,,,0.9991979598999023,0.9998645186424255,0.9928498268127441,0.9624645113945007,4.0
2007,0.0,0.0,,,0.0040579368360340595,0.03450959920883179,0.0029830574057996273,0.14240725338459015,4.0
2008,1.0,1.0,0.0,,0.991126537322998,0.9999409914016724,0.8864195346832275,0.2897437810897827,1.0
2009,0.0,0.0,0.0,,0.0018076447304338217,0.019675878807902336,0.0013110082363709807,0.08349479734897614,2.0
2010,0.0,0.0,0.0,,0.3857620656490326,0.6036693453788757,0.02066703885793686,0.2060612142086029,2.0
2011,0.0,0.0,0.0,,0.447174072265625,0.5341371297836304,0.018972247838974,0.24138164520263672,0.0
2012,1.0,1.0,1.0,,0.5687610507011414,0.9931744933128357,0.8371504545211792,0.5901413559913635,2.0
2013,0.0,0.0,,,0.0019149433355778456,0.02194167859852314,0.0015727713471278548,0.12945294380187988,0.0
2014,0.0,0.0,0.0,,0.014309339225292206,0.047394007444381714,0.002066232729703188,0.052835747599601746,1.0
2015,0.0,0.0,0.0,0.0,0.012738646008074284,0.46224385499954224,0.05755758285522461,0.3006315231323242,2.0
2016,0.0,0.0,,,0.002562030917033553,0.019120484590530396,0.001852037268690765,0.11089491844177246,4.0
2017,0.0,0.0,,,0.0012336381478235126,0.017845353111624718,0.00113524473272264,0.08209371566772461,2.0
2018,0.0,0.0,,,0.0020242396276444197,0.049046993255615234,0.005763865541666746,0.07822660356760025,3.0
2019,0.0,0.0,0.0,,0.0031783331651240587,0.018250633031129837,0.0012743169208988547,0.033015742897987366,1.0
2020,,1.0,,,0.9973930716514587,0.9991239905357361,0.9013913869857788,0.5046232342720032,0.0
2021,1.0,1.0,,,0.9945341944694519,0.9962653517723083,0.3917124569416046,0.6847547888755798,2.0
2022,0.0,0.0,,,0.0058052013628184795,0.04725690186023712,0.017803560942411423,0.08559152483940125,3.0
2023,0.0,1.0,1.0,,0.3389880061149597,0.9881683588027954,0.13221147656440735,0.3247295618057251,2.0
2024,1.0,1.0,0.0,,0.9414727687835693,0.9935951232910156,0.022216685116291046,0.22724628448486328,0.0
2025,0.0,1.0,1.0,,0.553301990032196,0.9929634928703308,0.9596633315086365,0.9727970957756042,1.0
2026,0.0,0.0,0.0,,0.0049393572844564915,0.12959405779838562,0.002654681447893381,0.08168040215969086,2.0
2027,0.0,0.0,0.0,,0.0032331058755517006,0.01799088343977928,0.00272581959143281,0.1226261705160141,4.0
2028,1.0,1.0,0.0,,0.9975324273109436,0.996538519859314,0.0069111245684325695,0.22288861870765686,1.0
2029,0.0,0.0,0.0,,0.0031423321925103664,0.03359466418623924,0.0023593830410391092,0.07713261246681213,3.0
2030,1.0,1.0,0.0,,0.9956895112991333,0.9965916275978088,0.008230630308389664,0.17095980048179626,3.0
2031,0.0,0.0,,,0.0018341562245041132,0.03340756520628929,0.0043418677523732185,0.07978805899620056,3.0
2032,1.0,1.0,,,0.9844821691513062,0.9994125366210938,0.8895442485809326,0.9787386655807495,1.0
2033,1.0,1.0,,,0.9958869218826294,0.9972927570343018,0.03340928256511688,0.2730862498283386,0.0
2034,0.0,0.0,,,0.0063364277593791485,0.02605358511209488,0.0022226390428841114,0.12243634462356567,4.0
2035,1.0,1.0,,,0.9896227121353149,0.972564160823822,0.30073559284210205,0.4467182159423828,1.0
2036,1.0,1.0,,,0.9960204362869263,0.9911496043205261,0.0015443318989127874,0.17413093149662018,2.0
2037,1.0,1.0,,,0.9971386194229126,0.9939218759536743,0.02105807512998581,0.22629114985466003,2.0
2038,1.0,1.0,,,0.5588338971138,0.7768171429634094,0.968819797039032,0.637683629989624,4.0
2039,0.0,1.0,1.0,1.0,0.8177577257156372,0.9950221180915833,0.9529879093170166,0.5414869785308838,2.0
2040,1.0,1.0,,,0.9917062520980835,0.9934245347976685,0.007267691660672426,0.32652547955513,0.0
2041,0.0,0.0,,,0.0025783211458474398,0.019520822912454605,0.0011800626525655389,0.08653852343559265,4.0
2042,0.0,0.0,,,0.0037223361432552338,0.023655159398913383,0.0013531054137274623,0.14349454641342163,0.0
2043,1.0,1.0,,,0.9912211894989014,0.9970914125442505,0.0052800714038312435,0.39823755621910095,0.0
2044,1.0,1.0,,,0.9309848546981812,0.9997028708457947,0.9860439300537109,0.6678390502929688,0.0
2045,1.0,1.0,0.0,,0.8191410303115845,0.9979180693626404,0.9407578110694885,0.876971423625946,3.0
2046,1.0,,,,0.9945692420005798,0.9988912343978882,0.8085508346557617,0.7389979362487793,4.0
2047,,1.0,,,0.9878747463226318,0.9889165163040161,0.005598924588412046,0.1535869687795639,4.0
2048,0.0,0.0,,,0.005791708827018738,0.028628094121813774,0.02494889125227928,0.05598640441894531,1.0
2049,0.0,0.0,0.0,,0.0029080070089548826,0.06414761394262314,0.001267041778191924,0.10937771946191788,4.0
2050,1.0,1.0,0.0,,0.9936969876289368,0.9897027611732483,0.002276990097016096,0.048888832330703735,1.0
2051,0.0,0.0,,,0.4417594075202942,0.6013491749763489,0.935301661491394,0.6650564670562744,4.0
2052,0.0,0.0,,,0.0020660890731960535,0.02058754861354828,0.001381418900564313,0.11118094623088837,0.0
2053,1.0,1.0,0.0,,0.9935420751571655,0.9997829794883728,0.9650377035140991,0.9227824211120605,4.0
2054,1.0,1.0,,,0.9907336235046387,0.9945884346961975,0.053114306181669235,0.23290559649467468,0.0
2055,1.0,1.0,,,0.9854947924613953,0.9891504049301147,0.0032936339266598225,0.3401963710784912,0.0
2056,0.0,1.0,1.0,,0.06041981279850006,0.986175000667572,0.9601703882217407,0.8248382806777954,4.0
2057,1.0,1.0,,,0.7816070318222046,0.9023508429527283,0.011766410432755947,0.06640717387199402,1.0
2058,1.0,1.0,0.0,,0.9930915832519531,0.990363359451294,0.002500985050573945,0.1744288206100464,2.0
2059,1.0,1.0,1.0,,0.6960665583610535,0.999083936214447,0.9502736330032349,0.8807421922683716,3.0
2060,1.0,1.0,1.0,,0.9280145168304443,0.9991342425346375,0.9555111527442932,0.864910900592804,3.0
2061,0.0,0.0,,,0.001389659708365798,0.017519883811473846,0.0016954430611804128,0.10637715458869934,4.0
2062,1.0,1.0,,,0.9740565419197083,0.999151349067688,0.9723309278488159,0.9413481950759888,4.0
2063,1.0,1.0,,,0.018301784992218018,0.1565423458814621,0.041435569524765015,0.11911199986934662,0.0
2064,0.0,0.0,,,0.03404264897108078,0.17488884925842285,0.003986789379268885,0.1999044269323349,2.0
2065,,0.0,,,0.0027464302256703377,0.021631192415952682,0.00753016397356987,0.10432667285203934,4.0
2066,1.0,1.0,,,0.9894658923149109,0.9960646033287048,0.1550409495830536,0.4986608922481537,3.0
2067,0.0,0.0,,,0.004425752907991409,0.3923218548297882,0.005504895932972431,0.15984708070755005,3.0
2068,0.0,0.0,0.0,,0.002509050304070115,0.03016439639031887,0.0007285827305167913,0.08934380114078522,4.0
2069,1.0,1.0,1.0,,0.9583306312561035,0.9955569505691528,0.048543523997068405,0.4923318326473236,1.0
2070,0.0,0.0,0.0,,0.008357238955795765,0.02305017225444317,0.010537669062614441,0.045675791800022125,1.0
2071,1.0,1.0,1.0,,0.9945710301399231,0.9989500045776367,0.9790726900100708,0.6943188905715942,3.0
2072,1.0,1.0,0.0,,0.9918095469474792,0.969399631023407,0.1719917505979538,0.9725074768066406,1.0
2073,1.0,1.0,0.0,,0.992558479309082,0.9951400756835938,0.007622107397764921,0.10027243196964264,1.0
2074,1.0,1.0,1.0,1.0,0.9967864751815796,0.998696506023407,0.9907949566841125,0.6593028903007507,4.0
2075,1.0,1.0,0.0,0.0,0.9868139028549194,0.9899446964263916,0.001795655582100153,0.1626710444688797,2.0
2076,0.0,0.0,,,0.0026504017878323793,0.019395800307393074,0.002127335174009204,0.11995954811573029,4.0
2077,0.0,0.0,0.0,0.0,0.0016234534559771419,0.11678414046764374,0.00915906485170126,0.09401965886354446,2.0
2078,1.0,1.0,1.0,,0.4668339192867279,0.9977186918258667,0.9955646991729736,0.5671660304069519,0.0
2079,1.0,1.0,1.0,,0.9805558919906616,0.9992815852165222,0.9159259796142578,0.6229816675186157,2.0
2080,1.0,1.0,0.0,0.0,0.9960206151008606,0.9949385523796082,0.02224494144320488,0.08063545823097229,3.0
2081,1.0,1.0,0.0,,0.9094465970993042,0.9972968101501465,0.6538711190223694,0.8430455327033997,3.0
2082,1.0,1.0,0.0,,0.888491153717041,0.9992251992225647,0.7000955939292908,0.8839470148086548,0.0
2083,1.0,1.0,,,0.9934602379798889,0.9956321716308594,0.015115398913621902,0.2266000509262085,0.0
2084,0.0,0.0,0.0,,0.002459796844050288,0.01718840003013611,0.002171245636418462,0.057359322905540466,1.0
2085,0.0,1.0,,,0.28242194652557373,0.9957137703895569,0.9321237206459045,0.6081469655036926,2.0
2086,0.0,0.0,,,0.001538565382361412,0.020852718502283096,0.0005806147237308323,0.09254688769578934,0.0
2087,1.0,1.0,,,0.9929717779159546,0.9892275929450989,0.002486851066350937,0.066416896879673,1.0
2088,0.0,0.0,0.0,,0.006854001432657242,0.02836061641573906,0.0034616002812981606,0.21694615483283997,4.0
2089,1.0,1.0,0.0,,0.9950878024101257,0.9915105104446411,0.002037138445302844,0.2126912772655487,2.0
2090,0.0,0.0,,,0.007937775924801826,0.07164549082517624,0.02728942781686783,0.14738841354846954,0.0
2091,1.0,1.0,1.0,,0.9930339455604553,0.9995343089103699,0.9937723278999329,0.9844407439231873,4.0
2092,0.0,0.0,0.0,,0.00140024081338197,0.014172793366014957,0.0014192241942510009,0.11659131199121475,2.0
2093,1.0,0.0,,,0.0025223412085324526,0.040556490421295166,0.0018678982742130756,0.16308379173278809,3.0
2094,1.0,1.0,,,0.9918817281723022,0.9953629374504089,0.07948026061058044,0.19121672213077545,3.0
2095,1.0,1.0,0.0,,0.9889308214187622,0.9115411639213562,0.10206954926252365,0.2516525387763977,1.0
2096,1.0,1.0,,,0.9993637800216675,0.9990161061286926,0.9311744570732117,0.8648983836174011,3.0
2097,0.0,0.0,0.0,,0.006629505194723606,0.04478200152516365,0.013490954414010048,0.14476314187049866,0.0
2098,1.0,1.0,1.0,,0.9982408881187439,0.9947539567947388,0.7155783176422119,0.9673007726669312,0.0
2099,0.0,0.0,,,0.001944670919328928,0.01661037467420101,0.04230867698788643,0.07698660343885422,1.0
2100,1.0,1.0,,,0.994428813457489,0.9941307306289673,0.006284796632826328,0.10272987931966782,3.0
2101,0.0,0.0,0.0,,0.0011223041219636798,0.021229561418294907,0.0010921728098765016,0.12482648342847824,2.0
2102,1.0,1.0,0.0,,0.986781120300293,0.9421345591545105,0.40505751967430115,0.9412153363227844,0.0
2103,1.0,1.0,1.0,,0.9978312253952026,0.9975994229316711,0.07673528045415878,0.449058473110199,2.0
2104,1.0,1.0,1.0,,0.9950733184814453,0.992727518081665,0.5666983723640442,0.9847670197486877,1.0
2105,0.0,0.0,,,0.004717004019767046,0.03455779701471329,0.0030962775927037,0.11505775898694992,0.0
2106,0.0,1.0,,,0.002610654104501009,0.013881293125450611,0.0035520291421562433,0.05609537661075592,1.0
2107,1.0,1.0,,,0.9922826886177063,0.9890123605728149,0.007754200138151646,0.14308354258537292,4.0
2108,0.0,0.0,,,0.001763773849233985,0.07829973846673965,0.0011354184243828058,0.1084972620010376,1.0
2109,1.0,1.0,0.0,,0.0020704157650470734,0.15454423427581787,0.001972819212824106,0.2255641222000122,2.0
2110,0.0,0.0,0.0,,0.0021748607978224754,0.024421317502856255,0.001150671043433249,0.07272185385227203,3.0
2111,0.0,0.0,0.0,0.0,0.01705612801015377,0.14831027388572693,0.019787194207310677,0.4219931960105896,3.0
2112,1.0,1.0,,,0.9369710683822632,0.9737411141395569,0.0032647778280079365,0.1436501443386078,4.0
2113,1.0,1.0,,,0.890873908996582,0.757403552532196,0.002762291580438614,0.1805851310491562,3.0
2114,1.0,1.0,0.0,,0.9964005947113037,0.9958188533782959,0.5902590751647949,0.9667133688926697,1.0
2115,1.0,1.0,0.0,,0.9992656707763672,0.9985552430152893,0.7571183443069458,0.7791627049446106,3.0
2116,1.0,1.0,,,0.9792764782905579,0.9996331930160522,0.6064317226409912,0.47817736864089966,2.0
2117,0.0,0.0,0.0,,0.0016763661988079548,0.018552115187048912,0.00277208024635911,0.05023413151502609,1.0
2118,1.0,1.0,,,0.0071862186305224895,0.33153554797172546,0.006524236872792244,0.11423245072364807,0.0
2119,1.0,1.0,,,0.9618616104125977,0.99830162525177,0.9694607853889465,0.5524485111236572,0.0
2120,0.0,0.0,0.0,,0.0009624733356758952,0.017444878816604614,0.016745086759328842,0.0820784866809845,2.0
2121,1.0,1.0,0.0,0.0,0.9840279817581177,0.9105795621871948,0.10141715407371521,0.26763737201690674,0.0
2122,1.0,1.0,0.0,,0.9621274471282959,0.9824297428131104,0.014194274321198463,0.1930530071258545,3.0
2123,0.0,0.0,0.0,,0.0034033400006592274,0.02298949845135212,0.0011015605414286256,0.25076013803482056,4.0
2124,0.0,1.0,0.0,,0.7685999870300293,0.9962175488471985,0.9637136459350586,0.9642541408538818,1.0
2125,0.0,0.0,,,0.7720578908920288,0.8336113691329956,0.9668051600456238,0.6283485293388367,3.0
2126,0.0,0.0,,,0.0013441862538456917,0.10101813822984695,0.001120629021897912,0.17549970746040344,2.0
2127,0.0,1.0,0.0,,0.00294010853394866,0.1428321897983551,0.0013251649215817451,0.15851575136184692,0.0
2128,0.0,0.0,0.0,,0.0008782609365880489,0.015929579734802246,0.0010378392180427909,0.0687284767627716,2.0
2129,1.0,1.0,,,0.9991182088851929,0.9987541437149048,0.8145632147789001,0.7160412073135376,3.0
2130,0.0,0.0,,,0.002072148025035858,0.02119388058781624,0.06617919355630875,0.1227608174085617,3.0
2131,0.0,0.0,,,0.004932906478643417,0.06567911803722382,0.002017306163907051,0.1197521984577179,4.0
2132,0.0,0.0,,,0.002200611401349306,0.057512205094099045,0.00615223404020071,0.08888746798038483,2.0
2133,1.0,1.0,,,0.9490373134613037,0.9912629127502441,0.07965228706598282,0.13194186985492706,4.0
2134,0.0,0.0,0.0,,0.0035948781296610832,0.03715528920292854,0.002415117109194398,0.10787089169025421,2.0
2135,0.0,0.0,0.0,,0.003765464061871171,0.019007457420229912,0.004378233104944229,0.11410104483366013,4.0
2136,1.0,1.0,0.0,,0.9662351608276367,0.9948312640190125,0.06984127312898636,0.4621520936489105,3.0
2137,0.0,0.0,,,0.0029433839954435825,0.023564044386148453,0.001900434261187911,0.12556608021259308,0.0
2138,1.0,1.0,1.0,,0.9985992908477783,0.9963600635528564,0.9635298252105713,0.6538137793540955,1.0
2139,1.0,1.0,1.0,,0.009765556082129478,0.24137529730796814,0.046775590628385544,0.13188402354717255,4.0
2140,0.0,0.0,0.0,,0.004718167707324028,0.05042122304439545,0.004306438844650984,0.07370107620954514,3.0
2141,0.0,0.0,0.0,,0.002558715408667922,0.040740564465522766,0.0016383577603846788,0.09504722058773041,3.0
2142,0.0,0.0,,,0.006983512081205845,0.02004344016313553,0.003741150489076972,0.04912569746375084,1.0
2143,0.0,0.0,,,0.7687531113624573,0.6246466040611267,0.0015802704729139805,0.06281246244907379,1.0
2144,1.0,1.0,,,0.9786798357963562,0.9529053568840027,0.8170395493507385,0.6881934404373169,4.0
2145,0.0,0.0,0.0,,0.004266568925231695,0.04788798838853836,0.020760370418429375,0.1858442723751068,0.0
2146,0.0,0.0,0.0,,0.0023497717920690775,0.023843761533498764,0.0010021458147093654,0.10686013102531433,4.0
2147,0.0,0.0,,,0.005206199362874031,0.027095219120383263,0.0022025711368769407,0.09632892161607742,3.0
2148,0.0,0.0,,,0.0018589996034279466,0.017442848533391953,0.0016841660253703594,0.05643760412931442,1.0
2149,1.0,1.0,,,0.8627763986587524,0.9862709045410156,0.17739121615886688,0.10455304384231567,2.0
2150,0.0,1.0,,,0.34593185782432556,0.9972831606864929,0.9474245309829712,0.5940647721290588,1.0
2151,1.0,1.0,0.0,,0.9915896654129028,0.9968060255050659,0.05139458552002907,0.35783472657203674,1.0
2152,0.0,0.0,,,0.001769841299392283,0.01665779948234558,0.002564744558185339,0.13309386372566223,2.0
2153,0.0,0.0,,,0.00346905249170959,0.0191597118973732,0.028178002685308456,0.045611243695020676,1.0
2154,0.0,0.0,,,0.0009947777725756168,0.020628497004508972,0.004242872353643179,0.06568548083305359,2.0
2155,1.0,1.0,1.0,,0.9886496067047119,0.9988665580749512,0.7352073192596436,0.8665046691894531,2.0
2156,1.0,1.0,1.0,,0.9930792450904846,0.9994274973869324,0.697289764881134,0.873354971408844,2.0
2157,0.0,0.0,0.0,,0.0030475761741399765,0.03554696589708328,0.0013979198411107063,0.16577363014221191,3.0
2158,1.0,1.0,1.0,,0.3477293848991394,0.9975413680076599,0.9601195454597473,0.9463385343551636,4.0
2159,0.0,0.0,,,0.0014567344915121794,0.02822139672935009,0.0011535584926605225,0.1419471949338913,0.0
2160,0.0,0.0,,,0.0009828006150200963,0.018594319000840187,0.0013234794605523348,0.0709676444530487,2.0
2161,0.0,0.0,,,0.001983113121241331,0.04220119118690491,0.0007863998180255294,0.07657996565103531,0.0
2162,1.0,0.0,,,0.0017594784731045365,0.026706863194704056,0.0005531184142455459,0.03360076621174812,2.0
2163,0.0,0.0,0.0,,0.01381467655301094,0.14725691080093384,0.005514783784747124,0.4957413077354431,4.0
2164,1.0,1.0,,,0.997704803943634,0.997876763343811,0.866880476474762,0.7655474543571472,2.0
2165,0.0,0.0,,,0.004124968312680721,0.027435598894953728,0.001994200050830841,0.13845841586589813,4.0
2166,0.0,0.0,,,0.0024598506279289722,0.020701073110103607,0.0009918329305946827,0.10821288079023361,4.0
2167,0.0,0.0,,,0.0029018698260188103,0.033752474933862686,0.17915014922618866,0.5289068222045898,2.0
2168,0.0,0.0,,,0.0018634467851370573,0.02836248092353344,0.0012751058675348759,0.43974608182907104,0.0
2169,1.0,1.0,,,0.9471346735954285,0.9997138381004333,0.8379724025726318,0.3919990062713623,4.0
2170,0.0,0.0,,,0.003966185264289379,0.11019830405712128,0.004291323944926262,0.140895277261734,4.0
2171,1.0,1.0,0.0,,0.9915964007377625,0.9873533844947815,0.0032274092081934214,0.05625888332724571,1.0
2172,1.0,1.0,1.0,,0.9981513023376465,0.9998120069503784,0.9374394416809082,0.20879508554935455,1.0
2173,0.0,0.0,0.0,,0.003476138925179839,0.2860769033432007,0.012689909897744656,0.12826606631278992,2.0
2174,1.0,1.0,0.0,,0.9928395748138428,0.9979843497276306,0.2452009618282318,0.4078465402126312,1.0
2175,0.0,0.0,0.0,,0.003995511680841446,0.039755672216415405,0.08085086941719055,0.11968650668859482,2.0
2176,1.0,1.0,1.0,,0.9995580911636353,0.9978578090667725,0.8107651472091675,0.623544454574585,4.0
2177,1.0,1.0,,,0.9975639581680298,0.9990650415420532,0.913336455821991,0.9753991365432739,1.0
2178,1.0,1.0,,,0.9979537725448608,0.9912558197975159,0.6855967044830322,0.9284050464630127,1.0
2179,0.0,1.0,,,0.45259058475494385,0.9963177442550659,0.6495527625083923,0.4070930778980255,0.0
2180,1.0,1.0,0.0,1.0,0.9985048770904541,0.9972336888313293,0.7394105195999146,0.9510325193405151,4.0
2181,1.0,1.0,1.0,,0.8716623783111572,0.8736555576324463,0.0055181425996124744,0.09094692766666412,2.0
2182,1.0,1.0,,,0.8854371309280396,0.9935817718505859,0.006765678059309721,0.1869802474975586,4.0
2183,1.0,1.0,,,0.9664471745491028,0.9997430443763733,0.9489411115646362,0.8579185605049133,3.0
2184,0.0,0.0,,,0.0019395039416849613,0.01813725009560585,0.0011292921844869852,0.11057645082473755,4.0
2185,0.0,0.0,,,0.0021923440508544445,0.027821462601423264,0.00097277871100232,0.0829290822148323,0.0
2186,0.0,0.0,0.0,,0.0030520064756274223,0.02400270849466324,0.005058448761701584,0.09501195698976517,3.0
2187,1.0,1.0,0.0,,0.8812060356140137,0.9651957750320435,0.05873152241110802,0.18699246644973755,1.0
2188,0.0,1.0,,,0.15727192163467407,0.9747333526611328,0.9405272006988525,0.5179091095924377,2.0
2189,0.0,0.0,,,0.002424804959446192,0.02678656205534935,0.0007885223021730781,0.16011275351047516,0.0
2190,0.0,0.0,,,0.00793449953198433,0.07759525626897812,0.0020365214440971613,0.07196212559938431,0.0
2191,1.0,1.0,,,0.6665397882461548,0.6069275140762329,0.03267303481698036,0.10952050983905792,1.0
2192,1.0,1.0,,,0.9906947016716003,0.9882118105888367,0.0017947100568562746,0.1896091103553772,4.0
2193,1.0,1.0,,,0.2350887954235077,0.9819194078445435,0.9378171563148499,0.5079182386398315,2.0
2194,1.0,1.0,,,0.9601638317108154,0.9994884729385376,0.8827194571495056,0.722104012966156,3.0
2195,0.0,0.0,,,0.002573652658611536,0.022399168461561203,0.04501135274767876,0.10338325053453445,1.0
2196,1.0,1.0,0.0,,0.8222805261611938,0.9076490998268127,0.0032986123114824295,0.0568000003695488,1.0
2197,1.0,1.0,0.0,,0.9168446660041809,0.9791922569274902,0.010112339630723,0.19506968557834625,1.0
2198,0.0,0.0,,,0.01722358912229538,0.047760237008333206,0.0048751519061625,0.12253855913877487,4.0
2199,0.0,0.0,0.0,0.0,0.002700558863580227,0.04490233212709427,0.0118507519364357,0.08299374580383301,3.0
2200,0.0,1.0,1.0,1.0,0.0314018540084362,0.9934552907943726,0.7690551280975342,0.48354679346084595,2.0
2201,0.0,1.0,1.0,1.0,0.06989535689353943,0.9981478452682495,0.9728269577026367,0.7337970733642578,2.0
2202,1.0,1.0,0.0,,0.9866668581962585,0.9894994497299194,0.012668485753238201,0.40268445014953613,4.0
2203,0.0,0.0,,,0.0019791522063314915,0.018074363470077515,0.0011992098297923803,0.05268299579620361,1.0
2204,0.0,0.0,,,0.002100866986438632,0.020505793392658234,0.020480116829276085,0.08064767718315125,1.0
2205,0.0,0.0,0.0,,0.003407767042517662,0.039946988224983215,0.0031029051169753075,0.194867804646492,2.0
2206,1.0,1.0,0.0,,0.009714767336845398,0.3095792829990387,0.007840375415980816,0.09433194994926453,3.0
2207,0.0,0.0,,,0.0040729413740336895,0.026861470192670822,0.0041051628068089485,0.09657812118530273,4.0
2208,1.0,1.0,0.0,,0.998357892036438,0.9969460368156433,0.7022705078125,0.9642645120620728,3.0
2209,0.0,0.0,0.0,,0.003014086280018091,0.03999035805463791,0.001886385609395802,0.12681043148040771,0.0
2210,1.0,1.0,0.0,,0.9935415983200073,0.9960301518440247,0.007059344556182623,0.07453867048025131,1.0
2211,1.0,1.0,1.0,,0.9932961463928223,0.9974082708358765,0.9010828733444214,0.5967318415641785,3.0
2212,0.0,0.0,0.0,0.0,0.0025359883438795805,0.01721186377108097,0.001171231851913035,0.031674645841121674,1.0
2213,0.0,0.0,,,0.003371516242623329,0.04611935839056969,0.017156360670924187,0.12690097093582153,0.0
2214,1.0,1.0,,,0.9905809164047241,0.991654098033905,0.0012421169085428119,0.18843726813793182,4.0
2215,1.0,1.0,,,0.9845568537712097,0.9894508123397827,0.004998776130378246,0.16139547526836395,4.0
2216,1.0,1.0,,,0.9970172643661499,0.9780675172805786,0.1890614628791809,0.9718277454376221,2.0
2217,1.0,1.0,1.0,1.0,0.9993149638175964,0.9994492530822754,0.9607681632041931,0.6979252696037292,0.0
2218,0.0,0.0,0.0,0.0,0.002706182887777686,0.015374411828815937,0.0008266728254966438,0.029642656445503235,1.0
2219,0.0,0.0,0.0,,0.0030244742520153522,0.03320780396461487,0.0045484318397939205,0.1814955174922943,0.0
2220,0.0,0.0,,,0.006882030982524157,0.11914350092411041,0.002087797736749053,0.16571380198001862,0.0
2221,1.0,1.0,1.0,,0.9963353276252747,0.9997743368148804,0.8815159797668457,0.7865619659423828,2.0
2222,1.0,1.0,0.0,,0.9990648031234741,0.9989632964134216,0.8344283699989319,0.9374310970306396,1.0
2223,0.0,0.0,0.0,0.0,0.006347159389406443,0.11846304684877396,0.0066619026474654675,0.057778339833021164,3.0
2224,1.0,1.0,0.0,,0.9965061545372009,0.9986617565155029,0.9911878108978271,0.5914245843887329,3.0
2225,0.0,0.0,,,0.010571066290140152,0.11765442788600922,0.001459292834624648,0.0947437658905983,3.0
2226,1.0,1.0,,,0.941108763217926,0.9997099041938782,0.801865816116333,0.4372226595878601,4.0
2227,1.0,1.0,,,0.0025978924240916967,0.016780449077486992,0.0031513592693954706,0.048571206629276276,1.0
2228,1.0,1.0,1.0,1.0,0.9995022416114807,0.9976819753646851,0.9168246984481812,0.9532048106193542,4.0
2229,1.0,1.0,0.0,,0.9881436824798584,0.9889552593231201,0.003930623643100262,0.29105985164642334,4.0
2230,0.0,0.0,,,0.0050683715380728245,0.17818769812583923,0.015109498053789139,0.3771587312221527,3.0
2231,1.0,1.0,1.0,1.0,0.9384923577308655,0.9950907826423645,0.009983042255043983,0.18119341135025024,3.0
2232,0.0,0.0,,,0.002877210034057498,0.02005098946392536,0.0016205437714233994,0.10177962481975555,4.0
2233,1.0,1.0,,,0.9978953003883362,0.9974707961082458,0.013811256736516953,0.2993604242801666,0.0
2234,0.0,0.0,,,0.009718096815049648,0.1029445007443428,0.0015725379344075918,0.08439156413078308,4.0
2235,1.0,1.0,0.0,,0.996264636516571,0.997826337814331,0.20121833682060242,0.30821216106414795,2.0
2236,0.0,0.0,,,0.003012334229424596,0.10597482323646545,0.006181253120303154,0.04786604642868042,2.0
2237,1.0,1.0,0.0,1.0,0.7469227313995361,0.7986078858375549,0.08072669804096222,0.3452472984790802,3.0
2238,0.0,0.0,,,0.00570876058191061,0.05911845713853836,0.0022252195049077272,0.11588077992200851,0.0
2239,0.0,0.0,,,0.00513721676543355,0.031010404229164124,0.015821922570466995,0.07836171984672546,4.0
2240,0.0,0.0,,,0.0019039660692214966,0.019260788336396217,0.0016571294981986284,0.09859246015548706,4.0
2241,0.0,0.0,0.0,,0.0017896087374538183,0.03514431416988373,0.0008781555807217956,0.12269410490989685,3.0
2242,0.0,0.0,,,0.0019974226597696543,0.017944127321243286,0.0016658080276101828,0.1263241469860077,0.0
2243,1.0,,,,0.9162809252738953,0.9981592893600464,0.9870712757110596,0.600521445274353,4.0
2244,1.0,1.0,1.0,1.0,0.9972749352455139,0.9959997534751892,0.03914624825119972,0.16371466219425201,3.0
2245,1.0,1.0,0.0,,0.9991379976272583,0.9988273978233337,0.797710120677948,0.7387365102767944,3.0
2246,0.0,0.0,,,0.7252314686775208,0.6606211066246033,0.007490216754376888,0.10530231893062592,1.0
2247,0.0,0.0,,,0.002088146284222603,0.020748933777213097,0.0012491776142269373,0.07205097377300262,3.0
2248,1.0,1.0,0.0,,0.9989747405052185,0.9989532232284546,0.9178479313850403,0.7525166273117065,3.0
2249,0.0,0.0,,,0.004994135815650225,0.025612201541662216,0.0009853612864390016,0.07434280961751938,4.0
2250,0.0,0.0,0.0,,0.04611499607563019,0.042138244956731796,0.020780136808753014,0.45197129249572754,1.0
2251,0.0,0.0,0.0,,0.03359853848814964,0.09767187386751175,0.00685607036575675,0.04840753227472305,1.0
2252,0.0,1.0,1.0,0.0,0.4276250898838043,0.9958660006523132,0.9869762659072876,0.5125844478607178,0.0
2253,0.0,0.0,0.0,,0.0009483873727731407,0.014128709211945534,0.0009428185294382274,0.09056374430656433,2.0
2254,0.0,0.0,0.0,,0.0015087246429175138,0.021237008273601532,0.0017741966294124722,0.0725519135594368,2.0
2255,1.0,1.0,1.0,1.0,0.5771653056144714,0.9987748861312866,0.9414629936218262,0.5703368186950684,2.0
2256,0.0,1.0,,,0.24808306992053986,0.9892492294311523,0.9167640209197998,0.952173113822937,0.0
2257,0.0,0.0,0.0,,0.0024990802630782127,0.04614298790693283,0.006592349149286747,0.12208446860313416,0.0
2258,0.0,1.0,1.0,,0.04900866746902466,0.9522377252578735,0.1535613238811493,0.4018556773662567,2.0
2259,0.0,0.0,,,0.004466168116778135,0.1586645096540451,0.0018145274370908737,0.09960314631462097,0.0
2260,1.0,1.0,,,0.9693182706832886,0.9998024106025696,0.8547024726867676,0.6636060476303101,3.0
2261,1.0,1.0,,,0.9833029508590698,0.9995042681694031,0.4781317710876465,0.48783138394355774,4.0
2262,1.0,1.0,,,0.9979822039604187,0.9995100498199463,0.8408043384552002,0.6020010709762573,3.0
2263,1.0,1.0,0.0,,0.9992662668228149,0.9985987544059753,0.6502807140350342,0.9596655964851379,4.0
2264,0.0,0.0,,,0.03417454659938812,0.08632820844650269,0.008334691636264324,0.21437273919582367,0.0
2265,0.0,0.0,,,0.0010614630300551653,0.017562374472618103,0.0010620702523738146,0.07345208525657654,2.0
2266,1.0,1.0,,,0.9903374314308167,0.9693167209625244,0.48461073637008667,0.9833865165710449,1.0
2267,0.0,0.0,,,0.0010144031839445233,0.015525417402386665,0.0019153864122927189,0.0887528657913208,2.0
2268,0.0,0.0,,,0.0014155642129480839,0.01781362295150757,0.004693698137998581,0.1395752727985382,2.0
2269,1.0,1.0,,,0.9243636131286621,0.9936437606811523,0.048895206302404404,0.2224949598312378,1.0
2270,0.0,0.0,,,0.0033022405114024878,0.03251291438937187,0.0037230001762509346,0.20487187802791595,4.0
2271,0.0,0.0,,,0.0027554945554584265,0.0231093131005764,0.0008630701922811568,0.07318064570426941,4.0
2272,0.0,1.0,,,0.9361194372177124,0.9986246228218079,0.6945869326591492,0.910851776599884,1.0
2273,0.0,0.0,,,0.0038497168570756912,0.01990373805165291,0.0008196539711207151,0.07096809893846512,4.0
2274,1.0,1.0,,,0.9991554021835327,0.9991779923439026,0.01214258000254631,0.46340641379356384,2.0
2275,0.0,0.0,,,0.001855882117524743,0.024977853521704674,0.0009152768761850893,0.10029732435941696,0.0
2276,0.0,1.0,1.0,1.0,0.5125595927238464,0.9979113936424255,0.9906727075576782,0.7001911401748657,0.0
2277,0.0,0.0,,,0.0016693900106474757,0.03342102840542793,0.001280284021049738,0.0877625122666359,2.0
2278,0.0,0.0,,,0.001878225477412343,0.1381548047065735,0.0009531801915727556,0.09189958870410919,0.0
2279,1.0,,,,0.9875845313072205,0.9938772916793823,0.02555055357515812,0.18553459644317627,2.0
2280,1.0,1.0,1.0,,0.39047563076019287,0.9989290237426758,0.7355637550354004,0.4270419776439667,0.0
2281,1.0,1.0,,,0.9709517955780029,0.9998610019683838,0.8615752458572388,0.6430063843727112,3.0
2282,0.0,0.0,,,0.0009620068012736738,0.016261739656329155,0.000985782127827406,0.09168170392513275,2.0
2283,1.0,1.0,1.0,,0.9961857199668884,0.9979064464569092,0.9758804440498352,0.7724218368530273,2.0
2284,1.0,1.0,,,0.9799454212188721,0.9772530794143677,0.002729926723986864,0.04814159497618675,2.0
2285,1.0,1.0,0.0,,0.9970883727073669,0.9985998868942261,0.8844391703605652,0.5861287117004395,3.0
2286,1.0,1.0,,,0.9915437698364258,0.9944666028022766,0.02434184029698372,0.2659926116466522,0.0
2287,0.0,0.0,0.0,,0.002100451849400997,0.012994851917028427,0.001631743274629116,0.06612301617860794,1.0
2288,0.0,0.0,0.0,,0.006265862379223108,0.14710213243961334,0.014484336599707603,0.14556726813316345,4.0
