,True_FPV,True_ATV,True_IDV,True_LPV,True_NFV,True_SQV,True_TPV,True_DRV,Pred_Proba_FPV,Pred_Proba_ATV,Pred_Proba_IDV,Pred_Proba_LPV,Pred_Proba_NFV,Pred_Proba_SQV,Pred_Proba_TPV,Pred_Proba_DRV,kFolds
0,0.0,,0.0,,1.0,0.0,,,0.0028302560094743967,0.25481724739074707,0.01693236455321312,4.286277180653997e-05,0.9926124811172485,0.07222962379455566,0.01534976251423359,0.0003296992799732834,3.0
1,0.0,,0.0,,1.0,0.0,,,0.0678446963429451,0.18680340051651,0.24938800930976868,0.0005281820776872337,0.9955084323883057,0.08182155340909958,0.015587192960083485,0.00020477459474932402,4.0
2,1.0,,0.0,,0.0,0.0,,,0.25275108218193054,0.023446636274456978,0.25729790329933167,0.05275125429034233,0.3273031711578369,0.030818715691566467,0.2714955806732178,0.007353538181632757,1.0
3,1.0,,1.0,,1.0,0.0,,,0.7881211042404175,0.6214842796325684,0.9422684907913208,0.507341206073761,0.9684715867042542,0.6804131865501404,0.6546024084091187,0.03465864062309265,2.0
4,1.0,,1.0,,1.0,1.0,,,0.719235360622406,0.9799260497093201,0.9419651031494141,0.3030163645744324,0.9996659755706787,0.9956456422805786,0.41500532627105713,0.0451534241437912,4.0
5,1.0,,1.0,,1.0,1.0,,,0.9419591426849365,0.9800993204116821,0.9949135184288025,0.6474765539169312,0.9998365044593811,0.9985576868057251,0.2927549481391907,0.08632242679595947,2.0
6,0.0,,1.0,,1.0,1.0,,,0.1731470227241516,0.8917181491851807,0.7787396311759949,0.0181155726313591,0.9991350769996643,0.9885119199752808,0.015738915652036667,0.0003314269124530256,2.0
7,0.0,,0.0,,0.0,0.0,,,0.0010003893403336406,0.12414950132369995,0.0030851620249450207,3.292561450507492e-05,0.46394529938697815,0.0007456977618858218,0.013232757337391376,0.0003298588562756777,3.0
8,0.0,,0.0,,1.0,0.0,,,0.0012928862124681473,0.26910337805747986,0.41821348667144775,0.00024049231433309615,0.35870665311813354,0.007032560650259256,0.014748281799256802,0.00035869894782081246,1.0
9,0.0,,0.0,,1.0,0.0,,,0.012860527262091637,0.413334459066391,0.5373378992080688,0.00011295552394585684,0.8089259266853333,0.016663186252117157,0.013867750763893127,0.0003375103697180748,3.0
10,0.0,,1.0,,1.0,0.0,,,0.002166911493986845,0.748207151889801,0.22452926635742188,0.0015369500033557415,0.9831243753433228,0.023864971473813057,0.03322046250104904,0.00036605235072784126,2.0
11,0.0,,0.0,,1.0,0.0,,,0.004173129331320524,0.24272744357585907,0.7051280736923218,0.0003269912558607757,0.8016190528869629,0.013456029817461967,0.015373537316918373,0.00025119882775470614,4.0
12,0.0,,0.0,,0.0,0.0,,,0.0008789341081865132,0.0008755209855735302,0.001942272181622684,0.00013256169040687382,0.012507050298154354,0.0003717683139257133,0.026261817663908005,0.00043859941069968045,2.0
13,0.0,,0.0,,0.0,0.0,,,0.0009743841364979744,0.0009019257267937064,0.0010489176493138075,0.0001510983711341396,0.0120511744171381,0.0003727841249201447,0.01391640305519104,0.0004527031851466745,1.0
14,0.0,,0.0,,0.0,0.0,,,0.0007041687495075166,0.0004718279233202338,0.0010678824037313461,9.599875193089247e-05,0.017262475565075874,0.00025749311316758394,0.013561655767261982,0.00040839429129846394,2.0
15,0.0,0.0,0.0,,0.0,,,,0.0014795963652431965,0.002938617253676057,0.001490976894274354,0.00039154995465651155,0.0035785550717264414,0.00024665333330631256,0.010577581822872162,0.00045367039274424314,2.0
16,0.0,1.0,0.0,,0.0,,,,0.013433047570288181,0.8351221680641174,0.0009558619931340218,0.003959626890718937,0.008865097537636757,0.001106117619201541,0.013629212975502014,0.0011414552573114634,4.0
17,0.0,0.0,0.0,,0.0,,,,0.0019128514686599374,0.0070779589004814625,0.0037211126182228327,0.00041010184213519096,0.0040826196782290936,0.000339953345246613,0.011252601630985737,0.0005438043735921383,2.0
18,0.0,1.0,0.0,,0.0,,,,0.009430276229977608,0.9373050928115845,0.00249037379398942,0.0022056621965020895,0.003184929257258773,0.0012557056033983827,0.01791141927242279,0.0009644289966672659,0.0
19,0.0,0.0,0.0,,0.0,,,,0.003293306101113558,0.0023142346180975437,0.0005855880444869399,0.0001107696007238701,0.00425391411408782,0.00019745902682188898,0.009364785626530647,0.00032221348374150693,4.0
20,0.0,0.0,0.0,,0.0,,,,0.02664922922849655,0.9618532061576843,0.0006679851794615388,0.0029444110114127398,0.00853035505861044,0.0013503452064469457,0.01564876176416874,0.0019281256245449185,1.0
21,0.0,0.0,0.0,,0.0,,,,0.0025005380157381296,0.0044474354945123196,0.0016890123952180147,0.00015456497203558683,0.0057074399664998055,0.0003405265451874584,0.009970106184482574,0.0003655569162219763,4.0
22,0.0,1.0,0.0,,0.0,,,,0.010910370387136936,0.8766381144523621,0.002098354045301676,0.004917423240840435,0.00956808403134346,0.0014810896245762706,0.013385949656367302,0.0013799138832837343,4.0
23,0.0,0.0,0.0,,0.0,,,,0.008166986517608166,0.006036470178514719,0.0013851453550159931,0.0005296561284922063,0.00603459682315588,0.0004946209955960512,0.011022762395441532,0.00048210646491497755,1.0
24,0.0,1.0,0.0,,0.0,,,,0.007769652642309666,0.8533420562744141,0.0005332769942469895,0.0003865178441628814,0.01206066645681858,0.0009340938413515687,0.019482728093862534,0.0015285423723980784,3.0
25,0.0,0.0,0.0,,0.0,,,,0.002533162944018841,0.006272539496421814,0.002343650907278061,0.0003028735227417201,0.003494733013212681,0.000582211883738637,0.005777289625257254,0.00018542578618507832,0.0
26,0.0,1.0,0.0,,0.0,,,,0.01749274507164955,0.8770199418067932,0.003314731875434518,0.0036605808418244123,0.0055581992492079735,0.0012074128026142716,0.0075042531825602055,0.0025951601564884186,2.0
27,0.0,,1.0,0.0,1.0,1.0,,,0.08332932740449905,0.8259314894676208,0.39525270462036133,0.002203697804361582,0.9977611303329468,0.9860869646072388,0.010597115382552147,0.00024052367371041328,3.0
28,1.0,,1.0,0.0,1.0,0.0,,,0.41857463121414185,0.7432845234870911,0.908953070640564,0.5690439939498901,0.8344103097915649,0.42530742287635803,0.7951112985610962,0.009219125844538212,3.0
29,0.0,,0.0,0.0,1.0,0.0,,,0.2739335596561432,0.0801905021071434,0.04466894268989563,0.0008374747121706605,0.046829260885715485,0.18898266553878784,0.2955852150917053,0.0006639774073846638,0.0
30,0.0,,0.0,0.0,1.0,0.0,,,0.018369849771261215,0.007023685611784458,0.08443693071603775,0.0006907338974997401,0.9894056916236877,0.016425399109721184,0.011973243206739426,0.00024377275258302689,1.0
31,1.0,,0.0,0.0,0.0,0.0,,,0.018657002598047256,0.17792518436908722,0.001236282056197524,0.3405265212059021,0.262835830450058,0.0021583237685263157,0.020540770143270493,0.05872184410691261,2.0
32,0.0,,0.0,0.0,0.0,0.0,,,0.036328986287117004,0.0009583955979906023,0.12194588780403137,0.002038479782640934,0.8651659488677979,0.0059772878885269165,0.018464049324393272,0.00023444210819434375,1.0
33,0.0,,0.0,0.0,1.0,1.0,,,0.515051007270813,0.6613591909408569,0.91419917345047,0.00029927463037893176,0.9771513938903809,0.9760550260543823,0.12426017969846725,0.0005682611372321844,3.0
34,1.0,,1.0,0.0,1.0,1.0,,,0.8903682827949524,0.9741336107254028,0.9598773121833801,0.4957600235939026,0.9997905492782593,0.9917967915534973,0.408559113740921,0.0168671365827322,4.0
35,1.0,,1.0,1.0,1.0,1.0,,,0.6996658444404602,0.989888072013855,0.999553382396698,0.7935669422149658,0.9998430013656616,0.8770335912704468,0.3411114811897278,0.026299498975276947,4.0
36,1.0,,1.0,1.0,1.0,1.0,,,0.9877025485038757,0.9991189241409302,0.9994540810585022,0.6170604228973389,0.9994937777519226,0.9988535046577454,0.46658533811569214,0.16411206126213074,3.0
37,1.0,,1.0,1.0,1.0,1.0,,,0.6120798587799072,0.9949213266372681,0.9983656406402588,0.9977561831474304,0.9999511241912842,0.9997676014900208,0.06715677678585052,0.0075326235964894295,1.0
38,0.0,,0.0,0.0,0.0,0.0,,,0.004306158050894737,0.00047230671043507755,0.000794616702478379,0.00026260747108608484,0.03588458150625229,0.00030389821040444076,0.014537867158651352,0.00016907848475966603,3.0
39,1.0,,1.0,0.0,1.0,1.0,,,0.894710123538971,0.8779693841934204,0.7640483975410461,0.5840497612953186,0.979347825050354,0.5472780466079712,0.1657705456018448,0.003724891459569335,1.0
40,1.0,,0.0,1.0,0.0,0.0,,,0.9890751242637634,0.03817977011203766,0.011164232157170773,0.7158101201057434,0.567784309387207,0.00529362540692091,0.038261450827121735,0.3279910981655121,3.0
41,1.0,,0.0,1.0,1.0,0.0,,,0.9400752186775208,0.13859227299690247,0.4351222813129425,0.8950284123420715,0.4691191017627716,0.10241758823394775,0.06396330147981644,0.4080570936203003,2.0
42,1.0,,0.0,0.0,0.0,0.0,,,0.30236145853996277,0.03805835545063019,0.00544331967830658,0.01335887424647808,0.048129286617040634,0.030556580051779747,0.2700995206832886,0.007229425944387913,3.0
43,1.0,,0.0,1.0,1.0,0.0,,,0.9936186075210571,0.0425943061709404,0.37737056612968445,0.6789529919624329,0.19006989896297455,0.18348181247711182,0.017114480957388878,0.2523134648799896,0.0
44,0.0,,0.0,,0.0,0.0,,,0.0006443174206651747,0.03174828737974167,0.0023849026765674353,0.0002450754400342703,0.3475949466228485,0.0006456924602389336,0.014118622057139874,0.0002822391106747091,0.0
45,0.0,,0.0,,1.0,0.0,,,0.0012510805390775204,0.2729872465133667,0.4287826716899872,0.00022239347163122147,0.4079165458679199,0.006678793579339981,0.015292423777282238,0.00034578621853142977,1.0
46,0.0,,0.0,,1.0,0.0,,,0.0036515395622700453,0.2238958775997162,0.6782909631729126,0.0002955662494059652,0.8058293461799622,0.01177737582474947,0.01641017571091652,0.0002692854905035347,4.0
47,0.0,,1.0,,1.0,0.0,,,0.002814661944285035,0.8391710519790649,0.21081791818141937,0.00046523349010385573,0.9638332724571228,0.04259447753429413,0.02434331364929676,0.00035389873664826155,3.0
48,0.0,,1.0,,1.0,0.0,,,0.007933007553219795,0.5968394875526428,0.39902758598327637,0.004142572171986103,0.987751305103302,0.018369551748037338,0.025605712085962296,0.00023422716185450554,0.0
49,0.0,,0.0,,0.0,0.0,,,0.001810224144719541,0.0020904350094497204,0.0013445097720250487,0.00015008299669716507,0.018700748682022095,0.0007533322786912322,0.016157906502485275,0.0002171011728933081,0.0
50,0.0,,0.0,,0.0,0.0,,,0.0009064261103048921,0.0008927815360948443,0.0004930574796162546,5.7707751693669707e-05,0.017536839470267296,0.00021951692178845406,0.01290871948003769,0.0002889455936383456,4.0
51,0.0,,0.0,,0.0,0.0,,,0.0014796084724366665,0.0009508826769888401,0.0011848867870867252,9.672994201537222e-05,0.02211068570613861,0.0003086815995629877,0.010028287768363953,0.0001977010688278824,0.0
52,0.0,0.0,0.0,0.0,0.0,0.0,,,0.0008646576316095889,0.006232568994164467,0.0004794976266566664,3.0727285775355995e-05,0.028041884303092957,0.00032613222720101476,0.007447495590895414,0.000139767857035622,3.0
53,0.0,0.0,0.0,0.0,1.0,0.0,,,0.0035577379167079926,0.23911342024803162,0.23770320415496826,0.0011001318925991654,0.09232731908559799,0.0022788464557379484,0.03102835826575756,0.0002527101314626634,1.0
54,,0.0,,0.0,,0.0,,0.0,0.050804536789655685,0.03517115116119385,0.029192781075835228,0.0006366258603520691,0.032648369669914246,0.098921999335289,0.019623512402176857,0.0010422463528811932,2.0
55,,0.0,,0.0,,0.0,,0.0,0.022219475358724594,0.010824669152498245,0.0026828257832676172,0.002062753774225712,0.04348929971456528,0.0019255953375250101,0.02226400375366211,0.0004868704127147794,3.0
56,,0.0,,0.0,,0.0,,0.0,0.006075605750083923,0.0027273851446807384,0.09195064753293991,0.004462196491658688,0.10287503898143768,0.018070951104164124,0.012702913023531437,0.00033954918035306036,0.0
57,,0.0,,0.0,,1.0,,0.0,0.1429898738861084,0.15817712247371674,0.05918525159358978,0.01838817074894905,0.7854673266410828,0.000698574585840106,0.023454837501049042,0.00043513684067875147,3.0
58,,0.0,,0.0,,0.0,,0.0,0.08638457953929901,0.01937500201165676,0.07732594758272171,0.13577140867710114,0.05476304143667221,0.05256310850381851,0.04129965230822563,0.0018882743315771222,2.0
59,0.0,0.0,0.0,0.0,0.0,0.0,0.0,0.0,0.0010180562967434525,0.00035393296275287867,0.0004605571157298982,0.00013296888209879398,0.006844516843557358,0.00031889695674180984,0.01102192047983408,0.00023874030739534646,1.0
60,1.0,1.0,1.0,1.0,1.0,1.0,1.0,0.0,0.9038586020469666,0.9997599720954895,0.9998582601547241,0.9991360306739807,0.9999734163284302,0.995910108089447,0.5926042795181274,0.06620502471923828,3.0
61,0.0,1.0,1.0,0.0,1.0,1.0,,,0.3499657213687897,0.9337247014045715,0.6653868556022644,0.18170176446437836,0.9942789077758789,0.559125542640686,0.05103059485554695,0.0033911927603185177,3.0
62,1.0,1.0,1.0,1.0,1.0,1.0,1.0,0.0,0.995532214641571,0.9996703267097473,0.9997527003288269,0.8638651371002197,0.9993879199028015,0.6239246129989624,0.9952471852302551,0.9457195997238159,3.0
63,1.0,,1.0,,1.0,1.0,,,0.9442150592803955,0.9919744729995728,0.9978162050247192,0.998516321182251,0.9999685287475586,0.9982287287712097,0.5278570652008057,0.1309945434331894,1.0
64,,,0.0,0.0,1.0,0.0,,,0.0014396177139133215,0.23878894746303558,0.049570970237255096,0.0003208681591786444,0.9949442148208618,0.1251542866230011,0.018584653735160828,0.00043062010081484914,4.0
65,0.0,0.0,0.0,0.0,0.0,0.0,0.0,0.0,0.001068631885573268,0.0014234889531508088,0.0009180817287415266,0.0007464843220077455,0.15032504498958588,0.00032487540738657117,0.062388110905885696,0.00018463097512722015,1.0
66,1.0,1.0,1.0,1.0,1.0,1.0,,,0.9922400116920471,0.9993013739585876,0.9995099306106567,0.4685281217098236,0.9998927712440491,0.9959315061569214,0.6560487747192383,0.2986169755458832,3.0
67,0.0,0.0,0.0,0.0,0.0,0.0,0.0,0.0,0.0010796133428812027,0.00045364140532910824,0.0010265809250995517,0.00031931098783388734,0.03767771273851395,0.0004326649650465697,0.04606569930911064,0.00019267023890279233,0.0
68,0.0,0.0,0.0,0.0,0.0,0.0,0.0,0.0,0.0019486731616780162,0.0007113089668564498,0.0005976572283543646,3.9650461985729635e-05,0.011797862127423286,0.00039133892278186977,0.008053310215473175,8.278888708446175e-05,3.0
69,0.0,0.0,0.0,0.0,0.0,0.0,0.0,0.0,0.0008869072189554572,0.0004578972002491355,0.0007800934836268425,7.03151963534765e-05,0.011087913066148758,0.0003348700702190399,0.002996198832988739,0.00017808917618822306,0.0
70,1.0,1.0,1.0,1.0,1.0,0.0,1.0,0.0,0.9825886487960815,0.9853869676589966,0.9995551109313965,0.8964071273803711,0.9764128923416138,0.024544911459088326,0.7348705530166626,0.5940486192703247,0.0
71,0.0,0.0,0.0,0.0,0.0,0.0,0.0,0.0,0.0007441028719767928,0.0008421235834248364,0.0005850789020769298,0.00012421519204508513,0.2048628330230713,0.0006523155607283115,0.028551727533340454,0.0002624665794428438,1.0
72,0.0,0.0,0.0,0.0,0.0,0.0,,,0.0003771755436901003,0.00031096479506231844,0.00044231413630768657,0.0001080698348232545,0.006027700379490852,0.0003020656877197325,0.009146789088845253,0.00018080534937325865,2.0
73,1.0,1.0,1.0,1.0,1.0,1.0,,,0.6637097597122192,0.9917246699333191,0.9982102513313293,0.9987387657165527,0.9997825622558594,0.9977816939353943,0.4111131727695465,0.022776318714022636,0.0
74,1.0,,1.0,1.0,1.0,,1.0,1.0,0.9760618805885315,0.9982352256774902,0.9958340525627136,0.9942886829376221,0.9940452575683594,0.9807423949241638,0.25412964820861816,0.14213569462299347,3.0
75,1.0,,1.0,0.0,1.0,1.0,,,0.6053786277770996,0.9967079162597656,0.9342781901359558,0.2528752386569977,0.9991989135742188,0.9951097369194031,0.4877181053161621,0.029497403651475906,3.0
76,1.0,1.0,1.0,1.0,1.0,1.0,1.0,0.0,0.9918107390403748,0.9996256232261658,0.9990682601928711,0.7487071752548218,0.9999710321426392,0.9972071647644043,0.7760168313980103,0.3649386465549469,0.0
77,1.0,1.0,1.0,1.0,1.0,1.0,1.0,1.0,0.999923586845398,0.9997206926345825,0.9999517798423767,0.9996169805526733,0.999872624874115,0.4992809593677521,0.9032185673713684,0.8859045505523682,3.0
78,1.0,1.0,1.0,1.0,1.0,1.0,1.0,1.0,0.9995526671409607,0.9996066093444824,0.9996369481086731,0.9996273517608643,0.9998632669448853,0.9967814683914185,0.9666489362716675,0.798784613609314,1.0
79,0.0,0.0,0.0,0.0,0.0,0.0,0.0,0.0,0.0011099870316684246,0.00038174702785909176,0.0007213581702671945,4.261402864358388e-05,0.006719041150063276,0.00018602734780870378,0.011305321007966995,0.00010714621748775244,3.0
80,0.0,,0.0,0.0,0.0,0.0,,,0.0010391599498689175,0.0006320817046798766,0.0009847647743299603,4.381559119792655e-05,0.01630094274878502,0.0003128265670966357,0.019639134407043457,0.00013882550410926342,3.0
81,0.0,0.0,0.0,0.0,0.0,0.0,0.0,0.0,0.0005973670049570501,0.0005267541273497045,0.0007731647929176688,9.770227916305885e-05,0.003664587391540408,0.0002685783547349274,0.016537051647901535,0.00040019070729613304,2.0
82,1.0,1.0,1.0,1.0,1.0,1.0,1.0,1.0,0.994489848613739,0.9999460577964783,0.9965825080871582,0.9941681623458862,0.9999427795410156,0.9974496364593506,0.9012103080749512,0.6067616939544678,3.0
83,0.0,0.0,0.0,0.0,0.0,0.0,0.0,0.0,0.0006873920792713761,0.00038976132054813206,0.0003317092778161168,0.00020275583665352315,0.0067144944332540035,0.00039093883242458105,0.01226041465997696,0.00047836682642810047,1.0
84,1.0,1.0,1.0,1.0,1.0,1.0,1.0,,0.9996545314788818,0.9998182654380798,0.9998757839202881,0.9843627214431763,0.9999842643737793,0.9998535513877869,0.9549293518066406,0.6804821491241455,0.0
85,0.0,0.0,0.0,0.0,0.0,0.0,0.0,0.0,0.001082158531062305,0.0012988534290343523,0.0010085784597322345,2.98960385407554e-05,0.008702915161848068,0.00017937947995960712,0.006231991108506918,9.182377834804356e-05,3.0
86,0.0,1.0,0.0,0.0,1.0,1.0,0.0,0.0,0.6311134099960327,0.9069387912750244,0.495566189289093,0.006340028718113899,0.9923960566520691,0.586701512336731,0.036289941519498825,0.0008069969480857253,2.0
87,1.0,1.0,0.0,0.0,1.0,1.0,0.0,0.0,0.31563615798950195,0.9239130020141602,0.7118476033210754,0.05350978299975395,0.9971345067024231,0.9589381217956543,0.18911179900169373,0.045351795852184296,1.0
88,1.0,1.0,1.0,1.0,1.0,1.0,1.0,1.0,0.9989338517189026,0.9995890259742737,0.9987141489982605,0.8730719089508057,0.9999313354492188,0.9995560050010681,0.9964609146118164,0.8437328338623047,2.0
89,1.0,1.0,1.0,0.0,1.0,1.0,1.0,,0.8475692868232727,0.9571592211723328,0.9801212549209595,0.31364020705223083,0.9998885989189148,0.9136987328529358,0.23297441005706787,0.005381715018302202,4.0
90,0.0,0.0,0.0,0.0,0.0,0.0,0.0,0.0,0.0008119962876662612,0.0004468427214305848,0.0003507928049657494,3.736550934263505e-05,0.00937972404062748,0.00012669226271100342,0.00489082932472229,8.11598074506037e-05,3.0
91,,0.0,0.0,0.0,0.0,,0.0,0.0,0.0008578065317124128,0.0028968495316803455,0.0005293817375786602,0.0004497144545894116,0.0052614714950323105,0.00024876894894987345,0.008700056932866573,0.00024583347840234637,1.0
92,1.0,1.0,1.0,1.0,1.0,1.0,1.0,0.0,0.99942946434021,0.9995847940444946,0.9998902678489685,0.9986663460731506,0.9996638894081116,0.9994465112686157,0.4252093434333801,0.6138642430305481,3.0
93,0.0,0.0,0.0,0.0,0.0,0.0,0.0,0.0,0.0005950137856416404,0.0002693583082873374,5.8647856349125504e-05,3.089581514359452e-05,0.009584338404238224,0.00016381836030632257,0.0069426121190190315,0.00023020296066533774,4.0
94,1.0,,1.0,1.0,1.0,1.0,,,0.9930686950683594,0.9999327659606934,0.9998229742050171,0.9998425245285034,0.9999598860740662,0.9962614178657532,0.6611716747283936,0.650729775428772,3.0
95,0.0,,0.0,,0.0,0.0,,,0.0013948805863037705,0.0012936879647895694,0.0003749431052710861,8.3875835116487e-05,0.016622401773929596,0.00035917520290240645,0.027616988867521286,0.0003504802007228136,4.0
96,1.0,1.0,1.0,1.0,1.0,1.0,,,0.9953199028968811,0.9992108345031738,0.9962362051010132,0.9960824847221375,0.9999216794967651,0.9966467022895813,0.8947767019271851,0.09320607036352158,0.0
97,0.0,,0.0,0.0,0.0,0.0,,,0.005676310509443283,0.002211754908785224,0.0007535298937000334,4.3625299440464005e-05,0.00919527281075716,0.00043775615631602705,0.03132154792547226,0.000505156465806067,3.0
98,0.0,1.0,1.0,1.0,1.0,1.0,0.0,0.0,0.9331036806106567,0.9901573657989502,0.9998580813407898,0.9888447523117065,0.9999089241027832,0.8700703382492065,0.44139185547828674,0.001359255868010223,4.0
99,1.0,1.0,1.0,1.0,1.0,1.0,0.0,0.0,0.6657980680465698,0.9994807839393616,0.9991809129714966,0.9960417747497559,0.9997615814208984,0.7721906304359436,0.1481669396162033,0.01718265935778618,1.0
100,0.0,0.0,0.0,0.0,0.0,0.0,,,0.0011533118085935712,0.000463101954665035,0.0004059446509927511,7.390796963591129e-05,0.010119901970028877,0.00045501062413677573,0.0036902381107211113,0.00013848124945070595,0.0
101,0.0,1.0,1.0,0.0,1.0,0.0,1.0,0.0,0.7879034280776978,0.9626396894454956,0.9657609462738037,0.5426666736602783,0.9642661809921265,0.1016528531908989,0.16912218928337097,0.010500894859433174,2.0
102,1.0,1.0,1.0,1.0,1.0,1.0,1.0,1.0,0.9996139407157898,0.9999529123306274,0.9998518228530884,0.9975700378417969,0.9998745918273926,0.9998859167098999,0.9651080369949341,0.9972414970397949,3.0
103,1.0,1.0,1.0,0.0,1.0,0.0,1.0,0.0,0.9251793026924133,0.9506365656852722,0.9185939431190491,0.2527713179588318,0.9808850884437561,0.9316555857658386,0.7793523073196411,0.0713728740811348,4.0
104,0.0,0.0,0.0,0.0,0.0,0.0,0.0,0.0,0.0008957141544669867,0.0003183258231729269,0.0004064764070790261,4.1152517951559275e-05,0.0059733702801167965,0.0002468379680067301,0.01321118138730526,7.671038474654779e-05,3.0
105,1.0,1.0,1.0,1.0,1.0,1.0,,,0.9998200535774231,0.9985191226005554,0.9992077350616455,0.994393527507782,0.9998382329940796,0.9991735816001892,0.9194979667663574,0.5011366605758667,1.0
106,0.0,0.0,0.0,0.0,0.0,0.0,0.0,0.0,0.0029251461382955313,0.0010021667694672942,0.0002918400859925896,2.653052069945261e-05,0.007705735974013805,0.0002892874472308904,0.01417509838938713,0.00015934888506308198,3.0
107,1.0,,1.0,1.0,1.0,1.0,,,0.8109666109085083,0.9986302256584167,0.9998204708099365,0.9988948702812195,0.9999699592590332,0.9768555164337158,0.4856240451335907,0.02959124930202961,2.0
108,0.0,0.0,0.0,0.0,0.0,0.0,0.0,0.0,0.0009356040973216295,0.0003117635496892035,0.0004623567801900208,3.257088610553183e-05,0.005490557756274939,0.00013214661157689989,0.007302635814994574,8.744177466724068e-05,3.0
109,0.0,0.0,0.0,0.0,0.0,0.0,0.0,0.0,0.0008707990637049079,0.0006055964040569961,0.0005120547721162438,9.421598952030763e-05,0.014822998084127903,0.0003651775186881423,0.002153302077203989,0.00015356925723608583,0.0
110,0.0,,0.0,,0.0,0.0,,,0.0014653149992227554,0.003057170193642378,0.0013846831861883402,4.27532140747644e-05,0.012373697012662888,0.0007266018656082451,0.01810557208955288,0.00035816157469525933,3.0
111,0.0,,0.0,0.0,0.0,0.0,,,0.0010809599189087749,0.0004544146067928523,0.0007513899472542107,9.91776178125292e-05,0.04430115967988968,0.00023317881277762353,0.008145530708134174,0.00012502963363658637,0.0
112,0.0,,0.0,0.0,0.0,0.0,,,0.0004344570334069431,0.00023527027224190533,0.0006970605463720858,0.0001159692692453973,0.00654525775462389,0.0002687353699002415,0.012542026117444038,0.0002629003138281405,2.0
113,,,0.0,,0.0,0.0,,,0.0007750779041089118,0.0019432696281000972,0.0009665219113230705,0.0003206570982001722,0.04995589330792427,0.000553141871932894,0.043224990367889404,0.0006059842417016625,2.0
114,1.0,1.0,1.0,1.0,1.0,1.0,,0.0,0.9942150712013245,0.9998612999916077,0.9997847080230713,0.9964997172355652,0.9999486804008484,0.9997221231460571,0.9919922947883606,0.6827539801597595,4.0
115,0.0,0.0,0.0,0.0,0.0,0.0,0.0,0.0,0.0023530242033302784,0.0004569774027913809,0.003502702107653022,0.00022205944696906954,0.09632231295108795,0.00018712313612923026,0.007067224010825157,0.00019705206796061248,1.0
116,1.0,1.0,1.0,1.0,1.0,1.0,,,0.932483971118927,0.9989838600158691,0.999756395816803,0.99833083152771,0.9990483522415161,0.998407244682312,0.7364499568939209,0.28207603096961975,4.0
117,1.0,1.0,1.0,1.0,1.0,1.0,0.0,0.0,0.7795944213867188,0.9987443685531616,0.9998400211334229,0.9989790320396423,0.9999104142189026,0.9985508322715759,0.022839589044451714,0.022660143673419952,3.0
118,0.0,1.0,1.0,0.0,1.0,1.0,1.0,0.0,0.853680431842804,0.9876915216445923,0.9970325231552124,0.6580687761306763,0.9992438554763794,0.7617875337600708,0.6998124122619629,0.0036415078211575747,0.0
119,0.0,1.0,1.0,0.0,1.0,1.0,0.0,0.0,0.11987406015396118,0.9668949842453003,0.9729766845703125,0.019041109830141068,0.9997630715370178,0.9712812900543213,0.06942636519670486,0.00036350180744193494,4.0
120,1.0,1.0,1.0,1.0,1.0,1.0,1.0,1.0,0.9998879432678223,0.9995648860931396,0.9971482753753662,0.9985899925231934,0.9998867511749268,0.1372719407081604,0.9881076812744141,0.8593832850456238,0.0
121,0.0,1.0,1.0,0.0,1.0,0.0,1.0,0.0,0.04842023923993111,0.8815355896949768,0.36808645725250244,0.004187169950455427,0.9987627863883972,0.5121656060218811,0.3916833698749542,0.0004425531078595668,1.0
122,1.0,,1.0,1.0,1.0,1.0,,,0.10998860746622086,0.9979060292243958,0.9982739686965942,0.9975554943084717,0.9992761015892029,0.9699411988258362,0.14748796820640564,0.030224578455090523,4.0
123,1.0,,1.0,1.0,1.0,1.0,,,0.7473766207695007,0.9961362481117249,0.998974084854126,0.9976922273635864,0.9997060298919678,0.9768866300582886,0.1884046345949173,0.045479752123355865,1.0
124,1.0,1.0,,1.0,1.0,1.0,1.0,0.0,0.9651888012886047,0.9979120492935181,0.9993863105773926,0.9902220964431763,0.999855637550354,0.9687749147415161,0.35698890686035156,0.1306922286748886,0.0
125,0.0,0.0,0.0,0.0,0.0,0.0,0.0,0.0,0.012723451480269432,0.0024822985287755728,0.0017439580988138914,5.787610280094668e-05,0.016313619911670685,0.0014144033193588257,0.023739196360111237,0.00017165781173389405,3.0
126,0.0,0.0,0.0,0.0,0.0,0.0,0.0,0.0,0.00030582171166315675,0.00018746433488558978,0.00067026203032583,8.159165008692071e-05,0.0044569275341928005,0.0001998697844101116,0.004323158413171768,0.00022228278976399451,2.0
127,1.0,1.0,1.0,1.0,1.0,1.0,,,0.9978495836257935,0.9723281860351562,0.9987723231315613,0.8012357354164124,0.9988268613815308,0.9956579208374023,0.11968174576759338,0.027075016871094704,4.0
128,0.0,0.0,0.0,0.0,0.0,0.0,0.0,0.0,0.0010810716776177287,0.0017549475887790322,0.000965639017522335,0.0002456486690789461,0.012017467990517616,0.0010200445540249348,0.01127901766449213,0.00015968595107551664,0.0
129,0.0,0.0,0.0,0.0,0.0,0.0,0.0,,0.00032433384330943227,0.00019141992379445583,0.00048761776997707784,0.00010242546704830602,0.0113592017441988,0.00024008413311094046,0.006943076848983765,0.00015837285900488496,2.0
130,0.0,,0.0,0.0,0.0,0.0,,,0.0008329290430992842,0.0014322225470095873,0.0003604983212426305,6.357942766044289e-05,0.015819119289517403,0.00046259682858362794,0.03391162306070328,0.00046859035501256585,4.0
131,1.0,1.0,1.0,0.0,1.0,1.0,0.0,0.0,0.572198748588562,0.9945666790008545,0.7526410818099976,0.941652238368988,0.9998767375946045,0.8785527348518372,0.5984634160995483,0.022570164874196053,2.0
132,0.0,,0.0,0.0,0.0,0.0,,,0.0012124048080295324,0.0005342516233213246,0.0010123695246875286,3.837300755549222e-05,0.0077967410907149315,0.00021661410573869944,0.03307632729411125,0.00045966971083544195,3.0
133,1.0,1.0,1.0,1.0,1.0,1.0,1.0,1.0,0.9997900724411011,0.9999102354049683,0.9999080896377563,0.9998222589492798,0.999965250492096,0.9778975248336792,0.9366400241851807,0.9286245703697205,3.0
134,1.0,,1.0,1.0,1.0,1.0,,,0.9456824064254761,0.9930378198623657,0.9994188547134399,0.9995983839035034,0.9999395608901978,0.9490351676940918,0.16165897250175476,0.03305951878428459,0.0
135,,,1.0,,,,1.0,1.0,0.994548499584198,0.9956004619598389,0.8747225999832153,0.9984776973724365,0.9993196129798889,0.9943844676017761,0.8120798468589783,0.984237551689148,0.0
136,0.0,0.0,0.0,0.0,0.0,0.0,0.0,0.0,0.00033659403561614454,0.00020508040324784815,0.0004802546463906765,0.00011051170440623537,0.005037836264818907,0.00024651354760862887,0.005873320624232292,0.00016636104555800557,2.0
137,0.0,0.0,0.0,0.0,0.0,0.0,0.0,0.0,0.0007402341580018401,0.0005877469666302204,0.0003284225531388074,3.115248910035007e-05,0.005099190864712,0.0003361358540132642,0.01980534940958023,7.450122211594135e-05,3.0
138,1.0,1.0,1.0,1.0,1.0,1.0,1.0,0.0,0.9949377775192261,0.999826192855835,0.9998189210891724,0.9832174777984619,0.9999183416366577,0.9998316764831543,0.8700785040855408,0.49679887294769287,2.0
139,1.0,1.0,1.0,1.0,1.0,1.0,0.0,0.0,0.8625308871269226,0.9992977380752563,0.9994076490402222,0.9978514909744263,0.9998264312744141,0.9989858269691467,0.19474339485168457,0.06469357758760452,2.0
140,1.0,1.0,1.0,1.0,1.0,1.0,1.0,1.0,0.9974811673164368,0.999495267868042,0.996861457824707,0.9989704489707947,0.9997853636741638,0.9390261173248291,0.9893956184387207,0.7234758734703064,2.0
141,1.0,1.0,0.0,0.0,1.0,1.0,0.0,0.0,0.8704176545143127,0.9821655750274658,0.9417493343353271,0.17917953431606293,0.9984574913978577,0.9922699928283691,0.3462599515914917,0.11080794781446457,1.0
142,0.0,0.0,0.0,0.0,0.0,0.0,0.0,0.0,0.0003752523916773498,0.00043138416367582977,0.0013647490413859487,0.00011112434003734961,0.010798439383506775,0.0008083562715910375,0.01479442697018385,0.00017055061471182853,2.0
143,1.0,1.0,1.0,1.0,1.0,1.0,0.0,,0.4368359446525574,0.9987096190452576,0.9960825443267822,0.9983034133911133,0.9998006820678711,0.2566255033016205,0.6052558422088623,0.046817876398563385,3.0
144,0.0,0.0,0.0,0.0,0.0,0.0,0.0,0.0,0.0010652875062078238,0.0004064516688231379,0.00034733375650830567,3.962932532886043e-05,0.008212926797568798,0.00023432627494912595,0.008009987883269787,0.00012503552716225386,3.0
145,1.0,1.0,1.0,1.0,1.0,1.0,1.0,1.0,0.9999740123748779,0.9999655485153198,0.9998766779899597,0.9876499772071838,0.9995464086532593,0.9375462532043457,0.9743127822875977,0.9925607442855835,3.0
146,1.0,,1.0,1.0,1.0,,,,0.9980993270874023,0.9991446733474731,0.9995238184928894,0.9987165331840515,0.9994503259658813,0.9998551607131958,0.7841694951057434,0.3223766088485718,4.0
147,0.0,1.0,0.0,0.0,0.0,0.0,1.0,0.0,0.38422533869743347,0.00926177203655243,0.16714514791965485,0.0002998650015797466,0.32167184352874756,0.055487629026174545,0.15100768208503723,0.0018767351284623146,2.0
148,,,0.0,0.0,0.0,0.0,,,0.0004421065968926996,0.0004386198124848306,0.0008669287199154496,0.00033093258389271796,0.010503221303224564,0.0002903406275436282,0.017145518213510513,0.0003605786769185215,2.0
149,0.0,0.0,,0.0,0.0,0.0,,,0.003951256163418293,0.001386525807902217,0.0005559001583606005,0.0005564799648709595,0.15509465336799622,0.001010297448374331,0.008346140384674072,0.0001763793989084661,0.0
150,1.0,1.0,,1.0,1.0,1.0,,,0.9971815943717957,0.9920753240585327,0.9997386336326599,0.9956532716751099,0.9996938109397888,0.9706772565841675,0.15299777686595917,0.8732959032058716,2.0
151,1.0,1.0,,0.0,1.0,1.0,,,0.9449779391288757,0.9997670650482178,0.994112491607666,0.8117648363113403,0.9997556805610657,0.9907433390617371,0.15898053348064423,0.3998454213142395,2.0
152,1.0,1.0,1.0,1.0,1.0,1.0,1.0,0.0,0.9894767999649048,0.9996138215065002,0.9995036125183105,0.9994192719459534,0.9999794960021973,0.9942135214805603,0.9860655665397644,0.6536095142364502,1.0
153,1.0,,1.0,,1.0,1.0,,,0.42302843928337097,0.9966655373573303,0.6385757923126221,0.7710928916931152,0.9999528527259827,0.9879993200302124,0.026963572949171066,0.013864308595657349,4.0
154,0.0,,0.0,0.0,0.0,0.0,,,0.003562621073797345,0.0007639569230377674,0.0036491313949227333,0.0001225030136993155,0.37563541531562805,0.010452207177877426,0.014218965545296669,0.000233831160585396,4.0
155,,,1.0,1.0,1.0,1.0,,,0.6363011598587036,0.9573579430580139,0.9936894774436951,0.9664354920387268,0.9997702836990356,0.9610275626182556,0.27982673048973083,0.062228646129369736,2.0
156,0.0,0.0,0.0,0.0,1.0,0.0,0.0,0.0,0.025593115016818047,0.43229830265045166,0.4026254117488861,0.0011226425413042307,0.08631634712219238,0.01703364960849285,0.2327117919921875,0.0003549774701241404,2.0
157,,,,,,,0.0,0.0,0.0322742760181427,0.025324784219264984,0.01327937189489603,0.011280657723546028,0.3447767496109009,0.18412500619888306,0.10930284112691879,0.0004769142542500049,0.0
158,0.0,0.0,0.0,0.0,0.0,0.0,0.0,0.0,0.00043762600398622453,0.0002447064907755703,0.0005754967569373548,0.0001569825253682211,0.00912521407008171,0.0002825777337420732,0.022247977554798126,0.0002820683876052499,2.0
159,0.0,0.0,0.0,0.0,0.0,0.0,0.0,0.0,0.0007392244879156351,0.00029868149431422353,5.2753723139176145e-05,3.8977363146841526e-05,0.009250147268176079,0.00017518734966870397,0.006110109388828278,0.00022324237215798348,4.0
160,0.0,,0.0,,0.0,0.0,,,0.0008414085605181754,0.0011047766311094165,0.0005534567171707749,5.618124851025641e-05,0.028069647029042244,0.0002606217167340219,0.012975356541574001,0.0003146730887237936,4.0
161,,1.0,,0.0,,,,,0.07284120470285416,0.7690059542655945,0.45944860577583313,0.013356080278754234,0.10048630833625793,0.4407542049884796,0.07095323503017426,0.003722049295902252,4.0
162,0.0,,0.0,0.0,0.0,0.0,,,0.0007478405022993684,0.0008245552307926118,0.0011100900592282414,0.00015336133947130293,0.01849922351539135,0.0005330601707100868,0.01682204008102417,0.0004394823336042464,1.0
163,1.0,1.0,1.0,1.0,1.0,1.0,1.0,1.0,0.9997183084487915,0.9996542930603027,0.9988183975219727,0.7095036506652832,0.9997262358665466,0.9563052654266357,0.8968519568443298,0.7934229373931885,1.0
164,1.0,1.0,1.0,1.0,1.0,1.0,0.0,,0.5623569488525391,0.9992619752883911,0.9973673224449158,0.9991798400878906,0.9998283386230469,0.9991919994354248,0.46409541368484497,0.02166396751999855,2.0
165,1.0,1.0,1.0,1.0,1.0,1.0,0.0,1.0,0.9998472929000854,0.9847649335861206,0.9998467564582825,0.9987693428993225,0.9997605681419373,0.999677300453186,0.1923505812883377,0.9848437309265137,3.0
166,1.0,1.0,1.0,1.0,1.0,1.0,1.0,1.0,0.9999096393585205,0.9998893141746521,0.999775767326355,0.9985853433609009,0.9999359846115112,0.9988799691200256,0.9886561036109924,0.9950942397117615,3.0
167,1.0,1.0,1.0,1.0,1.0,1.0,0.0,1.0,0.9972240924835205,0.9891369938850403,0.9992213845252991,0.999905526638031,0.9980641603469849,0.31071916222572327,0.8805083632469177,0.920174241065979,2.0
168,1.0,1.0,1.0,1.0,1.0,1.0,1.0,0.0,0.9921437501907349,0.9998164176940918,0.9977039098739624,0.9889746904373169,0.9998806715011597,0.9980348944664001,0.9828316569328308,0.7547884583473206,0.0
169,0.0,0.0,0.0,0.0,0.0,0.0,,,0.001104470225982368,0.0005915145156905055,0.0002841419482138008,4.060276478412561e-05,0.007384879048913717,0.00018887816986534745,0.010247640311717987,0.00025605957489460707,3.0
170,0.0,,0.0,0.0,0.0,0.0,,,0.001086735399439931,0.0006823313888162374,0.0020988790784031153,0.00023755914298817515,0.008265740238130093,0.0014537796378135681,0.03767241910099983,0.0005368223646655679,2.0
171,0.0,0.0,0.0,,0.0,0.0,,,0.0017874962650239468,0.04022270441055298,0.00785666424781084,0.0002568720665294677,0.05311758071184158,0.00031424814369529486,0.015570638701319695,0.009258324280381203,2.0
172,1.0,1.0,1.0,1.0,1.0,,1.0,,0.9922005534172058,0.9995900988578796,0.9995660185813904,0.997116208076477,0.99886554479599,0.9997735023498535,0.6015953421592712,0.6027669906616211,3.0
173,1.0,,1.0,,1.0,1.0,,,0.9112402200698853,0.9972474575042725,0.9954689145088196,0.3325296938419342,0.9998958110809326,0.994275689125061,0.2137470245361328,0.30282434821128845,0.0
174,1.0,1.0,1.0,1.0,1.0,1.0,,,0.9957398176193237,0.9983290433883667,0.9996381402015686,0.47970229387283325,0.9999536275863647,0.9972558617591858,0.5725407600402832,0.44110140204429626,0.0
175,0.0,0.0,1.0,0.0,1.0,0.0,0.0,0.0,0.3453022837638855,0.2807167172431946,0.7008567452430725,0.03594768047332764,0.8346642255783081,0.02468605525791645,0.04191527143120766,0.00029503233963623643,1.0
176,,,,,,,0.0,0.0,0.5283237099647522,0.31835997104644775,0.6907354593276978,0.026419416069984436,0.9435838460922241,0.9854956865310669,0.21759606897830963,0.02261441759765148,3.0
177,1.0,,1.0,1.0,1.0,1.0,1.0,1.0,0.999739944934845,0.9990599751472473,0.9995801448822021,0.9972096681594849,0.9999691247940063,0.9993719458580017,0.8594365119934082,0.35113775730133057,0.0
178,1.0,1.0,1.0,1.0,1.0,1.0,1.0,,0.9055584669113159,0.9996596574783325,0.9991574287414551,0.9991742968559265,0.999986469745636,0.9961994886398315,0.876786470413208,0.12412050366401672,0.0
179,1.0,1.0,1.0,1.0,1.0,0.0,0.0,0.0,0.8217918872833252,0.8583275675773621,0.9990441799163818,0.950328528881073,0.9299252033233643,0.6509373784065247,0.1523931622505188,0.635412335395813,0.0
180,1.0,,1.0,1.0,1.0,,,,0.9442239999771118,0.9948576092720032,0.9994742274284363,0.9993491768836975,0.9993963837623596,0.9539033770561218,0.8545334339141846,0.08354682475328445,4.0
181,0.0,0.0,0.0,0.0,0.0,0.0,,,0.0005315488087944686,0.0004994694027118385,0.0009876973927021027,0.00011219341831747442,0.006288221105933189,0.0002616394776850939,0.006364871747791767,0.00036306463880464435,2.0
182,0.0,,0.0,0.0,0.0,0.0,,,0.19326668977737427,0.0036474813241511583,0.11980631202459335,0.004707375541329384,0.1684766560792923,0.0500202514231205,0.4892627000808716,0.00457540899515152,2.0
183,0.0,0.0,0.0,0.0,0.0,0.0,0.0,0.0,0.0009743875125423074,0.0006739873788319528,0.0005513799842447042,3.2260526495520025e-05,0.00640974473208189,0.0001664217415964231,0.008157947100698948,0.00020697011495940387,3.0
184,1.0,,1.0,,1.0,1.0,,,0.87891685962677,0.9265627861022949,0.9722918272018433,0.6887825727462769,0.9988749623298645,0.3832833766937256,0.6396612524986267,0.030511166900396347,0.0
185,0.0,,0.0,,0.0,0.0,,,0.001455287216231227,0.03269835561513901,0.0023910291492938995,0.00032919098157435656,0.07924375683069229,0.0027413370553404093,0.034612610936164856,0.0008013222832232714,1.0
186,0.0,,0.0,,0.0,0.0,,,0.001488533685915172,0.0012679913779720664,0.00036050600465387106,8.800790965324268e-05,0.013463973999023438,0.0003459341824054718,0.014162067323923111,0.00044483263627626,4.0
187,0.0,0.0,0.0,0.0,0.0,0.0,0.0,0.0,0.0005623993929475546,0.000447398197138682,0.0007644516881555319,0.00012531955144368112,0.005795553792268038,0.0005416696076281369,0.015529103577136993,0.0003272778121754527,2.0
188,1.0,1.0,0.0,,1.0,1.0,,,0.5305759310722351,0.6982049345970154,0.23852241039276123,0.04525892436504364,0.9250211715698242,0.902742862701416,0.41241177916526794,0.00297692627646029,0.0
189,0.0,,0.0,,0.0,0.0,,,0.0026744992937892675,0.001394239952787757,0.001892708009108901,0.00011830693983938545,0.019877122715115547,0.0003862003795802593,0.018645983189344406,0.00017958745593205094,4.0
190,1.0,0.0,0.0,0.0,0.0,0.0,1.0,0.0,0.14651764929294586,0.10392463952302933,0.08242368698120117,0.09188949316740036,0.11756371706724167,0.004769432358443737,0.49226298928260803,0.005516089964658022,4.0
191,1.0,0.0,1.0,1.0,1.0,0.0,0.0,1.0,0.9695833921432495,0.4704619348049164,0.9995470643043518,0.9747403860092163,0.7971769571304321,0.20178984105587006,0.19555288553237915,0.4900127351284027,3.0
192,0.0,0.0,0.0,0.0,0.0,0.0,0.0,0.0,0.005963928997516632,0.005223589949309826,0.0005291503039188683,7.673190702917054e-05,0.005184360779821873,0.00027054225211031735,0.01152151171118021,0.0002546615432947874,0.0
193,0.0,0.0,0.0,0.0,0.0,0.0,0.0,0.0,0.00042201110045425594,0.0002217609144281596,0.00047330278903245926,0.00010945554822683334,0.008002080954611301,0.00026855021133087575,0.008498157374560833,0.00017259299056604505,2.0
194,1.0,1.0,0.0,0.0,1.0,0.0,0.0,0.0,0.23919188976287842,0.6966811418533325,0.8860231637954712,0.037492528557777405,0.8799400329589844,0.5269603133201599,0.28888753056526184,0.005858485586941242,1.0
195,0.0,1.0,1.0,0.0,1.0,1.0,0.0,,0.08185505867004395,0.8627764582633972,0.7756472826004028,0.011668382212519646,0.9996153116226196,0.8026742935180664,0.08977372944355011,0.00028380341245792806,2.0
196,1.0,1.0,1.0,1.0,1.0,,1.0,,0.9517320394515991,0.9967202544212341,0.9993245005607605,0.9987832307815552,0.998595118522644,0.9996641874313354,0.6185879111289978,0.25706952810287476,0.0
197,0.0,0.0,0.0,0.0,0.0,0.0,,,0.0013832638505846262,0.000615733559243381,0.00018853435176424682,0.00010100208601215854,0.0374152772128582,0.00013742511509917676,0.012044189497828484,0.0001090117875719443,4.0
198,0.0,0.0,0.0,0.0,1.0,1.0,,,0.04233725368976593,0.3868408799171448,0.5445383191108704,0.002551057143136859,0.9319791793823242,0.3434305191040039,0.01160447672009468,0.0002710018598008901,1.0
199,0.0,,0.0,,0.0,0.0,,,0.005914516281336546,0.0013465381925925612,0.01495260838419199,0.00014863302931189537,0.34130778908729553,0.018915368244051933,0.030659373849630356,0.00017025590932462364,0.0
200,0.0,0.0,0.0,,0.0,0.0,,,0.00113830273039639,0.0015225564129650593,0.00042178339208476245,4.367450310382992e-05,0.033919062465429306,0.0002572298690211028,0.018459469079971313,0.00029774874565191567,4.0
201,0.0,1.0,0.0,,0.0,0.0,,,0.013888400048017502,0.8176442384719849,0.0009973495034500957,0.0014416442718356848,0.041058387607336044,0.0018589136889204383,0.022617004811763763,0.0009808518225327134,4.0
202,,,0.0,0.0,0.0,0.0,,,0.0009516001446172595,0.0006458528223447502,0.00014989165356382728,0.00018723147513810545,0.007720923516899347,0.0004177405498921871,0.016506722196936607,0.000279091065749526,4.0
203,1.0,1.0,1.0,1.0,1.0,1.0,1.0,,0.8771617412567139,0.9993810057640076,0.9997807741165161,0.9992376565933228,0.99998539686203,0.9783931374549866,0.6870366334915161,0.07843608409166336,0.0
204,1.0,1.0,1.0,1.0,1.0,1.0,0.0,0.0,0.9959343671798706,0.9997574090957642,0.9992666840553284,0.9902135133743286,0.9998599290847778,0.9998891353607178,0.4206427335739136,0.848494291305542,3.0
205,,0.0,,0.0,,,,,0.06573016941547394,0.9801928400993347,0.0586274117231369,0.030695408582687378,0.05795363336801529,0.018442245200276375,0.012559701688587666,0.014140341430902481,1.0
206,0.0,,0.0,0.0,0.0,0.0,,,0.002657636534422636,0.0013627841835841537,0.0012801409466192126,0.00012364887516014278,0.05058367922902107,0.0005625214544124901,0.07171669602394104,0.0002663302584551275,4.0
207,1.0,1.0,1.0,1.0,1.0,1.0,1.0,,0.9952929615974426,0.9989188313484192,0.999528169631958,0.9222816228866577,0.9999779462814331,0.9847614169120789,0.7277804017066956,0.2871365547180176,1.0
208,1.0,,1.0,,1.0,1.0,,,0.9215527176856995,0.9974768757820129,0.9718001484870911,0.508569061756134,0.9999125003814697,0.9967473745346069,0.14865711331367493,0.10637375712394714,0.0
209,1.0,1.0,1.0,0.0,1.0,1.0,,,0.7448755502700806,0.9749292731285095,0.9774088263511658,0.3871450126171112,0.9997401237487793,0.9904398918151855,0.27702784538269043,0.005850444547832012,1.0
210,1.0,0.0,1.0,1.0,1.0,0.0,0.0,0.0,0.9802101850509644,0.6423419713973999,0.9980839490890503,0.9984759092330933,0.9718472957611084,0.2991056442260742,0.04750257357954979,0.1272788941860199,0.0
211,1.0,1.0,1.0,1.0,1.0,1.0,0.0,1.0,0.9998201131820679,0.9999390840530396,0.996143102645874,0.9997749328613281,0.9999741911888123,0.9942305684089661,0.9552055597305298,0.9045460820198059,0.0
212,0.0,,0.0,,0.0,0.0,,,0.0020314205903559923,0.0012977251317352057,0.0012349218595772982,0.00024147832300513983,0.022600702941417694,0.00042075623059645295,0.01897384226322174,0.00022959701891522855,0.0
213,0.0,,1.0,,1.0,0.0,,,0.04251876473426819,0.8376577496528625,0.7395354509353638,0.004011143464595079,0.9831218719482422,0.041705984622240067,0.08702005445957184,0.00028616495546884835,3.0
214,0.0,0.0,0.0,0.0,0.0,0.0,0.0,0.0,0.0015614397125318646,0.0008412387687712908,0.0021319841034710407,0.00011063519195886329,0.2710757851600647,0.004232182167470455,0.03739972785115242,0.00023384112864732742,2.0
215,,,1.0,,1.0,1.0,,,0.7023714780807495,0.9699917435646057,0.9984511137008667,0.9839264154434204,0.9999404549598694,0.9716818928718567,0.025479190051555634,0.031161528080701828,2.0
216,1.0,1.0,1.0,0.0,1.0,1.0,0.0,0.0,0.8997889161109924,0.9577667713165283,0.9902451038360596,0.9246569871902466,0.9990777969360352,0.7443111538887024,0.35782161355018616,0.03304947167634964,3.0
217,0.0,0.0,0.0,0.0,0.0,0.0,0.0,0.0,0.000627046509180218,0.0002884595305658877,8.370918658329174e-05,3.954171552322805e-05,0.004670267459005117,0.00025010964600369334,0.017155233770608902,0.00024960096925497055,4.0
218,1.0,1.0,1.0,1.0,1.0,,1.0,,0.9906712770462036,0.9886161088943481,0.9995396137237549,0.9398882985115051,0.9993212223052979,0.9955039024353027,0.535539448261261,0.3086620271205902,0.0
219,0.0,,0.0,0.0,0.0,0.0,,,0.0012133931741118431,0.0005358497146517038,0.0006649912684224546,7.85297088441439e-05,0.00946428719907999,0.0004986078711226583,0.01375136524438858,0.00014463912521023303,0.0
220,0.0,1.0,1.0,1.0,1.0,1.0,,,0.4985019266605377,0.9386473894119263,0.9981889128684998,0.9363025426864624,0.999837338924408,0.585449755191803,0.48408088088035583,0.001041514566168189,0.0
221,1.0,0.0,0.0,0.0,0.0,0.0,0.0,0.0,0.011370138265192509,0.015725811943411827,0.004964947700500488,0.07676473259925842,0.06199537590146065,0.0013271342031657696,0.015202531591057777,0.0031807750929147005,1.0
222,1.0,,1.0,0.0,1.0,1.0,,,0.5483182072639465,0.9981926679611206,0.9093213081359863,0.3817819356918335,0.9995934367179871,0.985506534576416,0.4381639063358307,0.026507826521992683,2.0
223,0.0,1.0,1.0,1.0,1.0,1.0,1.0,0.0,0.7197622656822205,0.9996803998947144,0.9995002150535583,0.9525701403617859,0.9999518394470215,0.9953365921974182,0.6230868101119995,0.008023609407246113,3.0
224,1.0,1.0,1.0,0.0,1.0,0.0,,,0.823086142539978,0.9600964784622192,0.9336483478546143,0.7590060830116272,0.9907866716384888,0.2956640422344208,0.2702012360095978,0.04943763464689255,2.0
225,0.0,0.0,0.0,0.0,0.0,0.0,0.0,0.0,0.0009710361482575536,0.0023486316204071045,0.00017093656060751528,4.7474397433688864e-05,0.015215760096907616,0.0008592179510742426,0.03014501929283142,0.00042171607492491603,4.0
226,0.0,,0.0,0.0,1.0,1.0,,,0.24378785490989685,0.1819745898246765,0.3785701394081116,0.0015690685249865055,0.22831647098064423,0.6234093904495239,0.0153669323772192,0.0002907494781538844,1.0
227,1.0,1.0,1.0,1.0,1.0,1.0,1.0,,0.9999386072158813,0.9997573494911194,0.9998348355293274,0.9996341466903687,0.9999712705612183,0.98521888256073,0.7798104286193848,0.9609500169754028,3.0
228,1.0,,1.0,1.0,1.0,1.0,,,0.956929087638855,0.9976164102554321,0.9996523857116699,0.9111235737800598,0.9988924264907837,0.8849202990531921,0.23457583785057068,0.03092864900827408,2.0
229,1.0,1.0,1.0,1.0,1.0,1.0,1.0,0.0,0.9856308698654175,0.9993036389350891,0.9994456768035889,0.9147704839706421,0.9999125599861145,0.8362330794334412,0.45630308985710144,0.5407902002334595,0.0
230,0.0,0.0,0.0,0.0,0.0,0.0,0.0,0.0,0.001481677871197462,0.0016600191593170166,0.0011693522101268172,0.0006515911663882434,0.15835462510585785,0.00028569300775416195,0.03786148503422737,0.0002446299185976386,1.0
231,0.0,,0.0,0.0,0.0,0.0,,,0.0011056913062930107,0.0005352289881557226,0.0005134660750627518,0.00010026377276517451,0.008084399625658989,0.0005416665808297694,0.009745379909873009,0.00012809767213184386,0.0
232,0.0,0.0,1.0,0.0,0.0,0.0,0.0,0.0,0.013871418312191963,0.09744948148727417,0.02327558398246765,0.5530937910079956,0.9510319232940674,0.0020250689703971148,0.07338705658912659,0.00028824000037275255,3.0
233,0.0,0.0,0.0,0.0,0.0,0.0,0.0,0.0,0.0007870036060921848,0.0005679763271473348,0.00047438687761314213,6.850523641332984e-05,0.00646278727799654,0.00027304462855681777,0.002420012839138508,0.0001296656409977004,0.0
234,1.0,1.0,1.0,0.0,1.0,1.0,0.0,1.0,0.9970162510871887,0.9950020909309387,0.9739940166473389,0.9675429463386536,0.9998992681503296,0.9697710871696472,0.31269994378089905,0.015043135732412338,3.0
235,1.0,,1.0,1.0,1.0,1.0,,,0.9975513815879822,0.9998664855957031,0.9985294342041016,0.9605648517608643,0.9998375773429871,0.9819076061248779,0.37521451711654663,0.7970588207244873,3.0
236,1.0,1.0,1.0,1.0,1.0,1.0,,,0.9368805885314941,0.999335527420044,0.9962101578712463,0.8341829776763916,0.9998788833618164,0.9679871797561646,0.7880064249038696,0.34955886006355286,2.0
237,0.0,,0.0,0.0,0.0,0.0,,,0.0013992700260132551,0.0007122915121726692,0.0007594588096253574,8.519763650838286e-05,0.004482883028686047,0.00030604610219597816,0.03264666348695755,0.0002476342488080263,0.0
238,0.0,0.0,0.0,0.0,0.0,0.0,0.0,0.0,0.0007870986009947956,0.0004111357848159969,0.0002889116294682026,3.158886102028191e-05,0.00763291260227561,0.00023113077622838318,0.010980487801134586,0.00010876201849896461,3.0
239,1.0,1.0,1.0,1.0,1.0,1.0,1.0,1.0,0.9989700317382812,0.999926745891571,0.9992066621780396,0.9996228814125061,0.9999783039093018,0.999821126461029,0.9911482334136963,0.44727569818496704,0.0
240,1.0,1.0,1.0,1.0,1.0,1.0,1.0,0.0,0.9907308220863342,0.9998215436935425,0.9997242093086243,0.9981321692466736,0.9999885559082031,0.9589574933052063,0.526476263999939,0.2807438373565674,0.0
241,0.0,0.0,0.0,0.0,0.0,0.0,0.0,0.0,0.0005973984953016043,0.00030225931550376117,5.456839789985679e-05,2.7662077627610415e-05,0.014805212616920471,0.0002659592137206346,0.010471955873072147,0.00015914281539153308,4.0
242,1.0,1.0,1.0,1.0,1.0,1.0,1.0,1.0,0.9986438751220703,0.9995965957641602,0.9998258352279663,0.9746136665344238,0.9999104738235474,0.9998989105224609,0.9003785848617554,0.7577252984046936,2.0
243,,,0.0,0.0,1.0,1.0,,,0.5570740103721619,0.7205764651298523,0.7267850637435913,0.02654244191944599,0.9875548481941223,0.3484632670879364,0.03145832568407059,0.003478126833215356,2.0
244,0.0,,1.0,0.0,1.0,1.0,,,0.9283219575881958,0.9894582033157349,0.9876704216003418,0.15559569001197815,0.9999091625213623,0.9928770065307617,0.38242608308792114,0.010384705848991871,1.0
245,1.0,1.0,1.0,1.0,1.0,1.0,,,0.9901826977729797,0.9981269240379333,0.9999133348464966,0.9993378520011902,0.9998610019683838,0.9907402992248535,0.3580068051815033,0.1656632423400879,4.0
246,0.0,1.0,0.0,,1.0,,,,0.056853875517845154,0.43555009365081787,0.3102738857269287,0.0016345487674698234,0.997423529624939,0.20720046758651733,0.02226272225379944,0.00020154913363512605,4.0
247,0.0,1.0,0.0,,1.0,,,,0.03294629976153374,0.84245365858078,0.07674623280763626,0.019155118614435196,0.992644190788269,0.07391207665205002,0.023444650694727898,0.001361288595944643,0.0
248,1.0,1.0,1.0,0.0,1.0,1.0,1.0,0.0,0.955401599407196,0.9853492975234985,0.9959527850151062,0.6326746344566345,0.9998438954353333,0.9690997004508972,0.7726919054985046,0.04614098370075226,3.0
249,0.0,,0.0,0.0,0.0,0.0,,,0.0014273712877184153,0.0010864336509257555,0.0023234421387314796,4.040601561428048e-05,0.022745706140995026,0.0009745152201503515,0.018115246668457985,0.000276303559076041,3.0
250,0.0,1.0,1.0,0.0,1.0,1.0,0.0,0.0,0.4014877676963806,0.986420750617981,0.9876883029937744,0.017560089007019997,0.9997329711914062,0.8262304663658142,0.04283973574638367,0.00041386415250599384,2.0
251,0.0,1.0,0.0,,1.0,0.0,,,0.0011297811288386583,0.45545312762260437,0.6688668131828308,0.00041528846486471593,0.7160000205039978,0.12358955293893814,0.08516719937324524,0.0004968305001966655,0.0
252,0.0,0.0,0.0,0.0,0.0,0.0,0.0,0.0,0.0007775783305987716,0.0004159144591540098,0.0005177144194021821,7.427039963658899e-05,0.005486964248120785,0.0002482939453329891,0.0024637810420244932,0.00014497179654426873,0.0
253,0.0,,1.0,0.0,1.0,0.0,,,0.010107701644301414,0.39298737049102783,0.8197391629219055,0.04174592345952988,0.9641337990760803,0.42616575956344604,0.0491899698972702,0.00025867411750368774,4.0
254,0.0,0.0,0.0,0.0,0.0,0.0,0.0,0.0,0.0008716126903891563,0.0005160369328223169,0.00040865453775040805,6.868928903713822e-05,0.009649699553847313,0.00027108556241728365,0.002167345955967903,0.00012591335689648986,0.0
255,0.0,0.0,0.0,0.0,1.0,0.0,0.0,,0.06355218589305878,0.04934581741690636,0.27072903513908386,0.0002398876240476966,0.1702113300561905,0.05792172998189926,0.034847065806388855,0.0001934934116434306,3.0
256,1.0,1.0,1.0,1.0,1.0,1.0,1.0,0.0,0.9888430237770081,0.999072790145874,0.9995501637458801,0.9983246922492981,0.9999793767929077,0.9304272532463074,0.6111159324645996,0.12771078944206238,1.0
257,0.0,0.0,0.0,0.0,0.0,0.0,0.0,0.0,0.0006459057331085205,0.00039430512697435915,5.9707905165851116e-05,2.6759256797959097e-05,0.02129843272268772,0.00023409415734931827,0.007306276820600033,0.00017782171198632568,4.0
258,1.0,1.0,1.0,1.0,1.0,1.0,,,0.9184236526489258,0.9983000159263611,0.9998823404312134,0.9715696573257446,0.9998660087585449,0.9996756315231323,0.2996161878108978,0.2544017732143402,2.0
259,1.0,1.0,,1.0,1.0,1.0,1.0,1.0,0.9963540434837341,0.9994693994522095,0.9997809529304504,0.9995891451835632,0.9999474287033081,0.997188150882721,0.8350228071212769,0.11193109303712845,0.0
260,1.0,1.0,1.0,1.0,1.0,1.0,1.0,1.0,0.9961538314819336,0.9994792342185974,0.9995114207267761,0.998177170753479,0.9996418952941895,0.9992266297340393,0.8032174706459045,0.7405706644058228,2.0
261,0.0,0.0,0.0,0.0,0.0,0.0,,,0.0006398028344847262,0.0005217857542447746,0.0009397215908393264,0.00014598465349990875,0.005993389990180731,0.00014265769277699292,0.007433182094246149,0.00034590347786433995,1.0
262,0.0,,1.0,0.0,1.0,1.0,,,0.1378793716430664,0.9787709712982178,0.9758318066596985,0.8671979308128357,0.9997632503509521,0.9824855923652649,0.06926199048757553,0.000770928745623678,4.0
263,0.0,1.0,0.0,0.0,1.0,0.0,0.0,,0.0070757209323346615,0.11342611163854599,0.10016998648643494,0.00019788171630352736,0.9967051148414612,0.15071555972099304,0.02178056351840496,0.00023214153770823032,1.0
264,0.0,0.0,0.0,0.0,0.0,0.0,0.0,0.0,0.0009794869692996144,0.002002992667257786,0.0005272578564472497,2.5900013497448526e-05,0.00791013054549694,0.000405344704631716,0.007582699414342642,0.00010463802755111828,3.0
265,0.0,,0.0,,0.0,0.0,,,0.012207657098770142,0.0021219730842858553,0.001078970730304718,0.00025270666810683906,0.01227785088121891,0.0005601585726253688,0.04344083368778229,0.0007602448458783329,1.0
266,0.0,1.0,1.0,0.0,1.0,1.0,0.0,0.0,0.19905908405780792,0.9259133338928223,0.8927406072616577,0.0163309033960104,0.9998739361763,0.9226856827735901,0.12642553448677063,0.00026226104819215834,1.0
267,1.0,0.0,1.0,1.0,1.0,0.0,,,0.8845294117927551,0.6100067496299744,0.9324862957000732,0.22569137811660767,0.9533253908157349,0.023155545815825462,0.1259879469871521,0.027936846017837524,3.0
268,1.0,1.0,1.0,1.0,1.0,1.0,0.0,,0.9933192133903503,0.9854288697242737,0.9890515804290771,0.9989981055259705,0.9997377395629883,0.9975383281707764,0.7663673162460327,0.7923066020011902,4.0
269,1.0,1.0,1.0,1.0,1.0,1.0,1.0,1.0,0.9964308738708496,0.9997922778129578,0.9995900392532349,0.998682975769043,0.9999383091926575,0.999691367149353,0.9596999287605286,0.7727966904640198,2.0
270,1.0,,1.0,,1.0,1.0,,,0.6378555297851562,0.9534767866134644,0.9474934339523315,0.2084793597459793,0.9995319843292236,0.4207553267478943,0.20995338261127472,0.012950845994055271,1.0
271,0.0,,1.0,,1.0,1.0,,,0.2595323920249939,0.9858558773994446,0.5880986452102661,0.22878408432006836,0.9999735951423645,0.9865756034851074,0.48175954818725586,0.0017954192589968443,1.0
272,0.0,0.0,0.0,,1.0,0.0,,,0.005103230010718107,0.03106474131345749,0.02483329363167286,0.00015060818986967206,0.9396388530731201,0.019949236884713173,0.05180796608328819,0.001011866144835949,2.0
273,0.0,,0.0,,0.0,0.0,,,0.0007144411210902035,0.00041917950147762895,0.0010369857773184776,0.0001195895456476137,0.02522323466837406,0.00027551851235330105,0.015822093933820724,0.0004280451394151896,2.0
274,,1.0,1.0,1.0,1.0,,1.0,1.0,0.9983606934547424,0.9988217949867249,0.9992454051971436,0.9652748107910156,0.9953694343566895,0.999087393283844,0.7988735437393188,0.889531135559082,2.0
275,1.0,1.0,1.0,1.0,1.0,1.0,1.0,1.0,0.998457670211792,0.9999019503593445,0.9994673132896423,0.9998703598976135,0.9999428987503052,0.9891112446784973,0.9602926969528198,0.8912408351898193,1.0
276,1.0,,1.0,0.0,1.0,0.0,,,0.36577844619750977,0.8232160210609436,0.9500266313552856,0.3175574243068695,0.9774068593978882,0.5897195339202881,0.12195509672164917,0.005047334358096123,3.0
277,1.0,1.0,1.0,1.0,1.0,1.0,1.0,0.0,0.9955349564552307,0.9997503757476807,0.9992759823799133,0.9979804158210754,0.9998794794082642,0.9518659114837646,0.7128573656082153,0.44462937116622925,1.0
278,1.0,1.0,1.0,1.0,1.0,1.0,1.0,1.0,0.9995391964912415,0.999876081943512,0.9997795224189758,0.9997671842575073,0.9999446868896484,0.9769476056098938,0.9737185835838318,0.5726766586303711,3.0
279,0.0,,0.0,,1.0,0.0,,,0.0066481647081673145,0.036022018641233444,0.05751541256904602,0.00016634842904750258,0.9747413992881775,0.07342123240232468,0.04844024404883385,0.00024685158859938383,0.0
280,0.0,,0.0,0.0,0.0,0.0,,,0.004288378171622753,0.0017551935743540525,0.0009936883579939604,0.000282327295280993,0.0572807714343071,0.0002432923502055928,0.06843021512031555,0.0007495538447983563,3.0
281,0.0,0.0,0.0,0.0,0.0,0.0,0.0,0.0,0.001182626816444099,0.0008673336706124246,0.0008199302246794105,0.00010402002226328477,0.012341347523033619,0.0005814605392515659,0.014355565421283245,0.00020818367192987353,0.0
282,1.0,1.0,1.0,1.0,1.0,1.0,0.0,,0.9893521666526794,0.9997727870941162,0.9964470267295837,0.9647141695022583,0.9998928308486938,0.97394198179245,0.6815273761749268,0.5761763453483582,0.0
283,1.0,1.0,1.0,1.0,1.0,1.0,0.0,,0.9843019247055054,0.9995123147964478,0.9967082738876343,0.974915623664856,0.9999110102653503,0.9304759502410889,0.4148942232131958,0.39059752225875854,0.0
284,0.0,0.0,0.0,0.0,0.0,0.0,0.0,0.0,0.0007461429922841489,0.00051529286429286,6.115923315519467e-05,3.45066400768701e-05,0.009238048456609249,0.00027306750416755676,0.007156483829021454,0.00016001006588339806,4.0
285,1.0,1.0,1.0,1.0,1.0,1.0,,,0.9956177473068237,0.9983757734298706,0.9992846250534058,0.6380430459976196,0.9999291300773621,0.9994928240776062,0.3514285385608673,0.11913563311100006,2.0
286,1.0,1.0,1.0,1.0,1.0,1.0,0.0,,0.964936375617981,0.9987499713897705,0.9979944229125977,0.9625522494316101,0.9998481869697571,0.9996894001960754,0.255256325006485,0.2316865772008896,1.0
287,0.0,0.0,0.0,0.0,0.0,0.0,0.0,0.0,0.0013589089503511786,0.0005614170804619789,0.0007314420654438436,0.0002383869723416865,0.011814157478511333,0.00047662679571658373,0.008835306391119957,0.0002755272143986076,1.0
288,1.0,,1.0,1.0,1.0,1.0,,,0.9982501864433289,0.9934674501419067,0.997831404209137,0.821406364440918,0.9986214637756348,0.9993528127670288,0.9563307762145996,0.39745041728019714,2.0
289,0.0,0.0,0.0,0.0,0.0,0.0,0.0,0.0,0.0008074365905486047,0.00047592303599230945,0.0004755862755700946,7.211337651824579e-05,0.006167842075228691,0.00033188320230692625,0.0055745989084243774,0.00012434268137440085,0.0
290,0.0,1.0,0.0,0.0,0.0,0.0,0.0,0.0,0.05199752748012543,0.9196566939353943,0.005363368894904852,0.00274269818328321,0.05681814253330231,0.002921090228483081,0.055203597992658615,0.0005705191870220006,0.0
291,0.0,1.0,1.0,1.0,1.0,1.0,0.0,,0.9044950008392334,0.99769127368927,0.9997480511665344,0.8493298292160034,0.9999624490737915,0.8909870386123657,0.11607209593057632,0.030334528535604477,0.0
292,0.0,,0.0,0.0,1.0,0.0,,,0.004201324190944433,0.3200418949127197,0.856903612613678,0.0801263079047203,0.7152080535888672,0.7594543695449829,0.08687231689691544,0.0006575912120752037,1.0
293,0.0,,0.0,0.0,0.0,0.0,,,0.011768198572099209,0.020354097709059715,0.008957143872976303,0.00160213652998209,0.5670753121376038,0.011973466724157333,0.04838046431541443,0.00044915443868376315,4.0
294,0.0,,0.0,0.0,0.0,0.0,,,0.0007509777788072824,0.0006765585858374834,0.0005379723734222353,0.00019262125715613365,0.011862932704389095,0.0004487377591431141,0.059200726449489594,0.0005322852521203458,1.0
295,1.0,1.0,1.0,1.0,1.0,1.0,1.0,0.0,0.9272404313087463,0.9996076822280884,0.9995115399360657,0.9648122787475586,0.9999195337295532,0.9544858336448669,0.3283073306083679,0.3417819142341614,2.0
296,0.0,,0.0,0.0,0.0,0.0,,,0.001439283718355,0.0007845662184990942,0.0009928966173902154,9.627143299439922e-05,0.007252644747495651,0.0003486811474431306,0.0496215894818306,0.0002986419422086328,0.0
297,0.0,,0.0,0.0,0.0,0.0,,,0.0007382982294075191,0.0037136345636099577,0.0068217553198337555,0.00027752542519010603,0.01769358478486538,0.00047341399476863444,0.01702818274497986,0.0002999579592142254,1.0
298,1.0,1.0,1.0,1.0,1.0,1.0,1.0,,0.9928057193756104,0.9976621866226196,0.9997286796569824,0.9900766611099243,0.9999673962593079,0.9998441338539124,0.9543048739433289,0.6851843595504761,0.0
299,0.0,0.0,0.0,0.0,1.0,0.0,0.0,0.0,0.0018570907413959503,0.03511832281947136,0.1937374770641327,0.00011722407361958176,0.2446252405643463,0.39997225999832153,0.014526217244565487,0.00011802592052845284,0.0
300,0.0,0.0,0.0,0.0,0.0,0.0,0.0,0.0,0.0010383458575233817,0.000358784367563203,0.0006728403968736529,0.0002390329318586737,0.010852213948965073,0.00033911102218553424,0.009353667497634888,0.00032078317599371076,1.0
301,1.0,1.0,1.0,1.0,1.0,1.0,0.0,0.0,0.9446166157722473,0.9988724589347839,0.9995301961898804,0.9926602244377136,0.9997615814208984,0.9987708926200867,0.1770133525133133,0.037747062742710114,4.0
302,0.0,0.0,0.0,0.0,0.0,0.0,0.0,0.0,0.022742945700883865,0.005806559696793556,0.008638695813715458,5.1709997933357954e-05,0.039611294865608215,0.0012245499528944492,0.02968684397637844,0.00017067718727048486,3.0
303,0.0,,0.0,0.0,0.0,0.0,,,0.00450805202126503,0.001734637888148427,0.004119122866541147,0.00016841200704220682,0.012979802675545216,0.00214369292370975,0.05327087640762329,0.0002276131126563996,0.0
304,0.0,0.0,0.0,0.0,1.0,0.0,0.0,0.0,0.031982868909835815,0.013517024926841259,0.04916646331548691,0.0005534554948098958,0.9907429814338684,0.007029997184872627,0.04152791202068329,0.0002910687471739948,1.0
305,0.0,0.0,0.0,0.0,0.0,0.0,0.0,0.0,0.0006440061260946095,0.000531902420334518,0.0007263701991178095,0.00015303528925869614,0.017556484788656235,0.0006035087280906737,0.010466759093105793,0.00024701960501261055,1.0
306,0.0,0.0,0.0,0.0,0.0,0.0,0.0,0.0,0.0006241846131160855,0.00037928656092844903,0.00032752336119301617,0.00012845757009927183,0.00943063199520111,0.00024139480956364423,0.00679131131619215,0.00020848834537900984,1.0
307,0.0,0.0,0.0,0.0,0.0,0.0,0.0,0.0,0.0007477154722437263,0.00043533617281354964,0.0005066334852017462,8.568719204049557e-05,0.005279194563627243,0.00032649392960593104,0.0025857703294605017,0.00012656048056669533,0.0
308,1.0,1.0,1.0,1.0,1.0,1.0,1.0,1.0,0.9993797540664673,0.9997138381004333,0.9994004368782043,0.9991887211799622,0.995689868927002,0.9724940061569214,0.9938244223594666,0.8533281087875366,1.0
309,0.0,0.0,0.0,0.0,0.0,0.0,0.0,0.0,0.0007397126173600554,0.00043467781506478786,0.000370125868357718,0.00011587365588638932,0.01164544653147459,0.00036278110928833485,0.00774529529735446,0.00029903414542786777,1.0
310,1.0,1.0,1.0,1.0,1.0,1.0,,,0.9899569153785706,0.9983051419258118,0.9986748099327087,0.9875845909118652,0.9999321103096008,0.9420826435089111,0.16686533391475677,0.1819455325603485,2.0
311,1.0,1.0,1.0,1.0,1.0,1.0,1.0,1.0,0.999771237373352,0.9985421299934387,0.9995004534721375,0.946828305721283,0.997035026550293,0.7911322712898254,0.767845869064331,0.3987417221069336,1.0
312,1.0,,1.0,0.0,1.0,1.0,,,0.8003193736076355,0.9985767006874084,0.9771671295166016,0.20082154870033264,0.9994739294052124,0.9781786799430847,0.04750946909189224,0.00845951959490776,2.0
313,1.0,1.0,1.0,1.0,1.0,0.0,1.0,1.0,0.9821988940238953,0.9875804781913757,0.9995584487915039,0.9936879277229309,0.9957005381584167,0.5781259536743164,0.5151446461677551,0.23027926683425903,1.0
314,1.0,1.0,1.0,0.0,1.0,1.0,0.0,0.0,0.16660381853580475,0.9971815347671509,0.9562200903892517,0.3471757471561432,0.9996227025985718,0.992816686630249,0.19859957695007324,0.08107288926839828,3.0
315,,,0.0,0.0,0.0,0.0,,,0.0018643465591594577,0.0021711892914026976,0.005843698047101498,0.001497207791544497,0.490835964679718,0.009975714609026909,0.05045277997851372,0.00043802711297757924,1.0
316,,,,,,,1.0,0.0,0.06621278077363968,0.0979548990726471,0.23915335536003113,0.01739763841032982,0.06670656055212021,0.09667325764894485,0.11221356689929962,0.0010575513588264585,1.0
317,1.0,1.0,1.0,1.0,1.0,1.0,0.0,,0.9983529448509216,0.94251549243927,0.9785515069961548,0.9838399887084961,0.9990929365158081,0.9991525411605835,0.09508595615625381,0.8539441823959351,4.0
318,0.0,0.0,0.0,0.0,0.0,0.0,0.0,0.0,0.0006271856836974621,0.0007143497350625694,0.001017961883917451,0.00011380673095118254,0.012969017960131168,0.00017668984946794808,0.006329425610601902,0.0002012299810303375,1.0
319,0.0,0.0,0.0,0.0,0.0,0.0,0.0,0.0,0.0003046778729185462,0.0003586042730603367,0.00041518648504279554,9.555523138260469e-05,0.005532330833375454,0.00019915156008210033,0.004377923905849457,0.00014745687076356262,2.0
320,0.0,0.0,0.0,0.0,0.0,0.0,0.0,0.0,0.000300972635159269,0.00018442381406202912,0.0004186237929388881,8.018136577447876e-05,0.005444766953587532,0.0002274112921440974,0.00547136040404439,0.00015573989367112517,2.0
321,0.0,0.0,0.0,0.0,0.0,0.0,0.0,0.0,0.002414418151602149,0.00044075300684198737,0.0006996378069743514,9.520099411020055e-05,0.008533729240298271,0.00029109721072018147,0.002776549896225333,0.00012495428381953388,0.0
322,1.0,1.0,1.0,1.0,1.0,1.0,1.0,1.0,0.9996263980865479,0.9997252225875854,0.9995908141136169,0.990281343460083,0.9999750852584839,0.9852690696716309,0.6764506101608276,0.7492225170135498,1.0
323,1.0,1.0,1.0,1.0,1.0,1.0,1.0,,0.978874683380127,0.9750672578811646,0.9980688691139221,0.8199365735054016,0.9982972145080566,0.9809679985046387,0.5476190447807312,0.12087976187467575,2.0
324,0.0,0.0,0.0,0.0,0.0,0.0,,,0.009425546042621136,0.0072931512258946896,0.0010552831226959825,0.0004830918041989207,0.016059935092926025,0.00032434595050290227,0.024964988231658936,0.00018211737915407866,0.0
325,1.0,1.0,1.0,1.0,1.0,1.0,1.0,,0.9865500926971436,0.9998770952224731,0.9996944665908813,0.9987877607345581,0.999900221824646,0.9919973611831665,0.8254086375236511,0.16683968901634216,2.0
326,0.0,,0.0,0.0,0.0,0.0,,,0.002112635178491473,0.0012114321580156684,0.0015145327197387815,0.000457034824648872,0.012588579207658768,0.0008107441244646907,0.02995193935930729,0.00040098902536556125,2.0
327,1.0,1.0,1.0,1.0,1.0,1.0,,,0.9743908047676086,0.9997966885566711,0.9998719692230225,0.9991187453269958,0.999965250492096,0.9872555136680603,0.8167420625686646,0.09358811378479004,2.0
328,0.0,,0.0,0.0,0.0,0.0,,,0.00039936264511197805,0.00022210858878679574,0.0005102417781017721,9.965975186787546e-05,0.00895892083644867,0.00019583794346544892,0.014674169942736626,0.0002792285231407732,2.0
329,,0.0,0.0,0.0,0.0,,0.0,0.0,0.0009125180076807737,0.0021771020255982876,0.001189213595353067,0.0005629578372463584,0.0040094745345413685,0.00034738273825496435,0.008505253121256828,0.00017500513058621436,2.0
330,,,,,0.0,0.0,,,0.003695061895996332,0.0021003959700465202,0.0018484945176169276,0.0015511119272559881,0.1440526843070984,0.0009710125159472227,0.02371159940958023,0.0003853289526887238,4.0
331,0.0,1.0,1.0,0.0,1.0,1.0,0.0,0.0,0.07876768708229065,0.9785184264183044,0.8887063264846802,0.24460135400295258,0.9951352477073669,0.8069270849227905,0.08164364099502563,0.00039654236752539873,1.0
332,,,1.0,0.0,1.0,1.0,,,0.4708290100097656,0.9556508660316467,0.9819185137748718,0.19533699750900269,0.9999529123306274,0.5645114183425903,0.022110166028141975,0.000861471809912473,0.0
333,0.0,0.0,0.0,0.0,0.0,0.0,,,0.0005380428628996015,0.0011889934539794922,0.001569333835504949,0.00016085925744846463,0.011969056911766529,0.00025296187959611416,0.012197325006127357,0.0003980112378485501,2.0
334,1.0,0.0,0.0,1.0,0.0,0.0,0.0,0.0,0.5627392530441284,0.45575106143951416,0.7409663200378418,0.6391099691390991,0.30453094840049744,0.012725947424769402,0.01772812008857727,0.602869987487793,2.0
335,1.0,1.0,1.0,1.0,1.0,0.0,,,0.9714097380638123,0.9053605794906616,0.9921103715896606,0.9960755109786987,0.9754614233970642,0.44449567794799805,0.9697662591934204,0.32702842354774475,4.0
336,1.0,1.0,0.0,1.0,1.0,0.0,1.0,0.0,0.9671555161476135,0.9556645154953003,0.9914043545722961,0.6434584856033325,0.8376420736312866,0.5683424472808838,0.933220624923706,0.37994250655174255,3.0
337,0.0,1.0,0.0,0.0,1.0,0.0,1.0,0.0,0.5960269570350647,0.3780018985271454,0.3493795096874237,0.06569189578294754,0.6662707924842834,0.02957029640674591,0.535474419593811,0.0009415942477062345,4.0
338,0.0,,0.0,,1.0,1.0,,,0.0114017678424716,0.7198866605758667,0.336700975894928,0.00018377606465946883,0.9994770884513855,0.8244738578796387,0.012539859861135483,0.0003538595337886363,3.0
339,,,0.0,0.0,0.0,0.0,,,0.0011179634602740407,0.0024231106508523226,0.0032879814971238375,0.00044538656948134303,0.01824907585978508,0.0009581721969880164,0.013580651953816414,0.0004453305737115443,1.0
340,,,,,,,1.0,1.0,0.8926570415496826,0.7514938712120056,0.9924381971359253,0.9894708395004272,0.9918931126594543,0.9715099930763245,0.8303602933883667,0.3112894296646118,4.0
341,,,,,,,0.0,0.0,0.2867274284362793,0.7299425005912781,0.7873023748397827,0.006463462021201849,0.8567491769790649,0.9502007961273193,0.22954215109348297,0.0028590341098606586,2.0
342,0.0,0.0,0.0,0.0,0.0,0.0,0.0,0.0,0.0007891654968261719,0.000498236040584743,0.00042667769594118,5.8655936300056055e-05,0.009737225249409676,0.00044355541467666626,0.00689403060823679,0.00012567015073727816,0.0
343,0.0,0.0,0.0,0.0,0.0,0.0,0.0,0.0,0.0014424155233427882,0.0012377570383250713,0.0008545516175217927,0.0006962523330003023,0.0530855730175972,0.00035134475911036134,0.05171915888786316,0.00027799876988865435,1.0
344,0.0,0.0,0.0,0.0,0.0,0.0,0.0,0.0,0.0006077963626012206,0.0012129507958889008,0.0012307370780035853,0.00013584442785941064,0.01895257644355297,0.00019512977451086044,0.007100839167833328,0.00022600511147174984,1.0
345,0.0,0.0,0.0,0.0,0.0,0.0,0.0,,0.0009404623997397721,0.0003456885751802474,0.00030347355641424656,3.5904638934880495e-05,0.008692220784723759,0.000338508136337623,0.017513457685709,8.976395474746823e-05,3.0
346,1.0,1.0,1.0,1.0,1.0,1.0,1.0,0.0,0.9990742802619934,0.9992878437042236,0.9975183010101318,0.6335998773574829,0.9990455508232117,0.995025634765625,0.7816091775894165,0.401718407869339,2.0
347,1.0,,1.0,1.0,1.0,1.0,,,0.9560830593109131,0.9984874725341797,0.9986382722854614,0.9980673789978027,0.9998621344566345,0.8603517413139343,0.7675821185112,0.05012285336852074,3.0
348,1.0,1.0,1.0,0.0,1.0,0.0,0.0,,0.9350975751876831,0.9421914219856262,0.7691057324409485,0.514237642288208,0.937147319316864,0.27756211161613464,0.1266484409570694,0.01968633383512497,2.0
349,0.0,0.0,0.0,0.0,0.0,0.0,0.0,0.0,0.0008325760718435049,0.00035405679955147207,0.0004194212961010635,2.9976001314935274e-05,0.0070195067673921585,0.00014424878463614732,0.01071091741323471,7.02644611010328e-05,3.0
350,0.0,0.0,0.0,0.0,0.0,0.0,0.0,,0.0008511638734489679,0.00047358256415463984,0.00045354696339927614,6.633107113884762e-05,0.008330860175192356,0.0002807134878821671,0.005400972440838814,0.00011186507617821917,0.0
351,0.0,0.0,0.0,0.0,0.0,0.0,0.0,,0.0006983291241340339,0.00026305345818400383,0.000299948500469327,0.00012970728857908398,0.009267805144190788,0.00017159867275040597,0.007964931428432465,0.0002323868393432349,1.0
352,1.0,1.0,1.0,1.0,1.0,1.0,1.0,0.0,0.9807291626930237,0.9994975924491882,0.9996786117553711,0.9976490139961243,0.9999827146530151,0.9922899603843689,0.8363034725189209,0.044048458337783813,1.0
353,,,1.0,1.0,1.0,1.0,,,0.9986129999160767,0.996711015701294,0.9990637898445129,0.1662943810224533,0.9999512434005737,0.9976671934127808,0.6757500767707825,0.5485110282897949,0.0
354,,1.0,1.0,1.0,1.0,1.0,1.0,,0.9996490478515625,0.9973692297935486,0.9960569143295288,0.977709949016571,0.9998603463172913,0.9956662654876709,0.9318953156471252,0.9688369035720825,0.0
355,0.0,0.0,0.0,0.0,0.0,0.0,0.0,0.0,0.00034699455136433244,0.00024063432647380978,0.000501706381328404,8.439541852567345e-05,0.005080864764750004,0.0003177907201461494,0.00596834160387516,0.00015006784815341234,2.0
356,0.0,0.0,0.0,0.0,0.0,0.0,0.0,0.0,0.0007385942153632641,0.0017692495603114367,8.063783752731979e-05,3.645581455202773e-05,0.008908300660550594,0.00015995337162166834,0.006215211004018784,0.00027876775129698217,4.0
357,0.0,0.0,0.0,0.0,0.0,0.0,0.0,,0.004682387225329876,0.027934763580560684,0.0077150678262114525,0.00033168349182233214,0.30402711033821106,0.02740478515625,0.04041827470064163,0.0003265483828727156,3.0
358,0.0,0.0,0.0,0.0,0.0,0.0,0.0,0.0,0.006391467526555061,0.0039426665753126144,0.0025399518199265003,0.00013339579163584858,0.023647993803024292,0.00017979738186113536,0.03915973752737045,0.0002681585028767586,1.0
359,1.0,0.0,1.0,,1.0,0.0,,,0.21632713079452515,0.4470413029193878,0.6729584336280823,0.10228647291660309,0.9796331524848938,0.27246418595314026,0.09019921720027924,0.0013060608180239797,3.0
360,1.0,1.0,1.0,1.0,1.0,1.0,1.0,0.0,0.9131086468696594,0.9997055530548096,0.9994731545448303,0.9984657764434814,0.9999662041664124,0.99473637342453,0.8056788444519043,0.2282816767692566,1.0
361,0.0,0.0,0.0,0.0,0.0,0.0,0.0,0.0,0.0023445317056030035,0.019158456474542618,0.00275397184304893,0.00011861173697980121,0.043342821300029755,0.0023285849019885063,0.01628415659070015,0.00015896155673544854,0.0
362,1.0,1.0,1.0,1.0,1.0,0.0,,,0.921026349067688,0.9213535189628601,0.9557068347930908,0.9100545644760132,0.9802095890045166,0.29203158617019653,0.5286033153533936,0.07671134173870087,3.0
363,1.0,1.0,1.0,1.0,1.0,1.0,0.0,,0.9528443217277527,0.999248206615448,0.9989425539970398,0.2672921121120453,0.999759316444397,0.9988496899604797,0.0945224016904831,0.11430207639932632,2.0
364,1.0,1.0,1.0,0.0,1.0,1.0,,,0.5569637417793274,0.9902563095092773,0.9873168468475342,0.37187451124191284,0.9998405575752258,0.9306880235671997,0.04134916886687279,0.0031833378598093987,3.0
365,0.0,0.0,0.0,0.0,0.0,0.0,0.0,,0.0006574624567292631,0.000874148216098547,0.0008826155099086463,0.00014070140605326742,0.009145909920334816,0.00017352461873088032,0.007561848033219576,0.00021619701874442399,1.0
366,0.0,0.0,0.0,0.0,0.0,0.0,,,0.0008482923731207848,0.00046424902393482625,0.000490632897708565,0.00010713395749917254,0.006119093392044306,0.0002611527743283659,0.0027106748893857002,0.00010016638407250866,0.0
367,1.0,1.0,1.0,0.0,1.0,1.0,,,0.9592427015304565,0.9797855615615845,0.947150468826294,0.30488303303718567,0.999935507774353,0.9697363376617432,0.029118530452251434,0.014905508607625961,0.0
368,1.0,1.0,1.0,1.0,1.0,1.0,1.0,1.0,0.9998661279678345,0.9984421133995056,0.9997751712799072,0.9916636347770691,0.9999702572822571,0.9988238215446472,0.9974959492683411,0.6512913107872009,0.0
369,1.0,1.0,1.0,1.0,1.0,1.0,1.0,1.0,0.9997807145118713,0.9996421337127686,0.9999347925186157,0.999908447265625,0.9997504353523254,0.9989798069000244,0.6971527338027954,0.5810608863830566,4.0
370,1.0,0.0,,1.0,1.0,1.0,,,0.9238843321800232,0.706419825553894,0.9997129440307617,0.9997766017913818,0.9993422031402588,0.43813657760620117,0.2236545830965042,0.08912035822868347,2.0
371,1.0,1.0,,1.0,1.0,1.0,,,0.9559763669967651,0.9887266159057617,0.9995832443237305,0.9976871609687805,0.9997736811637878,0.9988568425178528,0.9894847869873047,0.25920021533966064,2.0
372,0.0,,0.0,,0.0,0.0,,,0.0015472805825993419,0.0033185784704983234,0.0011591351358219981,4.454074951354414e-05,0.010466868057847023,0.0002700755721889436,0.030913803726434708,0.0003262454702053219,3.0
373,1.0,1.0,1.0,1.0,1.0,1.0,,,0.5778670310974121,0.9815963506698608,0.9973307847976685,0.9972206354141235,0.9992724657058716,0.9691084623336792,0.06597810238599777,0.014538113959133625,3.0
374,0.0,1.0,1.0,1.0,1.0,1.0,0.0,,0.8169799447059631,0.9949357509613037,0.9986376762390137,0.975422739982605,0.9998695254325867,0.9994919300079346,0.18405106663703918,0.007854362949728966,1.0
375,1.0,1.0,1.0,1.0,1.0,1.0,,,0.9976514577865601,0.9968310594558716,0.9981752038002014,0.9956321716308594,0.9998408555984497,0.9522337913513184,0.9702367782592773,0.17476171255111694,2.0
376,1.0,1.0,1.0,1.0,1.0,1.0,0.0,0.0,0.9406753182411194,0.9982264637947083,0.9991087913513184,0.9982733130455017,0.9999787211418152,0.9941537380218506,0.6438135504722595,0.04511236771941185,1.0
377,0.0,0.0,0.0,0.0,0.0,0.0,0.0,0.0,0.0006928229122422636,0.0002661850303411484,0.00029541124240495265,0.0001241042191395536,0.00819970853626728,0.00018042277952190489,0.006475483998656273,0.00023047845752444118,1.0
378,,,,,,,1.0,0.0,0.05209318920969963,0.07915902137756348,0.7378798723220825,0.004831766244024038,0.09695389866828918,0.5788896679878235,0.19972161948680878,0.0063234479166567326,4.0
379,1.0,1.0,,1.0,1.0,1.0,1.0,0.0,0.9983280897140503,0.9053762555122375,0.9998204112052917,0.23560866713523865,0.9998334050178528,0.9995467662811279,0.6312078237533569,0.6592246890068054,4.0
380,1.0,1.0,1.0,1.0,1.0,0.0,0.0,,0.9657436013221741,0.9526716470718384,0.9980795383453369,0.9912944436073303,0.9991758465766907,0.9376962780952454,0.4804111123085022,0.07861395925283432,1.0
381,1.0,1.0,0.0,1.0,1.0,0.0,0.0,1.0,0.9990068078041077,0.3190574645996094,0.949855387210846,0.9790072441101074,0.24744483828544617,0.2672181725502014,0.09973102062940598,0.831985592842102,1.0
382,1.0,1.0,1.0,1.0,1.0,1.0,1.0,0.0,0.823343813419342,0.998405396938324,0.9983643293380737,0.9553225040435791,0.999863862991333,0.9579878449440002,0.44957253336906433,0.05505615100264549,1.0
383,0.0,1.0,1.0,0.0,1.0,1.0,0.0,,0.12421426177024841,0.9220221638679504,0.7831600308418274,0.17786790430545807,0.9984788298606873,0.12463488429784775,0.3481466472148895,0.0006006520707160234,0.0
384,0.0,1.0,0.0,0.0,1.0,0.0,0.0,0.0,0.84148770570755,0.3468932509422302,0.8545567989349365,0.004576335661113262,0.11029745638370514,0.19251148402690887,0.4892979860305786,0.0020839690696448088,3.0
385,1.0,1.0,1.0,1.0,1.0,1.0,1.0,1.0,0.9967922568321228,0.9993119835853577,0.9981181621551514,0.998397707939148,0.9999487400054932,0.9981610178947449,0.9958586096763611,0.4415076971054077,2.0
386,1.0,1.0,1.0,1.0,1.0,1.0,0.0,0.0,0.5884236097335815,0.9978121519088745,0.998440682888031,0.9827438592910767,0.9997212290763855,0.9989434480667114,0.15789513289928436,0.1655922383069992,3.0
387,0.0,0.0,0.0,0.0,0.0,0.0,0.0,0.0,0.0008961560670286417,0.0004101493104826659,0.00043781401473097503,5.925576260779053e-05,0.01598185859620571,0.00021694166935048997,0.002115430310368538,0.00015520051238127053,0.0
388,0.0,,0.0,0.0,0.0,0.0,,,0.0008367327391169965,0.00031551995198242366,0.00041199862607754767,3.037943497474771e-05,0.017972132191061974,0.00018639846530277282,0.013191054575145245,0.00012047462951159105,3.0
389,0.0,,1.0,,1.0,0.0,,,0.018387446179986,0.7411396503448486,0.714335024356842,0.004170998930931091,0.9811927676200867,0.023001771420240402,0.02969372831285,0.0003330749459564686,3.0
390,0.0,0.0,0.0,0.0,0.0,0.0,0.0,0.0,0.0005081033450551331,0.0002041923435172066,0.0006363627617247403,0.00014727996313013136,0.024079440161585808,0.00035510241286829114,0.004617157857865095,0.00015422963770106435,2.0
391,0.0,0.0,0.0,0.0,0.0,0.0,0.0,0.0,0.0007389883394353092,0.00041240762220695615,8.767555846134201e-05,3.5432021832093596e-05,0.011426663026213646,0.0002862364344764501,0.01315748505294323,0.00023732097179163247,4.0
392,1.0,1.0,1.0,1.0,1.0,1.0,1.0,1.0,0.9999594688415527,0.9997109174728394,0.9997180700302124,0.9962337613105774,0.9998928308486938,0.9964306950569153,0.788305401802063,0.9493057131767273,4.0
393,,,1.0,0.0,1.0,0.0,,,0.4884106516838074,0.7793794870376587,0.9115642309188843,0.15230782330036163,0.9908695220947266,0.17609195411205292,0.0989832729101181,0.001493808114901185,1.0
394,1.0,1.0,1.0,1.0,1.0,1.0,1.0,,0.989874541759491,0.9874189496040344,0.999559760093689,0.9990700483322144,0.9998395442962646,0.8374794125556946,0.646993100643158,0.34537115693092346,1.0
395,0.0,0.0,0.0,0.0,0.0,0.0,,,0.0012343935668468475,0.0006820383714511991,0.0006788023165427148,4.8022528062574565e-05,0.019195467233657837,0.00022740740678273141,0.015671346336603165,0.000150619336636737,3.0
396,0.0,1.0,1.0,0.0,1.0,1.0,,,0.32051515579223633,0.942857027053833,0.8377505540847778,0.8442294597625732,0.999068021774292,0.44530874490737915,0.14555378258228302,0.0004774578264914453,4.0
397,1.0,1.0,1.0,1.0,1.0,1.0,0.0,0.0,0.8631354570388794,0.999027669429779,0.9997801780700684,0.9994261264801025,0.9999650716781616,0.9990553855895996,0.7209749221801758,0.02727597765624523,4.0
398,0.0,1.0,1.0,0.0,1.0,1.0,,,0.1906248927116394,0.9748563766479492,0.8814558982849121,0.2623823881149292,0.9998658895492554,0.9784559607505798,0.24341896176338196,0.0023252456448972225,1.0
399,1.0,0.0,1.0,1.0,1.0,0.0,,,0.9493754506111145,0.1384240984916687,0.9994816780090332,0.9231396317481995,0.8945959806442261,0.011892391368746758,0.04439251869916916,0.05102025717496872,4.0
400,1.0,,1.0,0.0,1.0,1.0,,,0.46613195538520813,0.9968037605285645,0.7333667874336243,0.5610498189926147,0.9991906881332397,0.9205005168914795,0.6176304221153259,0.031114548444747925,4.0
401,,,0.0,0.0,1.0,0.0,,,0.00215887906961143,0.22190457582473755,0.7468528151512146,0.0034174248576164246,0.7496124505996704,0.010182966478168964,0.02411486953496933,0.0004958616336807609,2.0
402,0.0,,1.0,1.0,1.0,1.0,0.0,0.0,0.817998468875885,0.9352747201919556,0.9996504783630371,0.9188559055328369,0.9999448657035828,0.27190086245536804,0.042948976159095764,0.0011148490011692047,0.0
403,1.0,0.0,1.0,0.0,1.0,0.0,,,0.0054106879979372025,0.5797842741012573,0.06654082983732224,0.09424127638339996,0.8406578302383423,0.04120555520057678,0.05032126605510712,0.0005170453805476427,4.0
404,1.0,,1.0,,1.0,0.0,,,0.579766035079956,0.060117535293102264,0.9919037818908691,0.7387382388114929,0.6858999729156494,0.0076310597360134125,0.0379146970808506,0.0025366044137626886,3.0
405,1.0,1.0,1.0,1.0,1.0,1.0,1.0,1.0,0.9976242780685425,0.9998161196708679,0.9997935891151428,0.9995424747467041,0.9999656677246094,0.9990495443344116,0.9725779294967651,0.5425557494163513,2.0
406,1.0,1.0,1.0,1.0,1.0,1.0,1.0,,0.9999498724937439,0.9999028444290161,0.9993177056312561,0.9978041052818298,0.9999531507492065,0.9996606111526489,0.975784420967102,0.9988404512405396,1.0
407,1.0,1.0,,1.0,1.0,1.0,0.0,0.0,0.9789348244667053,0.917148768901825,0.9996529817581177,0.15688349306583405,0.9999127984046936,0.9960883855819702,0.6366191506385803,0.1947472095489502,0.0
408,1.0,1.0,,1.0,1.0,1.0,1.0,1.0,0.9995278120040894,0.9994817972183228,0.9956899881362915,0.9596141576766968,0.999836266040802,0.9998553395271301,0.5227305889129639,0.6312082409858704,0.0
409,,,0.0,0.0,0.0,0.0,,,0.0007158859516493976,0.002004969632253051,0.001701667089946568,0.00042133734677918255,0.2777496576309204,0.009022117592394352,0.04211129993200302,0.0007319701835513115,1.0
410,0.0,0.0,0.0,0.0,0.0,0.0,0.0,0.0,0.0008608557982370257,0.00044740873272530735,0.0004617369268089533,6.655761535512283e-05,0.01950652152299881,0.0002608919166959822,0.002183538395911455,0.00017629181093070656,0.0
411,1.0,1.0,1.0,1.0,1.0,1.0,1.0,1.0,0.9995219707489014,0.9992921948432922,0.9994653463363647,0.997157871723175,0.9996669292449951,0.9935063719749451,0.936508059501648,0.6854773163795471,1.0
412,0.0,0.0,0.0,0.0,0.0,0.0,0.0,,0.0027422448620200157,0.0008982133585959673,0.0015778134111315012,0.0001567319850437343,0.05272206664085388,0.00027711314032785594,0.009550758637487888,0.00033166416687890887,4.0
413,1.0,1.0,1.0,1.0,1.0,1.0,0.0,,0.6174217462539673,0.9979515075683594,0.9969990849494934,0.9974291324615479,0.9998553991317749,0.9993472695350647,0.11714259535074234,0.022057292982935905,2.0
414,0.0,0.0,0.0,0.0,0.0,0.0,0.0,0.0,0.0008183319005183876,0.0005948315374553204,0.0005949296173639596,6.106102227931842e-05,0.005004000384360552,0.00021700414072256535,0.002300152787938714,0.00016058713663369417,0.0
415,0.0,,1.0,,1.0,1.0,,,0.7172573208808899,0.9798286557197571,0.9468655586242676,0.11601731181144714,0.9992320537567139,0.9899842739105225,0.4520910084247589,0.008632956072688103,2.0
416,0.0,0.0,0.0,0.0,0.0,0.0,,,0.0007984882104210556,0.0007462819921784103,0.0004590394382830709,0.00014116628153715283,0.008449217304587364,0.00029347577947191894,0.002498842775821686,0.00015869722119532526,0.0
417,,0.0,0.0,0.0,0.0,,0.0,0.0,0.001257395138964057,0.001347400713711977,0.0004980242811143398,0.0001759564911480993,0.010745042935013771,0.00048638298176229,0.01040440984070301,0.0004224641597829759,4.0
418,1.0,,1.0,0.0,1.0,1.0,,,0.8101504445075989,0.9724998474121094,0.961396336555481,0.26709628105163574,0.9994751811027527,0.9930769801139832,0.42575955390930176,0.01248986553400755,4.0
419,0.0,0.0,0.0,0.0,0.0,0.0,0.0,0.0,0.0006884787580929697,0.0002253247075714171,0.0006569825927726924,0.00019544284441508353,0.01160738617181778,0.00016842811601236463,0.008280257694423199,0.0001723767927614972,2.0
420,1.0,,1.0,1.0,1.0,1.0,,,0.8483646512031555,0.9859877228736877,0.9998411536216736,0.9990081191062927,0.9999858140945435,0.8111785054206848,0.08961986005306244,0.022532451897859573,0.0
421,0.0,,0.0,,0.0,0.0,,,0.0014425549888983369,0.0005104517913423479,0.001602750038728118,0.00011768359399866313,0.021457064896821976,0.0003251269808970392,0.0167553573846817,0.00045380054507404566,2.0
422,0.0,0.0,0.0,0.0,0.0,0.0,0.0,0.0,0.0010541279334574938,0.0005311965360306203,0.0009716639178805053,6.251888407859951e-05,0.055825840681791306,0.0003641801595222205,0.02605445683002472,0.00013030340778641403,0.0
423,0.0,0.0,1.0,0.0,1.0,0.0,1.0,,0.10777273774147034,0.388610303401947,0.5293656587600708,0.04049323499202728,0.9213972091674805,0.011863148771226406,0.07926232367753983,0.0003482448519207537,1.0
424,1.0,,1.0,,1.0,1.0,,,0.7828725576400757,0.955756664276123,0.947847843170166,0.7458138465881348,0.9998481869697571,0.6536229252815247,0.19678905606269836,0.006578116677701473,3.0
425,1.0,1.0,1.0,1.0,1.0,1.0,1.0,0.0,0.9718930125236511,0.99797523021698,0.9998682737350464,0.9905208945274353,0.9998794794082642,0.7911302447319031,0.45350977778434753,0.08413359522819519,2.0
426,0.0,,0.0,0.0,0.0,0.0,,,0.0010391040705144405,0.0004457127070054412,0.0004291141522116959,9.555396536597982e-05,0.007673762738704681,0.000324223015923053,0.006536552682518959,0.0001704849419184029,0.0
427,1.0,1.0,1.0,1.0,1.0,0.0,0.0,,0.9975066781044006,0.9214354753494263,0.9991404414176941,0.8052085041999817,0.9985586404800415,0.8211520314216614,0.5256780385971069,0.22896799445152283,1.0
428,,,,,,,0.0,0.0,0.16503724455833435,0.09254404157400131,0.05262259021401405,0.010710145346820354,0.10348860174417496,0.16527153551578522,0.08793278783559799,0.00088546855840832,2.0
429,1.0,1.0,0.0,0.0,1.0,0.0,0.0,0.0,0.5206844806671143,0.45162564516067505,0.6881833672523499,0.11788330227136612,0.8033441305160522,0.4863647222518921,0.08534428477287292,0.0036819258239120245,1.0
430,0.0,,0.0,0.0,0.0,0.0,,,0.015022858045995235,0.002892003394663334,0.0011504525318741798,0.0007042511133477092,0.03668440133333206,0.004266406875103712,0.06221138685941696,0.0003792706993408501,0.0
431,0.0,0.0,0.0,0.0,1.0,0.0,0.0,0.0,0.0018923335010185838,0.14871978759765625,0.005027086939662695,9.50973917497322e-05,0.9949200749397278,0.018945517018437386,0.009509592317044735,0.0001751613599481061,4.0
432,1.0,,1.0,,1.0,1.0,,,0.8548228740692139,0.9980760216712952,0.9903042912483215,0.9999201893806458,0.9999642372131348,0.9491613507270813,0.34650397300720215,0.1401623785495758,0.0
433,1.0,0.0,1.0,1.0,1.0,0.0,0.0,0.0,0.9906077980995178,0.691054105758667,0.9904484152793884,0.9668402671813965,0.648973286151886,0.2634133994579315,0.291727751493454,0.43482139706611633,0.0
434,1.0,1.0,1.0,1.0,1.0,1.0,1.0,,0.9988765716552734,0.9998278021812439,0.9997890591621399,0.9991938471794128,0.9992880821228027,0.9997038841247559,0.8025950193405151,0.41375142335891724,3.0
435,0.0,0.0,0.0,0.0,0.0,0.0,0.0,0.0,0.0008142699371092021,0.0005098681431263685,0.0004188165767118335,6.652576848864555e-05,0.0104920519515872,0.0002223578776465729,0.0023368278052657843,0.00013380387099459767,0.0
436,1.0,1.0,1.0,1.0,1.0,1.0,0.0,1.0,0.9996475577354431,0.9970026016235352,0.9809337258338928,0.9871268272399902,0.9999501705169678,0.9993534088134766,0.5015336275100708,0.45840689539909363,1.0
437,1.0,1.0,1.0,1.0,1.0,1.0,,,0.7502418756484985,0.9988025426864624,0.9998263120651245,0.9981164932250977,0.999835193157196,0.9983004331588745,0.09623567014932632,0.027358174324035645,3.0
438,0.0,0.0,0.0,0.0,0.0,0.0,0.0,0.0,0.005336058791726828,0.003881842130795121,0.0006500500021502376,8.207275823224336e-05,0.010475948452949524,0.00018100132001563907,0.013881245627999306,0.00019317555415909737,0.0
439,0.0,1.0,0.0,0.0,1.0,0.0,0.0,0.0,0.009702297858893871,0.3015426993370056,0.28412342071533203,0.0003132590209133923,0.9926769137382507,0.2763630449771881,0.05721577629446983,0.00023762999626342207,1.0
440,0.0,,0.0,,0.0,0.0,,,0.0014886194840073586,0.0011244136840105057,0.0011241510510444641,8.376223559025675e-05,0.006341659463942051,0.0005510652554221451,0.015898291021585464,0.00021343886328395456,0.0
441,1.0,1.0,1.0,1.0,1.0,1.0,0.0,0.0,0.8769630193710327,0.9883472919464111,0.9540631771087646,0.9972121119499207,0.9973343014717102,0.9989932179450989,0.045813750475645065,0.2703624367713928,4.0
442,1.0,1.0,1.0,1.0,1.0,1.0,,,0.8676139712333679,0.9703638553619385,0.9931535720825195,0.955098032951355,0.9980716705322266,0.9988733530044556,0.07030777633190155,0.7788825631141663,2.0
443,0.0,,0.0,,0.0,0.0,,,0.0017124421428889036,0.0009952200343832374,0.0012538786977529526,7.685575837967917e-05,0.006433719769120216,0.0004386481596156955,0.012611908838152885,0.00022978190099820495,0.0
444,1.0,1.0,1.0,1.0,1.0,1.0,1.0,,0.9992092251777649,0.9999032616615295,0.9998488426208496,0.9965506196022034,0.9999702572822571,0.9877112507820129,0.534247100353241,0.6640465259552002,3.0
445,0.0,0.0,0.0,0.0,1.0,0.0,0.0,,0.04840009659528732,0.15288430452346802,0.04883650690317154,0.0013167853467166424,0.9879240989685059,0.011467049829661846,0.010833529755473137,0.0003173186560161412,0.0
446,1.0,,1.0,1.0,1.0,1.0,,,0.9243243336677551,0.9992416501045227,0.9988728165626526,0.9953648447990417,0.9999023079872131,0.9996680617332458,0.840322732925415,0.13042345643043518,3.0
447,1.0,,1.0,1.0,1.0,1.0,0.0,0.0,0.9969019889831543,0.9109118580818176,0.9827232360839844,0.9912010431289673,0.994918942451477,0.9940952062606812,0.1048457995057106,0.6080991625785828,1.0
448,1.0,,1.0,1.0,1.0,1.0,0.0,0.0,0.8033792972564697,0.9987019896507263,0.9994016289710999,0.990984320640564,0.9991350173950195,0.9839783906936646,0.0736464336514473,0.050855398178100586,3.0
449,,,0.0,,0.0,0.0,,,0.0027955318801105022,0.003295318689197302,0.007662483956664801,9.663829405326396e-05,0.03990190476179123,0.0004262189904693514,0.03495236113667488,0.0005624043405987322,3.0
450,1.0,1.0,1.0,1.0,1.0,1.0,,,0.9892325401306152,0.9996479749679565,0.9995988011360168,0.628557562828064,0.9999673366546631,0.9975062608718872,0.2179323136806488,0.6509367227554321,0.0
451,1.0,1.0,1.0,1.0,1.0,1.0,1.0,1.0,0.9997759461402893,0.9997476935386658,0.9995291233062744,0.9992409944534302,0.9999461770057678,0.9990887641906738,0.9813571572303772,0.4784573018550873,2.0
452,0.0,0.0,0.0,0.0,0.0,0.0,0.0,0.0,0.003379014553502202,0.0003112715494353324,0.00011248608643654734,7.69384132581763e-05,0.013084743171930313,0.00019346139742992818,0.007681574672460556,0.0001884722150862217,4.0
453,0.0,0.0,0.0,0.0,0.0,0.0,0.0,0.0,0.0007049412815831602,0.000402524572564289,0.0003622855874709785,0.00011834156612167135,0.012710836715996265,0.00022189630544744432,0.012758208438754082,0.0001745877816574648,1.0
454,,,0.0,0.0,1.0,0.0,,,0.0024130551610141993,0.28858649730682373,0.03637564182281494,7.765174814267084e-05,0.9958352446556091,0.21621929109096527,0.07891437411308289,0.00031505903461948037,3.0
455,0.0,0.0,0.0,0.0,0.0,0.0,,,0.0007095970795489848,0.0005093152867630124,6.780069816159084e-05,0.00010605030547594652,0.024418292567133904,0.00017341900093015283,0.007939010858535767,0.00013946639955975115,4.0
456,0.0,1.0,1.0,1.0,1.0,0.0,1.0,,0.9374046921730042,0.9907630085945129,0.998140811920166,0.9656438827514648,0.9698246121406555,0.4962153136730194,0.4102063775062561,0.0015910036163404584,3.0
457,0.0,0.0,0.0,0.0,0.0,0.0,0.0,0.0,0.0008996186079457402,0.0003987592353951186,0.00084012805018574,0.00018643018847797066,0.012904827482998371,0.00031386775663122535,0.006894581485539675,0.0003429831413086504,1.0
458,0.0,0.0,0.0,0.0,0.0,0.0,,,0.0007093069143593311,0.0004520770162343979,0.0008953236974775791,0.00013952986046206206,0.005134591367095709,0.0001340944436378777,0.008633214980363846,0.0003481072490103543,1.0
459,1.0,1.0,1.0,1.0,1.0,1.0,,,0.9946303963661194,0.9991108179092407,0.9995792508125305,0.9968360066413879,0.999735414981842,0.9986612796783447,0.14962562918663025,0.09507530927658081,4.0
460,0.0,0.0,0.0,0.0,1.0,0.0,0.0,,0.0021400803234428167,0.054341353476047516,0.025165937840938568,8.370449359063059e-05,0.981808066368103,0.06731706112623215,0.00858268141746521,0.00011504536087159067,3.0
461,0.0,,0.0,,0.0,0.0,,,0.0020105422008782625,0.0014124397421255708,0.0011534813093021512,0.0002492021885700524,0.023512601852416992,0.0005143070593476295,0.011134552769362926,0.00020987102470826358,0.0
462,,,,,,,0.0,0.0,0.06809636205434799,0.053707391023635864,0.026812320575118065,0.0032955296337604523,0.02101128175854683,0.07743343710899353,0.03261386975646019,0.0005794557509943843,1.0
463,0.0,,0.0,,0.0,0.0,,,0.0025010202080011368,0.0015642193611711264,0.0013672922505065799,0.00027918731211684644,0.015945907682180405,0.000713534071110189,0.01622733101248741,0.00022419837478082627,0.0
464,,,0.0,0.0,1.0,0.0,,,0.0020248552318662405,0.01924021542072296,0.08371233195066452,0.00017066513828467578,0.023763207718729973,0.0037874889094382524,0.007626129314303398,0.00018295068002771586,0.0
465,0.0,,0.0,,0.0,0.0,,,0.0011142698349431157,0.0005870892200618982,0.0009088927181437612,0.00017564493464305997,0.010785318911075592,0.00028162519447505474,0.028612136840820312,0.0004638750688172877,2.0
466,1.0,1.0,1.0,1.0,1.0,1.0,1.0,1.0,0.9997813701629639,0.9998825192451477,0.9999208450317383,0.9998842477798462,0.9997783303260803,0.9673473238945007,0.9788314700126648,0.6420401334762573,4.0
467,1.0,1.0,1.0,1.0,1.0,1.0,1.0,0.0,0.8982149362564087,0.9973704218864441,0.999184250831604,0.23233133554458618,0.9998389482498169,0.9996145963668823,0.7647237777709961,0.2275393307209015,2.0
468,0.0,0.0,0.0,0.0,0.0,0.0,0.0,0.0,0.0005828387220390141,0.0003240648075006902,0.0010982101084664464,0.0001727604540064931,0.004369156435132027,0.0002747110847849399,0.039297204464673996,0.00029532628832384944,2.0
469,1.0,1.0,1.0,1.0,1.0,1.0,0.0,1.0,0.9999058842658997,0.999801516532898,0.9984565377235413,0.9984577894210815,0.9999690055847168,0.9990359544754028,0.7745305895805359,0.9766697883605957,4.0
470,1.0,1.0,1.0,0.0,1.0,1.0,1.0,0.0,0.32947656512260437,0.9830762147903442,0.9683732986450195,0.36809027194976807,0.9998011589050293,0.9777612686157227,0.6052148938179016,0.005176837090402842,3.0
471,1.0,1.0,1.0,1.0,1.0,1.0,0.0,1.0,0.9950571656227112,0.8700107336044312,0.9984114170074463,0.9998329281806946,0.9999192953109741,0.9984376430511475,0.13329683244228363,0.7011645436286926,0.0
472,1.0,0.0,1.0,0.0,1.0,1.0,1.0,0.0,0.8589227199554443,0.997921347618103,0.756177544593811,0.2929544150829315,0.9969915151596069,0.5837399959564209,0.6903440952301025,0.04104307293891907,0.0
473,1.0,,1.0,,1.0,0.0,,,0.543043851852417,0.9385526776313782,0.9315856099128723,0.49985745549201965,0.9327623248100281,0.02450653351843357,0.3066291809082031,0.06403481215238571,4.0
474,1.0,1.0,1.0,1.0,1.0,1.0,1.0,0.0,0.7919822931289673,0.9997076392173767,0.9998603463172913,0.9901180863380432,0.9999002814292908,0.9985431432723999,0.4183756411075592,0.09327767044305801,4.0
475,0.0,,0.0,,0.0,0.0,,,0.001608958118595183,0.001708886120468378,0.000999577110633254,3.563167047104798e-05,0.03464231640100479,0.0009749060845933855,0.030236463993787766,0.00037051906110718846,3.0
476,0.0,1.0,1.0,0.0,1.0,0.0,0.0,0.0,0.06718622893095016,0.8254222869873047,0.6509240865707397,0.003832148853689432,0.9710848331451416,0.32032158970832825,0.024650219827890396,0.00031788580236025155,2.0
477,1.0,1.0,1.0,1.0,1.0,1.0,0.0,0.0,0.8564862012863159,0.9993415474891663,0.995821475982666,0.9981779456138611,0.9997379779815674,0.9303334951400757,0.7061462998390198,0.04762366786599159,2.0
478,0.0,,0.0,0.0,0.0,0.0,,,0.002088346751406789,0.0015421495772898197,0.0009591017733328044,0.00015756375796627253,0.019461164250969887,0.0004172652552369982,0.05470000579953194,0.0003599555348046124,0.0
479,0.0,,0.0,,0.0,0.0,,,0.005344901233911514,0.002637870842590928,0.0961979404091835,0.00018433493096381426,0.5590710043907166,0.023525193333625793,0.016249120235443115,0.00017398469208274037,0.0
480,0.0,,1.0,1.0,1.0,1.0,,,0.5477674007415771,0.9066802263259888,0.9952028393745422,0.9049926400184631,0.999708890914917,0.1360529214143753,0.46332216262817383,0.001452155178412795,0.0
481,0.0,1.0,1.0,0.0,1.0,0.0,,,0.020620832219719887,0.7974284887313843,0.9084357023239136,0.021494995802640915,0.9938402771949768,0.09604844450950623,0.028006665408611298,0.0003653423336800188,2.0
482,0.0,0.0,0.0,0.0,0.0,0.0,0.0,0.0,0.0009664925746619701,0.0011994160013273358,0.0011296228040009737,9.225591202266514e-05,0.005870024207979441,0.0003605899401009083,0.0024965961929410696,0.00014850441948510706,0.0
483,0.0,0.0,0.0,0.0,0.0,0.0,0.0,,0.021505778655409813,0.004813546780496836,0.0005090150516480207,0.0005505405133590102,0.027750233188271523,0.04725208878517151,0.03862156718969345,0.0006391452043317258,1.0
484,0.0,0.0,0.0,0.0,0.0,0.0,0.0,0.0,0.0009109384845942259,0.00027939354185946286,0.0003299282107036561,3.800827471422963e-05,0.004755600821226835,0.00031746283639222383,0.01410392951220274,0.00010063684749184176,3.0
485,,,0.0,0.0,0.0,0.0,,,0.0010427571833133698,0.0009905500337481499,0.0009747847798280418,0.00021334529446903616,0.017197629436850548,0.0003701426030602306,0.009054075926542282,0.00018622174684423953,0.0
486,0.0,0.0,0.0,0.0,0.0,0.0,0.0,0.0,0.0007575014606118202,0.0004088642308488488,0.0005087712779641151,8.341317879967391e-05,0.0064435796812176704,0.0002278712927363813,0.0023731852415949106,0.0001234089577337727,0.0
487,,,1.0,,1.0,0.0,,,0.027880990877747536,0.37648898363113403,0.5709683299064636,0.3944762647151947,0.9451988935470581,0.06189504265785217,0.08560773730278015,0.0012414272641763091,4.0
488,1.0,,1.0,0.0,1.0,1.0,,,0.5606334805488586,0.9876779317855835,0.9266072511672974,0.10365501046180725,0.9912794828414917,0.9566035270690918,0.0624786913394928,0.0014283424243330956,4.0
489,0.0,,0.0,0.0,0.0,0.0,,,0.00044793900451622903,0.00026169983902946115,0.0005943637224845588,0.00011926890147151425,0.00793338194489479,0.00021876173559576273,0.01047977339476347,0.0002857505751308054,2.0
490,,,0.0,,0.0,0.0,,,0.19737008213996887,0.005461681168526411,0.0014917413936927915,0.0005578568088822067,0.020234117284417152,0.02636222541332245,0.13378366827964783,0.015547170303761959,2.0
491,1.0,1.0,1.0,1.0,1.0,1.0,0.0,,0.7701007127761841,0.9995397925376892,0.9984719157218933,0.9988252520561218,0.9999565482139587,0.9996572732925415,0.17595762014389038,0.1179562583565712,3.0
492,0.0,,0.0,0.0,0.0,0.0,,,0.0031342802103608847,0.0009216346661560237,0.0008825662080198526,0.000179887589183636,0.019781095907092094,0.0008132409420795739,0.024526309221982956,0.00029426984838210046,4.0
493,,,0.0,0.0,1.0,0.0,,,0.0019682080019265413,0.17625394463539124,0.028315046802163124,0.00039554067188873887,0.9882452487945557,0.04837890341877937,0.07497626543045044,0.0005216431454755366,2.0
494,,,1.0,1.0,1.0,1.0,,,0.9212789535522461,0.946036159992218,0.9974048137664795,0.9558696746826172,0.9998142719268799,0.8677705526351929,0.4133935570716858,0.024751704186201096,1.0
495,0.0,,1.0,0.0,1.0,1.0,,,0.1422630399465561,0.9492678046226501,0.9777679443359375,0.28083673119544983,0.9998936653137207,0.9980871677398682,0.07541806995868683,0.0004878188483417034,0.0
496,1.0,0.0,1.0,1.0,1.0,1.0,0.0,1.0,0.9996260404586792,0.9954812526702881,0.9839177131652832,0.999849259853363,0.9928882718086243,0.8900514245033264,0.056309014558792114,0.436452716588974,4.0
497,0.0,0.0,0.0,0.0,0.0,0.0,0.0,0.0,0.0005470337928272784,0.00028859765734523535,0.0014840810326859355,8.298458124045283e-05,0.2962268590927124,0.012128794565796852,0.0253822710365057,0.00014372437726706266,2.0
498,0.0,0.0,0.0,0.0,0.0,0.0,0.0,0.0,0.0007375039858743548,0.000991010689176619,0.00019527546828612685,6.756566290277988e-05,0.007067773025482893,0.0003449215437285602,0.014392566867172718,0.0005013616173528135,4.0
499,1.0,1.0,1.0,1.0,1.0,1.0,0.0,,0.9332283735275269,0.9893615245819092,0.9998137950897217,0.9976335763931274,0.9998713135719299,0.9732972979545593,0.19933673739433289,0.03850477561354637,3.0
500,0.0,0.0,0.0,0.0,1.0,0.0,0.0,0.0,0.021001093089580536,0.12119659781455994,0.6536491513252258,0.20363059639930725,0.6722574234008789,0.9872386455535889,0.02172957733273506,0.00034665403654798865,1.0
501,1.0,1.0,1.0,1.0,1.0,1.0,0.0,,0.9986807107925415,0.999617338180542,0.9995459914207458,0.9985044002532959,0.9999484419822693,0.9772844314575195,0.8280107975006104,0.5402963161468506,3.0
502,0.0,0.0,0.0,0.0,0.0,0.0,0.0,0.0,0.0007162959664128721,0.00046432428644038737,8.400130172958598e-05,3.178725091856904e-05,0.00465799355879426,0.00024020724231377244,0.016416113823652267,0.0003600228519644588,4.0
503,0.0,,0.0,,0.0,0.0,,,0.0016276680398732424,0.0010666913585737348,0.0016450146213173866,0.00014304342039395124,0.007143527735024691,0.0004175822250545025,0.036622267216444016,0.000423296878580004,2.0
504,1.0,,1.0,1.0,0.0,0.0,,,0.9706240892410278,0.11231345683336258,0.9779837727546692,0.9283623099327087,0.7526131272315979,0.08682555705308914,0.6601316332817078,0.32501912117004395,3.0
505,1.0,1.0,1.0,1.0,1.0,1.0,0.0,1.0,0.999407947063446,0.9985295534133911,0.9993271827697754,0.9423680901527405,0.9999470114707947,0.9996169805526733,0.35075056552886963,0.1612774282693863,1.0
506,0.0,0.0,0.0,0.0,0.0,0.0,0.0,0.0,0.0005766256945207715,0.0004171869077254087,0.00047493737656623125,0.00013085662794765085,0.06165660545229912,0.0005107971956022084,0.006615057121962309,0.00022803302272222936,1.0
507,0.0,0.0,0.0,0.0,0.0,0.0,0.0,0.0,0.0006957199657335877,0.0003774627111852169,0.000688539759721607,0.00013817552826367319,0.01108556892722845,0.000273325655143708,0.008485374972224236,0.0002376284246565774,1.0
508,1.0,1.0,1.0,1.0,1.0,1.0,0.0,1.0,0.9979280233383179,0.8571497201919556,0.9603403210639954,0.9943048357963562,0.9999023675918579,0.9843754768371582,0.008008366450667381,0.8391559720039368,0.0
509,1.0,1.0,1.0,1.0,1.0,1.0,1.0,,0.9998990297317505,0.9996910095214844,0.9998789429664612,0.9962255954742432,0.9999862909317017,0.7866097688674927,0.8694891929626465,0.8391551971435547,0.0
510,0.0,,0.0,0.0,0.0,0.0,,,0.000769329781178385,0.0005678815068677068,0.0005174299003556371,3.501315586618148e-05,0.022324778139591217,0.0002474563953001052,0.011320918798446655,0.0002238537563243881,3.0
511,1.0,,1.0,,1.0,1.0,,,0.7729408144950867,0.9972610473632812,0.9899669289588928,0.42777737975120544,0.9998711347579956,0.9817785024642944,0.298092782497406,0.12090490758419037,1.0
512,1.0,,1.0,1.0,1.0,0.0,,,0.8321543335914612,0.15545445680618286,0.9994688034057617,0.9972901344299316,0.8879168033599854,0.2419682890176773,0.2100939154624939,0.050384894013404846,4.0
513,0.0,,1.0,1.0,1.0,0.0,,,0.27416980266571045,0.7071904540061951,0.9893514513969421,0.1356733739376068,0.9432171583175659,0.2565922439098358,0.20663057267665863,0.007362640928477049,2.0
514,,,0.0,,0.0,0.0,,,0.0010432025883346796,0.0014136000536382198,0.0008311514393426478,0.0003316929505672306,0.00816296599805355,0.0004972038441337645,0.016636384651064873,0.0004641274572350085,1.0
515,1.0,1.0,1.0,1.0,1.0,1.0,0.0,0.0,0.9966667890548706,0.99913090467453,0.9989921450614929,0.9938211441040039,0.9994969367980957,0.9976750016212463,0.453479140996933,0.06589866429567337,4.0
516,1.0,1.0,1.0,1.0,1.0,1.0,0.0,,0.9161455631256104,0.99693763256073,0.9983735680580139,0.995690107345581,0.9998770952224731,0.9847269654273987,0.7942705750465393,0.09109488129615784,2.0
517,1.0,,1.0,1.0,1.0,1.0,,,0.9017145037651062,0.9994146823883057,0.9997612237930298,0.9349546432495117,0.9998853206634521,0.9987991452217102,0.8215091228485107,0.19729314744472504,3.0
518,0.0,1.0,1.0,0.0,1.0,1.0,1.0,0.0,0.3862448036670685,0.8030550479888916,0.9533413648605347,0.016849085688591003,0.9998474717140198,0.8349123597145081,0.08642148971557617,0.0004777258727699518,2.0
519,,,,,,,0.0,0.0,0.08093273639678955,0.047878772020339966,0.04653206095099449,0.015359515324234962,0.042963478714227676,0.12188524752855301,0.0694088563323021,0.001125517301261425,1.0
520,0.0,,0.0,,0.0,0.0,,,0.001516259042546153,0.0009576308657415211,0.0013994781766086817,0.00017585791647434235,0.01650295779109001,0.0007184145506471395,0.017495516687631607,0.0005291406414471567,2.0
521,0.0,0.0,0.0,0.0,0.0,0.0,0.0,0.0,0.00048664130736142397,0.0002831153979059309,6.243078678380698e-05,3.5419237974565476e-05,0.009036299772560596,0.0001425107184331864,0.006222875788807869,0.00017838634084910154,4.0
522,0.0,1.0,1.0,0.0,1.0,0.0,0.0,0.0,0.3356054425239563,0.7673144340515137,0.9337629079818726,0.10665826499462128,0.7702926397323608,0.6153275966644287,0.27803507447242737,0.01468271017074585,0.0
523,1.0,1.0,1.0,1.0,1.0,1.0,1.0,,0.9996270537376404,0.9996022582054138,0.9999071955680847,0.9992346167564392,0.9997053742408752,0.9925063848495483,0.9361886382102966,0.6391037702560425,3.0
524,0.0,0.0,0.0,0.0,0.0,0.0,0.0,0.0,0.0005176502745598555,0.00025187546270899475,5.882950790692121e-05,2.9980281397001818e-05,0.010512949898838997,0.00013982581731397659,0.006378141697496176,0.0001912574516609311,4.0
525,0.0,,0.0,,0.0,0.0,,,0.0011352733708918095,0.0012126034125685692,0.0011910460889339447,3.59597361239139e-05,0.011041585355997086,0.0001936783955898136,0.014539578929543495,0.00032661264413036406,3.0
526,1.0,,1.0,1.0,1.0,1.0,1.0,0.0,0.9199109673500061,0.9987528324127197,0.9997124671936035,0.998603105545044,0.9999391436576843,0.9500172138214111,0.3210866153240204,0.07622642815113068,2.0
527,,,,,1.0,1.0,,,0.7197951078414917,0.8296539187431335,0.9985843896865845,0.9511318206787109,0.9998455047607422,0.801348090171814,0.04893534258008003,0.019830387085676193,0.0
528,0.0,1.0,1.0,0.0,1.0,0.0,0.0,0.0,0.03995451331138611,0.26932021975517273,0.32964766025543213,0.05468330159783363,0.8336132764816284,0.02977762743830681,0.1147746592760086,0.0002305797825101763,0.0
529,1.0,1.0,1.0,1.0,1.0,1.0,1.0,,0.9981279373168945,0.9964380264282227,0.9991213083267212,0.9655421376228333,0.9997431635856628,0.9967235326766968,0.9919918179512024,0.547798216342926,1.0
530,0.0,0.0,0.0,0.0,0.0,0.0,0.0,0.0,0.004850630648434162,0.004537617787718773,0.0003875663678627461,7.296305557247251e-05,0.009776785969734192,0.0004986447747796774,0.013745930045843124,0.0002737558970693499,0.0
531,0.0,0.0,0.0,0.0,0.0,0.0,0.0,0.0,0.0003535440773703158,0.00022287816682364792,0.0005797225749120116,7.675732194911689e-05,0.008434321731328964,0.00020263835904188454,0.007021983619779348,0.00014965469017624855,2.0
532,1.0,,1.0,,1.0,1.0,,,0.6958463191986084,0.9921513199806213,0.9527286887168884,0.9980106949806213,0.9994247555732727,0.9989646077156067,0.2493358701467514,0.12372523546218872,0.0
533,0.0,0.0,0.0,0.0,0.0,0.0,0.0,0.0,0.0011649803491309285,0.000706333783455193,0.0004526713746599853,2.500163645891007e-05,0.009007164277136326,0.0005825780681334436,0.022868391126394272,0.00010635408398229629,3.0
534,1.0,1.0,0.0,0.0,0.0,0.0,0.0,0.0,0.3618520498275757,0.9273967742919922,0.1308111846446991,0.12299074232578278,0.4215553104877472,0.0035442861262708902,0.2834708094596863,0.00914989598095417,1.0
535,1.0,,1.0,1.0,1.0,1.0,,,0.6577202081680298,0.9986638426780701,0.9987253546714783,0.9988279938697815,0.9999738335609436,0.9989449977874756,0.6944728493690491,0.02394210733473301,1.0
536,1.0,1.0,1.0,1.0,1.0,1.0,1.0,1.0,0.9994657039642334,0.9998878836631775,0.9997390508651733,0.9972326755523682,0.9998207688331604,0.9998615384101868,0.925133228302002,0.5581727027893066,3.0
537,1.0,,1.0,1.0,1.0,1.0,,,0.9982001185417175,0.6882792115211487,0.9996153116226196,0.9177087545394897,0.9856504201889038,0.699319064617157,0.08529020845890045,0.026941780000925064,4.0
538,0.0,0.0,0.0,0.0,0.0,0.0,,,0.0006065759225748479,0.0005037811351940036,0.0008640313753858209,0.00014477795048151165,0.006365457084029913,0.00014965316222514957,0.00851136539131403,0.00032989453757181764,1.0
539,1.0,1.0,1.0,1.0,1.0,1.0,0.0,0.0,0.9910507798194885,0.9991405606269836,0.9997789859771729,0.9989268183708191,0.9998571872711182,0.9902514219284058,0.3650152385234833,0.03620022535324097,3.0
540,,,0.0,0.0,0.0,0.0,,,0.0025829062797129154,0.0020709799136966467,0.0007653780048713088,0.0006530990940518677,0.044761404395103455,0.0005299394251778722,0.02463366463780403,0.0004162850382272154,4.0
541,0.0,0.0,0.0,0.0,0.0,0.0,0.0,0.0,0.0008048742893151939,0.0004703566082753241,0.0003545497020240873,3.214387834304944e-05,0.008763502351939678,0.00014509406173601747,0.005851305089890957,0.0001057396802934818,3.0
542,0.0,0.0,0.0,0.0,0.0,0.0,0.0,0.0,0.0005305978120304644,0.0002927414607256651,0.0008554755477234721,0.00010519739589653909,0.012697366997599602,0.00045761303044855595,0.005158537998795509,0.00034273118944838643,2.0
543,0.0,1.0,1.0,1.0,1.0,1.0,0.0,0.0,0.698410153388977,0.9678827524185181,0.9979507327079773,0.9295935034751892,0.9999713897705078,0.991028368473053,0.49573662877082825,0.001190199051052332,1.0
544,0.0,,0.0,0.0,0.0,0.0,,,0.17014271020889282,0.008856942877173424,0.013771145604550838,0.00024607032537460327,0.03193768486380577,0.02313956990838051,0.1669996976852417,0.00041037751361727715,0.0
545,0.0,,0.0,0.0,0.0,0.0,,,0.0014643101021647453,0.0029328272212296724,0.0011054161004722118,4.5152373786550015e-05,0.012841339223086834,0.0012973122065886855,0.048171717673540115,0.0005597597337327898,3.0
546,1.0,1.0,1.0,1.0,1.0,1.0,1.0,1.0,0.9984452724456787,0.9997137784957886,0.9991924166679382,0.9996163845062256,0.9998900890350342,0.9999048113822937,0.7399986386299133,0.7916129231452942,4.0
547,0.0,0.0,0.0,0.0,0.0,0.0,0.0,0.0,0.0035886059049516916,0.0002446705475449562,0.0009392890497110784,0.0004464448429644108,0.050086088478565216,0.00024988336372189224,0.03615608811378479,0.0002708308456931263,2.0
548,1.0,,1.0,1.0,1.0,1.0,,,0.9293708205223083,0.9946176409721375,0.9989949464797974,0.937495231628418,0.9989972710609436,0.8045473098754883,0.6504120230674744,0.08939802646636963,1.0
549,1.0,1.0,1.0,1.0,1.0,1.0,1.0,0.0,0.998889684677124,0.9988740682601929,0.9997148513793945,0.9991094470024109,0.9999268054962158,0.999014675617218,0.980363667011261,0.42748287320137024,2.0
550,0.0,1.0,1.0,,1.0,1.0,,,0.02808724343776703,0.9795464873313904,0.8360495567321777,0.011608840897679329,0.9999368190765381,0.9753093719482422,0.13600574433803558,0.0002378612698521465,4.0
551,0.0,1.0,1.0,,1.0,1.0,,,0.7403531670570374,0.9947634339332581,0.8178269267082214,0.09166179597377777,0.9999305605888367,0.9772200584411621,0.023767683655023575,0.0032613060902804136,2.0
552,0.0,1.0,1.0,0.0,1.0,0.0,0.0,,0.17208409309387207,0.172628715634346,0.8783608078956604,0.05400906503200531,0.9798376560211182,0.3034781217575073,0.012166370637714863,0.00021762076357845217,1.0
553,1.0,,1.0,1.0,1.0,1.0,,,0.9993807077407837,0.9995996356010437,0.9998287558555603,0.9998006820678711,0.9995756149291992,0.9574528932571411,0.5780375003814697,0.8683040142059326,2.0
554,1.0,1.0,1.0,1.0,1.0,1.0,0.0,0.0,0.9244493842124939,0.9925792813301086,0.9973514080047607,0.9892680644989014,0.9997420310974121,0.9994280338287354,0.8979782462120056,0.19155384600162506,0.0
555,0.0,,0.0,0.0,1.0,0.0,,,0.008851530961692333,0.21003611385822296,0.09616630524396896,0.002059927675873041,0.8323332667350769,0.2042733132839203,0.21433113515377045,0.001246738014742732,0.0
556,0.0,,0.0,,1.0,0.0,,,0.0017803708324208856,0.3242935538291931,0.16126248240470886,0.0002771382569335401,0.993238627910614,0.09244385361671448,0.011890934780240059,0.00034917888115160167,1.0
557,0.0,,0.0,0.0,0.0,0.0,,,0.0006702422979287803,0.00048439588863402605,0.0006953839911147952,0.00014643034955952317,0.006621807813644409,0.00028031764668412507,0.016875404864549637,0.0002577780687715858,1.0
558,1.0,0.0,0.0,1.0,0.0,0.0,0.0,0.0,0.9541314244270325,0.6242663860321045,0.344513475894928,0.6971447467803955,0.1946566253900528,0.001422333880327642,0.8465626835823059,0.6763802170753479,2.0
559,0.0,0.0,0.0,0.0,0.0,0.0,0.0,0.0,0.0032125168945640326,0.0007353473920375109,0.00017357335309498012,0.0001036450412357226,0.015004360117018223,0.00023371934366878122,0.012625254690647125,0.00035337384906597435,4.0
560,0.0,0.0,0.0,0.0,0.0,0.0,0.0,0.0,0.00036385279963724315,0.0002489318430889398,0.0007320316508412361,7.523694512201473e-05,0.008748289197683334,0.00018497098062653095,0.013147415593266487,0.00015802636335138232,2.0
561,0.0,0.0,0.0,0.0,1.0,0.0,0.0,0.0,0.0051987990736961365,0.013484498485922813,0.20203188061714172,0.00030369224259629846,0.7468738555908203,0.05799548700451851,0.014942536130547523,0.00030268472619354725,1.0
562,0.0,1.0,1.0,0.0,1.0,0.0,0.0,0.0,0.027099791914224625,0.7508624792098999,0.7853357195854187,0.057409968227148056,0.920829713344574,0.10055472701787949,0.08653339743614197,0.0007601389079354703,4.0
563,1.0,1.0,1.0,1.0,1.0,0.0,1.0,,0.9936000108718872,0.9245551824569702,0.9369441270828247,0.9431511163711548,0.9919824600219727,0.6441381573677063,0.5801185965538025,0.18699486553668976,4.0
564,0.0,0.0,0.0,0.0,0.0,0.0,0.0,0.0,0.8287134766578674,0.031726136803627014,0.31426912546157837,0.10561011731624603,0.09901128709316254,0.000802667229436338,0.009243498556315899,0.00508880615234375,0.0
565,0.0,,0.0,,0.0,0.0,,,0.002165460027754307,0.0015118148876354098,0.0006660936633124948,0.0002146281040040776,0.008149132132530212,0.0006546084769070148,0.014928659424185753,0.00026310657267458737,0.0
566,0.0,1.0,1.0,1.0,1.0,1.0,1.0,0.0,0.5404390096664429,0.9904754757881165,0.9992624521255493,0.9490303993225098,0.9999332427978516,0.9536030292510986,0.3659614324569702,0.002178184688091278,2.0
567,1.0,1.0,1.0,1.0,1.0,1.0,0.0,0.0,0.8897339701652527,0.9736303091049194,0.985765814781189,0.9906758069992065,0.9993669986724854,0.5817419290542603,0.44133517146110535,0.03744227811694145,1.0
568,1.0,1.0,1.0,1.0,1.0,1.0,1.0,,0.842983603477478,0.9998958706855774,0.9993823170661926,0.998274028301239,0.999966561794281,0.9990193247795105,0.5492801666259766,0.09760646522045135,3.0
569,0.0,,0.0,,1.0,1.0,,,0.08561818301677704,0.5076479911804199,0.5319281816482544,0.00700417160987854,0.9996228218078613,0.9133489727973938,0.018975401297211647,0.00021859645494259894,4.0
570,0.0,,0.0,0.0,0.0,0.0,,,0.11233869194984436,0.03046572208404541,0.012847867794334888,0.001120570581406355,0.11061852425336838,0.004449072293937206,0.03282732143998146,0.002198991132900119,1.0
571,,0.0,0.0,0.0,0.0,,0.0,0.0,0.001014153123833239,0.003669062862172723,0.0005803019739687443,0.0004241358255967498,0.00735775101929903,0.0003089336969424039,0.009776799939572811,0.0002517088723834604,1.0
572,1.0,1.0,1.0,1.0,1.0,1.0,0.0,1.0,0.9971056580543518,0.9313133955001831,0.9996013045310974,0.9961202144622803,0.9998501539230347,0.9947161674499512,0.33568668365478516,0.74586021900177,1.0
573,1.0,1.0,1.0,1.0,1.0,1.0,1.0,1.0,0.9986172914505005,0.9998270273208618,0.999893844127655,0.9998033046722412,0.9998569488525391,0.9880961179733276,0.9541375041007996,0.9712895154953003,2.0
574,1.0,1.0,1.0,1.0,1.0,1.0,1.0,1.0,0.9996746778488159,0.9998046159744263,0.99990314245224,0.9999125003814697,0.9998920559883118,0.9921106696128845,0.8978443741798401,0.9708988666534424,4.0
575,0.0,0.0,0.0,0.0,0.0,0.0,0.0,0.0,0.0016161923995241523,0.0005398704670369625,0.0015142614720389247,9.792978380573913e-05,0.013624440878629684,0.0004439665062818676,0.008880279026925564,0.00011628135689534247,0.0
576,1.0,,1.0,1.0,1.0,1.0,,,0.998591959476471,0.4352923333644867,0.999403715133667,0.9432724714279175,0.9969817399978638,0.4388726055622101,0.12551817297935486,0.22709497809410095,1.0
577,1.0,1.0,1.0,1.0,1.0,1.0,0.0,1.0,0.9981151819229126,0.9998509883880615,0.9996391534805298,0.9914024472236633,0.9998547434806824,0.9980234503746033,0.6070618629455566,0.8612079620361328,3.0
578,0.0,,0.0,0.0,0.0,0.0,,,0.0005243780906312168,0.0007678538095206022,0.002028777962550521,0.00019221959519200027,0.02601943165063858,0.0002451565524097532,0.0148801039904356,0.00031893502455204725,2.0
579,1.0,1.0,1.0,1.0,1.0,1.0,1.0,1.0,0.9981662631034851,0.9996803402900696,0.999422550201416,0.9949786067008972,0.9997169375419617,0.9954094886779785,0.9138067364692688,0.7655477523803711,1.0
580,1.0,1.0,,1.0,1.0,1.0,1.0,0.0,0.9988099932670593,0.9968128204345703,0.9997278451919556,0.9887244701385498,0.9995923638343811,0.9989442229270935,0.8652307987213135,0.45934221148490906,4.0
581,0.0,0.0,0.0,0.0,0.0,0.0,0.0,0.0,0.0008247107616625726,0.00045675752335228026,0.0003905384219251573,6.20235878159292e-05,0.007186774630099535,0.00030688021797686815,0.0023234491236507893,0.00012015012907795608,0.0
582,1.0,0.0,0.0,0.0,0.0,0.0,0.0,0.0,0.3868381679058075,0.037736088037490845,0.010304168798029423,0.0456794872879982,0.16093644499778748,0.007848992012441158,0.6770613193511963,0.005850242450833321,0.0
583,1.0,1.0,1.0,1.0,1.0,1.0,,,0.9986034631729126,0.9801085591316223,0.9985489845275879,0.8188332319259644,0.9992303848266602,0.995861828327179,0.1263497769832611,0.024461062625050545,1.0
584,0.0,,0.0,0.0,0.0,0.0,,,0.0008605778566561639,0.0011373674497008324,0.0008300142362713814,0.00015791613259352744,0.008127177134156227,0.00043903893674723804,0.03272822126746178,0.0003769876784645021,1.0
585,0.0,1.0,0.0,,0.0,0.0,,,0.012061205692589283,0.8966114521026611,0.009377624839544296,0.0012227710103616118,0.013608196750283241,0.0018811372574418783,0.058170437812805176,0.002439480973407626,1.0
586,0.0,0.0,0.0,,0.0,0.0,,,0.001514896866865456,0.0010382276959717274,0.0005702142952941358,4.995671406504698e-05,0.015687864273786545,0.00021061839652247727,0.01086474396288395,0.00023347265960182995,4.0
587,1.0,1.0,1.0,1.0,1.0,1.0,1.0,0.0,0.9984821081161499,0.999931812286377,0.9999256730079651,0.9986928701400757,0.999909520149231,0.9970268607139587,0.9869264960289001,0.31703704595565796,3.0
588,1.0,1.0,1.0,1.0,1.0,1.0,0.0,1.0,0.9928905963897705,0.7614591717720032,0.9851540923118591,0.9255287647247314,0.9995248913764954,0.9315705299377441,0.2913447320461273,0.6387745141983032,1.0
589,1.0,0.0,0.0,1.0,1.0,1.0,0.0,,0.9475311040878296,0.7549343109130859,0.9152530431747437,0.7376984357833862,0.947312593460083,0.3630509078502655,0.04928940162062645,0.7547823786735535,2.0
590,1.0,0.0,1.0,1.0,1.0,0.0,0.0,0.0,0.8707382678985596,0.7876477837562561,0.9713305830955505,0.995600163936615,0.9440704584121704,0.2224690318107605,0.6073293685913086,0.06813614070415497,1.0
591,1.0,1.0,,1.0,1.0,1.0,,,0.9996995329856873,0.8225264549255371,0.9995817542076111,0.9992185235023499,0.9706449508666992,0.5330599546432495,0.5343654751777649,0.9745703339576721,1.0
592,1.0,1.0,1.0,1.0,1.0,1.0,1.0,1.0,0.9973308444023132,0.9997569918632507,0.9995059967041016,0.9990766644477844,0.9999618530273438,0.9995144009590149,0.9047496914863586,0.3637310266494751,2.0
593,0.0,,1.0,0.0,1.0,1.0,,,0.6443872451782227,0.8587864637374878,0.9318642020225525,0.05670085549354553,0.9984221458435059,0.9221205115318298,0.6294419765472412,0.017272787168622017,2.0
594,1.0,,1.0,,1.0,1.0,,,0.49172791838645935,0.981056272983551,0.9640393853187561,0.7115476131439209,0.9992839694023132,0.5951005220413208,0.13025036454200745,0.012518898583948612,3.0
595,1.0,1.0,1.0,1.0,1.0,1.0,1.0,0.0,0.9969558715820312,0.9998588562011719,0.9996705055236816,0.9800704121589661,0.9999462366104126,0.9995578527450562,0.9222165942192078,0.41627857089042664,3.0
596,1.0,,1.0,,1.0,0.0,,,0.8190082311630249,0.04163094982504845,0.993708610534668,0.8535137176513672,0.9915818572044373,0.285694420337677,0.00797039270401001,0.011502345092594624,1.0
597,1.0,1.0,1.0,1.0,1.0,1.0,0.0,,0.9888823628425598,0.9681956171989441,0.9998742341995239,0.999923586845398,0.9999459981918335,0.9549667835235596,0.32176902890205383,0.35087597370147705,2.0
598,0.0,0.0,0.0,0.0,0.0,0.0,0.0,0.0,0.0014684229390695691,0.0006983437924645841,0.0004813911800738424,8.409684960497543e-05,0.005318864248692989,0.0009317597141489387,0.052604302763938904,0.00042392167961224914,0.0
599,0.0,,0.0,,0.0,0.0,,,0.009528652764856815,0.011901895515620708,0.0010247756727039814,0.00031611384474672377,0.020577792078256607,0.0007313829264603555,0.09913807362318039,0.00025235756766051054,0.0
600,0.0,0.0,0.0,0.0,0.0,0.0,0.0,0.0,0.03138541057705879,0.008253821171820164,0.00020869268337264657,8.842897659633309e-05,0.021307028830051422,0.0041802613995969296,0.04597663879394531,0.00023783461074344814,4.0
601,1.0,1.0,1.0,1.0,1.0,1.0,,,0.7003490328788757,0.9997003078460693,0.9993501901626587,0.9976754188537598,0.999937891960144,0.9811233282089233,0.8799766302108765,0.1943281590938568,1.0
602,,,1.0,,1.0,1.0,,,0.7604184150695801,0.8981406688690186,0.9986920356750488,0.9932200908660889,0.9999412298202515,0.360864520072937,0.012474143877625465,0.01224802527576685,0.0
603,0.0,,0.0,,0.0,0.0,,,0.0010776519775390625,0.00198317039757967,0.0007906408864073455,3.3606658689677715e-05,0.024492142722010612,0.000565921887755394,0.013323444873094559,0.0003968429227825254,3.0
604,1.0,1.0,1.0,1.0,1.0,1.0,1.0,1.0,0.9881976246833801,0.9995720982551575,0.9995309114456177,0.9998391270637512,0.9998421669006348,0.999770998954773,0.5769829154014587,0.30638387799263,4.0
605,1.0,1.0,1.0,1.0,1.0,1.0,1.0,1.0,0.9986580610275269,0.9997000098228455,0.9996553063392639,0.9992873668670654,0.9999803900718689,0.999895453453064,0.9485027194023132,0.6512684226036072,0.0
606,0.0,0.0,0.0,0.0,0.0,0.0,0.0,0.0,0.0005049181636422873,0.0003614182351157069,7.821410690667108e-05,3.442209344939329e-05,0.00927045289427042,0.00013709021732211113,0.006441508419811726,0.00017588937771506608,4.0
607,0.0,1.0,1.0,0.0,1.0,1.0,0.0,0.0,0.10496454685926437,0.9156901240348816,0.7295807003974915,0.008168571628630161,0.9995938539505005,0.6621760129928589,0.018819300457835197,0.00024334952468052506,2.0
608,1.0,1.0,1.0,1.0,1.0,1.0,1.0,1.0,0.9994259476661682,0.9942535758018494,0.9996822476387024,0.9991621971130371,0.9999462962150574,0.9997959136962891,0.8802444338798523,0.6102504730224609,4.0
609,1.0,1.0,1.0,1.0,1.0,1.0,,,0.9472783803939819,0.9998912215232849,0.9983202815055847,0.805174708366394,0.9998801350593567,0.9997214674949646,0.13395936787128448,0.8041138648986816,2.0
610,0.0,0.0,0.0,0.0,0.0,0.0,0.0,0.0,0.0029900509398430586,0.0005887318402528763,0.0008551267674192786,0.001135642291046679,0.014902865514159203,0.0002879870298784226,0.007482371758669615,0.00019024100038222969,0.0
611,,0.0,0.0,0.0,0.0,,0.0,0.0,0.002116784919053316,0.004685542546212673,0.0012467245105654001,0.00023071473697200418,0.006824576295912266,0.00047583840205334127,0.004905794281512499,0.0001791744289221242,0.0
612,1.0,1.0,1.0,1.0,1.0,1.0,,,0.9968959093093872,0.9990012049674988,0.9997726082801819,0.9945372343063354,0.999944806098938,0.9996455907821655,0.973520815372467,0.5802788734436035,3.0
613,,,,,1.0,0.0,,,0.37828391790390015,0.15457285940647125,0.9566612243652344,0.22499719262123108,0.984154462814331,0.19324961304664612,0.010927057825028896,0.01045551523566246,0.0
614,0.0,,0.0,0.0,0.0,0.0,,,0.0007116642082110047,0.0004201822157483548,0.0008793448214419186,0.00011809347779490054,0.004458550829440355,0.00027052100631408393,0.03001386672258377,0.0004611274925991893,2.0
615,0.0,0.0,0.0,0.0,1.0,0.0,,,0.0015998189337551594,0.5643347501754761,0.16235467791557312,0.00021062219457235187,0.48433762788772583,0.603691041469574,0.014392467215657234,0.0003676269843708724,2.0
616,1.0,1.0,1.0,1.0,1.0,1.0,,,0.9993928074836731,0.9991224408149719,0.9998362064361572,0.999159574508667,0.9998041391372681,0.994468092918396,0.9563505053520203,0.384686678647995,4.0
617,1.0,,1.0,1.0,1.0,1.0,,,0.9987269043922424,0.9994454383850098,0.9991867542266846,0.9971566796302795,0.9999476671218872,0.9994011521339417,0.9615497589111328,0.32122451066970825,1.0
618,1.0,1.0,1.0,1.0,1.0,1.0,1.0,,0.9881923198699951,0.9996665716171265,0.9936854839324951,0.9989213943481445,0.9995858669281006,0.9978753328323364,0.233915776014328,0.23770534992218018,0.0
619,0.0,,0.0,,0.0,0.0,,,0.0008445247076451778,0.0005296763265505433,0.0009879639837890863,0.00017095172370318323,0.0063645197078585625,0.0005514170043170452,0.020239222794771194,0.0004786064091604203,2.0
620,1.0,1.0,1.0,1.0,1.0,1.0,1.0,0.0,0.9307993054389954,0.9974470138549805,0.9982262849807739,0.9952411651611328,0.9998391270637512,0.30976593494415283,0.5961498022079468,0.05443960428237915,0.0
621,1.0,1.0,1.0,1.0,1.0,0.0,1.0,0.0,0.84400475025177,0.9985920786857605,0.9505138993263245,0.31005311012268066,0.9409573674201965,0.15475766360759735,0.7613598704338074,0.6767703890800476,0.0
622,1.0,1.0,1.0,1.0,1.0,1.0,0.0,1.0,0.9924530386924744,0.9681861400604248,0.9972232580184937,0.9997491240501404,0.999666690826416,0.9994690418243408,0.07254155725240707,0.5391152501106262,3.0
623,1.0,1.0,1.0,1.0,1.0,1.0,1.0,1.0,0.9986968636512756,0.9995613694190979,0.9998359084129333,0.9966750144958496,0.9999381303787231,0.9997633695602417,0.9758383631706238,0.54665207862854,4.0
624,1.0,1.0,1.0,1.0,,,0.0,,0.9976968169212341,0.9934985637664795,0.9805608987808228,0.960100531578064,0.9990165829658508,0.9921221733093262,0.6314519047737122,0.793508768081665,3.0
625,,,,,,,0.0,0.0,0.10516837239265442,0.02927641198039055,0.45639070868492126,0.0015030383365228772,0.01814909838140011,0.41650059819221497,0.03453214466571808,0.0011752016143873334,4.0
626,1.0,1.0,1.0,1.0,1.0,1.0,1.0,1.0,0.9995832443237305,0.9997491836547852,0.9999443292617798,0.9990598559379578,0.999953031539917,0.9951422810554504,0.9801506996154785,0.882194459438324,2.0
627,1.0,1.0,1.0,0.0,1.0,1.0,0.0,0.0,0.32151052355766296,0.9979096055030823,0.9486836791038513,0.5601085424423218,0.9998329281806946,0.9694125652313232,0.20766592025756836,0.06547205150127411,4.0
628,1.0,1.0,1.0,1.0,1.0,1.0,1.0,,0.9831864833831787,0.9972485303878784,0.9995895624160767,0.9971286654472351,0.9999358654022217,0.5244280695915222,0.7776012420654297,0.10886779427528381,2.0
629,0.0,0.0,0.0,0.0,0.0,0.0,0.0,0.0,0.0008333802688866854,0.0004429423133842647,0.0005545654566958547,6.573650171048939e-05,0.00617788452655077,0.0002441887045279145,0.003176548983901739,0.00012848066398873925,0.0
630,0.0,0.0,0.0,0.0,0.0,0.0,0.0,0.0,0.0009291399037465453,0.0006434981478378177,0.0007790037197992206,0.0008356327889487147,0.01261324156075716,0.0003196111647412181,0.002522211754694581,0.00018342735711485147,0.0
631,0.0,0.0,0.0,0.0,0.0,0.0,0.0,0.0,0.0007466456154361367,0.0002118501579388976,0.0008402918465435505,0.00020680404850281775,0.012177882716059685,0.00024847208987921476,0.006312995217740536,0.00019349236390553415,2.0
632,0.0,0.0,0.0,0.0,0.0,0.0,0.0,0.0,0.0007319526048377156,0.0004902773653157055,0.000450456136604771,6.154698348836973e-05,0.009790241718292236,0.0003239894867874682,0.0029305540956556797,0.00011347076360834762,0.0
633,0.0,0.0,0.0,0.0,0.0,0.0,0.0,0.0,0.0007698269910179079,0.02125546894967556,0.00030449911719188094,3.684098192024976e-05,0.8590394258499146,0.0005622256430797279,0.00848153606057167,0.00023583322763442993,4.0
634,0.0,1.0,1.0,1.0,1.0,1.0,0.0,0.0,0.8104190826416016,0.9905534982681274,0.9994301199913025,0.9506377577781677,0.9997949600219727,0.9193943738937378,0.12958769500255585,0.0015501190209761262,1.0
635,1.0,1.0,1.0,1.0,1.0,1.0,1.0,0.0,0.8269715309143066,0.9982264041900635,0.9988284707069397,0.9976933598518372,0.999957263469696,0.9238104820251465,0.6898108720779419,0.12530378997325897,4.0
636,1.0,1.0,1.0,1.0,1.0,1.0,1.0,1.0,0.9805830121040344,0.9996140003204346,0.9989492893218994,0.9970822334289551,0.9999078512191772,0.9986588358879089,0.9786115884780884,0.3900441527366638,1.0
637,0.0,,0.0,0.0,0.0,0.0,,,0.0011088022729381919,0.0005951341590844095,0.0008440323290415108,0.00011349134729243815,0.02010020799934864,0.00038675765972584486,0.008409717120230198,0.00012252660235390067,0.0
638,0.0,0.0,0.0,0.0,0.0,0.0,,,0.001028378028422594,0.0007077927584759891,0.00043994293082505465,3.400038622203283e-05,0.015033728443086147,0.00026514753699302673,0.014286613091826439,0.00010340637527406216,3.0
639,1.0,1.0,1.0,1.0,1.0,1.0,1.0,0.0,0.965648889541626,0.9993626475334167,0.9998557567596436,0.9966678619384766,0.9999321103096008,0.9980072975158691,0.834652841091156,0.16634520888328552,4.0
640,0.0,0.0,0.0,0.0,0.0,0.0,0.0,0.0,0.0006458918214775622,0.0002972122165374458,6.26261971774511e-05,4.153102418058552e-05,0.006894919089972973,0.00015034244279377162,0.006596771068871021,0.00010387749352958053,4.0
641,0.0,0.0,0.0,0.0,0.0,0.0,0.0,0.0,0.0006188420229591429,0.0003000440774485469,7.181526598287746e-05,3.833658411167562e-05,0.006841063499450684,0.00031377701088786125,0.006833154708147049,0.00015794862702023238,4.0
642,,,,,,,0.0,0.0,0.031181424856185913,0.023569319397211075,0.014281459152698517,0.011662987060844898,0.4420573115348816,0.16460882127285004,0.11604825407266617,0.0005069723702035844,0.0
643,0.0,,0.0,0.0,0.0,0.0,,,0.003119965083897114,0.0021865605376660824,0.0011449070880189538,0.0029290986713021994,0.03342350944876671,0.0005070162587799132,0.08437097072601318,0.00028877300792373717,0.0
644,1.0,1.0,1.0,1.0,1.0,1.0,1.0,1.0,0.9999121427536011,0.9964815974235535,0.9945430755615234,0.999460756778717,0.9998446106910706,0.9951357245445251,0.6852878928184509,0.9869892597198486,3.0
645,0.0,0.0,0.0,0.0,0.0,0.0,0.0,0.0,0.0004362808249425143,0.00023917669022921473,0.001109402161091566,0.00011841835657833144,0.008248280733823776,0.00027123669860884547,0.008529003709554672,0.00020162147120572627,2.0
646,1.0,1.0,1.0,1.0,1.0,1.0,0.0,,0.9897027611732483,0.7751196622848511,0.9991685152053833,0.9894223809242249,0.9995251297950745,0.9549223184585571,0.1032181978225708,0.2081742286682129,4.0
647,0.0,,0.0,,0.0,0.0,,,0.0016568887513130903,0.0007529504364356399,0.0008909765165299177,0.00011073106725234538,0.019749507308006287,0.0003664802061393857,0.010757369920611382,0.00019928716938011348,0.0
648,0.0,0.0,0.0,0.0,0.0,0.0,,,0.0005279469187371433,0.000303024920867756,6.715493509545922e-05,5.318176408763975e-05,0.02160750702023506,0.00013037456665188074,0.006733302026987076,0.00011537975660758093,4.0
649,1.0,,1.0,1.0,1.0,1.0,,,0.9036003947257996,0.9990808367729187,0.9991024136543274,0.9979413747787476,0.9999462962150574,0.9986820220947266,0.9680744409561157,0.12360092997550964,1.0
650,1.0,,1.0,1.0,1.0,1.0,,,0.9966902732849121,0.9598994255065918,0.9970925450325012,0.8018202781677246,0.999719500541687,0.9929666519165039,0.06620527803897858,0.04014913737773895,0.0
651,0.0,,0.0,0.0,0.0,0.0,,,0.0017464339034631848,0.0009766753064468503,0.0009888375643640757,0.00012413403601385653,0.009352900087833405,0.0004997446085326374,0.03834012895822525,0.00022779082064516842,0.0
652,0.0,0.0,0.0,0.0,0.0,0.0,0.0,0.0,0.001147394417785108,0.0011479959357529879,0.0007288128254003823,3.186754838679917e-05,0.011181830428540707,0.00026238872669637203,0.018047669902443886,0.00013067401596345007,3.0
653,1.0,,1.0,1.0,1.0,1.0,,,0.749065637588501,0.9973138570785522,0.9998175501823425,0.9983101487159729,0.9999618530273438,0.8959636688232422,0.1467142403125763,0.031312495470047,2.0
654,0.0,,0.0,0.0,0.0,0.0,,,0.19121499359607697,0.007334279827773571,0.29046404361724854,0.052888378500938416,0.7012313008308411,0.0009725046111270785,0.07120662182569504,0.0004759889852721244,0.0
655,0.0,,1.0,1.0,1.0,1.0,,,0.41237959265708923,0.9969345927238464,0.9994200468063354,0.9593386650085449,0.9999334216117859,0.9992051124572754,0.01595061831176281,0.0008111799252219498,3.0
656,1.0,0.0,1.0,1.0,1.0,0.0,0.0,,0.9982426762580872,0.3666706383228302,0.9913434982299805,0.9906415939331055,0.8295634984970093,0.4151337146759033,0.03793890029191971,0.40396836400032043,4.0
657,0.0,0.0,0.0,0.0,0.0,0.0,0.0,0.0,0.0022056757006794214,0.0007893805159255862,0.0008956862147897482,4.177720256848261e-05,0.018932586535811424,0.000328674737829715,0.009580803103744984,8.819988579489291e-05,3.0
658,1.0,1.0,1.0,1.0,1.0,1.0,1.0,1.0,0.9996104836463928,0.9997632503509521,0.9997836947441101,0.9920798540115356,0.9999071955680847,0.9996678233146667,0.9596421122550964,0.9386595487594604,4.0
659,0.0,0.0,0.0,0.0,0.0,1.0,1.0,0.0,0.3832973539829254,0.1515839844942093,0.078909732401371,0.0008915226208046079,0.8267848491668701,0.008780227974057198,0.11179566383361816,0.0003253372560720891,4.0
660,0.0,0.0,0.0,0.0,1.0,0.0,0.0,0.0,0.0011350935092195868,0.06537926942110062,0.24873410165309906,0.00013939151540398598,0.3618699610233307,0.2676836848258972,0.06271751970052719,0.00025648888549767435,2.0
661,0.0,0.0,0.0,0.0,0.0,0.0,0.0,0.0,0.0008059383253566921,0.0004274357343092561,0.00041867754771374166,3.4277516533620656e-05,0.008430802263319492,9.146996308118105e-05,0.004937517456710339,7.43278069421649e-05,3.0
662,1.0,1.0,1.0,1.0,1.0,1.0,1.0,1.0,0.9996351003646851,0.9997127056121826,0.9997344017028809,0.996692955493927,0.9999151229858398,0.9997714161872864,0.983847975730896,0.7083497643470764,3.0
663,1.0,1.0,0.0,0.0,0.0,0.0,1.0,0.0,0.12838275730609894,0.9039755463600159,0.04038192331790924,0.1873743236064911,0.1283217817544937,0.019371263682842255,0.10776786506175995,0.026125119999051094,4.0
664,1.0,1.0,1.0,1.0,1.0,1.0,1.0,0.0,0.9509637355804443,0.9964914321899414,0.999886691570282,0.9989856481552124,0.9999725818634033,0.976487398147583,0.4613744914531708,0.0454452708363533,2.0
665,0.0,0.0,0.0,0.0,0.0,0.0,0.0,0.0,0.0034169324208050966,0.0013906937092542648,0.0003011832304764539,3.4092157875420526e-05,0.005694571882486343,0.000302762578940019,0.028352420777082443,0.00015133550914470106,3.0
666,0.0,,0.0,,0.0,0.0,,,0.0011985794408246875,0.0018100760644301772,0.0012375889346003532,3.5708548239199445e-05,0.02036469615995884,0.0002716495655477047,0.01754913665354252,0.00025473246932961047,3.0
667,1.0,1.0,1.0,1.0,1.0,1.0,,,0.40749552845954895,0.643674910068512,0.9646211862564087,0.8080047369003296,0.9985842704772949,0.3851414918899536,0.5515826344490051,0.12584573030471802,3.0
668,1.0,1.0,1.0,1.0,1.0,1.0,1.0,0.0,0.9954046010971069,0.9985982775688171,0.9993806481361389,0.9962781071662903,0.999763011932373,0.9943109750747681,0.891427218914032,0.5490875244140625,1.0
669,0.0,0.0,0.0,0.0,0.0,0.0,0.0,0.0,0.0004152887559030205,0.00021609276882372797,0.0009670573053881526,9.23561819945462e-05,0.00445869006216526,0.00021806967561133206,0.010308307595551014,0.00017587347247172147,2.0
670,1.0,1.0,1.0,1.0,1.0,1.0,1.0,0.0,0.9872943162918091,0.9995810389518738,0.9980907440185547,0.9932295083999634,0.999937891960144,0.7562039494514465,0.8331423997879028,0.36351126432418823,0.0
671,0.0,0.0,0.0,0.0,0.0,0.0,0.0,0.0,0.0008843147661536932,0.0009156838641501963,0.0008160525467246771,3.1273815693566576e-05,0.007607597857713699,0.0001890625135274604,0.0070842863060534,8.235480345319957e-05,3.0
672,0.0,0.0,0.0,0.0,0.0,0.0,0.0,0.0,0.0008804974495433271,0.000409431493608281,0.0003713560872711241,6.249750731512904e-05,0.011820605956017971,0.00021627350361086428,0.0025918951723724604,0.00011546919995453209,0.0
673,1.0,1.0,1.0,1.0,1.0,1.0,,,0.9956885576248169,0.9978803396224976,0.999729335308075,0.9889503121376038,0.9998939633369446,0.9666278958320618,0.5024856328964233,0.32712313532829285,3.0
674,0.0,,0.0,0.0,0.0,0.0,,,0.0014541427372023463,0.0006652127485722303,0.0014812073204666376,0.00025051695411093533,0.016552511602640152,0.0007097242050804198,0.016547925770282745,0.0003110498655587435,1.0
675,1.0,1.0,1.0,1.0,1.0,1.0,,,0.9986608028411865,0.981979250907898,0.9992841482162476,0.9889942407608032,0.9998769760131836,0.9992731213569641,0.8517748713493347,0.5933504700660706,3.0
676,0.0,,0.0,,0.0,0.0,,,0.002074310090392828,0.009856101125478745,0.0013346236664801836,3.437809573370032e-05,0.6245203018188477,0.0014112568460404873,0.03756098076701164,0.000300269020954147,3.0
677,0.0,0.0,0.0,0.0,0.0,0.0,0.0,0.0,0.0008993985829874873,0.0006421447033062577,0.00047921191435307264,5.779632192570716e-05,0.00567062059417367,0.0003816795360762626,0.003709176555275917,0.0001470963761676103,0.0
678,0.0,,0.0,0.0,0.0,0.0,,,0.0019009716343134642,0.001669830409809947,0.0010316077386960387,0.0008842317038215697,0.19791510701179504,0.0004052728181704879,0.03193667158484459,0.00024643048527650535,1.0
679,0.0,0.0,0.0,0.0,0.0,0.0,0.0,0.0,0.0005967676406726241,0.0003919166629202664,0.0004630422336049378,0.0001222081045852974,0.008795684203505516,0.0002049034519586712,0.006739994511008263,0.00022162939421832561,1.0
680,1.0,1.0,1.0,1.0,1.0,1.0,1.0,,0.9998092651367188,0.9995121955871582,0.9992589354515076,0.9096550345420837,0.9999204874038696,0.9985947608947754,0.6753140091896057,0.6980746388435364,1.0
681,1.0,1.0,,1.0,1.0,,1.0,,0.995147705078125,0.9915692806243896,0.9997350573539734,0.9959067702293396,0.9982325434684753,0.9982885718345642,0.8915430307388306,0.7666434049606323,4.0
682,1.0,1.0,1.0,1.0,1.0,1.0,0.0,0.0,0.7414710521697998,0.9992350935935974,0.9800597429275513,0.9985045194625854,0.9998679161071777,0.9986660480499268,0.7419348955154419,0.11147043108940125,2.0
683,1.0,1.0,1.0,1.0,1.0,1.0,,,0.9923300743103027,0.9973049163818359,0.9998932480812073,0.8425345420837402,0.9998905658721924,0.735522449016571,0.44883453845977783,0.2669360935688019,4.0
684,0.0,0.0,0.0,0.0,0.0,0.0,0.0,0.0,0.0005939854308962822,0.00042540740105323493,5.808188871014863e-05,2.7478032279759645e-05,0.007559077814221382,0.0002643221232574433,0.006926011759787798,0.00016654629143886268,4.0
685,0.0,0.0,0.0,0.0,0.0,0.0,0.0,0.0,0.0010392547119408846,0.0005279413308016956,0.0009874620009213686,0.00012812053319066763,0.005521090235561132,0.00018550264940131456,0.008585382252931595,0.00026674929540604353,1.0
686,0.0,,0.0,0.0,1.0,0.0,,,0.018146701157093048,0.03536856919527054,0.818972110748291,0.0006794386426918209,0.4584575891494751,0.008978661149740219,0.017275987192988396,0.00027891475474461913,1.0
687,0.0,,0.0,0.0,0.0,0.0,,,0.006058389320969582,0.003829068737104535,0.037102650851011276,0.0005236943834461272,0.13643400371074677,0.0007711892249062657,0.039220768958330154,0.00035059163928963244,2.0
688,0.0,1.0,1.0,0.0,1.0,1.0,0.0,0.0,0.3021521270275116,0.6968595385551453,0.9331358671188354,0.007485109847038984,0.9994843006134033,0.7616070508956909,0.1998947709798813,0.00015650309796910733,3.0
689,0.0,1.0,1.0,0.0,1.0,0.0,0.0,0.0,0.0025436084251850843,0.7924816012382507,0.538043737411499,0.0021238108165562153,0.9581743478775024,0.12058152258396149,0.060013022273778915,0.00027400851831771433,4.0
690,1.0,,1.0,1.0,1.0,1.0,,,0.6309746503829956,0.9877299666404724,0.9994593262672424,0.9936872720718384,0.9991210103034973,0.733550488948822,0.06591573357582092,0.02046464942395687,4.0
691,,,,,,,0.0,0.0,0.034466832876205444,0.7197470664978027,0.7487115859985352,0.03530874475836754,0.9742010831832886,0.21522408723831177,0.026193900033831596,0.0010472856229171157,3.0
692,,,,,,,0.0,0.0,0.5904869437217712,0.29874560236930847,0.9914993047714233,0.9951680302619934,0.9673108458518982,0.29872485995292664,0.3888867497444153,0.16633717715740204,2.0
693,0.0,0.0,0.0,0.0,0.0,0.0,0.0,0.0,0.000934033771045506,0.0009454840328544378,0.0005546289612539113,0.00017213515820913017,0.016097411513328552,0.0010337929707020521,0.009909622371196747,0.0011458079097792506,1.0
694,0.0,0.0,0.0,0.0,0.0,0.0,0.0,0.0,0.0009345128200948238,0.0014519428368657827,0.0006030629738233984,0.0001741394225973636,0.014094782993197441,0.00042489796760492027,0.019559144973754883,0.0006117523880675435,1.0
695,1.0,,1.0,,1.0,1.0,,,0.31704947352409363,0.9961705207824707,0.992717444896698,0.9975727200508118,0.9999209642410278,0.9985634684562683,0.8374047875404358,0.06551762670278549,1.0
696,0.0,0.0,0.0,0.0,1.0,0.0,0.0,0.0,0.00913514569401741,0.29683664441108704,0.11519216746091843,0.008941542357206345,0.1762881577014923,0.04324769601225853,0.13585560023784637,0.00032916502095758915,4.0
697,1.0,1.0,1.0,0.0,1.0,0.0,0.0,0.0,0.6146323084831238,0.9549627304077148,0.7667924761772156,0.554535984992981,0.9408484697341919,0.12995944917201996,0.681672215461731,0.02887078933417797,3.0
698,0.0,0.0,0.0,0.0,0.0,0.0,0.0,0.0,0.004361224360764027,0.01533597894012928,0.06029476225376129,0.0038044701796025038,0.21466010808944702,0.0005629956140182912,0.038382064551115036,0.0003509432135615498,4.0
699,1.0,0.0,0.0,0.0,0.0,0.0,0.0,0.0,0.34772732853889465,0.10575806349515915,0.10552174597978592,0.06906109303236008,0.8372738361358643,0.0009037089766934514,0.20919106900691986,0.0013280445709824562,4.0
700,0.0,0.0,0.0,0.0,0.0,0.0,0.0,0.0,0.0008901638793759048,0.00043455688864924014,0.0005481201224029064,6.108601519372314e-05,0.007862064987421036,0.00044774747220799327,0.0041479975916445255,0.00014574977103620768,0.0
701,0.0,0.0,0.0,0.0,0.0,0.0,0.0,0.0,0.00027261843206360936,0.00025447402731515467,0.00040171033469960093,8.61553053255193e-05,0.004646483808755875,0.0002613165706861764,0.004582460969686508,0.00014296061999630183,2.0
702,0.0,,0.0,0.0,0.0,0.0,,,0.007081335876137018,0.0019751517102122307,0.0007516650948673487,0.00036634819116443396,0.01693548820912838,0.000783774652518332,0.032509393990039825,0.0006724711274728179,4.0
703,0.0,0.0,0.0,0.0,0.0,0.0,0.0,0.0,0.0005728662945330143,0.0004716239345725626,0.00023401083308272064,3.8975151255726814e-05,0.012212317436933517,0.0002473716449458152,0.00787296611815691,0.00018893471860792488,4.0
704,0.0,0.0,0.0,0.0,0.0,0.0,0.0,0.0,0.0007360673625953496,0.0007003234350122511,0.0004093141760677099,0.00011091741180280223,0.005139855667948723,0.00035542083787731826,0.020751427859067917,0.0001784057676559314,1.0
705,1.0,0.0,1.0,1.0,1.0,0.0,0.0,0.0,0.41108405590057373,0.6684207916259766,0.3957603871822357,0.05490301549434662,0.20597510039806366,0.301006019115448,0.20817294716835022,0.08757269382476807,0.0
706,1.0,1.0,1.0,1.0,1.0,1.0,0.0,0.0,0.9898446798324585,0.99225914478302,0.9987890720367432,0.9989925026893616,0.9998863935470581,0.7417383193969727,0.18882417678833008,0.048325955867767334,2.0
707,1.0,1.0,1.0,0.0,1.0,0.0,,,0.624610185623169,0.8471835851669312,0.9888326525688171,0.3413276672363281,0.9983792304992676,0.4069754481315613,0.08104842901229858,0.006182030308991671,1.0
708,0.0,,0.0,,0.0,0.0,,,0.04301702603697777,0.006393054500222206,0.0010776008712127805,0.0003085913194809109,0.15539239346981049,0.00048200105084106326,0.13167047500610352,0.0006432978552766144,3.0
709,0.0,0.0,0.0,0.0,0.0,0.0,,,0.0005460533429868519,0.0005151277291588485,8.966765744844452e-05,4.4095038902014494e-05,0.03129006549715996,0.00020035095803905278,0.007418244611471891,9.577389573678374e-05,4.0
710,,,,,1.0,0.0,,,0.07887908071279526,0.43659260869026184,0.37609681487083435,0.02788572944700718,0.37482157349586487,0.06891476362943649,0.0692828893661499,0.008699717931449413,2.0
711,0.0,,1.0,1.0,1.0,1.0,,,0.8869814872741699,0.984569251537323,0.9997158646583557,0.9702186584472656,0.9999311566352844,0.9078493714332581,0.3241982161998749,0.009133437648415565,2.0
712,0.0,0.0,0.0,0.0,0.0,0.0,0.0,0.0,0.0003753747441805899,0.00039306250982917845,0.0008402778184972703,0.0001019756673485972,0.00694292550906539,0.0002754093729890883,0.010899987071752548,0.00021617539459839463,2.0
713,1.0,1.0,1.0,1.0,1.0,1.0,1.0,1.0,0.9987163543701172,0.999558687210083,0.9999054670333862,0.9994155764579773,0.9999596476554871,0.9991856813430786,0.37263593077659607,0.14831393957138062,3.0
714,1.0,1.0,1.0,1.0,1.0,1.0,1.0,1.0,0.9996866583824158,0.9998802542686462,0.9998597502708435,0.9999244213104248,0.9999653697013855,0.9996525645256042,0.9513899683952332,0.5473691821098328,2.0
715,0.0,,0.0,0.0,1.0,1.0,,,0.33334270119667053,0.588646650314331,0.5284571647644043,0.002457693684846163,0.354567289352417,0.16298291087150574,0.09388101100921631,0.0005209477385506034,1.0
716,0.0,0.0,0.0,0.0,0.0,0.0,0.0,0.0,0.0007597478106617928,0.00030177488224580884,0.0003142837667837739,3.594959343899973e-05,0.008094081655144691,0.00016181015234906226,0.005605422426015139,0.000139289753860794,3.0
717,1.0,1.0,1.0,1.0,1.0,1.0,0.0,0.0,0.9881172180175781,0.9998601675033569,0.9968248605728149,0.9523206353187561,0.9998093247413635,0.9984424710273743,0.8279774188995361,0.6250355839729309,3.0
718,0.0,,0.0,0.0,0.0,0.0,,,0.0007970737060531974,0.0008440909441560507,0.0008698900346644223,4.553707185550593e-05,0.013752247206866741,0.0006638529011979699,0.033951714634895325,0.00025446483050473034,3.0
719,0.0,,0.0,,1.0,0.0,,,0.0019454221474006772,0.02643977291882038,0.0486237108707428,0.0002549671335145831,0.9805047512054443,0.022977162152528763,0.03741912543773651,0.0006380671402439475,1.0
720,0.0,0.0,0.0,0.0,0.0,0.0,0.0,0.0,0.0005539348348975182,0.0002764758828561753,0.0005417834036052227,0.0001190886105177924,0.005214041564613581,0.00021499676222447306,0.006150771863758564,0.00022001334582455456,2.0
721,0.0,0.0,0.0,0.0,0.0,0.0,0.0,0.0,0.00033898575929924846,0.00020906382997054607,0.0005220605526119471,0.00010823168122442439,0.011605879291892052,0.00021572477999143302,0.007287663873285055,0.00017814664170145988,2.0
722,1.0,1.0,1.0,1.0,1.0,0.0,0.0,1.0,0.9976343512535095,0.16500060260295868,0.9994168281555176,0.9943791031837463,0.9940931797027588,0.8101234436035156,0.31563761830329895,0.3538685739040375,2.0
723,0.0,0.0,0.0,0.0,0.0,0.0,0.0,0.0,0.0003433454257901758,0.0002055410877801478,0.00044300363515503705,9.304680861532688e-05,0.00678936205804348,0.00017925791325978935,0.004579875618219376,0.00018056716362480074,2.0
724,,,0.0,,0.0,0.0,,,0.0010355347767472267,0.0057555800303816795,0.008699008263647556,0.00037125026574358344,0.009077896364033222,0.0004681969294324517,0.03429558128118515,0.0007643678109161556,2.0
725,0.0,1.0,0.0,,0.0,0.0,,,0.022630956023931503,0.820063054561615,0.001261186203919351,0.000329257600242272,0.019969835877418518,0.0027092397212982178,0.08358953893184662,0.0026924731209874153,3.0
726,0.0,,0.0,0.0,1.0,0.0,,,0.15843763947486877,0.2697848379611969,0.9780272841453552,0.28187739849090576,0.5497775077819824,0.3346148133277893,0.01941838301718235,0.0013690692139789462,4.0
727,0.0,,1.0,,1.0,0.0,,,0.037671029567718506,0.8369892835617065,0.755432665348053,0.0067544677294790745,0.9920739531517029,0.013341093435883522,0.06257334351539612,0.00042118056444451213,1.0
728,1.0,1.0,1.0,1.0,1.0,1.0,1.0,1.0,0.9997702836990356,0.9993472695350647,0.9997609853744507,0.9992976784706116,0.9998204708099365,0.9298684597015381,0.8320959210395813,0.4770953953266144,4.0
729,0.0,,0.0,0.0,0.0,0.0,,,0.001745498040691018,0.0006957111181691289,0.0017026399727910757,0.0001787798828445375,0.014655446633696556,0.00027896396932192147,0.026669807732105255,0.00024286058032885194,0.0
730,1.0,1.0,1.0,1.0,1.0,1.0,1.0,0.0,0.9179129600524902,0.9994902610778809,0.9978966116905212,0.8987882137298584,0.9998998045921326,0.8891493082046509,0.632390022277832,0.13414447009563446,2.0
731,0.0,0.0,0.0,0.0,0.0,0.0,0.0,0.0,0.0007524878019466996,0.00044262627488933504,0.0003384389856364578,3.126572846667841e-05,0.011999344453215599,0.0002561658911872655,0.01289629191160202,7.62564959586598e-05,3.0
732,1.0,1.0,1.0,1.0,1.0,1.0,,,0.9693683385848999,0.9917052984237671,0.9997483491897583,0.9355700016021729,0.9999181032180786,0.6940793991088867,0.1825265884399414,0.28280535340309143,3.0
733,0.0,0.0,0.0,0.0,0.0,0.0,0.0,0.0,0.052546482533216476,0.001994149060919881,0.0005452614277601242,6.937239231774583e-05,0.011801042594015598,0.04573291540145874,0.09295334666967392,0.0003280465607531369,0.0
734,,,1.0,1.0,1.0,1.0,,,0.9330717921257019,0.9981227517127991,0.9998687505722046,0.9952985048294067,0.9992602467536926,0.9929689168930054,0.8555788397789001,0.3487178087234497,3.0
735,0.0,0.0,0.0,0.0,0.0,0.0,0.0,0.0,0.004504589829593897,0.011943952180445194,0.0006326137809082866,5.6709010095801204e-05,0.01556266751140356,0.00044216428068466485,0.02246701344847679,0.00013445215881802142,3.0
736,0.0,1.0,1.0,1.0,1.0,1.0,,,0.9185722470283508,0.9925969839096069,0.9996922612190247,0.4070693254470825,0.9999685883522034,0.9807800054550171,0.19047389924526215,0.002658149227499962,0.0
737,1.0,1.0,1.0,1.0,1.0,1.0,1.0,1.0,0.9999313950538635,0.9999138116836548,0.999851405620575,0.9991276264190674,0.9989147186279297,0.9534691572189331,0.7523336410522461,0.9803488850593567,3.0
738,1.0,1.0,1.0,0.0,1.0,1.0,0.0,0.0,0.6123964190483093,0.9988137483596802,0.9921975135803223,0.9774523973464966,0.9998711943626404,0.9867433309555054,0.9146184325218201,0.03130118548870087,3.0
739,1.0,1.0,1.0,1.0,1.0,1.0,1.0,,0.9933471083641052,0.9994838237762451,0.9997879862785339,0.999512255191803,0.9997367858886719,0.9374271631240845,0.31838881969451904,0.24566839635372162,3.0
740,1.0,,1.0,1.0,1.0,1.0,,,0.9999005794525146,0.9990608096122742,0.9994475841522217,0.9352156519889832,0.9999311566352844,0.9994795918464661,0.9638352394104004,0.8347218632698059,4.0
741,1.0,1.0,1.0,1.0,1.0,1.0,1.0,0.0,0.9280810356140137,0.9968839287757874,0.9993864297866821,0.31242427229881287,0.9997075200080872,0.9991218447685242,0.5918688774108887,0.44016820192337036,0.0
742,0.0,,0.0,,0.0,0.0,,,0.01231793500483036,0.0013664705911651254,0.008429918438196182,0.0006535508437082171,0.2717614471912384,0.0005663533229380846,0.01582736149430275,0.00020756050071213394,0.0
743,0.0,,1.0,,1.0,1.0,,,0.0051709427498281,0.9758457541465759,0.8951277136802673,0.020900018513202667,0.9995329976081848,0.6608562469482422,0.15795055031776428,0.0006307415897026658,2.0
744,1.0,1.0,1.0,1.0,1.0,0.0,1.0,0.0,0.9476231336593628,0.9213229417800903,0.9983581304550171,0.8392663598060608,0.9777438044548035,0.1363612711429596,0.9298887252807617,0.30167046189308167,0.0
745,0.0,0.0,0.0,0.0,0.0,0.0,0.0,0.0,0.0004984248080290854,0.00023414140741806477,0.0006876023835502565,9.242737723980099e-05,0.012896773405373096,0.00019959437486249954,0.007070548366755247,0.00019484464428387582,2.0
746,0.0,,0.0,0.0,0.0,0.0,,,0.0006087792571634054,0.0005409768782556057,0.0009958249283954501,0.0001568493462400511,0.011408733204007149,0.00027506062178872526,0.012525157071650028,0.0002624188782647252,1.0
747,0.0,,0.0,0.0,1.0,0.0,,,0.0021606064401566982,0.14336508512496948,0.015501667745411396,0.0001351693063043058,0.996137261390686,0.04199366644024849,0.013538705185055733,0.00017770657723303884,4.0
748,,,0.0,0.0,0.0,0.0,,,0.0017352811992168427,0.0012499920558184385,0.0017258261796087027,0.0006304967682808638,0.031501997262239456,0.000910621543880552,0.016185924410820007,0.00031821479205973446,1.0
749,0.0,0.0,0.0,0.0,1.0,0.0,0.0,0.0,0.003234689589589834,0.024182330816984177,0.0885544940829277,6.298532389337197e-05,0.4818953275680542,0.34476175904273987,0.009930924512445927,0.00010600918176351115,3.0
750,0.0,0.0,0.0,0.0,1.0,0.0,,,0.029179126024246216,0.21389681100845337,0.03391410782933235,0.00021027328330092132,0.9778411984443665,0.01715485192835331,0.026723608374595642,0.00022662516857963055,3.0
751,1.0,1.0,1.0,1.0,1.0,1.0,1.0,,0.9769823551177979,0.9998837113380432,0.9997972249984741,0.9995155930519104,0.9999784231185913,0.9969393610954285,0.9434801936149597,0.15889470279216766,3.0
752,1.0,1.0,1.0,1.0,1.0,1.0,1.0,,0.9842156171798706,0.9997884035110474,0.9995464086532593,0.9993096590042114,0.9999841451644897,0.9953302145004272,0.8862541913986206,0.4859357178211212,1.0
753,0.0,0.0,0.0,0.0,0.0,0.0,0.0,0.0,0.000521432957611978,0.0003045865159947425,6.091452087275684e-05,3.160015694447793e-05,0.013500998727977276,0.00017108317115344107,0.006836846470832825,0.00025474224821664393,4.0
754,0.0,,0.0,0.0,1.0,0.0,,,0.0008231663377955556,0.023156603798270226,0.12173154950141907,0.00011156460095662624,0.02204226702451706,0.004393014125525951,0.010311094112694263,0.00029403474763967097,2.0
755,0.0,0.0,0.0,,0.0,0.0,,,0.018317747861146927,0.9224686622619629,0.0007180080865509808,0.0010040902998298407,0.008113307878375053,0.0005963164148852229,0.024350451305508614,0.0008056492661125958,0.0
756,1.0,1.0,1.0,1.0,1.0,1.0,1.0,0.0,0.9686062932014465,0.9996386170387268,0.9994487762451172,0.9771522879600525,0.9999711513519287,0.999845027923584,0.8961890935897827,0.6296830773353577,0.0
757,0.0,0.0,0.0,0.0,0.0,0.0,0.0,0.0,0.0003537865122780204,0.0004960294463671744,0.0005851032328791916,7.61126066208817e-05,0.009932746179401875,0.0003152310673613101,0.004588201176375151,0.0002241497131763026,2.0
758,0.0,,0.0,0.0,1.0,0.0,,,0.04360445588827133,0.021044474095106125,0.18904052674770355,0.0009624282247386873,0.1816900223493576,0.12920314073562622,0.05905446037650108,0.0005163394962437451,3.0
759,1.0,1.0,1.0,1.0,1.0,1.0,,,0.8804377317428589,0.9958086013793945,0.9995619654655457,0.9975241422653198,0.999771237373352,0.934089720249176,0.13768817484378815,0.02625572308897972,1.0
760,1.0,,1.0,1.0,1.0,1.0,,,0.9748708009719849,0.9998146891593933,0.9988200664520264,0.9977169632911682,0.9998392462730408,0.9990490674972534,0.6247092485427856,0.32246819138526917,3.0
761,0.0,0.0,0.0,0.0,0.0,0.0,0.0,0.0,0.0028291945345699787,0.0008504781289957464,0.0017533155623823404,9.316304203821346e-05,0.013714334927499294,0.000317716330755502,0.012602942995727062,0.0004117542412132025,4.0
762,1.0,1.0,1.0,1.0,1.0,1.0,1.0,1.0,0.9988951683044434,0.9998137950897217,0.9997159838676453,0.9997557401657104,0.999928891658783,0.996004045009613,0.9309231042861938,0.5309742093086243,3.0
763,0.0,,0.0,,0.0,0.0,,,0.0013042695354670286,0.000942748214583844,0.0003776951343752444,5.759457781095989e-05,0.013950580731034279,0.00022396269196178764,0.01349236723035574,0.00039286696119233966,4.0
764,0.0,0.0,0.0,0.0,0.0,0.0,,,0.05536988377571106,0.011006733402609825,0.015208572149276733,0.0012903359020128846,0.08209510892629623,0.0004269570345059037,0.042871661484241486,0.00022110722784418613,0.0
765,1.0,1.0,1.0,1.0,1.0,1.0,0.0,0.0,0.9988521933555603,0.9989170432090759,0.9996680617332458,0.9980683922767639,0.9999611377716064,0.9985347986221313,0.9713839888572693,0.1522931158542633,0.0
766,1.0,1.0,1.0,1.0,1.0,1.0,0.0,,0.997063934803009,0.9993155002593994,0.9996517896652222,0.9983710050582886,0.9997230172157288,0.9977647066116333,0.7155894041061401,0.13424842059612274,4.0
767,0.0,,0.0,0.0,0.0,0.0,,,0.0029517789371311665,0.0013258737744763494,0.0008786193793639541,0.00023510339087806642,0.013225633651018143,0.00041334019624628127,0.03003609925508499,0.0002256441512145102,0.0
768,,,,,,,0.0,0.0,0.029589783400297165,0.014146785251796246,0.4747532308101654,0.0011475454084575176,0.016253899782896042,0.12113106995820999,0.10034883767366409,0.0004927024128846824,4.0
769,1.0,1.0,1.0,0.0,1.0,1.0,0.0,0.0,0.7154680490493774,0.9729640483856201,0.9658023715019226,0.23448818922042847,0.9996376633644104,0.986927330493927,0.47260135412216187,0.015811672434210777,4.0
770,,,,,1.0,1.0,,,0.4479435682296753,0.9097784757614136,0.956408679485321,0.07464152574539185,0.998936653137207,0.5259120464324951,0.04747072234749794,0.002556283725425601,3.0
771,0.0,,1.0,1.0,1.0,1.0,,,0.6108195781707764,0.9896252751350403,0.998738706111908,0.9437156915664673,0.9999760985374451,0.989978015422821,0.5196739435195923,0.0019782509189099073,1.0
772,0.0,,0.0,,0.0,0.0,,,0.001251992303878069,0.0010658063692972064,0.0008066213340498507,0.00021731820015702397,0.025922149419784546,0.0005089450278319418,0.014882238581776619,0.0005599361029453576,1.0
773,0.0,0.0,0.0,0.0,0.0,0.0,0.0,0.0,0.0008526168530806899,0.004385939799249172,0.000987041275948286,6.450143700931221e-05,0.1837669014930725,0.0004927736008539796,0.0087133152410388,0.0002707716776058078,4.0
774,1.0,1.0,1.0,1.0,1.0,1.0,1.0,0.0,0.9536341428756714,0.9969590902328491,0.9982464909553528,0.9524991512298584,0.9999250173568726,0.9974889755249023,0.7374029755592346,0.34473955631256104,2.0
775,1.0,1.0,1.0,1.0,1.0,1.0,0.0,1.0,0.9994568824768066,0.9972825646400452,0.9981305003166199,0.9994176030158997,0.9988704323768616,0.999537467956543,0.06759729981422424,0.7940340638160706,4.0
776,0.0,0.0,0.0,0.0,0.0,0.0,0.0,0.0,0.00042764985118992627,0.00022508065740112215,0.0005444020498543978,9.410995698999614e-05,0.00613644951954484,0.0001738274295348674,0.004617222584784031,0.00028386060148477554,2.0
777,1.0,1.0,1.0,1.0,1.0,1.0,,,0.8382969498634338,0.9998440146446228,0.9998881220817566,0.9994968771934509,0.9999384880065918,0.9991491436958313,0.3033202290534973,0.05414900928735733,2.0
778,0.0,,1.0,1.0,1.0,1.0,,,0.8535452485084534,0.9931182265281677,0.9951667785644531,0.9606643319129944,0.9996380805969238,0.985885739326477,0.9298429489135742,0.029460513964295387,2.0
779,0.0,0.0,0.0,0.0,0.0,0.0,0.0,0.0,0.0006083870539441705,0.00041510898154228926,7.039113552309573e-05,4.9740716349333525e-05,0.005073087755590677,0.0001896657340694219,0.006839265115559101,0.00016639627574477345,4.0
780,1.0,1.0,1.0,1.0,1.0,1.0,1.0,1.0,0.9997177720069885,0.9998710751533508,0.999792218208313,0.999636173248291,0.9999634623527527,0.9995968341827393,0.9978708028793335,0.603700578212738,2.0
781,0.0,,0.0,0.0,0.0,0.0,,,0.009767599403858185,0.001810956047847867,0.0019772076047956944,0.0017065610736608505,0.08775967359542847,0.0015317951329052448,0.1025400459766388,0.0002473766217008233,0.0
782,1.0,1.0,1.0,1.0,1.0,1.0,,,0.9955797791481018,0.995923638343811,0.9980059862136841,0.6302802562713623,0.9998534917831421,0.9985852241516113,0.7570514678955078,0.5112188458442688,0.0
783,1.0,1.0,1.0,0.0,1.0,1.0,0.0,0.0,0.29615259170532227,0.9968491196632385,0.995588481426239,0.5628370642662048,0.9997931122779846,0.9133512377738953,0.07046366482973099,0.003515586955472827,3.0
784,1.0,1.0,1.0,1.0,1.0,1.0,1.0,1.0,0.9999707937240601,0.9999574422836304,0.9998335838317871,0.999672532081604,0.9999502897262573,0.9995661377906799,0.9641162753105164,0.9986054301261902,4.0
785,0.0,0.0,0.0,,0.0,0.0,,,0.002181408228352666,0.0011329918634146452,0.0011629262007772923,0.00023549051547888666,0.010269425809383392,0.000435338297393173,0.00801795069128275,0.0004932972369715571,1.0
786,0.0,1.0,0.0,,0.0,,,,0.03336561098694801,0.9848614931106567,0.004376071970909834,0.011500930413603783,0.009364718571305275,0.0017357271863147616,0.03195452690124512,0.0009283170802518725,1.0
787,0.0,0.0,0.0,0.0,0.0,0.0,0.0,0.0,0.0005655800923705101,0.000272154196863994,0.0003097723238170147,0.00012530182721093297,0.008578239008784294,0.00015394698129966855,0.006386652123183012,0.0002594517427496612,1.0
788,1.0,1.0,1.0,1.0,1.0,1.0,1.0,0.0,0.9932835102081299,0.999670147895813,0.9993261694908142,0.9992657899856567,0.9999473094940186,0.9998160600662231,0.9928387999534607,0.6563980579376221,1.0
789,1.0,1.0,1.0,1.0,1.0,0.0,0.0,0.0,0.9673975110054016,0.9243300557136536,0.9995375275611877,0.9784839153289795,0.9815530180931091,0.615572988986969,0.22457793354988098,0.017198586836457253,4.0
790,1.0,,1.0,1.0,1.0,1.0,,,0.9960309267044067,0.9933330416679382,0.9995476007461548,0.9968718886375427,0.9995705485343933,0.993203341960907,0.35128313302993774,0.14353539049625397,1.0
791,1.0,,1.0,1.0,1.0,1.0,,,0.9994828104972839,0.9962239861488342,0.9977882504463196,0.8049852252006531,0.9999003410339355,0.9074795842170715,0.663195013999939,0.17521879076957703,4.0
792,0.0,0.0,0.0,0.0,0.0,0.0,,,0.0006394333904609084,0.0016135626938194036,0.0013191914185881615,0.00013653126370627433,0.011271449737250805,0.00023519313253927976,0.007107011042535305,0.00031164137180894613,1.0
793,0.0,1.0,1.0,0.0,1.0,0.0,,,0.06632272899150848,0.7584981918334961,0.7400651574134827,0.12240499258041382,0.9883919954299927,0.48733454942703247,0.08414098620414734,0.0005395751213654876,3.0
794,1.0,1.0,1.0,1.0,1.0,1.0,1.0,0.0,0.8384259343147278,0.9998058676719666,0.9993002414703369,0.995525598526001,0.9996436238288879,0.9809360504150391,0.8663714528083801,0.10594156384468079,3.0
795,0.0,0.0,0.0,0.0,0.0,0.0,0.0,0.0,0.0009721400565467775,0.0011159335263073444,0.0003121019108220935,6.210408173501492e-05,0.014820190146565437,0.0005482067354023457,0.01775219477713108,0.0002645647036843002,4.0
796,0.0,0.0,0.0,0.0,0.0,0.0,0.0,0.0,0.0008416425553150475,0.0004093731113243848,0.0003436837578192353,2.8289829060668126e-05,0.005978996399790049,0.0002500902919564396,0.007775886915624142,0.00016483647050336003,3.0
797,0.0,0.0,0.0,0.0,0.0,0.0,0.0,0.0,0.0005828175926581025,0.000941032893024385,0.0003243740648031235,8.045569120440632e-05,0.01240441482514143,0.0005402377573773265,0.010062456130981445,0.0003298634837847203,4.0
798,0.0,,0.0,0.0,0.0,0.0,,,0.0008109835325740278,0.001771315815858543,0.0008333064033649862,0.0002117509866366163,0.06090483441948891,0.0012044461909681559,0.04933229833841324,0.00040311712655238807,1.0
799,0.0,0.0,0.0,0.0,0.0,0.0,0.0,0.0,0.00037313756183721125,0.00023222548770718277,0.0005514232907444239,9.792520722839981e-05,0.005373580846935511,0.0002603644388727844,0.006427827291190624,0.0002326857065781951,2.0
800,0.0,0.0,0.0,0.0,0.0,0.0,0.0,0.0,0.0010594832710921764,0.0008885369170457125,0.00045316049363464117,0.00015963942860253155,0.005703456699848175,0.0003121131449006498,0.007485329173505306,0.0002390072913840413,0.0
801,1.0,1.0,1.0,1.0,1.0,0.0,1.0,0.0,0.9557161331176758,0.2923200726509094,0.9997085928916931,0.9964339733123779,0.9689671993255615,0.33396828174591064,0.7224416732788086,0.24840572476387024,4.0
802,0.0,0.0,0.0,0.0,0.0,0.0,0.0,0.0,0.0021934460382908583,0.0006527264486066997,0.0017041551182046533,0.00011253612319706008,0.00741450535133481,0.0004126906278543174,0.025522595271468163,0.00024041463620960712,0.0
803,1.0,1.0,1.0,1.0,1.0,0.0,1.0,1.0,0.9985954761505127,0.9997223019599915,0.9986153841018677,0.9916490912437439,0.9944140911102295,0.939646303653717,0.9763609766960144,0.9365476369857788,3.0
804,1.0,1.0,1.0,1.0,1.0,1.0,,,0.9997732043266296,0.997485876083374,0.9977248907089233,0.9994849562644958,0.9985669851303101,0.9963269233703613,0.3093591630458832,0.7277224659919739,4.0
805,1.0,,1.0,,1.0,1.0,,,0.7452985644340515,0.9942255020141602,0.9989094734191895,0.9989773035049438,0.9997140169143677,0.979153037071228,0.11721156537532806,0.018487518653273582,3.0
806,1.0,1.0,1.0,1.0,1.0,1.0,0.0,1.0,0.9979824423789978,0.9876745343208313,0.9987515211105347,0.9998019933700562,0.9986938238143921,0.9980769157409668,0.19366677105426788,0.7702218294143677,2.0
807,1.0,1.0,1.0,1.0,1.0,1.0,0.0,1.0,0.9975168108940125,0.9889305830001831,0.9860482811927795,0.9993788003921509,0.9999207854270935,0.999432384967804,0.1362570822238922,0.5876538157463074,0.0
808,1.0,1.0,1.0,1.0,1.0,1.0,1.0,,0.9907416105270386,0.9995496869087219,0.9994692206382751,0.9998107552528381,0.9999286532402039,0.8007298707962036,0.9686468243598938,0.4323124885559082,1.0
809,0.0,1.0,1.0,0.0,1.0,1.0,0.0,,0.5387235879898071,0.9682776927947998,0.9616847634315491,0.029516983777284622,0.999920129776001,0.7057728171348572,0.029228301718831062,0.00037555245216935873,0.0
810,0.0,0.0,0.0,0.0,0.0,0.0,0.0,0.0,0.0008948248578235507,0.000526703312061727,0.0006589263794012368,9.008277993416414e-05,0.004675276577472687,0.00031314048101194203,0.004602075554430485,0.0001843731733970344,0.0
811,0.0,0.0,0.0,0.0,0.0,0.0,0.0,,0.002006092108786106,0.00048558341222815216,0.0006049173534847796,4.5650722313439474e-05,0.012928828597068787,0.0005759332561865449,0.019348688423633575,7.115813059499487e-05,3.0
812,1.0,0.0,1.0,1.0,1.0,0.0,,,0.9648987054824829,0.05841201916337013,0.9851987957954407,0.9782787561416626,0.9717791676521301,0.018638847395777702,0.08177994936704636,0.027967019006609917,2.0
813,1.0,,1.0,,1.0,1.0,,,0.9331015944480896,0.9970310926437378,0.9969034194946289,0.990048885345459,0.9997574090957642,0.997422456741333,0.7909247875213623,0.2832295894622803,2.0
814,0.0,,0.0,0.0,0.0,0.0,,,0.0011234489502385259,0.0013487644027918577,0.000851845892611891,4.6671470045112073e-05,0.007128728087991476,0.00036086386535316706,0.049494579434394836,0.0005888455198146403,3.0
815,1.0,1.0,1.0,1.0,1.0,1.0,1.0,1.0,0.9976049661636353,0.9974759221076965,0.7841994762420654,0.999430775642395,0.9998206496238708,0.9988028407096863,0.48467954993247986,0.5942449569702148,4.0
816,0.0,,1.0,0.0,0.0,0.0,,,0.6327202916145325,0.010021572932600975,0.687529981136322,0.3665944039821625,0.8549018502235413,0.01466522179543972,0.27312809228897095,0.0019467571983113885,2.0
817,0.0,,1.0,0.0,1.0,0.0,,,0.06745819002389908,0.7434762716293335,0.92243891954422,0.03685302287340164,0.8612255454063416,0.2740963399410248,0.22175876796245575,0.0026300542522221804,1.0
818,1.0,1.0,1.0,1.0,0.0,0.0,1.0,1.0,0.999110996723175,0.9694331288337708,0.9661040306091309,0.997755765914917,0.991015613079071,0.20040647685527802,0.9691329002380371,0.9976495504379272,2.0
819,0.0,,0.0,0.0,1.0,0.0,,,0.0009921691380441189,0.01504251267760992,0.11672912538051605,0.00020131560449954122,0.010365267284214497,0.00669482909142971,0.026763733476400375,0.00022655032807961106,1.0
820,,,0.0,,1.0,1.0,,,0.22430047392845154,0.8059101700782776,0.9571446180343628,0.08095188438892365,0.9942359328269958,0.4387730360031128,0.10755413770675659,0.0022309981286525726,2.0
821,1.0,1.0,1.0,1.0,1.0,1.0,,,0.9920187592506409,0.7192279100418091,0.999077558517456,0.9996281862258911,0.9987642168998718,0.1827804297208786,0.07665996253490448,0.1481044441461563,1.0
822,0.0,1.0,0.0,0.0,0.0,0.0,0.0,0.0,0.26770490407943726,0.9511114358901978,0.10434432327747345,0.008239414542913437,0.46274954080581665,0.005632782354950905,0.03945184126496315,0.001955416053533554,3.0
823,0.0,,0.0,,0.0,0.0,,,0.002105684019625187,0.0035356669686734676,0.0015792713966220617,4.5133285311749205e-05,0.016821783035993576,0.0007573027978651226,0.01929994858801365,0.0005792137235403061,3.0
824,1.0,1.0,1.0,1.0,1.0,1.0,1.0,0.0,0.9930340051651001,0.9975529909133911,0.9998496174812317,0.998870849609375,0.9999315738677979,0.997322142124176,0.8987593650817871,0.3651883900165558,2.0
825,1.0,1.0,1.0,1.0,1.0,,0.0,,0.9017797708511353,0.9972079396247864,0.9958294630050659,0.9937557578086853,0.9920112490653992,0.9993965029716492,0.30716097354888916,0.07871343940496445,4.0
826,1.0,,1.0,,1.0,1.0,,,0.5854060649871826,0.9917012453079224,0.9955149292945862,0.998170793056488,0.9997612833976746,0.39604654908180237,0.06911175698041916,0.0248655267059803,3.0
827,1.0,0.0,1.0,1.0,1.0,0.0,0.0,0.0,0.8862468004226685,0.2549513578414917,0.9966946244239807,0.9988141059875488,0.9602543115615845,0.14332017302513123,0.07429102808237076,0.029059123247861862,2.0
828,0.0,,0.0,,0.0,0.0,,,0.0016361902235075831,0.00309995049610734,0.0016291236970573664,3.829277557088062e-05,0.034838296473026276,0.000974711962044239,0.02303258702158928,0.00029478289070539176,3.0
829,1.0,1.0,1.0,1.0,1.0,1.0,,,0.9954404234886169,0.9989367723464966,0.9992175698280334,0.99903404712677,0.9998437166213989,0.9543330073356628,0.6684209108352661,0.1469493806362152,1.0
830,0.0,0.0,0.0,0.0,0.0,0.0,0.0,0.0,0.0009095107670873404,0.0004620745312422514,5.6800701713655144e-05,3.6600053135771304e-05,0.01788868010044098,0.00047844392247498035,0.013014045543968678,0.00012760433310177177,4.0
831,1.0,1.0,1.0,1.0,1.0,1.0,0.0,0.0,0.9915457367897034,0.9998313188552856,0.9996514320373535,0.97110915184021,0.9999878406524658,0.9980908632278442,0.5665566325187683,0.4461827576160431,0.0
832,0.0,1.0,1.0,1.0,1.0,0.0,,,0.3890872299671173,0.9773873090744019,0.9921573996543884,0.5158206224441528,0.9863948225975037,0.6692260503768921,0.08627798408269882,0.0014438824728131294,2.0
833,1.0,1.0,1.0,1.0,1.0,1.0,1.0,,0.9995647072792053,0.9994723796844482,0.9998911619186401,0.9993224740028381,0.9999683499336243,0.9994825720787048,0.972700297832489,0.4501340985298157,4.0
834,0.0,0.0,0.0,0.0,0.0,0.0,,,0.0007734645041637123,0.00047733320388942957,0.0004442271892912686,8.122571307467297e-05,0.014333749189972878,0.00022919992625247687,0.0023407889530062675,0.00012190114648547024,0.0
835,1.0,1.0,1.0,1.0,1.0,1.0,1.0,,0.9990236759185791,0.9987212419509888,0.9998241066932678,0.9995309710502625,0.999934196472168,0.9995426535606384,0.9941557049751282,0.5347951054573059,4.0
836,0.0,0.0,,0.0,0.0,0.0,0.0,0.0,0.0023957218509167433,0.0014078258536756039,0.0005812381859868765,0.0001892910513561219,0.052076347172260284,0.000512302911374718,0.004724334925413132,0.00042143661994487047,0.0
837,1.0,1.0,1.0,0.0,1.0,1.0,0.0,,0.3895045220851898,0.9955539703369141,0.9928633570671082,0.6633138656616211,0.999783992767334,0.9959765076637268,0.2753145396709442,0.06639722734689713,4.0
838,0.0,,0.0,,0.0,0.0,,,0.03474417328834534,0.004220730159431696,0.009306664578616619,0.018643969669938087,0.11076907813549042,0.0022173686884343624,0.02743230015039444,0.001661341288127005,1.0
839,1.0,,1.0,1.0,1.0,1.0,,,0.9924123287200928,0.9994396567344666,0.9985999464988708,0.9992126822471619,0.9999406337738037,0.9999605417251587,0.9468793869018555,0.29253852367401123,2.0
840,0.0,0.0,0.0,0.0,0.0,0.0,,,0.0006395479431375861,0.0005401077796705067,0.0006708739674650133,0.00013074115850031376,0.008786635473370552,0.00013285980094224215,0.006384826730936766,0.0003379549889359623,1.0
841,0.0,,0.0,0.0,0.0,0.0,,,0.0006665191031061113,0.0004993551992811263,0.0007249233894981444,0.0001821545884013176,0.007877654395997524,0.0002759031194727868,0.014905769377946854,0.0002647480578161776,1.0
842,1.0,1.0,1.0,0.0,1.0,1.0,,,0.9531838893890381,0.9994592070579529,0.9739535450935364,0.7168993353843689,0.9994713664054871,0.8520260453224182,0.5259695053100586,0.2880217730998993,3.0
843,0.0,0.0,0.0,0.0,0.0,0.0,0.0,0.0,0.00034902297193184495,0.0002448040177114308,0.0011205516057088971,8.411596354562789e-05,0.006567729637026787,0.00024567998480051756,0.009190007112920284,0.0001597397495061159,2.0
844,,0.0,0.0,0.0,0.0,,0.0,0.0,0.0012929816730320454,0.015923643484711647,0.004234004765748978,0.0008035035571083426,0.020112065598368645,0.0006114575662650168,0.02233416959643364,0.00028559204656630754,2.0
845,0.0,,0.0,0.0,0.0,0.0,,,0.000706955324858427,0.0003900101874023676,0.00127178686670959,0.0001684742164798081,0.009682160802185535,0.00046539120376110077,0.015010775998234749,0.0002696393639780581,1.0
846,0.0,0.0,0.0,0.0,0.0,0.0,0.0,0.0,0.0003071532119065523,0.00020033825421705842,0.0007351154345087707,0.00012504876940511167,0.0060174353420734406,0.0002452002081554383,0.004192618653178215,0.0002490340266376734,2.0
847,0.0,,0.0,0.0,0.0,0.0,,,0.002595301019027829,0.0008961358689703047,0.0010441935155540705,3.6747271224157885e-05,0.020440300926566124,0.0017016151687130332,0.07658083736896515,0.0002993211383000016,3.0
848,0.0,0.0,0.0,0.0,0.0,0.0,,,0.0010339375585317612,0.0009782862616702914,0.00044363513006828725,9.844919259194285e-05,0.00990676786750555,0.0005796583136543632,0.07137025892734528,0.000348780449712649,4.0
849,1.0,,0.0,,1.0,1.0,,,0.6146894097328186,0.9376720786094666,0.8699455857276917,0.39528682827949524,0.9998750686645508,0.9932993650436401,0.033912401646375656,0.018177390098571777,1.0
850,0.0,,0.0,0.0,0.0,0.0,,,0.011891406029462814,0.002795977285131812,0.0009099526214413345,0.00029443728271871805,0.047384053468704224,0.0017536153318360448,0.1036216989159584,0.0005814617616124451,3.0
851,0.0,1.0,1.0,1.0,1.0,1.0,,,0.8198016285896301,0.9894793629646301,0.9999181032180786,0.9746397733688354,0.999808669090271,0.735572099685669,0.44337746500968933,0.0013773979153484106,4.0
852,1.0,1.0,1.0,1.0,1.0,1.0,,,0.8611553907394409,0.9979206919670105,0.999025821685791,0.9971705079078674,0.9996249675750732,0.9942046403884888,0.44141045212745667,0.23125115036964417,3.0
853,1.0,,1.0,1.0,1.0,1.0,,,0.9449037313461304,0.9977818727493286,0.9993155598640442,0.9971372485160828,0.9993137121200562,0.9835958480834961,0.217840313911438,0.06148664653301239,4.0
854,1.0,1.0,1.0,1.0,1.0,0.0,,,0.9371894598007202,0.770045280456543,0.9967808723449707,0.5373357534408569,0.9945067167282104,0.8094621896743774,0.30482017993927,0.03363366425037384,4.0
855,1.0,1.0,1.0,0.0,1.0,0.0,0.0,0.0,0.7101911902427673,0.9961643815040588,0.9877299070358276,0.09925372153520584,0.9967743754386902,0.6071407198905945,0.49006161093711853,0.06040823832154274,0.0
856,0.0,0.0,0.0,0.0,0.0,0.0,,,0.0008099421393126249,0.0013335670810192823,0.0004828902892768383,0.0001789592788554728,0.007286563981324434,0.0003320016257930547,0.07723793387413025,0.000519380671903491,1.0
857,0.0,1.0,1.0,0.0,1.0,1.0,0.0,0.0,0.4125409424304962,0.9840659499168396,0.9737280011177063,0.007106411270797253,0.9999586343765259,0.8213717937469482,0.3646591603755951,0.0009000690770335495,0.0
858,1.0,1.0,1.0,1.0,1.0,1.0,1.0,0.0,0.987072765827179,0.9998059868812561,0.9999033808708191,0.999320387840271,0.9999613761901855,0.9962878823280334,0.8409895300865173,0.07295925170183182,3.0
859,0.0,0.0,0.0,0.0,0.0,0.0,0.0,0.0,0.0006600815104320645,0.0008873691549524665,0.0010090753203257918,0.00013217605010140687,0.012835918925702572,0.00019193798652850091,0.009828285314142704,0.00020778477482963353,1.0
860,1.0,1.0,1.0,1.0,1.0,0.0,0.0,,0.7419889569282532,0.7331001162528992,0.9235363006591797,0.2590009868144989,0.993472158908844,0.9096238613128662,0.3882259428501129,0.06309159100055695,4.0
861,0.0,,0.0,,0.0,0.0,,,0.002613488584756851,0.001481133047491312,0.0015890353824943304,0.0004264794406481087,0.016095656901597977,0.0005041530821472406,0.014708963222801685,0.00019146752310916781,0.0
862,1.0,,1.0,1.0,1.0,1.0,,,0.9919567108154297,0.9562119841575623,0.989944338798523,0.3122921288013458,0.99956214427948,0.9914090037345886,0.08024109899997711,0.04361993819475174,0.0
863,0.0,0.0,0.0,0.0,0.0,0.0,0.0,0.0,0.0006977529847063124,0.0005026160506531596,7.131841266527772e-05,5.294991206028499e-05,0.009306765161454678,0.000287465809378773,0.007459351327270269,0.00015303495456464589,4.0
864,0.0,,0.0,0.0,0.0,0.0,,,0.005258497782051563,0.0011203123722225428,0.0008932264754548669,0.0002774589229375124,0.021522043272852898,0.0010792886605486274,0.05946383252739906,0.00084731075912714,2.0
865,0.0,,1.0,0.0,1.0,1.0,,,0.11808007210493088,0.9779968857765198,0.8094093799591064,0.030074113979935646,0.9995720982551575,0.8500069975852966,0.07212965935468674,0.0004580225213430822,2.0
866,1.0,1.0,1.0,1.0,1.0,1.0,1.0,0.0,0.6728414297103882,0.9986360669136047,0.9950862526893616,0.9768951535224915,0.9995741844177246,0.7544037699699402,0.775029182434082,0.053309451788663864,3.0
867,0.0,1.0,1.0,1.0,1.0,1.0,1.0,0.0,0.6237897276878357,0.9750417470932007,0.9720701575279236,0.7002394199371338,0.9996984601020813,0.45138847827911377,0.7900568246841431,0.0019784728065133095,0.0
868,0.0,0.0,0.0,0.0,0.0,0.0,0.0,0.0,0.0009850597707554698,0.0019686874002218246,0.00033511925721541047,3.437150735408068e-05,0.005706660449504852,0.0002826431591529399,0.009778017178177834,0.00011219390580663458,3.0
869,1.0,1.0,1.0,1.0,1.0,1.0,0.0,0.0,0.9947392344474792,0.9680306315422058,0.9993588328361511,0.6727847456932068,0.9999396204948425,0.9972344040870667,0.4329121708869934,0.233047753572464,0.0
870,1.0,1.0,1.0,1.0,1.0,1.0,1.0,0.0,0.9667019248008728,0.999664843082428,0.9994195699691772,0.947604238986969,0.9999218583106995,0.9997954964637756,0.9612823724746704,0.5862913131713867,4.0
871,1.0,1.0,1.0,1.0,1.0,1.0,,,0.994789719581604,0.9942800998687744,0.9991204142570496,0.7379714250564575,0.9999494552612305,0.9995200037956238,0.8082543611526489,0.23006537556648254,2.0
872,1.0,,1.0,1.0,,,1.0,,0.956685483455658,0.9940043091773987,0.9572954177856445,0.3590879738330841,0.9967180490493774,0.9948793649673462,0.8661743998527527,0.5253514051437378,3.0
873,1.0,1.0,1.0,1.0,1.0,1.0,0.0,,0.6663165092468262,0.9945789575576782,0.9987933039665222,0.999039351940155,0.9999743103981018,0.999603271484375,0.6620668768882751,0.24972084164619446,0.0
874,0.0,0.0,0.0,0.0,0.0,0.0,0.0,0.0,0.0015407130122184753,0.0017429026775062084,0.002004471840336919,0.0007651625201106071,0.1252080500125885,0.00023503020929638296,0.07208508998155594,0.0002269050746690482,1.0
875,0.0,0.0,0.0,0.0,0.0,0.0,0.0,0.0,0.0010051706340163946,0.0005753478035330772,0.00035256182309240103,2.9763594284304418e-05,0.007371590472757816,0.0004066290275659412,0.01062246784567833,0.0001525234547443688,3.0
876,1.0,1.0,1.0,0.0,1.0,0.0,0.0,0.0,0.4897880554199219,0.9495016932487488,0.8522793650627136,0.4750262498855591,0.9629517197608948,0.029377732425928116,0.37785589694976807,0.04216410219669342,4.0
877,1.0,1.0,1.0,1.0,1.0,1.0,1.0,,0.9997256994247437,0.9942886829376221,0.9990947246551514,0.6910162568092346,0.9997568130493164,0.9887569546699524,0.9601635336875916,0.29905828833580017,4.0
878,1.0,1.0,1.0,1.0,1.0,0.0,1.0,1.0,0.9980443716049194,0.9772593379020691,0.9996511936187744,0.9954075217247009,0.9407839179039001,0.23697684705257416,0.7814497351646423,0.5056126117706299,4.0
879,0.0,,0.0,0.0,0.0,0.0,,,0.0009346463484689593,0.0004805911739822477,0.0006539479945786297,9.744392446009442e-05,0.03381145000457764,0.0002175091503886506,0.006422738544642925,9.837434481596574e-05,0.0
880,0.0,0.0,1.0,0.0,1.0,0.0,,,0.49118486046791077,0.8812096118927002,0.8906722068786621,0.05957665666937828,0.9016250371932983,0.003343809861689806,0.04942910373210907,0.0007537138881161809,4.0
881,1.0,1.0,1.0,1.0,1.0,0.0,0.0,1.0,0.9897513389587402,0.3716159760951996,0.999889075756073,0.9994831681251526,0.987695038318634,0.41438600420951843,0.32465600967407227,0.16067394614219666,0.0
882,1.0,,1.0,,1.0,1.0,,,0.4996788203716278,0.9963606595993042,0.9984287619590759,0.9989097714424133,0.9999638199806213,0.9727521538734436,0.5210985541343689,0.016438236460089684,3.0
883,0.0,0.0,0.0,0.0,0.0,0.0,0.0,0.0,0.001017376547679305,0.0005344013916328549,0.002390265930444002,6.659272185061127e-05,0.17747282981872559,0.0007801330066286027,0.032287586480379105,0.00013104971731081605,0.0
884,0.0,0.0,0.0,0.0,1.0,0.0,0.0,0.0,0.01531596202403307,0.012100966647267342,0.32301831245422363,6.71933958074078e-05,0.812710702419281,0.5779123306274414,0.08530577272176743,0.0001166756555903703,3.0
885,1.0,1.0,1.0,1.0,1.0,1.0,1.0,,0.997840166091919,0.999954342842102,0.9998728632926941,0.998375415802002,0.9999397993087769,0.9997735023498535,0.9118530750274658,0.9205608367919922,3.0
886,0.0,1.0,0.0,0.0,1.0,1.0,0.0,0.0,0.3981934189796448,0.2134457528591156,0.9919195175170898,0.0018346179276704788,0.9973036646842957,0.6284136772155762,0.015755701810121536,0.00012182827049400657,0.0
887,0.0,1.0,1.0,0.0,1.0,1.0,,,0.10552625358104706,0.961877703666687,0.6235929727554321,0.016275400295853615,0.99991375207901,0.46206533908843994,0.10394203662872314,0.0004023393557872623,2.0
888,0.0,,1.0,,1.0,0.0,,,0.05428828299045563,0.21159692108631134,0.7372534871101379,0.2069820910692215,0.9568188786506653,0.01320652849972248,0.0896439328789711,0.0009095791028812528,1.0
889,1.0,1.0,1.0,1.0,1.0,1.0,1.0,0.0,0.5170126557350159,0.9961024522781372,0.9997273683547974,0.9988771677017212,0.999957799911499,0.9891735315322876,0.42767009139060974,0.033978428691625595,0.0
890,0.0,0.0,0.0,0.0,0.0,0.0,0.0,0.0,0.0007213412318378687,0.00033777140197344124,0.00034458754817023873,3.803482104558498e-05,0.005205168388783932,0.0002185123012168333,0.006099384743720293,6.842381844762713e-05,3.0
891,0.0,0.0,0.0,0.0,0.0,0.0,0.0,0.0,0.0005472498596645892,0.0003143240755889565,0.00036392733454704285,0.00012914487160742283,0.008391469717025757,0.00014156800170894712,0.006491732317954302,0.00023217372654471546,1.0
892,1.0,1.0,1.0,0.0,1.0,0.0,1.0,0.0,0.9687495827674866,0.9888173341751099,0.8322072625160217,0.3621106743812561,0.46621784567832947,0.23007449507713318,0.40663355588912964,0.20961979031562805,0.0
893,0.0,1.0,0.0,0.0,1.0,0.0,0.0,0.0,0.02383388951420784,0.3920956254005432,0.18906526267528534,0.00016567207057960331,0.5764802694320679,0.16917788982391357,0.22830529510974884,0.0003675423504319042,2.0
894,0.0,,0.0,0.0,0.0,0.0,,,0.0023963497951626778,0.0007675531087443233,0.0014999345876276493,5.691561091225594e-05,0.06146638095378876,0.00023171301290858537,0.01473215315490961,0.00015236744366120547,3.0
895,1.0,1.0,1.0,1.0,1.0,1.0,0.0,1.0,0.997197687625885,0.99803227186203,0.9978020787239075,0.9793325662612915,0.9999178647994995,0.9976990818977356,0.4384995102882385,0.08334760367870331,4.0
896,0.0,0.0,0.0,0.0,0.0,0.0,,,0.002138001611456275,0.00037960478221066296,8.593416714575142e-05,0.00010196762013947591,0.04340798035264015,0.00016759111895225942,0.012290353886783123,0.00010967697016894817,4.0
897,1.0,1.0,1.0,1.0,1.0,1.0,1.0,1.0,0.9997358322143555,0.9993566274642944,0.999824047088623,0.9999692440032959,0.9996000528335571,0.9088653326034546,0.9936566352844238,0.6073662638664246,2.0
898,0.0,0.0,0.0,0.0,0.0,0.0,,,0.0012717245845124125,0.0014197248965501785,0.008206797763705254,0.0004900074563920498,0.050707802176475525,0.0005905279540456831,0.010774809867143631,0.0004181854019407183,2.0
899,0.0,0.0,0.0,0.0,0.0,0.0,0.0,0.0,0.0011905580759048462,0.043637681752443314,0.0013665560400113463,6.751708860974759e-05,0.22940979897975922,0.0009219041676260531,0.007298960350453854,0.00015867670299485326,3.0
900,1.0,1.0,1.0,1.0,1.0,1.0,1.0,1.0,0.9996086955070496,0.99812912940979,0.9985059499740601,0.9932321310043335,0.9999092221260071,0.9997031092643738,0.9391162991523743,0.34712380170822144,1.0
901,0.0,,0.0,0.0,0.0,0.0,,,0.0010369719238951802,0.00024427505559287965,0.001078323693946004,0.00022328786144498736,0.01656527630984783,0.0003283786936663091,0.01050360593944788,0.0003510052047204226,2.0
902,0.0,0.0,0.0,0.0,0.0,0.0,0.0,0.0,0.0010718205012381077,0.000930642825551331,0.0009159957990050316,0.0001311981031903997,0.00638648122549057,0.00028848013607785106,0.00970517098903656,0.00016432686243206263,0.0
903,0.0,0.0,0.0,0.0,0.0,0.0,0.0,0.0,0.0006860469584353268,0.0005948702455498278,0.000558209081646055,7.447661482729018e-05,0.00842160265892744,0.00021622814529109746,0.007005180697888136,8.865130803314969e-05,0.0
904,1.0,1.0,1.0,1.0,1.0,1.0,0.0,0.0,0.8806556463241577,0.9952429533004761,0.999583899974823,0.9979609251022339,0.9998226165771484,0.7567929029464722,0.10110678523778915,0.016922393813729286,2.0
905,0.0,0.0,0.0,0.0,0.0,0.0,0.0,0.0,0.00039038609247654676,0.0003009518841281533,0.0005372098530642688,0.00011192871897947043,0.004842881113290787,0.00021577840379904956,0.0048376647755503654,0.00021571664547082037,2.0
906,,,,,,,1.0,0.0,0.31759336590766907,0.43663957715034485,0.20380143821239471,0.2709895670413971,0.43119847774505615,0.2207881659269333,0.07760641723871231,0.0025009652599692345,1.0
907,1.0,1.0,0.0,0.0,1.0,1.0,,,0.7849109768867493,0.9237130880355835,0.800009548664093,0.4493751525878906,0.9998382329940796,0.9767359495162964,0.037653569132089615,0.00807830411940813,1.0
908,0.0,1.0,1.0,0.0,1.0,1.0,0.0,0.0,0.5446945428848267,0.990883469581604,0.9934018850326538,0.051546163856983185,0.9996761679649353,0.8273055553436279,0.5628508925437927,0.000738929898943752,3.0
909,1.0,1.0,0.0,0.0,1.0,1.0,0.0,0.0,0.9720110893249512,0.9205996990203857,0.77582186460495,0.15758059918880463,0.9973680973052979,0.795900821685791,0.136044442653656,0.024901162832975388,2.0
910,1.0,1.0,1.0,1.0,1.0,1.0,1.0,1.0,0.9999281167984009,0.9993595480918884,0.9997466206550598,0.9791252613067627,0.9999620914459229,0.9998787045478821,0.40726643800735474,0.7684474587440491,2.0
911,1.0,1.0,1.0,1.0,1.0,1.0,0.0,0.0,0.9707357883453369,0.9981949925422668,0.9998084306716919,0.9983276128768921,0.9998711943626404,0.9795413017272949,0.7684427499771118,0.5294345617294312,4.0
912,0.0,0.0,0.0,0.0,0.0,0.0,0.0,,0.0015866548055782914,0.0004756616544909775,0.0007222824497148395,3.167680915794335e-05,0.009213525801897049,0.00021824568102601916,0.00911509059369564,0.0001723062014207244,3.0
913,1.0,0.0,1.0,1.0,1.0,0.0,0.0,0.0,0.48153647780418396,0.5465235710144043,0.9980045557022095,0.9977052807807922,0.905404806137085,0.8340324759483337,0.048263534903526306,0.12403750419616699,0.0
914,1.0,1.0,1.0,1.0,1.0,1.0,0.0,1.0,0.9986122846603394,0.9991869926452637,0.9988563060760498,0.9958807826042175,0.9995694160461426,0.9919339418411255,0.6989908814430237,0.5457631349563599,2.0
915,1.0,1.0,1.0,1.0,1.0,1.0,0.0,1.0,0.999061107635498,0.998974084854126,0.999177873134613,0.998196542263031,0.9999371767044067,0.9990167021751404,0.4668077230453491,0.29544615745544434,0.0
916,0.0,0.0,0.0,0.0,0.0,0.0,0.0,0.0,0.0009323876001872122,0.0008757356554269791,0.0005917868111282587,0.00010441643098602071,0.015634477138519287,0.0004663643194362521,0.010909106582403183,0.00010797848517540842,0.0
917,1.0,1.0,1.0,1.0,1.0,1.0,1.0,0.0,0.9996277689933777,0.9993950724601746,0.9997295141220093,0.999382734298706,0.9998914003372192,0.9991046190261841,0.9386419057846069,0.5072475671768188,2.0
918,0.0,,0.0,,1.0,0.0,,,0.00212086015380919,0.4284122586250305,0.1887122392654419,4.727565101347864e-05,0.6655089259147644,0.11910077929496765,0.026330139487981796,0.00031735957600176334,3.0
919,1.0,,1.0,1.0,1.0,1.0,,,0.9986656904220581,0.9736999869346619,0.999769389629364,0.9104557633399963,0.9899816513061523,0.9878882765769958,0.057274218648672104,0.08398847281932831,3.0
920,0.0,1.0,1.0,0.0,1.0,0.0,0.0,0.0,0.5366846919059753,0.8695003986358643,0.8599287867546082,0.21745839715003967,0.8521183729171753,0.6377936005592346,0.31952354311943054,0.004397957120090723,4.0
921,0.0,0.0,,0.0,0.0,0.0,0.0,0.0,0.008110461756587029,0.001212208066135645,0.0006276648491621017,0.0003441341978032142,0.09818431735038757,0.00021639754413627088,0.034523431211709976,0.0002301508211530745,2.0
922,1.0,1.0,1.0,1.0,1.0,0.0,,,0.9410882592201233,0.7574987411499023,0.998333215713501,0.5303739905357361,0.9944888353347778,0.6791276335716248,0.25256580114364624,0.04335102066397667,2.0
923,0.0,,0.0,,0.0,0.0,,,0.005620596930384636,0.0015379070537164807,0.004846822004765272,0.00039507070323452353,0.03091481886804104,0.0008590923971496522,0.016836175695061684,0.00019923753279726952,0.0
924,1.0,,1.0,1.0,1.0,1.0,,,0.9984922409057617,0.9991713166236877,0.9985359311103821,0.9939842820167542,0.9997278451919556,0.9998355507850647,0.8345251679420471,0.37981441617012024,3.0
925,,,1.0,1.0,1.0,1.0,,,0.8725696802139282,0.971234917640686,0.9987607002258301,0.8114173412322998,0.9998990297317505,0.995195209980011,0.9167089462280273,0.09853985160589218,1.0
926,0.0,0.0,0.0,0.0,0.0,0.0,0.0,0.0,0.002322462387382984,0.0006986839580349624,0.0014561038697138429,9.820431296247989e-05,0.01023806445300579,0.00037834691465832293,0.005597757641226053,0.00023905097623355687,0.0
927,0.0,0.0,0.0,0.0,0.0,0.0,0.0,0.0,0.0008673099800944328,0.0005333980661816895,0.0005464408895932138,5.491983029060066e-05,0.008731207810342312,0.0003410790814086795,0.0028737043030560017,0.00012139573664171621,0.0
928,,,0.0,,0.0,0.0,,,0.0016033393330872059,0.0013827247312292457,0.0012964644702151418,5.145989416632801e-05,0.022399665787816048,0.0005231140530668199,0.02786245569586754,0.0005350512219592929,3.0
929,0.0,,1.0,,1.0,1.0,,,0.5633038878440857,0.8248591423034668,0.8986585140228271,0.013204469345510006,0.9998960494995117,0.7704813480377197,0.046079687774181366,0.00038481366937048733,0.0
930,1.0,,1.0,,1.0,1.0,,,0.7708903551101685,0.9799370169639587,0.9391500353813171,0.39550039172172546,0.9999566078186035,0.8438050746917725,0.14925546944141388,0.04110816866159439,1.0
931,0.0,0.0,0.0,,0.0,0.0,,,0.0009268041467294097,0.0014911373145878315,0.0006007910706102848,0.00013981424854137003,0.027493596076965332,0.0005618864088319242,0.010539794340729713,0.0006082159234210849,1.0
932,1.0,1.0,1.0,1.0,1.0,1.0,1.0,1.0,0.9998443722724915,0.9996360540390015,0.9998282790184021,0.9999457001686096,0.9999891519546509,0.9943852424621582,0.9430074691772461,0.9096358418464661,0.0
933,1.0,1.0,1.0,1.0,1.0,1.0,1.0,1.0,0.9998878240585327,0.9997866153717041,0.9998692274093628,0.9085289835929871,0.9999217987060547,0.9996223449707031,0.8595285415649414,0.9241979122161865,3.0
934,0.0,,0.0,,0.0,0.0,,,0.0013456754386425018,0.000724355282727629,0.0012866093311458826,2.9818622351740487e-05,0.020116161555051804,0.00025021241162903607,0.014692418277263641,0.00035940270754508674,3.0
935,0.0,0.0,0.0,0.0,1.0,0.0,,,0.000850066018756479,0.09721814841032028,0.0802818089723587,0.00015887996414676309,0.007902353070676327,0.02112182229757309,0.007397144567221403,0.00028892752015963197,2.0
936,0.0,0.0,0.0,0.0,1.0,0.0,,,0.025784717872738838,0.07176674902439117,0.754945695400238,0.0004912121803499758,0.18086548149585724,0.03240111842751503,0.01820802316069603,0.0004168024461250752,2.0
937,1.0,1.0,1.0,1.0,1.0,1.0,1.0,1.0,0.9999504089355469,0.9997867345809937,0.9976546168327332,0.9986555576324463,0.9999423623085022,0.9988967180252075,0.7214112877845764,0.9112385511398315,0.0
938,1.0,1.0,1.0,1.0,1.0,1.0,1.0,1.0,0.9988389015197754,0.9998493790626526,0.9989582300186157,0.9974511861801147,0.9999302625656128,0.9998061656951904,0.9980510473251343,0.9862262010574341,2.0
939,,,1.0,1.0,1.0,1.0,,,0.7519407272338867,0.9865826964378357,0.9994955062866211,0.9963834881782532,0.9999220967292786,0.9131875038146973,0.44322651624679565,0.0622895285487175,2.0
940,1.0,1.0,1.0,1.0,1.0,1.0,0.0,0.0,0.8883135318756104,0.6792519688606262,0.9995619654655457,0.9995428919792175,0.9998208284378052,0.5290980935096741,0.050107814371585846,0.06234058365225792,1.0
941,0.0,0.0,0.0,0.0,0.0,0.0,0.0,0.0,0.00815728772431612,0.003131099743768573,0.0033229663968086243,0.00019057215831708163,0.021538127213716507,0.00032710557570680976,0.03345679119229317,0.00034852727549150586,1.0
942,0.0,0.0,,0.0,1.0,0.0,,,0.022980790585279465,0.20051121711730957,0.7464296817779541,0.45452043414115906,0.7475579977035522,0.055685658007860184,0.1113714724779129,0.0005851672613061965,1.0
943,0.0,0.0,,1.0,1.0,0.0,,,0.5964705944061279,0.10274732112884521,0.9918439388275146,0.9025804996490479,0.8527167439460754,0.12895633280277252,0.09312097728252411,0.002493026666343212,2.0
944,0.0,,0.0,,0.0,0.0,,,0.0018016599351540208,0.001432729186490178,0.0008436102070845664,0.00019018887542188168,0.0106029799208045,0.0006363271386362612,0.019157247617840767,0.0002609594084788114,0.0
945,0.0,0.0,0.0,0.0,0.0,0.0,0.0,0.0,0.0012536790454760194,0.005870950408279896,0.0007374603883363307,3.090099562541582e-05,0.0133426608517766,0.0002590606745798141,0.009916931390762329,8.882513066055253e-05,3.0
946,0.0,1.0,1.0,0.0,1.0,1.0,0.0,0.0,0.48371273279190063,0.9025326371192932,0.942548930644989,0.04430835694074631,0.9998294115066528,0.7511482238769531,0.05980668589472771,0.00035929185105487704,2.0
947,0.0,,0.0,,0.0,0.0,,,0.00592518225312233,0.0018568248488008976,0.004192298743873835,4.976808122592047e-05,0.04301854223012924,0.0005719934706576169,0.03188679739832878,0.0002968784247059375,3.0
948,1.0,1.0,1.0,1.0,1.0,1.0,1.0,,0.9864077568054199,0.9994962215423584,0.9996485710144043,0.999733030796051,0.9999849796295166,0.9978761672973633,0.7636589407920837,0.08853292465209961,0.0
949,,,,,,,0.0,0.0,0.0625433549284935,0.031028565019369125,0.0304720476269722,0.0030525666661560535,0.016716094687581062,0.08234003931283951,0.02306295745074749,0.0005038049421273172,1.0
950,1.0,,1.0,0.0,1.0,1.0,,,0.728230893611908,0.9862545728683472,0.9304315447807312,0.29265978932380676,0.9996225237846375,0.9964228272438049,0.7410491704940796,0.048836544156074524,2.0
951,0.0,0.0,0.0,0.0,0.0,0.0,0.0,0.0,0.0003138916508760303,0.0001902281801449135,0.00040501286275684834,9.446695185033605e-05,0.007606427650898695,0.00020260385645087808,0.004490033723413944,0.00018150679534301162,2.0
952,,1.0,1.0,1.0,1.0,1.0,,,0.9999405741691589,0.9807419776916504,0.9987252354621887,0.9651187062263489,0.9999582767486572,0.9815388321876526,0.9778945446014404,0.9575989842414856,1.0
953,0.0,0.0,0.0,0.0,0.0,0.0,0.0,0.0,0.0007736949482932687,0.00044536421773955226,0.0003715751226991415,2.7634638172457926e-05,0.007809452246874571,0.00030330204754136503,0.020019788295030594,8.849809091771021e-05,3.0
954,0.0,,0.0,0.0,0.0,0.0,,,0.005053933709859848,0.00213627889752388,0.0003665595722850412,0.00012610334670171142,0.015972886234521866,0.00031082017812877893,0.022304313257336617,0.0003537102893460542,4.0
955,0.0,0.0,0.0,0.0,0.0,0.0,0.0,0.0,0.17433768510818481,0.09055887162685394,0.0303584523499012,0.0005164588219486177,0.2510630190372467,0.0028962704818695784,0.06582722067832947,0.0014018840156495571,4.0
956,0.0,,1.0,0.0,1.0,1.0,,,0.036625318229198456,0.9586246013641357,0.8165063261985779,0.06427113711833954,0.9995399117469788,0.5203695893287659,0.18181192874908447,0.00027757108910009265,4.0
957,0.0,0.0,0.0,0.0,0.0,0.0,0.0,,0.0007531105075031519,0.0002744685916695744,5.7866767747327685e-05,5.9097805205965415e-05,0.006777267903089523,0.00025012384867295623,0.006630495190620422,0.00022425029601436108,4.0
958,1.0,1.0,1.0,1.0,1.0,1.0,0.0,,0.9510622024536133,0.9984469413757324,0.9997158646583557,0.999604344367981,0.9997555017471313,0.9975586533546448,0.047579120844602585,0.09623122215270996,3.0
959,0.0,,0.0,,0.0,0.0,,,0.0008886619471013546,0.0014247639337554574,0.0005902420962229371,0.00010241495328955352,0.018952948972582817,0.00026685543707571924,0.013522828929126263,0.0003508671070449054,4.0
960,0.0,0.0,0.0,0.0,0.0,0.0,0.0,0.0,0.0005979106645099819,0.00035510811721906066,6.112761911936104e-05,3.0867297027725726e-05,0.012020785361528397,0.0002459040260873735,0.011425093747675419,0.0001118208238040097,4.0
961,1.0,1.0,1.0,1.0,1.0,1.0,1.0,0.0,0.9988863468170166,0.9998241662979126,0.9989060759544373,0.9970456957817078,0.9999287724494934,0.9994947910308838,0.9948430061340332,0.4786950945854187,1.0
962,1.0,0.0,1.0,1.0,1.0,0.0,,,0.8342717289924622,0.1222173422574997,0.9990898966789246,0.9988460540771484,0.9271420240402222,0.058854617178440094,0.016046978533267975,0.02741590514779091,0.0
963,1.0,1.0,1.0,1.0,1.0,1.0,1.0,,0.9999068975448608,0.9997328519821167,0.9989992380142212,0.9566982388496399,0.9999333620071411,0.9996914267539978,0.9388957023620605,0.9925915002822876,1.0
964,0.0,0.0,0.0,0.0,0.0,0.0,,,0.0024666443932801485,0.0005280379555188119,0.000758988840971142,0.00013290438801050186,0.021873213350772858,0.0002498729445505887,0.0026384438388049603,0.0001233363145729527,0.0
965,0.0,0.0,0.0,0.0,0.0,0.0,0.0,0.0,0.000858037150464952,0.0006436484400182962,0.0010305760661140084,0.00022362606250680983,0.012339524924755096,0.00042640784522518516,0.011672941967844963,0.00020691916870418936,1.0
966,1.0,1.0,1.0,1.0,1.0,1.0,0.0,1.0,0.9996793270111084,0.7023741006851196,0.9987033605575562,0.9996939897537231,0.9979244470596313,0.8785284757614136,0.9563585519790649,0.5547210574150085,2.0
967,0.0,0.0,0.0,0.0,0.0,0.0,0.0,0.0,0.0009103680495172739,0.0004973186296410859,0.0007970512961037457,3.106852091150358e-05,0.005087634082883596,0.00011043365520890802,0.00630226219072938,0.00010036218736786395,3.0
968,1.0,1.0,1.0,1.0,1.0,1.0,1.0,1.0,0.9978103041648865,0.999758243560791,0.9992630481719971,0.9424284100532532,0.9999279379844666,0.9853243231773376,0.9289647340774536,0.9253895282745361,2.0
969,1.0,1.0,1.0,1.0,1.0,1.0,0.0,,0.9977318644523621,0.9987987279891968,0.9997767210006714,0.9806176424026489,0.9999629855155945,0.9804764986038208,0.3229208290576935,0.1992473304271698,4.0
970,0.0,,0.0,0.0,0.0,0.0,,,0.0010596419451758265,0.0008116518147289753,0.0010057843755930662,2.9065788112347946e-05,0.030339060351252556,0.00037263051490299404,0.015811389312148094,0.0002675625146366656,3.0
971,0.0,0.0,1.0,0.0,1.0,0.0,,,0.11987029016017914,0.34023964405059814,0.5161709189414978,0.025593925267457962,0.8526813983917236,0.009064843878149986,0.04568294435739517,0.00022163486573845148,4.0
972,0.0,0.0,0.0,0.0,0.0,0.0,,,0.0007600471726618707,0.00044835478183813393,0.00010103172098752111,6.562871567439288e-05,0.056808650493621826,0.00012514699483290315,0.020281510427594185,0.0001442155771655962,4.0
973,0.0,0.0,0.0,0.0,0.0,0.0,0.0,,0.21321934461593628,0.010796094313263893,0.0015589699614793062,0.0004423770878929645,0.026999512687325478,0.07443573325872421,0.29448890686035156,0.0005800377111881971,0.0
974,1.0,1.0,1.0,1.0,1.0,1.0,1.0,1.0,0.9808101058006287,0.9991368055343628,0.9996389746665955,0.9997804760932922,0.9999789595603943,0.9984383583068848,0.7457690238952637,0.2327577769756317,1.0
975,0.0,1.0,0.0,,1.0,0.0,,,0.14291201531887054,0.4365249276161194,0.33128488063812256,0.0026047618594020605,0.9974368214607239,0.5921873450279236,0.0823388397693634,0.0002856602950487286,4.0
976,1.0,1.0,1.0,,1.0,1.0,,,0.47536659240722656,0.9906803369522095,0.7076314091682434,0.5817840099334717,0.9999074935913086,0.9867044687271118,0.6584661602973938,0.06937672942876816,0.0
977,0.0,,0.0,,0.0,0.0,,,0.0011529267067089677,0.0016718136612325907,0.00179814244620502,3.493071562843397e-05,0.029189471155405045,0.0005388497374951839,0.013332683593034744,0.00031266704900190234,3.0
978,,,,,,,0.0,0.0,0.024211334064602852,0.04217435047030449,0.044594280421733856,0.0012891999213024974,0.020963914692401886,0.21585355699062347,0.10294702649116516,0.000638398458249867,0.0
979,0.0,,0.0,0.0,0.0,0.0,,,0.0006762418779544532,0.0005058011156506836,0.000884670706000179,0.00015384443395305425,0.020077135413885117,0.0002891678304877132,0.02047249674797058,0.0003650980943348259,1.0
980,0.0,1.0,1.0,0.0,1.0,1.0,,,0.6675817370414734,0.9925141334533691,0.9800065159797668,0.07085098326206207,0.9997870326042175,0.9990783929824829,0.8203693628311157,0.00253771198913455,4.0
981,1.0,1.0,1.0,1.0,1.0,1.0,1.0,1.0,0.9998236894607544,0.9999152421951294,0.999431848526001,0.9979574084281921,0.9999501705169678,0.9991745948791504,0.9776217937469482,0.9905629754066467,1.0
982,0.0,,0.0,,0.0,0.0,,,0.0058357189409434795,0.019407950341701508,0.0030108774080872536,0.00012552279804367572,0.03448179364204407,0.0005987494951114058,0.043285246938467026,0.0003678518405649811,2.0
983,1.0,0.0,,0.0,1.0,0.0,,,0.8724695444107056,0.11764639616012573,0.03706151619553566,0.5741472244262695,0.6131526231765747,0.07277099043130875,0.12238947302103043,0.031662166118621826,3.0
984,1.0,0.0,,1.0,1.0,0.0,,,0.9645159840583801,0.08769784867763519,0.7099878191947937,0.5656077265739441,0.7999017834663391,0.07524705678224564,0.04213846102356911,0.5204477310180664,2.0
985,1.0,1.0,1.0,1.0,1.0,1.0,0.0,1.0,0.9998992085456848,0.9996899366378784,0.9997631311416626,0.9986428022384644,0.9998658895492554,0.9841312170028687,0.6942786574363708,0.9162845015525818,2.0
986,1.0,1.0,1.0,1.0,1.0,1.0,1.0,1.0,0.9991682171821594,0.9994772672653198,0.9991700649261475,0.9983999729156494,0.9999644756317139,0.999885618686676,0.9649282693862915,0.7837178707122803,1.0
987,1.0,1.0,1.0,1.0,1.0,1.0,1.0,,0.9992762207984924,0.999893307685852,0.9988887310028076,0.9908896684646606,0.9999455213546753,0.9478278160095215,0.9291979670524597,0.9840368628501892,2.0
988,0.0,0.0,0.0,0.0,0.0,0.0,0.0,0.0,0.0006503933109343052,0.0003434380341786891,0.000335693679517135,0.0001224632578669116,0.010241709649562836,0.00035735376877710223,0.007147658616304398,0.00023953054915182292,1.0
989,1.0,1.0,1.0,1.0,1.0,1.0,0.0,0.0,0.9814659357070923,0.997887134552002,0.9998533129692078,0.9989822506904602,0.9998643398284912,0.7694745063781738,0.25979340076446533,0.04045252501964569,3.0
990,1.0,1.0,1.0,1.0,1.0,1.0,1.0,0.0,0.9904390573501587,0.9993429183959961,0.9980368614196777,0.9993987679481506,0.9999632835388184,0.9839192032814026,0.8919100165367126,0.22357800602912903,1.0
991,1.0,1.0,1.0,1.0,1.0,0.0,0.0,,0.9889453053474426,0.7657521367073059,0.998529851436615,0.9224469065666199,0.9956425428390503,0.8848527073860168,0.5828716158866882,0.05543212592601776,4.0
992,0.0,0.0,0.0,0.0,0.0,0.0,0.0,0.0,0.0005639349110424519,0.0003238976642023772,8.708109817234799e-05,3.933833431801759e-05,0.005143801681697369,0.00020187468908261508,0.009710196405649185,0.0001763259497238323,4.0
993,1.0,1.0,1.0,1.0,1.0,1.0,0.0,,0.9984380006790161,0.9038950204849243,0.9023779034614563,0.9964882135391235,0.9960301518440247,0.921044111251831,0.16653716564178467,0.8393170833587646,1.0
994,0.0,1.0,1.0,0.0,1.0,0.0,0.0,0.0,0.00439804932102561,0.7170993089675903,0.29864493012428284,0.0012044557370245457,0.9967000484466553,0.15171758830547333,0.1294524222612381,0.00036946265026926994,2.0
995,0.0,,0.0,,0.0,0.0,,,0.00149030692409724,0.0009698052308522165,0.0010051638819277287,5.655610948451795e-05,0.020052416250109673,0.00031289239996112883,0.015973586589097977,0.0002773531014099717,4.0
996,0.0,,1.0,0.0,1.0,0.0,,,0.19788965582847595,0.8736098408699036,0.8734248876571655,0.6658968925476074,0.9781481027603149,0.4238787293434143,0.32308852672576904,0.0008132553775794804,4.0
997,,,0.0,0.0,0.0,0.0,,,0.003979770001024008,0.024992384016513824,0.03346652165055275,0.03707066550850868,0.4568401873111725,0.0005259360186755657,0.1332838237285614,0.004924228880554438,2.0
998,0.0,,0.0,0.0,0.0,0.0,,,0.0009318635566160083,0.0005984546151012182,0.0008953217184171081,8.714388241060078e-05,0.02139032632112503,0.00019525479001458734,0.006085165310651064,0.0001168238086393103,0.0
999,1.0,,1.0,0.0,1.0,1.0,,,0.5778297781944275,0.982337474822998,0.8820433616638184,0.12360882759094238,0.9997755289077759,0.9862494468688965,0.5538367629051208,0.027889873832464218,0.0
1000,0.0,0.0,0.0,0.0,0.0,0.0,0.0,0.0,0.0007208935567177832,0.00039978144923225045,0.000572233519051224,0.00012091994722140953,0.008309788070619106,0.0002640515158418566,0.00800843071192503,0.00028883619233965874,1.0
1001,0.0,,0.0,0.0,0.0,0.0,,,0.000896098033990711,0.0015867864713072777,0.0014644040493294597,0.00027371812029741704,0.00689642783254385,0.0006059022853150964,0.03874078392982483,0.0004239652189426124,1.0
1002,1.0,0.0,1.0,1.0,1.0,1.0,,,0.9867323040962219,0.8886528611183167,0.8834770917892456,0.8539843559265137,0.9983510971069336,0.9111272692680359,0.06671866774559021,0.6920432448387146,2.0
1003,1.0,1.0,1.0,1.0,1.0,1.0,1.0,1.0,0.9869957566261292,0.999845027923584,0.9992337226867676,0.9953497648239136,0.9999202489852905,0.999738872051239,0.9546011686325073,0.5105457305908203,2.0
1004,0.0,0.0,0.0,0.0,0.0,0.0,,,0.008941798470914364,0.004383930470794439,0.0006968930247239769,0.00037064956268295646,0.08038032799959183,0.0015975639689713717,0.017402511090040207,0.0007151270983740687,0.0
1005,0.0,0.0,0.0,0.0,0.0,0.0,0.0,0.0,0.000628940062597394,0.0003352775820530951,0.0004700519784819335,0.00011519248073454946,0.014265005476772785,0.00012652169971261173,0.010501978918910027,0.000194557462236844,1.0
1006,0.0,0.0,0.0,0.0,1.0,0.0,0.0,0.0,0.07419069856405258,0.3022668957710266,0.005685029085725546,0.00015437338151969016,0.9946720004081726,0.011939098127186298,0.09028802067041397,0.0014628408243879676,2.0
1007,1.0,1.0,1.0,1.0,1.0,1.0,1.0,0.0,0.9842677712440491,0.9994685053825378,0.9978072643280029,0.9882999658584595,0.9999058246612549,0.999116063117981,0.9109675884246826,0.6119722723960876,2.0
1008,0.0,0.0,0.0,0.0,0.0,0.0,0.0,0.0,0.0006892501842230558,0.000409474887419492,7.074892346281558e-05,3.809500049101189e-05,0.01731962524354458,0.00022002794139552861,0.008272312581539154,0.00023677544959355146,4.0
1009,0.0,0.0,0.0,0.0,0.0,1.0,0.0,0.0,0.21643605828285217,0.01864815503358841,0.016122084110975266,0.002223697490990162,0.8177227973937988,0.04850401356816292,0.16922509670257568,0.002223603893071413,2.0
1010,0.0,,0.0,,0.0,0.0,,,0.005443206988275051,0.0036881095729768276,0.0011101174168288708,0.002065673703327775,0.11973754316568375,0.0013756960397586226,0.12428809702396393,0.0003272613394074142,0.0
1011,1.0,1.0,1.0,1.0,1.0,1.0,0.0,,0.9892942905426025,0.9979801177978516,0.9999269247055054,0.9992989897727966,0.9997207522392273,0.9235121011734009,0.41629722714424133,0.15834304690361023,4.0
1012,1.0,,1.0,1.0,1.0,1.0,,,0.9822630286216736,0.9975619316101074,0.999764621257782,0.9982333183288574,0.9999440908432007,0.9979302883148193,0.7977989912033081,0.18462829291820526,4.0
1013,,,0.0,,0.0,0.0,,,0.0007987511344254017,0.0019878079183399677,0.001209663925692439,0.00033298583002761006,0.010746381245553493,0.00034463961492292583,0.02063513919711113,0.0005353952874429524,2.0
1014,1.0,,1.0,1.0,1.0,0.0,,,0.9892849326133728,0.7741807103157043,0.9970686435699463,0.7890672087669373,0.9885187745094299,0.8143885135650635,0.0787280723452568,0.09787152707576752,1.0
1015,0.0,0.0,0.0,0.0,0.0,0.0,0.0,0.0,0.000887726026121527,0.0006606492679566145,0.00010394832497695461,0.0001213999348692596,0.01313186064362526,0.0002741677744779736,0.007965851575136185,0.00019372742099221796,4.0
1016,0.0,,0.0,0.0,0.0,0.0,,,0.0005575366667471826,0.00032299692975357175,0.0001969093718798831,6.469032086897641e-05,0.04821466654539108,0.00019725528545677662,0.009542260318994522,0.00014954608923289925,4.0
1017,0.0,,0.0,0.0,1.0,0.0,,,0.009132075123488903,0.01947002112865448,0.15122488141059875,0.0005519366241060197,0.9839153289794922,0.0065846689976751804,0.01083304826170206,0.00017741252668201923,0.0
1018,0.0,,1.0,1.0,1.0,1.0,,,0.9238688945770264,0.9511159658432007,0.9977930784225464,0.9499012231826782,0.9999219179153442,0.933174192905426,0.529873251914978,0.005464577581733465,1.0
1019,0.0,0.0,0.0,0.0,0.0,0.0,0.0,0.0,0.0008589998469687998,0.0003797915705945343,0.000400276854634285,4.416543015395291e-05,0.00459733372554183,0.00017276233120355755,0.007282264996320009,0.0001828411186579615,3.0
1020,0.0,0.0,0.0,0.0,0.0,0.0,0.0,0.0,0.0015345967840403318,0.0007086037076078355,0.0006520238239318132,4.999868178856559e-05,0.0094393789768219,0.0004675684031099081,0.052477821707725525,0.00028812719392590225,4.0
1021,0.0,,0.0,,0.0,0.0,,,0.0010273393709212542,0.001761350897140801,0.0003624442615546286,8.470912871416658e-05,0.00949982088059187,0.00038736785063520074,0.014117971993982792,0.0004250043712090701,4.0
1022,,,,,,,0.0,0.0,0.30200719833374023,0.1297178566455841,0.12305980175733566,0.07467599213123322,0.10731956362724304,0.26170986890792847,0.3058829605579376,0.001054973341524601,2.0
1023,1.0,1.0,1.0,1.0,1.0,1.0,1.0,,0.9645870923995972,0.9983415007591248,0.999369740486145,0.9763794541358948,0.9999653100967407,0.9999572038650513,0.9059804081916809,0.31165754795074463,0.0
1024,0.0,0.0,0.0,0.0,0.0,0.0,1.0,0.0,0.19233500957489014,0.010736379772424698,0.0005660325987264514,3.194949749740772e-05,0.013949877582490444,0.0003923318872693926,0.051519960165023804,0.0006422683945856988,3.0
1025,0.0,0.0,1.0,0.0,1.0,0.0,,,0.026048488914966583,0.7136431336402893,0.5842028856277466,0.004884777590632439,0.9573168754577637,0.46043384075164795,0.009209380485117435,0.00023301404144149274,0.0
1026,0.0,0.0,0.0,0.0,0.0,0.0,0.0,0.0,0.0007023850921541452,0.00032843812368810177,0.00039139544242061675,4.089775393367745e-05,0.005897917319089174,0.00017147866310551763,0.005204666405916214,8.574513049097732e-05,3.0
1027,0.0,,1.0,0.0,1.0,1.0,,,0.15669631958007812,0.9902555346488953,0.9489591717720032,0.03875039145350456,0.9996775984764099,0.8215383291244507,0.02985616773366928,0.0003015340189449489,1.0
1028,1.0,,1.0,0.0,1.0,1.0,,,0.9565606117248535,0.9995705485343933,0.8110209107398987,0.728789746761322,0.9996930360794067,0.9873628616333008,0.44534745812416077,0.24539586901664734,4.0
1029,0.0,0.0,0.0,0.0,1.0,0.0,,,0.003249490400776267,0.012243502773344517,0.0654585063457489,0.0005101198330521584,0.019327571615576744,0.011266684159636497,0.008259758353233337,0.0004203633579891175,1.0
1030,0.0,0.0,0.0,0.0,1.0,1.0,0.0,,0.018441054970026016,0.8072832822799683,0.9069745540618896,0.0003877941344399005,0.9651528000831604,0.4400191307067871,0.010841874405741692,0.00022629027080256492,3.0
1031,1.0,1.0,1.0,1.0,1.0,1.0,,,0.9986774921417236,0.9701828360557556,0.999850869178772,0.9586285948753357,0.9991764426231384,0.9962468147277832,0.4825180470943451,0.5124900341033936,3.0
1032,0.0,0.0,0.0,0.0,0.0,0.0,0.0,0.0,0.0006518293521367013,0.00034459790913388133,0.0003650386643130332,3.569828186300583e-05,0.007470075972378254,0.00014247396029531956,0.005147675052285194,0.0001061572547769174,3.0
1033,0.0,1.0,1.0,1.0,1.0,1.0,0.0,0.0,0.3783377707004547,0.9982813596725464,0.9981950521469116,0.9247735142707825,0.999936044216156,0.9941574931144714,0.1488388478755951,0.0018345019780099392,0.0
1034,1.0,1.0,1.0,1.0,1.0,1.0,1.0,,0.9988762140274048,0.792044997215271,0.9197152853012085,0.9152295589447021,0.9957137703895569,0.8892636895179749,0.6944739818572998,0.883116602897644,1.0
1035,1.0,1.0,1.0,0.0,1.0,0.0,0.0,0.0,0.2200303077697754,0.6262943148612976,0.8946746587753296,0.9951700568199158,0.9884513020515442,0.3004188537597656,0.22897741198539734,0.004544354043900967,3.0
1036,,,,,,,0.0,0.0,0.04750437289476395,0.031227055937051773,0.06852864474058151,0.007628823164850473,0.03415299952030182,0.08376272767782211,0.028345491737127304,0.0004307408526074141,1.0
1037,1.0,1.0,1.0,1.0,1.0,1.0,,,0.9950310587882996,0.9982671737670898,0.9370750188827515,0.4450889527797699,0.9999738931655884,0.9994637966156006,0.9723713397979736,0.4620608687400818,0.0
1038,0.0,,0.0,0.0,0.0,0.0,,,0.0016107700066640973,0.0013438916066661477,0.0004550977027975023,0.00024351957836188376,0.009836390614509583,0.000779522699303925,0.04003185033798218,0.00036908822949044406,4.0
1039,1.0,1.0,1.0,1.0,1.0,1.0,1.0,1.0,0.9998776316642761,0.9996296167373657,0.9998911619186401,0.9999265670776367,0.9999117851257324,0.9015429019927979,0.9974529147148132,0.951205313205719,4.0
1040,0.0,0.0,0.0,0.0,0.0,0.0,0.0,0.0,0.0004422646888997406,0.00032050165464170277,0.0004566596762742847,8.470957982353866e-05,0.010607512667775154,0.0006122387712821364,0.017314601689577103,0.00016636261716485023,2.0
1041,1.0,,1.0,1.0,1.0,1.0,,,0.9986771941184998,0.9804629683494568,0.9979467391967773,0.9993067979812622,0.9987599849700928,0.9050523042678833,0.7745972275733948,0.22944676876068115,1.0
1042,0.0,,0.0,,0.0,0.0,,,0.0021121008321642876,0.0024997969157993793,0.0007782956236042082,4.468434053706005e-05,0.0056615364737808704,0.0006706610438413918,0.033921707421541214,0.0004753019893541932,3.0
1043,,,,,,,1.0,0.0,0.7636187672615051,0.17840515077114105,0.902635931968689,0.5891576409339905,0.7892208695411682,0.017439134418964386,0.08847838640213013,0.020606158301234245,1.0
1044,1.0,,1.0,1.0,1.0,0.0,0.0,0.0,0.9866518378257751,0.8606969118118286,0.9923370480537415,0.9634279608726501,0.9608877301216125,0.04331342875957489,0.2916750907897949,0.1023968905210495,1.0
1045,0.0,,0.0,,0.0,0.0,,,0.001022373209707439,0.001497884513810277,0.0005980011774227023,9.744809358380735e-05,0.014541925862431526,0.0003772942873183638,0.015869392082095146,0.00033044227166101336,4.0
1046,0.0,0.0,0.0,0.0,0.0,0.0,0.0,0.0,0.003045762190595269,0.0038110720925033092,0.0010045176604762673,0.00015768283628858626,0.010429246351122856,0.0008036996587179601,0.036813218146562576,0.00013416822184808552,3.0
1047,0.0,0.0,0.0,,1.0,0.0,,,0.029721058905124664,0.41469770669937134,0.30823707580566406,0.005175285041332245,0.9970031976699829,0.3168686628341675,0.0217437744140625,0.0008004446281120181,1.0
1048,0.0,1.0,0.0,,1.0,1.0,,,0.9494158029556274,0.9889823198318481,0.9245850443840027,0.01158575713634491,0.9990544319152832,0.9948939085006714,0.1686837375164032,0.06487559527158737,3.0
1049,0.0,,0.0,,0.0,0.0,,,0.0012240334181115031,0.0011375169269740582,0.0014589402126148343,3.523057603160851e-05,0.024137141183018684,0.00022239293321035802,0.01252094004303217,0.0004502233932726085,3.0
1050,1.0,0.0,1.0,1.0,0.0,0.0,0.0,,0.8703678250312805,0.015113508328795433,0.5096086263656616,0.8810052871704102,0.8491801619529724,0.0038422993384301662,0.05612657219171524,0.014163903892040253,2.0
1051,0.0,0.0,0.0,0.0,0.0,0.0,0.0,,0.0009874600218608975,0.00042178601142950356,7.819594611646608e-05,9.451510413782671e-05,0.006588080897927284,0.0004787761718034744,0.011215130798518658,0.00030334305483847857,4.0
1052,1.0,0.0,1.0,1.0,1.0,0.0,,,0.8653796911239624,0.25994521379470825,0.9991147518157959,0.9989791512489319,0.9552897810935974,0.20754556357860565,0.15062403678894043,0.05637709051370621,2.0
1053,1.0,,1.0,1.0,1.0,1.0,,,0.6050152778625488,0.996796190738678,0.9990108013153076,0.9989697933197021,0.9999008774757385,0.9951685667037964,0.6925216913223267,0.09608256816864014,0.0
1054,0.0,,0.0,0.0,0.0,0.0,,,0.02239168994128704,0.011230243369936943,0.06842377781867981,0.05145333707332611,0.5248066186904907,0.07496035099029541,0.535088837146759,0.0009882536251097918,0.0
1055,0.0,,0.0,,0.0,0.0,,,0.00420459033921361,0.005598170682787895,0.001219116966240108,0.0009609752451069653,0.07143755257129669,0.0009293048060499132,0.05816004052758217,0.0007794217090122402,1.0
1056,0.0,0.0,0.0,0.0,0.0,0.0,,,0.0006296936189755797,0.0002759225317277014,0.0008640470914542675,0.00028257397934794426,0.010382769629359245,0.0002596268604975194,0.005453402642160654,0.0002586937334854156,2.0
1057,1.0,1.0,1.0,1.0,1.0,1.0,1.0,,0.9415267705917358,0.9995916485786438,0.9990749955177307,0.9991533756256104,0.9999170303344727,0.986833930015564,0.640886127948761,0.13561871647834778,0.0
1058,1.0,1.0,1.0,1.0,1.0,1.0,1.0,1.0,0.9999637007713318,0.99980628490448,0.9995543360710144,0.9949671626091003,0.9999719858169556,0.9992299675941467,0.9802433848381042,0.9793612360954285,1.0
1059,0.0,,0.0,0.0,0.0,0.0,,,0.10257630050182343,0.0017742487834766507,0.009203084744513035,0.0015572970733046532,0.28595516085624695,0.0003122200723737478,0.04684273153543472,0.0001560521632200107,4.0
1060,0.0,0.0,0.0,0.0,0.0,0.0,,,0.0033052789513021708,0.0011673776898533106,9.402619616594166e-05,0.0001346268254565075,0.024653635919094086,0.00027962648891843855,0.010634933598339558,0.0004035990568809211,4.0
1061,1.0,1.0,1.0,1.0,1.0,1.0,,,0.8650567531585693,0.9983817338943481,0.9998834133148193,0.9996932744979858,0.9999868273735046,0.9828329682350159,0.7750247716903687,0.06736912578344345,0.0
1062,0.0,0.0,0.0,0.0,0.0,0.0,0.0,0.0,0.0006774482317268848,0.00040752688073553145,0.00026725654606707394,3.151198325213045e-05,0.005346543621271849,0.00032395837479270995,0.007352360058575869,9.593901631888002e-05,3.0
1063,0.0,1.0,0.0,0.0,1.0,1.0,,,0.027248144149780273,0.7983309030532837,0.5497084856033325,0.002434003632515669,0.9975623488426208,0.9863105416297913,0.07668553292751312,0.00044545286800712347,2.0
1064,1.0,0.0,1.0,1.0,1.0,0.0,0.0,,0.9247177243232727,0.9908129572868347,0.2972620725631714,0.6772141456604004,0.7014849185943604,0.048310842365026474,0.24980448186397552,0.45342132449150085,0.0
1065,1.0,1.0,1.0,0.0,1.0,1.0,0.0,0.0,0.8321800827980042,0.9923780560493469,0.9885995984077454,0.92491215467453,0.9986915588378906,0.9941549897193909,0.33914127945899963,0.062062397599220276,3.0
1066,0.0,0.0,0.0,0.0,1.0,0.0,0.0,0.0,0.06402972340583801,0.03643855080008507,0.13376733660697937,0.00016348168719559908,0.418815553188324,0.4213356375694275,0.056976113468408585,0.00022505603556055576,4.0
1067,1.0,1.0,1.0,1.0,1.0,1.0,1.0,1.0,0.9998992085456848,0.9999383091926575,0.9976937174797058,0.9674032926559448,0.999965250492096,0.9988901615142822,0.5878015756607056,0.9497786164283752,0.0
1068,0.0,,0.0,,1.0,0.0,,,0.05295910686254501,0.0886918157339096,0.6576222777366638,0.014927494339644909,0.4828994870185852,0.18101289868354797,0.24463291466236115,0.0010415647411718965,0.0
1069,0.0,0.0,0.0,0.0,0.0,0.0,0.0,0.0,0.0008224582416005433,0.0012782737612724304,0.0009751773905009031,0.00018113007536157966,0.027202939614653587,0.0006252934690564871,0.02016601525247097,0.0002380533842369914,4.0
1070,1.0,,1.0,0.0,1.0,0.0,,,0.3190806806087494,0.639274001121521,0.9773911833763123,0.45487481355667114,0.9350539445877075,0.5594701766967773,0.03404427319765091,0.003188677364960313,4.0
1071,1.0,1.0,1.0,1.0,1.0,1.0,1.0,1.0,0.9996710419654846,0.9996364712715149,0.9992864727973938,0.9978603720664978,0.9998135566711426,0.9992052912712097,0.9854326844215393,0.8101060390472412,0.0
1072,0.0,0.0,0.0,0.0,0.0,0.0,0.0,0.0,0.00031415082048624754,0.00015652812726330012,0.0008051428594626486,7.678807742195204e-05,0.004100864753127098,0.00025369718787260354,0.004198248032480478,0.00017503398703411222,2.0
1073,0.0,0.0,0.0,0.0,0.0,0.0,0.0,,0.0015375736402347684,0.0010336937848478556,0.0014053594786673784,0.00010480821219971403,0.06373804062604904,0.0005665770149789751,0.004991400055587292,0.0001319120783591643,0.0
1074,0.0,0.0,0.0,0.0,0.0,0.0,0.0,0.0,0.0011002147803083062,0.0005476344376802444,0.000756128691136837,3.3844204153865576e-05,0.005333026871085167,0.0001287003542529419,0.006908708717674017,7.739756983937696e-05,3.0
1075,0.0,,0.0,,0.0,0.0,,,0.005520545411854982,0.034198060631752014,0.0057015251368284225,0.0006472957320511341,0.06548270583152771,0.0039407615549862385,0.036525897681713104,0.000593869888689369,1.0
1076,0.0,,0.0,,0.0,0.0,,,0.0017664171755313873,0.0012728263391181827,0.0012694201432168484,7.779010047670454e-05,0.007387728895992041,0.0004257940163370222,0.026504816487431526,0.00036800114321522415,4.0
1077,1.0,1.0,1.0,1.0,1.0,1.0,1.0,1.0,0.9998409152030945,0.9999035000801086,0.99981689453125,0.9993129372596741,0.9999352097511292,0.9997012615203857,0.9616256356239319,0.9973032474517822,4.0
1078,0.0,0.0,0.0,0.0,0.0,0.0,0.0,0.0,0.0011194167891517282,0.0008768072002567351,0.0007500815554521978,7.167825242504478e-05,0.007473766803741455,0.0003316839865874499,0.00396523904055357,0.00014664098853245378,0.0
1079,1.0,,1.0,1.0,1.0,0.0,,,0.9574615955352783,0.36267733573913574,0.9992591142654419,0.9925326704978943,0.9618517160415649,0.1493452489376068,0.23262299597263336,0.18122665584087372,3.0
1080,,,0.0,,0.0,0.0,,,0.002253626473248005,0.001734078978188336,0.0018560545286163688,0.00022862022160552442,0.02229996956884861,0.0006140319164842367,0.011979551054537296,0.00038219938869588077,0.0
1081,1.0,1.0,1.0,1.0,1.0,0.0,0.0,0.0,0.8178465962409973,0.9816783666610718,0.9979795217514038,0.8059250116348267,0.9951554536819458,0.9571325778961182,0.7489013671875,0.48549193143844604,4.0
1082,1.0,1.0,1.0,1.0,1.0,1.0,1.0,,0.9998278617858887,0.99957674741745,0.9998615980148315,0.9998806118965149,0.9999250769615173,0.8918670415878296,0.9445158839225769,0.9313910007476807,4.0
1083,0.0,0.0,0.0,0.0,1.0,0.0,,,0.0010207833256572485,0.010536967776715755,0.12256638705730438,0.0001900831557577476,0.2503545880317688,0.06506344676017761,0.010457812808454037,0.00027652792050503194,1.0
1084,1.0,1.0,1.0,1.0,1.0,1.0,,,0.9925500750541687,0.9992947578430176,0.9993661046028137,0.9968277812004089,0.9999788403511047,0.9592708945274353,0.8359037637710571,0.3230217397212982,1.0
1085,0.0,0.0,0.0,0.0,0.0,0.0,0.0,0.0,0.0009435382089577615,0.00035490671871230006,0.0006864144816063344,0.00012044117465848103,0.004522440489381552,0.00021501230366993695,0.008883106522262096,0.00028441628091968596,1.0
1086,0.0,0.0,1.0,0.0,1.0,0.0,,,0.02132345549762249,0.6511839628219604,0.715376079082489,0.2059205025434494,0.9135241508483887,0.03803732618689537,0.09587223827838898,0.0004862699715886265,2.0
1087,0.0,0.0,0.0,0.0,0.0,0.0,0.0,0.0,0.00030751529266126454,0.0001861169293988496,0.0005601719603873789,0.00010566713899606839,0.006828594021499157,0.0002165538171539083,0.004090214613825083,0.00018946976342704147,2.0
1088,1.0,1.0,0.0,1.0,1.0,1.0,0.0,,0.9984187483787537,0.9646459817886353,0.9978806376457214,0.22221525013446808,0.9805246591567993,0.9930540323257446,0.47010231018066406,0.7042009830474854,3.0
1089,0.0,1.0,1.0,0.0,1.0,1.0,,,0.022123165428638458,0.9480657577514648,0.843338131904602,0.012874873355031013,0.9987157583236694,0.09991998970508575,0.09703540802001953,0.0002696512674447149,1.0
1090,1.0,1.0,1.0,1.0,1.0,1.0,1.0,,0.9977532029151917,0.9997467994689941,0.9993917346000671,0.997661292552948,0.999930739402771,0.9932020902633667,0.7545782327651978,0.4768745005130768,1.0
1091,1.0,1.0,1.0,1.0,1.0,1.0,1.0,,0.99456387758255,0.9997287392616272,0.9992976784706116,0.9942547082901001,0.9999458193778992,0.9846241474151611,0.8045896291732788,0.5155889987945557,1.0
1092,1.0,1.0,1.0,1.0,1.0,1.0,,,0.9908475875854492,0.9997518062591553,0.9987038373947144,0.8204749226570129,0.9998713731765747,0.9993991851806641,0.7981238961219788,0.8605867028236389,4.0
1093,0.0,,0.0,,0.0,0.0,,,0.011054572649300098,0.008058498613536358,0.0007908400730229914,0.00023529879399575293,0.0708339512348175,0.0013879038160666823,0.09310824424028397,0.0006120494799688458,3.0
1094,0.0,0.0,0.0,0.0,0.0,0.0,,,0.000660126272123307,0.000530142046045512,0.0006861502188257873,0.00012886185140814632,0.011148105375468731,0.00014720750914420933,0.007076999172568321,0.0002830589946825057,1.0
1095,1.0,1.0,1.0,1.0,1.0,0.0,0.0,,0.8506353497505188,0.6596992015838623,0.9991248846054077,0.40117892622947693,0.952846109867096,0.5518202781677246,0.2502521574497223,0.04036417603492737,4.0
1096,1.0,1.0,1.0,1.0,1.0,0.0,,,0.7439332008361816,0.8304457664489746,0.9793186783790588,0.8543162941932678,0.9920870661735535,0.8203655481338501,0.20148776471614838,0.05011182278394699,3.0
1097,0.0,0.0,0.0,0.0,0.0,0.0,0.0,0.0,0.0016593083273619413,0.0012282682582736015,0.0010180484969168901,4.0042956243269145e-05,0.03502637892961502,0.0004237027605995536,0.007612233050167561,9.621323988540098e-05,3.0
1098,1.0,,1.0,1.0,1.0,1.0,,,0.9858843088150024,0.9988474249839783,0.9995433688163757,0.9987168312072754,0.9998602867126465,0.9014209508895874,0.16931411623954773,0.7957409620285034,4.0
1099,0.0,1.0,1.0,1.0,1.0,0.0,1.0,0.0,0.6460735201835632,0.8847207427024841,0.9991506338119507,0.7764844298362732,0.9863700270652771,0.7049468755722046,0.7021135091781616,0.0007039981428533792,4.0
1100,0.0,0.0,0.0,0.0,0.0,0.0,0.0,0.0,0.001574915018863976,0.00043374684173613787,0.0012789844768121839,9.117201261688024e-05,0.007846611551940441,0.00039063591975718737,0.0033507859334349632,0.0001279236894333735,0.0
1101,1.0,,1.0,,1.0,1.0,,,0.601996898651123,0.9927932024002075,0.9911232590675354,0.3786625862121582,0.99972003698349,0.9211151003837585,0.1299738883972168,0.025151949375867844,3.0
1102,0.0,,0.0,,0.0,0.0,,,0.004377777222543955,0.0025261170230805874,0.0010991488816216588,0.0026161533314734697,0.13007566332817078,0.0007794865523464978,0.06509856879711151,0.0002887630253098905,0.0
1103,0.0,0.0,0.0,0.0,0.0,0.0,0.0,0.0,0.0007113025640137494,0.0005472654011100531,0.000488388235680759,5.907491868129e-05,0.010509518906474113,0.0004134548653382808,0.00751244742423296,0.0001311936357524246,0.0
1104,0.0,,1.0,,1.0,1.0,,,0.055211085826158524,0.9753566384315491,0.6603668928146362,0.18651656806468964,0.9999430179595947,0.9404370188713074,0.26568159461021423,0.0015788142336532474,0.0
1105,0.0,0.0,0.0,0.0,0.0,0.0,0.0,0.0,0.00035804431536234915,0.00027921461150981486,0.0005812738672830164,9.20282254810445e-05,0.00575367733836174,0.00020816076721530408,0.00994414184242487,0.0001380575995426625,2.0
1106,0.0,0.0,0.0,0.0,0.0,0.0,1.0,0.0,0.0022488266695290804,0.0028197569772601128,0.0012803074205294251,0.000255569233559072,0.007456006016582251,0.0003572196001186967,0.006012419238686562,0.0004185631114523858,0.0
1107,0.0,0.0,0.0,0.0,0.0,0.0,0.0,,0.0005950300837866962,0.0005110533093102276,0.0006623509107157588,0.0001382282207487151,0.049239903688430786,0.0006907006609253585,0.03220624476671219,0.00019985553808510303,2.0
1108,1.0,1.0,1.0,1.0,1.0,0.0,1.0,1.0,0.9986860752105713,0.9953072667121887,0.9906688928604126,0.9316055774688721,0.9898566603660583,0.905276894569397,0.9062924385070801,0.9566587805747986,3.0
1109,0.0,,0.0,,0.0,0.0,,,0.005152224563062191,0.0011404590914025903,0.0006663049571216106,9.927603241521865e-05,0.01749374158680439,0.0002995127288158983,0.026364434510469437,0.00038751887041144073,4.0
1110,0.0,,0.0,0.0,0.0,0.0,,,0.0008651153184473515,0.000720925279892981,0.0006713855545967817,0.00017560351989232004,0.006348553579300642,0.0003139945911243558,0.0418521985411644,0.000440236646682024,2.0
1111,0.0,0.0,0.0,0.0,0.0,0.0,1.0,0.0,0.006469366140663624,0.0006400099955499172,0.0015576014993712306,9.908220818033442e-05,0.005375191103667021,0.00040451623499393463,0.008425943553447723,0.0005182446911931038,2.0
1112,0.0,,1.0,,1.0,0.0,,,0.7204653024673462,0.4252798557281494,0.8009926676750183,0.025644376873970032,0.8470306992530823,0.005250956863164902,0.03914971277117729,0.001546583604067564,0.0
1113,0.0,1.0,1.0,1.0,1.0,1.0,,,0.9911677837371826,0.9745891094207764,0.9995505809783936,0.9270449876785278,0.9999076724052429,0.9407791495323181,0.9716715216636658,0.029086343944072723,0.0
1114,1.0,,1.0,,1.0,1.0,,,0.7189908027648926,0.9993953704833984,0.8453689813613892,0.7502531409263611,0.9999269247055054,0.9990405440330505,0.8586040735244751,0.16090665757656097,0.0
1115,0.0,0.0,0.0,0.0,0.0,0.0,0.0,0.0,0.0005408896249718964,0.000310748815536499,6.517022120533511e-05,2.8514350560726598e-05,0.021843302994966507,0.0002167487982660532,0.01131821982562542,0.0002175509580411017,4.0
1116,0.0,1.0,1.0,0.0,1.0,1.0,0.0,0.0,0.4063664376735687,0.9879276752471924,0.9797792434692383,0.01764112338423729,0.9999518990516663,0.6284668445587158,0.05511854588985443,0.000227954558795318,1.0
1117,,,1.0,0.0,1.0,0.0,,,0.19772502779960632,0.192351296544075,0.9610195755958557,0.14547181129455566,0.9673585891723633,0.578665018081665,0.03370220586657524,0.0007327997009269893,0.0
1118,0.0,,0.0,,0.0,0.0,,,0.0009024266037158668,0.0006635484169237316,0.000999992829747498,0.000137019669637084,0.015442758798599243,0.0004220452974550426,0.022866470739245415,0.0004276522668078542,2.0
1119,1.0,1.0,1.0,1.0,1.0,0.0,1.0,,0.9900742769241333,0.8908432722091675,0.9677810072898865,0.9586268663406372,0.9744118452072144,0.0751248449087143,0.6684015393257141,0.2470805048942566,4.0
1120,0.0,0.0,0.0,0.0,1.0,0.0,0.0,,0.017231617122888565,0.15535277128219604,0.023304013535380363,0.001235568430274725,0.9974765181541443,0.05975383147597313,0.022768734022974968,0.000452100473921746,2.0
1121,0.0,1.0,1.0,,1.0,0.0,0.0,0.0,0.32148292660713196,0.9567105174064636,0.9515733122825623,0.3386750817298889,0.9473351240158081,0.19300250709056854,0.0527740903198719,0.008884962648153305,1.0
1122,0.0,0.0,0.0,0.0,1.0,0.0,,,0.017444461584091187,0.020542021840810776,0.06004275381565094,0.0028697936795651913,0.9750332236289978,0.00621185265481472,0.007756086997687817,0.00027896155370399356,3.0
1123,0.0,,0.0,,0.0,0.0,,,0.0009586841333657503,0.0010356053244322538,0.0003923715848941356,6.844985909992829e-05,0.00976147223263979,0.0002930806658696383,0.015467857010662556,0.0003726983268279582,4.0
1124,0.0,0.0,0.0,,0.0,0.0,,,0.00487809581682086,0.00814011599868536,0.0007975822663865983,0.00011581797298276797,0.005810833070427179,0.0002774376480374485,0.01397590059787035,0.00035440089413896203,0.0
1125,0.0,0.0,0.0,,1.0,0.0,,,0.01290135271847248,0.037938524037599564,0.0126099344342947,0.00027725359541364014,0.9160500168800354,0.007806727197021246,0.025832941755652428,0.00037544252700172365,1.0
1126,0.0,,0.0,,0.0,0.0,,,0.0015113982371985912,0.002201656810939312,0.0007386835059151053,9.258552017854527e-05,0.03125642240047455,0.00039998130523599684,0.03161293640732765,0.00042510259663686156,4.0
1127,1.0,1.0,1.0,1.0,1.0,1.0,1.0,0.0,0.9832558035850525,0.999690055847168,0.9985533356666565,0.9707292318344116,0.9999451041221619,0.9996669888496399,0.9182227849960327,0.4956966042518616,0.0
1128,1.0,1.0,1.0,1.0,1.0,1.0,1.0,,0.9999676942825317,0.9999376535415649,0.999873161315918,0.996761679649353,0.99997478723526,0.9989572167396545,0.9516614079475403,0.9833866953849792,0.0
1129,1.0,1.0,1.0,1.0,1.0,1.0,0.0,0.0,0.9935253262519836,0.9994429349899292,0.9998661875724792,0.9998151659965515,0.9999226331710815,0.9871000647544861,0.8646770715713501,0.5368748903274536,4.0
1130,1.0,,1.0,,1.0,1.0,,,0.950695812702179,0.9972627758979797,0.9906997084617615,0.44674041867256165,0.9996489882469177,0.9981870651245117,0.5776427984237671,0.24998247623443604,4.0
1131,0.0,0.0,0.0,0.0,0.0,0.0,0.0,0.0,0.00038000158383511007,0.0002447503211442381,0.0004877708270214498,9.409632184542716e-05,0.014115042053163052,0.0002547734184190631,0.0047613088972866535,0.0001471271680202335,2.0
1132,1.0,1.0,1.0,1.0,1.0,1.0,1.0,0.0,0.9261530041694641,0.999460756778717,0.9987932443618774,0.9995182752609253,0.9998799562454224,0.9288241863250732,0.9000951647758484,0.20017802715301514,2.0
1133,1.0,1.0,1.0,1.0,1.0,1.0,1.0,1.0,0.9915474057197571,0.9993554353713989,0.9968941807746887,0.9190248250961304,0.9998309016227722,0.976502537727356,0.8315681219100952,0.7106286287307739,1.0
1134,1.0,1.0,1.0,1.0,1.0,1.0,0.0,0.0,0.8945534825325012,0.9995644688606262,0.9966832995414734,0.9904690384864807,0.999964714050293,0.9983478784561157,0.5405527949333191,0.07393614947795868,0.0
1135,1.0,0.0,1.0,1.0,0.0,1.0,1.0,1.0,0.9992552995681763,0.703381359577179,0.5783298015594482,0.9958562254905701,0.999030351638794,0.09185804426670074,0.767889142036438,0.9090087413787842,0.0
1136,1.0,,,1.0,1.0,,0.0,,0.9465681314468384,0.9914618134498596,0.9987747669219971,0.9895994663238525,0.9964040517807007,0.9996596574783325,0.09803982824087143,0.0786471888422966,4.0
1137,1.0,1.0,1.0,1.0,1.0,1.0,0.0,0.0,0.975453794002533,0.9995594620704651,0.9878297448158264,0.7336970567703247,0.9998819231987,0.9972540736198425,0.6750402450561523,0.27818596363067627,0.0
1138,0.0,,0.0,0.0,0.0,0.0,,,0.0010270450729876757,0.0005326031241565943,0.0005935621447861195,9.014918032335117e-05,0.023411273956298828,0.00021708189160563052,0.0059691788628697395,0.00012647088442463428,0.0
1139,0.0,0.0,1.0,1.0,1.0,0.0,0.0,0.0,0.8242675065994263,0.769458532333374,0.9963131546974182,0.6402187347412109,0.9518325328826904,0.26909777522087097,0.022644847631454468,0.00037419289583340287,4.0
1140,,0.0,1.0,1.0,1.0,1.0,1.0,,0.9909272193908691,0.9730425477027893,0.9980090260505676,0.26072627305984497,0.9925947189331055,0.9795172810554504,0.5102736949920654,0.4421057403087616,3.0
1141,0.0,1.0,0.0,0.0,1.0,1.0,,,0.03993094339966774,0.6632206439971924,0.9465215802192688,0.000337218283675611,0.9959794282913208,0.6559805274009705,0.0379006527364254,0.0003073531552217901,4.0
1142,0.0,,1.0,,1.0,1.0,,,0.05635382607579231,0.9563283324241638,0.9661065936088562,0.9400540590286255,0.9991162419319153,0.7453504800796509,0.420775830745697,0.0008904320420697331,3.0
1143,0.0,0.0,0.0,0.0,0.0,0.0,0.0,0.0,0.004441817291080952,0.0011847804998978972,0.0006691878079436719,0.0005993530503474176,0.022727685049176216,0.0006563529022969306,0.15260984003543854,0.0004019173211418092,2.0
1144,1.0,1.0,1.0,0.0,1.0,1.0,0.0,0.0,0.10058723390102386,0.9958739876747131,0.9820869565010071,0.3180537521839142,0.9996280074119568,0.9237933158874512,0.3846389651298523,0.001320896320976317,3.0
1145,0.0,0.0,0.0,,1.0,0.0,,,0.028926627710461617,0.6274341344833374,0.4793175160884857,0.0007045192178338766,0.9881478548049927,0.06797274947166443,0.025320734828710556,0.0002839922672137618,3.0
1146,0.0,1.0,1.0,,1.0,1.0,,,0.6834792494773865,0.9518460631370544,0.8947045207023621,0.09716269373893738,0.9995167851448059,0.8709276914596558,0.3422677218914032,0.007876780815422535,1.0
1147,1.0,1.0,1.0,0.0,1.0,1.0,0.0,0.0,0.7559503316879272,0.9993876814842224,0.9852123856544495,0.8284116387367249,0.9994214773178101,0.994876503944397,0.32813411951065063,0.03234695643186569,4.0
1148,1.0,1.0,1.0,0.0,1.0,1.0,,,0.7942295670509338,0.9878617525100708,0.9692440032958984,0.10964088141918182,0.9969852566719055,0.9746657609939575,0.0704105868935585,0.0014228542568162084,4.0
1149,0.0,0.0,0.0,0.0,0.0,0.0,0.0,0.0,0.00462591927498579,0.0032145592849701643,0.0005044700228609145,3.266085695941001e-05,0.006587204057723284,0.0003384600568097085,0.020303353667259216,0.0001968808501260355,3.0
1150,0.0,0.0,0.0,0.0,0.0,0.0,0.0,0.0,0.001715238206088543,0.0003290702006779611,5.735095692216419e-05,3.6238954635336995e-05,0.012776030227541924,0.00027076221886090934,0.007198661100119352,0.00012447887274902314,4.0
1151,0.0,,0.0,0.0,0.0,0.0,,,0.0007057785405777395,0.000669541594106704,0.0008318556938320398,0.00015600898768752813,0.006263426970690489,0.0003163532819598913,0.03180235996842384,0.0002570978249423206,1.0
1152,0.0,0.0,0.0,0.0,0.0,0.0,,,0.028285501524806023,0.0008771203574724495,0.0003113526036031544,0.00040980338235385716,0.15945065021514893,0.00023918259830679744,0.029789166525006294,0.00017743023636285216,4.0
1153,0.0,,0.0,,0.0,0.0,,,0.0015996017027646303,0.0014321348862722516,0.0008593661477789283,0.0001214327203342691,0.013890784233808517,0.0006679146317765117,0.02146339975297451,0.000384433486033231,4.0
1154,,,,,,,0.0,0.0,0.06809557229280472,0.014905186370015144,0.5305942296981812,0.005124589428305626,0.04897397756576538,0.3855549693107605,0.12496812641620636,0.0005342658841982484,4.0
1155,0.0,0.0,0.0,0.0,0.0,0.0,1.0,0.0,0.004660131875425577,0.011531781405210495,0.006907037924975157,4.194225766696036e-05,0.03977544233202934,0.001220565871335566,0.07430911064147949,0.0004502678639255464,3.0
1156,1.0,1.0,,1.0,1.0,1.0,0.0,0.0,0.971232533454895,0.9935556054115295,0.9998854994773865,0.9961391091346741,0.9993982911109924,0.9941173195838928,0.5864545106887817,0.3234671950340271,3.0
1157,0.0,0.0,0.0,0.0,0.0,0.0,0.0,0.0,0.0006867133197374642,0.00037652062019333243,0.0005155766266398132,0.00012688111746683717,0.012623947113752365,0.0006270643789321184,0.0643201470375061,0.00017045842832885683,2.0
1158,,,0.0,,0.0,0.0,,,0.0016091667348518968,0.001222310122102499,0.003720212262123823,0.00023744211648590863,0.2913806438446045,0.014216645620763302,0.019694872200489044,0.0003830448549706489,4.0
1159,1.0,1.0,1.0,1.0,1.0,1.0,,,0.9994698166847229,0.9991787672042847,0.9986064434051514,0.9990325570106506,0.9998571276664734,0.9982293844223022,0.9960212111473083,0.41793087124824524,0.0
1160,0.0,0.0,0.0,0.0,1.0,0.0,,,0.001963905058801174,0.13600662350654602,0.013059769757091999,3.76907701138407e-05,0.9943350553512573,0.029474874958395958,0.006628146395087242,0.0001587043225299567,3.0
1161,1.0,1.0,1.0,1.0,1.0,1.0,,,0.9997299313545227,0.9994531273841858,0.9990316033363342,0.9325976371765137,0.9991928339004517,0.9961695671081543,0.9188425540924072,0.6654676795005798,1.0
1162,1.0,1.0,1.0,1.0,1.0,1.0,1.0,,0.9966340065002441,0.9991912841796875,0.999813437461853,0.9994039535522461,0.9998887777328491,0.999844491481781,0.6737292408943176,0.24449291825294495,4.0
1163,0.0,,1.0,0.0,0.0,0.0,,,0.6040219664573669,0.030222631990909576,0.3194671869277954,0.12312442064285278,0.9560415744781494,0.022063512355089188,0.4236716032028198,0.0014476971700787544,2.0
1164,1.0,1.0,1.0,1.0,1.0,1.0,1.0,1.0,0.9948656558990479,0.996612012386322,0.9991195201873779,0.9926652312278748,0.9999458193778992,0.940775990486145,0.9253968000411987,0.09722638875246048,2.0
1165,0.0,0.0,0.0,0.0,0.0,0.0,0.0,0.0,0.0016872440464794636,0.00046261606621555984,0.0010283389128744602,8.029514719964936e-05,0.018615225329995155,0.00031947129173204303,0.006380636710673571,0.00011739705223590136,0.0
1166,0.0,,0.0,,0.0,0.0,,,0.001320044044405222,0.0015545389614999294,0.0007373645785264671,0.0001990104647120461,0.02151493728160858,0.00041921433876268566,0.04687102884054184,0.00029468414140865207,4.0
1167,1.0,1.0,1.0,1.0,1.0,1.0,1.0,0.0,0.9970888495445251,0.9997673034667969,0.9995213150978088,0.9809012413024902,0.9990901947021484,0.9930692315101624,0.7547757029533386,0.8057395219802856,3.0
1168,1.0,1.0,1.0,1.0,1.0,1.0,0.0,,0.9979249238967896,0.9854527711868286,0.9776408672332764,0.9990689754486084,0.9975025057792664,0.9979894161224365,0.12057061493396759,0.677189826965332,3.0
1169,0.0,0.0,0.0,0.0,0.0,0.0,0.0,0.0,0.0009945337660610676,0.0008605981129221618,0.00037929246900603175,3.9293205190915614e-05,0.0059070768766105175,0.00032682711025699973,0.012085200287401676,0.00010896981257246807,3.0
1170,0.0,0.0,1.0,0.0,1.0,1.0,0.0,,0.5532258152961731,0.9263344407081604,0.8916671276092529,0.04527461901307106,0.9998172521591187,0.42693740129470825,0.12179253250360489,0.0005864785052835941,1.0
1171,1.0,,1.0,0.0,1.0,1.0,,,0.5252774953842163,0.9856763482093811,0.9900804162025452,0.4112999439239502,0.9998942613601685,0.7801371812820435,0.10394695401191711,0.002250408288091421,2.0
1172,1.0,1.0,1.0,0.0,1.0,1.0,0.0,0.0,0.41563108563423157,0.9826526045799255,0.7121851444244385,0.45121556520462036,0.9997305274009705,0.226877361536026,0.3624529540538788,0.004294072277843952,3.0
1173,0.0,,0.0,0.0,0.0,0.0,,,0.0006534245330840349,0.0004547379503492266,0.0006662575178779662,0.00015063474711496383,0.01441202312707901,0.00023620869615115225,0.011237256228923798,0.0003019314317498356,1.0
1174,1.0,1.0,1.0,1.0,1.0,1.0,1.0,,0.9975340366363525,0.999061107635498,0.9979695081710815,0.9975353479385376,0.9997378587722778,0.9844067096710205,0.9902175068855286,0.3077763020992279,3.0
1175,1.0,1.0,1.0,1.0,1.0,1.0,1.0,,0.9892985820770264,0.9987521767616272,0.9955976009368896,0.9984939098358154,0.9995741248130798,0.9954952001571655,0.9976696372032166,0.3155357837677002,1.0
1176,0.0,1.0,1.0,0.0,1.0,0.0,0.0,0.0,0.39185628294944763,0.9783487915992737,0.7906495928764343,0.0223133135586977,0.7857261896133423,0.2982676327228546,0.018605276942253113,0.002093746094033122,2.0
1177,0.0,1.0,1.0,1.0,1.0,1.0,0.0,0.0,0.6329135894775391,0.9945266842842102,0.9983904361724854,0.9630919098854065,0.9999734163284302,0.9999205470085144,0.04746429994702339,0.0007680482231080532,1.0
1178,0.0,1.0,1.0,1.0,1.0,1.0,,,0.6177963018417358,0.9399666786193848,0.9888536334037781,0.7918311953544617,0.9989070296287537,0.9969520568847656,0.051898591220378876,0.0006968522211536765,1.0
1179,0.0,,0.0,0.0,0.0,0.0,,,0.0010253400541841984,0.000688904314301908,0.0008758518961258233,0.0001535754418000579,0.007081563584506512,0.00043058505980297923,0.03411533683538437,0.0004066215187776834,2.0
1180,0.0,0.0,0.0,0.0,0.0,0.0,0.0,,0.006803775671869516,0.0054016574285924435,0.00015341854305006564,0.00014930946053937078,0.030436724424362183,0.00035374864819459617,0.010938279330730438,0.0006133899441920221,4.0
1181,0.0,0.0,0.0,0.0,0.0,0.0,0.0,0.0,0.0005191797972656786,0.00036306356196291745,0.0004990347661077976,0.00010184674465563148,0.003794532734900713,0.00018687608826439828,0.014658800326287746,0.00034749697078950703,2.0
1182,1.0,1.0,1.0,1.0,1.0,1.0,1.0,1.0,0.9727227687835693,0.9991617798805237,0.9997628927230835,0.9502149224281311,0.9998844265937805,0.988836944103241,0.5955655574798584,0.5978878736495972,2.0
1183,1.0,1.0,1.0,1.0,1.0,1.0,1.0,1.0,0.9996587038040161,0.9990057945251465,0.9998147487640381,0.9833599328994751,0.9998870491981506,0.9997847676277161,0.7019813656806946,0.9094720482826233,4.0
1184,,,1.0,0.0,1.0,0.0,,,0.10130433738231659,0.41491004824638367,0.6372552514076233,0.03176308795809746,0.9749897718429565,0.6962963938713074,0.04903966560959816,0.00036700256168842316,4.0
1185,1.0,1.0,1.0,1.0,1.0,1.0,1.0,1.0,0.9996235370635986,0.9996582269668579,0.9984718561172485,0.9965990781784058,0.9999176859855652,0.9989831447601318,0.9495664834976196,0.7154707312583923,1.0
1186,0.0,,1.0,,1.0,0.0,,,0.41080525517463684,0.8363322019577026,0.5594558715820312,0.002941344166174531,0.8946375250816345,0.6468510031700134,0.2491963654756546,0.0004547482240013778,3.0
1187,1.0,1.0,1.0,1.0,1.0,0.0,1.0,0.0,0.9212400913238525,0.9909422993659973,0.9978188872337341,0.9184445142745972,0.9644700288772583,0.3983466923236847,0.9165734052658081,0.19669541716575623,1.0
1188,0.0,0.0,0.0,0.0,0.0,0.0,0.0,0.0,0.0007167174480855465,0.0002951636561192572,0.0004136714560445398,3.215415563317947e-05,0.007093996275216341,9.469527867622674e-05,0.005753633100539446,7.784050103509799e-05,3.0
1189,1.0,1.0,1.0,1.0,1.0,1.0,1.0,1.0,0.9940956830978394,0.9751939177513123,0.999587893486023,0.9986567497253418,0.9995887875556946,0.9456573724746704,0.2948053777217865,0.7458218336105347,1.0
1190,0.0,,0.0,0.0,0.0,0.0,,,0.0017826869152486324,0.0005660054157488048,0.0004322376917116344,8.814944885671139e-05,0.00747570488601923,0.0002482086420059204,0.01035306602716446,0.00014983878645580262,0.0
1191,0.0,,0.0,0.0,0.0,0.0,,,0.0005297253956086934,0.0003577649185899645,0.00017288663366343826,5.831576345372014e-05,0.03852954879403114,0.0002081935526803136,0.017949901521205902,0.00013630077592097223,4.0
1192,,,0.0,,1.0,0.0,,,0.02715000882744789,0.026457715779542923,0.311505526304245,0.010970854200422764,0.16980122029781342,0.023561911657452583,0.023981908336281776,0.00048698607133701444,1.0
1193,1.0,1.0,1.0,1.0,1.0,0.0,1.0,1.0,0.9998476505279541,0.9991214871406555,0.9997301697731018,0.9877409934997559,0.9772175550460815,0.9571914076805115,0.9599802494049072,0.9452556371688843,0.0
1194,1.0,1.0,1.0,0.0,1.0,1.0,0.0,,0.984755277633667,0.9937241077423096,0.9117835760116577,0.7908923625946045,0.9998674392700195,0.9320220351219177,0.4486972689628601,0.21625252068042755,1.0
1195,1.0,1.0,1.0,0.0,1.0,1.0,1.0,,0.9699293971061707,0.9917804002761841,0.8973779678344727,0.9392240643501282,0.9997753500938416,0.9934614896774292,0.2923961281776428,0.23915015161037445,0.0
1196,,,0.0,,0.0,0.0,,,0.0017119914991781116,0.0013434751890599728,0.000730410625692457,0.00014962823479436338,0.0065278057008981705,0.0005211130483075976,0.014827790670096874,0.0003901235177181661,0.0
1197,,,,,,,0.0,0.0,0.06328385323286057,0.045922961086034775,0.02273675799369812,0.008236397057771683,0.04178117588162422,0.00982038676738739,0.0515756756067276,0.0008160744328051805,3.0
1198,0.0,0.0,0.0,0.0,0.0,0.0,,,0.0006964564090594649,0.0005194993573240936,0.000642637547571212,0.0001575635833432898,0.004273776896297932,0.00017423741519451141,0.015209832228720188,0.0002797775960061699,1.0
1199,0.0,0.0,1.0,0.0,1.0,0.0,0.0,0.0,0.07939063012599945,0.19007937610149384,0.5318623185157776,0.0030244793742895126,0.9862877130508423,0.16643592715263367,0.08446334302425385,0.000496943190228194,1.0
1200,1.0,1.0,1.0,1.0,1.0,1.0,1.0,0.0,0.8786881566047668,0.9992603659629822,0.9927119612693787,0.9986848831176758,0.9999099969863892,0.6936569213867188,0.757608950138092,0.11833905428647995,0.0
1201,1.0,1.0,1.0,1.0,1.0,1.0,0.0,1.0,0.9998074769973755,0.9949997663497925,0.9941020011901855,0.999664306640625,0.9996487498283386,0.9974865317344666,0.12507407367229462,0.9595694541931152,3.0
1202,1.0,0.0,0.0,1.0,0.0,0.0,0.0,,0.6944140195846558,0.19454613327980042,0.45104217529296875,0.5482218265533447,0.37827417254447937,0.014294087886810303,0.02590811997652054,0.4823493957519531,2.0
1203,0.0,1.0,1.0,0.0,1.0,1.0,0.0,,0.0867614597082138,0.9818493723869324,0.9266637563705444,0.0428009033203125,0.9995824098587036,0.889427661895752,0.06753496080636978,0.000661285943351686,4.0
1204,0.0,0.0,0.0,0.0,0.0,0.0,0.0,0.0,0.0009305111598223448,0.000764256517868489,0.0004514732863754034,8.059109677560627e-05,0.009003587998449802,0.00019893873832188547,0.0035308420192450285,0.00015017618716228753,0.0
1205,,,0.0,0.0,1.0,0.0,,,0.004096433520317078,0.02590145729482174,0.04911349341273308,9.98030009213835e-05,0.9582786560058594,0.011874763295054436,0.016720721498131752,0.000315023644361645,3.0
1206,,,,,,,0.0,0.0,0.10958549380302429,0.05004367604851723,0.008281631395220757,0.010838291607797146,0.45909473299980164,0.005527264904230833,0.08871396631002426,0.0009536936413496733,3.0
1207,0.0,,0.0,,1.0,0.0,,,0.028765298426151276,0.3647173345088959,0.03387082368135452,0.00022030308900866657,0.9942496418952942,0.015803813934326172,0.09430605918169022,0.00024480788852088153,0.0
1208,0.0,0.0,0.0,0.0,0.0,0.0,0.0,0.0,0.0008803738746792078,0.0005005958373658359,0.0004844933864660561,6.088234658818692e-05,0.004701577126979828,0.00025085563538596034,0.005967960227280855,0.00015380361583083868,0.0
1209,0.0,0.0,0.0,0.0,0.0,0.0,0.0,0.0,0.04241164028644562,0.0019333412637934089,0.0005136453546583652,3.132721030851826e-05,0.007904593832790852,0.000994637724943459,0.05227896571159363,0.0004693687951657921,3.0
1210,1.0,1.0,1.0,1.0,1.0,1.0,1.0,0.0,0.9604882597923279,0.9997562170028687,0.9978818893432617,0.987774670124054,0.999967634677887,0.9998359680175781,0.9768276810646057,0.6438443064689636,0.0
1211,1.0,1.0,1.0,1.0,1.0,1.0,1.0,0.0,0.9990415573120117,0.998619019985199,0.9997285604476929,0.9957608580589294,0.9995482563972473,0.9824488759040833,0.9563189148902893,0.5315272212028503,2.0
1212,0.0,,0.0,,1.0,0.0,,,0.0011183653259649873,0.20979739725589752,0.3955308496952057,0.00010344929614802822,0.4471978545188904,0.167527973651886,0.08807040750980377,0.00026049723965115845,4.0
1213,,,0.0,,0.0,0.0,,,0.00177935475949198,0.0018052965169772506,0.0012087573995813727,4.9860740546137094e-05,0.019221041351556778,0.0005070969345979393,0.051232703030109406,0.0004910517600364983,3.0
1214,,,1.0,0.0,1.0,0.0,,,0.009330475702881813,0.7648464441299438,0.40798309445381165,0.029335293918848038,0.9664081931114197,0.026896461844444275,0.044194042682647705,0.00042173496331088245,3.0
1215,,,,,1.0,0.0,,,0.10434229671955109,0.15656286478042603,0.6930524110794067,0.1033238023519516,0.764293909072876,0.06352106481790543,0.04497301205992699,0.002516060136258602,4.0
1216,0.0,,1.0,,1.0,1.0,,,0.5612901449203491,0.9075273871421814,0.7629461288452148,0.25793004035949707,0.9958557486534119,0.9939427375793457,0.013931913301348686,0.00037453576806001365,1.0
1217,0.0,,1.0,0.0,1.0,0.0,,,0.018951062113046646,0.3916635811328888,0.4476902484893799,0.0031527469400316477,0.9568641185760498,0.5311455130577087,0.028084807097911835,0.00018714532779995352,3.0
1218,,,,,0.0,0.0,,,0.0031880242750048637,0.002137986710295081,0.0006296018254943192,0.001300760661251843,0.08859214931726456,0.0008186597842723131,0.029743671417236328,0.0003519388264976442,4.0
1219,0.0,,1.0,1.0,1.0,1.0,,,0.49732130765914917,0.9955317974090576,0.9993889331817627,0.9729951620101929,0.9999076128005981,0.9994188547134399,0.03282523155212402,0.0008360208012163639,4.0
1220,0.0,,0.0,,0.0,0.0,,,0.005225539673119783,0.0027854444924741983,0.0012057266430929303,0.001380973611958325,0.0486859455704689,0.0010876711457967758,0.10893730074167252,0.000347447203239426,0.0
1221,0.0,,0.0,,0.0,0.0,,,0.0023105782456696033,0.0014803812373429537,0.0010248569305986166,0.000245599978370592,0.008035868406295776,0.0007073198794387281,0.01941826194524765,0.0012547082733362913,1.0
1222,1.0,1.0,1.0,1.0,1.0,1.0,1.0,0.0,0.9473671317100525,0.9995649456977844,0.999230682849884,0.9968857169151306,0.999987006187439,0.9904906153678894,0.9238925576210022,0.19565005600452423,0.0
1223,0.0,0.0,0.0,0.0,0.0,0.0,0.0,0.0,0.00034699204843491316,0.00016868405509740114,0.0005931418854743242,8.269897080026567e-05,0.006121531594544649,0.0002003322442760691,0.0052603851072490215,0.00015688211715314537,2.0
1224,0.0,0.0,0.0,0.0,0.0,0.0,0.0,0.0,0.0018038017442449927,0.0004511875449679792,0.0011037273798137903,4.116542186238803e-05,0.009434451349079609,0.00032494813785888255,0.008471280336380005,0.00010484419181011617,3.0
1225,0.0,,1.0,,1.0,1.0,,,0.061194855719804764,0.9868545532226562,0.7129741311073303,0.32746830582618713,0.9999416470527649,0.986958920955658,0.2732251286506653,0.001859252224676311,0.0
1226,0.0,,0.0,,0.0,0.0,,,0.0008733122376725078,0.0022826374042779207,0.0019556814804673195,0.0001241234567714855,0.009649142622947693,0.0004907522234134376,0.022582288831472397,0.00048439876991324127,2.0
1227,0.0,1.0,,1.0,1.0,1.0,1.0,0.0,0.9812854528427124,0.9759531021118164,0.9995010495185852,0.17736463248729706,0.9977205991744995,0.6918282508850098,0.5165315270423889,0.013000164180994034,4.0
1228,0.0,1.0,1.0,1.0,1.0,1.0,1.0,0.0,0.979098916053772,0.9948488473892212,0.9987331628799438,0.9732250571250916,0.9987188577651978,0.8985967636108398,0.9046584367752075,0.0703422874212265,2.0
1229,0.0,0.0,0.0,0.0,0.0,0.0,,,0.0011396983172744513,0.00020075841166544706,0.0012080386513844132,0.0002535255334805697,0.018039297312498093,0.00036303274100646377,0.010356079787015915,0.00024086693883873522,2.0
1230,1.0,,1.0,1.0,1.0,1.0,,,0.9948825240135193,0.9996302127838135,0.9993329048156738,0.996755063533783,0.9995553493499756,0.9958539009094238,0.7862847447395325,0.2871236503124237,3.0
1231,1.0,1.0,1.0,1.0,1.0,1.0,1.0,1.0,0.9992261528968811,0.9987157583236694,0.9998125433921814,0.9983644485473633,0.999973475933075,0.999649167060852,0.979621946811676,0.6958369016647339,0.0
1232,0.0,0.0,0.0,0.0,0.0,0.0,0.0,0.0,0.0008222670876421034,0.0004368550144135952,0.0006247801356948912,0.000133219436975196,0.010362154804170132,0.0003026405465789139,0.008513170294463634,0.0002588248753454536,1.0
1233,1.0,,1.0,,1.0,1.0,,,0.9607219099998474,0.9989386200904846,0.953393816947937,0.9066081047058105,0.9999504089355469,0.9870442748069763,0.15467526018619537,0.21633027493953705,2.0
1234,1.0,1.0,1.0,0.0,1.0,0.0,1.0,0.0,0.7484934329986572,0.9387919306755066,0.8677706718444824,0.6008719205856323,0.6947601437568665,0.04999612271785736,0.5911060571670532,0.03292149677872658,1.0
1235,1.0,,1.0,,1.0,1.0,,,0.23125086724758148,0.8716318607330322,0.9978722929954529,0.7439402341842651,0.9956912994384766,0.9232189655303955,0.1834777295589447,0.02622276172041893,3.0
1236,,,,,1.0,0.0,,,0.4910072088241577,0.032655268907547,0.9963346123695374,0.24332429468631744,0.7119163274765015,0.3025897443294525,0.02075909823179245,0.0015247802948579192,3.0
1237,0.0,,0.0,,0.0,0.0,,,0.001794969430193305,0.000844677328132093,0.0017117857933044434,8.851238817442209e-05,0.015922129154205322,0.00028605989064089954,0.01669219136238098,0.00019525593961589038,0.0
1238,0.0,,0.0,0.0,0.0,0.0,,,0.0007217478123493493,0.0005101219285279512,0.00021891244978178293,6.48618588456884e-05,0.018668772652745247,0.00026872713351622224,0.009688184596598148,0.00017767725512385368,4.0
1239,0.0,,0.0,0.0,1.0,0.0,,,0.009195256978273392,0.315327912569046,0.6183457374572754,0.000164712721016258,0.6472881436347961,0.2618083655834198,0.1881730854511261,0.0009012444643303752,3.0
1240,1.0,1.0,1.0,1.0,1.0,1.0,1.0,0.0,0.9977326989173889,0.9992729425430298,0.9961957931518555,0.9902297854423523,0.9996914863586426,0.9955161213874817,0.7609143257141113,0.16484716534614563,3.0
1241,0.0,0.0,1.0,0.0,1.0,1.0,,,0.23283268511295319,0.8313401937484741,0.5660114884376526,0.036039143800735474,0.9994075298309326,0.21830883622169495,0.018384885042905807,0.0002594462421257049,1.0
1242,1.0,1.0,1.0,1.0,1.0,1.0,,,0.9991039633750916,0.5685830116271973,0.9996411800384521,0.9974051713943481,0.9992321729660034,0.9729870557785034,0.15980586409568787,0.10205742716789246,2.0
1243,1.0,1.0,1.0,1.0,1.0,1.0,,,0.9994737505912781,0.9986971616744995,0.9998196959495544,0.9982821941375732,0.9997872114181519,0.9884628653526306,0.5062706470489502,0.08382069319486618,4.0
1244,0.0,1.0,1.0,0.0,1.0,0.0,0.0,0.0,0.4674224257469177,0.7309714555740356,0.7560867071151733,0.016977926716208458,0.977752149105072,0.5763232111930847,0.29753172397613525,0.0012497815769165754,0.0
1245,0.0,0.0,0.0,0.0,1.0,0.0,0.0,0.0,0.0013702608412131667,0.2972455620765686,0.015621528029441833,0.0003075994609389454,0.9932981729507446,0.05641677975654602,0.03056219406425953,0.0010471328860148787,1.0
1246,1.0,1.0,1.0,1.0,1.0,1.0,1.0,,0.9906319379806519,0.9996978640556335,0.9999173879623413,0.9991390705108643,0.9999381899833679,0.9671229720115662,0.7241308093070984,0.4422842860221863,4.0
1247,0.0,0.0,0.0,0.0,0.0,0.0,0.0,0.0,0.0006775747169740498,0.0003551530826371163,0.0008814031025394797,0.00012084140325896442,0.00486474484205246,0.00016231134941335768,0.008837934583425522,0.0002880330430343747,1.0
1248,1.0,1.0,1.0,1.0,1.0,1.0,1.0,1.0,0.999706506729126,0.9998396635055542,0.9997736215591431,0.9997363090515137,0.999941885471344,0.8776819109916687,0.9929654002189636,0.9482408165931702,2.0
1249,0.0,1.0,1.0,0.0,1.0,0.0,1.0,0.0,0.4043589234352112,0.7915140986442566,0.8526753783226013,0.007250411901623011,0.909108579158783,0.04736628010869026,0.11044144630432129,0.0012111638206988573,0.0
1250,,,1.0,,1.0,0.0,,,0.2810285687446594,0.47630515694618225,0.9141712188720703,0.054789040237665176,0.9682168960571289,0.8042100667953491,0.053517021238803864,0.0009973276173695922,3.0
1251,1.0,1.0,1.0,1.0,1.0,1.0,1.0,,0.9996010065078735,0.9994859099388123,0.999229907989502,0.9782235622406006,0.9998964071273804,0.9991897344589233,0.9889760613441467,0.635085940361023,1.0
1252,0.0,1.0,0.0,0.0,1.0,0.0,0.0,0.0,0.028736257925629616,0.16874274611473083,0.03378903865814209,0.0003035678237210959,0.996715247631073,0.2894284129142761,0.038771193474531174,0.00011063744022976607,3.0
1253,0.0,0.0,0.0,0.0,1.0,0.0,0.0,0.0,0.004684718791395426,0.44306355714797974,0.018468277528882027,6.352666241582483e-05,0.6762521266937256,0.04309718683362007,0.02688419446349144,8.665341010782868e-05,3.0
1254,0.0,,0.0,0.0,0.0,0.0,,,0.2788224518299103,0.00904807448387146,0.0020762376952916384,7.579154043924063e-05,0.026369106024503708,0.028675051406025887,0.25597643852233887,0.0008036556537263095,3.0
1255,1.0,1.0,1.0,1.0,1.0,1.0,1.0,1.0,0.9995989203453064,0.9990228414535522,0.9995494484901428,0.9765388369560242,0.9994947910308838,0.7526825070381165,0.8373088836669922,0.6034016013145447,1.0
1256,0.0,,0.0,0.0,0.0,0.0,,,0.001078316941857338,0.00036420091055333614,0.0009058294235728681,2.8044967621099204e-05,0.01902613788843155,0.0003444926696829498,0.027988580986857414,0.00014014441694598645,3.0
1257,0.0,0.0,0.0,0.0,0.0,0.0,0.0,0.0,0.0007060101488605142,0.0028571642469614744,0.00020796459284611046,7.278916018549353e-05,0.011957891285419464,0.0002522123686503619,0.026902765035629272,0.00034897675504907966,4.0
1258,1.0,1.0,1.0,1.0,1.0,1.0,1.0,0.0,0.992820143699646,0.9998522996902466,0.9998705983161926,0.9995381832122803,0.9998310804367065,0.9994592666625977,0.6066434979438782,0.13534104824066162,2.0
1259,1.0,1.0,1.0,1.0,1.0,0.0,1.0,1.0,0.9997996091842651,0.9898166060447693,0.9977227449417114,0.9991204738616943,0.9904457330703735,0.7702581882476807,0.9413354396820068,0.9573567509651184,2.0
1260,1.0,1.0,1.0,,1.0,1.0,,,0.6952564120292664,0.9998635649681091,0.9898926615715027,0.9375720024108887,0.9998673796653748,0.9666481614112854,0.8825696706771851,0.2206082046031952,4.0
1261,0.0,,1.0,,1.0,1.0,,,0.666251003742218,0.7781725525856018,0.9864879846572876,0.5854418873786926,0.9989293813705444,0.5410553216934204,0.13056086003780365,0.0011207957286387682,2.0
1262,0.0,0.0,0.0,0.0,0.0,0.0,,,0.009049984626471996,0.013469741679728031,0.0013653637142851949,3.601856224122457e-05,0.01042601652443409,0.0002717233437579125,0.036438390612602234,0.00018970356904901564,3.0
1263,1.0,1.0,1.0,1.0,1.0,1.0,0.0,,0.918383777141571,0.9911718964576721,0.9998542070388794,0.9988440871238708,0.9999666810035706,0.8532607555389404,0.10544832795858383,0.024019910022616386,0.0
1264,1.0,,1.0,0.0,1.0,1.0,,,0.5529791712760925,0.9879007935523987,0.9765715599060059,0.26953208446502686,0.999944269657135,0.9492833018302917,0.03411158174276352,0.0022704682778567076,0.0
1265,0.0,,0.0,,0.0,0.0,,,0.0017260805470868945,0.0018978025764226913,0.0017270849784836173,4.198468741378747e-05,0.02025807648897171,0.0005355326575227082,0.015355476178228855,0.0003357327659614384,3.0
1266,0.0,1.0,1.0,1.0,1.0,1.0,0.0,0.0,0.6339852809906006,0.9312940835952759,0.9911080598831177,0.724039614200592,0.9991903305053711,0.9973965883255005,0.08503171056509018,0.000637951132375747,1.0
1267,1.0,1.0,1.0,1.0,1.0,1.0,1.0,1.0,0.9998956322669983,0.9984173774719238,0.9997164011001587,0.9980521202087402,0.9997727870941162,0.9857639074325562,0.6703768968582153,0.996803879737854,4.0
1268,1.0,1.0,1.0,1.0,1.0,1.0,1.0,1.0,0.9996996521949768,0.9996837973594666,0.9992130398750305,0.9959937930107117,0.9999191164970398,0.9997310042381287,0.9742851257324219,0.6097866296768188,1.0
1269,0.0,0.0,0.0,0.0,0.0,0.0,0.0,0.0,0.0008050353499129415,0.0003443000605329871,0.00043147095129825175,0.00015668450214434415,0.008000576868653297,0.00035919956280849874,0.008914700709283352,0.00024389437749050558,1.0
1270,0.0,0.0,0.0,0.0,0.0,0.0,0.0,0.0,0.0003103446215391159,0.00022372430248651654,0.0005731998244300485,0.00010220864351140335,0.008599093183875084,0.00020709626551251858,0.006433925125747919,0.0001999611413339153,2.0
1271,0.0,0.0,0.0,0.0,0.0,0.0,0.0,0.0,0.0012240142095834017,0.0005170053918845952,0.0011548000620678067,9.082643373403698e-05,0.009639629162847996,0.0003558889729902148,0.0033453255891799927,0.0001431413256796077,0.0
1272,0.0,0.0,0.0,0.0,0.0,0.0,0.0,0.0,0.0009036365081556141,0.0005533433868549764,0.0007471978897228837,7.816236757207662e-05,0.007999202236533165,0.0002764247474260628,0.0022822311148047447,0.00015003628504928201,0.0
1273,1.0,1.0,1.0,1.0,1.0,1.0,0.0,1.0,0.9998807907104492,0.9965407252311707,0.9990149736404419,0.9988845586776733,0.9986278414726257,0.7783699035644531,0.5214294195175171,0.7243168950080872,1.0
1274,,1.0,1.0,1.0,1.0,1.0,,,0.9995267391204834,0.9983811974525452,0.9995355606079102,0.690524697303772,0.9995661973953247,0.9925424456596375,0.9589314460754395,0.6289430856704712,3.0
1275,,,,,,,0.0,0.0,0.19134265184402466,0.03657000511884689,0.33707356452941895,0.07163071632385254,0.29161372780799866,0.32622599601745605,0.3199653625488281,0.0004890105919912457,4.0
1276,0.0,0.0,0.0,0.0,0.0,0.0,0.0,0.0,0.001253791037015617,0.0005529071786440909,0.00010186839790549129,4.520947550190613e-05,0.005460376851260662,0.00021278634085319936,0.007117132190614939,0.0001674895320320502,4.0
1277,1.0,,1.0,,1.0,1.0,,,0.7789197564125061,0.9943640232086182,0.9628026485443115,0.9605662822723389,0.9998891353607178,0.9994863271713257,0.8813976049423218,0.3077658414840698,4.0
1278,1.0,1.0,1.0,1.0,1.0,0.0,0.0,,0.982938826084137,0.927472710609436,0.9988770484924316,0.9576142430305481,0.9965505599975586,0.5421996712684631,0.7825907468795776,0.39685308933258057,0.0
1279,0.0,1.0,1.0,0.0,1.0,1.0,0.0,0.0,0.4936303198337555,0.9746111035346985,0.7632483839988708,0.014919070526957512,0.9947866201400757,0.14972572028636932,0.01744062453508377,0.0013929015258327127,2.0
1280,1.0,1.0,1.0,1.0,1.0,1.0,1.0,1.0,0.9999178051948547,0.9997818470001221,0.999567449092865,0.9897550940513611,0.9996851086616516,0.9953708648681641,0.9830619692802429,0.975708544254303,3.0
1281,1.0,1.0,1.0,1.0,1.0,1.0,0.0,0.0,0.9221729040145874,0.9998029470443726,0.9997857809066772,0.9986886978149414,0.9999449253082275,0.9989597797393799,0.5821020007133484,0.19155313074588776,2.0
1282,1.0,1.0,1.0,1.0,1.0,1.0,1.0,,0.999701976776123,0.9992852210998535,0.9998993873596191,0.99958735704422,0.9999602437019348,0.9996568560600281,0.9733976721763611,0.47899889945983887,4.0
1283,1.0,1.0,,1.0,1.0,1.0,1.0,1.0,0.9997050166130066,0.9992517828941345,0.9997577667236328,0.9840797185897827,0.9996268153190613,0.9978992938995361,0.9668559432029724,0.9950726628303528,2.0
1284,1.0,1.0,1.0,1.0,1.0,1.0,1.0,0.0,0.9537326693534851,0.9995914697647095,0.9992619156837463,0.9996556043624878,0.9998834729194641,0.9999078512191772,0.9725760221481323,0.3121921420097351,2.0
1285,0.0,0.0,0.0,0.0,0.0,0.0,0.0,0.0,0.0005895072827115655,0.0002939005207736045,0.0004624944704119116,0.00011501375411171466,0.011808639392256737,0.00016114916070364416,0.005814052186906338,0.0002698488824535161,1.0
1286,1.0,,1.0,1.0,1.0,1.0,,,0.9992308020591736,0.9989882111549377,0.9997084736824036,0.9995545744895935,0.9999819993972778,0.9987964630126953,0.8237536549568176,0.20769396424293518,0.0
1287,1.0,1.0,1.0,1.0,1.0,1.0,0.0,,0.9957461953163147,0.9732027053833008,0.9952006340026855,0.9866372346878052,0.9988963007926941,0.9994953870773315,0.17271152138710022,0.9138044118881226,2.0
1288,1.0,1.0,1.0,1.0,1.0,1.0,,,0.8648790121078491,0.9959501624107361,0.9305738210678101,0.15784059464931488,0.9999671578407288,0.9994257688522339,0.8880544900894165,0.2847816050052643,0.0
1289,1.0,1.0,1.0,1.0,1.0,1.0,0.0,0.0,0.9519659280776978,0.9607253074645996,0.9991673827171326,0.664330244064331,0.9998905062675476,0.930022120475769,0.33132070302963257,0.08133107423782349,0.0
1290,0.0,0.0,0.0,0.0,0.0,0.0,0.0,0.0,0.0008001232054084539,0.0004496208275668323,0.00038539449451491237,6.1010669014649466e-05,0.006393370684236288,0.0002638165606185794,0.0022943008225411177,0.00012219899508636445,0.0
1291,0.0,,0.0,,0.0,0.0,,,0.001024537137709558,0.0012527364306151867,0.0005937374080531299,5.764794332208112e-05,0.012281537055969238,0.0003429852658882737,0.02849087305366993,0.00020058343943674117,4.0
1292,0.0,0.0,0.0,0.0,1.0,0.0,0.0,0.0,0.001771050738170743,0.0348835214972496,0.0036857747472822666,0.00015205662930384278,0.7114051580429077,0.04815993458032608,0.014193438924849033,0.0001308273640461266,0.0
1293,0.0,0.0,0.0,0.0,1.0,0.0,0.0,0.0,0.0012503924081102014,0.3468365967273712,0.013684606179594994,0.0002274265279993415,0.9633697867393494,0.03638491407036781,0.020497284829616547,0.00022580135555472225,1.0
1294,1.0,,1.0,1.0,1.0,1.0,,,0.9931122064590454,0.9974388480186462,0.9998679161071777,0.9993664622306824,0.9999632835388184,0.9684662222862244,0.8674633502960205,0.10278884321451187,4.0
1295,1.0,,1.0,1.0,1.0,1.0,,,0.9978466033935547,0.7293452024459839,0.9997618794441223,0.964929461479187,0.988452136516571,0.9496234655380249,0.03836723789572716,0.0405580997467041,4.0
1296,1.0,1.0,1.0,1.0,1.0,1.0,1.0,0.0,0.9691033363342285,0.999862790107727,0.9998690485954285,0.9819406867027283,0.9999430179595947,0.9991587996482849,0.26595211029052734,0.2623463571071625,3.0
1297,1.0,1.0,1.0,1.0,1.0,1.0,0.0,,0.9843677282333374,0.9977783560752869,0.9998681545257568,0.9983518123626709,0.9997389912605286,0.9794346690177917,0.36121344566345215,0.19922348856925964,4.0
1298,0.0,,0.0,,0.0,0.0,,,0.0019223124254494905,0.0017440918600186706,0.0010226884623989463,0.00021156089496798813,0.02489236369729042,0.0010922072688117623,0.018176138401031494,0.0001947800919879228,0.0
1299,0.0,0.0,0.0,0.0,0.0,0.0,0.0,0.0,0.0008400107035413384,0.0008011728641577065,0.0005772016011178493,6.978361489018425e-05,0.00951734185218811,0.0005589785287156701,0.003071084152907133,0.0001229491172125563,0.0
1300,1.0,1.0,1.0,1.0,1.0,1.0,0.0,1.0,0.9993492960929871,0.9675371646881104,0.999940037727356,0.999851405620575,0.9898253679275513,0.14338412880897522,0.052294302731752396,0.782243549823761,4.0
1301,1.0,1.0,1.0,1.0,1.0,1.0,1.0,0.0,0.9963040351867676,0.9960464835166931,0.9996920228004456,0.9977413415908813,0.9997844696044922,0.7240291237831116,0.40954411029815674,0.7611129879951477,1.0
1302,0.0,0.0,0.0,0.0,0.0,0.0,0.0,0.0,0.000843975692987442,0.005198316182941198,0.002313478384166956,0.0001399126194883138,0.11225877702236176,0.0009816569508984685,0.12462572753429413,0.00045345150283537805,1.0
1303,1.0,1.0,1.0,1.0,1.0,1.0,1.0,1.0,0.9993807077407837,0.9983834624290466,0.9997670650482178,0.9962714314460754,0.9998817443847656,0.997366189956665,0.8331942558288574,0.8216152191162109,2.0
1304,0.0,0.0,0.0,0.0,0.0,0.0,0.0,0.0,0.0006882461020722985,0.00031620319350622594,0.0005007662111893296,0.00014912465121597052,0.005815460812300444,0.0001506558619439602,0.00628683902323246,0.0002585100010037422,1.0
1305,,1.0,1.0,0.0,1.0,,1.0,0.0,0.07883433997631073,0.9472575187683105,0.31140345335006714,0.016024921089410782,0.9985570311546326,0.4496305584907532,0.3562961220741272,0.0013227612944319844,3.0
1306,0.0,0.0,0.0,0.0,0.0,0.0,0.0,0.0,0.0006216879701241851,0.00027032141224481165,6.718360964441672e-05,3.158326944685541e-05,0.0076346383430063725,0.00031927472446113825,0.011663035489618778,0.00019010603136848658,4.0
1307,0.0,0.0,0.0,0.0,0.0,0.0,0.0,0.0,0.0008823538082651794,0.0005418998189270496,0.0005365770775824785,6.233163003344089e-05,0.00497016217559576,0.0004787265497725457,0.004189221654087305,0.0001677553227636963,0.0
1308,0.0,,0.0,,1.0,0.0,,,0.00689438683912158,0.14248088002204895,0.052038200199604034,7.158008520491421e-05,0.9980879426002502,0.43038997054100037,0.04232270270586014,0.0002528511395212263,4.0
1309,0.0,0.0,0.0,0.0,0.0,0.0,0.0,0.0,0.000621520506683737,0.0001940596557687968,0.0008883862756192684,0.00015311072638724,0.009277960285544395,0.00018153348355554044,0.01576651632785797,0.00017805176321417093,2.0
1310,1.0,1.0,1.0,1.0,1.0,1.0,1.0,1.0,0.9996103048324585,0.9980928897857666,0.9996131062507629,0.9992077350616455,0.9998779296875,0.9702708721160889,0.9924277663230896,0.8184585571289062,0.0
1311,0.0,0.0,0.0,0.0,0.0,0.0,,,0.0013737898552790284,0.0007521467050537467,0.0009363495628349483,0.00031441854662261903,0.07951413840055466,0.00029670342337340117,0.0076662031933665276,0.0002606599882710725,2.0
1312,1.0,1.0,1.0,1.0,1.0,1.0,0.0,0.0,0.9641525149345398,0.9981614351272583,0.9945712089538574,0.6522500514984131,0.9999298453330994,0.9994606971740723,0.45098528265953064,0.8093677759170532,4.0
1313,1.0,1.0,1.0,1.0,1.0,1.0,1.0,,0.9994757175445557,0.9990592002868652,0.9995131492614746,0.9990712404251099,0.9997937083244324,0.9986511468887329,0.9476874470710754,0.7508426308631897,1.0
1314,0.0,,1.0,0.0,1.0,1.0,,,0.18880236148834229,0.8499429225921631,0.6470314860343933,0.012919561006128788,0.997334361076355,0.7093543410301208,0.19937917590141296,0.0007622757693752646,2.0
1315,1.0,1.0,1.0,1.0,1.0,1.0,1.0,0.0,0.8144312500953674,0.9998056888580322,0.9994224905967712,0.9991177916526794,0.9999743103981018,0.9997626543045044,0.9980809688568115,0.6268923282623291,1.0
1316,0.0,0.0,0.0,0.0,0.0,0.0,,,0.0007200497202575207,0.003807675326243043,0.0043839081190526485,0.00016172138566616923,0.025696009397506714,0.0002773106680251658,0.013323909603059292,0.000254322134424001,1.0
1317,1.0,1.0,1.0,0.0,1.0,1.0,0.0,0.0,0.281963050365448,0.8825207352638245,0.9715604782104492,0.14562182128429413,0.9997264742851257,0.16990315914154053,0.16790138185024261,0.0016065401723608375,0.0
1318,1.0,,1.0,1.0,1.0,1.0,,,0.9414955973625183,0.9998480081558228,0.9988131523132324,0.9978327751159668,0.9991523623466492,0.9996532797813416,0.6828430891036987,0.13806557655334473,2.0
1319,1.0,,1.0,1.0,1.0,1.0,,,0.9770235419273376,0.9997814297676086,0.9983351230621338,0.9759981036186218,0.9991315603256226,0.9995603561401367,0.9562879800796509,0.12030993402004242,2.0
1320,1.0,,1.0,1.0,1.0,1.0,,,0.9864407777786255,0.9994948506355286,0.9993082880973816,0.9997061491012573,0.9999350905418396,0.9944090843200684,0.7431150674819946,0.31433025002479553,1.0
1321,1.0,1.0,1.0,1.0,1.0,0.0,1.0,1.0,0.999418318271637,0.9864319562911987,0.999440610408783,0.8554709553718567,0.9474080204963684,0.4498808979988098,0.7395157814025879,0.7831006050109863,1.0
1322,,,,,0.0,0.0,,,0.004035201855003834,0.0018087269272655249,0.0013484375085681677,0.00026421912480145693,0.09059867262840271,0.0008180326549336314,0.05157537758350372,0.0003199084021616727,0.0
1323,0.0,0.0,0.0,0.0,0.0,0.0,0.0,0.0,0.0003628343401942402,0.00023422397498507053,0.0004965703119523823,0.0001220561534864828,0.007364436984062195,0.00028270971961319447,0.008351065218448639,0.00018431805074214935,2.0
1324,0.0,0.0,0.0,0.0,0.0,0.0,0.0,0.0,0.0011183943133801222,0.0030910209752619267,0.0019119936041533947,2.7452430003904738e-05,0.33244791626930237,0.024771934375166893,0.014198066666722298,0.00010170493624173105,3.0
1325,0.0,1.0,1.0,1.0,1.0,,0.0,,0.9142121076583862,0.9955829381942749,0.9994338750839233,0.9616191983222961,0.9972156286239624,0.9987896680831909,0.25791943073272705,0.0035007884725928307,4.0
1326,1.0,,1.0,1.0,1.0,1.0,,,0.9549656510353088,0.9994432330131531,0.9995118975639343,0.8769146203994751,0.9998503923416138,0.9947750568389893,0.2867957055568695,0.5609328746795654,3.0
1327,0.0,,0.0,0.0,0.0,0.0,,,0.0005566927138715982,0.0006322523695416749,0.00024336499336641282,7.027848187135532e-05,0.01518922671675682,0.00027854228392243385,0.009746406227350235,0.00018340103270020336,4.0
1328,0.0,0.0,0.0,0.0,0.0,0.0,0.0,0.0,0.0008600277360528708,0.0007724915049038827,0.0010506696999073029,3.5729062801692635e-05,0.007992971688508987,0.0001256557006854564,0.00647472171112895,0.00010648890020092949,3.0
1329,1.0,1.0,1.0,1.0,1.0,1.0,1.0,,0.9989526867866516,0.9984145760536194,0.9996246099472046,0.9992957711219788,0.9998973608016968,0.8699008226394653,0.8174091577529907,0.07775243371725082,3.0
1330,0.0,0.0,0.0,0.0,0.0,0.0,,,0.0012945710914209485,0.0009000644204206765,0.0007043692166917026,0.00016727836919017136,0.011272153817117214,0.0004195797664579004,0.007998026907444,0.0012840557610616088,1.0
1331,,0.0,0.0,0.0,0.0,,0.0,0.0,0.0007719764835201204,0.001918551279231906,0.0005773792508989573,8.875547064235434e-05,0.007319887168705463,0.00017490371828898787,0.007930071093142033,0.0002092285722028464,3.0
1332,0.0,0.0,0.0,0.0,0.0,0.0,0.0,0.0,0.00080496707232669,0.0006160669145174325,0.0004704250313807279,5.725437222281471e-05,0.007618383038789034,0.0004263424489181489,0.003082260489463806,0.00012330996105447412,0.0
1333,1.0,,1.0,1.0,1.0,1.0,,,0.9865270256996155,0.994166374206543,0.9980699419975281,0.9793061017990112,0.999879002571106,0.9775105118751526,0.4955059289932251,0.1326707899570465,0.0
1334,0.0,,1.0,,1.0,1.0,,,0.42273035645484924,0.9616709351539612,0.3211086392402649,0.022073715925216675,0.9998884797096252,0.8368584513664246,0.29198765754699707,0.00400603748857975,2.0
1335,1.0,1.0,1.0,1.0,1.0,1.0,1.0,1.0,0.9999104738235474,0.99977707862854,0.9998852014541626,0.9996321201324463,0.999805212020874,0.9881178140640259,0.9157049655914307,0.8747008442878723,3.0
1336,1.0,1.0,1.0,1.0,1.0,1.0,1.0,1.0,0.9999164342880249,0.9996716976165771,0.9998654127120972,0.9991258382797241,0.9997413158416748,0.9759740233421326,0.855204164981842,0.9792544841766357,2.0
1337,1.0,1.0,1.0,1.0,1.0,1.0,1.0,,0.9999562501907349,0.9997177720069885,0.9997600317001343,0.9917436242103577,0.9999467134475708,0.9867258071899414,0.6666706800460815,0.9616024494171143,0.0
1338,1.0,,1.0,0.0,1.0,1.0,,,0.7605758905410767,0.9868991374969482,0.9755245447158813,0.16111047565937042,0.9998209476470947,0.9927986860275269,0.3666067123413086,0.011109444312751293,1.0
1339,0.0,,1.0,,1.0,1.0,,,0.03370301425457001,0.9421892762184143,0.336700975894928,0.0015944279730319977,0.9997414350509644,0.8580787777900696,0.025967584922909737,0.0003090164391323924,3.0
1340,0.0,0.0,0.0,0.0,0.0,0.0,0.0,0.0,0.00043649692088365555,0.00022041090414859354,0.0009311495814472437,8.157516276696697e-05,0.0057022045366466045,0.00016377372958231717,0.00464135967195034,0.0002612702373880893,2.0
1341,0.0,0.0,0.0,0.0,0.0,0.0,0.0,0.0,0.0015245148679241538,0.0007015455630607903,0.000935621908865869,0.00010362643661210313,0.015517902560532093,0.00035851733991876245,0.005034307017922401,0.0001549345179228112,0.0
1342,1.0,1.0,1.0,1.0,1.0,1.0,0.0,1.0,0.9943640232086182,0.9987270832061768,0.9809174537658691,0.9798372387886047,0.9999185800552368,0.9927471876144409,0.5677223205566406,0.3749863803386688,2.0
1343,0.0,,0.0,,0.0,0.0,,,0.0014610601356253028,0.001651192083954811,0.002420417033135891,3.5337041481398046e-05,0.030046477913856506,0.0002538255066610873,0.014458935707807541,0.0002919766411650926,3.0
1344,1.0,1.0,1.0,1.0,1.0,1.0,0.0,1.0,0.9995690584182739,0.9967927932739258,0.9993517994880676,0.9901605844497681,0.9997616410255432,0.9955427646636963,0.7994259595870972,0.41498643159866333,1.0
1345,0.0,0.0,0.0,0.0,0.0,0.0,0.0,0.0,0.0005880992976017296,0.00032642381847836077,0.00037802301812916994,0.00011072918277932331,0.01087267231196165,0.00032248496427200735,0.012977597303688526,0.0002189384395023808,2.0
1346,1.0,1.0,1.0,1.0,1.0,1.0,1.0,0.0,0.8606353998184204,0.9997712969779968,0.9999337196350098,0.999167263507843,0.9997769594192505,0.9745916724205017,0.5860559344291687,0.09433778375387192,4.0
1347,1.0,1.0,1.0,1.0,1.0,1.0,1.0,,0.9874060153961182,0.9989542365074158,0.9991220235824585,0.9055266976356506,0.9997204542160034,0.9407691955566406,0.3182796537876129,0.4993927478790283,1.0
1348,0.0,0.0,0.0,0.0,0.0,0.0,0.0,0.0,0.0009799677645787597,0.0005461085820570588,6.73624308547005e-05,3.900487718055956e-05,0.01923544891178608,0.00041903837700374424,0.01191316731274128,0.00019948270346503705,4.0
1349,0.0,,0.0,,0.0,0.0,,,0.0011796862818300724,0.0016518874326720834,0.0012388668255880475,0.00025351368822157383,0.15078768134117126,0.0019477314781397581,0.019747773185372353,0.0005844122497364879,1.0
1350,1.0,1.0,1.0,1.0,1.0,0.0,1.0,1.0,0.9991491436958313,0.9711799025535583,0.999674916267395,0.961348295211792,0.994720458984375,0.4116716980934143,0.8757906556129456,0.5175397396087646,3.0
1351,0.0,0.0,0.0,0.0,0.0,0.0,0.0,0.0,0.0003505476634018123,0.00027672629221342504,0.0003940636233892292,0.00010597066284390166,0.007716782856732607,0.0002906775043811649,0.012297414243221283,0.00014596861728932709,2.0
1352,1.0,,1.0,,1.0,1.0,,,0.9934564232826233,0.9937264323234558,0.992076575756073,0.8166856169700623,0.9999591112136841,0.9990209937095642,0.5171340703964233,0.300235778093338,0.0
1353,0.0,0.0,0.0,0.0,0.0,0.0,0.0,0.0,0.0006736518698744476,0.00041426363168284297,0.0002993349335156381,4.476400135899894e-05,0.009553050622344017,0.00016737956320866942,0.005144960712641478,8.849686855683103e-05,3.0
1354,1.0,1.0,1.0,1.0,1.0,1.0,1.0,1.0,0.999833345413208,0.9998338222503662,0.9982482194900513,0.9944415092468262,0.9998570680618286,0.9990956783294678,0.7344305515289307,0.965518593788147,4.0
1355,0.0,,1.0,0.0,1.0,1.0,,,0.3580061197280884,0.9893867373466492,0.9926602840423584,0.03870082646608353,0.9996607899665833,0.6601120829582214,0.05792371928691864,0.0003825104213319719,2.0
1356,0.0,,1.0,0.0,1.0,1.0,,,0.774742603302002,0.9821766018867493,0.9519952535629272,0.1692611277103424,0.9995915293693542,0.991509735584259,0.48336079716682434,0.0321759432554245,1.0
1357,1.0,1.0,1.0,1.0,1.0,1.0,1.0,0.0,0.9961696863174438,0.9996895790100098,0.9995055198669434,0.9982422590255737,0.9999070763587952,0.676348865032196,0.9602632522583008,0.7317395806312561,0.0
1358,1.0,1.0,1.0,1.0,1.0,1.0,1.0,1.0,0.9993813633918762,0.999842643737793,0.9998257160186768,0.9979945421218872,0.9992398023605347,0.7802578210830688,0.960701048374176,0.9304322004318237,3.0
1359,0.0,0.0,0.0,0.0,0.0,0.0,,,0.0011990404454991221,0.0008695869473740458,0.0008182221790775657,0.0001564688136568293,0.03078596293926239,0.0003223731473553926,0.010477117262780666,0.0001724732283037156,0.0
1360,0.0,1.0,1.0,1.0,1.0,0.0,1.0,0.0,0.3042595386505127,0.7622259259223938,0.9744499921798706,0.07526205480098724,0.8270889520645142,0.03698164224624634,0.4362339675426483,0.01260644942522049,0.0
1361,1.0,1.0,,1.0,1.0,1.0,0.0,1.0,0.997995138168335,0.9953077435493469,0.9997988939285278,0.9493927955627441,0.9998372793197632,0.9497510194778442,0.6316865086555481,0.32940539717674255,0.0
1362,0.0,0.0,0.0,0.0,0.0,0.0,0.0,0.0,0.0013692158972844481,0.002211387734860182,0.0007352541433647275,9.851103095570579e-05,0.03491901606321335,0.000988340936601162,0.01215423084795475,0.00035022219526581466,0.0
1363,1.0,1.0,1.0,1.0,1.0,1.0,1.0,1.0,0.9963897466659546,0.9997242093086243,0.9998287558555603,0.9998869895935059,0.9999201893806458,0.9704652428627014,0.8987352252006531,0.4501285254955292,4.0
1364,0.0,,0.0,0.0,1.0,0.0,,,0.04074171558022499,0.02184775099158287,0.7977921366691589,0.04853308945894241,0.7027599215507507,0.010333486832678318,0.04058784991502762,0.00041549166780896485,1.0
1365,,,0.0,,0.0,0.0,,,0.0011482061818242073,0.0023862035013735294,0.0012667329283431172,5.242683255346492e-05,0.027327079325914383,0.00029929744778200984,0.0225002970546484,0.0004227300232741982,3.0
1366,1.0,,1.0,1.0,1.0,0.0,,,0.44090941548347473,0.5294344425201416,0.9997562170028687,0.9992033243179321,0.8575481176376343,0.627449631690979,0.05348914861679077,0.05083465948700905,0.0
1367,0.0,,1.0,0.0,1.0,1.0,,,0.032694946974515915,0.9340566992759705,0.9566363096237183,0.03627274930477142,0.9995250701904297,0.36830124258995056,0.05944874510169029,0.0002683888887986541,4.0
1368,0.0,,1.0,1.0,0.0,0.0,0.0,,0.9481157064437866,0.13835445046424866,0.9907124638557434,0.8203334808349609,0.991875171661377,0.03378576040267944,0.09289026260375977,0.007756303530186415,1.0
1369,1.0,1.0,1.0,1.0,1.0,1.0,1.0,0.0,0.9288201928138733,0.9992581009864807,0.9993792772293091,0.8127546310424805,0.9997286796569824,0.7650044560432434,0.550082266330719,0.5431057214736938,4.0
1370,1.0,1.0,1.0,1.0,1.0,1.0,0.0,,0.9985063672065735,0.8563021421432495,0.9126560688018799,0.991931140422821,0.9955157041549683,0.9975650906562805,0.3403659760951996,0.8327058553695679,1.0
1371,1.0,1.0,1.0,1.0,1.0,1.0,1.0,,0.9992207288742065,0.9976004362106323,0.9997953176498413,0.9455517530441284,0.9989180564880371,0.9989026188850403,0.724277675151825,0.7797219157218933,3.0
1372,1.0,1.0,1.0,1.0,1.0,1.0,1.0,1.0,0.9997881650924683,0.9995365142822266,0.9998491406440735,0.9996098875999451,0.999920666217804,0.9996373057365417,0.8062382936477661,0.8164970874786377,2.0
1373,0.0,,1.0,1.0,1.0,0.0,,,0.4216701090335846,0.8594120144844055,0.9951903223991394,0.7718279957771301,0.9830074310302734,0.4725363552570343,0.2906397879123688,0.0008891752804629505,3.0
1374,1.0,1.0,1.0,1.0,1.0,0.0,0.0,1.0,0.985320508480072,0.46852001547813416,0.9997313022613525,0.9986026287078857,0.9822715520858765,0.6388064622879028,0.28669825196266174,0.16754749417304993,0.0
1375,1.0,1.0,1.0,1.0,1.0,0.0,0.0,1.0,0.9709240198135376,0.681464433670044,0.9995682835578918,0.9992141127586365,0.9921704530715942,0.47137993574142456,0.48879504203796387,0.2106388509273529,2.0
1376,0.0,0.0,0.0,0.0,0.0,0.0,0.0,0.0,0.00027338103973306715,0.00016933176084421575,0.00039593593101017177,8.149469795171171e-05,0.008744400925934315,0.00017027277499437332,0.003926279954612255,0.00014570185157936066,2.0
1377,,,0.0,0.0,0.0,0.0,,,0.08272557705640793,0.03665466979146004,0.06499674916267395,0.036488573998212814,0.3532557785511017,0.07953119277954102,0.2986474931240082,0.017551198601722717,1.0
1378,1.0,,1.0,0.0,1.0,1.0,,,0.9779689311981201,0.9631668925285339,0.9705691933631897,0.20959503948688507,0.9991982579231262,0.9741034507751465,0.034061022102832794,0.002575673395767808,1.0
1379,1.0,,1.0,1.0,1.0,1.0,,,0.9995341300964355,0.9998456835746765,0.9994316697120667,0.9995802640914917,0.9999736547470093,0.9600791335105896,0.35120099782943726,0.9399794340133667,1.0
1380,0.0,,0.0,0.0,0.0,0.0,,,0.4998723268508911,0.002990038599818945,0.1405418962240219,0.008393688127398491,0.16299986839294434,0.01882695034146309,0.301290363073349,0.0007053285953588784,1.0
1381,,0.0,0.0,0.0,0.0,,0.0,0.0,0.005801388528198004,0.006090652663260698,0.0017844579415395856,0.0008875868516042829,0.02569005824625492,0.0037680924870073795,0.018000271171331406,0.0009266973356716335,1.0
1382,1.0,1.0,1.0,1.0,1.0,0.0,1.0,1.0,0.9996310472488403,0.9966956377029419,0.8711981177330017,0.737730085849762,0.8017311096191406,0.9127047061920166,0.5551028847694397,0.9278303384780884,0.0
1383,1.0,1.0,1.0,1.0,1.0,1.0,1.0,1.0,0.9987545013427734,0.9996811747550964,0.9643915891647339,0.9973607659339905,0.9999104142189026,0.9279659986495972,0.40948617458343506,0.904292643070221,0.0
1384,1.0,1.0,1.0,1.0,1.0,1.0,1.0,,0.9995967149734497,0.9996776580810547,0.9998666048049927,0.9936244487762451,0.9999746680259705,0.9816561937332153,0.3377608060836792,0.5184012651443481,3.0
1385,1.0,,1.0,1.0,1.0,1.0,0.0,1.0,0.9954303503036499,0.8745699524879456,0.996458113193512,0.9995653629302979,0.9991915822029114,0.9940678477287292,0.22413095831871033,0.682138204574585,1.0
1386,1.0,,1.0,1.0,1.0,1.0,,,0.8722414970397949,0.9830816388130188,0.9994196891784668,0.9357019066810608,0.9995391964912415,0.9844587445259094,0.7034029364585876,0.12918290495872498,2.0
1387,1.0,,1.0,1.0,1.0,1.0,,,0.9575294256210327,0.9964008331298828,0.9986423254013062,0.9903832674026489,0.9989917874336243,0.8886528015136719,0.7945114374160767,0.7264003753662109,0.0
1388,0.0,,0.0,0.0,0.0,0.0,1.0,0.0,0.061678748577833176,0.04636722058057785,0.01266944408416748,0.00024854656658135355,0.11425928771495819,0.002545164665207267,0.06552302837371826,0.001755761681124568,3.0
1389,1.0,,1.0,1.0,1.0,1.0,,,0.7725175023078918,0.9937517642974854,0.9986660480499268,0.9566367864608765,0.9997898936271667,0.9866416454315186,0.624700665473938,0.44301924109458923,0.0
1390,1.0,,1.0,1.0,1.0,1.0,,,0.9889698624610901,0.9303918480873108,0.9992600083351135,0.9993881583213806,0.9970106482505798,0.9553653001785278,0.5091108083724976,0.7015894651412964,4.0
1391,,,,,,,0.0,0.0,0.07910367101430893,0.06579430401325226,0.244044691324234,0.0037485025823116302,0.04279331490397453,0.12342437356710434,0.0576547235250473,0.0009090098319575191,2.0
1392,0.0,0.0,0.0,0.0,1.0,0.0,0.0,0.0,0.008165711537003517,0.10819289088249207,0.2602797746658325,4.5901389967184514e-05,0.020212572067975998,0.030079584568738937,0.07238955795764923,0.00031933613354340196,3.0
1393,1.0,1.0,1.0,1.0,1.0,1.0,0.0,,0.6638973951339722,0.999214231967926,0.9963396787643433,0.9971404671669006,0.9999847412109375,0.9992539882659912,0.5590592622756958,0.030002936720848083,1.0
1394,0.0,0.0,0.0,0.0,0.0,0.0,0.0,0.0,0.0007367468206211925,0.00027015426894649863,0.0005026219878345728,0.00013605933054350317,0.005823072046041489,0.00015194056322798133,0.007957322522997856,0.00028658186784014106,1.0
1395,0.0,0.0,0.0,0.0,0.0,0.0,0.0,0.0,0.0007348653161898255,0.0003678190114442259,0.0007945402176119387,0.00013212329940870404,0.005273677874356508,0.00015212995640467852,0.0066882548853755,0.0002692313864827156,1.0
1396,0.0,0.0,1.0,1.0,1.0,0.0,0.0,0.0,0.30676203966140747,0.7741867303848267,0.9667830467224121,0.8827939033508301,0.9901893138885498,0.17529654502868652,0.404704749584198,0.0006523893098346889,3.0
1397,0.0,0.0,0.0,0.0,0.0,0.0,0.0,0.0,0.0006528515950776637,0.0008644367917440832,0.00034042977495118976,3.0601106118410826e-05,0.01034776121377945,0.0001369255332974717,0.006854764651507139,0.00010870174446608871,3.0
1398,1.0,1.0,1.0,1.0,1.0,1.0,,,0.9690088629722595,0.9976227283477783,0.9998117089271545,0.9986246228218079,0.9999828934669495,0.9991448521614075,0.7848314046859741,0.08742956817150116,0.0
1399,1.0,,1.0,1.0,1.0,1.0,,,0.9988624453544617,0.9965319037437439,0.9996223449707031,0.9737522602081299,0.9998065829277039,0.7848660945892334,0.9416606426239014,0.7757952809333801,4.0
1400,0.0,0.0,0.0,0.0,0.0,0.0,0.0,0.0,0.0005071692867204547,0.00024852174101397395,6.131952250143513e-05,3.359776019351557e-05,0.015149437822401524,0.00011183868627995253,0.006478632800281048,0.00019494592561386526,4.0
1401,,,1.0,1.0,1.0,1.0,,,0.6042272448539734,0.9857761859893799,0.9984678030014038,0.9788406491279602,0.9999691843986511,0.9920299649238586,0.5730563998222351,0.017898574471473694,1.0
1402,1.0,1.0,1.0,1.0,1.0,1.0,0.0,0.0,0.9860740900039673,0.9945127964019775,0.9985628128051758,0.7363837957382202,0.9999697208404541,0.9988703727722168,0.15213970839977264,0.13596799969673157,1.0
1403,0.0,,0.0,0.0,0.0,0.0,,,0.012344137765467167,0.002737184055149555,0.001266568899154663,0.0007058070623315871,0.03187086060643196,0.0012364685535430908,0.040576912462711334,0.0005440797540359199,0.0
1404,,,,,1.0,0.0,,,0.16318634152412415,0.12874487042427063,0.37479615211486816,0.14687952399253845,0.4330662786960602,0.171992227435112,0.041478417813777924,0.0034057486336678267,1.0
1405,0.0,0.0,0.0,0.0,0.0,0.0,0.0,0.0,0.0009599514887668192,0.0015148904640227556,0.0006091691320762038,0.00011493678903207183,0.014253522269427776,0.00028721659327857196,0.006664693355560303,0.000231730577070266,1.0
1406,1.0,1.0,1.0,1.0,1.0,1.0,1.0,,0.969257652759552,0.9997119307518005,0.999125599861145,0.9336761236190796,0.999957263469696,0.9864946007728577,0.2070261538028717,0.44393786787986755,1.0
1407,1.0,1.0,1.0,1.0,1.0,,1.0,,0.9921445250511169,0.9996817111968994,0.9993974566459656,0.9839339256286621,0.9991418123245239,0.9997887015342712,0.9720359444618225,0.557245135307312,3.0
1408,0.0,0.0,0.0,0.0,0.0,0.0,0.0,0.0,0.0011264391941949725,0.0004258780099917203,7.575534255011007e-05,3.676107371575199e-05,0.007683023810386658,0.00023881183005869389,0.01590573601424694,0.0003349946637172252,4.0
1409,1.0,,1.0,,1.0,1.0,,,0.9466689825057983,0.999718964099884,0.9551229476928711,0.9806501865386963,0.9999207258224487,0.9992486238479614,0.9475573301315308,0.30732375383377075,4.0
1410,0.0,0.0,0.0,0.0,0.0,0.0,1.0,0.0,0.3975274860858917,0.0050884815864264965,0.007547703571617603,0.0010583888506516814,0.07071645557880402,0.012017672881484032,0.2142203003168106,0.002643675310537219,2.0
1411,,0.0,0.0,0.0,0.0,,0.0,0.0,0.0031418385915458202,0.028260154649615288,0.01341857947409153,0.0013186055002734065,0.01914551481604576,0.000750146631617099,0.027779851108789444,0.0002466435544192791,1.0
1412,0.0,0.0,0.0,0.0,0.0,0.0,0.0,0.0,0.001238433294929564,0.0008887347648851573,0.0007337004644796252,6.151519482955337e-05,0.005061278119683266,0.001535384333692491,0.006010756827890873,0.00021656855824403465,0.0
1413,1.0,1.0,1.0,1.0,1.0,1.0,1.0,1.0,0.999475359916687,0.9954259395599365,0.9982470273971558,0.9998721480369568,0.99913489818573,0.9695154428482056,0.8378570675849915,0.9897976517677307,0.0
1414,1.0,1.0,1.0,1.0,1.0,1.0,1.0,0.0,0.9951931238174438,0.9998171925544739,0.9997901916503906,0.9403044581413269,0.999976396560669,0.9926231503486633,0.9195017218589783,0.48734545707702637,0.0
1415,0.0,0.0,0.0,0.0,0.0,0.0,0.0,0.0,0.0010124618420377374,0.0008523714495822787,0.00021512591047212481,0.00016882088675629348,0.009773431345820427,0.0003294539637863636,0.02684640698134899,0.00030634121503680944,4.0
1416,0.0,0.0,0.0,0.0,0.0,0.0,,,0.0011585631873458624,0.00252516008913517,0.001062281895428896,3.122150883427821e-05,0.0201985202729702,0.0002856728679034859,0.00971471332013607,0.0002714928414206952,3.0
1417,0.0,,1.0,0.0,1.0,1.0,,,0.5272952914237976,0.9839086532592773,0.98787522315979,0.013378817588090897,0.9996631145477295,0.7900737524032593,0.1421416997909546,0.0005262111662887037,3.0
1418,0.0,0.0,0.0,0.0,0.0,0.0,,,0.000702040153555572,0.00020944180141668767,0.0009765643626451492,0.00021950890368316323,0.02953474223613739,0.0002057991805486381,0.0070074391551315784,0.0003077518776990473,2.0
1419,0.0,0.0,0.0,0.0,0.0,0.0,,,0.0033349664881825447,0.23706954717636108,0.001063259202055633,0.0005336673348210752,0.025449007749557495,0.0005660706665366888,0.010911436751484871,0.0005911937914788723,2.0
1420,1.0,1.0,1.0,1.0,1.0,1.0,0.0,0.0,0.9552514553070068,0.9976704120635986,0.9992793798446655,0.999238133430481,0.9999893307685852,0.9989742636680603,0.7385572195053101,0.03611284866929054,1.0
1421,0.0,1.0,1.0,,1.0,0.0,,,0.004197285510599613,0.6185948848724365,0.7110143899917603,0.01167494896799326,0.9874902963638306,0.07374724745750427,0.03180282562971115,0.00022340887517202646,0.0
1422,0.0,1.0,1.0,,1.0,1.0,,,0.8308500051498413,0.9561529159545898,0.9559972286224365,0.5843262076377869,0.9996175169944763,0.7374588847160339,0.14796718955039978,0.024269456043839455,1.0
1423,0.0,0.0,0.0,0.0,0.0,0.0,0.0,0.0,0.00035746677895076573,0.00023475261696148664,0.00044380559120327234,9.39595847739838e-05,0.006387230474501848,0.00025951387942768633,0.02204274758696556,0.00017669440421741456,2.0
1424,1.0,1.0,1.0,1.0,1.0,1.0,1.0,1.0,0.9996508359909058,0.9996770620346069,0.9998247623443604,0.9998358488082886,0.9998958110809326,0.9717491269111633,0.9017408490180969,0.9641413688659668,3.0
1425,,,0.0,0.0,0.0,0.0,,,0.0009132466511800885,0.0010021127527579665,0.00064344477141276,4.919570710626431e-05,0.012176702730357647,0.0003841390716843307,0.02758653461933136,0.00021325392299331725,3.0
1426,1.0,1.0,1.0,0.0,1.0,0.0,0.0,0.0,0.8401057720184326,0.9907967448234558,0.9268014430999756,0.2753196656703949,0.899871826171875,0.6673651933670044,0.4204237461090088,0.1371338814496994,3.0
1427,1.0,1.0,1.0,1.0,1.0,1.0,1.0,,0.5646284818649292,0.9989283084869385,0.9988023638725281,0.9978943467140198,0.9996370077133179,0.9996019601821899,0.34601080417633057,0.04746442660689354,1.0
1428,0.0,,1.0,0.0,1.0,0.0,,,0.6928777694702148,0.6909798383712769,0.8503736257553101,0.18280142545700073,0.9590359330177307,0.06246041879057884,0.09671975672245026,0.0014666952192783356,3.0
1429,1.0,,1.0,1.0,1.0,0.0,,,0.7834246158599854,0.71222323179245,0.9971018433570862,0.8781136274337769,0.9950344562530518,0.8868308067321777,0.11755615472793579,0.013139190152287483,1.0
1430,0.0,0.0,0.0,0.0,0.0,0.0,0.0,,0.0016130853909999132,0.0016404605703428388,0.0013598649529740214,0.00026325194630771875,0.2343895435333252,0.0010066712275147438,0.07875685393810272,0.0002509832847863436,0.0
1431,0.0,0.0,0.0,0.0,0.0,0.0,0.0,0.0,0.03204627335071564,0.0020548528991639614,0.1240268126130104,0.0002551970537751913,0.7140116691589355,0.007006972096860409,0.008195149712264538,0.00011055124923586845,3.0
1432,1.0,1.0,1.0,1.0,1.0,1.0,1.0,0.0,0.9997841119766235,0.9998761415481567,0.9999169707298279,0.9959470629692078,0.9999647736549377,0.9953159689903259,0.5058603286743164,0.8961019515991211,3.0
1433,1.0,0.0,,1.0,1.0,0.0,,,0.7978116273880005,0.03528716415166855,0.9993303418159485,0.996779203414917,0.977348804473877,0.0768723115324974,0.009462529793381691,0.07574038952589035,1.0
1434,0.0,0.0,,0.0,0.0,0.0,,,0.002280231798067689,0.0015176519518718123,6.409424531739205e-05,0.00025154880131594837,0.06519687175750732,0.00035974691854789853,0.017713218927383423,0.00014353763253893703,4.0
1435,0.0,0.0,0.0,0.0,0.0,0.0,0.0,0.0,0.0007699147681705654,0.0006887540221214294,0.0003843853482976556,0.00012600331683643162,0.005693224724382162,0.00025276088854297996,0.01695079542696476,0.00027645676163956523,1.0
1436,,0.0,0.0,0.0,0.0,,0.0,0.0,0.0016079843044281006,0.0031925649382174015,0.0007763422327116132,0.0002674985444173217,0.0023593283258378506,0.00033215267467312515,0.0029882434755563736,0.00022289117623586208,0.0
1437,0.0,0.0,0.0,0.0,0.0,0.0,0.0,0.0,0.00028238975210115314,0.00018793517665471882,0.0003964255447499454,8.233878907049075e-05,0.006780414376407862,0.00020642460731323808,0.004313105717301369,0.00015606101078446954,2.0
1438,,,0.0,0.0,0.0,0.0,,,0.0025453055277466774,0.0009618204785510898,0.012957882136106491,0.005481407977640629,0.10327067971229553,0.0005038670497015119,0.06588996946811676,0.00047027578693814576,4.0
1439,0.0,0.0,0.0,0.0,0.0,0.0,0.0,0.0,0.0004704399034380913,0.000358155055437237,8.095434895949438e-05,2.6737601729109883e-05,0.016834398731589317,0.00016499176854267716,0.010166199877858162,0.00016210778267122805,4.0
1440,1.0,1.0,1.0,0.0,1.0,1.0,1.0,0.0,0.19985510408878326,0.9869426488876343,0.8716148734092712,0.9539807438850403,0.999213695526123,0.9507110118865967,0.14528638124465942,0.05359220132231712,4.0
1441,,,,,,,0.0,0.0,0.04192906245589256,0.02128542959690094,0.03655240312218666,0.0031967845279723406,0.02736332081258297,0.032738540321588516,0.021875711157917976,0.00038658390985801816,1.0
1442,0.0,,0.0,,0.0,0.0,,,0.004068517591804266,0.0057430868037045,0.006146823987364769,0.00024668811238370836,0.053452618420124054,0.001174088683910668,0.03484363108873367,0.0004506317782215774,2.0
1443,1.0,,1.0,,1.0,1.0,,,0.2011452615261078,0.9821432828903198,0.9963232278823853,0.9986521005630493,0.9998517036437988,0.8391179442405701,0.14149796962738037,0.00921928696334362,4.0
1444,1.0,1.0,1.0,1.0,1.0,1.0,0.0,1.0,0.9992417693138123,0.9978657364845276,0.9986129403114319,0.9972434043884277,0.9999048709869385,0.9998027682304382,0.47033196687698364,0.7196446061134338,0.0
1445,1.0,1.0,1.0,1.0,1.0,1.0,,,0.9989910125732422,0.9617372155189514,0.9988951683044434,0.9185935258865356,0.9992320537567139,0.9959923624992371,0.0945533737540245,0.013223633170127869,4.0
1446,0.0,,0.0,,0.0,0.0,,,0.0011408301070332527,0.0005729329423047602,0.0015424694865942001,0.00016670709010213614,0.009173852391541004,0.00040785211604088545,0.04362344741821289,0.0003979662142228335,2.0
1447,1.0,1.0,1.0,1.0,1.0,1.0,1.0,,0.9994639754295349,0.999732494354248,0.9999195337295532,0.9987133741378784,0.9999617338180542,0.9924913048744202,0.29045042395591736,0.966385006904602,2.0
1448,1.0,,0.0,1.0,1.0,0.0,,,0.99473637342453,0.2566436529159546,0.13587701320648193,0.29625245928764343,0.03773440420627594,0.23316596448421478,0.10889142751693726,0.36279383301734924,0.0
1449,1.0,1.0,1.0,1.0,1.0,1.0,1.0,1.0,0.9999517798423767,0.9998158812522888,0.9994422197341919,0.9998042583465576,0.9999729990959167,0.9981216788291931,0.9988406896591187,0.9943076372146606,1.0
1450,0.0,0.0,0.0,0.0,0.0,0.0,0.0,0.0,0.0008313438738696277,0.0006800302653573453,0.00023486712598241866,9.62874255492352e-05,0.009041707031428814,0.000489911821205169,0.04672882333397865,0.000781614042352885,4.0
1451,1.0,1.0,1.0,1.0,1.0,0.0,0.0,0.0,0.9687526822090149,0.7759093642234802,0.9966076612472534,0.7778616547584534,0.9870195984840393,0.7254220247268677,0.4771213233470917,0.113630510866642,2.0
1452,0.0,,0.0,,0.0,0.0,,,0.0009371809428557754,0.0010752651141956449,0.0006662459927611053,0.00014781639038119465,0.007503550965338945,0.00042952026706188917,0.014988016337156296,0.0005455861100926995,1.0
1453,0.0,,1.0,1.0,1.0,0.0,,,0.7216048240661621,0.4092510938644409,0.9747967720031738,0.6761285066604614,0.9868234395980835,0.16069296002388,0.4552353620529175,0.001639766269363463,0.0
1454,0.0,,0.0,0.0,0.0,0.0,,,0.006495828274637461,0.0022117348853498697,0.016368437558412552,0.0012214408488944173,0.030477456748485565,0.0016355137340724468,0.14817355573177338,0.00037845116457901895,0.0
1455,1.0,1.0,0.0,1.0,0.0,0.0,1.0,1.0,0.9593786001205444,0.45176082849502563,0.9507217407226562,0.7806748151779175,0.4545883238315582,0.013268445618450642,0.8072296380996704,0.3149067759513855,1.0
1456,0.0,,1.0,,1.0,1.0,,,0.7360347509384155,0.975844144821167,0.9808453917503357,0.05437563359737396,0.9999436140060425,0.9243777394294739,0.06048331782221794,0.00044607106246985495,1.0
1457,0.0,,0.0,,0.0,0.0,,,0.0010848076781257987,0.001089808763936162,0.0009554178104735911,0.00020650522492360324,0.01210722140967846,0.0005655073327943683,0.015475545078516006,0.00042267440585419536,1.0
1458,0.0,1.0,0.0,0.0,0.0,0.0,0.0,0.0,0.045000940561294556,0.9803430438041687,0.028440309688448906,0.0009001626167446375,0.21170355379581451,0.03484134003520012,0.021014288067817688,0.003386039286851883,4.0
1459,1.0,1.0,1.0,1.0,1.0,1.0,1.0,1.0,0.9380481839179993,0.9998670816421509,0.9968452453613281,0.9592251777648926,0.9997221827507019,0.9981610774993896,0.8132600784301758,0.06282119452953339,2.0
1460,0.0,,1.0,0.0,1.0,1.0,,,0.07489440590143204,0.9776014685630798,0.9403489828109741,0.006498964503407478,0.9991992712020874,0.8272552490234375,0.04834554344415665,0.0002445600985083729,3.0
1461,1.0,1.0,1.0,0.0,1.0,1.0,,,0.8393615484237671,0.9946359992027283,0.9759359359741211,0.6982947587966919,0.9997685551643372,0.9974583983421326,0.570560872554779,0.044686365872621536,1.0
1462,1.0,1.0,1.0,1.0,1.0,1.0,1.0,,0.9998661279678345,0.9990389943122864,0.9997703433036804,0.9657926559448242,0.9997952580451965,0.999821126461029,0.9881558418273926,0.9653610587120056,2.0
1463,0.0,1.0,1.0,1.0,1.0,1.0,0.0,0.0,0.5978729724884033,0.9877070188522339,0.9967517256736755,0.9202235341072083,0.9997666478157043,0.9970447421073914,0.16894778609275818,0.0013532103039324284,3.0
1464,0.0,0.0,0.0,0.0,0.0,0.0,0.0,0.0,0.0019637567456811666,0.0006056672427803278,0.0004963718820363283,3.7099438486620784e-05,0.008577549830079079,0.00023781675554346293,0.011906917206943035,6.728785228915513e-05,3.0
1465,0.0,0.0,0.0,0.0,0.0,0.0,0.0,0.0,0.0009966595098376274,0.0006319287931546569,0.0006164413644000888,5.5701297242194414e-05,0.006503822281956673,0.0005540730198845267,0.0057548354379832745,0.00014443280815612525,0.0
1466,0.0,,0.0,,1.0,0.0,,,0.0031313803046941757,0.24776211380958557,0.5816730260848999,0.0003922377072740346,0.2697690427303314,0.038538042455911636,0.015185377560555935,0.00040191301377490163,1.0
1467,0.0,0.0,0.0,0.0,0.0,0.0,0.0,0.0,0.000787327706348151,0.0004914355231449008,0.00052037084242329,7.808564259903505e-05,0.006305395625531673,0.00024538752040825784,0.0024563088081777096,0.0001557035866426304,0.0
1468,1.0,0.0,1.0,1.0,1.0,0.0,0.0,0.0,0.7896257042884827,0.8970544338226318,0.9578091502189636,0.649970293045044,0.5212106108665466,0.024328982457518578,0.36193767189979553,0.1940087378025055,2.0
1469,0.0,,0.0,0.0,0.0,0.0,,,0.001016830326989293,0.0004747568164020777,0.0006758202216587961,3.370203558006324e-05,0.023722799494862556,0.0004180146206635982,0.018224867060780525,0.00029454429750330746,3.0
1470,0.0,,,0.0,1.0,0.0,,,0.2658948600292206,0.10836903005838394,0.31065964698791504,0.3711121678352356,0.8929038047790527,0.017922839149832726,0.18184170126914978,0.00039490286144427955,4.0
1471,0.0,,0.0,0.0,1.0,0.0,,,0.1404028981924057,0.025336802005767822,0.5572957992553711,0.007397725246846676,0.5227359533309937,0.0040688347071409225,0.06675206869840622,0.0004710387729573995,2.0
1472,1.0,1.0,1.0,1.0,1.0,1.0,1.0,0.0,0.9955715537071228,0.9998708367347717,0.9997963905334473,0.9944449067115784,0.9999514818191528,0.9997731447219849,0.799911379814148,0.4695383906364441,2.0
1473,,,,,,,0.0,0.0,0.04709918051958084,0.06436709314584732,0.023378396406769753,0.010786505416035652,0.3207358419895172,0.019243083894252777,0.09473185986280441,0.0007114461623132229,3.0
1474,0.0,0.0,1.0,0.0,1.0,0.0,0.0,,0.012962237000465393,0.5035246014595032,0.26076582074165344,0.43733763694763184,0.9404292702674866,0.024608999490737915,0.08342237025499344,0.0003682037640828639,3.0
1475,0.0,,0.0,0.0,1.0,0.0,,,0.0013280578423291445,0.5249570608139038,0.027910960838198662,0.00045574852265417576,0.9932178854942322,0.10082723200321198,0.03646349534392357,0.00040127441752702,1.0
1476,0.0,,1.0,1.0,1.0,1.0,,,0.6516380310058594,0.9913326501846313,0.9976420998573303,0.904906690120697,0.9998141527175903,0.8754834532737732,0.34235644340515137,0.0027041302528232336,2.0
1477,0.0,,0.0,0.0,0.0,0.0,,,0.004352613817900419,0.001401845132932067,0.002002575434744358,0.0003228371497243643,0.05987425148487091,0.0007367203361354768,0.05940334498882294,0.00047954721958376467,2.0
1478,1.0,1.0,1.0,1.0,1.0,1.0,1.0,,0.9937784075737,0.9996361136436462,0.9999405741691589,0.9995821118354797,0.9998442530632019,0.9889742136001587,0.7683855891227722,0.1879776120185852,4.0
1479,0.0,0.0,0.0,0.0,0.0,0.0,0.0,0.0,0.000611937022767961,0.0004402336198836565,7.288334018085152e-05,2.7437403332442045e-05,0.01336902379989624,0.00028215558268129826,0.007175267208367586,0.0001400863257003948,4.0
1480,0.0,0.0,0.0,0.0,0.0,0.0,,,0.0006322503904812038,0.000613938202150166,0.0005679757450707257,0.00013839866733178496,0.010069726034998894,0.00026589323533698916,0.008356521837413311,0.0003567637759260833,1.0
1481,0.0,1.0,1.0,1.0,1.0,1.0,0.0,0.0,0.4728781580924988,0.971211314201355,0.998866617679596,0.8904134631156921,0.9999573230743408,0.9455337524414062,0.39855560660362244,0.00039211500552482903,3.0
1482,1.0,1.0,1.0,0.0,1.0,0.0,1.0,0.0,0.9050135612487793,0.8879425525665283,0.9347847700119019,0.6009230613708496,0.8077698945999146,0.754657506942749,0.7207238674163818,0.19437508285045624,4.0
1483,0.0,0.0,0.0,0.0,0.0,0.0,0.0,0.0,0.0004838907334487885,0.00019012654956895858,0.0005420714733190835,0.00013450156257022172,0.02153673954308033,0.000183451222255826,0.0062302835285663605,0.00013982605014462024,2.0
1484,1.0,,1.0,1.0,1.0,1.0,,,0.92156583070755,0.9962291717529297,0.9998606443405151,0.995327889919281,0.9996916651725769,0.9091950058937073,0.4852007329463959,0.02430238388478756,4.0
1485,1.0,1.0,1.0,1.0,1.0,1.0,0.0,,0.999029815196991,0.9970306158065796,0.9481874108314514,0.634501576423645,0.9989151358604431,0.9122675061225891,0.5633082985877991,0.44649454951286316,4.0
1486,0.0,,1.0,0.0,1.0,0.0,,,0.10232408344745636,0.8199248909950256,0.9311480522155762,0.013699822127819061,0.993582546710968,0.5254177451133728,0.024386219680309296,0.0003358226967975497,0.0
1487,1.0,1.0,1.0,1.0,1.0,1.0,1.0,1.0,0.9978414177894592,0.9998692274093628,0.9996316432952881,0.9992198944091797,0.9999603033065796,0.9997333288192749,0.9100860357284546,0.39375758171081543,2.0
1488,0.0,,1.0,,1.0,0.0,,,0.018007570877671242,0.64078688621521,0.3360128402709961,0.0030780117958784103,0.991410493850708,0.04941970854997635,0.04601085186004639,0.00026511968462727964,0.0
1489,1.0,1.0,1.0,1.0,0.0,0.0,1.0,0.0,0.9967491030693054,0.937621533870697,0.6460999846458435,0.3102792501449585,0.8988829851150513,0.00506091071292758,0.6651721000671387,0.6828428506851196,3.0
1490,0.0,,1.0,0.0,1.0,0.0,,,0.8653306365013123,0.13579700887203217,0.6604784727096558,0.03431584686040878,0.6933373212814331,0.39097997546195984,0.14524312317371368,0.0006180522032082081,1.0
1491,0.0,0.0,0.0,0.0,0.0,0.0,1.0,0.0,0.00616307882592082,0.005959509406238794,0.005195781588554382,0.0005664628115482628,0.01615256443619728,0.0006283274851739407,0.0055945441126823425,0.00025109044509008527,0.0
1492,0.0,0.0,0.0,0.0,1.0,0.0,0.0,0.0,0.0014013369800522923,0.04651878401637077,0.01725492998957634,3.2288811780745164e-05,0.011185377836227417,0.002821095287799835,0.009103517048060894,0.0001265885221073404,3.0
1493,1.0,1.0,1.0,1.0,1.0,0.0,1.0,,0.9991178512573242,0.9916439056396484,0.997356116771698,0.9946436882019043,0.9914281368255615,0.36453965306282043,0.838011622428894,0.7801398038864136,2.0
1494,1.0,1.0,1.0,1.0,1.0,0.0,1.0,,0.9996150732040405,0.9961406588554382,0.9906201362609863,0.9762850999832153,0.9287034273147583,0.5325111150741577,0.9896590709686279,0.9087169766426086,0.0
1495,0.0,1.0,1.0,0.0,1.0,1.0,0.0,0.0,0.5761106610298157,0.9938021898269653,0.9646364450454712,0.025993268936872482,0.9996597766876221,0.9913736581802368,0.45880457758903503,0.0012301742099225521,4.0
1496,0.0,0.0,0.0,0.0,0.0,0.0,0.0,0.0,0.0007920637144707143,0.00036952621303498745,0.00010489190754014999,3.500215825624764e-05,0.0036130796652287245,0.0002744893135968596,0.011844988912343979,0.0002758354530669749,4.0
1497,1.0,1.0,1.0,1.0,1.0,1.0,1.0,0.0,0.9999343156814575,0.9997230172157288,0.9997740387916565,0.9956406354904175,0.999948263168335,0.999807596206665,0.9474456310272217,0.9939930438995361,2.0
1498,1.0,1.0,1.0,1.0,1.0,1.0,,,0.9760470390319824,0.9968069791793823,0.9997119903564453,0.9990423321723938,0.9994558691978455,0.9944396615028381,0.5466306209564209,0.04699670895934105,4.0
1499,0.0,0.0,0.0,0.0,0.0,0.0,0.0,0.0,0.0011203454341739416,0.0006244403193704784,0.0005276785232126713,0.00025171664310619235,0.0132064837962389,0.00024877535179257393,0.002528381533920765,0.000266529677901417,0.0
1500,1.0,1.0,1.0,1.0,1.0,1.0,1.0,,0.799094557762146,0.9996594190597534,0.9997865557670593,0.9981342554092407,0.9995154142379761,0.999480664730072,0.14315731823444366,0.1772332489490509,4.0
1501,1.0,0.0,0.0,0.0,1.0,1.0,0.0,,0.9368606209754944,0.7570359706878662,0.7533369660377502,0.2612323760986328,0.932919979095459,0.19043360650539398,0.05203356593847275,0.06589486449956894,3.0
1502,1.0,1.0,1.0,0.0,1.0,0.0,0.0,0.0,0.5230886340141296,0.978515625,0.9498319625854492,0.5197469592094421,0.9840276837348938,0.6744579076766968,0.10541649907827377,0.027734488248825073,1.0
1503,0.0,1.0,1.0,0.0,1.0,1.0,,,0.3445523679256439,0.9299534559249878,0.9864352941513062,0.019992239773273468,0.9996766448020935,0.8922553658485413,0.056978773325681686,0.0002145625912817195,3.0
1504,0.0,0.0,0.0,0.0,0.0,0.0,0.0,0.0,0.00047573543270118535,0.00024613289861008525,6.59576035104692e-05,3.371018101461232e-05,0.00885387510061264,0.00013937929179519415,0.0062418351881206036,0.00016272235370706767,4.0
1505,0.0,0.0,0.0,0.0,1.0,0.0,,,0.01226007379591465,0.03395264223217964,0.2824816107749939,0.009220706298947334,0.07684263586997986,0.006043720059096813,0.004910746589303017,0.00018066381744574755,0.0
1506,0.0,1.0,1.0,0.0,1.0,1.0,,,0.3341309130191803,0.9005904793739319,0.9583050012588501,0.08402852714061737,0.9999685883522034,0.7239583730697632,0.03801487013697624,0.00029484822880476713,0.0
1507,0.0,,0.0,,0.0,0.0,,,0.001565673970617354,0.004896455444395542,0.007409060839563608,3.741135515156202e-05,0.028551623225212097,0.0013347489293664694,0.015132704749703407,0.00039974984247237444,3.0
1508,1.0,,0.0,,1.0,1.0,,,0.6379566788673401,0.6573794484138489,0.5712000727653503,0.054731547832489014,0.7822980880737305,0.7318220734596252,0.043664541095495224,0.0013696906389668584,1.0
1509,0.0,0.0,0.0,0.0,0.0,0.0,0.0,0.0,0.0008576331892982125,0.000861086358781904,0.0006566806114278734,6.73192334943451e-05,0.011906502768397331,0.0002532561484258622,0.002370530040934682,0.00013249964104034007,0.0
1510,1.0,,1.0,,1.0,1.0,,,0.19425588846206665,0.9927502274513245,0.9564579129219055,0.16655106842517853,0.9999071955680847,0.9254083633422852,0.18581074476242065,0.007639237213879824,0.0
1511,0.0,0.0,0.0,0.0,0.0,0.0,0.0,0.0,0.3522460460662842,0.13105350732803345,0.12547174096107483,0.061721958220005035,0.30808746814727783,0.00221361150033772,0.7790170907974243,0.005275084171444178,0.0
1512,1.0,1.0,1.0,1.0,1.0,1.0,1.0,1.0,0.9995875954627991,0.9996199011802673,0.999888002872467,0.9999040365219116,0.9999376535415649,0.9280925989151001,0.9667627811431885,0.7305017113685608,2.0
1513,1.0,1.0,1.0,1.0,1.0,1.0,0.0,1.0,0.9995875358581543,0.9967157244682312,0.9993199110031128,0.9658079147338867,0.9999197721481323,0.9996940493583679,0.3633638024330139,0.46745169162750244,1.0
1514,0.0,1.0,1.0,1.0,1.0,1.0,1.0,0.0,0.7321252822875977,0.9992477297782898,0.9998009204864502,0.9868399500846863,0.9999607801437378,0.9695303440093994,0.37092694640159607,0.005959335248917341,2.0
1515,0.0,0.0,0.0,0.0,0.0,0.0,0.0,0.0,0.0004988539731130004,0.00035533352638594806,7.08697407389991e-05,2.711292472667992e-05,0.00691907899454236,0.00018759920203592628,0.00997057557106018,0.0001663610601099208,4.0
1516,1.0,1.0,1.0,1.0,1.0,1.0,0.0,0.0,0.7723080515861511,0.9990787506103516,0.9999477863311768,0.998572587966919,0.9996628165245056,0.9425315260887146,0.2069655805826187,0.057217251509428024,4.0
1517,0.0,,0.0,,0.0,0.0,,,0.009199481457471848,0.0007267904002219439,0.0009567077504470944,0.0001647019962547347,0.014676828868687153,0.0003722416877280921,0.04855765774846077,0.0005779947387054563,2.0
1518,1.0,1.0,1.0,1.0,1.0,1.0,0.0,1.0,0.9908495545387268,0.9380351305007935,0.9946122765541077,0.9962326288223267,0.9998193979263306,0.9998430013656616,0.0638088807463646,0.6780181527137756,1.0
1519,1.0,1.0,1.0,1.0,1.0,1.0,1.0,0.0,0.9961791038513184,0.999629557132721,0.999771237373352,0.9996232390403748,0.9999654293060303,0.9971371293067932,0.8115891218185425,0.12160959839820862,3.0
1520,0.0,0.0,0.0,0.0,0.0,0.0,0.0,0.0,0.0005162384477443993,0.00046592080616392195,8.265254291472957e-05,4.086742774234153e-05,0.01346238236874342,0.00014911458129063249,0.0077265361323952675,0.00015327977598644793,4.0
1521,1.0,1.0,1.0,1.0,1.0,1.0,1.0,,0.9819546937942505,0.9992228150367737,0.9994000792503357,0.9998393058776855,0.9996855854988098,0.7464920282363892,0.7507401704788208,0.05120651423931122,1.0
1522,1.0,,1.0,1.0,1.0,1.0,,,0.9855441451072693,0.9994081854820251,0.9995871186256409,0.9986567497253418,0.9998912215232849,0.9627990126609802,0.17563793063163757,0.8076463937759399,4.0
1523,1.0,1.0,1.0,1.0,1.0,1.0,0.0,1.0,0.9988819360733032,0.9366407990455627,0.9993399977684021,0.9979606866836548,0.9997522234916687,0.9824278950691223,0.33215904235839844,0.7947428226470947,1.0
1524,1.0,1.0,1.0,1.0,1.0,1.0,,,0.9999414086341858,0.999813973903656,0.9998589158058167,0.9997886419296265,0.9998343586921692,0.9677574634552002,0.9892848134040833,0.9568294882774353,4.0
1525,0.0,,0.0,0.0,0.0,0.0,,,0.001510500442236662,0.000869169773068279,0.000921859871596098,0.00013004364154767245,0.00721234455704689,0.0003163371002301574,0.03652355447411537,0.0002872711047530174,0.0
1526,0.0,0.0,0.0,0.0,0.0,0.0,0.0,0.0,0.0004086242988705635,0.00021163624478504062,0.0005961190909147263,8.83762986632064e-05,0.005367893259972334,0.0001398840540787205,0.026986107230186462,0.00014605718024540693,2.0
1527,1.0,1.0,1.0,1.0,1.0,1.0,0.0,0.0,0.9647502899169922,0.9960582256317139,0.9998158812522888,0.998654842376709,0.9999469518661499,0.9772117137908936,0.12329474091529846,0.060174912214279175,4.0
1528,1.0,1.0,1.0,1.0,1.0,1.0,0.0,0.0,0.9994109869003296,0.9995712041854858,0.9973406195640564,0.6064180731773376,0.9998834729194641,0.9978340864181519,0.6033673882484436,0.7183776497840881,4.0
1529,1.0,1.0,1.0,1.0,1.0,1.0,1.0,1.0,0.9994253516197205,0.9994193315505981,0.9999032020568848,0.9993243217468262,0.9998469352722168,0.9966809749603271,0.9468094706535339,0.9044497609138489,4.0
1530,1.0,1.0,1.0,1.0,1.0,1.0,0.0,0.0,0.9889616370201111,0.999534010887146,0.8700483441352844,0.8502732515335083,0.9999328851699829,0.9980301856994629,0.5337520837783813,0.7933666110038757,0.0
1531,,,1.0,,1.0,1.0,,,0.43394649028778076,0.9766544699668884,0.9174321293830872,0.11269628256559372,0.9995509386062622,0.7973698377609253,0.046426501125097275,0.0022208013106137514,3.0
1532,0.0,,0.0,0.0,0.0,0.0,,,0.0010654571233317256,0.0007431154372170568,0.0008653491968289018,0.00014292492414824665,0.01023185532540083,0.0006020342698320746,0.04168396070599556,0.00045047749881632626,2.0
1533,0.0,0.0,0.0,0.0,0.0,0.0,,,0.0011774975573644042,0.0005230976385064423,0.0005034219357185066,3.0956376576796174e-05,0.01002894714474678,0.00022677402012050152,0.012620596215128899,0.000376977666746825,3.0
1534,,1.0,,0.0,,,,,0.12851360440254211,0.6303830146789551,0.2512158453464508,0.032902687788009644,0.050064634531736374,0.379355788230896,0.03136754781007767,0.002000289037823677,4.0
1535,1.0,,1.0,1.0,1.0,1.0,,,0.7588616013526917,0.9992655515670776,0.9995575547218323,0.9338380694389343,0.9998593330383301,0.9971919655799866,0.20528660714626312,0.031082183122634888,2.0
1536,0.0,0.0,0.0,0.0,0.0,0.0,0.0,0.0,0.0010692914947867393,0.0004339454753790051,0.0002908367896452546,2.755949753918685e-05,0.007615289185196161,0.00024480780120939016,0.00716025335714221,8.285403600893915e-05,3.0
1537,0.0,,0.0,,0.0,0.0,,,0.005263339728116989,0.0037860157899558544,0.001117930980399251,0.0019360430305823684,0.07156374305486679,0.001341491937637329,0.11952875554561615,0.00032158466638065875,0.0
1538,0.0,1.0,1.0,1.0,1.0,1.0,0.0,,0.48277369141578674,0.9921855926513672,0.9981129169464111,0.9254275560379028,0.9997705817222595,0.8446353077888489,0.27001458406448364,0.0006578001193702221,1.0
1539,0.0,,1.0,,1.0,1.0,,,0.053229086101055145,0.9172289967536926,0.25495389103889465,0.009470484219491482,0.9998957514762878,0.7826696038246155,0.03511543571949005,0.0003912357205990702,2.0
1540,0.0,,0.0,,0.0,0.0,,,0.0012054493417963386,0.0029119309037923813,0.0008817010093480349,4.0495280700270087e-05,0.018809864297509193,0.0006050096708349884,0.02408662810921669,0.0004001475463155657,3.0
1541,1.0,,1.0,,1.0,1.0,,,0.6020296812057495,0.9936118721961975,0.9971521496772766,0.9976049661636353,0.9999732971191406,0.9298657178878784,0.3212103843688965,0.01746121421456337,1.0
1542,0.0,,0.0,,0.0,0.0,,,0.0013391644461080432,0.001078990870155394,0.0012257415801286697,3.2398100302089006e-05,0.021997954696416855,0.00023020905791781843,0.014782547950744629,0.00034521345514804125,3.0
1543,0.0,0.0,0.0,,0.0,0.0,,,0.0015631531132385135,0.0007433901773765683,0.0007878195028752089,2.7722524464479648e-05,0.014730417169630527,0.00037882820470258594,0.010698703117668629,0.0003416728868614882,3.0
1544,0.0,1.0,0.0,,0.0,0.0,,,0.07326869666576385,0.920470118522644,0.02880103699862957,0.007826441898941994,0.12539346516132355,0.0029940209351480007,0.028977103531360626,0.0017688743537291884,2.0
1545,0.0,,0.0,0.0,0.0,0.0,,,0.00041090272134169936,0.00021036880207248032,0.000709023152012378,0.00010749422654043883,0.006747630890458822,0.0002309122064616531,0.010055264458060265,0.00027300958754494786,2.0
1546,1.0,1.0,1.0,1.0,1.0,1.0,1.0,1.0,0.9999568462371826,0.9874635934829712,0.9995412826538086,0.999599277973175,0.9992688894271851,0.3861716389656067,0.940100908279419,0.9892411828041077,1.0
1547,0.0,0.0,0.0,0.0,0.0,0.0,,,0.0005848581786267459,0.000647974549792707,0.0004362963081803173,0.00012968869123142213,0.00938611850142479,0.00022540746431332082,0.006402919068932533,0.00027177008450962603,1.0
1548,1.0,1.0,1.0,0.0,1.0,1.0,,,0.4796711206436157,0.9982837438583374,0.9459057450294495,0.10904107242822647,0.9996085166931152,0.9960067868232727,0.40414997935295105,0.017218973487615585,3.0
1549,0.0,0.0,0.0,0.0,0.0,0.0,0.0,0.0,0.0007693293737247586,0.0005941798444837332,0.0003532900882419199,3.677665881696157e-05,0.005760626867413521,0.0002224655618192628,0.007622657809406519,7.600188837386668e-05,3.0
1550,1.0,0.0,1.0,1.0,1.0,0.0,,,0.965779721736908,0.5543471574783325,0.9996081590652466,0.952303946018219,0.7917783260345459,0.578306257724762,0.2668350040912628,0.6069768071174622,3.0
1551,1.0,1.0,1.0,1.0,1.0,1.0,1.0,0.0,0.9371964335441589,0.9969466328620911,0.9992928504943848,0.9993947744369507,0.9999858140945435,0.9875696897506714,0.9167693853378296,0.20522630214691162,0.0
1552,1.0,1.0,1.0,1.0,1.0,1.0,1.0,1.0,0.9988569021224976,0.9999016523361206,0.9994251728057861,0.9996225237846375,0.9999330639839172,0.98886638879776,0.8348038196563721,0.9615162014961243,1.0
1553,0.0,0.0,0.0,0.0,0.0,0.0,0.0,0.0,0.0007033748552203178,0.0005581385339610279,0.0006850248319096863,0.00013464834773913026,0.005317199509590864,0.0004500497889239341,0.018631743267178535,0.0006141820340417325,1.0
1554,0.0,0.0,1.0,0.0,1.0,0.0,,,0.27846863865852356,0.19158512353897095,0.3239574730396271,0.0030742294620722532,0.9844529032707214,0.19039514660835266,0.040294915437698364,0.0001534030307084322,3.0
1555,0.0,,0.0,,0.0,0.0,,,0.0012788346502929926,0.001299397088587284,0.0014198641292750835,3.7713478377554566e-05,0.026548797264695168,0.0005485374131239951,0.013795324601233006,0.0004311660013627261,3.0
1556,1.0,1.0,1.0,1.0,1.0,1.0,,,0.9853767156600952,0.989260196685791,0.9967614412307739,0.5482368469238281,0.9997472763061523,0.6350911259651184,0.248896524310112,0.023130184039473534,1.0
1557,1.0,,1.0,1.0,1.0,,,,0.9966117739677429,0.9997392892837524,0.9996787905693054,0.9992543458938599,0.9998551607131958,0.9998990893363953,0.9001002907752991,0.3581887483596802,2.0
1558,0.0,0.0,0.0,0.0,0.0,0.0,0.0,0.0,0.0006702691898681223,0.00028007474611513317,0.0006769870524294674,0.00013092115113977343,0.005897567141801119,0.00014912291953805834,0.007636713795363903,0.0003246409760322422,1.0
1559,0.0,0.0,0.0,0.0,0.0,0.0,0.0,0.0,0.0012752044713124633,0.0007885214872658253,0.0007934590103104711,8.455214265268296e-05,0.07772273570299149,0.0011794621823355556,0.011020287871360779,0.00016323626914527267,0.0
1560,0.0,0.0,0.0,0.0,0.0,0.0,0.0,0.0,0.000799909932538867,0.0005937337991781533,0.0013522597728297114,0.00014410742733161896,0.04160318896174431,0.0003002141020260751,0.0045281886123120785,0.00019558116036932915,2.0
1561,1.0,1.0,1.0,1.0,1.0,1.0,1.0,1.0,0.9999489188194275,0.9989885091781616,0.9998952150344849,0.9944744110107422,0.9998899102210999,0.9959509372711182,0.9760868549346924,0.8902678489685059,3.0
1562,0.0,,0.0,,1.0,1.0,,,0.022147510200738907,0.6023365259170532,0.6863751411437988,0.0008303807699121535,0.9997885227203369,0.8573248982429504,0.035928525030612946,0.00023995645460672677,0.0
1563,1.0,1.0,1.0,1.0,1.0,1.0,0.0,,0.9718542695045471,0.8733022809028625,0.9987388253211975,0.9859813451766968,0.9993648529052734,0.9926445484161377,0.48499077558517456,0.1385895013809204,3.0
1564,0.0,0.0,0.0,0.0,0.0,0.0,0.0,0.0,0.0008631229866296053,0.0006684666150249541,0.0004942106315866113,0.0004156153881922364,0.010544328019022942,0.0003192555741406977,0.0023246384225785732,0.00013141508679836988,0.0
1565,1.0,1.0,1.0,1.0,1.0,1.0,1.0,1.0,0.9965689778327942,0.9960570335388184,0.9994113445281982,0.9997173547744751,0.9998420476913452,0.9781394004821777,0.9938551187515259,0.4320065379142761,0.0
1566,0.0,,0.0,,0.0,0.0,,,0.004341459833085537,0.0014986722962930799,0.0030249389819800854,0.0003712813195306808,0.0693994015455246,0.0008714755531400442,0.022253578528761864,0.00017330663104075938,0.0
1567,0.0,0.0,0.0,0.0,0.0,0.0,0.0,0.0,0.001184171182103455,0.0006419786950573325,0.00027662390493787825,2.7988713554805145e-05,0.005511091556400061,0.0005235854187048972,0.030860260128974915,0.0002663260092958808,3.0
1568,1.0,,1.0,1.0,1.0,1.0,,,0.9565367102622986,0.9948555827140808,0.9987850189208984,0.9690471291542053,0.999366819858551,0.9208949208259583,0.6626700162887573,0.1392873227596283,4.0
1569,0.0,,0.0,0.0,0.0,0.0,,,0.002018442377448082,0.0011863200925290585,0.0012125038774684072,0.00016693869838491082,0.010276584886014462,0.00033853750210255384,0.03363984078168869,0.00026924972189590335,0.0
1570,,,1.0,,1.0,1.0,,,0.04832669347524643,0.928068995475769,0.9772285223007202,0.9630897045135498,0.9992131590843201,0.2406158596277237,0.3490251898765564,0.0010677754180505872,4.0
1571,0.0,0.0,0.0,,1.0,0.0,,,0.22595712542533875,0.2767103314399719,0.015450261533260345,5.3478157497011125e-05,0.9802736043930054,0.0373983308672905,0.04524252563714981,0.0003314491477794945,3.0
1572,1.0,1.0,1.0,,1.0,1.0,,,0.9695851802825928,0.9982160329818726,0.9889918565750122,0.5547974109649658,0.9999207854270935,0.9992934465408325,0.2940477132797241,0.47045254707336426,1.0
1573,0.0,0.0,0.0,0.0,0.0,0.0,0.0,0.0,0.0002835578052327037,0.00018223989172838628,0.0003956964355893433,7.907867984613404e-05,0.007300501689314842,0.00016915924788918346,0.0041139922104775906,0.0002028702147072181,2.0
1574,1.0,1.0,1.0,1.0,1.0,1.0,0.0,0.0,0.9874123930931091,0.9989983439445496,0.9997378587722778,0.9990227818489075,0.9999256134033203,0.9226452708244324,0.6309118866920471,0.16608594357967377,3.0
1575,0.0,,1.0,,1.0,1.0,,,0.5422702431678772,0.9836180210113525,0.8077560663223267,0.01023801602423191,0.9997507929801941,0.9810795187950134,0.18446028232574463,0.0029689555522054434,0.0
1576,1.0,1.0,1.0,1.0,1.0,1.0,1.0,,0.9993347525596619,0.9997654557228088,0.9988446235656738,0.970717191696167,0.9994146823883057,0.9992837905883789,0.7958057522773743,0.520300567150116,3.0
1577,0.0,0.0,0.0,0.0,0.0,0.0,0.0,0.0,0.0006486668717116117,0.0011421176604926586,0.001146709080785513,0.00013279577251523733,0.017706848680973053,0.0002607450005598366,0.008683037012815475,0.00020409929857123643,1.0
1578,0.0,1.0,0.0,,0.0,0.0,,,0.23820127546787262,0.9340947270393372,0.0010800482705235481,0.0013249315088614821,0.019435351714491844,0.0022396177519112825,0.15626659989356995,0.0020019877701997757,1.0
1579,0.0,,0.0,0.0,0.0,0.0,,,0.0007995422347448766,0.0009972152765840292,0.0002521477872505784,8.701884507900104e-05,0.007446321193128824,0.00030096565023995936,0.028890928253531456,0.000371780974091962,4.0
1580,1.0,1.0,1.0,0.0,1.0,1.0,0.0,0.0,0.8933263421058655,0.9972734451293945,0.9967620372772217,0.6206379532814026,0.9998898506164551,0.9977416396141052,0.28452128171920776,0.028928905725479126,2.0
1581,1.0,,1.0,1.0,1.0,1.0,,,0.6417621970176697,0.9982475638389587,0.9993458986282349,0.9983631372451782,0.9999324083328247,0.981553852558136,0.4144705832004547,0.04995479807257652,3.0
1582,,,0.0,,0.0,0.0,,,0.007631652057170868,0.00149874622002244,0.0020591281354427338,0.00023141386918723583,0.020354997366666794,0.000584983266890049,0.01451360434293747,0.0003552771231625229,0.0
1583,1.0,0.0,1.0,1.0,1.0,1.0,0.0,0.0,0.8511732816696167,0.6934938430786133,0.9996621608734131,0.9997773766517639,0.9997014999389648,0.43190306425094604,0.10848774015903473,0.03961269557476044,2.0
1584,,0.0,0.0,0.0,0.0,,0.0,0.0,0.0020286282524466515,0.004426608327776194,0.0009061953751370311,0.00027190038235858083,0.0035147257149219513,0.00041730215889401734,0.006710093468427658,0.0002440244279569015,0.0
1585,0.0,1.0,0.0,0.0,1.0,1.0,0.0,0.0,0.18062104284763336,0.8694954514503479,0.8358806371688843,0.00038330702227540314,0.9878422021865845,0.649391233921051,0.1370934247970581,0.0003091733669862151,4.0
1586,0.0,0.0,0.0,0.0,0.0,0.0,,,0.010158921591937542,0.0015590944094583392,0.00044122792314738035,0.00014491507317870855,0.0091776754707098,0.00044214673107489944,0.05031707137823105,0.0004413256247062236,1.0
1587,1.0,1.0,1.0,1.0,1.0,1.0,0.0,,0.9174951314926147,0.5196318626403809,0.9998242259025574,0.9997731447219849,0.9978112578392029,0.25634175539016724,0.3709877133369446,0.11887451261281967,3.0
1588,1.0,,1.0,1.0,0.0,0.0,,,0.8536896705627441,0.5747279524803162,0.8929715752601624,0.6316147446632385,0.9588504433631897,0.16841349005699158,0.6668547987937927,0.25907841324806213,3.0
1589,1.0,1.0,1.0,1.0,1.0,1.0,1.0,1.0,0.9998984932899475,0.9998310804367065,0.9998671412467957,0.9999216794967651,0.9993481040000916,0.9081062078475952,0.9931970834732056,0.9790286421775818,4.0
1590,0.0,0.0,0.0,0.0,0.0,0.0,,,0.0008479302050545812,0.0004945904947817326,0.0004660626291297376,7.477311737602577e-05,0.009330450557172298,0.0002559466811362654,0.0022757689002901316,0.00012248015264049172,0.0
1591,1.0,1.0,1.0,1.0,1.0,1.0,1.0,1.0,0.9938880801200867,0.9994260668754578,0.9980729222297668,0.9979181289672852,0.9999474287033081,0.9992150664329529,0.9912697672843933,0.10452383756637573,2.0
1592,1.0,1.0,1.0,1.0,1.0,1.0,0.0,0.0,0.9959635734558105,0.9964146614074707,0.9995759725570679,0.9968573451042175,0.9999595880508423,0.9998313188552856,0.5896158814430237,0.16488145291805267,0.0
1593,1.0,1.0,1.0,1.0,1.0,1.0,,,0.9935063719749451,0.9994226694107056,0.9998640418052673,0.999037504196167,0.9999034404754639,0.9994319677352905,0.6768808960914612,0.2551463544368744,3.0
1594,0.0,0.0,0.0,0.0,0.0,0.0,0.0,0.0,0.0006054268451407552,0.00035836512688547373,0.0011118205729871988,0.00020710891112685204,0.022751400247216225,0.00021383744024205953,0.022180086001753807,0.00022304689628072083,2.0
1595,,,0.0,0.0,0.0,0.0,,,0.02167406678199768,0.0008376128389500082,0.0007488608243875206,0.00041939286165870726,0.021900724619627,0.0005911142216064036,0.038687508553266525,0.00035766541259363294,4.0
1596,0.0,0.0,0.0,0.0,0.0,0.0,0.0,0.0,0.0011116821551695466,0.0006011063815094531,0.0008024983108043671,0.00023347852402366698,0.016578400507569313,0.0008353356970474124,0.014545624144375324,0.0005769816925749183,1.0
1597,1.0,1.0,1.0,1.0,1.0,1.0,1.0,1.0,0.9999392032623291,0.9999147057533264,0.9997679591178894,0.9942030906677246,0.9998072385787964,0.9975772500038147,0.9690854549407959,0.9963468313217163,4.0
1598,0.0,0.0,0.0,0.0,0.0,0.0,0.0,0.0,0.001227754750289023,0.0011712786508724093,0.0007980893133208156,0.0006625678506679833,0.07330924272537231,0.00020700338063761592,0.030720410868525505,0.00029348957468755543,1.0
1599,1.0,,1.0,1.0,1.0,1.0,,,0.9908441305160522,0.9890528321266174,0.9989754557609558,0.4122374951839447,0.9999146461486816,0.9756120443344116,0.5483565926551819,0.09755220264196396,1.0
1600,1.0,,1.0,1.0,1.0,1.0,,,0.9977545142173767,0.9997722506523132,0.9995930194854736,0.9995304942131042,0.9997193813323975,0.9990581274032593,0.9717715382575989,0.7458165884017944,4.0
1601,0.0,,1.0,,1.0,1.0,,,0.5862336754798889,0.9977095723152161,0.9923335909843445,0.3682980537414551,0.999902606010437,0.9716382026672363,0.44614043831825256,0.0033115302212536335,1.0
1602,1.0,1.0,1.0,1.0,1.0,1.0,1.0,1.0,0.9998118877410889,0.999944806098938,0.9998183250427246,0.9992520213127136,0.9999450445175171,0.9977694749832153,0.9750547409057617,0.9895414113998413,3.0
1603,1.0,1.0,1.0,1.0,1.0,1.0,1.0,1.0,0.9998082518577576,0.9999300837516785,0.9994927644729614,0.9981551766395569,0.9998816251754761,0.9996747970581055,0.9902201890945435,0.9962458610534668,4.0
1604,1.0,1.0,1.0,1.0,1.0,1.0,1.0,1.0,0.9999197721481323,0.999932050704956,0.9995753169059753,0.9744241237640381,0.9999286532402039,0.9997082352638245,0.7834332585334778,0.9962575435638428,0.0
1605,0.0,0.0,0.0,0.0,0.0,0.0,0.0,0.0,0.0034218330401927233,0.0005306876846589148,0.0012215074384585023,9.954615961760283e-05,0.027804039418697357,0.00036773624015040696,0.012971637770533562,0.0001815643481677398,0.0
1606,0.0,0.0,0.0,0.0,0.0,0.0,0.0,0.0,0.000329790695104748,0.00020620955910999328,0.0005254902644082904,9.579815377946943e-05,0.005742151755839586,0.00024417880922555923,0.006785781588405371,0.00017122352437581867,2.0
1607,0.0,0.0,0.0,0.0,0.0,0.0,0.0,0.0,0.00027860718546435237,0.00024979462614282966,0.0005518167745321989,8.4775521827396e-05,0.005909674800932407,0.00018889203784056008,0.004817811306566,0.00017297476006206125,2.0
1608,1.0,1.0,1.0,1.0,1.0,1.0,,,0.9718321561813354,0.9962220788002014,0.9332668781280518,0.4248450696468353,0.9997336268424988,0.9760332107543945,0.5114591121673584,0.15818117558956146,3.0
1609,0.0,1.0,1.0,0.0,1.0,1.0,0.0,,0.24997259676456451,0.9818530678749084,0.9375848770141602,0.07828760892152786,0.9996611475944519,0.9261675477027893,0.2962682545185089,0.0027467431500554085,1.0
1610,1.0,1.0,,0.0,1.0,1.0,1.0,0.0,0.9079633951187134,0.962596595287323,0.9651955366134644,0.29324397444725037,0.9607465267181396,0.6939976215362549,0.7944284081459045,0.061683136969804764,1.0
1611,,,,,1.0,1.0,,,0.6908113956451416,0.7390503287315369,0.9931813478469849,0.6531955599784851,0.9994665384292603,0.08738955855369568,0.03375215083360672,0.010073491372168064,3.0
1612,0.0,,1.0,,1.0,1.0,,,0.24298688769340515,0.9885642528533936,0.9926922917366028,0.9675403833389282,0.9998714327812195,0.9962204694747925,0.028335614129900932,0.0022603075485676527,2.0
1613,1.0,,,1.0,,,,,0.9109809994697571,0.9118978381156921,0.9975634217262268,0.9925632476806641,0.9993564486503601,0.8532795906066895,0.6020727157592773,0.17274579405784607,2.0
1614,1.0,1.0,1.0,1.0,1.0,1.0,1.0,0.0,0.963081419467926,0.9998524785041809,0.9997645616531372,0.9990981817245483,0.9999327659606934,0.9918840527534485,0.9575179815292358,0.16548174619674683,2.0
1615,1.0,1.0,0.0,0.0,1.0,0.0,,,0.10355131328105927,0.12334582954645157,0.53788822889328,0.04784490168094635,0.23574280738830566,0.09393627941608429,0.08255501091480255,0.0021782296244055033,1.0
1616,,,0.0,0.0,1.0,0.0,,,0.004551701247692108,0.06642264872789383,0.21889477968215942,0.0004706063191406429,0.584432065486908,0.3617212176322937,0.08257757127285004,0.0005788237322121859,2.0
1617,1.0,1.0,1.0,1.0,1.0,1.0,1.0,0.0,0.9977859854698181,0.9971646666526794,0.9998887181282043,0.9939540028572083,0.9999069571495056,0.9643293619155884,0.4272473156452179,0.3283240497112274,3.0
1618,1.0,1.0,1.0,1.0,1.0,1.0,0.0,,0.97380131483078,0.9989425539970398,0.9995493292808533,0.9987262487411499,0.9998242855072021,0.9864362478256226,0.21023014187812805,0.1265220046043396,2.0
1619,,1.0,1.0,1.0,1.0,1.0,,,0.9978837370872498,0.9989017248153687,0.9988974332809448,0.9735990166664124,0.9991921782493591,0.9993695616722107,0.7353805899620056,0.23148560523986816,3.0
1620,0.0,,0.0,0.0,0.0,0.0,,,0.0024598282761871815,0.00422109616920352,0.03847566246986389,0.00448013236746192,0.5624088644981384,0.019404534250497818,0.03999785706400871,0.00025240739341825247,1.0
1621,0.0,0.0,0.0,0.0,1.0,0.0,0.0,,0.0007837223820388317,0.019715119153261185,0.0173714067786932,0.0001646023738430813,0.07972945272922516,0.0073846690356731415,0.006568889133632183,0.0001838978787418455,2.0
1622,0.0,0.0,0.0,0.0,1.0,0.0,0.0,,0.01245717890560627,0.0412643626332283,0.03359463810920715,0.0008814755128696561,0.11961182951927185,0.03091847524046898,0.005871879868209362,0.0007559032528661191,0.0
1623,1.0,0.0,0.0,0.0,0.0,0.0,1.0,0.0,0.577393651008606,0.09675303846597672,0.031249284744262695,0.13206402957439423,0.05252794921398163,0.20935200154781342,0.35959455370903015,0.19873124361038208,1.0
1624,0.0,0.0,0.0,0.0,0.0,0.0,0.0,0.0,0.06251557916402817,0.017292335629463196,9.901238809106871e-05,0.0001366348151350394,0.011919654905796051,0.0078593660145998,0.10628305375576019,0.00047260054270736873,4.0
1625,0.0,0.0,0.0,0.0,1.0,0.0,0.0,0.0,0.006718435324728489,0.017946762964129448,0.011340532451868057,0.0001941599475685507,0.020349856466054916,0.0041855135932564735,0.02706998400390148,0.0001824324281187728,4.0
1626,0.0,,1.0,,1.0,1.0,,,0.6948885917663574,0.9877446889877319,0.989389181137085,0.9894761443138123,0.9996728897094727,0.9965410232543945,0.43724286556243896,0.01749172806739807,0.0
1627,1.0,1.0,,1.0,1.0,0.0,,,0.9991617798805237,0.03283284604549408,0.9993939995765686,0.9956344366073608,0.8970845937728882,0.5043779015541077,0.7801879048347473,0.46553537249565125,1.0
1628,1.0,1.0,1.0,1.0,1.0,1.0,1.0,,0.9815596342086792,0.9986908435821533,0.9998036026954651,0.8768828511238098,0.9995786547660828,0.9991490840911865,0.8063048124313354,0.4225984811782837,3.0
1629,0.0,0.0,0.0,0.0,0.0,0.0,0.0,0.0,0.0006931768148206174,0.00037698648520745337,0.0008711173431947827,0.00011525950685609132,0.006595188286155462,0.00013456749729812145,0.00818527489900589,0.00028216969803906977,1.0
1630,0.0,0.0,0.0,0.0,0.0,0.0,1.0,0.0,0.005948044825345278,0.0032871065195649862,0.00014335026207845658,8.285286457976326e-05,0.007134987507015467,0.0002617358404677361,0.009605027735233307,0.0003310971078462899,4.0
1631,,,,,1.0,0.0,,,0.07951441407203674,0.20101505517959595,0.6096910834312439,0.05134936049580574,0.8762302994728088,0.03575638681650162,0.10302925109863281,0.0008983739535324275,4.0
1632,0.0,,1.0,,1.0,0.0,,,0.27041956782341003,0.38604938983917236,0.9232965707778931,0.31010550260543823,0.9874228835105896,0.024109011515975,0.06717534363269806,0.001614498207345605,2.0
1633,1.0,,1.0,,1.0,0.0,,,0.22978872060775757,0.5134626030921936,0.8130171298980713,0.0857771635055542,0.9711112976074219,0.527856171131134,0.1729867160320282,0.0013371128588914871,3.0
1634,,,1.0,,1.0,1.0,,,0.5036988258361816,0.9713011384010315,0.9979696273803711,0.9794408082962036,0.9996398687362671,0.48539191484451294,0.023713253438472748,0.002832337748259306,4.0
1635,1.0,1.0,1.0,1.0,1.0,1.0,0.0,0.0,0.8579498529434204,0.7032288312911987,0.9999364614486694,0.9993859529495239,0.9995521306991577,0.6901370286941528,0.09090312570333481,0.06292769312858582,4.0
1636,0.0,1.0,1.0,0.0,1.0,1.0,0.0,0.0,0.11135447025299072,0.9645307064056396,0.9045634269714355,0.016744403168559074,0.9995490908622742,0.8739669322967529,0.08488591760396957,0.00030909490305930376,4.0
1637,1.0,1.0,1.0,1.0,1.0,1.0,,,0.8910212516784668,0.9955268502235413,0.9994395971298218,0.9992918372154236,0.9997872114181519,0.9581328630447388,0.18150828778743744,0.036272741854190826,2.0
1638,1.0,1.0,1.0,1.0,1.0,1.0,,,0.9671044945716858,0.9995605945587158,0.9997674226760864,0.9995238780975342,0.9999492168426514,0.9998652935028076,0.8511416912078857,0.254040390253067,4.0
1639,0.0,1.0,1.0,1.0,1.0,1.0,0.0,0.0,0.5093305706977844,0.9650131464004517,0.9989736676216125,0.9218379259109497,0.9999486207962036,0.9747327566146851,0.47112971544265747,0.001561350654810667,0.0
1640,0.0,0.0,0.0,0.0,0.0,0.0,0.0,0.0,0.0014007154386490583,0.0009751343168318272,0.0013028671965003014,4.003774665761739e-05,0.010056464932858944,0.00023589616466779262,0.006754063069820404,0.00010651071352185681,3.0
1641,1.0,1.0,1.0,1.0,1.0,1.0,,,0.9999285340309143,0.9997203350067139,0.9996231198310852,0.9942999482154846,0.9999312162399292,0.996196985244751,0.8970324993133545,0.9642810225486755,2.0
1642,0.0,0.0,1.0,1.0,1.0,0.0,,,0.9734656810760498,0.09420424699783325,0.9954807758331299,0.9493294358253479,0.96940016746521,0.05531509593129158,0.10828597098588943,0.020526209846138954,1.0
1643,0.0,,1.0,,1.0,0.0,,,0.0014863274991512299,0.592932403087616,0.3768289089202881,0.004303143825381994,0.9348257184028625,0.015889056026935577,0.05754273384809494,0.00023909256560727954,4.0
1644,0.0,0.0,0.0,0.0,0.0,0.0,,,0.0013912077993154526,0.0009289004956372082,0.0006336547085084021,0.00012077423889422789,0.005811031442135572,0.0004958184435963631,0.024627814069390297,0.00026800978230312467,0.0
1645,1.0,1.0,1.0,1.0,1.0,1.0,1.0,1.0,0.9999592900276184,0.9996247291564941,0.9998833537101746,0.938205897808075,0.9998980760574341,0.9996170997619629,0.9092839360237122,0.883137583732605,3.0
1646,0.0,0.0,0.0,0.0,0.0,0.0,,,0.0012766224099323153,0.0005674399435520172,0.0004929464776068926,0.00011755652667488903,0.02594451606273651,0.00021817596280016005,0.0031517327297478914,0.00015061315207276493,0.0
1647,0.0,0.0,0.0,0.0,0.0,0.0,0.0,0.0,0.0033152534160763025,0.000680408498737961,0.00026369187980890274,3.389404810150154e-05,0.006125745363533497,0.00016720026906114072,0.03372892737388611,0.00016538746422156692,3.0
1648,0.0,0.0,0.0,0.0,0.0,0.0,0.0,0.0,0.0008080612751655281,0.00043857740820385516,5.7350272982148454e-05,3.767358066397719e-05,0.007537958677858114,0.0005573397502303123,0.013037667609751225,0.0002663541818037629,4.0
1649,1.0,1.0,1.0,1.0,1.0,1.0,1.0,1.0,0.9765409827232361,0.9929792284965515,0.9997063875198364,0.9931179285049438,0.9997645020484924,0.9973268508911133,0.17929211258888245,0.08728542923927307,4.0
1650,1.0,1.0,1.0,1.0,1.0,1.0,1.0,1.0,0.9999351501464844,0.9995224475860596,0.9998147487640381,0.9655652642250061,0.9998703002929688,0.999674916267395,0.9209027290344238,0.9986648559570312,2.0
1651,0.0,0.0,0.0,0.0,0.0,0.0,0.0,0.0,0.0008217505528591573,0.00035923640825785697,0.0003318637900520116,3.412238947930746e-05,0.005526876542717218,0.0002445364953018725,0.01170506700873375,7.672294304938987e-05,3.0
1652,1.0,1.0,1.0,1.0,1.0,1.0,,,0.9976558089256287,0.9846981167793274,0.9993394017219543,0.8239463567733765,0.9998692870140076,0.9997392892837524,0.9195736050605774,0.25916627049446106,2.0
1653,1.0,1.0,1.0,1.0,1.0,1.0,0.0,,0.781818151473999,0.9996956586837769,0.9995383024215698,0.9986637830734253,0.9998533725738525,0.9534972906112671,0.3744703531265259,0.04445882886648178,2.0
1654,0.0,,0.0,0.0,0.0,0.0,,,0.001313313958235085,0.0004446416278369725,0.0006553964340128005,8.553831867175177e-05,0.008879982866346836,0.00023011595476418734,0.00790441781282425,0.00011959268886130303,0.0
1655,1.0,0.0,0.0,1.0,1.0,1.0,,,0.9860904812812805,0.3276628255844116,0.6660017967224121,0.7461948990821838,0.9405064582824707,0.9077165126800537,0.049468204379081726,0.4260297119617462,3.0
1656,1.0,1.0,1.0,1.0,1.0,1.0,1.0,,0.998684287071228,0.9985062479972839,0.9996383190155029,0.976935863494873,0.9999372959136963,0.9997294545173645,0.9498366713523865,0.8689796924591064,0.0
1657,1.0,1.0,1.0,1.0,1.0,1.0,1.0,1.0,0.9980125427246094,0.9998912215232849,0.9998615980148315,0.9998661875724792,0.9999770522117615,0.997240424156189,0.9491715431213379,0.4158426523208618,0.0
1658,1.0,1.0,1.0,1.0,1.0,1.0,0.0,0.0,0.9933929443359375,0.9835325479507446,0.9980567693710327,0.9989046454429626,0.9998893737792969,0.7886200547218323,0.3121371865272522,0.5197291970252991,1.0
1659,,,1.0,0.0,1.0,1.0,,,0.6742376089096069,0.9828662872314453,0.8901379704475403,0.14571526646614075,0.9991412162780762,0.9985449314117432,0.5139392614364624,0.013239088468253613,2.0
1660,1.0,1.0,1.0,1.0,1.0,,,,0.9942548871040344,0.9998267889022827,0.9996038675308228,0.9973088502883911,0.9998354911804199,0.9996669888496399,0.9953612685203552,0.5089227557182312,0.0
1661,0.0,1.0,1.0,1.0,1.0,1.0,0.0,0.0,0.5139826536178589,0.9889089465141296,0.998704731464386,0.9521431922912598,0.9997583031654358,0.9993571043014526,0.044761184602975845,0.00041029410203918815,4.0
1662,0.0,,0.0,,1.0,1.0,,,0.006423710845410824,0.7553452253341675,0.3519465923309326,0.001285388832911849,0.9990302324295044,0.8061143159866333,0.023709118366241455,0.00042364097316749394,2.0
1663,,,,,,,0.0,0.0,0.04102558270096779,0.018722454085946083,0.3278321325778961,0.0018636686727404594,0.06039195880293846,0.2301829308271408,0.06308219581842422,0.0006049169460311532,4.0
1664,1.0,1.0,1.0,1.0,1.0,1.0,1.0,0.0,0.9891452789306641,0.9997285604476929,0.9995219111442566,0.9875061511993408,0.999954342842102,0.999812126159668,0.9862792491912842,0.5297922492027283,4.0
1665,0.0,,0.0,,0.0,0.0,,,0.0010197575902566314,0.0004301134904380888,0.0013943681260570884,0.00014324014773592353,0.025652561336755753,0.0003894003457389772,0.02981502376496792,0.0004194064240437001,2.0
1666,0.0,0.0,0.0,0.0,0.0,0.0,0.0,0.0,0.0006781287956982851,0.0004845565417781472,0.0004784748307429254,0.00014533042849507183,0.004642582964152098,0.0001784761407179758,0.016862332820892334,0.00026579402037896216,1.0
1667,1.0,,1.0,1.0,1.0,1.0,,,0.9798207879066467,0.9990906715393066,0.9998141527175903,0.9990429282188416,0.999932050704956,0.999441921710968,0.6344864368438721,0.18946675956249237,2.0
1668,0.0,,1.0,1.0,1.0,1.0,,,0.46727675199508667,0.9971588253974915,0.9985772371292114,0.9234722852706909,0.999832272529602,0.9945694208145142,0.11526724696159363,0.001159568433649838,3.0
1669,1.0,,1.0,1.0,1.0,1.0,,,0.9970399737358093,0.9996580481529236,0.9996969103813171,0.984998345375061,0.9999353885650635,0.999923050403595,0.8977311849594116,0.29048022627830505,3.0
1670,1.0,1.0,1.0,0.0,1.0,1.0,0.0,0.0,0.30251574516296387,0.9916815161705017,0.9752599000930786,0.4183548092842102,0.9997187256813049,0.39662960171699524,0.5050094127655029,0.06512251496315002,2.0
1671,0.0,0.0,0.0,0.0,0.0,0.0,0.0,0.0,0.002026412170380354,0.0006148755783215165,0.0005704562645405531,3.087510049226694e-05,0.004400896839797497,0.00036229935358278453,0.05911737680435181,0.0003568253596313298,3.0
1672,0.0,0.0,0.0,0.0,0.0,0.0,0.0,0.0,0.0011852022726088762,0.0004660057311411947,0.000821396941319108,0.00024028187908697873,0.00971152912825346,0.0003210469149053097,0.019066859036684036,0.0002593712124507874,1.0
1673,0.0,0.0,0.0,0.0,0.0,0.0,0.0,0.0,0.001025819219648838,0.0003718957013916224,0.0004996662028133869,0.00023791265266481787,0.011371945962309837,0.0003274439659435302,0.007367038168013096,0.00023843061353545636,1.0
1674,0.0,1.0,1.0,1.0,1.0,1.0,0.0,0.0,0.9036188721656799,0.982561469078064,0.9989349842071533,0.9603091478347778,0.9999341368675232,0.9897457957267761,0.5909541249275208,0.002293264027684927,1.0
1675,0.0,0.0,0.0,0.0,0.0,0.0,0.0,0.0,0.00033619411988183856,0.00022589581203646958,0.0005318006733432412,0.0001206394808832556,0.004041019361466169,0.00021783677220810205,0.006216483190655708,0.00020226709602866322,2.0
1676,0.0,1.0,1.0,0.0,1.0,1.0,,,0.09062809497117996,0.9775786399841309,0.9033558368682861,0.0022530490532517433,0.99950110912323,0.9411725401878357,0.15251386165618896,0.000309906667098403,3.0
1677,0.0,0.0,0.0,0.0,0.0,0.0,0.0,0.0,0.0008745720260776579,0.000892345909960568,0.001066014519892633,0.0001985707931453362,0.007497953251004219,0.0004583366680890322,0.02570660226047039,0.0004475690657272935,1.0
1678,0.0,0.0,0.0,0.0,0.0,0.0,0.0,0.0,0.0005380870425142348,0.00037233781768009067,6.68400534777902e-05,2.743190088949632e-05,0.00802957359701395,0.00021288928110152483,0.0089186392724514,0.00018488250498194247,4.0
1679,0.0,0.0,0.0,0.0,0.0,0.0,,,0.0007265331223607063,0.0013498796615749598,7.889971311669797e-05,4.51303603767883e-05,0.019625768065452576,0.00040384565363638103,0.014215297996997833,0.00021526501222979277,4.0
1680,0.0,0.0,0.0,0.0,0.0,0.0,0.0,0.0,0.0006219414644874632,0.0004571241734083742,0.00029301588074304163,2.9240287403808907e-05,0.007028078660368919,0.0002242598420707509,0.013132238760590553,9.132832201430574e-05,3.0
1681,1.0,,1.0,1.0,1.0,1.0,,,0.998138427734375,0.9957261085510254,0.9990630149841309,0.9947185516357422,0.9999243021011353,0.9996342062950134,0.9173427224159241,0.3773128092288971,1.0
1682,0.0,0.0,1.0,0.0,1.0,0.0,0.0,,0.17737266421318054,0.45561137795448303,0.6235257387161255,0.030103277415037155,0.9941814541816711,0.7415501475334167,0.0772116482257843,0.00037649687146767974,4.0
1683,0.0,0.0,0.0,0.0,0.0,0.0,,,0.001455819932743907,0.00025880930479615927,0.00039727348485030234,4.3197567720199004e-05,0.006398532539606094,0.00023261213209480047,0.008795923553407192,0.00012560628238134086,3.0
1684,1.0,0.0,0.0,0.0,0.0,0.0,,,0.032785918563604355,0.15717199444770813,0.0019870589021593332,0.49884963035583496,0.2277040183544159,0.002840693574398756,0.02306070737540722,0.072402223944664,2.0
1685,0.0,0.0,0.0,0.0,0.0,0.0,0.0,0.0,0.0007141975802369416,0.00029484089463949203,5.990733188809827e-05,3.457589991739951e-05,0.012245938181877136,0.00019839844026137143,0.010654029436409473,0.00023739800963085145,4.0
1686,0.0,1.0,1.0,0.0,1.0,1.0,0.0,0.0,0.4967800974845886,0.9733602404594421,0.9764972925186157,0.01304544135928154,0.9998477697372437,0.940424919128418,0.10267564654350281,0.000885868794284761,4.0
1687,0.0,0.0,0.0,0.0,0.0,0.0,0.0,0.0,0.0005692490376532078,0.00027503323508426547,5.702218186343089e-05,3.026713056897279e-05,0.017924098297953606,0.0001780721649993211,0.009677698835730553,0.0001951820304384455,4.0
1688,1.0,1.0,1.0,1.0,1.0,1.0,0.0,,0.9775709509849548,0.9996997117996216,0.9987984895706177,0.98487389087677,0.9994957447052002,0.9941761493682861,0.3676258325576782,0.5843072533607483,3.0
1689,0.0,0.0,0.0,0.0,0.0,0.0,0.0,0.0,0.00046824332093819976,0.00025556556647643447,0.0010244257282465696,0.00010923216177616268,0.06749966740608215,0.0003221246297471225,0.021528884768486023,0.0001538116775918752,2.0
1690,1.0,1.0,1.0,1.0,1.0,1.0,,,0.9993407130241394,0.9983752369880676,0.9991717338562012,0.9741547107696533,0.9995197653770447,0.9985553026199341,0.17244228720664978,0.07029569894075394,1.0
1691,0.0,,0.0,,0.0,0.0,,,0.052028678357601166,0.00775929307565093,0.10108140110969543,0.004773547872900963,0.4415830373764038,0.0004364028573036194,0.06877142190933228,0.00042320237844251096,3.0
1692,1.0,1.0,1.0,1.0,1.0,1.0,0.0,1.0,0.9996843338012695,0.999794602394104,0.9994940757751465,0.999863862991333,0.9998917579650879,0.9891934394836426,0.8140612840652466,0.9681603908538818,2.0
1693,1.0,1.0,1.0,0.0,1.0,1.0,1.0,,0.16883939504623413,0.9299412369728088,0.9754049777984619,0.12274812161922455,0.9998652338981628,0.9803609251976013,0.3836737871170044,0.0021649186965078115,4.0
1694,1.0,1.0,1.0,1.0,1.0,1.0,,,0.9996988773345947,0.9995242953300476,0.999547004699707,0.9995501041412354,0.9999809265136719,0.921207845211029,0.7909426689147949,0.851408839225769,1.0
1695,1.0,1.0,1.0,1.0,1.0,1.0,,,0.9742847681045532,0.9982764720916748,0.9998973608016968,0.9820986986160278,0.9998912215232849,0.8912091255187988,0.91126549243927,0.7481141686439514,4.0
1696,0.0,0.0,0.0,0.0,0.0,0.0,0.0,0.0,0.000590279174502939,0.0003617718757595867,5.968975165160373e-05,5.3491454309551045e-05,0.008627930656075478,0.00017316220328211784,0.006804740987718105,0.00020573593792505562,4.0
1697,0.0,0.0,0.0,0.0,0.0,0.0,0.0,0.0,0.0009672378655523062,0.0007146423449739814,0.0005230581155046821,5.888143277843483e-05,0.005807322449982166,0.00021672231378033757,0.0038787072990089655,0.00013905789819546044,0.0
1698,0.0,,0.0,,0.0,0.0,,,0.0010075216414406896,0.0016831370303407311,0.0005056149093434215,9.207201946992427e-05,0.021204717457294464,0.0006412077927961946,0.015088945627212524,0.00043077769805677235,4.0
1699,1.0,1.0,1.0,0.0,1.0,1.0,1.0,0.0,0.4982801675796509,0.9970954060554504,0.9550482034683228,0.8199322819709778,0.9974530339241028,0.2613014876842499,0.180177241563797,0.022964036092162132,3.0
1700,1.0,1.0,1.0,1.0,1.0,1.0,1.0,0.0,0.9929009079933167,0.9994409680366516,0.9995027184486389,0.9969503283500671,0.9999003410339355,0.9989997148513794,0.9595423340797424,0.31177645921707153,0.0
1701,0.0,0.0,0.0,0.0,0.0,0.0,0.0,0.0,0.0009328223532065749,0.000380335608497262,0.0005613969406113029,4.2638752347556874e-05,0.0050526997074484825,0.00023346727539319545,0.008517524227499962,0.00011669368541333824,3.0
1702,1.0,1.0,1.0,0.0,1.0,1.0,,,0.7964388132095337,0.9985278248786926,0.9877001047134399,0.47749951481819153,0.9999170303344727,0.9983736872673035,0.6828790903091431,0.013501632027328014,1.0
1703,0.0,0.0,0.0,0.0,0.0,0.0,0.0,0.0,0.00052790337940678,0.000644578889477998,0.001279342221096158,0.00012224086094647646,0.008301390334963799,0.0003161148924846202,0.012440578080713749,0.0002382169186603278,2.0
1704,0.0,,0.0,0.0,0.0,0.0,,,0.0009429038036614656,0.000670270121190697,0.0004360766615718603,7.751928205834702e-05,0.00699579669162631,0.0003762541455216706,0.021100051701068878,0.0002511019119992852,4.0
1705,,,0.0,,0.0,0.0,,,0.0045046331360936165,0.0015984942438080907,0.0022915268782526255,0.00038851049612276256,0.024122757837176323,0.000870044925250113,0.02909841760993004,0.0004015192680526525,4.0
1706,1.0,1.0,1.0,1.0,1.0,1.0,0.0,0.0,0.9976596832275391,0.9973089694976807,0.9989867210388184,0.9726046919822693,0.9999592900276184,0.979878306388855,0.5717849135398865,0.6905946135520935,1.0
1707,1.0,0.0,1.0,1.0,1.0,1.0,0.0,0.0,0.9781510829925537,0.461922287940979,0.999622642993927,0.814303994178772,0.9988099336624146,0.37429776787757874,0.03360375761985779,0.14513705670833588,4.0
1708,1.0,0.0,1.0,1.0,1.0,0.0,0.0,,0.8236331939697266,0.21658334136009216,0.9967387914657593,0.9981849193572998,0.9875072836875916,0.7940845489501953,0.26139283180236816,0.11172238737344742,0.0
1709,0.0,0.0,0.0,0.0,0.0,0.0,0.0,0.0,0.05610410124063492,0.7307395935058594,0.1092485785484314,0.006898046471178532,0.5573278665542603,0.056517936289310455,0.09583254903554916,0.00437537394464016,1.0
1710,0.0,1.0,1.0,1.0,1.0,1.0,1.0,0.0,0.693373441696167,0.9994742274284363,0.9943360090255737,0.9186747670173645,0.9999310970306396,0.9378920197486877,0.8106209635734558,0.003911583684384823,0.0
1711,1.0,1.0,1.0,1.0,1.0,0.0,0.0,0.0,0.8689050674438477,0.91446453332901,0.9947478175163269,0.24128232896327972,0.8540498614311218,0.0950324609875679,0.4592067003250122,0.12032252550125122,1.0
1712,0.0,0.0,0.0,0.0,0.0,0.0,0.0,0.0,0.0008913437486626208,0.00037006588536314666,0.0002955348463729024,3.10225150315091e-05,0.006956246681511402,0.0002255457075079903,0.0069230785593390465,9.694914479041472e-05,3.0
1713,0.0,1.0,1.0,0.0,1.0,1.0,0.0,0.0,0.08401539921760559,0.9903912544250488,0.9244032502174377,0.007938588038086891,0.9997483491897583,0.986197829246521,0.02884068712592125,0.00027581327594816685,2.0
1714,1.0,1.0,1.0,1.0,1.0,1.0,1.0,,0.9199164509773254,0.9996203780174255,0.9998186230659485,0.998755156993866,0.9998886585235596,0.9904889464378357,0.7754753828048706,0.18894627690315247,2.0
1715,1.0,1.0,1.0,1.0,1.0,1.0,1.0,,0.8594300746917725,0.9886876344680786,0.9978011846542358,0.9949913024902344,0.9993916153907776,0.9490512013435364,0.838300347328186,0.20500381290912628,4.0
1716,1.0,1.0,1.0,1.0,1.0,1.0,1.0,0.0,0.9969383478164673,0.9999020099639893,0.999238133430481,0.9539155960083008,0.9998504519462585,0.9997661709785461,0.9862279891967773,0.5258404016494751,3.0
1717,0.0,,1.0,,1.0,0.0,,,0.01577780768275261,0.8701488375663757,0.9106197953224182,0.01914556883275509,0.9853851795196533,0.26574212312698364,0.05142131447792053,0.00043786183232441545,2.0
1718,0.0,1.0,1.0,0.0,1.0,1.0,0.0,0.0,0.1354934573173523,0.7769479751586914,0.9736606478691101,0.009173441678285599,0.9996168613433838,0.9400763511657715,0.18079662322998047,0.0003117029555141926,3.0
1719,0.0,,1.0,1.0,1.0,1.0,,,0.15842752158641815,0.9869794249534607,0.9971939325332642,0.9190242290496826,0.9998904466629028,0.9169129729270935,0.43899625539779663,0.0011808499693870544,1.0
1720,0.0,,1.0,1.0,1.0,1.0,,,0.5209437608718872,0.9677626490592957,0.9961364269256592,0.9768987894058228,0.9998946189880371,0.8944905996322632,0.45666325092315674,0.0020190419163554907,0.0
1721,0.0,,1.0,1.0,1.0,1.0,,,0.7147212624549866,0.9602251648902893,0.9926574230194092,0.5691896677017212,0.9994995594024658,0.9063919186592102,0.4132101833820343,0.006205894518643618,0.0
1722,1.0,1.0,1.0,1.0,1.0,1.0,,,0.9995726346969604,0.9996930956840515,0.9995770454406738,0.9962772130966187,0.9995583891868591,0.9910145401954651,0.5564086437225342,0.5966902375221252,4.0
1723,0.0,0.0,0.0,0.0,0.0,0.0,,,0.7816556692123413,0.2826293408870697,0.18754681944847107,0.023650456219911575,0.8282469511032104,0.16063782572746277,0.027968496084213257,0.005794670432806015,0.0
1724,0.0,0.0,0.0,0.0,0.0,0.0,0.0,0.0,0.0010306797921657562,0.00046880333684384823,0.0005758179468102753,5.702675844077021e-05,0.00666826730594039,0.00037208947469480336,0.0035594096407294273,0.00010715369717217982,0.0
1725,0.0,0.0,0.0,0.0,0.0,0.0,0.0,0.0,0.0004879929474554956,0.0002340474893571809,0.0006938432343304157,8.62985325511545e-05,0.003910053987056017,0.00035126556758768857,0.0066589657217264175,0.00018192248535342515,2.0
1726,0.0,,0.0,0.0,0.0,0.0,,,0.0008259633905254304,0.17881983518600464,0.005801051389425993,3.2988013117574155e-05,0.4956088364124298,0.0004786953504662961,0.010424130596220493,0.00014716453733853996,3.0
1727,0.0,0.0,0.0,0.0,0.0,0.0,,,0.0006261331727728248,0.0008594526443630457,0.00040931388502940536,0.00015560731117147952,0.007450437173247337,0.0002274184807902202,0.01944657601416111,0.00036523552262224257,1.0
1728,0.0,0.0,0.0,0.0,0.0,0.0,0.0,0.0,0.001564291538670659,0.0005819093785248697,0.0004973821341991425,7.946424739202484e-05,0.004682851955294609,0.0003554757859092206,0.004740571603178978,0.0002575729158706963,0.0
1729,1.0,1.0,1.0,1.0,1.0,1.0,,,0.5573761463165283,0.9984861016273499,0.9991874694824219,0.9972586035728455,0.9999623894691467,0.996696949005127,0.5164967179298401,0.023507848381996155,2.0
1730,0.0,,0.0,0.0,0.0,0.0,,,0.0009495278354734182,0.0005566693725995719,0.0006041661254130304,7.927397382445633e-05,0.01958184689283371,0.00038907566340640187,0.009351625107228756,0.00011031451867893338,0.0
1731,1.0,1.0,1.0,1.0,1.0,1.0,1.0,1.0,0.99928879737854,0.9991694688796997,0.9992011189460754,0.9986536502838135,0.9999569654464722,0.9996874332427979,0.9635664820671082,0.543687105178833,1.0
1732,1.0,,1.0,,1.0,1.0,,,0.7012141942977905,0.9957643747329712,0.9971562027931213,0.26829034090042114,0.9999701976776123,0.9887558221817017,0.02335231378674507,0.016172530129551888,0.0
1733,0.0,0.0,0.0,0.0,0.0,0.0,0.0,0.0,0.0007396257133223116,0.0003910532977897674,0.0005587093764916062,6.510900129796937e-05,0.007992105558514595,0.0002550630015321076,0.043060339987277985,0.0002373444294789806,4.0
1734,1.0,,1.0,0.0,1.0,1.0,,,0.37310269474983215,0.8129923343658447,0.9864627122879028,0.3402377665042877,0.9996631145477295,0.8645676374435425,0.21285311877727509,0.008155234158039093,4.0
1735,1.0,1.0,1.0,1.0,1.0,1.0,,,0.9999277591705322,0.9996978044509888,0.9998553395271301,0.9991294741630554,0.9999271631240845,0.9998998641967773,0.9947056174278259,0.9954718351364136,2.0
1736,1.0,1.0,1.0,1.0,1.0,1.0,1.0,1.0,0.99990314245224,0.999836802482605,0.9991641640663147,0.999167263507843,0.9999275803565979,0.9998169541358948,0.9956996440887451,0.988686203956604,1.0
1737,1.0,1.0,1.0,1.0,1.0,1.0,1.0,1.0,0.9997985363006592,0.9999105930328369,0.9977853894233704,0.9940400123596191,0.9999418258666992,0.9998410940170288,0.9316419363021851,0.997384786605835,0.0
1738,1.0,1.0,1.0,1.0,1.0,1.0,1.0,1.0,0.999913215637207,0.9997671842575073,0.9976989030838013,0.9952676892280579,0.999953031539917,0.9990249276161194,0.7649689316749573,0.8399285674095154,0.0
1739,1.0,1.0,1.0,1.0,1.0,0.0,1.0,,0.9921860694885254,0.9862027764320374,0.9992188215255737,0.9927205443382263,0.9710996747016907,0.4699351489543915,0.8543401956558228,0.7242746353149414,1.0
1740,1.0,1.0,1.0,1.0,1.0,1.0,1.0,,0.9963330030441284,0.9998433589935303,0.9997775554656982,0.9996485114097595,0.9999746084213257,0.9963902235031128,0.8725548386573792,0.1976773589849472,3.0
1741,1.0,1.0,1.0,0.0,1.0,1.0,,,0.6716083884239197,0.987145721912384,0.7431738972663879,0.49872881174087524,0.9999469518661499,0.9641685485839844,0.8784900307655334,0.03144492208957672,2.0
1742,0.0,0.0,0.0,0.0,0.0,0.0,0.0,0.0,0.0006654529715888202,0.00042873132042586803,0.0005642725736834109,0.00014907906006556004,0.008429325185716152,0.00036495240055955946,0.007635676767677069,0.0002871548058465123,1.0
1743,1.0,0.0,1.0,1.0,0.0,0.0,0.0,1.0,0.9892786741256714,0.04769529029726982,0.833141028881073,0.9892183542251587,0.9615570306777954,0.025470495223999023,0.0375569686293602,0.44556695222854614,2.0
1744,0.0,0.0,0.0,0.0,0.0,0.0,0.0,0.0,0.0019486731616780162,0.0007113089668564498,0.0005976572283543646,3.9650461985729635e-05,0.011797862127423286,0.00039133892278186977,0.008053310215473175,8.278888708446175e-05,3.0
1745,0.0,1.0,1.0,1.0,1.0,0.0,1.0,,0.3743884563446045,0.9013123512268066,0.9847855567932129,0.7081382274627686,0.9945738315582275,0.894331693649292,0.768909215927124,0.001385205308906734,1.0
1746,0.0,0.0,0.0,0.0,0.0,0.0,,,0.0006570877740159631,0.000541460351087153,0.0006484352634288371,0.00012786871229764074,0.00773984519764781,0.00014496399671770632,0.006760830990970135,0.0003224738466087729,1.0
1747,0.0,0.0,0.0,0.0,1.0,0.0,0.0,0.0,0.004090014845132828,0.009542137384414673,0.0958893895149231,5.988592602079734e-05,0.010305268689990044,0.0019208770245313644,0.007637850008904934,7.471611752407625e-05,3.0
1748,0.0,0.0,0.0,0.0,0.0,0.0,0.0,0.0,0.0009196260361932218,0.00023029114527162164,0.00029703337349928916,4.2762814700836316e-05,0.006458598654717207,0.00023959395184647292,0.00664185918867588,9.451475489186123e-05,3.0
1749,1.0,1.0,1.0,1.0,1.0,1.0,1.0,,0.998598039150238,0.9999234080314636,0.9972180128097534,0.9996804594993591,0.9999818801879883,0.9483960866928101,0.9483152627944946,0.6616992950439453,0.0
1750,0.0,0.0,0.0,0.0,0.0,0.0,1.0,0.0,0.0017470759339630604,0.0032649978529661894,0.0011864298721775413,0.00013707003381568938,0.05064095929265022,0.0010696464451029897,0.09774123132228851,0.0003720869717653841,0.0
1751,1.0,,1.0,,1.0,1.0,,,0.762126624584198,0.9811741709709167,0.9741807579994202,0.43154290318489075,0.9993187189102173,0.9969053268432617,0.5693127512931824,0.02653074637055397,4.0
1752,,1.0,1.0,,1.0,,0.0,,0.9398860931396484,0.9661691188812256,0.9549775719642639,0.9922089576721191,0.9996910691261292,0.9996805191040039,0.291412889957428,0.7296959757804871,1.0
1753,1.0,1.0,1.0,1.0,1.0,1.0,1.0,1.0,0.9995771646499634,0.9998809099197388,0.9993208050727844,0.9645246863365173,0.9999048113822937,0.9992005228996277,0.8479651212692261,0.9985435605049133,2.0
1754,0.0,0.0,0.0,0.0,0.0,0.0,0.0,0.0,0.00026339825126342475,0.00015693008026573807,0.000454091903520748,7.836204895284027e-05,0.006278724409639835,0.00014497654046863317,0.004104287829250097,0.00013674047659151256,2.0
1755,1.0,,1.0,1.0,1.0,1.0,,,0.8973279595375061,0.9990984797477722,0.9996483325958252,0.998442530632019,0.9998568296432495,0.9936606884002686,0.0647164061665535,0.03850026801228523,2.0
1756,0.0,0.0,0.0,0.0,0.0,0.0,0.0,0.0,0.0009830112103372812,0.0008513004286214709,0.0005984765011817217,3.3741867810022086e-05,0.008824711665511131,0.0005603944300673902,0.007766026072204113,0.0001625374425202608,3.0
1757,0.0,0.0,0.0,0.0,0.0,0.0,0.0,0.0,0.10071571171283722,0.32392197847366333,0.001808061613701284,0.0005432016332633793,0.015418224036693573,0.008837390691041946,0.030611328780651093,0.0005890147294849157,4.0
1758,1.0,,1.0,0.0,1.0,1.0,,,0.5679805874824524,0.9661329388618469,0.9368250370025635,0.6260961294174194,0.9974675178527832,0.6618568897247314,0.7058265209197998,0.0020605484023690224,4.0
1759,0.0,0.0,0.0,0.0,0.0,0.0,0.0,0.0,0.000668667140416801,0.0003046048223040998,6.716898496961221e-05,3.471004674793221e-05,0.006894904188811779,0.00021916608966421336,0.006372582167387009,0.00019540735229384154,4.0
1760,,1.0,,0.0,,,,,0.0583685040473938,0.8409082889556885,0.015422188676893711,0.0034362440928816795,0.021332327276468277,0.12539732456207275,0.029633238911628723,0.0018869665218517184,0.0
1761,1.0,1.0,1.0,1.0,1.0,1.0,1.0,0.0,0.9828510284423828,0.9993752837181091,0.998484194278717,0.9691348671913147,0.9999309778213501,0.999548077583313,0.7629914283752441,0.2157171666622162,1.0
1762,0.0,0.0,0.0,0.0,0.0,0.0,0.0,0.0,0.0005057142698206007,0.0013065666425973177,0.0008592221420258284,0.00013142573880031705,0.008740044198930264,0.00026237877318635583,0.015189876779913902,0.00024339916126336902,2.0
1763,1.0,1.0,1.0,1.0,1.0,1.0,0.0,0.0,0.8625957369804382,0.997755765914917,0.999735414981842,0.9996444582939148,0.9999737739562988,0.987280011177063,0.2475144863128662,0.059966325759887695,3.0
1764,1.0,1.0,1.0,1.0,1.0,1.0,0.0,1.0,0.9998832941055298,0.9998190999031067,0.9995816349983215,0.9608150124549866,0.9998849034309387,0.9922387599945068,0.9739739894866943,0.9227206707000732,3.0
1765,0.0,0.0,0.0,0.0,0.0,0.0,0.0,0.0,0.000686130253598094,0.0003598104522097856,0.0006016224506311119,0.00012524733028840274,0.006663425825536251,0.00013673934154212475,0.014850562438368797,0.00023277413856703788,1.0
1766,0.0,,0.0,0.0,0.0,0.0,,,0.0020747119560837746,0.0025516150053590536,0.0016676278319209814,0.000286761176539585,0.029705775901675224,0.0003606304817367345,0.0802326649427414,0.0005974438972771168,3.0
1767,1.0,1.0,1.0,1.0,1.0,1.0,0.0,0.0,0.9999045133590698,0.9994522333145142,0.9996762871742249,0.9101792573928833,0.999754786491394,0.9966251850128174,0.4116222560405731,0.7358753681182861,3.0
1768,0.0,0.0,0.0,0.0,0.0,0.0,0.0,0.0,0.0017570852069184184,0.0007208846509456635,0.00010542190284468234,5.406448690337129e-05,0.021020671352744102,0.0003371844650246203,0.008928733877837658,0.00018314862973056734,4.0
1769,0.0,,0.0,0.0,0.0,0.0,,,0.0018049171194434166,0.0006998372264206409,0.0007687397883273661,0.00013491578283719718,0.042263805866241455,0.00040647765854373574,0.025568202137947083,0.00018377315427642316,0.0
1770,0.0,0.0,0.0,0.0,0.0,0.0,0.0,0.0,0.0021581656765192747,0.0008155821124091744,0.0015861968277022243,0.00014764464867766947,0.01104222796857357,0.0003599534975364804,0.005021849647164345,0.00034558173501864076,0.0
1771,1.0,,1.0,1.0,1.0,1.0,,,0.996408224105835,0.9987658858299255,0.9936951994895935,0.9584786891937256,0.9976136684417725,0.8965779542922974,0.9757397174835205,0.8454691171646118,0.0
1772,0.0,0.0,0.0,0.0,0.0,0.0,0.0,0.0,0.0007715273532085121,0.0003982742200605571,0.0005182060995139182,0.00013082506484352052,0.004400492645800114,0.00021282435045577586,0.008157721720635891,0.0002636304998304695,1.0
1773,0.0,,0.0,0.0,0.0,0.0,,,0.0013852170668542385,0.0012727606808766723,0.006730201654136181,0.0008805039688013494,0.04169275611639023,0.0006041004089638591,0.11670157313346863,0.0003120488254353404,4.0
1774,0.0,,0.0,0.0,0.0,0.0,,,0.0004502391966525465,0.00029642743174917996,0.00012788560707122087,5.749865886173211e-05,0.018666204065084457,0.00019387539941817522,0.009793550707399845,0.00011986470053670928,4.0
1775,,,0.0,,0.0,0.0,,,0.001526381354779005,0.001963950926437974,0.0016068348195403814,0.00016269690240733325,0.02791891247034073,0.0005958389956504107,0.01767447404563427,0.00031834273249842227,0.0
1776,0.0,0.0,0.0,0.0,0.0,0.0,0.0,,0.0016856053844094276,0.0005817634519189596,0.0010643956484273076,0.0001179209939436987,0.06841227412223816,0.0006085194763727486,0.003702025394886732,0.00016130413860082626,0.0
1777,0.0,0.0,0.0,0.0,0.0,0.0,,,0.0008498824900016189,0.001052969484589994,0.0019277103710919619,9.043642057804391e-05,0.4386119842529297,0.0037835862021893263,0.0028268443420529366,0.00014415154873859137,0.0
1778,0.0,0.0,0.0,0.0,0.0,0.0,0.0,0.0,0.0009186016977764666,0.0007812146795913577,0.0004049414419569075,3.2162006391445175e-05,0.010977104306221008,0.0001797601580619812,0.019570576027035713,0.00010292710067005828,3.0
1779,0.0,0.0,0.0,,1.0,0.0,,,0.07014931738376617,0.3143291473388672,0.03293048217892647,0.0016646146541461349,0.9930902719497681,0.16395792365074158,0.05274546518921852,0.0006335116340778768,1.0
1780,0.0,,0.0,,0.0,0.0,,,0.0008655638666823506,0.0008493489003740251,0.0008461929974146187,0.00014216209820006043,0.008958665654063225,0.0004173576016910374,0.014054804109036922,0.00042331087752245367,1.0
1781,1.0,1.0,1.0,1.0,1.0,1.0,1.0,1.0,0.9873892068862915,0.9996837377548218,0.9998412132263184,0.9998533129692078,0.9998799562454224,0.9987031817436218,0.9730588793754578,0.6531069278717041,4.0
1782,1.0,1.0,1.0,1.0,1.0,1.0,1.0,,0.9909841418266296,0.9963768720626831,0.999639093875885,0.9771128296852112,0.9997368454933167,0.7409284114837646,0.3238660395145416,0.06384787708520889,4.0
1783,0.0,0.0,0.0,0.0,0.0,0.0,0.0,,0.0008328331168740988,0.00043401564471423626,0.0004980916273780167,7.594915223307908e-05,0.019817329943180084,0.0002135871327482164,0.002193788532167673,0.00011569508933462203,0.0
1784,1.0,1.0,1.0,1.0,1.0,1.0,,,0.9083968997001648,0.9473257064819336,0.9980700016021729,0.25815272331237793,0.9998249411582947,0.6388892531394958,0.2601913809776306,0.26836544275283813,0.0
1785,1.0,,1.0,1.0,1.0,1.0,,,0.9994925260543823,0.993252158164978,0.9979144930839539,0.896772563457489,0.999762237071991,0.9951435327529907,0.9072499871253967,0.3986862301826477,4.0
1786,0.0,0.0,0.0,0.0,0.0,0.0,0.0,0.0,0.0008671262767165899,0.0004084850079379976,0.000651317648589611,5.9067693655379117e-05,0.012515445239841938,0.00020622722513508052,0.002163900760933757,0.0001283620804315433,0.0
1787,1.0,1.0,1.0,0.0,1.0,0.0,1.0,0.0,0.9427626132965088,0.9826186299324036,0.9484153985977173,0.7827774882316589,0.9756155014038086,0.6217817664146423,0.6820489168167114,0.14086651802062988,4.0
1788,,,0.0,0.0,1.0,0.0,,,0.0017084532883018255,0.22489678859710693,0.034088730812072754,0.00038926367415115237,0.9943054914474487,0.05232156813144684,0.07449287921190262,0.0004780982853844762,2.0
1789,0.0,1.0,0.0,0.0,1.0,0.0,,,0.011640995740890503,0.17253044247627258,0.1347130388021469,4.087737761437893e-05,0.939581573009491,0.13647474348545074,0.04125083610415459,0.00017903262050822377,3.0
1790,0.0,0.0,0.0,0.0,0.0,0.0,0.0,0.0,0.002345610409975052,0.0014146012254059315,0.0007299666758626699,3.798686157097109e-05,0.01593138463795185,0.0004570148594211787,0.00881107710301876,9.466757182963192e-05,3.0
1791,1.0,1.0,1.0,1.0,1.0,0.0,1.0,0.0,0.9969812631607056,0.9864159822463989,0.9997022747993469,0.8459881544113159,0.9950225949287415,0.9551756381988525,0.6500841379165649,0.3569793701171875,0.0
1792,0.0,,0.0,,0.0,0.0,,,0.0019702103454619646,0.0017939605750143528,0.0024606273509562016,0.0002524430747143924,0.030748115852475166,0.00044882541988044977,0.032648514956235886,0.00019833350961562246,0.0
1793,,,0.0,0.0,1.0,0.0,,,0.0009212493314407766,0.03859157860279083,0.014698661863803864,0.00036120126605965197,0.9814780950546265,0.052509158849716187,0.04258577525615692,0.0006867106421850622,2.0
1794,0.0,0.0,0.0,0.0,0.0,0.0,0.0,0.0,0.0005555610405281186,0.0005590450018644333,0.00045891592162661254,4.9176924221683294e-05,0.03753732517361641,0.0004442201752681285,0.007384078577160835,0.00019105756655335426,4.0
1795,1.0,1.0,1.0,1.0,1.0,1.0,1.0,1.0,0.9998186230659485,0.9991214275360107,0.9990345239639282,0.965069055557251,0.9999047517776489,0.996212899684906,0.9601531624794006,0.7308503985404968,1.0
1796,1.0,1.0,1.0,1.0,1.0,0.0,1.0,,0.8976970314979553,0.92769455909729,0.996450662612915,0.3398646116256714,0.9417164325714111,0.1545231193304062,0.7817396521568298,0.0888243168592453,4.0
1797,0.0,,0.0,,0.0,0.0,,,0.001861118827946484,0.0018578160088509321,0.0009352904744446278,0.00021594876307062805,0.024857180193066597,0.0006132448324933648,0.022128166630864143,0.00019998026255052537,0.0
1798,0.0,,0.0,,0.0,0.0,,,0.002411086577922106,0.014624270610511303,0.0014901846880093217,0.0010774057591333985,0.029826117679476738,0.001311003346927464,0.06051180511713028,0.000695431896019727,1.0
1799,0.0,,0.0,0.0,0.0,0.0,,,0.003090726910158992,0.001501533784903586,0.002370761474594474,0.0019815105479210615,0.022899892181158066,0.0010332633974030614,0.03431040793657303,0.000371050089597702,4.0
1800,0.0,1.0,0.0,,0.0,0.0,,,0.013202104717493057,0.9071135520935059,0.009887482970952988,0.003345902543514967,0.1026708334684372,0.002603780012577772,0.027941549196839333,0.0010548884747549891,1.0
1801,0.0,,0.0,,0.0,0.0,,,0.00244584446772933,0.0016977399354800582,0.0012251356383785605,0.0002199299487983808,0.011176289059221745,0.0007972396560944617,0.02469451352953911,0.00025836500572040677,0.0
1802,1.0,1.0,1.0,1.0,1.0,1.0,0.0,0.0,0.9798300266265869,0.9917583465576172,0.9999061822891235,0.8388539552688599,0.999785304069519,0.9414422512054443,0.09284749627113342,0.24112847447395325,4.0
1803,1.0,,1.0,1.0,1.0,0.0,,,0.9247382283210754,0.8983696699142456,0.9789146184921265,0.9926079511642456,0.9969950318336487,0.7602537870407104,0.5325322151184082,0.038387857377529144,3.0
1804,0.0,1.0,1.0,1.0,1.0,1.0,0.0,0.0,0.991200864315033,0.9966949820518494,0.9963435530662537,0.6999397873878479,0.9999055862426758,0.9992284178733826,0.6674609184265137,0.12273423373699188,1.0
1805,0.0,1.0,1.0,1.0,1.0,1.0,0.0,0.0,0.917360246181488,0.9603015780448914,0.9997866749763489,0.9457656145095825,0.9999548196792603,0.8985887765884399,0.3052508234977722,0.0018991002580150962,0.0
1806,0.0,0.0,0.0,0.0,0.0,0.0,0.0,0.0,0.0006449833745136857,0.0005229502567090094,7.158086373237893e-05,3.165788439218886e-05,0.008168485946953297,0.0003233840689063072,0.007179031148552895,0.0002025374269578606,4.0
1807,0.0,,0.0,,0.0,0.0,,,0.0034558617044240236,0.002018239814788103,0.0006142176571302116,0.00020423578098416328,0.013323456980288029,0.000942894839681685,0.02708185277879238,0.0002967838372569531,0.0
1808,0.0,0.0,0.0,0.0,0.0,0.0,0.0,0.0,0.0008594676037319005,0.00037985347444191575,0.0004925912944599986,3.6204117350280285e-05,0.010693453252315521,0.00016706004680600017,0.007004640065133572,0.00010589524026727304,3.0
1809,1.0,,1.0,,1.0,1.0,,,0.6013137698173523,0.9969387650489807,0.7768006324768066,0.9808799028396606,0.9997897744178772,0.7728254795074463,0.41926586627960205,0.01786579005420208,3.0
1810,0.0,,0.0,0.0,0.0,0.0,,,0.0009237296762876213,0.0010525875259190798,0.000306416186504066,0.00012384887668304145,0.008554026484489441,0.0006417944096028805,0.031946226954460144,0.0004615032812580466,4.0
1811,0.0,0.0,0.0,0.0,0.0,0.0,0.0,0.0,0.0008158497512340546,0.00028971556457690895,0.0003406799805816263,3.75922245439142e-05,0.0051398687064647675,0.0002671081165317446,0.01208166778087616,9.672247688286006e-05,3.0
1812,0.0,1.0,1.0,1.0,1.0,1.0,0.0,0.0,0.6360409259796143,0.9994703531265259,0.9986519813537598,0.9362603425979614,0.9997507333755493,0.9997696280479431,0.08363847434520721,0.003306365804746747,2.0
1813,0.0,1.0,0.0,,0.0,0.0,,,0.013805600814521313,0.8198301196098328,0.0013562520034611225,0.000900970830116421,0.03843546658754349,0.000900721293874085,0.006588644348084927,0.002206682227551937,2.0
1814,0.0,0.0,0.0,,0.0,0.0,,,0.0014711656840518117,0.0011517091188579798,0.0009259710786864161,9.793524077394977e-05,0.03130488097667694,0.000256928353337571,0.00630926713347435,0.0002040690160356462,0.0
1815,0.0,0.0,0.0,0.0,0.0,0.0,0.0,0.0,0.000486741162603721,0.0006763738347217441,0.000649705994874239,0.00011558315600268543,0.013050081208348274,0.00031152996234595776,0.017191186547279358,0.0002051795308943838,2.0
1816,1.0,,1.0,1.0,1.0,,,,0.9829136729240417,0.9966611266136169,0.9995859861373901,0.9972497224807739,0.9960240721702576,0.9959331750869751,0.18073126673698425,0.06253544986248016,4.0
1817,1.0,1.0,1.0,1.0,1.0,1.0,1.0,0.0,0.9861060380935669,0.9995132088661194,0.9934512376785278,0.9977543354034424,0.9998649954795837,0.9605681896209717,0.5894730091094971,0.05079008638858795,3.0
1818,1.0,1.0,1.0,1.0,1.0,1.0,1.0,0.0,0.90559983253479,0.9992724657058716,0.9924178123474121,0.8610358834266663,0.9999709129333496,0.9960035681724548,0.8473529815673828,0.06066446378827095,0.0
1819,0.0,0.0,0.0,0.0,1.0,0.0,0.0,0.0,0.1152324229478836,0.020950403064489365,0.3714241683483124,0.000417040369939059,0.7864924669265747,0.328208863735199,0.011596128344535828,0.0003354531363584101,4.0
1820,1.0,,1.0,1.0,1.0,0.0,,,0.8941481113433838,0.8876544237136841,0.982887864112854,0.9756404757499695,0.9952878355979919,0.9044283032417297,0.39368483424186707,0.08479274064302444,2.0
1821,1.0,1.0,1.0,1.0,1.0,1.0,,,0.8838355541229248,0.9985694885253906,0.9997970461845398,0.9994761347770691,0.9999694228172302,0.9445319175720215,0.25690117478370667,0.02450665645301342,3.0
1822,1.0,,1.0,1.0,1.0,0.0,,,0.998421311378479,0.9216016530990601,0.9983030557632446,0.9933589100837708,0.9800912737846375,0.20479092001914978,0.816891074180603,0.599273145198822,1.0
1823,0.0,0.0,0.0,0.0,0.0,0.0,,,0.00504002720117569,0.0022109500132501125,0.023714445531368256,0.005306420847773552,0.29452550411224365,0.010307486169040203,0.01637415774166584,0.000136790462420322,4.0
1824,1.0,1.0,1.0,1.0,1.0,1.0,1.0,1.0,0.9975881576538086,0.9982714056968689,0.9909192323684692,0.9951122999191284,0.9999424815177917,0.9633609056472778,0.8225864171981812,0.5320242643356323,0.0
1825,1.0,,1.0,,1.0,1.0,,,0.990905225276947,0.9998041391372681,0.9947378039360046,0.9846785664558411,0.9998998641967773,0.9845737218856812,0.6978793144226074,0.946526825428009,2.0
1826,0.0,0.0,0.0,,1.0,0.0,,,0.018236154690384865,0.12601841986179352,0.02983613684773445,4.8918187530944124e-05,0.9761645197868347,0.02498621493577957,0.04044543579220772,0.0003588617837522179,3.0
1827,0.0,,0.0,,1.0,0.0,,,0.002625488443300128,0.020124591886997223,0.39005568623542786,0.00018562338664196432,0.25380420684814453,0.4252874255180359,0.027316510677337646,0.00048002111725509167,1.0
1828,1.0,1.0,1.0,1.0,1.0,1.0,0.0,0.0,0.986552894115448,0.9985905885696411,0.9993207454681396,0.9966857433319092,0.999802827835083,0.9392275214195251,0.28064092993736267,0.19517245888710022,1.0
1829,1.0,1.0,1.0,1.0,1.0,1.0,1.0,1.0,0.999815046787262,0.9997336864471436,0.9983938336372375,0.9994354248046875,0.9999390840530396,0.9987675547599792,0.9994478225708008,0.9764859676361084,0.0
1830,0.0,0.0,0.0,0.0,0.0,0.0,0.0,0.0,0.0007098003407008946,0.00026442628586664796,0.0003867574851028621,0.00010986868437612429,0.005495692603290081,0.00018327291763853282,0.009185053408145905,0.0003666214761324227,1.0
1831,0.0,,0.0,0.0,0.0,0.0,,,0.0008097722893580794,0.0005691454280167818,0.0006714652408845723,0.0001395456783939153,0.006331418640911579,0.0003532117116264999,0.017957419157028198,0.00025165011174976826,1.0
1832,0.0,0.0,0.0,0.0,0.0,0.0,0.0,0.0,0.0005690064863301814,0.00046386997564695776,0.0012347830925136805,0.00010064459638670087,0.09530101716518402,0.002274306258186698,0.015539363957941532,0.00016638953820802271,2.0
1833,0.0,,0.0,0.0,0.0,0.0,,,0.000478775124065578,0.00028382515301927924,0.0007982798852026463,0.00015290667943190783,0.010351760312914848,0.0002894527860917151,0.013326574116945267,0.00029711821116507053,2.0
1834,0.0,0.0,0.0,0.0,0.0,0.0,,,0.0009014103561639786,0.000649469846393913,0.0004733339592348784,8.354130841325969e-05,0.009319654665887356,0.00028798991115763783,0.003673260798677802,0.00014442636165767908,0.0
1835,0.0,,0.0,0.0,0.0,0.0,,,0.01271546259522438,0.003544443054124713,0.02671809494495392,0.0011092207860201597,0.07656174898147583,0.0010777971474453807,0.04413396492600441,0.000433983514085412,0.0
1836,,0.0,0.0,0.0,0.0,,0.0,0.0,0.0010262022260576487,0.005138128064572811,0.0012234668247401714,0.0008345131645910442,0.008371958509087563,0.0003723125846590847,0.011098271235823631,0.00028322049183771014,1.0
1837,0.0,0.0,0.0,0.0,0.0,0.0,0.0,0.0,0.0007836758159101009,0.0005318823386915028,0.0006006340263411403,0.00012688623974099755,0.007409312296658754,0.00018850690685212612,0.011789754964411259,0.00023464407422579825,1.0
1838,1.0,1.0,1.0,1.0,1.0,1.0,1.0,,0.990247905254364,0.9998850226402283,0.9996683597564697,0.9989330172538757,0.9999856948852539,0.9793189764022827,0.8284192681312561,0.1356046497821808,0.0
1839,0.0,0.0,0.0,0.0,0.0,0.0,,,0.00034728989703580737,0.00037239957600831985,0.0006973830750212073,0.00010234838555334136,0.014141356572508812,0.00016895490989554673,0.005959212779998779,0.00028001482132822275,2.0
1840,0.0,0.0,0.0,0.0,1.0,0.0,0.0,0.0,0.001239440287463367,0.011148413643240929,0.0772819072008133,4.465620804694481e-05,0.3593488335609436,0.10873443633317947,0.005829925183206797,8.662847540108487e-05,3.0
1841,1.0,1.0,1.0,1.0,1.0,1.0,0.0,,0.9990115165710449,0.9996844530105591,0.9997475147247314,0.9989163279533386,0.9995905756950378,0.6739955544471741,0.8696099519729614,0.9268685579299927,4.0
1842,,,,,,,0.0,0.0,0.030159324407577515,0.014485695399343967,0.011868364177644253,0.011755437590181828,0.4076699912548065,0.05607953667640686,0.09856374561786652,0.0005372044397518039,0.0
1843,0.0,0.0,0.0,0.0,0.0,0.0,0.0,0.0,0.0007866822415962815,0.00028039864264428616,0.0001134381745941937,4.0590715798316523e-05,0.005353052169084549,0.00042280013440176845,0.011964492499828339,0.0002420898963464424,4.0
1844,0.0,0.0,0.0,0.0,0.0,0.0,0.0,0.0,0.001944957417435944,0.0016897800378501415,0.001704762689769268,0.0001795527496142313,0.02962668240070343,0.0008210651576519012,0.024419954046607018,0.00015388859901577234,0.0
1845,0.0,,0.0,,0.0,0.0,,,0.0007791707757860422,0.000550266238860786,0.0010346799390390515,0.0001227990724146366,0.010291904211044312,0.00033942892332561314,0.018881674855947495,0.00044654126395471394,2.0
1846,0.0,,1.0,1.0,1.0,1.0,,,0.9281727075576782,0.9951307773590088,0.9992689490318298,0.9629639983177185,0.9999407529830933,0.9611169695854187,0.36556315422058105,0.010333739221096039,1.0
1847,1.0,0.0,1.0,1.0,1.0,0.0,,,0.9862541556358337,0.1282559335231781,0.9990325570106506,0.9961206316947937,0.8823690414428711,0.02619028650224209,0.08581480383872986,0.18989454209804535,3.0
1848,0.0,0.0,0.0,0.0,0.0,0.0,0.0,0.0,0.0009196260361932218,0.00023029114527162164,0.00029703337349928916,4.2762814700836316e-05,0.006458598654717207,0.00023959395184647292,0.00664185918867588,9.451475489186123e-05,3.0
1849,1.0,1.0,1.0,1.0,1.0,1.0,1.0,1.0,0.9998348355293274,0.9992694854736328,0.9958308339118958,0.9984584450721741,0.9998841285705566,0.997147262096405,0.9841780662536621,0.4819193482398987,0.0
1850,1.0,0.0,1.0,1.0,1.0,0.0,,,0.4852520525455475,0.893373966217041,0.9662923812866211,0.9403150677680969,0.9458922147750854,0.2977786362171173,0.11461780220270157,0.020986955612897873,2.0
1851,0.0,1.0,0.0,0.0,1.0,1.0,0.0,,0.02311726100742817,0.6278206706047058,0.2438221424818039,0.0006610725540667772,0.9996151924133301,0.18894538283348083,0.07632183283567429,0.0001993729529203847,0.0
1852,0.0,,0.0,,0.0,0.0,,,0.0011066143633797765,0.0027805548161268234,0.0010798709699884057,3.608461338444613e-05,0.027498599141836166,0.000444950710516423,0.013978298753499985,0.0003709596348926425,3.0
1853,0.0,,0.0,0.0,0.0,0.0,,,0.0007826507207937539,0.0004112777241971344,0.0001422489294782281,5.1517708925530314e-05,0.030124302953481674,0.00037784752203151584,0.008574174717068672,0.0001642936549615115,4.0
1854,0.0,0.0,0.0,0.0,1.0,0.0,,,0.01137759629637003,0.23217663168907166,0.08982595056295395,0.000525299459695816,0.13111384212970734,0.016412507742643356,0.046667106449604034,0.000352425966411829,2.0
1855,0.0,,0.0,,1.0,0.0,,,0.0624409019947052,0.13478118181228638,0.34845423698425293,0.005823538638651371,0.062258701771497726,0.27694961428642273,0.1811053305864334,0.0013902665814384818,1.0
1856,1.0,,1.0,,1.0,1.0,,,0.9891810417175293,0.9973298907279968,0.9948582649230957,0.9461398124694824,0.9999037384986877,0.9997391700744629,0.5195792317390442,0.497228741645813,2.0
1857,1.0,,1.0,,1.0,1.0,,,0.9755551218986511,0.9980192184448242,0.9908168315887451,0.6110701560974121,0.9999491572380066,0.9964408278465271,0.5075684785842896,0.05820627883076668,1.0
1858,1.0,,1.0,1.0,1.0,1.0,,,0.9940999746322632,0.9949398040771484,0.9971292614936829,0.9984501600265503,0.999032199382782,0.9178908467292786,0.8726739287376404,0.4410168528556824,4.0
1859,0.0,0.0,0.0,0.0,0.0,0.0,0.0,0.0,0.0009854137897491455,0.00027307189884595573,0.0004525525728240609,3.646188633865677e-05,0.0069331456907093525,0.00018688233103603125,0.006228989455848932,0.0001136687133111991,3.0
1860,0.0,,0.0,0.0,0.0,0.0,,,0.153969869017601,0.011807364411652088,0.0037233736366033554,0.0014731073752045631,0.2838037312030792,0.000985455117188394,0.02589958906173706,0.0005297761526890099,4.0
1861,1.0,0.0,1.0,1.0,1.0,0.0,,,0.97352135181427,0.4004245698451996,0.9990816116333008,0.9987779855728149,0.9895492196083069,0.39902493357658386,0.04806245118379593,0.14041194319725037,1.0
1862,0.0,,0.0,0.0,0.0,0.0,,,0.0016658053500577807,0.0010067755356431007,0.0007028721156530082,0.00014580768765881658,0.01649589277803898,0.0006040220032446086,0.026927389204502106,0.00023225817130878568,0.0
1863,1.0,1.0,1.0,1.0,1.0,1.0,1.0,1.0,0.9994868040084839,0.9994146823883057,0.9996337294578552,0.9998759031295776,0.9999581575393677,0.9939122200012207,0.9785809516906738,0.3214385211467743,4.0
1864,0.0,0.0,0.0,0.0,0.0,0.0,0.0,0.0,0.00032058401848189533,0.00024282852245960385,0.0005847341963090003,0.00010590772581053898,0.0042381808161735535,0.00027714268071576953,0.006514425855129957,0.00020924814452882856,2.0
1865,1.0,1.0,1.0,1.0,1.0,1.0,1.0,,0.9953376650810242,0.9976775646209717,0.9996829628944397,0.7560131549835205,0.9998542070388794,0.9978969097137451,0.6514917612075806,0.3616960942745209,4.0
1866,1.0,,1.0,1.0,1.0,1.0,,,0.9965802431106567,0.9951323866844177,0.9958361983299255,0.8193349838256836,0.9999236464500427,0.9989213943481445,0.7846662402153015,0.07099752873182297,1.0
1867,1.0,1.0,1.0,1.0,1.0,1.0,1.0,,0.9965053796768188,0.9974547624588013,0.9995068311691284,0.9990988969802856,0.9997674822807312,0.9928401112556458,0.888907790184021,0.23368224501609802,1.0
1868,1.0,1.0,1.0,1.0,1.0,1.0,1.0,,0.9992737174034119,0.9998742938041687,0.999762773513794,0.9697980880737305,0.9999614357948303,0.9997501373291016,0.8913220167160034,0.4250684380531311,2.0
1869,1.0,1.0,1.0,1.0,1.0,1.0,,,0.9832050204277039,0.9971559047698975,0.9991014003753662,0.9847341179847717,0.9999303221702576,0.9995548725128174,0.8476234078407288,0.3243614733219147,1.0
1870,0.0,0.0,0.0,0.0,0.0,0.0,0.0,0.0,0.0024999422021210194,0.0005197851569391787,0.000759922550059855,0.00012306180724408478,0.022024506703019142,0.0005755801685154438,0.004934074357151985,0.0001249559863936156,0.0
1871,0.0,0.0,0.0,0.0,0.0,0.0,0.0,0.0,0.0004147155268583447,0.0003001132281497121,0.0004347013309597969,0.00010515716712689027,0.008498142473399639,0.0002360675425734371,0.006846867501735687,0.00015000566781964153,2.0
1872,0.0,0.0,0.0,0.0,0.0,0.0,0.0,0.0,0.00559473130851984,0.0046343691647052765,0.0003565533843357116,7.02151664881967e-05,0.008095286786556244,0.0003237216442357749,0.013598592951893806,0.00028445187490433455,0.0
1873,1.0,,1.0,1.0,1.0,,,,0.7926947474479675,0.9961612820625305,0.999370276927948,0.9991996884346008,0.9998677968978882,0.9994974136352539,0.07928000390529633,0.03471526876091957,0.0
1874,1.0,1.0,1.0,1.0,1.0,1.0,1.0,,0.9959618449211121,0.9998995065689087,0.9999185800552368,0.9992196559906006,0.9999816417694092,0.9970393776893616,0.3717445731163025,0.20252560079097748,3.0
1875,0.0,,1.0,0.0,1.0,1.0,,,0.17022272944450378,0.9725185036659241,0.9488589763641357,0.011678659357130527,0.9993568658828735,0.9274161458015442,0.028338417410850525,0.00029258313588798046,3.0
1876,0.0,,0.0,0.0,0.0,0.0,,,0.0019813869148492813,0.0014562811702489853,0.0011819042265415192,4.0228227589977905e-05,0.007997511886060238,0.0008660147432237864,0.09504091739654541,0.0004836309526581317,3.0
1877,0.0,,0.0,0.0,0.0,0.0,,,0.004328344948589802,0.0017395687755197287,0.001994353486225009,0.0003175403398927301,0.014308685436844826,0.0026188704650849104,0.04360637068748474,0.00044509844155982137,0.0
1878,0.0,1.0,1.0,1.0,1.0,1.0,1.0,,0.9756223559379578,0.9968375563621521,0.991121232509613,0.964594841003418,0.994664192199707,0.7774772047996521,0.6679163575172424,0.0016564885154366493,3.0
1879,0.0,0.0,0.0,0.0,0.0,0.0,0.0,0.0,0.0005051116459071636,0.00027855628286488354,0.0007269666530191898,0.00011135607201140374,0.023834452033042908,0.0002426523860776797,0.0051500229164958,0.00014979331172071397,2.0
1880,1.0,0.0,1.0,1.0,1.0,1.0,0.0,,0.9224250316619873,0.9076108336448669,0.9998161196708679,0.9997000694274902,0.9892890453338623,0.2072170078754425,0.04043082892894745,0.12743067741394043,3.0
1881,0.0,0.0,0.0,0.0,0.0,0.0,,,0.0015753863845020533,0.0003767029847949743,0.00014026375720277429,0.0001017624163068831,0.016451161354780197,0.00016376259736716747,0.012445171363651752,0.0001547607098473236,4.0
1882,0.0,,0.0,0.0,0.0,0.0,,,0.0062764110043644905,0.018415460363030434,0.008230135776102543,0.009619984775781631,0.48040878772735596,0.0008645930793136358,0.03885743021965027,0.0004069260903634131,3.0
1883,0.0,,0.0,0.0,0.0,0.0,,,0.0012205360690131783,0.0006433323142118752,0.0009021462756209075,7.359821756836027e-05,0.007880410179495811,0.00025878509040921926,0.008443285711109638,0.00016073891310952604,0.0
1884,0.0,,0.0,0.0,0.0,0.0,,,0.0039920080453157425,0.002059564460068941,0.0172170028090477,0.0020520067773759365,0.1422298401594162,0.009718867018818855,0.012655820697546005,0.00022533243463840336,4.0
1885,0.0,,0.0,0.0,0.0,0.0,,,0.0008261841721832752,0.0006726038409397006,0.0006466771592386067,0.0001508437708253041,0.0150344492867589,0.0003145012306049466,0.02512429654598236,0.00020946969743818045,1.0
1886,0.0,0.0,0.0,0.0,0.0,0.0,0.0,0.0,0.006925469264388084,0.002073467941954732,0.000521141744684428,3.6954443203285336e-05,0.010069392621517181,0.00020595785463228822,0.029328400269150734,0.00037604753742925823,3.0
1887,0.0,0.0,0.0,0.0,0.0,0.0,0.0,0.0,0.00035847132676281035,0.00022046668163966388,0.0006151575362309813,0.00010496292816242203,0.004490842577069998,0.00022975991305429488,0.021678388118743896,0.0001366142532788217,2.0
1888,1.0,1.0,1.0,0.0,1.0,1.0,0.0,,0.5367652177810669,0.9202053546905518,0.9957969784736633,0.32983770966529846,0.9999222159385681,0.7071502804756165,0.1256689727306366,0.0014202441088855267,2.0
1889,0.0,1.0,1.0,1.0,1.0,1.0,1.0,,0.6502645015716553,0.9873489141464233,0.9989516735076904,0.9931052327156067,0.9999575614929199,0.9823467135429382,0.8432909846305847,0.0031435624696314335,0.0
1890,1.0,1.0,1.0,1.0,1.0,1.0,1.0,,0.9814094305038452,0.9989489912986755,0.9996855854988098,0.9985873103141785,0.9993801712989807,0.9943632483482361,0.9075471758842468,0.7486367225646973,4.0
1891,0.0,,0.0,,0.0,0.0,,,0.00391277763992548,0.0044532534666359425,0.0009212198201566935,0.0015802140114828944,0.04289056360721588,0.001424135873094201,0.108927421271801,0.00033675404847599566,0.0
1892,0.0,0.0,0.0,0.0,0.0,0.0,,,0.0012529483065009117,0.0003536768490448594,0.00040852592792361975,3.513706906232983e-05,0.016311438754200935,0.00028092064894735813,0.015357304364442825,9.330548346042633e-05,3.0
1893,0.0,,1.0,,1.0,0.0,,,0.05213957652449608,0.2984962463378906,0.8459450006484985,0.17726163566112518,0.9435833692550659,0.020552903413772583,0.08792032301425934,0.0017331589478999376,0.0
1894,1.0,1.0,1.0,1.0,1.0,1.0,1.0,1.0,0.9968554377555847,0.9985917806625366,0.9997119903564453,0.924805760383606,0.9998186826705933,0.8562130928039551,0.8691926002502441,0.796271800994873,3.0
1895,0.0,,1.0,1.0,1.0,0.0,,,0.2675689458847046,0.8065948486328125,0.9978076815605164,0.31686100363731384,0.9822638630867004,0.5618054270744324,0.09951721131801605,0.0018144113710150123,4.0
1896,0.0,,1.0,,1.0,1.0,,,0.043721284717321396,0.9811957478523254,0.753862738609314,0.19235989451408386,0.999972403049469,0.9836161136627197,0.256511390209198,0.0008176250266842544,1.0
1897,0.0,,0.0,,0.0,0.0,,,0.0030296624172478914,0.0015624830266460776,0.001514445524662733,0.00032074321643449366,0.0060924650169909,0.0005899040261283517,0.027456246316432953,0.0003156260645482689,0.0
1898,0.0,,0.0,0.0,0.0,0.0,,,0.0008015164057724178,0.0007240586564876139,0.0016094471793621778,0.00015765400894451886,0.009168291464447975,0.0009642968070693314,0.01825767382979393,0.00022912146232556552,1.0
1899,1.0,0.0,0.0,0.0,0.0,0.0,,,0.1055675595998764,0.02731756493449211,0.00042347749695181847,0.0187324620783329,0.050990473479032516,0.009645611979067326,0.1357627511024475,0.0029060321394354105,4.0
1900,0.0,0.0,0.0,0.0,1.0,0.0,0.0,0.0,0.08064091205596924,0.013459471985697746,0.587653398513794,0.0003755835350602865,0.7912426590919495,0.11585386842489243,0.008735894225537777,8.177178824553266e-05,0.0
1901,1.0,1.0,1.0,1.0,1.0,1.0,0.0,0.0,0.9651162028312683,0.9964756369590759,0.9978021383285522,0.9973454475402832,0.9997196197509766,0.9201818704605103,0.7786761522293091,0.04185236617922783,2.0
1902,1.0,1.0,1.0,1.0,1.0,0.0,0.0,0.0,0.942428469657898,0.9784573912620544,0.995655357837677,0.7273842096328735,0.9533826112747192,0.8817325830459595,0.15833505988121033,0.17542599141597748,2.0
1903,1.0,1.0,1.0,0.0,1.0,0.0,1.0,0.0,0.9197200536727905,0.9408159255981445,0.9749174118041992,0.4753440022468567,0.9666476249694824,0.7507959604263306,0.773402988910675,0.0957241952419281,0.0
1904,0.0,0.0,0.0,0.0,0.0,0.0,0.0,0.0,0.00028238975210115314,0.00018793517665471882,0.0003964255447499454,8.233878907049075e-05,0.006780414376407862,0.00020642460731323808,0.004313105717301369,0.00015606101078446954,2.0
1905,0.0,1.0,1.0,1.0,1.0,1.0,1.0,0.0,0.9749354124069214,0.9989557266235352,0.9963414669036865,0.7004231214523315,0.9999287128448486,0.9969932436943054,0.45265430212020874,0.0020403903909027576,3.0
1906,1.0,1.0,1.0,1.0,1.0,1.0,1.0,0.0,0.9932612180709839,0.9996740221977234,0.9999193549156189,0.9998878240585327,0.9999616742134094,0.9950848817825317,0.9223345518112183,0.655669629573822,4.0
1907,0.0,,0.0,0.0,0.0,0.0,,,0.0010405391221866012,0.00033987435745075345,0.000613455893471837,3.433042002143338e-05,0.02577253244817257,0.00027125197811983526,0.015463880263268948,0.00011054917558794841,3.0
1908,0.0,,1.0,,1.0,1.0,,,0.27251532673835754,0.9945661425590515,0.9684900641441345,0.6701743006706238,0.9968628287315369,0.5964097380638123,0.49427875876426697,0.003576572984457016,4.0
1909,0.0,0.0,0.0,0.0,0.0,0.0,,,0.0003585197846405208,0.00021773391927126795,0.0006025065085850656,0.00012266909470781684,0.00674822460860014,0.00026458874344825745,0.011150259524583817,0.00026564745348878205,2.0
1910,0.0,0.0,0.0,0.0,0.0,0.0,0.0,0.0,0.0008031238685362041,0.00041193314245902,0.00033148378133773804,3.423809903324582e-05,0.007583934348076582,0.00018767971778288484,0.01264195516705513,8.157927368301898e-05,3.0
1911,1.0,1.0,1.0,1.0,1.0,1.0,1.0,0.0,0.9954885244369507,0.9993196725845337,0.999424934387207,0.9860532283782959,0.9999702572822571,0.999850332736969,0.8863651752471924,0.41545340418815613,1.0
1912,,,0.0,,0.0,0.0,,,0.0061319549567997456,0.0034883893094956875,0.012436779215931892,0.00011972500215051696,0.03135746717453003,0.0007254700176417828,0.028087344020605087,0.0004993924521841109,3.0
1913,1.0,1.0,1.0,1.0,1.0,1.0,1.0,1.0,0.9987567067146301,0.9998012781143188,0.9999229907989502,0.9991942644119263,0.9999420642852783,0.8303939700126648,0.9690381288528442,0.8859977126121521,3.0
1914,0.0,0.0,0.0,0.0,0.0,0.0,0.0,0.0,0.0008251555263996124,0.00036081866710446775,0.0003252566384617239,3.3499694836791605e-05,0.0071615176275372505,0.00027288353885523975,0.022182004526257515,0.00010449333785800263,3.0
1915,1.0,0.0,,0.0,0.0,0.0,,,0.48136717081069946,0.06426019221544266,0.01777397282421589,0.5088000893592834,0.5042473077774048,0.002610965399071574,0.018851226195693016,0.05744095891714096,2.0
1916,1.0,0.0,,1.0,0.0,0.0,,,0.6155968904495239,0.1577228605747223,0.18307989835739136,0.9287672638893127,0.5635517239570618,0.01785757578909397,0.01928253471851349,0.5730201005935669,2.0
1917,1.0,1.0,1.0,1.0,1.0,1.0,1.0,,0.9949634075164795,0.999204158782959,0.9996591806411743,0.9990333914756775,0.9998590350151062,0.9996852874755859,0.6282973885536194,0.44105589389801025,3.0
1918,1.0,1.0,1.0,1.0,1.0,1.0,1.0,1.0,0.9999165534973145,0.9998838901519775,0.9996117949485779,0.9960269927978516,0.9999285936355591,0.997930645942688,0.855248749256134,0.9918674826622009,2.0
1919,0.0,,0.0,,0.0,0.0,,,0.0012439589481800795,0.0017591994255781174,0.000656755524687469,8.164458995452151e-05,0.024960961192846298,0.0005677251610904932,0.017822399735450745,0.00037724568392150104,4.0
1920,,,,,,,0.0,0.0,0.04251304268836975,0.04884883016347885,0.15362176299095154,0.053458619862794876,0.39231517910957336,0.1796078085899353,0.14607620239257812,0.0005931706400588155,0.0
1921,0.0,1.0,1.0,0.0,1.0,1.0,0.0,0.0,0.10338607430458069,0.948701798915863,0.9913238286972046,0.0389154851436615,0.9998829364776611,0.9310126900672913,0.1176178827881813,0.0002892491174861789,4.0
1922,1.0,1.0,1.0,1.0,1.0,1.0,1.0,0.0,0.9878565073013306,0.999283492565155,0.9999035596847534,0.9995893836021423,0.9999902248382568,0.9983686208724976,0.7392151355743408,0.22104305028915405,0.0
1923,,,0.0,,0.0,0.0,,,0.0013134573819115758,0.001165086985565722,0.000616683391854167,0.00022572341549675912,0.018044287338852882,0.000412772293202579,0.01248486340045929,0.0003633168525993824,4.0
1924,0.0,0.0,0.0,0.0,0.0,0.0,0.0,0.0,0.0003145186637993902,0.0002223900955868885,0.0007217972306534648,0.00011768488911911845,0.004001529421657324,0.00021219978225417435,0.010459218174219131,0.00018102987087331712,2.0
1925,1.0,1.0,1.0,1.0,1.0,1.0,1.0,0.0,0.5574371814727783,0.9977595210075378,0.9977887868881226,0.9073556065559387,0.9999727606773376,0.999008059501648,0.8699266910552979,0.19174620509147644,0.0
1926,0.0,,0.0,0.0,0.0,0.0,,,0.0006772193009965122,0.0007585259154438972,0.0001693405647529289,5.8735204220283777e-05,0.03199293091893196,0.00040076981531456113,0.017965910956263542,0.0001312860258622095,4.0
1927,0.0,1.0,0.0,,0.0,0.0,,,0.0394846647977829,0.7699786424636841,0.019422823563218117,0.003652613377198577,0.028872903436422348,0.000878395396284759,0.0066324458457529545,0.002000221749767661,2.0
1928,0.0,0.0,0.0,,0.0,0.0,,,0.0011611776426434517,0.0014015762135386467,0.0009924599435180426,0.00013421209587249905,0.013937071897089481,0.0003083076444454491,0.0072255004197359085,0.0004775254928972572,1.0
1929,0.0,1.0,1.0,0.0,1.0,1.0,,,0.3251703679561615,0.943402886390686,0.4462342858314514,0.19146022200584412,0.9998064637184143,0.6383979916572571,0.1454857438802719,0.000205904187168926,4.0
1930,1.0,1.0,1.0,1.0,1.0,1.0,0.0,0.0,0.9993358850479126,0.9995632171630859,0.9974544048309326,0.6544947028160095,0.9998812675476074,0.9978138208389282,0.6036620140075684,0.7183396816253662,4.0
1931,1.0,,1.0,1.0,1.0,1.0,,,0.9669205546379089,0.9680924415588379,0.999654233455658,0.9971859455108643,0.9995440244674683,0.684715211391449,0.8822708129882812,0.08160840719938278,4.0
1932,0.0,,1.0,,1.0,1.0,,,0.35939502716064453,0.9988747239112854,0.99513840675354,0.957916796207428,0.9998786449432373,0.9825766682624817,0.429657518863678,0.0035117059014737606,2.0
1933,1.0,,1.0,,1.0,0.0,,,0.6966108679771423,0.9943428039550781,0.9791565537452698,0.5523095726966858,0.990619421005249,0.7978277802467346,0.6366683840751648,0.1225648894906044,2.0
1934,1.0,1.0,1.0,1.0,1.0,1.0,0.0,1.0,0.9997518658638,0.9649595618247986,0.984585165977478,0.9997894763946533,0.9917482137680054,0.7609845399856567,0.36439618468284607,0.9934585094451904,1.0
1935,1.0,1.0,1.0,1.0,1.0,1.0,1.0,1.0,0.9998412132263184,0.9995058178901672,0.9986303448677063,0.9967327117919922,0.9999564290046692,0.999829888343811,0.9786668419837952,0.8953988552093506,0.0
1936,1.0,1.0,1.0,1.0,1.0,1.0,0.0,0.0,0.959669828414917,0.9994100332260132,0.9998519420623779,0.9944782257080078,0.9999356269836426,0.999585747718811,0.32722920179367065,0.06825719773769379,3.0
1937,1.0,1.0,1.0,1.0,1.0,1.0,1.0,1.0,0.9991397261619568,0.9997426867485046,0.9997063875198364,0.9997165203094482,0.9997395277023315,0.9997218251228333,0.9972399473190308,0.592773973941803,2.0
1938,0.0,,0.0,0.0,0.0,0.0,,,0.0031699701212346554,0.0014069380704313517,0.0012961787870153785,0.00044470984721556306,0.03779108077287674,0.0011294997530058026,0.08198094367980957,0.0005449941381812096,2.0
1939,0.0,,0.0,,0.0,0.0,,,0.002767316997051239,0.012133842334151268,0.001729121315293014,0.0010625891154631972,0.021254276856780052,0.0012785798171535134,0.05656471848487854,0.0007108979625627398,1.0
1940,0.0,0.0,0.0,0.0,1.0,0.0,0.0,,0.0026078911032527685,0.13672174513339996,0.014544051140546799,6.369268521666527e-05,0.9827314615249634,0.04637696221470833,0.021789969876408577,0.00012684680405072868,3.0
1941,1.0,1.0,1.0,1.0,1.0,1.0,,,0.9768794775009155,0.9998323321342468,0.9994516372680664,0.9996662139892578,0.999980092048645,0.9339966773986816,0.3615614175796509,0.09278763085603714,0.0
1942,1.0,1.0,1.0,1.0,1.0,0.0,0.0,,0.928817629814148,0.9820525646209717,0.9899827241897583,0.9135869741439819,0.9938404560089111,0.9431328773498535,0.2720998525619507,0.43474507331848145,3.0
1943,0.0,0.0,0.0,0.0,1.0,0.0,0.0,,0.004593927413225174,0.12542204558849335,0.05285465344786644,0.000407427956815809,0.9915561676025391,0.005557961296290159,0.0038120467215776443,0.00016013493586797267,0.0
1944,0.0,0.0,0.0,0.0,0.0,0.0,,,0.0005007707513868809,0.0005708200624212623,0.0006570190889760852,0.00014798731717746705,0.013067159801721573,0.00023058951774146408,0.018004033714532852,0.0003460946900304407,2.0
1945,1.0,1.0,1.0,1.0,1.0,1.0,1.0,1.0,0.9999546408653259,0.9999534487724304,0.9998145699501038,0.9966497421264648,0.999911367893219,0.9982176423072815,0.9197056293487549,0.9980525374412537,3.0
1946,1.0,,1.0,1.0,1.0,1.0,,,0.9880963563919067,0.9998737573623657,0.999485969543457,0.9868975281715393,0.9999203681945801,0.9998690485954285,0.7527042627334595,0.2727283239364624,2.0
1947,0.0,1.0,1.0,1.0,1.0,1.0,0.0,0.0,0.7263261675834656,0.9982178211212158,0.9901414513587952,0.8013619184494019,0.9998846054077148,0.9958598613739014,0.1630307286977768,0.010257727466523647,3.0
1948,0.0,0.0,0.0,0.0,0.0,0.0,0.0,0.0,0.0008967256871983409,0.00028811852098442614,0.0006979451281949878,0.00010905537783401087,0.006381201557815075,0.0003708924341481179,0.020959941670298576,0.00028125016251578927,2.0
1949,0.0,0.0,0.0,0.0,0.0,0.0,0.0,0.0,0.0007344123441725969,0.00029520923271775246,0.0003547423693817109,3.612823275034316e-05,0.007565807551145554,0.00011853910837089643,0.006238387431949377,6.322507397271693e-05,3.0
1950,1.0,1.0,1.0,1.0,1.0,1.0,1.0,1.0,0.9999723434448242,0.9999076724052429,0.9990811944007874,0.9998190999031067,0.9999696016311646,0.9997921586036682,0.9987887740135193,0.9934592247009277,0.0
1951,1.0,1.0,1.0,1.0,1.0,1.0,,,0.8524231314659119,0.9995455741882324,0.999011218547821,0.9289482235908508,0.9995890259742737,0.8713685274124146,0.4059549570083618,0.7413153648376465,2.0
1952,0.0,0.0,0.0,0.0,0.0,0.0,,,0.0004846390220336616,0.0003241674858145416,6.553379353135824e-05,5.361427247407846e-05,0.02100537344813347,0.00013943407975602895,0.0066351923160254955,0.00012142771447543055,4.0
1953,0.0,0.0,0.0,0.0,0.0,0.0,0.0,0.0,0.0011046848958358169,0.00033920444548130035,0.0006975619471631944,0.0002137476985808462,0.011376711539924145,0.00029218479176051915,0.009686264209449291,0.00025615422055125237,1.0
1954,0.0,0.0,0.0,0.0,0.0,0.0,0.0,0.0,0.000637836055830121,0.0004457568866200745,0.00042698794277384877,6.151651905383915e-05,0.006023287773132324,0.00027717588818632066,0.00513324374333024,0.00013599186786450446,0.0
1955,0.0,1.0,1.0,0.0,1.0,0.0,0.0,0.0,0.024735992774367332,0.5483142733573914,0.9569647908210754,0.01786806806921959,0.9842314720153809,0.17460030317306519,0.22800980508327484,0.0003069952945224941,4.0
1956,1.0,1.0,1.0,0.0,1.0,1.0,1.0,0.0,0.9090611934661865,0.9889929294586182,0.9886423945426941,0.2699000835418701,0.9999494552612305,0.9987640976905823,0.7487003803253174,0.11928049474954605,0.0
1957,,,,,,,0.0,0.0,0.01645786128938198,0.014160224236547947,0.03557059168815613,0.0011045907158404589,0.01619173213839531,0.04432080313563347,0.08838371187448502,0.0006875740946270525,0.0
1958,0.0,0.0,0.0,0.0,0.0,0.0,0.0,0.0,0.0008986774482764304,0.0004430523549672216,0.0005603049066849053,5.830567533848807e-05,0.004850545898079872,0.00048596225678920746,0.00411081500351429,0.000153475470142439,0.0
1959,0.0,,0.0,,1.0,1.0,,,0.015884017571806908,0.5941317081451416,0.5206820964813232,0.0005034569767303765,0.999624490737915,0.8517698049545288,0.015013866126537323,0.00021179430768825114,4.0
1960,0.0,0.0,0.0,0.0,0.0,0.0,0.0,0.0,0.0004373994015622884,0.00028152100276201963,0.0006387907196767628,0.00013029669935349375,0.0036343929823487997,0.00022830517264083028,0.010491724126040936,0.00025033325073309243,2.0
1961,1.0,1.0,1.0,1.0,1.0,,0.0,,0.9832825064659119,0.995758593082428,0.9986172914505005,0.7536462545394897,0.9986186027526855,0.9967626333236694,0.5280836820602417,0.24525584280490875,3.0
1962,0.0,1.0,1.0,0.0,1.0,0.0,,,0.3188820481300354,0.8853086233139038,0.9959633350372314,0.11385267972946167,0.9979385733604431,0.8320170044898987,0.08419227600097656,0.0004073796735610813,2.0
1963,1.0,,1.0,1.0,1.0,1.0,,,0.999909520149231,0.9966028928756714,0.9990274310112,0.6692464351654053,0.9999513626098633,0.9972343444824219,0.626196026802063,0.6630909442901611,1.0
1964,0.0,,0.0,,0.0,0.0,,,0.0016365568153560162,0.0010849128011614084,0.0028442309703677893,9.198786574415863e-05,0.09517965465784073,0.0006337292143143713,0.009988551959395409,0.00017134244262706488,0.0
1965,0.0,0.0,0.0,0.0,0.0,0.0,0.0,0.0,0.00025241568800993264,0.00018435488163959235,0.0004300228029023856,7.745272887405008e-05,0.008987619541585445,0.0001428534887963906,0.004155849572271109,0.00014792097499594092,2.0
1966,1.0,,1.0,1.0,1.0,1.0,,,0.8862417936325073,0.9995565414428711,0.9977466464042664,0.7423925995826721,0.9999663233757019,0.9986691474914551,0.8734016418457031,0.4485032260417938,0.0
1967,1.0,,1.0,1.0,1.0,1.0,,,0.6472514867782593,0.9979607462882996,0.9990233778953552,0.9926020503044128,0.9999600648880005,0.956196665763855,0.6840398907661438,0.030260927975177765,3.0
1968,0.0,,0.0,0.0,1.0,0.0,,,0.0008368004346266389,0.010384122841060162,0.14994174242019653,0.00017929197929333895,0.024294741451740265,0.002565717324614525,0.011763072572648525,0.0002535215171519667,1.0
1969,0.0,0.0,0.0,0.0,0.0,0.0,0.0,0.0,0.0006339781684800982,0.00036184515920467675,8.667530346428975e-05,4.177785012871027e-05,0.007544750347733498,0.0001925703400047496,0.008357801474630833,0.00015164584328886122,4.0
1970,1.0,1.0,1.0,1.0,1.0,1.0,1.0,1.0,0.9996117949485779,0.9894150495529175,0.9995546340942383,0.993459165096283,0.9991226196289062,0.9916407465934753,0.8815438151359558,0.9649425745010376,1.0
1971,1.0,1.0,1.0,1.0,1.0,1.0,1.0,1.0,0.999944269657135,0.9829349517822266,0.999663770198822,0.9997730851173401,0.9999470114707947,0.9562335014343262,0.8965423107147217,0.9713981747627258,1.0
1972,1.0,,1.0,1.0,1.0,1.0,,,0.9717488288879395,0.9988391995429993,0.9997471570968628,0.9994409680366516,0.9999276995658875,0.9261977672576904,0.6134762167930603,0.13963229954242706,2.0
1973,0.0,0.0,0.0,,0.0,0.0,,,0.0010714427335187793,0.001112501253373921,0.0008841230301186442,0.0001512977760285139,0.00846879743039608,0.00043328606989234686,0.013382463715970516,0.0005409912555478513,1.0
1974,0.0,0.0,0.0,,1.0,0.0,,,0.00502416305243969,0.03530135750770569,0.013372255489230156,5.634773333440535e-05,0.9934606552124023,0.048453982919454575,0.02393592894077301,0.0002125130849890411,4.0
1975,1.0,0.0,0.0,0.0,0.0,0.0,1.0,0.0,0.06694674491882324,0.044839948415756226,0.001434862962923944,0.018646594136953354,0.008423686027526855,0.0010784470941871405,0.1728748381137848,0.0028887607622891665,1.0
1976,0.0,,0.0,,0.0,0.0,,,0.001684602932073176,0.0019989137072116137,0.0013671257765963674,0.00022765083122067153,0.025089778006076813,0.000564035028219223,0.015644241124391556,0.00017942454724106938,0.0
1977,0.0,0.0,0.0,0.0,0.0,0.0,0.0,0.0,0.0005259659374132752,0.00029902029200457036,0.00031674178899265826,0.00011792495206464082,0.01268626656383276,0.00016547361155971885,0.007547255605459213,0.00026526086730882525,1.0
1978,0.0,0.0,,0.0,1.0,0.0,,,0.1985006183385849,0.09598999470472336,0.6859954595565796,0.6798225045204163,0.9329633116722107,0.012008074671030045,0.18121376633644104,0.0005723329377360642,3.0
1979,1.0,0.0,,1.0,1.0,0.0,,,0.8455950021743774,0.11234985291957855,0.9979631900787354,0.9970754384994507,0.9446403980255127,0.04988276958465576,0.14043617248535156,0.02172960340976715,2.0
1980,0.0,0.0,0.0,0.0,0.0,0.0,0.0,0.0,0.09450547397136688,0.0027956743724644184,0.000695945811457932,3.56378877768293e-05,0.008419704623520374,0.01369109284132719,0.03817395493388176,0.0005364647367969155,3.0
1981,1.0,1.0,1.0,1.0,1.0,,1.0,,0.9965651631355286,0.9968251585960388,0.9998860359191895,0.9994890093803406,0.9994877576828003,0.9994916915893555,0.9388434886932373,0.2926258146762848,4.0
1982,0.0,0.0,1.0,0.0,1.0,0.0,0.0,0.0,0.1938529759645462,0.19523432850837708,0.5274755358695984,0.0069021014496684074,0.9733617901802063,0.42198362946510315,0.040959566831588745,0.0002764693053904921,4.0
1983,1.0,1.0,1.0,1.0,1.0,1.0,1.0,0.0,0.9962248802185059,0.9993364214897156,0.9997841715812683,0.990383505821228,0.9981378316879272,0.9985941052436829,0.35156625509262085,0.5262131690979004,2.0
1984,0.0,,0.0,,0.0,0.0,,,0.011428341269493103,0.002693867776542902,0.0011048084124922752,0.00020748274982906878,0.41584062576293945,0.0005178474239073694,0.06019369885325432,0.000538162887096405,3.0
1985,0.0,0.0,0.0,0.0,0.0,0.0,0.0,0.0,0.0009823269210755825,0.0005970391212031245,0.0005366073455661535,9.600447810953483e-05,0.010167255066335201,0.0003522078914102167,0.002373862313106656,0.00013848523667547852,0.0
1986,0.0,0.0,0.0,0.0,0.0,0.0,0.0,0.0,0.0015406779712066054,0.0003580325865186751,8.125458407448605e-05,7.877852476667613e-05,0.015172549523413181,0.00013324787141755223,0.00781076867133379,0.00013915378076490015,4.0
1987,0.0,1.0,1.0,1.0,1.0,1.0,0.0,,0.88373863697052,0.9950274229049683,0.9998964071273804,0.9785720705986023,0.9999594688415527,0.9939720630645752,0.5898343324661255,0.0077314069494605064,3.0
1988,0.0,0.0,0.0,0.0,0.0,0.0,0.0,0.0,0.00038261088775470853,0.00018100463785231113,0.000798065448179841,8.120154961943626e-05,0.003897532355040312,0.0002248408563900739,0.0071009742096066475,0.00017496423970442265,2.0
1989,1.0,1.0,1.0,1.0,1.0,0.0,,,0.6030920743942261,0.7944913506507874,0.9213358163833618,0.7676351070404053,0.9852527379989624,0.5708986520767212,0.9354902505874634,0.09388545155525208,0.0
1990,1.0,1.0,1.0,1.0,1.0,1.0,1.0,0.0,0.9998568296432495,0.9993982911109924,0.9995958805084229,0.9984034299850464,0.9999858736991882,0.999802827835083,0.9878007173538208,0.8374093174934387,1.0
1991,0.0,1.0,1.0,0.0,1.0,1.0,0.0,0.0,0.6219390630722046,0.9487893581390381,0.9239257574081421,0.03670283779501915,0.9999037981033325,0.7568297386169434,0.11789236962795258,0.00030164734926074743,1.0
1992,0.0,,0.0,,0.0,0.0,,,0.001152927870862186,0.0013815800193697214,0.0010546973207965493,0.00023788139515090734,0.012152391485869884,0.0005006850697100163,0.013423952274024487,0.0005741784698329866,1.0
1993,0.0,,0.0,0.0,0.0,0.0,,,0.0011633961694315076,0.0006439161952584982,0.0008680124883539975,0.00010017472959589213,0.00836778525263071,0.00022718928812537342,0.0071815918199718,0.00012645179231185466,0.0
1994,0.0,,0.0,,0.0,0.0,,,0.0015866548055782914,0.0020743533968925476,0.0012753026094287634,3.836723408312537e-05,0.024751484394073486,0.0010609861928969622,0.03268878906965256,0.00041293379035778344,3.0
1995,,,,,,,0.0,0.0,0.20712853968143463,0.07998483628034592,0.052494555711746216,0.011349634267389774,0.122917041182518,0.1692659705877304,0.07966119796037674,0.0008397022029384971,2.0
1996,1.0,0.0,1.0,1.0,1.0,0.0,1.0,1.0,0.9996374845504761,0.8997321724891663,0.9991127252578735,0.9994081258773804,0.9208769202232361,0.030230998992919922,0.38765379786491394,0.9325071573257446,1.0
1997,0.0,,0.0,0.0,0.0,0.0,,,0.0007596265058964491,0.0005800074432045221,0.0001627303718123585,0.0001344204501947388,0.02479080855846405,0.000618547317571938,0.01930914632976055,0.0001140777749242261,4.0
1998,0.0,0.0,0.0,0.0,0.0,0.0,,,0.0015031334478408098,0.0004878387553617358,7.236667443066835e-05,5.659710950567387e-05,0.03201394900679588,0.00015330924361478537,0.013098804280161858,0.00012512288230936974,4.0
1999,0.0,0.0,0.0,0.0,0.0,0.0,0.0,0.0,0.0007112015155144036,0.0003505982749629766,0.0002964874729514122,4.623276254278608e-05,0.004540236666798592,0.00019776482076849788,0.009538053534924984,0.0001170071482192725,3.0
2000,1.0,1.0,1.0,0.0,1.0,1.0,0.0,,0.9677327275276184,0.9949586987495422,0.9921413660049438,0.8325338959693909,0.9998939037322998,0.8863503932952881,0.11084239184856415,0.2342962771654129,3.0
2001,1.0,1.0,1.0,1.0,1.0,1.0,,,0.9796882271766663,0.9937967658042908,0.9976170063018799,0.8855113983154297,0.9999276399612427,0.9993817806243896,0.8016612529754639,0.1194869875907898,1.0
2002,1.0,,1.0,,1.0,1.0,,,0.43776196241378784,0.9975818991661072,0.6819936037063599,0.7291200757026672,0.9999585151672363,0.9994208216667175,0.2475750893354416,0.16635733842849731,0.0
2003,1.0,1.0,1.0,1.0,1.0,1.0,1.0,1.0,0.9994068145751953,0.9998515248298645,0.999062180519104,0.9745374917984009,0.9999815225601196,0.9991458058357239,0.6804277300834656,0.5255510210990906,1.0
2004,0.0,0.0,0.0,0.0,1.0,0.0,,,0.0051572853699326515,0.06676167249679565,0.15905864536762238,6.857680273242295e-05,0.0229355376213789,0.0054613505490124226,0.01653079129755497,0.00012787152081727982,3.0
2005,1.0,1.0,1.0,1.0,1.0,1.0,1.0,,0.9983741641044617,0.999313473701477,0.9992442727088928,0.9983713030815125,0.9998788833618164,0.9933224320411682,0.6386011838912964,0.2351965308189392,2.0
2006,0.0,0.0,0.0,0.0,0.0,0.0,0.0,0.0,0.0009811618365347385,0.0008233038242906332,0.0001358149020234123,0.00014371822180692106,0.008610932156443596,0.0005779056809842587,0.01252369862049818,0.00022289017215371132,4.0
2007,0.0,0.0,0.0,0.0,1.0,0.0,1.0,,0.04017876088619232,0.058554816991090775,0.6844387650489807,0.0009023306192830205,0.5437827110290527,0.24274058640003204,0.04264439269900322,0.00038151038461364806,0.0
2008,1.0,1.0,1.0,1.0,1.0,1.0,1.0,,0.9989960193634033,0.5125699639320374,0.998276948928833,0.9857727885246277,0.9971410036087036,0.7689604163169861,0.06834149360656738,0.22156862914562225,1.0
2009,1.0,0.0,1.0,1.0,1.0,0.0,,,0.9731356501579285,0.5937770009040833,0.9990696310997009,0.9991750717163086,0.9876770377159119,0.3486188054084778,0.013764944858849049,0.04990830272436142,0.0
2010,1.0,1.0,1.0,1.0,1.0,1.0,,,0.8459880352020264,0.9991838932037354,0.9991840124130249,0.9964432120323181,0.9998583793640137,0.9981274008750916,0.21991318464279175,0.02838950604200363,2.0
2011,,,0.0,,0.0,0.0,,,0.0007205938454717398,0.0019101784564554691,0.001282614073716104,0.00037094231811352074,0.015517234802246094,0.0003061541065108031,0.02278817631304264,0.0005672204424627125,2.0
2012,1.0,1.0,1.0,0.0,1.0,1.0,,,0.7464767098426819,0.9659822583198547,0.6073869466781616,0.6142383813858032,0.9978967905044556,0.8953837752342224,0.44988471269607544,0.0024865958839654922,0.0
2013,0.0,0.0,0.0,0.0,0.0,0.0,,,0.0007015913142822683,0.0003259042860008776,0.00037477549631148577,3.117146479780786e-05,0.00798718724399805,0.0001530314184492454,0.009196747094392776,0.00011060515680583194,3.0
2014,0.0,1.0,1.0,0.0,1.0,1.0,0.0,0.0,0.12783516943454742,0.8082422614097595,0.9597381949424744,0.041187554597854614,0.9998817443847656,0.8244949579238892,0.030060794204473495,0.00024017524265218526,0.0
2015,0.0,,1.0,,1.0,0.0,,,0.003126661293208599,0.8206079602241516,0.24210484325885773,0.0004892772994935513,0.9663211107254028,0.03988818824291229,0.02411295287311077,0.00033700294443406165,3.0
2016,0.0,0.0,0.0,0.0,0.0,0.0,0.0,0.0,0.0008686811197549105,0.00029187879408709705,0.0004684293526224792,3.2184132578549907e-05,0.007853677496314049,0.00013432424748316407,0.005602825898677111,7.942906813696027e-05,3.0
2017,0.0,0.0,,0.0,0.0,0.0,0.0,0.0,0.002576563274487853,0.005270302761346102,0.0007713199593126774,0.00010327397467335686,0.05615680664777756,0.00043062734766863286,0.037332095205783844,0.00016196095384657383,3.0
2018,0.0,0.0,0.0,0.0,0.0,0.0,0.0,0.0,0.0006555774598382413,0.0003190243733115494,0.0004506698460318148,0.00012951721146237105,0.005448571871966124,0.00016814607079140842,0.018371867015957832,0.0002222740586148575,1.0
2019,0.0,0.0,0.0,0.0,0.0,0.0,0.0,0.0,0.0008579841814935207,0.00037309600156731904,0.0007179829990491271,0.00018562485638540238,0.010597605258226395,0.0003761055995710194,0.0065360595472157,0.00036318760248832405,1.0
2020,0.0,0.0,0.0,0.0,1.0,0.0,0.0,0.0,0.006380307022482157,0.3206618130207062,0.6034954190254211,0.046862032264471054,0.3826333284378052,0.011867102235555649,0.03891672566533089,0.0004681485006585717,2.0
2021,0.0,0.0,0.0,0.0,0.0,0.0,0.0,0.0,0.0008462108089588583,0.0002885141293518245,0.0003253926697652787,4.451745189726353e-05,0.007679997943341732,0.00020165916066616774,0.005499516148120165,9.116509318118915e-05,3.0
2022,0.0,,1.0,,1.0,0.0,,,0.008563035167753696,0.6758915781974792,0.8059195280075073,0.013622399419546127,0.9744990468025208,0.020028023049235344,0.051308516412973404,0.0002632694086059928,4.0
2023,0.0,,0.0,,0.0,0.0,,,0.004521829541772604,0.0018419838743284345,0.001160252490080893,4.2802832467714325e-05,0.010490024462342262,0.0011723799398168921,0.02995435893535614,0.00028259793180041015,3.0
2024,0.0,1.0,1.0,1.0,1.0,1.0,1.0,0.0,0.7782756090164185,0.9995181560516357,0.9997778534889221,0.7496281862258911,0.9994660019874573,0.9968353509902954,0.6777749061584473,0.002314746379852295,3.0
2025,0.0,1.0,1.0,0.0,1.0,1.0,,,0.06819317489862442,0.9613799452781677,0.9697806239128113,0.037797246128320694,0.9999226927757263,0.9574692845344543,0.3183930814266205,0.0003355079679749906,1.0
2026,0.0,0.0,0.0,0.0,0.0,0.0,0.0,0.0,0.0010535510955378413,0.0002947953180409968,0.0007082326919771731,0.0001753433607518673,0.006922840140759945,0.0003614397719502449,0.008952731266617775,0.00028560144710354507,1.0
2027,,,,,,,0.0,0.0,0.04992012307047844,0.013737115077674389,0.3769795596599579,0.002111878013238311,0.04803098738193512,0.4001559615135193,0.08579854667186737,0.0010076647158712149,4.0
2028,0.0,0.0,0.0,0.0,0.0,0.0,,,0.0038973107002675533,0.0007418074528686702,0.019361715763807297,0.00032787438249215484,0.5244528651237488,0.007716186810284853,0.011671032756567001,0.0003843266749754548,1.0
2029,0.0,0.0,0.0,0.0,0.0,0.0,,,0.000623670348431915,0.0004178402596153319,0.0004195983929093927,0.00013332749949768186,0.005316983908414841,0.00020056404173374176,0.009445725940167904,0.0004048210976179689,1.0
2030,1.0,1.0,,0.0,1.0,1.0,1.0,0.0,0.054858025163412094,0.9297253489494324,0.5518907308578491,0.032046396285295486,0.9998005032539368,0.1681709736585617,0.2064954936504364,0.002071268856525421,0.0
2031,1.0,1.0,1.0,1.0,1.0,1.0,0.0,,0.9915602207183838,0.9979676604270935,0.9991141557693481,0.9247807860374451,0.9999020099639893,0.8649694919586182,0.7135371565818787,0.4903244972229004,2.0
2032,0.0,1.0,1.0,1.0,1.0,1.0,0.0,0.0,0.6845055818557739,0.9521667957305908,0.9934794306755066,0.9189687371253967,0.9995411038398743,0.9986849427223206,0.12365775555372238,0.001420717453584075,1.0
2033,1.0,1.0,0.0,1.0,1.0,1.0,0.0,,0.9903618097305298,0.9249812364578247,0.9378495812416077,0.933070719242096,0.9963003396987915,0.8996275663375854,0.04047183692455292,0.9092145562171936,2.0
2034,0.0,,0.0,,0.0,0.0,,,0.0018127881921827793,0.0017128443578258157,0.002019715728238225,0.0004217828391119838,0.016731901094317436,0.000579263549298048,0.0338115319609642,0.00018719807849265635,0.0
2035,0.0,0.0,0.0,0.0,0.0,0.0,,,0.00036994353285990655,0.00022277214156929404,0.0009342316770926118,0.00011535453813849017,0.004236601758748293,0.00021202454809099436,0.01484645251184702,0.00019371075904928148,2.0
2036,,,,,,,0.0,0.0,0.04287035018205643,0.0488375723361969,0.063503697514534,0.0031222370453178883,0.07001706957817078,0.056747764348983765,0.04841087758541107,0.0006807718309573829,1.0
2037,0.0,0.0,0.0,0.0,0.0,0.0,0.0,0.0,0.0007389826932922006,0.000634673226159066,0.000688560598064214,0.00010917101462837309,0.014093423262238503,0.0001736804551910609,0.013836515136063099,0.00021158128220122308,1.0
2038,0.0,,0.0,,0.0,0.0,,,0.001974472776055336,0.0009375920635648072,0.0006743951817043126,5.562170554185286e-05,0.00948445126414299,0.000253878504736349,0.014574204571545124,0.0003465218178462237,4.0
2039,0.0,0.0,0.0,0.0,0.0,0.0,0.0,0.0,0.032272979617118835,0.12079506367444992,0.013067789375782013,0.0011851213639602065,0.10992055386304855,0.0006779718096368015,0.08142103999853134,0.0008550408529117703,3.0
2040,0.0,,1.0,,1.0,1.0,,,0.12975898385047913,0.953216016292572,0.4620473086833954,0.07011403888463974,0.999907374382019,0.9290057420730591,0.03517157956957817,0.00048074740334413946,2.0
2041,1.0,1.0,1.0,1.0,1.0,1.0,1.0,0.0,0.7807114124298096,0.9971137642860413,0.9999455809593201,0.9985419511795044,0.9999537467956543,0.9939665794372559,0.791822075843811,0.07539423555135727,4.0
2042,0.0,,0.0,,0.0,0.0,,,0.004798263311386108,0.0016281624557450414,0.002601600717753172,0.0009146567899733782,0.02188452146947384,0.0011209251824766397,0.12282782047986984,0.0004469183040782809,2.0
2043,0.0,0.0,0.0,0.0,0.0,0.0,0.0,0.0,0.0007978086941875517,0.00032986776204779744,0.00033483494189567864,2.9254264518385753e-05,0.007645233999937773,0.00014427379937842488,0.006372550036758184,0.00010239086986985058,3.0
2044,0.0,1.0,1.0,1.0,1.0,1.0,0.0,0.0,0.5371832847595215,0.996056854724884,0.9987767338752747,0.9427962303161621,0.9999046921730042,0.9997230768203735,0.19040384888648987,0.004298793151974678,2.0
2045,1.0,1.0,1.0,1.0,1.0,1.0,1.0,,0.9823060035705566,0.9992554783821106,0.9996649622917175,0.9727981686592102,0.9999132752418518,0.9964385032653809,0.7612525224685669,0.5443978905677795,4.0
2046,1.0,1.0,1.0,1.0,1.0,1.0,1.0,,0.9861676692962646,0.9967499375343323,0.994871199131012,0.9984568357467651,0.9999151825904846,0.9704225659370422,0.9702278971672058,0.3416876792907715,0.0
2047,0.0,,1.0,,1.0,0.0,,,0.015264410525560379,0.6177417635917664,0.7081818580627441,0.01178209949284792,0.9682268500328064,0.03828921914100647,0.04108622670173645,0.00025756345712579787,4.0
2048,0.0,,1.0,0.0,1.0,0.0,,,0.18619559705257416,0.7485960125923157,0.9225631952285767,0.7344300150871277,0.9411687850952148,0.2686615586280823,0.27776679396629333,0.001479369355365634,3.0
2049,0.0,,0.0,0.0,1.0,0.0,,,0.0013437283923849463,0.24699755012989044,0.0108450036495924,7.161750545492396e-05,0.99660724401474,0.1708754450082779,0.01860899105668068,0.00018118263687938452,4.0
2050,0.0,,0.0,0.0,0.0,0.0,,,0.0015564868226647377,0.0006737083895131946,0.0009375439258292317,0.00029632181394845247,0.027925604954361916,0.0005710311816073954,0.02528444491326809,0.00030446358141489327,1.0
2051,0.0,,1.0,,1.0,1.0,,,0.2719063460826874,0.9894745945930481,0.9783945083618164,0.9440422058105469,0.9999642968177795,0.9666220545768738,0.3038754165172577,0.001834558555856347,1.0
2052,0.0,,1.0,,1.0,1.0,,,0.09670112282037735,0.9946914315223694,0.9356247186660767,0.17298251390457153,0.9997495412826538,0.9875349998474121,0.1695631444454193,0.0020874931942671537,4.0
2053,0.0,,1.0,,1.0,0.0,,,0.06530435383319855,0.20292828977108002,0.6116190552711487,0.06042587757110596,0.9220068454742432,0.20478972792625427,0.05796055868268013,0.00039559940341860056,1.0
2054,0.0,0.0,0.0,0.0,0.0,0.0,,,0.0006107030203565955,0.001341329887509346,0.0010232084896415472,0.00015295646153390408,0.012554431334137917,0.00021698500495404005,0.011685156263411045,0.00030462516588158906,1.0
2055,0.0,,0.0,,0.0,0.0,,,0.0007001119665801525,0.0004768283397424966,0.0009183707879856229,0.00017112368368543684,0.015695543959736824,0.00037351148785091937,0.014332687482237816,0.0005062627606093884,2.0
2056,0.0,,1.0,0.0,1.0,0.0,,,0.03714822232723236,0.23214909434318542,0.7245927453041077,0.015001604333519936,0.9539855718612671,0.4726458787918091,0.04722481966018677,0.0001837666059145704,4.0
2057,0.0,,1.0,,1.0,1.0,,,0.1873074620962143,0.9941831827163696,0.9565704464912415,0.4847618341445923,0.9998550415039062,0.8783413171768188,0.2789462208747864,0.0031804172322154045,2.0
2058,0.0,0.0,0.0,0.0,0.0,0.0,,,0.0018549804808571935,0.001279483549296856,0.0009518665610812604,0.000716961978469044,0.04962851479649544,0.00019848806550726295,0.024890080094337463,0.00027535887784324586,1.0
2059,0.0,0.0,0.0,0.0,0.0,0.0,0.0,0.0,0.0007176700746640563,0.0003891622181981802,0.00011004756379406899,6.0170437791384757e-05,0.018771931529045105,0.00033519629505462945,0.012079915963113308,0.00017825426766648889,4.0
2060,0.0,0.0,1.0,0.0,1.0,0.0,,,0.06656807661056519,0.6947348117828369,0.7192310690879822,0.046751704066991806,0.9098110795021057,0.020272132009267807,0.09222090989351273,0.000345119449775666,2.0
2061,0.0,0.0,0.0,0.0,0.0,0.0,0.0,0.0,0.0012632622383534908,0.000314621051074937,7.720020221313462e-05,3.411219222471118e-05,0.004542385693639517,0.00020075228530913591,0.013850933872163296,0.00022184154659043998,4.0
2062,1.0,1.0,1.0,1.0,1.0,1.0,1.0,,0.9850077033042908,0.9824942946434021,0.9999079704284668,0.9998622536659241,0.9998440742492676,0.946248471736908,0.42929089069366455,0.7280459403991699,4.0
2063,1.0,1.0,1.0,1.0,1.0,1.0,1.0,,0.992680549621582,0.9860571026802063,0.9996548891067505,0.9997504949569702,0.9999646544456482,0.9421853423118591,0.1003057062625885,0.6208568811416626,1.0
2064,1.0,1.0,1.0,1.0,1.0,0.0,1.0,,0.6086627244949341,0.9588692784309387,0.9886878728866577,0.9088742733001709,0.9472517967224121,0.10087251663208008,0.6234144568443298,0.36469191312789917,4.0
2065,1.0,,1.0,1.0,1.0,1.0,,,0.445809930562973,0.9979987144470215,0.9993185997009277,0.9982174038887024,0.9999235272407532,0.9993706941604614,0.03836633265018463,0.02702757716178894,4.0
2066,0.0,,1.0,0.0,1.0,0.0,,,0.017356712371110916,0.7480791211128235,0.5645841360092163,0.7351831793785095,0.9596219658851624,0.7977800965309143,0.1258699893951416,0.0007696193642914295,3.0
2067,0.0,,0.0,,0.0,0.0,,,0.0019037243910133839,0.0017922568367794156,0.0010708393529057503,0.0002540023415349424,0.02087550237774849,0.0005997036350890994,0.01577136293053627,0.0001813996204873547,0.0
2068,0.0,0.0,0.0,0.0,0.0,0.0,0.0,0.0,0.005270505789667368,0.0009417014080099761,0.0005827235290780663,0.0002319774794159457,0.05324487015604973,0.0006532744155265391,0.1353052407503128,0.00028537228354252875,4.0
2069,0.0,0.0,0.0,0.0,0.0,0.0,,,0.0026201035361737013,0.0014529591426253319,0.0007990836165845394,0.00015014345990493894,0.04316706210374832,0.0005117760738357902,0.010039744898676872,0.00019562747911550105,0.0
2070,0.0,1.0,0.0,,0.0,0.0,,,0.009875092655420303,0.9634965062141418,0.003796312725171447,0.0004419932374730706,0.03953564167022705,0.0012101918691769242,0.0159178264439106,0.0012274059699848294,3.0
2071,0.0,0.0,0.0,,0.0,0.0,,,0.0008678367594256997,0.0009279706864617765,0.0008252850966528058,0.00014950981130823493,0.010575427673757076,0.00023181251890491694,0.006276203319430351,0.0004481361829675734,1.0
2072,0.0,0.0,0.0,0.0,1.0,0.0,,,0.001370308338664472,0.20343518257141113,0.023598914965987206,3.977302185376175e-05,0.9932360649108887,0.0072677284479141235,0.006734177004545927,0.00014633116370532662,3.0
2073,,,1.0,0.0,1.0,0.0,,,0.036209188401699066,0.47775837779045105,0.9220373034477234,0.7405998706817627,0.9548631906509399,0.20340992510318756,0.08329513669013977,0.002446205820888281,1.0
2074,1.0,1.0,1.0,1.0,1.0,1.0,1.0,0.0,0.9922321438789368,0.9993197321891785,0.9998719692230225,0.811038076877594,0.99986732006073,0.9996006488800049,0.8602166175842285,0.3155074417591095,4.0
2075,0.0,,0.0,,0.0,0.0,,,0.002573232399299741,0.01233617588877678,0.001519399113021791,0.0010588838486000896,0.02147391438484192,0.0013592998730018735,0.06204940006136894,0.0009488912764936686,1.0
2076,1.0,1.0,1.0,1.0,1.0,1.0,1.0,1.0,0.9999203085899353,0.9997041821479797,0.9996200203895569,0.9998451471328735,0.9999058842658997,0.9990681409835815,0.997961699962616,0.986980140209198,2.0
2077,1.0,1.0,1.0,1.0,1.0,1.0,1.0,1.0,0.9996791481971741,0.9993813633918762,0.9993945360183716,0.999565064907074,0.9999269843101501,0.9176368713378906,0.9955062866210938,0.9393449425697327,2.0
2078,0.0,0.0,0.0,0.0,0.0,0.0,0.0,0.0,0.0010893206344917417,0.0008518381509929895,0.0004294335376471281,2.8940183256054297e-05,0.009383166208863258,0.0004965855041518807,0.05506936088204384,6.86155108269304e-05,3.0
2079,0.0,,0.0,0.0,0.0,0.0,,,0.004634787328541279,0.0015692466404289007,0.0017901696264743805,5.336051253834739e-05,0.024717098101973534,0.0002630663802847266,0.05021608620882034,0.00013823162589687854,3.0
2080,0.0,,0.0,,0.0,0.0,,,0.0012931793462485075,0.0011431683087721467,0.0017850201111286879,3.680326699395664e-05,0.021500054746866226,0.00021198476315476,0.0146653912961483,0.0003577022871468216,3.0
2081,1.0,0.0,1.0,1.0,1.0,0.0,0.0,0.0,0.8878864049911499,0.5565667748451233,0.9994795322418213,0.99764484167099,0.9245043396949768,0.1520502269268036,0.07571151107549667,0.32381367683410645,3.0
2082,1.0,0.0,1.0,1.0,0.0,0.0,0.0,0.0,0.8557435274124146,0.02175854705274105,0.9964979887008667,0.9970486164093018,0.944963812828064,0.00800285767763853,0.01750517636537552,0.10631342977285385,1.0
2083,1.0,1.0,1.0,0.0,1.0,1.0,,,0.7673049569129944,0.9963446855545044,0.9990199208259583,0.9424799680709839,0.9999582767486572,0.6531374454498291,0.4229450821876526,0.04884094372391701,2.0
2084,1.0,1.0,1.0,1.0,1.0,1.0,1.0,0.0,0.9995866417884827,0.9998408555984497,0.9999403953552246,0.9989091157913208,0.9997421503067017,0.9998759627342224,0.7673784494400024,0.5334819555282593,3.0
2085,1.0,1.0,0.0,1.0,1.0,1.0,0.0,,0.4828481376171112,0.9836885929107666,0.9993383288383484,0.7574822902679443,0.9992164373397827,0.9931190013885498,0.5194894671440125,0.06122342869639397,4.0
2086,0.0,0.0,0.0,0.0,0.0,0.0,0.0,0.0,0.002195005537942052,0.0004115383489988744,0.0010185660794377327,8.899678505258635e-05,0.00621679425239563,0.0002742935612332076,0.003671871032565832,0.00014121193089522421,0.0
2087,0.0,0.0,0.0,0.0,0.0,0.0,,,0.0006314684287644923,0.0004408545501064509,0.0005407115677371621,0.00014331232523545623,0.009257392957806587,0.00017672483227215707,0.007247056346386671,0.00028130810824222863,1.0
2088,1.0,1.0,1.0,1.0,1.0,1.0,1.0,0.0,0.5683103203773499,0.9983285665512085,0.9998263120651245,0.9979040622711182,0.9998434782028198,0.8744707107543945,0.5146574378013611,0.031673822551965714,4.0
2089,0.0,0.0,0.0,0.0,0.0,0.0,0.0,0.0,0.0024848822504281998,0.0006189279956743121,0.0010320000583305955,0.00011782473302446306,0.0643482357263565,0.0004082405648659915,0.01714538410305977,0.00015306344721466303,0.0
2090,1.0,1.0,1.0,1.0,1.0,1.0,1.0,1.0,0.9999005794525146,0.9999585747718811,0.9998871684074402,0.9985086917877197,0.9999299049377441,0.9979062080383301,0.9957009553909302,0.9859442114830017,3.0
2091,1.0,1.0,1.0,1.0,1.0,1.0,1.0,1.0,0.9999755620956421,0.9999502897262573,0.9998160600662231,0.9995538592338562,0.9999759197235107,0.9997478127479553,0.9957201480865479,0.9972184300422668,0.0
2092,0.0,0.0,0.0,0.0,0.0,0.0,0.0,0.0,0.0008430376765318215,0.0004760007723234594,0.0003210781142115593,3.969595127273351e-05,0.006697427947074175,0.0003125517687294632,0.006663014180958271,9.820804552873597e-05,3.0
2093,0.0,1.0,0.0,0.0,1.0,0.0,0.0,0.0,0.1603260040283203,0.47642606496810913,0.7042106986045837,0.0010993683245033026,0.6529690027236938,0.8656988739967346,0.487911581993103,0.0014905029674991965,0.0
2094,0.0,1.0,1.0,0.0,1.0,1.0,0.0,0.0,0.2539604604244232,0.9441127181053162,0.9560419917106628,0.22221018373966217,0.9989954829216003,0.2680947780609131,0.103398397564888,0.0006343891727738082,1.0
2095,1.0,1.0,1.0,1.0,1.0,1.0,0.0,,0.5000938773155212,0.9992396831512451,0.9989086389541626,0.9980353116989136,0.9988332986831665,0.9686084389686584,0.7199938297271729,0.0792870745062828,3.0
2096,1.0,1.0,1.0,1.0,1.0,1.0,1.0,,0.9999632835388184,0.999545156955719,0.9986497163772583,0.9996948838233948,0.9999513030052185,0.9733961224555969,0.9963394403457642,0.9863952398300171,0.0
2097,0.0,0.0,0.0,0.0,0.0,0.0,0.0,0.0,0.0027071053627878428,0.0006593210273422301,0.0009608358959667385,4.217320019961335e-05,0.01198439672589302,0.0002691506815608591,0.008716514334082603,7.345641643041745e-05,3.0
2098,1.0,,1.0,1.0,1.0,1.0,,,0.9638810753822327,0.9995953440666199,0.9986463189125061,0.9479302763938904,0.9999270439147949,0.9995887279510498,0.9300939440727234,0.23634564876556396,1.0
2099,1.0,1.0,1.0,1.0,1.0,1.0,1.0,1.0,0.9997236728668213,0.9994180798530579,0.9995684623718262,0.9985548257827759,0.9998622536659241,0.998100221157074,0.9921728372573853,0.9954173564910889,2.0
2100,0.0,0.0,0.0,0.0,0.0,0.0,0.0,0.0,0.00060362828662619,0.00030633536516688764,0.0008872905164025724,0.00014511559857055545,0.0051240031607449055,0.0002958014374598861,0.03438231348991394,0.00024531412054784596,2.0
2101,0.0,1.0,1.0,1.0,1.0,1.0,0.0,0.0,0.7528243660926819,0.9767965078353882,0.9996214509010315,0.24070097506046295,0.999749481678009,0.9753895998001099,0.7082730531692505,0.004644289612770081,4.0
2102,1.0,,1.0,1.0,1.0,1.0,,,0.9793720245361328,0.9979681372642517,0.9995183944702148,0.9981457591056824,0.9998970031738281,0.970055341720581,0.407492458820343,0.05726514011621475,1.0
2103,1.0,,1.0,0.0,1.0,1.0,,,0.8406955599784851,0.8486647605895996,0.9642817974090576,0.392340749502182,0.9908104538917542,0.6897669434547424,0.4876757562160492,0.006179475225508213,2.0
2104,1.0,1.0,1.0,1.0,1.0,1.0,,,0.9996152520179749,0.9998332858085632,0.9997873902320862,0.9996647834777832,0.999875545501709,0.9562633037567139,0.991489589214325,0.9553772211074829,2.0
2105,1.0,1.0,1.0,1.0,1.0,1.0,1.0,1.0,0.99088054895401,0.9996565580368042,0.9995320439338684,0.9996379613876343,0.9999759197235107,0.9632098078727722,0.5232837200164795,0.07289493083953857,1.0
2106,0.0,0.0,0.0,0.0,0.0,0.0,0.0,0.0,0.0009689365397207439,0.0009624589583836496,0.0008133454830385745,3.341100818943232e-05,0.006446068175137043,0.00022773974342271686,0.007574761286377907,0.00011987535253865644,3.0
2107,1.0,1.0,1.0,1.0,1.0,1.0,1.0,1.0,0.9999644756317139,0.9999443888664246,0.9998877644538879,0.9985963702201843,0.9998977184295654,0.9989171028137207,0.9669171571731567,0.9963433146476746,3.0
2108,,0.0,0.0,0.0,0.0,,0.0,0.0,0.0021102132741361856,0.002828675089403987,0.0006107999361120164,0.0002460104878991842,0.0020834391470998526,0.0003804236475843936,0.007098283618688583,0.00019095887546427548,0.0
2109,0.0,0.0,0.0,,0.0,0.0,,,0.025453604757785797,0.1102086529135704,0.002711349632591009,0.0001806937507353723,0.01940016821026802,0.002542851259931922,0.01207865122705698,0.000973699614405632,3.0
2110,0.0,0.0,0.0,0.0,1.0,1.0,,,0.008564889430999756,0.823803722858429,0.14352521300315857,0.001288748113438487,0.9988188743591309,0.06580716371536255,0.01665244624018669,0.00021487183403223753,1.0
2111,0.0,0.0,0.0,0.0,0.0,0.0,0.0,0.0,0.2605902850627899,0.012158907949924469,0.000846187409479171,0.00017647334607318044,0.06900572776794434,0.000527319498360157,0.008977570571005344,0.0003329920582473278,3.0
2112,0.0,,0.0,,0.0,0.0,,,0.0008139053825289011,0.0004107194545213133,0.0010075903264805675,0.00011011407332262024,0.012353630736470222,0.00028393606771714985,0.01848585158586502,0.0004141932586207986,2.0
2113,0.0,,0.0,0.0,0.0,0.0,,,0.00072010129224509,0.0006931780953891575,0.0011171306250616908,0.00015226047253236175,0.023843735456466675,0.00031841520103625953,0.011485129594802856,0.00027637919993139803,1.0
2114,0.0,,0.0,0.0,0.0,0.0,,,0.006265485659241676,0.0009199155610986054,0.007024050690233707,0.00015773095947224647,0.0652661919593811,0.0022973946761339903,0.2664499580860138,0.00019546711700968444,0.0
2115,0.0,0.0,1.0,1.0,0.0,0.0,,,0.9543513655662537,0.09712037444114685,0.19582851231098175,0.010566577315330505,0.7752315402030945,0.0012010120553895831,0.15944500267505646,0.015183012001216412,3.0
2116,0.0,1.0,0.0,0.0,0.0,0.0,0.0,0.0,0.058401644229888916,0.9540428519248962,0.011433036997914314,0.0016056797467172146,0.17018090188503265,0.0008213844266720116,0.015022464096546173,0.0012059498112648726,3.0
2117,0.0,0.0,0.0,0.0,0.0,0.0,0.0,0.0,0.000543326314073056,0.00031246780417859554,0.0006991673726588488,9.636135655455291e-05,0.009460954926908016,0.000350772199453786,0.006840702146291733,0.0001749217917677015,2.0
2118,1.0,1.0,1.0,1.0,1.0,1.0,1.0,1.0,0.9999648332595825,0.999896228313446,0.9998031258583069,0.9976918697357178,0.9999266862869263,0.9998250603675842,0.904080331325531,0.9975788593292236,2.0
2119,1.0,1.0,1.0,1.0,1.0,1.0,1.0,1.0,0.9999409914016724,0.9999160766601562,0.9999016523361206,0.9958474636077881,0.9999666810035706,0.9996813535690308,0.9865286350250244,0.9019549489021301,0.0
2120,0.0,1.0,1.0,0.0,1.0,1.0,0.0,0.0,0.5648749470710754,0.9928486943244934,0.9971300363540649,0.44714006781578064,0.9998763203620911,0.9997360110282898,0.17218142747879028,0.0017067010048776865,2.0
2121,0.0,0.0,0.0,0.0,0.0,0.0,0.0,0.0,0.0010674879886209965,0.0392625629901886,0.002230479149147868,0.00023725595383439213,0.1618460863828659,0.0009240981889888644,0.012888455763459206,0.00024273085000459105,1.0
2122,0.0,,1.0,1.0,1.0,1.0,,,0.39266037940979004,0.9949508905410767,0.9983925819396973,0.9605939388275146,0.999937891960144,0.9797595739364624,0.26741939783096313,0.0072245486080646515,0.0
2123,0.0,,0.0,,1.0,0.0,,,0.008970018476247787,0.2631760537624359,0.3757052719593048,0.004396905656903982,0.13572505116462708,0.0779077410697937,0.055894702672958374,0.0006929439259693027,2.0
2124,1.0,,1.0,,1.0,0.0,,,0.8783008456230164,0.9450196623802185,0.9262294769287109,0.16256779432296753,0.9885789752006531,0.9960941076278687,0.46852269768714905,0.07441551983356476,2.0
2125,1.0,,1.0,,1.0,1.0,,,0.999377965927124,0.9971653819084167,0.9809830784797668,0.8513134121894836,0.9999138712882996,0.9953237175941467,0.5809166431427002,0.6781833171844482,1.0
2126,1.0,1.0,1.0,1.0,1.0,1.0,1.0,,0.9990900754928589,0.9996859431266785,0.9994251728057861,0.9646364450454712,0.9999661445617676,0.974642276763916,0.971918523311615,0.9051616787910461,0.0
2127,0.0,1.0,1.0,1.0,1.0,1.0,0.0,0.0,0.9186248779296875,0.9875979423522949,0.997916042804718,0.5816099643707275,0.996803879737854,0.9876126646995544,0.1653396487236023,0.03444966301321983,2.0
2128,0.0,,0.0,0.0,0.0,0.0,,,0.0011278270976617932,0.0005348552949726582,0.0008745602681301534,0.00037090483237989247,0.018613066524267197,0.00040057991282083094,0.014588802121579647,0.0001517354103270918,0.0
2129,0.0,0.0,0.0,0.0,0.0,0.0,0.0,0.0,0.0010089195566251874,0.00038203413714654744,0.0008895708597265184,7.715182437095791e-05,0.005145476199686527,0.0002606008492875844,0.002981965895742178,0.00014455658674705774,0.0
2130,1.0,1.0,0.0,0.0,1.0,0.0,0.0,0.0,0.6309134364128113,0.9207671284675598,0.962000846862793,0.022641008719801903,0.5376608967781067,0.30721935629844666,0.5536361336708069,0.04831346869468689,3.0
2131,0.0,0.0,0.0,0.0,0.0,0.0,0.0,0.0,0.0006539082387462258,0.0002793238963931799,0.00010444383951835334,4.255911335349083e-05,0.00482562743127346,0.0001997494837269187,0.006581494119018316,0.0001886169775389135,4.0
2132,1.0,1.0,1.0,1.0,1.0,1.0,1.0,1.0,0.9998284578323364,0.999767005443573,0.9996091723442078,0.9933993816375732,0.9999377131462097,0.9997723698616028,0.9948891997337341,0.8881592154502869,1.0
2133,0.0,0.0,0.0,0.0,0.0,0.0,0.0,0.0,0.0010113745229318738,0.00044725550105795264,0.00048643891932442784,2.9767366868327372e-05,0.00668643182143569,0.0003170001145917922,0.01991146244108677,0.0001352286635665223,3.0
2134,0.0,0.0,0.0,0.0,1.0,1.0,0.0,0.0,0.015549389645457268,0.5199487209320068,0.22745567560195923,0.0004755991976708174,0.9998128414154053,0.5227499008178711,0.0049393512308597565,0.0001167006412288174,0.0
2135,1.0,1.0,1.0,0.0,1.0,0.0,1.0,1.0,0.9943729043006897,0.9852231740951538,0.8566893339157104,0.998113751411438,0.9587219953536987,0.9789584875106812,0.9690346717834473,0.1627778857946396,4.0
2136,1.0,1.0,1.0,1.0,1.0,1.0,1.0,1.0,0.999617338180542,0.9999143481254578,0.9988788962364197,0.9997687935829163,0.9999159574508667,0.9792430996894836,0.9643765687942505,0.9871988296508789,0.0
2137,1.0,1.0,1.0,1.0,1.0,1.0,,,0.8214640617370605,0.9960644245147705,0.9996558427810669,0.9941585659980774,0.9999039769172668,0.9926861524581909,0.7332584857940674,0.03369039669632912,4.0
2138,0.0,,1.0,1.0,1.0,1.0,,,0.681647539138794,0.9937399625778198,0.9843887090682983,0.03300544619560242,0.9976155757904053,0.8550828695297241,0.1095796748995781,0.0012496175477281213,3.0
2139,0.0,0.0,1.0,0.0,1.0,0.0,1.0,0.0,0.07180797308683395,0.40031200647354126,0.42592042684555054,0.011733549647033215,0.8740518689155579,0.0698457658290863,0.13147065043449402,0.0002678582677617669,4.0
2140,1.0,1.0,1.0,1.0,1.0,1.0,1.0,0.0,0.9952811598777771,0.9996763467788696,0.9998365640640259,0.9986457228660583,0.9994192719459534,0.9227163195610046,0.9965828061103821,0.45993468165397644,3.0
2141,0.0,0.0,0.0,0.0,0.0,0.0,0.0,0.0,0.0008629040676169097,0.000645725813228637,0.00043538608588278294,0.00014109027688391507,0.012072325684130192,0.0004159773525316268,0.07092996686697006,0.0003056982532143593,1.0
2142,1.0,1.0,1.0,1.0,1.0,0.0,1.0,1.0,0.9998999238014221,0.9971133470535278,0.9997175335884094,0.9997926354408264,0.9656776785850525,0.2400474101305008,0.8926258683204651,0.915934681892395,4.0
2143,1.0,1.0,1.0,1.0,1.0,1.0,0.0,0.0,0.8649729490280151,0.9970276355743408,0.9997270107269287,0.9996453523635864,0.999980092048645,0.998859167098999,0.3338753879070282,0.03981505706906319,0.0
2144,1.0,,1.0,1.0,1.0,1.0,,,0.6202920079231262,0.9976266622543335,0.9839521050453186,0.9980011582374573,0.9999386072158813,0.9924108386039734,0.8095756769180298,0.05611889064311981,0.0
2145,1.0,1.0,1.0,0.0,1.0,1.0,1.0,,0.9394434690475464,0.9896664619445801,0.9985898733139038,0.6627557277679443,0.9999085664749146,0.9984233975410461,0.8682129383087158,0.07136242836713791,2.0
2146,0.0,0.0,0.0,0.0,0.0,0.0,0.0,0.0,0.006303032860159874,0.003701928537338972,0.00024516452685929835,0.00018803153943736106,0.026208585128188133,0.0002515771484468132,0.007650876417756081,0.0011208639480173588,4.0
2147,0.0,0.0,0.0,0.0,0.0,0.0,0.0,0.0,0.000846069713588804,0.0003826320171356201,0.0006331219337880611,6.025694528943859e-05,0.007738219574093819,0.0002736477181315422,0.0030649229884147644,0.00013642956037074327,0.0
2148,0.0,,0.0,0.0,0.0,0.0,,,0.0016364563489332795,0.0008986126631498337,0.0012547648511826992,0.00013962369121145457,0.03473726287484169,0.00046088031376712024,0.12661896646022797,0.00036903188447467983,0.0
2149,0.0,,1.0,,1.0,1.0,,,0.1202678456902504,0.9714598059654236,0.9229733943939209,0.7982285022735596,0.9991714954376221,0.46454474329948425,0.3397229313850403,0.002196056069806218,2.0
2150,0.0,,0.0,,0.0,0.0,,,0.00107934745028615,0.0023967057932168245,0.0009383400320075452,0.00020357225730549544,0.017818715423345566,0.0008598589338362217,0.02324579283595085,0.00046155735617503524,1.0
2151,1.0,1.0,1.0,1.0,1.0,1.0,0.0,,0.9851628541946411,0.9993073344230652,0.9734637141227722,0.6964901089668274,0.9999512434005737,0.9990569353103638,0.27772238850593567,0.3327313959598541,2.0
2152,0.0,0.0,0.0,0.0,0.0,0.0,0.0,0.0,0.0014910538448020816,0.0002776156470645219,0.000417506555095315,7.189575262600556e-05,0.006236780434846878,0.0003615321475081146,0.012769595719873905,0.00010116402700077742,3.0
2153,1.0,1.0,1.0,1.0,1.0,,,,0.9783255457878113,0.9992925524711609,0.9974945187568665,0.9934830665588379,0.9993754625320435,0.9995047450065613,0.9952429533004761,0.3176581859588623,3.0
2154,0.0,,0.0,0.0,0.0,0.0,,,0.001779479323886335,0.0012368510942906141,0.0008914959034882486,0.00017711879627313465,0.005437960848212242,0.00034428367507644,0.04509539157152176,0.00035037772613577545,0.0
2155,1.0,1.0,1.0,1.0,1.0,0.0,1.0,,0.9233140349388123,0.9103142619132996,0.9992160797119141,0.9949252605438232,0.8530824184417725,0.31025230884552,0.5512866377830505,0.08346709609031677,0.0
2156,1.0,1.0,1.0,1.0,1.0,1.0,,,0.9998218417167664,0.5771892070770264,0.9996082782745361,0.9980934262275696,0.9990719556808472,0.9726362824440002,0.08939366042613983,0.09516458213329315,1.0
2157,0.0,0.0,0.0,,0.0,0.0,,,0.0011944727739319205,0.15569408237934113,0.0024283831007778645,0.00017804891103878617,0.25302886962890625,0.0011070931795984507,0.010039405897259712,0.0004913900047540665,1.0
2158,0.0,,0.0,0.0,0.0,0.0,,,0.0006193451699800789,0.0004004662623628974,0.00013849693641532212,6.65132247377187e-05,0.01816062070429325,0.0002016873040702194,0.00942378118634224,0.0001347455836366862,4.0
2159,0.0,,0.0,,0.0,0.0,,,0.0019291896605864167,0.0010034787701442838,0.0006631246069446206,6.52310554869473e-05,0.01965150237083435,0.0002841036766767502,0.010649161413311958,0.00028244699933566153,4.0
2160,0.0,0.0,0.0,0.0,1.0,0.0,,,0.05322011932730675,0.0235887598246336,0.013511763885617256,0.0006589036202058196,0.9902185797691345,0.0058994172140955925,0.007642167154699564,9.821171988733113e-05,4.0
2161,0.0,0.0,0.0,0.0,0.0,0.0,,,0.012955289334058762,0.0008608291391283274,0.00047631197958253324,0.00019356799020897597,0.009014138020575047,0.00030291645089164376,0.058970123529434204,0.00044390029506757855,2.0
2162,1.0,1.0,1.0,1.0,1.0,1.0,0.0,1.0,0.9995428323745728,0.999808132648468,0.9994395971298218,0.9991744160652161,0.9999136924743652,0.9997481107711792,0.9695995450019836,0.5530255436897278,2.0
2163,1.0,1.0,1.0,1.0,1.0,1.0,0.0,1.0,0.9999539852142334,0.999444842338562,0.9977670311927795,0.9989749193191528,0.9986990690231323,0.7042433023452759,0.8785001039505005,0.9605156779289246,0.0
2164,0.0,0.0,0.0,0.0,0.0,0.0,,,0.0006142163183540106,0.0009780132677406073,0.0003226623812224716,5.8645491662900895e-05,0.06270696967840195,0.00022488531249109656,0.007787500042468309,0.0002027593000093475,4.0
2165,1.0,1.0,1.0,1.0,1.0,1.0,1.0,,0.9983037710189819,0.9998377561569214,0.9993811845779419,0.9978379607200623,0.9998595714569092,0.9996877312660217,0.9973785281181335,0.8909075260162354,1.0
2166,0.0,0.0,0.0,0.0,0.0,0.0,0.0,0.0,0.0008139641722664237,0.00045483134454116225,0.0004820355970878154,6.242463132366538e-05,0.006605382077395916,0.0002734624722506851,0.0022198008373379707,0.00012696311750914901,0.0
2167,1.0,1.0,1.0,1.0,1.0,1.0,,,0.9997649192810059,0.9997079372406006,0.9992628693580627,0.9668641686439514,0.9999155402183533,0.9995702505111694,0.47628459334373474,0.8518238663673401,4.0
2168,1.0,1.0,1.0,1.0,1.0,1.0,,,0.9995967745780945,0.9904682636260986,0.9983326196670532,0.9048925042152405,0.9979212880134583,0.8075870275497437,0.9611422419548035,0.6887781023979187,1.0
2169,,,1.0,1.0,1.0,1.0,,,0.8559504747390747,0.9853951930999756,0.9974155426025391,0.9811645150184631,0.9986814856529236,0.9877836108207703,0.3591587543487549,0.008210229687392712,4.0
2170,1.0,,1.0,1.0,1.0,1.0,,,0.9993994832038879,0.9998741745948792,0.9981709718704224,0.9975340962409973,0.9998127818107605,0.9966716766357422,0.9392679333686829,0.39951956272125244,2.0
2171,0.0,0.0,0.0,0.0,0.0,0.0,0.0,0.0,0.0008324187365360558,0.0004868584801442921,0.000519482942763716,8.01872301963158e-05,0.006765175610780716,0.0003067028592340648,0.002563096582889557,0.00013108701386954635,0.0
2172,0.0,,1.0,1.0,1.0,1.0,,,0.4794524610042572,0.9978519082069397,0.995943546295166,0.939295768737793,0.9989117383956909,0.9578485488891602,0.07733965665102005,0.002493098843842745,2.0
2173,0.0,0.0,0.0,0.0,0.0,0.0,0.0,0.0,0.006586533971130848,0.002623600885272026,0.00039463810389861465,0.0002060200204141438,0.042360819876194,0.0010388029040768743,0.07172832638025284,0.00033556082053110003,3.0
2174,0.0,0.0,0.0,0.0,0.0,0.0,0.0,0.0,0.0012490274384617805,0.000662354112137109,0.00012182081991340965,0.00013599396334029734,0.006542690563946962,0.00046454500989057124,0.018197376281023026,0.0001428937102900818,4.0
2175,0.0,0.0,0.0,0.0,0.0,0.0,0.0,0.0,0.009750520810484886,0.0004524689575191587,0.0008008118602447212,0.00018802948761731386,0.01779622957110405,0.0002583183813840151,0.0366031713783741,0.00035282823955640197,2.0
2176,1.0,1.0,1.0,1.0,1.0,1.0,0.0,0.0,0.9966945052146912,0.9988119006156921,0.9966259598731995,0.9653332829475403,0.9997748136520386,0.9997117519378662,0.3710300028324127,0.4950917959213257,0.0
2177,1.0,1.0,1.0,1.0,1.0,1.0,0.0,0.0,0.9968617558479309,0.9924383759498596,0.9972131252288818,0.8720219135284424,0.9991345405578613,0.9982853531837463,0.42999932169914246,0.1404404640197754,1.0
2178,1.0,,1.0,1.0,1.0,1.0,,,0.8995873928070068,0.9959673285484314,0.9992175102233887,0.9958118796348572,0.9999558329582214,0.9993103742599487,0.8072702288627625,0.14632882177829742,0.0
2179,1.0,1.0,1.0,1.0,1.0,1.0,1.0,1.0,0.9999580383300781,0.9997708201408386,0.9996181726455688,0.9929465651512146,0.9999173879623413,0.9992985725402832,0.9097681641578674,0.9924996495246887,3.0
2180,1.0,1.0,1.0,1.0,1.0,1.0,1.0,0.0,0.9680007100105286,0.9980323314666748,0.9980336427688599,0.4033437669277191,0.9998288750648499,0.943131685256958,0.8476434350013733,0.22305355966091156,1.0
2181,0.0,,0.0,,0.0,0.0,,,0.0010741404257714748,0.0009904000908136368,0.0007795342244207859,0.00020474572374951094,0.011946143582463264,0.0005514254444278777,0.01924258843064308,0.0006588494288735092,1.0
2182,1.0,1.0,1.0,0.0,1.0,1.0,,,0.03907010331749916,0.9810004830360413,0.9712921977043152,0.11503516882658005,0.9997881650924683,0.9351180195808411,0.15592387318611145,0.0013534689787775278,4.0
2183,1.0,1.0,1.0,1.0,1.0,1.0,1.0,1.0,0.9946105480194092,0.9990368485450745,0.9964631795883179,0.9981650114059448,0.9996538162231445,0.9785777926445007,0.8309941291809082,0.3580406904220581,1.0
2184,1.0,1.0,1.0,0.0,1.0,1.0,1.0,0.0,0.19380058348178864,0.9712579846382141,0.9124738574028015,0.08157220482826233,0.9999192953109741,0.9188129305839539,0.4080455005168915,0.010787381790578365,0.0
2185,0.0,,0.0,,0.0,0.0,,,0.013633019290864468,0.0018038400448858738,0.0008371408912353218,0.0006630443967878819,0.04161393642425537,0.0007819401216693223,0.042229730635881424,0.00032013049349188805,4.0
2186,1.0,,1.0,,1.0,0.0,,,0.7671089768409729,0.9591387510299683,0.9778393507003784,0.35872766375541687,0.9665204286575317,0.06687317043542862,0.1767514944076538,0.07028359919786453,2.0
2187,1.0,,1.0,,1.0,0.0,,,0.9423123002052307,0.9898990988731384,0.9852412343025208,0.950568437576294,0.9850148558616638,0.09276847541332245,0.6156240701675415,0.4558261036872864,3.0
2188,0.0,1.0,0.0,0.0,0.0,0.0,,,0.023281924426555634,0.90861976146698,0.0010926831746473908,0.0005258280434645712,0.02335529774427414,0.0012026464100927114,0.01815023459494114,0.0006906564813107252,3.0
2189,0.0,0.0,0.0,0.0,0.0,0.0,0.0,0.0,0.0010587110882624984,0.0007050525164231658,0.0005426747957244515,0.00012777699157595634,0.006838006898760796,0.0005627228529192507,0.0030634005088359118,0.00021134653070475906,0.0
2190,0.0,0.0,0.0,0.0,0.0,0.0,0.0,0.0,0.0008335186867043376,0.00027805418358184397,0.00032126778387464583,3.228865534765646e-05,0.004996266216039658,0.0002281639608554542,0.007400890812277794,0.00013225889415480196,3.0
2191,0.0,,1.0,0.0,1.0,1.0,,,0.09153065830469131,0.9251497387886047,0.9236642718315125,0.04169793054461479,0.9995073080062866,0.9876953959465027,0.1233653873205185,0.00043986784294247627,4.0
2192,0.0,,0.0,0.0,0.0,0.0,,,0.0012396411038935184,0.001121795387007296,0.004081771709024906,0.00034468655940145254,0.039642736315727234,0.00057285773800686,0.02015482448041439,0.00031967172981239855,2.0
2193,1.0,,1.0,1.0,1.0,1.0,,,0.9889492988586426,0.9994993805885315,0.9995123744010925,0.9835222363471985,0.9999876618385315,0.9998793601989746,0.8748924732208252,0.20229604840278625,0.0
2194,1.0,,1.0,0.0,1.0,1.0,,,0.9057607650756836,0.9834163784980774,0.9910371899604797,0.6307490468025208,0.9998892545700073,0.9930891990661621,0.5327974557876587,0.028637653216719627,2.0
2195,,,1.0,,1.0,0.0,,,0.18635374307632446,0.5682758688926697,0.7501979470252991,0.7410284280776978,0.9883994460105896,0.2414100170135498,0.023052450269460678,0.01966513879597187,3.0
2196,0.0,0.0,0.0,0.0,0.0,0.0,0.0,0.0,0.0007775541162118316,0.0006063690525479615,0.0005234638229012489,7.089319842634723e-05,0.008798819035291672,0.0002919685503002256,0.0075163282454013824,0.00014096908853389323,0.0
2197,1.0,1.0,1.0,1.0,1.0,1.0,1.0,0.0,0.9931184649467468,0.9975342154502869,0.9921009540557861,0.9976851940155029,0.9996739029884338,0.8921364545822144,0.7131359577178955,0.12170788645744324,1.0
2198,0.0,,0.0,,0.0,0.0,,,0.0023562402930110693,0.0013552901800721884,0.0013342794263735414,0.00013906309322919697,0.026875250041484833,0.00037866021739318967,0.009898827411234379,0.0003045568591915071,0.0
2199,0.0,1.0,0.0,0.0,0.0,0.0,0.0,0.0,0.4177950620651245,0.7941917777061462,0.06057418882846832,0.010723425075411797,0.11185087263584137,0.0022713865619152784,0.04415501281619072,0.00277522555552423,2.0
2200,1.0,1.0,,1.0,1.0,1.0,1.0,0.0,0.9953025579452515,0.9949398040771484,0.9993683695793152,0.9449535608291626,0.9998825788497925,0.9994010329246521,0.9460994601249695,0.38726991415023804,1.0
2201,1.0,1.0,1.0,1.0,1.0,1.0,0.0,0.0,0.9924532771110535,0.9984361529350281,0.9982810616493225,0.9924500584602356,0.9999049305915833,0.9312631487846375,0.1700659692287445,0.2594916820526123,2.0
2202,1.0,1.0,1.0,1.0,1.0,1.0,1.0,0.0,0.9282948970794678,0.9993640184402466,0.9664896726608276,0.8690387010574341,0.9996525049209595,0.989785373210907,0.9369941353797913,0.12531088292598724,2.0
2203,0.0,0.0,0.0,0.0,0.0,0.0,0.0,0.0,0.0011089312611147761,0.0009191226563416421,0.0008653990807943046,8.201773016480729e-05,0.031161203980445862,0.0005252528353594244,0.004556836560368538,0.00018043869931716472,0.0
2204,0.0,0.0,0.0,0.0,1.0,0.0,0.0,,0.0031816817354410887,0.20948849618434906,0.14015817642211914,0.0005971108330413699,0.021988019347190857,0.03871617466211319,0.05648104101419449,0.00026957126101478934,2.0
2205,0.0,0.0,0.0,0.0,0.0,0.0,0.0,0.0,0.0006731791654601693,0.00045811894233338535,0.0005683160852640867,0.0001148967639892362,0.012242548167705536,0.00018706702394410968,0.0073158834129571915,0.0001976637722691521,1.0
2206,0.0,,0.0,0.0,0.0,0.0,,,0.00948464497923851,0.0008297098684124649,0.0004850161785725504,0.0006099481834098697,0.0689416229724884,0.0006463017780333757,0.038363002240657806,0.00025851468672044575,4.0
2207,0.0,0.0,0.0,0.0,0.0,0.0,0.0,0.0,0.0007357546710409224,0.00023905585112515837,5.800582221127115e-05,3.0374749258044176e-05,0.013778157532215118,0.00023131078341975808,0.006798572838306427,0.0003978692111559212,4.0
2208,0.0,0.0,0.0,0.0,0.0,0.0,0.0,0.0,0.00028909690445289016,0.00018364351126365364,0.00042847986333072186,8.070973126450554e-05,0.00760321319103241,0.00017765845404937863,0.0041090697050094604,0.00020840733486693352,2.0
2209,,0.0,0.0,0.0,0.0,,0.0,0.0,0.000898525642696768,0.0044095683842897415,0.0007434683502651751,0.0004526259144768119,0.006065702065825462,0.00020329788094386458,0.00767024839296937,0.00022649424499832094,1.0
2210,0.0,0.0,0.0,0.0,0.0,0.0,0.0,0.0,0.0008367093396373093,0.0006172229186631739,0.0007184946443885565,0.00019848726515192538,0.011122054420411587,0.000397311057895422,0.015050983056426048,0.0003449303039815277,2.0
2211,1.0,1.0,1.0,1.0,1.0,1.0,1.0,1.0,0.9998487830162048,0.999863862991333,0.9998349547386169,0.9993859529495239,0.9999502897262573,0.9053028225898743,0.9693577289581299,0.8868177533149719,2.0
2212,0.0,0.0,0.0,0.0,0.0,0.0,0.0,0.0,0.0006883760797791183,0.00045615111594088376,0.0004894743906334043,5.490369949257001e-05,0.009205885231494904,0.00019419829186517745,0.00233360193669796,0.00013661413686349988,0.0
2213,1.0,1.0,1.0,1.0,1.0,1.0,1.0,1.0,0.9998928308486938,0.9993528723716736,0.9996306300163269,0.9997365474700928,0.9999295473098755,0.9960072636604309,0.7768022418022156,0.4285111725330353,0.0
2214,1.0,1.0,0.0,0.0,1.0,1.0,0.0,0.0,0.9101080298423767,0.9951810240745544,0.7611302137374878,0.3337725102901459,0.9993301630020142,0.8975355625152588,0.04492667689919472,0.025074096396565437,4.0
2215,1.0,1.0,1.0,1.0,1.0,1.0,1.0,0.0,0.9993538856506348,0.9997178316116333,0.9998966455459595,0.9992257356643677,0.9997674822807312,0.9996423721313477,0.9642003178596497,0.3972398042678833,2.0
2216,1.0,,1.0,1.0,1.0,1.0,,,0.9935685992240906,0.9975178837776184,0.9983372092247009,0.9992274641990662,0.999403715133667,0.9952496290206909,0.3727477788925171,0.09986373782157898,2.0
2217,1.0,1.0,1.0,1.0,1.0,1.0,1.0,0.0,0.9751091003417969,0.9995507001876831,0.9997614622116089,0.9988141059875488,0.9999882578849792,0.9982019662857056,0.9838572144508362,0.23082800209522247,0.0
2218,1.0,1.0,1.0,1.0,1.0,,1.0,,0.988530158996582,0.9986343383789062,0.9994611144065857,0.9923317432403564,0.9988818764686584,0.9996647834777832,0.8916696310043335,0.5729387998580933,3.0
2219,1.0,1.0,,1.0,1.0,1.0,1.0,0.0,0.9977772235870361,0.9971932768821716,0.9998496770858765,0.997023344039917,0.9996774196624756,0.9458972215652466,0.7082297801971436,0.7827860116958618,4.0
2220,0.0,,1.0,,1.0,1.0,,,0.4380995035171509,0.9269281625747681,0.9955358505249023,0.3536308705806732,0.9999604225158691,0.8583228588104248,0.1521816998720169,0.003702901303768158,0.0
2221,0.0,0.0,0.0,0.0,0.0,0.0,0.0,0.0,0.024636119604110718,0.35424572229385376,0.039620500057935715,0.005969239864498377,0.291811466217041,0.0017902259714901447,0.0391208715736866,0.001755444216541946,3.0
2222,1.0,1.0,1.0,0.0,1.0,1.0,,,0.17763398587703705,0.9985884428024292,0.9716085195541382,0.12554831802845,0.9999037981033325,0.9761059284210205,0.16439341008663177,0.0024076406843960285,2.0
2223,0.0,,0.0,0.0,0.0,0.0,,,0.010563407093286514,0.002247720258310437,0.0030765586998313665,0.002763911383226514,0.019314030185341835,0.0020746998488903046,0.03695515915751457,0.0008311319397762418,2.0
2224,0.0,,0.0,0.0,0.0,0.0,,,0.00066281360341236,0.0006589544354937971,0.0005178195424377918,0.00016132758173625916,0.04294093698263168,0.00034754080115817487,0.01452976930886507,0.0003204479580745101,1.0
2225,0.0,,0.0,0.0,0.0,0.0,,,0.0005637059803120792,0.00016946766118053347,0.0014127959730103612,0.00016301640425808728,0.020485086366534233,0.00029968429589644074,0.013370184227824211,0.0003088895755354315,2.0
2226,0.0,,0.0,0.0,0.0,0.0,,,0.09803523123264313,0.0034937032032757998,0.4857122600078583,0.0011634720722213387,0.06342334300279617,0.0009746135328896344,0.07911500334739685,0.0011482767295092344,3.0
2227,0.0,,1.0,0.0,0.0,0.0,,,0.06235814839601517,0.012290030717849731,0.071787029504776,0.5401849746704102,0.8688526153564453,0.0010980182560160756,0.1603643149137497,0.0009878273122012615,2.0
2228,0.0,,0.0,0.0,0.0,0.0,,,0.000968230189755559,0.000979056814685464,0.0007517082849517465,0.00016247427265625447,0.004319575149565935,0.0005565879982896149,0.04921981692314148,0.0005550626665353775,1.0
2229,0.0,,0.0,0.0,0.0,0.0,,,0.0005898282979615033,0.0003908040816895664,0.0003058184520341456,7.836479926481843e-05,0.01456843689084053,0.00019317769329063594,0.010775628499686718,0.00020049200975336134,4.0
2230,1.0,1.0,1.0,0.0,1.0,1.0,0.0,,0.8807901740074158,0.9988236427307129,0.8916453123092651,0.8157355189323425,0.9980001449584961,0.7549431920051575,0.7297367453575134,0.12312104552984238,3.0
2231,1.0,1.0,1.0,1.0,1.0,1.0,,,0.9998084306716919,0.9987189173698425,0.9994238615036011,0.9994991421699524,0.9997636079788208,0.9986163377761841,0.9182543754577637,0.36639973521232605,1.0
2232,1.0,0.0,1.0,1.0,1.0,0.0,,,0.9705010652542114,0.945935070514679,0.9867147207260132,0.5839259028434753,0.8970035314559937,0.03042677789926529,0.6435247659683228,0.34754499793052673,3.0
2233,1.0,,1.0,1.0,1.0,1.0,,,0.8747768402099609,0.9995197057723999,0.9984869360923767,0.9955676198005676,0.9997948408126831,0.877751350402832,0.6107558012008667,0.18513403832912445,0.0
2234,1.0,1.0,1.0,1.0,1.0,1.0,,,0.9226696491241455,0.9965049624443054,0.9991762638092041,0.8508095741271973,0.9996500015258789,0.9972058534622192,0.3981480002403259,0.08581113070249557,1.0
2235,0.0,1.0,1.0,0.0,1.0,0.0,,,0.4710218608379364,0.9513874053955078,0.8436664342880249,0.9065901637077332,0.8809735774993896,0.24070113897323608,0.024744564667344093,0.003334218868985772,4.0
2236,1.0,1.0,1.0,1.0,1.0,1.0,,,0.7636718153953552,0.9997926950454712,0.9997642636299133,0.9993318319320679,0.9999815821647644,0.9899905323982239,0.37958329916000366,0.03603489696979523,3.0
2237,0.0,,0.0,,1.0,0.0,,,0.029415011405944824,0.06178755313158035,0.09948112070560455,0.0014688889496028423,0.2574675679206848,0.026316512376070023,0.036245107650756836,0.00027303630486130714,4.0
2238,1.0,1.0,1.0,1.0,1.0,1.0,1.0,1.0,0.9965640306472778,0.9996674656867981,0.9993693232536316,0.9978832006454468,0.9999474287033081,0.9995856285095215,0.9423748850822449,0.806426465511322,4.0
2239,1.0,1.0,1.0,1.0,1.0,1.0,,,0.9977596402168274,0.9903641939163208,0.9989673495292664,0.7047831416130066,0.999906063079834,0.997805118560791,0.6546882390975952,0.10725073516368866,1.0
2240,0.0,,0.0,,0.0,0.0,,,0.0010840645991265774,0.061744097620248795,0.005323036573827267,0.00020056837820447981,0.18431687355041504,0.0009489206713624299,0.02896672859787941,0.0005364334210753441,1.0
2241,0.0,1.0,0.0,0.0,0.0,0.0,,,0.025269538164138794,0.9372296929359436,0.011527634225785732,0.005734295584261417,0.20007850229740143,0.010528182610869408,0.06324777007102966,0.001797104487195611,4.0
2242,0.0,0.0,0.0,0.0,0.0,0.0,,,0.0009779613465070724,0.0006034960970282555,0.0014687685761600733,0.00030851809424348176,0.013700751587748528,0.0003215486940462142,0.012682875618338585,0.0004420756013132632,2.0
2243,1.0,1.0,1.0,1.0,1.0,1.0,0.0,,0.9501134157180786,0.9811197519302368,0.9995469450950623,0.9516506195068359,0.9999425411224365,0.8432313799858093,0.40505528450012207,0.1438266932964325,2.0
2244,1.0,1.0,1.0,1.0,1.0,1.0,,,0.9943197965621948,0.9997870922088623,0.999786376953125,0.9938169717788696,0.9999540448188782,0.9998229742050171,0.9942966103553772,0.4347195327281952,4.0
2245,0.0,1.0,1.0,0.0,1.0,1.0,0.0,0.0,0.12040217965841293,0.9882597327232361,0.7339168787002563,0.053988825529813766,0.9997218251228333,0.983767032623291,0.12911704182624817,0.010574565269052982,2.0
2246,1.0,1.0,1.0,1.0,1.0,1.0,1.0,0.0,0.7797070741653442,0.998822033405304,0.9998906254768372,0.9980459809303284,0.999962568283081,0.9488964676856995,0.2704620659351349,0.040418244898319244,2.0
2247,1.0,1.0,1.0,1.0,1.0,1.0,1.0,0.0,0.9930574297904968,0.9980490803718567,0.9996392726898193,0.9943507313728333,0.9999777674674988,0.9965400099754333,0.6890297532081604,0.1304490715265274,1.0
2248,0.0,0.0,0.0,0.0,0.0,0.0,0.0,,0.0006315138307400048,0.00044980572420172393,0.00032570274197496474,0.00014363747322931886,0.009557325392961502,0.00025535793974995613,0.010930389165878296,0.00018676048784982413,1.0
2249,1.0,1.0,1.0,1.0,1.0,1.0,0.0,,0.9123978018760681,0.9986776113510132,0.9995791912078857,0.9633527398109436,0.9996144771575928,0.8098273277282715,0.49701476097106934,0.034042730927467346,2.0
2250,0.0,0.0,0.0,0.0,0.0,0.0,0.0,0.0,0.0006839748821221292,0.0005126522155478597,0.0006065412308089435,0.00012590346159413457,0.01064903475344181,0.0001984891714528203,0.006537667941302061,0.00026080492534674704,1.0
2251,1.0,1.0,1.0,1.0,1.0,1.0,1.0,1.0,0.9999090433120728,0.9998718500137329,0.9995962381362915,0.998465895652771,0.9999492168426514,0.9217844605445862,0.940108597278595,0.9568026661872864,0.0
2252,1.0,1.0,1.0,1.0,1.0,1.0,,,0.8268333077430725,0.9997692108154297,0.9997849464416504,0.9720162749290466,0.9998379349708557,0.980414628982544,0.18606272339820862,0.273428738117218,2.0
2253,1.0,1.0,,1.0,,1.0,1.0,0.0,0.8842854499816895,0.8142327070236206,0.9983693361282349,0.9858062267303467,0.9998435974121094,0.8668503165245056,0.9261119365692139,0.2520393133163452,4.0
2254,0.0,,0.0,0.0,1.0,0.0,,,0.0016832343535497785,0.011399026960134506,0.13002045452594757,4.856847590417601e-05,0.025326184928417206,0.0024743140675127506,0.011178863234817982,0.00012404080189298838,3.0
2255,1.0,1.0,1.0,0.0,1.0,1.0,,,0.8312165141105652,0.9997235536575317,0.9428934454917908,0.710236132144928,0.9999348521232605,0.9993835091590881,0.3490155339241028,0.3237565755844116,4.0
2256,0.0,,1.0,1.0,1.0,0.0,,,0.4790577292442322,0.4304039776325226,0.9713414907455444,0.4897894859313965,0.8731937408447266,0.08200578391551971,0.3069174885749817,0.005750927142798901,1.0
2257,0.0,0.0,,0.0,1.0,1.0,0.0,0.0,0.24487364292144775,0.974004328250885,0.9688717722892761,0.01618460938334465,0.9984588623046875,0.6895521879196167,0.014298755675554276,0.00038974412018433213,2.0
2258,0.0,1.0,1.0,0.0,1.0,1.0,0.0,,0.08706521987915039,0.9991439580917358,0.9734911322593689,0.04663518816232681,0.9988439083099365,0.9913609623908997,0.09734191000461578,0.0004585212445817888,3.0
2259,0.0,0.0,0.0,0.0,0.0,0.0,,,0.008008803240954876,0.0015316124772652984,0.0005006222054362297,0.00014415517216548324,0.015921706333756447,0.00030487985350191593,0.054975543171167374,0.00023762414639350027,1.0
2260,,,0.0,,,0.0,,,0.02609081380069256,0.0030039779376238585,0.4235630929470062,0.0005147806368768215,0.2976463735103607,0.6263705492019653,0.035959262400865555,0.0006055494886822999,4.0
2261,0.0,0.0,1.0,0.0,0.0,0.0,0.0,0.0,0.0028753792867064476,0.016327984631061554,0.0002259742032038048,0.005051869433373213,0.5451684594154358,0.00039215743890963495,0.1482827067375183,0.0002538826083764434,4.0
2262,1.0,,1.0,1.0,1.0,1.0,,,0.9516006708145142,0.8827274441719055,0.9894417524337769,0.9269614815711975,0.9995381236076355,0.9865877032279968,0.35768842697143555,0.6354228854179382,1.0
2263,1.0,1.0,1.0,1.0,1.0,1.0,1.0,1.0,0.9998887181282043,0.9999549388885498,0.9998698234558105,0.9998927116394043,0.9999643564224243,0.9991198778152466,0.9971968531608582,0.9643049836158752,4.0
2264,0.0,,1.0,1.0,1.0,0.0,,,0.9721038341522217,0.8716421723365784,0.9892008304595947,0.48669037222862244,0.92466139793396,0.5389875173568726,0.1994611918926239,0.014639431610703468,4.0
2265,0.0,,1.0,1.0,1.0,0.0,,,0.8076046705245972,0.7174328565597534,0.9982833862304688,0.7267495393753052,0.9664693474769592,0.6362032294273376,0.01646174117922783,0.0018990403041243553,2.0
2266,1.0,1.0,0.0,,1.0,1.0,,,0.5517149567604065,0.7090655565261841,0.9607152938842773,0.2150670289993286,0.990321695804596,0.7059512734413147,0.10035708546638489,0.007040455937385559,2.0
2267,,,0.0,,1.0,0.0,,,0.3250845670700073,0.05530979484319687,0.9777998328208923,0.24766932427883148,0.6844590902328491,0.05499592795968056,0.03208869323134422,0.004794484004378319,0.0
2268,1.0,1.0,1.0,1.0,1.0,1.0,1.0,1.0,0.9993753433227539,0.9996795654296875,0.9986239075660706,0.9954226613044739,0.9999244213104248,0.9969226717948914,0.9798457622528076,0.98997962474823,0.0
2269,0.0,0.0,0.0,0.0,0.0,0.0,0.0,0.0,0.02200930193066597,0.001152073498815298,0.0021451390348374844,0.00041183081339113414,0.025616005063056946,0.0005705474177375436,0.05739452317357063,0.00038173061329871416,2.0
2270,1.0,1.0,1.0,1.0,1.0,1.0,1.0,1.0,0.9998974800109863,0.9993560314178467,0.9994615316390991,0.994400143623352,0.9999548196792603,0.9969440698623657,0.9250618815422058,0.9674693942070007,1.0
2271,0.0,0.0,0.0,0.0,0.0,0.0,0.0,0.0,0.002640712773427367,0.0010898688342422247,0.0009516066638752818,5.1376155170146376e-05,0.006760844029486179,0.0009118226589635015,0.028835471719503403,0.00025473296409472823,3.0
2272,1.0,1.0,1.0,1.0,1.0,1.0,1.0,1.0,0.9974626302719116,0.9997785091400146,0.9992479681968689,0.9968273043632507,0.9999105334281921,0.8997945189476013,0.985349714756012,0.9163427948951721,3.0
2273,0.0,0.0,0.0,0.0,0.0,0.0,0.0,0.0,0.0012936840066686273,0.00176879926584661,0.01575551927089691,0.00012585236981976777,0.4397461712360382,0.006287821568548679,0.003303092671558261,0.00010514249879634008,0.0
2274,0.0,,0.0,0.0,1.0,1.0,,,0.009026107378304005,0.6129223108291626,0.3811415135860443,0.0004920732462778687,0.9996424913406372,0.7204710245132446,0.012041344307363033,0.0001730636868160218,4.0
2275,1.0,0.0,1.0,0.0,1.0,1.0,0.0,0.0,0.4923029839992523,0.9278974533081055,0.8812365531921387,0.17387448251247406,0.9997807741165161,0.30431056022644043,0.039110682904720306,0.0005540765705518425,1.0
2276,0.0,0.0,0.0,0.0,0.0,0.0,0.0,,0.0019272834761068225,0.0004242146387696266,0.0005437219515442848,0.00029735988937318325,0.013385769911110401,0.0004234772641211748,0.009145931340754032,0.0003108037344645709,1.0
2277,,0.0,0.0,0.0,0.0,,0.0,0.0,0.00195675203576684,0.003588560037314892,0.002104569459334016,0.0001423569628968835,0.005545228254050016,0.00023959272948559374,0.019192397594451904,0.000468018144601956,3.0
2278,0.0,,0.0,0.0,0.0,0.0,,,0.005538304336369038,0.00288802245631814,0.07657889276742935,0.0030577436555176973,0.10676371306180954,0.0008435084018856287,0.04452342912554741,0.00031520993798039854,4.0
2279,1.0,1.0,1.0,1.0,1.0,1.0,1.0,0.0,0.8481055498123169,0.9994880557060242,0.9998255968093872,0.9983987808227539,0.9996519088745117,0.9990752339363098,0.9489002823829651,0.22373226284980774,4.0
2280,1.0,1.0,1.0,1.0,1.0,,1.0,,0.9746007323265076,0.9990696907043457,0.9998047947883606,0.9990825057029724,0.9998275637626648,0.9998141527175903,0.9830188751220703,0.2991045117378235,2.0
2281,0.0,,1.0,,1.0,0.0,,,0.15971523523330688,0.32906875014305115,0.5135517716407776,0.0036883153952658176,0.7862423658370972,0.07020758092403412,0.03419271856546402,0.00021112675312906504,3.0
2282,0.0,0.0,0.0,0.0,0.0,0.0,0.0,0.0,0.0007604910642839968,0.0004960239748470485,0.0003323871933389455,2.9968230592203327e-05,0.007405089680105448,0.00023152341600507498,0.005956131499260664,0.00011187298514414579,3.0
2283,1.0,1.0,0.0,0.0,0.0,0.0,0.0,0.0,0.22189787030220032,0.15054285526275635,0.4003286361694336,0.12765252590179443,0.6714012622833252,0.0034734965302050114,0.04889363795518875,0.007147016003727913,4.0
2284,0.0,0.0,0.0,0.0,0.0,0.0,0.0,0.0,0.021745633333921432,0.0026750080287456512,0.04374592378735542,0.004054744727909565,0.19949285686016083,0.0004633612697944045,0.01890377514064312,0.0006503694457933307,0.0
2285,1.0,1.0,1.0,0.0,1.0,0.0,,,0.6966080069541931,0.7515987157821655,0.956914484500885,0.9129464626312256,0.9810212254524231,0.03104388155043125,0.27857890725135803,0.03015725314617157,3.0
2286,0.0,0.0,0.0,0.0,0.0,0.0,0.0,0.0,0.0002887690206989646,0.00019459718896541744,0.00041522906394675374,9.526115900371224e-05,0.007601093966513872,0.00016791031521279365,0.004537767264991999,0.000199398142285645,2.0
2287,1.0,,1.0,1.0,1.0,1.0,,,0.9979695677757263,0.9946727752685547,0.9987430572509766,0.6524653434753418,0.9991713166236877,0.9963554739952087,0.14333006739616394,0.04664479196071625,3.0
2288,1.0,1.0,1.0,1.0,1.0,1.0,0.0,1.0,0.9997762441635132,0.9991657137870789,0.998629629611969,0.9872967004776001,0.999916672706604,0.9981630444526672,0.8689041137695312,0.6126283407211304,1.0
2289,0.0,0.0,0.0,0.0,0.0,0.0,0.0,0.0,0.0008065920555964112,0.0004388911183923483,0.0004763198085129261,6.45222098683007e-05,0.006742415018379688,0.0002442462428007275,0.0022321168798953295,0.00012689120194409043,0.0
2290,1.0,1.0,1.0,1.0,1.0,1.0,1.0,,0.9738254547119141,0.9998391270637512,0.999434232711792,0.9994567036628723,0.9999843239784241,0.9960552453994751,0.8641571402549744,0.25038301944732666,0.0
2291,1.0,1.0,1.0,0.0,1.0,1.0,,,0.9829083681106567,0.9968160390853882,0.9555097222328186,0.4365234673023224,0.9996803402900696,0.9960097074508667,0.9205500483512878,0.13454201817512512,4.0
2292,0.0,,0.0,,0.0,0.0,,,0.0015855946112424135,0.000628362933639437,0.0018267976120114326,0.0002887222508434206,0.01752220094203949,0.0003347444871906191,0.016293127089738846,0.00046444221516139805,2.0
2293,1.0,,1.0,1.0,1.0,1.0,,,0.9907432794570923,0.9972336292266846,0.9998096823692322,0.9979832768440247,0.9999603629112244,0.9901389479637146,0.7840662598609924,0.08481356501579285,3.0
2294,1.0,1.0,1.0,1.0,1.0,1.0,,,0.773052453994751,0.997717022895813,0.9982989430427551,0.9945255517959595,0.9998819828033447,0.8625652194023132,0.6001402735710144,0.035364437848329544,2.0
2295,1.0,0.0,0.0,1.0,1.0,1.0,,,0.9629881978034973,0.19114509224891663,0.5578173398971558,0.49401482939720154,0.6541531085968018,0.4820602834224701,0.06288833171129227,0.16571840643882751,1.0
2296,0.0,,0.0,0.0,0.0,0.0,,,0.0028765778988599777,0.0030745358671993017,0.0034194262698292732,0.00019889904069714248,0.06844325363636017,0.0003135395236313343,0.11621897667646408,0.0002569834759924561,3.0
2297,0.0,,0.0,0.0,0.0,0.0,,,0.0006837152177467942,0.0007036011083982885,0.0008872756734490395,0.00010562902025412768,0.014749562367796898,0.0006269187433645129,0.03295476734638214,0.00023014591715764254,4.0
2298,0.0,0.0,0.0,0.0,0.0,0.0,0.0,0.0,0.000793080369476229,0.0004769246734213084,0.00010268688492942601,3.773265780182555e-05,0.00916344951838255,0.0002782978699542582,0.00676390016451478,0.00015996918955352157,4.0
2299,0.0,1.0,1.0,1.0,1.0,0.0,1.0,0.0,0.6643661260604858,0.8040943741798401,0.9966681599617004,0.638547956943512,0.95501309633255,0.411185622215271,0.11483566462993622,0.001870388863608241,2.0
2300,0.0,,0.0,0.0,0.0,0.0,,,0.0005554640083573759,0.0003406571049708873,0.0001477266487199813,7.341133459703997e-05,0.028692245483398438,0.00015945316408760846,0.009159494191408157,0.00017941027181223035,4.0
2301,0.0,0.0,0.0,0.0,0.0,0.0,0.0,,0.000535739935003221,0.0002612273383419961,6.79350268910639e-05,4.607586015481502e-05,0.023491596803069115,0.00011939702380914241,0.0072523425333201885,0.00015561174950562418,4.0
2302,,,,,,,0.0,0.0,0.075945183634758,0.027404144406318665,0.0865979790687561,0.0030259161721915007,0.08842014521360397,0.23086833953857422,0.09684329479932785,0.0007439407636411488,0.0
2303,1.0,1.0,1.0,0.0,1.0,1.0,1.0,1.0,0.9260655045509338,0.9990332126617432,0.9968149662017822,0.9521702527999878,0.9999018907546997,0.24805477261543274,0.7931610345840454,0.09405489265918732,1.0
2304,1.0,1.0,0.0,0.0,1.0,1.0,,,0.637572169303894,0.8915121555328369,0.9978676438331604,0.47623562812805176,0.9932717680931091,0.9879201650619507,0.3396816551685333,0.01896834746003151,2.0
2305,1.0,1.0,1.0,0.0,1.0,0.0,1.0,0.0,0.9090538620948792,0.9295549392700195,0.8922325968742371,0.36487141251564026,0.9862872362136841,0.6211130619049072,0.8310976624488831,0.10043677687644958,4.0
2306,0.0,0.0,0.0,0.0,0.0,0.0,0.0,0.0,0.0006858535925857723,0.00046193558955565095,0.00033350824378430843,0.00010564619879005477,0.007956154644489288,0.00017491627659182996,0.00769640039652586,0.00021155366266611964,1.0
2307,1.0,1.0,1.0,0.0,1.0,1.0,0.0,0.0,0.7948671579360962,0.9876596331596375,0.9508665800094604,0.5429576635360718,0.9997314214706421,0.9971598386764526,0.5308130979537964,0.02986075170338154,4.0
2308,0.0,0.0,1.0,0.0,0.0,0.0,0.0,0.0,0.10012523829936981,0.0534060001373291,0.19911089539527893,0.012120341882109642,0.5645735263824463,0.0033501405268907547,0.09438663721084595,0.0004009002004750073,3.0
2309,0.0,0.0,0.0,0.0,0.0,0.0,0.0,0.0,0.0009303305996581912,0.0003986221272498369,0.0007240078411996365,8.472951594740152e-05,0.0063416725024580956,0.0002294526930199936,0.0024785425048321486,0.00012939788575749844,0.0
2310,1.0,1.0,1.0,1.0,1.0,1.0,1.0,1.0,0.9998971819877625,0.9997216463088989,0.9995453953742981,0.9994264245033264,0.9998477101325989,0.9975298643112183,0.9825047254562378,0.9823102355003357,1.0
2311,0.0,0.0,0.0,0.0,0.0,0.0,0.0,0.0,0.0007152853650040925,0.0009229817078448832,0.00023594917729496956,3.355636363266967e-05,0.010315989144146442,0.00019118975615128875,0.00716105941683054,0.00023636562400497496,4.0
2312,0.0,1.0,1.0,1.0,1.0,0.0,,,0.8301231861114502,0.303882360458374,0.9978607892990112,0.7645348906517029,0.9992649555206299,0.91579669713974,0.3021957278251648,0.0013338755816221237,1.0
2313,1.0,,1.0,,1.0,1.0,,,0.9976693391799927,0.9326487183570862,0.832603931427002,0.6054049134254456,0.9981751441955566,0.9086672067642212,0.0986008271574974,0.02081911265850067,1.0
2314,1.0,1.0,1.0,1.0,1.0,0.0,0.0,0.0,0.9983095526695251,0.9570037126541138,0.9989646077156067,0.9427260160446167,0.9918359518051147,0.7990920543670654,0.40151578187942505,0.25007373094558716,2.0
2315,1.0,1.0,1.0,1.0,1.0,1.0,0.0,0.0,0.9987795948982239,0.9970957040786743,0.9998491406440735,0.998994767665863,0.9999241828918457,0.9703248143196106,0.7601146101951599,0.17429155111312866,4.0
2316,1.0,1.0,1.0,1.0,1.0,1.0,0.0,0.0,0.9978060126304626,0.9994085431098938,0.9997577667236328,0.9961351752281189,0.9999330639839172,0.9753748774528503,0.2899204194545746,0.39037710428237915,0.0
2317,1.0,1.0,1.0,1.0,1.0,1.0,1.0,1.0,0.9998342990875244,0.9999099969863892,0.9997416138648987,0.9996286630630493,0.9998304843902588,0.999265193939209,0.9932495951652527,0.9953137040138245,4.0
2318,1.0,1.0,1.0,1.0,1.0,1.0,1.0,1.0,0.9999444484710693,0.9997469782829285,0.999667763710022,0.9990352392196655,0.9999505281448364,0.9994614720344543,0.9951599836349487,0.994638979434967,0.0
2319,0.0,0.0,0.0,0.0,0.0,0.0,,,0.003930822946131229,0.0016147627029567957,0.0015873159281909466,0.0003115639556199312,0.037209589034318924,0.0007802910404279828,0.08135992288589478,0.0003602604556363076,0.0
2320,0.0,0.0,0.0,0.0,0.0,0.0,,,0.012194608338177204,0.05634485185146332,0.0012004425516352057,0.00047456263564527035,0.012006710283458233,0.0006677865167148411,0.013567865826189518,0.0005411551101133227,1.0
2321,0.0,0.0,0.0,0.0,0.0,0.0,,,0.0005765043897554278,0.0002343497471883893,0.0007939274655655026,0.00015792547492310405,0.0333026759326458,0.00023397195036523044,0.00636287871748209,0.00021864785230718553,2.0
2322,0.0,,0.0,,0.0,0.0,,,0.016098681837320328,0.022241096943616867,0.13733913004398346,0.026024891063570976,0.4080548882484436,0.0009062715107575059,0.08844572305679321,0.0019407141953706741,2.0
2323,1.0,,1.0,1.0,1.0,1.0,,,0.9942620396614075,0.9997055530548096,0.9997403621673584,0.9756280779838562,0.997715950012207,0.991981565952301,0.1859334260225296,0.4874652028083801,4.0
2324,1.0,,1.0,0.0,1.0,1.0,,,0.8084650039672852,0.9800947904586792,0.8562787175178528,0.6208981275558472,0.9992203712463379,0.9927757382392883,0.28490975499153137,0.020096812397241592,4.0
2325,1.0,1.0,1.0,0.0,1.0,1.0,1.0,,0.8438820838928223,0.9904898405075073,0.9933097958564758,0.3532390594482422,0.9997495412826538,0.9951497316360474,0.8390927910804749,0.021540027111768723,3.0
2326,1.0,1.0,1.0,1.0,1.0,1.0,0.0,1.0,0.9988866448402405,0.8941203355789185,0.9973455667495728,0.9976930022239685,0.9988895058631897,0.9944980144500732,0.6217699646949768,0.8083629012107849,4.0
2327,0.0,,0.0,,1.0,0.0,,,0.00438222149387002,0.046167295426130295,0.16229474544525146,0.00020706822397187352,0.9716643691062927,0.12416438013315201,0.05098750442266464,0.00025286481832154095,4.0
2328,0.0,0.0,0.0,0.0,0.0,0.0,0.0,0.0,0.0021422167774289846,0.0005471623735502362,0.00034762907307595015,6.47509514237754e-05,0.014391230419278145,0.0003985502407886088,0.014033789746463299,0.00020782965293619782,4.0
2329,1.0,0.0,1.0,1.0,1.0,0.0,0.0,0.0,0.44012346863746643,0.16534185409545898,0.9755731821060181,0.9828057289123535,0.8114980459213257,0.3577985167503357,0.11882240325212479,0.0593588761985302,0.0
2330,1.0,1.0,1.0,1.0,1.0,1.0,1.0,,0.984982967376709,0.9996098875999451,0.999836266040802,0.9994950294494629,0.9997979402542114,0.9906532764434814,0.9810113906860352,0.2767225205898285,4.0
2331,0.0,0.0,1.0,0.0,1.0,0.0,0.0,0.0,0.2515714764595032,0.28945720195770264,0.4972400665283203,0.018016640096902847,0.9543731808662415,0.46992453932762146,0.035457320511341095,0.00017485553689766675,4.0
2332,1.0,,1.0,1.0,1.0,1.0,,,0.9995308518409729,0.9994944334030151,0.9994444251060486,0.918651819229126,0.9998846650123596,0.9997657537460327,0.728428065776825,0.6526037454605103,3.0
2333,1.0,1.0,1.0,1.0,1.0,1.0,1.0,0.0,0.9976652264595032,0.9992313981056213,0.9997985363006592,0.7490803599357605,0.9998218417167664,0.7545033693313599,0.7534829378128052,0.44428664445877075,3.0
2334,0.0,,0.0,,0.0,0.0,,,0.0012039979919791222,0.0009633498848415911,0.000643982901237905,5.76695820200257e-05,0.020570997148752213,0.00020020094234496355,0.013203134760260582,0.0002322541840840131,4.0
2335,0.0,,1.0,0.0,0.0,0.0,0.0,0.0,0.14602544903755188,0.04776495695114136,0.060964759439229965,0.1022382527589798,0.832763135433197,0.0008498947718180716,0.100216343998909,0.0007836708100512624,1.0
2336,1.0,1.0,1.0,1.0,1.0,1.0,1.0,0.0,0.9962172508239746,0.9975059628486633,0.9997857809066772,0.993830680847168,0.9999777674674988,0.9998435974121094,0.9005864858627319,0.4023369550704956,0.0
2337,1.0,1.0,1.0,1.0,1.0,1.0,1.0,0.0,0.7846308350563049,0.9992932677268982,0.999893844127655,0.9992350935935974,0.9999576807022095,0.999843418598175,0.39348506927490234,0.06052028387784958,4.0
2338,1.0,,1.0,0.0,1.0,1.0,,,0.8545271158218384,0.9501069784164429,0.9414070248603821,0.39473578333854675,0.999274492263794,0.9313780069351196,0.057201337069272995,0.005633687600493431,2.0
2339,0.0,0.0,0.0,0.0,0.0,0.0,0.0,0.0,0.00040237457142211497,0.0007145215640775859,0.0014211427187547088,7.940602517919615e-05,0.008330023847520351,0.00017914596537593752,0.0074180252850055695,0.00021986714273225516,2.0
2340,0.0,0.0,0.0,0.0,0.0,0.0,0.0,0.0,0.0008142404840327799,0.000870831310749054,0.0002257685555377975,7.05705169821158e-05,0.00899586547166109,0.0005264651263132691,0.040392208844423294,0.0004583839909173548,4.0
2341,0.0,0.0,0.0,0.0,0.0,0.0,0.0,0.0,0.0007406443473882973,0.0002485988661646843,0.00024516042321920395,0.00012231068103574216,0.006605220027267933,0.00025163686950691044,0.00638270890340209,0.00029945941059850156,1.0
2342,1.0,1.0,1.0,0.0,1.0,1.0,1.0,,0.8117007613182068,0.9899773001670837,0.9898893237113953,0.6817923784255981,0.9998522996902466,0.998765230178833,0.7139726281166077,0.031298521906137466,4.0
2343,1.0,1.0,1.0,1.0,1.0,1.0,1.0,0.0,0.995658278465271,0.9998526573181152,0.9997553825378418,0.9824081659317017,0.9999445080757141,0.9997429847717285,0.9867963194847107,0.2704715132713318,4.0
2344,0.0,0.0,0.0,0.0,0.0,0.0,0.0,0.0,0.0043618157505989075,0.000888121488969773,0.000377969176042825,8.3244449342601e-05,0.010664844885468483,0.00027071411022916436,0.06701508164405823,0.00019683269783854485,4.0
2345,0.0,0.0,0.0,0.0,0.0,0.0,0.0,0.0,0.0019577820785343647,0.000857396109495312,0.00033697366598062217,2.7983138352283277e-05,0.006148947402834892,0.0001309914223384112,0.019889801740646362,0.0001625363656785339,3.0
2346,0.0,0.0,0.0,0.0,0.0,0.0,,,0.000520861241966486,0.00033195194555446506,7.57086745579727e-05,6.929770461283624e-05,0.02140168286859989,0.00011348204861860722,0.00667569600045681,0.00013756088446825743,4.0
2347,0.0,0.0,0.0,0.0,0.0,0.0,0.0,0.0,0.0002831406600307673,0.00021283100068103522,0.0009524906636215746,9.967374353436753e-05,0.004834654275327921,0.0001922117080539465,0.011675164103507996,0.00020335547742433846,2.0
2348,1.0,1.0,1.0,1.0,1.0,1.0,0.0,1.0,0.9992181062698364,0.913068413734436,0.9909802675247192,0.9997904300689697,0.998734712600708,0.8416531085968018,0.42724624276161194,0.6358086466789246,4.0
2349,0.0,,0.0,0.0,0.0,0.0,,,0.0005560816498473287,0.0003805427113547921,0.0001483531523263082,6.935659621376544e-05,0.02554318681359291,0.00018085142073687166,0.009143137373030186,0.00017108065367210656,4.0
2350,0.0,1.0,0.0,0.0,0.0,0.0,1.0,0.0,0.567470908164978,0.9742345213890076,0.3345281779766083,0.047305263578891754,0.08359258621931076,0.004610331263393164,0.06405667215585709,0.016373680904507637,2.0
2351,0.0,,0.0,0.0,0.0,0.0,,,0.001217840239405632,0.0007925028330646455,0.0008142907172441483,4.497290137805976e-05,0.006427262909710407,0.00023222311574500054,0.034568171948194504,0.0004975286428816617,3.0
2352,0.0,0.0,0.0,0.0,0.0,0.0,,,0.001014295150525868,0.0006524507189169526,0.0009527270449325442,0.00014151934010442346,0.009879976511001587,0.00027728488203138113,0.0035741212777793407,0.0001919611677294597,0.0
2353,0.0,,0.0,,0.0,0.0,,,0.0010017633903771639,0.0015983503544703126,0.0005143842427060008,8.773621811997145e-05,0.03776417672634125,0.0006226995028555393,0.03017100691795349,0.0003314097411930561,4.0
2354,1.0,1.0,1.0,1.0,1.0,1.0,0.0,0.0,0.9937511682510376,0.9868540167808533,0.9990149140357971,0.6788442730903625,0.9998891949653625,0.9715063571929932,0.09204259514808655,0.1282123476266861,1.0
2355,0.0,0.0,0.0,0.0,0.0,0.0,,,0.013282659463584423,0.0040627652779221535,0.0038753605913370848,0.00414297403767705,0.05170568451285362,0.00262352149002254,0.013339722529053688,0.0011006371350958943,1.0
2356,1.0,1.0,1.0,1.0,1.0,0.0,1.0,1.0,0.9993749260902405,0.9924519658088684,0.9998236298561096,0.997562050819397,0.807248055934906,0.9678626656532288,0.9288762807846069,0.9394121766090393,3.0
2357,0.0,0.0,0.0,,0.0,0.0,,,0.0008231117390096188,0.0009002613369375467,0.0014105888549238443,0.00012575669097714126,0.02697369083762169,0.00033659153268672526,0.021816184744238853,0.0004494677996262908,2.0
2358,0.0,0.0,0.0,,1.0,0.0,,,0.010594110004603863,0.17699669301509857,0.08067477494478226,0.0003130612603854388,0.9940440654754639,0.0629657581448555,0.019866453483700752,0.00042804176337085664,3.0
2359,0.0,,0.0,,0.0,0.0,,,0.005059782415628433,0.002506335498765111,0.0011908551678061485,0.00012039559805998579,0.02745426446199417,0.00042676605517044663,0.02748965099453926,0.0006920290761627257,4.0
2360,1.0,1.0,1.0,1.0,1.0,1.0,0.0,1.0,0.9986009001731873,0.9751107692718506,0.9963808059692383,0.9998716711997986,0.9998863935470581,0.9975005984306335,0.37071624398231506,0.8704135417938232,1.0
2361,0.0,,0.0,0.0,0.0,0.0,,,0.0009564109495840967,0.0004360558814369142,0.0006143071805126965,9.132696141023189e-05,0.020172782242298126,0.00021931243827566504,0.0060730380937457085,0.00011178385466337204,0.0
2362,1.0,,0.0,,1.0,1.0,,,0.026810700073838234,0.7656663656234741,0.9518311023712158,0.3287305533885956,0.9771559238433838,0.9653332829475403,0.025115391239523888,0.003880380420014262,2.0
2363,1.0,1.0,1.0,0.0,1.0,1.0,,,0.42944300174713135,0.9578941464424133,0.6341965198516846,0.12612397968769073,0.9999301433563232,0.8399696946144104,0.6804131865501404,0.015211792662739754,2.0
2364,0.0,1.0,,0.0,0.0,0.0,0.0,0.0,0.2019525021314621,0.12434577196836472,0.008505391888320446,0.0025885659269988537,0.45333001017570496,0.0016333044040948153,0.08416217565536499,0.0014241366880014539,0.0
2365,0.0,,0.0,0.0,0.0,0.0,,,0.0006239430513232946,0.000358203164068982,0.00023317584418691695,5.316172610037029e-05,0.1609063744544983,0.00045694861910305917,0.019624266773462296,0.0002028684684773907,4.0
2366,1.0,1.0,1.0,0.0,1.0,1.0,0.0,0.0,0.7007833123207092,0.9944196343421936,0.9873415231704712,0.3280528485774994,0.9987791776657104,0.5589562654495239,0.24475811421871185,0.015364468097686768,3.0
2367,1.0,1.0,1.0,1.0,1.0,1.0,1.0,0.0,0.9886685013771057,0.9980633854866028,0.9927172660827637,0.696677565574646,0.9999001026153564,0.9997934103012085,0.8840999007225037,0.2045924961566925,1.0
2368,1.0,1.0,1.0,1.0,1.0,1.0,,,0.9995887875556946,0.9998833537101746,0.9998438954353333,0.9997382760047913,0.9999198317527771,0.809175968170166,0.7062578201293945,0.9156767129898071,2.0
2369,0.0,0.0,0.0,0.0,0.0,0.0,0.0,0.0,0.0005137642729096115,0.0003071330429520458,0.0004989689914509654,0.00011943070421693847,0.007153746671974659,0.0003676198539324105,0.01754741370677948,0.000355953088728711,2.0
2370,0.0,0.0,0.0,0.0,0.0,0.0,0.0,0.0,0.0008848824072629213,0.0005764963570982218,0.00035674034734256566,6.974933785386384e-05,0.009201613254845142,0.00023988995235413313,0.002297539496794343,0.0001388470409438014,0.0
2371,1.0,1.0,1.0,1.0,1.0,1.0,1.0,1.0,0.9935451149940491,0.9998694658279419,0.999724268913269,0.9977589845657349,0.9999461770057678,0.9998612403869629,0.9874745011329651,0.6752658486366272,2.0
2372,1.0,1.0,1.0,1.0,1.0,1.0,0.0,,0.9064603447914124,0.9988328814506531,0.9997670650482178,0.9988940954208374,0.9999693632125854,0.9994202852249146,0.06330257654190063,0.054078109562397,3.0
2373,0.0,0.0,0.0,0.0,0.0,0.0,0.0,,0.0006960750324651599,0.00047087937127798796,0.00039835897041484714,0.0001557406794745475,0.013204140588641167,0.0002593339013401419,0.017211832106113434,0.0003125354996882379,1.0
2374,1.0,1.0,1.0,1.0,1.0,1.0,0.0,1.0,0.9982447028160095,0.9994735717773438,0.998169481754303,0.9902211427688599,0.9999160766601562,0.9975606203079224,0.85932856798172,0.39395394921302795,1.0
2375,0.0,,0.0,,0.0,0.0,,,0.013793935999274254,0.002796642715111375,0.0007661430281586945,0.0006161857163533568,0.06995587795972824,0.0009115642751567066,0.060630716383457184,0.00029681206797249615,4.0
2376,0.0,0.0,0.0,0.0,0.0,0.0,0.0,0.0,0.00046067952644079924,0.00036026356974616647,5.163525202078745e-05,3.928462683688849e-05,0.009520444087684155,0.00015657948097214103,0.0067087458446621895,0.0001131492608692497,4.0
2377,1.0,1.0,1.0,1.0,1.0,1.0,1.0,,0.9932274222373962,0.9994988441467285,0.9992485046386719,0.982750654220581,0.9994087219238281,0.9952611327171326,0.15749427676200867,0.36967992782592773,3.0
2378,0.0,0.0,0.0,0.0,1.0,0.0,0.0,0.0,0.0021935892291367054,0.03578593581914902,0.1364034116268158,0.00016377755673602223,0.8605112433433533,0.5458698272705078,0.12113676965236664,0.00011489570897538215,0.0
2379,0.0,0.0,0.0,0.0,0.0,0.0,0.0,0.0,0.000513745762873441,0.00033526457264088094,5.798151687486097e-05,3.131002085865475e-05,0.012361522763967514,0.00031980988569557667,0.009295541793107986,0.0001517427444923669,4.0
2380,0.0,,0.0,0.0,0.0,0.0,,,0.005538465455174446,0.0027599469758570194,0.0014672228135168552,0.0003429246717132628,0.01639506220817566,0.0010487992549315095,0.07992826402187347,0.0010871703270822763,0.0
2381,0.0,1.0,0.0,0.0,0.0,0.0,0.0,0.0,0.032825104892253876,0.9128956198692322,0.013338064774870872,0.002260166686028242,0.12680596113204956,0.0021864960435777903,0.0816936120390892,0.0009074104018509388,1.0
2382,0.0,0.0,0.0,0.0,0.0,0.0,0.0,0.0,0.00042424839921295643,0.0002890692849177867,0.0005706386873498559,9.817146928980947e-05,0.004867370706051588,0.0003405393217690289,0.010414051823318005,0.00017918461526278406,2.0
2383,1.0,0.0,1.0,0.0,1.0,1.0,1.0,0.0,0.9568457007408142,0.98879075050354,0.904489278793335,0.35164517164230347,0.9987608790397644,0.6480320692062378,0.7345789074897766,0.15377309918403625,2.0
2384,1.0,1.0,1.0,1.0,1.0,1.0,1.0,1.0,0.9991335272789001,0.9998915791511536,0.9988492727279663,0.9994632005691528,0.998647928237915,0.9991593956947327,0.9817794561386108,0.9037432074546814,1.0
2385,1.0,1.0,1.0,0.0,1.0,1.0,,,0.7486228942871094,0.9973249435424805,0.9784757494926453,0.2457323968410492,0.9999372959136963,0.9990350008010864,0.4913153648376465,0.040421098470687866,0.0
2386,0.0,0.0,0.0,0.0,0.0,0.0,1.0,0.0,0.0023617958649992943,0.0031580282375216484,0.0010154569754377007,0.0007038722978904843,0.08947298675775528,0.00047881584032438695,0.07632353156805038,0.0002566602488514036,0.0
2387,1.0,1.0,1.0,1.0,1.0,1.0,1.0,1.0,0.9988685250282288,0.9998956918716431,0.9998900890350342,0.9989929795265198,0.9969857335090637,0.9905061721801758,0.720237672328949,0.959595799446106,3.0
2388,1.0,1.0,1.0,1.0,1.0,0.0,1.0,0.0,0.584213137626648,0.9488720297813416,0.9972406029701233,0.6008131504058838,0.9983670115470886,0.8475165963172913,0.42318135499954224,0.0567253977060318,1.0
2389,1.0,1.0,1.0,0.0,1.0,0.0,1.0,,0.6033825278282166,0.9346151947975159,0.8471344113349915,0.864208459854126,0.9987668395042419,0.9059934020042419,0.5864913463592529,0.01287346426397562,1.0
2390,1.0,1.0,1.0,1.0,1.0,1.0,1.0,0.0,0.9987954497337341,0.9990900754928589,0.9998540878295898,0.8427565097808838,0.9997578263282776,0.9130222797393799,0.9749352931976318,0.9430257678031921,2.0
2391,1.0,,1.0,1.0,1.0,0.0,,,0.9913811087608337,0.236765056848526,0.9952303171157837,0.8482834696769714,0.6963949203491211,0.5027691125869751,0.21831879019737244,0.21892233192920685,3.0
2392,,1.0,,0.0,,,,,0.05738226696848869,0.9816309809684753,0.0507030189037323,0.005939648486673832,0.018573051318526268,0.025199100375175476,0.10663187503814697,0.0022108769044280052,1.0
2393,0.0,1.0,1.0,0.0,1.0,1.0,1.0,0.0,0.37595754861831665,0.9146442413330078,0.9292564392089844,0.009264306165277958,0.9998186826705933,0.859600841999054,0.24077126383781433,0.0007949003484100103,2.0
2394,1.0,1.0,1.0,1.0,1.0,1.0,0.0,0.0,0.9799125790596008,0.9998024106025696,0.9999158978462219,0.9980846643447876,0.9999616146087646,0.997978687286377,0.8296656608581543,0.16080603003501892,4.0
