,True_FPV,True_ATV,True_IDV,True_LPV,True_NFV,True_SQV,True_TPV,True_DRV,Pred_Proba_FPV,Pred_Proba_ATV,Pred_Proba_IDV,Pred_Proba_LPV,Pred_Proba_NFV,Pred_Proba_SQV,Pred_Proba_TPV,Pred_Proba_DRV,kFolds
0,0.0,,0.0,,1.0,0.0,,,0.002230548532679677,0.17489127814769745,0.012041260488331318,0.0011260919272899628,0.9823479652404785,0.04611143097281456,0.013792391866445541,0.0001949100405909121,3.0
1,0.0,,0.0,,1.0,0.0,,,0.04179861396551132,0.1883397102355957,0.18351058661937714,0.011594518087804317,0.9954962730407715,0.03215613216161728,0.018603753298521042,0.00015526224160566926,4.0
2,1.0,,0.0,,0.0,0.0,,,0.23732514679431915,0.02685823291540146,0.034611500799655914,0.11483102291822433,0.6833211183547974,0.012577956542372704,0.21391823887825012,0.0009566681692376733,1.0
3,1.0,,1.0,,1.0,0.0,,,0.7342261075973511,0.6452062129974365,0.8714669942855835,0.4624752998352051,0.7594334483146667,0.44752535223960876,0.4085249900817871,0.004792639520019293,2.0
4,1.0,,1.0,,1.0,1.0,,,0.6819549798965454,0.9742236137390137,0.8630288243293762,0.2359420657157898,0.9425790905952454,0.9901626110076904,0.2405145764350891,0.009654645808041096,4.0
5,1.0,,1.0,,1.0,1.0,,,0.9935057163238525,0.9895884394645691,0.9990772008895874,0.5750030279159546,0.9966276288032532,0.9994874596595764,0.2849797308444977,0.15796230733394623,2.0
6,0.0,,1.0,,1.0,1.0,,,0.07757939398288727,0.9007068872451782,0.5897613167762756,0.00401648785918951,0.9334496259689331,0.9851828813552856,0.00641734478995204,0.00014438865764532238,2.0
7,0.0,,0.0,,0.0,0.0,,,0.0009642511140555143,0.08750759065151215,0.001663286704570055,0.001107180374674499,0.6105098724365234,0.0006238886271603405,0.0050880154594779015,0.00022427832300309092,3.0
8,0.0,,0.0,,1.0,0.0,,,0.001897397800348699,0.2905694842338562,0.19538649916648865,0.0009966047946363688,0.5923970937728882,0.005135820712894201,0.01172883901745081,7.05536367604509e-05,1.0
9,0.0,,0.0,,1.0,0.0,,,0.00669077318161726,0.3482353091239929,0.38900917768478394,0.005410448182374239,0.8923258781433105,0.0060155135579407215,0.013440940529108047,0.00022540961799677461,3.0
10,0.0,,1.0,,1.0,0.0,,,0.001971260644495487,0.7555826902389526,0.1229998916387558,0.0009173607104457915,0.7100481390953064,0.04044868052005768,0.01042751781642437,0.00013381241296883672,2.0
11,0.0,,0.0,,1.0,0.0,,,0.005394306965172291,0.2986094057559967,0.467739999294281,0.012421241961419582,0.8970369100570679,0.006312780547887087,0.01809999719262123,0.00014711693802382797,4.0
12,0.0,,0.0,,0.0,0.0,,,0.0006740629905834794,0.0001473449810873717,0.0007406353834085166,0.001575941569171846,0.021059270948171616,0.0001290435902774334,0.009987130761146545,9.48485903791152e-05,2.0
13,0.0,,0.0,,0.0,0.0,,,0.0007892613648436964,0.0002969380293507129,0.00028967190883122385,0.0008841996314004064,0.012208380736410618,0.00020878907525911927,0.006004898343235254,5.8934700064128265e-05,1.0
14,0.0,,0.0,,0.0,0.0,,,0.0005591880180872977,8.120522397803143e-05,0.0002975566894747317,0.0010021831840276718,0.016627822071313858,9.609651897335425e-05,0.003147362731397152,8.12175712781027e-05,2.0
15,0.0,0.0,0.0,,0.0,,,,0.0006727061117999256,0.00012439336569514126,0.00044106843415647745,0.0012492474634200335,0.007030712440609932,9.921726450556889e-05,0.003390342928469181,0.00010854976426344365,2.0
16,0.0,1.0,0.0,,0.0,,,,0.029291637241840363,0.7608251571655273,0.0006706705316901207,0.011426031589508057,0.015196646563708782,0.00020092519116587937,0.013283845037221909,0.0020554957445710897,4.0
17,0.0,0.0,0.0,,0.0,,,,0.000893959600944072,0.0005668931407853961,0.0016643435228616,0.001170645235106349,0.024331768974661827,0.00016611961473245174,0.003849941771477461,0.00010256411042064428,2.0
18,0.0,1.0,0.0,,0.0,,,,0.020522017031908035,0.9014292359352112,0.0011417116038501263,0.010033542290329933,0.008825394324958324,0.0003814107913058251,0.006973879411816597,0.0011678473092615604,0.0
19,0.0,0.0,0.0,,0.0,,,,0.00065788091160357,0.0003666130651254207,0.000260438013356179,0.0011077469680458307,0.00994445476680994,9.759081149240956e-05,0.006766068749129772,0.00018290500156581402,4.0
20,0.0,0.0,0.0,,0.0,,,,0.049737922847270966,0.8413465023040771,0.0006163562647998333,0.007051741238683462,0.005959491245448589,0.0013103503733873367,0.019242122769355774,0.0010557272471487522,1.0
21,0.0,0.0,0.0,,0.0,,,,0.0007122003007680178,0.0008600286673754454,0.0006452451925724745,0.0016756118275225163,0.03993373364210129,0.00014095380902290344,0.00796341709792614,0.00014875794295221567,4.0
22,0.0,1.0,0.0,,0.0,,,,0.02031087875366211,0.8312025666236877,0.0011767754331231117,0.015759626403450966,0.025412363931536674,0.0002419158845441416,0.012917828746140003,0.001561031793244183,4.0
23,0.0,0.0,0.0,,0.0,,,,0.002599890111014247,0.0003458643041085452,0.0005240279715508223,0.003143402049317956,0.011919407173991203,0.0008803795208223164,0.009619517251849174,7.731985533609986e-05,1.0
24,0.0,1.0,0.0,,0.0,,,,0.07399140298366547,0.8008589744567871,0.000591424060985446,0.0017139699775725603,0.010953137651085854,0.0003732570621650666,0.007910347543656826,0.003910911735147238,3.0
25,0.0,0.0,0.0,,0.0,,,,0.0011712147388607264,0.001109532662667334,0.0008679624879732728,0.0005276710144244134,0.02056444250047207,0.00022819239529781044,0.001938832108862698,8.850688027450815e-05,0.0
26,0.0,1.0,0.0,,0.0,,,,0.0063681453466415405,0.8355839848518372,0.001233052578754723,0.007156509440392256,0.021397052332758904,0.0002628526999615133,0.005603220779448748,0.0025938870385289192,2.0
27,0.0,,1.0,0.0,1.0,1.0,,,0.03523581847548485,0.853679358959198,0.35595056414604187,0.0028101203497499228,0.9252814650535583,0.9886788725852966,0.006550276651978493,0.00021579285385087132,3.0
28,1.0,,1.0,0.0,1.0,0.0,,,0.4774138033390045,0.8086674213409424,0.9665481448173523,0.3179788589477539,0.6074711680412292,0.423168420791626,0.6362199783325195,0.004642265383154154,3.0
29,0.0,,0.0,0.0,1.0,0.0,,,0.30701547861099243,0.06763597577810287,0.0698908120393753,0.08078452944755554,0.24158433079719543,0.1971011757850647,0.3834778666496277,0.002889628754928708,0.0
30,0.0,,0.0,0.0,1.0,0.0,,,0.027055179700255394,0.0053209844045341015,0.052033305168151855,0.007959398441016674,0.9828007817268372,0.01484895870089531,0.00971705000847578,6.577745807589963e-05,1.0
31,1.0,,0.0,0.0,0.0,0.0,,,0.01564672403037548,0.2709808349609375,0.0009382768184877932,0.046945273876190186,0.054212786257267,0.00019951102149207145,0.00866648554801941,0.016628161072731018,2.0
32,0.0,,0.0,0.0,0.0,0.0,,,0.033493369817733765,0.0007547821733169258,0.09215158224105835,0.09869194775819778,0.9615841507911682,0.0049979062750935555,0.01109011285007,7.937454211059958e-05,1.0
33,0.0,,0.0,0.0,1.0,1.0,,,0.510315477848053,0.6733529567718506,0.9001355171203613,0.12706799805164337,0.9291378259658813,0.9500893950462341,0.30838367342948914,0.00378655013628304,3.0
34,1.0,,1.0,0.0,1.0,1.0,,,0.9048017263412476,0.9704577326774597,0.9466919302940369,0.5195024013519287,0.9862772226333618,0.9883003234863281,0.24505196511745453,0.008834190666675568,4.0
35,1.0,,1.0,1.0,1.0,1.0,,,0.7507179379463196,0.9892679452896118,0.9996575117111206,0.4352322220802307,0.9947841763496399,0.890127956867218,0.33084022998809814,0.014352822676301003,4.0
36,1.0,,1.0,1.0,1.0,1.0,,,0.9957477450370789,0.9996581673622131,0.9999167919158936,0.5798472762107849,0.9970970749855042,0.9991962313652039,0.5751926898956299,0.18659526109695435,3.0
37,1.0,,1.0,1.0,1.0,1.0,,,0.6012195944786072,0.9939546585083008,0.9983217716217041,0.9797749519348145,0.9997066259384155,0.9998066425323486,0.09626957774162292,0.004755338653922081,1.0
38,0.0,,0.0,0.0,0.0,0.0,,,0.006254949606955051,0.0003959627356380224,0.0012296114582568407,0.02018047869205475,0.04463204741477966,0.00023383463849313557,0.006455681286752224,0.00030506119946949184,3.0
39,1.0,,1.0,0.0,1.0,1.0,,,0.8435172438621521,0.90458083152771,0.3526899516582489,0.19238802790641785,0.08785449713468552,0.6172664165496826,0.11268332600593567,0.001004630234092474,1.0
40,1.0,,0.0,1.0,0.0,0.0,,,0.9881325364112854,0.02890521101653576,0.012438971549272537,0.7809804081916809,0.7851717472076416,0.0028977252077311277,0.018062010407447815,0.44266021251678467,3.0
41,1.0,,0.0,1.0,1.0,0.0,,,0.9414284229278564,0.2489374279975891,0.4683445990085602,0.9028696417808533,0.6852817535400391,0.043948009610176086,0.07186272740364075,0.38680481910705566,2.0
42,1.0,,0.0,0.0,0.0,0.0,,,0.2598084509372711,0.03768400847911835,0.011959973722696304,0.19968703389167786,0.5074328184127808,0.041373707354068756,0.08413313329219818,0.004456138703972101,3.0
43,1.0,,0.0,1.0,1.0,0.0,,,0.9843118786811829,0.06726808100938797,0.3752247989177704,0.705329418182373,0.4099523723125458,0.07069180905818939,0.020497487857937813,0.25129300355911255,0.0
44,0.0,,0.0,,0.0,0.0,,,0.0006090368842706084,0.022544050589203835,0.0024703708477318287,0.00038908657734282315,0.5750114917755127,0.0005297952448017895,0.0021823025308549404,0.00015443602751474828,0.0
45,0.0,,0.0,,1.0,0.0,,,0.00187669915612787,0.3033919334411621,0.18203076720237732,0.0009392279898747802,0.608305811882019,0.0055831680074334145,0.011478682979941368,7.133858161978424e-05,1.0
46,0.0,,0.0,,1.0,0.0,,,0.005343782715499401,0.27927568554878235,0.4698514938354492,0.012348589487373829,0.898154616355896,0.005543308798223734,0.018495183438062668,0.00014029497106093913,4.0
47,0.0,,1.0,,1.0,0.0,,,0.0017364624654874206,0.8154367804527283,0.16572818160057068,0.0010931225260719657,0.7648810744285583,0.025681214407086372,0.010639753192663193,0.00021071099035907537,3.0
48,0.0,,1.0,,1.0,0.0,,,0.0055210404098033905,0.6475669145584106,0.36705559492111206,0.006240020971745253,0.9221932888031006,0.027438078075647354,0.005918480921536684,0.00019838793377857655,0.0
49,0.0,,0.0,,0.0,0.0,,,0.001115396968089044,0.0008963154978118837,0.0007127769058570266,0.0008956760866567492,0.020676443353295326,0.00032038582139648497,0.006430838722735643,8.451472240267321e-05,0.0
50,0.0,,0.0,,0.0,0.0,,,0.0005372498417273164,0.00037526924279518425,0.00014445759006775916,0.0008379467763006687,0.013245806097984314,7.97227694420144e-05,0.00671117240563035,0.0002109763736370951,4.0
51,0.0,,0.0,,0.0,0.0,,,0.000816945917904377,0.0005817439523525536,0.0004879336047451943,0.0002961045829579234,0.016965311020612717,0.00014263959019444883,0.0016221593832597136,6.698346260236576e-05,0.0
52,0.0,0.0,0.0,0.0,0.0,0.0,,,0.0008492659544572234,0.0033517074771225452,0.0006447671912610531,0.0010980051010847092,0.02401457540690899,0.0003807514440268278,0.004422992467880249,0.0002377443015575409,3.0
53,0.0,0.0,0.0,0.0,1.0,0.0,,,0.0057350159622728825,0.2983572781085968,0.31655439734458923,0.010799274779856205,0.2910408675670624,0.0042760418727993965,0.03929813578724861,7.827545050531626e-05,1.0
54,,0.0,,0.0,,0.0,,0.0,0.000981335062533617,0.0005815155454911292,0.0005252037080936134,0.0013089504791423678,0.009134678170084953,0.0005655166460201144,0.004408710636198521,0.0002845513809006661,2.0
55,,0.0,,0.0,,0.0,,0.0,0.0011006140848621726,0.0006701993406750262,0.0004835982108488679,0.010076525621116161,0.009496668353676796,0.0006322370609268546,0.011386090889573097,0.00041763990884646773,3.0
56,,0.0,,0.0,,0.0,,0.0,0.001087414100766182,0.0016358179273083806,0.00407593185082078,0.0017041584942489862,0.013926196843385696,0.00035080319503322244,0.007316116709262133,0.00020127362222410738,0.0
57,,0.0,,0.0,,1.0,,0.0,0.02669476717710495,0.018945682793855667,0.0017402198864147067,0.005725622642785311,0.016943434253335,0.000234361898037605,0.005500723607838154,0.0003054634144064039,3.0
58,,0.0,,0.0,,0.0,,0.0,0.01188638899475336,0.0035510777961462736,0.0029461830854415894,0.18319684267044067,0.013462507165968418,0.001661803456954658,0.011942178010940552,0.0005996684776619077,2.0
59,0.0,0.0,0.0,0.0,0.0,0.0,0.0,0.0,0.0010634124046191573,0.0003709735465236008,0.00031782157020643353,0.0009763945708982646,0.006435377523303032,0.0004450764099601656,0.009200227446854115,9.329806925961748e-05,1.0
60,1.0,1.0,1.0,1.0,1.0,1.0,1.0,0.0,0.9230440855026245,0.9997698664665222,0.999671220779419,0.9895266890525818,0.9993817806243896,0.9951747059822083,0.5915070176124573,0.05474501848220825,3.0
61,0.0,1.0,1.0,0.0,1.0,1.0,,,0.34469306468963623,0.94493567943573,0.24905045330524445,0.2901419699192047,0.6189239025115967,0.3552181124687195,0.0548267588019371,0.019675681367516518,3.0
62,1.0,1.0,1.0,1.0,1.0,1.0,1.0,0.0,0.9891173839569092,0.9996382594108582,0.9998063445091248,0.602751612663269,0.9841030240058899,0.48824262619018555,0.9964040517807007,0.9231463074684143,3.0
63,1.0,,1.0,,1.0,1.0,,,0.9946178793907166,0.9981268048286438,0.9999037384986877,0.9970044493675232,0.9998546242713928,0.9994192123413086,0.7457374334335327,0.15810149908065796,1.0
64,,,0.0,0.0,1.0,0.0,,,0.0021898075938224792,0.32702550292015076,0.18254829943180084,0.0022642884869128466,0.9969418048858643,0.04990085959434509,0.022550756111741066,0.0003156808961648494,4.0
65,0.0,0.0,0.0,0.0,0.0,0.0,0.0,0.0,0.0015530658420175314,0.0017595055978745222,0.0008305977680720389,0.005963331088423729,0.16799840331077576,0.00041584172868169844,0.06280481815338135,7.461337372660637e-05,1.0
66,1.0,1.0,1.0,1.0,1.0,1.0,,,0.9972060918807983,0.999591052532196,0.9999505877494812,0.4664842188358307,0.9982215762138367,0.9972338676452637,0.7395061254501343,0.31354230642318726,3.0
67,0.0,0.0,0.0,0.0,0.0,0.0,0.0,0.0,0.0016517494805157185,0.0006129306275397539,0.001709610689431429,0.0015594643773511052,0.07596372067928314,0.0006972983246669173,0.04472903162240982,0.0003045689081773162,0.0
68,0.0,0.0,0.0,0.0,0.0,0.0,0.0,0.0,0.002245913492515683,0.0004700804129242897,0.0010164263658225536,0.006087277550250292,0.033567875623703,0.00044005183735862374,0.009183332324028015,0.00019723086734302342,3.0
69,0.0,0.0,0.0,0.0,0.0,0.0,0.0,0.0,0.0010333629325032234,0.0005381493829190731,0.0008329404518008232,0.0004201415868010372,0.013727850280702114,0.00016331767255906016,0.002161651849746704,0.00012065705959685147,0.0
70,1.0,1.0,1.0,1.0,1.0,0.0,1.0,0.0,0.9693429470062256,0.9809683561325073,0.9993026852607727,0.9617628455162048,0.9588849544525146,0.018357213586568832,0.7706800103187561,0.6689145565032959,0.0
71,0.0,0.0,0.0,0.0,0.0,0.0,0.0,0.0,0.0010266074677929282,0.0008637500577606261,0.0006298962980508804,0.0009204247035086155,0.06033913046121597,0.0019167738500982523,0.03527712821960449,9.277490607928485e-05,1.0
72,0.0,0.0,0.0,0.0,0.0,0.0,,,0.0008705344516783953,0.0001495877659181133,0.0003984800132457167,0.0011021120008081198,0.012277697212994099,0.00019755237735807896,0.008326399140059948,9.277087519876659e-05,2.0
73,1.0,1.0,1.0,1.0,1.0,1.0,,,0.551203727722168,0.9896174073219299,0.9913333654403687,0.9453048706054688,0.9961203932762146,0.9936882257461548,0.31020307540893555,0.011718113906681538,0.0
74,1.0,,1.0,1.0,1.0,,1.0,1.0,0.9876401424407959,0.9996926188468933,0.9932420253753662,0.9859523773193359,0.9980400800704956,0.9851804971694946,0.34717512130737305,0.10930990427732468,3.0
75,1.0,,1.0,0.0,1.0,1.0,,,0.542874276638031,0.9933821558952332,0.8863183856010437,0.20757344365119934,0.9439532160758972,0.9934281706809998,0.352059930562973,0.010406624525785446,3.0
76,1.0,1.0,1.0,1.0,1.0,1.0,1.0,0.0,0.9851064682006836,0.9995210766792297,0.999083936214447,0.633557140827179,0.9950153231620789,0.9973946809768677,0.785413384437561,0.3559536337852478,0.0
77,1.0,1.0,1.0,1.0,1.0,1.0,1.0,1.0,0.9999241828918457,0.9997636675834656,0.9999476671218872,0.9986940622329712,0.9951204061508179,0.4198247194290161,0.9380847215652466,0.872834324836731,3.0
78,1.0,1.0,1.0,1.0,1.0,1.0,1.0,1.0,0.9995890259742737,0.9995908737182617,0.9999066591262817,0.9980525970458984,0.9997017979621887,0.9977037906646729,0.95035719871521,0.8163406848907471,1.0
79,0.0,0.0,0.0,0.0,0.0,0.0,0.0,0.0,0.0011281449114903808,0.0003522861225064844,0.0006621603388339281,0.0011861743405461311,0.013967067934572697,0.0001607820886420086,0.008317659609019756,0.000266063871094957,3.0
80,0.0,,0.0,0.0,0.0,0.0,,,0.001037662266753614,0.000462846364825964,0.0005978252738714218,0.0014780436176806688,0.010456555522978306,0.00021723294048570096,0.0073029412887990475,0.00031700474210083485,3.0
81,0.0,0.0,0.0,0.0,0.0,0.0,0.0,0.0,0.001161659136414528,0.0002329198905499652,0.00047971756430342793,0.0011286473600193858,0.011642931029200554,0.00024071075313258916,0.025234512984752655,0.00029981337138451636,2.0
82,1.0,1.0,1.0,1.0,1.0,1.0,1.0,1.0,0.9938539862632751,0.9999525547027588,0.9976797103881836,0.9151009321212769,0.9985048770904541,0.9979379177093506,0.8783572316169739,0.6567147970199585,3.0
83,0.0,0.0,0.0,0.0,0.0,0.0,0.0,0.0,0.0009166800882667303,0.0004035327583551407,0.00027764978585764766,0.0009649170679040253,0.0037968787364661694,0.0006127430242486298,0.00914654228836298,0.00018341846589464694,1.0
84,1.0,1.0,1.0,1.0,1.0,1.0,1.0,,0.9997625946998596,0.9998233318328857,0.999901533126831,0.9869967699050903,0.9992297887802124,0.9998775124549866,0.9828470945358276,0.7704929113388062,0.0
85,0.0,0.0,0.0,0.0,0.0,0.0,0.0,0.0,0.0009506101487204432,0.001331172650679946,0.0010071801953017712,0.0017337363678961992,0.029835646972060204,0.00022170302690938115,0.006274808198213577,0.00027626383234746754,3.0
86,0.0,1.0,0.0,0.0,1.0,1.0,0.0,0.0,0.4868728816509247,0.8781882524490356,0.26747339963912964,0.012223304249346256,0.7212010622024536,0.27674803137779236,0.05413728207349777,0.009379841387271881,2.0
87,1.0,1.0,0.0,0.0,1.0,1.0,0.0,0.0,0.3129871189594269,0.9516932964324951,0.425611674785614,0.03390016406774521,0.9427717328071594,0.9228076934814453,0.2940318286418915,0.06247992441058159,1.0
88,1.0,1.0,1.0,1.0,1.0,1.0,1.0,1.0,0.9979976415634155,0.9996159076690674,0.9991599917411804,0.9063774943351746,0.9985182881355286,0.9997702240943909,0.9974629878997803,0.8239962458610535,2.0
89,1.0,1.0,1.0,0.0,1.0,1.0,1.0,,0.8931328058242798,0.9535725116729736,0.9347527623176575,0.09065272659063339,0.9909273386001587,0.8216971158981323,0.11675387620925903,0.0010875883745029569,4.0
90,0.0,0.0,0.0,0.0,0.0,0.0,0.0,0.0,0.0006869768840260804,0.00043451011879369617,0.0005594450049102306,0.0013724176678806543,0.013776942156255245,0.00011647830251604319,0.0043595219030976295,0.0002540229761507362,3.0
91,,0.0,0.0,0.0,0.0,,0.0,0.0,0.0007892613648436964,0.0002969380293507129,0.00028967190883122385,0.0008841996314004064,0.012208380736410618,0.00020878907525911927,0.006004898343235254,5.8934700064128265e-05,1.0
92,1.0,1.0,1.0,1.0,1.0,1.0,1.0,0.0,0.9992415904998779,0.9996554851531982,0.9997215270996094,0.9984909296035767,0.9980506896972656,0.9993916749954224,0.5317910313606262,0.5797144770622253,3.0
93,0.0,0.0,0.0,0.0,0.0,0.0,0.0,0.0,0.0006750560132786632,0.0004197950183879584,0.00013064393715467304,0.0007720939465798438,0.01160278171300888,8.802610682323575e-05,0.007859564386308193,0.00029054589685983956,4.0
94,1.0,,1.0,1.0,1.0,1.0,,,0.9984179735183716,0.999970555305481,0.9998646974563599,0.9995656609535217,0.999507486820221,0.9989191293716431,0.7970328330993652,0.6912521123886108,3.0
95,0.0,,0.0,,0.0,0.0,,,0.0007445602095685899,0.0006182205979712307,0.00020971291814930737,0.0010011633858084679,0.016603298485279083,0.0001714986574370414,0.017428576946258545,0.00032857831683941185,4.0
96,1.0,1.0,1.0,1.0,1.0,1.0,,,0.9903255701065063,0.9993564486503601,0.9968322515487671,0.9855772256851196,0.9971560835838318,0.995973527431488,0.8791523575782776,0.1229608952999115,0.0
97,0.0,,0.0,0.0,0.0,0.0,,,0.0019152829190716147,0.0014543357538059354,0.0006098859012126923,0.001314251683652401,0.015109056606888771,0.00043517746962606907,0.020377734676003456,0.0006941883475519717,3.0
98,0.0,1.0,1.0,1.0,1.0,1.0,0.0,0.0,0.9315215349197388,0.9901624321937561,0.9998770356178284,0.9959742426872253,0.9985917806625366,0.9535841345787048,0.5057477355003357,0.021376635879278183,4.0
99,1.0,1.0,1.0,1.0,1.0,1.0,0.0,0.0,0.6620535850524902,0.9995911121368408,0.9990521669387817,0.9648279547691345,0.998095691204071,0.6543333530426025,0.13470526039600372,0.010115593671798706,1.0
100,0.0,0.0,0.0,0.0,0.0,0.0,,,0.001011652871966362,0.0006110104150138795,0.000577741302549839,0.00029373992583714426,0.014265268109738827,0.00034407072234898806,0.0036051797214895487,8.957287354860455e-05,0.0
101,0.0,1.0,1.0,0.0,1.0,0.0,1.0,0.0,0.8418192863464355,0.9635724425315857,0.9729742407798767,0.8447407484054565,0.8532947301864624,0.1906617283821106,0.21779513359069824,0.03285619616508484,2.0
102,1.0,1.0,1.0,1.0,1.0,1.0,1.0,1.0,0.9999266862869263,0.9999699592590332,0.9999650120735168,0.997183084487915,0.9994140863418579,0.9997567534446716,0.9637846946716309,0.9960744976997375,3.0
103,1.0,1.0,1.0,0.0,1.0,0.0,1.0,0.0,0.9087095260620117,0.931128978729248,0.920124888420105,0.3396143615245819,0.8723677396774292,0.9181990027427673,0.7100851535797119,0.01619361713528633,4.0
104,0.0,0.0,0.0,0.0,0.0,0.0,0.0,0.0,0.0008159599965438247,0.0003035455010831356,0.000398612319258973,0.0011934888316318393,0.011474411003291607,0.0002361665538046509,0.012167448177933693,0.0002399729855824262,3.0
105,1.0,1.0,1.0,1.0,1.0,1.0,,,0.9998334050178528,0.9993407726287842,0.9998809099197388,0.9969785213470459,0.9987866878509521,0.9992330074310303,0.9078474044799805,0.6579880118370056,1.0
106,0.0,0.0,0.0,0.0,0.0,0.0,0.0,0.0,0.002990434877574444,0.0005870848544873297,0.0005905927391722798,0.0011745290830731392,0.013842849060893059,0.000214828469324857,0.014561420306563377,0.00041512647294439375,3.0
107,1.0,,1.0,1.0,1.0,1.0,,,0.8779841065406799,0.9989539980888367,0.9997965097427368,0.9882367253303528,0.9990774393081665,0.9651593565940857,0.5268898010253906,0.03690807521343231,2.0
108,0.0,0.0,0.0,0.0,0.0,0.0,0.0,0.0,0.0009262500680051744,0.00032918035867623985,0.0005738574545830488,0.001254165661521256,0.007176955230534077,0.0001706693001324311,0.006568169686943293,0.0003204996755812317,3.0
109,0.0,0.0,0.0,0.0,0.0,0.0,0.0,0.0,0.001095504849217832,0.0007149127777665854,0.0007150509627535939,0.0007315130205824971,0.015031730756163597,0.00020573804795276374,0.0018373533384874463,0.00010518669296288863,0.0
110,0.0,,0.0,,0.0,0.0,,,0.0010113491443917155,0.0007264477317221463,0.000468410988105461,0.0013590287417173386,0.011368120089173317,0.00043806861503981054,0.008056029677391052,0.00028729604673571885,3.0
111,0.0,,0.0,0.0,0.0,0.0,,,0.0009843568550422788,0.00045020226389169693,0.0006902790046297014,0.0004078130004927516,0.01740110106766224,0.000178985035745427,0.0020950722973793745,7.143087714212015e-05,0.0
112,0.0,,0.0,0.0,0.0,0.0,,,0.0006163822836242616,0.0001220671838382259,0.00038137147203087807,0.001239520381204784,0.007136788219213486,0.00011948237079195678,0.00383249344304204,0.00011937454110011458,2.0
113,,,0.0,,0.0,0.0,,,0.0010473913280293345,0.00010855011350940913,0.0002623457694426179,0.0008642147877253592,0.032200343906879425,0.00019374799740035087,0.010580026544630527,0.00012381344276946038,2.0
114,1.0,1.0,1.0,1.0,1.0,1.0,,0.0,0.9894579648971558,0.9998600482940674,0.9999468326568604,0.9992106556892395,0.9993276596069336,0.999841034412384,0.9946906566619873,0.733251690864563,4.0
115,0.0,0.0,0.0,0.0,0.0,0.0,0.0,0.0,0.0034533622674643993,0.0004569752491079271,0.0024505488108843565,0.003598518669605255,0.039947260171175,0.0002459123788867146,0.007555559277534485,8.054205682128668e-05,1.0
116,1.0,1.0,1.0,1.0,1.0,1.0,,,0.9339635372161865,0.9987374544143677,0.9997284412384033,0.9867227077484131,0.9951745867729187,0.9985985159873962,0.7482817769050598,0.3048418164253235,4.0
117,1.0,1.0,1.0,1.0,1.0,1.0,0.0,0.0,0.7770644426345825,0.9988672733306885,0.9996227622032166,0.9858515858650208,0.9991917610168457,0.9985169768333435,0.01673814095556736,0.015008185990154743,3.0
118,0.0,1.0,1.0,0.0,1.0,1.0,1.0,0.0,0.8298442959785461,0.9874091148376465,0.9843851327896118,0.8892847895622253,0.8816173672676086,0.7385275363922119,0.6009413003921509,0.011152207851409912,0.0
119,0.0,1.0,1.0,0.0,1.0,1.0,0.0,0.0,0.08661479502916336,0.9608047008514404,0.9190664291381836,0.02361108735203743,0.9750187993049622,0.9382339715957642,0.02894175425171852,0.0018134561832994223,4.0
120,1.0,1.0,1.0,1.0,1.0,1.0,1.0,1.0,0.999848484992981,0.999599039554596,0.9912837147712708,0.9556740522384644,0.9485531449317932,0.17755606770515442,0.9869152307510376,0.8561064004898071,0.0
121,0.0,1.0,1.0,0.0,1.0,0.0,1.0,0.0,0.02395089715719223,0.8269978165626526,0.3194460868835449,0.0022286486346274614,0.9960343241691589,0.5666207075119019,0.23978939652442932,0.00027498192503117025,1.0
122,1.0,,1.0,1.0,1.0,1.0,,,0.1789437085390091,0.9953802227973938,0.997516930103302,0.9477313756942749,0.9730554223060608,0.9820379018783569,0.14503133296966553,0.012476800009608269,4.0
123,1.0,,1.0,1.0,1.0,1.0,,,0.7684035301208496,0.9963417649269104,0.9967569708824158,0.9753251671791077,0.9982096552848816,0.9827810525894165,0.22577428817749023,0.025398027151823044,1.0
124,1.0,1.0,,1.0,1.0,1.0,1.0,0.0,0.968634307384491,0.9996018409729004,0.998393714427948,0.9792964458465576,0.9995627403259277,0.9906845092773438,0.46167266368865967,0.36804911494255066,0.0
125,0.0,0.0,0.0,0.0,0.0,0.0,0.0,0.0,0.016705015674233437,0.0020310236141085625,0.003260555677115917,0.004634668119251728,0.04700081795454025,0.0013446641387417912,0.02530222199857235,0.0004257907276041806,3.0
126,0.0,0.0,0.0,0.0,0.0,0.0,0.0,0.0,0.0006607745890505612,9.515735291643068e-05,0.0004945631371811032,0.0009765273425728083,0.0072937700897455215,0.00010947977716568857,0.003271130844950676,0.00014071546320337802,2.0
127,1.0,1.0,1.0,1.0,1.0,1.0,,,0.9957758188247681,0.9715923070907593,0.9948998093605042,0.6559298038482666,0.9686190485954285,0.9925029277801514,0.12591533362865448,0.014386389404535294,4.0
128,0.0,0.0,0.0,0.0,0.0,0.0,0.0,0.0,0.0008989439811557531,0.0018015488749369979,0.0012607815442606807,0.0007758317515254021,0.017470451071858406,0.001693226397037506,0.024910662323236465,0.00029605295276269317,0.0
129,0.0,0.0,0.0,0.0,0.0,0.0,0.0,,0.0006636450998485088,0.00010510499123483896,0.00046088328235782683,0.0009026548941619694,0.014202154241502285,0.00012603530194610357,0.004865224473178387,8.370610157726333e-05,2.0
130,0.0,,0.0,0.0,0.0,0.0,,,0.0008870152523741126,0.0012278100475668907,0.0004287336487323046,0.0007885574596002698,0.015995889902114868,0.00044189850450493395,0.04839162155985832,0.0006703345570713282,4.0
131,1.0,1.0,1.0,0.0,1.0,1.0,0.0,0.0,0.645108163356781,0.9866267442703247,0.56301349401474,0.8557702302932739,0.9948411583900452,0.8368881344795227,0.37186548113822937,0.010067002847790718,2.0
132,0.0,,0.0,0.0,0.0,0.0,,,0.0010499736526980996,0.0003464789188001305,0.0007346962811425328,0.0011925119906663895,0.007476788945496082,0.00019622751278802752,0.031804852187633514,0.000523505499586463,3.0
133,1.0,1.0,1.0,1.0,1.0,1.0,1.0,1.0,0.9997222423553467,0.9999463558197021,0.9999183416366577,0.999367892742157,0.9995131492614746,0.9781562685966492,0.9433992505073547,0.9401705265045166,3.0
134,1.0,,1.0,1.0,1.0,1.0,,,0.9487343430519104,0.9926707744598389,0.9990265369415283,0.9851141571998596,0.9986767172813416,0.9804473519325256,0.15645720064640045,0.01934170350432396,0.0
135,,,1.0,,,,1.0,1.0,0.9998812079429626,0.9997751116752625,0.9980792999267578,0.9996299147605896,0.9988535046577454,0.9998836517333984,0.9686340093612671,0.995765745639801,0.0
136,0.0,0.0,0.0,0.0,0.0,0.0,0.0,0.0,0.0007111888262443244,9.998226596508175e-05,0.0004294883110560477,0.0011546940077096224,0.010685577988624573,0.00014570775965694338,0.004254070110619068,9.39811798161827e-05,2.0
137,0.0,0.0,0.0,0.0,0.0,0.0,0.0,0.0,0.0008127611945383251,0.0004973896429874003,0.0003455877013038844,0.0012428853660821915,0.007258763071149588,0.000225372874410823,0.01139895711094141,0.0001668265031185001,3.0
138,1.0,1.0,1.0,1.0,1.0,1.0,1.0,0.0,0.9972928762435913,0.9997736215591431,0.9997426271438599,0.9922135472297668,0.9991499185562134,0.9997953176498413,0.87840336561203,0.5009980201721191,2.0
139,1.0,1.0,1.0,1.0,1.0,1.0,0.0,0.0,0.8348604440689087,0.9988021850585938,0.9975872039794922,0.992993175983429,0.9969571828842163,0.9986987709999084,0.17460736632347107,0.033804211765527725,2.0
140,1.0,1.0,1.0,1.0,1.0,1.0,1.0,1.0,0.9966498613357544,0.9992223978042603,0.9791889190673828,0.9427603483200073,0.9987165927886963,0.9559144973754883,0.9906957745552063,0.7565069198608398,2.0
141,1.0,1.0,0.0,0.0,1.0,1.0,0.0,0.0,0.884406566619873,0.9856263995170593,0.9013871550559998,0.7327595353126526,0.984546422958374,0.9259706735610962,0.4601929783821106,0.2360183298587799,1.0
142,0.0,0.0,0.0,0.0,0.0,0.0,0.0,0.0,0.000714177789632231,0.0002443014527671039,0.0013916179304942489,0.0013669193722307682,0.02498048171401024,0.00025010795798152685,0.014856941998004913,0.00010553159518167377,2.0
143,1.0,1.0,1.0,1.0,1.0,1.0,0.0,,0.48461735248565674,0.9990342855453491,0.9782670736312866,0.9593890905380249,0.9834425449371338,0.20127415657043457,0.5205944776535034,0.023075025528669357,3.0
144,0.0,0.0,0.0,0.0,0.0,0.0,0.0,0.0,0.0010035631712526083,0.0004424052604008466,0.00040749015170149505,0.0014480617828667164,0.020791420713067055,0.00014728165115229785,0.006481287069618702,0.00038133683847263455,3.0
145,1.0,1.0,1.0,1.0,1.0,1.0,1.0,1.0,0.9999613165855408,0.9999786019325256,0.9998967051506042,0.9792707562446594,0.9822607636451721,0.8864811062812805,0.984046220779419,0.9919012784957886,3.0
146,1.0,,1.0,1.0,1.0,,,,0.9975712299346924,0.9997398853302002,0.9999317526817322,0.9992316961288452,0.999528706073761,0.9999362230300903,0.8259096145629883,0.2701680660247803,4.0
147,0.0,1.0,0.0,0.0,0.0,0.0,1.0,0.0,0.27777761220932007,0.005231908522546291,0.0992012619972229,0.10256924480199814,0.5802876949310303,0.023410430178046227,0.3028196096420288,0.010063683614134789,2.0
148,,,0.0,0.0,0.0,0.0,,,0.0007114692707546055,9.834589582169428e-05,0.00034372552181594074,0.00119527499191463,0.007896341383457184,8.521574636688456e-05,0.003423855174332857,9.44671337492764e-05,2.0
149,0.0,0.0,,0.0,0.0,0.0,,,0.0018465921748429537,0.0009927963837981224,0.0010283209849148989,0.004274202510714531,0.03488624095916748,0.0006240044604055583,0.0059977248311042786,0.00012193166912766173,0.0
150,1.0,1.0,,1.0,1.0,1.0,,,0.9989392757415771,0.9918269515037537,0.9995022416114807,0.9865046143531799,0.9984137415885925,0.9636971354484558,0.21201813220977783,0.8779737949371338,2.0
151,1.0,1.0,,0.0,1.0,1.0,,,0.9622592926025391,0.9997943043708801,0.9769107103347778,0.7093508839607239,0.9935026168823242,0.9909021258354187,0.17226549983024597,0.41314294934272766,2.0
152,1.0,1.0,1.0,1.0,1.0,1.0,1.0,0.0,0.9963077306747437,0.9996064901351929,0.9998704791069031,0.9964425563812256,0.9997830986976624,0.996136486530304,0.9836649894714355,0.6259370446205139,1.0
153,1.0,,1.0,,1.0,1.0,,,0.4473884403705597,0.995800793170929,0.5646783709526062,0.3575427532196045,0.9991677403450012,0.9760028719902039,0.012951339595019817,0.0037887152284383774,4.0
154,0.0,,0.0,0.0,0.0,0.0,,,0.002494493033736944,0.0008681227336637676,0.00722094951197505,0.006810637190937996,0.6070845127105713,0.00989945512264967,0.0112032825127244,0.00015166806406341493,4.0
155,,,1.0,1.0,1.0,1.0,,,0.6825258731842041,0.9906798601150513,0.9966427087783813,0.9398905634880066,0.9976276159286499,0.9858545064926147,0.2384801059961319,0.01866561733186245,2.0
156,0.0,0.0,0.0,0.0,1.0,0.0,0.0,0.0,0.017222881317138672,0.43955641984939575,0.5565775036811829,0.024170607328414917,0.15080416202545166,0.01173854898661375,0.4967428147792816,0.0004776020359713584,2.0
157,,,,,,,0.0,0.0,0.004539688117802143,0.0012129604583606124,0.0007672358769923449,0.014173928648233414,0.08410195261240005,0.0005310568958520889,0.062253229320049286,0.0003571178240235895,0.0
158,0.0,0.0,0.0,0.0,0.0,0.0,0.0,0.0,0.0010281611466780305,0.0001471917930757627,0.0005095659289509058,0.001084876828826964,0.009495398961007595,0.0001348046207567677,0.01068366039544344,0.00018044290482066572,2.0
159,0.0,0.0,0.0,0.0,0.0,0.0,0.0,0.0,0.0007247566245496273,0.00038861652137711644,0.00015095426351763308,0.0006593379657715559,0.012800460681319237,0.00013362523168325424,0.00748954713344574,0.00020152205252088606,4.0
160,0.0,,0.0,,0.0,0.0,,,0.0005236334400251508,0.0004775786946993321,0.00014793207810726017,0.0006331217009574175,0.017434488981962204,0.00013990509614814073,0.006740911863744259,0.00019177205103915185,4.0
161,,1.0,,0.0,,,,,0.02697078138589859,0.8433260917663574,0.0031618664506822824,0.015307312831282616,0.03569790720939636,0.001185071305371821,0.06738545000553131,0.0009999823523685336,4.0
162,0.0,,0.0,0.0,0.0,0.0,,,0.0009545497596263885,0.0005380896618589759,0.00042229206883348525,0.0009784360881894827,0.016062503680586815,0.00027597317239269614,0.007473510690033436,0.00010444273357279599,1.0
163,1.0,1.0,1.0,1.0,1.0,1.0,1.0,1.0,0.9996086359024048,0.9998114705085754,0.9996123313903809,0.3177381157875061,0.9966212511062622,0.9517543315887451,0.8321951627731323,0.8165057301521301,1.0
164,1.0,1.0,1.0,1.0,1.0,1.0,0.0,,0.588625431060791,0.9989910125732422,0.9911532402038574,0.987541913986206,0.9990332126617432,0.9991189241409302,0.40297698974609375,0.013279645703732967,2.0
165,1.0,1.0,1.0,1.0,1.0,1.0,0.0,1.0,0.9997950792312622,0.9827433228492737,0.9999580383300781,0.9970919489860535,0.9996504783630371,0.9996599555015564,0.1374080628156662,0.9880750179290771,3.0
166,1.0,1.0,1.0,1.0,1.0,1.0,1.0,1.0,0.9999017119407654,0.9998614192008972,0.9999371767044067,0.996245801448822,0.9994563460350037,0.9995111227035522,0.9931256771087646,0.9963362216949463,3.0
167,1.0,1.0,1.0,1.0,1.0,1.0,0.0,1.0,0.9959352612495422,0.9880362153053284,0.9984834790229797,0.9987571239471436,0.9690651893615723,0.27396565675735474,0.8972569704055786,0.9292846322059631,2.0
168,1.0,1.0,1.0,1.0,1.0,1.0,1.0,0.0,0.9909958839416504,0.9998514652252197,0.9987687468528748,0.9336457848548889,0.9934062361717224,0.9982166290283203,0.9792959690093994,0.6942479014396667,0.0
169,0.0,0.0,0.0,0.0,0.0,0.0,,,0.000812124868389219,0.00040567791438661516,0.0004208116151858121,0.0014226057101041079,0.007304834201931953,0.00019033366697840393,0.007607818115502596,0.00045054039219394326,3.0
170,0.0,,0.0,0.0,0.0,0.0,,,0.0011435991618782282,0.0003961884358432144,0.0011399737559258938,0.0012728840811178088,0.014127367176115513,0.0003101584152318537,0.048029784113168716,0.00040747690945863724,2.0
171,0.0,0.0,0.0,,0.0,0.0,,,0.0011494208592921495,0.029296468943357468,0.003706201445311308,0.006936035584658384,0.045156728476285934,0.00015357002848759294,0.01150771975517273,0.00039125262992456555,2.0
172,1.0,1.0,1.0,1.0,1.0,,1.0,,0.9974356889724731,0.9998523592948914,0.9999600648880005,0.9937038421630859,0.9991776943206787,0.9997884035110474,0.6296207308769226,0.584937572479248,3.0
173,1.0,,1.0,,1.0,1.0,,,0.8788677453994751,0.9964680075645447,0.9914360046386719,0.29725155234336853,0.9933072924613953,0.9907406568527222,0.14460264146327972,0.03253926709294319,0.0
174,1.0,1.0,1.0,1.0,1.0,1.0,,,0.9978271722793579,0.9988175630569458,0.9998049139976501,0.6015119552612305,0.9978376626968384,0.9970871210098267,0.584269642829895,0.5076735019683838,0.0
175,0.0,0.0,1.0,0.0,1.0,0.0,0.0,0.0,0.43409937620162964,0.21721193194389343,0.8431850671768188,0.12158749997615814,0.5938064455986023,0.10915739089250565,0.06643221527338028,0.00013055505405645818,1.0
176,,,,,,,0.0,0.0,0.7556170225143433,0.9643325209617615,0.9691751599311829,0.3691076636314392,0.9843794107437134,0.997359037399292,0.3413695991039276,0.009568003006279469,3.0
177,1.0,,1.0,1.0,1.0,1.0,1.0,1.0,0.999685525894165,0.998819887638092,0.9998847842216492,0.990227222442627,0.9990049600601196,0.9997057318687439,0.9197353720664978,0.3601030111312866,0.0
178,1.0,1.0,1.0,1.0,1.0,1.0,1.0,,0.9419770836830139,0.9998005628585815,0.9991154670715332,0.9836500883102417,0.999315619468689,0.9946401119232178,0.7863237857818604,0.1566201150417328,0.0
179,1.0,1.0,1.0,1.0,1.0,0.0,0.0,0.0,0.7544525265693665,0.8334119915962219,0.9988425374031067,0.9963315725326538,0.9664572477340698,0.6079245805740356,0.11381381005048752,0.6330946087837219,0.0
180,1.0,,1.0,1.0,1.0,,,,0.9714308977127075,0.9989699125289917,0.9998714327812195,0.9992392063140869,0.9987136125564575,0.9803155064582825,0.8942459225654602,0.04611675813794136,4.0
181,0.0,0.0,0.0,0.0,0.0,0.0,,,0.000584246648941189,0.00018088564684148878,0.0005787122645415366,0.001212553703226149,0.007830050773918629,0.00010282328730681911,0.0036379217635840178,0.00020706509531009942,2.0
182,0.0,,0.0,0.0,0.0,0.0,,,0.3442305326461792,0.003241334343329072,0.20207566022872925,0.04859732463955879,0.57590252161026,0.029470786452293396,0.6948373913764954,0.005614443216472864,2.0
183,0.0,0.0,0.0,0.0,0.0,0.0,0.0,0.0,0.0010352488607168198,0.0006174751906655729,0.0007234810036607087,0.0015926010673865676,0.008400654420256615,0.00016518226766493171,0.010850374586880207,0.00039096575346775353,3.0
184,1.0,,1.0,,1.0,1.0,,,0.8642333745956421,0.9461461901664734,0.9036873579025269,0.41792166233062744,0.5545432567596436,0.28988686203956604,0.5382046699523926,0.0014132277574390173,0.0
185,0.0,,0.0,,0.0,0.0,,,0.0015481669688597322,0.013299388810992241,0.0013393331319093704,0.0023748588282614946,0.04115636646747589,0.002057745587080717,0.03519916906952858,0.00024793774355202913,1.0
186,0.0,,0.0,,0.0,0.0,,,0.0007396284490823746,0.0006407145992852747,0.00020633770327549428,0.0011160969734191895,0.015681756660342216,0.00014022381219547242,0.007669992279261351,0.00029248991631902754,4.0
187,0.0,0.0,0.0,0.0,0.0,0.0,0.0,0.0,0.0011062390403822064,0.00024397890956606716,0.0010744704632088542,0.001806200947612524,0.006797598209232092,0.00042213976848870516,0.02772137150168419,0.00028279091930016875,2.0
188,1.0,1.0,0.0,,1.0,1.0,,,0.4808530807495117,0.6558728218078613,0.043278004974126816,0.030185045674443245,0.30387869477272034,0.7527531981468201,0.3241576850414276,0.0007106760167516768,0.0
189,0.0,,0.0,,0.0,0.0,,,0.0012727417051792145,0.0006635068566538393,0.00043993088183924556,0.0037063437048345804,0.023467496037483215,0.0002179920265916735,0.009977862238883972,0.0001510018337285146,4.0
190,1.0,0.0,0.0,0.0,0.0,0.0,1.0,0.0,0.11302845925092697,0.0983729213476181,0.15947654843330383,0.1293337196111679,0.16350193321704865,0.0036031214985996485,0.6924383044242859,0.002489841775968671,4.0
191,1.0,0.0,1.0,1.0,1.0,0.0,0.0,1.0,0.9796503782272339,0.5059382915496826,0.9999284744262695,0.9423041939735413,0.9468052387237549,0.3123786747455597,0.32419392466545105,0.5126286745071411,3.0
192,0.0,0.0,0.0,0.0,0.0,0.0,0.0,0.0,0.0036470284685492516,0.005334911867976189,0.0007190743344835937,0.0010573286563158035,0.007793264929205179,0.00022638811788056046,0.015515271574258804,0.0002562765730544925,0.0
193,0.0,0.0,0.0,0.0,0.0,0.0,0.0,0.0,0.0008148264023475349,0.00011460362293291837,0.0004252895887475461,0.0013408995000645518,0.007792391814291477,0.00017941910482477397,0.009273304603993893,0.00011199549044249579,2.0
194,1.0,1.0,0.0,0.0,1.0,0.0,0.0,0.0,0.2805335521697998,0.719306230545044,0.8832573294639587,0.08214835822582245,0.9727095365524292,0.33154234290122986,0.2568783164024353,0.009701959788799286,1.0
195,0.0,1.0,1.0,0.0,1.0,1.0,0.0,,0.06205478683114052,0.8864200115203857,0.38029545545578003,0.0019081506179645658,0.754542887210846,0.6545681953430176,0.03401385620236397,0.00020520758698694408,2.0
196,1.0,1.0,1.0,1.0,1.0,,1.0,,0.9587895274162292,0.9973748922348022,0.9984050393104553,0.9884457588195801,0.997666597366333,0.999373733997345,0.590884804725647,0.10541139543056488,0.0
197,0.0,0.0,0.0,0.0,0.0,0.0,,,0.0009278211509808898,0.0005897821392863989,0.0006771009066142142,0.003336331807076931,0.04023297503590584,0.0002173916291212663,0.016292857006192207,9.793265053303912e-05,4.0
198,0.0,0.0,0.0,0.0,1.0,1.0,,,0.05296366289258003,0.3670167326927185,0.6807823777198792,0.010035484097898006,0.7154772281646729,0.6110719442367554,0.015570972114801407,7.730675861239433e-05,1.0
199,0.0,,0.0,,0.0,0.0,,,0.002380128251388669,0.0008814546745270491,0.00809362344443798,0.006878476589918137,0.5764016509056091,0.01655234396457672,0.006638634018599987,8.410167356487364e-05,0.0
200,0.0,0.0,0.0,,0.0,0.0,,,0.0006775857182219625,0.00065288704354316,0.00021097197895869613,0.00069525366416201,0.018360335379838943,0.0002192837855545804,0.0204920694231987,0.0002599888830445707,4.0
201,0.0,1.0,0.0,,0.0,0.0,,,0.033701471984386444,0.7975033521652222,0.0007861559861339629,0.00349410786293447,0.022490479052066803,0.00028670812025666237,0.024669377133250237,0.0008880679961293936,4.0
202,,,0.0,0.0,0.0,0.0,,,0.0007047227118164301,0.00034753663931041956,0.0001917156478157267,0.0007781301392242312,0.006302822381258011,0.0002189002261729911,0.009716475382447243,0.0002920711995102465,4.0
203,1.0,1.0,1.0,1.0,1.0,1.0,1.0,,0.893122673034668,0.9994425773620605,0.9996101260185242,0.9713290333747864,0.9988605380058289,0.9642312526702881,0.5522843599319458,0.03157004714012146,0.0
204,1.0,1.0,1.0,1.0,1.0,1.0,0.0,0.0,0.9941166043281555,0.9998397827148438,0.9997188448905945,0.9896769523620605,0.9993045926094055,0.9999145269393921,0.522304356098175,0.8557079434394836,3.0
205,,0.0,,0.0,,,,,0.030783258378505707,0.8885477781295776,0.005044606514275074,0.01763160713016987,0.04227108135819435,0.0007389964885078371,0.01523834653198719,0.004362595267593861,1.0
206,0.0,,0.0,0.0,0.0,0.0,,,0.0011479168897494674,0.0012951374519616365,0.0007266216562129557,0.001962690381333232,0.04126417636871338,0.00040038503357209265,0.08532292395830154,0.0002479466493241489,4.0
207,1.0,1.0,1.0,1.0,1.0,1.0,1.0,,0.994726300239563,0.9991698265075684,0.9997859001159668,0.943845808506012,0.9996656179428101,0.9905522465705872,0.7310759425163269,0.1534133106470108,1.0
208,1.0,,1.0,,1.0,1.0,,,0.9875787496566772,0.9982569813728333,0.9982557892799377,0.5912317633628845,0.9962095022201538,0.9993772506713867,0.43308836221694946,0.2611236870288849,0.0
209,1.0,1.0,1.0,0.0,1.0,1.0,,,0.6686810255050659,0.9734600782394409,0.9458456635475159,0.20749936997890472,0.9245866537094116,0.979732871055603,0.13816186785697937,0.0012007243931293488,1.0
210,1.0,0.0,1.0,1.0,1.0,0.0,0.0,0.0,0.9813302755355835,0.6679912209510803,0.9995957612991333,0.9994148015975952,0.9964230060577393,0.4546949565410614,0.08069368451833725,0.15050430595874786,0.0
211,1.0,1.0,1.0,1.0,1.0,1.0,0.0,1.0,0.9998279809951782,0.9999629259109497,0.9983104467391968,0.9989657402038574,0.9983903765678406,0.9953039884567261,0.9630638360977173,0.9568901062011719,0.0
212,0.0,,0.0,,0.0,0.0,,,0.0009435078827664256,0.0008720235782675445,0.0004958154167979956,0.0013963605742901564,0.014880765229463577,0.0003019169089384377,0.002250314923003316,0.00019382982281967998,0.0
213,0.0,,1.0,,1.0,0.0,,,0.013481011614203453,0.8002020120620728,0.6176835894584656,0.018437011167407036,0.9368267059326172,0.0313548818230629,0.08574030548334122,0.0002906575973611325,3.0
214,0.0,0.0,0.0,0.0,0.0,0.0,0.0,0.0,0.0019372481619939208,0.0004999293014407158,0.00532064912840724,0.0019387986976653337,0.48774927854537964,0.0038135668728500605,0.0703531801700592,0.00018331706814933568,2.0
215,,,1.0,,1.0,1.0,,,0.8269158601760864,0.9973433017730713,0.9997425079345703,0.9688243269920349,0.9989979267120361,0.9925095438957214,0.020432211458683014,0.015486937016248703,2.0
216,1.0,1.0,1.0,0.0,1.0,1.0,0.0,0.0,0.9071369171142578,0.9459055066108704,0.9880805015563965,0.7233932018280029,0.9627661108970642,0.7604589462280273,0.20957133173942566,0.027635397389531136,3.0
217,0.0,0.0,0.0,0.0,0.0,0.0,0.0,0.0,0.0006739089149050415,0.00040270391036756337,0.0002009587042266503,0.0010010553523898125,0.008153771050274372,0.000164957411470823,0.01958400011062622,0.0003504350606817752,4.0
218,1.0,1.0,1.0,1.0,1.0,,1.0,,0.9940767884254456,0.9916678667068481,0.9993274807929993,0.699249804019928,0.9952237606048584,0.9960860013961792,0.5246829986572266,0.24459922313690186,0.0
219,0.0,,0.0,0.0,0.0,0.0,,,0.0009930524975061417,0.0005882374825887382,0.0006736577488481998,0.00040737909148447216,0.01084026787430048,0.0004705354222096503,0.0038553636986762285,0.0001020793424686417,0.0
220,0.0,1.0,1.0,1.0,1.0,1.0,,,0.4003567099571228,0.9483271837234497,0.9883489608764648,0.8183799386024475,0.9453721046447754,0.6318192481994629,0.3963322937488556,0.005081409588456154,0.0
221,1.0,0.0,0.0,0.0,0.0,0.0,0.0,0.0,0.02053617499768734,0.02249518595635891,0.0013433601707220078,0.02591508813202381,0.11589160561561584,0.001207725959829986,0.01537275966256857,0.0013377389404922724,1.0
222,1.0,,1.0,0.0,1.0,1.0,,,0.5225646495819092,0.9979153275489807,0.817009449005127,0.1877022087574005,0.9584423899650574,0.9817726612091064,0.27630093693733215,0.009399943985044956,2.0
223,0.0,1.0,1.0,1.0,1.0,1.0,1.0,0.0,0.7426508069038391,0.9997346997261047,0.9996438026428223,0.9438271522521973,0.9992733597755432,0.9973995089530945,0.8037362694740295,0.06473895162343979,3.0
224,1.0,1.0,1.0,0.0,1.0,0.0,,,0.5902117490768433,0.9481354355812073,0.9289184212684631,0.8672566413879395,0.7241484522819519,0.14879728853702545,0.19620263576507568,0.021881965920329094,2.0
225,0.0,0.0,0.0,0.0,0.0,0.0,0.0,0.0,0.0012098988518118858,0.0035259220749139786,0.00047518423525616527,0.0011735520092770457,0.023649856448173523,0.0004960941732861102,0.02847950905561447,0.0002855217026080936,4.0
226,0.0,,0.0,0.0,1.0,1.0,,,0.2786705195903778,0.20136183500289917,0.10814998298883438,0.004133718553930521,0.08929946273565292,0.281814843416214,0.02220333367586136,9.696253982838243e-05,1.0
227,1.0,1.0,1.0,1.0,1.0,1.0,1.0,,0.999934732913971,0.9998481273651123,0.9998751878738403,0.9996213316917419,0.9994128346443176,0.9837716221809387,0.7686598300933838,0.9556843042373657,3.0
228,1.0,,1.0,1.0,1.0,1.0,,,0.953059196472168,0.9978265762329102,0.9993197917938232,0.47693660855293274,0.9948187470436096,0.907235324382782,0.18733181059360504,0.015871191397309303,2.0
229,1.0,1.0,1.0,1.0,1.0,1.0,1.0,0.0,0.9892401099205017,0.9993020296096802,0.9994117617607117,0.7829086780548096,0.9954254627227783,0.7883886694908142,0.5165745615959167,0.6464939117431641,0.0
230,0.0,0.0,0.0,0.0,0.0,0.0,0.0,0.0,0.0034090718254446983,0.002242122311145067,0.001076271990314126,0.006910254713147879,0.279570072889328,0.0004060686915181577,0.03636443614959717,8.01538917585276e-05,1.0
231,0.0,,0.0,0.0,0.0,0.0,,,0.0010511749424040318,0.0006723401602357626,0.0006196338217705488,0.0003822115540970117,0.0073075564578175545,0.00030155322747305036,0.002804259769618511,9.895688708638772e-05,0.0
232,0.0,0.0,1.0,0.0,0.0,0.0,0.0,0.0,0.012352929450571537,0.08843548595905304,0.02098292112350464,0.8543506860733032,0.7223554253578186,0.0021598220337182283,0.09855683147907257,0.0015934783732518554,3.0
233,0.0,0.0,0.0,0.0,0.0,0.0,0.0,0.0,0.0009026643238030374,0.0006561294430866838,0.0006781788542866707,0.0004045554087497294,0.010198567993938923,0.00016862484335433692,0.0020457813516259193,9.490791853750125e-05,0.0
234,1.0,1.0,1.0,0.0,1.0,1.0,0.0,1.0,0.9949656128883362,0.9940401315689087,0.9421039819717407,0.8355395197868347,0.9667357802391052,0.902570366859436,0.14318612217903137,0.014296764507889748,3.0
235,1.0,,1.0,1.0,1.0,1.0,,,0.9986318349838257,0.9998852014541626,0.99913489818573,0.9418767094612122,0.9984404444694519,0.9843830466270447,0.3420388102531433,0.799616277217865,3.0
236,1.0,1.0,1.0,1.0,1.0,1.0,,,0.9681049585342407,0.9996500611305237,0.9970230460166931,0.6344171762466431,0.99360191822052,0.9889516234397888,0.7575945854187012,0.43736183643341064,2.0
237,0.0,,0.0,0.0,0.0,0.0,,,0.001381986541673541,0.0008784724632278085,0.000584928086027503,0.00033715652534738183,0.005359590984880924,0.00019977243209723383,0.0055387672036886215,0.00021298893261700869,0.0
238,0.0,0.0,0.0,0.0,0.0,0.0,0.0,0.0,0.0007282841834239662,0.0003033005923498422,0.0004864975344389677,0.0012144792126491666,0.01030762679874897,0.00018623986397869885,0.008679855614900589,0.0002321233187103644,3.0
239,1.0,1.0,1.0,1.0,1.0,1.0,1.0,1.0,0.9982157349586487,0.9999343156814575,0.9992349147796631,0.998135507106781,0.9976832270622253,0.9999032616615295,0.989741325378418,0.4643489122390747,0.0
240,1.0,1.0,1.0,1.0,1.0,1.0,1.0,0.0,0.9887674450874329,0.9998322129249573,0.9997518062591553,0.9940206408500671,0.9983701705932617,0.9497398138046265,0.47920888662338257,0.1743316352367401,0.0
241,0.0,0.0,0.0,0.0,0.0,0.0,0.0,0.0,0.0006482572061941028,0.0004904417437501252,0.0001303782919421792,0.0007269267807714641,0.01705566793680191,0.00016848409723024815,0.013367393985390663,0.0001715039979899302,4.0
242,1.0,1.0,1.0,1.0,1.0,1.0,1.0,1.0,0.99874347448349,0.9995858073234558,0.9997631907463074,0.9533761739730835,0.9993345737457275,0.9999508261680603,0.9342011213302612,0.8019733428955078,2.0
243,,,0.0,0.0,1.0,1.0,,,0.5619488954544067,0.9053787589073181,0.47977501153945923,0.01376570388674736,0.8268773555755615,0.29162946343421936,0.03309667110443115,0.0017981712007895112,2.0
244,0.0,,1.0,0.0,1.0,1.0,,,0.9290450811386108,0.9894619584083557,0.9909278154373169,0.7237778902053833,0.9925349354743958,0.9960069060325623,0.4942226707935333,0.03020245023071766,1.0
245,1.0,1.0,1.0,1.0,1.0,1.0,,,0.9846614003181458,0.9969753623008728,0.9998970031738281,0.997446596622467,0.994391918182373,0.9891805648803711,0.4187812805175781,0.1169169619679451,4.0
246,0.0,1.0,0.0,,1.0,,,,0.015449445694684982,0.22461876273155212,0.13930819928646088,0.0246017687022686,0.9951290488243103,0.08393406867980957,0.03754295036196709,0.00023333667195402086,4.0
247,0.0,1.0,0.0,,1.0,,,,0.05449950322508812,0.6848739981651306,0.10271681845188141,0.1674353927373886,0.9734394550323486,0.06108462065458298,0.02020813338458538,0.0015211879508569837,0.0
248,1.0,1.0,1.0,0.0,1.0,1.0,1.0,0.0,0.9448325037956238,0.9745827913284302,0.9941022396087646,0.48666125535964966,0.9899739623069763,0.9404750466346741,0.7608372569084167,0.030634867027401924,3.0
249,0.0,,0.0,0.0,0.0,0.0,,,0.001475986442528665,0.0008733642753213644,0.0010054088197648525,0.0011783146765083075,0.03308519348502159,0.0009258100762963295,0.010030669160187244,0.0005034212954342365,3.0
250,0.0,1.0,1.0,0.0,1.0,1.0,0.0,0.0,0.4140041470527649,0.9841271638870239,0.9614238739013672,0.022450121119618416,0.9833749532699585,0.714360237121582,0.05097440257668495,0.00048289625556208193,2.0
251,0.0,1.0,0.0,,1.0,0.0,,,0.0009342646808363497,0.43427762389183044,0.3956525921821594,0.002759000053629279,0.6684030890464783,0.047938186675310135,0.06463921070098877,0.0011757148895412683,0.0
252,0.0,0.0,0.0,0.0,0.0,0.0,0.0,0.0,0.0009547611698508263,0.0006439334247261286,0.0005360299837775528,0.0003208016569260508,0.00836032722145319,0.00014637688582297415,0.0017739888280630112,8.246535435318947e-05,0.0
253,0.0,,1.0,0.0,1.0,0.0,,,0.005623883567750454,0.37618309259414673,0.8927717208862305,0.08722169697284698,0.852859616279602,0.45027613639831543,0.028249379247426987,0.0003727979783434421,4.0
254,0.0,0.0,0.0,0.0,0.0,0.0,0.0,0.0,0.0011217270512133837,0.0007127474527806044,0.0006146061350591481,0.0003744660643860698,0.012296568602323532,0.00015278665523510426,0.0016832130495458841,9.146454249275848e-05,0.0
255,0.0,0.0,0.0,0.0,1.0,0.0,0.0,,0.08027669787406921,0.05921617150306702,0.3689679205417633,0.03980352357029915,0.0735311210155487,0.12797656655311584,0.1319374144077301,0.0007057208567857742,3.0
256,1.0,1.0,1.0,1.0,1.0,1.0,1.0,0.0,0.9857234954833984,0.9989410042762756,0.9997947812080383,0.993443489074707,0.9997202754020691,0.950210452079773,0.600917398929596,0.10384897887706757,1.0
257,0.0,0.0,0.0,0.0,0.0,0.0,0.0,0.0,0.0007445705123245716,0.0005493053467944264,0.00017598654085304588,0.0008165610488504171,0.02030889503657818,0.00014083953283261508,0.007942180149257183,0.0002350246359128505,4.0
258,1.0,1.0,1.0,1.0,1.0,1.0,,,0.903537929058075,0.9975427985191345,0.9995472431182861,0.908271074295044,0.9994104504585266,0.9995730519294739,0.2251904010772705,0.1531793773174286,2.0
259,1.0,1.0,,1.0,1.0,1.0,1.0,1.0,0.9941530227661133,0.999915599822998,0.9998826384544373,0.9988815784454346,0.9994502067565918,0.9982970952987671,0.8489419221878052,0.1230369508266449,0.0
260,1.0,1.0,1.0,1.0,1.0,1.0,1.0,1.0,0.9973015785217285,0.9992738962173462,0.9992853999137878,0.9853842854499817,0.9969475865364075,0.9991951584815979,0.5747207403182983,0.7738162875175476,2.0
261,0.0,0.0,0.0,0.0,0.0,0.0,,,0.0008982460713014007,0.0003604321100283414,0.00041154641075991094,0.000991484965197742,0.006017675623297691,0.0002316699392395094,0.006578403525054455,0.00011116486712126061,1.0
262,0.0,,1.0,0.0,1.0,1.0,,,0.20937186479568481,0.970821738243103,0.9608643651008606,0.8772088885307312,0.9822383522987366,0.989669680595398,0.06487663090229034,0.00578473461791873,4.0
263,0.0,1.0,0.0,0.0,1.0,0.0,0.0,,0.0018589833052828908,0.13861876726150513,0.04296319931745529,0.000967002531979233,0.9911475777626038,0.058495908975601196,0.010685927234590054,8.206583879655227e-05,1.0
264,0.0,0.0,0.0,0.0,0.0,0.0,0.0,0.0,0.0009050247026607394,0.0011204048059880733,0.0008007497526705265,0.0014645938063040376,0.03349700942635536,0.00040621188236400485,0.0058208187110722065,0.00019643374253064394,3.0
265,0.0,,0.0,,0.0,0.0,,,0.00990358553826809,0.0010236589005216956,0.00038972741458564997,0.0071012298576533794,0.007558595854789019,0.00046178229968063533,0.04074637591838837,0.00022129167336970568,1.0
266,0.0,1.0,1.0,0.0,1.0,1.0,0.0,0.0,0.1710684895515442,0.8962123394012451,0.7528594732284546,0.018578557297587395,0.951204776763916,0.8630355000495911,0.07908184826374054,6.768920866306871e-05,1.0
267,1.0,0.0,1.0,1.0,1.0,0.0,,,0.8942156434059143,0.6652086973190308,0.9619044661521912,0.04155769944190979,0.9526486992835999,0.05752492696046829,0.09097770601511002,0.0204874649643898,3.0
268,1.0,1.0,1.0,1.0,1.0,1.0,0.0,,0.996486485004425,0.9875444173812866,0.9909713268280029,0.9954191446304321,0.9849228262901306,0.9986557960510254,0.7602298855781555,0.6941235661506653,4.0
269,1.0,1.0,1.0,1.0,1.0,1.0,1.0,1.0,0.9966716170310974,0.9997098445892334,0.9995901584625244,0.9952417016029358,0.9988870620727539,0.9997602105140686,0.9410324096679688,0.7765782475471497,2.0
270,1.0,,1.0,,1.0,1.0,,,0.5126241445541382,0.945531964302063,0.7616297602653503,0.034390535205602646,0.9764347076416016,0.33562955260276794,0.17505069077014923,0.0004021832428406924,1.0
271,0.0,,1.0,,1.0,1.0,,,0.21303090453147888,0.9879428744316101,0.39562496542930603,0.17093653976917267,0.999565064907074,0.9905280470848083,0.3485352396965027,0.0030625667423009872,1.0
272,0.0,0.0,0.0,,1.0,0.0,,,0.003469252958893776,0.031243249773979187,0.024138566106557846,0.001619528280571103,0.9543922543525696,0.021543346345424652,0.09416134655475616,0.0006348012830130756,2.0
273,0.0,,0.0,,0.0,0.0,,,0.0007087754202075303,8.258005982497707e-05,0.00033801913377828896,0.0009282405953854322,0.015356999821960926,0.00013024761574342847,0.0037292400375008583,8.525159501004964e-05,2.0
274,,1.0,1.0,1.0,1.0,,1.0,1.0,0.9986796975135803,0.9997923374176025,0.9996748566627502,0.9520119428634644,0.9969451427459717,0.9994423389434814,0.7741830348968506,0.9083989858627319,2.0
275,1.0,1.0,1.0,1.0,1.0,1.0,1.0,1.0,0.9986953735351562,0.9999284744262695,0.9998493194580078,0.9995206594467163,0.9996512532234192,0.9948774576187134,0.9639374613761902,0.8601201772689819,1.0
276,1.0,,1.0,0.0,1.0,0.0,,,0.3447452783584595,0.8083082437515259,0.9687260389328003,0.23404069244861603,0.9681596755981445,0.4772145450115204,0.06960518658161163,0.002787633566185832,3.0
277,1.0,1.0,1.0,1.0,1.0,1.0,1.0,0.0,0.9972864389419556,0.9998108148574829,0.9992494583129883,0.9922780394554138,0.9995476603507996,0.9546041488647461,0.6969395875930786,0.3594094514846802,1.0
278,1.0,1.0,1.0,1.0,1.0,1.0,1.0,1.0,0.999657392501831,0.9998495578765869,0.9998751878738403,0.9993671178817749,0.9992345571517944,0.967624306678772,0.9710938930511475,0.49976828694343567,3.0
279,0.0,,0.0,,1.0,0.0,,,0.002418485237285495,0.028076965361833572,0.049614690244197845,0.0005504104774445295,0.960289478302002,0.04526732116937637,0.04997384548187256,0.000237128566368483,0.0
280,0.0,,0.0,0.0,0.0,0.0,,,0.0024337549693882465,0.001135711558163166,0.0007376339053735137,0.008378434926271439,0.05412505939602852,0.00024583429330959916,0.07082441449165344,0.0006959392921999097,3.0
281,0.0,0.0,0.0,0.0,0.0,0.0,0.0,0.0,0.0012068304931744933,0.0011059240205213428,0.0012589060934260488,0.000526155112311244,0.01336459070444107,0.0004144703270867467,0.014664755202829838,0.00014013277541380376,0.0
282,1.0,1.0,1.0,1.0,1.0,1.0,0.0,,0.9858804941177368,0.9998443722724915,0.9960659146308899,0.8629595637321472,0.9963011145591736,0.9552302956581116,0.46596500277519226,0.411642849445343,0.0
283,1.0,1.0,1.0,1.0,1.0,1.0,0.0,,0.9817657470703125,0.9996253252029419,0.993927538394928,0.9319223165512085,0.9963411688804626,0.9117759466171265,0.2761254608631134,0.28346070647239685,0.0
284,0.0,0.0,0.0,0.0,0.0,0.0,0.0,0.0,0.0007280069985426962,0.0004194313078187406,0.00022538207122124732,0.0008827445562928915,0.017344903200864792,0.0001193484349641949,0.0076546273194253445,0.000216444386751391,4.0
285,1.0,1.0,1.0,1.0,1.0,1.0,,,0.991301953792572,0.9987636208534241,0.9982141256332397,0.4700563848018646,0.9976391792297363,0.9995313882827759,0.26404574513435364,0.1212516650557518,2.0
286,1.0,1.0,1.0,1.0,1.0,1.0,0.0,,0.9518895149230957,0.9985390305519104,0.9975308179855347,0.9669057130813599,0.9994248151779175,0.9996591210365295,0.2824641168117523,0.2424294799566269,1.0
287,0.0,0.0,0.0,0.0,0.0,0.0,0.0,0.0,0.001705914968624711,0.0005791005096398294,0.0009110908140428364,0.005928415805101395,0.02404240146279335,0.0009162597125396132,0.010807562619447708,6.20057835476473e-05,1.0
288,1.0,,1.0,1.0,1.0,1.0,,,0.9993403553962708,0.9971455335617065,0.9989049434661865,0.9244281649589539,0.9952408075332642,0.9995667338371277,0.9828401207923889,0.5726661086082458,2.0
289,0.0,0.0,0.0,0.0,0.0,0.0,0.0,0.0,0.0008757092873565853,0.0006062325555831194,0.0005945759476162493,0.0003524033527355641,0.011813413351774216,0.0002346276305615902,0.0036328781861811876,6.975080032134429e-05,0.0
290,0.0,1.0,0.0,0.0,0.0,0.0,0.0,0.0,0.03450217843055725,0.9151558876037598,0.004581668879836798,0.12630684673786163,0.10114167630672455,0.0008221057942137122,0.04623124748468399,0.001201476901769638,0.0
291,0.0,1.0,1.0,1.0,1.0,1.0,0.0,,0.6622512340545654,0.9980146884918213,0.9991719126701355,0.9276543259620667,0.9992720484733582,0.8944417834281921,0.2010507881641388,0.1707930862903595,0.0
292,0.0,,0.0,0.0,1.0,0.0,,,0.007234129589051008,0.32062041759490967,0.9080775380134583,0.6436533331871033,0.9500131607055664,0.7602097988128662,0.08472864329814911,0.001657293876633048,1.0
293,0.0,,0.0,0.0,0.0,0.0,,,0.02919432893395424,0.013435078784823418,0.0352182537317276,0.02112758345901966,0.7274022698402405,0.00968226883560419,0.08521825075149536,0.002599739469587803,4.0
294,0.0,,0.0,0.0,0.0,0.0,,,0.000874521560035646,0.0004443872894626111,0.00023874102043919265,0.0008608048665337265,0.007581046316772699,0.000543481030035764,0.03361049294471741,0.00010830946121132001,1.0
295,1.0,1.0,1.0,1.0,1.0,1.0,1.0,0.0,0.9133957624435425,0.9993160963058472,0.997255265712738,0.8551279306411743,0.989280641078949,0.9379901885986328,0.18591275811195374,0.35316479206085205,2.0
296,0.0,,0.0,0.0,0.0,0.0,,,0.0012367194285616279,0.0008618190768174827,0.0007989841396920383,0.0003688090364448726,0.009288126602768898,0.0002083062136080116,0.020551804453134537,0.0005271292175166309,0.0
297,0.0,,0.0,0.0,0.0,0.0,,,0.0008123263833113015,0.00222841277718544,0.005148610100150108,0.0017411817098036408,0.03953560069203377,0.0006895517581142485,0.009347673505544662,5.88670554861892e-05,1.0
298,1.0,1.0,1.0,1.0,1.0,1.0,1.0,,0.9966194033622742,0.9975985884666443,0.9998387098312378,0.9890672564506531,0.9975106716156006,0.9999327659606934,0.9773332476615906,0.6712636947631836,0.0
299,0.0,0.0,0.0,0.0,1.0,0.0,0.0,0.0,0.003121748333796859,0.03773155063390732,0.5740333199501038,0.003077107947319746,0.5682483911514282,0.5260417461395264,0.05791459605097771,0.00035536641371436417,0.0
300,0.0,0.0,0.0,0.0,0.0,0.0,0.0,0.0,0.001413040910847485,0.0003692898026201874,0.0007656569359824061,0.0038478004280477762,0.010815167799592018,0.0007338383002206683,0.009183499030768871,0.000108724671008531,1.0
301,1.0,1.0,1.0,1.0,1.0,1.0,0.0,0.0,0.9012949466705322,0.9985265731811523,0.99903404712677,0.9638099074363708,0.997078537940979,0.9984831213951111,0.14412526786327362,0.021410079672932625,4.0
302,0.0,0.0,0.0,0.0,0.0,0.0,0.0,0.0,0.006792997010052204,0.005486959591507912,0.007805450353771448,0.009040147066116333,0.14752233028411865,0.00111121847294271,0.05183707922697067,0.0004351750249043107,3.0
303,0.0,,0.0,0.0,0.0,0.0,,,0.0025183784309774637,0.0013633674243465066,0.0019319960847496986,0.004169592168182135,0.04184763506054878,0.0015974206617102027,0.023664947599172592,0.0002659056044649333,0.0
304,0.0,0.0,0.0,0.0,1.0,0.0,0.0,0.0,0.0367421880364418,0.01046738587319851,0.11336464434862137,0.02505229413509369,0.9890177249908447,0.02288273721933365,0.049605075269937515,7.865777297411114e-05,1.0
305,0.0,0.0,0.0,0.0,0.0,0.0,0.0,0.0,0.0013539193896576762,0.00047753829858265817,0.0004370783572085202,0.0009144695941358805,0.02218150720000267,0.0006452956586144865,0.012703175656497478,0.00014334573643282056,1.0
306,0.0,0.0,0.0,0.0,0.0,0.0,0.0,0.0,0.0007725161267444491,0.0003742390254046768,0.000290857715299353,0.0008508583414368331,0.018261132761836052,0.00033395588980056345,0.007390992715954781,6.170364213176072e-05,1.0
307,0.0,0.0,0.0,0.0,0.0,0.0,0.0,0.0,0.0009029582724906504,0.00060012232279405,0.0005714746075682342,0.0004012297431472689,0.008514326997101307,0.0002126228646375239,0.0017514715436846018,8.593448001192883e-05,0.0
308,1.0,1.0,1.0,1.0,1.0,1.0,1.0,1.0,0.9992446899414062,0.9997233748435974,0.9995936751365662,0.9950253963470459,0.9799734354019165,0.9637491106987,0.985306441783905,0.8705005049705505,1.0
309,0.0,0.0,0.0,0.0,0.0,0.0,0.0,0.0,0.0009011910879053175,0.0004771437670569867,0.0003918796428479254,0.0006908573559485376,0.024950142949819565,0.0004552472964860499,0.009184328839182854,5.637172580463812e-05,1.0
310,1.0,1.0,1.0,1.0,1.0,1.0,,,0.9867369532585144,0.9976406693458557,0.9969552755355835,0.9133152365684509,0.9951547980308533,0.8959987759590149,0.09406253695487976,0.1173914223909378,2.0
311,1.0,1.0,1.0,1.0,1.0,1.0,1.0,1.0,0.9997119903564453,0.9985435605049133,0.9996415972709656,0.6933571100234985,0.9079035520553589,0.774652361869812,0.611578106880188,0.31856441497802734,1.0
312,1.0,,1.0,0.0,1.0,1.0,,,0.8584590554237366,0.9983474016189575,0.9384439587593079,0.07764343172311783,0.966377317905426,0.9860048890113831,0.035484954714775085,0.000818108266685158,2.0
313,1.0,1.0,1.0,1.0,1.0,0.0,1.0,1.0,0.983758270740509,0.9866471290588379,0.9998717904090881,0.9647104740142822,0.9986652731895447,0.414304256439209,0.344703733921051,0.20162689685821533,1.0
314,1.0,1.0,1.0,0.0,1.0,1.0,0.0,0.0,0.08866073936223984,0.9967343211174011,0.9421374797821045,0.0712222307920456,0.9923824071884155,0.99188232421875,0.1803540736436844,0.024196797981858253,3.0
315,,,0.0,0.0,0.0,0.0,,,0.003245851257815957,0.0014922248665243387,0.009127043187618256,0.015405025333166122,0.8022512197494507,0.006572952959686518,0.028759222477674484,7.832852861611173e-05,1.0
316,,,,,,,1.0,0.0,0.0019610989838838577,0.007226827088743448,0.0018735274206846952,0.0024136349093168974,0.010468722321093082,0.0008327002287842333,0.07332661002874374,0.0001702115114312619,1.0
317,1.0,1.0,1.0,1.0,1.0,1.0,0.0,,0.9988017082214355,0.9544159173965454,0.9743881225585938,0.9720185399055481,0.9898010492324829,0.9993252158164978,0.1504027098417282,0.8428767919540405,4.0
318,0.0,0.0,0.0,0.0,0.0,0.0,0.0,0.0,0.0007511499570682645,0.0008079053368419409,0.0006841678987257183,0.0010548216523602605,0.02512749470770359,0.00022565046674571931,0.006365080829709768,4.819979949388653e-05,1.0
319,0.0,0.0,0.0,0.0,0.0,0.0,0.0,0.0,0.0006921932799741626,0.00014286029909271747,0.00031376673723571,0.0014236057177186012,0.01862114481627941,0.00020738989405799657,0.0034343632869422436,0.00010089178249472752,2.0
320,0.0,0.0,0.0,0.0,0.0,0.0,0.0,0.0,0.0007304981700144708,8.985481690615416e-05,0.0003851297951769084,0.000823647656943649,0.022533033043146133,0.00026108219753950834,0.0058543081395328045,8.684416388859972e-05,2.0
321,0.0,0.0,0.0,0.0,0.0,0.0,0.0,0.0,0.002152621978893876,0.0006378665566444397,0.0008008255390450358,0.002582463202998042,0.022819405421614647,0.0002967972541227937,0.0026540036778897047,7.747116615064442e-05,0.0
322,1.0,1.0,1.0,1.0,1.0,1.0,1.0,1.0,0.9997493028640747,0.9997590780258179,0.9999099969863892,0.9619133472442627,0.9998676180839539,0.9938714504241943,0.6717706918716431,0.7465082406997681,1.0
323,1.0,1.0,1.0,1.0,1.0,1.0,1.0,,0.9771636128425598,0.9847227334976196,0.9906435012817383,0.6565840244293213,0.9953152537345886,0.9743832349777222,0.45941266417503357,0.15631864964962006,2.0
324,0.0,0.0,0.0,0.0,0.0,0.0,,,0.007923431694507599,0.0051363552920520306,0.0016144653782248497,0.0031771825160831213,0.01463223434984684,0.00022203417029231787,0.02807551436126232,0.0002905868168454617,0.0
325,1.0,1.0,1.0,1.0,1.0,1.0,1.0,,0.9844784140586853,0.9998059868812561,0.9993183612823486,0.9972155094146729,0.9985469579696655,0.989886462688446,0.8087327480316162,0.13467630743980408,2.0
326,0.0,,0.0,0.0,0.0,0.0,,,0.001544729107990861,0.000348862842656672,0.0007892379653640091,0.003362824907526374,0.0200919508934021,0.0006707864813506603,0.020100921392440796,0.0001852457207860425,2.0
327,1.0,1.0,1.0,1.0,1.0,1.0,,,0.9785813093185425,0.9997819066047668,0.9996988773345947,0.9946475028991699,0.9987209439277649,0.9826727509498596,0.808381974697113,0.11709469556808472,2.0
328,0.0,,0.0,0.0,0.0,0.0,,,0.0008399944636039436,8.825859549688175e-05,0.0002615622943267226,0.0010158244986087084,0.005298701114952564,0.00010781177115859464,0.006857363507151604,0.00010267616744386032,2.0
329,,0.0,0.0,0.0,0.0,,0.0,0.0,0.0007242715801112354,8.714860450709239e-05,0.0003877379058394581,0.000945116626098752,0.010672681033611298,8.512054046150297e-05,0.0033833130728453398,9.270537702832371e-05,2.0
330,,,,,0.0,0.0,,,0.00048339104978367686,0.00040697489748708904,0.00028872478287667036,0.0011432330356910825,0.08553726226091385,9.606452658772469e-05,0.00724276015534997,0.00013597212091553956,4.0
331,0.0,1.0,1.0,0.0,1.0,1.0,0.0,0.0,0.0644030049443245,0.980522632598877,0.8945521712303162,0.12176432460546494,0.48201918601989746,0.849112331867218,0.05188893526792526,0.0004430792760103941,1.0
332,,,1.0,0.0,1.0,1.0,,,0.4427292048931122,0.9706928133964539,0.9587550163269043,0.09822208434343338,0.9910545945167542,0.6409084796905518,0.013431024737656116,0.0003638214257080108,0.0
333,0.0,0.0,0.0,0.0,0.0,0.0,,,0.0010334511753171682,0.0006257360801100731,0.002385190222412348,0.003969741985201836,0.01878327503800392,0.00018810949404723942,0.02294059284031391,0.00024800043320283294,2.0
334,1.0,0.0,0.0,1.0,0.0,0.0,0.0,0.0,0.677108645439148,0.5418573021888733,0.5994030833244324,0.829910397529602,0.882612943649292,0.0034113936126232147,0.020463861525058746,0.6160835027694702,2.0
335,1.0,1.0,1.0,1.0,1.0,0.0,,,0.9388468861579895,0.9408257603645325,0.9915072321891785,0.9984393119812012,0.9514016509056091,0.35791051387786865,0.9550478458404541,0.3179575204849243,4.0
336,1.0,1.0,0.0,1.0,1.0,0.0,1.0,0.0,0.9510126113891602,0.9597876071929932,0.9912368059158325,0.9858129024505615,0.9805773496627808,0.5099776983261108,0.9725762605667114,0.4462568759918213,3.0
337,0.0,1.0,0.0,0.0,1.0,0.0,1.0,0.0,0.5805203318595886,0.33106133341789246,0.24252434074878693,0.8296189308166504,0.597712516784668,0.014381411485373974,0.652460515499115,0.00894290953874588,4.0
338,0.0,,0.0,,1.0,1.0,,,0.011002007871866226,0.6305671334266663,0.16056999564170837,0.0011665603378787637,0.9964911937713623,0.7908821702003479,0.012340739369392395,0.00016880742623470724,3.0
339,,,0.0,0.0,0.0,0.0,,,0.0014431040035560727,0.0011258117156103253,0.0011454086052253842,0.0014310189289972186,0.011904764920473099,0.0005534625961445272,0.007094133645296097,0.00010423258208902553,1.0
340,,,,,,,1.0,1.0,0.9916510581970215,0.9996547698974609,0.9999624490737915,0.998252809047699,0.9987558722496033,0.9991328120231628,0.9757438898086548,0.4909256100654602,4.0
341,,,,,,,0.0,0.0,0.36873456835746765,0.9889377951622009,0.9301236271858215,0.015487034805119038,0.9422599673271179,0.979225218296051,0.31534168124198914,0.0006265772972255945,2.0
342,0.0,0.0,0.0,0.0,0.0,0.0,0.0,0.0,0.0008538005640730262,0.0006393077201209962,0.0005193596007302403,0.0003015585825778544,0.021092941984534264,0.00033472763607278466,0.006368468049913645,7.07529834471643e-05,0.0
343,0.0,0.0,0.0,0.0,0.0,0.0,0.0,0.0,0.003682199399918318,0.0017424008110538125,0.0009308474836871028,0.004144688602536917,0.08322545886039734,0.0008697701850906014,0.035788677632808685,9.509886149317026e-05,1.0
344,0.0,0.0,0.0,0.0,0.0,0.0,0.0,0.0,0.0007507465197704732,0.001307594240643084,0.0010709956986829638,0.0013741656439378858,0.038730766624212265,0.0002957858960144222,0.008826963603496552,5.026313738198951e-05,1.0
345,0.0,0.0,0.0,0.0,0.0,0.0,0.0,,0.001187365036457777,0.0003081407630816102,0.0003562436904758215,0.0012011226499453187,0.008063044399023056,0.00023700817837379873,0.01409369707107544,0.0002942568971775472,3.0
346,1.0,1.0,1.0,1.0,1.0,1.0,1.0,0.0,0.9992128610610962,0.9990032911300659,0.994360089302063,0.8257564902305603,0.9764144420623779,0.9959045648574829,0.9260262846946716,0.4508301913738251,2.0
347,1.0,,1.0,1.0,1.0,1.0,,,0.9643620252609253,0.9987484812736511,0.9992914199829102,0.9962353706359863,0.99850994348526,0.9142743349075317,0.7354415059089661,0.06034545227885246,3.0
348,1.0,1.0,1.0,0.0,1.0,0.0,0.0,,0.9603503942489624,0.9583911299705505,0.8526831269264221,0.4960021376609802,0.8444385528564453,0.25426992774009705,0.14908967912197113,0.012360152788460255,2.0
349,0.0,0.0,0.0,0.0,0.0,0.0,0.0,0.0,0.0008034280617721379,0.00032664337777532637,0.0005624236073344946,0.001275654067285359,0.009574179537594318,0.0001354962441837415,0.00922849215567112,0.00023038061044644564,3.0
350,0.0,0.0,0.0,0.0,0.0,0.0,0.0,,0.0008463647100143135,0.0006577494204975665,0.00054281170014292,0.0003061787865590304,0.012612063437700272,0.00019180089293513447,0.003124996554106474,6.958472658880055e-05,0.0
351,0.0,0.0,0.0,0.0,0.0,0.0,0.0,,0.00098297034855932,0.0002573736710473895,0.00029724600608460605,0.0008749647531658411,0.013063464313745499,0.00022452184930443764,0.006893256679177284,6.853034574305639e-05,1.0
352,1.0,1.0,1.0,1.0,1.0,1.0,1.0,0.0,0.9761700630187988,0.9993383288383484,0.9998595118522644,0.9865977764129639,0.9998941421508789,0.9926682710647583,0.8297619819641113,0.03230057656764984,1.0
353,,,1.0,1.0,1.0,1.0,,,0.9994226098060608,0.9996444582939148,0.9998090863227844,0.4607365131378174,0.9983433485031128,0.9995192289352417,0.880648136138916,0.6769137382507324,0.0
354,,1.0,1.0,1.0,1.0,1.0,1.0,,0.9997408390045166,0.9991511106491089,0.9973611235618591,0.9989087581634521,0.9960991740226746,0.9974663853645325,0.9505285024642944,0.9529451131820679,0.0
355,0.0,0.0,0.0,0.0,0.0,0.0,0.0,0.0,0.0009052199893631041,0.00011743097275029868,0.00044049593270756304,0.000972203619312495,0.007505418732762337,0.0001808238448575139,0.005551669746637344,9.507960930932313e-05,2.0
356,0.0,0.0,0.0,0.0,0.0,0.0,0.0,0.0,0.0007154312334023416,0.002476163674145937,0.00018515644478611648,0.0005816093762405217,0.01317394059151411,0.0001429146359441802,0.00858631357550621,0.000278836494544521,4.0
357,0.0,0.0,0.0,0.0,0.0,0.0,0.0,,0.004294685088098049,0.012995628640055656,0.007471535354852676,0.09249255061149597,0.6002805829048157,0.021819867193698883,0.05906904488801956,0.0007338834693655372,3.0
358,0.0,0.0,0.0,0.0,0.0,0.0,0.0,0.0,0.007963898591697216,0.004542255308479071,0.002004652051255107,0.0069041005335748196,0.03391820564866066,0.00024267419939860702,0.04603514075279236,0.0002396751515334472,1.0
359,1.0,0.0,1.0,,1.0,0.0,,,0.06712707132101059,0.3381965458393097,0.6592752933502197,0.011777693405747414,0.9672359228134155,0.41924625635147095,0.017481166869401932,0.00022068429097998887,3.0
360,1.0,1.0,1.0,1.0,1.0,1.0,1.0,0.0,0.8911488056182861,0.9997492432594299,0.999842643737793,0.9888761639595032,0.9998162388801575,0.9942491054534912,0.7505256533622742,0.13987980782985687,1.0
361,0.0,0.0,0.0,0.0,0.0,0.0,0.0,0.0,0.0027291979640722275,0.017499875277280807,0.007596954703330994,0.003317918861284852,0.07169819623231888,0.0012082151370123029,0.01571422815322876,0.00027776925708167255,0.0
362,1.0,1.0,1.0,1.0,1.0,0.0,,,0.8843889236450195,0.9145507216453552,0.9422176480293274,0.6117849946022034,0.9435726404190063,0.34784525632858276,0.3558758497238159,0.06683438271284103,3.0
363,1.0,1.0,1.0,1.0,1.0,1.0,0.0,,0.9417226314544678,0.9991177320480347,0.9987483024597168,0.03509419411420822,0.997305154800415,0.9984773397445679,0.07368674874305725,0.1226690337061882,2.0
364,1.0,1.0,1.0,0.0,1.0,1.0,,,0.45905691385269165,0.9849523901939392,0.9728405475616455,0.09837768971920013,0.9904161691665649,0.9107025265693665,0.01128056738525629,0.0007075077737681568,3.0
365,0.0,0.0,0.0,0.0,0.0,0.0,0.0,,0.0008215147536247969,0.0008823585230857134,0.0007305440376512706,0.0010653636418282986,0.01846851408481598,0.00021343695698305964,0.00797664001584053,5.134917228133418e-05,1.0
366,0.0,0.0,0.0,0.0,0.0,0.0,,,0.001066521625034511,0.000622405728790909,0.0005698723834939301,0.00040557721513323486,0.009535863995552063,0.00021955092961434275,0.0017719515599310398,0.00011635377450147644,0.0
367,1.0,1.0,1.0,0.0,1.0,1.0,,,0.9738537669181824,0.9775375127792358,0.8926377296447754,0.12733548879623413,0.9954366683959961,0.9690569639205933,0.03393322229385376,0.0068069505505263805,0.0
368,1.0,1.0,1.0,1.0,1.0,1.0,1.0,1.0,0.9996128082275391,0.9986143112182617,0.9996392726898193,0.9642457962036133,0.9979516863822937,0.9978612661361694,0.9958701133728027,0.4794997274875641,0.0
369,1.0,1.0,1.0,1.0,1.0,1.0,1.0,1.0,0.9992355704307556,0.9996118545532227,0.9999643564224243,0.9996126890182495,0.9974148273468018,0.9994828104972839,0.7949466705322266,0.6993029117584229,4.0
370,1.0,0.0,,1.0,1.0,1.0,,,0.9393312335014343,0.7427623867988586,0.9998170137405396,0.9993426203727722,0.9982439875602722,0.679911732673645,0.4466555118560791,0.06260409951210022,2.0
371,1.0,1.0,,1.0,1.0,1.0,,,0.9899057745933533,0.997711718082428,0.9996533393859863,0.9966500997543335,0.9979805946350098,0.9992959499359131,0.9950131177902222,0.35303252935409546,2.0
372,0.0,,0.0,,0.0,0.0,,,0.0011348731350153685,0.0007542406092397869,0.0004630881012417376,0.0011514447396621108,0.0076119909062981606,0.0002080578706227243,0.010534560307860374,0.0002393916656728834,3.0
373,1.0,1.0,1.0,1.0,1.0,1.0,,,0.6019408106803894,0.9784389734268188,0.9883118271827698,0.9281252026557922,0.9936661124229431,0.9617476463317871,0.06012703850865364,0.013110068626701832,3.0
374,0.0,1.0,1.0,1.0,1.0,1.0,0.0,,0.8098538517951965,0.9956343173980713,0.9985957741737366,0.9909940361976624,0.9997210502624512,0.9996124505996704,0.25987693667411804,0.02243920788168907,1.0
375,1.0,1.0,1.0,1.0,1.0,1.0,,,0.9983087182044983,0.9980497360229492,0.9968144297599792,0.9540392160415649,0.9950425028800964,0.9608978629112244,0.9661967158317566,0.20145055651664734,2.0
376,1.0,1.0,1.0,1.0,1.0,1.0,0.0,0.0,0.9291843175888062,0.9985225200653076,0.9991436004638672,0.9931530356407166,0.9998400807380676,0.9920775294303894,0.664869487285614,0.022920548915863037,1.0
377,0.0,0.0,0.0,0.0,0.0,0.0,0.0,0.0,0.0007852232665754855,0.00026571593480184674,0.0002737060422077775,0.0008785854442976415,0.011301619000732899,0.00024838835815899074,0.0056031132116913795,6.900994048919529e-05,1.0
378,,,,,,,1.0,0.0,0.002908584661781788,0.009699396789073944,0.024365456774830818,0.0022373483516275883,0.1260537952184677,0.0015106494538486004,0.18293841183185577,0.004440709948539734,4.0
379,1.0,1.0,,1.0,1.0,1.0,1.0,0.0,0.9973601698875427,0.9736059904098511,0.9998859167098999,0.5566472411155701,0.9962661862373352,0.9997744560241699,0.7721208333969116,0.6796671748161316,4.0
380,1.0,1.0,1.0,1.0,1.0,0.0,0.0,,0.9567451477050781,0.9542371034622192,0.9991709589958191,0.9986002445220947,0.9996274709701538,0.9536858797073364,0.39017632603645325,0.07118522375822067,1.0
381,1.0,1.0,0.0,1.0,1.0,0.0,0.0,1.0,0.9990695714950562,0.40480396151542664,0.9508327841758728,0.9968999624252319,0.7520526051521301,0.09307656437158585,0.11819097399711609,0.9596603512763977,1.0
382,1.0,1.0,1.0,1.0,1.0,1.0,1.0,0.0,0.8205622434616089,0.9982560276985168,0.9993801712989807,0.8335930705070496,0.9955884218215942,0.9616672396659851,0.2816925048828125,0.05521209537982941,1.0
383,0.0,1.0,1.0,0.0,1.0,1.0,0.0,,0.12628081440925598,0.9252485036849976,0.2589387595653534,0.11731664836406708,0.8676435351371765,0.17983046174049377,0.23155470192432404,0.0009562165942043066,0.0
384,0.0,1.0,0.0,0.0,1.0,0.0,0.0,0.0,0.8169472813606262,0.3194859027862549,0.7542523741722107,0.37043628096580505,0.12022678554058075,0.15151984989643097,0.7493952512741089,0.03709615394473076,3.0
385,1.0,1.0,1.0,1.0,1.0,1.0,1.0,1.0,0.9947409629821777,0.9992560148239136,0.9986274838447571,0.9939008951187134,0.9987990260124207,0.9990631937980652,0.996860682964325,0.43657007813453674,2.0
386,1.0,1.0,1.0,1.0,1.0,1.0,0.0,0.0,0.6050319671630859,0.9968140721321106,0.9981856346130371,0.9108302593231201,0.998484194278717,0.9997004866600037,0.10370190441608429,0.15110018849372864,3.0
387,0.0,0.0,0.0,0.0,0.0,0.0,0.0,0.0,0.0010067833354696631,0.000513439706992358,0.0005169458454474807,0.000271556549705565,0.01801367849111557,0.00014190716319717467,0.0016402374021708965,7.818645099177957e-05,0.0
388,0.0,,0.0,0.0,0.0,0.0,,,0.0006935207638889551,0.0002927670138888061,0.0004672171489801258,0.00117213383782655,0.005784055218100548,0.00013178991503082216,0.0041673979721963406,0.0002733851142693311,3.0
389,0.0,,1.0,,1.0,0.0,,,0.007670328486710787,0.6816980242729187,0.45464473962783813,0.010193943046033382,0.9172878265380859,0.014845206402242184,0.01842971332371235,0.0002006804570555687,3.0
390,0.0,0.0,0.0,0.0,0.0,0.0,0.0,0.0,0.000836232618894428,0.00010203739657299593,0.0005589287029579282,0.0030900125857442617,0.08908344805240631,0.0003135981096420437,0.004875627811998129,9.790764306671917e-05,2.0
391,0.0,0.0,0.0,0.0,0.0,0.0,0.0,0.0,0.0008340894128195941,0.0005507654859684408,0.00016146541747730225,0.0008127964683808386,0.013401249423623085,0.00014441418170463294,0.016489382833242416,0.0002844064438249916,4.0
392,1.0,1.0,1.0,1.0,1.0,1.0,1.0,1.0,0.9999586343765259,0.9996495246887207,0.9996315240859985,0.9942222237586975,0.9957161545753479,0.9982513785362244,0.6174272298812866,0.966071605682373,4.0
393,,,1.0,0.0,1.0,0.0,,,0.44325053691864014,0.9005624055862427,0.8806809186935425,0.2525632679462433,0.9601068496704102,0.1271500140428543,0.057057105004787445,0.0003763375279959291,1.0
394,1.0,1.0,1.0,1.0,1.0,1.0,1.0,,0.9923849701881409,0.9872531890869141,0.9994164109230042,0.9989736080169678,0.9993125200271606,0.8634979724884033,0.5541220307350159,0.28115296363830566,1.0
395,0.0,0.0,0.0,0.0,0.0,0.0,,,0.0014180364087224007,0.00048591874656267464,0.0006680061342194676,0.0027675507590174675,0.01946578547358513,0.0002145006728824228,0.011942489072680473,0.00022371328668668866,3.0
396,0.0,1.0,1.0,0.0,1.0,1.0,,,0.2093029022216797,0.923590898513794,0.33481118083000183,0.8173936009407043,0.24674081802368164,0.42295193672180176,0.08362362533807755,0.0011591147631406784,4.0
397,1.0,1.0,1.0,1.0,1.0,1.0,0.0,0.0,0.894202470779419,0.999107837677002,0.999737560749054,0.99908047914505,0.9991180300712585,0.9994106292724609,0.7269104719161987,0.014425539411604404,4.0
398,0.0,1.0,1.0,0.0,1.0,1.0,,,0.1715540587902069,0.9740632772445679,0.7791062593460083,0.3101409077644348,0.9996128678321838,0.9841650128364563,0.13657420873641968,0.005565493367612362,1.0
399,1.0,0.0,1.0,1.0,1.0,0.0,,,0.9382290840148926,0.1297212690114975,0.9996340274810791,0.818008542060852,0.9247961640357971,0.026391569525003433,0.07975537329912186,0.0414261631667614,4.0
400,1.0,,1.0,0.0,1.0,1.0,,,0.4470984935760498,0.99521404504776,0.785345196723938,0.24343791604042053,0.8768421411514282,0.9471940994262695,0.4925305247306824,0.017674770206212997,4.0
401,,,0.0,0.0,1.0,0.0,,,0.0020177962724119425,0.31668752431869507,0.4600239396095276,0.006296878680586815,0.8873655796051025,0.004008903168141842,0.01378090213984251,0.0001807648513931781,2.0
402,0.0,,1.0,1.0,1.0,1.0,0.0,0.0,0.8445850610733032,0.9417656064033508,0.9990739822387695,0.8723987936973572,0.9989076852798462,0.38319864869117737,0.0658821165561676,0.0133669413626194,0.0
403,1.0,0.0,1.0,0.0,1.0,0.0,,,0.004999556113034487,0.6159792542457581,0.16408471763134003,0.002176623558625579,0.022897666320204735,0.08218225836753845,0.021128034219145775,0.00017969017790164798,4.0
404,1.0,,1.0,,1.0,0.0,,,0.3612414002418518,0.07247767597436905,0.9611537456512451,0.4816657304763794,0.46633076667785645,0.007897661998867989,0.008679048158228397,0.0004679441044572741,3.0
405,1.0,1.0,1.0,1.0,1.0,1.0,1.0,1.0,0.9978243708610535,0.9997518658638,0.9996890425682068,0.9992145895957947,0.9993783831596375,0.9994442462921143,0.9757252931594849,0.5165880918502808,2.0
406,1.0,1.0,1.0,1.0,1.0,1.0,1.0,,0.9999611973762512,0.9999042749404907,0.999848484992981,0.9995943307876587,0.9996116161346436,0.9998615980148315,0.9801572561264038,0.9986978769302368,1.0
407,1.0,1.0,,1.0,1.0,1.0,0.0,0.0,0.9906021952629089,0.9824793934822083,0.9995092153549194,0.41661781072616577,0.9979571104049683,0.997735857963562,0.7631208300590515,0.28914105892181396,0.0
408,1.0,1.0,,1.0,1.0,1.0,1.0,1.0,0.9995416402816772,0.9999147653579712,0.9982242584228516,0.9072508215904236,0.9983218908309937,0.9999440312385559,0.5402606725692749,0.7458362579345703,0.0
409,,,0.0,0.0,0.0,0.0,,,0.0011661509051918983,0.0006736886571161449,0.00161854294128716,0.0017391401343047619,0.511634111404419,0.007326837629079819,0.024346692487597466,0.00014195122639648616,1.0
410,0.0,0.0,0.0,0.0,0.0,0.0,0.0,0.0,0.0010479786433279514,0.0005663249758072197,0.000547375762835145,0.00027201365446671844,0.01956281065940857,0.00015447491023223847,0.0017178704729303718,8.577194239478558e-05,0.0
411,1.0,1.0,1.0,1.0,1.0,1.0,1.0,1.0,0.9996594786643982,0.9993720054626465,0.9996776580810547,0.9885234236717224,0.9986169934272766,0.997830867767334,0.8831609487533569,0.7176997661590576,1.0
412,0.0,0.0,0.0,0.0,0.0,0.0,0.0,,0.0022005338687449694,0.0010079977801069617,0.001729715382680297,0.005973968654870987,0.06529450416564941,0.00039679784094914794,0.014926526695489883,0.0003877961717080325,4.0
413,1.0,1.0,1.0,1.0,1.0,1.0,0.0,,0.6272014379501343,0.9974197149276733,0.9973878264427185,0.9636200666427612,0.9981318116188049,0.9994749426841736,0.07405727356672287,0.012735274620354176,2.0
414,0.0,0.0,0.0,0.0,0.0,0.0,0.0,0.0,0.0008932113996706903,0.0007863073260523379,0.0006336147780530155,0.0003882240562234074,0.006199218332767487,0.00015596226148772985,0.0017586540197953582,0.00011968136095674708,0.0
415,0.0,,1.0,,1.0,1.0,,,0.6294569373130798,0.9676047563552856,0.9169859886169434,0.23124858736991882,0.9686470627784729,0.9947145581245422,0.40023550391197205,0.012419961392879486,2.0
416,0.0,0.0,0.0,0.0,0.0,0.0,,,0.0008566384203732014,0.000975410221144557,0.0006407576147466898,0.0006614383310079575,0.010641190223395824,0.00023755631991662085,0.001850372413173318,0.00010844901407836005,0.0
417,,0.0,0.0,0.0,0.0,,0.0,0.0,0.0007732183439657092,0.0004963138489983976,0.0003718335647135973,0.0011554255615919828,0.04002385586500168,0.00029496283968910575,0.010444018989801407,0.0002937503741122782,4.0
418,1.0,,1.0,0.0,1.0,1.0,,,0.8156671524047852,0.9687370657920837,0.8909904360771179,0.21026921272277832,0.9877049922943115,0.988396406173706,0.2469237893819809,0.004861501511186361,4.0
419,0.0,0.0,0.0,0.0,0.0,0.0,0.0,0.0,0.0008880588575266302,0.0001370799436699599,0.0006462203455157578,0.005030889064073563,0.013721288181841373,0.00022172147873789072,0.012588798999786377,0.00012851797509938478,2.0
420,1.0,,1.0,1.0,1.0,1.0,,,0.8407759666442871,0.9836283326148987,0.9997895956039429,0.9546906352043152,0.998609185218811,0.8352576494216919,0.12364789843559265,0.010662397369742393,0.0
421,0.0,,0.0,,0.0,0.0,,,0.0007134406478144228,9.369669714942575e-05,0.0004563231486827135,0.0009726900025270879,0.018918685615062714,0.0002028656890615821,0.00408657593652606,9.340204996988177e-05,2.0
422,0.0,0.0,0.0,0.0,0.0,0.0,0.0,0.0,0.0010462566278874874,0.0007685000309720635,0.0007833351846784353,0.0003131955163553357,0.0827762633562088,0.0002484680444467813,0.030857641249895096,0.00010181701509281993,0.0
423,0.0,0.0,1.0,0.0,1.0,0.0,1.0,,0.12827810645103455,0.39209315180778503,0.760010302066803,0.046315960586071014,0.7603154182434082,0.024907156825065613,0.07782043516635895,0.00010382507025497034,1.0
424,1.0,,1.0,,1.0,1.0,,,0.6921169757843018,0.907234251499176,0.9394813776016235,0.4489372968673706,0.968707799911499,0.4172331988811493,0.10838527232408524,0.0007334519759751856,3.0
425,1.0,1.0,1.0,1.0,1.0,1.0,1.0,0.0,0.9529469013214111,0.9972760081291199,0.9981098175048828,0.8571574687957764,0.9855258464813232,0.7486652731895447,0.22365549206733704,0.0633549839258194,2.0
426,0.0,,0.0,0.0,0.0,0.0,,,0.0009303016704507172,0.0005835959454998374,0.0005280300392769277,0.0003419466083869338,0.005926001816987991,0.00015891394286882132,0.0020482356194406748,0.00012146827793912962,0.0
427,1.0,1.0,1.0,1.0,1.0,0.0,0.0,,0.9952477216720581,0.9329557418823242,0.9994388222694397,0.9572061896324158,0.9994766712188721,0.7567203044891357,0.33755096793174744,0.2466576099395752,1.0
428,,,,,,,0.0,0.0,0.00446401396766305,0.0004317468556109816,0.0006426434265449643,0.009644269943237305,0.07269558310508728,0.0003435718535911292,0.036189112812280655,0.0002419570810161531,2.0
429,1.0,1.0,0.0,0.0,1.0,0.0,0.0,0.0,0.4013250470161438,0.42933526635169983,0.5698016881942749,0.6590580344200134,0.8422787189483643,0.3643670976161957,0.10947972536087036,0.007311961613595486,1.0
430,0.0,,0.0,0.0,0.0,0.0,,,0.00832303985953331,0.00305082555860281,0.0012179984478279948,0.0028864163905382156,0.03689587116241455,0.002848326927050948,0.025195425376296043,0.0006406742613762617,0.0
431,0.0,0.0,0.0,0.0,1.0,0.0,0.0,0.0,0.0026257012505084276,0.15327171981334686,0.12109406292438507,0.003282633377239108,0.9949154853820801,0.042480506002902985,0.02324172481894493,0.00021313544129952788,4.0
432,1.0,,1.0,,1.0,1.0,,,0.9489290714263916,0.9985673427581787,0.9976630806922913,0.9995537400245667,0.9991449117660522,0.985998809337616,0.44393032789230347,0.0712146982550621,0.0
433,1.0,0.0,1.0,1.0,1.0,0.0,0.0,0.0,0.9884089231491089,0.6997038125991821,0.9982870221138,0.9879164099693298,0.7683863043785095,0.4758554697036743,0.4917846918106079,0.5464749336242676,0.0
434,1.0,1.0,1.0,1.0,1.0,1.0,1.0,,0.9974741339683533,0.9998766183853149,0.9998006224632263,0.9979870319366455,0.9987068772315979,0.9997488856315613,0.8224944472312927,0.2777566611766815,3.0
435,0.0,0.0,0.0,0.0,0.0,0.0,0.0,0.0,0.000868343049660325,0.0006424636230804026,0.0005622519529424608,0.00040523981442674994,0.015856163576245308,0.00016335738473571837,0.0017254897393286228,8.344203524757177e-05,0.0
436,1.0,1.0,1.0,1.0,1.0,1.0,0.0,1.0,0.9996452331542969,0.9964065551757812,0.9850318431854248,0.9569432139396667,0.9996270537376404,0.9992003440856934,0.4608162045478821,0.45194122195243835,1.0
437,1.0,1.0,1.0,1.0,1.0,1.0,,,0.7356843948364258,0.9986938238143921,0.9992558360099792,0.9707978367805481,0.9971514344215393,0.996949315071106,0.06516864895820618,0.01625441387295723,3.0
438,0.0,0.0,0.0,0.0,0.0,0.0,0.0,0.0,0.0031851984094828367,0.0034219257067888975,0.0009078205330297351,0.0009750446770340204,0.015248438343405724,0.00016559837968088686,0.014956101775169373,0.00022674404317513108,0.0
439,0.0,1.0,0.0,0.0,1.0,0.0,0.0,0.0,0.006177798379212618,0.3504137694835663,0.16457459330558777,0.004257576074451208,0.9852346181869507,0.09247001260519028,0.046565260738134384,0.0002683781203813851,1.0
440,0.0,,0.0,,0.0,0.0,,,0.000886190275195986,0.0007234980585053563,0.0005756596801802516,0.0003524382191244513,0.008432562462985516,0.0002816152118612081,0.0028503926005214453,8.80108418641612e-05,0.0
441,1.0,1.0,1.0,1.0,1.0,1.0,0.0,0.0,0.813796877861023,0.988513708114624,0.8458648324012756,0.9798383116722107,0.9717540144920349,0.9976150393486023,0.04291890561580658,0.25358647108078003,4.0
442,1.0,1.0,1.0,1.0,1.0,1.0,,,0.8796499967575073,0.9699591398239136,0.9801223874092102,0.9262973666191101,0.9912753701210022,0.9981335401535034,0.06635598093271255,0.7484411597251892,2.0
443,0.0,,0.0,,0.0,0.0,,,0.001084504765458405,0.0006998406606726348,0.0006096463766880333,0.00031339842826128006,0.008740006014704704,0.00020238760043866932,0.0018128517549484968,8.994901872938499e-05,0.0
444,1.0,1.0,1.0,1.0,1.0,1.0,1.0,,0.9994696974754333,0.9999397993087769,0.9998769760131836,0.9958529472351074,0.9991346001625061,0.9897499084472656,0.5313248634338379,0.5463148355484009,3.0
445,0.0,0.0,0.0,0.0,1.0,0.0,0.0,,0.06620454788208008,0.16650401055812836,0.1231396421790123,0.022585496306419373,0.9918026328086853,0.023195983842015266,0.01653549261391163,0.0003798491379711777,0.0
446,1.0,,1.0,1.0,1.0,1.0,,,0.9477120637893677,0.9996044635772705,0.9998726844787598,0.9877963066101074,0.9991834759712219,0.9997879266738892,0.8696554899215698,0.13303574919700623,3.0
447,1.0,,1.0,1.0,1.0,1.0,0.0,0.0,0.9946326017379761,0.911603569984436,0.9802584648132324,0.9878619313240051,0.9668989777565002,0.9978112578392029,0.17002037167549133,0.5222532749176025,1.0
448,1.0,,1.0,1.0,1.0,1.0,0.0,0.0,0.870141863822937,0.9986978769302368,0.9981001615524292,0.9168941378593445,0.9956467151641846,0.9858428239822388,0.1205410361289978,0.024663304910063744,3.0
449,,,0.0,,0.0,0.0,,,0.0021550727542489767,0.0005018991651013494,0.0014820316573604941,0.004994348622858524,0.04152928292751312,0.0002317956241313368,0.011582102626562119,0.0002929386973846704,3.0
450,1.0,1.0,1.0,1.0,1.0,1.0,,,0.9950911402702332,0.999657928943634,0.9996156096458435,0.5510774850845337,0.9975318312644958,0.9966206550598145,0.28310996294021606,0.5693793296813965,0.0
451,1.0,1.0,1.0,1.0,1.0,1.0,1.0,1.0,0.9997670650482178,0.9996775388717651,0.999544084072113,0.9975910186767578,0.9977348446846008,0.9995918273925781,0.9620833992958069,0.48690366744995117,2.0
452,0.0,0.0,0.0,0.0,0.0,0.0,0.0,0.0,0.00231699226424098,0.00040948690730147064,0.0003946929646190256,0.005160979926586151,0.03437823802232742,0.00011910295870620757,0.0097337132319808,0.0002365886466577649,4.0
453,0.0,0.0,0.0,0.0,0.0,0.0,0.0,0.0,0.0009101750329136848,0.00039476819802075624,0.00029952541808597744,0.0008366428082808852,0.024494681507349014,0.00035551266046240926,0.018680445849895477,4.8186702770181e-05,1.0
454,,,0.0,0.0,1.0,0.0,,,0.0026173966471105814,0.25825226306915283,0.08964060992002487,0.0014329840196296573,0.9917840361595154,0.24964593350887299,0.09711375087499619,0.00018715787155088037,3.0
455,0.0,0.0,0.0,0.0,0.0,0.0,,,0.0007040619384497404,0.0004734267422463745,0.00018170956172980368,0.0008687112713232636,0.01662900671362877,0.00013842991029378027,0.007524228189140558,0.00027175317518413067,4.0
456,0.0,1.0,1.0,1.0,1.0,0.0,1.0,,0.9041041135787964,0.9912676215171814,0.9990971088409424,0.9982719421386719,0.9689187407493591,0.564315915107727,0.5336766242980957,0.03541633114218712,3.0
457,0.0,0.0,0.0,0.0,0.0,0.0,0.0,0.0,0.0009790185140445828,0.0003879728610627353,0.0007760730804875493,0.0018290142761543393,0.012826181016862392,0.0005190418451093137,0.00789626408368349,7.072170410538092e-05,1.0
458,0.0,0.0,0.0,0.0,0.0,0.0,,,0.0008071525953710079,0.00030926219187676907,0.000470142753329128,0.0008276404114440084,0.006539011374115944,0.00020922301337122917,0.00726851774379611,0.00010884454968618229,1.0
459,1.0,1.0,1.0,1.0,1.0,1.0,,,0.9934519529342651,0.9990813136100769,0.9987621903419495,0.9958590865135193,0.9905360341072083,0.9973720908164978,0.1750282198190689,0.03047458454966545,4.0
460,0.0,0.0,0.0,0.0,1.0,0.0,0.0,,0.0024519485887140036,0.04955112561583519,0.054531946778297424,0.00226929341442883,0.960583508014679,0.12156989425420761,0.021305598318576813,0.000282012828392908,3.0
461,0.0,,0.0,,0.0,0.0,,,0.0009140848414972425,0.0008551213541068137,0.000423404824687168,0.0015719843795523047,0.017988158389925957,0.0002880391839426011,0.001805006293579936,0.00011346770043019205,0.0
462,,,,,,,0.0,0.0,0.0015843086875975132,0.0007311084773391485,0.0003461135202087462,0.0009747858857735991,0.004419352859258652,0.00037806216278113425,0.03696790337562561,9.81252669589594e-05,1.0
463,0.0,,0.0,,0.0,0.0,,,0.0011657084105536342,0.001190914073958993,0.00045964718447066844,0.0014844780089333653,0.018685590475797653,0.00033973102108575404,0.0026614966336637735,0.00014746838132850826,0.0
464,,,0.0,0.0,1.0,0.0,,,0.0016816233983263373,0.021859433501958847,0.06326088309288025,0.000402555160690099,0.01605197787284851,0.002413650741800666,0.0030193838756531477,0.0001276516995858401,0.0
465,0.0,,0.0,,0.0,0.0,,,0.0010740654543042183,0.00016119064821396023,0.00025301487767137587,0.0011657539289444685,0.005880901589989662,0.00020372195285744965,0.01284738164395094,0.00010539711365709081,2.0
466,1.0,1.0,1.0,1.0,1.0,1.0,1.0,1.0,0.9995263814926147,0.9999074339866638,0.9999345541000366,0.9985952973365784,0.9940158128738403,0.9730011224746704,0.9816386103630066,0.7603721618652344,4.0
467,1.0,1.0,1.0,1.0,1.0,1.0,1.0,0.0,0.9299975037574768,0.9972550868988037,0.9987737536430359,0.12732812762260437,0.9954315423965454,0.9996970295906067,0.806078314781189,0.17223642766475677,2.0
468,0.0,0.0,0.0,0.0,0.0,0.0,0.0,0.0,0.0009973201667889953,0.00021945689513813704,0.000724384153727442,0.0011114075314253569,0.007575639057904482,0.00022987568809185177,0.04761278256773949,0.0002708795655053109,2.0
469,1.0,1.0,1.0,1.0,1.0,1.0,0.0,1.0,0.9999326467514038,0.9998507499694824,0.9994920492172241,0.998173713684082,0.9992395639419556,0.9995182752609253,0.6766822338104248,0.9806163311004639,4.0
470,1.0,1.0,1.0,0.0,1.0,1.0,1.0,0.0,0.3200279474258423,0.9721924066543579,0.9327995181083679,0.0379449725151062,0.9472445249557495,0.9394972920417786,0.4235575199127197,0.003285870188847184,3.0
471,1.0,1.0,1.0,1.0,1.0,1.0,0.0,1.0,0.994615912437439,0.9005334377288818,0.9965413808822632,0.9966996908187866,0.9803782105445862,0.9957218766212463,0.10545161366462708,0.7076593041419983,0.0
472,1.0,0.0,1.0,0.0,1.0,1.0,1.0,0.0,0.9360300302505493,0.9966490864753723,0.7914772629737854,0.31222862005233765,0.4265671968460083,0.6885481476783752,0.8123691082000732,0.013376389630138874,0.0
473,1.0,,1.0,,1.0,0.0,,,0.5467358231544495,0.9480162262916565,0.8841267824172974,0.3874814808368683,0.664843738079071,0.026914266869425774,0.14789168536663055,0.020424654707312584,4.0
474,1.0,1.0,1.0,1.0,1.0,1.0,1.0,0.0,0.8559759855270386,0.9997770190238953,0.99990314245224,0.9908435344696045,0.9934419393539429,0.9988436102867126,0.490409255027771,0.038954634219408035,4.0
475,0.0,,0.0,,0.0,0.0,,,0.0010519721545279026,0.0004606163129210472,0.000717724789865315,0.00155246548820287,0.013515835627913475,0.0005494581419043243,0.017932483926415443,0.0002013818157138303,3.0
476,0.0,1.0,1.0,0.0,1.0,0.0,0.0,0.0,0.04181251302361488,0.8070216178894043,0.6148260831832886,0.009304105304181576,0.24050383269786835,0.24160480499267578,0.03596361726522446,0.00025386345805600286,2.0
477,1.0,1.0,1.0,1.0,1.0,1.0,0.0,0.0,0.8176370859146118,0.998879075050354,0.9956803917884827,0.976033091545105,0.9848030209541321,0.9337901473045349,0.5434622168540955,0.02826259471476078,2.0
478,0.0,,0.0,0.0,0.0,0.0,,,0.0014726935187354684,0.001596047542989254,0.0012447446351870894,0.0007161812973208725,0.014070870354771614,0.00027011719066649675,0.017383191734552383,0.00046749087050557137,0.0
479,0.0,,0.0,,0.0,0.0,,,0.0023115843068808317,0.002040219958871603,0.05180574581027031,0.007506639696657658,0.9226843118667603,0.016368720680475235,0.0033721565268933773,0.00014796131290495396,0.0
480,0.0,,1.0,1.0,1.0,1.0,,,0.5367626547813416,0.9119787812232971,0.9861156940460205,0.7378720045089722,0.9312663078308105,0.27092060446739197,0.4389418363571167,0.010496639646589756,0.0
481,0.0,1.0,1.0,0.0,1.0,0.0,,,0.010739347897469997,0.835085928440094,0.6099893450737,0.04312297701835632,0.9127973318099976,0.08189209550619125,0.014283398166298866,0.000221571623114869,2.0
482,0.0,0.0,0.0,0.0,0.0,0.0,0.0,0.0,0.0010245838202536106,0.0013944533420726657,0.001157896127551794,0.0004921116051264107,0.017827540636062622,0.0002710708067752421,0.002144256141036749,0.00010756481060525402,0.0
483,0.0,0.0,0.0,0.0,0.0,0.0,0.0,,0.020984550938010216,0.004706819541752338,0.0007047055987641215,0.008994538336992264,0.10279184579849243,0.03728226572275162,0.03337230533361435,0.0007161213434301317,1.0
484,0.0,0.0,0.0,0.0,0.0,0.0,0.0,0.0,0.0008543708245269954,0.0002955612144432962,0.0003869306528940797,0.0012042325688526034,0.0061494759283959866,0.0003064532938878983,0.013517484068870544,0.0002899935934692621,3.0
485,,,0.0,0.0,0.0,0.0,,,0.000895353383384645,0.0006825473392382264,0.0006336789228953421,0.000323962391121313,0.013824304565787315,0.0001812531118048355,0.0018832837231457233,8.871844329405576e-05,0.0
486,0.0,0.0,0.0,0.0,0.0,0.0,0.0,0.0,0.0008565845782868564,0.0005408148281276226,0.0005382134695537388,0.00032122054835781455,0.009482847526669502,0.00013212556950747967,0.001689478987827897,7.454225124092773e-05,0.0
487,,,1.0,,1.0,0.0,,,0.007330760825425386,0.4873281717300415,0.2735755741596222,0.44722357392311096,0.643097460269928,0.04973328113555908,0.030233221128582954,0.0006296081119216979,4.0
488,1.0,,1.0,0.0,1.0,1.0,,,0.6116734743118286,0.9803512692451477,0.7767624855041504,0.020312100648880005,0.8032509088516235,0.944923460483551,0.030489861965179443,0.00032540972460992634,4.0
489,0.0,,0.0,0.0,0.0,0.0,,,0.0006010992219671607,0.00015371946210507303,0.0004114310722798109,0.0012834240915253758,0.008098486810922623,0.00013735891843680292,0.003423387184739113,0.00011871256720041856,2.0
490,,,0.0,,0.0,0.0,,,0.11701228469610214,0.00026152830105274916,0.0013026013039052486,0.015145612880587578,0.3096134662628174,0.012837067246437073,0.08950680494308472,0.0031705533619970083,2.0
491,1.0,1.0,1.0,1.0,1.0,1.0,0.0,,0.8150098323822021,0.999591588973999,0.9991025328636169,0.9834089875221252,0.9994610548019409,0.999813973903656,0.12459197640419006,0.08301710337400436,3.0
492,0.0,,0.0,0.0,0.0,0.0,,,0.001803531777113676,0.0007049179403111339,0.000605667126365006,0.009017965756356716,0.02583201602101326,0.0004238155670464039,0.034242693334817886,0.0002483199059497565,4.0
493,,,0.0,0.0,1.0,0.0,,,0.001899360097013414,0.22643634676933289,0.03190245479345322,0.0011565651511773467,0.9670519828796387,0.020408833399415016,0.07055307924747467,0.0002142025186913088,2.0
494,,,1.0,1.0,1.0,1.0,,,0.9310491681098938,0.9884610176086426,0.9926916360855103,0.9249704480171204,0.9994645714759827,0.8812198638916016,0.3735019862651825,0.012199736200273037,1.0
495,0.0,,1.0,0.0,1.0,1.0,,,0.14423581957817078,0.9359556436538696,0.9711337089538574,0.49963486194610596,0.9969373941421509,0.9982772469520569,0.05318589508533478,0.0012127830414101481,0.0
496,1.0,0.0,1.0,1.0,1.0,1.0,0.0,1.0,0.9992162585258484,0.9952366352081299,0.9941657781600952,0.9990890622138977,0.9691928625106812,0.9752197861671448,0.08692645281553268,0.5596137642860413,4.0
497,0.0,0.0,0.0,0.0,0.0,0.0,0.0,0.0,0.0008749625994823873,0.00016236210649367422,0.00448607187718153,0.002329490380361676,0.4950278401374817,0.008400220423936844,0.016322366893291473,9.851220966083929e-05,2.0
498,0.0,0.0,0.0,0.0,0.0,0.0,0.0,0.0,0.0007348573999479413,0.0007875989540480077,0.0006004722090438008,0.0011092526838183403,0.028900612145662308,0.000217359876842238,0.019120141863822937,0.0005388535792008042,4.0
499,1.0,1.0,1.0,1.0,1.0,1.0,0.0,,0.9436547756195068,0.9863243103027344,0.999663233757019,0.9954455494880676,0.9986085891723633,0.9611515402793884,0.19353745877742767,0.04040118679404259,3.0
500,0.0,0.0,0.0,0.0,1.0,0.0,0.0,0.0,0.020183837041258812,0.11731371283531189,0.8420564532279968,0.9518084526062012,0.9822148680686951,0.9941151738166809,0.06872144341468811,0.0008599107386544347,1.0
501,1.0,1.0,1.0,1.0,1.0,1.0,0.0,,0.9974480867385864,0.999671220779419,0.9980799555778503,0.9962566494941711,0.9972769021987915,0.9675448536872864,0.841407835483551,0.4216077923774719,3.0
502,0.0,0.0,0.0,0.0,0.0,0.0,0.0,0.0,0.0007278253906406462,0.0004889138508588076,0.00023887096904218197,0.0007269678171724081,0.008550029247999191,0.00022322953736875206,0.012249129824340343,0.0003918089787475765,4.0
503,0.0,,0.0,,0.0,0.0,,,0.0015376309165731072,0.00028418441070243716,0.0006232025916688144,0.0012564267963171005,0.008668256923556328,0.00025392265524715185,0.02232329174876213,0.00022225700377020985,2.0
504,1.0,,1.0,1.0,0.0,0.0,,,0.985541045665741,0.18449710309505463,0.9939286708831787,0.9874507784843445,0.8051791191101074,0.12265721708536148,0.5819313526153564,0.4158722460269928,3.0
505,1.0,1.0,1.0,1.0,1.0,1.0,0.0,1.0,0.9992034435272217,0.9988592267036438,0.9997137188911438,0.7687875032424927,0.9997198581695557,0.9995179772377014,0.2377997636795044,0.13294503092765808,1.0
506,0.0,0.0,0.0,0.0,0.0,0.0,0.0,0.0,0.0006784253055229783,0.0003858293348457664,0.0006246193661354482,0.000985992606729269,0.05270818993449211,0.0006154763395898044,0.007180148269981146,5.4177835409063846e-05,1.0
507,0.0,0.0,0.0,0.0,0.0,0.0,0.0,0.0,0.0008864793344400823,0.0003839645651169121,0.0006442511221393943,0.0015332071343436837,0.011914379894733429,0.0005481558619067073,0.012125247158110142,9.625959501136094e-05,1.0
508,1.0,1.0,1.0,1.0,1.0,1.0,0.0,1.0,0.9952330589294434,0.8689127564430237,0.9353920817375183,0.9480346441268921,0.9865938425064087,0.974227249622345,0.00978710874915123,0.805554211139679,0.0
509,1.0,1.0,1.0,1.0,1.0,1.0,1.0,,0.9999228715896606,0.9997363686561584,0.9998772740364075,0.9863219261169434,0.9983407258987427,0.826915442943573,0.8519173264503479,0.7652133107185364,0.0
510,0.0,,0.0,0.0,0.0,0.0,,,0.001191460876725614,0.00047450928832404315,0.0010745521867647767,0.001500359852798283,0.007687434554100037,0.00012196027091704309,0.00601888308301568,0.0003731289179995656,3.0
511,1.0,,1.0,,1.0,1.0,,,0.7438104152679443,0.9977646470069885,0.9668594002723694,0.31163913011550903,0.9810900092124939,0.9831661581993103,0.3526375889778137,0.009671330451965332,1.0
512,1.0,,1.0,1.0,1.0,0.0,,,0.8281991481781006,0.18000350892543793,0.9996492862701416,0.994870662689209,0.9682996869087219,0.32033154368400574,0.2937622666358948,0.02915453352034092,4.0
513,0.0,,1.0,1.0,1.0,0.0,,,0.2541385889053345,0.6950604915618896,0.9929468631744385,0.3356313109397888,0.9533810019493103,0.4069856107234955,0.21994681656360626,0.05994611978530884,2.0
514,,,0.0,,0.0,0.0,,,0.0010803376790136099,0.0002733311557676643,0.00026443059323355556,0.0006807030295021832,0.007037898525595665,0.00024396233493462205,0.007737686857581139,6.012461381033063e-05,1.0
515,1.0,1.0,1.0,1.0,1.0,1.0,0.0,0.0,0.9954517483711243,0.999032199382782,0.9979680180549622,0.9902034997940063,0.9967846870422363,0.9952683448791504,0.46434861421585083,0.06503728032112122,4.0
516,1.0,1.0,1.0,1.0,1.0,1.0,0.0,,0.8912001848220825,0.9972001910209656,0.9959844946861267,0.9880545139312744,0.9971436262130737,0.971270740032196,0.7516127824783325,0.050268735736608505,2.0
517,1.0,,1.0,1.0,1.0,1.0,,,0.9317484498023987,0.9996336698532104,0.9999606013298035,0.7225976586341858,0.9981986284255981,0.9988071322441101,0.8680198788642883,0.14775994420051575,3.0
518,0.0,1.0,1.0,0.0,1.0,1.0,1.0,0.0,0.40625515580177307,0.7995544672012329,0.8485632538795471,0.005465349648147821,0.884575366973877,0.8051124811172485,0.07197527587413788,0.00038707617204636335,2.0
519,,,,,,,0.0,0.0,0.0022284765727818012,0.0011016684584319592,0.0007406802615150809,0.004089019261300564,0.01653948426246643,0.001666292897425592,0.08274803310632706,0.00015976202848833054,1.0
520,0.0,,0.0,,0.0,0.0,,,0.0008961160201579332,0.00036740355426445603,0.0003747046284843236,0.0014033563202247024,0.034073617309331894,0.0013677990064024925,0.008872886188328266,0.00015027449990157038,2.0
521,0.0,0.0,0.0,0.0,0.0,0.0,0.0,0.0,0.000462266500107944,0.00036606809590011835,0.00014874714543111622,0.0008450506720691919,0.014416790567338467,7.910279236966744e-05,0.006607659626752138,0.00021514315449167043,4.0
522,0.0,1.0,1.0,0.0,1.0,0.0,0.0,0.0,0.29534289240837097,0.7615666389465332,0.9423600435256958,0.5776965022087097,0.7355532050132751,0.6369372606277466,0.19978871941566467,0.10274920612573624,0.0
523,1.0,1.0,1.0,1.0,1.0,1.0,1.0,,0.9996790885925293,0.9996903538703918,0.9999281764030457,0.9991872906684875,0.9978299140930176,0.995211660861969,0.942724883556366,0.5724369883537292,3.0
524,0.0,0.0,0.0,0.0,0.0,0.0,0.0,0.0,0.0005857064970768988,0.00037925093783997,0.0001334800908807665,0.0007878822507336736,0.014780784957110882,8.528574835509062e-05,0.0066971005871891975,0.00022940183407627046,4.0
525,0.0,,0.0,,0.0,0.0,,,0.000664586084894836,0.00025306319002993405,0.00041052617598325014,0.0011905236169695854,0.0074393656104803085,0.00011013397306669503,0.0040851677767932415,0.000289531220914796,3.0
526,1.0,,1.0,1.0,1.0,1.0,1.0,0.0,0.9227527379989624,0.9988868832588196,0.9995098114013672,0.9601197242736816,0.9991480708122253,0.960065484046936,0.2811349928379059,0.07408464699983597,2.0
527,,,,,1.0,1.0,,,0.9357144236564636,0.9962208867073059,0.9992730021476746,0.9551796317100525,0.9990620613098145,0.9293103218078613,0.12758289277553558,0.024440381675958633,0.0
528,0.0,1.0,1.0,0.0,1.0,0.0,0.0,0.0,0.020159706473350525,0.2818409502506256,0.09463413804769516,0.07097117602825165,0.17142638564109802,0.017121192067861557,0.05770855396986008,0.0006903616013005376,0.0
529,1.0,1.0,1.0,1.0,1.0,1.0,1.0,,0.9992181062698364,0.9981840252876282,0.9994483590126038,0.959490180015564,0.996549129486084,0.9902709722518921,0.991420328617096,0.5281925201416016,1.0
530,0.0,0.0,0.0,0.0,0.0,0.0,0.0,0.0,0.003248966298997402,0.004859774839133024,0.0006867774645797908,0.0006462936871685088,0.025860469788312912,0.00047137687215581536,0.026729434728622437,0.00021583031048066914,0.0
531,0.0,0.0,0.0,0.0,0.0,0.0,0.0,0.0,0.0007328358478844166,9.834270895225927e-05,0.0005389567231759429,0.0011251276591792703,0.038915880024433136,0.00016891304403543472,0.006579017266631126,9.459706780035049e-05,2.0
532,1.0,,1.0,,1.0,1.0,,,0.8809750080108643,0.9933463335037231,0.9909229278564453,0.9763249158859253,0.99576735496521,0.9995394349098206,0.4985029995441437,0.03295062109827995,0.0
533,0.0,0.0,0.0,0.0,0.0,0.0,0.0,0.0,0.0010886061936616898,0.0006441721925511956,0.0006730077438987792,0.001419541542418301,0.016964809969067574,0.0005273331189528108,0.027032755315303802,0.000233567800023593,3.0
534,1.0,1.0,0.0,0.0,0.0,0.0,0.0,0.0,0.5072360634803772,0.9157000780105591,0.043905533850193024,0.07390382140874863,0.7396314740180969,0.0016508782282471657,0.30825358629226685,0.005728723481297493,1.0
535,1.0,,1.0,1.0,1.0,1.0,,,0.6523685455322266,0.9993391633033752,0.9993616938591003,0.9915958642959595,0.9998233318328857,0.9995911121368408,0.6839861273765564,0.013174157589673996,1.0
536,1.0,1.0,1.0,1.0,1.0,1.0,1.0,1.0,0.9988452196121216,0.9998868703842163,0.9999637007713318,0.9925833940505981,0.9990497827529907,0.9998873472213745,0.8574148416519165,0.5660133361816406,3.0
537,1.0,,1.0,1.0,1.0,1.0,,,0.9982485771179199,0.6313323378562927,0.998626708984375,0.5940907001495361,0.8600344061851501,0.6040745377540588,0.09898073226213455,0.023191601037979126,4.0
538,0.0,0.0,0.0,0.0,0.0,0.0,,,0.0008268412202596664,0.00032818372710607946,0.0006049531511962414,0.0009991317056119442,0.007207720540463924,0.00021679000928997993,0.007333450950682163,0.00012027645425405353,1.0
539,1.0,1.0,1.0,1.0,1.0,1.0,0.0,0.0,0.9928593635559082,0.9992812275886536,0.9995360374450684,0.9964996576309204,0.9979592561721802,0.9734712839126587,0.32876473665237427,0.035718537867069244,3.0
540,,,0.0,0.0,0.0,0.0,,,0.002556778723374009,0.0014764873776584864,0.0007213252247311175,0.009000561200082302,0.03044878877699375,0.00032104316051118076,0.015073740854859352,0.00024859525728970766,4.0
541,0.0,0.0,0.0,0.0,0.0,0.0,0.0,0.0,0.0008233964908868074,0.00044972935575060546,0.0005859454977326095,0.0012947245268151164,0.013170228339731693,0.00014040511450730264,0.005683936178684235,0.0002666141663212329,3.0
542,0.0,0.0,0.0,0.0,0.0,0.0,0.0,0.0,0.0007271841168403625,0.00016954500460997224,0.0006456465926021338,0.0009234229801222682,0.02647157944738865,0.0003674434556160122,0.0040519642643630505,0.0012401961721479893,2.0
543,0.0,1.0,1.0,1.0,1.0,1.0,0.0,0.0,0.6775986552238464,0.968364417552948,0.9973431825637817,0.9564444422721863,0.9996080994606018,0.9792989492416382,0.4444676339626312,0.010613353922963142,1.0
544,0.0,,0.0,0.0,0.0,0.0,,,0.12050365656614304,0.005238112062215805,0.012261176481842995,0.050466250628232956,0.6479924917221069,0.02067347802221775,0.15358862280845642,0.0011873524636030197,0.0
545,0.0,,0.0,0.0,0.0,0.0,,,0.0011286113876849413,0.002239975379779935,0.0010190930915996432,0.0014606107724830508,0.012067033909261227,0.0007032556459307671,0.04449993371963501,0.0007909757550805807,3.0
546,1.0,1.0,1.0,1.0,1.0,1.0,1.0,1.0,0.993378758430481,0.9996224045753479,0.9996776580810547,0.9987540245056152,0.9985904693603516,0.9999277591705322,0.6127486228942871,0.7923856377601624,4.0
547,0.0,0.0,0.0,0.0,0.0,0.0,0.0,0.0,0.003531916532665491,0.00013442500494420528,0.0008511366904713213,0.008182045072317123,0.08956718444824219,0.00016922403301578015,0.06190357357263565,0.0001588144659763202,2.0
548,1.0,,1.0,1.0,1.0,1.0,,,0.9223012924194336,0.9975116848945618,0.9994915723800659,0.817729651927948,0.9749038219451904,0.8869993686676025,0.656052827835083,0.09029948711395264,1.0
549,1.0,1.0,1.0,1.0,1.0,1.0,1.0,0.0,0.9981707334518433,0.9987785220146179,0.9995555877685547,0.9983978271484375,0.9990794658660889,0.9992649555206299,0.9790933132171631,0.4398152828216553,2.0
550,0.0,1.0,1.0,,1.0,1.0,,,0.017743103206157684,0.9779398441314697,0.47761180996894836,0.0026306789368391037,0.9985491633415222,0.9471727609634399,0.045784249901771545,0.0002729874977376312,4.0
551,0.0,1.0,1.0,,1.0,1.0,,,0.7133539319038391,0.9889076948165894,0.4445021450519562,0.03247271105647087,0.9991010427474976,0.9744524955749512,0.029427945613861084,0.004411942791193724,2.0
552,0.0,1.0,1.0,0.0,1.0,0.0,0.0,,0.0666409507393837,0.16180363297462463,0.8191904425621033,0.09327074140310287,0.9405555129051208,0.22157436609268188,0.006203826051205397,6.641660002060235e-05,1.0
553,1.0,,1.0,1.0,1.0,1.0,,,0.9998224973678589,0.9995597004890442,0.9997548460960388,0.9993937611579895,0.9985328316688538,0.9825426340103149,0.5971543788909912,0.9203448295593262,2.0
554,1.0,1.0,1.0,1.0,1.0,1.0,0.0,0.0,0.9347230195999146,0.9908691644668579,0.9939878582954407,0.958712100982666,0.996502697467804,0.9988613724708557,0.8475595712661743,0.09767593443393707,0.0
555,0.0,,0.0,0.0,1.0,0.0,,,0.012193338014185429,0.22247426211833954,0.08667325228452682,0.005027435719966888,0.8723219633102417,0.1739341914653778,0.2591121792793274,0.001653469167649746,0.0
556,0.0,,0.0,,1.0,0.0,,,0.0020271753892302513,0.33251601457595825,0.09138530492782593,0.0011989829363301396,0.9922513961791992,0.08690319210290909,0.010555300861597061,9.64837527135387e-05,1.0
557,0.0,,0.0,0.0,0.0,0.0,,,0.0009837016696110368,0.00036278553307056427,0.00034525885712355375,0.0008201684686355293,0.005406239535659552,0.0003059899026993662,0.00854190718382597,8.04067894932814e-05,1.0
558,1.0,0.0,0.0,1.0,0.0,0.0,0.0,0.0,0.931458592414856,0.6327519416809082,0.48811841011047363,0.95206618309021,0.9664537906646729,0.0010870365658774972,0.934030294418335,0.6515536308288574,2.0
559,0.0,0.0,0.0,0.0,0.0,0.0,0.0,0.0,0.002261826302856207,0.000692964531481266,0.0004249417397659272,0.0030638854950666428,0.023601748049259186,0.00019212519691791385,0.014519181102514267,0.00027825645520351827,4.0
560,0.0,0.0,0.0,0.0,0.0,0.0,0.0,0.0,0.000768231984693557,0.00012318625522311777,0.0008684924687258899,0.001663743401877582,0.03458701819181442,0.00015734668704681098,0.026822827756404877,0.00010982288949890062,2.0
561,0.0,0.0,0.0,0.0,1.0,0.0,0.0,0.0,0.006580310873687267,0.009027238935232162,0.41707897186279297,0.0091783432289958,0.9073174595832825,0.13194029033184052,0.029483480378985405,0.00012588386016432196,1.0
562,0.0,1.0,1.0,0.0,1.0,0.0,0.0,0.0,0.024513037875294685,0.7807083129882812,0.6430974006652832,0.1474406123161316,0.7204303741455078,0.05967360734939575,0.0611744225025177,0.0004953133757226169,4.0
563,1.0,1.0,1.0,1.0,1.0,0.0,1.0,,0.9921004772186279,0.8786564469337463,0.9699708223342896,0.9258089065551758,0.9798058271408081,0.6786767840385437,0.7347413301467896,0.17569105327129364,4.0
564,0.0,0.0,0.0,0.0,0.0,0.0,0.0,0.0,0.7787885069847107,0.03152156248688698,0.4957655072212219,0.442147433757782,0.13057610392570496,0.000541670888196677,0.01138232834637165,0.05217454954981804,0.0
565,0.0,,0.0,,0.0,0.0,,,0.0009989191312342882,0.0009870529174804688,0.00036933773662894964,0.0011476838262751698,0.010511964559555054,0.00036514070234261453,0.0033014845103025436,0.00017146929167211056,0.0
566,0.0,1.0,1.0,1.0,1.0,1.0,1.0,0.0,0.49504923820495605,0.9887386560440063,0.9986429810523987,0.9585474729537964,0.9973633885383606,0.9664186239242554,0.441511332988739,0.018276359885931015,2.0
567,1.0,1.0,1.0,1.0,1.0,1.0,0.0,0.0,0.8684344291687012,0.9626461267471313,0.9315052032470703,0.9136814475059509,0.967532217502594,0.4065268039703369,0.41769999265670776,0.02353229559957981,1.0
568,1.0,1.0,1.0,1.0,1.0,1.0,1.0,,0.8438500761985779,0.9999186992645264,0.99952632188797,0.968796968460083,0.9993717670440674,0.999191403388977,0.48727673292160034,0.08914694935083389,3.0
569,0.0,,0.0,,1.0,1.0,,,0.07798907905817032,0.45889192819595337,0.33763188123703003,0.046236954629421234,0.9986553192138672,0.8376547694206238,0.022697245702147484,0.00022203417029231787,4.0
570,0.0,,0.0,0.0,0.0,0.0,,,0.03568638861179352,0.021185297518968582,0.013598392717540264,0.027020517736673355,0.1505681872367859,0.00453532999381423,0.052155859768390656,0.0006357302190735936,1.0
571,,0.0,0.0,0.0,0.0,,0.0,0.0,0.0008997118566185236,0.00037225810228846967,0.000337802164722234,0.0008486179867759347,0.025650445371866226,0.0003333798376843333,0.00859909038990736,4.8085999878821895e-05,1.0
572,1.0,1.0,1.0,1.0,1.0,1.0,0.0,1.0,0.9946910738945007,0.929780125617981,0.9999036192893982,0.9755010604858398,0.9987797141075134,0.9814287424087524,0.2659214437007904,0.6572514772415161,1.0
573,1.0,1.0,1.0,1.0,1.0,1.0,1.0,1.0,0.9992872476577759,0.999727189540863,0.9997326135635376,0.999553382396698,0.9994905591011047,0.9959481358528137,0.970271646976471,0.9810311794281006,2.0
574,1.0,1.0,1.0,1.0,1.0,1.0,1.0,1.0,0.9996116161346436,0.9998229742050171,0.9999337792396545,0.9993296265602112,0.9987902641296387,0.9950188994407654,0.9379497170448303,0.9464994668960571,4.0
575,0.0,0.0,0.0,0.0,0.0,0.0,0.0,0.0,0.0018902638694271445,0.0007826301734894514,0.0015047185588628054,0.003959892317652702,0.03433549776673317,0.0006061650929041207,0.008317707106471062,0.00010762718738988042,0.0
576,1.0,,1.0,1.0,1.0,1.0,,,0.9985170960426331,0.4268382787704468,0.9991905689239502,0.8505892157554626,0.9362012147903442,0.3347865045070648,0.1209234669804573,0.134921133518219,1.0
577,1.0,1.0,1.0,1.0,1.0,1.0,0.0,1.0,0.9954073429107666,0.9998677968978882,0.9999021291732788,0.971976637840271,0.9984199404716492,0.9988700747489929,0.4824138283729553,0.8612125515937805,3.0
578,0.0,,0.0,0.0,0.0,0.0,,,0.0007735589751973748,0.0002779444621410221,0.0009484481415711343,0.0016068486729636788,0.021587299183011055,0.00022576340415980667,0.004629070870578289,0.00010670848132576793,2.0
579,1.0,1.0,1.0,1.0,1.0,1.0,1.0,1.0,0.9971134662628174,0.999722421169281,0.9996651411056519,0.9871217608451843,0.998927652835846,0.9982714653015137,0.9026283025741577,0.6711758971214294,1.0
580,1.0,1.0,,1.0,1.0,1.0,1.0,0.0,0.9983050227165222,0.999485969543457,0.9998888969421387,0.9989585876464844,0.9966626763343811,0.9996790885925293,0.963539183139801,0.4531160593032837,4.0
581,0.0,0.0,0.0,0.0,0.0,0.0,0.0,0.0,0.0008772811852395535,0.0005212812102399766,0.0005775803001597524,0.0003356474335305393,0.01265927217900753,0.00018486534827388823,0.0018385244766250253,7.10829917807132e-05,0.0
582,1.0,0.0,0.0,0.0,0.0,0.0,0.0,0.0,0.5428512096405029,0.024564430117607117,0.016786621883511543,0.37486112117767334,0.5160908699035645,0.006444946862757206,0.7615818381309509,0.0028445743955671787,0.0
583,1.0,1.0,1.0,1.0,1.0,1.0,,,0.9979206323623657,0.9826503396034241,0.9942731857299805,0.8801129460334778,0.9796609282493591,0.9876852035522461,0.1272144913673401,0.014749394729733467,1.0
584,0.0,,0.0,0.0,0.0,0.0,,,0.0013081792276352644,0.0008398012141697109,0.0004960679798386991,0.0011410496663302183,0.0054936534725129604,0.0003762295236811042,0.03336227685213089,0.00010529569408390671,1.0
585,0.0,1.0,0.0,,0.0,0.0,,,0.044889356940984726,0.8947555422782898,0.002004624344408512,0.005445016082376242,0.022840041667222977,0.0015228193951770663,0.05304567515850067,0.0006863853195682168,1.0
586,0.0,0.0,0.0,,0.0,0.0,,,0.0008269657846540213,0.0005602827877737582,0.0001913575833896175,0.0006674104952253401,0.011793510988354683,0.00018415301747154444,0.008175618015229702,0.0002203593321610242,4.0
587,1.0,1.0,1.0,1.0,1.0,1.0,1.0,0.0,0.9956164956092834,0.9999211430549622,0.9999537467956543,0.9966193437576294,0.9985519647598267,0.9901612997055054,0.9888625144958496,0.3537708520889282,3.0
588,1.0,1.0,1.0,1.0,1.0,1.0,0.0,1.0,0.9879036545753479,0.7475244998931885,0.9666483402252197,0.7028608322143555,0.9827982187271118,0.7305262088775635,0.1246832087635994,0.5816287398338318,1.0
589,1.0,0.0,0.0,1.0,1.0,1.0,0.0,,0.9742611646652222,0.6933779716491699,0.8845290541648865,0.8679214715957642,0.9779621362686157,0.3025296926498413,0.0747370719909668,0.7975521683692932,2.0
590,1.0,0.0,1.0,1.0,1.0,0.0,0.0,0.0,0.8179566860198975,0.7761659026145935,0.984441876411438,0.9928577542304993,0.9640334844589233,0.46032899618148804,0.8161597847938538,0.05623326450586319,1.0
591,1.0,1.0,,1.0,1.0,1.0,,,0.9997965693473816,0.9718559980392456,0.9998258948326111,0.9993643760681152,0.9773154258728027,0.4487065374851227,0.6424283981323242,0.9944645762443542,1.0
592,1.0,1.0,1.0,1.0,1.0,1.0,1.0,1.0,0.9970523715019226,0.9996317625045776,0.9994279146194458,0.9930089116096497,0.9987887144088745,0.9995334148406982,0.7396194934844971,0.3860529959201813,2.0
593,0.0,,1.0,0.0,1.0,1.0,,,0.8156424164772034,0.8887407779693604,0.8763036131858826,0.06117211654782295,0.9607217311859131,0.9746788740158081,0.8443863987922668,0.09835977107286453,2.0
594,1.0,,1.0,,1.0,1.0,,,0.489016056060791,0.9384549260139465,0.9026165008544922,0.2963889241218567,0.9495214819908142,0.5145494341850281,0.0450727678835392,0.0033575103152543306,3.0
595,1.0,1.0,1.0,1.0,1.0,1.0,1.0,0.0,0.9960254430770874,0.9998189210891724,0.9999349117279053,0.981454610824585,0.99947190284729,0.9997530579566956,0.9198201894760132,0.4463958740234375,3.0
596,1.0,,1.0,,1.0,0.0,,,0.9601038098335266,0.04216604679822922,0.9990460276603699,0.7183738946914673,0.9907008409500122,0.43689239025115967,0.01100999303162098,0.022014891728758812,1.0
597,1.0,1.0,1.0,1.0,1.0,1.0,0.0,,0.9893600344657898,0.9609147906303406,0.9998180270195007,0.9997050166130066,0.9992212057113647,0.9129790663719177,0.4085227847099304,0.3503749370574951,2.0
598,0.0,0.0,0.0,0.0,0.0,0.0,0.0,0.0,0.0015813946956768632,0.0009167990647256374,0.0011949740583077073,0.0004824161296710372,0.011362376622855663,0.0005977130495011806,0.07224910706281662,0.0005460251704789698,0.0
599,0.0,,0.0,,0.0,0.0,,,0.005597046110779047,0.007852214388549328,0.0005185516783967614,0.004129393491894007,0.030051473528146744,0.00035208510234951973,0.07012589275836945,0.00036931157228536904,0.0
600,0.0,0.0,0.0,0.0,0.0,0.0,0.0,0.0,0.02139436826109886,0.007861919701099396,0.0018103551119565964,0.02039504423737526,0.37116074562072754,0.005186865106225014,0.06478781998157501,0.0004046308749821037,4.0
601,1.0,1.0,1.0,1.0,1.0,1.0,,,0.7791178822517395,0.9998607635498047,0.9998579621315002,0.97443026304245,0.9995566010475159,0.9835842251777649,0.8407934904098511,0.20089557766914368,1.0
602,,,1.0,,1.0,1.0,,,0.913489818572998,0.9843505620956421,0.9990421533584595,0.9343790411949158,0.9990841746330261,0.6577804684638977,0.02635192684829235,0.008795460686087608,0.0
603,0.0,,0.0,,0.0,0.0,,,0.0009088448132388294,0.0004852084384765476,0.0005124800372868776,0.0011436291970312595,0.009409422986209393,0.0003142243658658117,0.0052811093628406525,0.00022282707504928112,3.0
604,1.0,1.0,1.0,1.0,1.0,1.0,1.0,1.0,0.9771842360496521,0.9993564486503601,0.9989684820175171,0.9967181086540222,0.9982669353485107,0.9998568892478943,0.6458224654197693,0.3565322756767273,4.0
605,1.0,1.0,1.0,1.0,1.0,1.0,1.0,1.0,0.9980342388153076,0.9997677803039551,0.9998545050621033,0.9977120161056519,0.9995002746582031,0.9999399185180664,0.9684525728225708,0.7393407225608826,0.0
606,0.0,0.0,0.0,0.0,0.0,0.0,0.0,0.0,0.0005965688615106046,0.0004710020439233631,0.00016034638974815607,0.0006515036802738905,0.01136617548763752,0.00010599056986393407,0.0069721536710858345,0.0002311130810994655,4.0
607,0.0,1.0,1.0,0.0,1.0,1.0,0.0,0.0,0.09113314747810364,0.9142077565193176,0.3397176265716553,0.0010806135833263397,0.7861027717590332,0.5176249742507935,0.013390558771789074,0.00011886669381055981,2.0
608,1.0,1.0,1.0,1.0,1.0,1.0,1.0,1.0,0.998867928981781,0.9924924373626709,0.9998711347579956,0.9925578236579895,0.99814772605896,0.9999185800552368,0.8736315369606018,0.48042529821395874,4.0
609,1.0,1.0,1.0,1.0,1.0,1.0,,,0.95620197057724,0.9997673034667969,0.9988360404968262,0.8217864036560059,0.9984976053237915,0.999743640422821,0.11959424614906311,0.7885061502456665,2.0
610,0.0,0.0,0.0,0.0,0.0,0.0,0.0,0.0,0.0030245783273130655,0.0009013127419166267,0.001051761326380074,0.051301002502441406,0.02454681135714054,0.0003000671567860991,0.007829568348824978,0.00013759186549577862,0.0
611,,0.0,0.0,0.0,0.0,,0.0,0.0,0.001283843070268631,0.000894334923941642,0.0010998493526130915,0.0005627810605801642,0.02169121243059635,0.0003396222018636763,0.0025327138137072325,9.855748794507235e-05,0.0
612,1.0,1.0,1.0,1.0,1.0,1.0,,,0.9984406232833862,0.9996341466903687,0.9999693632125854,0.9961967468261719,0.9995043277740479,0.9996699690818787,0.977190375328064,0.666602611541748,3.0
613,,,,,1.0,0.0,,,0.7190241813659668,0.8133590817451477,0.9958489537239075,0.6035470962524414,0.9970042705535889,0.3660021722316742,0.025137146934866905,0.010752392001450062,0.0
614,0.0,,0.0,0.0,0.0,0.0,,,0.0008938249666243792,0.00019104364037048072,0.00035368234966881573,0.0012089608935639262,0.0060359719209373,0.00018649979028850794,0.020994829013943672,0.00020108178432565182,2.0
615,0.0,0.0,0.0,0.0,1.0,0.0,,,0.004822439514100552,0.4991297721862793,0.48750609159469604,0.00506321806460619,0.790505051612854,0.6062294840812683,0.02841106988489628,0.00021231183200143278,2.0
616,1.0,1.0,1.0,1.0,1.0,1.0,,,0.9984123110771179,0.9994035959243774,0.9996874332427979,0.9986114501953125,0.9701537489891052,0.9953820705413818,0.9577136039733887,0.45823872089385986,4.0
617,1.0,,1.0,1.0,1.0,1.0,,,0.9987286329269409,0.9997515678405762,0.9998465776443481,0.9980281591415405,0.9997361302375793,0.9995562434196472,0.9648186564445496,0.42787450551986694,1.0
618,1.0,1.0,1.0,1.0,1.0,1.0,1.0,,0.9892954230308533,0.9996731877326965,0.9927787184715271,0.9703577160835266,0.993757963180542,0.9967346787452698,0.24482722580432892,0.06752289086580276,0.0
619,0.0,,0.0,,0.0,0.0,,,0.0008354413439519703,0.00013573384785559028,0.0003001224831677973,0.0011212396202608943,0.00913464929908514,0.00028629248845390975,0.005869966931641102,0.00010969744471367449,2.0
620,1.0,1.0,1.0,1.0,1.0,1.0,1.0,0.0,0.9449435472488403,0.9971150755882263,0.9930625557899475,0.9518904685974121,0.9450193643569946,0.39239901304244995,0.495532751083374,0.03645290434360504,0.0
621,1.0,1.0,1.0,1.0,1.0,0.0,1.0,0.0,0.8891974091529846,0.9984679222106934,0.9754759073257446,0.34900328516960144,0.7994155883789062,0.1938711702823639,0.6961298584938049,0.6005194783210754,0.0
622,1.0,1.0,1.0,1.0,1.0,1.0,0.0,1.0,0.9849886298179626,0.9639977216720581,0.9972584843635559,0.9981793761253357,0.9975320100784302,0.9997149109840393,0.05789314955472946,0.5876458883285522,3.0
623,1.0,1.0,1.0,1.0,1.0,1.0,1.0,1.0,0.9965922236442566,0.999442994594574,0.9999484419822693,0.9876838326454163,0.9982366561889648,0.9998779892921448,0.9778861999511719,0.5696183443069458,4.0
624,1.0,1.0,1.0,1.0,,,0.0,,0.999414324760437,0.9992835521697998,0.9994936585426331,0.9929494857788086,0.9995394945144653,0.9996965527534485,0.6450063586235046,0.805120587348938,3.0
625,,,,,,,0.0,0.0,0.00213869521394372,0.0043357256799936295,0.0003116278094239533,0.0015085574705153704,0.011516237631440163,0.0010448881657794118,0.021282415837049484,0.0006980891339480877,4.0
626,1.0,1.0,1.0,1.0,1.0,1.0,1.0,1.0,0.9994597434997559,0.9997219443321228,0.9998392462730408,0.9957751631736755,0.9993347525596619,0.9972884654998779,0.9870180487632751,0.8952478170394897,2.0
627,1.0,1.0,1.0,0.0,1.0,1.0,0.0,0.0,0.49996817111968994,0.9975630640983582,0.8552117347717285,0.375458687543869,0.9776338934898376,0.9381359815597534,0.09686875343322754,0.01744927279651165,4.0
628,1.0,1.0,1.0,1.0,1.0,1.0,1.0,,0.978695273399353,0.9970594644546509,0.9975085258483887,0.9907547831535339,0.9983137845993042,0.491836279630661,0.6866040825843811,0.1022011861205101,2.0
629,0.0,0.0,0.0,0.0,0.0,0.0,0.0,0.0,0.0009419561829417944,0.0006377258687280118,0.0005155528779141605,0.00029914345941506326,0.009067842736840248,0.00016650056932121515,0.002131370361894369,6.745749124092981e-05,0.0
630,0.0,0.0,0.0,0.0,0.0,0.0,0.0,0.0,0.0008363864617422223,0.0008030596072785556,0.0008005250710994005,0.0019494693260639906,0.016635533422231674,0.00015145607176236808,0.0019635814242064953,0.00012002085713902488,0.0
631,0.0,0.0,0.0,0.0,0.0,0.0,0.0,0.0,0.0011618027929216623,0.00014232895046006888,0.0009802663698792458,0.00491773895919323,0.020743587985634804,0.00026765791699290276,0.00687834806740284,0.00012361301924102008,2.0
632,0.0,0.0,0.0,0.0,0.0,0.0,0.0,0.0,0.0009356045047752559,0.0005615047411993146,0.0006327774026431143,0.000320916878990829,0.015440989285707474,0.00023287534713745117,0.0032940981909632683,7.86421078373678e-05,0.0
633,0.0,0.0,0.0,0.0,0.0,0.0,0.0,0.0,0.000635358621366322,0.02305547520518303,0.0012951046228408813,0.0010608116863295436,0.8916991949081421,0.0005539386766031384,0.009574566036462784,0.00018794889911077917,4.0
634,0.0,1.0,1.0,1.0,1.0,1.0,0.0,0.0,0.8131979703903198,0.9925050139427185,0.998502790927887,0.9820091724395752,0.9981252551078796,0.9082691669464111,0.17722947895526886,0.012939655221998692,1.0
635,1.0,1.0,1.0,1.0,1.0,1.0,1.0,0.0,0.8673117160797119,0.9982671737670898,0.9967598915100098,0.9960764646530151,0.9985500574111938,0.948037326335907,0.7382006049156189,0.05846676230430603,4.0
636,1.0,1.0,1.0,1.0,1.0,1.0,1.0,1.0,0.9806246161460876,0.9997316002845764,0.9996011257171631,0.9781705141067505,0.9995937943458557,0.9995773434638977,0.9708775877952576,0.36797162890434265,1.0
637,0.0,,0.0,0.0,0.0,0.0,,,0.0010967637645080686,0.0006521897739730775,0.0006454813410528004,0.0003259624936617911,0.011669032275676727,0.00022087320394348353,0.0027181487530469894,8.962176798377186e-05,0.0
638,0.0,0.0,0.0,0.0,0.0,0.0,,,0.0009955414570868015,0.0005041896365582943,0.0005012133624404669,0.001279992749914527,0.018326709046959877,0.00033514469396322966,0.011447340250015259,0.00021265393297653645,3.0
639,1.0,1.0,1.0,1.0,1.0,1.0,1.0,0.0,0.96107017993927,0.9992570877075195,0.9999476671218872,0.9933654069900513,0.9973717927932739,0.9983477592468262,0.8540526628494263,0.1327410787343979,4.0
640,0.0,0.0,0.0,0.0,0.0,0.0,0.0,0.0,0.0006077114958316088,0.0004515312903095037,0.0001609015162102878,0.000759434187784791,0.011140386573970318,0.00011078877287218347,0.006962944287806749,0.00013841150212101638,4.0
641,0.0,0.0,0.0,0.0,0.0,0.0,0.0,0.0,0.0006514889537356794,0.00048283659270964563,0.00015573840937577188,0.000962042307946831,0.010381469503045082,0.00019670018809847534,0.006891057826578617,0.00023028507712297142,4.0
642,,,,,,,0.0,0.0,0.004492492415010929,0.001132696052081883,0.0008191935485228896,0.015319038182497025,0.09743329882621765,0.0006237703491933644,0.06916359812021255,0.0003568962274584919,0.0
643,0.0,,0.0,0.0,0.0,0.0,,,0.0047945911064744,0.0018380844267085195,0.0009561653714627028,0.04402841627597809,0.04819860681891441,0.0005391614395193756,0.046005796641111374,0.00041836878517642617,0.0
644,1.0,1.0,1.0,1.0,1.0,1.0,1.0,1.0,0.9999225735664368,0.9954428672790527,0.9976324439048767,0.9990227818489075,0.9961416721343994,0.992854654788971,0.6692985892295837,0.9817479848861694,3.0
645,0.0,0.0,0.0,0.0,0.0,0.0,0.0,0.0,0.0010480209020897746,0.000136975446366705,0.0005480266991071403,0.0007709843339398503,0.011452825739979744,0.00012818555114790797,0.010860630311071873,0.0001766080386005342,2.0
646,1.0,1.0,1.0,1.0,1.0,1.0,0.0,,0.9861570000648499,0.7328327298164368,0.9992098808288574,0.9557252526283264,0.9843378067016602,0.9541512727737427,0.1051807850599289,0.09302708506584167,4.0
647,0.0,,0.0,,0.0,0.0,,,0.0007998071960173547,0.0003837197145912796,0.0005756141617894173,0.00034142189542762935,0.014779127202928066,0.0001849921973189339,0.001723202527500689,8.753022848395631e-05,0.0
648,0.0,0.0,0.0,0.0,0.0,0.0,,,0.0006012201774865389,0.0003692279860842973,0.00014329643454402685,0.0008946250891312957,0.01325678639113903,8.388997957808897e-05,0.007043347228318453,0.00023384498490486294,4.0
649,1.0,,1.0,1.0,1.0,1.0,,,0.9165036678314209,0.9996019601821899,0.999839186668396,0.9863724708557129,0.9996580481529236,0.9997234344482422,0.9612019658088684,0.17797046899795532,1.0
650,1.0,,1.0,1.0,1.0,1.0,,,0.9961001873016357,0.9431453943252563,0.9858189821243286,0.7894365787506104,0.9760842323303223,0.9951352477073669,0.08298943191766739,0.034247446805238724,0.0
651,0.0,,0.0,0.0,0.0,0.0,,,0.0012666548136621714,0.0009182946523651481,0.0009451073128730059,0.0007472452125512064,0.011155223473906517,0.0002932807838078588,0.008343772031366825,0.0002824481052812189,0.0
652,0.0,0.0,0.0,0.0,0.0,0.0,0.0,0.0,0.0010516269830986857,0.0007848120876587927,0.0014505897415801883,0.0013064282247796655,0.05567619949579239,0.0003295558854006231,0.02192441001534462,0.00024759542429819703,3.0
653,1.0,,1.0,1.0,1.0,1.0,,,0.668976366519928,0.995850145816803,0.9995788931846619,0.9465864896774292,0.9982770085334778,0.8943468332290649,0.09448729455471039,0.018952785059809685,2.0
654,0.0,,0.0,0.0,0.0,0.0,,,0.16169211268424988,0.00933446828275919,0.204828679561615,0.7723604440689087,0.9035660624504089,0.0007215550867840648,0.05668029189109802,0.0031772481743246317,0.0
655,0.0,,1.0,1.0,1.0,1.0,,,0.37183091044425964,0.9969951510429382,0.9992669820785522,0.9648165106773376,0.9995116591453552,0.9996087551116943,0.04930269345641136,0.007807253859937191,3.0
656,1.0,0.0,1.0,1.0,1.0,0.0,0.0,,0.9976337552070618,0.2965684235095978,0.9977530241012573,0.9932539463043213,0.9131169319152832,0.562412440776825,0.03842131793498993,0.4007452428340912,4.0
657,0.0,0.0,0.0,0.0,0.0,0.0,0.0,0.0,0.0022395688574761152,0.0009070393862202764,0.0012290491722524166,0.0065098474733531475,0.05109117180109024,0.00043492295662872493,0.01584269292652607,0.00027037187828682363,3.0
658,1.0,1.0,1.0,1.0,1.0,1.0,1.0,1.0,0.9996879696846008,0.9997439980506897,0.9999376535415649,0.9919593334197998,0.9989893436431885,0.9996656179428101,0.9643943905830383,0.9436749219894409,4.0
659,0.0,0.0,0.0,0.0,0.0,1.0,1.0,0.0,0.43036088347435,0.14818648993968964,0.029772460460662842,0.03445495292544365,0.42610955238342285,0.012352089397609234,0.13813532888889313,0.0005945162265561521,4.0
660,0.0,0.0,0.0,0.0,1.0,0.0,0.0,0.0,0.0031868780497461557,0.06446440517902374,0.6569792032241821,0.0032901004888117313,0.7964795827865601,0.2603565454483032,0.2476750761270523,0.00019506202079355717,2.0
661,0.0,0.0,0.0,0.0,0.0,0.0,0.0,0.0,0.0007405765354633331,0.000394913338823244,0.0006056525744497776,0.0012824722798541188,0.011103235185146332,0.00010392678814241663,0.004480012226849794,0.0002458890376146883,3.0
662,1.0,1.0,1.0,1.0,1.0,1.0,1.0,1.0,0.9992737770080566,0.9998067617416382,0.9999330639839172,0.9907980561256409,0.998986542224884,0.9996932744979858,0.976353108882904,0.7734537124633789,3.0
663,1.0,1.0,0.0,0.0,0.0,0.0,1.0,0.0,0.17135807871818542,0.8363998532295227,0.009664123877882957,0.0373881496489048,0.1399596780538559,0.005512662697583437,0.12593935430049896,0.005093857645988464,4.0
664,1.0,1.0,1.0,1.0,1.0,1.0,1.0,0.0,0.9490735530853271,0.9968492388725281,0.9996899366378784,0.9811253547668457,0.9991737008094788,0.9637202620506287,0.38813337683677673,0.036407530307769775,2.0
665,0.0,0.0,0.0,0.0,0.0,0.0,0.0,0.0,0.0032750386744737625,0.0006261176313273609,0.0003960563335567713,0.0011483189882710576,0.01696203090250492,0.00029980670660734177,0.02010273188352585,0.0004925456014461815,3.0
666,0.0,,0.0,,0.0,0.0,,,0.0006627140683121979,0.0004353814001660794,0.00047430788981728256,0.0013442164054140449,0.01159481517970562,0.00016914148000068963,0.004916318692266941,0.000262503424892202,3.0
667,1.0,1.0,1.0,1.0,1.0,1.0,,,0.44018620252609253,0.6056713461875916,0.8546830415725708,0.24715556204319,0.8377223014831543,0.36568671464920044,0.31288784742355347,0.09422701597213745,3.0
668,1.0,1.0,1.0,1.0,1.0,1.0,1.0,0.0,0.9970523118972778,0.9989734292030334,0.999674379825592,0.9966747164726257,0.9991476535797119,0.9937860369682312,0.9027790427207947,0.4828954339027405,1.0
669,0.0,0.0,0.0,0.0,0.0,0.0,0.0,0.0,0.0009388059843331575,0.00013454862346407026,0.0005560642457567155,0.0009807063033804297,0.010506140068173409,0.00015291688032448292,0.011233988218009472,9.515573765384033e-05,2.0
670,1.0,1.0,1.0,1.0,1.0,1.0,1.0,0.0,0.9849928617477417,0.9996772408485413,0.9973440766334534,0.9505342245101929,0.9961186051368713,0.7685554027557373,0.7466727495193481,0.30917689204216003,0.0
671,0.0,0.0,0.0,0.0,0.0,0.0,0.0,0.0,0.0009090817184187472,0.0008599395514465868,0.0008032798068597913,0.0012400440173223615,0.029662292450666428,0.00023221925948746502,0.005365075543522835,0.00025945156812667847,3.0
672,0.0,0.0,0.0,0.0,0.0,0.0,0.0,0.0,0.000935680465772748,0.0004956652410328388,0.0005409634322859347,0.0002641148748807609,0.015350245870649815,0.00012000647257082164,0.0020609465427696705,9.788569150259718e-05,0.0
673,1.0,1.0,1.0,1.0,1.0,1.0,,,0.9889143109321594,0.9982556104660034,0.9993847608566284,0.9705228805541992,0.9978616833686829,0.9516295790672302,0.448630690574646,0.21309638023376465,3.0
674,0.0,,0.0,0.0,0.0,0.0,,,0.0023488537408411503,0.00042572803795337677,0.0007312329253181815,0.0032755497377365828,0.014261221513152122,0.002473964588716626,0.00983421877026558,5.226889697951265e-05,1.0
675,1.0,1.0,1.0,1.0,1.0,1.0,,,0.9990248680114746,0.983082115650177,0.9997655749320984,0.9870555400848389,0.9983057379722595,0.9994237422943115,0.8929011821746826,0.7007492184638977,3.0
676,0.0,,0.0,,0.0,0.0,,,0.001031169667840004,0.004004329442977905,0.0005845495616085827,0.0012401138665154576,0.7145603895187378,0.000905676162801683,0.023478327319025993,0.00016424285422544926,3.0
677,0.0,0.0,0.0,0.0,0.0,0.0,0.0,0.0,0.0009676492772996426,0.0008311531855724752,0.0006094224518164992,0.0003778809914365411,0.007282532285898924,0.0003170459240209311,0.004137999843806028,9.148078243015334e-05,0.0
678,0.0,,0.0,0.0,0.0,0.0,,,0.0034926908556371927,0.001786121865734458,0.0005126244504936039,0.004422193858772516,0.22103294730186462,0.0003899763396475464,0.021041952073574066,6.949833914404735e-05,1.0
679,0.0,0.0,0.0,0.0,0.0,0.0,0.0,0.0,0.0007780471350997686,0.0003672209568321705,0.00037475445424206555,0.0010676595848053694,0.013375229202210903,0.0002245396754005924,0.006732138339430094,5.950287595624104e-05,1.0
680,1.0,1.0,1.0,1.0,1.0,1.0,1.0,,0.9998664855957031,0.9996466636657715,0.9999071955680847,0.9546304941177368,0.9994837641716003,0.9988250136375427,0.6234392523765564,0.7022948861122131,1.0
681,1.0,1.0,,1.0,1.0,,1.0,,0.9977806806564331,0.9995431900024414,0.9999641180038452,0.9997639656066895,0.9991793036460876,0.9994273781776428,0.9740476608276367,0.7106754183769226,4.0
682,1.0,1.0,1.0,1.0,1.0,1.0,0.0,0.0,0.6924487352371216,0.9987661838531494,0.987068235874176,0.991669774055481,0.9995887875556946,0.9991045594215393,0.6828358173370361,0.05212637782096863,2.0
683,1.0,1.0,1.0,1.0,1.0,1.0,,,0.993736207485199,0.9969708919525146,0.9998297095298767,0.7243905663490295,0.9961463809013367,0.7609917521476746,0.44694802165031433,0.174106627702713,4.0
684,0.0,0.0,0.0,0.0,0.0,0.0,0.0,0.0,0.0005905794096179307,0.0005349440034478903,0.00016583908291067928,0.000690592685714364,0.010148824192583561,0.00012443133164197206,0.007425972260534763,0.0002720705233514309,4.0
685,0.0,0.0,0.0,0.0,0.0,0.0,0.0,0.0,0.0012136984150856733,0.0006004393217153847,0.0005584261962212622,0.0010061427019536495,0.004179232753813267,0.00035544586717151105,0.009779910556972027,0.0002001565444516018,1.0
686,0.0,,0.0,0.0,1.0,0.0,,,0.024255260825157166,0.028575969859957695,0.7244566082954407,0.029564794152975082,0.7068967819213867,0.01162715908139944,0.017277028411626816,0.00012543589400593191,1.0
687,0.0,,0.0,0.0,0.0,0.0,,,0.004546415060758591,0.005199624691158533,0.01747128553688526,0.003569486318156123,0.24421057105064392,0.0004754280671477318,0.029379067942500114,0.00020386057440191507,2.0
688,0.0,1.0,1.0,0.0,1.0,1.0,0.0,0.0,0.24644646048545837,0.6965532898902893,0.7520670890808105,0.008306826464831829,0.9119372963905334,0.6992100477218628,0.178189218044281,0.0002634831762406975,3.0
689,0.0,1.0,1.0,0.0,1.0,0.0,0.0,0.0,0.0016216890653595328,0.8252755403518677,0.3722530007362366,0.002058482961729169,0.6720561385154724,0.06396070122718811,0.027021661400794983,0.0002261327754240483,4.0
690,1.0,,1.0,1.0,1.0,1.0,,,0.6135653853416443,0.9873251914978027,0.9992473125457764,0.8685535192489624,0.9713051319122314,0.7849248647689819,0.0655144527554512,0.00845334306359291,4.0
691,,,,,,,0.0,0.0,0.026974614709615707,0.9890623092651367,0.8980191946029663,0.037296611815690994,0.9564383029937744,0.5268313884735107,0.02751232497394085,0.0005401486996561289,3.0
692,,,,,,,0.0,0.0,0.8218823075294495,0.5881154537200928,0.9993886947631836,0.9993448257446289,0.9886452555656433,0.3337615132331848,0.428956001996994,0.049424104392528534,2.0
693,0.0,0.0,0.0,0.0,0.0,0.0,0.0,0.0,0.0021499579306691885,0.0012703649699687958,0.0005680792964994907,0.001097667496651411,0.016916664317250252,0.0008132159127853811,0.012492834590375423,0.00027596281142905354,1.0
694,0.0,0.0,0.0,0.0,0.0,0.0,0.0,0.0,0.00137509114574641,0.0015340601094067097,0.0005940908449701965,0.001469191163778305,0.04409073665738106,0.0005219469894655049,0.02197873406112194,9.594722359906882e-05,1.0
695,1.0,,1.0,,1.0,1.0,,,0.6888905763626099,0.9987333416938782,0.9997476935386658,0.9927653074264526,0.9996166229248047,0.9996020793914795,0.9328796863555908,0.09447192400693893,1.0
696,0.0,0.0,0.0,0.0,1.0,0.0,0.0,0.0,0.010318255051970482,0.2509574592113495,0.4202623665332794,0.1721496433019638,0.29383179545402527,0.03721419721841812,0.23967120051383972,0.0037756934762001038,4.0
697,1.0,1.0,1.0,0.0,1.0,0.0,0.0,0.0,0.6275659799575806,0.9400923252105713,0.7370733022689819,0.5526182651519775,0.7442038059234619,0.05749195069074631,0.6013479828834534,0.009849400259554386,3.0
698,0.0,0.0,0.0,0.0,0.0,0.0,0.0,0.0,0.006180111318826675,0.012128048576414585,0.03801918774843216,0.09849575161933899,0.4194609522819519,0.0006283176480792463,0.07123944908380508,0.0007721444126218557,4.0
699,1.0,0.0,0.0,0.0,0.0,0.0,0.0,0.0,0.3056749403476715,0.10330814123153687,0.10684558004140854,0.4542815089225769,0.8969554901123047,0.0006934719858691096,0.3467170298099518,0.0007998172077350318,4.0
700,0.0,0.0,0.0,0.0,0.0,0.0,0.0,0.0,0.0010151246096938848,0.0005457852385006845,0.0005753099685534835,0.00035318086156621575,0.016582252457737923,0.00043124996591359377,0.005397086031734943,9.292067989008501e-05,0.0
701,0.0,0.0,0.0,0.0,0.0,0.0,0.0,0.0,0.0007495844038203359,0.00012846953177358955,0.0002858483057934791,0.0010218234965577722,0.012904573231935501,0.0002018372470047325,0.0037474315613508224,9.004488674690947e-05,2.0
702,0.0,,0.0,0.0,0.0,0.0,,,0.004327249247580767,0.001660505891777575,0.0009794002398848534,0.0031685626599937677,0.01927866041660309,0.0008572455262765288,0.028459904715418816,0.0011112571228295565,4.0
703,0.0,0.0,0.0,0.0,0.0,0.0,0.0,0.0,0.0006345943547785282,0.0006161754135973752,0.00021387285960372537,0.0007413168787024915,0.01336668524891138,0.00018507969798520207,0.009183220565319061,0.0002800268121063709,4.0
704,0.0,0.0,0.0,0.0,0.0,0.0,0.0,0.0,0.0011060814140364528,0.0009179594926536083,0.00032082776306197047,0.0007345355115830898,0.010755163617432117,0.0004878733598161489,0.031575579196214676,7.565838313894346e-05,1.0
705,1.0,0.0,1.0,1.0,1.0,0.0,0.0,0.0,0.4426541030406952,0.6433163285255432,0.6523244976997375,0.0008239952148869634,0.035605303943157196,0.4545206129550934,0.3094271123409271,0.031619369983673096,0.0
706,1.0,1.0,1.0,1.0,1.0,1.0,0.0,0.0,0.98807692527771,0.9906510710716248,0.997847855091095,0.9876489639282227,0.9917486310005188,0.6428200602531433,0.13665622472763062,0.03519732877612114,2.0
707,1.0,1.0,1.0,0.0,1.0,0.0,,,0.5695909261703491,0.8722823858261108,0.9697706699371338,0.19960641860961914,0.9938868284225464,0.2519732713699341,0.025383759289979935,0.0010142241371795535,1.0
708,0.0,,0.0,,0.0,0.0,,,0.049119263887405396,0.001437265076674521,0.0005255675641819835,0.03463568538427353,0.11152143031358719,0.00032959270174615085,0.08274637162685394,0.001067464123480022,3.0
709,0.0,0.0,0.0,0.0,0.0,0.0,,,0.0006286476855166256,0.000673099362757057,0.0001863943471107632,0.0008411766029894352,0.013536768965423107,0.00014345554518513381,0.007382103707641363,0.00024101122107822448,4.0
710,,,,,1.0,0.0,,,0.059598278254270554,0.188005268573761,0.19053246080875397,0.013894207775592804,0.11035513877868652,0.01837666518986225,0.03388619422912598,0.0024977107532322407,2.0
711,0.0,,1.0,1.0,1.0,1.0,,,0.8892436027526855,0.9812653660774231,0.9996541142463684,0.9825516939163208,0.9992825388908386,0.9714697599411011,0.4556161165237427,0.04624608904123306,2.0
712,0.0,0.0,0.0,0.0,0.0,0.0,0.0,0.0,0.0007415473228320479,0.00017504200513940305,0.0008299589389935136,0.0010488734114915133,0.029234621673822403,0.0005920889670960605,0.015224996954202652,0.00012266929843463004,2.0
713,1.0,1.0,1.0,1.0,1.0,1.0,1.0,1.0,0.99705970287323,0.9996154308319092,0.9998832941055298,0.9968580007553101,0.9993385672569275,0.9992607831954956,0.30560967326164246,0.08394351601600647,3.0
714,1.0,1.0,1.0,1.0,1.0,1.0,1.0,1.0,0.9995734095573425,0.9998295307159424,0.9997583627700806,0.9993517994880676,0.9992566704750061,0.9996902346611023,0.9091299772262573,0.5422114729881287,2.0
715,0.0,,0.0,0.0,1.0,1.0,,,0.34433913230895996,0.6638734340667725,0.27098336815834045,0.01657732203602791,0.15764440596103668,0.1940419226884842,0.11851692199707031,0.001323804841376841,1.0
716,0.0,0.0,0.0,0.0,0.0,0.0,0.0,0.0,0.0008174902177415788,0.0003642071387730539,0.00039819569792598486,0.0012492594541981816,0.011341159231960773,0.00014406663831323385,0.005037582479417324,0.0003845820901915431,3.0
717,1.0,1.0,1.0,1.0,1.0,1.0,0.0,0.0,0.9918472170829773,0.9998937249183655,0.9973596334457397,0.9642245769500732,0.9975298643112183,0.9993419051170349,0.7752289772033691,0.6201949119567871,3.0
718,0.0,,0.0,0.0,0.0,0.0,,,0.0009583060164004564,0.0005550318164750934,0.0006385267479345202,0.0012186452513560653,0.01569092459976673,0.00031211168970912695,0.024029729887843132,0.0002935643424279988,3.0
719,0.0,,0.0,,1.0,0.0,,,0.00121332798153162,0.017847305163741112,0.025884713977575302,0.0009043037425726652,0.9790899157524109,0.018921179696917534,0.03975933790206909,9.005445463117212e-05,1.0
720,0.0,0.0,0.0,0.0,0.0,0.0,0.0,0.0,0.0010427342494949698,0.0001516298798378557,0.0004286227922420949,0.0014254897832870483,0.015877412632107735,0.00010187901352765039,0.0065521965734660625,0.00015106314094737172,2.0
721,0.0,0.0,0.0,0.0,0.0,0.0,0.0,0.0,0.0006104762433096766,0.00010831034160219133,0.0003407230833545327,0.0012642510700970888,0.015895286574959755,0.00013648637104779482,0.00527921412140131,0.00011968158651143312,2.0
722,1.0,1.0,1.0,1.0,1.0,0.0,0.0,1.0,0.9943549633026123,0.18215829133987427,0.9994427561759949,0.9928119778633118,0.9978146553039551,0.542401909828186,0.2870326638221741,0.3288583755493164,2.0
723,0.0,0.0,0.0,0.0,0.0,0.0,0.0,0.0,0.0008305330411531031,0.00010326712799724191,0.00036009284667670727,0.0008666919893585145,0.016436472535133362,0.00011445701966295019,0.003796894336119294,0.00010494708112673834,2.0
724,,,0.0,,0.0,0.0,,,0.0008013737970031798,0.0002555971732363105,0.0022452278062701225,0.0011558360420167446,0.018623651936650276,0.00020756846060976386,0.013158438727259636,0.00015138386515900493,2.0
725,0.0,1.0,0.0,,0.0,0.0,,,0.09184578061103821,0.8110860586166382,0.0008367520640604198,0.0019110878929495811,0.012371471151709557,0.0005272830021567643,0.07540235668420792,0.004385282285511494,3.0
726,0.0,,0.0,0.0,1.0,0.0,,,0.2013377845287323,0.2499495893716812,0.9913926124572754,0.9776925444602966,0.9111930131912231,0.3147161602973938,0.03891019895672798,0.011800143867731094,4.0
727,0.0,,1.0,,1.0,0.0,,,0.038224153220653534,0.8327086567878723,0.5356289744377136,0.014529109932482243,0.9495510458946228,0.007592224981635809,0.056993983685970306,0.00011927186278626323,1.0
728,1.0,1.0,1.0,1.0,1.0,1.0,1.0,1.0,0.999431848526001,0.9990848302841187,0.9998623132705688,0.9686420559883118,0.9951794147491455,0.904251217842102,0.7724086046218872,0.346389502286911,4.0
729,0.0,,0.0,0.0,0.0,0.0,,,0.0008693351992405951,0.0007304986356757581,0.0009193305158987641,0.0005334039451554418,0.009468944743275642,0.000225823896471411,0.012715974822640419,0.00041730297380127013,0.0
730,1.0,1.0,1.0,1.0,1.0,1.0,1.0,0.0,0.9345488548278809,0.9991189241409302,0.9974110126495361,0.9010790586471558,0.9935541152954102,0.9158270955085754,0.5342097282409668,0.1258712112903595,2.0
731,0.0,0.0,0.0,0.0,0.0,0.0,0.0,0.0,0.0009477626299485564,0.0004356021818239242,0.0005621778545901179,0.001197925885207951,0.027143677696585655,0.00020135041268076748,0.010532358661293983,0.00018613468273542821,3.0
732,1.0,1.0,1.0,1.0,1.0,1.0,,,0.9867531657218933,0.9925745129585266,0.9997983574867249,0.7803161144256592,0.9977428913116455,0.7216140031814575,0.11191648244857788,0.22127771377563477,3.0
733,0.0,0.0,0.0,0.0,0.0,0.0,0.0,0.0,0.08474627137184143,0.0016621083486825228,0.0008269490790553391,0.0019427562365308404,0.21578583121299744,0.12395584583282471,0.11765804141759872,0.0004362128966022283,0.0
734,,,1.0,1.0,1.0,1.0,,,0.9538958072662354,0.9996498823165894,0.9999525547027588,0.996102511882782,0.9963498711585999,0.9980883598327637,0.9429304003715515,0.3322393000125885,3.0
735,0.0,0.0,0.0,0.0,0.0,0.0,0.0,0.0,0.0041449000127613544,0.0073646605014801025,0.0006373259820975363,0.001649833400733769,0.034320663660764694,0.00018925692711491138,0.01943483203649521,0.0005834554322063923,3.0
736,0.0,1.0,1.0,1.0,1.0,1.0,,,0.8224385976791382,0.992477297782898,0.9993969202041626,0.5251263976097107,0.9956908822059631,0.9867594838142395,0.2523265779018402,0.014320919290184975,0.0
737,1.0,1.0,1.0,1.0,1.0,1.0,1.0,1.0,0.9999439120292664,0.9999274015426636,0.9998935461044312,0.9870707988739014,0.9933217763900757,0.9910650849342346,0.7982045412063599,0.9881815314292908,3.0
738,1.0,1.0,1.0,0.0,1.0,1.0,0.0,0.0,0.6001077890396118,0.9980759024620056,0.9888567328453064,0.929735004901886,0.9957220554351807,0.9839808940887451,0.9104529619216919,0.033203355967998505,3.0
739,1.0,1.0,1.0,1.0,1.0,1.0,1.0,,0.9891505241394043,0.9995909929275513,0.9997945427894592,0.9965016841888428,0.9972925186157227,0.9111354947090149,0.23907655477523804,0.22147919237613678,3.0
740,1.0,,1.0,1.0,1.0,1.0,,,0.9998658895492554,0.9994604587554932,0.9999550580978394,0.9973555207252502,0.9975985288619995,0.9998283982276917,0.983305037021637,0.8689733743667603,4.0
741,1.0,1.0,1.0,1.0,1.0,1.0,1.0,0.0,0.9421098232269287,0.9962466359138489,0.9986721277236938,0.16126097738742828,0.9962537884712219,0.9979434013366699,0.6309840083122253,0.3213958740234375,0.0
742,0.0,,0.0,,0.0,0.0,,,0.005614183843135834,0.001035791472531855,0.0017338765319436789,0.00454803928732872,0.19331178069114685,0.0002630396338645369,0.004718084819614887,0.00019292448996566236,0.0
743,0.0,,1.0,,1.0,1.0,,,0.006744016893208027,0.9742385745048523,0.7349503040313721,0.008951450698077679,0.9750667810440063,0.6862584352493286,0.1206977441906929,0.0003121850313618779,2.0
744,1.0,1.0,1.0,1.0,1.0,0.0,1.0,0.0,0.9042284488677979,0.9182838201522827,0.9957019090652466,0.8849630355834961,0.9651965498924255,0.16266553103923798,0.9279003143310547,0.11108047515153885,0.0
745,0.0,0.0,0.0,0.0,0.0,0.0,0.0,0.0,0.0012490687659010291,0.00015836833335924894,0.0006721712416037917,0.001354239066131413,0.014463959261775017,0.00011877192446263507,0.007407584227621555,0.00017975454102270305,2.0
746,0.0,,0.0,0.0,0.0,0.0,,,0.0007031611748971045,0.0003536726871971041,0.0003298768715467304,0.0007125104311853647,0.007566731423139572,0.00027864790172316134,0.006715955212712288,6.015969120198861e-05,1.0
747,0.0,,0.0,0.0,1.0,0.0,,,0.00255414005368948,0.15561600029468536,0.08227077126502991,0.0024010001216083765,0.9936920404434204,0.031138449907302856,0.020039983093738556,0.00020330498227849603,4.0
748,,,0.0,0.0,0.0,0.0,,,0.0018322807736694813,0.0004552901373244822,0.001027342863380909,0.005423600785434246,0.03623208403587341,0.0011097014648839831,0.010618270374834538,4.683631777879782e-05,1.0
749,0.0,0.0,0.0,0.0,1.0,0.0,0.0,0.0,0.005128088407218456,0.022752616554498672,0.43637049198150635,0.007034577429294586,0.7320650815963745,0.43975698947906494,0.031702376902103424,0.0002497663954272866,3.0
750,0.0,0.0,0.0,0.0,1.0,0.0,,,0.01743786409497261,0.21486350893974304,0.054784469306468964,0.008165991865098476,0.9504519104957581,0.03189482167363167,0.08193311840295792,0.0004290484357625246,3.0
751,1.0,1.0,1.0,1.0,1.0,1.0,1.0,,0.9672151803970337,0.9998930096626282,0.9998152256011963,0.9989506602287292,0.9992126226425171,0.9959616661071777,0.9096580147743225,0.07861766964197159,3.0
752,1.0,1.0,1.0,1.0,1.0,1.0,1.0,,0.9904866814613342,0.999845027923584,0.9998335838317871,0.9975782632827759,0.9998681545257568,0.9946237802505493,0.8759092688560486,0.4889601469039917,1.0
753,0.0,0.0,0.0,0.0,0.0,0.0,0.0,0.0,0.0005497299134731293,0.00038158419192768633,0.00021297404600773007,0.0006823294679634273,0.017948953434824944,0.00011441526294220239,0.007947121746838093,0.00022026803344488144,4.0
754,0.0,,0.0,0.0,1.0,0.0,,,0.0010267309844493866,0.028721392154693604,0.07887786626815796,0.0009089979575946927,0.014681722968816757,0.002209331141784787,0.00935901515185833,9.67536834650673e-05,2.0
755,0.0,0.0,0.0,,0.0,0.0,,,0.032658375799655914,0.9179229140281677,0.0009542872430756688,0.006102120969444513,0.005839405581355095,0.0002761046343948692,0.013802249915897846,0.0010266031604260206,0.0
756,1.0,1.0,1.0,1.0,1.0,1.0,1.0,0.0,0.9725973010063171,0.9996792674064636,0.9994058012962341,0.9739438891410828,0.9980044364929199,0.9998155832290649,0.9074702858924866,0.7016081213951111,0.0
757,0.0,0.0,0.0,0.0,0.0,0.0,0.0,0.0,0.0006382298306562006,0.00025210404419340193,0.0007092811283655465,0.0009810968767851591,0.03129163756966591,0.00034274678910151124,0.004573299083858728,0.0001028138940455392,2.0
758,0.0,,0.0,0.0,1.0,0.0,,,0.04652334377169609,0.02067704126238823,0.3180481791496277,0.06161811947822571,0.2893467843532562,0.11820490658283234,0.10899809002876282,0.0005497189704328775,3.0
759,1.0,1.0,1.0,1.0,1.0,1.0,,,0.8739279508590698,0.9950715899467468,0.9990594387054443,0.9425435066223145,0.9992680549621582,0.8888289928436279,0.13013949990272522,0.012615843676030636,1.0
760,1.0,,1.0,1.0,1.0,1.0,,,0.9907662272453308,0.9998872876167297,0.9996410608291626,0.9958138465881348,0.9988749027252197,0.99945068359375,0.616213321685791,0.3123789131641388,3.0
761,0.0,0.0,0.0,0.0,0.0,0.0,0.0,0.0,0.0024253237061202526,0.001032901694998145,0.002114372095093131,0.006380528211593628,0.05846797674894333,0.00044042046647518873,0.02080913446843624,0.0004291296936571598,4.0
762,1.0,1.0,1.0,1.0,1.0,1.0,1.0,1.0,0.9984388947486877,0.9997684955596924,0.9996289610862732,0.9989175200462341,0.9995487332344055,0.9939638376235962,0.8905856013298035,0.5611862540245056,3.0
763,0.0,,0.0,,0.0,0.0,,,0.0007071013678796589,0.00042437773663550615,0.0001774170232238248,0.0010378932347521186,0.012198686599731445,0.00010327552445232868,0.007873307913541794,0.0002930012415163219,4.0
764,0.0,0.0,0.0,0.0,0.0,0.0,,,0.09175027906894684,0.007064577657729387,0.017335081472992897,0.01975395530462265,0.1555684357881546,0.0002611712261568755,0.05019548162817955,0.0004266398027539253,0.0
765,1.0,1.0,1.0,1.0,1.0,1.0,0.0,0.0,0.9981300830841064,0.999087929725647,0.9996114373207092,0.9970758557319641,0.9973576664924622,0.9994081854820251,0.9787870645523071,0.11318562179803848,0.0
766,1.0,1.0,1.0,1.0,1.0,1.0,0.0,,0.9868454337120056,0.9993529915809631,0.9992403984069824,0.9974778294563293,0.9950258135795593,0.9972631335258484,0.6922842264175415,0.06670857965946198,4.0
767,0.0,,0.0,0.0,0.0,0.0,,,0.002145684789866209,0.0013556319754570723,0.000565755763091147,0.0014544990845024586,0.009778961539268494,0.00026831694412976503,0.01207305584102869,0.0003234666073694825,0.0
768,,,,,,,0.0,0.0,0.000694572867359966,0.0006362259737215936,0.0006630800780840218,0.0007195892976596951,0.008058697916567326,0.00016084822709672153,0.02931356616318226,0.00036551174707710743,4.0
769,1.0,1.0,1.0,0.0,1.0,1.0,0.0,0.0,0.7223236560821533,0.9702592492103577,0.8955177068710327,0.19430798292160034,0.9715838432312012,0.9681128263473511,0.2617529332637787,0.007033457048237324,4.0
770,,,,,1.0,1.0,,,0.3121470808982849,0.9542382955551147,0.861393928527832,0.05873580276966095,0.9759975075721741,0.6205753684043884,0.04233093187212944,0.0004968169378116727,3.0
771,0.0,,1.0,1.0,1.0,1.0,,,0.6361327767372131,0.9953228831291199,0.9995518922805786,0.9710759520530701,0.9998680949211121,0.9934771060943604,0.5616450905799866,0.014111589640378952,1.0
772,0.0,,0.0,,0.0,0.0,,,0.0008699115714989603,0.00036676920717582107,0.00026248444919474423,0.0018854009686037898,0.01642150618135929,0.00041206341120414436,0.006179378367960453,7.038005423964933e-05,1.0
773,0.0,0.0,0.0,0.0,0.0,0.0,0.0,0.0,0.0007818551384843886,0.003284015692770481,0.02323136478662491,0.003440691391006112,0.3755550682544708,0.0006807444151490927,0.010132906027138233,0.00022167684801388532,4.0
774,1.0,1.0,1.0,1.0,1.0,1.0,1.0,0.0,0.962160050868988,0.9978492856025696,0.9956740140914917,0.8955583572387695,0.9984620809555054,0.9990488290786743,0.8044668436050415,0.3711854815483093,2.0
775,1.0,1.0,1.0,1.0,1.0,1.0,0.0,1.0,0.9989479780197144,0.9945130348205566,0.9944303035736084,0.9923157691955566,0.9902339577674866,0.9996808767318726,0.07940317690372467,0.8341529369354248,4.0
776,0.0,0.0,0.0,0.0,0.0,0.0,0.0,0.0,0.0006400413694791496,0.00011626725608948618,0.00029086496215313673,0.001456900266930461,0.013401634991168976,0.00010950888099614531,0.004447586368769407,0.00027687844703905284,2.0
777,1.0,1.0,1.0,1.0,1.0,1.0,,,0.788120448589325,0.999752938747406,0.9996612668037415,0.9793538451194763,0.9968178868293762,0.9989821910858154,0.20893488824367523,0.03253604471683502,2.0
778,0.0,,1.0,1.0,1.0,1.0,,,0.9226700067520142,0.9931460022926331,0.9977952241897583,0.9873092770576477,0.9906176924705505,0.998484194278717,0.9835925102233887,0.17253094911575317,2.0
779,0.0,0.0,0.0,0.0,0.0,0.0,0.0,0.0,0.0005705292569473386,0.0005044635036028922,0.0002699997276067734,0.0008365956018678844,0.009635264985263348,0.00013486866373568773,0.006914041470736265,0.00024787403526715934,4.0
780,1.0,1.0,1.0,1.0,1.0,1.0,1.0,1.0,0.999536395072937,0.9997864365577698,0.9997648000717163,0.9992256760597229,0.9995385408401489,0.9997824430465698,0.9986318945884705,0.6461362242698669,2.0
781,0.0,,0.0,0.0,0.0,0.0,,,0.010299663059413433,0.0013989120488986373,0.0016153716715052724,0.11953248083591461,0.19878561794757843,0.0012283649994060397,0.07129022479057312,0.00033749407157301903,0.0
782,1.0,1.0,1.0,1.0,1.0,1.0,,,0.9951661229133606,0.9965308904647827,0.9983881115913391,0.7277746200561523,0.9940036535263062,0.9983211755752563,0.714095950126648,0.5560479760169983,0.0
783,1.0,1.0,1.0,0.0,1.0,1.0,0.0,0.0,0.2811671793460846,0.9951543807983398,0.9915160536766052,0.22046780586242676,0.9934730529785156,0.9104874730110168,0.023050403222441673,0.0007845434593036771,3.0
784,1.0,1.0,1.0,1.0,1.0,1.0,1.0,1.0,0.9999597668647766,0.999964714050293,0.9999659061431885,0.9997942447662354,0.9991247653961182,0.9997434616088867,0.9717222452163696,0.9979591965675354,4.0
785,0.0,0.0,0.0,,0.0,0.0,,,0.001588004524819553,0.00032004035892896354,0.0005889225867576897,0.003298620693385601,0.01297122985124588,0.000612259900663048,0.008355064317584038,7.172489131335169e-05,1.0
786,0.0,1.0,0.0,,0.0,,,,0.0659106895327568,0.9559284448623657,0.00193021260201931,0.03792406991124153,0.01881466992199421,0.0014006799319759011,0.018375808373093605,0.0005019312957301736,1.0
787,0.0,0.0,0.0,0.0,0.0,0.0,0.0,0.0,0.0007682474097236991,0.00026827739202417433,0.0002980739518534392,0.0008080426487140357,0.010926458984613419,0.00022553649614565074,0.005795740056782961,8.360336505575106e-05,1.0
788,1.0,1.0,1.0,1.0,1.0,1.0,1.0,0.0,0.9947413802146912,0.9997612237930298,0.9998492002487183,0.9995259046554565,0.9997410178184509,0.9996947050094604,0.9906351566314697,0.5057538747787476,1.0
789,1.0,1.0,1.0,1.0,1.0,0.0,0.0,0.0,0.9335679411888123,0.8991898894309998,0.9997366666793823,0.9967161417007446,0.990290641784668,0.5958499312400818,0.3131633698940277,0.018791507929563522,4.0
790,1.0,,1.0,1.0,1.0,1.0,,,0.9952028393745422,0.9932301044464111,0.9992964267730713,0.9895554184913635,0.9992828369140625,0.9955853819847107,0.4044927954673767,0.11062908172607422,1.0
791,1.0,,1.0,1.0,1.0,1.0,,,0.9990637302398682,0.9972221851348877,0.9996675848960876,0.9038146734237671,0.9939576983451843,0.922089695930481,0.7285007834434509,0.16193047165870667,4.0
792,0.0,0.0,0.0,0.0,0.0,0.0,,,0.0009632699657231569,0.0011218403233215213,0.0006786034791730344,0.0011407434940338135,0.014057711698114872,0.00022288259060587734,0.006996587850153446,9.459105058340356e-05,1.0
793,0.0,1.0,1.0,0.0,1.0,0.0,,,0.04549262672662735,0.7809635400772095,0.7024776339530945,0.2558894455432892,0.9463873505592346,0.3903391361236572,0.04811403155326843,0.0018582212505862117,3.0
794,1.0,1.0,1.0,1.0,1.0,1.0,1.0,0.0,0.8604724407196045,0.9998447895050049,0.9992915987968445,0.9600074887275696,0.9873020052909851,0.9907666444778442,0.8640944957733154,0.08187555521726608,3.0
795,0.0,0.0,0.0,0.0,0.0,0.0,0.0,0.0,0.0009935814887285233,0.0014793920563533902,0.0006376316305249929,0.0029759593307971954,0.019110482186079025,0.000499313697218895,0.01778779923915863,0.0002577087143436074,4.0
796,0.0,0.0,0.0,0.0,0.0,0.0,0.0,0.0,0.0008086345624178648,0.0003861252625938505,0.00046045807539485395,0.00122545612975955,0.007130859885364771,0.00019351423543412238,0.005452794022858143,0.0003442212473601103,3.0
797,0.0,0.0,0.0,0.0,0.0,0.0,0.0,0.0,0.0005550442147068679,0.0008391904411837459,0.0005178626743145287,0.002339571248739958,0.10536545515060425,0.00029517809161916375,0.012531464919447899,0.0003906936035491526,4.0
798,0.0,,0.0,0.0,0.0,0.0,,,0.001259628334082663,0.0008699360769242048,0.0004392776754684746,0.0018203762592747808,0.029717300087213516,0.001400844776071608,0.04331791400909424,8.260460890596732e-05,1.0
799,0.0,0.0,0.0,0.0,0.0,0.0,0.0,0.0,0.000727647275198251,0.00011685323988785967,0.00027651654090732336,0.0008005608688108623,0.010333365760743618,0.0001617257366888225,0.005723724607378244,0.00011565528257051483,2.0
800,0.0,0.0,0.0,0.0,0.0,0.0,0.0,0.0,0.001092405989766121,0.0011138683184981346,0.0010874029248952866,0.0004506925179157406,0.007087398786097765,0.0002343468804610893,0.0024595404975116253,0.00012877414701506495,0.0
801,1.0,1.0,1.0,1.0,1.0,0.0,1.0,0.0,0.9421104192733765,0.2638712227344513,0.9996156096458435,0.9986399412155151,0.9677731990814209,0.22717422246932983,0.5417342782020569,0.29486382007598877,4.0
802,0.0,0.0,0.0,0.0,0.0,0.0,0.0,0.0,0.0022200497332960367,0.00094987777993083,0.001259414479136467,0.0018838993273675442,0.0130405742675066,0.00026896156487055123,0.04829240217804909,0.00014893111074343324,0.0
803,1.0,1.0,1.0,1.0,1.0,0.0,1.0,1.0,0.9970080852508545,0.9997236132621765,0.9998073577880859,0.9953373670578003,0.9976921677589417,0.9372336864471436,0.9792020320892334,0.9521848559379578,3.0
804,1.0,1.0,1.0,1.0,1.0,1.0,,,0.9997320175170898,0.9972248673439026,0.9932876229286194,0.9995965957641602,0.9878377914428711,0.9990035891532898,0.27288925647735596,0.7127220630645752,4.0
805,1.0,,1.0,,1.0,1.0,,,0.9166720509529114,0.9957470893859863,0.9995763301849365,0.9875237345695496,0.9984176754951477,0.9969598650932312,0.1289495825767517,0.013676771894097328,3.0
806,1.0,1.0,1.0,1.0,1.0,1.0,0.0,1.0,0.9976576566696167,0.9860923886299133,0.9967037439346313,0.9987921714782715,0.9974254965782166,0.9990159273147583,0.1604485809803009,0.7246495485305786,2.0
807,1.0,1.0,1.0,1.0,1.0,1.0,0.0,1.0,0.997541606426239,0.9928584694862366,0.9852925539016724,0.990064263343811,0.9935899972915649,0.9994458556175232,0.15317881107330322,0.5821679830551147,0.0
808,1.0,1.0,1.0,1.0,1.0,1.0,1.0,,0.9962593913078308,0.999506950378418,0.9998654723167419,0.9993855357170105,0.9994245767593384,0.9030819535255432,0.9649418592453003,0.5330195426940918,1.0
809,0.0,1.0,1.0,0.0,1.0,1.0,0.0,,0.4219706356525421,0.9724606275558472,0.8932029604911804,0.04835095629096031,0.9917407035827637,0.66022789478302,0.007534614764153957,0.0003566316736396402,0.0
810,0.0,0.0,0.0,0.0,0.0,0.0,0.0,0.0,0.0012243988458067179,0.0007230335613712668,0.0006947371875867248,0.0003779370745178312,0.007564777508378029,0.00023394195886794478,0.0022549727000296116,0.00010265917080687359,0.0
811,0.0,0.0,0.0,0.0,0.0,0.0,0.0,,0.0012917565181851387,0.000453094020485878,0.0006301849498413503,0.0019381326856091619,0.033690452575683594,0.000628099194727838,0.021749574691057205,0.0002229915844509378,3.0
812,1.0,0.0,1.0,1.0,1.0,0.0,,,0.9593704342842102,0.07833527028560638,0.9810118079185486,0.8949466347694397,0.9651932120323181,0.038484275341033936,0.07007291167974472,0.0196825060993433,2.0
813,1.0,,1.0,,1.0,1.0,,,0.9942952990531921,0.9985899329185486,0.9995380640029907,0.9886870980262756,0.9983057975769043,0.9984822273254395,0.7744402885437012,0.33362773060798645,2.0
814,0.0,,0.0,0.0,0.0,0.0,,,0.0010947715491056442,0.0007840091129764915,0.0006557117449119687,0.0011829340364784002,0.008595669642090797,0.0002765846729744226,0.045304231345653534,0.00046901649329811335,3.0
815,1.0,1.0,1.0,1.0,1.0,1.0,1.0,1.0,0.9971516132354736,0.9972487092018127,0.9650171995162964,0.9874844551086426,0.9964233636856079,0.9995414614677429,0.4750126302242279,0.6225358843803406,4.0
816,0.0,,1.0,0.0,0.0,0.0,,,0.6351185441017151,0.011712443083524704,0.49624285101890564,0.8335725665092468,0.7274833917617798,0.013115670531988144,0.2121347039937973,0.006545252166688442,2.0
817,0.0,,1.0,0.0,1.0,0.0,,,0.05870804190635681,0.7608299851417542,0.9032747149467468,0.05439319834113121,0.6261669993400574,0.2814177870750427,0.22525882720947266,0.005269911605864763,1.0
818,1.0,1.0,1.0,1.0,0.0,0.0,1.0,1.0,0.9991591572761536,0.9577186703681946,0.971834123134613,0.9994010329246521,0.9961904287338257,0.2838437855243683,0.9606932997703552,0.9972317814826965,2.0
819,0.0,,0.0,0.0,1.0,0.0,,,0.0016012962441891432,0.007199617102742195,0.05601758137345314,0.0008932258933782578,0.015616394579410553,0.007838679477572441,0.038009874522686005,0.00011087736493209377,1.0
820,,,0.0,,1.0,1.0,,,0.1661345511674881,0.8057065010070801,0.7961522340774536,0.07429792732000351,0.975093424320221,0.16560563445091248,0.11474385857582092,0.00041878808406181633,2.0
821,1.0,1.0,1.0,1.0,1.0,1.0,,,0.9903444051742554,0.7576141953468323,0.997882604598999,0.9983883500099182,0.9622116684913635,0.18258531391620636,0.06969475746154785,0.09503631293773651,1.0
822,0.0,1.0,0.0,0.0,0.0,0.0,0.0,0.0,0.32187411189079285,0.9545838832855225,0.07919639348983765,0.20503079891204834,0.7992943525314331,0.0025024593342095613,0.04467896744608879,0.010068573988974094,3.0
823,0.0,,0.0,,0.0,0.0,,,0.0012232910376042128,0.001034657354466617,0.0004614285717252642,0.0015065550105646253,0.011268114671111107,0.00046568256220780313,0.0076911430805921555,0.000580999068915844,3.0
824,1.0,1.0,1.0,1.0,1.0,1.0,1.0,0.0,0.9895820021629333,0.9973076581954956,0.9996011853218079,0.9975842237472534,0.9991956949234009,0.9955154657363892,0.9231420755386353,0.4091583788394928,2.0
825,1.0,1.0,1.0,1.0,1.0,,0.0,,0.8765937685966492,0.999024510383606,0.996844470500946,0.9669792652130127,0.9875092506408691,0.9986692667007446,0.2543323338031769,0.05229862406849861,4.0
826,1.0,,1.0,,1.0,1.0,,,0.8910581469535828,0.9968351721763611,0.9988375306129456,0.9790661334991455,0.9975963830947876,0.7479248642921448,0.08960096538066864,0.027760034427046776,3.0
827,1.0,0.0,1.0,1.0,1.0,0.0,0.0,0.0,0.8556584715843201,0.2699660658836365,0.9981914162635803,0.999153733253479,0.994511067867279,0.2550703287124634,0.07148498296737671,0.022894851863384247,2.0
828,0.0,,0.0,,0.0,0.0,,,0.0012284404365345836,0.0008989264024421573,0.000555554055608809,0.001330166938714683,0.020877329632639885,0.00073624262586236,0.009892203845083714,0.00020133542420808226,3.0
829,1.0,1.0,1.0,1.0,1.0,1.0,,,0.9965009689331055,0.9996394515037537,0.9994386434555054,0.9986704587936401,0.9990379810333252,0.9429391026496887,0.6000655889511108,0.21609756350517273,1.0
830,0.0,0.0,0.0,0.0,0.0,0.0,0.0,0.0,0.0008006099378690124,0.0005727512761950493,0.00022311497014015913,0.0007770974189043045,0.024930540472269058,0.0002913127827923745,0.018790118396282196,0.00014290769468061626,4.0
831,1.0,1.0,1.0,1.0,1.0,1.0,0.0,0.0,0.9874380230903625,0.9998769760131836,0.9996448159217834,0.9812926054000854,0.999184250831604,0.9969620704650879,0.6334568858146667,0.42521700263023376,0.0
832,0.0,1.0,1.0,1.0,1.0,0.0,,,0.2588037848472595,0.9538604021072388,0.9937130808830261,0.7833359241485596,0.9919989109039307,0.6815323829650879,0.08055534958839417,0.009151870384812355,2.0
833,1.0,1.0,1.0,1.0,1.0,1.0,1.0,,0.9987601041793823,0.9994252324104309,0.9999498128890991,0.9995367527008057,0.9992157220840454,0.9995889067649841,0.9820146560668945,0.4066097140312195,4.0
834,0.0,0.0,0.0,0.0,0.0,0.0,,,0.0008625549380667508,0.0005677245790138841,0.0005015055066905916,0.00029902294045314193,0.01587466150522232,0.00016114983009174466,0.0016126501141116023,7.019008626230061e-05,0.0
835,1.0,1.0,1.0,1.0,1.0,1.0,1.0,,0.9984778761863708,0.998605489730835,0.9999502301216125,0.9994392395019531,0.9986876249313354,0.9997243285179138,0.9966741800308228,0.5092974305152893,4.0
836,0.0,0.0,,0.0,0.0,0.0,0.0,0.0,0.0017742590280249715,0.0010587002616375685,0.0009470455115661025,0.00040113928844220936,0.011078128591179848,0.0002637552097439766,0.003879896365106106,0.0007467135437764227,0.0
837,1.0,1.0,1.0,0.0,1.0,1.0,0.0,,0.38409215211868286,0.9946819543838501,0.972646951675415,0.40756815671920776,0.9917882680892944,0.9950469732284546,0.17919465899467468,0.008914005942642689,4.0
838,0.0,,0.0,,0.0,0.0,,,0.04365617036819458,0.002881221938878298,0.009861054830253124,0.22275426983833313,0.16371197998523712,0.002182049909606576,0.023252876475453377,0.0007571724709123373,1.0
839,1.0,,1.0,1.0,1.0,1.0,,,0.9969096183776855,0.9993934631347656,0.9996770024299622,0.9995536804199219,0.9995688796043396,0.9999727606773376,0.9745185971260071,0.36392489075660706,2.0
840,0.0,0.0,0.0,0.0,0.0,0.0,,,0.0007752787205390632,0.0003327015438117087,0.00037878271541558206,0.0008141315774992108,0.011840065941214561,0.00021247169934213161,0.005865089595317841,6.781969568692148e-05,1.0
841,0.0,,0.0,0.0,0.0,0.0,,,0.0007582066464237869,0.0003977717424277216,0.0003667022683657706,0.0010375125566497445,0.006270078010857105,0.00023859372595325112,0.006388174369931221,8.21796857053414e-05,1.0
842,1.0,1.0,1.0,0.0,1.0,1.0,,,0.9422165751457214,0.9989662170410156,0.8398773670196533,0.8295415639877319,0.8023715615272522,0.6722964644432068,0.37096017599105835,0.1941230744123459,3.0
843,0.0,0.0,0.0,0.0,0.0,0.0,0.0,0.0,0.0006003694725222886,0.00015973077097442,0.0008384236716665328,0.0010697290999814868,0.02059095911681652,0.0002146617043763399,0.007947924546897411,0.00012336143117863685,2.0
844,,0.0,0.0,0.0,0.0,,0.0,0.0,0.0008548505138605833,0.0009990644175559282,0.0027489240746945143,0.004558922722935677,0.16322055459022522,0.00041084265103563666,0.019720062613487244,0.00016008812235668302,2.0
845,0.0,,0.0,0.0,0.0,0.0,,,0.0009900967124849558,0.0003067741636186838,0.0006016999832354486,0.0010160099482163787,0.009912417270243168,0.00030103500466793776,0.008307491429150105,7.846115477150306e-05,1.0
846,0.0,0.0,0.0,0.0,0.0,0.0,0.0,0.0,0.0007306240731850266,9.707284334581345e-05,0.00034708474413491786,0.001006025355309248,0.009411430917680264,0.00010679742263164371,0.003307345323264599,0.00012348643213044852,2.0
847,0.0,,0.0,0.0,0.0,0.0,,,0.0014979526167735457,0.0006145195220597088,0.0008721073972992599,0.0011474724160507321,0.06208761781454086,0.0010844336356967688,0.05652999132871628,0.0004417882300913334,3.0
848,0.0,0.0,0.0,0.0,0.0,0.0,,,0.0007239619153551757,0.0007261053542606533,0.0005742486682720482,0.0016153556061908603,0.018146585673093796,0.0003850097709801048,0.08384658396244049,0.0004651403287425637,4.0
849,1.0,,0.0,,1.0,1.0,,,0.9504463076591492,0.952560544013977,0.9713340997695923,0.7358604669570923,0.9997191429138184,0.9894117712974548,0.11081302911043167,0.06870733201503754,1.0
850,0.0,,0.0,0.0,0.0,0.0,,,0.0062977951020002365,0.0019003927009180188,0.0008189839427359402,0.0168768297880888,0.08578786253929138,0.0020310210529714823,0.11294512450695038,0.0007002329803071916,3.0
851,0.0,1.0,1.0,1.0,1.0,1.0,,,0.8196045160293579,0.9894588589668274,0.9998624920845032,0.9855504035949707,0.9940181374549866,0.7873131632804871,0.45933935046195984,0.034059252589941025,4.0
852,1.0,1.0,1.0,1.0,1.0,1.0,,,0.8378285765647888,0.9978340268135071,0.9989935159683228,0.9845024943351746,0.9955819845199585,0.9939861297607422,0.4228866994380951,0.17777778208255768,3.0
853,1.0,,1.0,1.0,1.0,1.0,,,0.913679838180542,0.9975205659866333,0.9994487762451172,0.9724248647689819,0.9901264309883118,0.9911537170410156,0.29037269949913025,0.0449734590947628,4.0
854,1.0,1.0,1.0,1.0,1.0,0.0,,,0.8924974203109741,0.765346884727478,0.9986130595207214,0.5082660913467407,0.996291995048523,0.7908170819282532,0.21381166577339172,0.020020440220832825,4.0
855,1.0,1.0,1.0,0.0,1.0,0.0,0.0,0.0,0.6925510168075562,0.9959402084350586,0.9802731275558472,0.12913157045841217,0.9935793876647949,0.6007380485534668,0.36203333735466003,0.04941433668136597,0.0
856,0.0,0.0,0.0,0.0,0.0,0.0,,,0.0011987484758719802,0.0007217453676275909,0.000690086220856756,0.0009603594080545008,0.007472117897123098,0.00036100271972827613,0.07541047781705856,0.00014459248632192612,1.0
857,0.0,1.0,1.0,0.0,1.0,1.0,0.0,0.0,0.41563135385513306,0.9844327569007874,0.9370594024658203,0.02886868268251419,0.9969562292098999,0.7750019431114197,0.27478304505348206,0.004575192462652922,0.0
858,1.0,1.0,1.0,1.0,1.0,1.0,1.0,0.0,0.9863365888595581,0.9997878670692444,0.9998811483383179,0.9977368116378784,0.9994718432426453,0.994880735874176,0.8238036036491394,0.057101260870695114,3.0
859,0.0,0.0,0.0,0.0,0.0,0.0,0.0,0.0,0.0008260676986537874,0.0009242076193913817,0.0007798012811690569,0.001114942249841988,0.023457759991288185,0.00023233449610415846,0.014631691388785839,4.189951505395584e-05,1.0
860,1.0,1.0,1.0,1.0,1.0,0.0,0.0,,0.45018550753593445,0.7215211391448975,0.9784119725227356,0.03717363253235817,0.9801400899887085,0.883139431476593,0.33209025859832764,0.06332538276910782,4.0
861,0.0,,0.0,,0.0,0.0,,,0.0019918770994991064,0.0010909305419772863,0.00047688072663731873,0.002394659211859107,0.016977334395051003,0.0003071545797865838,0.0031381952576339245,0.0001453504664823413,0.0
862,1.0,,1.0,1.0,1.0,1.0,,,0.993174135684967,0.937174379825592,0.9731140732765198,0.3222499489784241,0.9138597846031189,0.9932783842086792,0.12228748947381973,0.03024616837501526,0.0
863,0.0,0.0,0.0,0.0,0.0,0.0,0.0,0.0,0.000604067521635443,0.0006294857594184577,0.00014194485265761614,0.0007900808705016971,0.018138185143470764,0.00022333516972139478,0.008611684665083885,0.0002098177355946973,4.0
864,0.0,,0.0,0.0,0.0,0.0,,,0.007864600047469139,0.0007703203009441495,0.0008361074142158031,0.0017274002311751246,0.025822658091783524,0.0009481325978413224,0.05985110253095627,0.0005878939409740269,2.0
865,0.0,,1.0,0.0,1.0,1.0,,,0.1700063943862915,0.9757644534111023,0.6857302784919739,0.015353313647210598,0.8228284120559692,0.9223360419273376,0.05197928845882416,0.00024413721985183656,2.0
866,1.0,1.0,1.0,1.0,1.0,1.0,1.0,0.0,0.5995696187019348,0.9984658360481262,0.9841203093528748,0.5396130681037903,0.9877634644508362,0.7565973401069641,0.7460299134254456,0.029833795502781868,3.0
867,0.0,1.0,1.0,1.0,1.0,1.0,1.0,0.0,0.6968067288398743,0.9726083874702454,0.9127421379089355,0.34725290536880493,0.9165140390396118,0.54334557056427,0.7778494358062744,0.022377708926796913,0.0
868,0.0,0.0,0.0,0.0,0.0,0.0,0.0,0.0,0.001044736709445715,0.0012810190673917532,0.00040049804374575615,0.0015277272323146462,0.011412443593144417,0.00033094797981902957,0.008874671533703804,0.00020719326857943088,3.0
869,1.0,1.0,1.0,1.0,1.0,1.0,0.0,0.0,0.9926096200942993,0.9527168869972229,0.9986299872398376,0.7798800468444824,0.9945793151855469,0.9963093400001526,0.48147210478782654,0.17382828891277313,0.0
870,1.0,1.0,1.0,1.0,1.0,1.0,1.0,0.0,0.9656418561935425,0.99959397315979,0.9998301267623901,0.9753798246383667,0.9978331923484802,0.9999188184738159,0.9609702229499817,0.5635437965393066,4.0
871,1.0,1.0,1.0,1.0,1.0,1.0,,,0.996154248714447,0.9972122311592102,0.9992716312408447,0.7003305554389954,0.9983676075935364,0.9996422529220581,0.7514670491218567,0.3230692744255066,2.0
872,1.0,,1.0,1.0,,,1.0,,0.9926517009735107,0.9996850490570068,0.9997531175613403,0.3069857954978943,0.9982564449310303,0.9994007349014282,0.9297528862953186,0.5674546957015991,3.0
873,1.0,1.0,1.0,1.0,1.0,1.0,0.0,,0.6808302998542786,0.9945012331008911,0.9978920817375183,0.9596325159072876,0.997836172580719,0.9996244311332703,0.5145674347877502,0.19608601927757263,0.0
874,0.0,0.0,0.0,0.0,0.0,0.0,0.0,0.0,0.003769815433770418,0.002555346116423607,0.0017743499483913183,0.025467058643698692,0.20033559203147888,0.0004232269711792469,0.06183452904224396,8.500722469761968e-05,1.0
875,0.0,0.0,0.0,0.0,0.0,0.0,0.0,0.0,0.0010801106691360474,0.0005837713833898306,0.0004780308809131384,0.0013465964002534747,0.005228898022323847,0.00029822273063473403,0.009771522134542465,0.00024420113186351955,3.0
876,1.0,1.0,1.0,0.0,1.0,0.0,0.0,0.0,0.4581895172595978,0.9539380073547363,0.7189404368400574,0.2156483232975006,0.9049296975135803,0.010634910315275192,0.25835925340652466,0.012646231800317764,4.0
877,1.0,1.0,1.0,1.0,1.0,1.0,1.0,,0.999607264995575,0.9960081577301025,0.9970721006393433,0.7981263995170593,0.972913920879364,0.9938240647315979,0.9486314058303833,0.28883492946624756,4.0
878,1.0,1.0,1.0,1.0,1.0,0.0,1.0,1.0,0.9937846064567566,0.970116376876831,0.9997299313545227,0.9882270097732544,0.9008457660675049,0.22840315103530884,0.7495486736297607,0.3708269000053406,4.0
879,0.0,,0.0,0.0,0.0,0.0,,,0.0007628164603374898,0.0005101897404529154,0.0005828571738675237,0.00027716669137589633,0.024884140118956566,0.00012871196668129414,0.0017037809593603015,7.049040868878365e-05,0.0
880,0.0,0.0,1.0,0.0,1.0,0.0,,,0.4796159267425537,0.8896292448043823,0.9192836284637451,0.14855654537677765,0.83807373046875,0.012480998411774635,0.03940429538488388,0.005332790780812502,4.0
881,1.0,1.0,1.0,1.0,1.0,0.0,0.0,1.0,0.9759624004364014,0.4061228036880493,0.9997748136520386,0.9990195631980896,0.9942570328712463,0.2643999457359314,0.21971794962882996,0.18400953710079193,0.0
882,1.0,,1.0,,1.0,1.0,,,0.8959472179412842,0.9993018507957458,0.9999021291732788,0.9860711693763733,0.9993716478347778,0.9787026643753052,0.6313726902008057,0.0238589346408844,3.0
883,0.0,0.0,0.0,0.0,0.0,0.0,0.0,0.0,0.0009239120990969241,0.0007498834165744483,0.0016622585244476795,0.00046859297435730696,0.24416401982307434,0.0004972691531293094,0.0385662242770195,0.0001036549438140355,0.0
884,0.0,0.0,0.0,0.0,1.0,0.0,0.0,0.0,0.029702384024858475,0.01478054653853178,0.7820484638214111,0.008765477687120438,0.9631602764129639,0.7451839447021484,0.30894315242767334,0.0003086986835114658,3.0
885,1.0,1.0,1.0,1.0,1.0,1.0,1.0,,0.9978744983673096,0.9999747276306152,0.9999571442604065,0.9969697594642639,0.9994194507598877,0.9998388290405273,0.9264941215515137,0.9230840802192688,3.0
886,0.0,1.0,0.0,0.0,1.0,1.0,0.0,0.0,0.23654550313949585,0.22978165745735168,0.9503543376922607,0.0471637025475502,0.9708837270736694,0.4862401485443115,0.012597628869116306,0.0002922582789324224,0.0
887,0.0,1.0,1.0,0.0,1.0,1.0,,,0.10105015337467194,0.9609900116920471,0.18149366974830627,0.004148839041590691,0.994989275932312,0.5183064937591553,0.05911187082529068,0.0002704084909055382,2.0
888,0.0,,1.0,,1.0,0.0,,,0.018363235518336296,0.21771155297756195,0.3405791223049164,0.1935957968235016,0.7151631116867065,0.013756075873970985,0.03667725622653961,0.0006938720471225679,1.0
889,1.0,1.0,1.0,1.0,1.0,1.0,1.0,0.0,0.5887810587882996,0.993079662322998,0.999534010887146,0.9623668193817139,0.9954776763916016,0.9721318483352661,0.3833332359790802,0.01308874599635601,0.0
890,0.0,0.0,0.0,0.0,0.0,0.0,0.0,0.0,0.0007478127954527736,0.00030892816721461713,0.0004523151437751949,0.0012682306114584208,0.00800295826047659,0.00017089721222873777,0.00421849824488163,0.00025358592392876744,3.0
891,0.0,0.0,0.0,0.0,0.0,0.0,0.0,0.0,0.0007758651045151055,0.0003235343610867858,0.00026761979097500443,0.0007460121996700764,0.011896840296685696,0.00023502369003836066,0.0063899727538228035,5.4074986110208556e-05,1.0
892,1.0,1.0,1.0,0.0,1.0,0.0,1.0,0.0,0.9465116858482361,0.9896095395088196,0.7438845634460449,0.2832154333591461,0.22988185286521912,0.15488092601299286,0.2732582986354828,0.13472044467926025,0.0
893,0.0,1.0,0.0,0.0,1.0,0.0,0.0,0.0,0.015296675264835358,0.41385480761528015,0.07519261538982391,0.0016318262787535787,0.34412017464637756,0.0531216524541378,0.4071800410747528,0.00032722068135626614,2.0
894,0.0,,0.0,0.0,0.0,0.0,,,0.0018044243333861232,0.0005211203824728727,0.0009862721199169755,0.005218914244323969,0.05679377540946007,0.0001884556986624375,0.008599072694778442,0.0003114651481155306,3.0
895,1.0,1.0,1.0,1.0,1.0,1.0,0.0,1.0,0.9905796051025391,0.9984230399131775,0.9882562160491943,0.7083250284194946,0.9988716244697571,0.9979804754257202,0.43032294511795044,0.03924567997455597,4.0
896,0.0,0.0,0.0,0.0,0.0,0.0,,,0.0015073914546519518,0.0003690639859996736,0.0002503552532289177,0.00401275372132659,0.03618669882416725,0.0001322453172178939,0.017465945333242416,0.00017863529501482844,4.0
897,1.0,1.0,1.0,1.0,1.0,1.0,1.0,1.0,0.9996492266654968,0.999323308467865,0.9994484782218933,0.9998282790184021,0.9917428493499756,0.93479323387146,0.9875277280807495,0.5200905203819275,2.0
898,0.0,0.0,0.0,0.0,0.0,0.0,,,0.002243547700345516,0.0008448777953162789,0.01477856282144785,0.02041572332382202,0.23740273714065552,0.0004137909272685647,0.01353656966239214,0.00021387470769695938,2.0
899,0.0,0.0,0.0,0.0,0.0,0.0,0.0,0.0,0.0012850064085796475,0.03896959871053696,0.00313749467022717,0.0014460355741903186,0.4209057092666626,0.0010651827324181795,0.009223518893122673,0.0003039275179617107,3.0
900,1.0,1.0,1.0,1.0,1.0,1.0,1.0,1.0,0.9994605183601379,0.998362123966217,0.9995397329330444,0.9710262417793274,0.9990733861923218,0.9990661144256592,0.9224435091018677,0.2992529571056366,1.0
901,0.0,,0.0,0.0,0.0,0.0,,,0.0016954984748736024,0.00018541030294727534,0.0007840435719117522,0.0007818969897925854,0.016078583896160126,0.0003074703854508698,0.0047037783078849316,0.00018938367429655045,2.0
902,0.0,0.0,0.0,0.0,0.0,0.0,0.0,0.0,0.0012994979042559862,0.0013027847744524479,0.0008974908851087093,0.0005039135576225817,0.0069772773422300816,0.00019469954713713378,0.004193225409835577,0.00036876872763969004,0.0
903,0.0,0.0,0.0,0.0,0.0,0.0,0.0,0.0,0.0009637489565648139,0.0007386300712823868,0.0007510220748372376,0.0004424157668836415,0.01030714064836502,0.00016579955990891904,0.003701284294947982,0.0001023381992126815,0.0
904,1.0,1.0,1.0,1.0,1.0,1.0,0.0,0.0,0.8905166387557983,0.9938786625862122,0.9992386102676392,0.9627207517623901,0.996537983417511,0.691144585609436,0.09774643182754517,0.009942679665982723,2.0
905,0.0,0.0,0.0,0.0,0.0,0.0,0.0,0.0,0.0006221261573955417,0.00017903537082020193,0.00043839251156896353,0.0011631820816546679,0.009435063228011131,0.0001358223962597549,0.003497777972370386,0.00012549059465527534,2.0
906,,,,,,,1.0,0.0,0.019697755575180054,0.054650772362947464,0.006917988881468773,0.1955747753381729,0.0794563740491867,0.0030713416635990143,0.11545123159885406,0.000341852311976254,1.0
907,1.0,1.0,0.0,0.0,1.0,1.0,,,0.6791275143623352,0.9346548914909363,0.49657556414604187,0.7183012962341309,0.9991181492805481,0.9608731269836426,0.0644000843167305,0.009255101904273033,1.0
908,0.0,1.0,1.0,0.0,1.0,1.0,0.0,0.0,0.49428582191467285,0.9898817539215088,0.9853450059890747,0.22626778483390808,0.9060765504837036,0.7777036428451538,0.6652902364730835,0.005813184194266796,3.0
909,1.0,1.0,0.0,0.0,1.0,1.0,0.0,0.0,0.9417595863342285,0.8936203122138977,0.4725607633590698,0.29673558473587036,0.9124369025230408,0.5987949371337891,0.12613709270954132,0.02130303904414177,2.0
910,1.0,1.0,1.0,1.0,1.0,1.0,1.0,1.0,0.9999191761016846,0.9992428421974182,0.9996294379234314,0.9668359160423279,0.9991557598114014,0.9998810887336731,0.25641459226608276,0.7844646573066711,2.0
911,1.0,1.0,1.0,1.0,1.0,1.0,0.0,0.0,0.9590526223182678,0.9987188577651978,0.9994285106658936,0.9937033653259277,0.9976056814193726,0.9592726826667786,0.7672717571258545,0.35911673307418823,4.0
912,0.0,0.0,0.0,0.0,0.0,0.0,0.0,,0.000951650959905237,0.0004407544038258493,0.0006427451735362411,0.0010477136820554733,0.010214191861450672,0.00017439165094401687,0.005576250609010458,0.00024591211695224047,3.0
913,1.0,0.0,1.0,1.0,1.0,0.0,0.0,0.0,0.4470933973789215,0.5424863696098328,0.9996924996376038,0.9989591240882874,0.9894333481788635,0.9117873311042786,0.060614656656980515,0.1874477118253708,0.0
914,1.0,1.0,1.0,1.0,1.0,1.0,0.0,1.0,0.9988867044448853,0.9987390637397766,0.9992290735244751,0.9908329248428345,0.9935911297798157,0.9896036386489868,0.5410242080688477,0.5046749114990234,2.0
915,1.0,1.0,1.0,1.0,1.0,1.0,0.0,1.0,0.9987663626670837,0.9989497661590576,0.9994702339172363,0.9957229495048523,0.9993507862091064,0.9991728663444519,0.41173022985458374,0.41514262557029724,0.0
916,0.0,0.0,0.0,0.0,0.0,0.0,0.0,0.0,0.00122975860722363,0.001065012882463634,0.00082998420111835,0.0006855988758616149,0.02570090815424919,0.00029629547498188913,0.005912525579333305,0.0001379935711156577,0.0
917,1.0,1.0,1.0,1.0,1.0,1.0,1.0,0.0,0.9993657469749451,0.9993751645088196,0.9997637867927551,0.9990430474281311,0.9988802671432495,0.9989338517189026,0.945519208908081,0.5383007526397705,2.0
918,0.0,,0.0,,1.0,0.0,,,0.0015820784028619528,0.35535359382629395,0.13834188878536224,0.0011407040292397141,0.8113899230957031,0.055465906858444214,0.037302084267139435,0.0002208525111200288,3.0
919,1.0,,1.0,1.0,1.0,1.0,,,0.998085618019104,0.9630429148674011,0.9995381832122803,0.8788222670555115,0.9532331824302673,0.9657504558563232,0.039261531084775925,0.03584408760070801,3.0
920,0.0,1.0,1.0,0.0,1.0,0.0,0.0,0.0,0.4560224413871765,0.8395940065383911,0.8270237445831299,0.7973840236663818,0.7712904214859009,0.7250649929046631,0.25582021474838257,0.053817398846149445,4.0
921,0.0,0.0,,0.0,0.0,0.0,0.0,0.0,0.0007996642380021513,0.0001495616015745327,0.0005472843768075109,0.001519122626632452,0.05065847188234329,0.0004783023614436388,0.024165015667676926,0.00011125991295557469,2.0
922,1.0,1.0,1.0,1.0,1.0,0.0,,,0.924689531326294,0.7672884464263916,0.9975249767303467,0.3920556902885437,0.9950908422470093,0.3999364972114563,0.15712708234786987,0.021587129682302475,2.0
923,0.0,,0.0,,0.0,0.0,,,0.002271670615300536,0.0012245547259226441,0.0010557202622294426,0.012797849252820015,0.04537854343652725,0.00043692192411981523,0.0036528995260596275,0.00014893285697326064,0.0
924,1.0,,1.0,1.0,1.0,1.0,,,0.9986489415168762,0.9992064237594604,0.9995681643486023,0.9962830543518066,0.9990369081497192,0.9999184012413025,0.8393222689628601,0.48591649532318115,3.0
925,,,1.0,1.0,1.0,1.0,,,0.8872877359390259,0.9977255463600159,0.9998207688331604,0.9090933799743652,0.9976300001144409,0.9982355833053589,0.9059643745422363,0.14928045868873596,1.0
926,0.0,0.0,0.0,0.0,0.0,0.0,0.0,0.0,0.0022531726863235235,0.0010934326564893126,0.0018053753301501274,0.0016777062555775046,0.014063285663723946,0.0004750289081130177,0.0034991628490388393,0.0001425088121322915,0.0
927,0.0,0.0,0.0,0.0,0.0,0.0,0.0,0.0,0.0009253174066543579,0.0006699144141748548,0.0005621140589937568,0.0002978809061460197,0.014284113422036171,0.00027051768847741187,0.0029270322993397713,7.45570141589269e-05,0.0
928,,,0.0,,0.0,0.0,,,0.0008202324970625341,0.0002472725755069405,0.0004529530124273151,0.0011567213805392385,0.01155201904475689,0.0002736025780905038,0.0044837151654064655,0.00024437232059426606,3.0
929,0.0,,1.0,,1.0,1.0,,,0.45568186044692993,0.8573741316795349,0.8894075155258179,0.030964817851781845,0.9747930765151978,0.630534291267395,0.020158980041742325,0.0006373305222950876,0.0
930,1.0,,1.0,,1.0,1.0,,,0.6864621639251709,0.9731175899505615,0.7244418263435364,0.18916618824005127,0.9914452433586121,0.7838906049728394,0.0934060662984848,0.003323027864098549,1.0
931,0.0,0.0,0.0,,0.0,0.0,,,0.0008847369463182986,0.0004594851634465158,0.00027044591843150556,0.0007936506881378591,0.019344814121723175,0.0005196097190491855,0.009595073759555817,6.511403626063839e-05,1.0
932,1.0,1.0,1.0,1.0,1.0,1.0,1.0,1.0,0.9998309016227722,0.999865710735321,0.9998832941055298,0.9995718598365784,0.998805046081543,0.9962593913078308,0.9165085554122925,0.9132782220840454,0.0
933,1.0,1.0,1.0,1.0,1.0,1.0,1.0,1.0,0.9999018907546997,0.9998435378074646,0.9999726414680481,0.8512181043624878,0.9994885325431824,0.9996070265769958,0.8934229612350464,0.9379094839096069,3.0
934,0.0,,0.0,,0.0,0.0,,,0.0006968535599298775,0.00022095261374488473,0.000479799578897655,0.0011149451602250338,0.009555034339427948,0.00015542861365247518,0.004217036999762058,0.00025724314036779106,3.0
935,0.0,0.0,0.0,0.0,1.0,0.0,,,0.0017498095985502005,0.08443322777748108,0.14929096400737762,0.0014140211278572679,0.026330307126045227,0.03104652650654316,0.014787774533033371,0.00010895207378780469,2.0
936,0.0,0.0,0.0,0.0,1.0,0.0,,,0.02539118193089962,0.062150005251169205,0.7975381016731262,0.01012285053730011,0.6946162581443787,0.01067871693521738,0.028060656040906906,0.00026441243244335055,2.0
937,1.0,1.0,1.0,1.0,1.0,1.0,1.0,1.0,0.9999217391014099,0.9998655915260315,0.9994717836380005,0.9958869218826294,0.995526134967804,0.9993866086006165,0.6686910390853882,0.9319053888320923,0.0
938,1.0,1.0,1.0,1.0,1.0,1.0,1.0,1.0,0.999222993850708,0.9997906684875488,0.9990270137786865,0.9985960125923157,0.999292254447937,0.9998876452445984,0.9987884759902954,0.9907435774803162,2.0
939,,,1.0,1.0,1.0,1.0,,,0.730579674243927,0.9984719157218933,0.9994826912879944,0.9949816465377808,0.9986047744750977,0.9494758248329163,0.33487340807914734,0.0145260663703084,2.0
940,1.0,1.0,1.0,1.0,1.0,1.0,0.0,0.0,0.8876709938049316,0.703008770942688,0.9996806383132935,0.9984709024429321,0.999207079410553,0.35508233308792114,0.045738063752651215,0.04020579904317856,1.0
941,0.0,0.0,0.0,0.0,0.0,0.0,0.0,0.0,0.010292724706232548,0.004437011666595936,0.002086150459945202,0.010470821522176266,0.047119420021772385,0.000528173113707453,0.041237153112888336,0.00024146007490344346,1.0
942,0.0,0.0,,0.0,1.0,0.0,,,0.025909345597028732,0.5312631726264954,0.819498598575592,0.8358984589576721,0.7830287218093872,0.49735915660858154,0.16875511407852173,0.0011778523912653327,1.0
943,0.0,0.0,,1.0,1.0,0.0,,,0.5793821215629578,0.12913143634796143,0.9977494478225708,0.9960247874259949,0.984498918056488,0.30680325627326965,0.19944249093532562,0.01591704599559307,2.0
944,0.0,,0.0,,0.0,0.0,,,0.0010327078634873033,0.0008729791734367609,0.0006541311158798635,0.00034804936149157584,0.009206369519233704,0.00038412626599892974,0.0037478473968803883,8.995174721349031e-05,0.0
945,0.0,0.0,0.0,0.0,0.0,0.0,0.0,0.0,0.0012128882808610797,0.005127771757543087,0.0009003130253404379,0.0021528946235775948,0.03141985088586807,0.00024793832562863827,0.010554028674960136,0.000336731958668679,3.0
946,0.0,1.0,1.0,0.0,1.0,1.0,0.0,0.0,0.4889149069786072,0.9038458466529846,0.7445472478866577,0.06449583917856216,0.977501630783081,0.6405980587005615,0.042896196246147156,0.00037527212407439947,2.0
947,0.0,,0.0,,0.0,0.0,,,0.0023419370409101248,0.0005182186141610146,0.0010535366600379348,0.0040135509334504604,0.05346238613128662,0.0003466143680270761,0.014748464338481426,0.00018988655938301235,3.0
948,1.0,1.0,1.0,1.0,1.0,1.0,1.0,,0.980340838432312,0.9994465112686157,0.9995594620704651,0.9994232058525085,0.9991865158081055,0.9988191723823547,0.7413766980171204,0.05258733406662941,0.0
949,,,,,,,0.0,0.0,0.001263621961697936,0.0005838851211592555,0.0003198008344043046,0.0009716602507978678,0.004020267631858587,0.00032572579220868647,0.02269514836370945,8.776280446909368e-05,1.0
950,1.0,,1.0,0.0,1.0,1.0,,,0.8364430069923401,0.9935804605484009,0.9178689122200012,0.17758893966674805,0.945884108543396,0.9985961318016052,0.8110596537590027,0.040010515600442886,2.0
951,0.0,0.0,0.0,0.0,0.0,0.0,0.0,0.0,0.0006169219850562513,8.701162732904777e-05,0.0002965512394439429,0.0012705357512459159,0.006326231174170971,0.0001739263825584203,0.0034973290748894215,0.00011696373985614628,2.0
952,,1.0,1.0,1.0,1.0,1.0,,,0.9999760389328003,0.9991618990898132,0.9998695850372314,0.9943936467170715,0.9996192455291748,0.9896246194839478,0.9895532727241516,0.9836078882217407,1.0
953,0.0,0.0,0.0,0.0,0.0,0.0,0.0,0.0,0.000813050486613065,0.0004484690725803375,0.0004974455223418772,0.0012132521951571107,0.012101095169782639,0.0002566315233707428,0.023584630340337753,0.00017750301049090922,3.0
954,0.0,,0.0,0.0,0.0,0.0,,,0.002417139243334532,0.0013886502711102366,0.0003766067966353148,0.0011738479370251298,0.017019543796777725,0.00027986435452476144,0.016194384545087814,0.0005576471448875964,4.0
955,0.0,0.0,0.0,0.0,0.0,0.0,0.0,0.0,0.18169066309928894,0.08468376845121384,0.0871211588382721,0.11312568187713623,0.7332069873809814,0.0040062242187559605,0.1642608344554901,0.007247550878673792,4.0
956,0.0,,1.0,0.0,1.0,1.0,,,0.03907189145684242,0.9538357257843018,0.7512245774269104,0.030013935640454292,0.7542975544929504,0.5918329954147339,0.1463303565979004,0.000516774074640125,4.0
957,0.0,0.0,0.0,0.0,0.0,0.0,0.0,,0.0007080509676598012,0.0003164213849231601,0.000170061262906529,0.0009690606966614723,0.009425396099686623,0.00012789791799150407,0.006753535009920597,0.00025817271671257913,4.0
958,1.0,1.0,1.0,1.0,1.0,1.0,0.0,,0.9399378299713135,0.9983181953430176,0.9988886713981628,0.9983044862747192,0.998126745223999,0.9978733658790588,0.04078139364719391,0.04636123776435852,3.0
959,0.0,,0.0,,0.0,0.0,,,0.0006221542716957629,0.0006031468510627747,0.00024426408344879746,0.0009060099255293608,0.01659689098596573,0.00016569973377045244,0.007813140749931335,0.00023938485537655652,4.0
960,0.0,0.0,0.0,0.0,0.0,0.0,0.0,0.0,0.0005939207039773464,0.00044666643952950835,0.00019336264813318849,0.0007626404985785484,0.018508095294237137,0.00018882917356677353,0.014159319922327995,0.0001462571817683056,4.0
961,1.0,1.0,1.0,1.0,1.0,1.0,1.0,0.0,0.9991468191146851,0.9998277425765991,0.9997557401657104,0.999394953250885,0.9988942742347717,0.9995867013931274,0.9924327731132507,0.6536120772361755,1.0
962,1.0,0.0,1.0,1.0,1.0,0.0,,,0.8098006248474121,0.14325767755508423,0.9995058178901672,0.9983194470405579,0.9632205367088318,0.08633217215538025,0.023824593052268028,0.022641610354185104,0.0
963,1.0,1.0,1.0,1.0,1.0,1.0,1.0,,0.9999309778213501,0.9996660947799683,0.9998411536216736,0.9955843091011047,0.9994776248931885,0.9997262954711914,0.957190990447998,0.9916598796844482,1.0
964,0.0,0.0,0.0,0.0,0.0,0.0,,,0.00202114786952734,0.0006177777540870011,0.0008623914327472448,0.002216316992416978,0.028280723839998245,0.00025615893537178636,0.002152216387912631,7.414009451167658e-05,0.0
965,0.0,0.0,0.0,0.0,0.0,0.0,0.0,0.0,0.0010650816839188337,0.0006049860385246575,0.0008086060406640172,0.0013918866170570254,0.018254412338137627,0.0010009040124714375,0.010036174207925797,4.7787845687707886e-05,1.0
966,1.0,1.0,1.0,1.0,1.0,1.0,0.0,1.0,0.999392569065094,0.7249984741210938,0.9973288178443909,0.9990978837013245,0.9890708923339844,0.8101034164428711,0.9245857000350952,0.5119348168373108,2.0
967,0.0,0.0,0.0,0.0,0.0,0.0,0.0,0.0,0.0008429139270447195,0.0004324521287344396,0.0007343570468947291,0.001332604675553739,0.009374456480145454,0.00012172720744274557,0.005274202674627304,0.0002960470737889409,3.0
968,1.0,1.0,1.0,1.0,1.0,1.0,1.0,1.0,0.9982978105545044,0.9997608661651611,0.9986037015914917,0.772709846496582,0.9959605932235718,0.996385395526886,0.9583175182342529,0.9140629768371582,2.0
969,1.0,1.0,1.0,1.0,1.0,1.0,0.0,,0.9960829019546509,0.9983552694320679,0.9997833371162415,0.9866811037063599,0.9976447224617004,0.9764682054519653,0.19030606746673584,0.12987588346004486,4.0
970,0.0,,0.0,0.0,0.0,0.0,,,0.0009724233532324433,0.0006014204700477421,0.000664080842398107,0.0013278028927743435,0.02343371883034706,0.00016404935740865767,0.006836325861513615,0.00042908528121188283,3.0
971,0.0,0.0,1.0,0.0,1.0,0.0,,,0.11104882508516312,0.35706827044487,0.5755839943885803,0.07794889807701111,0.6488250494003296,0.01866649091243744,0.030716432258486748,0.00038007210241630673,4.0
972,0.0,0.0,0.0,0.0,0.0,0.0,,,0.0009286906570196152,0.0005391770391725004,0.0002555238897912204,0.0006628866540268064,0.024757113307714462,0.00014820409705862403,0.027442822232842445,0.00022311010980047286,4.0
973,0.0,0.0,0.0,0.0,0.0,0.0,0.0,,0.19166846573352814,0.008466078899800777,0.004723528865724802,0.071756511926651,0.40299150347709656,0.12108146399259567,0.35180985927581787,0.00272461399435997,0.0
974,1.0,1.0,1.0,1.0,1.0,1.0,1.0,1.0,0.982090175151825,0.9988478422164917,0.9997890591621399,0.9977788925170898,0.9998898506164551,0.9966846108436584,0.7031615376472473,0.1698390394449234,1.0
975,0.0,1.0,0.0,,1.0,0.0,,,0.07885874062776566,0.4399877190589905,0.20659975707530975,0.19983220100402832,0.9978258609771729,0.3660185933113098,0.14869987964630127,0.0003664520336315036,4.0
976,1.0,1.0,1.0,,1.0,1.0,,,0.5013885498046875,0.9890973567962646,0.44111573696136475,0.4999959468841553,0.997972846031189,0.9796738624572754,0.5323323011398315,0.007610910106450319,0.0
977,0.0,,0.0,,0.0,0.0,,,0.0009487647330388427,0.00042806228157132864,0.0006107750232331455,0.0011490832548588514,0.017360834404826164,0.00029861886287108064,0.005663789808750153,0.00021317681239452213,3.0
978,,,,,,,0.0,0.0,0.0015271641314029694,0.001832451787777245,0.0009436254040338099,0.001082519767805934,0.020990801975131035,0.0006835797103121877,0.07094327360391617,0.0004231924540363252,0.0
979,0.0,,0.0,0.0,0.0,0.0,,,0.0007794036064296961,0.0003439279680605978,0.00039037191891111434,0.0009665616089478135,0.013242037035524845,0.00023608043557032943,0.007350664585828781,9.620371565688401e-05,1.0
980,0.0,1.0,1.0,0.0,1.0,1.0,,,0.6522579193115234,0.9903440475463867,0.9703214764595032,0.33397987484931946,0.9898836016654968,0.9992218017578125,0.7408359050750732,0.04264819622039795,4.0
981,1.0,1.0,1.0,1.0,1.0,1.0,1.0,1.0,0.9998515844345093,0.9999202489852905,0.999879777431488,0.9978452324867249,0.9997472763061523,0.999708890914917,0.9842250347137451,0.9910406470298767,1.0
982,0.0,,0.0,,0.0,0.0,,,0.003032292239367962,0.013287678360939026,0.0009535885183140635,0.001248453976586461,0.06513524055480957,0.00030894819064997137,0.016210362315177917,0.00014367159747052938,2.0
983,1.0,0.0,,0.0,1.0,0.0,,,0.7773907780647278,0.14309582114219666,0.05983886867761612,0.35156890749931335,0.41374969482421875,0.019571948796510696,0.0793086439371109,0.02803272381424904,3.0
984,1.0,0.0,,1.0,1.0,0.0,,,0.9916101098060608,0.20031793415546417,0.7958742380142212,0.36647772789001465,0.8795301914215088,0.07146526128053665,0.04051841422915459,0.5644673109054565,2.0
985,1.0,1.0,1.0,1.0,1.0,1.0,0.0,1.0,0.9998979568481445,0.999455988407135,0.9996812343597412,0.993544340133667,0.9988818168640137,0.9861820340156555,0.565130889415741,0.9067358374595642,2.0
986,1.0,1.0,1.0,1.0,1.0,1.0,1.0,1.0,0.9992521405220032,0.9995660185813904,0.9996709823608398,0.9948895573616028,0.9998334646224976,0.9998915195465088,0.9579483866691589,0.813018798828125,1.0
987,1.0,1.0,1.0,1.0,1.0,1.0,1.0,,0.999257504940033,0.9998302459716797,0.9987655282020569,0.9872862100601196,0.9985074400901794,0.9776235222816467,0.972929835319519,0.9825907945632935,2.0
988,0.0,0.0,0.0,0.0,0.0,0.0,0.0,0.0,0.000854861515108496,0.0003114256542176008,0.0003164347726851702,0.000797901360783726,0.009339691139757633,0.0004623940621968359,0.006630781106650829,0.00011349109990987927,1.0
989,1.0,1.0,1.0,1.0,1.0,1.0,0.0,0.0,0.9790659546852112,0.9977625608444214,0.9994876384735107,0.9969314932823181,0.996800422668457,0.7594521045684814,0.22180020809173584,0.031481653451919556,3.0
990,1.0,1.0,1.0,1.0,1.0,1.0,1.0,0.0,0.9941698908805847,0.9992848634719849,0.9971665740013123,0.9988044500350952,0.9995890855789185,0.9911516308784485,0.8682548999786377,0.18341460824012756,1.0
991,1.0,1.0,1.0,1.0,1.0,0.0,0.0,,0.9751272201538086,0.7516448497772217,0.9990147948265076,0.9898627400398254,0.9974098205566406,0.8465287089347839,0.6576542854309082,0.04405190423130989,4.0
992,0.0,0.0,0.0,0.0,0.0,0.0,0.0,0.0,0.0006360431434586644,0.00045451539335772395,0.00019123076344840229,0.0010337413987144828,0.011479375883936882,0.00011832927702926099,0.012333706021308899,0.00022748211631551385,4.0
993,1.0,1.0,1.0,1.0,1.0,1.0,0.0,,0.9988246560096741,0.9176126718521118,0.8322887420654297,0.9921099543571472,0.7274321913719177,0.8369074463844299,0.1837902069091797,0.8554621934890747,1.0
994,0.0,1.0,1.0,0.0,1.0,0.0,0.0,0.0,0.0030181314796209335,0.7428311705589294,0.1314963698387146,0.002173640998080373,0.9219937920570374,0.13958901166915894,0.101768359541893,0.0003000810684170574,2.0
995,0.0,,0.0,,0.0,0.0,,,0.0007542080711573362,0.00047488909331150353,0.0001730599469738081,0.0008643321925774217,0.013139362446963787,0.0001019891569740139,0.008581709116697311,0.000421950506279245,4.0
996,0.0,,1.0,0.0,1.0,0.0,,,0.17917278409004211,0.8544143438339233,0.900089681148529,0.954779863357544,0.948885977268219,0.6031944155693054,0.20708635449409485,0.009037383832037449,4.0
997,,,0.0,0.0,0.0,0.0,,,0.025127828121185303,0.0062573556788265705,0.016860146075487137,0.22016312181949615,0.6503774523735046,0.00034961686469614506,0.07201521098613739,0.0009191010612994432,2.0
998,0.0,,0.0,0.0,0.0,0.0,,,0.0007757768034934998,0.0007010203553363681,0.000620638020336628,0.0002524281735531986,0.014789874665439129,0.00012389406037982553,0.0016482307109981775,7.895694579929113e-05,0.0
999,1.0,,1.0,0.0,1.0,1.0,,,0.7013288736343384,0.9840472340583801,0.9072625637054443,0.07658852636814117,0.8927610516548157,0.9836851358413696,0.552647590637207,0.011013006791472435,0.0
1000,0.0,0.0,0.0,0.0,0.0,0.0,0.0,0.0,0.0007557124481536448,0.00038836075691506267,0.0004130791057832539,0.000770139042288065,0.008920353837311268,0.0003820295969489962,0.012181403115391731,7.337191345868632e-05,1.0
1001,0.0,,0.0,0.0,0.0,0.0,,,0.0013990039005875587,0.0009723014663904905,0.0007859913748688996,0.001304360805079341,0.004126648884266615,0.0008683924679644406,0.04091128706932068,7.950047438498586e-05,1.0
1002,1.0,0.0,1.0,1.0,1.0,1.0,,,0.9938469529151917,0.9009894132614136,0.9414770007133484,0.8282182812690735,0.9929252862930298,0.9667601585388184,0.052308350801467896,0.7370474934577942,2.0
1003,1.0,1.0,1.0,1.0,1.0,1.0,1.0,1.0,0.9892067909240723,0.9997885823249817,0.9996575117111206,0.9880387783050537,0.999394416809082,0.9998459815979004,0.948152482509613,0.5367007255554199,2.0
1004,0.0,0.0,0.0,0.0,0.0,0.0,,,0.027673600241541862,0.004946288652718067,0.0015949057415127754,0.002135706366971135,0.07041852921247482,0.0015359488315880299,0.04466041922569275,0.0013660191325470805,0.0
1005,0.0,0.0,0.0,0.0,0.0,0.0,0.0,0.0,0.0007373220869340003,0.00032997349626384676,0.00027989374939352274,0.0007909928099252284,0.0184440016746521,0.00022119814821053296,0.014087175019085407,5.098978726891801e-05,1.0
1006,0.0,0.0,0.0,0.0,1.0,0.0,0.0,0.0,0.09610328078269958,0.3306185305118561,0.029022391885519028,0.006765979342162609,0.9951660633087158,0.01685892976820469,0.16582247614860535,0.0018086573109030724,2.0
1007,1.0,1.0,1.0,1.0,1.0,1.0,1.0,0.0,0.9896742105484009,0.9992737174034119,0.9988133907318115,0.9796541929244995,0.9990988969802856,0.9991776943206787,0.90859055519104,0.5959377884864807,2.0
1008,0.0,0.0,0.0,0.0,0.0,0.0,0.0,0.0,0.0007142262766137719,0.00041427576798014343,0.0002670107933226973,0.000883769360370934,0.023521829396486282,0.00018457480473443866,0.00851461198180914,0.00016525358660146594,4.0
1009,0.0,0.0,0.0,0.0,0.0,1.0,0.0,0.0,0.1565474271774292,0.015003500506281853,0.012340158224105835,0.069504514336586,0.5239583253860474,0.0318266935646534,0.2672246992588043,0.00525645911693573,2.0
1010,0.0,,0.0,,0.0,0.0,,,0.004755229689180851,0.001993742072954774,0.0010396430734544992,0.06529712677001953,0.1401384472846985,0.0009787821909412742,0.08070740103721619,0.0004732955130748451,0.0
1011,1.0,1.0,1.0,1.0,1.0,1.0,0.0,,0.984596848487854,0.9963037967681885,0.999865710735321,0.9990596771240234,0.9963059425354004,0.8850849270820618,0.38786622881889343,0.10355215519666672,4.0
1012,1.0,,1.0,1.0,1.0,1.0,,,0.9866790175437927,0.997474730014801,0.9999454021453857,0.995305061340332,0.9985626935958862,0.9986127614974976,0.8738817572593689,0.1513015180826187,4.0
1013,,,0.0,,0.0,0.0,,,0.0006179407355375588,0.00011210361117264256,0.0003224617976229638,0.0009874013485386968,0.014934113249182701,0.00014995341189205647,0.004779391456395388,9.758411761140451e-05,2.0
1014,1.0,,1.0,1.0,1.0,0.0,,,0.9904686808586121,0.7210653424263,0.9967789649963379,0.9686119556427002,0.9958824515342712,0.7544594407081604,0.0817582756280899,0.10383257269859314,1.0
1015,0.0,0.0,0.0,0.0,0.0,0.0,0.0,0.0,0.0012769649038091302,0.0008597922860644758,0.00029807360260747373,0.0008264339412562549,0.02163364179432392,0.00022554346651304513,0.010302773676812649,0.00031049997778609395,4.0
1016,0.0,,0.0,0.0,0.0,0.0,,,0.0005888079176656902,0.00037850061198696494,0.00020818697521463037,0.0006543068448081613,0.01888381689786911,9.703659452497959e-05,0.007539947051554918,0.00023915173369459808,4.0
1017,0.0,,0.0,0.0,1.0,0.0,,,0.00844097975641489,0.023707235231995583,0.1436183601617813,0.0053129117004573345,0.9708943367004395,0.0047579240053892136,0.008930898271501064,0.0001789479429135099,0.0
1018,0.0,,1.0,1.0,1.0,1.0,,,0.9525866508483887,0.9469404220581055,0.9995512962341309,0.9932984709739685,0.9995954036712646,0.9696389436721802,0.6191047430038452,0.0519300140440464,1.0
1019,0.0,0.0,0.0,0.0,0.0,0.0,0.0,0.0,0.0009065166814252734,0.0003744506393559277,0.000432987988460809,0.0012727847788482904,0.006182179320603609,0.00020649901125580072,0.005328257102519274,0.00031037794542498887,3.0
1020,0.0,0.0,0.0,0.0,0.0,0.0,0.0,0.0,0.0011652045650407672,0.0006815384840592742,0.0009139569592662156,0.004473079927265644,0.04763346537947655,0.0003394894301891327,0.05379620939493179,0.00022214393538888544,4.0
1021,0.0,,0.0,,0.0,0.0,,,0.0007791744428686798,0.0008686764631420374,0.00026437739143148065,0.0009685695986263454,0.011713219806551933,0.00015798163076397032,0.008123350329697132,0.000253821664955467,4.0
1022,,,,,,,0.0,0.0,0.01041292492300272,0.0011513083009049296,0.0013904651859775186,0.12453248351812363,0.08691277354955673,0.0008733182330615819,0.1785244345664978,0.00037448137300089,2.0
1023,1.0,1.0,1.0,1.0,1.0,1.0,1.0,,0.9527155756950378,0.9982722401618958,0.99943608045578,0.9687607884407043,0.999545156955719,0.9999381303787231,0.8863192796707153,0.271014541387558,0.0
1024,0.0,0.0,0.0,0.0,0.0,0.0,1.0,0.0,0.18174368143081665,0.005341553594917059,0.0007196895312517881,0.011452965438365936,0.0246500875800848,0.0002545792667660862,0.1372036635875702,0.0018277622293680906,3.0
1025,0.0,0.0,1.0,0.0,1.0,0.0,,,0.030269190669059753,0.7507750988006592,0.8269014954566956,0.013934899121522903,0.8623023629188538,0.6691943407058716,0.006200477946549654,0.000256057275692001,0.0
1026,0.0,0.0,0.0,0.0,0.0,0.0,0.0,0.0,0.0007726560579612851,0.00032340074540115893,0.0004865368828177452,0.0012829916086047888,0.007427413947880268,0.00015488103963434696,0.004195477347820997,0.0002501802518963814,3.0
1027,0.0,,1.0,0.0,1.0,1.0,,,0.16595666110515594,0.9892723560333252,0.9028507471084595,0.05371364951133728,0.8584309816360474,0.8336955308914185,0.020886007696390152,0.00013607989239972085,1.0
1028,1.0,,1.0,0.0,1.0,1.0,,,0.9274429082870483,0.999430239200592,0.8841385245323181,0.7130143046379089,0.9670287370681763,0.9866533875465393,0.2768063545227051,0.17481449246406555,4.0
1029,0.0,0.0,0.0,0.0,1.0,0.0,,,0.004793567582964897,0.006784527562558651,0.07572516798973083,0.007768023293465376,0.03421780839562416,0.039373625069856644,0.012555286288261414,6.127545930212364e-05,1.0
1030,0.0,0.0,0.0,0.0,1.0,1.0,0.0,,0.03730030357837677,0.8009795546531677,0.9085066318511963,0.012747449800372124,0.7231950759887695,0.5645087361335754,0.03844696283340454,0.00040713633643463254,3.0
1031,1.0,1.0,1.0,1.0,1.0,1.0,,,0.9983298182487488,0.9771727919578552,0.9999064803123474,0.9547168612480164,0.9898681640625,0.9971553683280945,0.4518415629863739,0.4622107446193695,3.0
1032,0.0,0.0,0.0,0.0,0.0,0.0,0.0,0.0,0.0009389492915943265,0.00034727618913166225,0.000480743998195976,0.001157679595053196,0.00927172601222992,0.00010169827146455646,0.004489566665142775,0.0002339429483981803,3.0
1033,0.0,1.0,1.0,1.0,1.0,1.0,0.0,0.0,0.39305374026298523,0.9985110759735107,0.9979112148284912,0.9316577911376953,0.998755156993866,0.9967898726463318,0.20774848759174347,0.018292082473635674,0.0
1034,1.0,1.0,1.0,1.0,1.0,1.0,1.0,,0.9992396235466003,0.8251441121101379,0.9124488234519958,0.941805362701416,0.9189390540122986,0.712731659412384,0.6873568892478943,0.9297453165054321,1.0
1035,1.0,1.0,1.0,0.0,1.0,0.0,0.0,0.0,0.14793846011161804,0.5588273406028748,0.9295565485954285,0.9836307764053345,0.9702223539352417,0.18738146126270294,0.10541997849941254,0.0036078239791095257,3.0
1036,,,,,,,0.0,0.0,0.0009390697232447565,0.0005163320456631482,0.0005824769614264369,0.0010818485170602798,0.008018621243536472,0.0004075795295648277,0.02457006461918354,7.767919305479154e-05,1.0
1037,1.0,1.0,1.0,1.0,1.0,1.0,,,0.9973660707473755,0.9986394643783569,0.9770851135253906,0.6711974740028381,0.9995310306549072,0.9997082948684692,0.9759730100631714,0.5420331358909607,0.0
1038,0.0,,0.0,0.0,0.0,0.0,,,0.0016726969042792916,0.0012190729612484574,0.0004761822347063571,0.003243724349886179,0.010037470608949661,0.0007058455375954509,0.04059460386633873,0.0008738131145946681,4.0
1039,1.0,1.0,1.0,1.0,1.0,1.0,1.0,1.0,0.9997472763061523,0.9996830224990845,0.9999513626098633,0.999605119228363,0.9981273412704468,0.9108290672302246,0.9966350793838501,0.9559771418571472,4.0
1040,0.0,0.0,0.0,0.0,0.0,0.0,0.0,0.0,0.0012397665996104479,0.00015749565500300378,0.0006167716928757727,0.0014305389486253262,0.04202336445450783,0.00036123476456850767,0.034967876970767975,0.00013595959171652794,2.0
1041,1.0,,1.0,1.0,1.0,1.0,,,0.9987804889678955,0.9929211139678955,0.9989054203033447,0.9982813000679016,0.9801164269447327,0.8803955912590027,0.7504680752754211,0.29844748973846436,1.0
1042,0.0,,0.0,,0.0,0.0,,,0.0014902211260050535,0.0008072105702012777,0.0004326638882048428,0.0012684829998761415,0.007166290655732155,0.0003355411463417113,0.0226238202303648,0.0004352190881036222,3.0
1043,,,,,,,1.0,0.0,0.9640117883682251,0.8312867879867554,0.9958496689796448,0.5757033228874207,0.9368721842765808,0.03478267788887024,0.41464340686798096,0.08299431204795837,1.0
1044,1.0,,1.0,1.0,1.0,0.0,0.0,0.0,0.989814281463623,0.8381216526031494,0.9944281578063965,0.9536510109901428,0.9754340648651123,0.024433325976133347,0.30168581008911133,0.09192442148923874,1.0
1045,0.0,,0.0,,0.0,0.0,,,0.0007526270346716046,0.0007806880166754127,0.00024347308499272913,0.001081137452274561,0.014845939353108406,0.00017122397548519075,0.00811615027487278,0.0003024492762051523,4.0
1046,0.0,0.0,0.0,0.0,0.0,0.0,0.0,0.0,0.003702984657138586,0.002249519107863307,0.002093635033816099,0.021539021283388138,0.08018092066049576,0.001798589713871479,0.08529669046401978,0.0002651107788551599,3.0
1047,0.0,0.0,0.0,,1.0,0.0,,,0.022761056199669838,0.3184252679347992,0.4204840064048767,0.08864450454711914,0.9954851269721985,0.551482081413269,0.08798348158597946,0.0003894460969604552,1.0
1048,0.0,1.0,0.0,,1.0,1.0,,,0.9968975186347961,0.9912262558937073,0.9929856061935425,0.8769590258598328,0.997004508972168,0.9980731010437012,0.4475898742675781,0.5954249501228333,3.0
1049,0.0,,0.0,,0.0,0.0,,,0.0007414994761347771,0.00030842909472994506,0.0005450363969430327,0.0011610455112531781,0.013352184556424618,0.00013221480185166,0.004165927413851023,0.00024053253582678735,3.0
1050,1.0,0.0,1.0,1.0,0.0,0.0,0.0,,0.8387864828109741,0.020703956484794617,0.4915085434913635,0.6064602732658386,0.9373226165771484,0.005845000967383385,0.01621050387620926,0.009269719012081623,2.0
1051,0.0,0.0,0.0,0.0,0.0,0.0,0.0,,0.0007760573644191027,0.0004441159253474325,0.000300357467494905,0.0009288839064538479,0.010796836577355862,0.00021923630265519023,0.009669935330748558,0.00040086658555082977,4.0
1052,1.0,0.0,1.0,1.0,1.0,0.0,,,0.8438992500305176,0.25206613540649414,0.9992200136184692,0.99906986951828,0.9940349459648132,0.3510779142379761,0.21700172126293182,0.03960702568292618,2.0
1053,1.0,,1.0,1.0,1.0,1.0,,,0.7298786640167236,0.9976957440376282,0.9995335340499878,0.9781092405319214,0.9948622584342957,0.9967081546783447,0.6438305974006653,0.13436269760131836,0.0
1054,0.0,,0.0,0.0,0.0,0.0,,,0.03840917348861694,0.02251783385872841,0.37465909123420715,0.5805126428604126,0.9082464575767517,0.15826600790023804,0.5118457674980164,0.008343249559402466,0.0
1055,0.0,,0.0,,0.0,0.0,,,0.005807165522128344,0.0025452168192714453,0.0005546443862840533,0.00648922473192215,0.09894368052482605,0.0005573313101194799,0.06304360926151276,0.00010017849854193628,1.0
1056,0.0,0.0,0.0,0.0,0.0,0.0,,,0.0008574931416660547,0.0001541860110592097,0.0005177251296117902,0.002384815365076065,0.025555703788995743,0.00025699418620206416,0.003688730299472809,0.00015350012108683586,2.0
1057,1.0,1.0,1.0,1.0,1.0,1.0,1.0,,0.8382710814476013,0.9996436834335327,0.9984866380691528,0.9913852214813232,0.9995443224906921,0.9921764135360718,0.5712746977806091,0.12672239542007446,0.0
1058,1.0,1.0,1.0,1.0,1.0,1.0,1.0,1.0,0.999972403049469,0.9997959136962891,0.9998936057090759,0.9986798763275146,0.9997036457061768,0.9994202256202698,0.9787366390228271,0.9801363945007324,1.0
1059,0.0,,0.0,0.0,0.0,0.0,,,0.12069063633680344,0.0010232094209641218,0.009111243300139904,0.040596090257167816,0.38612842559814453,0.00020041358948219568,0.057168468832969666,0.00019508787954691797,4.0
1060,0.0,0.0,0.0,0.0,0.0,0.0,,,0.0018417000537738204,0.0009854332311078906,0.00023219824652187526,0.001413643709383905,0.017856504768133163,0.00017524100258015096,0.016339240595698357,0.0004922345979139209,4.0
1061,1.0,1.0,1.0,1.0,1.0,1.0,,,0.8842589259147644,0.9993630051612854,0.9999147057533264,0.9919875860214233,0.9992365837097168,0.9737555980682373,0.6836835145950317,0.03847714141011238,0.0
1062,0.0,0.0,0.0,0.0,0.0,0.0,0.0,0.0,0.0007646105368621647,0.000278116058325395,0.0004282231966499239,0.0010958579368889332,0.007569292560219765,0.00025756764807738364,0.005748741328716278,0.0002222791954409331,3.0
1063,0.0,1.0,0.0,0.0,1.0,1.0,,,0.023451339453458786,0.7627127766609192,0.23503151535987854,0.011823541484773159,0.9976848363876343,0.9646303653717041,0.08435148000717163,0.0004893968580290675,2.0
1064,1.0,0.0,1.0,1.0,1.0,0.0,0.0,,0.9157859086990356,0.9902123212814331,0.8114216327667236,0.5372570753097534,0.6819299459457397,0.09481181204319,0.32257795333862305,0.28199806809425354,0.0
1065,1.0,1.0,1.0,0.0,1.0,1.0,0.0,0.0,0.8387945890426636,0.9890457987785339,0.975793182849884,0.7813833951950073,0.9707918167114258,0.9946414828300476,0.21539871394634247,0.028510885313153267,3.0
1066,0.0,0.0,0.0,0.0,1.0,0.0,0.0,0.0,0.07769091427326202,0.03702327609062195,0.5883074998855591,0.03145846351981163,0.8534345030784607,0.7220578193664551,0.11877076327800751,0.0002734813606366515,4.0
1067,1.0,1.0,1.0,1.0,1.0,1.0,1.0,1.0,0.9998077750205994,0.9999595284461975,0.9986985921859741,0.8630539774894714,0.9976547956466675,0.9992831349372864,0.4983997941017151,0.9490176439285278,0.0
1068,0.0,,0.0,,1.0,0.0,,,0.020937850698828697,0.0868329107761383,0.6480269432067871,0.3549502491950989,0.7161241173744202,0.10265503078699112,0.14066897332668304,0.0013179779052734375,0.0
1069,0.0,0.0,0.0,0.0,0.0,0.0,0.0,0.0,0.0009320311946794391,0.0016137498896569014,0.0014402001397684216,0.002190391533076763,0.0677226111292839,0.0005812825984321535,0.035471752285957336,0.00029416699544526637,4.0
1070,1.0,,1.0,0.0,1.0,0.0,,,0.38836607336997986,0.5895532369613647,0.980429470539093,0.48713546991348267,0.8881566524505615,0.5193431377410889,0.018288658931851387,0.0011039965320378542,4.0
1071,1.0,1.0,1.0,1.0,1.0,1.0,1.0,1.0,0.9992229342460632,0.9996533989906311,0.9986589550971985,0.9949170351028442,0.9941955804824829,0.9981203675270081,0.9601532220840454,0.7969975471496582,0.0
1072,0.0,0.0,0.0,0.0,0.0,0.0,0.0,0.0,0.0005743980873376131,8.750233246246353e-05,0.0006464912439696491,0.0008955325465649366,0.013296934776008129,0.00026970976614393294,0.0035216081887483597,0.0001313313696300611,2.0
1073,0.0,0.0,0.0,0.0,0.0,0.0,0.0,,0.0015479697613045573,0.0011441416572779417,0.001539043616503477,0.0038818460889160633,0.10277549177408218,0.00041051299194805324,0.007532819174230099,0.00012616235471796244,0.0
1074,0.0,0.0,0.0,0.0,0.0,0.0,0.0,0.0,0.0008977707475423813,0.0004553255857899785,0.0006549571990035474,0.0013802355388179421,0.0071930913254618645,0.00012207294639665633,0.007050326094031334,0.0002659437886904925,3.0
1075,0.0,,0.0,,0.0,0.0,,,0.004955952521413565,0.051651157438755035,0.00235932064242661,0.022603051736950874,0.06783371418714523,0.002998566487804055,0.03818424418568611,9.840977872954682e-05,1.0
1076,0.0,,0.0,,0.0,0.0,,,0.0008466760627925396,0.0005532806972041726,0.0006403657607734203,0.00178964389488101,0.011916877701878548,0.00017847807612270117,0.01809101738035679,0.0002997875853907317,4.0
1077,1.0,1.0,1.0,1.0,1.0,1.0,1.0,1.0,0.9997976422309875,0.9998798966407776,0.9999391436576843,0.9987217783927917,0.9991434812545776,0.9998968243598938,0.9873096346855164,0.9957836270332336,4.0
1078,0.0,0.0,0.0,0.0,0.0,0.0,0.0,0.0,0.0012404773151502013,0.001253558206371963,0.001163708744570613,0.0007428015233017504,0.00973152182996273,0.000212635743082501,0.002678479766473174,0.0001937328779604286,0.0
1079,1.0,,1.0,1.0,1.0,0.0,,,0.9450106024742126,0.302611768245697,0.9995239973068237,0.984699010848999,0.9742186665534973,0.12601913511753082,0.31205350160598755,0.14516055583953857,3.0
1080,,,0.0,,0.0,0.0,,,0.001059963135048747,0.0007472094148397446,0.0007373737753368914,0.0004201123956590891,0.014700966887176037,0.00028774020029231906,0.0018227099208161235,7.858218305045739e-05,0.0
1081,1.0,1.0,1.0,1.0,1.0,0.0,0.0,0.0,0.7507597208023071,0.9829556345939636,0.9979271292686462,0.8516237735748291,0.9896330833435059,0.9792436361312866,0.6438766121864319,0.4078771471977234,4.0
1082,1.0,1.0,1.0,1.0,1.0,1.0,1.0,,0.9997376203536987,0.9995109438896179,0.9998539090156555,0.9997260570526123,0.9980511665344238,0.9214626550674438,0.9779724478721619,0.9061609506607056,4.0
1083,0.0,0.0,0.0,0.0,1.0,0.0,,,0.0018182009225711226,0.005774117540568113,0.2545982599258423,0.0016502195503562689,0.5354539155960083,0.12856486439704895,0.013724440708756447,7.147113501559943e-05,1.0
1084,1.0,1.0,1.0,1.0,1.0,1.0,,,0.9923195838928223,0.9995905756950378,0.9998521208763123,0.9924484491348267,0.9997012615203857,0.985578179359436,0.7974457144737244,0.4198436141014099,1.0
1085,0.0,0.0,0.0,0.0,0.0,0.0,0.0,0.0,0.0016916798194870353,0.0003895520931109786,0.0004409395914990455,0.0008152994560077786,0.004594180732965469,0.0003049681254196912,0.009611401706933975,0.00018663640366867185,1.0
1086,0.0,0.0,1.0,0.0,1.0,0.0,,,0.026817139238119125,0.612932562828064,0.8485397100448608,0.6217828392982483,0.8637385964393616,0.08647985756397247,0.13392838835716248,0.0012011631624773145,2.0
1087,0.0,0.0,0.0,0.0,0.0,0.0,0.0,0.0,0.0005715895676985383,8.836772030917928e-05,0.00036245782393962145,0.0009666041005402803,0.010406890884041786,7.989280857145786e-05,0.0030823368579149246,7.61673363740556e-05,2.0
1088,1.0,1.0,0.0,1.0,1.0,1.0,0.0,,0.9993627071380615,0.9499918222427368,0.9982777833938599,0.9559179544448853,0.98526531457901,0.9669773578643799,0.6772493124008179,0.726755678653717,3.0
1089,0.0,1.0,1.0,0.0,1.0,1.0,,,0.019176365807652473,0.9286898970603943,0.4200303852558136,0.0020995994564145803,0.7822558879852295,0.021926477551460266,0.04721810668706894,8.116100798361003e-05,1.0
1090,1.0,1.0,1.0,1.0,1.0,1.0,1.0,,0.9972373843193054,0.9997972249984741,0.9997899532318115,0.9916976094245911,0.9996063113212585,0.9951978921890259,0.8212752342224121,0.3172260820865631,1.0
1091,1.0,1.0,1.0,1.0,1.0,1.0,1.0,,0.9962255954742432,0.9998197555541992,0.9996730089187622,0.9884663820266724,0.9997157454490662,0.9954088926315308,0.8937817215919495,0.4386053681373596,1.0
1092,1.0,1.0,1.0,1.0,1.0,1.0,,,0.9947240948677063,0.9997609257698059,0.9998527765274048,0.8972181677818298,0.998460054397583,0.9995065927505493,0.6595395803451538,0.8071321249008179,4.0
1093,0.0,,0.0,,0.0,0.0,,,0.003668496385216713,0.002206009579822421,0.0005983245209790766,0.012907926924526691,0.10565698891878128,0.0010851058177649975,0.09519793093204498,0.0005413022008724511,3.0
1094,0.0,0.0,0.0,0.0,0.0,0.0,,,0.000818536791484803,0.0003519491001497954,0.00035199697595089674,0.0008005187846720219,0.014540808275341988,0.00021170360560063273,0.006073276046663523,6.432140799006447e-05,1.0
1095,1.0,1.0,1.0,1.0,1.0,0.0,0.0,,0.820181131362915,0.6638380289077759,0.9992004632949829,0.3236728608608246,0.9591554999351501,0.46174055337905884,0.2373121678829193,0.02922537364065647,4.0
1096,1.0,1.0,1.0,1.0,1.0,0.0,,,0.59793621301651,0.8589832782745361,0.9756796360015869,0.6420329809188843,0.9946630001068115,0.852245032787323,0.1379040628671646,0.054408397525548935,3.0
1097,0.0,0.0,0.0,0.0,0.0,0.0,0.0,0.0,0.0022303909063339233,0.001063812174834311,0.0014320957707241178,0.005054025445133448,0.1275971531867981,0.00020167510956525803,0.00944487378001213,0.00019428215455263853,3.0
1098,1.0,,1.0,1.0,1.0,1.0,,,0.9929980039596558,0.99909508228302,0.9997647404670715,0.9911139011383057,0.9947676062583923,0.9254810810089111,0.16073068976402283,0.7044586539268494,4.0
1099,0.0,1.0,1.0,1.0,1.0,0.0,1.0,0.0,0.5478214025497437,0.8930439949035645,0.999250054359436,0.9746222496032715,0.9813193082809448,0.7283239364624023,0.6488900184631348,0.013125737197697163,4.0
1100,0.0,0.0,0.0,0.0,0.0,0.0,0.0,0.0,0.002234753454104066,0.0006520979222841561,0.0011699235765263438,0.0021557859145104885,0.023090239614248276,0.0005482891574501991,0.0032565053552389145,7.53481945139356e-05,0.0
1101,1.0,,1.0,,1.0,1.0,,,0.43375515937805176,0.9824199080467224,0.9729000926017761,0.13698062300682068,0.9681813716888428,0.7962617874145508,0.06574834883213043,0.0010247868485748768,3.0
1102,0.0,,0.0,,0.0,0.0,,,0.0038082811515778303,0.0021602993365377188,0.000884705688804388,0.03973761200904846,0.16074636578559875,0.0005004759295843542,0.030402466654777527,0.0005982665461488068,0.0
1103,0.0,0.0,0.0,0.0,0.0,0.0,0.0,0.0,0.000984118552878499,0.0006299838423728943,0.0007038803887553513,0.000323508313158527,0.019785847514867783,0.0003236373304389417,0.00846603699028492,9.504766057943925e-05,0.0
1104,0.0,,1.0,,1.0,1.0,,,0.050840917974710464,0.9714843034744263,0.5029885768890381,0.04294291511178017,0.999252438545227,0.9608752131462097,0.09531763941049576,0.0011272015981376171,0.0
1105,0.0,0.0,0.0,0.0,0.0,0.0,0.0,0.0,0.0005853836773894727,0.00012097167200408876,0.00037871222593821585,0.0009183366782963276,0.012135721743106842,0.0001643522991798818,0.008939776569604874,8.859997615218163e-05,2.0
1106,0.0,0.0,0.0,0.0,0.0,0.0,1.0,0.0,0.00302553060464561,0.0025427485816180706,0.0015844370936974883,0.00047780456952750683,0.010006189346313477,0.00038998614763841033,0.005102071911096573,0.0004425747029017657,0.0
1107,0.0,0.0,0.0,0.0,0.0,0.0,0.0,,0.0007804240449331701,0.0005120687419548631,0.0007563437684439123,0.0011125304736196995,0.08540236949920654,0.0007934113382361829,0.03706476464867592,0.00012605490337591618,2.0
1108,1.0,1.0,1.0,1.0,1.0,0.0,1.0,1.0,0.9975830316543579,0.9953564405441284,0.9987627267837524,0.8804119229316711,0.9960597157478333,0.9022600054740906,0.8873035907745361,0.9740510582923889,3.0
1109,0.0,,0.0,,0.0,0.0,,,0.0017893427284434438,0.00046828313497826457,0.00032758881570771337,0.0037882516626268625,0.030956193804740906,0.0001607604935998097,0.02000633254647255,0.0001906509860418737,4.0
1110,0.0,,0.0,0.0,0.0,0.0,,,0.001232303911820054,0.00034149433486163616,0.0004067410482093692,0.0011927204905077815,0.009637827053666115,0.00022890663240104914,0.03461457043886185,0.0002639645535964519,2.0
1111,0.0,0.0,0.0,0.0,0.0,0.0,1.0,0.0,0.007436045445501804,0.00048265280202031136,0.0010799316223710775,0.0010307522024959326,0.006582533475011587,0.00031324877636507154,0.013881415128707886,0.0004403225611895323,2.0
1112,0.0,,1.0,,1.0,0.0,,,0.644379198551178,0.5023080706596375,0.708561897277832,0.1121511310338974,0.6364107728004456,0.003670983947813511,0.014124034903943539,0.00536800641566515,0.0
1113,0.0,1.0,1.0,1.0,1.0,1.0,,,0.9855408668518066,0.9788460731506348,0.9991814494132996,0.9834789633750916,0.9910297989845276,0.9737293124198914,0.9689359068870544,0.12851181626319885,0.0
1114,1.0,,1.0,,1.0,1.0,,,0.9361175298690796,0.9996336102485657,0.9935808777809143,0.5989941358566284,0.9959797859191895,0.9997009038925171,0.9667763710021973,0.11108587682247162,0.0
1115,0.0,0.0,0.0,0.0,0.0,0.0,0.0,0.0,0.0006158786127343774,0.0004612403572537005,0.00014184025349095464,0.0006370357587002218,0.020437145605683327,0.00018012075452134013,0.015429535880684853,0.00023057975340634584,4.0
1116,0.0,1.0,1.0,0.0,1.0,1.0,0.0,0.0,0.3942583203315735,0.9866502285003662,0.9346243739128113,0.038629066199064255,0.9834202527999878,0.35590362548828125,0.02384313754737377,0.00015163158241193742,1.0
1117,,,1.0,0.0,1.0,0.0,,,0.16752415895462036,0.228083997964859,0.9494320750236511,0.19906942546367645,0.9422942996025085,0.6555984020233154,0.031088730320334435,0.00037953813443891704,0.0
1118,0.0,,0.0,,0.0,0.0,,,0.0007743866881355643,0.0001637825625948608,0.00030113113461993635,0.00121609668713063,0.012821010313928127,0.00022969745623413473,0.012392531149089336,0.00010715632379287854,2.0
1119,1.0,1.0,1.0,1.0,1.0,0.0,1.0,,0.9909033179283142,0.8309622406959534,0.9505137801170349,0.8772599697113037,0.961455762386322,0.04447892680764198,0.6186584830284119,0.25634878873825073,4.0
1120,0.0,0.0,0.0,0.0,1.0,0.0,0.0,,0.0288847628980875,0.1903063952922821,0.08010444045066833,0.022273266687989235,0.9969916343688965,0.1342538297176361,0.063921257853508,0.0006201768410392106,2.0
1121,0.0,1.0,1.0,,1.0,0.0,0.0,0.0,0.568438708782196,0.9718469977378845,0.9968826770782471,0.6434259414672852,0.9587084650993347,0.33528926968574524,0.18666860461235046,0.06540924310684204,1.0
1122,0.0,0.0,0.0,0.0,1.0,0.0,,,0.028282715007662773,0.02319996803998947,0.1675139218568802,0.15177807211875916,0.975949764251709,0.024805335327982903,0.0180670078843832,0.0005986982141621411,3.0
1123,0.0,,0.0,,0.0,0.0,,,0.000580072752200067,0.00047417430323548615,0.00025481777265667915,0.0008684359490871429,0.009578011929988861,0.00014035268395673484,0.006610045209527016,0.0003324028220959008,4.0
1124,0.0,0.0,0.0,,0.0,0.0,,,0.002609880641102791,0.004357990343123674,0.0007607800071127713,0.0005402282695285976,0.009425333701074123,0.00016876921290531754,0.012846309691667557,0.00040853722020983696,0.0
1125,0.0,0.0,0.0,,1.0,0.0,,,0.008848785422742367,0.054634664207696915,0.01377367414534092,0.0012952983379364014,0.8733764886856079,0.021470796316862106,0.05074360594153404,0.0004680883139371872,1.0
1126,0.0,,0.0,,0.0,0.0,,,0.0009153594728559256,0.001094004837796092,0.0004119535442441702,0.0009602915961295366,0.027374345809221268,0.00022331431682687253,0.019666343927383423,0.0001909576094476506,4.0
1127,1.0,1.0,1.0,1.0,1.0,1.0,1.0,0.0,0.9853596687316895,0.9996808171272278,0.9992712140083313,0.9759250283241272,0.9977512359619141,0.9997618198394775,0.9385657906532288,0.5239531993865967,0.0
1128,1.0,1.0,1.0,1.0,1.0,1.0,1.0,,0.9999544024467468,0.9999607801437378,0.999896228313446,0.9984943866729736,0.9987150430679321,0.9992017149925232,0.9645902514457703,0.9823358654975891,0.0
1129,1.0,1.0,1.0,1.0,1.0,1.0,0.0,0.0,0.9902657866477966,0.999488353729248,0.9998831748962402,0.9996167421340942,0.9985345602035522,0.9839551448822021,0.8113155961036682,0.35751956701278687,4.0
1130,1.0,,1.0,,1.0,1.0,,,0.9981802701950073,0.9986611604690552,0.9999558329582214,0.5604404211044312,0.998002827167511,0.9996795058250427,0.7630420923233032,0.6131667494773865,4.0
1131,0.0,0.0,0.0,0.0,0.0,0.0,0.0,0.0,0.0006395138916559517,0.00012622516078408808,0.00040564301889389753,0.0008887576987035573,0.05153270065784454,0.00016242578567471355,0.0045468793250620365,9.800156112760305e-05,2.0
1132,1.0,1.0,1.0,1.0,1.0,1.0,1.0,0.0,0.9186034202575684,0.9992271065711975,0.9963992238044739,0.9967334270477295,0.9989818334579468,0.9416636228561401,0.894673764705658,0.11853889375925064,2.0
1133,1.0,1.0,1.0,1.0,1.0,1.0,1.0,1.0,0.9972571134567261,0.9994818568229675,0.997875452041626,0.6205868124961853,0.9907636642456055,0.9555163979530334,0.7995454668998718,0.68189936876297,1.0
1134,1.0,1.0,1.0,1.0,1.0,1.0,0.0,0.0,0.8520674109458923,0.9998077154159546,0.997417151927948,0.9643539786338806,0.9977551102638245,0.9954178929328918,0.469789981842041,0.07905196398496628,0.0
1135,1.0,0.0,1.0,1.0,0.0,1.0,1.0,1.0,0.9993126392364502,0.6941052079200745,0.7290008664131165,0.9827355146408081,0.8562838435173035,0.1095917820930481,0.8989011645317078,0.9100162982940674,0.0
1136,1.0,,,1.0,1.0,,0.0,,0.9440736174583435,0.9993948340415955,0.9997774362564087,0.9953250885009766,0.9995140433311462,0.9998771548271179,0.17285320162773132,0.05436718836426735,4.0
1137,1.0,1.0,1.0,1.0,1.0,1.0,0.0,0.0,0.9755213856697083,0.9995251893997192,0.9931963086128235,0.6971756219863892,0.9958988428115845,0.996160089969635,0.559115469455719,0.22054600715637207,0.0
1138,0.0,,0.0,0.0,0.0,0.0,,,0.0008168997010216117,0.0006816688110120595,0.0006152133573777974,0.00038414663868024945,0.014791011810302734,0.000125545309856534,0.0016274303197860718,8.406372216995806e-05,0.0
1139,0.0,0.0,1.0,1.0,1.0,0.0,0.0,0.0,0.8033648133277893,0.7900255918502808,0.9997130036354065,0.9161426424980164,0.9907647371292114,0.6956866383552551,0.03062516637146473,0.00471130758523941,4.0
1140,,0.0,1.0,1.0,1.0,1.0,1.0,,0.9915221333503723,0.9826453328132629,0.999882161617279,0.6995766758918762,0.9933434128761292,0.9961820840835571,0.8243597149848938,0.4786083996295929,3.0
1141,0.0,1.0,0.0,0.0,1.0,1.0,,,0.021747009828686714,0.6226337552070618,0.764323353767395,0.0024693359155207872,0.9393677711486816,0.43737706542015076,0.05774004012346268,0.0005996180698275566,4.0
1142,0.0,,1.0,,1.0,1.0,,,0.3763161599636078,0.9869860410690308,0.996799886226654,0.8993831872940063,0.9705697894096375,0.8308742642402649,0.5768193006515503,0.01307535357773304,3.0
1143,0.0,0.0,0.0,0.0,0.0,0.0,0.0,0.0,0.004761070944368839,0.0008118015248328447,0.0010469397529959679,0.01609697937965393,0.05138367414474487,0.0004870902339462191,0.2455233633518219,0.0003041323216166347,2.0
1144,1.0,1.0,1.0,0.0,1.0,1.0,0.0,0.0,0.09269434958696365,0.9948205351829529,0.8994931578636169,0.017867932096123695,0.9079278707504272,0.8273426294326782,0.1750524342060089,0.00047316067502833903,3.0
1145,0.0,0.0,0.0,,1.0,0.0,,,0.01782236248254776,0.5694105625152588,0.5562667846679688,0.06069129332900047,0.982947826385498,0.14947912096977234,0.08768650889396667,0.00042849683086387813,3.0
1146,0.0,1.0,1.0,,1.0,1.0,,,0.6666430830955505,0.932661771774292,0.8305404186248779,0.19145528972148895,0.9618216753005981,0.8230882287025452,0.46829351782798767,0.005673964042216539,1.0
1147,1.0,1.0,1.0,0.0,1.0,1.0,0.0,0.0,0.7061005234718323,0.9991832971572876,0.958587646484375,0.5447053909301758,0.9305431246757507,0.9964886903762817,0.259798526763916,0.008873917162418365,4.0
1148,1.0,1.0,1.0,0.0,1.0,1.0,,,0.7048097252845764,0.9811848402023315,0.7482476234436035,0.019408399239182472,0.806820273399353,0.9469107985496521,0.028920838609337807,0.00031759293051436543,4.0
1149,0.0,0.0,0.0,0.0,0.0,0.0,0.0,0.0,0.005322236567735672,0.0015877067344263196,0.0007354746339842677,0.0013076600152999163,0.02195395715534687,0.0004428794200066477,0.024201558902859688,0.00047064016689546406,3.0
1150,0.0,0.0,0.0,0.0,0.0,0.0,0.0,0.0,0.0007219772669486701,0.0004940264625474811,0.00014746283704880625,0.001265395781956613,0.014572991989552975,0.0001510506117483601,0.009688587859272957,0.00014715279394295067,4.0
1151,0.0,,0.0,0.0,0.0,0.0,,,0.0010257893009111285,0.0004529578145593405,0.0003940104797948152,0.0009111618273891509,0.004939644131809473,0.0002811757440213114,0.012846526689827442,0.00012341672845650464,1.0
1152,0.0,0.0,0.0,0.0,0.0,0.0,,,0.04174172133207321,0.0007608781452290714,0.0006786304875276983,0.0098135806620121,0.22286835312843323,0.00014798968913964927,0.02840271405875683,0.00026467154384590685,4.0
1153,0.0,,0.0,,0.0,0.0,,,0.00074052345007658,0.0008074748329818249,0.00032191851641982794,0.001031719846650958,0.014167084358632565,0.00029421396902762353,0.01250512059777975,0.000549489283002913,4.0
1154,,,,,,,0.0,0.0,0.0015322411200031638,0.0006487357313744724,0.0008813395397737622,0.004964906256645918,0.020058663561940193,0.0004742191231343895,0.031099403277039528,0.00019125232938677073,4.0
1155,0.0,0.0,0.0,0.0,0.0,0.0,1.0,0.0,0.00420796824619174,0.00761175062507391,0.00825921818614006,0.0034716064110398293,0.09729978442192078,0.0009444741299375892,0.15671728551387787,0.0010458356700837612,3.0
1156,1.0,1.0,,1.0,1.0,1.0,0.0,0.0,0.9790557622909546,0.999079167842865,0.9999076128005981,0.9926141500473022,0.9979336261749268,0.997291088104248,0.6029087901115417,0.25347933173179626,3.0
1157,0.0,0.0,0.0,0.0,0.0,0.0,0.0,0.0,0.0016510478453710675,0.00022808733046986163,0.0005944117438048124,0.0016030340921133757,0.02406819723546505,0.0003366181917954236,0.11198998987674713,0.00017346700769849122,2.0
1158,,,0.0,,0.0,0.0,,,0.0006093204137869179,0.00048264433280564845,0.002338632009923458,0.0013381848111748695,0.5872315168380737,0.008997563272714615,0.00783028919249773,0.0002824100374709815,4.0
1159,1.0,1.0,1.0,1.0,1.0,1.0,,,0.9995315074920654,0.999416708946228,0.9992552399635315,0.99895840883255,0.9985267519950867,0.9979742169380188,0.989606499671936,0.5306510329246521,0.0
1160,0.0,0.0,0.0,0.0,1.0,0.0,,,0.002003425732254982,0.10979677736759186,0.03667983412742615,0.001142310444265604,0.9888935685157776,0.058062031865119934,0.012878204695880413,0.00017619434220250696,3.0
1161,1.0,1.0,1.0,1.0,1.0,1.0,,,0.9998694062232971,0.9996984004974365,0.9998675584793091,0.971901535987854,0.9841612577438354,0.9960131645202637,0.8670276999473572,0.7636308670043945,1.0
1162,1.0,1.0,1.0,1.0,1.0,1.0,1.0,,0.9951935410499573,0.9989827275276184,0.9997040629386902,0.9983455538749695,0.9979057908058167,0.9999075531959534,0.7101604342460632,0.18282249569892883,4.0
1163,0.0,,1.0,0.0,0.0,0.0,,,0.6014987230300903,0.036520086228847504,0.28826382756233215,0.5118817090988159,0.8406932353973389,0.02286541648209095,0.3153029978275299,0.005486305803060532,2.0
1164,1.0,1.0,1.0,1.0,1.0,1.0,1.0,1.0,0.9942231178283691,0.9963834881782532,0.9983073472976685,0.6577644944190979,0.987619161605835,0.9438883662223816,0.8264414668083191,0.10775040090084076,2.0
1165,0.0,0.0,0.0,0.0,0.0,0.0,0.0,0.0,0.001661030575633049,0.0006301344255916774,0.0011107024038210511,0.0014922369737178087,0.02991029992699623,0.0002751639985945076,0.005486347712576389,7.573959737783298e-05,0.0
1166,0.0,,0.0,,0.0,0.0,,,0.0007973710307851434,0.0007768387440592051,0.00028073418070562184,0.0009046807535924017,0.022877877578139305,0.0002658596495166421,0.024937808513641357,0.0003067186917178333,4.0
1167,1.0,1.0,1.0,1.0,1.0,1.0,1.0,0.0,0.9888854026794434,0.9998186826705933,0.999735951423645,0.9242004156112671,0.9862836003303528,0.9883992671966553,0.7528039216995239,0.7278579473495483,3.0
1168,1.0,1.0,1.0,1.0,1.0,1.0,0.0,,0.9988076686859131,0.9834995865821838,0.9592249393463135,0.9992632269859314,0.9739183187484741,0.9957798719406128,0.11889524757862091,0.6698725819587708,3.0
1169,0.0,0.0,0.0,0.0,0.0,0.0,0.0,0.0,0.001072837389074266,0.0005645191995427012,0.0003528450324665755,0.0013516960898414254,0.010443750768899918,0.00021799089154228568,0.008946239948272705,0.00021496866247616708,3.0
1170,0.0,0.0,1.0,0.0,1.0,1.0,0.0,,0.6160861253738403,0.8827673196792603,0.9204815030097961,0.06822729855775833,0.990955650806427,0.720488965511322,0.1802431046962738,0.0009472350939176977,1.0
1171,1.0,,1.0,0.0,1.0,1.0,,,0.4982914924621582,0.9815977811813354,0.9440604448318481,0.1304096132516861,0.979622483253479,0.728728175163269,0.036867786198854446,0.00029880093643441796,2.0
1172,1.0,1.0,1.0,0.0,1.0,1.0,0.0,0.0,0.3702681064605713,0.9757000207901001,0.19789497554302216,0.11047425866127014,0.9905453324317932,0.2032865285873413,0.14476406574249268,0.002500807400792837,3.0
1173,0.0,,0.0,0.0,0.0,0.0,,,0.0007576598436571658,0.0002758660994004458,0.00030426873126998544,0.0006672326126135886,0.012062128633260727,0.00021782641124445945,0.00554072018712759,9.03524924069643e-05,1.0
1174,1.0,1.0,1.0,1.0,1.0,1.0,1.0,,0.9965846538543701,0.9990614652633667,0.9987711906433105,0.9972708821296692,0.9930522441864014,0.9893830418586731,0.9929244518280029,0.2404409945011139,3.0
1175,1.0,1.0,1.0,1.0,1.0,1.0,1.0,,0.9871327877044678,0.9988623261451721,0.9946835041046143,0.9963520765304565,0.98503178358078,0.9936236143112183,0.9962797164916992,0.2950625419616699,1.0
1176,0.0,1.0,1.0,0.0,1.0,0.0,0.0,0.0,0.4024200141429901,0.9866923689842224,0.8974080681800842,0.051970820873975754,0.7978338599205017,0.3670191466808319,0.022983888164162636,0.0041199554689228535,2.0
1177,0.0,1.0,1.0,1.0,1.0,1.0,0.0,0.0,0.5972390174865723,0.9959823489189148,0.9987133145332336,0.9857864379882812,0.9997854828834534,0.9999226331710815,0.07681722939014435,0.00532939750701189,1.0
1178,0.0,1.0,1.0,1.0,1.0,1.0,,,0.4844210147857666,0.9425281286239624,0.9611560702323914,0.523240864276886,0.9844439625740051,0.9943675994873047,0.04977712780237198,0.004546967335045338,1.0
1179,0.0,,0.0,0.0,0.0,0.0,,,0.0020911002065986395,0.0002231798425782472,0.0003610485582612455,0.0017930320464074612,0.017636898905038834,0.00040009606163948774,0.045098282396793365,0.00021970202215015888,2.0
1180,0.0,0.0,0.0,0.0,0.0,0.0,0.0,,0.0029077883809804916,0.005770313087850809,0.0002963237348012626,0.0013374586123973131,0.03640027716755867,0.0002638686273712665,0.01802532747387886,0.0008088226895779371,4.0
1181,0.0,0.0,0.0,0.0,0.0,0.0,0.0,0.0,0.0010181510588154197,0.00017361193022225052,0.0003201364597771317,0.0012349344324320555,0.010411295108497143,0.0001810697140172124,0.02519257180392742,0.00022470350086223334,2.0
1182,1.0,1.0,1.0,1.0,1.0,1.0,1.0,1.0,0.978361189365387,0.9991011619567871,0.9991646409034729,0.6953416466712952,0.9798049330711365,0.986996054649353,0.4688416123390198,0.5733738541603088,2.0
1183,1.0,1.0,1.0,1.0,1.0,1.0,1.0,1.0,0.9994158148765564,0.9987010359764099,0.9999291300773621,0.9215558171272278,0.9983389377593994,0.9998735189437866,0.699568510055542,0.888225257396698,4.0
1184,,,1.0,0.0,1.0,0.0,,,0.07817666977643967,0.5569493174552917,0.8291044235229492,0.012489362619817257,0.9666506052017212,0.6871137619018555,0.018029438331723213,0.000247161224251613,4.0
1185,1.0,1.0,1.0,1.0,1.0,1.0,1.0,1.0,0.9997255802154541,0.9995587468147278,0.9996428489685059,0.9890590310096741,0.9991639256477356,0.9996771216392517,0.9292062520980835,0.7514282464981079,1.0
1186,0.0,,1.0,,1.0,0.0,,,0.1496211588382721,0.7542083859443665,0.7312169075012207,0.026265524327754974,0.4852434992790222,0.5919785499572754,0.29729583859443665,0.0018470732029527426,3.0
1187,1.0,1.0,1.0,1.0,1.0,0.0,1.0,0.0,0.9023078680038452,0.9892920851707458,0.998746395111084,0.9474599361419678,0.9872437119483948,0.43708375096321106,0.9375998973846436,0.16664674878120422,1.0
1188,0.0,0.0,0.0,0.0,0.0,0.0,0.0,0.0,0.0006913971155881882,0.0003292377514299005,0.0005370569415390491,0.001161792897619307,0.010363796725869179,0.00010375615966040641,0.004323236178606749,0.00026470687589608133,3.0
1189,1.0,1.0,1.0,1.0,1.0,1.0,1.0,1.0,0.9958769679069519,0.9790776371955872,0.9998846054077148,0.9888795018196106,0.9902947545051575,0.9461666941642761,0.16797862946987152,0.6745476126670837,1.0
1190,0.0,,0.0,0.0,0.0,0.0,,,0.0014437767677009106,0.0006425316678360105,0.0004920926294289529,0.00034774307277984917,0.006074860692024231,0.00017451582243666053,0.0030424667056649923,0.00010847783414646983,0.0
1191,0.0,,0.0,0.0,0.0,0.0,,,0.0005299481563270092,0.0004443371435627341,0.00017187974299304187,0.0008169866632670164,0.01522332988679409,9.178047184832394e-05,0.015229037962853909,0.00025774608366191387,4.0
1192,,,0.0,,1.0,0.0,,,0.014981136657297611,0.02300715073943138,0.19186119735240936,0.0653981864452362,0.23415891826152802,0.012650485150516033,0.01738216169178486,6.259538349695504e-05,1.0
1193,1.0,1.0,1.0,1.0,1.0,0.0,1.0,1.0,0.9998130202293396,0.9990877509117126,0.9992049336433411,0.995783269405365,0.9974930882453918,0.967716634273529,0.9469298124313354,0.9245818853378296,0.0
1194,1.0,1.0,1.0,0.0,1.0,1.0,0.0,,0.9871930480003357,0.9935714602470398,0.8579568266868591,0.8751268982887268,0.9919004440307617,0.9204720258712769,0.48167091608047485,0.14909864962100983,1.0
1195,1.0,1.0,1.0,0.0,1.0,1.0,1.0,,0.9682550430297852,0.989422619342804,0.8446384072303772,0.6455415487289429,0.9549207091331482,0.9883854985237122,0.21431347727775574,0.15644054114818573,0.0
1196,,,0.0,,0.0,0.0,,,0.0010493340669199824,0.00048170838272199035,0.0005463827401399612,0.000365025014616549,0.005725763272494078,0.00021191671839915216,0.002501062583178282,0.00010565009142737836,0.0
1197,,,,,,,0.0,0.0,0.0027365221176296473,0.0013451377162709832,0.0008795394678600132,0.004156468901783228,0.02854294516146183,0.0006877025589346886,0.03158160299062729,0.0003823675506282598,3.0
1198,0.0,0.0,0.0,0.0,0.0,0.0,,,0.000994477653875947,0.0003621197829488665,0.00042401652899570763,0.0009022536687552929,0.005357794463634491,0.0002666889049578458,0.01508161798119545,0.00012380923726595938,1.0
1199,0.0,0.0,1.0,0.0,1.0,0.0,0.0,0.0,0.07650978863239288,0.14376536011695862,0.7891890406608582,0.008911125361919403,0.9708120822906494,0.360188364982605,0.13776665925979614,0.00016259754193015397,1.0
1200,1.0,1.0,1.0,1.0,1.0,1.0,1.0,0.0,0.9066652655601501,0.9990832209587097,0.9796328544616699,0.9759994745254517,0.9985423684120178,0.7407135963439941,0.7804961204528809,0.07047057151794434,0.0
1201,1.0,1.0,1.0,1.0,1.0,1.0,0.0,1.0,0.9998300075531006,0.9939903616905212,0.9974384903907776,0.9989930987358093,0.9951707124710083,0.9941338300704956,0.06754101067781448,0.9804102182388306,3.0
1202,1.0,0.0,0.0,1.0,0.0,0.0,0.0,,0.7293903827667236,0.2312111109495163,0.42010772228240967,0.7666074633598328,0.8354356288909912,0.0037434548139572144,0.021932121366262436,0.46439898014068604,2.0
1203,0.0,1.0,1.0,0.0,1.0,1.0,0.0,,0.07307591289281845,0.9825371503829956,0.8850359916687012,0.025454137474298477,0.9049544334411621,0.8644017577171326,0.03644682466983795,0.0008147323387674987,4.0
1204,0.0,0.0,0.0,0.0,0.0,0.0,0.0,0.0,0.0009952614782378078,0.0010011319536715746,0.0006460424629040062,0.0006601079367101192,0.011576471850275993,0.00014865939738228917,0.0021907580085098743,0.00016356604464817792,0.0
1205,,,0.0,0.0,1.0,0.0,,,0.0023044764529913664,0.030618581920862198,0.05928830802440643,0.0012321550166234374,0.9187049865722656,0.007155215367674828,0.01202231552451849,0.0003599887131713331,3.0
1206,,,,,,,0.0,0.0,0.00350359664298594,0.0012783927377313375,0.0005432717734947801,0.010369050316512585,0.06844322383403778,0.0004552826576400548,0.05404773727059364,0.0004946929402649403,3.0
1207,0.0,,0.0,,1.0,0.0,,,0.021834198385477066,0.4028867483139038,0.0368306040763855,0.0042511713691055775,0.9902294278144836,0.012682756409049034,0.10006764531135559,0.0003935925487894565,0.0
1208,0.0,0.0,0.0,0.0,0.0,0.0,0.0,0.0,0.001084335264749825,0.0007317421259358525,0.0005292186397127807,0.00030271548894234,0.007242962718009949,0.00017342885257676244,0.0021734689362347126,8.694796269992366e-05,0.0
1209,0.0,0.0,0.0,0.0,0.0,0.0,0.0,0.0,0.04341666027903557,0.0011741196503862739,0.0007590476307086647,0.010889112018048763,0.031018441542983055,0.000580382242333144,0.12032025307416916,0.0007489044801332057,3.0
1210,1.0,1.0,1.0,1.0,1.0,1.0,1.0,0.0,0.9608884453773499,0.9998124837875366,0.9994993209838867,0.9896727800369263,0.9984331130981445,0.9999099373817444,0.9829797744750977,0.6938689351081848,0.0
1211,1.0,1.0,1.0,1.0,1.0,1.0,1.0,0.0,0.9986763596534729,0.9983730912208557,0.9984481334686279,0.9924663305282593,0.9915001392364502,0.9625765085220337,0.9572803974151611,0.47913074493408203,2.0
1212,0.0,,0.0,,1.0,0.0,,,0.0008747465908527374,0.2395288348197937,0.32388442754745483,0.0014503630809485912,0.6770022511482239,0.08086147904396057,0.17875462770462036,0.00019784225150942802,4.0
1213,,,0.0,,0.0,0.0,,,0.0009926499333232641,0.0003628223785199225,0.0004215371736790985,0.0012066623894497752,0.008859016001224518,0.00026774933212436736,0.013978775590658188,0.00024703267263248563,3.0
1214,,,1.0,0.0,1.0,0.0,,,0.006529201287776232,0.7627328634262085,0.4523022174835205,0.01839550957083702,0.7541728019714355,0.03616592660546303,0.024612076580524445,0.0002607897622510791,3.0
1215,,,,,1.0,0.0,,,0.11123808473348618,0.5064438581466675,0.6759427785873413,0.4526605010032654,0.39127302169799805,0.0751560628414154,0.051502082496881485,0.0010568012949079275,4.0
1216,0.0,,1.0,,1.0,1.0,,,0.34419435262680054,0.9102548956871033,0.6420743465423584,0.2041528820991516,0.7665082812309265,0.9883533716201782,0.010824248194694519,9.241427324013785e-05,1.0
1217,0.0,,1.0,0.0,1.0,0.0,,,0.011452257633209229,0.42730966210365295,0.6106356978416443,0.00863824412226677,0.6315947771072388,0.6190155148506165,0.025506936013698578,0.0001956242776941508,3.0
1218,,,,,0.0,0.0,,,0.0005372498417273164,0.00037526924279518425,0.00014445759006775916,0.0008379467763006687,0.013245806097984314,7.97227694420144e-05,0.00671117240563035,0.0002109763736370951,4.0
1219,0.0,,1.0,1.0,1.0,1.0,,,0.46727025508880615,0.992341160774231,0.9997376203536987,0.9833900332450867,0.9994673728942871,0.9998043775558472,0.040776364505290985,0.01760532706975937,4.0
1220,0.0,,0.0,,0.0,0.0,,,0.004314369987696409,0.0019605401903390884,0.0008149575442075729,0.021861329674720764,0.06465596705675125,0.00047573528718203306,0.06492091715335846,0.0005413314793258905,0.0
1221,0.0,,0.0,,0.0,0.0,,,0.002613580785691738,0.0005734169972129166,0.0008788897539488971,0.0015459349378943443,0.009203054010868073,0.000573418103158474,0.010237530805170536,0.0002355399919906631,1.0
1222,1.0,1.0,1.0,1.0,1.0,1.0,1.0,0.0,0.9638490080833435,0.999557614326477,0.9994909167289734,0.9659958481788635,0.9989415407180786,0.9891043901443481,0.8554139137268066,0.271703839302063,0.0
1223,0.0,0.0,0.0,0.0,0.0,0.0,0.0,0.0,0.000579863612074405,0.00010383734479546547,0.0004999618977308273,0.0011150225764140487,0.008133543655276299,0.000131482956930995,0.004151632077991962,8.817395428195596e-05,2.0
1224,0.0,0.0,0.0,0.0,0.0,0.0,0.0,0.0,0.0012397096725180745,0.00044261873699724674,0.0010453672148287296,0.001630014623515308,0.014412377029657364,0.00024744748952798545,0.007909459061920643,0.00030895197414793074,3.0
1225,0.0,,1.0,,1.0,1.0,,,0.0606020987033844,0.9820452928543091,0.6427781581878662,0.17418423295021057,0.9994550347328186,0.9937361478805542,0.1164187490940094,0.0013118414208292961,0.0
1226,0.0,,0.0,,0.0,0.0,,,0.0006939035374671221,0.0002784132957458496,0.0007129969308152795,0.0009068955550901592,0.01779610477387905,0.0001763566688168794,0.004296919330954552,9.224786481354386e-05,2.0
1227,0.0,1.0,,1.0,1.0,1.0,1.0,0.0,0.9788917899131775,0.9940739870071411,0.9987854361534119,0.7405272126197815,0.9198284149169922,0.8351178169250488,0.7980084419250488,0.1592804193496704,4.0
1228,0.0,1.0,1.0,1.0,1.0,1.0,1.0,0.0,0.975104808807373,0.9935750365257263,0.9994138479232788,0.9935526847839355,0.9944032430648804,0.8646185994148254,0.9742234945297241,0.32486748695373535,2.0
1229,0.0,0.0,0.0,0.0,0.0,0.0,,,0.0008138185366988182,0.00011636479030130431,0.0007341349846683443,0.002152065047994256,0.027688780799508095,0.0002033868950093165,0.008110104128718376,9.809682524064556e-05,2.0
1230,1.0,,1.0,1.0,1.0,1.0,,,0.9960842132568359,0.9997628331184387,0.9998335242271423,0.9959937930107117,0.9960514903068542,0.9979074001312256,0.9053903818130493,0.30951133370399475,3.0
1231,1.0,1.0,1.0,1.0,1.0,1.0,1.0,1.0,0.9992709159851074,0.9986345171928406,0.9998184442520142,0.9944339990615845,0.9989851713180542,0.9996851682662964,0.9522296190261841,0.5931475162506104,0.0
1232,0.0,0.0,0.0,0.0,0.0,0.0,0.0,0.0,0.0007694012601859868,0.00043735140934586525,0.00033806730061769485,0.000940477941185236,0.00666109099984169,0.00044738230644725263,0.00750637985765934,9.598564065527171e-05,1.0
1233,1.0,,1.0,,1.0,1.0,,,0.985938310623169,0.9987389445304871,0.9898754358291626,0.8745270371437073,0.9994649887084961,0.9964650869369507,0.08366592228412628,0.18174627423286438,2.0
1234,1.0,1.0,1.0,0.0,1.0,0.0,1.0,0.0,0.7845801115036011,0.9442969560623169,0.8442320823669434,0.39666154980659485,0.4543795585632324,0.050331249833106995,0.5283256769180298,0.008613132871687412,1.0
1235,1.0,,1.0,,1.0,1.0,,,0.14012683928012848,0.770017147064209,0.9969602823257446,0.3680597245693207,0.9153280258178711,0.9070258736610413,0.13453052937984467,0.0034134131856262684,3.0
1236,,,,,1.0,0.0,,,0.956907331943512,0.15419115126132965,0.9997884631156921,0.6665832996368408,0.9703761339187622,0.4420164227485657,0.033182933926582336,0.027870818972587585,3.0
1237,0.0,,0.0,,0.0,0.0,,,0.0009133106796070933,0.0004298110434319824,0.0006505153723992407,0.00030922211590223014,0.012104770168662071,0.00015931300004012883,0.0020483548287302256,9.516202408121899e-05,0.0
1238,0.0,,0.0,0.0,0.0,0.0,,,0.0007303303573280573,0.000544229056686163,0.0001880678319139406,0.000722172437235713,0.010420303791761398,0.00010627209849189967,0.007467906456440687,0.00032872348674573004,4.0
1239,0.0,,0.0,0.0,1.0,0.0,,,0.008469214662909508,0.3428570628166199,0.6870872974395752,0.00826086476445198,0.8216035962104797,0.2509966194629669,0.40706512331962585,0.0048005650751292706,3.0
1240,1.0,1.0,1.0,1.0,1.0,1.0,1.0,0.0,0.9946039915084839,0.9994056820869446,0.9912276268005371,0.9723653793334961,0.9952955842018127,0.9971948266029358,0.7380784749984741,0.14021673798561096,3.0
1241,0.0,0.0,1.0,0.0,1.0,1.0,,,0.2300255000591278,0.8458101153373718,0.5820201635360718,0.009572244249284267,0.7726211547851562,0.582275390625,0.013564116321504116,5.536274693440646e-05,1.0
1242,1.0,1.0,1.0,1.0,1.0,1.0,,,0.9983792901039124,0.5907337665557861,0.9976480007171631,0.9871969223022461,0.9893625974655151,0.951494574546814,0.10135559737682343,0.06220588833093643,2.0
1243,1.0,1.0,1.0,1.0,1.0,1.0,,,0.9988628029823303,0.9987006187438965,0.9997711777687073,0.9968432188034058,0.9964213371276855,0.9859043955802917,0.5331114530563354,0.08590221405029297,4.0
1244,0.0,1.0,1.0,0.0,1.0,0.0,0.0,0.0,0.44036826491355896,0.7386565804481506,0.7461196780204773,0.08649047464132309,0.8812122344970703,0.6310625076293945,0.21306797862052917,0.00846098456531763,0.0
1245,0.0,0.0,0.0,0.0,1.0,0.0,0.0,0.0,0.0022297396790236235,0.27588745951652527,0.06827923655509949,0.002761553507298231,0.994353711605072,0.2231064885854721,0.057349275797605515,0.0003356349188834429,1.0
1246,1.0,1.0,1.0,1.0,1.0,1.0,1.0,,0.9918414950370789,0.9995989203453064,0.9999538660049438,0.996823787689209,0.9988872408866882,0.9793860912322998,0.8507093191146851,0.35102978348731995,4.0
1247,0.0,0.0,0.0,0.0,0.0,0.0,0.0,0.0,0.0007553011528216302,0.00039137722342275083,0.0004938099882565439,0.0010068633127957582,0.005116484127938747,0.00022965074458625168,0.0078116124495863914,0.00012863718438893557,1.0
1248,1.0,1.0,1.0,1.0,1.0,1.0,1.0,1.0,0.9994174838066101,0.9997016787528992,0.9993547201156616,0.9978421926498413,0.9983566403388977,0.950369656085968,0.9909088015556335,0.9492813348770142,2.0
1249,0.0,1.0,1.0,0.0,1.0,0.0,1.0,0.0,0.44226938486099243,0.747857928276062,0.7389688491821289,0.019754499197006226,0.26819443702697754,0.02519691176712513,0.07453689724206924,0.007204369176179171,0.0
1250,,,1.0,,1.0,0.0,,,0.13971202075481415,0.3886864483356476,0.9298604726791382,0.11453850567340851,0.9557884335517883,0.711444616317749,0.03206603601574898,0.00025225430727005005,3.0
1251,1.0,1.0,1.0,1.0,1.0,1.0,1.0,,0.9997788667678833,0.9992472529411316,0.9998144507408142,0.9957889318466187,0.9996745586395264,0.9996024370193481,0.9900875091552734,0.6579628586769104,1.0
1252,0.0,1.0,0.0,0.0,1.0,0.0,0.0,0.0,0.01889454945921898,0.16185638308525085,0.04263602942228317,0.023217052221298218,0.9945670366287231,0.27941566705703735,0.05107493698596954,0.0002978254051413387,3.0
1253,0.0,0.0,0.0,0.0,1.0,0.0,0.0,0.0,0.005360253620892763,0.4052722454071045,0.06746651977300644,0.0038114250637590885,0.7759090065956116,0.10983604937791824,0.08133857697248459,0.00022147614799905568,3.0
1254,0.0,,0.0,0.0,0.0,0.0,,,0.23760566115379333,0.006606929935514927,0.01055494137108326,0.10450930148363113,0.3446834981441498,0.03780362755060196,0.3260422348976135,0.004196003545075655,3.0
1255,1.0,1.0,1.0,1.0,1.0,1.0,1.0,1.0,0.9997925162315369,0.9990357160568237,0.9996578693389893,0.873228132724762,0.9935341477394104,0.8555489778518677,0.7453519701957703,0.5763683319091797,1.0
1256,0.0,,0.0,0.0,0.0,0.0,,,0.0009370467159897089,0.0003221311781089753,0.0006186613463796675,0.0012516382848843932,0.009177439846098423,0.00030908765620552003,0.011537754908204079,0.00026352889835834503,3.0
1257,0.0,0.0,0.0,0.0,0.0,0.0,0.0,0.0,0.0013194725615903735,0.0026500571984797716,0.0005707622040063143,0.0012676769401878119,0.018184920772910118,0.00034867835347540677,0.042845286428928375,0.00029228112543933094,4.0
1258,1.0,1.0,1.0,1.0,1.0,1.0,1.0,0.0,0.990706205368042,0.9997814297676086,0.999678373336792,0.9988754987716675,0.9990853071212769,0.9992067813873291,0.5973354578018188,0.14250731468200684,2.0
1259,1.0,1.0,1.0,1.0,1.0,0.0,1.0,1.0,0.9997101426124573,0.9869405031204224,0.9975599646568298,0.9989268183708191,0.9417439103126526,0.7425817251205444,0.9251435399055481,0.9655923247337341,2.0
1260,1.0,1.0,1.0,,1.0,1.0,,,0.9316501617431641,0.9999375939369202,0.9998288154602051,0.8902249336242676,0.990723729133606,0.9960947036743164,0.9493880271911621,0.37717485427856445,4.0
1261,0.0,,1.0,,1.0,1.0,,,0.8989488482475281,0.8219536542892456,0.9966422319412231,0.5090504288673401,0.9778902530670166,0.7360769510269165,0.18676748871803284,0.016213491559028625,2.0
1262,0.0,0.0,0.0,0.0,0.0,0.0,,,0.006596383173018694,0.011354982852935791,0.0011348953703418374,0.00566532788798213,0.022662945091724396,0.00019184808479622006,0.06540247797966003,0.0004488866252359003,3.0
1263,1.0,1.0,1.0,1.0,1.0,1.0,0.0,,0.8835017681121826,0.9922139048576355,0.9992704391479492,0.9640375971794128,0.9983449578285217,0.8358963131904602,0.07431486248970032,0.016169974580407143,0.0
1264,1.0,,1.0,0.0,1.0,1.0,,,0.4908093214035034,0.985950767993927,0.9556164145469666,0.08422303199768066,0.9881703853607178,0.9355388879776001,0.013118036091327667,0.00026108749443665147,0.0
1265,0.0,,0.0,,0.0,0.0,,,0.0011043573031201959,0.0005986361065879464,0.0007836828590370715,0.0013530083233490586,0.02559524029493332,0.00028374759131111205,0.007210788782685995,0.00028052489506080747,3.0
1266,0.0,1.0,1.0,1.0,1.0,1.0,0.0,0.0,0.5181651711463928,0.938279390335083,0.9685684442520142,0.5220102667808533,0.9946225881576538,0.995373547077179,0.09422557055950165,0.004788490943610668,1.0
1267,1.0,1.0,1.0,1.0,1.0,1.0,1.0,1.0,0.999862790107727,0.9988133311271667,0.9999030828475952,0.9928246736526489,0.9963798522949219,0.9910408854484558,0.42097601294517517,0.9960681200027466,4.0
1268,1.0,1.0,1.0,1.0,1.0,1.0,1.0,1.0,0.9997296929359436,0.9996863007545471,0.9998236298561096,0.9968705773353577,0.999509334564209,0.999789297580719,0.9667549133300781,0.620954155921936,1.0
1269,0.0,0.0,0.0,0.0,0.0,0.0,0.0,0.0,0.0009537548758089542,0.0003584903315640986,0.0002944130974356085,0.0010918687330558896,0.00932299718260765,0.000507055374328047,0.007000037468969822,0.00010715943790273741,1.0
1270,0.0,0.0,0.0,0.0,0.0,0.0,0.0,0.0,0.0006063751643523574,0.00010480643686605617,0.0004549116129055619,0.0012610676931217313,0.012822255492210388,8.691823313711211e-05,0.003961777314543724,0.0001150889802374877,2.0
1271,0.0,0.0,0.0,0.0,0.0,0.0,0.0,0.0,0.0011868756264448166,0.0006426376639865339,0.00132561509963125,0.003171246964484453,0.016590137034654617,0.0002018246304942295,0.003147242357954383,9.61688783718273e-05,0.0
1272,0.0,0.0,0.0,0.0,0.0,0.0,0.0,0.0,0.0010427667293697596,0.0008187926141545177,0.0005537419929169118,0.00032754710991866887,0.008958272635936737,0.00015241673099808395,0.0016962394583970308,8.357350452570245e-05,0.0
1273,1.0,1.0,1.0,1.0,1.0,1.0,0.0,1.0,0.9998974204063416,0.9968250393867493,0.9987968802452087,0.9930193424224854,0.9732524156570435,0.7799367904663086,0.453107625246048,0.8000302910804749,1.0
1274,,1.0,1.0,1.0,1.0,1.0,,,0.9996141791343689,0.9997949004173279,0.9999237060546875,0.962367832660675,0.9863251447677612,0.9972804188728333,0.9823179244995117,0.781008243560791,3.0
1275,,,,,,,0.0,0.0,0.02309870533645153,0.0026426692493259907,0.001680367742665112,0.12492595613002777,0.15984174609184265,0.0006714893388561904,0.1518409252166748,0.00026429397985339165,4.0
1276,0.0,0.0,0.0,0.0,0.0,0.0,0.0,0.0,0.0006886300398036838,0.0005447310977615416,0.00020912471518386155,0.0010885505471378565,0.009827040135860443,0.00015444197924807668,0.007657431531697512,0.00021156783623155206,4.0
1277,1.0,,1.0,,1.0,1.0,,,0.9715478420257568,0.9966144561767578,0.9997602701187134,0.9723492860794067,0.9969297051429749,0.9998809099197388,0.9317151308059692,0.400594562292099,4.0
1278,1.0,1.0,1.0,1.0,1.0,0.0,0.0,,0.9848564267158508,0.9355478286743164,0.9907079935073853,0.9588747620582581,0.9981691837310791,0.6416096687316895,0.7808694839477539,0.5438823699951172,0.0
1279,0.0,1.0,1.0,0.0,1.0,1.0,0.0,0.0,0.6696710586547852,0.9732169508934021,0.5563448071479797,0.006510840728878975,0.6425033807754517,0.20964239537715912,0.02750968001782894,0.0035743212793022394,2.0
1280,1.0,1.0,1.0,1.0,1.0,1.0,1.0,1.0,0.9998832941055298,0.9999223351478577,0.9997802972793579,0.9818397164344788,0.9966737031936646,0.997588038444519,0.9869580268859863,0.9687954187393188,3.0
1281,1.0,1.0,1.0,1.0,1.0,1.0,0.0,0.0,0.896358847618103,0.9997327327728271,0.9997243881225586,0.9948053956031799,0.9995484948158264,0.999135434627533,0.5060333013534546,0.15629884600639343,2.0
1282,1.0,1.0,1.0,1.0,1.0,1.0,1.0,,0.999356746673584,0.9992678165435791,0.9999665021896362,0.9995752573013306,0.9991257190704346,0.9997559785842896,0.9858037233352661,0.6054812073707581,4.0
1283,1.0,1.0,,1.0,1.0,1.0,1.0,1.0,0.9998774528503418,0.9994608163833618,0.9996127486228943,0.9940271377563477,0.9992284178733826,0.9987435340881348,0.9430643916130066,0.9979919791221619,2.0
1284,1.0,1.0,1.0,1.0,1.0,1.0,1.0,0.0,0.9543191194534302,0.9994614124298096,0.9987533688545227,0.9993349313735962,0.9992337226867676,0.9998643398284912,0.9858192205429077,0.2458198368549347,2.0
1285,0.0,0.0,0.0,0.0,0.0,0.0,0.0,0.0,0.000735142850317061,0.0003070218663197011,0.00030873858486302197,0.0007980514783412218,0.010094067081809044,0.0002784235111903399,0.005406203679740429,7.663524593226612e-05,1.0
1286,1.0,,1.0,1.0,1.0,1.0,,,0.9993985891342163,0.9992225766181946,0.9998924136161804,0.998694658279419,0.9992303252220154,0.9995480179786682,0.9155539274215698,0.19784513115882874,0.0
1287,1.0,1.0,1.0,1.0,1.0,1.0,0.0,,0.9965041279792786,0.9675124287605286,0.9939587116241455,0.9821416735649109,0.9983174800872803,0.9994871616363525,0.15698736906051636,0.9046423435211182,2.0
1288,1.0,1.0,1.0,1.0,1.0,1.0,,,0.9064573049545288,0.995739758014679,0.957838237285614,0.060729190707206726,0.9996009469032288,0.9993851184844971,0.880548357963562,0.20477044582366943,0.0
1289,1.0,1.0,1.0,1.0,1.0,1.0,0.0,0.0,0.9457072615623474,0.9569185972213745,0.9986187219619751,0.47590091824531555,0.9898375272750854,0.8621945977210999,0.2888515591621399,0.13546815514564514,0.0
1290,0.0,0.0,0.0,0.0,0.0,0.0,0.0,0.0,0.0008827110868878663,0.0005560683202929795,0.0005601056618615985,0.00032934764749370515,0.0115983746945858,0.000198894995264709,0.0017836721381172538,7.491691940231249e-05,0.0
1291,0.0,,0.0,,0.0,0.0,,,0.000612280797213316,0.0004800842725671828,0.00017709772509988397,0.0007095051696524024,0.009762784466147423,0.00014899797679390758,0.014156326651573181,0.00019542196241673082,4.0
1292,0.0,0.0,0.0,0.0,1.0,0.0,0.0,0.0,0.0025691993068903685,0.03739912807941437,0.027501612901687622,0.0007802488398738205,0.7071446776390076,0.07024575024843216,0.032245248556137085,0.00021764813573099673,0.0
1293,0.0,0.0,0.0,0.0,1.0,0.0,0.0,0.0,0.002350280759856105,0.31680023670196533,0.0575869157910347,0.0014046045253053308,0.9397123456001282,0.07478150725364685,0.05025336146354675,0.00013552536256611347,1.0
1294,1.0,,1.0,1.0,1.0,1.0,,,0.9900735020637512,0.9982916712760925,0.9999576210975647,0.9991139769554138,0.9989004135131836,0.9909894466400146,0.8709756135940552,0.0895935595035553,4.0
1295,1.0,,1.0,1.0,1.0,1.0,,,0.9979344606399536,0.6902622580528259,0.9991004467010498,0.9071035981178284,0.9418330192565918,0.9586586356163025,0.07041539996862411,0.037088096141815186,4.0
1296,1.0,1.0,1.0,1.0,1.0,1.0,1.0,0.0,0.9536316394805908,0.9999328851699829,0.9998979568481445,0.9453930258750916,0.9992153644561768,0.9994094967842102,0.33229508996009827,0.23111902177333832,3.0
1297,1.0,1.0,1.0,1.0,1.0,1.0,0.0,,0.9497170448303223,0.9973255395889282,0.9997156262397766,0.9989232420921326,0.997448205947876,0.9539663791656494,0.3947087526321411,0.1760237216949463,4.0
1298,0.0,,0.0,,0.0,0.0,,,0.0010628399904817343,0.0011137871770188212,0.0004953880561515689,0.0011265930952504277,0.016029946506023407,0.0013516899198293686,0.006365333683788776,0.00014541168638970703,0.0
1299,0.0,0.0,0.0,0.0,0.0,0.0,0.0,0.0,0.0010413869749754667,0.0010270626517012715,0.0008169249049387872,0.000479625683510676,0.015798291191458702,0.00042568714707158506,0.0033940928988158703,9.818177932174876e-05,0.0
1300,1.0,1.0,1.0,1.0,1.0,1.0,0.0,1.0,0.9991502165794373,0.956983208656311,0.9995904564857483,0.996883749961853,0.9082124829292297,0.14113318920135498,0.04010850936174393,0.6981742978096008,4.0
1301,1.0,1.0,1.0,1.0,1.0,1.0,1.0,0.0,0.995257556438446,0.9967589974403381,0.9998595714569092,0.9847211241722107,0.9993921518325806,0.7653940916061401,0.4115200936794281,0.7519093751907349,1.0
1302,0.0,0.0,0.0,0.0,0.0,0.0,0.0,0.0,0.0013884163927286863,0.004237034358084202,0.0031550300773233175,0.0019092167494818568,0.29440706968307495,0.0014292345149442554,0.19170954823493958,0.00016202518600039184,1.0
1303,1.0,1.0,1.0,1.0,1.0,1.0,1.0,1.0,0.9984739422798157,0.9986515641212463,0.9996742606163025,0.9760438203811646,0.998947262763977,0.9984123706817627,0.7688824534416199,0.8488861918449402,2.0
1304,0.0,0.0,0.0,0.0,0.0,0.0,0.0,0.0,0.0008276297594420612,0.00035225265310145915,0.0003934803535230458,0.0010036966996267438,0.007134491112083197,0.0002347365953028202,0.0057567209005355835,8.095489465631545e-05,1.0
1305,,1.0,1.0,0.0,1.0,,1.0,0.0,0.040237583220005035,0.8255718946456909,0.35362526774406433,0.0013927476247772574,0.9941064715385437,0.4659768342971802,0.2411196231842041,0.0006315350183285773,3.0
1306,0.0,0.0,0.0,0.0,0.0,0.0,0.0,0.0,0.0006363947177305818,0.00045152014354243875,0.00015881311264820397,0.0007188619347289205,0.009295817464590073,0.0001736863487167284,0.011277064681053162,0.00023117297678254545,4.0
1307,0.0,0.0,0.0,0.0,0.0,0.0,0.0,0.0,0.0010422788327559829,0.0007293866365216672,0.0006738576921634376,0.0003756762598641217,0.008689985610544682,0.00035827301326207817,0.0036459178663790226,0.00011387361155357212,0.0
1308,0.0,,0.0,,1.0,0.0,,,0.003949599806219339,0.13806715607643127,0.04243764653801918,0.0008316220482811332,0.9980120658874512,0.2897103726863861,0.06267063319683075,0.0002455085050314665,4.0
1309,0.0,0.0,0.0,0.0,0.0,0.0,0.0,0.0,0.0009201245848089457,0.00011046639701817185,0.0008380834478884935,0.0031510023400187492,0.013299409300088882,0.0003492610121611506,0.032950259745121,0.00014947817544452846,2.0
1310,1.0,1.0,1.0,1.0,1.0,1.0,1.0,1.0,0.9994240403175354,0.9976837635040283,0.9986913204193115,0.9936842918395996,0.9952769875526428,0.9690800309181213,0.995976984500885,0.8346308469772339,0.0
1311,0.0,0.0,0.0,0.0,0.0,0.0,,,0.0019391551613807678,0.0005043265991844237,0.001913790707476437,0.003328626975417137,0.1441255658864975,0.00033372349571436644,0.006187982391566038,0.00014316891611088067,2.0
1312,1.0,1.0,1.0,1.0,1.0,1.0,0.0,0.0,0.960066020488739,0.9971516132354736,0.9950079321861267,0.6047987341880798,0.9963738322257996,0.9997248649597168,0.2388981282711029,0.8017303943634033,4.0
1313,1.0,1.0,1.0,1.0,1.0,1.0,1.0,,0.9998071193695068,0.9989169836044312,0.9997474551200867,0.9994865655899048,0.9996641874313354,0.999250590801239,0.947924017906189,0.7286393642425537,1.0
1314,0.0,,1.0,0.0,1.0,1.0,,,0.1504233032464981,0.8491024971008301,0.46247756481170654,0.004489639308303595,0.6472721099853516,0.8358534574508667,0.22740232944488525,0.0008218887378461659,2.0
1315,1.0,1.0,1.0,1.0,1.0,1.0,1.0,0.0,0.8753353953361511,0.9998301863670349,0.9998688101768494,0.9983594417572021,0.9998012781143188,0.9997463226318359,0.9977063536643982,0.5907173156738281,1.0
1316,0.0,0.0,0.0,0.0,0.0,0.0,,,0.000810860306955874,0.0022349052596837282,0.0025117448531091213,0.0010621331166476011,0.054138798266649246,0.00031802267767488956,0.015523368492722511,5.005841376259923e-05,1.0
1317,1.0,1.0,1.0,0.0,1.0,1.0,0.0,0.0,0.2213517427444458,0.8438249230384827,0.7510531544685364,0.020132554695010185,0.3876081109046936,0.04642722010612488,0.07625214010477066,0.0003173581790179014,0.0
1318,1.0,,1.0,1.0,1.0,1.0,,,0.9631704092025757,0.9998003840446472,0.9991645216941833,0.9911450147628784,0.9992523193359375,0.9997225403785706,0.6552754044532776,0.14230696856975555,2.0
1319,1.0,,1.0,1.0,1.0,1.0,,,0.9877753257751465,0.9997576475143433,0.9989054799079895,0.9308778047561646,0.9987020492553711,0.9997577667236328,0.9487003087997437,0.09812965989112854,2.0
1320,1.0,,1.0,1.0,1.0,1.0,,,0.9927223920822144,0.9997646808624268,0.999817967414856,0.999049186706543,0.999274492263794,0.9986748695373535,0.7967135906219482,0.38022953271865845,1.0
1321,1.0,1.0,1.0,1.0,1.0,0.0,1.0,1.0,0.999279797077179,0.9871914386749268,0.9995616674423218,0.7757159471511841,0.993500292301178,0.5532231330871582,0.6863665580749512,0.7701367735862732,1.0
1322,,,,,0.0,0.0,,,0.0008206446655094624,0.0006283735856413841,0.000532846781425178,0.0002977302356157452,0.018016543239355087,0.0002034682547673583,0.004094094969332218,7.154910417739302e-05,0.0
1323,0.0,0.0,0.0,0.0,0.0,0.0,0.0,0.0,0.0007893276051618159,0.00014338959590531886,0.0004316394915804267,0.0013991203159093857,0.005072795785963535,0.00014206966443452984,0.009873893111944199,0.0001798419834813103,2.0
1324,0.0,0.0,0.0,0.0,0.0,0.0,0.0,0.0,0.0011162267765030265,0.004684935789555311,0.013336608186364174,0.0024257588665932417,0.7285959124565125,0.023483512923121452,0.02083989977836609,0.00022233062190935016,3.0
1325,0.0,1.0,1.0,1.0,1.0,,0.0,,0.9152809381484985,0.9985030889511108,0.9991516470909119,0.9910101890563965,0.9929184913635254,0.9989415407180786,0.22331048548221588,0.030687829479575157,4.0
1326,1.0,,1.0,1.0,1.0,1.0,,,0.9701894521713257,0.9993698000907898,0.9998695850372314,0.7471292614936829,0.998630166053772,0.9977098703384399,0.42708346247673035,0.47122496366500854,3.0
1327,0.0,,0.0,0.0,0.0,0.0,,,0.0006125475047156215,0.0005766786052845418,0.00026263631298206747,0.001358458073809743,0.026157129555940628,9.878681157715619e-05,0.007640098221600056,0.0002509315381757915,4.0
1328,0.0,0.0,0.0,0.0,0.0,0.0,0.0,0.0,0.0008841819944791496,0.0007323464960791171,0.001001571654342115,0.0014936185907572508,0.021958880126476288,0.0001349007652606815,0.005648995749652386,0.0002840756787918508,3.0
1329,1.0,1.0,1.0,1.0,1.0,1.0,1.0,,0.9976645708084106,0.9976246356964111,0.999594509601593,0.9973670244216919,0.9973868131637573,0.8827732801437378,0.8137030005455017,0.12406234443187714,3.0
1330,0.0,0.0,0.0,0.0,0.0,0.0,,,0.0017715513240545988,0.0007260457496158779,0.00034591113217175007,0.0010465506929904222,0.006955336779356003,0.0005870783352293074,0.007745328359305859,0.00034830591175705194,1.0
1331,,0.0,0.0,0.0,0.0,,0.0,0.0,0.0008437770884484053,0.0004563537077046931,0.0004648953035939485,0.001205324660986662,0.008217703551054,0.00017460514209233224,0.0044476487673819065,0.00021651345014106482,3.0
1332,0.0,0.0,0.0,0.0,0.0,0.0,0.0,0.0,0.0009057788411155343,0.000855331658385694,0.0006042527966201305,0.00037798192352056503,0.015567893162369728,0.0003149601398035884,0.0032404200173914433,8.020297536859289e-05,0.0
1333,1.0,,1.0,1.0,1.0,1.0,,,0.9898678064346313,0.9941052198410034,0.9984068870544434,0.9541949033737183,0.9859586954116821,0.9879612922668457,0.7536725997924805,0.20251956582069397,0.0
1334,0.0,,1.0,,1.0,1.0,,,0.3706763684749603,0.9521905183792114,0.18689978122711182,0.010752307251095772,0.9971733689308167,0.8404209613800049,0.16851329803466797,0.0022480697371065617,2.0
1335,1.0,1.0,1.0,1.0,1.0,1.0,1.0,1.0,0.9998667240142822,0.9997703433036804,0.999906063079834,0.9992774128913879,0.9981651306152344,0.9877698421478271,0.9378049969673157,0.824774980545044,3.0
1336,1.0,1.0,1.0,1.0,1.0,1.0,1.0,1.0,0.9999538660049438,0.999556839466095,0.99969083070755,0.9968588352203369,0.9982016086578369,0.9750673174858093,0.8285447359085083,0.9827899932861328,2.0
1337,1.0,1.0,1.0,1.0,1.0,1.0,1.0,,0.9999595284461975,0.9998070597648621,0.9995681047439575,0.9957437515258789,0.9990125894546509,0.9890577793121338,0.6647768616676331,0.9647807478904724,0.0
1338,1.0,,1.0,0.0,1.0,1.0,,,0.7150241136550903,0.985587477684021,0.9360374212265015,0.09196807444095612,0.9845125675201416,0.9922901391983032,0.4229575991630554,0.001974815968424082,1.0
1339,0.0,,1.0,,1.0,1.0,,,0.01664210669696331,0.9241538643836975,0.16056999564170837,0.0011665603378787637,0.9964911937713623,0.895092785358429,0.012340739369392395,0.00016880742623470724,3.0
1340,0.0,0.0,0.0,0.0,0.0,0.0,0.0,0.0,0.0005739923799410462,0.0001070241560228169,0.0004289140924811363,0.0010531643638387322,0.013819631189107895,0.00015328942390624434,0.0034774208907037973,0.00018676833133213222,2.0
1341,0.0,0.0,0.0,0.0,0.0,0.0,0.0,0.0,0.001504800864495337,0.000948832428548485,0.0012976276921108365,0.0026914174668490887,0.02299157902598381,0.00022585566330235451,0.0031611297745257616,0.0001281734585063532,0.0
1342,1.0,1.0,1.0,1.0,1.0,1.0,0.0,1.0,0.9880037307739258,0.9982607364654541,0.9800863265991211,0.8237006664276123,0.9994935393333435,0.9966566562652588,0.30909857153892517,0.3079582750797272,2.0
1343,0.0,,0.0,,0.0,0.0,,,0.0011733240680769086,0.00042742464574985206,0.0006094872369430959,0.0012091187527403235,0.027764935046434402,0.0001694147358648479,0.005101523362100124,0.00028068365645594895,3.0
1344,1.0,1.0,1.0,1.0,1.0,1.0,0.0,1.0,0.9995881915092468,0.9966196417808533,0.9991533160209656,0.9759172201156616,0.9983507990837097,0.9983832836151123,0.7668534517288208,0.4665318429470062,1.0
1345,0.0,0.0,0.0,0.0,0.0,0.0,0.0,0.0,0.0010939848143607378,0.00026647577760741115,0.0005792217561975121,0.0010079764761030674,0.03414557874202728,0.00027148565277457237,0.02327147126197815,0.00018861933494918048,2.0
1346,1.0,1.0,1.0,1.0,1.0,1.0,1.0,0.0,0.8817127346992493,0.9997298121452332,0.9999338388442993,0.9955706596374512,0.9967080354690552,0.9782317876815796,0.6121958494186401,0.05854037031531334,4.0
1347,1.0,1.0,1.0,1.0,1.0,1.0,1.0,,0.9938494563102722,0.9991229772567749,0.9991436004638672,0.9331559538841248,0.9985741376876831,0.9171663522720337,0.37773850560188293,0.5051443576812744,1.0
1348,0.0,0.0,0.0,0.0,0.0,0.0,0.0,0.0,0.0011402287054806948,0.0005163858877494931,0.00021605155779980123,0.0007180353277362883,0.02527035027742386,0.00039246396045200527,0.02093910425901413,0.00020893111650366336,4.0
1349,0.0,,0.0,,0.0,0.0,,,0.0011301814811304212,0.000509393576066941,0.00038933850009925663,0.002410006010904908,0.1840542107820511,0.001295260852202773,0.011846876703202724,8.80255684023723e-05,1.0
1350,1.0,1.0,1.0,1.0,1.0,0.0,1.0,1.0,0.9985702037811279,0.9745582938194275,0.9998580813407898,0.9490236043930054,0.991582989692688,0.25221094489097595,0.8643090724945068,0.5670154690742493,3.0
1351,0.0,0.0,0.0,0.0,0.0,0.0,0.0,0.0,0.000940776604693383,0.0001023203440126963,0.0003204865788575262,0.0015313554322347045,0.012183932587504387,0.00017995272355619818,0.021898381412029266,0.0001288224884774536,2.0
1352,1.0,,1.0,,1.0,1.0,,,0.9997024536132812,0.997292697429657,0.9996145367622375,0.9534366726875305,0.9981796741485596,0.9997640252113342,0.8480574488639832,0.6937540173530579,0.0
1353,0.0,0.0,0.0,0.0,0.0,0.0,0.0,0.0,0.0007830799440853298,0.000413524336181581,0.0004925164976157248,0.0013943833764642477,0.009931260719895363,0.00018494149844627827,0.00454996433109045,0.00024341625976376235,3.0
1354,1.0,1.0,1.0,1.0,1.0,1.0,1.0,1.0,0.9997614622116089,0.999823272228241,0.9987089037895203,0.9569404721260071,0.9961869716644287,0.9993109107017517,0.5615967512130737,0.9656558632850647,4.0
1355,0.0,,1.0,0.0,1.0,1.0,,,0.32423135638237,0.9868345260620117,0.9751168489456177,0.040397513657808304,0.9699587225914001,0.7390373945236206,0.04722030088305473,0.0004323876928538084,2.0
1356,0.0,,1.0,0.0,1.0,1.0,,,0.8104102611541748,0.9924615621566772,0.9836214780807495,0.60825514793396,0.9940159320831299,0.9983106851577759,0.5358562469482422,0.14271950721740723,1.0
1357,1.0,1.0,1.0,1.0,1.0,1.0,1.0,0.0,0.996696412563324,0.9997183084487915,0.9983932375907898,0.9823412895202637,0.9753949642181396,0.7428072690963745,0.9495580196380615,0.6822938919067383,0.0
1358,1.0,1.0,1.0,1.0,1.0,1.0,1.0,1.0,0.9994966983795166,0.9998883008956909,0.9996882081031799,0.9890158176422119,0.9429294466972351,0.6210693120956421,0.9328737258911133,0.917107105255127,3.0
1359,0.0,0.0,0.0,0.0,0.0,0.0,,,0.0010503835510462523,0.0010188971646130085,0.002064487198367715,0.000395978830056265,0.025534620508551598,0.00023673102259635925,0.010755084455013275,0.00014173443196341395,0.0
1360,0.0,1.0,1.0,1.0,1.0,0.0,1.0,0.0,0.1921827644109726,0.7494029402732849,0.9162423014640808,0.05965568497776985,0.6198521256446838,0.036661192774772644,0.3884250223636627,0.0628332868218422,0.0
1361,1.0,1.0,,1.0,1.0,1.0,0.0,1.0,0.9959359169006348,0.9991975426673889,0.9995383620262146,0.8299183249473572,0.9974175691604614,0.9635272026062012,0.5676441788673401,0.6748456358909607,0.0
1362,0.0,0.0,0.0,0.0,0.0,0.0,0.0,0.0,0.0018531517125666142,0.00214339978992939,0.0013697940157726407,0.0006139629404060543,0.027706220746040344,0.0006561274058185518,0.017745329067111015,0.0002982328296639025,0.0
1363,1.0,1.0,1.0,1.0,1.0,1.0,1.0,1.0,0.9920852184295654,0.9996843934059143,0.9999103546142578,0.9991840124130249,0.9973422884941101,0.9738285541534424,0.9235972762107849,0.3011741638183594,4.0
1364,0.0,,0.0,0.0,1.0,0.0,,,0.048336803913116455,0.020636260509490967,0.6603929996490479,0.5476972460746765,0.9066782593727112,0.008960000239312649,0.04415426775813103,0.00109111238270998,1.0
1365,,,0.0,,0.0,0.0,,,0.0008385289693251252,0.000381063437089324,0.00046392829972319305,0.0010949703864753246,0.016714388504624367,0.00016292255895677954,0.004404177889227867,0.00022178674407768995,3.0
1366,1.0,,1.0,1.0,1.0,0.0,,,0.5353690981864929,0.5141030550003052,0.9998208284378052,0.9988634586334229,0.9735749363899231,0.585974395275116,0.0451061874628067,0.022511497139930725,0.0
1367,0.0,,1.0,0.0,1.0,1.0,,,0.053916312754154205,0.9394365549087524,0.8660162091255188,0.052977826446294785,0.985812783241272,0.4620489776134491,0.04713554307818413,0.0005156481638550758,4.0
1368,0.0,,1.0,1.0,0.0,0.0,0.0,,0.9669481515884399,0.14170299470424652,0.9947317838668823,0.9971970915794373,0.9980129599571228,0.04583277553319931,0.07496821880340576,0.04669079929590225,1.0
1369,1.0,1.0,1.0,1.0,1.0,1.0,1.0,0.0,0.9059258699417114,0.9988816976547241,0.9990710020065308,0.48999738693237305,0.9928622245788574,0.6250143647193909,0.538291335105896,0.3837568163871765,4.0
1370,1.0,1.0,1.0,1.0,1.0,1.0,0.0,,0.9981942176818848,0.8814069628715515,0.9415841102600098,0.9920864105224609,0.969525933265686,0.9976922869682312,0.3877095878124237,0.834720253944397,1.0
1371,1.0,1.0,1.0,1.0,1.0,1.0,1.0,,0.999624490737915,0.9977499842643738,0.9997197389602661,0.948686957359314,0.9967446327209473,0.9989117980003357,0.8185060024261475,0.8539052605628967,3.0
1372,1.0,1.0,1.0,1.0,1.0,1.0,1.0,1.0,0.9998106956481934,0.9993626475334167,0.9994637966156006,0.9962361454963684,0.9974525570869446,0.9994653463363647,0.7728602886199951,0.7994025945663452,2.0
1373,0.0,,1.0,1.0,1.0,0.0,,,0.3603566288948059,0.8723832368850708,0.9980251789093018,0.9407848119735718,0.9656780958175659,0.4890228807926178,0.37027812004089355,0.008732113055884838,3.0
1374,1.0,1.0,1.0,1.0,1.0,0.0,0.0,1.0,0.9761868119239807,0.5110990405082703,0.9998058080673218,0.9948845505714417,0.9948533773422241,0.5454292297363281,0.16497425734996796,0.2800550162792206,0.0
1375,1.0,1.0,1.0,1.0,1.0,0.0,0.0,1.0,0.9487680792808533,0.6538861393928528,0.9995219707489014,0.9986416101455688,0.9945735931396484,0.46638765931129456,0.3068578243255615,0.173200786113739,2.0
1376,0.0,0.0,0.0,0.0,0.0,0.0,0.0,0.0,0.0005263727507553995,8.144837192958221e-05,0.00027985090855509043,0.0009552984265610576,0.00763184018433094,0.00013874171418137848,0.003077383153140545,8.350788993993774e-05,2.0
1377,,,0.0,0.0,0.0,0.0,,,0.086851567029953,0.03266945853829384,0.0963987186551094,0.24107155203819275,0.8012438416481018,0.0775597020983696,0.28641781210899353,0.016596883535385132,1.0
1378,1.0,,1.0,0.0,1.0,1.0,,,0.9720914959907532,0.9568532705307007,0.9337838292121887,0.12288020551204681,0.9761488437652588,0.9385147094726562,0.02658330276608467,0.0002126396429957822,1.0
1379,1.0,,1.0,1.0,1.0,1.0,,,0.9998133182525635,0.999919056892395,0.999890923500061,0.9993886351585388,0.9997261762619019,0.9920573234558105,0.5605202913284302,0.9817827939987183,1.0
1380,0.0,,0.0,0.0,0.0,0.0,,,0.4460788667201996,0.0021326649002730846,0.10793618857860565,0.39419880509376526,0.7462875843048096,0.03071318008005619,0.284908264875412,0.0024436041712760925,1.0
1381,,0.0,0.0,0.0,0.0,,0.0,0.0,0.005956378299742937,0.001969654578715563,0.0013091787695884705,0.002894343575462699,0.06939561665058136,0.0019133186433464289,0.01894422248005867,0.0003242518287152052,1.0
1382,1.0,1.0,1.0,1.0,1.0,0.0,1.0,1.0,0.9990749955177307,0.9962800741195679,0.9719685316085815,0.7138527631759644,0.7310687899589539,0.8918331265449524,0.4156648814678192,0.9110703468322754,0.0
1383,1.0,1.0,1.0,1.0,1.0,1.0,1.0,1.0,0.9981191158294678,0.9997413158416748,0.896397590637207,0.9638810753822327,0.9979292750358582,0.9792438745498657,0.6212866902351379,0.9457845091819763,0.0
1384,1.0,1.0,1.0,1.0,1.0,1.0,1.0,,0.9993677735328674,0.9996345639228821,0.9998764991760254,0.9935932755470276,0.9994943141937256,0.985024094581604,0.24598750472068787,0.5771664381027222,3.0
1385,1.0,,1.0,1.0,1.0,1.0,0.0,1.0,0.9956434369087219,0.8807540535926819,0.9964770674705505,0.9971967935562134,0.9886971116065979,0.9898828268051147,0.21837745606899261,0.5917803645133972,1.0
1386,1.0,,1.0,1.0,1.0,1.0,,,0.9360421895980835,0.9927561283111572,0.9994305372238159,0.705342173576355,0.9850096702575684,0.9853000640869141,0.6363426446914673,0.15775223076343536,2.0
1387,1.0,,1.0,1.0,1.0,1.0,,,0.9860476851463318,0.996488094329834,0.9988236427307129,0.8565089106559753,0.9054484963417053,0.9295055270195007,0.7727476358413696,0.7029634714126587,0.0
1388,0.0,,0.0,0.0,0.0,0.0,1.0,0.0,0.061027705669403076,0.035881247371435165,0.012095191515982151,0.03346199542284012,0.1439155489206314,0.006042586173862219,0.09415222704410553,0.01049915049225092,3.0
1389,1.0,,1.0,1.0,1.0,1.0,,,0.9611182808876038,0.995680034160614,0.9995074272155762,0.8360738158226013,0.9841002821922302,0.9877685904502869,0.5762821435928345,0.5162228941917419,0.0
1390,1.0,,1.0,1.0,1.0,1.0,,,0.9968444108963013,0.9667599201202393,0.9996779561042786,0.9972602725028992,0.9837616682052612,0.9838336706161499,0.5392001271247864,0.6311519742012024,4.0
1391,,,,,,,0.0,0.0,0.0030481708236038685,0.0003847892803605646,0.0018452025251463056,0.0028314711526036263,0.03645840659737587,0.0003320121031720191,0.022694354876875877,0.00021608198585454375,2.0
1392,0.0,0.0,0.0,0.0,1.0,0.0,0.0,0.0,0.00719041982665658,0.11856204271316528,0.47008487582206726,0.008246101438999176,0.14322170615196228,0.019228339195251465,0.3183884024620056,0.0008126473985612392,3.0
1393,1.0,1.0,1.0,1.0,1.0,1.0,0.0,,0.6665939688682556,0.999130129814148,0.9941468834877014,0.9771775007247925,0.9999232292175293,0.9995230436325073,0.5727595090866089,0.01740046590566635,1.0
1394,0.0,0.0,0.0,0.0,0.0,0.0,0.0,0.0,0.0010457090102136135,0.00027983845211565495,0.00043465118505991995,0.001024009776301682,0.007212766911834478,0.00030754561885260046,0.0072095030918717384,8.881357643986121e-05,1.0
1395,0.0,0.0,0.0,0.0,0.0,0.0,0.0,0.0,0.0008608458447270095,0.00041157950181514025,0.00039171113166958094,0.0008898281375877559,0.005550055298954248,0.00025554385501891375,0.0065330518409609795,0.00011481656838441268,1.0
1396,0.0,0.0,1.0,1.0,1.0,0.0,0.0,0.0,0.23101767897605896,0.7830548286437988,0.9976416826248169,0.9674636721611023,0.9919736385345459,0.2595357894897461,0.7762972712516785,0.010523955337703228,3.0
1397,0.0,0.0,0.0,0.0,0.0,0.0,0.0,0.0,0.0008910082979127765,0.0006426695617847145,0.0004766425408888608,0.0013035956071689725,0.006249768193811178,0.00012166191299911588,0.006506259553134441,0.00029475096380338073,3.0
1398,1.0,1.0,1.0,1.0,1.0,1.0,,,0.9379257559776306,0.9982839822769165,0.9997891187667847,0.9925109148025513,0.999660849571228,0.9992616176605225,0.719439685344696,0.09090093523263931,0.0
1399,1.0,,1.0,1.0,1.0,1.0,,,0.9994750022888184,0.9979984760284424,0.9999475479125977,0.9865921139717102,0.9978446960449219,0.8693562150001526,0.9610543251037598,0.8692905306816101,4.0
1400,0.0,0.0,0.0,0.0,0.0,0.0,0.0,0.0,0.0005790456780232489,0.0003868548374157399,0.00020011002197861671,0.0006581352790817618,0.019161304458975792,9.312295878771693e-05,0.007396568078547716,0.00018321543757338077,4.0
1401,,,1.0,1.0,1.0,1.0,,,0.6009199619293213,0.9986677169799805,0.9995362758636475,0.9792316555976868,0.999772846698761,0.9973190426826477,0.6048693060874939,0.013354208320379257,1.0
1402,1.0,1.0,1.0,1.0,1.0,1.0,0.0,0.0,0.987571656703949,0.9943981766700745,0.998624861240387,0.7336522340774536,0.9995228052139282,0.9989615678787231,0.16906549036502838,0.1153404712677002,1.0
1403,0.0,,0.0,0.0,0.0,0.0,,,0.012745656073093414,0.0026142343413084745,0.0017031023744493723,0.0012666565598919988,0.019761953502893448,0.0008472636109218001,0.010945894755423069,0.0005754574667662382,0.0
1404,,,,,1.0,0.0,,,0.041766006499528885,0.05746941268444061,0.39412635564804077,0.30544307827949524,0.3109245300292969,0.08620627224445343,0.04481040686368942,0.0006136050214990973,1.0
1405,0.0,0.0,0.0,0.0,0.0,0.0,0.0,0.0,0.0011362521909177303,0.001569442916661501,0.0005013541667722166,0.0009452113881707191,0.010266691446304321,0.0003717640938702971,0.006416709627956152,6.644349923590198e-05,1.0
1406,1.0,1.0,1.0,1.0,1.0,1.0,1.0,,0.9594493508338928,0.9997649192810059,0.999579131603241,0.9492567777633667,0.9996901154518127,0.9938885569572449,0.2456345558166504,0.38328129053115845,1.0
1407,1.0,1.0,1.0,1.0,1.0,,1.0,,0.9964891076087952,0.9999048113822937,0.9999449849128723,0.9967044591903687,0.998995304107666,0.9998638033866882,0.9710788130760193,0.5959612131118774,3.0
1408,0.0,0.0,0.0,0.0,0.0,0.0,0.0,0.0,0.0011832405580207705,0.0004452109569683671,0.0002540529821999371,0.0007773395627737045,0.012938214465975761,0.00022196346253622323,0.015119482763111591,0.0002778400667011738,4.0
1409,1.0,,1.0,,1.0,1.0,,,0.9974498152732849,0.9998741149902344,0.9998106956481934,0.9929391145706177,0.9986279606819153,0.9998589158058167,0.9806464910507202,0.5398988723754883,4.0
1410,0.0,0.0,0.0,0.0,0.0,0.0,1.0,0.0,0.45982399582862854,0.003710018005222082,0.056628696620464325,0.1142488420009613,0.5176506042480469,0.006443786434829235,0.5424532294273376,0.016384480521082878,2.0
1411,,0.0,0.0,0.0,0.0,,0.0,0.0,0.0017964675789698958,0.009871453046798706,0.012567547149956226,0.004234020132571459,0.11288878321647644,0.0006546030635945499,0.04685274884104729,8.4848674305249e-05,1.0
1412,0.0,0.0,0.0,0.0,0.0,0.0,0.0,0.0,0.0023444227408617735,0.001657768152654171,0.0006857397966086864,0.00030415059882216156,0.0070571755059063435,0.002885466208681464,0.003030167194083333,0.00010563440446276218,0.0
1413,1.0,1.0,1.0,1.0,1.0,1.0,1.0,1.0,0.9986918568611145,0.9959124326705933,0.9924860000610352,0.9991437792778015,0.9304553270339966,0.9800988435745239,0.8136469721794128,0.9885649085044861,0.0
1414,1.0,1.0,1.0,1.0,1.0,1.0,1.0,0.0,0.9963111877441406,0.9998252987861633,0.9998331069946289,0.9028816819190979,0.9982855319976807,0.993312656879425,0.9098256230354309,0.460819274187088,0.0
1415,0.0,0.0,0.0,0.0,0.0,0.0,0.0,0.0,0.0009672933374531567,0.0007281044381670654,0.00035982124973088503,0.0013968748971819878,0.027001727372407913,0.00029903443646617234,0.03277477249503136,0.0009088747319765389,4.0
1416,0.0,0.0,0.0,0.0,0.0,0.0,,,0.0010562405223026872,0.001660347217693925,0.001049579819664359,0.0018748039146885276,0.047627225518226624,0.00018343202827963978,0.010992097668349743,0.0004527979763224721,3.0
1417,0.0,,1.0,0.0,1.0,1.0,,,0.48760947585105896,0.9794307947158813,0.9778119325637817,0.0966290831565857,0.9094482064247131,0.8898643851280212,0.2773122191429138,0.0031330951023846865,3.0
1418,0.0,0.0,0.0,0.0,0.0,0.0,,,0.0007730783545412123,0.00011194800026714802,0.0008969965274445713,0.0029949494637548923,0.05832566320896149,0.0001451786665711552,0.005838293582201004,0.000157127549755387,2.0
1419,0.0,0.0,0.0,0.0,0.0,0.0,,,0.004499900154769421,0.2682672441005707,0.0022304535377770662,0.015087855979800224,0.06626003235578537,0.0005648510414175689,0.01175198145210743,0.0007585196290165186,2.0
1420,1.0,1.0,1.0,1.0,1.0,1.0,0.0,0.0,0.953341007232666,0.9983812570571899,0.9989422559738159,0.9983553290367126,0.9998083114624023,0.9993427395820618,0.6974388360977173,0.022768735885620117,1.0
1421,0.0,1.0,1.0,,1.0,0.0,,,0.002443169243633747,0.6498912572860718,0.3681051731109619,0.0295867882668972,0.8750597834587097,0.07675878703594208,0.004654316697269678,0.00021898937120568007,0.0
1422,0.0,1.0,1.0,,1.0,1.0,,,0.9746476411819458,0.9370434284210205,0.9951576590538025,0.8600614666938782,0.9933527112007141,0.9192190766334534,0.210251122713089,0.21989694237709045,1.0
1423,0.0,0.0,0.0,0.0,0.0,0.0,0.0,0.0,0.0009201689390465617,9.126498480327427e-05,0.0003802386636380106,0.0012546805664896965,0.00888403132557869,0.0005032578483223915,0.022826574742794037,0.00010257492249365896,2.0
1424,1.0,1.0,1.0,1.0,1.0,1.0,1.0,1.0,0.9996153116226196,0.9997887015342712,0.9997545480728149,0.9992942214012146,0.9992291927337646,0.9845786094665527,0.9017144441604614,0.9762414693832397,3.0
1425,,,0.0,0.0,0.0,0.0,,,0.0007531798328272998,0.0003352748753968626,0.00040426201303489506,0.001246970845386386,0.009119570255279541,0.00029482610989362,0.004566409159451723,0.00022876965522300452,3.0
1426,1.0,1.0,1.0,0.0,1.0,0.0,0.0,0.0,0.8734201788902283,0.9898250102996826,0.936896800994873,0.22288885712623596,0.5359703302383423,0.598114550113678,0.23824121057987213,0.09019792079925537,3.0
1427,1.0,1.0,1.0,1.0,1.0,1.0,1.0,,0.5149242877960205,0.9989846348762512,0.9983903765678406,0.9854680299758911,0.9977259635925293,0.9994747638702393,0.33124473690986633,0.010436172597110271,1.0
1428,0.0,,1.0,0.0,1.0,0.0,,,0.7849369645118713,0.6953486800193787,0.8941317796707153,0.6953495144844055,0.8627139925956726,0.05230506882071495,0.09797975420951843,0.009985990822315216,3.0
1429,1.0,,1.0,1.0,1.0,0.0,,,0.7575306296348572,0.6808595061302185,0.9962671399116516,0.8808286190032959,0.9991029500961304,0.8938000202178955,0.12770065665245056,0.008101222105324268,1.0
1430,0.0,0.0,0.0,0.0,0.0,0.0,0.0,,0.0019030905095860362,0.0018998068990185857,0.002343852771446109,0.0018074661493301392,0.2662966549396515,0.0007519141654483974,0.13149502873420715,0.00017210077203344554,0.0
1431,0.0,0.0,0.0,0.0,0.0,0.0,0.0,0.0,0.034650202840566635,0.0018696816405281425,0.13864973187446594,0.05434775352478027,0.9489294290542603,0.009674444794654846,0.01135442964732647,0.0002598357677925378,3.0
1432,1.0,1.0,1.0,1.0,1.0,1.0,1.0,0.0,0.9997594356536865,0.9999344348907471,0.9999189376831055,0.9943779706954956,0.9993619322776794,0.9972670674324036,0.5023831129074097,0.8542313575744629,3.0
1433,1.0,0.0,,1.0,1.0,0.0,,,0.8567484021186829,0.12928344309329987,0.9995452165603638,0.9983638525009155,0.9984895586967468,0.18693231046199799,0.0179662574082613,0.03791056200861931,1.0
1434,0.0,0.0,,0.0,0.0,0.0,,,0.0007338435389101505,0.0004394070419948548,0.0001592261833138764,0.0008563369628973305,0.012977354228496552,0.00012611504644155502,0.007092814426869154,0.0003458182327449322,4.0
1435,0.0,0.0,0.0,0.0,0.0,0.0,0.0,0.0,0.001085070427507162,0.0006681042723357677,0.00031341848080046475,0.0007665586308576167,0.005670805461704731,0.00031010527163743973,0.013985985890030861,9.697899804450572e-05,1.0
1436,,0.0,0.0,0.0,0.0,,0.0,0.0,0.0008320832275785506,0.0006854998064227402,0.0005689794197678566,0.00033893808722496033,0.005490625277161598,0.00018810672918334603,0.0016355094267055392,0.00010436360025778413,0.0
1437,0.0,0.0,0.0,0.0,0.0,0.0,0.0,0.0,0.0006781114498153329,9.289845183957368e-05,0.0002924100845120847,0.0010218557436019182,0.01520866621285677,0.00012896784755866975,0.003510835813358426,7.6753793109674e-05,2.0
1438,,,0.0,0.0,0.0,0.0,,,0.0017822367371991277,0.0004681923892349005,0.003576588351279497,0.009648860432207584,0.13769763708114624,0.00020469227456487715,0.049525029957294464,0.00022420388995669782,4.0
1439,0.0,0.0,0.0,0.0,0.0,0.0,0.0,0.0,0.0005472068442031741,0.0005209678201936185,0.00021720892982557416,0.000747548183426261,0.024705631658434868,0.00011403552343836054,0.01743352971971035,0.00017695095448289067,4.0
1440,1.0,1.0,1.0,0.0,1.0,1.0,1.0,0.0,0.20052659511566162,0.9734646081924438,0.54185950756073,0.6627600193023682,0.3787839114665985,0.9040330052375793,0.10806624591350555,0.006542587652802467,4.0
1441,,,,,,,0.0,0.0,0.0008716379525139928,0.00036314851604402065,0.00032583920983597636,0.000771613500546664,0.00623365119099617,0.00023671990493312478,0.017565395683050156,6.800849223509431e-05,1.0
1442,0.0,,0.0,,0.0,0.0,,,0.0019351599039509892,0.00135372846852988,0.003177412785589695,0.002620830200612545,0.12564049661159515,0.00041028542909771204,0.024929417297244072,0.00023357311147265136,2.0
1443,1.0,,1.0,,1.0,1.0,,,0.5473206639289856,0.9882135391235352,0.999824047088623,0.978721022605896,0.9937182068824768,0.9217360615730286,0.25899243354797363,0.017336443066596985,4.0
1444,1.0,1.0,1.0,1.0,1.0,1.0,0.0,1.0,0.9990407228469849,0.9977846145629883,0.998136579990387,0.9795437455177307,0.9983072876930237,0.9998599886894226,0.4810185432434082,0.5380726456642151,0.0
1445,1.0,1.0,1.0,1.0,1.0,1.0,,,0.9978393912315369,0.9636734127998352,0.9928730130195618,0.8191924095153809,0.9681025147438049,0.9942315816879272,0.08892053365707397,0.00671705137938261,4.0
1446,0.0,,0.0,,0.0,0.0,,,0.0011022182879969478,0.00010012785060098395,0.0005698913591913879,0.0013445484219118953,0.008923796005547047,0.00023678579600527883,0.014970002695918083,9.178271284326911e-05,2.0
1447,1.0,1.0,1.0,1.0,1.0,1.0,1.0,,0.999707818031311,0.9995526075363159,0.9998100399971008,0.9975025653839111,0.9994879961013794,0.9950865507125854,0.3322054445743561,0.9605579376220703,2.0
1448,1.0,,0.0,1.0,1.0,0.0,,,0.9886286854743958,0.33100321888923645,0.1695988029241562,0.4662628769874573,0.14433932304382324,0.07698670774698257,0.15970227122306824,0.4180768132209778,0.0
1449,1.0,1.0,1.0,1.0,1.0,1.0,1.0,1.0,0.9999638795852661,0.9997097849845886,0.9998907446861267,0.9996823072433472,0.9997947812080383,0.9991352558135986,0.9982753992080688,0.9951499104499817,1.0
1450,0.0,0.0,0.0,0.0,0.0,0.0,0.0,0.0,0.0009044739417731762,0.0005876217619515955,0.00038087228313088417,0.0011692849220708013,0.020670020952820778,0.00032734114211052656,0.05518518015742302,0.0005477050435729325,4.0
1451,1.0,1.0,1.0,1.0,1.0,0.0,0.0,0.0,0.9571425914764404,0.7805178165435791,0.9979181885719299,0.9243293404579163,0.9930319786071777,0.45598259568214417,0.37519046664237976,0.12704649567604065,2.0
1452,0.0,,0.0,,0.0,0.0,,,0.000885333342012018,0.00031281381961889565,0.00024776364443823695,0.0006668644491583109,0.005847884342074394,0.0002264913055114448,0.006954659707844257,9.805826266529039e-05,1.0
1453,0.0,,1.0,1.0,1.0,0.0,,,0.8195258975028992,0.5925499796867371,0.9954801201820374,0.9801284074783325,0.9869534969329834,0.2731553614139557,0.6131910681724548,0.04177634418010712,0.0
1454,0.0,,0.0,0.0,0.0,0.0,,,0.003947959281504154,0.0019297522958368063,0.008943387307226658,0.03680787980556488,0.044522661715745926,0.0012660888023674488,0.0788411796092987,0.0007997426437214017,0.0
1455,1.0,1.0,0.0,1.0,0.0,0.0,1.0,1.0,0.9813613295555115,0.5365489721298218,0.9129782915115356,0.6660431623458862,0.8958942294120789,0.006320389918982983,0.8027933835983276,0.4896467328071594,1.0
1456,0.0,,1.0,,1.0,1.0,,,0.5958162546157837,0.9752903580665588,0.9250354170799255,0.1052340716123581,0.9842782616615295,0.904746413230896,0.07158121466636658,0.00011704674398060888,1.0
1457,0.0,,0.0,,0.0,0.0,,,0.0010028112446889281,0.0003664381802082062,0.00029031038866378367,0.001433429541066289,0.009623471647500992,0.00036909678601659834,0.007762541063129902,8.359312050743029e-05,1.0
1458,0.0,1.0,0.0,0.0,0.0,0.0,0.0,0.0,0.033715322613716125,0.9769381284713745,0.04930634796619415,0.013985197059810162,0.507773756980896,0.011737734079360962,0.025856684893369675,0.00471388828009367,4.0
1459,1.0,1.0,1.0,1.0,1.0,1.0,1.0,1.0,0.9295459389686584,0.9998073577880859,0.9982123374938965,0.6501415967941284,0.9926764965057373,0.9987536072731018,0.7976452708244324,0.049393560737371445,2.0
1460,0.0,,1.0,0.0,1.0,1.0,,,0.06780083477497101,0.9744497537612915,0.8862359523773193,0.014115449041128159,0.8858045339584351,0.822181761264801,0.056455545127391815,0.0003366496821399778,3.0
1461,1.0,1.0,1.0,0.0,1.0,1.0,,,0.796403169631958,0.9950249791145325,0.948547899723053,0.6255998015403748,0.9462443590164185,0.9925355315208435,0.4349365234375,0.016695115715265274,1.0
1462,1.0,1.0,1.0,1.0,1.0,1.0,1.0,,0.9999035596847534,0.9991385340690613,0.9996770620346069,0.9841283559799194,0.9987455010414124,0.9998881816864014,0.9963287711143494,0.9693145155906677,2.0
1463,0.0,1.0,1.0,1.0,1.0,1.0,0.0,0.0,0.6059949994087219,0.991957426071167,0.9917747974395752,0.8690236806869507,0.9979746341705322,0.9953634142875671,0.2115621268749237,0.023271813988685608,3.0
1464,0.0,0.0,0.0,0.0,0.0,0.0,0.0,0.0,0.002080337144434452,0.000552091805730015,0.0007050256244838238,0.003583955578505993,0.020665785297751427,0.00018754803750198334,0.012345988303422928,0.00018833240028470755,3.0
1465,0.0,0.0,0.0,0.0,0.0,0.0,0.0,0.0,0.0010264399461448193,0.0008918866515159607,0.0006685286061838269,0.0003222412778995931,0.011464124545454979,0.0004244176670908928,0.007646115496754646,9.369214239995927e-05,0.0
1466,0.0,,0.0,,1.0,0.0,,,0.0028867151122540236,0.26537492871284485,0.42344558238983154,0.004542216658592224,0.6087526082992554,0.025573546066880226,0.013114184141159058,9.101465548155829e-05,1.0
1467,0.0,0.0,0.0,0.0,0.0,0.0,0.0,0.0,0.0009652703301981091,0.0006560594774782658,0.0006870803190395236,0.00039471653872169554,0.007179825101047754,0.00013004930224269629,0.0019041055347770452,0.00011554839147720486,0.0
1468,1.0,0.0,1.0,1.0,1.0,0.0,0.0,0.0,0.7695857882499695,0.9115984439849854,0.9602984189987183,0.2964234948158264,0.8188431262969971,0.05189063400030136,0.49903610348701477,0.2219861000776291,2.0
1469,0.0,,0.0,0.0,0.0,0.0,,,0.0008197614224627614,0.0004093623720109463,0.0005503046559169888,0.001121895737014711,0.022694071754813194,0.00020295035210438073,0.005878624506294727,0.00048193009570240974,3.0
1470,0.0,,,0.0,1.0,0.0,,,0.3786430060863495,0.09509193897247314,0.3007161617279053,0.7668466567993164,0.8390661478042603,0.009181316010653973,0.17185521125793457,0.002775597618892789,4.0
1471,0.0,,0.0,0.0,1.0,0.0,,,0.18707279860973358,0.02801290526986122,0.3131357431411743,0.08404769748449326,0.8215831518173218,0.002644148888066411,0.09646670520305634,0.00020682881586253643,2.0
1472,1.0,1.0,1.0,1.0,1.0,1.0,1.0,0.0,0.9954927563667297,0.9998272061347961,0.9997462630271912,0.9957030415534973,0.9994037747383118,0.9997961521148682,0.7179262042045593,0.4759424328804016,2.0
1473,,,,,,,0.0,0.0,0.0029732738621532917,0.0012375236256048083,0.000938315992243588,0.006068370305001736,0.07014979422092438,0.0009649494895711541,0.056916914880275726,0.00043399655260145664,3.0
1474,0.0,0.0,1.0,0.0,1.0,0.0,0.0,,0.009385130368173122,0.4582739770412445,0.2934025824069977,0.3987174332141876,0.621423602104187,0.07723492383956909,0.17651087045669556,0.0012696784688159823,3.0
1475,0.0,,0.0,0.0,1.0,0.0,,,0.0022147484123706818,0.5151546597480774,0.042862147092819214,0.0021942241583019495,0.9891046285629272,0.10981831699609756,0.048455946147441864,0.0003803627914749086,1.0
1476,0.0,,1.0,1.0,1.0,1.0,,,0.6020451784133911,0.9888155460357666,0.998320460319519,0.8372013568878174,0.9952630996704102,0.9513115286827087,0.40672287344932556,0.009598663076758385,2.0
1477,0.0,,0.0,0.0,0.0,0.0,,,0.004661204759031534,0.0006620493368245661,0.0010801812168210745,0.004702836275100708,0.06032441928982735,0.0008263218333013356,0.08071263879537582,0.0002866216527763754,2.0
1478,1.0,1.0,1.0,1.0,1.0,1.0,1.0,,0.989733099937439,0.9996238350868225,0.9999530911445618,0.999481737613678,0.9955453872680664,0.9801003932952881,0.7495431900024414,0.08898209780454636,4.0
1479,0.0,0.0,0.0,0.0,0.0,0.0,0.0,0.0,0.0006860445719212294,0.000569032272323966,0.00019064027583226562,0.000868883915245533,0.014890646561980247,0.00015043873281683773,0.008044746704399586,0.0002221467439085245,4.0
1480,0.0,0.0,0.0,0.0,0.0,0.0,,,0.0008576814434491098,0.0003888600622303784,0.00035816695890389383,0.0007242319406941533,0.013334469869732857,0.0003476382698863745,0.007678823545575142,8.180153963621706e-05,1.0
1481,0.0,1.0,1.0,1.0,1.0,1.0,0.0,0.0,0.4476729929447174,0.9781091213226318,0.9992927312850952,0.8357599377632141,0.9989627003669739,0.9472103118896484,0.510586142539978,0.006519662216305733,3.0
1482,1.0,1.0,1.0,0.0,1.0,0.0,1.0,0.0,0.8998116850852966,0.8551348447799683,0.9507288932800293,0.7867509126663208,0.41434696316719055,0.5575177669525146,0.6718223094940186,0.055865246802568436,4.0
1483,0.0,0.0,0.0,0.0,0.0,0.0,0.0,0.0,0.0007033508154563606,9.154291910817847e-05,0.0007006084779277444,0.0032019063364714384,0.042859505861997604,0.00014281338371802121,0.008476216346025467,0.00010437606397317722,2.0
1484,1.0,,1.0,1.0,1.0,1.0,,,0.9102206230163574,0.9970599412918091,0.9997566938400269,0.9667527675628662,0.9872533679008484,0.9555692076683044,0.526570200920105,0.012132405303418636,4.0
1485,1.0,1.0,1.0,1.0,1.0,1.0,0.0,,0.9974098205566406,0.9965254664421082,0.9302452206611633,0.7343848943710327,0.900492787361145,0.9496482014656067,0.4416932165622711,0.37241730093955994,4.0
1486,0.0,,1.0,0.0,1.0,0.0,,,0.1047944650053978,0.8319028615951538,0.9692147970199585,0.04554587975144386,0.9865463972091675,0.5565195083618164,0.018022939562797546,0.0006764986901544034,0.0
1487,1.0,1.0,1.0,1.0,1.0,1.0,1.0,1.0,0.9981997013092041,0.9997797012329102,0.9996823668479919,0.994682788848877,0.9991983771324158,0.9997862577438354,0.7614580392837524,0.44808992743492126,2.0
1488,0.0,,1.0,,1.0,0.0,,,0.011231604032218456,0.671483039855957,0.34944650530815125,0.00820594746619463,0.9440499544143677,0.06393253803253174,0.01605057716369629,0.00027496684924699366,0.0
1489,1.0,1.0,1.0,1.0,0.0,0.0,1.0,0.0,0.9982022047042847,0.8123776912689209,0.5017654895782471,0.5489307045936584,0.852460503578186,0.0031865593045949936,0.5827533006668091,0.5937802791595459,3.0
1490,0.0,,1.0,0.0,1.0,0.0,,,0.8072132468223572,0.1363615095615387,0.6678481698036194,0.24756735563278198,0.6264471411705017,0.4666142463684082,0.13997752964496613,0.0012798593379557133,1.0
1491,0.0,0.0,0.0,0.0,0.0,0.0,1.0,0.0,0.0072668264620006084,0.004259736742824316,0.005523992702364922,0.008113288320600986,0.030145836994051933,0.00047472387086600065,0.006535812746733427,0.00035793098504655063,0.0
1492,0.0,0.0,0.0,0.0,1.0,0.0,0.0,0.0,0.001668251701630652,0.03947395086288452,0.04108424112200737,0.0015278212958946824,0.015966380015015602,0.002489454345777631,0.025166181847453117,0.0002648537920322269,3.0
1493,1.0,1.0,1.0,1.0,1.0,0.0,1.0,,0.9994333386421204,0.9888479709625244,0.9988677501678467,0.9973670840263367,0.9931881427764893,0.3857736885547638,0.7928328514099121,0.8022083640098572,2.0
1494,1.0,1.0,1.0,1.0,1.0,0.0,1.0,,0.9997852444648743,0.9961883425712585,0.9917720556259155,0.9899309873580933,0.9243128299713135,0.5161699056625366,0.9824506044387817,0.9259566068649292,0.0
1495,0.0,1.0,1.0,0.0,1.0,1.0,0.0,0.0,0.5633019804954529,0.9937440156936646,0.9563304781913757,0.23722070455551147,0.986706554889679,0.9923302531242371,0.33343830704689026,0.02033926174044609,4.0
1496,0.0,0.0,0.0,0.0,0.0,0.0,0.0,0.0,0.0006560147739946842,0.0005142971640452743,0.00022347453341353685,0.0007603716221638024,0.0061925966292619705,0.00018758329679258168,0.013127989135682583,0.0003134049184154719,4.0
1497,1.0,1.0,1.0,1.0,1.0,1.0,1.0,0.0,0.9999798536300659,0.9995578527450562,0.9998020529747009,0.9996383190155029,0.9995239973068237,0.9998770952224731,0.9920123219490051,0.9945957660675049,2.0
1498,1.0,1.0,1.0,1.0,1.0,1.0,,,0.9668619632720947,0.9952510595321655,0.9981623291969299,0.9945195913314819,0.9840357303619385,0.9917799234390259,0.48597002029418945,0.022191109135746956,4.0
1499,0.0,0.0,0.0,0.0,0.0,0.0,0.0,0.0,0.0011371937580406666,0.0007249772897921503,0.00039875993388704956,0.0006297585205174983,0.019761424511671066,0.00015988618542905897,0.002214528154581785,0.00011201313463971019,0.0
1500,1.0,1.0,1.0,1.0,1.0,1.0,1.0,,0.724763035774231,0.9995774030685425,0.9998346567153931,0.9906671643257141,0.9979441165924072,0.9995050430297852,0.21227221190929413,0.10016293078660965,4.0
1501,1.0,0.0,0.0,0.0,1.0,1.0,0.0,,0.9473606944084167,0.769585132598877,0.6613856554031372,0.7935118675231934,0.8143110871315002,0.20655466616153717,0.09584520757198334,0.0590287521481514,3.0
1502,1.0,1.0,1.0,0.0,1.0,0.0,0.0,0.0,0.6203342080116272,0.9763854146003723,0.9638829231262207,0.4215633273124695,0.9631831049919128,0.6930350661277771,0.06950728595256805,0.00559423491358757,1.0
1503,0.0,1.0,1.0,0.0,1.0,1.0,,,0.243317648768425,0.9178771376609802,0.9701983332633972,0.08933345228433609,0.9734035730361938,0.8528009653091431,0.04689084365963936,0.0005410490557551384,3.0
1504,0.0,0.0,0.0,0.0,0.0,0.0,0.0,0.0,0.0005372498417273164,0.00037526924279518425,0.00014445759006775916,0.0008379467763006687,0.013245806097984314,7.97227694420144e-05,0.00671117240563035,0.0002109763736370951,4.0
1505,0.0,0.0,0.0,0.0,1.0,0.0,,,0.015254280529916286,0.037460386753082275,0.5105970501899719,0.28014254570007324,0.292007714509964,0.008994287811219692,0.007169437129050493,0.0004859365290030837,0.0
1506,0.0,1.0,1.0,0.0,1.0,1.0,,,0.3379291296005249,0.8976837992668152,0.8578156232833862,0.06938454508781433,0.9986492991447449,0.7834254503250122,0.014767700806260109,0.00030769940349273384,0.0
1507,0.0,,0.0,,0.0,0.0,,,0.0010687164030969143,0.0018434503581374884,0.0011066361330449581,0.0023045442067086697,0.0585717111825943,0.0010640391847118735,0.00784611701965332,0.00020800736092496663,3.0
1508,1.0,,0.0,,1.0,1.0,,,0.6472141146659851,0.6433887481689453,0.18127278983592987,0.014470266178250313,0.38880062103271484,0.2783578634262085,0.06002642214298248,0.00011911612091353163,1.0
1509,0.0,0.0,0.0,0.0,0.0,0.0,0.0,0.0,0.0009700112859718502,0.0011016791686415672,0.0008098704274743795,0.0004991924506612122,0.021043475717306137,0.00017877895152196288,0.0018253071466460824,9.742681868374348e-05,0.0
1510,1.0,,1.0,,1.0,1.0,,,0.15322957932949066,0.9938209652900696,0.8900121450424194,0.013391000218689442,0.9726396799087524,0.8865156769752502,0.04477911815047264,0.0005075273802503943,0.0
1511,0.0,0.0,0.0,0.0,0.0,0.0,0.0,0.0,0.5491844415664673,0.1570979803800583,0.25356289744377136,0.5051351189613342,0.5988104343414307,0.003333623055368662,0.8666633367538452,0.05927508324384689,0.0
1512,1.0,1.0,1.0,1.0,1.0,1.0,1.0,1.0,0.9996054172515869,0.9994969367980957,0.9997906684875488,0.999090850353241,0.9992779493331909,0.9438398480415344,0.9742294549942017,0.742387056350708,2.0
1513,1.0,1.0,1.0,1.0,1.0,1.0,0.0,1.0,0.9994528293609619,0.9969761371612549,0.9997177124023438,0.9582483172416687,0.9994288086891174,0.9991225600242615,0.27235129475593567,0.4340364933013916,1.0
1514,0.0,1.0,1.0,1.0,1.0,1.0,1.0,0.0,0.7266950607299805,0.9984543323516846,0.9996510148048401,0.9920047521591187,0.9992836713790894,0.9790531396865845,0.4389019012451172,0.04034697264432907,2.0
1515,0.0,0.0,0.0,0.0,0.0,0.0,0.0,0.0,0.0006301534594967961,0.0005211047828197479,0.00016402645269408822,0.0007519788923673332,0.008551141247153282,0.00011145099415443838,0.013351465575397015,0.00027633446734398603,4.0
1516,1.0,1.0,1.0,1.0,1.0,1.0,0.0,0.0,0.7814149260520935,0.9989420175552368,0.999933123588562,0.9948097467422485,0.9950110912322998,0.9445867538452148,0.17944779992103577,0.03547040373086929,4.0
1517,0.0,,0.0,,0.0,0.0,,,0.002731346059590578,0.00018791323236655444,0.0003728072624653578,0.002345500746741891,0.011298159137368202,0.0002020932297455147,0.02758445031940937,0.00029349394026212394,2.0
1518,1.0,1.0,1.0,1.0,1.0,1.0,0.0,1.0,0.9819138050079346,0.9385974407196045,0.9954736232757568,0.99181067943573,0.9968292713165283,0.9998157024383545,0.05663739889860153,0.7202047109603882,1.0
1519,1.0,1.0,1.0,1.0,1.0,1.0,1.0,0.0,0.9959781169891357,0.9995346069335938,0.999826192855835,0.9979841113090515,0.9994973540306091,0.9944325089454651,0.7980393171310425,0.12546581029891968,3.0
1520,0.0,0.0,0.0,0.0,0.0,0.0,0.0,0.0,0.0005693709244951606,0.0005280660116113722,0.00024481903528794646,0.001012400141917169,0.01953950896859169,0.00015477639681193978,0.008957250975072384,0.00016629215679131448,4.0
1521,1.0,1.0,1.0,1.0,1.0,1.0,1.0,,0.9799161553382874,0.9992491006851196,0.9992867112159729,0.998370349407196,0.9904509782791138,0.822334349155426,0.7356889843940735,0.03724825382232666,1.0
1522,1.0,,1.0,1.0,1.0,1.0,,,0.9943791031837463,0.9995183944702148,0.9998236298561096,0.9907783269882202,0.9952489733695984,0.9746701717376709,0.1854446530342102,0.7140740156173706,4.0
1523,1.0,1.0,1.0,1.0,1.0,1.0,0.0,1.0,0.9987343549728394,0.947884202003479,0.9996637105941772,0.9940522909164429,0.996397852897644,0.9753651022911072,0.22075219452381134,0.7893366813659668,1.0
1524,1.0,1.0,1.0,1.0,1.0,1.0,,,0.9999005198478699,0.9998905658721924,0.9998571276664734,0.9997729063034058,0.9942861795425415,0.9774109721183777,0.9898272156715393,0.9587222337722778,4.0
1525,0.0,,0.0,0.0,0.0,0.0,,,0.0012030645739287138,0.0009657590417191386,0.000975805101916194,0.0005323361256159842,0.007868299260735512,0.00024097494315356016,0.013756555505096912,0.0006048685754649341,0.0
1526,0.0,0.0,0.0,0.0,0.0,0.0,0.0,0.0,0.0007961940136738122,0.00010535860928939655,0.0005049103638157248,0.0010909816483035684,0.008333402685821056,0.0002524016599636525,0.03972234949469566,9.659632632974535e-05,2.0
1527,1.0,1.0,1.0,1.0,1.0,1.0,0.0,0.0,0.9590343236923218,0.9959911108016968,0.9998619556427002,0.9938730001449585,0.9990957975387573,0.9744411706924438,0.11607380211353302,0.041958943009376526,4.0
1528,1.0,1.0,1.0,1.0,1.0,1.0,0.0,0.0,0.998636782169342,0.9996174573898315,0.9985647201538086,0.8681990504264832,0.9953802824020386,0.9988065361976624,0.45258018374443054,0.7270950675010681,4.0
1529,1.0,1.0,1.0,1.0,1.0,1.0,1.0,1.0,0.9990720152854919,0.9996092319488525,0.9999520182609558,0.9870300889015198,0.9978384971618652,0.9947096109390259,0.9516170024871826,0.9226305484771729,4.0
1530,1.0,1.0,1.0,1.0,1.0,1.0,0.0,0.0,0.9872434735298157,0.9995659589767456,0.7957322001457214,0.9810339212417603,0.9992054104804993,0.9986499547958374,0.5515156388282776,0.7970842719078064,0.0
1531,,,1.0,,1.0,1.0,,,0.3191155791282654,0.953892171382904,0.7784026861190796,0.06800255924463272,0.9713066816329956,0.7713452577590942,0.02458828315138817,0.0005116668180562556,3.0
1532,0.0,,0.0,0.0,0.0,0.0,,,0.0017284624045714736,0.00047551444731652737,0.00047458583139814436,0.0014013070613145828,0.02033263072371483,0.0008575358078815043,0.05103791505098343,0.00019625194545369595,2.0
1533,0.0,0.0,0.0,0.0,0.0,0.0,,,0.0010759180877357721,0.0004863736976403743,0.0006628699484281242,0.0011275263968855143,0.01354934647679329,0.00022405647905543447,0.010326155461370945,0.00046721010585315526,3.0
1534,,1.0,,0.0,,,,,0.06091899797320366,0.7753755450248718,0.0015798555687069893,0.048141952604055405,0.025474825873970985,0.00042304201633669436,0.02183615416288376,0.0012320771347731352,4.0
1535,1.0,,1.0,1.0,1.0,1.0,,,0.7125932574272156,0.999183714389801,0.9990177154541016,0.6093564629554749,0.9966148138046265,0.9974446296691895,0.14069916307926178,0.01599031127989292,2.0
1536,0.0,0.0,0.0,0.0,0.0,0.0,0.0,0.0,0.0008666614885441959,0.00037895029527135193,0.00047496877959929407,0.0014343592338263988,0.011411324143409729,0.0002483477583155036,0.005067755933851004,0.00022269715555012226,3.0
1537,0.0,,0.0,,0.0,0.0,,,0.004757639952003956,0.0019066308159381151,0.0009652592707425356,0.04845304414629936,0.07493391633033752,0.0009347907034680247,0.07344849407672882,0.0004545043921098113,0.0
1538,0.0,1.0,1.0,1.0,1.0,1.0,0.0,,0.4056522250175476,0.9933508634567261,0.997364342212677,0.8691793084144592,0.9983708262443542,0.8247307538986206,0.22028467059135437,0.005997391417622566,1.0
1539,0.0,,1.0,,1.0,1.0,,,0.049229010939598083,0.8996729850769043,0.10453987121582031,0.001044536242261529,0.9977450966835022,0.8046129941940308,0.011472852900624275,0.00018857930263038725,2.0
1540,0.0,,0.0,,0.0,0.0,,,0.0009194720769301057,0.0009338179370388389,0.00048171146772801876,0.0013281238498166203,0.01044099684804678,0.00033715672907419503,0.011198800057172775,0.0002976832038257271,3.0
1541,1.0,,1.0,,1.0,1.0,,,0.8752743601799011,0.9984173774719238,0.9998530745506287,0.9705036878585815,0.9998812675476074,0.9805892705917358,0.5720711350440979,0.013570697978138924,1.0
1542,0.0,,0.0,,0.0,0.0,,,0.0008467279840260744,0.000308592920191586,0.0005378267378546298,0.0012327146250754595,0.015540746971964836,0.00014360480417963117,0.00458130007609725,0.00025230267783626914,3.0
1543,0.0,0.0,0.0,,0.0,0.0,,,0.0009182569338008761,0.0002241791517008096,0.0005239375168457627,0.0011680449824780226,0.014290958642959595,0.0003132282290607691,0.00483196135610342,0.00023699445591773838,3.0
1544,0.0,1.0,0.0,,0.0,0.0,,,0.04249396175146103,0.9187029004096985,0.010921210050582886,0.013539159670472145,0.16168130934238434,0.0009082097676582634,0.03324250504374504,0.0018048195634037256,2.0
1545,0.0,,0.0,0.0,0.0,0.0,,,0.000652362359687686,0.00012502640311140567,0.0004608232411555946,0.0012790532782673836,0.007237954996526241,0.00010325579933123663,0.003424709662795067,0.00011084478319389746,2.0
1546,1.0,1.0,1.0,1.0,1.0,1.0,1.0,1.0,0.9999408721923828,0.987080991268158,0.999862015247345,0.9992232918739319,0.9871077537536621,0.43265417218208313,0.9142270684242249,0.9879493713378906,1.0
1547,0.0,0.0,0.0,0.0,0.0,0.0,,,0.0008139617275446653,0.0003936336433980614,0.00026805081870406866,0.0008381102234125137,0.01130131259560585,0.0002551494399085641,0.005903035402297974,6.968589150346816e-05,1.0
1548,1.0,1.0,1.0,0.0,1.0,1.0,,,0.33068373799324036,0.9976711273193359,0.9016999006271362,0.04854612424969673,0.9573716521263123,0.9815456867218018,0.20015287399291992,0.006425812840461731,3.0
1549,0.0,0.0,0.0,0.0,0.0,0.0,0.0,0.0,0.0008571743965148926,0.00045496769598685205,0.00041216841782443225,0.001250544679351151,0.01004967000335455,0.00020604585006367415,0.005887649953365326,0.0001877825998235494,3.0
1550,1.0,0.0,1.0,1.0,1.0,0.0,,,0.9889811873435974,0.5994287133216858,0.9999245405197144,0.9762358069419861,0.9504355788230896,0.7120046019554138,0.44359633326530457,0.6091042757034302,3.0
1551,1.0,1.0,1.0,1.0,1.0,1.0,1.0,0.0,0.9637447595596313,0.9959598779678345,0.9992707967758179,0.9922218918800354,0.9989726543426514,0.9829120635986328,0.8834714889526367,0.32123783230781555,0.0
1552,1.0,1.0,1.0,1.0,1.0,1.0,1.0,1.0,0.9993608593940735,0.9998905658721924,0.9998555183410645,0.9989442229270935,0.9997400045394897,0.9911209344863892,0.9086199402809143,0.9702358245849609,1.0
1553,0.0,0.0,0.0,0.0,0.0,0.0,0.0,0.0,0.0010914154117926955,0.000538034422788769,0.0006522015319205821,0.0009735588100738823,0.0034899841994047165,0.00045492599019780755,0.02022497169673443,0.00016790781228337437,1.0
1554,0.0,0.0,1.0,0.0,1.0,0.0,,,0.09630849212408066,0.19854149222373962,0.6723809242248535,0.016975484788417816,0.9575566649436951,0.32731908559799194,0.048403024673461914,0.00027126650093123317,3.0
1555,0.0,,0.0,,0.0,0.0,,,0.0010128202848136425,0.0003521287871990353,0.0005169358337298036,0.001175063312985003,0.014053129591047764,0.0004299201536923647,0.0054959021508693695,0.00022446292859967798,3.0
1556,1.0,1.0,1.0,1.0,1.0,1.0,,,0.9862767457962036,0.9857879281044006,0.9852245450019836,0.3296443521976471,0.9968957901000977,0.4383631646633148,0.14914290606975555,0.025559093803167343,1.0
1557,1.0,,1.0,1.0,1.0,,,,0.9991564154624939,0.9998267889022827,0.999803364276886,0.998934268951416,0.9996749758720398,0.9999439120292664,0.9552927613258362,0.38781628012657166,2.0
1558,0.0,0.0,0.0,0.0,0.0,0.0,0.0,0.0,0.0008526493329554796,0.0002992532099597156,0.00046229385770857334,0.0008347968105226755,0.0066513968631625175,0.00022171222371980548,0.006785805337131023,0.00010561349336057901,1.0
1559,0.0,0.0,0.0,0.0,0.0,0.0,0.0,0.0,0.001345811178907752,0.0009842115687206388,0.0024429894983768463,0.0006146155647002161,0.05101124197244644,0.000692770816385746,0.015942245721817017,0.00019055201846640557,0.0
1560,0.0,0.0,0.0,0.0,0.0,0.0,0.0,0.0,0.0011475856881588697,0.0004909517010673881,0.00076771603198722,0.0025038509629666805,0.043490711599588394,0.00023913252516649663,0.00436420738697052,0.00013028632383793592,2.0
1561,1.0,1.0,1.0,1.0,1.0,1.0,1.0,1.0,0.9999367594718933,0.9991924166679382,0.9999570250511169,0.9698667526245117,0.9986954927444458,0.997326672077179,0.984748899936676,0.9062550663948059,3.0
1562,0.0,,0.0,,1.0,1.0,,,0.021847309544682503,0.5779545903205872,0.5161057114601135,0.004657353740185499,0.9991201162338257,0.8578648567199707,0.021231114864349365,0.00021560763707384467,0.0
1563,1.0,1.0,1.0,1.0,1.0,1.0,0.0,,0.9707213640213013,0.9163152575492859,0.9984903335571289,0.9610994458198547,0.9839543700218201,0.9949764013290405,0.32441282272338867,0.12714655697345734,3.0
1564,0.0,0.0,0.0,0.0,0.0,0.0,0.0,0.0,0.0009443076560273767,0.0009288580622524023,0.000586050795391202,0.0007933446322567761,0.016376817598938942,0.00017391762230545282,0.0016726342728361487,8.589699427830055e-05,0.0
1565,1.0,1.0,1.0,1.0,1.0,1.0,1.0,1.0,0.9960241317749023,0.9942542314529419,0.9984602332115173,0.9957872629165649,0.9943929314613342,0.9656534194946289,0.9957923293113708,0.5302159786224365,0.0
1566,0.0,,0.0,,0.0,0.0,,,0.0014746078522875905,0.0009594806469976902,0.0008614336838945746,0.009378296323120594,0.0883907899260521,0.0005249790847301483,0.006416005082428455,0.00012142149353167042,0.0
1567,0.0,0.0,0.0,0.0,0.0,0.0,0.0,0.0,0.0012365388683974743,0.0006237924681045115,0.0003744565765373409,0.0010980357183143497,0.007962599396705627,0.000475500914035365,0.031083229929208755,0.00042307269177399576,3.0
1568,1.0,,1.0,1.0,1.0,1.0,,,0.9637892246246338,0.9958409070968628,0.9992524981498718,0.9354367256164551,0.9685879945755005,0.9292572736740112,0.69603431224823,0.08311108499765396,4.0
1569,0.0,,0.0,0.0,0.0,0.0,,,0.002675240160897374,0.0012533526169136167,0.0017974639777094126,0.0009158976026810706,0.022801747545599937,0.0002485184231773019,0.01113094761967659,0.0004911109572276473,0.0
1570,,,1.0,,1.0,1.0,,,0.25548359751701355,0.9743601679801941,0.9979592561721802,0.923703670501709,0.9506718516349792,0.4859655499458313,0.5130683183670044,0.007319881115108728,4.0
1571,0.0,0.0,0.0,,1.0,0.0,,,0.1519162356853485,0.20567107200622559,0.032956093549728394,0.011984484270215034,0.969274640083313,0.16068582236766815,0.13376484811306,0.0008471484761685133,3.0
1572,1.0,1.0,1.0,,1.0,1.0,,,0.9407286643981934,0.9984808564186096,0.9804314374923706,0.44918668270111084,0.9978198409080505,0.9985890984535217,0.3308347463607788,0.15105855464935303,1.0
1573,0.0,0.0,0.0,0.0,0.0,0.0,0.0,0.0,0.0006900756852701306,7.820355676813051e-05,0.00028152691083960235,0.000928552239201963,0.015381171368062496,9.186789247905836e-05,0.0031540768686681986,9.911275265039876e-05,2.0
1574,1.0,1.0,1.0,1.0,1.0,1.0,0.0,0.0,0.9802279472351074,0.9989864826202393,0.9996547698974609,0.9980981945991516,0.9987161159515381,0.8590942621231079,0.6173991560935974,0.14366279542446136,3.0
1575,0.0,,1.0,,1.0,1.0,,,0.49711716175079346,0.983180582523346,0.7108606696128845,0.021411985158920288,0.8636547923088074,0.9838716983795166,0.1625806987285614,0.002387668238952756,0.0
1576,1.0,1.0,1.0,1.0,1.0,1.0,1.0,,0.9996157288551331,0.9997509121894836,0.9996950030326843,0.9935634732246399,0.9942360520362854,0.9992660284042358,0.9073764681816101,0.5640977025032043,3.0
1577,0.0,0.0,0.0,0.0,0.0,0.0,0.0,0.0,0.0009110320825129747,0.0012476533884182572,0.0007832053815945983,0.001449889619834721,0.026586025953292847,0.00034317022073082626,0.010111523792147636,7.679705595364794e-05,1.0
1578,0.0,1.0,0.0,,0.0,0.0,,,0.33318278193473816,0.9216947555541992,0.0006503905751742423,0.01729847490787506,0.012324236333370209,0.001746675930917263,0.17088909447193146,0.0015587190864607692,1.0
1579,0.0,,0.0,0.0,0.0,0.0,,,0.0006302176625467837,0.000730634608771652,0.0005534421652555466,0.0006973240524530411,0.011516088619828224,0.0002494098152965307,0.04355521872639656,0.00048768342821858823,4.0
1580,1.0,1.0,1.0,0.0,1.0,1.0,0.0,0.0,0.9025134444236755,0.9970752000808716,0.9870977401733398,0.6656188368797302,0.9916526675224304,0.9831476211547852,0.22822710871696472,0.018872980028390884,2.0
1581,1.0,,1.0,1.0,1.0,1.0,,,0.6561957001686096,0.9973687529563904,0.9993716478347778,0.9728951454162598,0.9988356828689575,0.9834259748458862,0.4718802571296692,0.03383577987551689,3.0
1582,,,0.0,,0.0,0.0,,,0.002214381005614996,0.0005940248956903815,0.0007837411249056458,0.002495169173926115,0.027798602357506752,0.0002705119550228119,0.0026247708592563868,7.47054727980867e-05,0.0
1583,1.0,0.0,1.0,1.0,1.0,1.0,0.0,0.0,0.8226605653762817,0.707709789276123,0.9997606873512268,0.9986814260482788,0.9977682828903198,0.6415455341339111,0.17719799280166626,0.027183502912521362,2.0
1584,,0.0,0.0,0.0,0.0,,0.0,0.0,0.0010278616100549698,0.000963785161729902,0.0007382029434666038,0.0005163501482456923,0.010378897190093994,0.0003113168349955231,0.004119367338716984,0.0001475991157349199,0.0
1585,0.0,1.0,0.0,0.0,1.0,1.0,0.0,0.0,0.14761637151241302,0.8531154990196228,0.3635353147983551,0.007504760287702084,0.7666041851043701,0.47804468870162964,0.17143160104751587,0.0007555478368885815,4.0
1586,0.0,0.0,0.0,0.0,0.0,0.0,,,0.01438005268573761,0.0012475859839469194,0.00036226792144589126,0.004261565860360861,0.01598687469959259,0.0007669831393286586,0.04575614258646965,0.0002567377232480794,1.0
1587,1.0,1.0,1.0,1.0,1.0,1.0,0.0,,0.9247673153877258,0.4723466634750366,0.9995180368423462,0.9979560971260071,0.9695695638656616,0.20356857776641846,0.2916526198387146,0.10523749142885208,3.0
1588,1.0,,1.0,1.0,0.0,0.0,,,0.9490870237350464,0.7288451194763184,0.9723585844039917,0.6997194290161133,0.9455192685127258,0.2348734438419342,0.5657064914703369,0.322668194770813,3.0
1589,1.0,1.0,1.0,1.0,1.0,1.0,1.0,1.0,0.999846339225769,0.9998258948326111,0.9998921155929565,0.9994180202484131,0.9888719320297241,0.9464710354804993,0.9943321943283081,0.9729686975479126,4.0
1590,0.0,0.0,0.0,0.0,0.0,0.0,,,0.000855460180900991,0.0006005800096318126,0.0005128648481331766,0.00037421664455905557,0.011911610141396523,0.0001976360654225573,0.001743954373523593,7.328014908125624e-05,0.0
1591,1.0,1.0,1.0,1.0,1.0,1.0,1.0,1.0,0.9944571852684021,0.9994614720344543,0.9992872476577759,0.9947614073753357,0.9987318515777588,0.9994815587997437,0.9954640865325928,0.08202677965164185,2.0
1592,1.0,1.0,1.0,1.0,1.0,1.0,0.0,0.0,0.9960971474647522,0.9971778392791748,0.9993727207183838,0.9979643821716309,0.9996066093444824,0.9997948408126831,0.566379964351654,0.11571942269802094,0.0
1593,1.0,1.0,1.0,1.0,1.0,1.0,,,0.9933723211288452,0.9996662735939026,0.9999495148658752,0.9943617582321167,0.9986643195152283,0.9991910457611084,0.670519232749939,0.2728818655014038,3.0
1594,0.0,0.0,0.0,0.0,0.0,0.0,0.0,0.0,0.001466234214603901,0.00016611049068160355,0.0016738394042477012,0.02386109158396721,0.057454947382211685,0.00029644480673596263,0.03909023106098175,0.00021417305106297135,2.0
1595,,,0.0,0.0,0.0,0.0,,,0.022899886593222618,0.0004634119104593992,0.00040358290425501764,0.004267408046871424,0.028956249356269836,0.00020488440350163728,0.021352797746658325,0.0002438329393044114,4.0
1596,0.0,0.0,0.0,0.0,0.0,0.0,0.0,0.0,0.0025660330429673195,0.0006140351761132479,0.000907141191419214,0.008112193085253239,0.025827497243881226,0.0010520924115553498,0.013069843873381615,9.848790796240792e-05,1.0
1597,1.0,1.0,1.0,1.0,1.0,1.0,1.0,1.0,0.9998995661735535,0.9999039173126221,0.9999499320983887,0.987369179725647,0.9975876808166504,0.9994072318077087,0.9659668803215027,0.9951745271682739,4.0
1598,0.0,0.0,0.0,0.0,0.0,0.0,0.0,0.0,0.003744150511920452,0.0016326068434864283,0.0008786059333942831,0.004487976897507906,0.12782393395900726,0.00033529341453686357,0.02961772307753563,9.81068005785346e-05,1.0
1599,1.0,,1.0,1.0,1.0,1.0,,,0.9938527941703796,0.9944853782653809,0.9997657537460327,0.235116109251976,0.9984193444252014,0.9748639464378357,0.6197338700294495,0.09869671612977982,1.0
1600,1.0,,1.0,1.0,1.0,1.0,,,0.9981854557991028,0.9998427629470825,0.999966025352478,0.9996644854545593,0.9977622628211975,0.999530553817749,0.9912233948707581,0.8360368013381958,4.0
1601,0.0,,1.0,,1.0,1.0,,,0.8710571527481079,0.9994718432426453,0.9999017119407654,0.6559678912162781,0.9991433620452881,0.9951818585395813,0.8620323538780212,0.10567295551300049,1.0
1602,1.0,1.0,1.0,1.0,1.0,1.0,1.0,1.0,0.9999275803565979,0.9999523162841797,0.9999454617500305,0.99857497215271,0.9992491006851196,0.9970990419387817,0.9784177541732788,0.9871299862861633,3.0
1603,1.0,1.0,1.0,1.0,1.0,1.0,1.0,1.0,0.9997418522834778,0.9999366998672485,0.9997950196266174,0.9901293516159058,0.9975448846817017,0.9997531175613403,0.984758734703064,0.9945668578147888,4.0
1604,1.0,1.0,1.0,1.0,1.0,1.0,1.0,1.0,0.9998244047164917,0.9999456405639648,0.9995179176330566,0.973057746887207,0.9996803998947144,0.9998183846473694,0.7462647557258606,0.9970700144767761,0.0
1605,0.0,0.0,0.0,0.0,0.0,0.0,0.0,0.0,0.0028609733562916517,0.0008105511078611016,0.0023185661993920803,0.0028267824091017246,0.04363347589969635,0.00028149914578534663,0.016139008104801178,0.00010243719589198008,0.0
1606,0.0,0.0,0.0,0.0,0.0,0.0,0.0,0.0,0.0007662859279662371,0.0001058578782249242,0.00031401959131471813,0.00104238570202142,0.0089579988270998,0.00011156394612044096,0.005838543642312288,0.00010560775990597904,2.0
1607,0.0,0.0,0.0,0.0,0.0,0.0,0.0,0.0,0.000600150553509593,0.00014362022920977324,0.0003666630946099758,0.0010008873650804162,0.014053815975785255,0.0001234266528626904,0.003300664946436882,0.00010339755681343377,2.0
1608,1.0,1.0,1.0,1.0,1.0,1.0,,,0.9822854995727539,0.9966877102851868,0.9099500179290771,0.23596206307411194,0.9954378008842468,0.9839782118797302,0.3730185329914093,0.09893549233675003,3.0
1609,0.0,1.0,1.0,0.0,1.0,1.0,0.0,,0.25289395451545715,0.9800491333007812,0.8738584518432617,0.18679353594779968,0.9056569337844849,0.905909538269043,0.20231269299983978,0.005746642127633095,1.0
1610,1.0,1.0,,0.0,1.0,1.0,1.0,0.0,0.923203706741333,0.9889046549797058,0.8463252782821655,0.34423622488975525,0.40005216002464294,0.6423786282539368,0.7697584629058838,0.024304069578647614,1.0
1611,,,,,1.0,1.0,,,0.8681445121765137,0.9789289832115173,0.9989156723022461,0.832521378993988,0.9980900883674622,0.1758349984884262,0.10018480569124222,0.12130384892225266,3.0
1612,0.0,,1.0,,1.0,1.0,,,0.45327433943748474,0.9860640168190002,0.9990019798278809,0.9754958748817444,0.9991198182106018,0.9991247653961182,0.03845510631799698,0.009317725896835327,2.0
1613,1.0,,,1.0,,,,,0.9577329158782959,0.9984791278839111,0.9995768070220947,0.991053581237793,0.9936398267745972,0.929192066192627,0.6650749444961548,0.13995255529880524,2.0
1614,1.0,1.0,1.0,1.0,1.0,1.0,1.0,0.0,0.9493459463119507,0.9997626543045044,0.9995200634002686,0.9971993565559387,0.9994015097618103,0.9923492074012756,0.9762298464775085,0.11031942069530487,2.0
1615,1.0,1.0,0.0,0.0,1.0,0.0,,,0.042635880410671234,0.1263207048177719,0.10343658924102783,0.007399865426123142,0.07425503432750702,0.0135508943349123,0.04407251626253128,0.0009168644901365042,1.0
1616,,,0.0,0.0,1.0,0.0,,,0.007661139126867056,0.06964075565338135,0.34322890639305115,0.0012826084857806563,0.8177101612091064,0.25464972853660583,0.1256221979856491,0.0002782701049000025,2.0
1617,1.0,1.0,1.0,1.0,1.0,1.0,1.0,0.0,0.9957658052444458,0.9966317415237427,0.9998795390129089,0.9647748470306396,0.9984530210494995,0.9692180156707764,0.31583914160728455,0.3099469244480133,3.0
1618,1.0,1.0,1.0,1.0,1.0,1.0,0.0,,0.972021222114563,0.9983874559402466,0.9968723654747009,0.9901593327522278,0.998720109462738,0.9835416078567505,0.14677727222442627,0.10241052508354187,2.0
1619,,1.0,1.0,1.0,1.0,1.0,,,0.9974655508995056,0.9997867941856384,0.9994837045669556,0.9966650605201721,0.9968739748001099,0.9998506307601929,0.7837433218955994,0.18361714482307434,3.0
1620,0.0,,0.0,0.0,0.0,0.0,,,0.0023644426837563515,0.0030482939910143614,0.0708639994263649,0.11975648999214172,0.8658827543258667,0.020126473158597946,0.02344379760324955,6.35090545983985e-05,1.0
1621,0.0,0.0,0.0,0.0,1.0,0.0,0.0,,0.0015606892993673682,0.025906261056661606,0.03931325674057007,0.0012295519700273871,0.0799977034330368,0.0110428836196661,0.010753249749541283,0.00014250220556277782,2.0
1622,0.0,0.0,0.0,0.0,1.0,0.0,0.0,,0.036217015236616135,0.05191301926970482,0.1144147664308548,0.0034451517276465893,0.1130320355296135,0.05077274888753891,0.012228181585669518,0.003276621224358678,0.0
1623,1.0,0.0,0.0,0.0,0.0,0.0,1.0,0.0,0.6822484135627747,0.1265043169260025,0.0554049052298069,0.6303493976593018,0.3656606078147888,0.13285532593727112,0.5283375382423401,0.3327154219150543,1.0
1624,0.0,0.0,0.0,0.0,0.0,0.0,0.0,0.0,0.05590183660387993,0.01838213950395584,0.0006830559577792883,0.004972197115421295,0.1707528531551361,0.007190024480223656,0.18485242128372192,0.000709009706042707,4.0
1625,0.0,0.0,0.0,0.0,1.0,0.0,0.0,0.0,0.007720071356743574,0.025218959897756577,0.10191601514816284,0.0055569838732481,0.0476437546312809,0.01455005258321762,0.06443165987730026,0.00018431065836921334,4.0
1626,0.0,,1.0,,1.0,1.0,,,0.902068555355072,0.9918054938316345,0.9975185990333557,0.9886071681976318,0.9963195323944092,0.9993008375167847,0.8029485940933228,0.07553593814373016,0.0
1627,1.0,1.0,,1.0,1.0,0.0,,,0.9997286796569824,0.3672957420349121,0.999608039855957,0.999111533164978,0.9895604848861694,0.4041248857975006,0.7891586422920227,0.5433827042579651,1.0
1628,1.0,1.0,1.0,1.0,1.0,1.0,1.0,,0.9873272776603699,0.998979926109314,0.999915361404419,0.763841450214386,0.9969882965087891,0.9996073246002197,0.8269095420837402,0.41247937083244324,3.0
1629,0.0,0.0,0.0,0.0,0.0,0.0,0.0,0.0,0.0010402577463537455,0.00040145573439076543,0.00045972701627761126,0.0006959399906918406,0.0062377299182116985,0.00021522302995435894,0.008211168460547924,0.00010245663725072518,1.0
1630,0.0,0.0,0.0,0.0,0.0,0.0,1.0,0.0,0.0042770481668412685,0.0019986701663583517,0.0010365968337282538,0.0012609888799488544,0.012210763990879059,0.00017269713862333447,0.016523513942956924,0.0004591233446262777,4.0
1631,,,,,1.0,0.0,,,0.03168301284313202,0.18906094133853912,0.49986717104911804,0.10943041741847992,0.5742130875587463,0.010377592407166958,0.06971889734268188,0.000988733023405075,4.0
1632,0.0,,1.0,,1.0,0.0,,,0.4726918041706085,0.4313170313835144,0.9928064346313477,0.5211270451545715,0.9883902072906494,0.08219890296459198,0.06256154179573059,0.007179065607488155,2.0
1633,1.0,,1.0,,1.0,0.0,,,0.08933788537979126,0.3722313642501831,0.7840937972068787,0.014641855843365192,0.8769946694374084,0.37482619285583496,0.04481225833296776,0.00031159567879512906,3.0
1634,,,1.0,,1.0,1.0,,,0.8110702037811279,0.9949495196342468,0.9998704791069031,0.9773669242858887,0.9945683479309082,0.7545673847198486,0.033770181238651276,0.010726145468652248,4.0
1635,1.0,1.0,1.0,1.0,1.0,1.0,0.0,0.0,0.8717464208602905,0.7402470111846924,0.9999312162399292,0.9986136555671692,0.9954841136932373,0.585011899471283,0.07233676314353943,0.03593447804450989,4.0
1636,0.0,1.0,1.0,0.0,1.0,1.0,0.0,0.0,0.085790254175663,0.963437020778656,0.860027551651001,0.016734786331653595,0.9198676347732544,0.8473017811775208,0.07165392488241196,0.0005393601604737341,4.0
1637,1.0,1.0,1.0,1.0,1.0,1.0,,,0.7915094494819641,0.9942001700401306,0.9960622787475586,0.9525054097175598,0.9852996468544006,0.9055485725402832,0.07344262301921844,0.027031537145376205,2.0
1638,1.0,1.0,1.0,1.0,1.0,1.0,,,0.9585670828819275,0.9995794892311096,0.9999156594276428,0.9991379380226135,0.999603271484375,0.9997583627700806,0.8289764523506165,0.16805915534496307,4.0
1639,0.0,1.0,1.0,1.0,1.0,1.0,0.0,0.0,0.5235799551010132,0.9732678532600403,0.9981368780136108,0.8645843267440796,0.995883047580719,0.9825571775436401,0.46008408069610596,0.009795105084776878,0.0
1640,0.0,0.0,0.0,0.0,0.0,0.0,0.0,0.0,0.001357354107312858,0.0008500523399561644,0.002175607718527317,0.0034287464804947376,0.02356916479766369,0.0002075902884826064,0.007342214696109295,0.0002523173752706498,3.0
1641,1.0,1.0,1.0,1.0,1.0,1.0,,,0.9999647736549377,0.9997265338897705,0.9996086955070496,0.9985446333885193,0.9980870485305786,0.9968181848526001,0.9550158381462097,0.9886303544044495,2.0
1642,0.0,0.0,1.0,1.0,1.0,0.0,,,0.979079008102417,0.09421757608652115,0.9967886805534363,0.9990013837814331,0.9782520532608032,0.1481591910123825,0.21775558590888977,0.08103889226913452,1.0
1643,0.0,,1.0,,1.0,0.0,,,0.0011496696388348937,0.632649302482605,0.1701878011226654,0.0008185369661077857,0.3922435939311981,0.016877055168151855,0.0190256517380476,0.00013733195373788476,4.0
1644,0.0,0.0,0.0,0.0,0.0,0.0,,,0.001287940889596939,0.0008322139037773013,0.0008140710997395217,0.0004209931939840317,0.00787261687219143,0.0002874785859603435,0.02300606481730938,0.00011800332140410319,0.0
1645,1.0,1.0,1.0,1.0,1.0,1.0,1.0,1.0,0.9999591708183289,0.9996899962425232,0.9999676942825317,0.9616822600364685,0.998760461807251,0.9996625185012817,0.9449261426925659,0.9269070625305176,3.0
1646,0.0,0.0,0.0,0.0,0.0,0.0,,,0.0024537371937185526,0.0006521705654449761,0.0005791457369923592,0.0004450322885531932,0.02005763165652752,0.00016999624494928867,0.002485215663909912,0.0004513137973845005,0.0
1647,0.0,0.0,0.0,0.0,0.0,0.0,0.0,0.0,0.003507527057081461,0.00041554568451829255,0.00036511270445771515,0.0012844788143411279,0.00827370211482048,0.0001837074669310823,0.025288136675953865,0.0004155533679295331,3.0
1648,0.0,0.0,0.0,0.0,0.0,0.0,0.0,0.0,0.0007606513099744916,0.0005141869187355042,0.00015611514390911907,0.001826886902563274,0.00976521521806717,0.00034281963598914444,0.01523091271519661,0.0002937841054517776,4.0
1649,1.0,1.0,1.0,1.0,1.0,1.0,1.0,1.0,0.9810768961906433,0.9893602728843689,0.9997673034667969,0.7101655006408691,0.9957346320152283,0.9959858655929565,0.183626189827919,0.04739578813314438,4.0
1650,1.0,1.0,1.0,1.0,1.0,1.0,1.0,1.0,0.9999501705169678,0.9992850422859192,0.9997247457504272,0.9842443466186523,0.9993220567703247,0.9997050166130066,0.9694516062736511,0.998990535736084,2.0
1651,0.0,0.0,0.0,0.0,0.0,0.0,0.0,0.0,0.0008174024987965822,0.0003152088902425021,0.00043276819633319974,0.0011854168260470033,0.007508252747356892,0.00018897265545092523,0.010400034487247467,0.000234503488172777,3.0
1652,1.0,1.0,1.0,1.0,1.0,1.0,,,0.998528242111206,0.993789792060852,0.9994174838066101,0.8312472105026245,0.9950124025344849,0.9998908638954163,0.9109116792678833,0.38468775153160095,2.0
1653,1.0,1.0,1.0,1.0,1.0,1.0,0.0,,0.7728002071380615,0.9995619654655457,0.9989610314369202,0.9848927855491638,0.9976186752319336,0.9283149242401123,0.23273153603076935,0.033376943320035934,2.0
1654,0.0,,0.0,0.0,0.0,0.0,,,0.0010639248648658395,0.0005229241796769202,0.0005318563780747354,0.0003110755351372063,0.008692024275660515,0.00014822729281149805,0.0016907255630940199,7.691724749747664e-05,0.0
1655,1.0,0.0,0.0,1.0,1.0,1.0,,,0.9917019009590149,0.33724430203437805,0.7842156887054443,0.4045148193836212,0.9213923811912537,0.891459584236145,0.0992550402879715,0.5372366905212402,3.0
1656,1.0,1.0,1.0,1.0,1.0,1.0,1.0,,0.9989869594573975,0.9986304640769958,0.9996522068977356,0.9565422534942627,0.9977489113807678,0.9997021555900574,0.966277539730072,0.8745667338371277,0.0
1657,1.0,1.0,1.0,1.0,1.0,1.0,1.0,1.0,0.996891438961029,0.9999213814735413,0.9998802542686462,0.9985361099243164,0.9995477795600891,0.9984642863273621,0.9384269118309021,0.34225553274154663,0.0
1658,1.0,1.0,1.0,1.0,1.0,1.0,0.0,0.0,0.9969563484191895,0.9852093458175659,0.9963679313659668,0.9954622983932495,0.9969571232795715,0.9103981256484985,0.24143168330192566,0.4488735496997833,1.0
1659,,,1.0,0.0,1.0,1.0,,,0.6649602055549622,0.9986793994903564,0.8867167234420776,0.15154793858528137,0.9774876236915588,0.9994593858718872,0.49226370453834534,0.010146656073629856,2.0
1660,1.0,1.0,1.0,1.0,1.0,,,,0.9988088607788086,0.9999319314956665,0.9998857975006104,0.9986566305160522,0.9993823766708374,0.9996651411056519,0.9917619228363037,0.5353928804397583,0.0
1661,0.0,1.0,1.0,1.0,1.0,1.0,0.0,0.0,0.48079293966293335,0.9841005206108093,0.9991249442100525,0.9493634700775146,0.9987775087356567,0.9992541670799255,0.03524121269583702,0.0055741784162819386,4.0
1662,0.0,,0.0,,1.0,1.0,,,0.007326478138566017,0.7064852118492126,0.17043942213058472,0.001287453924305737,0.9973881244659424,0.6610419750213623,0.02523372881114483,0.00021405660663731396,2.0
1663,,,,,,,0.0,0.0,0.0009462054003961384,0.0008677617879584432,0.0004573310725390911,0.0009490796364843845,0.014605341479182243,0.0003867028863169253,0.060715217143297195,0.000297325401334092,4.0
1664,1.0,1.0,1.0,1.0,1.0,1.0,1.0,0.0,0.9931475520133972,0.9997910261154175,0.999763548374176,0.9960615634918213,0.997565507888794,0.9999056458473206,0.9879008531570435,0.5301939249038696,4.0
1665,0.0,,0.0,,0.0,0.0,,,0.0010956928599625826,9.667848644312471e-05,0.00041281612357124686,0.0009405713062733412,0.018388066440820694,0.00014517424278892577,0.008553912863135338,0.00018002718570642173,2.0
1666,0.0,0.0,0.0,0.0,0.0,0.0,0.0,0.0,0.0009651281870901585,0.0004513298626989126,0.0004376978031359613,0.0009986250661313534,0.0047411685809493065,0.0002700778713915497,0.01398548111319542,0.00011123815784230828,1.0
1667,1.0,,1.0,1.0,1.0,1.0,,,0.990881085395813,0.9992102384567261,0.9997935891151428,0.9923622012138367,0.9990832805633545,0.9996410608291626,0.5522806644439697,0.20980806648731232,2.0
1668,0.0,,1.0,1.0,1.0,1.0,,,0.4433278441429138,0.9982441067695618,0.9980966448783875,0.93067467212677,0.9983218908309937,0.9981755614280701,0.26630669832229614,0.010862361639738083,3.0
1669,1.0,,1.0,1.0,1.0,1.0,,,0.9968441128730774,0.9998193383216858,0.9999649524688721,0.9914153814315796,0.9995815753936768,0.9999577403068542,0.9602852463722229,0.3773290514945984,3.0
1670,1.0,1.0,1.0,0.0,1.0,1.0,0.0,0.0,0.34376198053359985,0.9900341033935547,0.8678890466690063,0.14255012571811676,0.9138217568397522,0.3128664195537567,0.35759812593460083,0.015410825610160828,2.0
1671,0.0,0.0,0.0,0.0,0.0,0.0,0.0,0.0,0.0013365780469030142,0.0004171048931311816,0.0009099615854211152,0.0013651365879923105,0.009893001988530159,0.0003390588390175253,0.08976568281650543,0.00041066526318900287,3.0
1672,0.0,0.0,0.0,0.0,0.0,0.0,0.0,0.0,0.001315107336267829,0.0004457304021343589,0.0008761585922911763,0.0036437995731830597,0.010734077543020248,0.0008007699507288635,0.021476974710822105,7.721756264800206e-05,1.0
1673,0.0,0.0,0.0,0.0,0.0,0.0,0.0,0.0,0.0014628032222390175,0.0003385612217243761,0.0005684198695234954,0.004266670439392328,0.013789564371109009,0.0006344908615574241,0.008429720997810364,7.698941772105172e-05,1.0
1674,0.0,1.0,1.0,1.0,1.0,1.0,0.0,0.0,0.8983936309814453,0.984867513179779,0.9988141655921936,0.980338990688324,0.9989815354347229,0.9910941123962402,0.6166202425956726,0.014689680188894272,1.0
1675,0.0,0.0,0.0,0.0,0.0,0.0,0.0,0.0,0.0007090109866112471,0.0001198038225993514,0.0003518148441798985,0.0010496005415916443,0.007210513576865196,0.0001265622122446075,0.005831069778650999,0.00011265466309851035,2.0
1676,0.0,1.0,1.0,0.0,1.0,1.0,,,0.04390788450837135,0.9735910892486572,0.7605937123298645,0.004178789909929037,0.8682397603988647,0.8550856113433838,0.12444049119949341,0.0007466222741641104,3.0
1677,0.0,0.0,0.0,0.0,0.0,0.0,0.0,0.0,0.0011752251302823424,0.0007544180261902511,0.0012767643202096224,0.0019553005695343018,0.007731903810054064,0.0007533198804594576,0.02620527520775795,9.583956125425175e-05,1.0
1678,0.0,0.0,0.0,0.0,0.0,0.0,0.0,0.0,0.0006128188106231391,0.0005711581907235086,0.00017841291264630854,0.0006301315152086318,0.012266457080841064,0.00016577528731431812,0.009896783158183098,0.0002291506389155984,4.0
1679,0.0,0.0,0.0,0.0,0.0,0.0,,,0.000668922730255872,0.0012594558065757155,0.00018145714420825243,0.0007464703521691263,0.019888585433363914,0.0003810827911365777,0.01231085043400526,0.0002779588394332677,4.0
1680,0.0,0.0,0.0,0.0,0.0,0.0,0.0,0.0,0.00073049939237535,0.0003667689743451774,0.0003576885792426765,0.0012025164905935526,0.009792143478989601,0.00019647474982775748,0.01214434765279293,0.00021620911138597876,3.0
1681,1.0,,1.0,1.0,1.0,1.0,,,0.9987444877624512,0.9984339475631714,0.9997894763946533,0.9978501796722412,0.999788761138916,0.9998206496238708,0.9281349182128906,0.4136243164539337,1.0
1682,0.0,0.0,1.0,0.0,1.0,0.0,0.0,,0.1781865954399109,0.432448148727417,0.9009335041046143,0.12028738856315613,0.9936320781707764,0.9380772113800049,0.11769252270460129,0.001784515450708568,4.0
1683,0.0,0.0,0.0,0.0,0.0,0.0,,,0.000976869254373014,0.0002165764890378341,0.00039731847937218845,0.0011519601102918386,0.01124192588031292,0.0002772006846498698,0.005035955924540758,0.000286816677544266,3.0
1684,1.0,0.0,0.0,0.0,0.0,0.0,,,0.039970915764570236,0.24572595953941345,0.0016216376097872853,0.2418576180934906,0.06772448867559433,0.00028517888858914375,0.008928920142352581,0.017103299498558044,2.0
1685,0.0,0.0,0.0,0.0,0.0,0.0,0.0,0.0,0.0007384499185718596,0.00040028279181569815,0.00015002000145614147,0.0006208129925653338,0.014650395140051842,0.0001224599836859852,0.015457328408956528,0.0001777256838977337,4.0
1686,0.0,1.0,1.0,0.0,1.0,1.0,0.0,0.0,0.45033618807792664,0.9714488387107849,0.9436498880386353,0.16330739855766296,0.990857720375061,0.9267269968986511,0.0628662109375,0.0018539540469646454,4.0
1687,0.0,0.0,0.0,0.0,0.0,0.0,0.0,0.0,0.0006412275834009051,0.00041688981582410634,0.000129563151858747,0.0008083186694420874,0.019445430487394333,0.00012925993360113353,0.01102498173713684,0.00021127100626472384,4.0
1688,1.0,1.0,1.0,1.0,1.0,1.0,0.0,,0.9844924211502075,0.9996883869171143,0.9984472990036011,0.9718054533004761,0.9939929246902466,0.9956985712051392,0.39978721737861633,0.5657727122306824,3.0
1689,0.0,0.0,0.0,0.0,0.0,0.0,0.0,0.0,0.000692477566190064,0.00011070873006246984,0.0010014905128628016,0.0014584297314286232,0.08399076759815216,0.0005678653833456337,0.03671909123659134,9.541313193039969e-05,2.0
1690,1.0,1.0,1.0,1.0,1.0,1.0,,,0.9992004632949829,0.9987465143203735,0.9981706738471985,0.9941864609718323,0.9864321947097778,0.9966236352920532,0.14978860318660736,0.051974378526210785,1.0
1691,0.0,,0.0,,0.0,0.0,,,0.04485262557864189,0.0018509937217459083,0.02237214520573616,0.31054893136024475,0.6621630787849426,0.0002582657034508884,0.04522153362631798,0.0007291486253961921,3.0
1692,1.0,1.0,1.0,1.0,1.0,1.0,0.0,1.0,0.9995138049125671,0.9996336102485657,0.9995863437652588,0.9996450543403625,0.9991856217384338,0.9890835881233215,0.6803869605064392,0.9684949517250061,2.0
1693,1.0,1.0,1.0,0.0,1.0,1.0,1.0,,0.1610110104084015,0.9121302962303162,0.8512016534805298,0.00688356114551425,0.9540160298347473,0.9365261197090149,0.21978750824928284,0.0006059131701476872,4.0
1694,1.0,1.0,1.0,1.0,1.0,1.0,,,0.9998549818992615,0.99967360496521,0.9998792409896851,0.9994139671325684,0.9997800588607788,0.9520221948623657,0.8400485515594482,0.9381546974182129,1.0
1695,1.0,1.0,1.0,1.0,1.0,1.0,,,0.987085223197937,0.9984105825424194,0.999942421913147,0.9618210196495056,0.9958285689353943,0.8934764862060547,0.8911537528038025,0.6407136917114258,4.0
1696,0.0,0.0,0.0,0.0,0.0,0.0,0.0,0.0,0.0005892511690035462,0.00047565539716742933,0.0001577554503455758,0.0007401867187581956,0.013509616255760193,9.784597932593897e-05,0.0072497474029660225,0.00021485761681105942,4.0
1697,0.0,0.0,0.0,0.0,0.0,0.0,0.0,0.0,0.001074782689101994,0.0010374770499765873,0.000548951153177768,0.0003122535126749426,0.006338140927255154,0.000150527004734613,0.0021967682987451553,8.303400682052597e-05,0.0
1698,0.0,,0.0,,0.0,0.0,,,0.0006722175166942179,0.0008784556412138045,0.00019304064335301518,0.0009621675126254559,0.019386526197195053,0.00026084971614181995,0.008169767446815968,0.0002751682768575847,4.0
1699,1.0,1.0,1.0,0.0,1.0,1.0,1.0,0.0,0.4576789140701294,0.9959946870803833,0.7115108966827393,0.5263196229934692,0.840238094329834,0.19429662823677063,0.0704648345708847,0.01730393059551716,3.0
1700,1.0,1.0,1.0,1.0,1.0,1.0,1.0,0.0,0.9918335676193237,0.9993987083435059,0.9991315007209778,0.9917129278182983,0.998507022857666,0.9995877146720886,0.96754390001297,0.19864237308502197,0.0
1701,0.0,0.0,0.0,0.0,0.0,0.0,0.0,0.0,0.0009486812050454319,0.0003804839216172695,0.00045532442163676023,0.0012534062843769789,0.00668300548568368,0.00024525169283151627,0.007243479136377573,0.0003012919332832098,3.0
1702,1.0,1.0,1.0,0.0,1.0,1.0,,,0.7676818370819092,0.9994180202484131,0.9928168058395386,0.4124631881713867,0.9827216863632202,0.9982560873031616,0.6143578290939331,0.006694943644106388,1.0
1703,0.0,0.0,0.0,0.0,0.0,0.0,0.0,0.0,0.0008954023360274732,0.00034184398828074336,0.0012780865654349327,0.0013705396559089422,0.021749507635831833,0.00021487419144250453,0.01572643406689167,0.00023342750500887632,2.0
1704,0.0,,0.0,0.0,0.0,0.0,,,0.0008430446614511311,0.0005482948035933077,0.0004839854082092643,0.0017577065154910088,0.011864271946251392,0.00017577136168256402,0.018160803243517876,0.0003017784038092941,4.0
1705,,,0.0,,0.0,0.0,,,0.0014160631690174341,0.0005646268255077302,0.00039289769483730197,0.003589299041777849,0.025296827778220177,0.0003913132823072374,0.019772298634052277,0.00023665123444516212,4.0
1706,1.0,1.0,1.0,1.0,1.0,1.0,0.0,0.0,0.9978359937667847,0.998025119304657,0.9991440176963806,0.9786182641983032,0.9995484352111816,0.9539579749107361,0.6951722502708435,0.7377890944480896,1.0
1707,1.0,0.0,1.0,1.0,1.0,1.0,0.0,0.0,0.9854568839073181,0.4360659420490265,0.9997333288192749,0.7089042663574219,0.9888074994087219,0.5185034275054932,0.07341419160366058,0.13456912338733673,4.0
1708,1.0,0.0,1.0,1.0,1.0,0.0,0.0,,0.8721542358398438,0.24210456013679504,0.9996671676635742,0.9990479350090027,0.9960924386978149,0.8826525807380676,0.3874998688697815,0.26339268684387207,0.0
1709,0.0,0.0,0.0,0.0,0.0,0.0,0.0,0.0,0.03074895218014717,0.7940222024917603,0.401493102312088,0.24238520860671997,0.9070994853973389,0.0356254056096077,0.15777388215065002,0.012430982664227486,1.0
1710,0.0,1.0,1.0,1.0,1.0,1.0,1.0,0.0,0.7262940406799316,0.9992692470550537,0.9955163598060608,0.8516988754272461,0.9949431419372559,0.9569052457809448,0.8635454177856445,0.024913180619478226,0.0
1711,1.0,1.0,1.0,1.0,1.0,0.0,0.0,0.0,0.889251708984375,0.907817006111145,0.9879452586174011,0.1144266426563263,0.8305550813674927,0.07076245546340942,0.4012378752231598,0.14695623517036438,1.0
1712,0.0,0.0,0.0,0.0,0.0,0.0,0.0,0.0,0.0009435936808586121,0.00034681279794313014,0.0004526201810222119,0.001374751329421997,0.004904006142169237,0.00018040793656837195,0.005744089372456074,0.0002869695599656552,3.0
1713,0.0,1.0,1.0,0.0,1.0,1.0,0.0,0.0,0.06992094218730927,0.988952100276947,0.8462071418762207,0.003151453100144863,0.9412793517112732,0.9825022220611572,0.03501421585679054,0.0002792790182866156,2.0
1714,1.0,1.0,1.0,1.0,1.0,1.0,1.0,,0.9133991599082947,0.9996508359909058,0.99917072057724,0.9895502924919128,0.9988971948623657,0.991935133934021,0.72151118516922,0.1695961207151413,2.0
1715,1.0,1.0,1.0,1.0,1.0,1.0,1.0,,0.7703953981399536,0.984479546546936,0.9902795553207397,0.9610137939453125,0.9430813193321228,0.9270700216293335,0.7811040878295898,0.1218087375164032,4.0
1716,1.0,1.0,1.0,1.0,1.0,1.0,1.0,0.0,0.9927482604980469,0.9998960494995117,0.9997354745864868,0.9882969260215759,0.9992175698280334,0.9997497797012329,0.9785054922103882,0.4274441599845886,3.0
1717,0.0,,1.0,,1.0,0.0,,,0.008634038269519806,0.8526663780212402,0.7780699133872986,0.05539132282137871,0.9606773853302002,0.34346193075180054,0.02704918384552002,0.0002467974554747343,2.0
1718,0.0,1.0,1.0,0.0,1.0,1.0,0.0,0.0,0.12033774703741074,0.787894606590271,0.8820077776908875,0.01216870080679655,0.9358886480331421,0.8635421991348267,0.19811847805976868,0.0003079072921536863,3.0
1719,0.0,,1.0,1.0,1.0,1.0,,,0.17855654656887054,0.9957464337348938,0.9992868304252625,0.8740478754043579,0.999019980430603,0.9597086906433105,0.5204986333847046,0.007678406313061714,1.0
1720,0.0,,1.0,1.0,1.0,1.0,,,0.593490481376648,0.9780707955360413,0.9986157417297363,0.9729135036468506,0.9930517673492432,0.958171546459198,0.5386016368865967,0.025401916354894638,0.0
1721,0.0,,1.0,1.0,1.0,1.0,,,0.6998302936553955,0.9610534906387329,0.9958651661872864,0.7834049463272095,0.9814595580101013,0.9817065000534058,0.483394980430603,0.10026181489229202,0.0
1722,1.0,1.0,1.0,1.0,1.0,1.0,,,0.9996569156646729,0.9997912645339966,0.9998900890350342,0.9986180067062378,0.9829421639442444,0.9939408302307129,0.5988606810569763,0.6569042801856995,4.0
1723,0.0,0.0,0.0,0.0,0.0,0.0,,,0.8135294318199158,0.2946661710739136,0.6746093034744263,0.7172900438308716,0.9983103275299072,0.23899050056934357,0.04410405084490776,0.052496615797281265,0.0
1724,0.0,0.0,0.0,0.0,0.0,0.0,0.0,0.0,0.0010596162173897028,0.0006605242379009724,0.0005537629476748407,0.00035588067839853466,0.010394206270575523,0.00026692321989685297,0.00433867983520031,7.589426240883768e-05,0.0
1725,0.0,0.0,0.0,0.0,0.0,0.0,0.0,0.0,0.0009284718544222414,0.00012097549915779382,0.0005735628074035048,0.0011569346534088254,0.005590574350208044,0.000215190026210621,0.005443090572953224,0.00012290594168007374,2.0
1726,0.0,,0.0,0.0,0.0,0.0,,,0.0008945341687649488,0.16890645027160645,0.0038010776042938232,0.0023185466416180134,0.7659580707550049,0.0004606744332704693,0.006603151094168425,0.00024274675524793565,3.0
1727,0.0,0.0,0.0,0.0,0.0,0.0,,,0.0010340907610952854,0.0005195186822675169,0.00030212648562155664,0.0007262339349836111,0.005798892118036747,0.00025812757667154074,0.020088788121938705,9.147250966634601e-05,1.0
1728,0.0,0.0,0.0,0.0,0.0,0.0,0.0,0.0,0.002319593681022525,0.0008004412520676851,0.0006371531053446233,0.0002982243604492396,0.006523344200104475,0.00022783322492614388,0.00436429213732481,0.0001769654336385429,0.0
1729,1.0,1.0,1.0,1.0,1.0,1.0,,,0.4412476122379303,0.9980447292327881,0.9986467361450195,0.942409873008728,0.9986690878868103,0.9943440556526184,0.32147231698036194,0.011787345632910728,2.0
1730,0.0,,0.0,0.0,0.0,0.0,,,0.000842181732878089,0.0006736642098985612,0.0005454126512631774,0.0003110124380327761,0.01732737198472023,0.00024950658553279936,0.002884594025090337,7.138824730645865e-05,0.0
1731,1.0,1.0,1.0,1.0,1.0,1.0,1.0,1.0,0.9985039234161377,0.9990857243537903,0.9996713399887085,0.9906280636787415,0.9994710683822632,0.999698281288147,0.9570733904838562,0.5698456168174744,1.0
1732,1.0,,1.0,,1.0,1.0,,,0.6231492161750793,0.9961819052696228,0.9949444532394409,0.09704458713531494,0.9992684721946716,0.9943830370903015,0.010398171842098236,0.0012482032179832458,0.0
1733,0.0,0.0,0.0,0.0,0.0,0.0,0.0,0.0,0.0006587942480109632,0.00046191152068786323,0.000770985905546695,0.0021925808396190405,0.02369355410337448,0.00012630365381482989,0.04801522567868233,0.00022517028264701366,4.0
1734,1.0,,1.0,0.0,1.0,1.0,,,0.47971072793006897,0.8263068199157715,0.9480257034301758,0.241746723651886,0.983916699886322,0.8563233017921448,0.1728421151638031,0.003294538939371705,4.0
1735,1.0,1.0,1.0,1.0,1.0,1.0,,,0.9999694228172302,0.999555230140686,0.9998354315757751,0.9993398785591125,0.999610185623169,0.9999380111694336,0.9989531636238098,0.9991679787635803,2.0
1736,1.0,1.0,1.0,1.0,1.0,1.0,1.0,1.0,0.9999153017997742,0.9998672604560852,0.9997411370277405,0.9990849494934082,0.9995319843292236,0.9998438954353333,0.9938640594482422,0.9896487593650818,1.0
1737,1.0,1.0,1.0,1.0,1.0,1.0,1.0,1.0,0.9996553659439087,0.9999371767044067,0.9983546733856201,0.9915458559989929,0.9990689158439636,0.9999195337295532,0.9513980746269226,0.9980390667915344,0.0
1738,1.0,1.0,1.0,1.0,1.0,1.0,1.0,1.0,0.9998887777328491,0.9998543858528137,0.9995449781417847,0.992918848991394,0.9955012798309326,0.9994969964027405,0.6641243696212769,0.8720666766166687,0.0
1739,1.0,1.0,1.0,1.0,1.0,0.0,1.0,,0.9968116879463196,0.9887976050376892,0.9995843172073364,0.9965640902519226,0.9921727180480957,0.37157106399536133,0.7868285775184631,0.7118921875953674,1.0
1740,1.0,1.0,1.0,1.0,1.0,1.0,1.0,,0.9961011409759521,0.9998647570610046,0.9997702836990356,0.9991222620010376,0.9991471171379089,0.9970380663871765,0.8454636931419373,0.14016570150852203,3.0
1741,1.0,1.0,1.0,0.0,1.0,1.0,,,0.8019600510597229,0.9927456378936768,0.7008821964263916,0.22065162658691406,0.9987810254096985,0.961033046245575,0.8056394457817078,0.02031237632036209,2.0
1742,0.0,0.0,0.0,0.0,0.0,0.0,0.0,0.0,0.0008019304950721562,0.0004041960055474192,0.0004104362742509693,0.0008104374865069985,0.006663979962468147,0.0007746844785287976,0.007102906703948975,7.19622548785992e-05,1.0
1743,1.0,0.0,1.0,1.0,0.0,0.0,0.0,1.0,0.9939883947372437,0.0587940514087677,0.9413467049598694,0.9862729907035828,0.9913866519927979,0.0422799177467823,0.02137709967792034,0.36150845885276794,2.0
1744,0.0,0.0,0.0,0.0,0.0,0.0,0.0,0.0,0.002245913492515683,0.0004700804129242897,0.0010164263658225536,0.006087277550250292,0.033567875623703,0.00044005183735862374,0.009183332324028015,0.00019723086734302342,3.0
1745,0.0,1.0,1.0,1.0,1.0,0.0,1.0,,0.2525705397129059,0.8976797461509705,0.9914141893386841,0.9190853834152222,0.9883378744125366,0.8391651511192322,0.7113540172576904,0.009671366773545742,1.0
1746,0.0,0.0,0.0,0.0,0.0,0.0,,,0.0008453995687887073,0.0003531062975525856,0.00033850784529931843,0.0007933884626254439,0.010963179171085358,0.00023579635308124125,0.0057883309200406075,7.705440657446161e-05,1.0
1747,0.0,0.0,0.0,0.0,1.0,0.0,0.0,0.0,0.006535377353429794,0.010336517356336117,0.23798760771751404,0.003439107909798622,0.0307011641561985,0.0023014270700514317,0.022147856652736664,0.00021804151765536517,3.0
1748,0.0,0.0,0.0,0.0,0.0,0.0,0.0,0.0,0.0008038236992433667,0.00020705870701931417,0.00038502324605360627,0.0011541785206645727,0.014448326081037521,0.0002480198163539171,0.004368466790765524,0.0002363784733461216,3.0
1749,1.0,1.0,1.0,1.0,1.0,1.0,1.0,,0.9990726113319397,0.9999513626098633,0.9992173314094543,0.9986019134521484,0.998897910118103,0.9563777446746826,0.9216241836547852,0.5368018746376038,0.0
1750,0.0,0.0,0.0,0.0,0.0,0.0,1.0,0.0,0.002453827066347003,0.002912991214543581,0.0018154843710362911,0.0007027368410490453,0.0831935703754425,0.0016534157330170274,0.10702274739742279,0.000784481642767787,0.0
1751,1.0,,1.0,,1.0,1.0,,,0.737392008304596,0.9830392003059387,0.8864555358886719,0.20981448888778687,0.9210800528526306,0.992790937423706,0.3636614978313446,0.00256603816524148,4.0
1752,,1.0,1.0,,1.0,,0.0,,0.9975894093513489,0.9726522564888,0.9982099533081055,0.9992623925209045,0.9987480640411377,0.9999090433120728,0.3521687984466553,0.7997626662254333,1.0
1753,1.0,1.0,1.0,1.0,1.0,1.0,1.0,1.0,0.9998108744621277,0.9998139142990112,0.9992218613624573,0.9749780893325806,0.9984716176986694,0.998766303062439,0.8275001645088196,0.9988155364990234,2.0
1754,0.0,0.0,0.0,0.0,0.0,0.0,0.0,0.0,0.0005867777508683503,7.355449633905664e-05,0.0003138216270599514,0.001009768107905984,0.011427593417465687,9.121852781390771e-05,0.003262955928221345,7.679071859456599e-05,2.0
1755,1.0,,1.0,1.0,1.0,1.0,,,0.8860248327255249,0.998390793800354,0.9978880286216736,0.9870893955230713,0.9982260465621948,0.9939460158348083,0.04717114195227623,0.017286287620663643,2.0
1756,0.0,0.0,0.0,0.0,0.0,0.0,0.0,0.0,0.0012272094609215856,0.0008062570705078542,0.0008130380883812904,0.0011755425948649645,0.022995656356215477,0.0006224833778105676,0.006418762728571892,0.00041198768303729594,3.0
1757,0.0,0.0,0.0,0.0,0.0,0.0,0.0,0.0,0.08737294375896454,0.3201870322227478,0.014981755055487156,0.05650532618165016,0.2730937898159027,0.009328359737992287,0.07678079605102539,0.001327788457274437,4.0
1758,1.0,,1.0,0.0,1.0,1.0,,,0.5694632530212402,0.9581480026245117,0.7449342608451843,0.10902316123247147,0.625512957572937,0.6866007447242737,0.4746973514556885,0.00040661406819708645,4.0
1759,0.0,0.0,0.0,0.0,0.0,0.0,0.0,0.0,0.0006701625534333289,0.00041140589746646583,0.0001665868330746889,0.0006325309514068067,0.010743146762251854,0.00014247991202864796,0.007874974049627781,0.0002155280380975455,4.0
1760,,1.0,,0.0,,,,,0.06569680571556091,0.9184878468513489,0.0009631417924538255,0.005702097900211811,0.007071672938764095,0.0006093272240832448,0.009430715814232826,0.0013413451379165053,0.0
1761,1.0,1.0,1.0,1.0,1.0,1.0,1.0,0.0,0.9670591354370117,0.9995906352996826,0.9995514750480652,0.968079686164856,0.9986053705215454,0.9993577599525452,0.7487955093383789,0.2178657054901123,1.0
1762,0.0,0.0,0.0,0.0,0.0,0.0,0.0,0.0,0.0010768524371087551,0.0007765408372506499,0.0014243361074477434,0.0014616157859563828,0.024771127849817276,0.00021780170209240168,0.024294575676321983,0.00022679507674183697,2.0
1763,1.0,1.0,1.0,1.0,1.0,1.0,0.0,0.0,0.8949986696243286,0.9973518252372742,0.9995790123939514,0.9956015944480896,0.9992795586585999,0.976314902305603,0.16664786636829376,0.030959919095039368,3.0
1764,1.0,1.0,1.0,1.0,1.0,1.0,0.0,1.0,0.9998881816864014,0.9998575448989868,0.9997943043708801,0.9130128026008606,0.9969106912612915,0.9952886700630188,0.9784501791000366,0.911419153213501,3.0
1765,0.0,0.0,0.0,0.0,0.0,0.0,0.0,0.0,0.0007996443309821188,0.0003523983177728951,0.0004744385660160333,0.0007368701626546681,0.010786990635097027,0.00024337817740160972,0.016494430601596832,6.488708459073678e-05,1.0
1766,0.0,,0.0,0.0,0.0,0.0,,,0.0016762809827923775,0.0015140555333346128,0.0011642012977972627,0.004714659880846739,0.029682021588087082,0.0003176448226440698,0.09571868181228638,0.000748208723962307,3.0
1767,1.0,1.0,1.0,1.0,1.0,1.0,0.0,0.0,0.999861478805542,0.9993854761123657,0.9998054504394531,0.9759368896484375,0.9945906400680542,0.9973238706588745,0.4100707769393921,0.7434715628623962,3.0
1768,0.0,0.0,0.0,0.0,0.0,0.0,0.0,0.0,0.0019550821743905544,0.0008336610626429319,0.0004219248075969517,0.0035844934172928333,0.03782504424452782,0.0004397852171678096,0.011468928307294846,0.0001615025830687955,4.0
1769,0.0,,0.0,0.0,0.0,0.0,,,0.0015936344861984253,0.0009254774777218699,0.0008287523523904383,0.00038416325696744025,0.03072340041399002,0.0002870818425435573,0.01575056090950966,0.00011440797970863059,0.0
1770,0.0,0.0,0.0,0.0,0.0,0.0,0.0,0.0,0.0018184023210778832,0.001206732471473515,0.0013774748658761382,0.0022871075198054314,0.013802262023091316,0.0002158416318707168,0.004388952162116766,0.0003096027357969433,0.0
1771,1.0,,1.0,1.0,1.0,1.0,,,0.9947885274887085,0.9990238547325134,0.996635913848877,0.9638997316360474,0.9896843433380127,0.9468176364898682,0.992378294467926,0.915271520614624,0.0
1772,0.0,0.0,0.0,0.0,0.0,0.0,0.0,0.0,0.0009305071434937418,0.0004315798869356513,0.00029677306883968413,0.0007807464571669698,0.006539319176226854,0.00032443072996102273,0.009763294830918312,9.171212877845392e-05,1.0
1773,0.0,,0.0,0.0,0.0,0.0,,,0.0009036113624460995,0.0009870753856375813,0.0019321301952004433,0.0036412947811186314,0.06382592022418976,0.00042493126238696277,0.09479733556509018,0.0005534414667636156,4.0
1774,0.0,,0.0,0.0,0.0,0.0,,,0.0005954005755484104,0.0003846478939522058,0.00017012257012538612,0.0008513702778145671,0.010716591030359268,9.017876436701044e-05,0.006431799381971359,0.00016684428555890918,4.0
1775,,,0.0,,0.0,0.0,,,0.0008366679539903998,0.0008405814878642559,0.0006729185115545988,0.000270193035248667,0.020630482584238052,0.0003920721646863967,0.004639598540961742,8.904633432393894e-05,0.0
1776,0.0,0.0,0.0,0.0,0.0,0.0,0.0,,0.0018177839228883386,0.0007548345602117479,0.0014379100175574422,0.0006002157460898161,0.034717805683612823,0.0004969093715772033,0.0029989820905029774,0.00011718129826476797,0.0
1777,0.0,0.0,0.0,0.0,0.0,0.0,,,0.0009995036525651813,0.0010510908905416727,0.003291225992143154,0.0008009510929696262,0.6207954287528992,0.006625874433666468,0.0021879172418266535,8.946676825871691e-05,0.0
1778,0.0,0.0,0.0,0.0,0.0,0.0,0.0,0.0,0.0010131198214367032,0.0007612120825797319,0.0007091329898685217,0.0014456399949267507,0.01015542633831501,0.00016192803741432726,0.023639744147658348,0.00023566481831949204,3.0
1779,0.0,0.0,0.0,,1.0,0.0,,,0.03679928556084633,0.23812353610992432,0.08655660599470139,0.13679930567741394,0.9952863454818726,0.5448521375656128,0.11392968893051147,0.00047018026816658676,1.0
1780,0.0,,0.0,,0.0,0.0,,,0.0007956885383464396,0.00025974318850785494,0.00026660910225473344,0.0008657742291688919,0.009450624696910381,0.00021591607946902514,0.006107846274971962,7.528097194153816e-05,1.0
1781,1.0,1.0,1.0,1.0,1.0,1.0,1.0,1.0,0.9770734906196594,0.9994443655014038,0.9999538660049438,0.9991541504859924,0.9984480738639832,0.9993562698364258,0.9887310266494751,0.5943123698234558,4.0
1782,1.0,1.0,1.0,1.0,1.0,1.0,1.0,,0.9801816344261169,0.9956001043319702,0.998802125453949,0.8852264881134033,0.983900249004364,0.6100672483444214,0.26204678416252136,0.04505046457052231,4.0
1783,0.0,0.0,0.0,0.0,0.0,0.0,0.0,,0.0007721169386059046,0.0005376504850573838,0.0005591887747868896,0.00027358223451301455,0.0217935461550951,0.00012405574670992792,0.0017213472165167332,6.988680979702622e-05,0.0
1784,1.0,1.0,1.0,1.0,1.0,1.0,,,0.8819925785064697,0.9288135766983032,0.9918328523635864,0.0345362052321434,0.7332069873809814,0.4118158519268036,0.29419824481010437,0.1838606595993042,0.0
1785,1.0,,1.0,1.0,1.0,1.0,,,0.9995855689048767,0.9951282739639282,0.9997105002403259,0.9424812197685242,0.9939452409744263,0.9982098937034607,0.9416171908378601,0.4917711615562439,4.0
1786,0.0,0.0,0.0,0.0,0.0,0.0,0.0,0.0,0.0009106413926929235,0.0005027544684708118,0.0005079677212052047,0.0003008553758263588,0.01693868078291416,0.00013485287490766495,0.0016055975575000048,7.050520071061328e-05,0.0
1787,1.0,1.0,1.0,0.0,1.0,0.0,1.0,0.0,0.9249829053878784,0.9776877164840698,0.982507586479187,0.9414957165718079,0.9771262407302856,0.5362907648086548,0.6338702440261841,0.10959924757480621,4.0
1788,,,0.0,0.0,1.0,0.0,,,0.0018396929372102022,0.2381727248430252,0.02915218472480774,0.0011166372569277883,0.9940388202667236,0.05246945098042488,0.0716894194483757,0.00020083475101273507,2.0
1789,0.0,1.0,0.0,0.0,1.0,0.0,,,0.0030601986218243837,0.16706328094005585,0.08212906122207642,0.0013787717325612903,0.9120655655860901,0.0822550356388092,0.05296695977449417,0.00028445315547287464,3.0
1790,0.0,0.0,0.0,0.0,0.0,0.0,0.0,0.0,0.002425430342555046,0.0009309184970334172,0.0012216545874252915,0.006561047397553921,0.07018543779850006,0.0005602651508525014,0.010401911102235317,0.00022985768737271428,3.0
1791,1.0,1.0,1.0,1.0,1.0,0.0,1.0,0.0,0.9955164790153503,0.9864373207092285,0.9998236298561096,0.9865027666091919,0.9985789060592651,0.9322910308837891,0.5103539824485779,0.266966849565506,0.0
1792,0.0,,0.0,,0.0,0.0,,,0.000967544736340642,0.0013591197784990072,0.000683099846355617,0.0017633185489103198,0.0191840510815382,0.00024580303579568863,0.00872686505317688,0.0001812959526432678,0.0
1793,,,0.0,0.0,1.0,0.0,,,0.0017575881211087108,0.03502596169710159,0.015977004542946815,0.0009889566572383046,0.9479246139526367,0.021804524585604668,0.0349678210914135,0.00021030998323112726,2.0
1794,0.0,0.0,0.0,0.0,0.0,0.0,0.0,0.0,0.0005837449571117759,0.0005928371101617813,0.0007636844529770315,0.0021268839482218027,0.0887322723865509,0.0004526993434410542,0.008894949220120907,0.00015911026275716722,4.0
1795,1.0,1.0,1.0,1.0,1.0,1.0,1.0,1.0,0.9998113512992859,0.99897700548172,0.9997934103012085,0.9101481437683105,0.9980297684669495,0.9937502145767212,0.9502018690109253,0.7463648915290833,1.0
1796,1.0,1.0,1.0,1.0,1.0,0.0,1.0,,0.8631178140640259,0.9067858457565308,0.9889444708824158,0.29285261034965515,0.5873274803161621,0.112103171646595,0.6938095092773438,0.05518314242362976,4.0
1797,0.0,,0.0,,0.0,0.0,,,0.000927275512367487,0.0010240585543215275,0.0003812671930063516,0.0012961102183908224,0.01925830729305744,0.0003777284873649478,0.005023908335715532,0.00012107923248549923,0.0
1798,0.0,,0.0,,0.0,0.0,,,0.004843765404075384,0.007242809981107712,0.0007670162594877183,0.012386794202029705,0.04677679017186165,0.0007909100968390703,0.077246755361557,0.00012715130287688226,1.0
1799,0.0,,0.0,0.0,0.0,0.0,,,0.002929880516603589,0.0010991058079525828,0.0015479199355468154,0.027475304901599884,0.025019483640789986,0.0007000561454333365,0.0427011176943779,0.0008774750167503953,4.0
1800,0.0,1.0,0.0,,0.0,0.0,,,0.026365462690591812,0.8819004893302917,0.0035538116935640574,0.04217054694890976,0.18236856162548065,0.0008660542662255466,0.016009455546736717,0.00045931502245366573,1.0
1801,0.0,,0.0,,0.0,0.0,,,0.0010142228566110134,0.0010303222807124257,0.000454072403954342,0.0015870172064751387,0.013623463921248913,0.0005159066058695316,0.00502890395000577,0.0001624256547074765,0.0
1802,1.0,1.0,1.0,1.0,1.0,1.0,0.0,0.0,0.9827849864959717,0.9880956411361694,0.9998206496238708,0.8109005689620972,0.9942987561225891,0.9332940578460693,0.07730142027139664,0.17606066167354584,4.0
1803,1.0,,1.0,1.0,1.0,0.0,,,0.9531081914901733,0.9415632486343384,0.9990087151527405,0.9784148931503296,0.9981549382209778,0.8428984880447388,0.550521731376648,0.06954295933246613,3.0
1804,0.0,1.0,1.0,1.0,1.0,1.0,0.0,0.0,0.9927190542221069,0.9970006942749023,0.9975332021713257,0.9634011387825012,0.9992173314094543,0.999731719493866,0.7889375686645508,0.4877927601337433,1.0
1805,0.0,1.0,1.0,1.0,1.0,1.0,0.0,0.0,0.9227474927902222,0.9640014171600342,0.9981362223625183,0.9851168990135193,0.9988290667533875,0.9378826022148132,0.24140021204948425,0.02159806340932846,0.0
1806,0.0,0.0,0.0,0.0,0.0,0.0,0.0,0.0,0.0006605910020880401,0.0006990663823671639,0.00018656934844329953,0.001038073911331594,0.013008990325033665,0.0002684113569557667,0.00722753070294857,0.0002836828352883458,4.0
1807,0.0,,0.0,,0.0,0.0,,,0.0012959082378074527,0.001155928592197597,0.00037363742012530565,0.0009560428443364799,0.020245930179953575,0.000505769276060164,0.008465279825031757,0.00012428982881829143,0.0
1808,0.0,0.0,0.0,0.0,0.0,0.0,0.0,0.0,0.0009630382992327213,0.0004151782195549458,0.0005653302650898695,0.0012434705859050155,0.013696522451937199,0.00013792510435450822,0.006588754244148731,0.00026618450647220016,3.0
1809,1.0,,1.0,,1.0,1.0,,,0.9357008934020996,0.9985589981079102,0.910950779914856,0.8775490522384644,0.9988051652908325,0.9571935534477234,0.4734356701374054,0.02452961355447769,3.0
1810,0.0,,0.0,0.0,0.0,0.0,,,0.0008760472992435098,0.0006863782764412463,0.0003699983935803175,0.0009964033961296082,0.007797085680067539,0.00040432848618365824,0.06156144663691521,0.0005950577324256301,4.0
1811,0.0,0.0,0.0,0.0,0.0,0.0,0.0,0.0,0.0008817866328172386,0.000297835620585829,0.0004457228060346097,0.0011542032007128,0.007044550031423569,0.00028054669382981956,0.010258750058710575,0.00027583917835727334,3.0
1812,0.0,1.0,1.0,1.0,1.0,1.0,0.0,0.0,0.6257148385047913,0.9986351132392883,0.9990334510803223,0.9875050783157349,0.999140739440918,0.9997828602790833,0.11539499461650848,0.02814798429608345,2.0
1813,0.0,1.0,0.0,,0.0,0.0,,,0.005117526277899742,0.8239301443099976,0.0008094522636383772,0.012043898925185204,0.019048426300287247,0.0001915552857099101,0.004711752757430077,0.0014060265384614468,2.0
1814,0.0,0.0,0.0,,0.0,0.0,,,0.0012014925014227629,0.0007274528616108,0.0006750104948878288,0.00039829930756241083,0.019803455099463463,0.00014393586025107652,0.001901872456073761,7.595082570333034e-05,0.0
1815,0.0,0.0,0.0,0.0,0.0,0.0,0.0,0.0,0.0006523220217786729,0.0003078387235291302,0.0005509390612132847,0.0008438879158347845,0.0239284448325634,0.00019944034283980727,0.009821562096476555,0.00017631998343858868,2.0
1816,1.0,,1.0,1.0,1.0,,,,0.9832994937896729,0.998907744884491,0.999543309211731,0.9958500862121582,0.9979642033576965,0.9967229962348938,0.1904985010623932,0.02515648864209652,4.0
1817,1.0,1.0,1.0,1.0,1.0,1.0,1.0,0.0,0.9809638261795044,0.9994915127754211,0.969912052154541,0.9753247499465942,0.9982731938362122,0.9865558743476868,0.5312702655792236,0.03551957756280899,3.0
1818,1.0,1.0,1.0,1.0,1.0,1.0,1.0,0.0,0.9192095994949341,0.9989349246025085,0.9870745539665222,0.798444926738739,0.9997057318687439,0.9964699745178223,0.7762757539749146,0.05450606718659401,0.0
1819,0.0,0.0,0.0,0.0,1.0,0.0,0.0,0.0,0.10773365199565887,0.02447870373725891,0.8126527667045593,0.04628938063979149,0.9752471446990967,0.4084760844707489,0.027530403807759285,0.0002793587336782366,4.0
1820,1.0,,1.0,1.0,1.0,0.0,,,0.8967100381851196,0.8328132629394531,0.9968166947364807,0.9719398021697998,0.9983132481575012,0.926053524017334,0.33495599031448364,0.0627659484744072,2.0
1821,1.0,1.0,1.0,1.0,1.0,1.0,,,0.8918416500091553,0.9984030723571777,0.9996750354766846,0.9850608110427856,0.9989364147186279,0.9462839365005493,0.17722083628177643,0.015739846974611282,3.0
1822,1.0,,1.0,1.0,1.0,0.0,,,0.9995254278182983,0.9769665598869324,0.9993271827697754,0.9988648295402527,0.9912765026092529,0.21446698904037476,0.8148159980773926,0.7191751003265381,1.0
1823,0.0,0.0,0.0,0.0,0.0,0.0,,,0.003350525861606002,0.0019641160033643246,0.009540494531393051,0.24918118119239807,0.5937431454658508,0.0042801727540791035,0.02374630607664585,0.00023420751676894724,4.0
1824,1.0,1.0,1.0,1.0,1.0,1.0,1.0,1.0,0.9910573959350586,0.9987624883651733,0.9942072629928589,0.8349761962890625,0.9969993829727173,0.9707810282707214,0.8699817061424255,0.7223369479179382,0.0
1825,1.0,,1.0,,1.0,1.0,,,0.9999437928199768,0.9998273849487305,0.9995396137237549,0.9944344758987427,0.998490571975708,0.9958261251449585,0.8293938636779785,0.9914200901985168,2.0
1826,0.0,0.0,0.0,,1.0,0.0,,,0.004985439125448465,0.06894420087337494,0.03987802937626839,0.0018640193156898022,0.9529320597648621,0.038096267729997635,0.1238480806350708,0.0003772054333239794,3.0
1827,0.0,,0.0,,1.0,0.0,,,0.002170727588236332,0.008711053989827633,0.3491149842739105,0.0013331990921869874,0.49945518374443054,0.32475996017456055,0.029218271374702454,6.762848352082074e-05,1.0
1828,1.0,1.0,1.0,1.0,1.0,1.0,0.0,0.0,0.9890299439430237,0.9992674589157104,0.9991980195045471,0.9896416664123535,0.9992705583572388,0.8985364437103271,0.2792787253856659,0.20416907966136932,1.0
1829,1.0,1.0,1.0,1.0,1.0,1.0,1.0,1.0,0.9995810985565186,0.9997424483299255,0.9986774921417236,0.9986404776573181,0.9984869956970215,0.9993594288825989,0.9991506934165955,0.9594814777374268,0.0
1830,0.0,0.0,0.0,0.0,0.0,0.0,0.0,0.0,0.0009391485946252942,0.0002827850403264165,0.0003497503639664501,0.0008210392552427948,0.005809669382870197,0.0002386033011134714,0.007821956649422646,0.0001327372738160193,1.0
1831,0.0,,0.0,0.0,0.0,0.0,,,0.0010944431414827704,0.0004076253098901361,0.0003227272245567292,0.0008471512701362371,0.005192013457417488,0.00032050456502474844,0.008769746869802475,8.035192149691284e-05,1.0
1832,0.0,0.0,0.0,0.0,0.0,0.0,0.0,0.0,0.0008493136265315115,0.0002554490347392857,0.0021249460987746716,0.0010534391039982438,0.12594541907310486,0.0006286305724643171,0.023930151015520096,0.00012482181773521006,2.0
1833,0.0,,0.0,0.0,0.0,0.0,,,0.000580262450966984,0.00014479646051768214,0.00044036476174369454,0.001109632314182818,0.010749882087111473,0.0001358958543278277,0.004280391614884138,9.713318286230788e-05,2.0
1834,0.0,0.0,0.0,0.0,0.0,0.0,,,0.0011049348395317793,0.0008073297212831676,0.0005942365969531238,0.00029282583273015916,0.009878593496978283,0.0001537131902296096,0.0019454016583040357,9.735581988934427e-05,0.0
1835,0.0,,0.0,0.0,0.0,0.0,,,0.009462750516831875,0.00250329845584929,0.008345631882548332,0.020851269364356995,0.16473165154457092,0.0005516916862688959,0.029187172651290894,0.0006636376492679119,0.0
1836,,0.0,0.0,0.0,0.0,,0.0,0.0,0.0008140552090480924,0.0005202583852224052,0.0006483930628746748,0.0009447700576856732,0.012768073938786983,0.0004941840306855738,0.011105544865131378,6.602636858588085e-05,1.0
1837,0.0,0.0,0.0,0.0,0.0,0.0,0.0,0.0,0.0011332521680742502,0.0005397946224547923,0.0003764027787838131,0.000687973340973258,0.005972078535705805,0.00027342731482349336,0.012975044548511505,5.689936369890347e-05,1.0
1838,1.0,1.0,1.0,1.0,1.0,1.0,1.0,,0.9829941987991333,0.9999279975891113,0.9996434450149536,0.9944344758987427,0.9977478981018066,0.9766070246696472,0.8316723704338074,0.06848632544279099,0.0
1839,0.0,0.0,0.0,0.0,0.0,0.0,,,0.0006065406487323344,0.00016340696311090142,0.0006498396978713572,0.0009567972738295794,0.026195460930466652,0.00010031100100604817,0.0038695107214152813,9.624205995351076e-05,2.0
1840,0.0,0.0,0.0,0.0,1.0,0.0,0.0,0.0,0.001556580769829452,0.012421228922903538,0.3116646409034729,0.0013013990828767419,0.6278223395347595,0.16652491688728333,0.014700336381793022,0.000254084006883204,3.0
1841,1.0,1.0,1.0,1.0,1.0,1.0,0.0,,0.9990330934524536,0.9996933341026306,0.999631941318512,0.9953497052192688,0.9913270473480225,0.6981601715087891,0.8448473215103149,0.8724055290222168,4.0
1842,,,,,,,0.0,0.0,0.0033269713167101145,0.0009081774041987956,0.0007292530499398708,0.010647276416420937,0.07070094347000122,0.0005071781924925745,0.05329883471131325,0.00037929543759673834,0.0
1843,0.0,0.0,0.0,0.0,0.0,0.0,0.0,0.0,0.0007442611386068165,0.00036842108238488436,0.0002534890081733465,0.0010117065394297242,0.009680556133389473,0.00012598451576195657,0.010143817402422428,0.00029708564397878945,4.0
1844,0.0,0.0,0.0,0.0,0.0,0.0,0.0,0.0,0.002283059526234865,0.0014237227151170373,0.0022887983359396458,0.01313109416514635,0.047706373035907745,0.0006866351468488574,0.03488116338849068,0.000893143645953387,0.0
1845,0.0,,0.0,,0.0,0.0,,,0.0006842657458037138,0.000110809356556274,0.00033717782935127616,0.0010505071841180325,0.010316260159015656,0.00011614315735641867,0.005467112176120281,9.721400419948623e-05,2.0
1846,0.0,,1.0,1.0,1.0,1.0,,,0.9208716154098511,0.9952903985977173,0.9997371435165405,0.9864130616188049,0.9997137784957886,0.9737273454666138,0.4028126299381256,0.042597927153110504,1.0
1847,1.0,0.0,1.0,1.0,1.0,0.0,,,0.9811018705368042,0.11270333081483841,0.999516487121582,0.9870496988296509,0.9105048179626465,0.09702995419502258,0.11665546894073486,0.18978825211524963,3.0
1848,0.0,0.0,0.0,0.0,0.0,0.0,0.0,0.0,0.0008038236992433667,0.00020705870701931417,0.00038502324605360627,0.0011541785206645727,0.014448326081037521,0.0002480198163539171,0.004368466790765524,0.0002363784733461216,3.0
1849,1.0,1.0,1.0,1.0,1.0,1.0,1.0,1.0,0.9996575713157654,0.9992722272872925,0.9973553419113159,0.9966671466827393,0.9946726560592651,0.9988690614700317,0.9795567393302917,0.5651379823684692,0.0
1850,1.0,0.0,1.0,1.0,1.0,0.0,,,0.3690422773361206,0.8535512685775757,0.9866854548454285,0.8615577816963196,0.9872092604637146,0.5007112622261047,0.06769990921020508,0.011484981514513493,2.0
1851,0.0,1.0,0.0,0.0,1.0,1.0,0.0,,0.01402210257947445,0.644268810749054,0.04455462843179703,0.0030559131409972906,0.9947118759155273,0.09794490039348602,0.06770067662000656,0.0004284182214178145,0.0
1852,0.0,,0.0,,0.0,0.0,,,0.0008770623244345188,0.0007446357631124556,0.0005877825897186995,0.001304895500652492,0.012788902968168259,0.0002162358141504228,0.006212469190359116,0.00026062552933581173,3.0
1853,0.0,,0.0,0.0,0.0,0.0,,,0.0006369425100274384,0.0004394174029584974,0.00012482864258345217,0.0005514806834980845,0.013285646215081215,0.00017868238501250744,0.007172387093305588,0.00019557423365768045,4.0
1854,0.0,0.0,0.0,0.0,1.0,0.0,,,0.017334824427962303,0.19249476492404938,0.223739892244339,0.009004118852317333,0.24513961374759674,0.012284700758755207,0.11468234658241272,0.00016971607692539692,2.0
1855,0.0,,0.0,,1.0,0.0,,,0.03917067497968674,0.0906873494386673,0.403673380613327,0.1934528946876526,0.1771238148212433,0.1437489092350006,0.3155936896800995,0.0007353040855377913,1.0
1856,1.0,,1.0,,1.0,1.0,,,0.9997106194496155,0.9988265633583069,0.9996105432510376,0.9887626767158508,0.99901282787323,0.9999455213546753,0.5500872135162354,0.8079183101654053,2.0
1857,1.0,,1.0,,1.0,1.0,,,0.9981248378753662,0.9995090961456299,0.9998226761817932,0.7217890620231628,0.9995638728141785,0.9995132088661194,0.8004066348075867,0.18838080763816833,1.0
1858,1.0,,1.0,1.0,1.0,1.0,,,0.9932731986045837,0.9959995746612549,0.9987144470214844,0.9983376860618591,0.9611559510231018,0.926084041595459,0.8694360256195068,0.32956382632255554,4.0
1859,0.0,0.0,0.0,0.0,0.0,0.0,0.0,0.0,0.0010064806556329131,0.00029116697260178626,0.0005812299787066877,0.001088180229999125,0.008599049411714077,0.0001604201679583639,0.006474027875810862,0.0003538210585247725,3.0
1860,0.0,,0.0,0.0,0.0,0.0,,,0.10032089799642563,0.011080528609454632,0.0025286423042416573,0.02152002789080143,0.3233931064605713,0.0006062315660528839,0.056731488555669785,0.004741900600492954,4.0
1861,1.0,0.0,1.0,1.0,1.0,0.0,,,0.9821943640708923,0.4721837341785431,0.9994029402732849,0.9988031983375549,0.9964120388031006,0.6836556196212769,0.0733901709318161,0.056502990424633026,1.0
1862,0.0,,0.0,0.0,0.0,0.0,,,0.0012647408293560147,0.000981740653514862,0.0007541582453995943,0.0005788506241515279,0.020523879677057266,0.0003203844535164535,0.00773465633392334,0.00025638905935920775,0.0
1863,1.0,1.0,1.0,1.0,1.0,1.0,1.0,1.0,0.9981064796447754,0.999396562576294,0.9998887777328491,0.9994373917579651,0.9986382126808167,0.9938626289367676,0.9767260551452637,0.36692869663238525,4.0
1864,0.0,0.0,0.0,0.0,0.0,0.0,0.0,0.0,0.0007144507253542542,0.000103635604318697,0.00042731137364171445,0.0009952791733667254,0.006740726064890623,0.00014457080396823585,0.004966645501554012,0.00010076268517877907,2.0
1865,1.0,1.0,1.0,1.0,1.0,1.0,1.0,,0.9919047355651855,0.9970085024833679,0.9998564720153809,0.6276336908340454,0.9959039092063904,0.998123288154602,0.5960613489151001,0.3059403896331787,4.0
1866,1.0,,1.0,1.0,1.0,1.0,,,0.9975389838218689,0.9976096153259277,0.9994154572486877,0.9146097898483276,0.9988065361976624,0.9995560050010681,0.6909927129745483,0.07076852023601532,1.0
1867,1.0,1.0,1.0,1.0,1.0,1.0,1.0,,0.9941567778587341,0.9976840615272522,0.9993442296981812,0.9976711869239807,0.9974439144134521,0.9911436438560486,0.8388490080833435,0.19011090695858002,1.0
1868,1.0,1.0,1.0,1.0,1.0,1.0,1.0,,0.9993138909339905,0.9998393654823303,0.9996455907821655,0.9896838068962097,0.9987896084785461,0.9997057914733887,0.9130877256393433,0.44703519344329834,2.0
1869,1.0,1.0,1.0,1.0,1.0,1.0,,,0.9732718467712402,0.9983437061309814,0.999702513217926,0.9901466965675354,0.9991263151168823,0.9992799758911133,0.8108465671539307,0.4706525206565857,1.0
1870,0.0,0.0,0.0,0.0,0.0,0.0,0.0,0.0,0.002141605829820037,0.000764820200856775,0.0017516831867396832,0.0016825294587761164,0.049867190420627594,0.0004217043751850724,0.00772319408133626,0.00010560925147728994,0.0
1871,0.0,0.0,0.0,0.0,0.0,0.0,0.0,0.0,0.0008331182179972529,0.000185987344593741,0.00037005203193984926,0.0010278249392285943,0.036459583789110184,0.0001596146757947281,0.004954501986503601,0.00011972792708547786,2.0
1872,0.0,0.0,0.0,0.0,0.0,0.0,0.0,0.0,0.0035470842849463224,0.004344747867435217,0.0007521841325797141,0.0006056499551050365,0.015636306256055832,0.00021762658434454352,0.015612464398145676,0.00020652683451771736,0.0
1873,1.0,,1.0,1.0,1.0,,,,0.8690577149391174,0.9975558519363403,0.9996802806854248,0.9855207204818726,0.9997106790542603,0.9996308088302612,0.11079863458871841,0.012855632230639458,0.0
1874,1.0,1.0,1.0,1.0,1.0,1.0,1.0,,0.9940528869628906,0.9998993873596191,0.9999338388442993,0.9976458549499512,0.999575138092041,0.9985946416854858,0.35132405161857605,0.16824756562709808,3.0
1875,0.0,,1.0,0.0,1.0,1.0,,,0.1256246715784073,0.9686547517776489,0.8872408866882324,0.05720704793930054,0.9104547500610352,0.9544734358787537,0.03565370664000511,0.0004543217073660344,3.0
1876,0.0,,0.0,0.0,0.0,0.0,,,0.0014888140140101314,0.0008152849040925503,0.0011052513727918267,0.0019137304043397307,0.011972215957939625,0.0008871611207723618,0.10708452761173248,0.0004914345336146653,3.0
1877,0.0,,0.0,0.0,0.0,0.0,,,0.002061367966234684,0.0012548795202746987,0.0009591966518200934,0.0009108097292482853,0.01746940240263939,0.0005403765826486051,0.03060602769255638,0.00026902154786512256,0.0
1878,0.0,1.0,1.0,1.0,1.0,1.0,1.0,,0.9627991318702698,0.9963940978050232,0.9765941500663757,0.9552782773971558,0.9678316712379456,0.8332347869873047,0.7595475912094116,0.027934085577726364,3.0
1879,0.0,0.0,0.0,0.0,0.0,0.0,0.0,0.0,0.0006366498419083655,0.00018220837228000164,0.00077359180431813,0.001229296438395977,0.07293714582920074,0.00018779623496811837,0.004765741992741823,0.00011569240450626239,2.0
1880,1.0,0.0,1.0,1.0,1.0,1.0,0.0,,0.9148585796356201,0.8897932171821594,0.9996218085289001,0.9962666034698486,0.9334637522697449,0.4374787211418152,0.06645739078521729,0.0931863784790039,3.0
1881,0.0,0.0,0.0,0.0,0.0,0.0,,,0.0015724815893918276,0.00040139173506759107,0.00043282375554554164,0.0033284833189100027,0.022855229675769806,0.00014014366024639457,0.015281458385288715,0.0002012476761592552,4.0
1882,0.0,,0.0,0.0,0.0,0.0,,,0.004506074823439121,0.058712784200906754,0.003331107087433338,0.2925499975681305,0.7192214131355286,0.0012190338457003236,0.03862924873828888,0.0013732807710766792,3.0
1883,0.0,,0.0,0.0,0.0,0.0,,,0.0012053080135956407,0.0007973335450515151,0.0005439784144982696,0.0003045988851226866,0.009048129431903362,0.0001878033363027498,0.001707310788333416,9.483044414082542e-05,0.0
1884,0.0,,0.0,0.0,0.0,0.0,,,0.0015452387742698193,0.001294329296797514,0.0017631471855565906,0.020686788484454155,0.32661595940589905,0.0035431061405688524,0.009951867163181305,0.00035980090615339577,4.0
1885,0.0,,0.0,0.0,0.0,0.0,,,0.0009635754395276308,0.0004287592601031065,0.0002739744959399104,0.0008520474657416344,0.01266479305922985,0.0002467070007696748,0.013182764872908592,4.9600275815464556e-05,1.0
1886,0.0,0.0,0.0,0.0,0.0,0.0,0.0,0.0,0.004990324843674898,0.0014341173227876425,0.0005729166441597044,0.0018791662296280265,0.016518093645572662,0.0003194402379449457,0.031250786036252975,0.0004870702978223562,3.0
1887,0.0,0.0,0.0,0.0,0.0,0.0,0.0,0.0,0.0007218264508992434,0.00011210342199774459,0.0003514894924592227,0.0009806744055822492,0.008839343674480915,0.00022367233759723604,0.014580436050891876,8.1396967289038e-05,2.0
1888,1.0,1.0,1.0,0.0,1.0,1.0,0.0,,0.4784541130065918,0.914649486541748,0.9663323163986206,0.0471680611371994,0.9885259866714478,0.5014913082122803,0.03791976347565651,0.00033129373332485557,2.0
1889,0.0,1.0,1.0,1.0,1.0,1.0,1.0,,0.6997429132461548,0.9857217669487,0.9966818690299988,0.9779036641120911,0.998312771320343,0.9916075468063354,0.8438668847084045,0.031162887811660767,0.0
1890,1.0,1.0,1.0,1.0,1.0,1.0,1.0,,0.9882670640945435,0.9984193444252014,0.999617874622345,0.9984604120254517,0.9895228147506714,0.9931584596633911,0.9527142643928528,0.64754319190979,4.0
1891,0.0,,0.0,,0.0,0.0,,,0.004029285162687302,0.0022667625453323126,0.0008846657583490014,0.028583338484168053,0.04323849827051163,0.0009697964997030795,0.0790359154343605,0.0004894735175184906,0.0
1892,0.0,0.0,0.0,0.0,0.0,0.0,,,0.0009640486096031964,0.00029201272991485894,0.0005396593478508294,0.001158498227596283,0.01833895593881607,0.0003237986529711634,0.010735742747783661,0.00020651984959840775,3.0
1893,0.0,,1.0,,1.0,0.0,,,0.025147320702672005,0.34197109937667847,0.5945163369178772,0.3063335120677948,0.6197980642318726,0.01822766289114952,0.03251218423247337,0.0013288968475535512,0.0
1894,1.0,1.0,1.0,1.0,1.0,1.0,1.0,1.0,0.9953868985176086,0.9987194538116455,0.9996423721313477,0.3776742219924927,0.990288257598877,0.8148719072341919,0.883495032787323,0.7754943370819092,3.0
1895,0.0,,1.0,1.0,1.0,0.0,,,0.2814682722091675,0.7913445234298706,0.9993690848350525,0.5994811058044434,0.9886403679847717,0.7301744222640991,0.08725354820489883,0.02744361385703087,4.0
1896,0.0,,1.0,,1.0,1.0,,,0.03745018690824509,0.9807730913162231,0.5330579280853271,0.07264968007802963,0.9995986223220825,0.9800311923027039,0.11772806197404861,0.0007861800258979201,1.0
1897,0.0,,0.0,,0.0,0.0,,,0.0012069462100043893,0.0012591544073075056,0.00046429107896983624,0.002810570178553462,0.007433081977069378,0.00025848622317425907,0.003640791168436408,0.00015508889919146895,0.0
1898,0.0,,0.0,0.0,0.0,0.0,,,0.0009348570602014661,0.0004860099870711565,0.0008992073708213866,0.0008719457546249032,0.007099146954715252,0.0004967036074958742,0.011679396033287048,6.293015030678362e-05,1.0
1899,1.0,0.0,0.0,0.0,0.0,0.0,,,0.058868590742349625,0.02552754059433937,0.0008811091538518667,0.029248300939798355,0.3060620427131653,0.00717106694355607,0.13972464203834534,0.0010283119045197964,4.0
1900,0.0,0.0,0.0,0.0,1.0,0.0,0.0,0.0,0.08563272655010223,0.016614483669400215,0.7964865565299988,0.0134454146027565,0.9660162925720215,0.16480600833892822,0.017535418272018433,0.00019289180636405945,0.0
1901,1.0,1.0,1.0,1.0,1.0,1.0,0.0,0.0,0.9608780145645142,0.9965749382972717,0.9985458254814148,0.9899719953536987,0.994733989238739,0.8838802576065063,0.8241045475006104,0.0436832495033741,2.0
1902,1.0,1.0,1.0,1.0,1.0,0.0,0.0,0.0,0.9561316967010498,0.972346842288971,0.9977517127990723,0.9658346772193909,0.9741000533103943,0.8319551348686218,0.0746552050113678,0.13465893268585205,2.0
1903,1.0,1.0,1.0,0.0,1.0,0.0,1.0,0.0,0.9253674149513245,0.9367836713790894,0.9720078706741333,0.575564980506897,0.9721494913101196,0.6683744192123413,0.630211353302002,0.06639835238456726,0.0
1904,0.0,0.0,0.0,0.0,0.0,0.0,0.0,0.0,0.0006781114498153329,9.289845183957368e-05,0.0002924100845120847,0.0010218557436019182,0.01520866621285677,0.00012896784755866975,0.003510835813358426,7.6753793109674e-05,2.0
1905,0.0,1.0,1.0,1.0,1.0,1.0,1.0,0.0,0.9884668588638306,0.9991357922554016,0.9972144961357117,0.9721211194992065,0.9993922114372253,0.9988188743591309,0.6296831965446472,0.036081861704587936,3.0
1906,1.0,1.0,1.0,1.0,1.0,1.0,1.0,0.0,0.9909002184867859,0.9996278285980225,0.9999710321426392,0.999793529510498,0.9993702173233032,0.9949736595153809,0.9055481553077698,0.5443675518035889,4.0
1907,0.0,,0.0,0.0,0.0,0.0,,,0.0008266630466096103,0.00030210785917006433,0.0005058079841546714,0.0011736397864297032,0.015207434073090553,0.00026401327340863645,0.004514985252171755,0.00021164194913581014,3.0
1908,0.0,,1.0,,1.0,1.0,,,0.6985877752304077,0.9959632158279419,0.9993699193000793,0.7991670966148376,0.923923909664154,0.8316167593002319,0.7000545859336853,0.26488974690437317,4.0
1909,0.0,0.0,0.0,0.0,0.0,0.0,,,0.000629313406534493,0.00011337485921103507,0.00032534555066376925,0.0009367378079332411,0.00875641405582428,0.00010818739974638447,0.004570650402456522,0.00012732458708342165,2.0
1910,0.0,0.0,0.0,0.0,0.0,0.0,0.0,0.0,0.0008350182906724513,0.0003568023385014385,0.00043835691758431494,0.0011891527101397514,0.01381145603954792,0.00019677499949466437,0.011068958789110184,0.0002040648105321452,3.0
1911,1.0,1.0,1.0,1.0,1.0,1.0,1.0,0.0,0.9972513914108276,0.9996183514595032,0.9998913407325745,0.995453417301178,0.9997358322143555,0.9998355507850647,0.9221518635749817,0.42657172679901123,1.0
1912,,,0.0,,0.0,0.0,,,0.002586276736110449,0.0006091483519412577,0.0019578291103243828,0.0034617420751601458,0.028756937012076378,0.0001812927221180871,0.007650256156921387,0.0002552033984102309,3.0
1913,1.0,1.0,1.0,1.0,1.0,1.0,1.0,1.0,0.9959632754325867,0.999857485294342,0.9999133348464966,0.9790138602256775,0.9988798499107361,0.8019699454307556,0.9676081538200378,0.8872942328453064,3.0
1914,0.0,0.0,0.0,0.0,0.0,0.0,0.0,0.0,0.0010290949139744043,0.0003117978048976511,0.00042678124736994505,0.0013655117945745587,0.010550105012953281,0.000287956150714308,0.017247002571821213,0.0002430357999401167,3.0
1915,1.0,0.0,,0.0,0.0,0.0,,,0.31048670411109924,0.07119125127792358,0.014142301864922047,0.22987100481987,0.46451178193092346,0.0004672152572311461,0.007332680746912956,0.013673855923116207,2.0
1916,1.0,0.0,,1.0,0.0,0.0,,,0.5566266775131226,0.12654417753219604,0.18734197318553925,0.9158663749694824,0.8868892788887024,0.005360778421163559,0.015115723013877869,0.4694378972053528,2.0
1917,1.0,1.0,1.0,1.0,1.0,1.0,1.0,,0.9924448728561401,0.9992459416389465,0.9997144937515259,0.9955909252166748,0.9988314509391785,0.9997897148132324,0.6385495066642761,0.3703039884567261,3.0
1918,1.0,1.0,1.0,1.0,1.0,1.0,1.0,1.0,0.9999328255653381,0.9998106956481934,0.9994528889656067,0.9971718192100525,0.9983077645301819,0.9971508383750916,0.8367774486541748,0.9924942851066589,2.0
1919,0.0,,0.0,,0.0,0.0,,,0.000762060983106494,0.0010352288372814655,0.000253514910582453,0.0009398171678185463,0.019558344036340714,0.00021578077576123178,0.010136018507182598,0.0004915639874525368,4.0
1920,,,,,,,0.0,0.0,0.004648898262530565,0.0023161957506090403,0.007225534878671169,0.038255609571933746,0.05683426558971405,0.002386739244684577,0.08843088150024414,0.0005672958213835955,0.0
1921,0.0,1.0,1.0,0.0,1.0,1.0,0.0,0.0,0.16784146428108215,0.9321763515472412,0.9585437178611755,0.22667619585990906,0.9947184324264526,0.9143916964530945,0.1233583390712738,0.0006191878928802907,4.0
1922,1.0,1.0,1.0,1.0,1.0,1.0,1.0,0.0,0.9916367530822754,0.9993538856506348,0.999910831451416,0.9959588050842285,0.9995747804641724,0.9993499517440796,0.7312304973602295,0.12623330950737,0.0
1923,,,0.0,,0.0,0.0,,,0.0006312774494290352,0.0003603429940994829,0.0001417856547050178,0.0007242413703352213,0.0123346708714962,0.00011118622933281586,0.0066264173947274685,0.00015282712411135435,4.0
1924,0.0,0.0,0.0,0.0,0.0,0.0,0.0,0.0,0.0007519464124925435,0.00011312620335957035,0.0003273851762060076,0.0012184055522084236,0.006767339073121548,0.00017381469660904258,0.008821801282465458,8.718091703485698e-05,2.0
1925,1.0,1.0,1.0,1.0,1.0,1.0,1.0,0.0,0.6757563948631287,0.9956800937652588,0.9964395761489868,0.5724574327468872,0.997748613357544,0.9992375373840332,0.8147538900375366,0.17079348862171173,0.0
1926,0.0,,0.0,0.0,0.0,0.0,,,0.0006730645545758307,0.0008363828528672457,0.00016642705304548144,0.0007719050045125186,0.013486201874911785,0.0002142793673556298,0.011350670829415321,0.0001823754282668233,4.0
1927,0.0,1.0,0.0,,0.0,0.0,,,0.0191173292696476,0.7899152040481567,0.004522677045315504,0.0066675543785095215,0.10445304960012436,0.00016005596262402833,0.004774652421474457,0.0015953638358041644,2.0
1928,0.0,0.0,0.0,,0.0,0.0,,,0.0009760498069226742,0.0004924367531202734,0.00034378241980448365,0.0008147984044626355,0.017247134819626808,0.00022547936532646418,0.007064993493258953,4.910216011921875e-05,1.0
1929,0.0,1.0,1.0,0.0,1.0,1.0,,,0.2556900084018707,0.9251675605773926,0.09689796715974808,0.0554615780711174,0.9967318773269653,0.7148495316505432,0.0716426819562912,0.00036388906300999224,4.0
1930,1.0,1.0,1.0,1.0,1.0,1.0,0.0,0.0,0.9981185793876648,0.9996277093887329,0.9981781244277954,0.8837871551513672,0.9959124326705933,0.9987226724624634,0.46653860807418823,0.723375678062439,4.0
1931,1.0,,1.0,1.0,1.0,1.0,,,0.968818187713623,0.9784891605377197,0.9996030330657959,0.9974625110626221,0.9924912452697754,0.7498306632041931,0.9107819199562073,0.031976789236068726,4.0
1932,0.0,,1.0,,1.0,1.0,,,0.7752113342285156,0.998830258846283,0.9994616508483887,0.9624106287956238,0.9990391135215759,0.99863600730896,0.6129735708236694,0.03454330563545227,2.0
1933,1.0,,1.0,,1.0,0.0,,,0.9812994599342346,0.9959459900856018,0.999110996723175,0.5657406449317932,0.9968687295913696,0.9286779761314392,0.766206681728363,0.45262467861175537,2.0
1934,1.0,1.0,1.0,1.0,1.0,1.0,0.0,1.0,0.999815821647644,0.9603208899497986,0.9598703384399414,0.9991819858551025,0.8212661147117615,0.80854731798172,0.4180634319782257,0.9961564540863037,1.0
1935,1.0,1.0,1.0,1.0,1.0,1.0,1.0,1.0,0.9997513890266418,0.9995388388633728,0.9996137619018555,0.9920373558998108,0.999472975730896,0.9998937249183655,0.9757375121116638,0.8883748054504395,0.0
1936,1.0,1.0,1.0,1.0,1.0,1.0,0.0,0.0,0.9356411695480347,0.9996688365936279,0.9998326301574707,0.9725475311279297,0.9994064569473267,0.9997112154960632,0.35777315497398376,0.048725832253694534,3.0
1937,1.0,1.0,1.0,1.0,1.0,1.0,1.0,1.0,0.998816967010498,0.9997252225875854,0.9995317459106445,0.9988629221916199,0.997353196144104,0.9998507499694824,0.9972071647644043,0.600394070148468,2.0
1938,0.0,,0.0,0.0,0.0,0.0,,,0.0030935255344957113,0.0007602744735777378,0.0010339422151446342,0.007574954070150852,0.13439135253429413,0.001240439829416573,0.14820705354213715,0.00032334672869183123,2.0
1939,0.0,,0.0,,0.0,0.0,,,0.005141290836036205,0.0063601303845644,0.0006901927408762276,0.011747797019779682,0.028084803372621536,0.0007574810879305005,0.06241976469755173,0.00010463343642186373,1.0
1940,0.0,0.0,0.0,0.0,1.0,0.0,0.0,,0.0033927899785339832,0.16428521275520325,0.03174672648310661,0.0013285273453220725,0.9624773859977722,0.08005520701408386,0.05572754144668579,0.00044696280383504927,3.0
1941,1.0,1.0,1.0,1.0,1.0,1.0,,,0.9567519426345825,0.999866783618927,0.9994008541107178,0.9970018863677979,0.9965689182281494,0.9019266366958618,0.29382017254829407,0.07977863401174545,0.0
1942,1.0,1.0,1.0,1.0,1.0,0.0,0.0,,0.9486212730407715,0.9749649167060852,0.9979233741760254,0.9547672867774963,0.9967094659805298,0.9381029605865479,0.18624888360500336,0.4040984809398651,3.0
1943,0.0,0.0,0.0,0.0,1.0,0.0,0.0,,0.007679351605474949,0.14635595679283142,0.17069323360919952,0.004707871470600367,0.9875028133392334,0.00903964415192604,0.00670756958425045,0.00026327482191845775,0.0
1944,0.0,0.0,0.0,0.0,0.0,0.0,,,0.0007778581348247826,0.0002905894652940333,0.00042649716488085687,0.0008749132975935936,0.019084706902503967,0.000217498280107975,0.011574016883969307,0.0001317843416472897,2.0
1945,1.0,1.0,1.0,1.0,1.0,1.0,1.0,1.0,0.9999595880508423,0.9999624490737915,0.9999423623085022,0.9953991770744324,0.9992253184318542,0.9991652369499207,0.941331148147583,0.9988691806793213,3.0
1946,1.0,,1.0,1.0,1.0,1.0,,,0.9969261288642883,0.9998182058334351,0.9997212886810303,0.992494523525238,0.9994556903839111,0.9998968839645386,0.7130120992660522,0.3079434633255005,2.0
1947,0.0,1.0,1.0,1.0,1.0,1.0,0.0,0.0,0.6240873336791992,0.9979231357574463,0.9893964529037476,0.6829389333724976,0.9965428113937378,0.9961049556732178,0.2009895145893097,0.06848277896642685,3.0
1948,0.0,0.0,0.0,0.0,0.0,0.0,0.0,0.0,0.0013657446252182126,0.0002691692498046905,0.0009835832752287388,0.0010210106847807765,0.015255274251103401,0.0005407375865615904,0.03553606942296028,0.00023381758364848793,2.0
1949,0.0,0.0,0.0,0.0,0.0,0.0,0.0,0.0,0.0008030652534216642,0.0002759689523372799,0.0005399006186053157,0.001102979644201696,0.009895739145576954,0.00014201848534867167,0.004436053801327944,0.00019494720618240535,3.0
1950,1.0,1.0,1.0,1.0,1.0,1.0,1.0,1.0,0.9999590516090393,0.9999375343322754,0.9994471073150635,0.9996139407157898,0.9986430406570435,0.9998658895492554,0.998898446559906,0.9958707094192505,0.0
1951,1.0,1.0,1.0,1.0,1.0,1.0,,,0.8066972494125366,0.999215841293335,0.9985060095787048,0.6486337780952454,0.9964426755905151,0.9072020649909973,0.29851338267326355,0.7709999680519104,2.0
1952,0.0,0.0,0.0,0.0,0.0,0.0,,,0.0005766883841715753,0.0004022385983262211,0.00014215819828677922,0.0007892637513577938,0.013710028491914272,8.548774349037558e-05,0.0067459587007761,0.0002396050695097074,4.0
1953,0.0,0.0,0.0,0.0,0.0,0.0,0.0,0.0,0.0013096624752506614,0.000323260435834527,0.0006232124869711697,0.003268239088356495,0.011969574727118015,0.0007092371233738959,0.009298134595155716,7.754412945359945e-05,1.0
1954,0.0,0.0,0.0,0.0,0.0,0.0,0.0,0.0,0.001027841935865581,0.0006559340981766582,0.0005533492658287287,0.00031839910661801696,0.009529500268399715,0.00015702702512498945,0.0031527909450232983,9.230988507624716e-05,0.0
1955,0.0,1.0,1.0,0.0,1.0,0.0,0.0,0.0,0.030089624226093292,0.5888957977294922,0.8778706789016724,0.10801205039024353,0.9720808267593384,0.08871559798717499,0.1295190155506134,0.000829327676910907,4.0
1956,1.0,1.0,1.0,0.0,1.0,1.0,1.0,0.0,0.9454975724220276,0.9842724204063416,0.9800827503204346,0.3686160743236542,0.9851256608963013,0.9979020357131958,0.7616933584213257,0.02756648324429989,0.0
1957,,,,,,,0.0,0.0,0.001854646485298872,0.0006517094443552196,0.0007834699936211109,0.000489278812892735,0.008040845394134521,0.00021931134688202292,0.013865838758647442,0.0004886266542598605,0.0
1958,0.0,0.0,0.0,0.0,0.0,0.0,0.0,0.0,0.0009963668417185545,0.0005865684361197054,0.0005887990118935704,0.00035792175913229585,0.008903326466679573,0.000418004667153582,0.0035435783211141825,8.611222438048571e-05,0.0
1959,0.0,,0.0,,1.0,1.0,,,0.016143014654517174,0.586566150188446,0.2772365212440491,0.001283613033592701,0.9979339838027954,0.7150831818580627,0.0172660443931818,0.00020088627934455872,4.0
1960,0.0,0.0,0.0,0.0,0.0,0.0,0.0,0.0,0.000990380416624248,0.00015554411220364273,0.00028917979216203094,0.0011967739555984735,0.007575174793601036,0.00013984036922920495,0.010460961610078812,0.00016987061826512218,2.0
1961,1.0,1.0,1.0,1.0,1.0,,0.0,,0.9965352416038513,0.9990490078926086,0.999701201915741,0.5440218448638916,0.998166024684906,0.996688961982727,0.549444317817688,0.25450849533081055,3.0
1962,0.0,1.0,1.0,0.0,1.0,0.0,,,0.24883908033370972,0.8665434122085571,0.9922680854797363,0.561863124370575,0.9875565767288208,0.7311773896217346,0.13107559084892273,0.0011000873055309057,2.0
1963,1.0,,1.0,1.0,1.0,1.0,,,0.9999451041221619,0.9984074831008911,0.9998993277549744,0.9621067643165588,0.9997168779373169,0.9991410970687866,0.7356248497962952,0.7850087881088257,1.0
1964,0.0,,0.0,,0.0,0.0,,,0.0008145677857100964,0.0006492132670246065,0.0010404038475826383,0.0004161015967838466,0.05450807884335518,0.0004104106919839978,0.0018369692843407393,8.287251694127917e-05,0.0
1965,0.0,0.0,0.0,0.0,0.0,0.0,0.0,0.0,0.0004642410494852811,8.778425399214029e-05,0.00033766496926546097,0.000945456326007843,0.015397053211927414,8.538606198271737e-05,0.0028990786522626877,7.754718535579741e-05,2.0
1966,1.0,,1.0,1.0,1.0,1.0,,,0.8736891746520996,0.9997022747993469,0.9981850981712341,0.42484772205352783,0.9921143651008606,0.9992842674255371,0.9377306699752808,0.34809610247612,0.0
1967,1.0,,1.0,1.0,1.0,1.0,,,0.8165702819824219,0.9990849494934082,0.9996128082275391,0.8628351092338562,0.9991765022277832,0.9784367084503174,0.7558833956718445,0.029265843331813812,3.0
1968,0.0,,0.0,0.0,1.0,0.0,,,0.001182796899229288,0.0069155702367424965,0.05488269031047821,0.0007665962330065668,0.019854184240102768,0.0016597150824964046,0.009630043059587479,4.789769809576683e-05,1.0
1969,0.0,0.0,0.0,0.0,0.0,0.0,0.0,0.0,0.0006327615701593459,0.0004813598352484405,0.00019989328575320542,0.0009127788944169879,0.012785268947482109,0.00013757433043792844,0.008960974402725697,0.0001911557774292305,4.0
1970,1.0,1.0,1.0,1.0,1.0,1.0,1.0,1.0,0.9985378980636597,0.9890456199645996,0.9999046921730042,0.9894214272499084,0.9985446929931641,0.9774453639984131,0.9010226726531982,0.9627604484558105,1.0
1971,1.0,1.0,1.0,1.0,1.0,1.0,1.0,1.0,0.9999392032623291,0.9861270189285278,0.9999478459358215,0.9994754195213318,0.9997748732566833,0.8826658725738525,0.8647183179855347,0.9710828065872192,1.0
1972,1.0,,1.0,1.0,1.0,1.0,,,0.9766272902488708,0.9990816116333008,0.9997569918632507,0.9972207546234131,0.9970415830612183,0.9297151565551758,0.5361193418502808,0.1375749260187149,2.0
1973,0.0,0.0,0.0,,0.0,0.0,,,0.0008412604220211506,0.00034101124037988484,0.0003405389143154025,0.00103862676769495,0.01424503419548273,0.00025268373428843915,0.015224543400108814,5.76173588342499e-05,1.0
1974,0.0,0.0,0.0,,1.0,0.0,,,0.002005971036851406,0.03339023143053055,0.01927323266863823,0.001303656492382288,0.9866944551467896,0.07101979851722717,0.046968974173069,0.0002383190585533157,4.0
1975,1.0,0.0,0.0,0.0,0.0,0.0,1.0,0.0,0.11061864346265793,0.0582432821393013,0.0007272535585798323,0.009031996130943298,0.004047430586069822,0.0007636273512616754,0.2031271755695343,0.0017701422329992056,1.0
1976,0.0,,0.0,,0.0,0.0,,,0.0008819020004011691,0.0011217218125239015,0.000397508149035275,0.0012586821103468537,0.017786340788006783,0.0004447855753824115,0.0034475713036954403,0.00014212580572348088,0.0
1977,0.0,0.0,0.0,0.0,0.0,0.0,0.0,0.0,0.0008004431147128344,0.0003251983434893191,0.0002383686660323292,0.000848290859721601,0.011916634626686573,0.00031139669590629637,0.007082351949065924,5.348551712813787e-05,1.0
1978,0.0,0.0,,0.0,1.0,0.0,,,0.12856526672840118,0.2646864056587219,0.757365882396698,0.9442307353019714,0.911576509475708,0.07712288200855255,0.35802459716796875,0.0017455513589084148,3.0
1979,1.0,0.0,,1.0,1.0,0.0,,,0.8339189291000366,0.165170818567276,0.9985135197639465,0.9972047209739685,0.9870768189430237,0.09959117323160172,0.1352820098400116,0.012355911545455456,2.0
1980,0.0,0.0,0.0,0.0,0.0,0.0,0.0,0.0,0.03072039783000946,0.0024831853806972504,0.0036691115237772465,0.006922498345375061,0.16719861328601837,0.010907931253314018,0.050043851137161255,0.0009130809339694679,3.0
1981,1.0,1.0,1.0,1.0,1.0,,1.0,,0.9967879056930542,0.9988789558410645,0.9999706149101257,0.9996730089187622,0.9991775155067444,0.9997331500053406,0.9632782936096191,0.27228081226348877,4.0
1982,0.0,0.0,1.0,0.0,1.0,0.0,0.0,0.0,0.1589750498533249,0.1699516773223877,0.7532879114151001,0.018990807235240936,0.9742287993431091,0.6525867581367493,0.04266834259033203,0.00025286979507654905,4.0
1983,1.0,1.0,1.0,1.0,1.0,1.0,1.0,0.0,0.9976336359977722,0.9991118311882019,0.9996093511581421,0.988940954208374,0.9955450296401978,0.998419463634491,0.3971916437149048,0.5076376795768738,2.0
1984,0.0,,0.0,,0.0,0.0,,,0.0025961482897400856,0.0006369533948600292,0.0009683327516540885,0.008597435429692268,0.3684963583946228,0.0005329851992428303,0.034136224538087845,0.00037442048778757453,3.0
1985,0.0,0.0,0.0,0.0,0.0,0.0,0.0,0.0,0.0010303298477083445,0.0007117041968740523,0.0008467129082418978,0.0006080999155528843,0.008460374549031258,0.00025383353931829333,0.0016559227369725704,9.959017916116863e-05,0.0
1986,0.0,0.0,0.0,0.0,0.0,0.0,0.0,0.0,0.0013477613683789968,0.000440464005805552,0.0003562402562238276,0.004691478330641985,0.038611821830272675,0.00019712078210432082,0.010248296894133091,0.0001574152847751975,4.0
1987,0.0,1.0,1.0,1.0,1.0,1.0,0.0,,0.9000904560089111,0.9962128400802612,0.9998632073402405,0.9936395883560181,0.9991322159767151,0.9929534792900085,0.7763549089431763,0.07890484482049942,3.0
1988,0.0,0.0,0.0,0.0,0.0,0.0,0.0,0.0,0.0009942553006112576,9.734173363540322e-05,0.0007026303210295737,0.0008456262294203043,0.012132089585065842,0.0001693753438303247,0.008200659416615963,0.00012825037993025035,2.0
1989,1.0,1.0,1.0,1.0,1.0,0.0,,,0.6807637810707092,0.8670164346694946,0.9689808487892151,0.818768322467804,0.9399418830871582,0.5934707522392273,0.8857463002204895,0.17080217599868774,0.0
1990,1.0,1.0,1.0,1.0,1.0,1.0,1.0,0.0,0.9998831152915955,0.9994348287582397,0.9998506307601929,0.999030590057373,0.9998797178268433,0.9997532963752747,0.988505482673645,0.7841742038726807,1.0
1991,0.0,1.0,1.0,0.0,1.0,1.0,0.0,0.0,0.5744800567626953,0.9333921670913696,0.7897876501083374,0.05383209139108658,0.9816307425498962,0.7418122291564941,0.0719250738620758,0.0001644833682803437,1.0
1992,0.0,,0.0,,0.0,0.0,,,0.0010676411911845207,0.00047279728460125625,0.00030315545154735446,0.001533809583634138,0.010522470809519291,0.00040440662996843457,0.006846529431641102,7.62706040404737e-05,1.0
1993,0.0,,0.0,0.0,0.0,0.0,,,0.0010024497751146555,0.0007169201853685081,0.0005691491533070803,0.0003505404165480286,0.008074485696852207,0.0001498042984167114,0.001563696889206767,8.714808791410178e-05,0.0
1994,0.0,,0.0,,0.0,0.0,,,0.0010956054320558906,0.0005213205586187541,0.0004950464935973287,0.0013549020513892174,0.01706082373857498,0.001298002665862441,0.012858150526881218,0.00018268886196892709,3.0
1995,,,,,,,0.0,0.0,0.005515656899660826,0.00035293036489747465,0.0006492910906672478,0.00973916333168745,0.07224252074956894,0.000379540171707049,0.03701777011156082,0.0002345004613744095,2.0
1996,1.0,0.0,1.0,1.0,1.0,0.0,1.0,1.0,0.9998214244842529,0.900842010974884,0.9998098611831665,0.9992437958717346,0.9689206480979919,0.07617102563381195,0.4719197154045105,0.9532333612442017,1.0
1997,0.0,,0.0,0.0,0.0,0.0,,,0.000726823229342699,0.0005421669920906425,0.00021303640096448362,0.0008728110115043819,0.014045590534806252,0.0002538237313274294,0.01201142743229866,0.00016377058636862785,4.0
1998,0.0,0.0,0.0,0.0,0.0,0.0,,,0.0008311753626912832,0.0005038554081693292,0.00017771519196685404,0.0013023930368945003,0.016012923792004585,0.00010589016164885834,0.01696804165840149,0.00022053939756006002,4.0
1999,0.0,0.0,0.0,0.0,0.0,0.0,0.0,0.0,0.0007806740468367934,0.00030681825592182577,0.00034180539660155773,0.0011436461936682463,0.007589178625494242,0.00021858009858988225,0.006942209787666798,0.000230842997552827,3.0
2000,1.0,1.0,1.0,0.0,1.0,1.0,0.0,,0.9715914130210876,0.9935547709465027,0.9851449728012085,0.7301466464996338,0.9762295484542847,0.8259470462799072,0.040966495871543884,0.18293708562850952,3.0
2001,1.0,1.0,1.0,1.0,1.0,1.0,,,0.9792419075965881,0.9976006150245667,0.9992541670799255,0.6829031705856323,0.9983301162719727,0.9988583922386169,0.7987687587738037,0.1608131378889084,1.0
2002,1.0,,1.0,,1.0,1.0,,,0.7985635995864868,0.9970929026603699,0.9721297025680542,0.6029871702194214,0.9997368454933167,0.9998538494110107,0.40592655539512634,0.20422819256782532,0.0
2003,1.0,1.0,1.0,1.0,1.0,1.0,1.0,1.0,0.9997168183326721,0.9998680353164673,0.9997872114181519,0.9636468887329102,0.9994773268699646,0.9995517134666443,0.6182650327682495,0.4456457495689392,1.0
2004,0.0,0.0,0.0,0.0,1.0,0.0,,,0.0031751058995723724,0.05503775551915169,0.23108026385307312,0.001771252485923469,0.0348687507212162,0.00982146617025137,0.044816430658102036,0.00020889662846457213,3.0
2005,1.0,1.0,1.0,1.0,1.0,1.0,1.0,,0.9965084195137024,0.999070942401886,0.9984661340713501,0.9932193756103516,0.9985910654067993,0.9880764484405518,0.5628748536109924,0.22566300630569458,2.0
2006,0.0,0.0,0.0,0.0,0.0,0.0,0.0,0.0,0.0006683816318400204,0.000981960678473115,0.00033412608900107443,0.0008758693002164364,0.014600015245378017,0.0027856347151100636,0.01435459777712822,0.0003189945127815008,4.0
2007,0.0,0.0,0.0,0.0,1.0,0.0,1.0,,0.08798015117645264,0.06497175991535187,0.8853062391281128,0.030551642179489136,0.851898729801178,0.31759870052337646,0.11968815326690674,0.003417020896449685,0.0
2008,1.0,1.0,1.0,1.0,1.0,1.0,1.0,,0.9992748498916626,0.49603307247161865,0.9966937303543091,0.8982802033424377,0.9165269732475281,0.6054125428199768,0.07654060423374176,0.15028761327266693,1.0
2009,1.0,0.0,1.0,1.0,1.0,0.0,,,0.9700663685798645,0.6262823939323425,0.999677300453186,0.998467206954956,0.9955673217773438,0.47290846705436707,0.02065814658999443,0.059430427849292755,0.0
2010,1.0,1.0,1.0,1.0,1.0,1.0,,,0.7447273135185242,0.998536229133606,0.9970584511756897,0.9387655258178711,0.9982370138168335,0.9954303503036499,0.12300586700439453,0.010900706052780151,2.0
2011,,,0.0,,0.0,0.0,,,0.000601107080001384,9.651737491367385e-05,0.00036182711482979357,0.0009173956932500005,0.005839604418724775,0.00010991630551870912,0.0032770847901701927,0.00010464411025168374,2.0
2012,1.0,1.0,1.0,0.0,1.0,1.0,,,0.7118625640869141,0.9550845623016357,0.17800842225551605,0.22232265770435333,0.6546903848648071,0.8220192193984985,0.3635648488998413,0.00041045245598070323,0.0
2013,0.0,0.0,0.0,0.0,0.0,0.0,,,0.0007791317766532302,0.00027273030718788505,0.0004559654917102307,0.0011416150955483317,0.0076636518351733685,0.0001645354786887765,0.006434927694499493,0.00023925698769744486,3.0
2014,0.0,1.0,1.0,0.0,1.0,1.0,0.0,0.0,0.10285113006830215,0.7833581566810608,0.8234650492668152,0.03380965441465378,0.9039661884307861,0.7706984877586365,0.020414510741829872,0.0003120308101642877,0.0
2015,0.0,,1.0,,1.0,0.0,,,0.0018470104550942779,0.8002883195877075,0.18298138678073883,0.0011051150504499674,0.7881212830543518,0.028425343334674835,0.01188301108777523,0.00021259338245727122,3.0
2016,0.0,0.0,0.0,0.0,0.0,0.0,0.0,0.0,0.0008895565406419337,0.00030070770299062133,0.0005679636378772557,0.0012097946600988507,0.0108760055154562,0.0001103319664252922,0.005859893746674061,0.0002944681327790022,3.0
2017,0.0,0.0,,0.0,0.0,0.0,0.0,0.0,0.0010842187330126762,0.0011245023924857378,0.0008107338799163699,0.0013519504573196173,0.014076895080506802,0.0003053634718526155,0.028632936999201775,0.0002148113417206332,3.0
2018,0.0,0.0,0.0,0.0,0.0,0.0,0.0,0.0,0.000910695584025234,0.00032777959131635725,0.0003477212740108371,0.0007739877328276634,0.005916394293308258,0.00037065730430185795,0.024559270590543747,6.545305950567126e-05,1.0
2019,0.0,0.0,0.0,0.0,0.0,0.0,0.0,0.0,0.0010865430813282728,0.0003566029481589794,0.0006938655860722065,0.002030407777056098,0.010076604783535004,0.0005982787697575986,0.006928605493158102,0.00010983752872562036,1.0
2020,0.0,0.0,0.0,0.0,1.0,0.0,0.0,0.0,0.015510761179029942,0.22870942950248718,0.7672532796859741,0.603988528251648,0.7999679446220398,0.011931704357266426,0.10397693514823914,0.0011263629421591759,2.0
2021,0.0,0.0,0.0,0.0,0.0,0.0,0.0,0.0,0.0008231030078604817,0.0002648287918418646,0.00044789008097723126,0.0011263665510341525,0.015381056815385818,0.00021155952708795667,0.0043129040859639645,0.00022254542273003608,3.0
2022,0.0,,1.0,,1.0,0.0,,,0.00696561299264431,0.7342084050178528,0.584221601486206,0.009412894956767559,0.9205130338668823,0.02054719626903534,0.017809558659791946,0.00014071044279262424,4.0
2023,0.0,,0.0,,0.0,0.0,,,0.0013346163323149085,0.000742476258892566,0.0005924443248659372,0.001650073565542698,0.013635140843689442,0.0004452416324056685,0.024815920740365982,0.00043166527757421136,3.0
2024,0.0,1.0,1.0,1.0,1.0,1.0,1.0,0.0,0.7451940178871155,0.9996622204780579,0.9998951554298401,0.9081589579582214,0.9967266917228699,0.9985755681991577,0.8482917547225952,0.06475816667079926,3.0
2025,0.0,1.0,1.0,0.0,1.0,1.0,,,0.054680075496435165,0.9515284299850464,0.9418807029724121,0.029076728969812393,0.9952828884124756,0.9394572973251343,0.277617484331131,0.00023951336333993822,1.0
2026,0.0,0.0,0.0,0.0,0.0,0.0,0.0,0.0,0.001702921581454575,0.0002925073495134711,0.0007161290268413723,0.0018057835986837745,0.00806110817939043,0.0006494174594990909,0.009259982034564018,8.773066656431183e-05,1.0
2027,,,,,,,0.0,0.0,0.0011107056634500623,0.0007923759403638542,0.0005027805455029011,0.0022644249256700277,0.02275218814611435,0.0007977370987646282,0.06533493846654892,0.0003067473298870027,4.0
2028,0.0,0.0,0.0,0.0,0.0,0.0,,,0.0033072414807975292,0.0004945493419654667,0.029447950422763824,0.011553521268069744,0.680838406085968,0.006079415790736675,0.009665673598647118,0.00011357772746123374,1.0
2029,0.0,0.0,0.0,0.0,0.0,0.0,,,0.0008717278833501041,0.0002929198963101953,0.0003130840777885169,0.0006844642921350896,0.007510970812290907,0.00023745825455989689,0.008013027720153332,0.00010485253733349964,1.0
2030,1.0,1.0,,0.0,1.0,1.0,1.0,0.0,0.050803378224372864,0.8337529301643372,0.1254952847957611,0.0007263162406161427,0.994971752166748,0.02985546551644802,0.11902731657028198,0.0005932663334533572,0.0
2031,1.0,1.0,1.0,1.0,1.0,1.0,0.0,,0.9940349459648132,0.9981451630592346,0.998412013053894,0.913907527923584,0.9968417882919312,0.8751424551010132,0.5877642631530762,0.5124093294143677,2.0
2032,0.0,1.0,1.0,1.0,1.0,1.0,0.0,0.0,0.6386324167251587,0.9548928141593933,0.9853349328041077,0.9404745697975159,0.995547354221344,0.9981991052627563,0.11267094314098358,0.00864512100815773,1.0
2033,1.0,1.0,0.0,1.0,1.0,1.0,0.0,,0.9932321906089783,0.9063155651092529,0.8135178685188293,0.9719156622886658,0.9951391220092773,0.8284422159194946,0.06747565418481827,0.9178881645202637,2.0
2034,0.0,,0.0,,0.0,0.0,,,0.0009056493290700018,0.0013572999741882086,0.0005575277609750628,0.002431954024359584,0.01335127092897892,0.00037495416472665966,0.005961927585303783,0.00018366301083005965,0.0
2035,0.0,0.0,0.0,0.0,0.0,0.0,,,0.0006667386624030769,0.00011366880062269047,0.00034992583096027374,0.0011866696877405047,0.007509450428187847,0.0001565082638990134,0.012548834085464478,9.32800758164376e-05,2.0
2036,,,,,,,0.0,0.0,0.0012611292768269777,0.0007512752199545503,0.0003881202719639987,0.0007262841681949794,0.017489217221736908,0.0004301077569834888,0.08976130187511444,7.879587064962834e-05,1.0
2037,0.0,0.0,0.0,0.0,0.0,0.0,0.0,0.0,0.0009089147788472474,0.0005802342784591019,0.0005764648667536676,0.0008180052973330021,0.018731921911239624,0.00038708612555637956,0.012266374193131924,6.493846012745053e-05,1.0
2038,0.0,,0.0,,0.0,0.0,,,0.0007337300339713693,0.0004498013004194945,0.0002467171580065042,0.000987246516160667,0.011219654232263565,0.00015818818064872175,0.007469906471669674,0.0002657533041201532,4.0
2039,0.0,0.0,0.0,0.0,0.0,0.0,0.0,0.0,0.033735886216163635,0.12345057725906372,0.010597150772809982,0.013614349067211151,0.09915170818567276,0.0007138111395761371,0.15375246107578278,0.0025888122618198395,3.0
2040,0.0,,1.0,,1.0,1.0,,,0.07081150263547897,0.9373102784156799,0.30352476239204407,0.028180576860904694,0.9978888630867004,0.9473229646682739,0.01495390571653843,0.0003108795208390802,2.0
2041,1.0,1.0,1.0,1.0,1.0,1.0,1.0,0.0,0.8184381127357483,0.9962988495826721,0.999968945980072,0.9948832988739014,0.9990298748016357,0.9957334995269775,0.8018581867218018,0.04186396300792694,4.0
2042,0.0,,0.0,,0.0,0.0,,,0.0023227722849696875,0.00046254959306679666,0.0014627035707235336,0.0056337411515414715,0.038669612258672714,0.0005473511409945786,0.08005238324403763,0.00031064526410773396,2.0
2043,0.0,0.0,0.0,0.0,0.0,0.0,0.0,0.0,0.0007487314869649708,0.0003184272500220686,0.0005185677437111735,0.0012508921790868044,0.01015291828662157,0.00014030607417225838,0.004934004042297602,0.00027447775937616825,3.0
2044,0.0,1.0,1.0,1.0,1.0,1.0,0.0,0.0,0.5036929249763489,0.9929117560386658,0.9985364675521851,0.9788154363632202,0.9992929697036743,0.999809205532074,0.2587534189224243,0.021904844790697098,2.0
2045,1.0,1.0,1.0,1.0,1.0,1.0,1.0,,0.9710183143615723,0.9989036917686462,0.9998742341995239,0.9923266768455505,0.9985711574554443,0.9972277283668518,0.6157983541488647,0.4144647717475891,4.0
2046,1.0,1.0,1.0,1.0,1.0,1.0,1.0,,0.988575279712677,0.9966492056846619,0.9936184287071228,0.9642836451530457,0.9923549890518188,0.9795622825622559,0.9625830054283142,0.22629007697105408,0.0
2047,0.0,,1.0,,1.0,0.0,,,0.012839551083743572,0.661291241645813,0.5075942873954773,0.008977323770523071,0.9083510041236877,0.03864925727248192,0.023228026926517487,0.00015181470371317118,4.0
2048,0.0,,1.0,0.0,1.0,0.0,,,0.15947842597961426,0.8032137751579285,0.9703945517539978,0.8645404577255249,0.864229679107666,0.25285372138023376,0.5152705907821655,0.013498636893928051,3.0
2049,0.0,,0.0,0.0,1.0,0.0,,,0.0020135322120040655,0.22361166775226593,0.03505801782011986,0.0008951133931986988,0.9954038262367249,0.11111830919981003,0.030397746711969376,0.00015693402383476496,4.0
2050,0.0,,0.0,0.0,0.0,0.0,,,0.001736280508339405,0.00042436629883013666,0.00043984834337607026,0.0034290847834199667,0.027449248358607292,0.0008613667450845242,0.019885292276740074,4.8730049456935376e-05,1.0
2051,0.0,,1.0,,1.0,1.0,,,0.6479465961456299,0.9972800612449646,0.999375581741333,0.9515330791473389,0.9997098445892334,0.9980993270874023,0.6051570177078247,0.010927872732281685,1.0
2052,0.0,,1.0,,1.0,1.0,,,0.09094846248626709,0.9923019409179688,0.8526266813278198,0.11880333721637726,0.9784117937088013,0.9832350611686707,0.1057639867067337,0.009591594338417053,4.0
2053,0.0,,1.0,,1.0,0.0,,,0.02436375990509987,0.19200964272022247,0.46098554134368896,0.0788782462477684,0.37054210901260376,0.13477209210395813,0.03516305983066559,5.510459595825523e-05,1.0
2054,0.0,0.0,0.0,0.0,0.0,0.0,,,0.000795586034655571,0.0009524342603981495,0.0006800158298574388,0.0011418701615184546,0.02405470982193947,0.000251808378379792,0.016491936519742012,4.913929296890274e-05,1.0
2055,0.0,,0.0,,0.0,0.0,,,0.000789180223364383,0.00015228375559672713,0.00025745874154381454,0.001101310015656054,0.0156535767018795,0.0001701850414974615,0.004697360098361969,0.0001192872878164053,2.0
2056,0.0,,1.0,0.0,1.0,0.0,,,0.028505537658929825,0.25472545623779297,0.8131529092788696,0.026644863188266754,0.8920915126800537,0.5403032302856445,0.021627670153975487,0.00024351809406653047,4.0
2057,0.0,,1.0,,1.0,1.0,,,0.44275885820388794,0.9917575120925903,0.9956780076026917,0.5088462233543396,0.9976722002029419,0.9875253438949585,0.359485924243927,0.014238578267395496,2.0
2058,0.0,0.0,0.0,0.0,0.0,0.0,,,0.004392185714095831,0.0014105276204645634,0.0006616032333113253,0.004638214595615864,0.09075582027435303,0.0003010996733792126,0.02168886363506317,0.00011852019088109955,1.0
2059,0.0,0.0,0.0,0.0,0.0,0.0,0.0,0.0,0.0008068212191574275,0.0004936076584272087,0.000314767676172778,0.002030304167419672,0.027927959337830544,0.0002642275649122894,0.016664495691657066,0.00018484987958800048,4.0
2060,0.0,0.0,1.0,0.0,1.0,0.0,,,0.07904399186372757,0.7416017651557922,0.8130346536636353,0.19690433144569397,0.7900840640068054,0.13414770364761353,0.10016310214996338,0.0002593653916846961,2.0
2061,0.0,0.0,0.0,0.0,0.0,0.0,0.0,0.0,0.0007583122933283448,0.00042437974479980767,0.0002649498637765646,0.0010291467187926173,0.006750286091119051,0.00012953684199601412,0.019804619252681732,0.00021380108955781907,4.0
2062,1.0,1.0,1.0,1.0,1.0,1.0,1.0,,0.9888407588005066,0.9750393629074097,0.9999351501464844,0.9993245005607605,0.9976494312286377,0.9486691355705261,0.3770986497402191,0.5924797058105469,4.0
2063,1.0,1.0,1.0,1.0,1.0,1.0,1.0,,0.9968715310096741,0.988017201423645,0.9999272227287292,0.9994219541549683,0.9996703863143921,0.9522057771682739,0.09830589592456818,0.47798243165016174,1.0
2064,1.0,1.0,1.0,1.0,1.0,0.0,1.0,,0.5223126411437988,0.9432669878005981,0.9860971570014954,0.4342516362667084,0.6669787764549255,0.07488957792520523,0.5600560307502747,0.23846882581710815,4.0
2065,1.0,,1.0,1.0,1.0,1.0,,,0.43032941222190857,0.9969031810760498,0.9996832609176636,0.9790595173835754,0.9992501735687256,0.9995706677436829,0.03507271409034729,0.01579197123646736,4.0
2066,0.0,,1.0,0.0,1.0,0.0,,,0.022246569395065308,0.7217398881912231,0.8709209561347961,0.9016270041465759,0.9321520328521729,0.8616541624069214,0.25194934010505676,0.0023299669846892357,3.0
2067,0.0,,0.0,,0.0,0.0,,,0.0008539966656826437,0.0011150772916153073,0.00039384153205901384,0.002257171319797635,0.020211350172758102,0.0004159417003393173,0.003786700312048197,0.0001377976732328534,0.0
2068,0.0,0.0,0.0,0.0,0.0,0.0,0.0,0.0,0.002412579720839858,0.0008496964001096785,0.001622917945496738,0.012053210288286209,0.14410917460918427,0.00034604515531100333,0.13132722675800323,0.00025241600815206766,4.0
2069,0.0,0.0,0.0,0.0,0.0,0.0,,,0.0023562745191156864,0.001297394628636539,0.0011976152891293168,0.003117079148069024,0.06083075702190399,0.0004900945350527763,0.014585284516215324,0.00021735885820817202,0.0
2070,0.0,1.0,0.0,,0.0,0.0,,,0.05570758879184723,0.9557874798774719,0.0024658741895109415,0.008215482346713543,0.12301521003246307,0.0004127197025809437,0.0070879035629332066,0.0020921325776726007,3.0
2071,0.0,0.0,0.0,,0.0,0.0,,,0.0006554676801897585,0.0002805815602187067,0.00028274120995774865,0.0007809030939824879,0.01420747023075819,0.00021181469492148608,0.0057334499433636665,5.7242443290306255e-05,1.0
2072,0.0,0.0,0.0,0.0,1.0,0.0,,,0.0017513472121208906,0.17924639582633972,0.05497495457530022,0.001185086090117693,0.9885973930358887,0.019260313361883163,0.012692824006080627,0.00019236256775911897,3.0
2073,,,1.0,0.0,1.0,0.0,,,0.02791556902229786,0.5199184417724609,0.8835200667381287,0.8492888808250427,0.8126957416534424,0.3755721151828766,0.0971897542476654,0.0008687014342285693,1.0
2074,1.0,1.0,1.0,1.0,1.0,1.0,1.0,0.0,0.9897552132606506,0.9992897510528564,0.9999141097068787,0.9117136597633362,0.9956823587417603,0.9998270273208618,0.9087464213371277,0.267055869102478,4.0
2075,0.0,,0.0,,0.0,0.0,,,0.0053704893216490746,0.0056122406385838985,0.0006770589970983565,0.01153599377721548,0.02811601758003235,0.0008499445393681526,0.0727829784154892,0.00015628902474418283,1.0
2076,1.0,1.0,1.0,1.0,1.0,1.0,1.0,1.0,0.99996018409729,0.9995912909507751,0.9997089505195618,0.999595582485199,0.9993841052055359,0.9994299411773682,0.998414158821106,0.9913628101348877,2.0
2077,1.0,1.0,1.0,1.0,1.0,1.0,1.0,1.0,0.9993919134140015,0.9992319345474243,0.9989789128303528,0.9990316033363342,0.9975208044052124,0.9562479853630066,0.9975579380989075,0.959646463394165,2.0
2078,0.0,0.0,0.0,0.0,0.0,0.0,0.0,0.0,0.001187068410217762,0.0006610922864638269,0.0007413073908537626,0.00167157466057688,0.01724555715918541,0.0004877918981947005,0.08341196924448013,0.00025422597536817193,3.0
2079,0.0,,0.0,0.0,0.0,0.0,,,0.001960490131750703,0.0009980173781514168,0.0011171039659529924,0.003923706244677305,0.012366249226033688,0.0001957537024281919,0.02027544379234314,0.00025675646611489356,3.0
2080,0.0,,0.0,,0.0,0.0,,,0.0007206904119811952,0.0003033638058695942,0.0005311526474542916,0.0011975355446338654,0.010858509689569473,0.000146091275382787,0.004578696563839912,0.00021566257055383176,3.0
2081,1.0,0.0,1.0,1.0,1.0,0.0,0.0,0.0,0.8847083449363708,0.49401068687438965,0.9997860193252563,0.9960722327232361,0.9902896285057068,0.25270211696624756,0.1969592422246933,0.3244205415248871,3.0
2082,1.0,0.0,1.0,1.0,0.0,0.0,0.0,0.0,0.85643070936203,0.022968759760260582,0.9950793385505676,0.9975415468215942,0.9704901576042175,0.009110144339501858,0.025180159136652946,0.06531045585870743,1.0
2083,1.0,1.0,1.0,0.0,1.0,1.0,,,0.7651795148849487,0.9954505562782288,0.9914361238479614,0.8605821132659912,0.989058256149292,0.5772039890289307,0.25945690274238586,0.03031187877058983,2.0
2084,1.0,1.0,1.0,1.0,1.0,1.0,1.0,0.0,0.9993736743927002,0.9999010562896729,0.9999560713768005,0.9989375472068787,0.9990456104278564,0.9998729228973389,0.838545560836792,0.4969049394130707,3.0
2085,1.0,1.0,0.0,1.0,1.0,1.0,0.0,,0.41326120495796204,0.9802111387252808,0.9979536533355713,0.9462804794311523,0.9965767860412598,0.9760987758636475,0.8740943074226379,0.020332638174295425,4.0
2086,0.0,0.0,0.0,0.0,0.0,0.0,0.0,0.0,0.0020924087148159742,0.0006072185351513326,0.0008990831556729972,0.002296391874551773,0.017179952934384346,0.0002576178521849215,0.0029043620452284813,8.78134451340884e-05,0.0
2087,0.0,0.0,0.0,0.0,0.0,0.0,,,0.0008030505268834531,0.0003192839794792235,0.00032676427508704364,0.0009015488903969526,0.010789635591208935,0.00022897167946211994,0.006293477490544319,7.244151493068784e-05,1.0
2088,1.0,1.0,1.0,1.0,1.0,1.0,1.0,0.0,0.5322706699371338,0.9976950883865356,0.999473512172699,0.9703335762023926,0.9794557690620422,0.8119956254959106,0.4154253900051117,0.015384456142783165,4.0
2089,0.0,0.0,0.0,0.0,0.0,0.0,0.0,0.0,0.0022420519962906837,0.0008748211548663676,0.001474115764722228,0.002146720187738538,0.07703202962875366,0.00045174581464380026,0.018130410462617874,0.00012167241948191077,0.0
2090,1.0,1.0,1.0,1.0,1.0,1.0,1.0,1.0,0.9999183416366577,0.9999555349349976,0.9999501705169678,0.9959819316864014,0.9993663430213928,0.999316930770874,0.9971768856048584,0.9885538220405579,3.0
2091,1.0,1.0,1.0,1.0,1.0,1.0,1.0,1.0,0.9999807476997375,0.9999646544456482,0.9998899698257446,0.9996036291122437,0.9995847344398499,0.9998375177383423,0.9955140352249146,0.9981269836425781,0.0
2092,0.0,0.0,0.0,0.0,0.0,0.0,0.0,0.0,0.000811403791885823,0.00033964336034841835,0.0004303625610191375,0.001109809149056673,0.014538940042257309,0.0003324164426885545,0.005514464806765318,0.0002388760622125119,3.0
2093,0.0,1.0,0.0,0.0,1.0,0.0,0.0,0.0,0.19471870362758636,0.4572528898715973,0.7100149393081665,0.03480694070458412,0.8245518207550049,0.7923949956893921,0.5867584943771362,0.015065222978591919,0.0
2094,0.0,1.0,1.0,0.0,1.0,1.0,0.0,0.0,0.23160845041275024,0.9297114610671997,0.8808650374412537,0.1382943093776703,0.8933517932891846,0.28526538610458374,0.10001076757907867,0.0022207184229046106,1.0
2095,1.0,1.0,1.0,1.0,1.0,1.0,0.0,,0.561019778251648,0.9993805289268494,0.9983158111572266,0.9741588234901428,0.9850924015045166,0.9594852924346924,0.7485780715942383,0.04148450493812561,3.0
2096,1.0,1.0,1.0,1.0,1.0,1.0,1.0,,0.9999638795852661,0.9996481537818909,0.9976698160171509,0.9992451667785645,0.9993789792060852,0.9791489243507385,0.9956660270690918,0.9910510182380676,0.0
2097,0.0,0.0,0.0,0.0,0.0,0.0,0.0,0.0,0.0033404843416064978,0.0006171273998916149,0.0013826820068061352,0.0048945192247629166,0.05087357386946678,0.0003692855825647712,0.008210623636841774,0.0003375389496795833,3.0
2098,1.0,,1.0,1.0,1.0,1.0,,,0.9744218587875366,0.9997808337211609,0.9997674226760864,0.9644887447357178,0.999443769454956,0.999763011932373,0.9648314118385315,0.33604320883750916,1.0
2099,1.0,1.0,1.0,1.0,1.0,1.0,1.0,1.0,0.9998040199279785,0.999259889125824,0.9992469549179077,0.9982315301895142,0.9910086393356323,0.9993153214454651,0.993243932723999,0.9956353306770325,2.0
2100,0.0,0.0,0.0,0.0,0.0,0.0,0.0,0.0,0.0014460203237831593,0.00020065027638338506,0.000670930661726743,0.0009325181017629802,0.007405905518680811,0.0002458829840179533,0.03762342035770416,0.0002963809238281101,2.0
2101,0.0,1.0,1.0,1.0,1.0,1.0,0.0,0.0,0.7076666951179504,0.9774762392044067,0.9997106790542603,0.7522898316383362,0.9958924055099487,0.9678688049316406,0.7677129507064819,0.04960906505584717,4.0
2102,1.0,,1.0,1.0,1.0,1.0,,,0.9814910292625427,0.9978471994400024,0.9990968704223633,0.9974233508110046,0.9996730089187622,0.9643429517745972,0.4796602427959442,0.04153311997652054,1.0
2103,1.0,,1.0,0.0,1.0,1.0,,,0.8661168813705444,0.8234804272651672,0.7121977210044861,0.14140531420707703,0.8535124659538269,0.6982061862945557,0.3285066783428192,0.002379622543230653,2.0
2104,1.0,1.0,1.0,1.0,1.0,1.0,,,0.9997316598892212,0.9997506141662598,0.9995740652084351,0.9994823336601257,0.9985082149505615,0.9904195070266724,0.9959962964057922,0.9775509834289551,2.0
2105,1.0,1.0,1.0,1.0,1.0,1.0,1.0,1.0,0.9929900169372559,0.9997360110282898,0.9998834133148193,0.9931932091712952,0.9998078942298889,0.950435996055603,0.4558522701263428,0.03789333254098892,1.0
2106,0.0,0.0,0.0,0.0,0.0,0.0,0.0,0.0,0.0010087167611345649,0.0011201874585822225,0.0007725496543571353,0.0014937905361875892,0.023075014352798462,0.00021517195273190737,0.005915207322686911,0.0002620561281219125,3.0
2107,1.0,1.0,1.0,1.0,1.0,1.0,1.0,1.0,0.9999671578407288,0.9999666810035706,0.9999658465385437,0.9990699887275696,0.9989044666290283,0.9992513656616211,0.9848610162734985,0.99686598777771,3.0
2108,,0.0,0.0,0.0,0.0,,0.0,0.0,0.0013720971764996648,0.0006035570404492319,0.0005061991396360099,0.00038258047425188124,0.005999139044433832,0.0001974294864339754,0.003485559718683362,9.043801401276141e-05,0.0
2109,0.0,0.0,0.0,,0.0,0.0,,,0.010438353754580021,0.13291433453559875,0.0026235594414174557,0.003701271954923868,0.05391288921236992,0.0010256029199808836,0.010693904012441635,0.0014339294284582138,3.0
2110,0.0,0.0,0.0,0.0,1.0,1.0,,,0.015372907742857933,0.825531005859375,0.10312245786190033,0.0013188380980864167,0.9946829676628113,0.24455545842647552,0.032227810472249985,8.671708928886801e-05,1.0
2111,0.0,0.0,0.0,0.0,0.0,0.0,0.0,0.0,0.22255156934261322,0.022815095260739326,0.0011222659377381206,0.006641303654760122,0.18533149361610413,0.0006595478625968099,0.0089191235601902,0.0007697049877606332,3.0
2112,0.0,,0.0,,0.0,0.0,,,0.0006745733553543687,8.344781235791743e-05,0.00030853840871714056,0.0009115060674957931,0.009600415825843811,0.00010442220809636638,0.004243182949721813,9.186426177620888e-05,2.0
2113,0.0,,0.0,0.0,0.0,0.0,,,0.0007397475419566035,0.0004337634891271591,0.0004297971026971936,0.0006992275593802333,0.025422772392630577,0.0003678136272355914,0.0071730236522853374,5.773340308223851e-05,1.0
2114,0.0,,0.0,0.0,0.0,0.0,,,0.002762784715741873,0.0009640482603572309,0.002745865611359477,0.0019396641291677952,0.15668658912181854,0.0019478530157357454,0.2798970639705658,0.0002411468158243224,0.0
2115,0.0,0.0,1.0,1.0,0.0,0.0,,,0.9549306035041809,0.050282612442970276,0.13435930013656616,0.11556050926446915,0.6754297018051147,0.0013574152253568172,0.22386187314987183,0.21276850998401642,3.0
2116,0.0,1.0,0.0,0.0,0.0,0.0,0.0,0.0,0.10429990291595459,0.9480445384979248,0.006990182213485241,0.0457414947450161,0.23902364075183868,0.00020005520491395146,0.009015926159918308,0.0027596920263022184,3.0
2117,0.0,0.0,0.0,0.0,0.0,0.0,0.0,0.0,0.0009249383583664894,0.00015974453708622605,0.0006170023698359728,0.0010327753843739629,0.021274538710713387,0.00022787456691730767,0.006165543105453253,0.00013128266436979175,2.0
2118,1.0,1.0,1.0,1.0,1.0,1.0,1.0,1.0,0.9999760985374451,0.9998220801353455,0.9997024536132812,0.9990747570991516,0.9992344379425049,0.9998788833618164,0.9202193021774292,0.9979593753814697,2.0
2119,1.0,1.0,1.0,1.0,1.0,1.0,1.0,1.0,0.9998930096626282,0.9999359846115112,0.9998713135719299,0.9953404664993286,0.999069333076477,0.9993321895599365,0.9838718771934509,0.9198241829872131,0.0
2120,0.0,1.0,1.0,0.0,1.0,1.0,0.0,0.0,0.6209015250205994,0.9922131299972534,0.9956794381141663,0.9081057906150818,0.9972580075263977,0.9996387362480164,0.32834672927856445,0.01121233869343996,2.0
2121,0.0,0.0,0.0,0.0,0.0,0.0,0.0,0.0,0.001969581237062812,0.04459140822291374,0.003206492168828845,0.001282158074900508,0.3061830997467041,0.0012739365920424461,0.01282753050327301,0.00010016026499215513,1.0
2122,0.0,,1.0,1.0,1.0,1.0,,,0.3917313814163208,0.9947770237922668,0.9988949298858643,0.938091516494751,0.9963381886482239,0.9909402132034302,0.22791527211666107,0.05472073704004288,0.0
2123,0.0,,0.0,,1.0,0.0,,,0.004742637276649475,0.19119608402252197,0.1821974664926529,0.022433113306760788,0.2736431360244751,0.02364698052406311,0.058341171592473984,0.00105624133720994,2.0
2124,1.0,,1.0,,1.0,0.0,,,0.8175058364868164,0.9560606479644775,0.9342093467712402,0.20089687407016754,0.9765087366104126,0.988659143447876,0.27765870094299316,0.012803401798009872,2.0
2125,1.0,,1.0,,1.0,1.0,,,0.999945878982544,0.9993657469749451,0.999758780002594,0.9703853726387024,0.9990724325180054,0.9991350173950195,0.7998057007789612,0.8596860766410828,1.0
2126,1.0,1.0,1.0,1.0,1.0,1.0,1.0,,0.9990451335906982,0.9997724294662476,0.9991975426673889,0.9795076847076416,0.9967023730278015,0.9909043312072754,0.9717625379562378,0.902684211730957,0.0
2127,0.0,1.0,1.0,1.0,1.0,1.0,0.0,0.0,0.92392897605896,0.9777998328208923,0.9925471544265747,0.8008273839950562,0.9969983696937561,0.9848585724830627,0.19571784138679504,0.15476618707180023,2.0
2128,0.0,,0.0,0.0,0.0,0.0,,,0.0010001237969845533,0.0006593799334950745,0.0007068993872962892,0.00045192986726760864,0.01151854544878006,0.00039220452890731394,0.0036382158286869526,7.559396181022748e-05,0.0
2129,0.0,0.0,0.0,0.0,0.0,0.0,0.0,0.0,0.001120804576203227,0.0005439040833152831,0.0005806451663374901,0.00032652169466018677,0.008027679286897182,0.0001729631912894547,0.0018557030707597733,8.413926843786612e-05,0.0
2130,1.0,1.0,0.0,0.0,1.0,0.0,0.0,0.0,0.5926695466041565,0.9300917983055115,0.9600982069969177,0.3457912504673004,0.7061286568641663,0.19426724314689636,0.6154335141181946,0.044587142765522,3.0
2131,0.0,0.0,0.0,0.0,0.0,0.0,0.0,0.0,0.00065788091160357,0.0003666130651254207,0.000260438013356179,0.0011077469680458307,0.00994445476680994,9.759081149240956e-05,0.006766068749129772,0.00018290500156581402,4.0
2132,1.0,1.0,1.0,1.0,1.0,1.0,1.0,1.0,0.9998483657836914,0.9998261332511902,0.9999275207519531,0.9932832717895508,0.9997289180755615,0.999498724937439,0.9891935586929321,0.9142335057258606,1.0
2133,0.0,0.0,0.0,0.0,0.0,0.0,0.0,0.0,0.0010321608278900385,0.00048122540465556085,0.0006495716515928507,0.001283753546886146,0.011088717728853226,0.00030725757824257016,0.02034652605652809,0.00035140648833476007,3.0
2134,0.0,0.0,0.0,0.0,1.0,1.0,0.0,0.0,0.02718169242143631,0.5131508111953735,0.4021799564361572,0.010485449805855751,0.9989486932754517,0.7853934168815613,0.011750282719731331,0.0002498894464224577,0.0
2135,1.0,1.0,1.0,0.0,1.0,0.0,1.0,1.0,0.988154947757721,0.9740065336227417,0.833289384841919,0.9962599873542786,0.6016581058502197,0.9770431518554688,0.9174922704696655,0.06865885108709335,4.0
2136,1.0,1.0,1.0,1.0,1.0,1.0,1.0,1.0,0.999219536781311,0.9999430179595947,0.9985595941543579,0.9976111650466919,0.9905288219451904,0.9815101623535156,0.967090368270874,0.9957306385040283,0.0
2137,1.0,1.0,1.0,1.0,1.0,1.0,,,0.8741170763969421,0.9974355697631836,0.9997986555099487,0.988522469997406,0.9901083111763,0.9929931163787842,0.7625465989112854,0.01839483343064785,4.0
2138,0.0,,1.0,1.0,1.0,1.0,,,0.8383480310440063,0.9926944971084595,0.984941303730011,0.052754759788513184,0.989648699760437,0.925290048122406,0.22708281874656677,0.017125114798545837,3.0
2139,0.0,0.0,1.0,0.0,1.0,0.0,1.0,0.0,0.05859300494194031,0.31209036707878113,0.7611318230628967,0.04020668938755989,0.6566124558448792,0.17816901206970215,0.12261481583118439,0.0004415535368025303,4.0
2140,1.0,1.0,1.0,1.0,1.0,1.0,1.0,0.0,0.9930556416511536,0.9996562004089355,0.9998115301132202,0.9968961477279663,0.9763057231903076,0.9275828003883362,0.9974339008331299,0.43242067098617554,3.0
2141,0.0,0.0,0.0,0.0,0.0,0.0,0.0,0.0,0.0013781338930130005,0.0004857718013226986,0.00047947707935236394,0.0013142627431079745,0.019690759479999542,0.0006286845891736448,0.07992751896381378,0.00011056188668590039,1.0
2142,1.0,1.0,1.0,1.0,1.0,0.0,1.0,1.0,0.9997063875198364,0.9968447685241699,0.9998064041137695,0.9998397827148438,0.9697903394699097,0.21276701986789703,0.9078291058540344,0.9305559992790222,4.0
2143,1.0,1.0,1.0,1.0,1.0,1.0,0.0,0.0,0.8630928993225098,0.9972978830337524,0.9997955560684204,0.9969111680984497,0.9990858435630798,0.9990880489349365,0.280786395072937,0.028321146965026855,0.0
2144,1.0,,1.0,1.0,1.0,1.0,,,0.7571688294410706,0.9983726143836975,0.9971620440483093,0.9223282933235168,0.995831310749054,0.9944668412208557,0.7646393775939941,0.14626289904117584,0.0
2145,1.0,1.0,1.0,0.0,1.0,1.0,1.0,,0.9465556740760803,0.9901139736175537,0.9939793348312378,0.6952230930328369,0.9815882444381714,0.998450756072998,0.8340588212013245,0.042637813836336136,2.0
2146,0.0,0.0,0.0,0.0,0.0,0.0,0.0,0.0,0.006799894385039806,0.0036264685913920403,0.000472507206723094,0.002169022336602211,0.04459908604621887,0.00017694689449854195,0.010247059166431427,0.0011746303644031286,4.0
2147,0.0,0.0,0.0,0.0,0.0,0.0,0.0,0.0,0.0009447011398151517,0.0004503793315961957,0.0006092264084145427,0.0003374922089278698,0.012258447706699371,0.00019751061336137354,0.001896240166388452,9.060304728336632e-05,0.0
2148,0.0,,0.0,0.0,0.0,0.0,,,0.0013834555866196752,0.001240429119206965,0.0008717814926058054,0.0005432349862530828,0.02577367052435875,0.0002732309221755713,0.11297740042209625,0.0005947179743088782,0.0
2149,0.0,,1.0,,1.0,1.0,,,0.05945218726992607,0.9518740177154541,0.6557990312576294,0.3750792443752289,0.8486688733100891,0.3233885169029236,0.2307492196559906,0.0013846498914062977,2.0
2150,0.0,,0.0,,0.0,0.0,,,0.0010236157104372978,0.0007672110805287957,0.0003276010393165052,0.001253424328751862,0.012147476896643639,0.0009806101443246007,0.016604594886302948,6.18462436250411e-05,1.0
2151,1.0,1.0,1.0,1.0,1.0,1.0,0.0,,0.9841607809066772,0.9986172318458557,0.977643609046936,0.6612263917922974,0.9995557069778442,0.9992695450782776,0.24552664160728455,0.2456088662147522,2.0
2152,0.0,0.0,0.0,0.0,0.0,0.0,0.0,0.0,0.0016881382325664163,0.000248967669904232,0.0005454775528050959,0.0012596417218446732,0.020393727347254753,0.00044487137347459793,0.011216401122510433,0.0002560321008786559,3.0
2153,1.0,1.0,1.0,1.0,1.0,,,,0.9883466958999634,0.9998036026954651,0.9998812675476074,0.9950346350669861,0.9989913702011108,0.9998037815093994,0.9958375692367554,0.30135631561279297,3.0
2154,0.0,,0.0,0.0,0.0,0.0,,,0.001077380497008562,0.0010920172790065408,0.00044018830521963537,0.0013058033073320985,0.007191906683146954,0.00029243744211271405,0.015263967216014862,0.00046093162382021546,0.0
2155,1.0,1.0,1.0,1.0,1.0,0.0,1.0,,0.9086583256721497,0.8820728659629822,0.999257504940033,0.9738584756851196,0.9324851036071777,0.2073783129453659,0.4436054229736328,0.03977333754301071,0.0
2156,1.0,1.0,1.0,1.0,1.0,1.0,,,0.9998041391372681,0.637255847454071,0.9991474151611328,0.9995244741439819,0.9733920693397522,0.927790641784668,0.10821995884180069,0.06088600307703018,1.0
2157,0.0,0.0,0.0,,0.0,0.0,,,0.0014450974995270371,0.1781546175479889,0.0014437497593462467,0.0010123003739863634,0.3887704908847809,0.0006896962295286357,0.0072615258395671844,8.584305760450661e-05,1.0
2158,0.0,,0.0,0.0,0.0,0.0,,,0.0005352986045181751,0.0004557887732516974,0.00013515318278223276,0.0006941413157619536,0.012552013620734215,0.00011170656944159418,0.006720113568007946,0.00020110484911128879,4.0
2159,0.0,,0.0,,0.0,0.0,,,0.0006880088476464152,0.0003774135548155755,0.00015843170695006847,0.0008198647992685437,0.014021837152540684,0.00010232112254016101,0.008607082068920135,0.00016588025027886033,4.0
2160,0.0,0.0,0.0,0.0,1.0,0.0,,,0.04089513048529625,0.024781610816717148,0.0849643349647522,0.0075728436931967735,0.9826483726501465,0.015216061845421791,0.01690148189663887,0.0001322165917372331,4.0
2161,0.0,0.0,0.0,0.0,0.0,0.0,,,0.012042528949677944,0.0004482403164729476,0.0005775808240287006,0.003970164805650711,0.01931285299360752,0.0001821814657887444,0.08334340900182724,0.0002758418268058449,2.0
2162,1.0,1.0,1.0,1.0,1.0,1.0,0.0,1.0,0.9991669058799744,0.9996863007545471,0.9996970891952515,0.998821496963501,0.9993409514427185,0.9996770620346069,0.933043360710144,0.5027178525924683,2.0
2163,1.0,1.0,1.0,1.0,1.0,1.0,0.0,1.0,0.9999369978904724,0.9993481636047363,0.9932010173797607,0.998391330242157,0.8926908373832703,0.7284225225448608,0.8818837404251099,0.9592734575271606,0.0
2164,0.0,0.0,0.0,0.0,0.0,0.0,,,0.0005811802693642676,0.0008535950328223407,0.0005500598927028477,0.0012688126880675554,0.07093843817710876,0.00018293011817149818,0.00924594234675169,0.00016436012811027467,4.0
2165,1.0,1.0,1.0,1.0,1.0,1.0,1.0,,0.9993927478790283,0.9998607635498047,0.9998873472213745,0.9971601963043213,0.9994361400604248,0.9990413188934326,0.9976897835731506,0.8823505640029907,1.0
2166,0.0,0.0,0.0,0.0,0.0,0.0,0.0,0.0,0.0009218096383847296,0.0006079826853238046,0.0005607433849945664,0.0003994678263552487,0.009607148356735706,0.00018975062994286418,0.0016960453940555453,7.572502363473177e-05,0.0
2167,1.0,1.0,1.0,1.0,1.0,1.0,,,0.9997995495796204,0.9997761249542236,0.999906063079834,0.9924444556236267,0.9987281560897827,0.9997125864028931,0.5371065139770508,0.8280766010284424,4.0
2168,1.0,1.0,1.0,1.0,1.0,1.0,,,0.9999105334281921,0.9958153367042542,0.999116837978363,0.8963810801506042,0.9547350406646729,0.695080041885376,0.9543225765228271,0.7783567309379578,1.0
2169,,,1.0,1.0,1.0,1.0,,,0.8431798219680786,0.9963714480400085,0.9965722560882568,0.9711400270462036,0.993144690990448,0.9934625625610352,0.3897632956504822,0.007379954680800438,4.0
2170,1.0,,1.0,1.0,1.0,1.0,,,0.9997217655181885,0.9998207092285156,0.9994044899940491,0.9971031546592712,0.9987636804580688,0.9980934262275696,0.9656569957733154,0.5236534476280212,2.0
2171,0.0,0.0,0.0,0.0,0.0,0.0,0.0,0.0,0.0007994057959876955,0.0006441303412429988,0.0006436352268792689,0.0004117322969250381,0.00962568074464798,0.00019375506963115185,0.002272523008286953,8.785416139289737e-05,0.0
2172,0.0,,1.0,1.0,1.0,1.0,,,0.44000959396362305,0.9960951805114746,0.9891316294670105,0.75174880027771,0.9814261198043823,0.9760473966598511,0.06158183515071869,0.01021956093609333,2.0
2173,0.0,0.0,0.0,0.0,0.0,0.0,0.0,0.0,0.0036616630386561155,0.0023233501706272364,0.000602208892814815,0.015481931157410145,0.07734648883342743,0.0012207857798784971,0.10343578457832336,0.0005127798649482429,3.0
2174,0.0,0.0,0.0,0.0,0.0,0.0,0.0,0.0,0.0012458082055673003,0.0006073004915378988,0.00032911155722104013,0.0007563458639197052,0.012219474650919437,0.0003483705222606659,0.01572781801223755,0.00043052781256847084,4.0
2175,0.0,0.0,0.0,0.0,0.0,0.0,0.0,0.0,0.00825323723256588,0.00026813161093741655,0.0013738225679844618,0.0022876993753015995,0.02479860931634903,0.0002450233150739223,0.05135267600417137,0.0003449494834057987,2.0
2176,1.0,1.0,1.0,1.0,1.0,1.0,0.0,0.0,0.9978241324424744,0.9986454248428345,0.9920817017555237,0.9779679179191589,0.9984384775161743,0.9993312358856201,0.38608986139297485,0.3740631937980652,0.0
2177,1.0,1.0,1.0,1.0,1.0,1.0,0.0,0.0,0.9944234490394592,0.992993175983429,0.9959262013435364,0.6895366907119751,0.9945163130760193,0.9989898204803467,0.5164952278137207,0.10958075523376465,1.0
2178,1.0,,1.0,1.0,1.0,1.0,,,0.9340434074401855,0.9968166351318359,0.9997141361236572,0.9667023420333862,0.9990153312683105,0.9996569156646729,0.8525896072387695,0.10831375420093536,0.0
2179,1.0,1.0,1.0,1.0,1.0,1.0,1.0,1.0,0.999947726726532,0.9998410940170288,0.9999021291732788,0.9865403771400452,0.9985348582267761,0.9992765188217163,0.9014176726341248,0.9924540519714355,3.0
2180,1.0,1.0,1.0,1.0,1.0,1.0,1.0,0.0,0.9699610471725464,0.9982607364654541,0.9982861280441284,0.13242454826831818,0.9383350014686584,0.9073596596717834,0.7553088068962097,0.24283014237880707,1.0
2181,0.0,,0.0,,0.0,0.0,,,0.0010541195515543222,0.0003241632366552949,0.0002516675158403814,0.0009520243038423359,0.009807434864342213,0.00047119546798057854,0.006899913307279348,0.00011195343540748581,1.0
2182,1.0,1.0,1.0,0.0,1.0,1.0,,,0.03308071196079254,0.9823809862136841,0.8844990134239197,0.019433174282312393,0.9523798823356628,0.8871740102767944,0.04825909808278084,0.0003675757616292685,4.0
2183,1.0,1.0,1.0,1.0,1.0,1.0,1.0,1.0,0.9984890222549438,0.9991249442100525,0.9954065084457397,0.9781332015991211,0.9977912306785583,0.9820125102996826,0.8543322086334229,0.3270235061645508,1.0
2184,1.0,1.0,1.0,0.0,1.0,1.0,1.0,0.0,0.21265636384487152,0.9559445381164551,0.6821081638336182,0.007117465604096651,0.953768253326416,0.834536075592041,0.3274266719818115,0.001884343451820314,0.0
2185,0.0,,0.0,,0.0,0.0,,,0.005081736948341131,0.0008111195056699216,0.0006589576369151473,0.013554368168115616,0.07148278504610062,0.0002863139670807868,0.04066482186317444,0.0002583280729595572,4.0
2186,1.0,,1.0,,1.0,0.0,,,0.7674554586410522,0.9280095100402832,0.952036440372467,0.28175103664398193,0.9277687072753906,0.02636135369539261,0.06745085120201111,0.01416761614382267,2.0
2187,1.0,,1.0,,1.0,0.0,,,0.9955453276634216,0.9974299073219299,0.9996822476387024,0.9531768560409546,0.9890552163124084,0.162033811211586,0.7520108819007874,0.6742744445800781,3.0
2188,0.0,1.0,0.0,0.0,0.0,0.0,,,0.06260258704423904,0.8973527550697327,0.0007510370342060924,0.010304896160960197,0.013996068388223648,0.00040432222886011004,0.00882899109274149,0.0017133418004959822,3.0
2189,0.0,0.0,0.0,0.0,0.0,0.0,0.0,0.0,0.0011608777567744255,0.0010684169828891754,0.0007698715198785067,0.0004918057820759714,0.007747034542262554,0.00025848066434264183,0.0025649319868534803,0.00010470299457665533,0.0
2190,0.0,0.0,0.0,0.0,0.0,0.0,0.0,0.0,0.0007968503050506115,0.00029918289510533214,0.00046866180491633713,0.001302588963881135,0.006680758204311132,0.0002536946558393538,0.006182058714330196,0.00033132178941741586,3.0
2191,0.0,,1.0,0.0,1.0,1.0,,,0.1344827115535736,0.8892198801040649,0.7799422144889832,0.04797748476266861,0.9667282700538635,0.9946616888046265,0.1089731752872467,0.0010726934997364879,4.0
2192,0.0,,0.0,0.0,0.0,0.0,,,0.0013223540736362338,0.0004224761505611241,0.0022450359538197517,0.0037639448419213295,0.10501100867986679,0.0003305064747110009,0.009431983344256878,0.00017858139472082257,2.0
2193,1.0,,1.0,1.0,1.0,1.0,,,0.9928455352783203,0.9996456503868103,0.9998995661735535,0.9770116209983826,0.9994739294052124,0.9999447464942932,0.9585609436035156,0.29063695669174194,0.0
2194,1.0,,1.0,0.0,1.0,1.0,,,0.9027554392814636,0.9855493903160095,0.9718925952911377,0.5187650322914124,0.9842517375946045,0.9946714639663696,0.42640918493270874,0.014563895761966705,2.0
2195,,,1.0,,1.0,0.0,,,0.4914173483848572,0.6204590201377869,0.9770764708518982,0.6972469091415405,0.9950324892997742,0.5601309537887573,0.03247356787323952,0.017503507435321808,3.0
2196,0.0,0.0,0.0,0.0,0.0,0.0,0.0,0.0,0.0009728585719130933,0.0008258559973910451,0.0007324119214899838,0.00036284344969317317,0.013469785451889038,0.00022359576541930437,0.004517341963946819,0.00010357330029364675,0.0
2197,1.0,1.0,1.0,1.0,1.0,1.0,1.0,0.0,0.9933362603187561,0.9976582527160645,0.9761326313018799,0.9874701499938965,0.9790293574333191,0.8593950271606445,0.7011603713035583,0.09312991797924042,1.0
2198,0.0,,0.0,,0.0,0.0,,,0.00114099879283458,0.0007807343499734998,0.000913812022190541,0.000523412658367306,0.023497333750128746,0.00018638157052919269,0.0017153604421764612,0.0002842391259036958,0.0
2199,0.0,1.0,0.0,0.0,0.0,0.0,0.0,0.0,0.3166691064834595,0.8441791534423828,0.05836498737335205,0.2525632083415985,0.5646086931228638,0.0006416047108359635,0.07699084281921387,0.0058858380652964115,2.0
2200,1.0,1.0,,1.0,1.0,1.0,1.0,0.0,0.9975907802581787,0.9995064735412598,0.9998897314071655,0.9881542325019836,0.9991057515144348,0.9995797872543335,0.9593578577041626,0.42991867661476135,1.0
2201,1.0,1.0,1.0,1.0,1.0,1.0,0.0,0.0,0.9910154938697815,0.997678816318512,0.9975417256355286,0.9647678732872009,0.9994333386421204,0.9351977109909058,0.0967676118016243,0.2003331184387207,2.0
2202,1.0,1.0,1.0,1.0,1.0,1.0,1.0,0.0,0.9398493766784668,0.9989572167396545,0.9408038854598999,0.7441041469573975,0.9986807107925415,0.9935603141784668,0.9549769163131714,0.07220093905925751,2.0
2203,0.0,0.0,0.0,0.0,0.0,0.0,0.0,0.0,0.0014455532655119896,0.0009052520035766065,0.0008907342562451959,0.0009096483699977398,0.04808689281344414,0.0003787023015320301,0.004421151243150234,0.0001400145556544885,0.0
2204,0.0,0.0,0.0,0.0,1.0,0.0,0.0,,0.006540392059832811,0.19658419489860535,0.254742830991745,0.008679298684000969,0.07478361576795578,0.033189333975315094,0.09383229911327362,0.00038088078144937754,2.0
2205,0.0,0.0,0.0,0.0,0.0,0.0,0.0,0.0,0.0008857018547132611,0.0004626541049219668,0.00035696959821507335,0.0008828184218145907,0.019089611247181892,0.00030822536791674793,0.007829350419342518,5.5638127378188074e-05,1.0
2206,0.0,,0.0,0.0,0.0,0.0,,,0.003138745203614235,0.0005890802131034434,0.0005022331606596708,0.008730501867830753,0.12348572909832001,0.0003077845904044807,0.04273288697004318,0.00026807718677446246,4.0
2207,0.0,0.0,0.0,0.0,0.0,0.0,0.0,0.0,0.0007782601751387119,0.0003631731087807566,0.0001413642312400043,0.0006328268209472299,0.01883019134402275,0.00015249037824105471,0.008304992690682411,0.0003240649530198425,4.0
2208,0.0,0.0,0.0,0.0,0.0,0.0,0.0,0.0,0.0007004812359809875,7.984364492585883e-05,0.0002853114274330437,0.0009211958386003971,0.016344144940376282,9.512378164799884e-05,0.0032249880023300648,9.972205589292571e-05,2.0
2209,,0.0,0.0,0.0,0.0,,0.0,0.0,0.0006903111352585256,0.00031853668042458594,0.0003778484824579209,0.0007536757620982826,0.01309975702315569,0.00020909240993205458,0.005963613279163837,5.447256626212038e-05,1.0
2210,0.0,0.0,0.0,0.0,0.0,0.0,0.0,0.0,0.0008450818131677806,0.0004893829463981092,0.0005217111320234835,0.0009075613343156874,0.011110457591712475,0.00043996699969284236,0.02191588468849659,0.00038651685463264585,2.0
2211,1.0,1.0,1.0,1.0,1.0,1.0,1.0,1.0,0.9997833967208862,0.9997808337211609,0.9997564554214478,0.9960049986839294,0.999355673789978,0.9440360069274902,0.972821831703186,0.9098661541938782,2.0
2212,0.0,0.0,0.0,0.0,0.0,0.0,0.0,0.0,0.0008729039109311998,0.0006431872025132179,0.0005638290895149112,0.00027517828857526183,0.01426125131547451,0.0001355107087874785,0.001986514311283827,8.832802268443629e-05,0.0
2213,1.0,1.0,1.0,1.0,1.0,1.0,1.0,1.0,0.9997991323471069,0.9994708299636841,0.99955815076828,0.9991074800491333,0.9990230798721313,0.9969338774681091,0.6854577660560608,0.3955298066139221,0.0
2214,1.0,1.0,0.0,0.0,1.0,1.0,0.0,0.0,0.9036175608634949,0.9930576682090759,0.6692937612533569,0.7976229190826416,0.9981439113616943,0.816855251789093,0.06346949189901352,0.013099775649607182,4.0
2215,1.0,1.0,1.0,1.0,1.0,1.0,1.0,0.0,0.9994997382164001,0.9996172189712524,0.9997867941856384,0.9987547993659973,0.9983881711959839,0.9996809959411621,0.9829038381576538,0.3973775804042816,2.0
2216,1.0,,1.0,1.0,1.0,1.0,,,0.9937025308609009,0.9972429275512695,0.9961116313934326,0.9964803457260132,0.9950704574584961,0.9968092441558838,0.2661806046962738,0.05691219121217728,2.0
2217,1.0,1.0,1.0,1.0,1.0,1.0,1.0,0.0,0.9763109683990479,0.9995737075805664,0.9997946619987488,0.9947836399078369,0.9994839429855347,0.9963380098342896,0.9815096259117126,0.241250678896904,0.0
2218,1.0,1.0,1.0,1.0,1.0,,1.0,,0.9954666495323181,0.9995644092559814,0.9999094009399414,0.9947991967201233,0.9982273578643799,0.9997025728225708,0.8707846999168396,0.534449577331543,3.0
2219,1.0,1.0,,1.0,1.0,1.0,1.0,0.0,0.9956477284431458,0.999599039554596,0.9998186230659485,0.9988222122192383,0.9979260563850403,0.9378745555877686,0.7949939370155334,0.7507983446121216,4.0
2220,0.0,,1.0,,1.0,1.0,,,0.684672474861145,0.9513110518455505,0.99920654296875,0.6302564144134521,0.9968814849853516,0.9392051696777344,0.463905930519104,0.10011173039674759,0.0
2221,0.0,0.0,0.0,0.0,0.0,0.0,0.0,0.0,0.02938634529709816,0.2751981019973755,0.0537479929625988,0.21919813752174377,0.5706604719161987,0.0016635783249512315,0.057863976806402206,0.015553142875432968,3.0
2222,1.0,1.0,1.0,0.0,1.0,1.0,,,0.1519220471382141,0.9983913898468018,0.8897231221199036,0.008618718013167381,0.9429537057876587,0.9483286142349243,0.04738222062587738,0.00021033507073298097,2.0
2223,0.0,,0.0,0.0,0.0,0.0,,,0.010598738677799702,0.0015727817080914974,0.0025700191035866737,0.04074050113558769,0.03552500531077385,0.0020499068778008223,0.03454432636499405,0.0017931284382939339,2.0
2224,0.0,,0.0,0.0,0.0,0.0,,,0.0009360609110444784,0.00045320470235310495,0.0002507759490981698,0.0007487384718842804,0.028914442285895348,0.0003232753660995513,0.009092588908970356,5.2449791837716475e-05,1.0
2225,0.0,,0.0,0.0,0.0,0.0,,,0.0007238908438012004,0.00011661028111120686,0.0009898622520267963,0.0012467680498957634,0.011908777989447117,0.00021768781880382448,0.006604774855077267,0.00011659842857625335,2.0
2226,0.0,,0.0,0.0,0.0,0.0,,,0.1149992048740387,0.004886417184025049,0.44409725069999695,0.03505227714776993,0.15577438473701477,0.0011109309270977974,0.05492367595434189,0.004278790205717087,3.0
2227,0.0,,1.0,0.0,0.0,0.0,,,0.04104369506239891,0.012164881452918053,0.044786348938941956,0.43017497658729553,0.20878897607326508,0.0010559081565588713,0.10540583729743958,0.002065956359729171,2.0
2228,0.0,,0.0,0.0,0.0,0.0,,,0.0015638413606211543,0.0005573884700424969,0.0004210584447719157,0.0010080074425786734,0.0042013144120574,0.00037680170498788357,0.03763360157608986,0.00012256557238288224,1.0
2229,0.0,,0.0,0.0,0.0,0.0,,,0.0007572376052848995,0.0004084849206265062,0.00021325312263797969,0.0012122124899178743,0.01398161705583334,0.00010946044494630769,0.007732073776423931,0.00027904254966415465,4.0
2230,1.0,1.0,1.0,0.0,1.0,1.0,0.0,,0.8484607934951782,0.998550295829773,0.7331437468528748,0.6595975756645203,0.7094653248786926,0.6842050552368164,0.6891622543334961,0.09036353975534439,3.0
2231,1.0,1.0,1.0,1.0,1.0,1.0,,,0.999896764755249,0.9995343089103699,0.9996998310089111,0.9996107816696167,0.998961865901947,0.9995883107185364,0.9195143580436707,0.5217795968055725,1.0
2232,1.0,0.0,1.0,1.0,1.0,0.0,,,0.980426013469696,0.9665058851242065,0.9995006918907166,0.4844532608985901,0.9098486304283142,0.07212145626544952,0.7964426875114441,0.44067639112472534,3.0
2233,1.0,,1.0,1.0,1.0,1.0,,,0.9064790606498718,0.9996238946914673,0.9993462562561035,0.8892217874526978,0.987362802028656,0.9210496544837952,0.6215903759002686,0.21485337615013123,0.0
2234,1.0,1.0,1.0,1.0,1.0,1.0,,,0.9187689423561096,0.9973543882369995,0.9989506602287292,0.6329753994941711,0.9972042441368103,0.994601845741272,0.33126747608184814,0.05692290887236595,1.0
2235,0.0,1.0,1.0,0.0,1.0,0.0,,,0.4868888258934021,0.94698166847229,0.8511493802070618,0.9717477560043335,0.5804609656333923,0.1681603342294693,0.015585445798933506,0.009288388304412365,4.0
2236,1.0,1.0,1.0,1.0,1.0,1.0,,,0.7207556962966919,0.9997832179069519,0.9996654987335205,0.9834202527999878,0.9988651275634766,0.982576310634613,0.2713456153869629,0.022305937483906746,3.0
2237,0.0,,0.0,,1.0,0.0,,,0.00666803726926446,0.058384448289871216,0.11684004962444305,0.009278494864702225,0.3520241975784302,0.009605870582163334,0.0564536415040493,0.0002921197155956179,4.0
2238,1.0,1.0,1.0,1.0,1.0,1.0,1.0,1.0,0.9942432641983032,0.9995487928390503,0.999832272529602,0.9899943470954895,0.9988263249397278,0.9997538924217224,0.9392250776290894,0.6934146285057068,4.0
2239,1.0,1.0,1.0,1.0,1.0,1.0,,,0.9967381954193115,0.9956356287002563,0.9998067021369934,0.6882781982421875,0.9976303577423096,0.9965108633041382,0.6092289686203003,0.15355174243450165,1.0
2240,0.0,,0.0,,0.0,0.0,,,0.001464908942580223,0.06049627810716629,0.0012889441568404436,0.0008521642885170877,0.304899662733078,0.0007705316529609263,0.01981053315103054,0.00013385392958298326,1.0
2241,0.0,1.0,0.0,0.0,0.0,0.0,,,0.03362160548567772,0.9354206919670105,0.006153851747512817,0.09051087498664856,0.18025565147399902,0.0017767174867913127,0.06595244258642197,0.0010477424366399646,4.0
2242,0.0,0.0,0.0,0.0,0.0,0.0,,,0.0009740688255988061,0.00018352328334003687,0.0009677753550931811,0.0036323906388133764,0.02346787601709366,0.0004645309818442911,0.019811468198895454,0.00035142601700499654,2.0
2243,1.0,1.0,1.0,1.0,1.0,1.0,0.0,,0.949560284614563,0.9826265573501587,0.9980657696723938,0.682864785194397,0.998759388923645,0.8248754739761353,0.22293508052825928,0.11247044056653976,2.0
2244,1.0,1.0,1.0,1.0,1.0,1.0,,,0.9947766065597534,0.9998127222061157,0.9999252557754517,0.9941551685333252,0.9992001056671143,0.999900221824646,0.9919934272766113,0.32227933406829834,4.0
2245,0.0,1.0,1.0,0.0,1.0,1.0,0.0,0.0,0.20214194059371948,0.9868305325508118,0.6946765184402466,0.0396328940987587,0.9990493059158325,0.992626965045929,0.1401118040084839,0.04257025197148323,2.0
2246,1.0,1.0,1.0,1.0,1.0,1.0,1.0,0.0,0.7255540490150452,0.9986991882324219,0.9996939897537231,0.9466326236724854,0.9953932762145996,0.8908523917198181,0.24767278134822845,0.03209740296006203,2.0
2247,1.0,1.0,1.0,1.0,1.0,1.0,1.0,0.0,0.9900058507919312,0.9979044795036316,0.9998746514320374,0.9671155214309692,0.9998281002044678,0.9973764419555664,0.681448221206665,0.07189138978719711,1.0
2248,0.0,0.0,0.0,0.0,0.0,0.0,0.0,,0.000802963157184422,0.00042631945689208806,0.00027607879019342363,0.0008505578152835369,0.01940782368183136,0.00036445484147407115,0.016612989827990532,5.9436148148961365e-05,1.0
2249,1.0,1.0,1.0,1.0,1.0,1.0,0.0,,0.9022963643074036,0.9979664087295532,0.9988893270492554,0.955885648727417,0.9959158301353455,0.8161438703536987,0.30296605825424194,0.021953370422124863,2.0
2250,0.0,0.0,0.0,0.0,0.0,0.0,0.0,0.0,0.0008625825867056847,0.0005395860644057393,0.0003762899723369628,0.0006830078782513738,0.01904137432575226,0.0003623550001066178,0.007639054208993912,6.172336725285277e-05,1.0
2251,1.0,1.0,1.0,1.0,1.0,1.0,1.0,1.0,0.9998509287834167,0.9998996257781982,0.9992560148239136,0.9905190467834473,0.9974918365478516,0.9636340141296387,0.9341747760772705,0.9620540738105774,0.0
2252,1.0,1.0,1.0,1.0,1.0,1.0,,,0.7046113610267639,0.9995453953742981,0.9994136095046997,0.8867185711860657,0.9979811310768127,0.9654764533042908,0.0922020971775055,0.24087759852409363,2.0
2253,1.0,1.0,,1.0,,1.0,1.0,0.0,0.9096455574035645,0.9953815937042236,0.9994228482246399,0.9921200275421143,0.9983217120170593,0.9521429538726807,0.9563151597976685,0.2806878685951233,4.0
2254,0.0,,0.0,0.0,1.0,0.0,,,0.0016554278554394841,0.009704850614070892,0.09877637773752213,0.0011809091083705425,0.014490319415926933,0.001145696034654975,0.01313270814716816,0.00024204893270507455,3.0
2255,1.0,1.0,1.0,0.0,1.0,1.0,,,0.8115338683128357,0.9996341466903687,0.9412527084350586,0.7958846688270569,0.9895633459091187,0.9992303252220154,0.15315565466880798,0.19918251037597656,4.0
2256,0.0,,1.0,1.0,1.0,0.0,,,0.4469435214996338,0.37512925267219543,0.9737070798873901,0.6227120161056519,0.8872969150543213,0.1394035965204239,0.3380306363105774,0.04744117707014084,1.0
2257,0.0,0.0,,0.0,1.0,1.0,0.0,0.0,0.43567121028900146,0.9887628555297852,0.9642486572265625,0.05744103342294693,0.9820778369903564,0.9132010340690613,0.03137892484664917,0.00043046148493885994,2.0
2258,0.0,1.0,1.0,0.0,1.0,1.0,0.0,,0.07662665843963623,0.999252200126648,0.9549419283866882,0.26406046748161316,0.9763652086257935,0.9912382364273071,0.08282697200775146,0.0021490922663360834,3.0
2259,0.0,0.0,0.0,0.0,0.0,0.0,,,0.007977715693414211,0.0011779891792684793,0.0006318779778666794,0.0016600241651758552,0.033454615622758865,0.00035737326834350824,0.068501316010952,0.00019636604702100158,1.0
2260,,,0.0,,,0.0,,,0.004955123644322157,0.023098545148968697,0.3769906461238861,0.005304442252963781,0.5331934094429016,0.473978728055954,0.0376172736287117,0.00016828927618917078,4.0
2261,0.0,0.0,1.0,0.0,0.0,0.0,0.0,0.0,0.002741224830970168,0.019428078085184097,0.0008709046524018049,0.0016757831908762455,0.03822565823793411,0.0009109144448302686,0.07672428339719772,0.00024240644415840507,4.0
2262,1.0,,1.0,1.0,1.0,1.0,,,0.9655895233154297,0.9017707109451294,0.9952577948570251,0.8925100564956665,0.9929379224777222,0.9800997376441956,0.2660221457481384,0.5129252672195435,1.0
2263,1.0,1.0,1.0,1.0,1.0,1.0,1.0,1.0,0.999873697757721,0.9999606013298035,0.9999672770500183,0.9998418092727661,0.9991222023963928,0.9994707107543945,0.9959898591041565,0.9664818644523621,4.0
2264,0.0,,1.0,1.0,1.0,0.0,,,0.9353504776954651,0.8717882633209229,0.999306857585907,0.879568874835968,0.9510304927825928,0.7345804572105408,0.21679018437862396,0.08837604522705078,4.0
2265,0.0,,1.0,1.0,1.0,0.0,,,0.7584729194641113,0.6825556755065918,0.9992879629135132,0.9661394357681274,0.9969524145126343,0.7627469301223755,0.01724645495414734,0.01236535981297493,2.0
2266,1.0,1.0,0.0,,1.0,1.0,,,0.46556413173675537,0.6424203515052795,0.4602240324020386,0.09404440224170685,0.7845546007156372,0.14769206941127777,0.0764043927192688,0.00032859545899555087,2.0
2267,,,0.0,,1.0,0.0,,,0.61481112241745,0.24221265316009521,0.9962287545204163,0.8978707194328308,0.9699361324310303,0.14826196432113647,0.1775117963552475,0.007202052511274815,0.0
2268,1.0,1.0,1.0,1.0,1.0,1.0,1.0,1.0,0.9982080459594727,0.9996665716171265,0.9957758188247681,0.943888247013092,0.9924359321594238,0.9989153742790222,0.9732301831245422,0.9871457815170288,0.0
2269,0.0,0.0,0.0,0.0,0.0,0.0,0.0,0.0,0.020674169063568115,0.0010661332635208964,0.004583580885082483,0.0037238469813019037,0.02735760807991028,0.0009573508286848664,0.09147127717733383,0.00034396356204524636,2.0
2270,1.0,1.0,1.0,1.0,1.0,1.0,1.0,1.0,0.9999217987060547,0.9993320107460022,0.9998841881752014,0.9938531517982483,0.9994868040084839,0.9972915053367615,0.8795106410980225,0.9561145901679993,1.0
2271,0.0,0.0,0.0,0.0,0.0,0.0,0.0,0.0,0.0030293776653707027,0.0008720491314306855,0.0018068250501528382,0.0036021145060658455,0.023030050098896027,0.0020030539017170668,0.0461750403046608,0.0002342445368412882,3.0
2272,1.0,1.0,1.0,1.0,1.0,1.0,1.0,1.0,0.9981670379638672,0.9998444318771362,0.9991316795349121,0.9760231971740723,0.9980604648590088,0.8896744251251221,0.9861880540847778,0.8931511044502258,3.0
2273,0.0,0.0,0.0,0.0,0.0,0.0,0.0,0.0,0.0014683862682431936,0.0018953377148136497,0.03580231964588165,0.002761696930974722,0.697837233543396,0.006298953667283058,0.003654955420643091,0.0001728964998619631,0.0
2274,0.0,,0.0,0.0,1.0,1.0,,,0.01608138531446457,0.5864500999450684,0.27387139201164246,0.0012279595248401165,0.9979615807533264,0.624904215335846,0.01821933127939701,0.00018913201347459108,4.0
2275,1.0,0.0,1.0,0.0,1.0,1.0,0.0,0.0,0.48352065682411194,0.9329211115837097,0.8956372141838074,0.07094509899616241,0.9794303774833679,0.6178390979766846,0.03506637364625931,0.00013366731582209468,1.0
2276,0.0,0.0,0.0,0.0,0.0,0.0,0.0,,0.0032601577695459127,0.0003457019047345966,0.0005841045058332384,0.004050292074680328,0.020932985469698906,0.0009643667144700885,0.00911345612257719,6.910465890541673e-05,1.0
2277,,0.0,0.0,0.0,0.0,,0.0,0.0,0.0016992075834423304,0.001099719200283289,0.0016595706110820174,0.0034245324786752462,0.02108178287744522,0.000191197992535308,0.022773277014493942,0.00044377619633451104,3.0
2278,0.0,,0.0,0.0,0.0,0.0,,,0.004370730835944414,0.0031042096670717,0.0211277324706316,0.047425441443920135,0.15568876266479492,0.0004401154292281717,0.03615027666091919,0.00048570119543001056,4.0
2279,1.0,1.0,1.0,1.0,1.0,1.0,1.0,0.0,0.8467053174972534,0.9990631937980652,0.9998350143432617,0.990877091884613,0.989504873752594,0.999274730682373,0.9432759284973145,0.15497975051403046,4.0
2280,1.0,1.0,1.0,1.0,1.0,,1.0,,0.9803698062896729,0.9994519352912903,0.9997792840003967,0.9986631870269775,0.9992927312850952,0.9998807907104492,0.9924916625022888,0.25017789006233215,2.0
2281,0.0,,1.0,,1.0,0.0,,,0.04203405603766441,0.3118947148323059,0.2737885117530823,0.021875079721212387,0.5485543012619019,0.024213844910264015,0.017597487196326256,0.00023880568915046751,3.0
2282,0.0,0.0,0.0,0.0,0.0,0.0,0.0,0.0,0.0010208593448624015,0.0005199878942221403,0.00046539417235180736,0.0012067249044775963,0.005818608682602644,0.00015061485464684665,0.005239888094365597,0.0002342904481338337,3.0
2283,1.0,1.0,0.0,0.0,0.0,0.0,0.0,0.0,0.16463519632816315,0.16081571578979492,0.16884638369083405,0.7001835107803345,0.7792820334434509,0.0006181542412377894,0.07220420986413956,0.0034416429698467255,4.0
2284,0.0,0.0,0.0,0.0,0.0,0.0,0.0,0.0,0.06431170552968979,0.005235524848103523,0.05290631577372551,0.2940013110637665,0.6873626708984375,0.00039965560426935554,0.02194666489958763,0.0022651152685284615,0.0
2285,1.0,1.0,1.0,0.0,1.0,0.0,,,0.7465053796768188,0.7255710959434509,0.9246839284896851,0.8016323447227478,0.8853269219398499,0.012688722461462021,0.06288747489452362,0.016201617196202278,3.0
2286,0.0,0.0,0.0,0.0,0.0,0.0,0.0,0.0,0.000613385287579149,8.723620703676715e-05,0.00030293577583506703,0.0013885647058486938,0.01717984303832054,0.00013266870519146323,0.00361611251719296,0.00012268700811546296,2.0
2287,1.0,,1.0,1.0,1.0,1.0,,,0.9978328943252563,0.9955081939697266,0.9946101307868958,0.6273025870323181,0.9896662831306458,0.9939860105514526,0.1047251895070076,0.0189097598195076,3.0
2288,1.0,1.0,1.0,1.0,1.0,1.0,0.0,1.0,0.9996438026428223,0.9991507530212402,0.9992737770080566,0.9648150205612183,0.9984006881713867,0.9985387921333313,0.7952233552932739,0.6452407836914062,1.0
2289,0.0,0.0,0.0,0.0,0.0,0.0,0.0,0.0,0.0008941980777308345,0.0005910148029215634,0.0005389882135204971,0.0003742346598301083,0.009820748120546341,0.00017546102753840387,0.0016859289025887847,7.51030893297866e-05,0.0
2290,1.0,1.0,1.0,1.0,1.0,1.0,1.0,,0.9715327620506287,0.9999001026153564,0.9991543292999268,0.9976311922073364,0.9979486465454102,0.998181164264679,0.7925379872322083,0.20794475078582764,0.0
2291,1.0,1.0,1.0,0.0,1.0,1.0,,,0.9726556539535522,0.996486246585846,0.9610906839370728,0.5519471168518066,0.9658889770507812,0.9921765327453613,0.8473140597343445,0.09728208184242249,4.0
2292,0.0,,0.0,,0.0,0.0,,,0.0007982495008036494,0.00015332811744883657,0.0006249347352422774,0.0020754702854901552,0.02076474018394947,0.00016439388855360448,0.003886015620082617,9.387496538693085e-05,2.0
2293,1.0,,1.0,1.0,1.0,1.0,,,0.9952214956283569,0.9980234503746033,0.9998337030410767,0.9962407946586609,0.9994630217552185,0.992094874382019,0.8865081667900085,0.11102037876844406,3.0
2294,1.0,1.0,1.0,1.0,1.0,1.0,,,0.6083024144172668,0.9974837303161621,0.9932723045349121,0.842254638671875,0.9893757104873657,0.8051511645317078,0.3818676769733429,0.023782895877957344,2.0
2295,1.0,0.0,0.0,1.0,1.0,1.0,,,0.945336639881134,0.23484951257705688,0.49165353178977966,0.17236670851707458,0.5121380090713501,0.4500787854194641,0.07687340676784515,0.2644934356212616,1.0
2296,0.0,,0.0,0.0,0.0,0.0,,,0.0021750549785792828,0.0017507472075521946,0.0016922276699915528,0.004241290036588907,0.13576434552669525,0.0003791239869315177,0.07617414742708206,0.00038022169610485435,3.0
2297,0.0,,0.0,0.0,0.0,0.0,,,0.0006290168967097998,0.0006359411054290831,0.0004318069841247052,0.0014378236373886466,0.00910486001521349,0.0003278654767200351,0.017494847998023033,0.00023192507796920836,4.0
2298,0.0,0.0,0.0,0.0,0.0,0.0,0.0,0.0,0.000672407157253474,0.0004183286218903959,0.0001737973652780056,0.0008597918204031885,0.011795218102633953,0.00016061609494499862,0.009702945128083229,0.0002687982632778585,4.0
2299,0.0,1.0,1.0,1.0,1.0,0.0,1.0,0.0,0.6115585565567017,0.7173646688461304,0.9964770674705505,0.8788678050041199,0.9798438549041748,0.5031906366348267,0.15161313116550446,0.0199572890996933,2.0
2300,0.0,,0.0,0.0,0.0,0.0,,,0.0005530516500584781,0.0003824088198598474,0.00013872221461497247,0.0006354514043778181,0.01455378532409668,9.090993262361735e-05,0.007226432673633099,0.0003060265735257417,4.0
2301,0.0,0.0,0.0,0.0,0.0,0.0,0.0,,0.0005890983738936484,0.0003924852062482387,0.00015970272943377495,0.0007218797109089792,0.014124317094683647,8.440124656772241e-05,0.007567948661744595,0.00020591684733517468,4.0
2302,,,,,,,0.0,0.0,0.008966557681560516,0.0013909908011555672,0.002582227811217308,0.003916351590305567,0.09414367377758026,0.0007489646086469293,0.045113757252693176,0.0004795178829226643,0.0
2303,1.0,1.0,1.0,0.0,1.0,1.0,1.0,1.0,0.9258245229721069,0.9984360933303833,0.9947463870048523,0.3142756223678589,0.973418116569519,0.3393365442752838,0.7164833545684814,0.05453989654779434,1.0
2304,1.0,1.0,0.0,0.0,1.0,1.0,,,0.6150816082954407,0.9078555703163147,0.989634096622467,0.8050078749656677,0.9786102175712585,0.9346327185630798,0.4843997061252594,0.012945294380187988,2.0
2305,1.0,1.0,1.0,0.0,1.0,0.0,1.0,0.0,0.8512994050979614,0.9109185934066772,0.8121471405029297,0.3410399258136749,0.8604711294174194,0.5092852711677551,0.6949934959411621,0.10138843953609467,4.0
2306,0.0,0.0,0.0,0.0,0.0,0.0,0.0,0.0,0.0009302235557697713,0.00045928184408694506,0.00024725982802920043,0.000725821009837091,0.010948032140731812,0.00023827610129956156,0.007631291635334492,4.498914859141223e-05,1.0
2307,1.0,1.0,1.0,0.0,1.0,1.0,0.0,0.0,0.7577846646308899,0.9884021282196045,0.9128993153572083,0.5990326404571533,0.9813511371612549,0.994566023349762,0.3572359085083008,0.018500089645385742,4.0
2308,0.0,0.0,1.0,0.0,0.0,0.0,0.0,0.0,0.06833694875240326,0.02833452634513378,0.42210569977760315,0.12496942281723022,0.058346640318632126,0.004098116885870695,0.05637158453464508,0.001434819307178259,3.0
2309,0.0,0.0,0.0,0.0,0.0,0.0,0.0,0.0,0.0010953577002510428,0.0005566872423514724,0.0005440092645585537,0.0003386233001947403,0.008947493508458138,0.00015528459334746003,0.0016644903225824237,9.07943831407465e-05,0.0
2310,1.0,1.0,1.0,1.0,1.0,1.0,1.0,1.0,0.9999434947967529,0.9996467232704163,0.9998272061347961,0.9989421963691711,0.9993213415145874,0.9980116486549377,0.9745089411735535,0.9902921319007874,1.0
2311,0.0,0.0,0.0,0.0,0.0,0.0,0.0,0.0,0.0007003953214734793,0.0010409655515104532,0.0005370062426663935,0.001615030225366354,0.03376413881778717,0.00021076247503515333,0.01062857173383236,0.00021211770945228636,4.0
2312,0.0,1.0,1.0,1.0,1.0,0.0,,,0.7541482448577881,0.25801193714141846,0.9976551532745361,0.9634849429130554,0.9995081424713135,0.9079568982124329,0.2724350690841675,0.007085699588060379,1.0
2313,1.0,,1.0,,1.0,1.0,,,0.9996102452278137,0.9495998024940491,0.8939343690872192,0.766869306564331,0.9733402729034424,0.8869977593421936,0.26988956332206726,0.04062776267528534,1.0
2314,1.0,1.0,1.0,1.0,1.0,0.0,0.0,0.0,0.9976771473884583,0.9338499903678894,0.9994657039642334,0.9912271499633789,0.9972227811813354,0.4767434597015381,0.4122569262981415,0.23387233912944794,2.0
2315,1.0,1.0,1.0,1.0,1.0,1.0,0.0,0.0,0.9968833923339844,0.9969912767410278,0.9998621940612793,0.9994358420372009,0.9988824725151062,0.9788411259651184,0.803406298160553,0.21358540654182434,4.0
2316,1.0,1.0,1.0,1.0,1.0,1.0,0.0,0.0,0.9974401593208313,0.9995135068893433,0.9993965029716492,0.99530029296875,0.9993681907653809,0.9844787120819092,0.34091049432754517,0.41241616010665894,0.0
2317,1.0,1.0,1.0,1.0,1.0,1.0,1.0,1.0,0.9996939301490784,0.9998989105224609,0.9998546838760376,0.997529149055481,0.994559109210968,0.9996068477630615,0.9942081570625305,0.9911916851997375,4.0
2318,1.0,1.0,1.0,1.0,1.0,1.0,1.0,1.0,0.9999115467071533,0.9997977018356323,0.9996317625045776,0.9954664707183838,0.9967191815376282,0.9995632171630859,0.9918124079704285,0.9956549406051636,0.0
2319,0.0,0.0,0.0,0.0,0.0,0.0,,,0.003148395800963044,0.0014867864083498716,0.0019835412967950106,0.016129259020090103,0.044619206339120865,0.00048624558257870376,0.11716616898775101,0.0007002394995652139,0.0
2320,0.0,0.0,0.0,0.0,0.0,0.0,,,0.010780136100947857,0.060043346136808395,0.002249936806038022,0.00567130371928215,0.017336949706077576,0.000598567130509764,0.012236881069839,0.0004145786806475371,1.0
2321,0.0,0.0,0.0,0.0,0.0,0.0,,,0.0006205378449521959,0.00013509250129573047,0.0008542033028788865,0.00110674649477005,0.0679638534784317,0.00012754819181282073,0.004635271616280079,0.00011019722296623513,2.0
2322,0.0,,0.0,,0.0,0.0,,,0.009744818322360516,0.008868555538356304,0.04236873984336853,0.49101826548576355,0.6850171685218811,0.0003327162703499198,0.07037044316530228,0.00104554055724293,2.0
2323,1.0,,1.0,1.0,1.0,1.0,,,0.9953135251998901,0.9996920824050903,0.9999191164970398,0.9835880994796753,0.9918290972709656,0.9960159063339233,0.24875617027282715,0.5407938361167908,4.0
2324,1.0,,1.0,0.0,1.0,1.0,,,0.7778328657150269,0.9756966829299927,0.787161111831665,0.4837530851364136,0.9197243452072144,0.9901745319366455,0.14029943943023682,0.011350804939866066,4.0
2325,1.0,1.0,1.0,0.0,1.0,1.0,1.0,,0.7958270311355591,0.9883857369422913,0.9910409450531006,0.18456339836120605,0.9658941030502319,0.993864893913269,0.7885336875915527,0.00879694800823927,3.0
2326,1.0,1.0,1.0,1.0,1.0,1.0,0.0,1.0,0.9974422454833984,0.9352008104324341,0.9946624040603638,0.989471971988678,0.9545470476150513,0.9977095127105713,0.7243913412094116,0.8879169821739197,4.0
2327,0.0,,0.0,,1.0,0.0,,,0.001510552829131484,0.04569678381085396,0.10142204165458679,0.003378539811819792,0.9677825570106506,0.04664062708616257,0.07855100184679031,0.00018245610408484936,4.0
2328,0.0,0.0,0.0,0.0,0.0,0.0,0.0,0.0,0.0013610738096758723,0.0007147729629650712,0.0006493297987617552,0.005392689723521471,0.03517167642712593,0.00039389540324918926,0.017143288627266884,0.00016431056428700686,4.0
2329,1.0,0.0,1.0,1.0,1.0,0.0,0.0,0.0,0.35485169291496277,0.18504078686237335,0.9976211786270142,0.9901493787765503,0.9284772872924805,0.5195601582527161,0.1550566852092743,0.052576057612895966,0.0
2330,1.0,1.0,1.0,1.0,1.0,1.0,1.0,,0.961543083190918,0.9995766282081604,0.9998835921287537,0.9957634210586548,0.9771548509597778,0.9893733859062195,0.9784902930259705,0.2522726058959961,4.0
2331,0.0,0.0,1.0,0.0,1.0,0.0,0.0,0.0,0.3168387711048126,0.248774915933609,0.8503551483154297,0.0922006368637085,0.9669522643089294,0.7351951003074646,0.039015062153339386,0.0007906986284069717,4.0
2332,1.0,,1.0,1.0,1.0,1.0,,,0.9997009038925171,0.9996547102928162,0.999946653842926,0.9791455268859863,0.9987785816192627,0.9998892545700073,0.8055371642112732,0.76662278175354,3.0
2333,1.0,1.0,1.0,1.0,1.0,1.0,1.0,0.0,0.998831033706665,0.9991531372070312,0.99981290102005,0.49620959162712097,0.9920744299888611,0.7322511672973633,0.7676613330841064,0.32182663679122925,3.0
2334,0.0,,0.0,,0.0,0.0,,,0.0006290891906246543,0.0004057621699757874,0.00014455658674705774,0.0006589171243831515,0.01491995807737112,8.272995910374448e-05,0.007070127874612808,0.0002368685236433521,4.0
2335,0.0,,1.0,0.0,0.0,0.0,0.0,0.0,0.22998785972595215,0.057971060276031494,0.03734608739614487,0.21086978912353516,0.5076655149459839,0.0007585473940707743,0.07382893562316895,0.001575767295435071,1.0
2336,1.0,1.0,1.0,1.0,1.0,1.0,1.0,0.0,0.9977068901062012,0.9973204135894775,0.9998727440834045,0.9963105916976929,0.9994261860847473,0.9998877644538879,0.9170237183570862,0.49039965867996216,0.0
2337,1.0,1.0,1.0,1.0,1.0,1.0,1.0,0.0,0.778167724609375,0.9991341829299927,0.9999548196792603,0.9964649081230164,0.9992316961288452,0.9998782873153687,0.37055766582489014,0.030238570645451546,4.0
2338,1.0,,1.0,0.0,1.0,1.0,,,0.8635528087615967,0.9560117721557617,0.8819593191146851,0.15261082351207733,0.9436924457550049,0.959626317024231,0.025527900084853172,0.00060983223374933,2.0
2339,0.0,0.0,0.0,0.0,0.0,0.0,0.0,0.0,0.0008832521270960569,0.0004524367686826736,0.001545248320326209,0.001096990774385631,0.021192511543631554,0.0001777385186869651,0.006257772911339998,0.0001247233449248597,2.0
2340,0.0,0.0,0.0,0.0,0.0,0.0,0.0,0.0,0.0009871438378468156,0.0006622870569117367,0.000426415674155578,0.0015012361109256744,0.020723901689052582,0.0005804728716611862,0.05373142287135124,0.00029206110048107803,4.0
2341,0.0,0.0,0.0,0.0,0.0,0.0,0.0,0.0,0.0008847840945236385,0.00024290762667078525,0.0002674432471394539,0.0007944097160361707,0.008646062575280666,0.00026354225701652467,0.0057806880213320255,0.00010374144039815292,1.0
2342,1.0,1.0,1.0,0.0,1.0,1.0,1.0,,0.8076066374778748,0.987693727016449,0.9750205278396606,0.5233299732208252,0.9478625059127808,0.9986711740493774,0.5218830108642578,0.010240639559924603,4.0
2343,1.0,1.0,1.0,1.0,1.0,1.0,1.0,0.0,0.9941097497940063,0.9998458623886108,0.9999371767044067,0.9921612739562988,0.9978933930397034,0.9998670816421509,0.9875831007957458,0.21227815747261047,4.0
2344,0.0,0.0,0.0,0.0,0.0,0.0,0.0,0.0,0.0035078758373856544,0.0009099110611714423,0.0007485575042665005,0.007950601167976856,0.036819905042648315,0.00033905127202160656,0.09621472656726837,0.00017555980593897402,4.0
2345,0.0,0.0,0.0,0.0,0.0,0.0,0.0,0.0,0.002348833018913865,0.0005078892572782934,0.0004806272918358445,0.0013004938373342156,0.01063307374715805,0.00013236748054623604,0.01786867529153824,0.00042795174522325397,3.0
2346,0.0,0.0,0.0,0.0,0.0,0.0,,,0.0005714892176911235,0.0004069986753165722,0.00017203050083480775,0.0006932930555194616,0.014704611152410507,8.357007027370855e-05,0.006775556597858667,0.0002000470703933388,4.0
2347,0.0,0.0,0.0,0.0,0.0,0.0,0.0,0.0,0.0005732924910262227,0.00015697666094638407,0.0005496049416251481,0.0010506878606975079,0.00867247674614191,0.0001345346972811967,0.007472802419215441,0.00010388962255092338,2.0
2348,1.0,1.0,1.0,1.0,1.0,1.0,0.0,1.0,0.9984818696975708,0.9464429616928101,0.8904699683189392,0.9974563717842102,0.8711042404174805,0.7211949825286865,0.21219298243522644,0.6634143590927124,4.0
2349,0.0,,0.0,0.0,0.0,0.0,,,0.0005992793012410402,0.0004102810344193131,0.00013584383123088628,0.0006184658850543201,0.0148078054189682,8.902139961719513e-05,0.007009926717728376,0.000301816820865497,4.0
2350,0.0,1.0,0.0,0.0,0.0,0.0,1.0,0.0,0.5918837785720825,0.9730278849601746,0.2772953510284424,0.29753538966178894,0.707109272480011,0.0041627436876297,0.13398393988609314,0.04870825260877609,2.0
2351,0.0,,0.0,0.0,0.0,0.0,,,0.0010606417199596763,0.0004522482631728053,0.0006588884862139821,0.0011898045195266604,0.007202853448688984,0.0002185249177273363,0.033086758106946945,0.0004946694825775921,3.0
2352,0.0,0.0,0.0,0.0,0.0,0.0,,,0.0012277769856154919,0.0007072080043144524,0.0006256675696931779,0.000580301508307457,0.007698531728237867,0.00014625037147197872,0.0020545581355690956,0.00017163631855510175,0.0
2353,0.0,,0.0,,0.0,0.0,,,0.0006762808770872653,0.0007447060779668391,0.00021207184181548655,0.0009550671675242484,0.027179384604096413,0.0002743018267210573,0.023908954113721848,0.0002109047054545954,4.0
2354,1.0,1.0,1.0,1.0,1.0,1.0,0.0,0.0,0.9958733320236206,0.9899547696113586,0.998529314994812,0.725446343421936,0.9996868371963501,0.9568769931793213,0.08923452347517014,0.26050812005996704,1.0
2355,0.0,0.0,0.0,0.0,0.0,0.0,,,0.039101533591747284,0.0032790284603834152,0.010316954925656319,0.05070650205016136,0.11244050413370132,0.002272170502692461,0.019664457067847252,0.0005122327711433172,1.0
2356,1.0,1.0,1.0,1.0,1.0,0.0,1.0,1.0,0.9984504580497742,0.9886232614517212,0.9999239444732666,0.9973651170730591,0.8358930349349976,0.8989579677581787,0.9396756887435913,0.9553524255752563,3.0
2357,0.0,0.0,0.0,,0.0,0.0,,,0.000700565695296973,0.00017613093950785697,0.0006465220358222723,0.00266582821495831,0.06055758148431778,0.000257070962106809,0.017566004768013954,0.0001783818588592112,2.0
2358,0.0,0.0,0.0,,1.0,0.0,,,0.009152596816420555,0.12132227420806885,0.20232373476028442,0.02857210300862789,0.9915075898170471,0.13508903980255127,0.04118392616510391,0.0005167931085452437,3.0
2359,0.0,,0.0,,0.0,0.0,,,0.005405387841165066,0.0011088195024058223,0.0006044539040885866,0.001141111832112074,0.030039088800549507,0.00024137352011166513,0.020611494779586792,0.00043022463796660304,4.0
2360,1.0,1.0,1.0,1.0,1.0,1.0,0.0,1.0,0.9984936714172363,0.9795224070549011,0.995826005935669,0.9996410608291626,0.9922499656677246,0.9904584288597107,0.27044177055358887,0.8635396957397461,1.0
2361,0.0,,0.0,0.0,0.0,0.0,,,0.0007685386808589101,0.0005361855728551745,0.0004936976474709809,0.00026392258587293327,0.015961773693561554,0.00011215248377993703,0.001593210268765688,7.194709905888885e-05,0.0
2362,1.0,,0.0,,1.0,1.0,,,0.019406750798225403,0.7743059992790222,0.6800714135169983,0.2484373152256012,0.9270175099372864,0.6104516983032227,0.015530453063547611,0.0002162347809644416,2.0
2363,1.0,1.0,1.0,0.0,1.0,1.0,,,0.41029196977615356,0.9724599123001099,0.1671425700187683,0.009521186351776123,0.9976456761360168,0.7344090342521667,0.48861637711524963,0.002596245612949133,2.0
2364,0.0,1.0,,0.0,0.0,0.0,0.0,0.0,0.09228508174419403,0.09768125414848328,0.006614570040255785,0.03728368133306503,0.12283268570899963,0.0016913904109969735,0.06169012188911438,0.002461045980453491,0.0
2365,0.0,,0.0,0.0,0.0,0.0,,,0.0007103118696250021,0.0004295900871511549,0.00032748826197348535,0.0010262350551784039,0.06688529998064041,0.0003276360803283751,0.015522515401244164,0.00021616385492961854,4.0
2366,1.0,1.0,1.0,0.0,1.0,1.0,0.0,0.0,0.6216050982475281,0.9908645153045654,0.9748569130897522,0.08883685618638992,0.9123453497886658,0.40136560797691345,0.2005656659603119,0.007871899753808975,3.0
2367,1.0,1.0,1.0,1.0,1.0,1.0,1.0,0.0,0.9902125597000122,0.9986679553985596,0.9981608986854553,0.7787501811981201,0.9978308081626892,0.9998400807380676,0.8296148180961609,0.16689307987689972,1.0
2368,1.0,1.0,1.0,1.0,1.0,1.0,,,0.9997957348823547,0.9997725486755371,0.9997280836105347,0.9994356632232666,0.9984782934188843,0.8919855952262878,0.6641726493835449,0.9574064016342163,2.0
2369,0.0,0.0,0.0,0.0,0.0,0.0,0.0,0.0,0.0009557428420521319,0.00020848060376010835,0.0003751326003111899,0.0012921203160658479,0.010324722155928612,0.0002313983568456024,0.028999313712120056,0.000299842533422634,2.0
2370,0.0,0.0,0.0,0.0,0.0,0.0,0.0,0.0,0.0011184219038113952,0.0007414170540869236,0.0006113828276284039,0.00039906200254336,0.011108762584626675,0.00016616913489997387,0.001811027294024825,0.00010194975766353309,0.0
2371,1.0,1.0,1.0,1.0,1.0,1.0,1.0,1.0,0.9950301647186279,0.9997543096542358,0.9997191429138184,0.9918022155761719,0.9994539022445679,0.9999350309371948,0.9885744452476501,0.6644148826599121,2.0
2372,1.0,1.0,1.0,1.0,1.0,1.0,0.0,,0.9315147399902344,0.9988721013069153,0.999683141708374,0.99163419008255,0.9996336698532104,0.9996176362037659,0.04731060191988945,0.04181325063109398,3.0
2373,0.0,0.0,0.0,0.0,0.0,0.0,0.0,,0.000903295585885644,0.00040758997783996165,0.0002979202545247972,0.000911325216293335,0.012598143890500069,0.0005442796973511577,0.013935565017163754,6.359865074045956e-05,1.0
2374,1.0,1.0,1.0,1.0,1.0,1.0,0.0,1.0,0.9989166855812073,0.9994950294494629,0.9990511536598206,0.9446215629577637,0.998646080493927,0.9966720342636108,0.8022546172142029,0.550080418586731,1.0
2375,0.0,,0.0,,0.0,0.0,,,0.0028600571677088737,0.0010615203063935041,0.00081224599853158,0.009808892384171486,0.09702571481466293,0.000598776969127357,0.08910592645406723,0.0003226377593819052,4.0
2376,0.0,0.0,0.0,0.0,0.0,0.0,0.0,0.0,0.00045787746785208583,0.00044624804286286235,0.00020811123249586672,0.0006976999575272202,0.013260697945952415,0.00011487664596643299,0.00716772535815835,0.0001867853570729494,4.0
2377,1.0,1.0,1.0,1.0,1.0,1.0,1.0,,0.9801353812217712,0.9996610879898071,0.9976277947425842,0.9722540378570557,0.99213707447052,0.9960371255874634,0.1845298707485199,0.31966063380241394,3.0
2378,0.0,0.0,0.0,0.0,1.0,0.0,0.0,0.0,0.003647393314167857,0.04227164387702942,0.5412287712097168,0.002055309247225523,0.9626880288124084,0.6649762988090515,0.2535040080547333,0.00044332077959552407,0.0
2379,0.0,0.0,0.0,0.0,0.0,0.0,0.0,0.0,0.0005391744780354202,0.0005222760373726487,0.00014150954666547477,0.0007846956723369658,0.014984798617661,0.00019617995712906122,0.010285446420311928,0.00018565884965937585,4.0
2380,0.0,,0.0,0.0,0.0,0.0,,,0.002497210167348385,0.00266064889729023,0.0010476146126165986,0.008595517836511135,0.019301503896713257,0.0005876903887838125,0.04327870532870293,0.0010799078736454248,0.0
2381,0.0,1.0,0.0,0.0,0.0,0.0,0.0,0.0,0.05303336679935455,0.9186378717422485,0.008104697801172733,0.01396996807307005,0.10372082889080048,0.00115582172293216,0.05745983123779297,0.0007300613215193152,1.0
2382,0.0,0.0,0.0,0.0,0.0,0.0,0.0,0.0,0.0008424881380051374,0.00021438825933728367,0.00042414915515109897,0.001086756936274469,0.021873779594898224,0.00032588792964816093,0.010558351874351501,0.00011288474343018606,2.0
2383,1.0,0.0,1.0,0.0,1.0,1.0,1.0,0.0,0.97660893201828,0.9910008907318115,0.8090915083885193,0.3807547092437744,0.8851408958435059,0.8511373996734619,0.7713807821273804,0.10894633829593658,2.0
2384,1.0,1.0,1.0,1.0,1.0,1.0,1.0,1.0,0.9993144869804382,0.9999027252197266,0.999352753162384,0.9978782534599304,0.9987648725509644,0.9997692108154297,0.9839480519294739,0.9168562889099121,1.0
2385,1.0,1.0,1.0,0.0,1.0,1.0,,,0.6947115063667297,0.9958879351615906,0.9352474212646484,0.22417959570884705,0.989385724067688,0.9974486231803894,0.4371870458126068,0.007799315731972456,0.0
2386,0.0,0.0,0.0,0.0,0.0,0.0,1.0,0.0,0.005940323695540428,0.002436987590044737,0.0016860627802088857,0.01558618526905775,0.10122834146022797,0.0006970861577428877,0.11011186242103577,0.0004593463963828981,0.0
2387,1.0,1.0,1.0,1.0,1.0,1.0,1.0,1.0,0.9983898401260376,0.9998916983604431,0.9999251365661621,0.9936316013336182,0.9876889586448669,0.9855263233184814,0.6954149603843689,0.9532233476638794,3.0
2388,1.0,1.0,1.0,1.0,1.0,0.0,1.0,0.0,0.6436316967010498,0.9466182589530945,0.9993588328361511,0.6810093522071838,0.9983798861503601,0.8025801181793213,0.30672982335090637,0.04458550736308098,1.0
2389,1.0,1.0,1.0,0.0,1.0,0.0,1.0,,0.37466320395469666,0.9350729584693909,0.8588233590126038,0.844781219959259,0.9754586815834045,0.9256662130355835,0.3750787079334259,0.005298741161823273,1.0
2390,1.0,1.0,1.0,1.0,1.0,1.0,1.0,0.0,0.9986433982849121,0.999025285243988,0.9990860819816589,0.9027038812637329,0.9886305928230286,0.8941460847854614,0.976671040058136,0.9385796189308167,2.0
2391,1.0,,1.0,1.0,1.0,0.0,,,0.9933210015296936,0.28755247592926025,0.9975345134735107,0.804529070854187,0.839083194732666,0.6419008374214172,0.19282865524291992,0.18557608127593994,3.0
2392,,1.0,,0.0,,,,,0.05829524248838425,0.9048978686332703,0.0007457310566678643,0.005890165455639362,0.0046844775788486,0.0010022883070632815,0.06680185347795486,0.0008054940844886005,1.0
2393,0.0,1.0,1.0,0.0,1.0,1.0,1.0,0.0,0.42702746391296387,0.8962491154670715,0.7820879220962524,0.005459246225655079,0.9050489068031311,0.8403528332710266,0.3157826066017151,0.0015695145120844245,2.0
2394,1.0,1.0,1.0,1.0,1.0,1.0,0.0,0.0,0.9553068280220032,0.9998363852500916,0.9999451041221619,0.9977455735206604,0.9990899562835693,0.9990220665931702,0.8354731798171997,0.1179957315325737,4.0
