,True_FPV,True_ATV,True_IDV,True_LPV,True_NFV,True_SQV,True_TPV,True_DRV,Pred_Proba_FPV,Pred_Proba_ATV,Pred_Proba_IDV,Pred_Proba_LPV,Pred_Proba_NFV,Pred_Proba_SQV,Pred_Proba_TPV,Pred_Proba_DRV,kFolds
0,0.0,0.0,0.0,0.0,0.0,0.0,0.0,0.0,0.00528397419343743,0.0051739072428599615,0.008627496909436747,0.001520295328769174,0.011412557751242057,0.0037450998682184303,0.007877633609888642,0.0007419651795743401,1.0
1,1.0,1.0,1.0,1.0,1.0,1.0,1.0,0.0,0.8838998646487348,0.9936322563708858,0.9942998304865966,0.9872317621502377,0.9951421224042747,0.9899423371697836,0.4814735058885999,0.047813666842179,4.0
2,1.0,1.0,1.0,1.0,1.0,1.0,1.0,0.0,0.9512887870246571,0.9753060313422308,0.9421067788860277,0.64224101986351,0.9444135822885149,0.5292495163763351,0.9596025652490237,0.9706575462319396,0.0
3,0.0,0.0,0.0,0.0,0.0,0.0,0.0,0.0,0.009910318398778284,0.04135106647394373,0.015286515484284896,0.004908566717051177,0.07401690326289061,0.004232190831635526,0.05206462044086751,0.001897627057214368,0.0
4,0.0,0.0,0.0,0.0,0.0,0.0,0.0,0.0,0.004507279919299475,0.020270260621406803,0.019590847972902222,0.010708258044174796,0.0406134479662637,0.004850144836689314,0.07303669643362952,0.0011429342114984285,4.0
5,0.0,0.0,0.0,0.0,0.0,0.0,0.0,0.0,0.017157622649855743,0.01730833609855797,0.03511204835800199,0.013355525743460123,0.058120783001880796,0.022105928743253386,0.019615259121885123,0.0021364808052707477,1.0
6,0.0,0.0,0.0,0.0,0.0,0.0,0.0,0.0,0.005075334560813104,0.004072666269132513,0.006381073625369654,0.0017090626121711043,0.013756142580075223,0.004395619245951095,0.015167228866238183,0.0018260607381788186,1.0
7,1.0,1.0,1.0,1.0,1.0,0.0,1.0,0.0,0.8796435146417736,0.9247439787577505,0.9111507731922407,0.6508464091941168,0.7671822316915661,0.047473862489952584,0.5623236005260542,0.2780655028595268,1.0
8,0.0,0.0,0.0,0.0,0.0,0.0,0.0,0.0,0.004238134147425494,0.007140888382847932,0.011849431071669553,0.0021990391918598967,0.06530177630472407,0.013912054588500892,0.020677434131211057,0.0016164084667191795,3.0
9,1.0,1.0,1.0,1.0,1.0,1.0,1.0,0.0,0.8847212073396162,0.9853782157536893,0.9620976314835578,0.4383549281406182,0.9877094592341873,0.9008610056436119,0.2816319329440514,0.07475069797244031,1.0
10,1.0,1.0,1.0,1.0,1.0,1.0,1.0,1.0,0.9931197285549204,0.9946180948482036,0.9916807949599591,0.996865814881316,0.993585556914182,0.8173423927701495,0.8908794482993857,0.7901753796347636,0.0
11,1.0,1.0,1.0,1.0,1.0,1.0,1.0,1.0,0.9953726192205739,0.9957007780264567,0.9975133516485595,0.991366402768909,0.9985256776130372,0.9730870440406222,0.9379860749804625,0.7192285683394001,2.0
12,0.0,0.0,0.0,0.0,0.0,0.0,0.0,0.0,0.009092847544463923,0.014880723944069812,0.013901509685571859,0.006859352203418417,0.017297053512265455,0.011942400177683365,0.01684121423476739,0.0009343024070196887,2.0
13,0.0,0.0,0.0,0.0,0.0,0.0,0.0,0.0,0.01256224479801301,0.0045229718218594145,0.00905345215321246,0.007171354941922612,0.011995448855977229,0.003708759239965509,0.03749951836456351,0.003650880645589969,4.0
14,1.0,1.0,1.0,1.0,1.0,1.0,1.0,1.0,0.9598412731478745,0.9970004341519708,0.9748268485275572,0.9838051835734867,0.9881037667379683,0.9743785578176292,0.8269216772461067,0.8420141761227284,4.0
15,0.0,0.0,0.0,0.0,0.0,0.0,0.0,0.0,0.003262451537564744,0.0019513303966105441,0.002331200884227187,0.0018372189363328512,0.005086932230586766,0.0021937082167615,0.006903001593539207,0.0006833040365169005,2.0
16,0.0,0.0,0.0,0.0,0.0,0.0,0.0,0.0,0.007692999244180143,0.0341348324523409,0.020158420535913348,0.006976868640962231,0.030323089001563747,0.005122047647906095,0.01721054192786879,0.001909137935355258,3.0
17,0.0,1.0,0.0,0.0,1.0,1.0,0.0,0.0,0.2373677991388519,0.8659228147539128,0.2558117569171906,0.10545269021933555,0.9294133959110134,0.8444491528305595,0.07098955277438562,0.008854850401540874,3.0
18,1.0,1.0,0.0,0.0,1.0,1.0,0.0,0.0,0.3479180818953528,0.9830359306546884,0.29655548106165597,0.32185115190958596,0.9743239523282479,0.9799281925653891,0.3709941046211117,0.027178673507813,2.0
19,1.0,1.0,1.0,1.0,1.0,1.0,1.0,1.0,0.9664634833957515,0.9908031690128886,0.9694247831509794,0.8360207664590318,0.9908548703220157,0.9859010429828075,0.9703812210877026,0.4571584094552331,2.0
20,0.0,0.0,0.0,0.0,0.0,0.0,0.0,0.0,0.0034315705697269033,0.0041913544693915694,0.005238390482774963,0.002759083618181647,0.01395196196642764,0.002607187698946773,0.007726450488683877,0.0016773546882435935,4.0
21,1.0,1.0,1.0,1.0,1.0,1.0,1.0,0.0,0.9909396262400456,0.9883122174074996,0.9936170763064425,0.988676268995106,0.9917226633255107,0.9816572863674352,0.6559595040962581,0.28261574223375185,4.0
22,0.0,0.0,0.0,0.0,0.0,0.0,0.0,0.0,0.004902285143096596,0.003005423563671113,0.008463005763444045,0.0018842382443160425,0.010204147279321705,0.0033340498116606323,0.012502750829430375,0.0010428253196946438,2.0
23,0.0,1.0,1.0,1.0,1.0,1.0,0.0,0.0,0.9143098969893292,0.9950000972753459,0.9971291989424653,0.9950227720554905,0.9986862415214722,0.9882287602513505,0.7099745107627112,0.08101305177851917,0.0
24,1.0,1.0,1.0,1.0,1.0,1.0,0.0,0.0,0.7706082300941897,0.9859366400195374,0.9498607501015013,0.9445634181015401,0.9193065087468467,0.5571242297200473,0.1599248164059241,0.027522700202372925,2.0
25,0.0,1.0,1.0,0.0,1.0,0.0,1.0,0.0,0.8459469622926518,0.9776644284819318,0.9325517532567996,0.8899781936100918,0.9270656417662902,0.20232742322604766,0.49258543240251723,0.12419751623086517,0.0
26,1.0,1.0,1.0,1.0,1.0,1.0,1.0,1.0,0.9985085530643594,0.9994765324892667,0.9990604449319324,0.995484506604295,0.9991535659052942,0.9974894456870398,0.9767002329452937,0.9945360299145148,3.0
27,1.0,1.0,1.0,0.0,1.0,0.0,1.0,0.0,0.6503749670868477,0.9659483378843233,0.8954912618478782,0.28914815313381576,0.9227937476078915,0.7115623406704901,0.7709526892279591,0.10193096044744414,4.0
28,0.0,0.0,0.0,0.0,0.0,0.0,0.0,0.0,0.005634763483350154,0.005542349372392239,0.007906109968067333,0.0022283030892068767,0.010184997201603327,0.0034114488917894137,0.019823959582395023,0.0006935325897174906,1.0
29,0.0,0.0,0.0,0.0,0.0,0.0,0.0,0.0,0.025894625616104953,0.013078920494319033,0.007404670593547615,0.0019963495619845103,0.015165134571753882,0.006501698223035691,0.04020578174236219,0.001913827981668781,1.0
30,0.0,0.0,0.0,0.0,0.0,0.0,0.0,0.0,0.004780666141867611,0.0035776361689124053,0.005329531333167664,0.0010213458911327074,0.01169179803561445,0.0018503789992958194,0.016029609083233115,0.0008489098265638748,0.0
31,0.0,0.0,0.0,0.0,0.0,0.0,0.0,0.0,0.0071497326351090615,0.0056392592212312674,0.009911767542924351,0.0010290788853309953,0.017781026902232194,0.0031167605160241966,0.009066787464990737,0.0021967515358402227,0.0
32,0.0,0.0,0.0,0.0,0.0,0.0,0.0,0.0,0.024406781243731464,0.019102559596120644,0.027384141052949378,0.00423830862066806,0.08473948891911214,0.006258142588105149,0.011307708892986178,0.0015850779509975074,4.0
33,1.0,1.0,1.0,1.0,1.0,1.0,0.0,0.0,0.7782570068424054,0.9524904140745942,0.9809950657312781,0.9527943106289349,0.9866528366392964,0.9486789912505151,0.02204193318360052,0.014129765047836734,1.0
34,0.0,1.0,1.0,0.0,1.0,1.0,1.0,0.0,0.8686213129018222,0.9612556456193778,0.953235866063404,0.666759324142339,0.9156829118451119,0.6730009274823833,0.6112096174269034,0.1640737135040056,4.0
35,0.0,1.0,1.0,0.0,1.0,1.0,0.0,0.0,0.0880741573446419,0.9370311654873349,0.7370603052771247,0.07423344454400739,0.9442303477639659,0.8031315221704466,0.06343344241327917,0.01147208253315062,4.0
36,1.0,1.0,1.0,1.0,1.0,1.0,1.0,1.0,0.9644752174338439,0.9774234754564062,0.8660607393837161,0.9635479153570573,0.8928052109755467,0.08789582318796967,0.9088340486283869,0.6259248446260377,3.0
37,0.0,1.0,1.0,0.0,1.0,0.0,1.0,0.0,0.026158635985930885,0.09279348459880674,0.028911778532391727,0.009773852702813977,0.937323252226955,0.025328165475744867,0.15641112023536813,0.005445386296502904,3.0
38,0.0,0.0,0.0,0.0,0.0,0.0,0.0,0.0,0.09984572905169839,0.039424320186636344,0.018024237931505243,0.009576912860907208,0.043762746092666144,0.031296976743021426,0.06487723541496405,0.0021417628965013313,2.0
39,0.0,0.0,0.0,0.0,0.0,0.0,0.0,0.0,0.0030012808857466534,0.0026389316064725737,0.0026552034392788664,0.0006747250860640523,0.009567520049617733,0.0018791540022884898,0.006803392819172045,0.0007199796935435426,0.0
40,0.0,0.0,0.0,0.0,0.0,0.0,0.0,0.0,0.0031112672495723233,0.008556298731762977,0.009624450924513214,0.0037404496374037165,0.029905126854505568,0.003921370884926533,0.016809941387965897,0.0016963098917265847,4.0
41,1.0,1.0,1.0,0.0,1.0,1.0,0.0,0.0,0.9581921110032061,0.9608632632488369,0.9676711706752361,0.9169151093685158,0.9859682128333127,0.9771190142827832,0.3473453721882968,0.034117993096876444,2.0
42,1.0,1.0,1.0,1.0,1.0,1.0,1.0,1.0,0.9807240366339366,0.9988824620396087,0.9980456315360638,0.9960872030651728,0.9984572814398487,0.9813963602505765,0.8707050361330503,0.8971621729092857,2.0
43,0.0,0.0,0.0,0.0,0.0,0.0,0.0,0.0,0.004207098814343263,0.004402114870982289,0.005107674819390842,0.0020323188413940573,0.009580897319118216,0.003323031953278137,0.014077754646050251,0.0013552925787262283,1.0
44,0.0,0.0,0.0,0.0,0.0,0.0,0.0,0.0,0.004562893207993569,0.004142734396845103,0.0018538459753486738,0.0008894301359631332,0.005341008074022997,0.001812497083081688,0.015167151073720879,0.0008174140690022542,0.0
45,1.0,1.0,1.0,1.0,1.0,1.0,1.0,0.0,0.9877969462481462,0.9983384073191199,0.998452788605812,0.9927418657155667,0.9988179178895372,0.997345969197359,0.8502493869519713,0.6744030638889233,3.0
46,1.0,1.0,1.0,1.0,1.0,1.0,0.0,0.0,0.799806247888474,0.9889473490699036,0.9888453587675624,0.9859724625389661,0.9828249288370589,0.9781078425857147,0.13806290771964747,0.0570463861676649,2.0
47,1.0,1.0,1.0,1.0,1.0,1.0,1.0,1.0,0.9843267000479912,0.9818697450568094,0.9552257897145089,0.9466504322784224,0.9662862795036361,0.8952978954535803,0.8824967454995716,0.7725071871761158,4.0
48,1.0,1.0,0.0,0.0,1.0,1.0,0.0,0.0,0.9609565342027921,0.9893489773717961,0.9644307087121591,0.7929865125121103,0.9962885741915727,0.9840024956164393,0.5303889698425961,0.28841018722611284,3.0
49,0.0,0.0,0.0,0.0,0.0,0.0,0.0,0.0,0.004569211068186273,0.00527105088207397,0.0051302946168667795,0.0018195001175259045,0.01373110854123335,0.0026515476490930313,0.01085519668177549,0.0010441846579415186,1.0
50,0.0,0.0,0.0,0.0,0.0,0.0,0.0,0.0,0.00700914246506224,0.004643160750747947,0.013350169997923576,0.002583379136691868,0.009432585029724662,0.00481800431012868,0.008628696156434586,0.001452467795630725,2.0
51,1.0,1.0,1.0,1.0,1.0,1.0,1.0,1.0,0.9936332024579986,0.989303273165236,0.9625993737136948,0.9427936221694956,0.9768767426533352,0.6178353704488632,0.919933059900427,0.9299163727726699,2.0
52,0.0,1.0,0.0,0.0,0.0,0.0,1.0,0.0,0.3226580143537253,0.23395461818193136,0.47827920370023175,0.16478790755586822,0.5208223124440097,0.295783839674318,0.3789034299414374,0.07448636520283847,4.0
53,1.0,1.0,1.0,1.0,1.0,1.0,1.0,0.0,0.9831452943427246,0.9986619354513191,0.9986228957355089,0.9945371579725638,0.999367652685919,0.9868261208300527,0.9569994842675404,0.7547837305399834,3.0
54,0.0,0.0,0.0,0.0,1.0,0.0,0.0,0.0,0.17977794119549237,0.4767943377633917,0.22955659666681563,0.03883063880702741,0.6545148255494597,0.014864913246352224,0.2455122328016747,0.006941297838854177,0.0
55,0.0,0.0,0.0,0.0,0.0,0.0,0.0,0.0,0.004549237600839648,0.00352850531560058,0.0032902114462583345,0.0008331517058188108,0.009819184451090224,0.002017733541310012,0.011319240173717847,0.0012306636715917554,0.0
56,0.0,0.0,0.0,0.0,0.0,0.0,0.0,0.0,0.00392140591366295,0.00239480085437791,0.0035184488053541284,0.0016745351474376099,0.005186842146559378,0.0029118017249884364,0.009324839604594806,0.0010897401344885313,2.0
57,1.0,1.0,1.0,1.0,1.0,1.0,1.0,1.0,0.8999418995123636,0.9906143461673731,0.8114247962882977,0.26598266406982735,0.9664434030312415,0.9307658525298022,0.799446605309771,0.5538105023438927,2.0
58,1.0,1.0,1.0,1.0,1.0,1.0,0.0,1.0,0.9967872169315356,0.9814224637998575,0.9985252693000902,0.9926662666951601,0.9988385872677243,0.9914867074363384,0.5196105938144034,0.9334332870480753,4.0
59,1.0,1.0,1.0,1.0,1.0,1.0,1.0,1.0,0.9962826152345099,0.9969250367248704,0.995541983434341,0.986879834940583,0.9976130543638322,0.993826851635745,0.9463529119375408,0.9891311291591423,0.0
60,1.0,1.0,1.0,1.0,1.0,1.0,0.0,1.0,0.9786092665691205,0.898489562558584,0.9492603802792774,0.9745833718687252,0.9778584718889648,0.2841145534659282,0.6578726738174557,0.9579946758885096,0.0
61,1.0,1.0,1.0,1.0,1.0,1.0,1.0,0.0,0.9796780404603619,0.9981713929287834,0.9910191829571454,0.9779769878662151,0.9930201281192649,0.994414602136582,0.9398035129406689,0.5018037988598097,2.0
62,0.0,0.0,1.0,0.0,1.0,0.0,0.0,0.0,0.10453461705714208,0.16089004871170515,0.232554335575334,0.028681721086076223,0.35120070466113956,0.009485182874829176,0.03863257009409426,0.004969820153765944,4.0
63,1.0,1.0,1.0,1.0,1.0,0.0,0.0,0.0,0.9769225618461119,0.908301781853463,0.987638050588559,0.9164719832148303,0.9604470884083454,0.5500215816732307,0.13527091907686328,0.5206649737351641,0.0
64,0.0,0.0,0.0,0.0,0.0,0.0,0.0,0.0,0.005218296925604875,0.004072557934106073,0.006352526323207816,0.004986429806162912,0.01483427518659645,0.002450385147963608,0.01733487643948135,0.002178967076847073,4.0
65,0.0,0.0,0.0,0.0,0.0,0.0,0.0,0.0,0.012990487653553057,0.004720413630200769,0.005439808227508537,0.00439446798099581,0.00902379057012613,0.0034260447046788054,0.0318774557166004,0.0024792539236228044,1.0
66,1.0,0.0,0.0,0.0,0.0,0.0,1.0,0.0,0.8149773358070967,0.3788545998805545,0.5925426750424948,0.09668927170322052,0.36562906857553557,0.21299065499151473,0.7304754120768664,0.04986900026026342,0.0
67,1.0,0.0,1.0,1.0,1.0,0.0,0.0,1.0,0.9111093338709807,0.29568101274006403,0.9658146945833495,0.5591480419109157,0.6957370407916296,0.4473797853366522,0.06882059273386812,0.38222705514591604,0.0
68,0.0,0.0,0.0,0.0,0.0,0.0,0.0,0.0,0.01768229666231602,0.007603580318472112,0.010341582968004972,0.004319909626679206,0.009272081441465026,0.004532328566917034,0.05608288230154912,0.0007757928338350706,2.0
69,0.0,0.0,0.0,0.0,0.0,0.0,0.0,0.0,0.013471565448505918,0.005503970216829782,0.007365648017565417,0.004245161427965082,0.01490966380465752,0.006133977527231687,0.02498466387739143,0.0023567999550311203,1.0
70,1.0,1.0,0.0,0.0,1.0,0.0,0.0,0.0,0.422894595370461,0.9738724769650231,0.9799252224010582,0.09167544287236358,0.9607210329538022,0.4968579138112737,0.32912462021132727,0.09518734248344164,0.0
71,1.0,1.0,1.0,1.0,1.0,1.0,0.0,0.0,0.8855931539947252,0.9968949779651142,0.9901550204681252,0.9774249552709088,0.9866511276010707,0.992538729226597,0.7405965237402639,0.6300408832658168,1.0
72,1.0,0.0,1.0,1.0,1.0,0.0,0.0,0.0,0.9795091764063336,0.5582231723508442,0.9397982856185443,0.980905539137908,0.9675566586333422,0.40423540948730413,0.12542122465050795,0.17776507508876546,0.0
73,1.0,1.0,1.0,1.0,1.0,1.0,0.0,1.0,0.9954661551013142,0.9963535767952899,0.9822830991080409,0.9912827425807026,0.9964915903654775,0.9898460435109628,0.9534469629852136,0.9320062023740424,2.0
74,0.0,0.0,0.0,0.0,0.0,0.0,0.0,0.0,0.014605927155722093,0.05971994015028266,0.09471316959862927,0.005609269960159249,0.48934569181771903,0.12063036985742803,0.03782062376653885,0.0017889968307205593,2.0
75,1.0,1.0,1.0,0.0,1.0,1.0,0.0,0.0,0.6900109295919817,0.16324993505967766,0.6116086717397372,0.44518914866595677,0.39133421480101027,0.4545940780919763,0.10084197891433504,0.15631152498989273,2.0
76,0.0,0.0,0.0,0.0,0.0,0.0,0.0,0.0,0.004684760096529901,0.003308905096726202,0.0020548138826245667,0.0008402950010344841,0.006329320830770417,0.001622013184864546,0.01765305659133846,0.0012465211767774013,0.0
77,1.0,0.0,0.0,0.0,0.0,0.0,0.0,0.0,0.17762562883421903,0.253016516552292,0.1864965032478918,0.26619417469478246,0.5390533784654686,0.12091289038809167,0.02953717643368583,0.013191809232813621,1.0
78,0.0,1.0,1.0,1.0,1.0,1.0,1.0,0.0,0.8190616603286438,0.9932897917413687,0.9930083485749559,0.9860786575578292,0.9967248432030869,0.9910773840811051,0.816892685973254,0.1265544961894734,1.0
79,0.0,0.0,0.0,0.0,0.0,0.0,0.0,0.0,0.007924694580444893,0.021195885178270098,0.010335455719922428,0.003070583200636272,0.024905476593977287,0.0066056106869560975,0.022174729539374403,0.0017782179293612604,1.0
80,1.0,1.0,1.0,1.0,1.0,1.0,1.0,0.0,0.7913896463449281,0.9826753679076754,0.8516452102477547,0.3776729333443633,0.929234228824804,0.5989277593075915,0.19377734772347696,0.046449515865223764,4.0
81,0.0,0.0,0.0,0.0,0.0,0.0,0.0,0.0,0.01460211271255164,0.057987475240403576,0.02247269015948122,0.009457031516644098,0.045669358636287245,0.006837527334363211,0.02847433587312345,0.0027319227601801297,1.0
82,0.0,0.0,1.0,0.0,0.0,0.0,0.0,0.0,0.32678360165713916,0.718498462743312,0.8757486961575179,0.8970349783772297,0.938431122792729,0.3507871737134505,0.15630345485813774,0.015198831533537491,1.0
83,0.0,0.0,0.0,0.0,0.0,0.0,0.0,0.0,0.0065596916553614494,0.003697777020125532,0.0044659348567598995,0.0030788831954609657,0.009959188241439449,0.004975667236538351,0.013467788548788226,0.0014763798390240513,2.0
84,1.0,1.0,1.0,0.0,1.0,1.0,0.0,1.0,0.9700781075170279,0.9867185943144623,0.9763603035471569,0.9280367888718961,0.9952865010404425,0.9723575416500008,0.421661923806013,0.18307715459195462,1.0
85,0.0,0.0,0.0,0.0,0.0,0.0,0.0,0.0,0.004190074078807158,0.0035771651014947915,0.0040291235884291465,0.0026968430703123627,0.011409908779138288,0.0031744631627092517,0.012012462152194914,0.0013400018171806048,4.0
86,1.0,1.0,1.0,1.0,1.0,1.0,1.0,1.0,0.9851859163514652,0.9983367178434503,0.9948758149734398,0.9952721298757451,0.9984074615576775,0.997496156152083,0.9800338750732263,0.46421775399223614,0.0
87,1.0,1.0,1.0,1.0,1.0,1.0,1.0,0.0,0.9807923650205579,0.9908378233809999,0.9944042596824803,0.9844153214063375,0.9940390797218586,0.9822791744882906,0.5776293175409182,0.14954723638943634,4.0
88,0.0,0.0,0.0,0.0,0.0,0.0,0.0,0.0,0.005603970084110246,0.007192532434248608,0.003516083527975823,0.000861943939634879,0.01546794434780919,0.0030133952262900534,0.01638541376477449,0.0007881849067162615,0.0
89,1.0,1.0,1.0,1.0,1.0,1.0,1.0,1.0,0.9541322486048076,0.9975396512915192,0.9975868691087919,0.9411328138000273,0.9941587463547897,0.9944626281338127,0.8295858327232867,0.8020262828967816,2.0
90,1.0,1.0,1.0,0.0,1.0,1.0,1.0,0.0,0.9333986591591811,0.7667720587018587,0.9220278990361257,0.43115844012785226,0.9471235169970448,0.9733188385690433,0.7259508982070282,0.2122631519768809,1.0
91,0.0,1.0,1.0,0.0,1.0,1.0,0.0,0.0,0.3203106371209935,0.9669448081835156,0.8758923681553551,0.09653986780771415,0.9627064083953649,0.8361078175867287,0.10485705321979188,0.016958475916304335,4.0
92,0.0,0.0,0.0,0.0,0.0,0.0,0.0,0.0,0.003365561130821131,0.0024696573342640653,0.0025395908088573864,0.0007304233513755906,0.006828854978287376,0.0014711863795977074,0.008290648094715646,0.0008594497649809153,0.0
93,0.0,0.0,0.0,0.0,0.0,0.0,0.0,0.0,0.007414461173602906,0.003831010175410889,0.006706227163114661,0.00249294013584751,0.010772493125311802,0.005553956842661733,0.009741564933965089,0.0013591626009820481,2.0
94,1.0,1.0,1.0,1.0,1.0,1.0,1.0,0.0,0.9646938299888015,0.9837495175934182,0.9952661211435939,0.9802540690258492,0.9966175619924534,0.9619073475403241,0.5840501422632005,0.09573478614792985,1.0
95,0.0,0.0,0.0,0.0,0.0,0.0,0.0,0.0,0.010222348405366387,0.011360295893679897,0.008628264572403881,0.0031821726023835884,0.021099224489692273,0.006474474655238427,0.01171477909269902,0.0017108024075630035,4.0
96,1.0,1.0,1.0,1.0,1.0,1.0,1.0,1.0,0.9708046502751023,0.9792690791658308,0.9759058630173685,0.8680071743978393,0.9886987431789859,0.9849136818908412,0.7246368784498464,0.8868399132051796,0.0
97,0.0,0.0,0.0,0.0,0.0,0.0,0.0,0.0,0.011202296114074388,0.059065808731620914,0.03534212515402982,0.004605095828702693,0.05195476728983314,0.012429162441585428,0.01692839146018671,0.0024909664420961074,1.0
98,0.0,1.0,1.0,0.0,1.0,1.0,0.0,0.0,0.038379579702801085,0.4052684096149663,0.3855149308984687,0.022020306083809185,0.8219622511308949,0.3978089940424626,0.07927960097356185,0.005523849913468352,4.0
99,1.0,1.0,1.0,1.0,1.0,1.0,1.0,1.0,0.994364395999634,0.997516075871088,0.9981865500990652,0.995514393782415,0.9989592315620828,0.9969769175020984,0.9625918358470523,0.654639048466514,4.0
100,1.0,1.0,1.0,1.0,1.0,1.0,1.0,1.0,0.9874714096346667,0.9985845967390516,0.9968710598628877,0.996636162978744,0.9984716504404335,0.9821782240928826,0.9437421933422725,0.7786448072618902,0.0
101,1.0,1.0,1.0,1.0,1.0,1.0,1.0,0.0,0.9823708654130975,0.9919706885155534,0.9810126851955002,0.9712074367730161,0.993208900365716,0.9733281893013227,0.5081481746110743,0.06544003197726338,0.0
102,1.0,1.0,1.0,1.0,1.0,1.0,1.0,1.0,0.9953296252406606,0.9989922568940482,0.9978252268277881,0.9951181226892583,0.9987488530138118,0.9878327847995336,0.9424714670288176,0.7479230032602103,2.0
103,0.0,0.0,0.0,0.0,0.0,0.0,0.0,0.0,0.003436098240566229,0.0030506488517219174,0.00556332087499349,0.0028898902444748514,0.00820500670004367,0.00252503783220625,0.012380163820440077,0.00136002375547283,3.0
104,0.0,0.0,0.0,0.0,0.0,0.0,0.0,0.0,0.006901106509791018,0.0025901344599986074,0.003467207450770464,0.002384084765099842,0.009272941392096336,0.00429883464870447,0.011614765589432023,0.0011745013323022121,2.0
105,0.0,0.0,0.0,0.0,0.0,0.0,0.0,0.0,0.020909516227753458,0.01570529278570825,0.025844601321499315,0.009486119924523478,0.033886095935892,0.01991654203738884,0.017702645398464174,0.0018137632764018573,4.0
106,0.0,0.0,0.0,0.0,0.0,0.0,0.0,0.0,0.005197536908105532,0.0037342140175721243,0.00294519257494743,0.0008060295798272345,0.009576774556067326,0.002002919091184378,0.01775900741160652,0.0009553654088506414,0.0
107,0.0,1.0,0.0,0.0,0.0,0.0,0.0,0.0,0.03704022008687503,0.05425289958361264,0.03880910893804763,0.004529222426579144,0.06016400831485749,0.021796674115276183,0.039433739071498705,0.002411229461355013,0.0
108,1.0,1.0,1.0,1.0,1.0,1.0,1.0,0.0,0.9500114152626034,0.9914700166719224,0.9848674857153265,0.8993289263248389,0.9876831977026824,0.9333023817754795,0.41207702565582893,0.08203513476678902,2.0
109,0.0,0.0,0.0,0.0,1.0,0.0,0.0,0.0,0.05021867620045773,0.5146279800883032,0.44606684441912337,0.01463161139811715,0.7694323247377614,0.3171688602369933,0.1108377658868792,0.0062875627106091184,0.0
110,0.0,0.0,0.0,0.0,0.0,0.0,0.0,0.0,0.019096044510978478,0.005844330808960293,0.013037454183226627,0.004212747194176435,0.01577486580007423,0.008643178164164763,0.015000206072795945,0.0020463058847375263,0.0
111,1.0,1.0,1.0,1.0,1.0,1.0,0.0,0.0,0.3089268890572819,0.9450783047737147,0.9677280513023334,0.9621070716087797,0.9757712780064806,0.9468502356897207,0.2540211801319273,0.037618522462900456,3.0
112,0.0,0.0,0.0,0.0,0.0,0.0,0.0,0.0,0.03604768241738021,0.17499907637079923,0.1930809258877774,0.027771292361663823,0.1626343052015134,0.026291994599322032,0.08999624693447811,0.0076294260081686575,3.0
113,0.0,0.0,0.0,0.0,1.0,0.0,0.0,0.0,0.09953064345445102,0.048446880005671766,0.10521706932184574,0.01086647155024405,0.6501353872636196,0.0585023098490909,0.0738239147634535,0.004554487234176524,2.0
114,0.0,0.0,0.0,0.0,0.0,0.0,0.0,0.0,0.004534782763086755,0.00687381228685458,0.0037429101384763687,0.0021096166948819076,0.009625362590780399,0.005985227770900691,0.008692812060412903,0.001045565225222777,2.0
115,0.0,0.0,0.0,0.0,0.0,0.0,0.0,0.0,0.004734981758416055,0.005389052950327226,0.0033201226385675066,0.0018809713810328398,0.009073335355398334,0.003527981449928565,0.007471190900634512,0.0006970620141058407,3.0
116,0.0,0.0,0.0,0.0,0.0,0.0,0.0,0.0,0.0032309918051584064,0.002319097463026646,0.0049509918484865,0.0020130892042546037,0.005912265565196111,0.0021458453839117647,0.007720163498011009,0.0005906209311342523,2.0
117,1.0,1.0,1.0,1.0,1.0,1.0,1.0,1.0,0.9904495985780046,0.9812196407560293,0.9910809424343782,0.9769562569562131,0.9865430126762195,0.9418219524795041,0.9807748875705146,0.8233731108943448,2.0
118,0.0,0.0,0.0,0.0,0.0,0.0,0.0,0.0,0.00800546306689945,0.010774178452490752,0.00846289270219938,0.002272312779544699,0.009391660605395986,0.007567430115623894,0.016705210020704315,0.0014030573471099563,1.0
119,1.0,1.0,1.0,1.0,1.0,1.0,1.0,1.0,0.8695302422560066,0.969781120230374,0.9571583801738663,0.6406929213476448,0.9457181091118979,0.5143017327420889,0.41895775600975227,0.3520706335142853,3.0
120,1.0,1.0,1.0,1.0,1.0,0.0,1.0,1.0,0.9003836895762194,0.9617728610956072,0.9669969726801114,0.9123576290417519,0.9621582288276753,0.5310064894181421,0.24356045944793492,0.36127246500852933,0.0
121,1.0,1.0,1.0,0.0,1.0,1.0,0.0,0.0,0.559841670274835,0.9433596038651844,0.8856933815331548,0.5607570508003702,0.962890484358257,0.9262140667965804,0.4392766214987955,0.11817158935440515,4.0
122,0.0,0.0,0.0,0.0,0.0,0.0,0.0,0.0,0.00468582531154406,0.023529283971631947,0.013500819116617036,0.004172106467876648,0.026360853881952494,0.003515746927659837,0.009763140866386535,0.0012330722461055144,3.0
123,0.0,0.0,0.0,0.0,0.0,0.0,0.0,0.0,0.004261236228634958,0.0035167258714486798,0.0031236788992957966,0.0017083990999398652,0.006603578008397296,0.001842796088008035,0.0070582704733059675,0.0007338409665096741,3.0
124,0.0,0.0,0.0,0.0,0.0,0.0,0.0,0.0,0.006827862396419141,0.0028556265078615735,0.005839178529516507,0.0024553406087845504,0.01006202391034717,0.006415433022012587,0.013364656022969284,0.0011909845284007385,2.0
125,0.0,0.0,0.0,0.0,0.0,0.0,0.0,0.0,0.015507363229610249,0.013280581782037346,0.027659937777229048,0.009765060910650401,0.05460570982522558,0.014403172012953259,0.013312672159977595,0.001404144657250459,1.0
126,1.0,1.0,1.0,1.0,1.0,1.0,1.0,1.0,0.9802136487353902,0.9972849252321923,0.9878361311434992,0.9317153117880337,0.9953843869677346,0.7887695600997384,0.525640320624753,0.6083514871016249,2.0
127,0.0,1.0,1.0,0.0,1.0,1.0,0.0,0.0,0.016642455678829052,0.050923915823814045,0.03257923641053338,0.034615580768516806,0.06426233710801839,0.051562972056289125,0.031687052318832926,0.0017098486347475004,3.0
128,1.0,0.0,0.0,1.0,0.0,0.0,0.0,0.0,0.7910324499606484,0.8627053975383163,0.860946511978287,0.972251819436493,0.8521960959752337,0.22220472208108075,0.13410029788817435,0.6376634229783161,4.0
129,1.0,1.0,0.0,1.0,1.0,0.0,1.0,0.0,0.8961937990790073,0.9244607867386773,0.6499224584005948,0.8793979505299323,0.9253969330672878,0.2218581817035493,0.8999824386433024,0.19606083139607075,3.0
130,0.0,1.0,0.0,0.0,1.0,0.0,1.0,0.0,0.6870869936011481,0.7806912237532068,0.6574256808620611,0.9343174372020093,0.8973893952589524,0.111654002594381,0.8332587002775428,0.04349507461915469,4.0
131,0.0,0.0,0.0,0.0,0.0,0.0,0.0,0.0,0.008807867158238067,0.009398276538857562,0.004936367429482025,0.001981226411128984,0.014218851599995329,0.005404488554143681,0.012881704494825178,0.0008823814782916483,1.0
132,0.0,0.0,0.0,0.0,0.0,0.0,0.0,0.0,0.007261698602827005,0.01111901617514039,0.012688779703774116,0.01185821132921382,0.01347982042893761,0.0053815995920134755,0.060000261500642006,0.0014965054121543876,2.0
133,0.0,0.0,0.0,0.0,0.0,0.0,0.0,0.0,0.01573939085545588,0.07056770320965781,0.045892776998557504,0.005494942856717585,0.06379083914015161,0.008639561941220843,0.013559714050515589,0.003930941272321064,1.0
134,1.0,1.0,1.0,1.0,1.0,1.0,1.0,0.0,0.9938128808813945,0.9557725899651175,0.9840877823812278,0.8793792750034296,0.9713761468970884,0.8682542044424545,0.892390649085972,0.2495081428786532,4.0
135,0.0,0.0,0.0,0.0,0.0,0.0,0.0,0.0,0.007081836767869268,0.00560139752040128,0.007676336551787758,0.0018683933898056002,0.01368992931422331,0.003060325200445022,0.011255818904837175,0.0010272332098774932,1.0
136,1.0,1.0,1.0,1.0,1.0,1.0,1.0,0.0,0.9782303869654387,0.9944420155349198,0.9983275869012714,0.9951679173153443,0.9982496306264109,0.9636432604442007,0.8598982865193828,0.025473862694852203,0.0
137,0.0,0.0,0.0,0.0,0.0,0.0,0.0,0.0,0.005899541134074851,0.007745259161713341,0.007177097635137445,0.0019748251283658773,0.01063330532126936,0.004237112974170669,0.010555777166085984,0.0010100486764631949,1.0
138,0.0,0.0,0.0,0.0,0.0,0.0,0.0,0.0,0.00419265150604628,0.0061227102003688656,0.005489925965224116,0.0025178779707589745,0.006912037843846703,0.003607388151243426,0.008646326234799898,0.0011273712766131214,4.0
139,0.0,0.0,0.0,0.0,0.0,0.0,0.0,0.0,0.08919325039587567,0.057170338425284094,0.030041789550195968,0.003405656887676147,0.08823950915843828,0.004674081059806975,0.09347279826032198,0.005422962155692693,0.0
140,1.0,1.0,1.0,1.0,1.0,1.0,1.0,0.0,0.92826385936804,0.9933598215531925,0.9948717801232028,0.9920657075261798,0.995147506612876,0.991667258427815,0.7781411475177893,0.3227640520508594,1.0
141,0.0,0.0,0.0,0.0,0.0,0.0,0.0,0.0,0.020777642059026883,0.19481803900092198,0.08224932755091562,0.013338976810925206,0.23393656401405272,0.06693914498227484,0.056699459645364034,0.002934259651086173,1.0
142,1.0,1.0,1.0,1.0,1.0,1.0,1.0,1.0,0.9841647720716787,0.9936541070151309,0.9922232356232302,0.9261776020155343,0.9956544303944058,0.9780372390792312,0.9502311798028511,0.4005221884507116,2.0
143,1.0,1.0,1.0,1.0,1.0,1.0,1.0,1.0,0.9955688667158911,0.9809927479289675,0.9951340347688361,0.9882980489635871,0.9894952951332967,0.9873041165862745,0.7689505969147147,0.7814930369835343,3.0
144,1.0,1.0,1.0,1.0,1.0,1.0,0.0,0.0,0.8686267594245313,0.9901289308293223,0.9918476757377527,0.9796181102814048,0.9970067564884451,0.9868917115293917,0.5991226530588886,0.0348843827413457,1.0
145,0.0,0.0,0.0,0.0,0.0,0.0,0.0,0.0,0.0068086341802207715,0.0026651869259672234,0.003288953225438714,0.002425142869323218,0.009233199962421156,0.004145476775955736,0.011275029723166016,0.0012018747765015093,2.0
146,1.0,1.0,0.0,1.0,1.0,0.0,0.0,1.0,0.9920091377237134,0.9228715201516622,0.9194084215059037,0.9204358817249323,0.7650785662627286,0.11371993633898944,0.33969317328281684,0.9210760531283176,3.0
147,1.0,1.0,1.0,1.0,1.0,1.0,1.0,0.0,0.21974520874014294,0.6862758395658268,0.9230053489264396,0.4332625575255934,0.9587702087902196,0.5030986009431853,0.12576977973713346,0.011748355184578937,3.0
148,0.0,1.0,0.0,0.0,1.0,0.0,0.0,0.0,0.8577063738498668,0.5624907546807854,0.6962345250558438,0.4410594144817512,0.4317989062665215,0.1502958777811012,0.7196528228633813,0.3150117686380695,1.0
149,1.0,1.0,1.0,1.0,1.0,1.0,1.0,1.0,0.9838312029625613,0.9894685664081985,0.9923856549147784,0.9774968766440902,0.9968933812162201,0.9897183101258108,0.9743953988346145,0.3266445157495335,2.0
150,1.0,1.0,1.0,1.0,1.0,1.0,0.0,0.0,0.6740453725746016,0.9903973195935069,0.9906113931010107,0.9884976583996088,0.9970911971309167,0.9938586534239816,0.6440072211495794,0.09256250062914115,3.0
151,0.0,0.0,0.0,0.0,0.0,0.0,0.0,0.0,0.005006354275390117,0.004866676620614363,0.006471688341289103,0.002308631665552589,0.013340741939563422,0.004772614966457436,0.00829497894821731,0.0010560368877363707,3.0
152,0.0,0.0,0.0,0.0,0.0,0.0,0.0,0.0,0.0164450351663969,0.06816978056950677,0.03224439046862043,0.005824646904319503,0.03689882791321082,0.0163276074708592,0.015236681016334016,0.001421524011133755,3.0
153,0.0,0.0,0.0,0.0,0.0,0.0,0.0,0.0,0.008144458072119595,0.006608386952308078,0.006046072388587852,0.0028211453004247525,0.015267297554089483,0.006148138838783463,0.01732197381437734,0.0013881547298335,2.0
154,1.0,1.0,1.0,1.0,1.0,1.0,1.0,1.0,0.9948494433395482,0.9908224274542745,0.9922943282718821,0.9598014063920327,0.996555328114004,0.9886296960432419,0.6431526508588528,0.7880308444559054,3.0
155,1.0,1.0,1.0,1.0,1.0,1.0,0.0,0.0,0.9709990637445247,0.9963894460221813,0.9976498545260173,0.9872909739224841,0.9978008103530345,0.9916699704556512,0.8425390365041544,0.04130553595192284,1.0
156,1.0,1.0,1.0,1.0,1.0,1.0,1.0,1.0,0.9885304243984717,0.9976451923351046,0.9980082169489879,0.9967246989964775,0.9975534010503577,0.9972869887088938,0.8367790875236838,0.6817505362195971,4.0
157,0.0,0.0,0.0,0.0,0.0,0.0,0.0,0.0,0.004889786796527934,0.004982361462444994,0.006647506372711465,0.002572653941876201,0.012652163136182646,0.005123222425296473,0.008368353322754056,0.0013591099366125257,3.0
158,1.0,1.0,1.0,1.0,1.0,1.0,1.0,1.0,0.9947755282208257,0.9894966157823448,0.9905239368299942,0.982238690242461,0.9833410765920769,0.9616608562359098,0.8945269265160527,0.41708833999116646,0.0
159,0.0,0.0,0.0,0.0,0.0,0.0,0.0,0.0,0.003371229338586393,0.004038128399068943,0.004377816911902211,0.0029307220185289815,0.006921550200843081,0.002645187657563846,0.007653565851256973,0.001924991118914384,4.0
160,0.0,0.0,0.0,0.0,0.0,0.0,0.0,0.0,0.016064747282917756,0.008867905532479993,0.013774593922520775,0.0064738979977897,0.014860335280308914,0.00774457220355001,0.01481192437973002,0.0029054260907363867,4.0
161,0.0,0.0,0.0,0.0,0.0,0.0,0.0,0.0,0.006280877451645208,0.005528868177576445,0.011705955726244647,0.0028656418841025762,0.015981022105498427,0.004402097899682345,0.02285053087117067,0.0019976382033566414,4.0
162,1.0,1.0,1.0,1.0,1.0,1.0,1.0,0.0,0.7358755925127564,0.8189391656368167,0.961926796533482,0.8549446818861363,0.8947702602834936,0.3042677182286191,0.2364077500022888,0.03768625647359552,3.0
163,1.0,1.0,0.0,0.0,1.0,0.0,0.0,0.0,0.9221584378982257,0.6862057536934947,0.6305273048202852,0.48533940722173907,0.8615337836124256,0.36652300968838897,0.13364494006412378,0.02192507455765901,2.0
164,0.0,0.0,0.0,0.0,1.0,0.0,0.0,0.0,0.024303785433655384,0.4358263668134906,0.15345342764865175,0.01668836610594467,0.8060656859646091,0.07250889036666466,0.02177641834432284,0.0035453203376901213,1.0
165,1.0,0.0,1.0,1.0,1.0,0.0,0.0,0.0,0.9768575192538421,0.5085314624266006,0.9513449353952138,0.9497025308253032,0.9677439841879809,0.7068050510026426,0.2692268839995395,0.19208745532456598,1.0
166,0.0,0.0,0.0,0.0,0.0,0.0,0.0,0.0,0.004105422452404714,0.003480637012284651,0.0035921646307254533,0.00238864462262958,0.011144671074283508,0.0025481496538765744,0.007859179740688777,0.0014940843429681312,4.0
167,1.0,1.0,1.0,1.0,1.0,1.0,0.0,1.0,0.9883101823543852,0.9318307027183471,0.8959615493175405,0.9187957858821961,0.9866187905608456,0.9896588853408071,0.3313889375086392,0.287424370361033,2.0
168,0.0,0.0,0.0,0.0,0.0,0.0,0.0,0.0,0.02007681673957224,0.013143630995294257,0.006845148313511117,0.0011452479187911758,0.021108129665971843,0.0031403892017345825,0.05942640473234846,0.001502047828622747,0.0
169,0.0,1.0,0.0,0.0,1.0,0.0,0.0,0.0,0.06768366890961583,0.7895619798543009,0.22644531811606092,0.012827788250648493,0.7016878637498426,0.031897552596552914,0.09846911146437066,0.005027431251909881,1.0
170,1.0,1.0,1.0,1.0,1.0,1.0,0.0,0.0,0.2710304654770541,0.9612725034766567,0.9788755672633226,0.9548264081379851,0.9541782585330294,0.9598235749564918,0.09902065803819025,0.37697858376484006,4.0
171,1.0,1.0,1.0,1.0,1.0,1.0,1.0,1.0,0.9965924392339033,0.9965841562488952,0.9965025500983096,0.9855488107373838,0.9985432075830676,0.99749224312157,0.7343995925159633,0.6634115452930887,3.0
172,0.0,0.0,0.0,0.0,0.0,0.0,0.0,0.0,0.012748777694269239,0.012753682073877858,0.024674836676222542,0.009076079568516847,0.05045729672246417,0.013890576896102066,0.011841389623823985,0.001374321284660752,1.0
173,0.0,0.0,0.0,0.0,0.0,0.0,0.0,0.0,0.011347431072982193,0.01204125450180094,0.007640250257850299,0.001867385519578692,0.01880616963861828,0.008136687543159615,0.014713725069762498,0.0009000577768596988,1.0
174,0.0,0.0,0.0,0.0,0.0,0.0,0.0,0.0,0.0119793823286336,0.006492635287856149,0.009210456673951185,0.0035739688977747615,0.027306165922931048,0.008214596495929592,0.012803936520628506,0.001811875144641399,0.0
175,1.0,1.0,1.0,1.0,1.0,1.0,1.0,1.0,0.9949910747670836,0.9925701644422283,0.9920340740945832,0.9937148860079529,0.993800760782765,0.9335160615298039,0.9727947577982519,0.7564312883380521,2.0
176,1.0,1.0,1.0,1.0,1.0,1.0,1.0,0.0,0.39028390560292997,0.9072655361888552,0.9647035532900914,0.23273172191956326,0.9658798101232088,0.9560188556026822,0.48594339580637874,0.10508796761487245,2.0
177,0.0,0.0,0.0,0.0,0.0,0.0,0.0,0.0,0.0058165774627202465,0.006551905635157413,0.008360623172128294,0.0025753283374991935,0.010392860043943642,0.0035480321774484934,0.02667126012747485,0.000779254780609122,1.0
178,1.0,1.0,1.0,1.0,1.0,1.0,0.0,1.0,0.9967202419197312,0.9988581093373068,0.9983244794301782,0.9969158876757244,0.9971392053685749,0.9950174065275348,0.8760126302549491,0.977266629987896,1.0
179,1.0,1.0,1.0,0.0,1.0,1.0,1.0,0.0,0.6123275150459893,0.9114118975374486,0.8484645074068901,0.08185573524626567,0.9845761407855724,0.641479495227664,0.27052319029652994,0.015439383594288683,2.0
180,1.0,1.0,1.0,1.0,1.0,1.0,0.0,1.0,0.9452591032015735,0.9689778762859479,0.9963270507485542,0.9944859822772293,0.9904264815171039,0.984542375375697,0.48140174216448356,0.575868473440788,3.0
181,1.0,0.0,1.0,0.0,1.0,1.0,1.0,0.0,0.6808713435755767,0.16936551066981254,0.26147334731750665,0.12720077366116414,0.25278067197958926,0.32043634584643216,0.6201897457834383,0.1247919670912884,1.0
182,1.0,1.0,1.0,1.0,1.0,1.0,1.0,0.0,0.9417864165713126,0.9979509350461272,0.9951833251658736,0.9730754613417433,0.9973187298998085,0.9936336894780895,0.5215172022146803,0.12514434708690264,2.0
183,0.0,1.0,1.0,0.0,1.0,0.0,0.0,0.0,0.03664659385574143,0.6170087537586918,0.3699442630046159,0.023494111837443744,0.17564914839981693,0.1728066998465688,0.030035316249808083,0.003986240347731676,3.0
184,1.0,1.0,1.0,1.0,1.0,1.0,0.0,0.0,0.8973048053906585,0.9724831403082034,0.9335349473457276,0.9434031964019359,0.9621706615118764,0.7538400038357345,0.47702841640365307,0.03068449000924737,0.0
185,0.0,0.0,0.0,0.0,0.0,0.0,0.0,0.0,0.005176949027777643,0.02762445015634339,0.00961281833112928,0.0033227091304625605,0.023686448458999195,0.002807473516416079,0.010348541798860808,0.001567640319126959,2.0
186,0.0,0.0,0.0,0.0,0.0,0.0,0.0,0.0,0.00395571508955934,0.002490212820996405,0.0027050549717977136,0.002017764019815805,0.006218331868378458,0.0016859931242732727,0.012104327495402306,0.0006211109540652217,3.0
187,0.0,0.0,0.0,0.0,0.0,0.0,0.0,0.0,0.00260762185587669,0.00351752689541187,0.004156696899497928,0.0025401757834401122,0.009841094175836755,0.002355813065799033,0.010132663989423456,0.0010560509288926848,4.0
188,1.0,0.0,1.0,1.0,1.0,1.0,0.0,1.0,0.9718707855547726,0.9864374812791377,0.9616656994772452,0.9843412942758807,0.9763958080149121,0.8274570281161993,0.0578565452909648,0.49931919098364497,2.0
189,0.0,0.0,0.0,0.0,0.0,0.0,0.0,0.0,0.0253075812766042,0.0739653935498804,0.1656210783732132,0.028673288055730266,0.6213407148182026,0.19419680558636762,0.07781657942661462,0.002604059089826234,4.0
190,0.0,0.0,0.0,0.0,0.0,0.0,0.0,0.0,0.008063556342035979,0.02142133610855849,0.012074495729996422,0.005845770517774704,0.0221091155424042,0.003051521416791602,0.019459552488177614,0.0021012588241153007,3.0
191,0.0,0.0,0.0,0.0,1.0,0.0,0.0,0.0,0.24735866518798236,0.9086992972081656,0.9721060876715722,0.9198278172575145,0.9297377400305463,0.9727722488344702,0.05852777837902136,0.006227763628474484,4.0
192,0.0,0.0,0.0,0.0,0.0,0.0,0.0,0.0,0.0023039918559413257,0.0031757990128981526,0.002620673666117079,0.0006251656731711816,0.007337032120177262,0.002083384003858842,0.017449130882540367,0.0007084062137659675,0.0
193,1.0,1.0,1.0,1.0,1.0,1.0,0.0,1.0,0.8659649862548842,0.9939330761598011,0.9920435178400496,0.4502789705820323,0.9910227064737104,0.9871317378772066,0.1659553433255799,0.17109106926177814,1.0
194,0.0,0.0,0.0,0.0,0.0,0.0,0.0,0.0,0.004784954274070926,0.006680977281746987,0.009215607310974174,0.0022913171169373805,0.061794444998469616,0.01002321177169216,0.011329478938071976,0.0009133045679042361,3.0
195,0.0,0.0,0.0,0.0,0.0,0.0,0.0,0.0,0.004418589006109869,0.002637290414379211,0.005765666010178048,0.001959199203865773,0.006028432259004476,0.0024112066650586756,0.011354164234060335,0.0009379714996176895,2.0
196,1.0,1.0,1.0,1.0,1.0,1.0,0.0,1.0,0.7589571632902987,0.9415123476291416,0.9585237858930993,0.8302190017233085,0.9858756050642377,0.8528186072134577,0.026782979522519686,0.6580464256331151,1.0
197,1.0,1.0,1.0,1.0,1.0,1.0,0.0,0.0,0.6790439688152257,0.9457194787918801,0.9042024516618777,0.8439272755845625,0.9065906099247921,0.8511049781483481,0.3894858759047755,0.044767734473253204,3.0
198,0.0,1.0,1.0,0.0,1.0,1.0,1.0,0.0,0.1423936552572711,0.21763098619574242,0.5875395173357245,0.01913327554706255,0.8759304878391636,0.612944254035111,0.05380915245886192,0.0036964913045167617,0.0
199,0.0,0.0,0.0,0.0,0.0,0.0,0.0,0.0,0.003656369197033122,0.0023811581622013318,0.0024015929389371833,0.0006712711375929217,0.009005974407971797,0.00174335128453551,0.006956660845371184,0.0007575103811769593,0.0
200,0.0,1.0,1.0,0.0,1.0,0.0,0.0,0.0,0.9601098381921729,0.8276060558010879,0.9195360421378544,0.7744754320751345,0.9081347562401504,0.7357093271402728,0.42282040599162124,0.10013810711184044,4.0
201,0.0,0.0,0.0,0.0,0.0,0.0,0.0,0.0,0.0034473505113204275,0.003803241240897399,0.003962082240824739,0.002115676057249887,0.011501517589304098,0.002962205948500665,0.00934244568658434,0.0010462301657324145,4.0
202,0.0,1.0,1.0,0.0,1.0,0.0,0.0,0.0,0.012268908418290852,0.05545975874387083,0.03214566442777626,0.05885642781825887,0.04126553957957423,0.006371847767588706,0.04137200989683116,0.0022606916175889552,3.0
203,0.0,0.0,0.0,0.0,0.0,0.0,0.0,0.0,0.02519849019593285,0.013424937745420503,0.0034608055748564536,0.0028516791502521044,0.011916528169502314,0.006163809044551612,0.03803969244433231,0.0012063002605317169,2.0
204,0.0,0.0,0.0,0.0,0.0,0.0,0.0,0.0,0.012325458215156944,0.006723156401029841,0.01195105245134615,0.004325016210586061,0.026662652602384974,0.00409845179954446,0.01566825638297677,0.0015010844265319285,1.0
205,0.0,0.0,0.0,0.0,0.0,0.0,0.0,0.0,0.008919613234803595,0.011761379575126019,0.00888613876939663,0.003166866485775617,0.016057150455895366,0.0091531255986027,0.03953617632995588,0.0017996154226962182,4.0
206,1.0,1.0,0.0,0.0,0.0,0.0,0.0,0.0,0.5111503412938692,0.854765458611923,0.6360967509932955,0.1630182518026467,0.5531502063901891,0.05313582303706516,0.2273412705377638,0.02220243380150153,4.0
207,1.0,1.0,1.0,1.0,1.0,1.0,1.0,1.0,0.9839662537951221,0.9978800067619068,0.9982405823376281,0.9871006564169077,0.9986736153822369,0.9974254604363512,0.8340924555126781,0.4853977976611738,3.0
208,1.0,1.0,1.0,1.0,1.0,1.0,0.0,0.0,0.9631159663652683,0.9824428796964916,0.9920442650340937,0.9878594934908012,0.9903369243523613,0.9574542926834988,0.29577156711448255,0.04478860315285749,0.0
209,0.0,0.0,0.0,0.0,0.0,0.0,0.0,0.0,0.004820909499839722,0.004120235214690594,0.005449519575546524,0.00232712542301802,0.014333766501661757,0.0024365631887365434,0.007606127992693951,0.0008312160203717014,0.0
210,0.0,0.0,0.0,0.0,0.0,0.0,0.0,0.0,0.005521647195972252,0.004764414490598957,0.008024314536188853,0.0010691446380199537,0.0197788768324807,0.003952351591494743,0.011686753050954431,0.001249486840854204,0.0
211,0.0,1.0,1.0,1.0,1.0,1.0,0.0,0.0,0.5205571489890183,0.9422780093149581,0.9772895664859973,0.9300089456281171,0.9969102885402357,0.9374944904565939,0.2657058460517829,0.016297375546013987,1.0
212,1.0,1.0,1.0,1.0,1.0,1.0,1.0,1.0,0.9946427274101399,0.9971625762752174,0.9946555061132487,0.9932204317916835,0.9972102141699885,0.9959166919477354,0.6343238873591625,0.5896435901005668,1.0
213,0.0,0.0,0.0,0.0,0.0,0.0,0.0,0.0,0.005507800696736652,0.013407482545918994,0.01082141261804592,0.0037723046562200494,0.013088433218007987,0.002637957055374501,0.0509806388620391,0.001130682004065124,0.0
214,1.0,1.0,1.0,1.0,1.0,1.0,1.0,0.0,0.9951259084005935,0.9869625111264465,0.9977773316250726,0.9940650694764886,0.9978574764536096,0.9926106933458319,0.8984946992446493,0.32921721865614256,4.0
215,1.0,1.0,1.0,1.0,1.0,1.0,0.0,0.0,0.651728619963403,0.9416140943250241,0.948015246496063,0.9237376853683893,0.9368004540397851,0.9582695954163255,0.37694197666886436,0.09378055787683853,1.0
216,1.0,0.0,0.0,1.0,0.0,0.0,0.0,0.0,0.8720273216099711,0.9081880764603892,0.891609196560795,0.9662353378715893,0.7470888496976239,0.10484900651285138,0.698073542445382,0.6395473774514892,4.0
217,0.0,0.0,0.0,0.0,0.0,0.0,0.0,0.0,0.017450968678664483,0.01223368069990669,0.019484579680967888,0.005374442478345411,0.03226518132295389,0.014991899596591049,0.023017812301465802,0.002211007175713558,4.0
218,0.0,0.0,0.0,0.0,0.0,0.0,0.0,0.0,0.008668926738051341,0.010549045801677502,0.014765847663416484,0.00184750965447255,0.04350976884143322,0.007083814103030758,0.02619722572651123,0.0026578041350173555,0.0
219,0.0,0.0,0.0,0.0,1.0,0.0,0.0,0.0,0.1554591273662174,0.15852187482444574,0.5482188875019885,0.011437293869567863,0.9499841686339043,0.307024458359108,0.032585915091883084,0.006234914371402759,3.0
220,0.0,1.0,1.0,0.0,1.0,0.0,0.0,0.0,0.06817153631305832,0.3703158730787502,0.4237596657527097,0.10321874265344497,0.3916662399293146,0.029606273533773562,0.07820728639761124,0.004756950480835486,2.0
221,0.0,0.0,0.0,0.0,0.0,0.0,0.0,0.0,0.2470769194556203,0.0703889489151545,0.09525785093467379,0.12086888104521663,0.08332355678144598,0.008933460033914946,0.005909603295849411,0.32947742337120567,1.0
222,0.0,1.0,1.0,1.0,1.0,1.0,1.0,0.0,0.48262454454108983,0.9767212760303531,0.9889524951247599,0.9543096107487118,0.99777039123582,0.8378999086706531,0.41055841189754416,0.02154669566269118,2.0
223,1.0,1.0,1.0,1.0,1.0,1.0,0.0,0.0,0.9165229357466758,0.9111117975729444,0.9337971582052159,0.8942086208367338,0.9744723381235126,0.5226103867788894,0.4635816938949473,0.03062064077880274,2.0
224,1.0,1.0,1.0,1.0,1.0,1.0,0.0,1.0,0.9646381639281728,0.9761321065773266,0.9948726548916467,0.9516717578790448,0.994960705040179,0.9870601427025918,0.37551722724982245,0.9051557638364577,3.0
225,1.0,1.0,1.0,1.0,1.0,1.0,1.0,1.0,0.9845880134003782,0.9986188492012971,0.9974784358377835,0.9962061836905595,0.9980108514476039,0.9858142439460547,0.9532827255239121,0.8649149754498608,3.0
226,1.0,1.0,1.0,1.0,1.0,1.0,1.0,1.0,0.9813947927117943,0.9978866850989109,0.9969187605312944,0.9956904880019487,0.9977339557934334,0.9754347232949643,0.9530077636054595,0.8277684773727019,3.0
227,0.0,0.0,0.0,0.0,0.0,0.0,0.0,0.0,0.012110414440577135,0.01596871435209757,0.02510035183956867,0.009545621973877755,0.0465846361928048,0.008681273585238925,0.02010612180081293,0.0017258665906821084,1.0
228,1.0,1.0,1.0,1.0,1.0,1.0,0.0,1.0,0.9812450582583521,0.997600411633393,0.9965581912689471,0.9836706067609365,0.9973483244892167,0.9880991532206371,0.554977221732465,0.7077611215966745,1.0
229,1.0,1.0,1.0,1.0,1.0,1.0,1.0,1.0,0.9752116478522586,0.9954753311219945,0.9933197383595448,0.9888550589358446,0.9914690619407627,0.9931440845394264,0.6886712961018282,0.7694329885446999,3.0
230,0.0,0.0,0.0,0.0,0.0,0.0,0.0,0.0,0.0065776051517649,0.003963739319073468,0.006010753161372141,0.0028037435580493104,0.0157177521537865,0.004203408749283995,0.013306832858290119,0.0015502361880662412,4.0
231,1.0,0.0,0.0,0.0,0.0,0.0,0.0,0.0,0.534740598365426,0.3840789628291327,0.45711549915777555,0.09455293441497226,0.2740961904434443,0.17638527874483492,0.5837616400124092,0.16484279097808452,1.0
232,1.0,1.0,1.0,1.0,1.0,1.0,1.0,0.0,0.9839946889860063,0.9987577002203967,0.9979098119957285,0.9886770933174892,0.9986870287405715,0.9893562378860244,0.9425162793832057,0.3850562824659992,3.0
233,1.0,1.0,1.0,1.0,1.0,1.0,0.0,1.0,0.6309948393395132,0.6338356839378233,0.7101998257531484,0.2646278394450779,0.866061900970929,0.2664134237600094,0.13624719712702413,0.5295626787262951,3.0
234,1.0,0.0,1.0,1.0,1.0,0.0,0.0,0.0,0.8308911392100756,0.9064388869017228,0.9685519082966633,0.9787088551070074,0.9573761975119705,0.7546300933767989,0.678695528014136,0.10188606872331066,2.0
235,1.0,1.0,1.0,1.0,1.0,1.0,1.0,1.0,0.987401561579514,0.9928695638716428,0.992005661091686,0.9906663555660415,0.994491131274293,0.9956851959334541,0.8293464798772276,0.6582120870147665,1.0
236,1.0,1.0,1.0,1.0,1.0,1.0,1.0,0.0,0.9863899550590731,0.9888239180220627,0.9909445363828259,0.9846107684023934,0.9954745454630546,0.9940731317915711,0.7365441797966624,0.562744326233005,2.0
237,0.0,0.0,0.0,0.0,0.0,0.0,0.0,0.0,0.01660867989226008,0.006287607073730089,0.009847087475357254,0.0035237955999189515,0.02417262415480757,0.004094325855061785,0.08962512473165782,0.008361089259666004,0.0
238,0.0,0.0,0.0,0.0,0.0,0.0,0.0,0.0,0.043431353706254096,0.020585333589035335,0.02486865398051913,0.010579940788445518,0.04016856569689188,0.07616437651353554,0.07874903307398995,0.005036650850325443,2.0
239,1.0,1.0,1.0,1.0,1.0,1.0,1.0,1.0,0.9417765145055635,0.9894885834794775,0.9906827942042807,0.9811520063425994,0.9865625768755864,0.9942494798959122,0.7029999394469533,0.2082345197112976,1.0
240,1.0,1.0,1.0,1.0,1.0,1.0,1.0,1.0,0.9958044432115448,0.9984841666580497,0.9986273170606217,0.9951170156355245,0.998791182879957,0.9985799071630582,0.9509065279455586,0.8485202030778433,4.0
241,0.0,0.0,0.0,0.0,0.0,0.0,0.0,0.0,0.002509772905203869,0.0029267640778995584,0.0033706181151937527,0.001975712254841387,0.005204282391561443,0.0025609617051744094,0.008332011537089212,0.0011588155735408358,4.0
242,0.0,1.0,1.0,0.0,1.0,1.0,0.0,0.0,0.005622186084675392,0.40579585050662076,0.07767365642105636,0.006003628199899479,0.46522995173535137,0.407036194379953,0.021484020146866574,0.0019686909742688587,4.0
243,1.0,1.0,1.0,1.0,1.0,1.0,1.0,1.0,0.9943856823562474,0.9873903173749154,0.9939942570715237,0.9834505800090514,0.9979440533018662,0.9975621071559418,0.758208669891581,0.22990347144365372,4.0
244,0.0,0.0,0.0,0.0,0.0,0.0,0.0,0.0,0.019320649114849053,0.00775120058838307,0.013151803035525675,0.004851437680295364,0.0291809556406899,0.009135994693435154,0.011282022082130286,0.0015493098194776726,0.0
245,1.0,1.0,1.0,1.0,1.0,1.0,1.0,0.0,0.8697163566054341,0.7508197273274342,0.8424651337108594,0.852811178993106,0.9260345457538549,0.5040822523032975,0.37156394150623645,0.009446897443099216,2.0
246,1.0,1.0,1.0,1.0,1.0,0.0,1.0,0.0,0.87807176161118,0.9583829578380134,0.68415664556599,0.3103432019236399,0.8034914082291302,0.4725663734962015,0.40854387381658464,0.2854164907532181,3.0
247,1.0,1.0,1.0,1.0,1.0,1.0,0.0,1.0,0.9736377740581696,0.9898375513879535,0.9930341250265536,0.9957066616372682,0.9953513317005546,0.9957437196340094,0.24013035379691833,0.5952235831581109,0.0
248,1.0,1.0,1.0,1.0,1.0,1.0,1.0,1.0,0.9864001290891128,0.9950770220533941,0.998507392361426,0.9882751296909372,0.9984339108993473,0.9975339492863218,0.9641417279799912,0.5683385703272467,2.0
249,1.0,1.0,1.0,1.0,1.0,1.0,1.0,1.0,0.98230789711751,0.9952256813830256,0.9864425155233845,0.9432949509682934,0.9903860252140092,0.944285632037215,0.9518783258003517,0.8818078408516231,1.0
250,1.0,1.0,1.0,0.0,1.0,1.0,0.0,0.0,0.6296891385940744,0.9873612292659982,0.9264950636324235,0.7626388520848563,0.9790929811002582,0.9252307602933509,0.26732342344474164,0.08823822362522854,1.0
251,0.0,0.0,0.0,0.0,0.0,0.0,0.0,0.0,0.0025538972487313284,0.003538507211737654,0.0036794137668856282,0.0025109227521371274,0.010041430470503198,0.0033039409813071527,0.01844074674303246,0.001250186901806788,4.0
252,0.0,0.0,0.0,0.0,0.0,0.0,0.0,0.0,0.003532824671945611,0.004779331810495785,0.008448399565876832,0.0036602327170344915,0.017604749791363238,0.004620136735060918,0.010998316587528914,0.0018224591977238935,4.0
253,0.0,0.0,0.0,0.0,0.0,0.0,0.0,0.0,0.019377718567106184,0.013733701954768555,0.047210797671332363,0.009227663068568282,0.03961503229451424,0.023236938891987257,0.013382796384392751,0.0017384397283882794,3.0
254,0.0,0.0,0.0,0.0,0.0,0.0,0.0,0.0,0.009977635825555668,0.01040053297539357,0.008734319723670782,0.0020654405105755198,0.017128071367512585,0.006765666826307432,0.014212332110507386,0.0014006519695794891,1.0
255,0.0,0.0,0.0,0.0,0.0,0.0,0.0,0.0,0.0037210922225631095,0.03404824499505203,0.012216317441124214,0.004093031776668785,0.753795007088383,0.006037544502842048,0.011455779569415151,0.001269725506594888,3.0
256,0.0,1.0,1.0,1.0,1.0,1.0,0.0,0.0,0.9529302398365819,0.9865985019831093,0.9952245434460602,0.9942795570348008,0.990234568547155,0.9433848094326964,0.35091684312381927,0.01631890923107881,0.0
257,1.0,1.0,1.0,1.0,1.0,1.0,1.0,0.0,0.9232903299899521,0.9917799762135462,0.9936462454516607,0.9786748670506533,0.9904643716616071,0.9459257297205453,0.5334299977527942,0.24328601765407437,2.0
258,1.0,1.0,1.0,1.0,1.0,1.0,1.0,1.0,0.9069022157938449,0.9975510616668872,0.9939396942311834,0.9836290351901678,0.9967250955923307,0.9983605335913074,0.8676794299533553,0.373117336407699,3.0
259,1.0,1.0,1.0,1.0,1.0,1.0,1.0,0.0,0.9206967126924158,0.9912733346348326,0.9958684834912163,0.9784581735199468,0.9955824859064036,0.9802363772390226,0.9328321534042695,0.16157063129510482,1.0
260,0.0,0.0,0.0,0.0,0.0,0.0,0.0,0.0,0.004225669455508324,0.003963759105564474,0.004926403196352638,0.0009952924686944462,0.010555832327946924,0.002049772676510864,0.013550239683714462,0.000602002804956099,0.0
261,0.0,0.0,0.0,0.0,0.0,0.0,0.0,0.0,0.003735389537176052,0.0047027328418971235,0.0023673922271065673,0.0007919521004232233,0.0060528970877056255,0.002360119142581329,0.009639503786691367,0.0007616250528077959,0.0
262,1.0,1.0,1.0,1.0,1.0,1.0,1.0,1.0,0.9971365515084848,0.9935846453161279,0.9975099383915415,0.9970864385735614,0.9949186549336126,0.983822912529503,0.8734284512185037,0.9797029005689144,3.0
263,0.0,0.0,0.0,0.0,0.0,0.0,0.0,0.0,0.004957095629183004,0.0038822956442539107,0.0049295418934607906,0.0024369676398124417,0.011678384067313145,0.0051978568829845265,0.009613088780944383,0.0011105153391934844,2.0
264,0.0,0.0,0.0,0.0,0.0,0.0,0.0,0.0,0.01274861768682606,0.018403340088738722,0.055809799565039626,0.00392489905820312,0.036543141039959405,0.013803459168559188,0.012192446352477918,0.0019457893015282553,2.0
265,0.0,0.0,0.0,0.0,0.0,0.0,0.0,0.0,0.015844866568983346,0.019222883262755352,0.03459089703263968,0.00844018327714178,0.06786953385949784,0.01196426390612552,0.016016528686593243,0.001465806557883211,1.0
266,1.0,1.0,1.0,1.0,1.0,1.0,1.0,1.0,0.9950997347719159,0.9920914704630459,0.989665976274173,0.9877968219189758,0.9968144154392209,0.9954281328001454,0.9578971735642282,0.8937251347188931,1.0
267,0.0,0.0,0.0,0.0,0.0,1.0,1.0,0.0,0.07378451462863855,0.027881250991057784,0.022982558255028186,0.011723125614475138,0.060444953834948745,0.04184094472201085,0.06219997992960066,0.0028703050394370613,3.0
268,0.0,0.0,0.0,0.0,1.0,0.0,0.0,0.0,0.0515933284485578,0.5212622434460155,0.36219745157066197,0.017364557576986094,0.9028912467819674,0.22386187111009273,0.11400242738370846,0.010274959707859868,2.0
269,0.0,0.0,0.0,0.0,0.0,0.0,0.0,0.0,0.002928871033462816,0.00422633065583607,0.005810080530067076,0.002651023262077858,0.012916531010939855,0.0027168966650504747,0.009666205938451628,0.001163409158420348,4.0
270,1.0,1.0,1.0,1.0,1.0,1.0,1.0,1.0,0.9955204996179433,0.9933227760171129,0.9943193943317478,0.9723118078714955,0.9980365517451131,0.9930927053655975,0.9643153930815664,0.44227243567805724,4.0
271,1.0,1.0,0.0,0.0,0.0,0.0,1.0,0.0,0.31246240394224883,0.12574733007899022,0.04415666575813502,0.06632665831574443,0.077431473150535,0.03543434969581134,0.3427928238835658,0.005696442485754667,2.0
272,1.0,1.0,1.0,1.0,1.0,1.0,1.0,0.0,0.8698906967248623,0.9699244128607574,0.9889537050814975,0.9830833950229177,0.9954799534924693,0.9717201253262177,0.2954101388382445,0.03591088113358745,2.0
273,0.0,0.0,0.0,0.0,0.0,0.0,0.0,0.0,0.018856926088699797,0.010016368002702865,0.0042287723648417215,0.0031781750789575385,0.010403608832786576,0.0037274075324771876,0.07032872895867959,0.0014789634504493285,4.0
274,1.0,1.0,1.0,1.0,1.0,1.0,1.0,0.0,0.9939325146764236,0.9821558164874621,0.996697693488283,0.9858440447916755,0.9939480605999819,0.9733020802206812,0.8622356191675061,0.48003374791950254,1.0
275,0.0,0.0,0.0,0.0,0.0,0.0,0.0,0.0,0.003177340357661185,0.004855226433572902,0.005718349182342854,0.0008396870472913773,0.008816814977128823,0.003478638752250341,0.015730239182034606,0.0008661119384079097,0.0
276,1.0,1.0,1.0,1.0,1.0,1.0,1.0,0.0,0.9805863199143284,0.9937050489451822,0.9876279581451772,0.9841653098535178,0.9932270493710292,0.8932750489744784,0.8348146058777044,0.38596441741039716,4.0
277,0.0,0.0,0.0,0.0,0.0,0.0,0.0,0.0,0.008091728061961678,0.05535641249158408,0.025623979219985982,0.0025691467911700757,0.06054435574251017,0.004494031883663977,0.02325811880522001,0.002426032770471045,0.0
278,0.0,0.0,0.0,0.0,0.0,0.0,0.0,0.0,0.004148018008094903,0.002381992779408825,0.0035070656848996957,0.0016106496169978443,0.006881710433671079,0.00263559269352154,0.011154687243821246,0.0009377897129636059,2.0
279,0.0,0.0,0.0,0.0,0.0,0.0,0.0,0.0,0.00495369348103148,0.004983541224051323,0.005752723307679104,0.002579008327000347,0.008134436244055182,0.004186833615095178,0.009439733390254246,0.0007757531071466315,3.0
280,0.0,0.0,0.0,0.0,0.0,0.0,0.0,0.0,0.004571209205726827,0.00493602063065267,0.004576782452264312,0.0017279580748978136,0.011259059933420756,0.0028047146107793666,0.007872673611127192,0.0009275849511820886,1.0
281,1.0,1.0,1.0,1.0,1.0,1.0,0.0,0.0,0.9624268340140774,0.9940594784315165,0.9909013615677396,0.9765137185737807,0.9937081337820806,0.9927761852525293,0.8567467593963799,0.056003080173743405,1.0
282,0.0,0.0,0.0,0.0,0.0,0.0,0.0,0.0,0.0032999933630249566,0.003275190022207345,0.004313762150460668,0.0018101647153693256,0.006718727577473522,0.0020687733946302116,0.00704520498144546,0.0006808470119115517,3.0
283,0.0,0.0,0.0,0.0,0.0,0.0,0.0,0.0,0.0031578604835291344,0.0026498155163371525,0.0045961572680520354,0.0023378925675685814,0.005927146994272972,0.0019972850548107854,0.006382616837690552,0.0007687196181758221,3.0
284,0.0,1.0,1.0,0.0,1.0,1.0,0.0,0.0,0.1710191061340428,0.48400662633299785,0.3813247005830288,0.04728128076915984,0.9482236671735171,0.5086732428188048,0.07474509740148404,0.007146028059905542,2.0
285,0.0,1.0,1.0,0.0,1.0,0.0,0.0,0.0,0.00889737591664668,0.25558812277228266,0.0534211305163566,0.004509173174012749,0.16699452276737184,0.00429143991137983,0.022629459083878357,0.0018529707597912414,2.0
286,0.0,0.0,0.0,0.0,0.0,0.0,0.0,0.0,0.005475300879595172,0.0035724097527253963,0.005353735267193945,0.0007527541735611894,0.010122518199165643,0.0018714828837255875,0.010294408516312841,0.0009216827321750662,0.0
287,0.0,0.0,0.0,0.0,0.0,0.0,0.0,0.0,0.008709363733900095,0.01392200357704284,0.009001187513739347,0.017998212722980265,0.020125597720312555,0.0058654762853956564,0.020213333475230574,0.0009017591964362362,3.0
288,0.0,0.0,0.0,0.0,1.0,0.0,0.0,0.0,0.18708711828791447,0.6318743556996762,0.5427588876159511,0.2885907214184251,0.8661914854726331,0.2324947751005593,0.22347596496875496,0.0180913417609259,4.0
289,1.0,1.0,1.0,0.0,1.0,0.0,0.0,0.0,0.4812075819101545,0.9346761583512119,0.9576617589206443,0.48257291518348877,0.9221810667907097,0.15833334173103236,0.5929667277600899,0.16051312775677554,0.0
290,0.0,0.0,0.0,0.0,0.0,0.0,0.0,0.0,0.45801437149809565,0.3874021963943901,0.37710301102529875,0.10139521361668624,0.5584472538116785,0.11746000974919764,0.07253594200082344,0.005856939047327432,0.0
291,1.0,0.0,0.0,0.0,0.0,0.0,0.0,0.0,0.40982252297693894,0.6298651197762752,0.7755688640015231,0.04888309578631103,0.6241986401752804,0.0494681011560029,0.16299024079762858,0.011874950676376827,1.0
292,0.0,0.0,0.0,0.0,0.0,0.0,0.0,0.0,0.006750834803888476,0.007826137230959594,0.004307905370450444,0.0018001153388756091,0.01038438761757921,0.004912369742866562,0.01217226170510034,0.0011772625893158744,1.0
293,0.0,0.0,0.0,0.0,0.0,0.0,0.0,0.0,0.006549422652160016,0.005189639115277238,0.003636142429697763,0.002161567226893571,0.007645015232247478,0.0033642895131883576,0.008699637259010748,0.0006719042458806421,3.0
294,0.0,0.0,0.0,0.0,0.0,0.0,0.0,0.0,0.0063784475018058414,0.004201774785584814,0.003548185900228253,0.000869968307002554,0.008369187279722448,0.00248261123432443,0.011851236926475146,0.0016455843553044643,0.0
295,0.0,0.0,0.0,0.0,0.0,0.0,0.0,0.0,0.008053845264592545,0.009903586555805801,0.006835347585089886,0.0030085525400003863,0.01486513519131847,0.006545352962623536,0.0299510763681599,0.0012980801496302653,4.0
296,1.0,0.0,1.0,1.0,1.0,0.0,0.0,0.0,0.022932645284101362,0.013165788917652188,0.007812043128042323,0.003560590464166108,0.008189960611576286,0.006333821306028534,0.18630312547527414,0.006869000981902341,0.0
297,1.0,1.0,1.0,1.0,1.0,1.0,0.0,0.0,0.9681210214487548,0.6952673503059497,0.9725528312370038,0.911797126845874,0.9726295325400109,0.6070907776952982,0.13265380629146523,0.01756441289527859,3.0
298,0.0,0.0,0.0,0.0,0.0,0.0,0.0,0.0,0.0060693295577127085,0.032183661100433816,0.034030365533767364,0.00260898015743294,0.0869067452736457,0.0026414220566243008,0.05014586416238908,0.0022238324179199467,0.0
299,1.0,1.0,1.0,1.0,1.0,1.0,1.0,1.0,0.982487509413089,0.992056541660309,0.9955970642921343,0.993407038031716,0.9979357962957779,0.9841142535990411,0.7228896159058222,0.15508404688201413,0.0
300,1.0,1.0,1.0,1.0,1.0,1.0,1.0,1.0,0.9956214459671292,0.9983544728380793,0.9980661390840827,0.9935038816382131,0.99842341138658,0.995093575453738,0.8958688678727489,0.5187232383950495,1.0
301,0.0,0.0,0.0,0.0,0.0,0.0,0.0,0.0,0.005695989641993315,0.0032959500122847086,0.004852631154469933,0.0032714867716050807,0.00856574818055628,0.0031269725964229345,0.009577984570461693,0.0013866041583343383,3.0
302,1.0,1.0,1.0,1.0,1.0,1.0,0.0,0.0,0.9246212400525289,0.9955799170653743,0.988013152466047,0.9792338548546321,0.9971522193032711,0.9883390980886478,0.8812160577544433,0.3774936990170067,1.0
303,0.0,0.0,0.0,0.0,0.0,0.0,0.0,0.0,0.0037723456186156486,0.004174903824415448,0.004317638428306785,0.0020926556779429528,0.004702442789666853,0.001710412210949872,0.008313960601543609,0.0009128555926566033,3.0
304,0.0,0.0,0.0,0.0,0.0,0.0,0.0,0.0,0.005261562835424491,0.0024740213287856284,0.003832584520289778,0.002500849180169972,0.007556486122750065,0.003294921129468665,0.011661915143168855,0.0013355739752922916,2.0
305,1.0,1.0,1.0,1.0,1.0,0.0,0.0,1.0,0.9361715288748725,0.6278949962843735,0.9731247609383282,0.8982974905601371,0.9519219545139236,0.45494141601788396,0.06276843469576966,0.12638810117968263,1.0
306,0.0,0.0,0.0,0.0,0.0,0.0,0.0,0.0,0.007253554232651497,0.005481008385808988,0.0066354438664742174,0.002189377419639574,0.014396092519525746,0.004723514961903872,0.011436799994576826,0.0010445863642026515,1.0
307,1.0,1.0,1.0,1.0,1.0,1.0,1.0,1.0,0.980624458870496,0.9373294826714116,0.9630321328608085,0.9709153212747588,0.985203586498502,0.8874513892791714,0.6734903399494883,0.1714733710903312,1.0
308,1.0,1.0,1.0,1.0,1.0,1.0,1.0,0.0,0.9641418605898657,0.9877024355746328,0.9895215684086544,0.9501101941768508,0.9927712451774259,0.9148089839361742,0.6103743024989803,0.2210030337435673,4.0
309,0.0,0.0,0.0,0.0,0.0,0.0,0.0,0.0,0.006179324838338622,0.005315249858505968,0.006046321211832118,0.0008496652899434133,0.020294506578583216,0.0032053540744864,0.010630200146975567,0.0008649117485851162,0.0
310,0.0,0.0,0.0,0.0,0.0,0.0,0.0,0.0,0.028437275480415657,0.019058022955262825,0.009298309126174112,0.0023351623497563857,0.032816040536727875,0.021145273784630002,0.09752106353404214,0.0031343064808516774,0.0
311,0.0,0.0,0.0,0.0,0.0,0.0,0.0,0.0,0.04448164908403046,0.02937167534940336,0.022679395250536766,0.0040725322668363605,0.017934681362773607,0.006948876428379615,0.09072306478383012,0.0016729993926392869,1.0
312,1.0,1.0,1.0,1.0,1.0,1.0,1.0,1.0,0.9933019945889788,0.9915077563175171,0.9852459521564884,0.9917642178548459,0.9644863636149302,0.97759443967006,0.8148745568994753,0.8302747368792892,0.0
313,1.0,1.0,1.0,0.0,1.0,1.0,0.0,0.0,0.9770703353577659,0.987972899493523,0.9951174317387323,0.9540089951859314,0.9972303182354705,0.9887844795212393,0.7449419126707236,0.0559653061154835,4.0
314,1.0,1.0,1.0,1.0,1.0,1.0,1.0,0.0,0.5615275945466055,0.9845766035627437,0.974205715177564,0.39771317341297513,0.9857009557328951,0.982795045586559,0.3800298455590698,0.15301707294111921,0.0
315,1.0,1.0,1.0,1.0,1.0,0.0,1.0,0.0,0.582599409173278,0.7956367006111568,0.8141443364097255,0.4438011620890434,0.809720690722978,0.07686936195745374,0.5467568034880741,0.08980307961736671,4.0
316,0.0,0.0,0.0,0.0,0.0,0.0,0.0,0.0,0.006733852168766318,0.004236778139181755,0.009788176922330973,0.003057661349868626,0.012800302061010946,0.003341496317909469,0.008269353468077705,0.0013955366887859041,1.0
317,0.0,0.0,0.0,0.0,1.0,0.0,0.0,0.0,0.06372609603909961,0.49371624522658947,0.6734031522679641,0.05168541091145924,0.9262184855052192,0.4632519509323163,0.051154356970851314,0.007468774482717205,3.0
318,0.0,0.0,0.0,0.0,0.0,0.0,0.0,0.0,0.005385180852531724,0.00374518298379519,0.0075696280626793965,0.0009269238334607625,0.019518339885764225,0.00346759289822512,0.013089774161897794,0.0009532600387295772,0.0
319,1.0,1.0,1.0,1.0,1.0,1.0,1.0,0.0,0.9702228480076904,0.9963093229814812,0.9974464151988419,0.9806079600783257,0.9980551241070987,0.9970897598103119,0.9272660870801869,0.6667596596203264,1.0
320,0.0,0.0,0.0,0.0,0.0,0.0,0.0,0.0,0.005282700599687581,0.045094917486584174,0.011678610913713992,0.003545538438187229,0.042400102263413494,0.00846014375539494,0.012145122726476118,0.001737891450378677,2.0
321,0.0,0.0,0.0,0.0,0.0,0.0,0.0,0.0,0.03304304426516821,0.046336125196111036,0.14287096072236194,0.009792032699229755,0.08774857866788696,0.015427596201751527,0.03073194756804815,0.0033165933759337937,0.0
322,1.0,1.0,1.0,1.0,1.0,1.0,1.0,1.0,0.9925830140610301,0.9974086341085029,0.9973429708222253,0.9951982090306838,0.9988006880183923,0.9954278749690413,0.9252080993283963,0.4996626279763329,3.0
323,1.0,1.0,1.0,1.0,1.0,1.0,0.0,0.0,0.990237048982671,0.9962376069533985,0.9985994258659822,0.9953493383993142,0.9987790415941931,0.9936663141001605,0.964409554231952,0.135871539756535,0.0
324,1.0,1.0,1.0,0.0,1.0,1.0,0.0,0.0,0.5346523300889495,0.8461172847718355,0.8165500344776176,0.21751194483234898,0.9319611884558586,0.8772685500224839,0.20519835334555145,0.07454616573494734,2.0
325,0.0,0.0,0.0,0.0,0.0,0.0,0.0,0.0,0.02816328923979683,0.20073214167634826,0.11031870039831254,0.009281209641243883,0.33544189684810993,0.18821041987066592,0.023787844494983824,0.00322542915309555,3.0
326,1.0,1.0,1.0,1.0,1.0,1.0,1.0,0.0,0.9746734980380007,0.9965920328347844,0.9940797824070916,0.9689405317879876,0.9946161934407174,0.9917842149919749,0.8525539829910435,0.12990579093983745,1.0
327,1.0,1.0,1.0,1.0,1.0,1.0,0.0,1.0,0.923463725027676,0.9705972023835475,0.9548644927752649,0.8582165606944636,0.9164890136185956,0.9238756172894278,0.03750623245455105,0.814567843630837,0.0
328,0.0,0.0,0.0,0.0,0.0,0.0,0.0,0.0,0.005846796145202094,0.0030363013004554348,0.006021209552620993,0.001167920452917788,0.006737025075485608,0.001727284366548048,0.012192016697067331,0.00295574968868426,0.0
329,0.0,0.0,0.0,0.0,0.0,0.0,0.0,0.0,0.003664978382249872,0.0031245535754935126,0.004410061826787808,0.0019285398237540276,0.006796305369627724,0.0023258045752978466,0.008801783918447265,0.0008005265909411327,1.0
330,1.0,1.0,1.0,1.0,1.0,1.0,1.0,1.0,0.9982543067171843,0.9991273995773572,0.9989626214561764,0.9967079789943134,0.9993229206002866,0.9985328621403508,0.9909217918050623,0.7510309806593052,4.0
331,1.0,1.0,1.0,0.0,1.0,1.0,0.0,0.0,0.3437883636582293,0.9726602899986324,0.9602268960038925,0.2938918909192323,0.9843195266883521,0.9074647969588122,0.05808740103872737,0.035249921445941,1.0
332,1.0,1.0,1.0,1.0,1.0,1.0,1.0,1.0,0.9985487664097222,0.9996426428560102,0.9989144707355155,0.9982851136580497,0.9991315313623355,0.9983162108214915,0.9322144853013158,0.994436887254157,0.0
333,0.0,0.0,0.0,0.0,0.0,0.0,0.0,0.0,0.004178610157644848,0.0029188121702401057,0.002574790252519259,0.0007711011286657069,0.01090602388844646,0.0014155762888649031,0.0062908198174334825,0.0012210524433232627,0.0
334,1.0,1.0,1.0,1.0,1.0,1.0,1.0,0.0,0.9953986639354586,0.998762708274137,0.9989978508734405,0.998544102182308,0.9992206759082959,0.99761102023778,0.9748461950100047,0.6501873610750087,0.0
335,1.0,1.0,1.0,1.0,1.0,0.0,0.0,0.0,0.9573328545505586,0.8878472116371647,0.9694460677249409,0.9471362887793229,0.8816586960751168,0.553575617029376,0.28525074533308886,0.01901031197867468,2.0
336,1.0,1.0,1.0,1.0,1.0,1.0,1.0,0.0,0.8942055356739899,0.9866507435336231,0.9796274940346167,0.9833620877524099,0.9942430381286206,0.963263818712343,0.8668506600020773,0.06547322706816439,1.0
337,0.0,0.0,0.0,0.0,0.0,0.0,0.0,0.0,0.022484687977177592,0.030365228293092957,0.027378395263791766,0.008551303360606895,0.08677190848938995,0.021350454284634026,0.037636852518763746,0.003984062422678639,4.0
338,0.0,0.0,0.0,0.0,0.0,0.0,0.0,0.0,0.0039000628752129786,0.002933958833514264,0.003061339517161075,0.002320081846278452,0.007351115582362042,0.0031842774270779426,0.012528065669319965,0.0008583040805177385,2.0
339,0.0,0.0,0.0,0.0,0.0,0.0,0.0,0.0,0.009841731345375831,0.025933141721208523,0.01859668011269156,0.010544737868241782,0.05910497497690625,0.006278582695734042,0.023056471512498494,0.00419615989953021,4.0
340,0.0,0.0,0.0,0.0,0.0,0.0,0.0,0.0,0.004500860129605812,0.0031143190450639018,0.004849678710245448,0.002247306012659336,0.007138164051384397,0.003920019637467516,0.011094252089428177,0.0007497455713004702,2.0
341,0.0,0.0,0.0,0.0,0.0,0.0,0.0,0.0,0.005202532731937163,0.002990766679494048,0.0038053393433493013,0.0022085840620608512,0.009633941804340785,0.004944737951341375,0.01783511198212083,0.0007735513063810282,2.0
342,1.0,1.0,1.0,1.0,1.0,0.0,1.0,0.0,0.9436672807499664,0.5932078830318215,0.9863557286245564,0.9765434108275437,0.9743470441995044,0.48909089694668295,0.36548958045973917,0.10782939087973559,1.0
343,0.0,0.0,0.0,0.0,0.0,0.0,0.0,0.0,0.008381638934519074,0.007849350968810372,0.008334544201397493,0.005128600772512216,0.01580772576700182,0.00643706413206806,0.029409031291655837,0.001620958157603992,4.0
344,1.0,1.0,1.0,1.0,1.0,0.0,1.0,1.0,0.9798508284362438,0.9983599338322386,0.977640558379622,0.9903391648170665,0.9925641642852635,0.9367540938904116,0.9150952156683223,0.8182119550990167,0.0
345,1.0,1.0,1.0,1.0,1.0,1.0,0.0,1.0,0.9897337194024148,0.9811512881573147,0.9920499388348907,0.9911036104100606,0.994765428622862,0.9807109152525691,0.5097103371893036,0.8025751113069951,4.0
346,1.0,1.0,1.0,1.0,1.0,1.0,0.0,1.0,0.9457426948198852,0.9916691505527434,0.985712299079606,0.9774760072556026,0.9930326137089114,0.9840446136912298,0.2207539187718004,0.7522251526655632,1.0
347,0.0,0.0,0.0,0.0,0.0,0.0,0.0,0.0,0.006056889071294889,0.003079186976801844,0.002895341153087541,0.004549996026955417,0.0061000782466611786,0.0022839659313949744,0.009608891715764616,0.0006388369287328911,3.0
348,1.0,1.0,1.0,1.0,1.0,1.0,1.0,1.0,0.9956339782283284,0.9868176402975072,0.986143749516081,0.9361674084504618,0.979475241829123,0.9956238436740674,0.487565407864558,0.6274886801427463,3.0
349,1.0,1.0,1.0,1.0,0.0,0.0,1.0,1.0,0.996497265080904,0.9932558018367662,0.9628542684171947,0.9918530546371771,0.9816146356196981,0.8852537204356895,0.9606344885817626,0.9870092537573141,2.0
350,0.0,1.0,0.0,0.0,0.0,0.0,0.0,0.0,0.6717648141839284,0.9177332514926939,0.910472787229252,0.419745990120499,0.7824899788462083,0.10319524804034308,0.17249444001017594,0.02027753419255526,0.0
351,1.0,1.0,1.0,1.0,1.0,1.0,1.0,0.0,0.989450388284845,0.9861018716036211,0.9876622427760527,0.9905453498086861,0.9979402419961798,0.9862932521847602,0.851534357258273,0.4577328747423171,0.0
352,1.0,0.0,1.0,1.0,1.0,0.0,0.0,0.0,0.9027438176328791,0.4128818560099098,0.9645222091508734,0.9803270905297414,0.9492904898578142,0.2965155166909215,0.19217157629254564,0.05918565849072525,0.0
353,0.0,0.0,0.0,0.0,0.0,0.0,0.0,0.0,0.0065862916527802675,0.0076281868738890925,0.004512223506175755,0.002672983428526572,0.017584828994754765,0.006852377576468624,0.01564594123372634,0.0010350007161261353,2.0
354,1.0,1.0,1.0,1.0,1.0,1.0,0.0,0.0,0.9861495230823322,0.9984141354596645,0.9954019022196373,0.9628289566484326,0.9987919881712145,0.9840979808139128,0.4980089741385029,0.26120618117354155,2.0
355,0.0,0.0,0.0,0.0,0.0,0.0,0.0,0.0,0.006518568892888712,0.007840239585704673,0.00885923797526663,0.0019799521279307134,0.02142964721992811,0.004944452020993054,0.01805961751229316,0.00139161276788896,1.0
356,0.0,0.0,0.0,0.0,0.0,0.0,0.0,0.0,0.0036206962568133033,0.0027153011879982496,0.003762019489386684,0.0017251186270570513,0.006694967772561733,0.002871667423308751,0.007711880204946457,0.0005461735263271636,2.0
357,1.0,1.0,1.0,0.0,1.0,0.0,0.0,0.0,0.7978499756330396,0.9873840556133364,0.9706473442023955,0.1684458027370098,0.9827700001420849,0.833513146862852,0.5974434506904853,0.17661136589856513,1.0
358,0.0,1.0,1.0,0.0,1.0,1.0,0.0,0.0,0.3383571558418523,0.9413557789119079,0.9092267206552807,0.14102830849694747,0.979669588527399,0.7680057807053579,0.42411702683921726,0.04915881941404623,3.0
359,1.0,1.0,1.0,1.0,1.0,1.0,1.0,0.0,0.9786455784021282,0.9980525390168314,0.9973516010374689,0.9955790232233535,0.9988994016180001,0.9958075558275489,0.8554737528476946,0.046097218475073094,0.0
360,0.0,0.0,0.0,0.0,0.0,0.0,0.0,0.0,0.011119172579013615,0.03772368663647376,0.02205285724487983,0.004552426346104476,0.06176617448350033,0.005506184421188036,0.02317485644334673,0.0021520347049237254,2.0
361,0.0,0.0,0.0,0.0,0.0,0.0,0.0,0.0,0.00521827003464809,0.006850291042192611,0.006166681380274286,0.0014875143201134834,0.011409861805212557,0.002979010401500565,0.009180717546709124,0.0006923081729769927,0.0
362,1.0,1.0,1.0,1.0,1.0,1.0,1.0,0.0,0.14243721514421598,0.8331010559264295,0.863663807480416,0.8879118392299411,0.922896935851292,0.6185552805024274,0.7963591943378424,0.004790611499355689,0.0
363,0.0,1.0,1.0,1.0,1.0,1.0,1.0,0.0,0.4661223857166212,0.7095749291540934,0.8454292131793816,0.8356245390517767,0.8756168611399128,0.5885393878336075,0.7856457786117338,0.007773409772849279,1.0
364,0.0,0.0,0.0,0.0,0.0,0.0,0.0,0.0,0.011109715820233712,0.00529624778121855,0.00591521361483022,0.004966811976989872,0.00774915659861795,0.003583714445681001,0.009700320642318426,0.0007507582787840483,3.0
365,1.0,1.0,1.0,1.0,1.0,1.0,0.0,0.0,0.7816633299525642,0.90066679591882,0.9765573294232042,0.25822098310248387,0.9783477061609366,0.9544228947444872,0.21674300934579377,0.12781524815058154,1.0
366,1.0,1.0,1.0,1.0,1.0,1.0,1.0,0.0,0.9630771300699652,0.9976726844515574,0.9961231118162442,0.9880129053311226,0.9969822935775856,0.9977665355339393,0.9589819882252034,0.5415935463119861,4.0
367,0.0,0.0,0.0,0.0,0.0,0.0,0.0,0.0,0.022824248041876168,0.029520784173925396,0.08224619949684828,0.046237620620140876,0.03951555678531462,0.007253881123158872,0.10241698856233737,0.002286371319963606,2.0
368,0.0,0.0,0.0,0.0,0.0,0.0,0.0,0.0,0.006097059625107948,0.0038953117138016105,0.002788839322191004,0.001820281303380964,0.00486962949163847,0.0023993297584650216,0.020311896812755123,0.0010297264723243627,2.0
369,1.0,1.0,1.0,0.0,1.0,0.0,0.0,0.0,0.4022824136324692,0.7779735509441977,0.13518240207844798,0.12547864296877229,0.27065485200679035,0.04716692084475354,0.2798118522228252,0.11376540539336157,2.0
370,1.0,1.0,1.0,1.0,1.0,0.0,1.0,1.0,0.9090197130171984,0.9350770089885476,0.9114392790050617,0.5886749716406908,0.7515422196830355,0.05723911198727691,0.4801370728663042,0.20191988010671974,1.0
371,1.0,1.0,1.0,1.0,1.0,0.0,0.0,1.0,0.9688112324528839,0.6100019013988331,0.9905203959283986,0.9900062816467108,0.9769332073699947,0.2811110644537524,0.20104530790324374,0.4183649440470795,0.0
372,0.0,0.0,0.0,0.0,0.0,0.0,0.0,0.0,0.004443867202535382,0.012782087198152409,0.04076352708647977,0.0035884036851130843,0.06772253658686811,0.009174046609313005,0.044321295875601005,0.001581982375591641,4.0
373,0.0,0.0,0.0,0.0,1.0,0.0,0.0,0.0,0.25746751204389945,0.637883838613577,0.8089741219842868,0.03584267787427926,0.9727645354570016,0.84055682594081,0.2597378812073145,0.013354044265602895,3.0
374,0.0,1.0,0.0,0.0,1.0,1.0,0.0,0.0,0.3437997665895557,0.7160611996000086,0.9136052097742429,0.06518907427056365,0.9751556387941166,0.3110921953158474,0.06841050406247881,0.015808413623111788,3.0
375,1.0,1.0,1.0,1.0,1.0,1.0,1.0,0.0,0.500935860389453,0.9851913178024323,0.9893226883175653,0.9787796200023354,0.9959958848895569,0.9263093521169431,0.32099439284517944,0.020591102030711038,2.0
376,0.0,0.0,0.0,0.0,0.0,0.0,0.0,0.0,0.002864742930468257,0.0022986722165651615,0.0031203448220538024,0.0018574572790683397,0.005675854435253268,0.0017981026988073395,0.005941800116342662,0.0004999668418194078,3.0
377,0.0,0.0,0.0,0.0,0.0,0.0,0.0,0.0,0.004019287783001104,0.0048966943202170396,0.0043100941004300735,0.0015369458344281321,0.012497420413729685,0.002761863723041543,0.010335901052120412,0.0008140948336202753,1.0
378,1.0,1.0,1.0,0.0,1.0,0.0,1.0,0.0,0.9066175941391194,0.9102741386152703,0.7876999308681247,0.6062173872286298,0.8407364632723939,0.36762793446527237,0.5629312386329672,0.24699122935211487,4.0
379,0.0,1.0,0.0,0.0,1.0,0.0,0.0,0.0,0.04711345152039012,0.0707536795841402,0.009425235707221157,0.004954259072395252,0.4670400543618823,0.009339462656434197,0.09607797142445308,0.0026131536162424737,4.0
380,1.0,1.0,1.0,1.0,1.0,1.0,0.0,1.0,0.6816260080909671,0.8762838251640368,0.4649506267470707,0.3609085775915876,0.9409685851418933,0.49552628190298353,0.28918297029820217,0.05814253784324269,1.0
381,1.0,1.0,1.0,1.0,1.0,1.0,1.0,1.0,0.9926806112744625,0.9848163525005216,0.9951413363456375,0.9908159615108194,0.9896719565765618,0.809104069799778,0.9159815354147346,0.7012094049460973,1.0
382,0.0,0.0,0.0,0.0,0.0,0.0,0.0,0.0,0.013031758468247268,0.07569717293391995,0.052042579119167924,0.005156170521551937,0.36415173060672995,0.014115233964372849,0.0233181309790548,0.0022798330233290355,0.0
383,1.0,1.0,1.0,1.0,1.0,1.0,1.0,1.0,0.9600692745889715,0.9412059697928034,0.9788959151276021,0.6634454744670476,0.9807881600146291,0.9836397720903267,0.7820412120256595,0.3296767724809644,2.0
384,0.0,0.0,0.0,0.0,0.0,0.0,0.0,0.0,0.00427731878027761,0.002802001980650928,0.00485247908906261,0.002556532077193653,0.005429240376906323,0.0025199131044974722,0.01144964409960534,0.0011226249513840649,3.0
385,0.0,0.0,0.0,0.0,0.0,0.0,0.0,0.0,0.005557381870615245,0.004813895989214383,0.007833409610879201,0.0027307673956453093,0.010938168368149245,0.004270589513943939,0.02368748811185348,0.0018223841462554574,4.0
386,1.0,1.0,1.0,1.0,1.0,1.0,0.0,0.0,0.5776190545883575,0.569317988024703,0.9831622490290972,0.8871808845640238,0.9764916140606219,0.34771031374167943,0.06615161847871859,0.010382562122435567,3.0
387,0.0,0.0,0.0,0.0,0.0,0.0,0.0,0.0,0.003284901887284212,0.0029199344227870704,0.0028701880133548334,0.002246982564844327,0.007673337308799695,0.002281667875785718,0.010692254653687892,0.0009603680305392413,4.0
388,0.0,1.0,1.0,0.0,1.0,1.0,0.0,0.0,0.6829752085547797,0.9606146302299694,0.8484752833243571,0.10846673989118098,0.960633439485871,0.698786540317208,0.19078469357472846,0.026854571504649944,0.0
389,1.0,1.0,0.0,0.0,1.0,1.0,0.0,0.0,0.9254615154819253,0.8797597920859451,0.7401466617212061,0.47950933936603346,0.9774518924183542,0.8378178351881299,0.24560286841640633,0.07874689847286247,4.0
390,1.0,1.0,1.0,1.0,1.0,1.0,1.0,1.0,0.9944634032298261,0.9871044081450775,0.9926350659410147,0.9307084912498872,0.9955947542506194,0.9891901732574863,0.6439281125612902,0.4016106289065052,2.0
391,1.0,1.0,1.0,1.0,1.0,1.0,0.0,0.0,0.9762971343759319,0.9896709648419731,0.9772050188129693,0.9942907171229508,0.9879845301302077,0.8595300098392299,0.6920348518008927,0.49377788977824805,4.0
392,1.0,0.0,1.0,1.0,1.0,0.0,0.0,0.0,0.7450756094230475,0.7085602351383476,0.9957865996063519,0.9949544890911818,0.9969354556387447,0.8331501710198675,0.17902434675132042,0.1723123968618044,4.0
393,1.0,1.0,1.0,1.0,1.0,1.0,0.0,1.0,0.9802883706683004,0.9683579226539625,0.9911766704616516,0.988038272557207,0.9903169369125786,0.9698966301362997,0.40621326266224467,0.8527696196782966,2.0
394,1.0,1.0,1.0,1.0,1.0,1.0,0.0,1.0,0.9803523922822843,0.9931612585925311,0.9915070486786048,0.9885471599346906,0.9911509259164906,0.9832843649568771,0.4169991744407081,0.5798258602711516,0.0
395,0.0,0.0,0.0,0.0,0.0,0.0,0.0,0.0,0.01774212108881796,0.009621794851153687,0.020905158988086862,0.004848573351341557,0.030036939032733214,0.009103080379754271,0.027463672802662577,0.0016522854705086454,2.0
396,1.0,1.0,1.0,1.0,1.0,1.0,1.0,0.0,0.9951658816055444,0.9931729691818139,0.9944018573529034,0.9936594844798802,0.9890794309829642,0.983811145310656,0.8484194795198848,0.4823707593509642,2.0
397,0.0,1.0,1.0,0.0,1.0,0.0,0.0,0.0,0.9601098381921729,0.8276060558010879,0.9195360421378544,0.7744754320751345,0.9081347562401504,0.7357093271402728,0.42282040599162124,0.10013810711184044,4.0
398,0.0,0.0,0.0,0.0,0.0,0.0,0.0,0.0,0.010079713543858403,0.008924817086252786,0.008390140314106452,0.003515590137406801,0.013554153211323649,0.009628241448987716,0.023800706572910342,0.00099677721927567,0.0
399,0.0,0.0,0.0,0.0,0.0,0.0,0.0,0.0,0.006039376245579064,0.006478186530507669,0.004732838523520638,0.002215498693169531,0.008795796785761595,0.005447030026683143,0.010145099618672824,0.0008733807897283178,2.0
400,1.0,1.0,1.0,1.0,1.0,1.0,1.0,1.0,0.9935716250981046,0.9976215987888685,0.9958583686929655,0.996210097660565,0.9974043771286502,0.9735829573283112,0.8853519950629327,0.8238702385653446,3.0
401,1.0,1.0,1.0,1.0,1.0,1.0,1.0,1.0,0.9932729654090672,0.9932746285079405,0.9953366595524239,0.7165469997221988,0.9944637513381022,0.9930151025102087,0.8811395140410418,0.7991366719628985,4.0
402,1.0,1.0,1.0,1.0,1.0,1.0,1.0,1.0,0.9975689030622852,0.9949718415452122,0.9958552763546459,0.9867898598352396,0.9983635627750235,0.9906377001925805,0.8541230172917724,0.8783872950583789,3.0
403,1.0,1.0,1.0,1.0,1.0,1.0,1.0,1.0,0.9970404591858157,0.9989790129599967,0.9965286546448067,0.9966699779959551,0.9987667345397079,0.9987915895346252,0.9883863296396161,0.965331206639908,3.0
404,1.0,1.0,1.0,1.0,1.0,1.0,0.0,0.0,0.9480718996261679,0.8421137577398513,0.9960979609030866,0.9937966777565959,0.9914380298669525,0.8354324276500159,0.048786257265238706,0.048255565191588475,1.0
405,0.0,0.0,0.0,0.0,0.0,0.0,0.0,0.0,0.0755843349401725,0.11876137031411162,0.04359166108385542,0.004205437989812523,0.09411535947128745,0.0036802633864687993,0.12412008839403071,0.0038228432820079606,0.0
406,0.0,0.0,0.0,0.0,0.0,0.0,0.0,0.0,0.009862628544865573,0.04482713878767812,0.025681287479667057,0.008874868896577633,0.10924003242493296,0.00836824872242874,0.02924403320762743,0.00269624606171425,4.0
407,0.0,1.0,1.0,0.0,1.0,1.0,0.0,0.0,0.17594946638253672,0.853136706085133,0.8774967331251495,0.04035588167589195,0.9530364657579989,0.8067267059946106,0.057459519044524794,0.010375755185908,2.0
408,0.0,0.0,0.0,0.0,0.0,0.0,0.0,0.0,0.004262621079577176,0.0036648819216279207,0.003654034880312635,0.0018246653649957056,0.009193041446075518,0.002883130952134315,0.007486298517654138,0.0010877137812468542,1.0
409,0.0,0.0,0.0,0.0,0.0,0.0,0.0,0.0,0.005698759759356792,0.004276428844851406,0.0028482610385268644,0.0009713645016383996,0.011969565620496881,0.0019578334238762435,0.01807039765622087,0.0009614402262466014,0.0
410,0.0,0.0,0.0,0.0,0.0,0.0,0.0,0.0,0.863327595791872,0.9148210449736902,0.30396350117436854,0.049237055736240265,0.6607389897704264,0.3577441314919137,0.2373392484358469,0.02761470787056125,3.0
411,0.0,0.0,0.0,0.0,0.0,0.0,0.0,0.0,0.00644988462724577,0.00500054659304773,0.005479084939015179,0.0010722070119567686,0.017012967554426543,0.0038278586585932333,0.02248511188518633,0.0007919139156666966,0.0
412,1.0,1.0,1.0,1.0,1.0,1.0,1.0,0.0,0.9944941344918744,0.9976350541788341,0.9957406298545123,0.991245988762604,0.998391933385185,0.9954331496031231,0.9561592705944326,0.39206773442799003,2.0
413,0.0,0.0,0.0,0.0,0.0,0.0,0.0,0.0,0.0075196312120579855,0.007482218531410321,0.013867807406889782,0.005529789335004749,0.023252534587968714,0.008437301823425999,0.015736922206231397,0.0013524729189310725,4.0
414,1.0,1.0,1.0,1.0,1.0,1.0,0.0,1.0,0.9950958414350874,0.856626057500843,0.9845401357607161,0.9672832362668577,0.9605802847300086,0.7083675613057262,0.7873032431771365,0.30727586983752264,3.0
415,0.0,0.0,0.0,0.0,0.0,0.0,0.0,0.0,0.0035143096256792,0.0031099798503617707,0.00395568610505043,0.0017962884547330221,0.007457140961645149,0.0018768192663476213,0.007339694635157381,0.0008184978981106228,3.0
416,1.0,1.0,1.0,1.0,1.0,1.0,1.0,1.0,0.9729747795190438,0.9960171678648178,0.9634345839033809,0.7588111207453881,0.9912405282011074,0.8445928707870152,0.8640704365503831,0.8302360795150296,2.0
417,1.0,1.0,1.0,1.0,1.0,1.0,1.0,1.0,0.9626294343237306,0.9924131861151813,0.997987814449827,0.9942203268724109,0.9988909639120493,0.9852958844872238,0.5716982777645243,0.1639047590784317,2.0
418,1.0,1.0,1.0,1.0,1.0,1.0,1.0,1.0,0.9971448380287008,0.9994349725984442,0.9976876480001069,0.9947349023515087,0.9987948154259605,0.9976401664340421,0.9588068875817164,0.97602570619,4.0
419,1.0,1.0,1.0,1.0,1.0,1.0,0.0,1.0,0.9980355300660501,0.9979489668965579,0.99388096808353,0.9859223294525382,0.9875639803933545,0.96865187271277,0.8211404095757309,0.9542646664754043,3.0
420,1.0,1.0,1.0,1.0,1.0,1.0,1.0,1.0,0.9927499711147869,0.9984941647449262,0.9976360825828844,0.9961912969466015,0.9982859446919291,0.9989183083493537,0.9563750000565636,0.7882717253775804,0.0
421,0.0,0.0,0.0,0.0,0.0,0.0,0.0,0.0,0.0026085257547819375,0.002123749922801196,0.0027123476491469714,0.0017070403261887626,0.004886485350225973,0.002147012715719533,0.0065827542033688475,0.0008093015434831831,3.0
422,1.0,1.0,1.0,1.0,1.0,1.0,0.0,0.0,0.963948438409208,0.9773372813755977,0.9768324740382425,0.9749329128155049,0.9703781006372864,0.7809493801528712,0.17725131532714686,0.03903774586179923,2.0
423,1.0,1.0,1.0,1.0,1.0,1.0,1.0,0.0,0.9851032011758853,0.9884385707945289,0.9938846465279162,0.9874989017139452,0.9950534122892598,0.9180454303375419,0.6906435978490512,0.23563190273978812,0.0
424,0.0,0.0,0.0,0.0,0.0,0.0,0.0,0.0,0.004777242738400796,0.0037810217197882003,0.0042221638062839035,0.0023017403284865644,0.007376156531767226,0.0025478279789433148,0.011915809385431988,0.0007945722832509414,1.0
425,0.0,1.0,1.0,0.0,1.0,0.0,0.0,0.0,0.034494032962148716,0.4707515674715302,0.1464690489408693,0.0066816663732613855,0.4060086455293665,0.021207693803730002,0.07351557372817664,0.0037003637026408256,1.0
426,0.0,0.0,0.0,0.0,0.0,0.0,0.0,0.0,0.007128772104566424,0.002670627310167286,0.004394395989730703,0.003428121805526459,0.00490040873584825,0.0032857540784967812,0.01139879346602566,0.0018299994817255012,2.0
427,1.0,1.0,1.0,1.0,1.0,1.0,1.0,1.0,0.9557839630407484,0.9974110976258875,0.9973744137699427,0.9941545657279428,0.998782059650634,0.9989760054668129,0.9060357516630293,0.4392279029973272,4.0
428,0.0,0.0,0.0,0.0,0.0,0.0,0.0,0.0,0.0065556473503228406,0.0041403995797595185,0.004687545670648726,0.0009002868046570412,0.020391708012732008,0.0023964219779899587,0.017464636989318803,0.0011503423022473655,0.0
429,0.0,0.0,0.0,0.0,1.0,0.0,0.0,0.0,0.042097826253753,0.3171654519580261,0.040083189512872056,0.0026590755525716654,0.6920435702731187,0.019775838029437703,0.030366884903700802,0.0017817393661065954,1.0
430,1.0,1.0,1.0,1.0,1.0,1.0,1.0,0.0,0.9216185870356745,0.9796822992643814,0.9824105248771531,0.9899363653013283,0.9957185672238138,0.9932224426662228,0.8789066583701208,0.6632280264404559,0.0
431,0.0,0.0,0.0,0.0,0.0,0.0,0.0,0.0,0.007358018969004059,0.003474885636861308,0.004892439913809914,0.002581080651433397,0.014520574431379439,0.00689636799020246,0.013456651724076585,0.0013776547710056706,2.0
432,0.0,0.0,0.0,0.0,0.0,1.0,0.0,0.0,0.23121589307353513,0.06651959937646489,0.019769160242086494,0.00717977994319225,0.05474650387946749,0.06744863639557606,0.12355391947247146,0.02090690695730164,0.0
433,0.0,0.0,0.0,0.0,0.0,0.0,0.0,0.0,0.014666367988852111,0.0132699298190862,0.006157487080785563,0.0033102791651027515,0.010176213193484048,0.006732248557741096,0.009089141390971538,0.0022413784701394214,1.0
434,0.0,0.0,0.0,0.0,0.0,0.0,0.0,0.0,0.0035049310769149347,0.002283570143651677,0.0020736246653315638,0.0019172073915948967,0.0040369354191627975,0.0023103685448024147,0.006745986750852819,0.000998316541432468,2.0
435,0.0,0.0,0.0,0.0,0.0,0.0,0.0,0.0,0.016850008707544297,0.041022784789460046,0.18424071759338284,0.0060892578099403525,0.07228425861866522,0.017428094250211225,0.017902805483643792,0.0018428109148290789,2.0
436,0.0,0.0,0.0,0.0,0.0,0.0,1.0,0.0,0.0506096292721939,0.01431974055071551,0.007361036099201368,0.003251245915846093,0.020534478650069486,0.004195966905486178,0.06440429139102387,0.0020510513315724187,1.0
437,0.0,0.0,0.0,0.0,0.0,0.0,0.0,0.0,0.0023696472819273694,0.0022837908448087836,0.003832430279864187,0.00207379091832623,0.005922056443758469,0.0018631572460044638,0.006094089095178391,0.0004984490759054157,3.0
438,0.0,0.0,0.0,0.0,0.0,0.0,0.0,0.0,0.0036652092401845385,0.003154404548812161,0.0031992610809048498,0.0017292930319286097,0.007337294872874146,0.0017983166044453595,0.007459756176421753,0.0007456288857592452,3.0
439,0.0,1.0,1.0,1.0,1.0,1.0,0.0,0.0,0.5181181938250565,0.9932802665321148,0.9781288053065775,0.9268491126521436,0.9833838053580019,0.97225743367154,0.18228746176193955,0.024235740463286266,1.0
440,1.0,1.0,1.0,0.0,1.0,0.0,0.0,0.0,0.8102908855624564,0.688927032514771,0.9218965619212279,0.9484462594780416,0.9147807513637106,0.7402484683643585,0.12385567401063288,0.01737867234998233,0.0
441,1.0,1.0,1.0,1.0,1.0,1.0,1.0,1.0,0.9937441330898358,0.9975850543298682,0.9965584302882057,0.9944328472851867,0.9987166440903364,0.757832354876684,0.9760604668122185,0.9199448482222972,3.0
442,0.0,0.0,0.0,0.0,0.0,0.0,0.0,0.0,0.014311400513478002,0.015489969027317401,0.012755083749741037,0.003922515394383028,0.025884209528899832,0.0061942153989407245,0.02691768406780919,0.0011326491675716006,1.0
443,0.0,0.0,0.0,0.0,0.0,0.0,0.0,0.0,0.03450206298222179,0.03969605246659211,0.20550387357307395,0.044715681162900825,0.09956498979875077,0.04746252359322873,0.053351511966967344,0.00453996536004801,2.0
444,1.0,1.0,1.0,1.0,1.0,1.0,1.0,1.0,0.9975305324209327,0.9986863730865564,0.9984163666328868,0.994721135779173,0.998591602498401,0.995835727597368,0.9073058447412238,0.9349941656363202,2.0
445,0.0,0.0,0.0,0.0,0.0,0.0,0.0,0.0,0.0039289874717829965,0.002692477714276664,0.004736145128956194,0.0019202266766476816,0.00823269476390023,0.003836800384856298,0.011209111977397667,0.0005751959367098532,2.0
446,1.0,1.0,1.0,0.0,1.0,1.0,0.0,0.0,0.736116605138137,0.7880108570592792,0.9425094325785132,0.5912321506799179,0.6545958669057403,0.8542068104262607,0.13694240134024319,0.3780765683678398,2.0
447,0.0,0.0,0.0,0.0,1.0,0.0,0.0,0.0,0.09799113439073114,0.3311376300568317,0.3697679844817263,0.03437946260487203,0.8491933158759377,0.42917338426506857,0.14728111484912687,0.003446616369782577,1.0
448,1.0,1.0,1.0,1.0,1.0,1.0,1.0,1.0,0.9908957936518243,0.9987950684635003,0.9866043288443891,0.9820266908766101,0.9969923945025465,0.9850076867845305,0.8859132374898778,0.9288344615016323,1.0
449,0.0,0.0,0.0,0.0,0.0,0.0,0.0,0.0,0.01138579437343476,0.04086880767802334,0.10258785098495002,0.002651981768800359,0.07556974120717755,0.004946273164473234,0.03891185739304741,0.0029898170396440668,0.0
450,1.0,1.0,1.0,1.0,1.0,1.0,1.0,1.0,0.9883826501029563,0.9914989620202722,0.9887633823118869,0.9822841051403077,0.9923767318657635,0.9845549075985104,0.8946243806965405,0.6669544771703056,2.0
451,0.0,0.0,0.0,0.0,0.0,0.0,0.0,0.0,0.003542826370082392,0.002975055351993395,0.004227251649364444,0.0008320521623465458,0.012196961920728982,0.002973757606553569,0.009044189675777931,0.0007544825415521175,0.0
452,0.0,0.0,0.0,0.0,0.0,0.0,0.0,0.0,0.00267065295428503,0.0023839739975385966,0.00416612517336005,0.0024049385414386887,0.00587476966204538,0.001579189004245371,0.0071571823614768595,0.0006100955588830086,3.0
453,1.0,1.0,1.0,1.0,1.0,1.0,1.0,1.0,0.9949794709585662,0.998648245167157,0.9981973236748907,0.9967640121194835,0.9972739356188698,0.9983326308076061,0.9719590919569528,0.9911526358884766,0.0
454,0.0,0.0,0.0,0.0,0.0,0.0,0.0,0.0,0.007283249508541219,0.014663703701864395,0.0184455280079089,0.006528183501147566,0.01522994265631336,0.0031418466712043605,0.04047081916709527,0.0038854745373313707,4.0
455,1.0,1.0,1.0,1.0,1.0,0.0,0.0,0.0,0.45054750661110765,0.9817925824193888,0.9541395321815321,0.8582042417033153,0.9893365821236585,0.7909482560640493,0.6575917137146361,0.23547162775942906,4.0
456,0.0,0.0,0.0,0.0,0.0,0.0,0.0,0.0,0.004071173172801019,0.0027518567562108574,0.00340775489162391,0.0018536805545146774,0.00543555494696205,0.0031571411970432017,0.010542253527040125,0.0006646492816827071,2.0
457,0.0,0.0,0.0,0.0,0.0,0.0,0.0,0.0,0.0034233450706480906,0.004177081023501057,0.007095194895399763,0.0020431661211474587,0.009253145555563983,0.002738073336373803,0.007873479687972853,0.0007523328917295156,1.0
458,0.0,0.0,0.0,0.0,0.0,0.0,0.0,0.0,0.010961735970595118,0.017503281616869346,0.025842746011253727,0.005977369701777502,0.07047171364805815,0.013020394443579853,0.01639477659762574,0.0019243484593776646,4.0
459,0.0,1.0,1.0,1.0,1.0,0.0,1.0,0.0,0.7755038487535376,0.9415450858009607,0.9907628463639814,0.982954422428413,0.9883790947864102,0.8071886382386152,0.6333161075952709,0.021602239722668715,4.0
460,0.0,0.0,0.0,0.0,0.0,0.0,0.0,0.0,0.010213730219606535,0.007706979251008978,0.007889185210283542,0.0053923626493257906,0.021575954765223955,0.006599866983338844,0.03364635983504629,0.0014585088139823887,4.0
461,0.0,0.0,0.0,0.0,0.0,0.0,0.0,0.0,0.0069715900845409885,0.01098735291133158,0.014100282502147992,0.004171229347904859,0.02584348178330597,0.010680782223955132,0.02950695842711152,0.0016147450025378947,4.0
462,0.0,0.0,0.0,0.0,0.0,0.0,0.0,0.0,0.0042072916543289,0.003819919028169312,0.002593151781753235,0.000843828480699001,0.0054839474007076505,0.002012966561438489,0.018720750921859052,0.0008760292583123726,0.0
463,0.0,0.0,0.0,0.0,0.0,0.0,1.0,0.0,0.004025368349105728,0.0025265675220912183,0.007366664931858627,0.0021484867354038756,0.006504936050328844,0.003383143296615302,0.009795064705688864,0.0009289188882384438,3.0
464,1.0,1.0,1.0,1.0,1.0,0.0,1.0,1.0,0.978443949433801,0.9897007555130131,0.8886137566163023,0.9711657112774146,0.9902826912375243,0.8544589163962831,0.8665195818565166,0.8452652866048131,1.0
465,0.0,0.0,0.0,0.0,0.0,0.0,1.0,0.0,0.0565425336932923,0.00579947071218668,0.01737488484711491,0.013722418891664251,0.014622855253081142,0.007301600154476169,0.03372005960911677,0.0016164845173328966,2.0
466,0.0,0.0,0.0,0.0,0.0,0.0,0.0,0.0,0.006328518731344702,0.011094171694311273,0.01201602262950532,0.003342385115506867,0.026875982010855934,0.008662499511703304,0.03300439448656192,0.0015984271615505018,4.0
467,0.0,1.0,1.0,0.0,1.0,1.0,0.0,0.0,0.19724401906172304,0.9404830336851043,0.8824807929924119,0.04217602851632965,0.9616492832896484,0.7269585924578493,0.042378902264688614,0.017404207126936962,1.0
468,1.0,1.0,1.0,1.0,1.0,1.0,1.0,0.0,0.9867317174373489,0.9893636186010152,0.991760481135922,0.9730630481002337,0.9981711464823323,0.9927350725070174,0.8958793220021347,0.4203182081817607,0.0
469,1.0,1.0,1.0,1.0,1.0,1.0,0.0,0.0,0.9934465204244037,0.9974554445869822,0.9966625512113669,0.9939045679772501,0.9976535921243166,0.9066186068705955,0.9239314834671177,0.30833954902869304,3.0
470,0.0,0.0,0.0,0.0,0.0,0.0,0.0,0.0,0.00552055948924204,0.002902254517023705,0.004281568030221565,0.0024392299425039696,0.008965837532961325,0.004634353276087737,0.010714770409116729,0.001327005998288949,2.0
471,1.0,1.0,1.0,1.0,1.0,1.0,1.0,0.0,0.9613092522586262,0.9922864633925507,0.9938464342431561,0.9907114823782923,0.9959467099769659,0.973243203287846,0.81188995639156,0.0707031307136581,4.0
472,1.0,1.0,1.0,1.0,1.0,1.0,1.0,1.0,0.921776886119678,0.9877736980119584,0.9616083792912408,0.8537125932114099,0.9878285985640951,0.9619437489916869,0.5938457306114958,0.15531300806257908,3.0
473,1.0,1.0,1.0,1.0,1.0,1.0,0.0,0.0,0.7655566191361048,0.997338508269266,0.9886144376795114,0.960343629213176,0.9953983605557855,0.9699783643564366,0.49022146588688487,0.05542251945976009,2.0
474,1.0,0.0,1.0,1.0,0.0,1.0,1.0,1.0,0.9732770643583295,0.8704654384458091,0.8039381471902604,0.5656429807017856,0.47600833432511186,0.6550611562933735,0.6750925389753049,0.6873212761023677,4.0
475,1.0,1.0,1.0,1.0,1.0,1.0,0.0,0.0,0.6652460829920824,0.9945795754943089,0.9790289300802247,0.898304396798133,0.9929901767963425,0.9865072733894125,0.46742527972610254,0.08901056883367918,4.0
476,0.0,0.0,1.0,1.0,1.0,0.0,0.0,0.0,0.8299269386089436,0.8965559622087725,0.9708918249486785,0.9434120124205914,0.9701168244992492,0.7819299141990208,0.03201958002289417,0.008343918434486874,4.0
477,0.0,0.0,0.0,0.0,0.0,0.0,0.0,0.0,0.05513939892597687,0.09573779521616144,0.02523092552892534,0.01673931306876601,0.012577275930051634,0.011611515887578933,0.2911662014160559,0.0071944265423930925,0.0
478,1.0,1.0,1.0,0.0,1.0,1.0,0.0,0.0,0.12494415521755525,0.9589667740558916,0.6995871207761882,0.07829146538406309,0.9172616461672662,0.7332897606468594,0.11303610014689887,0.017129439599490145,2.0
479,1.0,1.0,1.0,0.0,1.0,1.0,0.0,0.0,0.9404789028286904,0.9384725280036196,0.9213867292844249,0.6792919142850872,0.9629341600185353,0.8844963292739194,0.4596602053996363,0.05961114035900634,0.0
480,0.0,0.0,0.0,0.0,0.0,0.0,0.0,0.0,0.016356565232315604,0.024274956554331675,0.007055311143778878,0.002799391775063165,0.013093825072194285,0.008456503123523694,0.024889138046126844,0.0012677537755164635,3.0
481,0.0,0.0,0.0,0.0,0.0,0.0,0.0,0.0,0.0073836937826112226,0.008475250522881816,0.00880990043255904,0.0024345233881933187,0.012089613583557413,0.005126918209585132,0.008548505398090284,0.0007900722430604605,1.0
482,0.0,0.0,0.0,0.0,0.0,0.0,1.0,0.0,0.03921957818297872,0.11822281380805871,0.13709153126957677,0.012261102079155371,0.25632055317577085,0.03247776070245261,0.059690226893498094,0.014143843713646615,1.0
483,0.0,0.0,0.0,0.0,0.0,0.0,0.0,0.0,0.015279149171836696,0.020975918100197968,0.020681002241413705,0.005455096340738452,0.019373708829313215,0.013923172618792114,0.022344437262766893,0.0020148408607106325,2.0
484,1.0,1.0,1.0,1.0,1.0,1.0,1.0,1.0,0.931865438922427,0.8506449649669607,0.9285324055413505,0.6668468858033735,0.9661244183601743,0.7271431712570443,0.6535976687203803,0.09356628130836749,4.0
485,0.0,0.0,0.0,0.0,0.0,0.0,0.0,0.0,0.013670580999214248,0.007978885526201365,0.012328211841185672,0.003063601726144596,0.03670697012487345,0.007403529391245406,0.0216524568908816,0.001233052630601944,0.0
486,1.0,1.0,1.0,1.0,1.0,1.0,1.0,0.0,0.8757042618909627,0.9675371573942312,0.9836781269388685,0.9443820358272916,0.9677294711853764,0.9257900186498763,0.5038569637382532,0.3955412705199532,1.0
487,0.0,0.0,0.0,0.0,0.0,0.0,0.0,0.0,0.004273097395348287,0.002835049498835269,0.00444177082723308,0.0022355511219281786,0.008606202930158182,0.0030004875818827777,0.01127073467705728,0.0006306234635146049,2.0
488,1.0,1.0,1.0,0.0,1.0,1.0,0.0,0.0,0.5435950594082859,0.6118529691623749,0.4086861237108359,0.020143062293345688,0.9388422355685416,0.09936415890317485,0.18043676725169375,0.010201075612971977,3.0
489,0.0,1.0,1.0,0.0,1.0,0.0,0.0,0.0,0.2108817512025613,0.9729023114442343,0.7309661135212465,0.08847830565036666,0.7150612460164748,0.5929045801392482,0.03643706935278274,0.019868500345088448,4.0
490,0.0,1.0,1.0,1.0,1.0,1.0,0.0,0.0,0.45196422741937675,0.9840460446391601,0.9826377147216891,0.971212630403882,0.9947852462223431,0.982949302964078,0.09969846183635686,0.010301832012081518,1.0
491,0.0,0.0,0.0,0.0,0.0,0.0,0.0,0.0,0.013246634751294242,0.004582103457895768,0.009964688933578578,0.00689630458956205,0.011410213308084144,0.00335768474462652,0.0441168230527584,0.0035572763990300957,4.0
492,1.0,1.0,1.0,1.0,1.0,1.0,1.0,1.0,0.9110652111428885,0.9808951975505792,0.9793240375005684,0.7126201628113961,0.9818372020013035,0.9791686554594969,0.2776297749035442,0.43913508294303805,4.0
493,1.0,1.0,1.0,1.0,1.0,1.0,1.0,1.0,0.9675216082787054,0.9921565869941753,0.9928239597893151,0.9241882695893622,0.9928897251407537,0.9966082419256994,0.808315630923081,0.9056497221163043,1.0
494,1.0,1.0,1.0,1.0,1.0,1.0,1.0,1.0,0.9885106466182808,0.994666033847447,0.9922439788881033,0.9669409894411773,0.9888903660875483,0.9901876007350469,0.8130508563305896,0.7539862300232835,0.0
495,1.0,1.0,1.0,1.0,1.0,0.0,1.0,0.0,0.9137661385318522,0.947915316729827,0.9646985505270134,0.9763747907629468,0.9850772165280571,0.41537358760133014,0.7931834041652558,0.03432280948091137,1.0
496,0.0,0.0,0.0,0.0,0.0,0.0,0.0,0.0,0.0035518202974108844,0.0031942854779949807,0.0035085244529232205,0.001724186601516429,0.008267039591267253,0.001873401492613923,0.007505112679403822,0.0007444762651391589,3.0
497,1.0,1.0,1.0,1.0,1.0,1.0,1.0,1.0,0.8935167102838749,0.9035317553883986,0.9835382110991426,0.8897576940870527,0.9912835677892717,0.9283930501347186,0.32313198358709533,0.723393323637478,0.0
498,1.0,1.0,1.0,1.0,1.0,0.0,1.0,1.0,0.9870089092654799,0.9967891010719431,0.9870833778427127,0.990014547015367,0.988605618207153,0.8272413262812862,0.9306867237402262,0.8572364507481703,4.0
499,0.0,0.0,1.0,0.0,1.0,0.0,0.0,0.0,0.11629430553336635,0.13169099097089987,0.5639195591792701,0.01186787069161065,0.9534896783254545,0.2738498731588814,0.07656566967716164,0.004947709748590793,2.0
500,1.0,1.0,1.0,1.0,1.0,1.0,1.0,0.0,0.9524532508401589,0.9835440168495325,0.9562052696468508,0.9568976568353705,0.9812157211008176,0.9302969045495324,0.5046243958677056,0.04807892912072526,2.0
501,1.0,1.0,1.0,1.0,1.0,1.0,0.0,1.0,0.9915720373673298,0.9976791378130261,0.9952812610320246,0.9961047370285258,0.9959864712383805,0.9905141963884373,0.407299451691481,0.9646800896286724,1.0
502,0.0,0.0,0.0,0.0,0.0,0.0,0.0,0.0,0.003631805169721222,0.006020805090495434,0.006355009040845808,0.0028880725019800046,0.008865681868906758,0.0026133447205797045,0.012491376373007105,0.0018827896522256027,4.0
503,0.0,0.0,0.0,0.0,0.0,0.0,0.0,0.0,0.0037700083671354475,0.0023727771823280164,0.0028769576512192945,0.0020567582227670423,0.005398787586504004,0.0016011143440733241,0.008328828179774332,0.0005129697311649205,3.0
504,0.0,0.0,0.0,0.0,0.0,0.0,0.0,0.0,0.27215749273103856,0.034338849524312036,0.048090744879923215,0.02095995630004867,0.08382937305147595,0.011984442079472498,0.2156001020839306,0.007723392378321727,4.0
505,1.0,1.0,1.0,1.0,1.0,1.0,1.0,0.0,0.9836996436905483,0.9986253876614117,0.9986313485806009,0.9925674718416161,0.9990995485156929,0.997608955910767,0.933015959713521,0.6216053308679498,3.0
506,1.0,1.0,1.0,1.0,1.0,1.0,1.0,0.0,0.9937212945509798,0.9869994365622123,0.9901301553012439,0.9831223565579574,0.9874945926376518,0.9219503881405741,0.9713864363518586,0.3290012646968901,0.0
507,1.0,1.0,1.0,1.0,1.0,1.0,1.0,0.0,0.9640520173977111,0.9917067927009338,0.9954806579324456,0.940085162946932,0.99654271565934,0.9802923326772268,0.8492104684198986,0.1089130429693622,0.0
508,0.0,0.0,0.0,0.0,0.0,0.0,0.0,0.0,0.0031235712184844023,0.004503340430711581,0.01040245037956032,0.00454240723765695,0.014973869382446523,0.004594890051122741,0.010199933570692555,0.001288325036137653,4.0
509,0.0,0.0,0.0,0.0,0.0,0.0,0.0,0.0,0.008395069139260199,0.0035887476476579743,0.009493028965690683,0.0067291383265979865,0.010892980506957245,0.005644456986356933,0.014100904866283499,0.0012469294624115525,3.0
510,0.0,1.0,1.0,1.0,1.0,1.0,1.0,0.0,0.9790667088666801,0.9926397112138674,0.9962848045003384,0.9910233594045756,0.9964760880206258,0.9656751683971667,0.8633460476192559,0.2349252301741638,4.0
511,1.0,1.0,1.0,1.0,1.0,1.0,1.0,1.0,0.9870938576293644,0.9958022234795,0.9978358709346803,0.9950231647662043,0.998119568575723,0.9937746793603771,0.9164356265445212,0.5463363907372777,3.0
512,0.0,0.0,0.0,0.0,0.0,0.0,0.0,0.0,0.0040349940415303105,0.003383023633987497,0.004113190358150753,0.0017185985793084207,0.00801390418648759,0.0036021971504901326,0.010728167694883663,0.0009454485206892013,2.0
513,1.0,1.0,1.0,0.0,1.0,0.0,1.0,0.0,0.8470479655246743,0.9586124972311484,0.5437644091535243,0.5068849829000251,0.43553524161253393,0.039405270302691704,0.7342921879065034,0.11871784405386542,1.0
514,1.0,1.0,1.0,1.0,1.0,1.0,1.0,0.0,0.9052766397365396,0.9497083973091194,0.9273786822928273,0.9418994801714458,0.9824164474115619,0.9575986800001737,0.47142851215934994,0.025000773775220024,1.0
515,0.0,1.0,1.0,0.0,1.0,0.0,0.0,0.0,0.378988298310341,0.5435088767745434,0.23881967192284903,0.08365901435175542,0.7638168258986175,0.12247145658794892,0.17697780843703173,0.04200439770850523,3.0
516,0.0,0.0,0.0,0.0,1.0,0.0,0.0,0.0,0.018845862065955107,0.42395609794360517,0.1608517663368647,0.008390104141244324,0.831332406073572,0.0370177270079871,0.06893092991711744,0.0031541850571529632,2.0
517,0.0,0.0,0.0,0.0,0.0,0.0,0.0,0.0,0.002975756197494164,0.0021317894791658193,0.0029514624558705372,0.001958823111426677,0.004523093210731619,0.0017361149701805132,0.006671298376739271,0.0006835677066095088,3.0
518,1.0,1.0,1.0,1.0,1.0,1.0,1.0,1.0,0.9781598267740873,0.9919511585771296,0.9881155075098002,0.9914324209847067,0.9942809115774006,0.9710605569464502,0.9219003996323135,0.8162304502045035,1.0
519,0.0,1.0,1.0,0.0,1.0,0.0,1.0,0.0,0.32302226056248545,0.6998607101078161,0.3463198490015728,0.023004823461661786,0.562822978386704,0.025127489323811335,0.07237085711215514,0.04928330975111486,2.0
520,0.0,1.0,0.0,0.0,1.0,0.0,0.0,0.0,0.04405264134019223,0.20088290524885846,0.08113017104179669,0.015986134785057823,0.884567065301607,0.13103542619909114,0.027773844439458132,0.0029442429542162088,4.0
521,0.0,0.0,0.0,0.0,1.0,0.0,0.0,0.0,0.03330251736685393,0.5397888157127627,0.04448508772143084,0.008562060051847328,0.9060766817030265,0.06908771076085209,0.0198742778807381,0.0013164026713439717,2.0
522,1.0,1.0,1.0,1.0,1.0,1.0,1.0,1.0,0.8846634073704779,0.9769343133289414,0.9809631164847172,0.643708190519898,0.9400762461625887,0.6981765742647986,0.6485562734114311,0.5272051803561936,1.0
523,0.0,0.0,0.0,0.0,0.0,0.0,0.0,0.0,0.009089197222343314,0.00612837448750652,0.004328332127206675,0.0015541060440701518,0.02581850091231768,0.003280120597190162,0.024096500923138368,0.002521908735803725,0.0
524,1.0,1.0,1.0,1.0,1.0,1.0,1.0,0.0,0.9789233706243621,0.9969684534809689,0.9940255179548336,0.9919987154784752,0.9979035131247171,0.9926102469580045,0.4604085155425631,0.10501777352582438,4.0
525,1.0,1.0,1.0,1.0,1.0,0.0,1.0,1.0,0.9841398458536865,0.9090476304042733,0.8029854916500355,0.9879295405328623,0.8906315475285509,0.39977698055285416,0.5243525663454573,0.5751050421759583,0.0
526,0.0,1.0,1.0,1.0,1.0,1.0,0.0,0.0,0.06098874166123476,0.28834593667076963,0.31702097557230596,0.4971495220806173,0.6924482199281186,0.4347072988847097,0.034746224598132175,0.002402939846646066,0.0
527,1.0,1.0,1.0,1.0,1.0,1.0,1.0,1.0,0.9959777744611121,0.9709417041212215,0.9834925693939484,0.9843346913962181,0.9962004644009318,0.9710559304386602,0.7943040051427032,0.9685776722825868,2.0
528,1.0,1.0,1.0,1.0,1.0,1.0,1.0,1.0,0.9932117988009211,0.9977553881091487,0.9939193594136506,0.9912166119507805,0.9976745614400596,0.9983256616898594,0.9097163559462201,0.32919689198011004,1.0
529,0.0,0.0,0.0,0.0,0.0,0.0,0.0,0.0,0.005078454098654699,0.004433526731798025,0.0065377312010056685,0.0015450859919382554,0.01136058317774855,0.0028211895560013253,0.008396171681665598,0.0008345227956516736,1.0
530,0.0,0.0,0.0,0.0,0.0,0.0,0.0,0.0,0.004049962998691931,0.0033156657231564065,0.0021583545111003356,0.0008026344333211956,0.011504943619352677,0.0017434605622489814,0.010901009157601798,0.0011962696080292947,0.0
531,0.0,0.0,0.0,0.0,0.0,0.0,0.0,0.0,0.006720244068807599,0.0083748177791619,0.018304652269454682,0.008132921578070162,0.03352596163571077,0.008924602878347891,0.008527276341455345,0.0017735906394723755,1.0
532,0.0,0.0,0.0,0.0,0.0,0.0,0.0,0.0,0.002575622825855163,0.003707952812968802,0.0035450300410960556,0.0007111243555835993,0.005905774569154099,0.002008824343678872,0.007288378538313845,0.0007215013318181504,0.0
533,1.0,1.0,1.0,1.0,1.0,1.0,0.0,1.0,0.9862959546638089,0.9771232452266303,0.9586475429798649,0.9809784576810202,0.9356246117142243,0.6883303063290435,0.5935229585542524,0.7830163040110861,0.0
534,0.0,0.0,0.0,0.0,0.0,0.0,0.0,0.0,0.0037648878934283822,0.002810903958616188,0.002366141058328673,0.0006670046821397715,0.0064563313817262765,0.0016294994968348887,0.009098944206628965,0.0008341764053534444,0.0
535,0.0,1.0,1.0,0.0,1.0,1.0,0.0,0.0,0.15577358771976094,0.8561651228927135,0.5988353872165757,0.010801698856024416,0.8570171948031345,0.3116947306033791,0.047613508122677305,0.01596860927575176,0.0
536,1.0,1.0,1.0,1.0,1.0,1.0,1.0,1.0,0.9930628993739965,0.9968119824266083,0.9939966630328684,0.9867829266568361,0.9974258266439113,0.9824336678790468,0.8768225459953032,0.7393608987369786,2.0
537,1.0,1.0,1.0,1.0,1.0,1.0,0.0,0.0,0.9023953236698976,0.9980174244953303,0.9986560637868925,0.984269920993145,0.9965681334578472,0.9882820650397846,0.6174706175059785,0.23181822225905516,2.0
538,1.0,1.0,1.0,1.0,1.0,1.0,1.0,0.0,0.9582045757433603,0.9950484691342225,0.9878446485632448,0.9892854236114487,0.9967254576540509,0.9879231794991453,0.9582421822642712,0.4939105731448268,2.0
539,0.0,0.0,0.0,0.0,0.0,0.0,0.0,0.0,0.003312755033824784,0.0025743215930791306,0.0024908433304123047,0.0006938723985982968,0.008551069238349123,0.0016922176997049405,0.007409023863722743,0.0008599918188717269,0.0
540,1.0,1.0,1.0,1.0,1.0,1.0,0.0,0.0,0.6800046066058384,0.9144786441108503,0.9265112041522083,0.35928381436560347,0.9652952024286984,0.5146361179363751,0.2075907334160811,0.015509951769319364,4.0
541,0.0,0.0,0.0,0.0,0.0,0.0,0.0,0.0,0.007112376358244611,0.0028333528406037354,0.004363026486099173,0.0025499941540293148,0.009181863057097214,0.004146239627374254,0.011773054567433102,0.0011515202606691005,2.0
542,0.0,0.0,0.0,0.0,1.0,0.0,0.0,0.0,0.014184846107142796,0.016425431287776286,0.012979488002009706,0.002537665096147574,0.36929770606658413,0.01829265908051225,0.03286917356360067,0.0021368172599088887,0.0
543,0.0,0.0,0.0,0.0,1.0,0.0,0.0,0.0,0.025045670486438857,0.26650082188621643,0.05233954608510761,0.004156969200132795,0.9348953927914022,0.04517965659643496,0.0562393037075083,0.001964633672395269,1.0
544,1.0,1.0,1.0,1.0,1.0,1.0,1.0,0.0,0.8495491119746236,0.9955355742944991,0.9932074390550177,0.9795124016932154,0.9968297078973055,0.9876351988031998,0.37842401223480915,0.1079090172273806,1.0
545,0.0,0.0,0.0,0.0,0.0,0.0,0.0,0.0,0.007634133736689757,0.06039649308821655,0.03270378304105902,0.003246976837484714,0.05989833350336283,0.0051293761363581745,0.026818113133816837,0.0017835458338260328,0.0
546,1.0,1.0,1.0,1.0,1.0,1.0,0.0,1.0,0.9827316939186324,0.8067996642489895,0.9844417379347707,0.9746976220919248,0.9839928428363468,0.1511370797847721,0.1498437822524209,0.726850759210848,4.0
547,1.0,1.0,1.0,1.0,1.0,1.0,1.0,0.0,0.9905949621259589,0.9959543338787628,0.9956606487019704,0.9608202680321873,0.9951893644226278,0.953344409079224,0.679863312341988,0.7577467465451939,0.0
548,0.0,0.0,0.0,0.0,0.0,0.0,0.0,0.0,0.04139185548230567,0.3416277194600327,0.26385985672897094,0.007788969682057017,0.41034772633183086,0.038715452157333,0.40209133897424715,0.01603908612907778,0.0
549,1.0,1.0,1.0,1.0,1.0,1.0,1.0,1.0,0.9932842034591675,0.9888303792380826,0.9976673857019934,0.921049668304532,0.9974854904410109,0.9855978411317448,0.8991078406330526,0.7042189026146851,0.0
550,0.0,0.0,0.0,0.0,0.0,0.0,0.0,0.0,0.002351717238446837,0.002233360910649129,0.0029896466218897488,0.0018807558013273853,0.005588222486959397,0.0018141949541059855,0.0057977219467713805,0.0004975386367242614,3.0
551,0.0,0.0,0.0,0.0,0.0,0.0,0.0,0.0,0.007408969890035079,0.007997839996276871,0.005244970030931588,0.0017890651537113816,0.009960573424457362,0.004883402297121766,0.012104650502877446,0.0012087588166014031,1.0
552,0.0,0.0,0.0,0.0,0.0,0.0,0.0,0.0,0.005999386132577958,0.005777138724745523,0.008229032774481611,0.003986512333163313,0.007262974540176059,0.005246015325009178,0.015470318963054773,0.0012638166182863853,2.0
553,0.0,0.0,0.0,0.0,0.0,0.0,0.0,0.0,0.0177914120045703,0.007823277439884207,0.010086742751623278,0.00559024979666745,0.017490721143397652,0.007201783330723826,0.05327577749431349,0.002909720754877811,4.0
554,1.0,1.0,1.0,1.0,1.0,1.0,1.0,1.0,0.9798961529362277,0.9846769260897792,0.9717400439293031,0.9471969374029503,0.9791553209164872,0.8518181056979877,0.9443071813553501,0.7194080011119625,2.0
555,1.0,1.0,1.0,1.0,1.0,1.0,0.0,0.0,0.9517850914811411,0.9835995311818574,0.9786526924396215,0.9036372226906382,0.9925548592205169,0.9933211095259188,0.6953357408786269,0.4498324923050836,4.0
556,1.0,1.0,1.0,1.0,1.0,1.0,1.0,0.0,0.9826823263907981,0.998089634362635,0.9977617095525879,0.9943999446025771,0.9990684601458405,0.9977625960730575,0.9918506933205863,0.8700532660389403,4.0
557,1.0,1.0,1.0,0.0,1.0,1.0,0.0,0.0,0.34413948910287734,0.2057739254134987,0.528199912643673,0.0809772920888388,0.6771309071001363,0.1410930510827409,0.09971165460874168,0.006353342521522162,1.0
558,1.0,1.0,1.0,1.0,1.0,0.0,1.0,1.0,0.9681562045105232,0.9610823233136302,0.8485182188349406,0.611417058967184,0.9030169544940888,0.15817910131838822,0.5801228546569742,0.2701756743559739,2.0
559,0.0,0.0,0.0,0.0,0.0,0.0,0.0,0.0,0.003197240674551034,0.0024458998957729797,0.0024610991024865067,0.0017175135603344084,0.004358435888566852,0.0024646856516429665,0.009641354294136555,0.0012790062080180896,2.0
560,0.0,0.0,0.0,0.0,0.0,0.0,0.0,0.0,0.022107515369132323,0.28794288143237223,0.2637849574507145,0.02226172569141477,0.7090574976037881,0.18500717149484577,0.06737038184409844,0.006277894541032347,4.0
561,0.0,0.0,0.0,0.0,0.0,0.0,0.0,0.0,0.007280848694423956,0.03156293067645878,0.03123150035770743,0.007252612956721116,0.09621758507714537,0.006470956383198438,0.02091495247979339,0.0033472762734055752,4.0
562,0.0,0.0,0.0,0.0,0.0,0.0,0.0,0.0,0.006488241997574043,0.009588992894386887,0.008717865109761021,0.0032773389838352926,0.02955830355205897,0.004901452534084395,0.011053989624033204,0.0012815213011831295,4.0
563,1.0,1.0,1.0,1.0,1.0,1.0,1.0,1.0,0.9986593958005919,0.9937480085965708,0.9971977844705229,0.9923459310827046,0.9930263876451682,0.9770968593384973,0.8372501445701147,0.9236357763027887,4.0
564,1.0,1.0,1.0,1.0,1.0,1.0,1.0,1.0,0.9986463232960181,0.9928528870512098,0.991715875848523,0.9598255614928292,0.988754036816324,0.93114248488893,0.7133347255063858,0.9649386438637545,4.0
565,0.0,0.0,0.0,0.0,0.0,0.0,0.0,0.0,0.0038817953346759024,0.004189690487451888,0.006066315302666354,0.003482607750596891,0.011255423617809294,0.0026662951390679485,0.011312684239575559,0.0018462211056610317,4.0
566,0.0,0.0,0.0,0.0,0.0,0.0,0.0,0.0,0.010350308987048938,0.009683579431076126,0.01561774905747303,0.005419116841523593,0.029165848846901446,0.008556587194972829,0.02200775383377684,0.0027244740991930723,4.0
567,1.0,1.0,1.0,1.0,1.0,1.0,0.0,1.0,0.9800301279851507,0.9910051351822874,0.9772246899572254,0.8675183525771418,0.9959433707561846,0.9830895419010186,0.46743984522080484,0.12483231844475381,2.0
568,1.0,1.0,1.0,1.0,1.0,1.0,0.0,1.0,0.9419308677458846,0.984829136082706,0.9948442592687077,0.9880954605153077,0.9873796723912973,0.9716263700514807,0.7927995532939106,0.47155597623634943,1.0
569,0.0,0.0,0.0,0.0,0.0,0.0,0.0,0.0,0.006964077230373369,0.021419994604824664,0.014868709551009359,0.002398680522261342,0.012822499910150826,0.011551761431836718,0.015286715277972512,0.0012515768016867928,3.0
570,1.0,1.0,1.0,1.0,1.0,1.0,1.0,0.0,0.8398544886690642,0.9872708333911253,0.993575029949248,0.9872595106667312,0.9945816905380408,0.9553077556367049,0.6754178136517329,0.2044518765097684,1.0
571,0.0,0.0,0.0,0.0,0.0,0.0,0.0,0.0,0.009237893880207652,0.007907445563404865,0.00615501393303091,0.0023960700337412335,0.010701574189370951,0.0047345623646222025,0.02082163520164328,0.0015581069481352722,3.0
572,1.0,1.0,1.0,1.0,1.0,0.0,1.0,1.0,0.9607117993790061,0.9741899082432828,0.9537151307267642,0.853498843054539,0.9886476366212467,0.5704145384598903,0.6002752171524887,0.3141252215951093,1.0
573,0.0,0.0,0.0,0.0,0.0,0.0,0.0,0.0,0.008432017349843298,0.0056923503779796915,0.006773680015288884,0.0031021336144065052,0.031477886093777004,0.007200283613063858,0.023512103833056908,0.0024529312712530463,4.0
574,0.0,0.0,0.0,0.0,0.0,0.0,0.0,0.0,0.002513822200387214,0.0037299091271530502,0.0039158850546321695,0.0022668999954952493,0.012259316826837273,0.003920656018766476,0.006930698423922774,0.0016509561002826312,4.0
575,1.0,1.0,1.0,1.0,1.0,1.0,1.0,1.0,0.9847780694244196,0.9948707680780692,0.9707009665595077,0.9564004935753252,0.9927643238406235,0.9614377568651717,0.6536660307423791,0.8166745917019966,2.0
576,1.0,1.0,1.0,1.0,1.0,1.0,1.0,0.0,0.9892840934852231,0.9887206732256935,0.9898778579701035,0.9818120162170443,0.9773768838460367,0.701061002579566,0.8949460773880408,0.55015657789771,0.0
577,1.0,1.0,1.0,1.0,1.0,1.0,1.0,1.0,0.9965241656965028,0.9944874072868811,0.9897887605801726,0.9607633179293525,0.9843501377755024,0.7625069088033928,0.9096989729088713,0.836022506717235,4.0
578,0.0,1.0,1.0,1.0,1.0,0.0,1.0,0.0,0.11487665155630775,0.2145658340776445,0.34466227597727334,0.13078328875123757,0.40473785201253604,0.047059745633509606,0.09110955898639887,0.005873020372317288,0.0
579,0.0,0.0,0.0,0.0,0.0,0.0,0.0,0.0,0.03188377790712397,0.04677228608384694,0.02274954895268546,0.007348104540799583,0.11895468568713809,0.03073617793632791,0.026007704823549277,0.0022503554891688295,3.0
580,1.0,1.0,1.0,1.0,1.0,1.0,1.0,1.0,0.9791044054496033,0.9985770644238647,0.9969364578524708,0.9909690169344989,0.9970151880230822,0.9805119522544375,0.8222162246360306,0.11135208012455865,2.0
581,1.0,1.0,1.0,1.0,1.0,1.0,1.0,0.0,0.763136431066008,0.9889945756887725,0.963567511598492,0.6778993622311841,0.983772211639961,0.5844633103211133,0.2890639848757423,0.2711469625598733,0.0
582,1.0,1.0,1.0,1.0,1.0,1.0,1.0,1.0,0.9895168773219291,0.9633933707519183,0.9740093420570398,0.9777133215018728,0.8803679538481549,0.9565894242332235,0.5688391634371083,0.6549765438985744,2.0
583,1.0,1.0,1.0,1.0,1.0,0.0,0.0,1.0,0.9300503101585352,0.870997853975442,0.9880753663397023,0.9853379067836071,0.9899864980065237,0.6774060534603098,0.4866995621641036,0.28076262666557184,1.0
584,1.0,1.0,1.0,1.0,1.0,0.0,0.0,1.0,0.9150711146322015,0.8866429552032146,0.9876541545495401,0.9886894423183162,0.9914956357314725,0.6996342013618112,0.5281392567440218,0.23528578487418808,1.0
585,0.0,0.0,0.0,0.0,0.0,0.0,0.0,0.0,0.003396645999989607,0.0025419175638526584,0.002518279917686587,0.0006385002818473294,0.007396296656651099,0.0016801803006527545,0.00779493324709982,0.0007687818088958629,0.0
586,1.0,1.0,1.0,1.0,1.0,0.0,1.0,1.0,0.9892621255157135,0.9617976312818892,0.9291563849335128,0.9314342280811752,0.8037734572638686,0.7404330773018136,0.7271151383786428,0.8423489532325978,3.0
587,1.0,1.0,1.0,1.0,1.0,1.0,1.0,1.0,0.9837263904044143,0.9863496410506714,0.7640247167893828,0.9368279595271264,0.975725099215005,0.7510036265242956,0.6681309351596217,0.9352045767197749,0.0
588,0.0,0.0,0.0,0.0,1.0,0.0,0.0,0.0,0.07799366428550657,0.2616687277429212,0.37248569142219085,0.023729926202151756,0.30415762204691316,0.033352655748164914,0.21961667760399423,0.01747428681271254,1.0
589,0.0,0.0,0.0,0.0,0.0,0.0,0.0,0.0,0.0084290798486915,0.004279286766605347,0.006013592900824613,0.0031459710100865093,0.011729358219107837,0.004012805301146549,0.01051825616725655,0.0013298624914315704,1.0
590,0.0,0.0,0.0,0.0,0.0,0.0,0.0,0.0,0.003343761437072066,0.0030701269647832657,0.0035390342068787896,0.0021219822202277225,0.0053331746371121135,0.0021513775788848965,0.007031681393605144,0.0009025227895576957,1.0
591,0.0,0.0,1.0,1.0,1.0,0.0,0.0,0.0,0.6261232817236585,0.9216291128751414,0.9792838228227535,0.9344486780129959,0.9918915791431475,0.6277173307168525,0.3033053263909423,0.022429366153861156,2.0
592,0.0,0.0,0.0,0.0,0.0,0.0,0.0,0.0,0.0033624117677398054,0.003275599650789663,0.0031985122453979144,0.002136447061535012,0.005878834434290576,0.002735667179206007,0.013535617473405823,0.0014855287172012854,4.0
593,0.0,0.0,0.0,0.0,0.0,0.0,0.0,0.0,0.004791436572533484,0.0032616262208064713,0.005093633173967527,0.0018115765059639392,0.010251906191884496,0.0032321614349194814,0.011886623052254889,0.0010157923002276554,2.0
594,1.0,1.0,1.0,1.0,1.0,1.0,0.0,0.0,0.9272699433677427,0.9725079953166209,0.9833233726271107,0.8123995004773419,0.9849511591734108,0.9738523228613619,0.17937947537840185,0.05644220787105096,0.0
595,0.0,0.0,0.0,0.0,0.0,0.0,0.0,0.0,0.008808490754744509,0.00641643381080364,0.0065506307599275185,0.0008636036928691526,0.014955593125379555,0.005128639153129541,0.00888555282363222,0.001173425455541835,0.0
596,0.0,0.0,0.0,0.0,0.0,0.0,0.0,0.0,0.008078286555704892,0.0040529818148444885,0.012465428115102666,0.0025830937782996216,0.011198546796993924,0.006444268808791704,0.017043744343518106,0.001274996986568017,2.0
597,0.0,0.0,0.0,0.0,0.0,0.0,1.0,0.0,0.38443160669369275,0.5918458817354634,0.4769071225848413,0.10175282646906157,0.4013159898650002,0.22086994563804116,0.6314029653062343,0.18902062480407453,1.0
598,0.0,0.0,0.0,0.0,0.0,0.0,0.0,0.0,0.009124183065273437,0.007793035932006357,0.00777798886059638,0.003225392261941534,0.009537906861815664,0.00628250386070204,0.023412007752982814,0.0012110442379761207,1.0
599,1.0,1.0,1.0,1.0,1.0,1.0,1.0,1.0,0.9943650510770364,0.9937933439646901,0.980237140508204,0.9940418573868774,0.9746254182790626,0.8784930374781461,0.9093448340513363,0.9747884233597781,1.0
600,1.0,1.0,1.0,1.0,1.0,1.0,1.0,0.0,0.9896205381960599,0.9909676385324698,0.9949854879294323,0.9751824977166493,0.9924843933771839,0.9943918752552696,0.8451666836941768,0.6312651667808605,4.0
601,0.0,0.0,0.0,0.0,0.0,0.0,0.0,0.0,0.028420584140871594,0.007320097972856279,0.014263268229335449,0.0073420642273496085,0.01883299945250324,0.004418045733736955,0.02051372184831786,0.0027765517097582573,1.0
602,1.0,1.0,1.0,1.0,1.0,1.0,0.0,0.0,0.9552898482479748,0.9898018931520268,0.9959761978379337,0.9922196865963211,0.9989750201372737,0.9852755051163017,0.8350912141390492,0.05144796237394626,1.0
603,0.0,0.0,0.0,0.0,0.0,0.0,0.0,0.0,0.005569238129171114,0.004032787119688734,0.006064774444258458,0.002073768186684744,0.010185833376113479,0.0029335850837836626,0.017005463819052748,0.0012778247902081336,1.0
604,1.0,1.0,1.0,1.0,1.0,1.0,1.0,1.0,0.9906702832234928,0.9959049374011157,0.9951103783541995,0.9969367118963032,0.9962914209278062,0.9841845015798988,0.8840214512620085,0.9438448457411759,0.0
605,1.0,1.0,1.0,0.0,1.0,0.0,0.0,0.0,0.6530391267983027,0.9646882209449519,0.9427931363107322,0.815063207707888,0.9500764579097222,0.7148839997895732,0.7494791109851088,0.2802171890145049,1.0
606,0.0,0.0,0.0,0.0,0.0,0.0,0.0,0.0,0.2620843860811734,0.19880824444115613,0.6583023851741743,0.014933596317451366,0.9427975427572648,0.10786364285740088,0.042898376395712576,0.006219952565417488,3.0
607,1.0,1.0,1.0,1.0,1.0,1.0,1.0,0.0,0.9962321830113687,0.9982463273817241,0.9950921635970483,0.9818518433712599,0.996983599645196,0.9696971689836857,0.6342890158631769,0.46783297898087195,3.0
608,0.0,0.0,0.0,0.0,0.0,0.0,0.0,0.0,0.005686279575879817,0.00252361054552898,0.002919093663074353,0.0018612502247900627,0.003998843632466007,0.0015248026716687044,0.011682176764984304,0.0007940985734934537,3.0
609,0.0,0.0,0.0,0.0,0.0,0.0,0.0,0.0,0.004734981758416055,0.005389052950327226,0.0033201226385675066,0.0018809713810328398,0.009073335355398334,0.003527981449928565,0.007471190900634512,0.0006970620141058407,3.0
610,0.0,0.0,0.0,0.0,0.0,0.0,0.0,0.0,0.004835113589799003,0.005102763514502512,0.006254102239810853,0.0020002166082667694,0.014086217318103965,0.002558880178853619,0.01679641215709542,0.0011247702557306935,3.0
611,1.0,1.0,1.0,0.0,1.0,1.0,1.0,0.0,0.4805206947746649,0.5909526399373723,0.6016264017295667,0.6712612368182471,0.7088788283165403,0.6334909114025642,0.3351053749348342,0.023915776637599123,0.0
612,1.0,1.0,1.0,1.0,1.0,1.0,0.0,1.0,0.9932238051607987,0.9778435826324127,0.9647177022053549,0.8199425801925331,0.9757869586785999,0.9863542288092955,0.367568176056088,0.3093580455818223,4.0
613,1.0,1.0,1.0,1.0,1.0,1.0,1.0,1.0,0.9977960600552627,0.9982291962070967,0.997685444594286,0.9972392425550703,0.9975912640867242,0.9945194111905183,0.9775065968136718,0.992644569072069,2.0
614,0.0,0.0,0.0,0.0,0.0,0.0,0.0,0.0,0.004387339090995263,0.007070140872841553,0.008258961335860862,0.0011757496915853556,0.018852431695408484,0.0033921120873618873,0.025246211423613597,0.002135004608031336,0.0
615,1.0,1.0,1.0,1.0,1.0,0.0,0.0,0.0,0.8244264572341227,0.9046435845782275,0.8144726563530894,0.40377489370702163,0.9030659538769904,0.17300386900223744,0.2090645879248576,0.05062858382071358,0.0
616,1.0,1.0,0.0,1.0,0.0,0.0,1.0,1.0,0.8445617828019728,0.8946828096083335,0.4782727512043372,0.6249612959260308,0.9264909894969727,0.11170317133979471,0.8069308596594181,0.30414997943236255,2.0
617,0.0,1.0,0.0,0.0,0.0,0.0,0.0,0.0,0.3130051363992546,0.9743969547380021,0.7210482546391142,0.01700858349632443,0.8542038535279388,0.19506762060792812,0.17030226092695647,0.01519236024235759,0.0
618,1.0,1.0,1.0,1.0,1.0,1.0,1.0,1.0,0.6733579168533186,0.9863158005712924,0.9590669008445369,0.9113448926706789,0.98082634923506,0.9730917536732738,0.7392177710294681,0.029487448665246923,0.0
619,0.0,1.0,1.0,1.0,1.0,1.0,0.0,0.0,0.3962099408063787,0.9534921912277776,0.9758213388036153,0.9300970808221788,0.9613645428669549,0.9707256229248139,0.31952485113979323,0.005666367563534505,4.0
620,0.0,0.0,0.0,0.0,0.0,0.0,0.0,0.0,0.01505632627448857,0.009400760180571897,0.013115235918216776,0.0037748689084698963,0.036311724671285794,0.008477864113987797,0.018357233275118397,0.0013238527955793482,0.0
621,0.0,0.0,0.0,0.0,0.0,0.0,0.0,0.0,0.00585728951436866,0.008601119594324231,0.004717875174562703,0.00205309384631617,0.010961414267372715,0.004757139793665431,0.014832849182440237,0.0013428933835372943,1.0
622,0.0,0.0,0.0,0.0,0.0,0.0,0.0,0.0,0.004315063280263756,0.0029986376220245904,0.0036736000488946695,0.0017537752369300406,0.008924300000207998,0.002533525429296346,0.006555709205007602,0.0012036922719845713,1.0
623,1.0,0.0,1.0,1.0,1.0,0.0,0.0,0.0,0.5126739024350456,0.8862292166661521,0.6044518426490322,0.08529026710902136,0.8805228232403947,0.027875809867794605,0.1517337915278429,0.12856287686773857,3.0
624,1.0,1.0,1.0,1.0,1.0,1.0,1.0,0.0,0.9837566420207137,0.9986877005628225,0.998497973312745,0.9944484127302964,0.9992613195570297,0.9977651753143025,0.8003875920389576,0.7195270889517842,3.0
625,0.0,0.0,0.0,0.0,0.0,0.0,0.0,0.0,0.006966079775734317,0.006891547916338971,0.0035457085881411632,0.0012915515190331035,0.011502558730563243,0.004645277226638149,0.011466960665196419,0.001629247843671073,0.0
626,0.0,1.0,1.0,1.0,1.0,1.0,0.0,0.0,0.3830067929810587,0.7503828633927332,0.9488763207986173,0.9390286597095605,0.9917259106804746,0.9335221987297191,0.2111883186609706,0.0073112252904814585,0.0
627,1.0,1.0,1.0,0.0,1.0,0.0,1.0,0.0,0.9328113121762593,0.96475864995003,0.8915996004541851,0.4626985314478395,0.6007479551036995,0.4374488791375242,0.6357324636453122,0.1940799411611341,3.0
628,0.0,0.0,0.0,0.0,0.0,0.0,0.0,0.0,0.019814539261584888,0.02102857686795627,0.03803634284615417,0.010492203285958075,0.0760146029903334,0.012760078156551563,0.01794709524396014,0.0020856791770873704,1.0
629,1.0,1.0,1.0,1.0,1.0,1.0,1.0,1.0,0.9919824075582104,0.9981385372680815,0.9981262537768267,0.99629860830424,0.9987813269543115,0.99814020667979,0.8699174549063522,0.7334501749856619,0.0
630,1.0,1.0,1.0,1.0,0.0,0.0,1.0,0.0,0.9268267651778842,0.9826676823384017,0.7873861263585306,0.5293812478233606,0.9210630385091813,0.051216698807549865,0.6752027283995031,0.1770714406795508,2.0
631,0.0,0.0,0.0,0.0,0.0,0.0,1.0,0.0,0.028474756701020405,0.07595396653453347,0.13943227858778767,0.027089739538960586,0.12399609715296113,0.015521918329907453,0.018417541659074763,0.004917416675729896,1.0
632,0.0,0.0,0.0,0.0,1.0,0.0,0.0,0.0,0.0065748980617685695,0.018210093354126572,0.01652062886494421,0.004420993987229301,0.01976961496068047,0.003504094955274475,0.014752220380502633,0.0019600396842208113,3.0
633,0.0,1.0,1.0,0.0,1.0,1.0,0.0,0.0,0.49265826016138764,0.9799321973817554,0.979690393775353,0.26867465545692476,0.9716404475171101,0.9674691901643773,0.29920262027553424,0.2645756939517681,2.0
634,0.0,0.0,0.0,0.0,0.0,0.0,0.0,0.0,0.005322495805460597,0.0038399753109146085,0.004440782967212282,0.0026039108525969874,0.005731636271646859,0.0022196396350016674,0.011545150016189746,0.0011269263286628269,1.0
635,1.0,1.0,1.0,1.0,1.0,1.0,1.0,0.0,0.997057977893223,0.9978573162108929,0.9981460820565035,0.9946200257010688,0.9979710346701739,0.9948885710370893,0.9375776568930567,0.9753008893332468,2.0
636,0.0,0.0,0.0,0.0,0.0,0.0,0.0,0.0,0.004796213357669244,0.003472269925752395,0.005008040919809694,0.0022379169324007664,0.01867860053391528,0.004252172809177333,0.008987928723306553,0.0006607835500312297,2.0
637,1.0,1.0,1.0,0.0,1.0,0.0,0.0,0.0,0.7783189723119722,0.9925492868033452,0.9561808288844433,0.7086740410638691,0.9409327418466992,0.7354759034953499,0.21006710552381397,0.09511799530335446,3.0
638,0.0,0.0,0.0,0.0,0.0,0.0,0.0,0.0,0.003682276167066763,0.0027865551331039337,0.0024243115350716412,0.0006833796788915562,0.010921006055299066,0.001651604454833594,0.00845279271847897,0.000832074121786384,0.0
639,0.0,0.0,0.0,0.0,0.0,0.0,0.0,0.0,0.005737762266710229,0.025815504601883654,0.015994297946729925,0.004259677516361945,0.026735319216936247,0.003353028449574801,0.009778502905854879,0.0018176918963973582,3.0
640,0.0,0.0,0.0,0.0,0.0,0.0,0.0,0.0,0.9564991391433253,0.9553897403674811,0.9360424127364622,0.8617927420239476,0.9682925319770653,0.28524285004430494,0.88237536418303,0.5754460883666647,3.0
641,1.0,1.0,1.0,1.0,1.0,1.0,1.0,1.0,0.9973549141022326,0.996892595408389,0.9972825906020536,0.9963451619108288,0.9973237902316163,0.9048398855476695,0.9390419232445405,0.8799664375636326,3.0
642,1.0,1.0,1.0,1.0,1.0,1.0,0.0,1.0,0.988520249302022,0.9970596183102158,0.9926057427391045,0.9465590603593889,0.998097267420352,0.992187450474806,0.5516705470343624,0.383539521313474,4.0
643,0.0,1.0,1.0,1.0,1.0,1.0,1.0,0.0,0.9226766826815527,0.9962433514255428,0.9968360703049824,0.9893876336089998,0.9986542497494183,0.9741449822244657,0.5081540993913422,0.08992762107315182,2.0
644,0.0,0.0,0.0,0.0,0.0,0.0,0.0,0.0,0.00523552429994128,0.005050432555948332,0.004359169319441473,0.0018811947510960964,0.01085486540516854,0.002732811104915629,0.015314606537835907,0.0009874228162257126,1.0
645,1.0,1.0,1.0,1.0,1.0,1.0,0.0,0.0,0.931532049970204,0.9889023142057917,0.9922918486058142,0.9822140439746683,0.9915636248817138,0.9273878225922667,0.2517482189422964,0.06985802687815061,4.0
646,1.0,1.0,1.0,1.0,1.0,1.0,0.0,1.0,0.3350723287435477,0.9531844024693421,0.9267298086170936,0.672402539370302,0.9723607899960166,0.9508887443269319,0.04659502982393038,0.5831754057985364,4.0
647,1.0,1.0,1.0,1.0,1.0,1.0,1.0,0.0,0.9885280129347352,0.9941676959771145,0.9907092341242717,0.9901708941222478,0.9961443322869052,0.99099016182238,0.7312511322805905,0.14313934925250238,4.0
648,0.0,0.0,0.0,0.0,0.0,0.0,0.0,0.0,0.0062647311385788445,0.004694904429334468,0.006746205496283233,0.0026503186826621955,0.013389605954333975,0.004386476717587944,0.010362600580283595,0.00120595390695019,3.0
649,1.0,1.0,1.0,1.0,1.0,1.0,0.0,1.0,0.9810373860230741,0.963180989753457,0.9926092236898548,0.9913738887594217,0.9966166447787136,0.991801832265085,0.5900369300869951,0.7222154818676872,1.0
650,0.0,0.0,0.0,0.0,0.0,0.0,0.0,0.0,0.0043089477821378055,0.002658106647474287,0.0032681352270013276,0.001976335428024968,0.010017144773200164,0.0024847826057814346,0.03051314949752122,0.0013977971570018957,2.0
651,1.0,1.0,1.0,1.0,1.0,1.0,0.0,0.0,0.7225333901946038,0.9736731642166928,0.9834378080001522,0.9653198636449121,0.9956738696067404,0.9590921008036898,0.23792630262951495,0.051238519546224104,3.0
652,1.0,1.0,1.0,1.0,1.0,1.0,0.0,0.0,0.9859884399040397,0.9833828512625772,0.9362506754716248,0.9107247990314902,0.9799909241686282,0.9838895973422193,0.3079201080531608,0.1552101983190013,2.0
653,1.0,1.0,1.0,1.0,1.0,1.0,1.0,1.0,0.9626098325335672,0.9951543850953688,0.9976188553966272,0.982990123591157,0.9969169610760423,0.9680458812402827,0.8946728085075142,0.9083548832110167,1.0
654,1.0,1.0,1.0,1.0,1.0,1.0,0.0,0.0,0.9956419111186325,0.9841451579865983,0.9769047954998799,0.9609096126077863,0.993056644066973,0.9329023573304748,0.6318231520276888,0.687022837631654,4.0
655,0.0,0.0,0.0,0.0,0.0,0.0,0.0,0.0,0.00595586767427459,0.005278801296276467,0.003920805416656011,0.0027768981495646288,0.00799567896874164,0.0043799700887744136,0.012170258478399717,0.0014634200807617972,2.0
656,1.0,1.0,1.0,1.0,1.0,1.0,1.0,1.0,0.9959991659835217,0.9586455973679552,0.985861559926006,0.9907858370723184,0.9756051296086391,0.6173736546469026,0.9684055494833509,0.9753327819728226,0.0
657,0.0,0.0,0.0,0.0,0.0,0.0,0.0,0.0,0.005626317389713558,0.0035926649484792927,0.007612374826581225,0.002229585222976658,0.009350326388972615,0.003956367866691001,0.011792248055895684,0.0006329115315493923,2.0
658,1.0,1.0,1.0,1.0,1.0,1.0,1.0,0.0,0.9572874003421344,0.9888961496182165,0.9972803897684693,0.9885058974612544,0.9988442137008137,0.9870536385389633,0.6502913932763689,0.07702430317664923,3.0
659,1.0,1.0,1.0,1.0,1.0,1.0,1.0,1.0,0.9936380959770049,0.9990792596367113,0.9980790866134118,0.9952166525931201,0.9987389783870803,0.9854435115603157,0.918564523542985,0.9379587417799935,3.0
660,0.0,0.0,0.0,0.0,0.0,0.0,0.0,0.0,0.007673423740643259,0.0056177719157829865,0.006104167378129441,0.0028414399268012883,0.008100533903789271,0.003534108434896565,0.017798972987524225,0.0019222714514001557,1.0
661,0.0,0.0,0.0,0.0,0.0,0.0,0.0,0.0,0.002896802992489162,0.003276599993797789,0.0038278070676652336,0.002465029155455377,0.007916962995785598,0.002393407770516928,0.013802185003761859,0.0012067498501450087,4.0
662,0.0,0.0,0.0,0.0,0.0,0.0,0.0,0.0,0.028722621699946705,0.029454212686541022,0.01983067046015068,0.004064843005113799,0.11709170332526025,0.03635163340587133,0.04421398169573862,0.0018652880413894473,1.0
663,0.0,0.0,0.0,0.0,0.0,0.0,0.0,0.0,0.01526669248717237,0.023241846817437694,0.028255404588216203,0.007394256418783799,0.041004804056254444,0.017266401426546174,0.01339900003085573,0.0017806260128872993,4.0
664,1.0,1.0,1.0,1.0,1.0,1.0,1.0,1.0,0.9761245917810675,0.9905656936764229,0.9837893552078232,0.7782667398522826,0.984613285420792,0.9702404319704185,0.9708076617206727,0.682222010962896,1.0
665,0.0,0.0,0.0,0.0,0.0,0.0,0.0,0.0,0.004157230733194246,0.004662303502362379,0.004787283556905382,0.0017324483259828797,0.011051477985704156,0.003131302286671987,0.007069117242243828,0.001028412671768233,1.0
666,1.0,1.0,1.0,1.0,1.0,1.0,1.0,1.0,0.9811338970348141,0.9863884169221799,0.9960147628942485,0.9872026216687123,0.9849336156066083,0.9657284541844748,0.9213253973485194,0.42912516576157284,2.0
667,0.0,0.0,0.0,0.0,0.0,0.0,0.0,0.0,0.012679989136395411,0.009967619876933164,0.004580960003030439,0.0033030954007121425,0.013704873824182494,0.006846821825455904,0.04051326032928694,0.0018339310352303798,1.0
668,0.0,0.0,0.0,0.0,0.0,0.0,0.0,0.0,0.003490161259708472,0.0028151874102913857,0.0026539603438591915,0.0006646993250096827,0.012752298045613104,0.0018694827838316977,0.00697821867301878,0.0007744420012676668,0.0
669,1.0,1.0,1.0,1.0,1.0,1.0,0.0,0.0,0.9712422694478998,0.9712877819956323,0.9872201063531114,0.9719668530385702,0.9936934757875738,0.9135057176176985,0.5866131928075302,0.0604838762778077,0.0
670,0.0,0.0,0.0,0.0,0.0,0.0,0.0,0.0,0.01624361318188908,0.05324806079824017,0.04698484117778628,0.006798428767019773,0.05431778339061089,0.011180077689419445,0.022294082675520327,0.0036969813574258287,1.0
671,1.0,1.0,1.0,0.0,1.0,1.0,0.0,0.0,0.8687852292527376,0.9952074957608836,0.9898717143197537,0.7642121696862839,0.9944485349213982,0.9909540516227437,0.27647813287991146,0.2802632321997826,3.0
672,1.0,0.0,1.0,1.0,1.0,1.0,0.0,0.0,0.9306381273499068,0.8131549512657341,0.9935722282335939,0.9874714294984791,0.9974346807652482,0.3945388776243713,0.2568915486710907,0.14480009068457614,3.0
673,0.0,1.0,0.0,0.0,1.0,1.0,0.0,0.0,0.04902130576743418,0.2822988069852913,0.05388420689563404,0.004575050030201888,0.11039548085526253,0.0931896849081763,0.13185358985331497,0.004881264484231012,0.0
674,1.0,1.0,1.0,1.0,1.0,1.0,1.0,1.0,0.9920457726905142,0.9925655392417487,0.9935525013875419,0.9846247842925184,0.9855327958099356,0.8163665588564064,0.9668530708429987,0.9604883403700506,4.0
675,1.0,1.0,1.0,1.0,1.0,1.0,1.0,1.0,0.9805043870344189,0.994374744749738,0.9959028700613166,0.9929669958204751,0.99779624228229,0.9927517517035482,0.9809581418122152,0.2236471980937092,0.0
676,1.0,1.0,1.0,1.0,1.0,1.0,0.0,0.0,0.986225872506634,0.9923762103202278,0.9977747466558037,0.9895290716530329,0.9973890463260072,0.9910095030741819,0.4246543026586591,0.34168679772573957,3.0
677,0.0,0.0,0.0,0.0,0.0,0.0,0.0,0.0,0.06612030868292262,0.0398067168204663,0.08304947548587682,0.03758176912866432,0.1932597989036071,0.024905366940825388,0.050559327028222203,0.008978039517834505,1.0
678,0.0,0.0,0.0,0.0,0.0,0.0,0.0,0.0,0.011515522688223114,0.016334515186585682,0.0339747088045278,0.013478093633576296,0.0464180991105447,0.01596651438815828,0.024303983595585936,0.0023059542823524104,1.0
679,1.0,1.0,1.0,1.0,1.0,1.0,1.0,1.0,0.9968390270126102,0.9986972172326501,0.9972368511727167,0.9867164612668219,0.998034098940464,0.9902058601614502,0.9467057541959408,0.9809428317749387,3.0
680,0.0,0.0,0.0,0.0,0.0,0.0,0.0,0.0,0.004243758328239653,0.005041883141578885,0.004439066544265455,0.010176955796397097,0.010076854141848408,0.0017638156366426119,0.027815182937041636,0.0009409040246547475,3.0
681,1.0,1.0,1.0,1.0,1.0,1.0,1.0,1.0,0.9981246104156082,0.9994067874854815,0.9984786550820071,0.9962058741726588,0.9980319665506439,0.9934705194499566,0.8704341454025967,0.9785145692764624,4.0
682,1.0,1.0,1.0,1.0,1.0,1.0,1.0,1.0,0.9949168347115943,0.9988697268119437,0.9952509397842239,0.9901288249700886,0.9961156291260528,0.9919450752586714,0.9706075720001359,0.9915035343421179,3.0
683,1.0,1.0,1.0,1.0,1.0,1.0,1.0,1.0,0.9966010894005526,0.9984198059116246,0.9950849460961657,0.9874853649622088,0.9969881103158744,0.9938361394205198,0.9427150504195474,0.9862589783128344,4.0
684,0.0,0.0,0.0,0.0,0.0,0.0,0.0,0.0,0.019150553764074263,0.008013940522579545,0.013724375031446178,0.006671021669131725,0.06925402367292673,0.0073033670500730705,0.032839614900700816,0.0024478371632613407,2.0
685,0.0,0.0,0.0,0.0,0.0,0.0,0.0,0.0,0.0049418346809128695,0.005713997808684128,0.00759188648995034,0.002242199449844563,0.00939161329074128,0.0034674672147828513,0.01101756249367003,0.00077689390120598,1.0
686,0.0,0.0,0.0,0.0,0.0,0.0,0.0,0.0,0.0031111020121416147,0.0037536416641727422,0.003811799841480353,0.0020512241112307784,0.011709582306182307,0.002768808205281111,0.011406296581140793,0.0010312314306254113,4.0
687,1.0,1.0,1.0,1.0,1.0,1.0,1.0,0.0,0.9886857478755352,0.9984390153588752,0.9974580768645327,0.997438350821409,0.9990491017421861,0.9955614110448914,0.9503980584504994,0.1943348347071515,3.0
688,1.0,1.0,1.0,1.0,1.0,1.0,1.0,0.0,0.9103063504150682,0.9522238427502547,0.9836999154345286,0.9677746059625324,0.9949718735076196,0.8475436459631369,0.4011616508308195,0.14340615264953077,1.0
689,1.0,0.0,0.0,0.0,0.0,0.0,1.0,0.0,0.9145533165218535,0.6048342424849186,0.7566354459063067,0.4592658213874064,0.8350032095563377,0.5553614686314563,0.5606934855691462,0.32710852754748976,1.0
690,0.0,0.0,0.0,0.0,0.0,0.0,0.0,0.0,0.08870963121087438,0.013316960485313747,0.006338832354369256,0.005191444853862201,0.013680193410594423,0.022902382387877975,0.13863707826465746,0.002945817319036947,4.0
691,0.0,0.0,0.0,0.0,1.0,0.0,0.0,0.0,0.015336771214067275,0.0109478039306472,0.015755434842637944,0.0057224105069099305,0.04972380831171728,0.006480124403987797,0.017653530682539952,0.0016977143223209502,3.0
692,0.0,0.0,0.0,0.0,0.0,0.0,0.0,0.0,0.0031412294020680665,0.0030335561366358283,0.0032944880735822106,0.00192000291550478,0.0072169630575753055,0.002514600912046816,0.010224427010286552,0.0008590384265823894,2.0
693,0.0,0.0,0.0,0.0,0.0,0.0,1.0,0.0,0.008021429179867659,0.01068712907896275,0.004665151781854443,0.0021027212202828966,0.0057271667022440855,0.002817421709302259,0.02778588540389855,0.0008763336482087698,3.0
694,1.0,1.0,1.0,1.0,1.0,1.0,0.0,0.0,0.9527831664304165,0.8937617005163352,0.9965416034935319,0.992799187631316,0.991958003119556,0.9014871607095843,0.14273143657263251,0.029773431813250314,0.0
695,0.0,1.0,1.0,0.0,1.0,1.0,0.0,0.0,0.04971701997423234,0.9379575196433891,0.6180259144716446,0.03598969479947214,0.9016253865293832,0.654625597315378,0.03573730066318424,0.006469148641301386,2.0
696,0.0,1.0,1.0,1.0,1.0,1.0,0.0,0.0,0.46406475672132536,0.9342462175300799,0.9705862189482926,0.9227638905063507,0.9854388153984033,0.9249670903451478,0.4678189881027582,0.015876899110783313,0.0
697,0.0,0.0,0.0,0.0,0.0,0.0,0.0,0.0,0.02041541226244997,0.010238330741711954,0.03169257622688522,0.007873715901871544,0.03145049242016683,0.011473823980318515,0.022534752779411846,0.002726836174746876,2.0
698,1.0,1.0,1.0,1.0,1.0,1.0,1.0,1.0,0.9918829019143799,0.9907818192558067,0.9698828635554843,0.7366003660709101,0.9898458396692342,0.9717302937387177,0.7770548443404698,0.926155271432714,4.0
699,0.0,0.0,0.0,0.0,0.0,0.0,0.0,0.0,0.05600711137556586,0.007451373363066296,0.005834926840327704,0.0038650740098616796,0.012333298179527153,0.0034564843649559636,0.06331526948580775,0.0030964807994861773,4.0
700,0.0,0.0,0.0,0.0,0.0,0.0,0.0,0.0,0.010160813463576565,0.005921043138658526,0.004128594737736274,0.0033992762888504927,0.008113922770517626,0.007527157091002207,0.022435543091023174,0.0014558155375120957,2.0
701,1.0,1.0,1.0,1.0,1.0,1.0,1.0,1.0,0.7669700486387023,0.9105022457341575,0.9340669848850713,0.42192144895256,0.9250287821795672,0.7700126268250173,0.08122013297684486,0.01452834356628182,4.0
702,1.0,1.0,1.0,1.0,1.0,1.0,1.0,1.0,0.9985143437215368,0.9982995856994213,0.9967152183093339,0.9765876248475985,0.9972167985707259,0.9911050593940632,0.96781105402924,0.9871409215655857,4.0
703,0.0,0.0,0.0,0.0,0.0,0.0,0.0,0.0,0.008256769394194223,0.004180443369662781,0.005794631385330442,0.0030757074956555834,0.010498311620321093,0.0033828161947391465,0.01522281828694618,0.001135423052431319,1.0
704,1.0,1.0,1.0,1.0,1.0,1.0,1.0,1.0,0.9888083713269094,0.9986636808932989,0.9990985001850283,0.9984927085467278,0.9993496850502364,0.9959611541057263,0.9314735081894168,0.36746248254947883,0.0
705,1.0,1.0,1.0,1.0,1.0,1.0,0.0,0.0,0.9827361428113347,0.9972796256962437,0.9956477679500316,0.9932921305837501,0.9950733940548462,0.9806648339236217,0.7397728999688297,0.4553957244123566,0.0
706,0.0,1.0,1.0,1.0,1.0,1.0,0.0,0.0,0.21154689833440787,0.8058611953601728,0.90016259209156,0.9168990295762491,0.9841031123043221,0.9457279055332668,0.022268728555819836,0.0038167438433836893,0.0
707,1.0,1.0,1.0,1.0,1.0,1.0,1.0,0.0,0.9950575220713413,0.9981533002627699,0.9973065091433108,0.9928561770226683,0.9983808638786815,0.9962487921538923,0.963233541620832,0.49352553590935544,3.0
708,0.0,0.0,0.0,0.0,0.0,0.0,0.0,0.0,0.008030896199395484,0.0035506371206549432,0.004573113548592551,0.003149376045077049,0.009397298164905242,0.0024909397547196155,0.01578010540651352,0.000854738672666807,2.0
709,1.0,1.0,1.0,0.0,1.0,1.0,0.0,0.0,0.378988298310341,0.5435088767745434,0.23881967192284903,0.08365901435175542,0.7638168258986175,0.12247145658794892,0.17697780843703173,0.04200439770850523,3.0
710,0.0,0.0,0.0,0.0,0.0,0.0,0.0,0.0,0.05218988010400106,0.007084286104359375,0.026309277024110518,0.030776510704529605,0.04626075116482999,0.007366968618288801,0.1111258400426002,0.006145099317273679,3.0
711,0.0,0.0,0.0,0.0,0.0,0.0,0.0,0.0,0.016968111610553737,0.007841223648864143,0.014234633360788665,0.005153912201320004,0.0186177547836044,0.005536056306192851,0.022017643949953255,0.0017302671621813401,3.0
712,0.0,0.0,0.0,0.0,0.0,0.0,0.0,0.0,0.012012817122447431,0.007545455834084595,0.012181790791475975,0.0040732864934515415,0.00994414986128274,0.005013913950114413,0.012869927072490737,0.0014644535951984163,3.0
713,0.0,1.0,1.0,1.0,1.0,1.0,0.0,0.0,0.9061549208688687,0.951259104293026,0.9926486306798784,0.9895766384560837,0.9851098197937384,0.9386764180719132,0.47767502769196807,0.055976744180767125,0.0
714,0.0,0.0,0.0,0.0,0.0,0.0,0.0,0.0,0.00288940592128012,0.002266598828468077,0.002569212157556341,0.0016692105580679113,0.004167605078541044,0.001915894620470554,0.006109874547372158,0.0005406959543382643,3.0
715,0.0,0.0,0.0,0.0,0.0,0.0,0.0,0.0,0.01579412708135416,0.009039020031549896,0.009433185726441301,0.0050051648551418994,0.015823848378150037,0.00832494203601813,0.023852740551667848,0.0021509702420855962,0.0
716,0.0,0.0,0.0,0.0,0.0,0.0,0.0,0.0,0.005480335334302306,0.005791981555320082,0.0034679276033599974,0.001052179969993262,0.012241195704168253,0.0027778136650666893,0.011633369679168174,0.0011327854734732156,0.0
717,0.0,0.0,0.0,0.0,0.0,0.0,0.0,0.0,0.0041876258722590536,0.002408781946533965,0.0026039366145639642,0.0017659533714223152,0.008644350554397977,0.002028305480936925,0.01602759607708141,0.0009209069903168808,2.0
718,0.0,0.0,0.0,0.0,0.0,0.0,0.0,0.0,0.006420867349821235,0.003687609064517943,0.009317283739889926,0.0021619733103845564,0.009913212524435364,0.0032493878157443044,0.01836621828495556,0.001137850586788961,2.0
719,0.0,1.0,1.0,0.0,1.0,1.0,0.0,0.0,0.9014155137390272,0.9088490780100931,0.960325275212797,0.14135303466491864,0.9784434157132578,0.6289129066708474,0.14480928119041767,0.023187214144213042,4.0
720,0.0,0.0,0.0,0.0,0.0,0.0,0.0,0.0,0.005767868575789212,0.004601135335290071,0.00517862332995127,0.0017339314954641783,0.01632912117374228,0.004089998340536237,0.016139476535949795,0.0009487884347909327,2.0
721,0.0,0.0,0.0,0.0,0.0,0.0,0.0,0.0,0.00876552477771401,0.00584076876354992,0.011605592196306089,0.0015690734630806446,0.11320699142725585,0.006827974464223978,0.029256117640930578,0.0022044260446596646,0.0
722,1.0,1.0,1.0,1.0,1.0,1.0,0.0,1.0,0.995052329983681,0.9988147910435188,0.9842575645040444,0.9830841002489689,0.9980853698120886,0.9617792836512801,0.8995157982225703,0.9337386280677463,2.0
723,0.0,0.0,0.0,0.0,0.0,0.0,0.0,0.0,0.003693577427654985,0.0033147545729509454,0.0031743346697725174,0.0008636068624404061,0.011166369076270057,0.0016783880161817288,0.007210082309187201,0.0007549298196837709,0.0
724,0.0,0.0,0.0,0.0,0.0,0.0,0.0,0.0,0.003892633699819017,0.0061492127070327035,0.005938074807360737,0.002407870495881108,0.012040276236769919,0.0032738577876188736,0.02054996894329996,0.0011955712863359687,4.0
725,1.0,1.0,1.0,0.0,1.0,1.0,1.0,0.0,0.9207494536316942,0.942989843102842,0.8521300400700675,0.5193730849447877,0.9776242931689619,0.5002896221368937,0.1272494047616927,0.04966080398310474,4.0
726,1.0,1.0,1.0,1.0,1.0,1.0,1.0,0.0,0.9938740736142962,0.9810734983291474,0.9953294441091239,0.9825596070486058,0.9856694020673311,0.990602894747911,0.7616047421817899,0.23002830913932912,4.0
727,0.0,0.0,0.0,0.0,0.0,0.0,0.0,0.0,0.0035912762609102648,0.003526992907377957,0.003127173880362639,0.0024295807454852505,0.005779327661778145,0.0024417059855969024,0.01608401302230968,0.001095778880699403,4.0
728,0.0,0.0,0.0,0.0,0.0,0.0,0.0,0.0,0.005650219369716988,0.021329794038141957,0.01679763764622774,0.009154243943696395,0.02232769455199762,0.0030209597731277603,0.014980073530265318,0.0013762267062836665,3.0
729,1.0,1.0,1.0,1.0,1.0,1.0,0.0,0.0,0.9875295701161141,0.9811559738255552,0.9847329254242692,0.9394246359846435,0.9924787642159258,0.9760673413259192,0.5833464410197124,0.6333003369004114,4.0
730,1.0,0.0,1.0,1.0,1.0,1.0,0.0,0.0,0.7452075630898592,0.6975253725265482,0.9583454941772067,0.17241673028211768,0.983999854975105,0.35105400578495044,0.039675468822053354,0.06997228606031021,3.0
731,0.0,0.0,0.0,0.0,0.0,0.0,0.0,0.0,0.7575380588191232,0.9898682716984835,0.9770510498578171,0.514277708018987,0.9877114006358476,0.8559532747145765,0.3104083778635576,0.019071267030175754,2.0
732,0.0,1.0,1.0,1.0,1.0,1.0,1.0,0.0,0.8188298565396361,0.9966910604991047,0.9403361768038612,0.9197677436743197,0.9946572188989965,0.959280776633299,0.8262176867306624,0.023096971185516537,2.0
733,1.0,1.0,1.0,1.0,1.0,0.0,0.0,0.0,0.7756212333471886,0.8558982008137106,0.6762770924986364,0.3684311344320781,0.5889108344761044,0.02596715826103063,0.3196880220285721,0.11732310773363999,4.0
734,0.0,0.0,0.0,0.0,0.0,0.0,0.0,0.0,0.012121117487054174,0.005683088281611762,0.006666628253222927,0.0027934788479663554,0.011231383542121486,0.003799567214068681,0.00983172648608455,0.0011225408571686303,1.0
735,0.0,1.0,1.0,0.0,1.0,1.0,0.0,0.0,0.05123984083048951,0.9583502543105243,0.7430114105820251,0.11794219424359,0.9443416560279982,0.8178473920502572,0.0753392362317766,0.02641284419500075,3.0
736,1.0,1.0,1.0,1.0,1.0,1.0,1.0,0.0,0.9929922647191534,0.998518587786524,0.9956443269711907,0.9918739576812147,0.9976380775765586,0.9987883402827735,0.9341392886478224,0.5089955548124075,3.0
737,0.0,1.0,1.0,0.0,1.0,1.0,0.0,0.0,0.09960962867051767,0.543082820458762,0.633586581114535,0.05669012324996259,0.946126194468636,0.5110707729295522,0.11634219523441619,0.007524946312535393,2.0
738,0.0,0.0,0.0,0.0,0.0,0.0,0.0,0.0,0.005383873001043315,0.009983154631333766,0.005226787935082447,0.002628205977517435,0.011851960377506127,0.00466954712565877,0.016717743440312148,0.0009918942046051784,4.0
739,0.0,0.0,0.0,0.0,0.0,0.0,0.0,0.0,0.00312650353362753,0.002534695284176966,0.004235544796038751,0.002190951166724366,0.0053846757464474735,0.0019674041640410935,0.006588517173764218,0.0007592322010831558,3.0
740,0.0,0.0,0.0,0.0,0.0,0.0,0.0,0.0,0.004233382367118146,0.0024816442442335855,0.0021981063385946614,0.0007898608178240989,0.005545481427769899,0.0016186937738819575,0.012407399546006895,0.001033168733048544,0.0
741,1.0,1.0,1.0,1.0,1.0,1.0,1.0,1.0,0.9945729736039924,0.9969126493980472,0.9952522409959649,0.9886724734859649,0.9978533345995884,0.9957043351094155,0.8004927837716365,0.5780259391212051,0.0
742,0.0,0.0,0.0,0.0,0.0,0.0,0.0,0.0,0.010146616105380191,0.011909514710373279,0.021640705628332403,0.005884665701733449,0.03176260480638943,0.006086869002654075,0.025721725523863183,0.003232642594552095,4.0
743,1.0,1.0,1.0,1.0,1.0,1.0,1.0,1.0,0.9956897299667418,0.9991439249847349,0.995617134991826,0.9972681845019886,0.9986507508429452,0.9985471765704783,0.9845906475538562,0.9832197893492863,0.0
744,1.0,1.0,1.0,1.0,1.0,1.0,1.0,1.0,0.9967392792112476,0.9986686301534011,0.9930042137237327,0.9830782239838687,0.9977907880078989,0.9979906382250531,0.967756439396723,0.9816052011954016,3.0
745,1.0,1.0,1.0,1.0,1.0,1.0,1.0,1.0,0.9969861124785597,0.9944862145676533,0.9957509736950508,0.984473177554085,0.9981284186134995,0.9898921913191342,0.8426173623653547,0.8600703245846785,3.0
746,0.0,0.0,0.0,0.0,0.0,0.0,0.0,0.0,0.00239183328711375,0.0022953790443159916,0.005016379817151387,0.0016764907520452196,0.00476047173571224,0.003434379868185555,0.005555587045009515,0.0007992932287988738,3.0
747,1.0,0.0,1.0,1.0,0.0,0.0,0.0,1.0,0.9908449405888579,0.4242652384482262,0.9692063082079412,0.9726963236222782,0.9803458708977262,0.40118716151116035,0.0639973854275226,0.2459018655536639,4.0
748,0.0,0.0,0.0,0.0,0.0,0.0,0.0,0.0,0.016681949439995597,0.012558267986086152,0.022756945308942317,0.007903025333921699,0.04333252112977225,0.01733308909478711,0.017442178204191274,0.0026923960733707714,4.0
749,0.0,0.0,0.0,0.0,1.0,0.0,0.0,0.0,0.015792731369306676,0.007284218578320338,0.011289494784475754,0.0063717736825562995,0.022657642936828808,0.006957764972266869,0.015344150572349396,0.0020339408921771747,2.0
750,0.0,0.0,0.0,0.0,0.0,0.0,0.0,0.0,0.005671739307293639,0.0038652821262648417,0.006233739941869262,0.0027433212996222974,0.010534604620903937,0.004334800782733943,0.008765963097440032,0.0008703525323538301,3.0
751,0.0,0.0,0.0,0.0,0.0,0.0,1.0,0.0,0.06527163913200446,0.013285562015403263,0.042326784082541716,0.015628549901185042,0.04733949592565948,0.011855226038207637,0.056694585651877676,0.004135850492588981,1.0
752,1.0,1.0,1.0,1.0,1.0,1.0,1.0,1.0,0.9899655331361707,0.9989189013822332,0.9956822637859339,0.9877228387411935,0.9944027785438911,0.9956290771134598,0.9362668043883966,0.9872407264180342,3.0
753,0.0,0.0,0.0,0.0,0.0,0.0,0.0,0.0,0.004382181247764186,0.003635183023408535,0.005861571506746746,0.0009931264670589462,0.0130786523932551,0.0017926280721469669,0.010735008280524832,0.0008266744120055189,0.0
754,0.0,0.0,0.0,0.0,0.0,0.0,0.0,0.0,0.00823253043092727,0.026657398470950274,0.020255334518528473,0.0031176938906514098,0.02735716253174182,0.004143938762000694,0.009544075223044714,0.0034201038027192703,1.0
755,0.0,0.0,0.0,0.0,0.0,0.0,0.0,0.0,0.09994378472541421,0.5388321339912754,0.16730919883991072,0.023140188289341532,0.27058731135760417,0.1863940927774048,0.07442597932472263,0.007302279244911785,1.0
756,0.0,0.0,0.0,0.0,0.0,0.0,0.0,0.0,0.004198770221311704,0.003304800146479179,0.003868221259940979,0.0007676467760455283,0.005567436972444647,0.002068828485586592,0.01877040330546919,0.0008620686551868764,0.0
757,1.0,1.0,1.0,1.0,1.0,1.0,1.0,0.0,0.9164360557677629,0.9931046759644175,0.9864114607742445,0.9596970888340456,0.9923939551494453,0.9898286255454511,0.6055578721911984,0.4420591796650701,2.0
758,0.0,0.0,0.0,0.0,0.0,0.0,0.0,0.0,0.009603077075855051,0.026040623560969426,0.019103421532057054,0.0025118684511634616,0.04710828615412013,0.0027694437712395326,0.07464173408649777,0.004538273029457915,0.0
759,1.0,1.0,1.0,1.0,1.0,1.0,0.0,0.0,0.8662529683647512,0.9898281903956125,0.9957601975199317,0.9869145096374283,0.9977026946746972,0.9743069524858868,0.3052417453651944,0.08596407950365378,2.0
760,1.0,1.0,1.0,1.0,1.0,1.0,0.0,1.0,0.9820740044530408,0.9968596997758281,0.9913632787222516,0.9240364546100291,0.9952684089639149,0.9659926947382154,0.8161034518167185,0.8646211602290244,0.0
761,0.0,0.0,0.0,0.0,0.0,0.0,0.0,0.0,0.005608934690549653,0.004729619885175658,0.0035607648325772985,0.0010227446883889467,0.011924006176640889,0.0021878573942400235,0.02043700086992667,0.0010715807908567953,0.0
762,1.0,1.0,1.0,1.0,1.0,1.0,0.0,0.0,0.993335355076038,0.9699647543648953,0.9672069389035586,0.9407427563557824,0.9550483813060135,0.9580494568605133,0.4005458102665185,0.5996384927519666,2.0
763,0.0,0.0,0.0,0.0,0.0,0.0,0.0,0.0,0.02577137657715903,0.026761685603277623,0.035215029018960814,0.008823576308212696,0.06474240056300658,0.035218689486866676,0.01978677831705075,0.002457696378792243,4.0
764,0.0,0.0,0.0,0.0,0.0,0.0,0.0,0.0,0.012718904852961576,0.015687076337659103,0.03098687691294475,0.004251346689461615,0.040016392592155205,0.014609357777561848,0.008163157429036925,0.0012899648772518668,0.0
765,0.0,0.0,0.0,0.0,0.0,0.0,0.0,0.0,0.00451852681853601,0.004829774804830562,0.003091193247644277,0.0025470252857491037,0.005947449918829905,0.003670169119326168,0.00885834563340746,0.0006433193792804154,2.0
766,0.0,0.0,0.0,0.0,0.0,0.0,0.0,0.0,0.005548173080009065,0.0036609208807762373,0.006103077199127547,0.0034373052360192856,0.009077319718503537,0.003192421919764069,0.015779402466563588,0.002557279816636868,4.0
767,1.0,1.0,1.0,1.0,1.0,1.0,1.0,1.0,0.9399114468742295,0.996960775641823,0.9979604426055033,0.9781207706016745,0.9966683214143178,0.9950147707466812,0.9563478151466258,0.5521799875111096,1.0
768,0.0,0.0,0.0,0.0,0.0,0.0,0.0,0.0,0.0034473505113204275,0.003803241240897399,0.003962082240824739,0.002115676057249887,0.011501517589304098,0.002962205948500665,0.00934244568658434,0.0010462301657324145,4.0
769,1.0,1.0,1.0,0.0,1.0,0.0,1.0,0.0,0.8978178620295638,0.9708565862691382,0.8634892483571446,0.46632293777848427,0.9288209410456167,0.5490023102533482,0.6734576857988503,0.2867057782623189,4.0
770,0.0,0.0,0.0,0.0,0.0,0.0,0.0,0.0,0.04800775424353036,0.08490017579420321,0.23355765122220287,0.02272186440098301,0.15505150120409766,0.043057008968808874,0.02325101107013137,0.00438635443107663,3.0
771,1.0,1.0,1.0,1.0,1.0,0.0,1.0,0.0,0.982113548848075,0.9762693665322729,0.9897686809409313,0.9709504546050773,0.9961346854437961,0.870036138848455,0.6159509983092203,0.12643364264871873,4.0
772,0.0,0.0,0.0,0.0,0.0,0.0,0.0,0.0,0.0037655429270317085,0.010394650882815167,0.01096475844151298,0.0036769633695995134,0.08540758189209795,0.006580232079540624,0.01639096956087629,0.0012869791278576122,4.0
773,1.0,1.0,1.0,1.0,1.0,1.0,1.0,1.0,0.9747497913352033,0.9542687124282742,0.9591680829910164,0.6683821137337949,0.9757728226366578,0.9783304651920018,0.8155200550408434,0.23966016166410484,3.0
774,1.0,1.0,1.0,1.0,1.0,1.0,0.0,0.0,0.6632562270101094,0.899840161385798,0.9533529966658699,0.41880863703990373,0.9145455792775823,0.434822701520311,0.04145105281025766,0.05140535399184661,0.0
775,0.0,1.0,1.0,1.0,1.0,1.0,0.0,0.0,0.9412252645901386,0.9985064744519287,0.9961660453965604,0.986394839473776,0.994960371601286,0.9964357491915508,0.8101206880400782,0.5874080196289024,4.0
776,0.0,1.0,1.0,1.0,1.0,1.0,0.0,0.0,0.944690448972466,0.9427831584306986,0.9939226461572735,0.9782603924937228,0.9933932383904392,0.9247929913111277,0.34598962126617233,0.04793423828584589,4.0
777,0.0,0.0,0.0,0.0,0.0,0.0,0.0,0.0,0.004574426046719182,0.004899269337536714,0.005955091576303025,0.002369895514026701,0.008105374719156762,0.005100431427423236,0.0072106861914836675,0.0007749415600624864,3.0
778,0.0,0.0,0.0,0.0,0.0,0.0,0.0,0.0,0.00362687238491019,0.003896353242854314,0.004421268217420408,0.000698245402155322,0.008811037410070307,0.002611838189769845,0.008845414446957479,0.0007516861034124134,0.0
779,0.0,0.0,0.0,0.0,0.0,0.0,0.0,0.0,0.0045387217102991935,0.003334998600513995,0.0034015815947799942,0.0023884485501264848,0.0075582894414370425,0.0025600528887801924,0.02414912740089054,0.001207084158037991,4.0
780,0.0,1.0,1.0,1.0,1.0,1.0,0.0,0.0,0.797071093719334,0.9900712974563787,0.980881934912617,0.9754692955598755,0.985963642308747,0.9846518757707005,0.12225613461197357,0.07574362473076655,1.0
781,0.0,0.0,0.0,0.0,0.0,0.0,0.0,0.0,0.0021654821992505764,0.005577755758440737,0.009163774162777848,0.001644705662461857,0.009490796288005447,0.00519156425139543,0.00811486151658028,0.0008082880294306462,3.0
782,1.0,1.0,1.0,1.0,1.0,1.0,1.0,0.0,0.9639603225532702,0.967272786702158,0.9657007107951491,0.9448823543036469,0.9758679075412336,0.8943811692407336,0.4924968118964304,0.04088041442411796,4.0
783,1.0,1.0,1.0,1.0,1.0,1.0,1.0,0.0,0.9359037573355122,0.9797199738038204,0.9399821836190818,0.8315559347207715,0.9945848802507492,0.9871315258568308,0.5916373090956605,0.02419328056726903,2.0
784,0.0,0.0,0.0,0.0,1.0,0.0,0.0,0.0,0.0662734685395585,0.18444866535113483,0.7239693919740079,0.048016712252874856,0.8634214346914418,0.3405391575577177,0.06143688163321066,0.0041896518043458095,1.0
785,1.0,1.0,1.0,1.0,1.0,1.0,1.0,1.0,0.9372096483920647,0.9904948504685529,0.9757146222962968,0.8617929434385038,0.9970394215274386,0.9342347692581127,0.7971460295979672,0.07801296074353561,2.0
786,1.0,1.0,1.0,1.0,1.0,1.0,0.0,0.0,0.9370758622797467,0.9826966173118082,0.9773191821848168,0.9479050321164595,0.9830176056153199,0.874126699170158,0.20308932821438902,0.038233190884026595,3.0
787,1.0,1.0,1.0,1.0,1.0,1.0,1.0,1.0,0.9942290164954646,0.9984990222192893,0.9969013839864852,0.9958518224629875,0.9974307622329891,0.9968990596735299,0.9938577459847876,0.9485926261432601,3.0
788,0.0,0.0,0.0,0.0,0.0,0.0,0.0,0.0,0.008728109501442892,0.0026994435813189623,0.004071648887383114,0.002687709294775628,0.0070953678064331225,0.006466636209136516,0.02272779359922992,0.0012707635828967405,2.0
789,0.0,0.0,0.0,0.0,0.0,0.0,0.0,0.0,0.008330558921687289,0.01774710916785186,0.024806759807644446,0.0030792865956049257,0.09214620798101326,0.026274379609974717,0.022125597244360518,0.0018453421499269747,3.0
790,0.0,0.0,0.0,0.0,0.0,0.0,0.0,0.0,0.004430242627930676,0.006111140870122015,0.004355792221213622,0.0021790831773076742,0.013592184093132325,0.003013978588150355,0.015734759703649508,0.0010785661631837501,1.0
791,0.0,0.0,0.0,0.0,1.0,0.0,0.0,0.0,0.005849344248093034,0.03830147196568063,0.12689613294648466,0.006961759051199262,0.41746872684324765,0.13463999123272202,0.01764769681069247,0.0029903794379674735,4.0
792,0.0,0.0,0.0,0.0,0.0,0.0,0.0,0.0,0.0031590777367539345,0.0021506331845940383,0.0030873142653528403,0.0019072463936467827,0.005502420228504186,0.0024124625955192634,0.007985042096561878,0.0008579566764565349,3.0
793,0.0,0.0,0.0,0.0,0.0,0.0,0.0,0.0,0.03841794404682172,0.024916152051794493,0.0818222962541941,0.0339261797720203,0.08988794705717984,0.016195806521476324,0.13087550969534212,0.005140875271186191,1.0
794,0.0,0.0,0.0,0.0,0.0,0.0,0.0,0.0,0.005825163177693519,0.0045906013528967575,0.004401607991186667,0.002543069875262122,0.011507667643538203,0.0031323599574576877,0.012922732760992485,0.001220491128019697,4.0
795,1.0,1.0,1.0,1.0,1.0,1.0,1.0,1.0,0.9980051220396359,0.962392706901254,0.9882705011965317,0.988068660615502,0.992689339978075,0.9721827593004118,0.855300907560744,0.5677082306233793,4.0
796,0.0,0.0,0.0,0.0,0.0,0.0,0.0,0.0,0.005824578636344149,0.0035025809773784416,0.004649613214077981,0.000848020821886688,0.016585264111854004,0.002539707327206928,0.025339541935512605,0.001115242727598338,0.0
797,1.0,1.0,1.0,1.0,1.0,1.0,1.0,1.0,0.9932716137445631,0.9973273099514965,0.9986825547797265,0.994988063497305,0.9993865527292541,0.9950838549800345,0.843054327340149,0.1567303866607493,3.0
798,0.0,0.0,0.0,0.0,0.0,0.0,0.0,0.0,0.003022042676071674,0.003359749487941837,0.002029719984774533,0.0007729158253244405,0.005043981392831009,0.0017064858283112922,0.012281859140122035,0.0008268962111035545,0.0
799,0.0,0.0,0.0,0.0,0.0,0.0,0.0,0.0,0.015522999442464632,0.009865647586309263,0.012810533992304737,0.0036670502457100064,0.026617112681734716,0.014976020544546666,0.018975057059913612,0.0012825329957321455,0.0
800,0.0,0.0,0.0,0.0,0.0,0.0,0.0,0.0,0.0058365465612889465,0.00397210785565473,0.0035003755896433814,0.0008985816133869152,0.016157090773555396,0.002343223548045351,0.015757695285455803,0.0007836962173934629,0.0
801,0.0,0.0,0.0,0.0,0.0,0.0,0.0,0.0,0.026412249999416933,0.011174708461491972,0.0032156423214648594,0.0013499678202491153,0.013005036811010874,0.002701582287866859,0.06290841615326014,0.0013579938173997783,0.0
802,0.0,0.0,0.0,0.0,0.0,0.0,0.0,0.0,0.011875553058173732,0.0064648873066299435,0.00812372574866652,0.002897832930090105,0.032625440863915035,0.00676407386885371,0.011056211620736806,0.0011328048045936535,0.0
803,0.0,0.0,0.0,0.0,0.0,0.0,0.0,0.0,0.026840658058495167,0.011584676180027155,0.01177383074322603,0.00351670797121699,0.012170428118624704,0.00753512593582415,0.042261505095970084,0.0022080297858614872,3.0
804,0.0,0.0,0.0,0.0,0.0,0.0,0.0,0.0,0.004481299370362288,0.004065792342213747,0.004570937547007581,0.002524053302182269,0.009495705309047836,0.003540383817010652,0.032670091698579436,0.0013249407557107884,4.0
805,1.0,1.0,1.0,1.0,1.0,1.0,1.0,1.0,0.7543552889420364,0.8229650714080113,0.9002740211180488,0.7390999593699433,0.9624081897425733,0.5700005135316847,0.6731250642342193,0.21568802252589975,4.0
806,0.0,0.0,0.0,0.0,1.0,0.0,0.0,0.0,0.09851028042852869,0.1284653639752066,0.29499975770603,0.010633802404656932,0.796330811387506,0.22879445273091625,0.04563757735124757,0.0032062796835969905,1.0
807,1.0,1.0,1.0,1.0,1.0,1.0,0.0,0.0,0.9151312503534286,0.778796496761222,0.944517921350412,0.9495713899061944,0.9826376529551208,0.7114360465598994,0.5780172776914637,0.030860638448561874,3.0
808,1.0,1.0,1.0,1.0,1.0,0.0,0.0,0.0,0.9641728178118846,0.9863247060858651,0.9575585952878275,0.7497654899935394,0.9906777169583117,0.8421688438950988,0.09557843706274631,0.07723562720846522,0.0
809,1.0,1.0,1.0,0.0,1.0,0.0,1.0,0.0,0.8764517401986115,0.9738961560266697,0.7824752911067847,0.3741015966610538,0.9460293482242708,0.4745149643736903,0.4787987447262987,0.1906069364509827,3.0
810,0.0,0.0,0.0,0.0,0.0,0.0,0.0,0.0,0.006309553593493219,0.007980081572100742,0.004527455167112218,0.001753858269861797,0.012673223199048254,0.0046785261925241005,0.008617088234634002,0.0008364618762970018,1.0
811,0.0,1.0,1.0,1.0,1.0,1.0,1.0,0.0,0.9882547115107502,0.9969534745339541,0.9944664881323471,0.9427070088186585,0.9982030160218848,0.992471195615003,0.6865311224998,0.027830252030249504,3.0
812,1.0,1.0,1.0,1.0,1.0,1.0,1.0,0.0,0.9899025240426459,0.9970628193685367,0.996965967325848,0.9968960570133433,0.9983787758593318,0.9819564759907504,0.9263829633088253,0.6377687761114341,4.0
813,0.0,0.0,0.0,0.0,0.0,0.0,0.0,0.0,0.003870559390473799,0.00391187473316043,0.004392385087556308,0.0019501566225370265,0.009404828525133422,0.0030610009154358646,0.010110070213551488,0.0006369483644076173,2.0
814,1.0,1.0,1.0,1.0,1.0,1.0,1.0,0.0,0.9634805923468781,0.9981799273147484,0.9980916328337365,0.9846712694122693,0.9978612862813405,0.9978172342806432,0.8945472720234755,0.5579742797548358,1.0
815,1.0,1.0,1.0,1.0,1.0,1.0,1.0,1.0,0.9715196504132213,0.9956796942705466,0.9931291521055221,0.9849900450030872,0.9942663428462459,0.6570955343930404,0.9461307345637103,0.5980282875598809,4.0
816,0.0,0.0,0.0,0.0,0.0,0.0,0.0,0.0,0.016958059938902155,0.008159274581514237,0.009313550946874834,0.0035893990130351407,0.028560215293348783,0.006396746792026322,0.030483504261553215,0.0022125782452020763,1.0
817,1.0,1.0,1.0,1.0,1.0,1.0,1.0,1.0,0.9953134816730506,0.9981677431958563,0.9965160864351729,0.9892980137601711,0.997335725813837,0.988885229131999,0.6987328826550903,0.9827519089187695,2.0
818,0.0,1.0,1.0,0.0,1.0,1.0,0.0,0.0,0.2954561047452754,0.9686373715705758,0.9674186688790323,0.08254543596316,0.9907697329648018,0.4575941629374068,0.11268986057646066,0.012380322045456376,4.0
819,1.0,1.0,1.0,1.0,1.0,1.0,1.0,0.0,0.9727678695712906,0.9978940657114,0.9970126870202048,0.9947505818255971,0.9988239723695819,0.988456592118953,0.746801488625052,0.23995326195041536,2.0
820,0.0,0.0,0.0,0.0,0.0,0.0,0.0,0.0,0.005150576533690974,0.003658123268919702,0.002866167030675309,0.002236551070685861,0.005641356411832048,0.0032369722684418216,0.008447395179211448,0.0006364310101594197,3.0
821,1.0,1.0,1.0,1.0,1.0,1.0,1.0,0.0,0.5822740756711747,0.9868550329861324,0.9867460071969958,0.9177808059029227,0.996040626289033,0.9813522757401012,0.6425433174809978,0.07533504422796372,4.0
822,1.0,1.0,1.0,1.0,1.0,1.0,0.0,0.0,0.9909214341118501,0.9881926096891076,0.9655982045940416,0.9520214292143983,0.9865984913496061,0.9911012246725668,0.2967731842678148,0.14010699685417924,0.0
823,1.0,1.0,1.0,1.0,1.0,1.0,0.0,1.0,0.9897113811404862,0.9742681798278847,0.8270010180000579,0.9831484278394308,0.9573903837645219,0.6615881588253664,0.7198012857080028,0.9734571611124831,2.0
824,1.0,1.0,1.0,1.0,1.0,1.0,1.0,1.0,0.9971203408120671,0.9972804890869987,0.9952217443632205,0.981209814548596,0.9989867366289685,0.9969872212819539,0.8757208187658228,0.7926222305635471,1.0
825,1.0,1.0,1.0,1.0,1.0,1.0,0.0,0.0,0.849139881146355,0.9839041890374949,0.9938273328335058,0.9773350631600843,0.9973417534058453,0.9453653979547662,0.6226263336080814,0.06582107122130491,3.0
826,1.0,1.0,1.0,1.0,1.0,1.0,1.0,1.0,0.9864383666278929,0.999280142560676,0.9987324276239399,0.9974753367845764,0.9984549997766871,0.9977036711723868,0.9789842707076534,0.6124849206652261,2.0
827,1.0,1.0,1.0,1.0,1.0,1.0,1.0,1.0,0.9941512961469723,0.9986981828278708,0.9966896828116985,0.9929765219189688,0.9978449840228122,0.9946304538129972,0.9128232505833144,0.9915463047941089,2.0
828,0.0,1.0,1.0,1.0,1.0,1.0,0.0,0.0,0.8546757054056239,0.9905457500245868,0.9819796264095207,0.9563450894212475,0.9937723043614974,0.9917535677350184,0.3691711056665181,0.05602623808119874,1.0
829,0.0,0.0,0.0,0.0,0.0,0.0,0.0,0.0,0.0060948774066841484,0.004409597031599361,0.003385935123426267,0.0009580389436380108,0.010670346547532222,0.0030647279693705666,0.03336761566295617,0.0014310421374011577,0.0
830,0.0,0.0,0.0,0.0,0.0,0.0,0.0,0.0,0.004854942186780304,0.0044147168679166205,0.00512857681186031,0.001411251284642128,0.010855530682696905,0.002915966938190842,0.007318034902106701,0.0007953976561367095,1.0
831,1.0,1.0,1.0,1.0,1.0,1.0,1.0,1.0,0.9988243150121087,0.9995353766659278,0.9979792306110613,0.9966632376132416,0.9987762970349395,0.9972076418866953,0.9847786519861216,0.9914001731707235,4.0
832,0.0,0.0,0.0,0.0,0.0,0.0,0.0,0.0,0.015347664198683261,0.006662923030345448,0.010324922650135992,0.0059799900985789325,0.013086498222106084,0.007421625662633359,0.020976428808897007,0.0019283513888163544,2.0
833,0.0,0.0,0.0,0.0,0.0,0.0,0.0,0.0,0.004544083888057027,0.002940293405380067,0.002551890343131294,0.000763186734372966,0.00734398010665636,0.0015090429987996226,0.011147491123106132,0.0009317720546356556,0.0
834,0.0,1.0,1.0,0.0,1.0,0.0,0.0,0.0,0.24617016475768422,0.9553313718913408,0.9641272328039056,0.08667984889851156,0.9450363437874382,0.06118498735152725,0.12524488648848908,0.03233126703174638,3.0
835,1.0,1.0,1.0,0.0,1.0,1.0,1.0,0.0,0.936285557455541,0.9720455153610096,0.9774898868285358,0.6566192271501246,0.9936922518168717,0.9805198918180804,0.5687911775098793,0.6289038263987458,3.0
836,0.0,0.0,0.0,0.0,0.0,0.0,0.0,0.0,0.0055459420919316774,0.005058604227275373,0.0038267542748261813,0.0024510881668605455,0.006939759767947608,0.004483670214668268,0.015540515807073288,0.0009199376393461454,2.0
837,0.0,0.0,0.0,0.0,0.0,0.0,0.0,0.0,0.0035432393128823863,0.0024342848395599546,0.0031853834098564504,0.001855313278392946,0.004263535199973826,0.002704941073936165,0.01256747741754902,0.0008224159257682074,2.0
838,0.0,0.0,0.0,0.0,0.0,0.0,0.0,0.0,0.0029150832160754286,0.003978274504930318,0.00535827871529836,0.002594992622964812,0.013116210347341235,0.002623898189861872,0.009639646337457411,0.001211482497027856,4.0
839,0.0,0.0,0.0,0.0,0.0,0.0,0.0,0.0,0.002989445816011563,0.004070451342201862,0.004011828370744563,0.0023646337109806234,0.012241080501923289,0.00372316657107384,0.020701012187791475,0.0011949230784549032,4.0
840,1.0,1.0,1.0,1.0,1.0,1.0,1.0,1.0,0.9988029992676438,0.9959078537473509,0.9991192915632625,0.9975840010544056,0.9990129840597174,0.9961574051690069,0.9747064632450256,0.917226134248791,4.0
841,1.0,1.0,1.0,1.0,1.0,1.0,1.0,1.0,0.9975790587700437,0.959267333272031,0.9983322359437717,0.997227237454154,0.9978777010089968,0.9607549269916252,0.9579932186862046,0.9887127890150935,0.0
842,1.0,0.0,0.0,0.0,0.0,0.0,1.0,0.0,0.1351143372966026,0.011965499680821475,0.018740609523302375,0.016026665589536398,0.018608298349488853,0.005386542433330562,0.23365268152144908,0.005024286878753975,3.0
843,0.0,0.0,0.0,0.0,0.0,0.0,0.0,0.0,0.0036850017472310316,0.0026708836044889396,0.0027438620740349562,0.0007311160850940022,0.013742882487432887,0.0016477056222038574,0.011600947387888277,0.0009789674887490092,0.0
844,0.0,0.0,0.0,0.0,0.0,0.0,0.0,0.0,0.020091944356768015,0.00820734589384033,0.011532848827809148,0.0023942183156870607,0.012780691047894465,0.009249289805524178,0.06658376865873643,0.002500523339130891,0.0
845,0.0,0.0,1.0,0.0,1.0,0.0,0.0,0.0,0.10504126414685672,0.17526632855279406,0.5678076671425314,0.0184522073800042,0.8958904348221256,0.39306807045272185,0.047076214004399757,0.0075983010511993625,1.0
846,1.0,1.0,1.0,1.0,1.0,1.0,1.0,0.0,0.9532997610883632,0.9806454459150196,0.9908561435455492,0.9809122877911534,0.95577812477682,0.9317881738648387,0.4605043432679999,0.5601194315861047,2.0
847,0.0,0.0,0.0,0.0,0.0,0.0,0.0,0.0,0.00388673462213531,0.0026747839398106716,0.004636773157605303,0.0014508645154841847,0.005744387542555714,0.0023579431147941012,0.006266996059409573,0.0008144708447517161,3.0
848,0.0,0.0,0.0,0.0,0.0,0.0,0.0,0.0,0.02857581732661597,0.020285331000708926,0.023791162533109488,0.011913480120621522,0.05934652891436658,0.012327277731050775,0.015364655666406135,0.0024130052356026873,1.0
849,0.0,0.0,0.0,0.0,0.0,0.0,0.0,0.0,0.006849268342389039,0.0038004297766812602,0.009113125878729594,0.0028155888160423088,0.012234965231640053,0.0059465390073588,0.012927427529105338,0.0016452729654072584,2.0
850,1.0,1.0,1.0,1.0,1.0,1.0,1.0,0.0,0.9953573847924577,0.9987892570155665,0.9990585015601149,0.9938040583308025,0.9983030301877547,0.9985616515055178,0.9743188218179871,0.49086162871394123,2.0
851,0.0,1.0,1.0,0.0,1.0,1.0,0.0,0.0,0.12501292519836202,0.8376417808508417,0.8924021800101868,0.0652427007123789,0.9652001699921174,0.8248706488463776,0.06357432433158196,0.005182176489139918,1.0
852,1.0,0.0,1.0,1.0,1.0,0.0,1.0,1.0,0.9921012535558935,0.848280267002464,0.9648933094992825,0.9901249058740578,0.9050304230030497,0.24803682531547744,0.5837031171282215,0.8259029735504657,1.0
853,0.0,0.0,0.0,0.0,0.0,0.0,0.0,0.0,0.0036328405139853023,0.003424019967974409,0.0037581319770882936,0.0020568709830213845,0.005178265379029551,0.002515630816993748,0.014287840441713943,0.0008393736654491591,1.0
854,1.0,1.0,1.0,1.0,1.0,1.0,1.0,1.0,0.98656620625591,0.9987924656876184,0.9944985592556346,0.9840240517940146,0.9986668540809848,0.996567154107149,0.5856452847231747,0.10467692775763006,0.0
855,0.0,0.0,0.0,0.0,0.0,0.0,0.0,0.0,0.004794720895054423,0.003597685677370202,0.0035064871241445544,0.0018527738173170882,0.00859470546427494,0.0024772960471686756,0.007788971695796262,0.0012705108668417645,1.0
856,0.0,1.0,1.0,0.0,1.0,1.0,0.0,0.0,0.11510562914878296,0.6089744367041168,0.765741496760055,0.1210695379935798,0.9660303888020815,0.493189773680031,0.11415345275838987,0.015166716327230491,4.0
857,0.0,0.0,0.0,0.0,0.0,0.0,0.0,0.0,0.005269252957088263,0.006586913143093849,0.008074613579878948,0.0016904677939471966,0.01862375999828809,0.0038593101808730708,0.014847283804315641,0.0012852830010444106,1.0
858,0.0,0.0,0.0,0.0,0.0,0.0,0.0,0.0,0.002962169127602975,0.0042313084232802785,0.006192506079447808,0.0019490545383311654,0.009144200249926257,0.0024154630683739958,0.010162310330558536,0.000580931307928776,3.0
859,0.0,0.0,0.0,0.0,0.0,0.0,0.0,0.0,0.006479465013864981,0.00765894899484095,0.011548520005544492,0.004782894465077214,0.024992519157262326,0.0038449013453433255,0.008840393946159904,0.001488002157503998,3.0
860,0.0,0.0,0.0,0.0,1.0,0.0,0.0,0.0,0.12696111872782143,0.7057306888301226,0.7714222814464443,0.9162671367679898,0.8106121952796541,0.16170787221407448,0.29495778399462574,0.016587868828966512,4.0
861,0.0,0.0,0.0,0.0,0.0,0.0,0.0,0.0,0.004594022944432066,0.003241538615924345,0.004835164564483632,0.002054912541623729,0.009880859485298737,0.004233393158373763,0.010020866469397106,0.000646904474128388,2.0
862,0.0,1.0,1.0,1.0,1.0,1.0,1.0,0.0,0.945542021774828,0.9961223316016432,0.9961918084145607,0.9673799984048079,0.9981954537182118,0.9874004329070687,0.726752844974026,0.07758566003992597,4.0
863,0.0,0.0,0.0,0.0,0.0,0.0,0.0,0.0,0.008709183987884271,0.005889613790613871,0.011145623914800158,0.0023939674159974963,0.020774185261000905,0.006227955456246445,0.01152575423162311,0.0008971692398748042,0.0
864,0.0,1.0,1.0,1.0,1.0,1.0,0.0,0.0,0.2668510881610724,0.4932270375226251,0.712488507026851,0.8345068213509687,0.8679377089231017,0.7920543322440176,0.0700561471129924,0.004350181593121063,0.0
865,0.0,0.0,0.0,0.0,0.0,0.0,0.0,0.0,0.004401882225645524,0.005242030910694781,0.005109920029110459,0.0016836734312565614,0.013713888400314966,0.0026475747831774406,0.010323369476837336,0.0009609235721501011,1.0
866,0.0,0.0,0.0,0.0,0.0,0.0,0.0,0.0,0.3772258313904573,0.4644140349272993,0.3806376550885823,0.07119498618694835,0.6490132455651395,0.06394607021397593,0.5234806023328952,0.007051721810196172,3.0
867,1.0,1.0,1.0,1.0,1.0,1.0,1.0,0.0,0.8929098923818906,0.9953136087499141,0.9971015818316179,0.9906175851554546,0.9978246854013585,0.9810127671437019,0.5567124677688158,0.06972222166088055,2.0
868,0.0,0.0,0.0,0.0,0.0,0.0,0.0,0.0,0.006624738792609129,0.00360867350027683,0.0054921872424641945,0.002961996899651275,0.01112664521310059,0.0035561358617724258,0.008897824289491643,0.0012155955573904737,3.0
869,0.0,1.0,1.0,1.0,1.0,1.0,0.0,0.0,0.7763504350786757,0.9940773703148346,0.9956508280565567,0.9845967212531049,0.9977587178670297,0.9941975756645497,0.16881732506502525,0.029808883197756816,2.0
870,0.0,0.0,0.0,0.0,0.0,0.0,0.0,0.0,0.013612365381124104,0.023867857323266874,0.022383128698451903,0.005435173790511763,0.047554623476902834,0.015046746706107379,0.02265768426742713,0.0012583535560511633,3.0
871,0.0,0.0,0.0,0.0,0.0,0.0,0.0,0.0,0.006385806379856825,0.00414718135295144,0.0075264292998049424,0.005040858302464124,0.016258708510451095,0.0028548122522157313,0.03220972720731065,0.0011495338137187947,4.0
872,0.0,0.0,0.0,0.0,0.0,0.0,0.0,0.0,0.013237808941948495,0.08221106723385174,0.053907046866899615,0.012498480985121168,0.04520104770460524,0.007442782365886426,0.18951657469478428,0.0024515210763727227,0.0
873,1.0,1.0,1.0,1.0,1.0,1.0,1.0,0.0,0.9450811572736542,0.994356832340455,0.9933573687853745,0.7669023428498248,0.9875541854261826,0.9834674880282429,0.6038817939546925,0.2827586522923695,2.0
874,1.0,1.0,1.0,1.0,1.0,1.0,1.0,1.0,0.9988959243973058,0.9989384476258553,0.998869882810674,0.9984592691111639,0.9987906414969938,0.9965081560586422,0.9944949909760062,0.9764498979326152,4.0
875,1.0,1.0,1.0,1.0,1.0,1.0,1.0,1.0,0.9864531528218202,0.9901575267616216,0.9868059186003463,0.9911645661869483,0.9899864374287257,0.9527132159805468,0.9547317750700774,0.7853831472792121,4.0
876,0.0,0.0,0.0,0.0,0.0,0.0,0.0,0.0,0.018615101225002144,0.015222929120231094,0.02751512276875306,0.009974096466226533,0.06856608841750132,0.008985242080207135,0.05395767621034534,0.0030275918622183675,4.0
877,1.0,0.0,1.0,1.0,1.0,0.0,0.0,0.0,0.9265615185590287,0.8747740393413364,0.9955726690459128,0.9924501569324314,0.9799743457782673,0.7089998990084853,0.2889394735739752,0.24713252498576418,0.0
878,1.0,0.0,1.0,1.0,0.0,0.0,0.0,0.0,0.934977742899705,0.4780954912739705,0.9870349000935589,0.9816195463435081,0.9569854652379942,0.06474042669405912,0.08900999571809966,0.09851145894156797,4.0
879,1.0,1.0,1.0,1.0,1.0,1.0,1.0,0.0,0.9950701729197691,0.9919882046192845,0.9922396606778393,0.9777154319706037,0.9920109585172,0.9867944944059149,0.8545761088268264,0.26948702634233956,3.0
880,0.0,0.0,0.0,0.0,0.0,0.0,0.0,0.0,0.014590574665707345,0.0070121165170077705,0.012769351150558647,0.0032284007467797307,0.029117442689366186,0.008781343067846455,0.01504606456591259,0.0014007266632839693,0.0
881,1.0,1.0,1.0,1.0,1.0,1.0,1.0,0.0,0.32494373595602655,0.8570541543030542,0.9582998925066865,0.9578897433310681,0.9638858552734703,0.6672599518585756,0.3847975803188734,0.0330078024727026,3.0
882,0.0,0.0,0.0,0.0,0.0,0.0,0.0,0.0,0.012736248833054862,0.013655377583949963,0.024309010398323186,0.004801476193153216,0.02301812402709803,0.011765606608028837,0.019195865236998993,0.002145237584697636,3.0
883,1.0,1.0,1.0,1.0,1.0,1.0,1.0,1.0,0.9975344386391318,0.9994051311781014,0.9964469488802589,0.992945542038034,0.9985385505495907,0.9948096114288328,0.9674185323528088,0.9190769598757379,4.0
884,1.0,1.0,1.0,1.0,1.0,1.0,1.0,1.0,0.9986438827518624,0.9994135083358546,0.998305174376966,0.99865724888087,0.9988088901117262,0.9975372546043041,0.9908478803855701,0.9913866568443732,1.0
885,0.0,0.0,0.0,0.0,0.0,0.0,0.0,0.0,0.002509224797356673,0.00551781284281431,0.004004620803041808,0.0024420267178758685,0.010029763725719391,0.0033963152578612515,0.014570390901201958,0.000880363915716566,4.0
886,0.0,1.0,0.0,0.0,1.0,0.0,0.0,0.0,0.4225493145956411,0.8847306098955733,0.7889632572945945,0.11165537018104449,0.8714743432976503,0.8551930426124926,0.1560899847885531,0.03625029321233388,3.0
887,0.0,1.0,1.0,0.0,1.0,1.0,0.0,0.0,0.24213691222359654,0.9602189834751331,0.9481878267889826,0.4453633380118767,0.9501567207411081,0.3564241821517286,0.1350259915100851,0.017196728524607498,3.0
888,0.0,0.0,0.0,0.0,0.0,0.0,0.0,0.0,0.02092078295116769,0.0191887504943731,0.01636382137275294,0.009279075091810786,0.03367626587338289,0.014637987244493032,0.016980817770657953,0.0022170374608338353,2.0
889,1.0,1.0,1.0,1.0,1.0,1.0,1.0,1.0,0.9943493719161586,0.9981847225751412,0.9979038770006989,0.9958443112817305,0.9983150985443995,0.9953910298325441,0.9531247514610591,0.9783961135053947,2.0
890,0.0,0.0,0.0,0.0,0.0,0.0,0.0,0.0,0.011451465575664474,0.006577915981405647,0.007906339378989663,0.003936777600561985,0.017548040614278938,0.004494708919257016,0.030873712811045728,0.001248801896046721,1.0
891,0.0,1.0,1.0,1.0,1.0,1.0,0.0,0.0,0.562072755216378,0.9917037264291542,0.9893331711919646,0.6130577958105474,0.9911937467864711,0.8971009391617933,0.39465197906739863,0.07004493340435675,2.0
892,1.0,1.0,1.0,1.0,1.0,1.0,1.0,1.0,0.7582473191508902,0.992666275979196,0.9947754925849299,0.9655114135637389,0.9970542104924502,0.9535702541114548,0.43871245175425455,0.049230424602806216,3.0
893,0.0,0.0,0.0,0.0,0.0,0.0,0.0,0.0,0.012985876379906917,0.05252004215514313,0.03221721233125404,0.003942640376108585,0.029418279462097522,0.006408726388001031,0.010895360392993542,0.0031796570701144253,1.0
894,1.0,1.0,1.0,1.0,1.0,1.0,1.0,1.0,0.9972836505760131,0.9988554868285143,0.998301045915349,0.994574695489844,0.9980082629472542,0.9945904926575649,0.9311719474156515,0.9813762388267755,2.0
895,0.0,0.0,0.0,0.0,0.0,0.0,0.0,0.0,0.1862091728455174,0.1799196713241504,0.09017237486292308,0.07607613679962436,0.17583370977471366,0.10946197616613734,0.02956231009992088,0.003431251145079912,0.0
896,0.0,1.0,0.0,0.0,0.0,0.0,0.0,0.0,0.02561463865789851,0.7405250276143972,0.09360970767484775,0.013652492906293,0.13395773753378662,0.022395796902064686,0.012469358431592097,0.003966290166615407,1.0
897,0.0,0.0,0.0,0.0,0.0,0.0,0.0,0.0,0.0032926028475411457,0.005007229644182708,0.005623709451216137,0.002626941182823633,0.012167116861632493,0.0029863890300668313,0.0131201247930237,0.0011564435701297586,4.0
898,1.0,1.0,1.0,1.0,1.0,1.0,1.0,1.0,0.9973668018319863,0.999430882651514,0.9985954225102017,0.9945625239200089,0.9987306954479883,0.9972631637922773,0.9616343748161541,0.9887197362608724,2.0
899,1.0,1.0,1.0,1.0,1.0,1.0,1.0,1.0,0.9931018065580476,0.9991329425240424,0.997084690688847,0.9450048738959961,0.9951737817823163,0.9880788420911666,0.9782116034239408,0.9018639572562686,0.0
900,0.0,1.0,1.0,0.0,1.0,1.0,0.0,0.0,0.805747576959935,0.9956078014061218,0.9931077218014731,0.4881306980007281,0.9936420154120095,0.992850762137498,0.35389182449226936,0.11533327243046729,0.0
901,0.0,0.0,0.0,0.0,0.0,0.0,0.0,0.0,0.005080730582787855,0.1301109675410872,0.07960878802855159,0.0019420904976097035,0.22490805020495389,0.005001376647427936,0.024824055104216626,0.0018174090324073776,0.0
902,0.0,1.0,1.0,1.0,1.0,1.0,0.0,0.0,0.3557433473230119,0.9224897879498943,0.8866300058748445,0.6523803662848352,0.81108670346855,0.8788777066900019,0.06093600099621144,0.04904759751968308,1.0
903,0.0,0.0,0.0,0.0,0.0,0.0,0.0,0.0,0.0028273003897452114,0.002306610166339371,0.0027030524033458962,0.001689028703824546,0.005351531076667408,0.0020276608922369208,0.005985672851224009,0.0005419056420674002,3.0
904,1.0,1.0,0.0,0.0,1.0,0.0,0.0,0.0,0.8983941292334721,0.9771666448809997,0.8545330397555136,0.2723332595116378,0.906371487678939,0.42568946429191357,0.5539973630662278,0.41906824815690213,1.0
905,0.0,0.0,0.0,0.0,0.0,0.0,0.0,0.0,0.002864742930468257,0.0022986722165651615,0.0031203448220538024,0.0018574572790683397,0.005675854435253268,0.0017981026988073395,0.005941800116342662,0.0004999668418194078,3.0
906,1.0,1.0,1.0,1.0,1.0,1.0,1.0,1.0,0.9907445657758321,0.992140365638962,0.9528658412738428,0.772754376004241,0.9932932381590989,0.9944887297877176,0.928862390896406,0.6264145474624566,4.0
907,0.0,0.0,0.0,0.0,0.0,0.0,0.0,0.0,0.009100075761811561,0.00878380005585174,0.005738132962908785,0.001294071989086236,0.019268396691989275,0.0044124143725984746,0.04007077901761623,0.001517086939874593,0.0
908,0.0,0.0,0.0,0.0,1.0,1.0,0.0,0.0,0.0372761948568129,0.47479767591368005,0.4268578483167178,0.026441929346263743,0.9546886844880685,0.3877944435306138,0.053212129594305387,0.004076263435990385,4.0
909,1.0,1.0,1.0,0.0,1.0,0.0,1.0,1.0,0.9887160974225143,0.965762441640399,0.9695091490198721,0.9784378563793118,0.9543520031289309,0.9773735188029756,0.9481541759653193,0.3970777461592061,2.0
910,1.0,1.0,1.0,1.0,1.0,1.0,1.0,1.0,0.9940999689885864,0.9964983471164751,0.991873510537276,0.9954224908954656,0.9944696160707143,0.9600773616366481,0.9522314766969062,0.9674487509401836,2.0
911,0.0,0.0,1.0,0.0,1.0,0.0,1.0,0.0,0.2074133740052679,0.13079910784331103,0.37060314950324574,0.021976041949521297,0.6820817548229958,0.07198776327979559,0.03808686981457221,0.0031691681337008074,0.0
912,1.0,1.0,1.0,1.0,1.0,1.0,1.0,0.0,0.9878880567176157,0.8944278897292391,0.9793871930160042,0.9874987562828562,0.943534350891826,0.815838436523625,0.9633088996458393,0.1684726731038564,2.0
913,0.0,0.0,0.0,0.0,0.0,0.0,0.0,0.0,0.007779935639208267,0.014652047592258943,0.008160945203980929,0.003829404041428126,0.03844198788906787,0.00683741821674776,0.039998222460451295,0.0012408658699469592,2.0
914,1.0,1.0,1.0,1.0,1.0,0.0,1.0,1.0,0.9887455949779792,0.9743365162561559,0.9603472511360527,0.9867030828698761,0.9673516061435232,0.32124121266120487,0.7766214146371787,0.7896420718061069,2.0
915,1.0,1.0,1.0,1.0,1.0,1.0,0.0,0.0,0.888464328421357,0.9842252154035231,0.9966237262250047,0.9917734038127969,0.9981415074039562,0.9725968757193828,0.3038942822093298,0.07763233590410626,3.0
916,0.0,0.0,0.0,0.0,0.0,0.0,0.0,0.0,0.008813938308430422,0.014147901803839538,0.008564414362070949,0.00801693872108167,0.02466514259810751,0.005019676924247096,0.006917864012211691,0.0011511823336523097,3.0
917,0.0,0.0,0.0,0.0,0.0,0.0,0.0,0.0,0.004819522888737277,0.002963262689606144,0.003793185485115485,0.0015011658774633872,0.007241006210692041,0.002487641619612941,0.009950562860968917,0.0008774388655987168,3.0
918,0.0,0.0,0.0,0.0,0.0,0.0,0.0,0.0,0.008959241696609391,0.005186740790567307,0.006739790074079897,0.004419573320308659,0.009262263274128577,0.0034220305335303353,0.0313063554757848,0.0019064961350718265,4.0
919,1.0,1.0,1.0,1.0,1.0,1.0,0.0,1.0,0.9965460930805391,0.998376609607583,0.997117958673924,0.9942731943591913,0.996531138846888,0.9965485049362067,0.8883389127849644,0.7475102291915133,2.0
920,1.0,1.0,1.0,1.0,1.0,1.0,0.0,1.0,0.993922092512445,0.9812642695331976,0.9711186106320377,0.9901090541674442,0.8947324212222596,0.5040339388125944,0.8446560170740158,0.9658005638201425,1.0
921,0.0,0.0,0.0,0.0,0.0,0.0,0.0,0.0,0.003907183767067991,0.0035248088284276988,0.004631678685195048,0.000871138780683597,0.008078691737516316,0.0017885596277222582,0.009291309086927912,0.0006990132246633136,0.0
922,0.0,0.0,0.0,0.0,0.0,0.0,0.0,0.0,0.0034857048395770234,0.0032054508738609488,0.0049310250061436614,0.0017768150873666356,0.0074406810726368325,0.0037950580811264307,0.008592006920104346,0.0007292083668057455,2.0
923,0.0,0.0,0.0,0.0,0.0,0.0,0.0,0.0,0.1549580697450805,0.07682458179778381,0.04300272450727955,0.050304649383251056,0.023594944673833967,0.009769291123834845,0.26538414881602895,0.004041131589683213,1.0
924,0.0,0.0,0.0,0.0,0.0,0.0,0.0,0.0,0.0041825918928959935,0.0024287867912253965,0.0032590871314105993,0.0018109231643850037,0.003591570340427242,0.0018332213651611412,0.014734330686071355,0.0007232939524305319,3.0
925,0.0,0.0,0.0,0.0,0.0,0.0,0.0,0.0,0.12174903094135213,0.02378595580911203,0.02759728058847307,0.006819423381896859,0.07872613795550415,0.016666635846847043,0.11094485976430633,0.0032787271085796175,4.0
926,1.0,1.0,1.0,1.0,1.0,1.0,0.0,0.0,0.9674806767619221,0.8880080312124538,0.869585935980214,0.8737132738123724,0.8494049204285866,0.9723828489854884,0.35823084043257075,0.15290757817776954,3.0
927,1.0,1.0,1.0,1.0,1.0,1.0,0.0,0.0,0.9356737517757714,0.8255488623536124,0.8428492066744622,0.7979246528920722,0.9209464938858625,0.7935286406855574,0.4214708281279618,0.016058200238111026,0.0
928,1.0,1.0,1.0,1.0,1.0,1.0,1.0,1.0,0.9969414239632916,0.9983635040370563,0.9944730070663726,0.9894846789562087,0.9965262179976768,0.9979995278959033,0.9296863170960791,0.9684164238811283,3.0
929,1.0,1.0,1.0,1.0,1.0,1.0,1.0,0.0,0.7109453365221274,0.8551188788189038,0.820791096475505,0.13367651097123506,0.8452096662248239,0.7323570062331627,0.39865417600840425,0.09760425480839213,2.0
930,1.0,1.0,1.0,1.0,1.0,1.0,1.0,1.0,0.950474717440914,0.9575169170441351,0.9662253567103818,0.9529459018532118,0.9858059286508845,0.9099812181730136,0.8394474665467452,0.27416967527133534,1.0
931,1.0,1.0,1.0,0.0,1.0,1.0,1.0,0.0,0.05248914820047789,0.3907074171835639,0.27799762486762164,0.012012910008570644,0.8487522721300013,0.3955827337256446,0.20812064821776,0.010465443939925228,4.0
932,0.0,0.0,0.0,0.0,0.0,0.0,0.0,0.0,0.0058180100313662475,0.005447893367238681,0.006624409412133095,0.005594919753559435,0.00862262411467675,0.002928967880567248,0.012383957256160545,0.0011263923012322051,1.0
933,0.0,0.0,0.0,0.0,0.0,0.0,0.0,0.0,0.004208816569841567,0.0028099228805206194,0.002866899320490918,0.002093460375163938,0.004592744672852768,0.0019879994907958352,0.01728824581242851,0.0011594221882127304,4.0
934,0.0,0.0,0.0,0.0,0.0,0.0,0.0,0.0,0.00464196300933637,0.0037293251418548555,0.0046176801938163,0.001795246807254897,0.009906175335842832,0.002564559573227517,0.017169811855999716,0.0010455111347702657,3.0
935,1.0,1.0,1.0,1.0,1.0,1.0,1.0,0.0,0.9326433643026072,0.9278895914891079,0.9077897706945338,0.8861552960995778,0.9672697213659518,0.8253946255838018,0.564897727406247,0.027245417555759866,1.0
936,0.0,1.0,0.0,0.0,0.0,0.0,0.0,0.0,0.6001477551205205,0.5041615000281059,0.7706918966225975,0.05464361655939936,0.37161393952214117,0.06883624145541696,0.1627552600911492,0.017252900813071636,2.0
937,1.0,1.0,1.0,1.0,1.0,1.0,0.0,0.0,0.959899895315138,0.9618163828329477,0.9537275093738597,0.9312330901339918,0.9906240386623693,0.842350746663694,0.1565857935234798,0.1259520645739112,3.0
938,1.0,1.0,1.0,1.0,1.0,1.0,1.0,0.0,0.9594203821451611,0.9789553393042313,0.8686655659639846,0.9442404796053291,0.9728940112479681,0.8906061326386118,0.827317803545453,0.14174535041662087,0.0
939,0.0,0.0,0.0,0.0,0.0,0.0,0.0,0.0,0.009658573122432337,0.006144556481794689,0.01513929831600555,0.005517409549675713,0.036834383434020214,0.009152704620402885,0.020284540266501908,0.0027116718892527336,3.0
940,0.0,0.0,0.0,0.0,0.0,0.0,0.0,0.0,0.006420732113025577,0.00786972826714439,0.010175894283461105,0.002723832061621814,0.01058107089407061,0.006548388510586826,0.010438871164242606,0.0012319176732543552,2.0
941,0.0,0.0,0.0,0.0,0.0,0.0,0.0,0.0,0.003810924033339595,0.0042230417515527,0.005789770878275898,0.0014815947664451091,0.0069532232888873955,0.0028260099707767003,0.008057860442235183,0.0009662150224619344,3.0
942,0.0,0.0,0.0,0.0,0.0,0.0,0.0,0.0,0.0033227535704795147,0.0037197544549264065,0.003939582855867011,0.002130310164817802,0.011048420662847057,0.0030028480255541307,0.007757191157298964,0.0010967362982546667,4.0
943,0.0,0.0,0.0,0.0,0.0,0.0,0.0,0.0,0.003232709210227038,0.0022377506614220982,0.003424730824430294,0.0018897274169349663,0.00416358831282051,0.0027399670173330407,0.006954897174390046,0.0012841417363173146,3.0
944,1.0,1.0,1.0,1.0,1.0,1.0,1.0,1.0,0.9933542733989803,0.9983146606121884,0.9965228029969057,0.9956398992698785,0.9986350779589601,0.9867574460808801,0.8638905289813226,0.5187026775535318,0.0
945,0.0,0.0,0.0,0.0,0.0,0.0,0.0,0.0,0.0033606870333552172,0.0033181292382105615,0.003145078187524811,0.0016959746596510107,0.008486397751028689,0.0018346035592518588,0.008905220999208494,0.000675137110988665,3.0
946,1.0,1.0,1.0,1.0,1.0,1.0,1.0,1.0,0.9941683371540008,0.9908581874417208,0.9970530462557844,0.992531279474641,0.9958106686573843,0.9798224410933085,0.816627154035812,0.4858016254751893,0.0
947,1.0,1.0,0.0,0.0,1.0,1.0,0.0,0.0,0.9280420025077477,0.9919338963186162,0.9285064102194188,0.7944393916598353,0.972709007218451,0.723074006711236,0.17161740147470736,0.11879718382910132,1.0
948,1.0,1.0,1.0,1.0,1.0,1.0,1.0,0.0,0.9974177643974714,0.9992011731040926,0.9988480532159757,0.992198840880636,0.999407084352357,0.9980592349954893,0.9069331709394701,0.5177131164423254,3.0
949,1.0,1.0,1.0,1.0,1.0,1.0,1.0,0.0,0.988250318394832,0.9972761594713565,0.9983785937592489,0.9891716508634731,0.9991630034326433,0.9908757538329855,0.960705686986895,0.28276846747054696,2.0
950,0.0,0.0,0.0,0.0,0.0,0.0,0.0,0.0,0.2451710090005236,0.8330991465401487,0.701274938101017,0.3752326367605896,0.909572807661067,0.45741691815052804,0.14846877815805257,0.04103187134723707,2.0
951,1.0,1.0,1.0,1.0,1.0,1.0,1.0,1.0,0.9908632034073892,0.9975506693315039,0.9833437569470712,0.9808570007924827,0.9957423081041439,0.9972500783789852,0.9302335577988073,0.5747373986327362,1.0
952,0.0,1.0,1.0,0.0,1.0,1.0,0.0,0.0,0.4132536055304606,0.9517071545732566,0.8144880464080165,0.37672055999222226,0.9854454265362954,0.8969153294165614,0.16735357423811514,0.10610644304606379,3.0
953,1.0,1.0,1.0,1.0,1.0,1.0,1.0,0.0,0.9040996259771517,0.9463110468921065,0.9915258185698456,0.9720888357901699,0.9943467147651612,0.9135829694382229,0.28812991659344617,0.01938453138982101,0.0
954,1.0,1.0,1.0,1.0,1.0,1.0,1.0,0.0,0.9104350336810544,0.9855526156508552,0.9954802907657119,0.9688798487178149,0.9964920200510001,0.9720782630527328,0.6893653449288977,0.08368311941382152,1.0
955,0.0,0.0,0.0,0.0,0.0,0.0,0.0,0.0,0.00420742606551629,0.007241180918803684,0.005104536446649792,0.002760276041178708,0.00957158635540579,0.005748057500924977,0.01248205608594836,0.0014575499549955042,4.0
956,1.0,1.0,1.0,1.0,1.0,1.0,1.0,1.0,0.989755097967431,0.9884487783531918,0.9860317772473307,0.9774756777146711,0.9915008250610599,0.9569528062774255,0.8867215603053393,0.825582133612852,2.0
957,0.0,0.0,1.0,0.0,0.0,0.0,0.0,0.0,0.012029901196349536,0.042907368926717745,0.03666424360585789,0.011676910125570992,0.20510702397628094,0.007524166307389501,0.06428178217085513,0.003637192751032857,4.0
958,1.0,1.0,1.0,1.0,1.0,1.0,1.0,1.0,0.9982108101353782,0.9992753355560267,0.9985990069763555,0.9967204799161622,0.9992690749668228,0.997358557876482,0.969730531855106,0.9637928635865115,2.0
959,1.0,1.0,1.0,1.0,1.0,1.0,1.0,1.0,0.9894166684113405,0.9978631206716934,0.9937480120629224,0.9801578737602462,0.9970222790249872,0.9889917116046671,0.9441822488951167,0.9192655686606676,4.0
960,0.0,0.0,0.0,0.0,0.0,0.0,0.0,0.0,0.08606205598549178,0.036072712652966785,0.032898796532714866,0.009948279673197082,0.08263463120224503,0.010931091450362475,0.1471678950178162,0.0024714054685580937,3.0
961,1.0,1.0,1.0,1.0,1.0,1.0,1.0,1.0,0.9973148479138711,0.997770828547969,0.996699865743289,0.9793244948642333,0.9956287074435353,0.9936380094621221,0.796047589008374,0.9570869958891641,0.0
962,0.0,0.0,0.0,0.0,0.0,0.0,0.0,0.0,0.13396470297648733,0.03745413084151353,0.12344443731730859,0.03930108984396348,0.11844010243179788,0.042800888441855804,0.11709430815752374,0.008504179418556301,3.0
963,1.0,1.0,1.0,1.0,1.0,1.0,1.0,1.0,0.9821655788131028,0.994063168969044,0.9570194642959357,0.9888383297822803,0.9926857821537843,0.9380183040425114,0.9634986881526104,0.8206997634333357,1.0
964,0.0,0.0,0.0,0.0,0.0,0.0,0.0,0.0,0.03455465649926856,0.42370064179835354,0.45393312328679386,0.04050839152501057,0.8474688527969382,0.435298034499165,0.04160394514098202,0.006047386887558602,1.0
965,1.0,0.0,1.0,0.0,1.0,1.0,0.0,0.0,0.15231648391475516,0.6118116585223812,0.8841673523888028,0.06248964460629342,0.9417859753091993,0.6480955938385767,0.07560827547932623,0.0064065072965095214,1.0
966,1.0,1.0,1.0,1.0,1.0,1.0,1.0,0.0,0.9071712728251031,0.9764182374376282,0.990400616003463,0.9748144052954646,0.991937979065854,0.9767216424282028,0.9023684956270773,0.22629016479079478,1.0
967,0.0,0.0,0.0,0.0,0.0,0.0,0.0,0.0,0.003258012999911348,0.0027702526149432556,0.0026547675235199797,0.0007233730927851775,0.004514959805763713,0.0020106069803873475,0.010661338900451291,0.0006367278200806049,0.0
968,1.0,1.0,0.0,0.0,0.0,0.0,0.0,0.0,0.2557262574288259,0.9336267471871068,0.9537211669796167,0.879632189905613,0.9142809641915225,0.37439084418341634,0.15696263710541936,0.025071898333532523,4.0
969,0.0,0.0,0.0,0.0,0.0,0.0,0.0,0.0,0.06695832019370122,0.1994902840250186,0.14746876944672718,0.14706607244734432,0.4532264198582197,0.027393050303000606,0.015025966255634987,0.005421191336838924,1.0
970,0.0,0.0,0.0,0.0,0.0,0.0,0.0,0.0,0.005261335488408066,0.004550392000478132,0.005215819653421111,0.0021660335669781657,0.01289904683971727,0.002510472380211608,0.005192743346307041,0.0020305662639958613,1.0
971,1.0,1.0,1.0,1.0,1.0,1.0,0.0,1.0,0.9825694923419496,0.9955780836609467,0.9873002062210386,0.961975554354583,0.9938951406161534,0.9836374101705105,0.7196079266866429,0.5603969429651396,2.0
972,0.0,0.0,0.0,0.0,0.0,0.0,0.0,0.0,0.0037690921687642326,0.003006243548838054,0.0026219906538381106,0.0006658497616495898,0.0077798836143572496,0.00163294350211102,0.007816144069440353,0.0007531569707843525,0.0
973,0.0,0.0,0.0,0.0,0.0,0.0,0.0,0.0,0.0038000792226717635,0.0025109307167744165,0.0025455194730780355,0.0006266343037258383,0.004866639870232159,0.001591296089381838,0.013884362406599172,0.0006895890551921378,0.0
974,0.0,1.0,1.0,1.0,1.0,0.0,1.0,0.0,0.3677164716103532,0.5778805900125039,0.7815627565325621,0.7886260049712585,0.7845249599058371,0.1944048758399051,0.0943928087390332,0.00894446828240791,3.0
975,1.0,1.0,1.0,0.0,1.0,1.0,1.0,1.0,0.7734714231274908,0.7177016951548356,0.9220947956187098,0.6116409287041318,0.9101678873460884,0.46834120293100845,0.7538130889162756,0.15538489432449215,4.0
976,1.0,1.0,1.0,0.0,1.0,0.0,1.0,0.0,0.7053498512511537,0.929178932893926,0.5929643662529414,0.24580025645885653,0.920881781703184,0.3404326620190252,0.6371552230682629,0.19127265704643834,3.0
977,0.0,0.0,0.0,0.0,0.0,0.0,0.0,0.0,0.007476769642162787,0.0034490011967973754,0.0035140011016279644,0.0010786960869886592,0.013028595485950074,0.0024038013306428257,0.0225097909284428,0.0012984223452202446,0.0
978,1.0,1.0,1.0,0.0,1.0,1.0,0.0,0.0,0.5327563159848863,0.8582994738910829,0.8987403817106447,0.43487103457986587,0.9169906108143209,0.9798545050431527,0.34933936238136876,0.09976027515354469,4.0
979,0.0,0.0,1.0,0.0,0.0,0.0,0.0,0.0,0.6316426587033165,0.3374709705435036,0.3365268870645398,0.049455740801837844,0.4036771437014456,0.09163780162966728,0.13449603061352802,0.02477764100271241,0.0
980,0.0,0.0,0.0,0.0,0.0,0.0,0.0,0.0,0.003473025043410257,0.003981333443834964,0.005931672864924312,0.0019147430858539023,0.008202232516227013,0.0029411081717242247,0.008303316852701848,0.0006364175797789285,1.0
981,1.0,1.0,1.0,1.0,1.0,1.0,1.0,1.0,0.9948092817357692,0.99853428700061,0.9923329676960103,0.9889195230185187,0.9972941040267822,0.9834391203842082,0.9498096112529528,0.9266065908267697,4.0
982,0.0,0.0,0.0,0.0,0.0,0.0,0.0,0.0,0.009317290864135467,0.020806385421151728,0.02093617534483999,0.006584930911198111,0.020751266129059365,0.0032326331765985565,0.015345047386267664,0.0023840950837514417,3.0
983,1.0,1.0,1.0,1.0,1.0,0.0,0.0,0.0,0.9515858865549609,0.9501517191514987,0.9561044419640663,0.9593232768762407,0.9466085793764254,0.507074498207353,0.16416531177264135,0.14630572206493445,2.0
984,1.0,1.0,1.0,1.0,1.0,1.0,0.0,0.0,0.9829552098179493,0.9934646278283531,0.9971929578819027,0.9948947556225163,0.9989180472876925,0.9857813465958749,0.8823073772441344,0.20002756497031243,0.0
985,1.0,1.0,1.0,1.0,1.0,1.0,0.0,0.0,0.9893106340530472,0.9871403708081571,0.9833356319797004,0.9824004883866139,0.9946488591461274,0.930883025218561,0.3580821870996151,0.2709939302374884,4.0
986,1.0,1.0,1.0,1.0,1.0,1.0,1.0,1.0,0.9965915408046084,0.9986858267633841,0.998487407898799,0.9942660912816937,0.9976109354717398,0.9943444291911144,0.9575902616923018,0.9774748495849008,3.0
987,1.0,1.0,1.0,1.0,1.0,1.0,1.0,1.0,0.9969113136822604,0.9974514551048654,0.9979733019381554,0.9939670216545303,0.9923209667510791,0.9956729410989068,0.9589299988482767,0.9845136485056653,3.0
988,1.0,1.0,1.0,1.0,1.0,1.0,0.0,1.0,0.9049301836982062,0.9769468667584957,0.9086889071199167,0.7699859812426074,0.9449254250069618,0.814885173892059,0.49373148889217866,0.8516543069955502,4.0
989,0.0,0.0,0.0,0.0,0.0,0.0,0.0,0.0,0.01612633052284083,0.01968724698764462,0.01757395438288189,0.004714617827040197,0.04034657188914031,0.02643192007237096,0.018513452920452096,0.0012517581269366684,0.0
990,1.0,0.0,1.0,1.0,1.0,0.0,0.0,0.0,0.4006476719667721,0.25321387794602646,0.5598201269415095,0.9233868137579191,0.6371198727803254,0.2800360700044004,0.17118539504771252,0.04294569807577196,0.0
991,0.0,0.0,1.0,0.0,1.0,0.0,0.0,0.0,0.29725406892435646,0.16934960878927705,0.3221930458507219,0.027219139164010288,0.8519356410754287,0.2273796168394206,0.054933674251179836,0.004100715853213963,4.0
992,1.0,1.0,1.0,1.0,1.0,1.0,1.0,0.0,0.7248201204866871,0.9714833573630521,0.9375318222721356,0.18340076046914283,0.9902871268474306,0.6289944174036058,0.5629641434085156,0.3221580267008091,3.0
993,1.0,1.0,1.0,1.0,1.0,1.0,1.0,0.0,0.9856582260469751,0.9926625873763574,0.997897222754348,0.9943957354942881,0.9984567516834914,0.9979499985481691,0.8282146817832818,0.6308677690404454,0.0
994,1.0,1.0,1.0,1.0,1.0,1.0,1.0,0.0,0.928020819983317,0.9964804203771264,0.9983924027313221,0.9932346315818543,0.998866000726603,0.9964246756491711,0.3945022724104739,0.22723348783415448,2.0
995,0.0,0.0,0.0,0.0,0.0,0.0,0.0,0.0,0.01241919979468658,0.03156890202657276,0.029797049568207175,0.004285387735899683,0.06398543816153321,0.004818041562913875,0.01763876175370358,0.0035558330957064796,1.0
996,0.0,0.0,0.0,0.0,0.0,0.0,0.0,0.0,0.009860288935632164,0.006815846309274247,0.011304848015914323,0.005544520651829505,0.02086428590821978,0.006917011978257634,0.04926990295042573,0.0031231985306258312,4.0
997,0.0,0.0,0.0,0.0,0.0,0.0,0.0,0.0,0.006338334398212323,0.0034355625103896716,0.004711307377456514,0.002737718361204487,0.008750603306556535,0.0031643560813571343,0.009222029071746742,0.0014081596809510913,3.0
998,1.0,1.0,1.0,1.0,1.0,1.0,1.0,0.0,0.9981766349462969,0.999305050902436,0.9982868081715331,0.9931093201925548,0.9990308985616029,0.9988570793791034,0.8939577611014039,0.42736094518539225,3.0
999,0.0,0.0,0.0,0.0,0.0,0.0,0.0,0.0,0.022465822959870863,0.014023354832757842,0.024160823650785673,0.015615088605115561,0.06668920482958202,0.004859374894974359,0.035837043589028866,0.004228034884256696,3.0
1000,0.0,0.0,0.0,0.0,0.0,0.0,0.0,0.0,0.01919766442669162,0.005429470326055259,0.0027487966165591505,0.0019384904069358617,0.008302535248382632,0.0032438351386302445,0.04133886102335669,0.0011133970600140472,2.0
1001,0.0,0.0,0.0,0.0,0.0,0.0,0.0,0.0,0.002766173455539727,0.0021165572107826767,0.002365202704075067,0.0017883033571940744,0.005131530718085065,0.0016607072394080223,0.007968262209082864,0.0006296352855853875,3.0
1002,1.0,1.0,1.0,1.0,1.0,1.0,0.0,1.0,0.9868189132381285,0.7826988630372632,0.9584187952199322,0.9751720914034736,0.9306439285381465,0.7317789313635037,0.37308834344074526,0.4818678410688082,3.0
1003,0.0,1.0,0.0,0.0,0.0,0.0,1.0,0.0,0.782159086631006,0.9333791947223447,0.684661179684963,0.10632091616682682,0.5996823491623574,0.09135975991599904,0.3709178323004148,0.2591142495103194,3.0
1004,1.0,1.0,1.0,1.0,1.0,1.0,0.0,0.0,0.9689560013651457,0.9889681311762127,0.9865416412201502,0.8994221821137457,0.9883828516525814,0.877614973437234,0.16054812693213347,0.09932323380955456,4.0
1005,1.0,1.0,1.0,1.0,1.0,0.0,1.0,1.0,0.9746476067772484,0.9557714041349161,0.9795891500488142,0.9797675842608021,0.927589679443172,0.7530689241284904,0.9277218586907982,0.9313164427465155,3.0
1006,1.0,1.0,1.0,1.0,1.0,1.0,0.0,1.0,0.9956778380405322,0.9927992680686419,0.9970400067212063,0.9966564369831484,0.9932024651196464,0.9936880262797979,0.7490506936786451,0.8397011227454123,3.0
1007,1.0,1.0,1.0,0.0,1.0,1.0,0.0,0.0,0.6137466179166249,0.95899851859865,0.9671897334454505,0.3973185907552443,0.9598861058553471,0.7455200858445907,0.329132935078722,0.08837826890885161,1.0
1008,1.0,1.0,1.0,1.0,1.0,1.0,1.0,0.0,0.9421544365268214,0.9631945106236063,0.9407617811555763,0.4142348315877862,0.9783234992380236,0.9787094329050225,0.5701493923718274,0.16942854974555074,1.0
1009,0.0,0.0,0.0,0.0,0.0,0.0,0.0,0.0,0.01896553434186051,0.004766173991594665,0.008217190444635815,0.006289939453636571,0.005969149343032135,0.0038057808134156685,0.018453719947208954,0.0031720371178531274,1.0
1010,0.0,0.0,0.0,0.0,0.0,0.0,0.0,0.0,0.0038063930982272748,0.0037050581701146886,0.0033527999423123007,0.002070129131189229,0.007073178090587323,0.0026728440358286783,0.007806896420270197,0.001324219529821886,4.0
1011,1.0,1.0,1.0,1.0,1.0,1.0,1.0,1.0,0.9783809622756131,0.9978891480495343,0.9974553876224849,0.9968024990764232,0.9963686512958794,0.9978671441384712,0.9752768349912672,0.799462247249387,1.0
1012,1.0,1.0,1.0,1.0,1.0,1.0,0.0,1.0,0.9814472348538482,0.9968624606261224,0.9915618755027027,0.9603735312840488,0.9911544197409518,0.982976359833747,0.8360412022713182,0.6026009009501433,1.0
1013,0.0,0.0,0.0,0.0,0.0,0.0,0.0,0.0,0.003251103231996235,0.002575211918031439,0.002007634211780533,0.000649674828233475,0.01158999487468217,0.0016705701522556997,0.009073401709135506,0.0008139136326593767,0.0
1014,0.0,0.0,0.0,0.0,1.0,0.0,0.0,0.0,0.03876291069234805,0.14836899204836085,0.3552746828698198,0.015235543626146524,0.7226999681654722,0.23566686511978388,0.11735711497722282,0.004755047264927439,4.0
1015,0.0,0.0,0.0,0.0,0.0,0.0,0.0,0.0,0.004939629803804485,0.007861995190275788,0.0036834378128983835,0.0021201617721692424,0.012951611407769728,0.0028695993982490752,0.01204345919106415,0.0007945563894344737,3.0
1016,0.0,1.0,0.0,0.0,0.0,0.0,0.0,0.0,0.29093285403185215,0.31915663166729025,0.09069553993437841,0.017334672939799844,0.2258701599409767,0.014158517400046531,0.025537258117162086,0.005850441345104244,4.0
1017,0.0,0.0,0.0,0.0,0.0,0.0,0.0,0.0,0.005245853275880343,0.004321442571401925,0.0032604880549105507,0.0026772091563533372,0.006940156421245834,0.004229337053627528,0.011916331523694873,0.0006665868379005587,2.0
1018,1.0,0.0,1.0,0.0,1.0,1.0,1.0,0.0,0.9111437969896921,0.740783396878141,0.7602765509740611,0.3119231756740302,0.7567878509792232,0.9214376246431197,0.7727557330776811,0.20753143061305504,3.0
1019,1.0,1.0,1.0,1.0,1.0,1.0,1.0,1.0,0.9816762798371224,0.9965448462109472,0.9893658121592879,0.99102233903782,0.9739711808196019,0.9838641531151153,0.8819968049412061,0.9169566396724101,0.0
1020,0.0,0.0,0.0,0.0,0.0,0.0,1.0,0.0,0.015387170358017642,0.02672152900617546,0.02804830063481801,0.02578057356520362,0.05593459800918408,0.007818614362976619,0.05003345824184177,0.0026018669757101724,2.0
1021,1.0,1.0,1.0,1.0,1.0,1.0,1.0,1.0,0.9716445168984698,0.9959895489341224,0.9960539112633592,0.9875281821774904,0.9934275763291,0.9582605804036962,0.7904556996933617,0.9028296412845318,3.0
1022,1.0,1.0,1.0,1.0,1.0,0.0,1.0,0.0,0.27292990093554753,0.8777778233100277,0.7613246364600955,0.230265878699128,0.9731477292575358,0.49804937252357667,0.43883424057128406,0.18092437718784496,2.0
1023,1.0,1.0,1.0,1.0,1.0,1.0,1.0,0.0,0.9833083942796014,0.9824804186519558,0.9929698227489635,0.656080460510909,0.965119002643202,0.769961466228282,0.9677622752021605,0.8914350758710101,0.0
1024,0.0,1.0,1.0,0.0,1.0,1.0,1.0,0.0,0.15562250805125008,0.6486918430311904,0.5037702333295437,0.025635055648254235,0.9571618639577952,0.362426894845337,0.1537017676032658,0.009284674367962384,2.0
1025,1.0,1.0,1.0,1.0,1.0,1.0,0.0,0.0,0.9822411988105607,0.997234901462906,0.9964957589670083,0.9946029734305651,0.9987635942323391,0.9957347723450598,0.755378012588432,0.17382735799606888,1.0
