,True_FPV,True_ATV,True_IDV,True_LPV,True_NFV,True_SQV,True_TPV,True_DRV,Pred_Proba_FPV,Pred_Proba_ATV,Pred_Proba_IDV,Pred_Proba_LPV,Pred_Proba_NFV,Pred_Proba_SQV,Pred_Proba_TPV,Pred_Proba_DRV,kFolds
0,1.0,1.0,1.0,1.0,1.0,1.0,1.0,0.0,7.320889e-05,0.0006036041,0.00082876906,1.2806415e-05,0.0007316114,0.00019349913,4.9233542e-05,1.0797998e-05,1.0
1,0.0,0.0,0.0,0.0,0.0,0.0,0.0,0.0,0.79098964,0.9981851,0.9994505,0.998181,0.99722517,0.99958557,0.6427213,0.0042286087,4.0
2,1.0,1.0,1.0,1.0,1.0,1.0,1.0,1.0,0.9930159,0.9975138,0.9717458,0.52588755,0.970414,0.07210879,0.99700564,0.9825022,0.0
3,0.0,1.0,1.0,1.0,1.0,1.0,0.0,0.0,0.0001946182,0.009545739,0.0011974331,8.2756305e-05,0.049033165,0.00010779475,0.0016919182,3.700018e-05,0.0
4,0.0,1.0,1.0,0.0,1.0,0.0,1.0,0.0,3.2765856e-05,0.0018704437,0.00051756145,0.00044660605,0.0027586967,0.00013048542,0.078771144,1.0593178e-05,4.0
5,0.0,0.0,0.0,0.0,0.0,0.0,0.0,0.0,0.0008393427,0.0007151295,0.009524411,0.0004862042,0.0041145594,0.0051424038,0.001568451,3.0318537e-05,1.0
6,0.0,0.0,0.0,0.0,0.0,0.0,0.0,0.0,2.0171528e-05,0.0001296244,0.0006850257,9.660921e-06,0.0008838624,0.00044557714,0.0010180969,3.5413414e-05,1.0
7,0.0,0.0,0.0,0.0,0.0,0.0,0.0,0.0,0.9786321,0.99219257,0.9647422,0.8553318,0.9571527,0.036182765,0.8856162,0.08720537,1.0
8,0.0,0.0,0.0,0.0,0.0,0.0,0.0,0.0,3.127442e-05,0.00021139177,8.990504e-05,1.8424222e-05,0.012378665,0.001077632,0.0010632692,1.4919731e-05,3.0
9,0.0,0.0,0.0,0.0,1.0,0.0,0.0,0.0,0.9833183,0.9982369,0.9993686,0.8383019,0.9993467,0.9925397,0.041094508,0.044513397,1.0
10,0.0,0.0,0.0,0.0,0.0,0.0,0.0,0.0,0.9998661,0.99957854,0.9994055,0.99989426,0.99954706,0.98131335,0.9656087,0.98910135,0.0
11,1.0,1.0,1.0,1.0,1.0,1.0,1.0,1.0,0.9998142,0.9997271,0.9999033,0.99908006,0.99995244,0.9969566,0.99960285,0.8990815,2.0
12,1.0,1.0,1.0,1.0,1.0,1.0,0.0,1.0,0.0002884736,0.0014063081,0.0036356242,0.00014506433,0.00047912888,0.0018550281,0.0011482746,1.3527704e-05,2.0
13,1.0,1.0,1.0,1.0,1.0,0.0,0.0,0.0,0.00040959698,6.1379e-05,0.0008991088,0.0014378375,0.00017781123,6.231461e-05,0.0103241755,9.352188e-05,4.0
14,1.0,0.0,0.0,0.0,0.0,0.0,1.0,0.0,0.9283093,0.9999163,0.98357487,0.99390334,0.9976088,0.9928565,0.8098814,0.97106725,4.0
15,1.0,0.0,1.0,1.0,1.0,0.0,0.0,1.0,3.7611724e-05,3.892762e-05,7.325956e-06,4.4568347e-05,3.471507e-05,8.228378e-06,9.2285685e-05,1.5507814e-05,2.0
16,1.0,1.0,0.0,0.0,1.0,0.0,0.0,0.0,1.7629034e-05,0.006464972,0.0089686895,7.1529495e-05,0.0009429209,0.00010814583,0.001417136,2.8945922e-05,3.0
17,1.0,0.0,1.0,1.0,1.0,0.0,0.0,0.0,0.43560657,0.9843062,0.49435335,0.031638037,0.96846026,0.7546466,0.009875247,0.0006476818,3.0
18,0.0,0.0,0.0,0.0,0.0,0.0,0.0,0.0,0.106800765,0.9989924,0.0914124,0.35444322,0.97085786,0.99941206,0.09486205,0.19143896,2.0
19,1.0,1.0,1.0,1.0,1.0,1.0,1.0,1.0,0.99595934,0.9977817,0.9884466,0.8739575,0.9963768,0.9922019,0.9949136,0.64757097,2.0
20,0.0,0.0,0.0,0.0,0.0,0.0,0.0,0.0,1.4359754e-05,0.00018472431,0.00011041696,7.931241e-05,0.003132917,0.00010393119,1.9826257e-05,0.00011351752,4.0
21,0.0,0.0,0.0,0.0,0.0,0.0,0.0,0.0,0.99979514,0.9950688,0.9996892,0.99336267,0.996227,0.994449,0.7005454,0.7352162,4.0
22,1.0,1.0,1.0,1.0,1.0,1.0,1.0,1.0,6.247574e-05,3.8208884e-05,0.00022923991,1.44908145e-05,0.0009616673,1.2280254e-05,0.00017581799,9.276124e-06,2.0
23,1.0,1.0,1.0,1.0,1.0,1.0,1.0,1.0,0.9608476,0.9993136,0.9997898,0.9994961,0.9998425,0.99960977,0.53208894,0.00609762,0.0
24,1.0,1.0,1.0,1.0,1.0,1.0,1.0,0.0,0.8008881,0.97851723,0.97867167,0.6655488,0.43588543,0.052334677,0.0047806255,0.0018169779,2.0
25,0.0,0.0,0.0,0.0,0.0,0.0,0.0,0.0,0.9238624,0.99450916,0.9725716,0.9927867,0.87077326,0.015340444,0.55294764,0.0567128,0.0
26,0.0,1.0,0.0,0.0,0.0,0.0,0.0,0.0,0.9999491,0.9999012,0.99992883,0.9991654,0.9998838,0.99845445,0.9987764,0.99971944,3.0
27,0.0,0.0,0.0,0.0,1.0,0.0,0.0,0.0,0.08270989,0.99610895,0.5283287,0.15619105,0.974446,0.67930883,0.9852299,0.096196905,4.0
28,0.0,0.0,0.0,0.0,0.0,0.0,0.0,0.0,0.0002451417,0.00042742377,0.00097204885,0.00013104404,0.0010919606,0.0003063885,0.0041176947,6.175444e-06,1.0
29,1.0,1.0,1.0,1.0,1.0,0.0,1.0,1.0,0.00056161766,0.00059205474,2.467615e-05,8.910536e-06,0.0010805227,0.00010217993,0.007922039,2.0307487e-05,1.0
30,1.0,1.0,1.0,1.0,1.0,1.0,1.0,0.0,8.320299e-05,5.834966e-05,0.0004254788,2.3991572e-05,0.0008991067,2.0668886e-05,0.00072457985,2.627337e-05,0.0
31,0.0,0.0,0.0,0.0,0.0,0.0,0.0,0.0,0.00013405777,0.00010875525,0.00015845556,6.236324e-05,0.0012215496,0.0001735554,2.797405e-05,7.1815186e-05,0.0
32,1.0,1.0,1.0,1.0,1.0,1.0,1.0,1.0,0.0001976771,0.0047625513,0.00073067145,8.551603e-05,0.01893043,0.00079834147,2.5366542e-05,5.245632e-05,4.0
33,0.0,0.0,0.0,0.0,0.0,0.0,0.0,0.0,0.742315,0.95421815,0.99723923,0.9484822,0.9987903,0.9825836,0.0005935438,0.00094321655,1.0
34,0.0,0.0,0.0,0.0,0.0,0.0,0.0,0.0,0.986883,0.9864362,0.99049896,0.9660881,0.94454,0.819613,0.050085768,0.10897365,4.0
35,1.0,1.0,1.0,1.0,1.0,1.0,0.0,0.0,0.009976899,0.9917122,0.9395671,0.005152525,0.9989448,0.9352171,0.00055121863,0.00010498033,4.0
36,0.0,0.0,0.0,0.0,0.0,0.0,0.0,0.0,0.9958711,0.99011105,0.9573322,0.9898003,0.9788446,0.06919792,0.9973707,0.84169275,3.0
37,0.0,1.0,1.0,0.0,1.0,1.0,1.0,0.0,0.0094585875,0.11401875,0.002333911,0.0005976617,0.8729401,0.0015348501,0.020848714,0.00084428873,3.0
38,0.0,0.0,0.0,0.0,0.0,0.0,0.0,0.0,0.00939027,0.0022051549,0.00017283224,3.5650875e-05,0.0031630595,0.00023129002,0.0012692447,7.220066e-06,2.0
39,1.0,1.0,1.0,1.0,1.0,1.0,0.0,0.0,4.757391e-05,4.062765e-05,2.6360332e-05,5.445102e-06,0.00039458182,7.832472e-05,2.1105416e-05,1.3372349e-05,0.0
40,0.0,0.0,0.0,0.0,0.0,0.0,0.0,0.0,6.2956584e-05,0.0021716314,0.0020716025,0.0001137442,0.06928439,0.000101094556,0.00066040625,2.7833892e-05,4.0
41,0.0,0.0,0.0,0.0,0.0,0.0,0.0,0.0,0.9874155,0.9920988,0.9996226,0.99169874,0.99774337,0.999694,0.42195195,0.008624554,2.0
42,0.0,0.0,0.0,0.0,0.0,0.0,0.0,0.0,0.99952507,0.99994874,0.999887,0.99995506,0.9997805,0.9985089,0.77787596,0.995382,2.0
43,0.0,0.0,0.0,0.0,0.0,0.0,0.0,0.0,3.710877e-05,6.243917e-05,2.892862e-05,2.3860783e-05,0.00020184422,2.6036541e-05,0.0042738537,3.8128113e-05,1.0
44,0.0,0.0,0.0,0.0,0.0,0.0,0.0,0.0,3.134584e-05,0.00013911352,1.5098433e-05,4.5105808e-06,9.364904e-05,2.8625622e-05,0.00013885098,2.9083301e-05,0.0
45,0.0,0.0,0.0,0.0,0.0,0.0,0.0,0.0,0.9987154,0.9998203,0.99992883,0.9999043,0.99977237,0.9994597,0.97759116,0.94949543,3.0
46,1.0,1.0,1.0,1.0,1.0,1.0,0.0,1.0,0.9829852,0.99821186,0.9990695,0.99971133,0.99750817,0.9986589,0.021275012,0.014538967,2.0
47,0.0,1.0,1.0,1.0,1.0,1.0,0.0,0.0,0.9951303,0.9922592,0.9961965,0.95864636,0.99746287,0.90440816,0.5185157,0.63975173,4.0
48,0.0,0.0,0.0,0.0,0.0,0.0,0.0,0.0,0.9986946,0.99992025,0.9993248,0.88290364,0.99939334,0.99795604,0.4149006,0.13784237,3.0
49,0.0,0.0,0.0,0.0,0.0,0.0,0.0,0.0,2.6151707e-05,0.0001462379,0.00011371764,1.6853804e-05,0.0038946504,4.775956e-05,6.4980995e-05,2.1896993e-05,1.0
50,0.0,0.0,0.0,0.0,0.0,0.0,0.0,0.0,0.00017160884,0.00015874593,0.0029808697,6.256225e-05,0.00047736624,0.00027639998,0.00022725714,8.52654e-05,2.0
51,0.0,0.0,0.0,0.0,0.0,0.0,0.0,0.0,0.99944323,0.99948764,0.99066144,0.9974934,0.9974056,0.8813846,0.95162374,0.99691486,2.0
52,0.0,0.0,0.0,0.0,0.0,0.0,0.0,0.0,0.25752172,0.07241195,0.33573863,0.043595906,0.57042927,0.19289207,0.43590137,0.0027128393,4.0
53,1.0,1.0,1.0,0.0,1.0,0.0,0.0,0.0,0.9976012,0.9998894,0.99956733,0.99890196,0.9999678,0.9986358,0.9961611,0.8097976,3.0
54,0.0,0.0,0.0,0.0,0.0,0.0,0.0,0.0,0.28456753,0.29423928,0.0077372845,0.0022677977,0.28167725,0.0048017274,0.15879102,0.00025185008,0.0
55,0.0,0.0,0.0,0.0,0.0,0.0,0.0,0.0,0.0013160456,0.00033159903,8.5744185e-05,2.9887133e-05,0.00036051284,0.00056083105,0.0007998172,1.8252156e-05,0.0
56,1.0,0.0,1.0,1.0,1.0,0.0,0.0,0.0,4.968188e-05,0.00018419299,0.0001456141,1.2261543e-05,0.0003943186,0.00018763168,0.0016568191,0.00014702044,2.0
57,0.0,0.0,0.0,0.0,0.0,0.0,0.0,0.0,0.8371828,0.9977901,0.8565656,0.08856498,0.9846876,0.96677387,0.7673526,0.5182527,2.0
58,1.0,1.0,1.0,1.0,1.0,1.0,1.0,1.0,0.99995327,0.9953187,0.999879,0.99973804,0.99998045,0.9973047,0.43038768,0.9971193,4.0
59,0.0,0.0,0.0,0.0,0.0,0.0,0.0,0.0,0.99971706,0.9997503,0.99945515,0.9858387,0.99994564,0.99901175,0.93832517,0.9985043,0.0
60,0.0,0.0,0.0,0.0,0.0,0.0,0.0,0.0,0.99803954,0.9698527,0.9851068,0.9086753,0.9992601,0.031893637,0.13673666,0.9851555,0.0
61,1.0,1.0,1.0,1.0,1.0,1.0,1.0,1.0,0.9111389,0.99969685,0.99835795,0.9951108,0.99937063,0.99802375,0.9834118,0.5683159,2.0
62,1.0,1.0,1.0,1.0,1.0,1.0,1.0,0.0,0.0038527108,0.10805469,0.17811775,0.0012237412,0.37155068,0.00047078938,0.0005523431,0.0003181154,4.0
63,0.0,0.0,0.0,0.0,0.0,0.0,0.0,0.0,0.99982303,0.8434159,0.99867165,0.9779448,0.98929214,0.83770394,0.03608845,0.038323477,0.0
64,0.0,0.0,0.0,0.0,0.0,0.0,0.0,0.0,6.963889e-05,0.00015802086,0.0004011612,9.033525e-05,0.00031102594,6.9178146e-05,0.000110533365,0.00014945897,4.0
65,1.0,1.0,1.0,1.0,1.0,1.0,0.0,0.0,0.0011123827,8.804302e-05,0.00072623,0.00020220019,0.00035104665,8.018697e-05,0.003593635,0.00022673985,1.0
66,1.0,1.0,1.0,1.0,1.0,1.0,0.0,1.0,0.68839717,0.27956492,0.075037494,0.003501044,0.8084976,0.11499186,0.9718635,0.0030184616,0.0
67,0.0,0.0,0.0,0.0,0.0,0.0,0.0,0.0,0.9201304,0.36781836,0.99867344,0.16938712,0.50731283,0.96184754,0.053870168,0.25286856,0.0
68,1.0,1.0,1.0,1.0,1.0,1.0,1.0,1.0,0.0005060363,0.0026166851,0.0152272135,7.889858e-05,0.0015996037,0.00025990602,0.024980808,4.5619723e-05,2.0
69,0.0,0.0,0.0,0.0,0.0,0.0,0.0,0.0,0.00018862005,0.0001889262,0.00010661231,0.00027678578,0.002660766,0.00056581554,0.004652219,6.636455e-05,1.0
70,1.0,1.0,1.0,1.0,1.0,1.0,1.0,0.0,0.32694748,0.9986298,0.99904627,0.065459184,0.99420667,0.7426252,0.22075084,0.08275352,0.0
71,1.0,1.0,1.0,1.0,1.0,0.0,1.0,1.0,0.7644868,0.99924207,0.9997422,0.9992648,0.9944713,0.99963844,0.76230043,0.87980556,1.0
72,0.0,1.0,0.0,0.0,0.0,0.0,0.0,0.0,0.9985259,0.83347887,0.98719573,0.99876213,0.99802905,0.4743738,0.024780218,0.077443205,0.0
73,1.0,1.0,1.0,1.0,1.0,1.0,1.0,0.0,0.9999604,0.99964476,0.99928015,0.9995608,0.99988246,0.99916077,0.9957783,0.9896778,2.0
74,1.0,0.0,1.0,1.0,1.0,0.0,0.0,0.0,0.00058287114,0.016068589,0.011357827,0.0002824797,0.2005914,0.0050746994,0.0019339565,4.945244e-05,2.0
75,1.0,1.0,1.0,1.0,1.0,1.0,1.0,0.0,0.91845983,0.00059757254,0.93563515,0.1577402,0.21456209,0.12779088,0.02921127,0.02733204,2.0
76,0.0,0.0,0.0,0.0,0.0,0.0,0.0,0.0,7.3703995e-05,0.00016225793,7.358081e-06,7.2762346e-06,0.00024015122,9.274541e-05,0.0032225088,6.9854446e-05,0.0
77,1.0,1.0,1.0,1.0,1.0,1.0,1.0,0.0,0.044651885,0.01450737,0.0138875935,0.0071804333,0.78285384,0.0014400485,0.00456679,0.00026399485,1.0
78,1.0,1.0,1.0,1.0,1.0,0.0,0.0,1.0,0.99377173,0.99969006,0.9997967,0.9996996,0.99969673,0.9997044,0.9817005,0.06467274,1.0
79,0.0,0.0,0.0,0.0,0.0,0.0,0.0,0.0,3.90963e-05,0.006934956,0.00033098945,0.000117999174,0.0034159347,0.0010681872,0.00017209175,4.603024e-05,1.0
80,0.0,1.0,1.0,0.0,1.0,1.0,0.0,0.0,0.8577371,0.9952721,0.78707904,0.23194762,0.856871,0.32109076,0.06620468,0.002851802,4.0
81,1.0,1.0,1.0,1.0,1.0,1.0,0.0,1.0,0.0004718546,0.043774106,0.003572705,6.6135406e-05,0.0020276227,0.00013117369,0.0012429897,0.0002577726,1.0
82,0.0,0.0,0.0,0.0,0.0,0.0,0.0,0.0,0.36065057,0.55975205,0.9685588,0.90688705,0.9860234,0.07148322,0.055145297,8.936961e-05,1.0
83,0.0,0.0,0.0,0.0,0.0,0.0,0.0,0.0,0.00031629877,4.6932957e-05,7.7248136e-05,3.648887e-05,4.35397e-05,5.8047583e-05,0.0010776324,6.9702466e-05,2.0
84,0.0,0.0,0.0,0.0,0.0,0.0,0.0,0.0,0.97289544,0.9991473,0.96574104,0.96859634,0.9990164,0.9990458,0.8839776,0.07273067,1.0
85,0.0,0.0,0.0,0.0,0.0,0.0,0.0,0.0,6.8596337e-06,2.704698e-05,1.0690554e-05,3.1377276e-05,0.0006971319,1.9421886e-05,6.93944e-05,1.777584e-05,4.0
86,1.0,1.0,1.0,1.0,1.0,1.0,1.0,1.0,0.9992182,0.99969864,0.9997358,0.9999093,0.99991167,0.99928254,0.9993249,0.23360251,0.0
87,1.0,1.0,1.0,1.0,1.0,1.0,1.0,0.0,0.99966514,0.99966097,0.99993074,0.9992964,0.9995858,0.9996885,0.87633044,0.03637725,4.0
88,0.0,0.0,0.0,0.0,0.0,0.0,0.0,0.0,0.00012883918,0.0004903841,3.41716e-05,1.4410019e-05,0.00071108836,0.00011598468,0.0003265849,1.711761e-05,0.0
89,1.0,1.0,1.0,1.0,1.0,1.0,1.0,0.0,0.99709344,0.99985206,0.99989223,0.9771045,0.99863654,0.99888796,0.95343715,0.93736804,2.0
90,0.0,0.0,0.0,0.0,0.0,1.0,0.0,0.0,0.9822463,0.4290122,0.98551255,0.44032174,0.9823554,0.99551636,0.98250395,0.17411256,1.0
91,1.0,1.0,1.0,0.0,1.0,0.0,0.0,0.0,0.044003654,0.98080504,0.9277332,0.031766843,0.9971957,0.99380904,0.0027788074,0.0012429251,4.0
92,0.0,0.0,0.0,0.0,0.0,0.0,0.0,0.0,9.0607085e-05,2.7134382e-05,4.5478206e-05,1.1622285e-05,0.0005136178,3.4269437e-05,0.00023285572,1.5591851e-05,0.0
93,0.0,0.0,0.0,0.0,0.0,0.0,0.0,0.0,0.00010259919,8.338989e-05,0.0011496899,5.8361686e-05,0.00028811736,0.00021760479,4.4842596e-05,3.5816593e-05,2.0
94,1.0,1.0,1.0,1.0,1.0,1.0,1.0,1.0,0.9992693,0.9997104,0.999841,0.9994685,0.99933654,0.9991805,0.9519554,0.004545335,1.0
95,0.0,0.0,0.0,0.0,0.0,0.0,0.0,0.0,0.00028717314,0.0006498716,0.00065115833,8.7974884e-05,0.0006533007,0.00056652783,7.304467e-05,7.850741e-05,4.0
96,1.0,1.0,1.0,1.0,1.0,1.0,1.0,0.0,0.98849213,0.9989963,0.99938476,0.955699,0.99883956,0.9991392,0.7661604,0.97651434,0.0
97,0.0,0.0,0.0,0.0,0.0,0.0,0.0,0.0,2.924163e-05,0.010525401,0.00057417294,3.5275254e-05,0.000801154,0.00020291787,0.00028141253,8.972912e-05,1.0
98,1.0,1.0,1.0,0.0,1.0,1.0,0.0,0.0,0.00021071624,0.59031194,0.016646195,0.00022117796,0.9180843,0.029742517,0.009880224,4.2637872e-05,4.0
99,0.0,0.0,0.0,0.0,0.0,0.0,0.0,0.0,0.9974316,0.9996743,0.99979883,0.99976,0.99985874,0.99993,0.9995334,0.82096565,4.0
100,1.0,1.0,1.0,1.0,1.0,1.0,1.0,1.0,0.9358565,0.99979705,0.99937975,0.9998266,0.9998864,0.99034333,0.97391814,0.95320886,0.0
101,1.0,1.0,1.0,1.0,1.0,1.0,1.0,1.0,0.9988049,0.9792363,0.9985594,0.9962174,0.9988207,0.99969995,0.06684602,0.0037271653,0.0
102,1.0,1.0,1.0,1.0,1.0,1.0,1.0,0.0,0.9998084,0.9999728,0.9999181,0.9997348,0.9999527,0.99942684,0.9957877,0.95588994,2.0
103,1.0,1.0,1.0,1.0,1.0,1.0,1.0,0.0,3.6430145e-05,4.2869327e-05,0.00015907489,3.4892408e-05,0.0001509698,3.99388e-05,7.199011e-05,1.8735982e-05,3.0
104,0.0,0.0,0.0,0.0,0.0,0.0,0.0,0.0,4.3765365e-05,1.4604465e-05,9.442088e-06,8.623567e-06,5.6784367e-05,5.809432e-05,1.9756819e-05,1.04214305e-05,2.0
105,1.0,1.0,1.0,1.0,1.0,0.0,1.0,1.0,0.00034799945,0.00029413236,0.00032474592,0.00018582543,0.0008894912,0.0009184421,0.0014916607,2.4882587e-05,4.0
106,0.0,1.0,1.0,1.0,1.0,1.0,0.0,0.0,9.975143e-05,7.435274e-05,1.4565617e-05,3.1161646e-06,0.00028388255,2.0593981e-05,0.0015653879,1.0980985e-05,0.0
107,0.0,0.0,0.0,0.0,0.0,0.0,0.0,0.0,0.00069033087,0.0007114151,0.0006267235,0.0011038817,0.10670688,0.0017818876,0.0026747074,2.9028412e-05,0.0
108,0.0,0.0,0.0,0.0,0.0,0.0,0.0,0.0,0.993582,0.9995283,0.9992901,0.94837123,0.9991868,0.9951454,0.3384148,0.070446804,2.0
109,1.0,1.0,1.0,1.0,1.0,1.0,0.0,1.0,0.095118165,0.730565,0.95992136,0.00040903254,0.63149416,0.26336154,0.030478936,0.00022027972,0.0
110,0.0,0.0,0.0,0.0,0.0,0.0,0.0,0.0,0.0008665778,5.14173e-05,0.00020753553,0.00026148334,0.0024426791,0.0012870254,0.001828419,8.2322775e-05,0.0
111,0.0,1.0,1.0,0.0,1.0,1.0,0.0,0.0,0.13556837,0.8084441,0.9975424,0.99809545,0.9844418,0.98855954,0.07701986,0.008828408,3.0
112,0.0,0.0,0.0,0.0,0.0,0.0,0.0,0.0,0.0011871877,0.021136913,0.22253084,0.0005952334,0.11311678,0.00041310478,0.0087016225,0.00029468787,3.0
113,0.0,0.0,0.0,0.0,1.0,0.0,0.0,0.0,0.005604974,0.0023510118,0.024611475,9.9158126e-05,0.22746795,0.009404377,0.00415178,4.638257e-05,2.0
114,0.0,0.0,0.0,0.0,0.0,0.0,0.0,0.0,2.1968966e-05,0.00094421284,8.556489e-05,5.063076e-05,0.00032958225,0.0008252473,3.3705517e-05,3.9140992e-05,2.0
115,1.0,1.0,1.0,1.0,1.0,1.0,1.0,0.0,4.1949686e-05,9.880851e-05,2.2602839e-05,7.3819992e-06,0.0017335047,4.1105595e-05,2.7163922e-05,1.08314025e-05,3.0
116,0.0,0.0,0.0,0.0,0.0,0.0,0.0,0.0,1.4075611e-05,0.00019072277,0.00042961023,4.5997065e-05,0.00046649753,6.493045e-05,0.00035740173,9.821314e-06,2.0
117,1.0,1.0,1.0,1.0,1.0,1.0,1.0,1.0,0.9991327,0.9969559,0.9996037,0.99069124,0.99928814,0.9943169,0.9983908,0.978953,2.0
118,1.0,1.0,1.0,1.0,1.0,1.0,1.0,0.0,2.9888159e-05,0.0026459428,0.0002702804,5.632074e-05,0.0005180543,0.00036292535,0.0014037538,3.721445e-05,1.0
119,0.0,1.0,1.0,1.0,1.0,0.0,1.0,0.0,0.30256894,0.9996605,0.9993073,0.90329176,0.997976,0.8378229,0.4123022,0.26794186,3.0
120,1.0,1.0,1.0,1.0,1.0,1.0,1.0,0.0,0.9977071,0.99705017,0.99874336,0.9938094,0.98254955,0.3355064,0.20862558,0.6112755,0.0
121,0.0,0.0,0.0,0.0,0.0,0.0,0.0,0.0,0.06894627,0.945825,0.92583114,0.7601427,0.98386973,0.972551,0.7785523,0.015813425,4.0
122,1.0,1.0,1.0,1.0,1.0,1.0,1.0,1.0,7.1258582e-06,0.0009716784,0.00020051873,8.493371e-06,0.0021469828,0.00016576813,5.0148028e-05,1.2187606e-05,3.0
123,1.0,1.0,1.0,1.0,1.0,1.0,0.0,0.0,0.00016141539,0.00033588463,8.6879e-05,9.671328e-06,0.0005111597,6.460656e-05,7.5080774e-05,1.32736395e-05,3.0
124,0.0,0.0,0.0,0.0,0.0,0.0,0.0,0.0,5.51736e-05,2.1934256e-05,5.8775324e-05,8.4063895e-06,8.166303e-05,0.00011977901,8.245383e-05,9.7444945e-06,2.0
125,1.0,1.0,1.0,1.0,1.0,1.0,1.0,1.0,0.0016132771,0.00020506595,0.0017962056,0.000391166,0.019739319,0.0006704179,0.0003972381,1.2469333e-05,1.0
126,1.0,1.0,1.0,0.0,1.0,1.0,1.0,0.0,0.9995598,0.99982375,0.99980515,0.99901855,0.9999685,0.7494171,0.39166257,0.5157592,2.0
127,0.0,0.0,0.0,0.0,0.0,0.0,0.0,0.0,0.00042390413,0.02311337,0.00018295075,0.0010004939,0.003226552,0.0063469554,0.0004849623,5.597951e-06,3.0
128,1.0,1.0,1.0,1.0,1.0,0.0,0.0,0.0,0.96198916,0.50535995,0.9367538,0.9956256,0.8252554,0.45579836,0.010827209,0.50037515,4.0
129,0.0,1.0,0.0,0.0,0.0,0.0,0.0,0.0,0.7853395,0.9483053,0.35085648,0.7827926,0.9851887,0.03726237,0.92233974,0.06990362,3.0
130,1.0,1.0,1.0,1.0,1.0,1.0,1.0,1.0,0.87715584,0.794299,0.118859515,0.98821485,0.94599575,0.016038889,0.9096022,0.0026914466,4.0
131,0.0,0.0,0.0,0.0,0.0,0.0,0.0,0.0,4.8446578e-05,0.0004816038,8.174567e-06,1.5479754e-05,0.0019892182,1.34129505e-05,4.541614e-05,1.1494729e-05,1.0
132,0.0,0.0,0.0,0.0,0.0,0.0,0.0,0.0,9.606714e-05,0.0003946326,0.00026750655,5.121202e-05,0.00042771702,6.995417e-05,0.00366165,8.288591e-05,2.0
133,0.0,1.0,1.0,1.0,1.0,1.0,0.0,0.0,4.6017904e-05,0.058534596,0.02571324,0.00010359142,0.007133479,0.0007530431,0.00019965335,0.00014282054,1.0
134,1.0,1.0,1.0,1.0,1.0,1.0,1.0,1.0,0.9997584,0.99787366,0.9995307,0.9613004,0.9951462,0.9786233,0.99381423,0.21015535,4.0
135,0.0,0.0,0.0,0.0,0.0,0.0,0.0,0.0,6.9742826e-05,5.2092808e-05,0.00045729085,1.6235213e-05,0.0022000964,1.2872008e-05,3.988042e-05,8.597618e-06,1.0
136,1.0,1.0,1.0,1.0,1.0,1.0,1.0,1.0,0.98175573,0.99966097,0.9998368,0.99928063,0.9996841,0.9965179,0.97695506,0.0002884307,0.0
137,0.0,0.0,0.0,0.0,0.0,0.0,0.0,0.0,3.5818986e-05,0.0014580007,0.00040795174,0.000114141105,0.00030509607,0.00027799993,8.753546e-05,2.820606e-05,1.0
138,1.0,1.0,1.0,1.0,1.0,1.0,0.0,0.0,2.005577e-05,0.00031199591,0.00019189513,3.9740215e-05,0.00035231045,0.00014481721,2.2332675e-05,1.6744147e-05,4.0
139,0.0,1.0,0.0,0.0,1.0,1.0,0.0,0.0,0.007009418,0.0037801566,0.0008019786,0.00018925779,0.047820568,0.00026764147,0.021159483,0.0002420837,0.0
140,1.0,1.0,1.0,1.0,1.0,1.0,1.0,1.0,0.99836403,0.99927944,0.99992275,0.99990344,0.99874604,0.9998398,0.8687424,0.59222054,1.0
141,1.0,1.0,1.0,1.0,1.0,1.0,0.0,0.0,0.0001468883,0.00480842,0.00012378526,7.010924e-05,0.0018772663,0.00081757363,0.00072801294,3.8001068e-05,1.0
142,0.0,1.0,1.0,1.0,1.0,1.0,0.0,0.0,0.99874794,0.9989956,0.9995763,0.9730828,0.9999223,0.99548894,0.9941427,0.20995447,2.0
143,1.0,1.0,1.0,1.0,1.0,1.0,1.0,1.0,0.9997372,0.99512166,0.9998275,0.9996934,0.9980344,0.9978523,0.9101012,0.9884666,3.0
144,1.0,1.0,1.0,1.0,1.0,1.0,0.0,0.0,0.9949714,0.9972138,0.99977654,0.9998116,0.9998621,0.9982346,0.6787719,0.0050245435,1.0
145,0.0,1.0,1.0,1.0,1.0,1.0,0.0,0.0,4.3765365e-05,1.4604465e-05,9.442088e-06,8.623567e-06,5.4023032e-05,2.3227425e-05,1.699589e-05,1.04214305e-05,2.0
146,0.0,1.0,1.0,1.0,1.0,1.0,0.0,0.0,0.99995935,0.9536911,0.98790306,0.8185794,0.88293797,0.0034132458,0.157683,0.9946977,3.0
147,0.0,0.0,0.0,0.0,0.0,0.0,0.0,0.0,0.52047056,0.78281444,0.9982828,0.54821223,0.9931398,0.74216557,0.028362604,0.0009670463,3.0
148,0.0,0.0,0.0,0.0,0.0,0.0,0.0,0.0,0.9378487,0.17208132,0.86952,0.5702588,0.49616817,0.00443184,0.68394786,0.013860695,1.0
149,0.0,0.0,0.0,0.0,0.0,0.0,0.0,0.0,0.9974956,0.99966645,0.9998771,0.9989819,0.99987113,0.998591,0.9995672,0.33948672,2.0
150,0.0,0.0,0.0,0.0,0.0,0.0,0.0,0.0,0.18400961,0.9987429,0.9998505,0.99984264,0.9993598,0.999814,0.29739386,0.0051897475,3.0
151,0.0,0.0,0.0,0.0,0.0,0.0,0.0,0.0,5.3541393e-05,0.00015975296,0.00023313475,2.3982877e-05,0.0023929942,0.00046162104,2.3263381e-05,9.686319e-06,3.0
152,1.0,1.0,1.0,1.0,1.0,1.0,1.0,1.0,0.00080159004,0.0442556,0.005352014,8.372527e-05,0.03501618,0.0005845056,0.032558616,7.084734e-06,3.0
153,1.0,1.0,1.0,1.0,1.0,1.0,1.0,1.0,0.00010743487,0.00052245235,0.0007343769,4.496164e-05,0.0011397239,0.0008559708,0.0006099339,7.18467e-05,2.0
154,0.0,0.0,0.0,0.0,0.0,0.0,0.0,0.0,0.9998473,0.99851876,0.99968624,0.99823713,0.9997173,0.99886924,0.8006156,0.61739546,3.0
155,0.0,0.0,0.0,0.0,0.0,0.0,0.0,0.0,0.9974383,0.99971455,0.9999293,0.9997247,0.9999479,0.99982065,0.9768634,0.0013079372,1.0
156,0.0,0.0,0.0,0.0,0.0,0.0,0.0,0.0,0.99809366,0.99986565,0.99990356,0.9998946,0.99977,0.99969137,0.98696727,0.4702715,4.0
157,1.0,1.0,1.0,1.0,1.0,1.0,0.0,1.0,5.3541393e-05,0.00015975296,0.00023313475,2.3982877e-05,0.0023929942,0.00046162104,2.3263381e-05,9.686319e-06,3.0
158,0.0,0.0,0.0,0.0,0.0,0.0,0.0,0.0,0.99988115,0.99563885,0.99816114,0.9992131,0.99644476,0.96724373,0.987462,0.11716313,0.0
159,0.0,0.0,0.0,0.0,0.0,0.0,0.0,0.0,6.1120896e-05,0.00042457122,0.00026275462,0.0002415769,0.00035957908,0.00012574345,4.919234e-05,0.00013176577,4.0
160,1.0,1.0,1.0,1.0,1.0,1.0,0.0,0.0,0.00359194,0.00086193817,0.00055911054,0.00036645922,0.00047046933,0.00033696712,0.0028406885,0.00025457912,4.0
161,0.0,0.0,0.0,0.0,0.0,0.0,0.0,0.0,5.144589e-05,0.00011898739,0.00020638746,5.271729e-05,0.0003670557,0.00024076474,0.00030152223,6.110516e-05,4.0
162,0.0,0.0,0.0,0.0,0.0,0.0,0.0,0.0,0.81231767,0.7292255,0.99469393,0.8315051,0.9091156,0.25424019,0.19330665,0.004369334,3.0
163,0.0,0.0,0.0,0.0,0.0,0.0,0.0,0.0,0.97598517,0.8961721,0.7448485,0.60875905,0.99812216,0.94927454,0.050836537,0.0007866023,2.0
164,0.0,0.0,0.0,0.0,0.0,0.0,0.0,0.0,3.6234072e-05,0.8746084,0.023800623,3.4990204e-05,0.4527755,0.010259244,0.0003390735,2.7548824e-05,1.0
165,0.0,0.0,0.0,0.0,0.0,0.0,0.0,0.0,0.95703566,0.91184694,0.9633793,0.7105178,0.9898555,0.9738545,0.8155174,0.071662955,1.0
166,0.0,0.0,0.0,0.0,0.0,0.0,0.0,0.0,1.7321696e-05,3.7310074e-05,1.0153687e-05,4.8600345e-05,0.0011978769,2.8771083e-05,2.8696633e-05,0.00015238165,4.0
167,0.0,0.0,0.0,0.0,0.0,0.0,0.0,0.0,0.9997186,0.9965664,0.68478096,0.9987863,0.99899596,0.9973853,0.12967063,0.07421959,2.0
168,1.0,1.0,1.0,1.0,1.0,0.0,0.0,0.0,0.00083487504,0.0014409462,0.00040870922,5.735078e-05,0.005691223,0.000118210104,0.0027370618,2.4444065e-05,0.0
169,1.0,1.0,1.0,1.0,1.0,1.0,0.0,0.0,0.0055933557,0.9537398,0.3277461,0.0001931721,0.56051385,0.0008715192,0.15323113,0.00011540935,1.0
170,0.0,0.0,0.0,0.0,0.0,0.0,0.0,0.0,0.009081741,0.8209949,0.9933943,0.9532157,0.98256785,0.98725814,0.06837847,0.073647134,4.0
171,0.0,0.0,0.0,0.0,0.0,0.0,0.0,0.0,0.9998149,0.99946266,0.9998585,0.9992519,0.99984074,0.99946505,0.8474401,0.31080937,3.0
172,1.0,1.0,1.0,1.0,1.0,1.0,1.0,1.0,0.00027830334,0.00028282113,0.0025477018,0.00036438523,0.045083955,0.002396951,0.00029003748,2.0285423e-05,1.0
173,0.0,0.0,0.0,0.0,0.0,0.0,0.0,0.0,0.00016235808,0.0008078484,9.587523e-05,1.0371965e-05,0.003188748,0.00045087052,8.628512e-05,7.967154e-06,1.0
174,0.0,0.0,0.0,0.0,0.0,0.0,0.0,0.0,7.984764e-05,1.2758495e-05,8.3543055e-06,1.39632775e-05,0.008563932,0.00018095388,6.330316e-05,6.750768e-06,0.0
175,1.0,1.0,1.0,1.0,1.0,1.0,1.0,1.0,0.99847883,0.9994758,0.9988524,0.9993461,0.9996748,0.9895878,0.998926,0.8106876,2.0
176,0.0,0.0,0.0,0.0,0.0,0.0,0.0,0.0,0.03497391,0.94571304,0.97829574,0.020034565,0.9973514,0.99762434,0.49491644,0.018174771,2.0
177,0.0,1.0,1.0,1.0,1.0,1.0,0.0,0.0,0.00021658328,0.000707131,0.00045626375,0.0001493886,0.0006829557,0.00031320978,0.007400677,7.378895e-06,1.0
178,0.0,0.0,0.0,0.0,0.0,0.0,0.0,0.0,0.99995863,0.9998872,0.99990416,0.9998685,0.99992156,0.9969303,0.9414264,0.99960726,1.0
179,1.0,0.0,1.0,1.0,1.0,0.0,0.0,0.0,0.26895207,0.99720216,0.98243874,0.024580484,0.9987074,0.6841739,0.0148846945,0.0011632324,2.0
180,0.0,0.0,0.0,0.0,0.0,0.0,0.0,0.0,0.9931017,0.9953614,0.9997106,0.99989235,0.9938346,0.9996321,0.91293734,0.4815884,3.0
181,0.0,0.0,0.0,0.0,0.0,0.0,0.0,0.0,0.88704014,0.010468306,0.015614267,0.0332577,0.12760423,0.27397865,0.57132655,0.011297524,1.0
182,1.0,1.0,1.0,1.0,1.0,1.0,1.0,1.0,0.9909055,0.9999211,0.9997917,0.9995054,0.99981195,0.9998568,0.06455019,0.2353698,2.0
183,0.0,1.0,1.0,0.0,1.0,1.0,0.0,0.0,0.001930837,0.40192276,0.57483166,0.0019272235,0.13756986,0.015448786,0.011054114,2.9148885e-05,3.0
184,0.0,0.0,0.0,0.0,0.0,0.0,0.0,0.0,0.9897406,0.93573993,0.99943393,0.99736834,0.99947685,0.9539512,0.3870806,0.003199582,0.0
185,0.0,0.0,0.0,0.0,0.0,0.0,0.0,0.0,2.460401e-05,0.007627376,0.0002559442,8.440079e-05,0.003897987,0.0005350097,0.00020833929,5.977798e-05,2.0
186,0.0,0.0,1.0,0.0,1.0,0.0,1.0,0.0,0.00011369334,0.000109219814,8.670927e-06,3.7287773e-05,7.3645395e-05,5.250246e-06,0.0008162596,8.248736e-06,3.0
187,0.0,0.0,0.0,0.0,0.0,0.0,0.0,0.0,1.4490109e-05,0.00015531287,0.00010457987,3.4101482e-05,0.0017098286,0.00011778222,0.00011628314,1.4005368e-05,4.0
188,1.0,1.0,1.0,1.0,1.0,1.0,0.0,0.0,0.99963105,0.99931955,0.9954277,0.9990693,0.99915946,0.97115874,0.004523798,0.41843665,2.0
189,1.0,1.0,1.0,1.0,1.0,1.0,1.0,0.0,0.0024645445,0.008245264,0.07187216,0.011416682,0.99183476,0.053698126,0.0438638,8.485052e-05,4.0
190,1.0,1.0,1.0,1.0,1.0,1.0,1.0,1.0,0.00014814822,0.0023796877,0.0012857052,2.2593333e-05,0.0021764766,5.7307316e-05,0.018048476,2.1091111e-05,3.0
191,1.0,1.0,1.0,1.0,1.0,1.0,1.0,1.0,0.041079395,0.6855944,0.9979354,0.9922466,0.9973232,0.9910348,0.0048355237,6.945968e-05,4.0
192,1.0,1.0,1.0,1.0,1.0,1.0,1.0,0.0,6.1837956e-05,0.00018091283,6.789561e-05,2.267166e-05,0.00056961406,0.00025539694,0.0031370374,3.1994532e-05,0.0
193,1.0,1.0,1.0,1.0,1.0,1.0,1.0,1.0,0.98271495,0.99969435,0.999811,0.46495384,0.99983776,0.99966383,0.004638661,0.122131415,1.0
194,0.0,0.0,0.0,0.0,0.0,0.0,0.0,0.0,2.523129e-05,0.00016072472,0.0001916905,3.7149915e-05,0.058794737,0.0004111222,5.9153517e-05,7.2245634e-06,3.0
195,0.0,0.0,0.0,0.0,0.0,0.0,0.0,0.0,3.1261898e-05,2.9768798e-05,5.4605418e-05,1.4074818e-05,0.00010831241,4.7015646e-06,0.00015170734,1.1186655e-05,2.0
196,0.0,0.0,0.0,0.0,0.0,0.0,0.0,0.0,0.439018,0.92119056,0.90855503,0.8372017,0.99771166,0.8485424,0.00012266079,0.95439273,1.0
197,0.0,0.0,0.0,0.0,0.0,0.0,0.0,0.0,0.9979335,0.98637694,0.95140076,0.97741777,0.96047914,0.9788132,0.4118887,0.0028489206,3.0
198,0.0,0.0,1.0,0.0,0.0,0.0,0.0,0.0,0.25555658,0.053779572,0.267396,0.0014975943,0.9837818,0.8273257,0.0033889457,1.8988405e-05,0.0
199,1.0,1.0,1.0,1.0,1.0,1.0,0.0,0.0,2.6102798e-05,4.589646e-05,2.508085e-05,4.557204e-06,0.00041214167,3.559883e-05,1.5870479e-05,1.387306e-05,0.0
200,0.0,0.0,0.0,0.0,0.0,0.0,0.0,0.0,0.99846077,0.72787565,0.99158937,0.973039,0.98641056,0.98530465,0.68046546,0.04752135,4.0
201,1.0,0.0,1.0,1.0,1.0,0.0,0.0,0.0,1.0340805e-05,2.114087e-05,2.0637077e-05,1.5576617e-05,0.0007483089,4.398566e-05,4.0721363e-05,2.2643053e-05,4.0
202,1.0,1.0,1.0,1.0,1.0,1.0,1.0,0.0,0.00011421786,0.012686565,0.025018966,0.0007459167,0.0057152696,0.0004361643,0.0030161277,0.00014438192,3.0
203,0.0,0.0,0.0,0.0,0.0,0.0,0.0,0.0,0.00018475461,0.001159439,1.3461287e-05,3.8766248e-05,0.00028000615,4.9306418e-05,0.001118467,1.2647541e-05,2.0
204,1.0,1.0,1.0,1.0,1.0,1.0,1.0,1.0,0.00042571512,1.9736517e-05,0.00019046744,0.00037926,0.02564199,2.514748e-05,2.0691525e-05,1.4056589e-05,1.0
205,1.0,1.0,1.0,1.0,1.0,1.0,1.0,0.0,0.00043063157,0.00049170264,0.00020273378,0.00022795112,0.00018178849,0.0024502315,0.0059961993,9.549593e-05,4.0
206,0.0,0.0,0.0,0.0,0.0,0.0,0.0,0.0,0.024783451,0.9816737,0.85894746,0.06510433,0.65785956,0.016547263,0.10889848,0.007433476,4.0
207,0.0,0.0,0.0,0.0,0.0,0.0,0.0,0.0,0.986598,0.9999273,0.99984694,0.99964345,0.999926,0.9994542,0.9851776,0.6136362,3.0
208,0.0,0.0,0.0,0.0,0.0,0.0,0.0,0.0,0.97650164,0.9971154,0.9992011,0.9997557,0.9999194,0.99379444,0.06624268,0.0019304171,0.0
209,1.0,1.0,1.0,1.0,1.0,0.0,1.0,0.0,5.2177875e-05,7.304397e-05,2.9859666e-05,0.00011878842,0.0009355053,0.00016772821,6.871089e-05,1.44567475e-05,0.0
210,1.0,1.0,1.0,1.0,1.0,1.0,1.0,0.0,6.702197e-05,0.00017901824,0.0007501295,1.662107e-05,0.0056939516,0.00017480031,0.00016599413,7.890714e-06,0.0
211,0.0,0.0,0.0,0.0,0.0,0.0,0.0,0.0,0.5299945,0.9628409,0.9982863,0.99055403,0.9999031,0.9446432,0.0021547053,0.00011018251,1.0
212,0.0,0.0,0.0,0.0,0.0,0.0,0.0,0.0,0.99994004,0.9997758,0.99981385,0.9998791,0.9994479,0.99988437,0.07503755,0.7956915,1.0
213,1.0,1.0,1.0,1.0,1.0,1.0,0.0,0.0,0.00010870103,0.012281788,0.0005367315,0.00019097772,0.001156777,0.0004454485,0.016612152,0.000100973346,0.0
214,0.0,0.0,0.0,0.0,0.0,0.0,0.0,0.0,0.9998388,0.9984409,0.9999256,0.9998584,0.9999088,0.996675,0.9826182,0.38189986,4.0
215,0.0,0.0,0.0,0.0,0.0,0.0,0.0,0.0,0.8953252,0.98587245,0.9876676,0.93175364,0.9935406,0.9919709,0.8028763,0.005404149,1.0
216,0.0,0.0,0.0,0.0,0.0,0.0,0.0,0.0,0.99563354,0.9121497,0.97615856,0.9964051,0.937484,0.03299958,0.9041503,0.6146818,4.0
217,0.0,0.0,0.0,0.0,0.0,0.0,0.0,0.0,0.00019543715,6.32093e-05,0.00047478572,4.7794547e-05,0.0017740822,0.0004874446,0.0007590765,2.6455802e-05,4.0
218,1.0,1.0,1.0,1.0,1.0,1.0,0.0,0.0,0.0003471535,0.00035053684,0.0018524138,5.2445812e-05,0.0054308055,0.0018368248,0.00028363825,0.00031071447,0.0
219,1.0,0.0,0.0,0.0,0.0,0.0,0.0,0.0,0.044829644,0.19430144,0.46334136,0.0010528794,0.99810445,0.10211503,0.00077187445,0.00026593244,3.0
220,0.0,1.0,1.0,1.0,1.0,1.0,1.0,0.0,0.04592263,0.0046040094,0.4224756,0.002677502,0.3054101,0.0029431162,0.040203962,3.941356e-05,2.0
221,0.0,0.0,0.0,0.0,0.0,0.0,0.0,0.0,0.006984107,0.034739703,0.0021817912,4.2306277e-05,0.04471897,0.00014879351,0.00021394486,0.03668211,1.0
222,0.0,0.0,0.0,0.0,0.0,0.0,0.0,0.0,0.11861663,0.9954554,0.99874914,0.9952615,0.9997439,0.7063778,0.13882789,0.00038414044,2.0
223,0.0,0.0,1.0,0.0,0.0,0.0,0.0,0.0,0.83941364,0.87540555,0.9979221,0.996402,0.9936957,0.33731905,0.8430908,0.0012767147,2.0
224,1.0,1.0,1.0,0.0,1.0,1.0,0.0,1.0,0.67545366,0.9989336,0.99984217,0.9969694,0.99966884,0.9998192,0.5549161,0.93989676,3.0
225,1.0,1.0,1.0,0.0,1.0,1.0,1.0,0.0,0.99715495,0.99983907,0.99979633,0.99990845,0.9999057,0.9994653,0.9763692,0.87121594,3.0
226,1.0,1.0,1.0,1.0,1.0,1.0,1.0,0.0,0.9942319,0.9995065,0.99984527,0.9999341,0.99987674,0.9995401,0.9737067,0.7620436,3.0
227,0.0,0.0,0.0,0.0,0.0,0.0,0.0,0.0,0.00017196873,0.00026985118,0.000457909,4.3409604e-05,0.012621888,0.00010016711,0.00017113007,1.700664e-05,1.0
228,0.0,0.0,0.0,0.0,0.0,0.0,0.0,0.0,0.99857485,0.99981886,0.9999031,0.99970967,0.9990656,0.9984484,0.82982403,0.8560266,1.0
229,0.0,0.0,0.0,0.0,0.0,0.0,0.0,0.0,0.9989969,0.9989698,0.99987125,0.9903172,0.9998431,0.99953806,0.8767728,0.7548495,3.0
230,0.0,0.0,0.0,0.0,0.0,0.0,0.0,0.0,4.748476e-05,1.912943e-05,3.4048157e-05,3.030481e-05,0.0023203029,9.170153e-05,2.5732847e-05,2.6820771e-05,4.0
231,0.0,0.0,0.0,0.0,0.0,0.0,0.0,0.0,0.78783214,0.5324075,0.3683872,0.043096274,0.28796256,0.1635387,0.891533,0.0719511,1.0
232,0.0,0.0,0.0,0.0,0.0,0.0,0.0,0.0,0.9992362,0.999907,0.9999198,0.99763465,0.99982065,0.9993519,0.99848086,0.37554634,3.0
233,0.0,0.0,0.0,0.0,0.0,0.0,0.0,0.0,0.6504675,0.20521536,0.75034636,0.17005186,0.61614794,0.46388435,0.010956083,0.5685329,3.0
234,1.0,1.0,1.0,1.0,1.0,1.0,1.0,0.0,0.72642976,0.8510919,0.9983631,0.9972627,0.99459165,0.9822541,0.63945585,0.0037793592,2.0
235,0.0,0.0,0.0,0.0,0.0,0.0,0.0,0.0,0.9998641,0.9976738,0.99950576,0.99903846,0.99929774,0.99968815,0.94068736,0.9494772,1.0
236,1.0,1.0,1.0,1.0,1.0,1.0,0.0,0.0,0.99969435,0.99485815,0.9993216,0.9994785,0.9990151,0.99877185,0.89340276,0.40237427,2.0
237,0.0,1.0,0.0,0.0,1.0,0.0,0.0,0.0,0.0030554656,0.00034336757,0.0013010838,8.437238e-05,0.0047543086,0.00040946092,0.013007641,0.0019145866,0.0
238,1.0,1.0,1.0,1.0,1.0,1.0,0.0,0.0,0.00048653287,0.000646365,0.00012267598,2.6194311e-05,0.0006907903,0.0045561073,0.002147409,0.00014282313,2.0
239,0.0,0.0,0.0,0.0,1.0,0.0,0.0,0.0,0.99921834,0.9945109,0.99937123,0.9655678,0.99940956,0.9967243,0.86171275,0.03875375,1.0
240,1.0,0.0,1.0,1.0,1.0,0.0,0.0,0.0,0.99883825,0.999428,0.9998504,0.99972504,0.9998708,0.999946,0.9969175,0.9924827,4.0
241,0.0,1.0,0.0,0.0,1.0,0.0,0.0,0.0,1.0125258e-05,0.0001210531,4.4917753e-05,2.435123e-05,9.2981754e-05,0.00019199617,1.9353069e-05,2.4848323e-05,4.0
242,0.0,0.0,0.0,0.0,0.0,0.0,0.0,0.0,1.7854467e-05,0.80994105,0.010274895,0.00013020403,0.35762027,0.5360394,0.00096501096,6.327027e-05,4.0
243,0.0,0.0,0.0,0.0,0.0,0.0,0.0,0.0,0.99989784,0.99873716,0.9993144,0.999765,0.9999851,0.9998235,0.9356528,0.07745552,4.0
244,0.0,0.0,0.0,0.0,0.0,0.0,0.0,0.0,0.0005876323,0.00011396752,0.00010160735,7.435232e-05,0.006985255,0.0012470655,0.0005977944,1.9933183e-05,0.0
245,1.0,1.0,1.0,1.0,1.0,1.0,0.0,1.0,0.9949346,0.91629714,0.99591005,0.98245424,0.9984724,0.079849586,0.65940344,5.9871996e-05,2.0
246,1.0,0.0,1.0,0.0,1.0,1.0,1.0,0.0,0.9882194,0.93572825,0.66132003,0.02175672,0.9415697,0.78164685,0.3606457,0.08087655,3.0
247,1.0,1.0,1.0,1.0,1.0,1.0,0.0,1.0,0.9960602,0.9937748,0.99962056,0.9998184,0.9994646,0.9995347,0.34602827,0.24505284,0.0
248,1.0,1.0,1.0,1.0,1.0,1.0,0.0,1.0,0.9973441,0.99947435,0.99996364,0.99980646,0.9998758,0.99992263,0.9984781,0.74156135,2.0
249,0.0,0.0,0.0,0.0,0.0,0.0,0.0,0.0,0.99751496,0.9995784,0.98744535,0.9938214,0.99772245,0.9772415,0.9978237,0.96433884,1.0
250,0.0,1.0,1.0,1.0,1.0,1.0,0.0,0.0,0.092992045,0.9963212,0.8554146,0.50362456,0.9447223,0.9682543,0.008958816,0.122767225,1.0
251,1.0,1.0,1.0,1.0,1.0,1.0,1.0,1.0,1.9100862e-05,0.00022850362,5.8522077e-05,2.3601093e-05,0.003465865,8.352782e-05,0.0012304432,2.324471e-05,4.0
252,1.0,1.0,1.0,1.0,1.0,1.0,0.0,0.0,1.0371025e-05,0.00020009033,0.000422374,8.504656e-05,0.0027624734,0.00016979499,0.00015453451,1.1479907e-05,4.0
253,0.0,0.0,0.0,0.0,0.0,0.0,0.0,0.0,0.0009885187,0.0014966511,0.0180233,0.0002451401,0.0033245238,0.00095127866,0.0005337496,1.1860771e-05,3.0
254,0.0,0.0,0.0,0.0,0.0,0.0,0.0,0.0,4.347788e-05,0.00042375285,0.0006202707,4.3740587e-05,0.0008321924,8.758489e-05,0.001056483,1.6297932e-05,1.0
255,1.0,1.0,1.0,1.0,1.0,1.0,0.0,1.0,5.1689316e-05,0.068250276,0.014119765,0.00019661804,0.85319626,0.0009785957,0.000991223,2.1894404e-05,3.0
256,1.0,0.0,0.0,0.0,0.0,0.0,0.0,0.0,0.9992107,0.9993149,0.999752,0.99975973,0.99973637,0.99778664,0.38894734,0.003844837,0.0
257,1.0,1.0,1.0,1.0,1.0,1.0,1.0,1.0,0.96440744,0.99976593,0.9997216,0.9994998,0.99980444,0.9998209,0.4649922,0.34443474,2.0
258,1.0,1.0,1.0,1.0,1.0,1.0,1.0,1.0,0.99534285,0.99913675,0.9996138,0.99737525,0.9997017,0.9995116,0.9953467,0.17867316,3.0
259,1.0,1.0,1.0,1.0,1.0,1.0,1.0,1.0,0.99786156,0.9986663,0.9998023,0.9935568,0.9993759,0.9987697,0.999049,0.007846202,1.0
260,1.0,1.0,1.0,0.0,1.0,1.0,0.0,0.0,9.397762e-05,0.00017973418,8.187388e-05,9.45309e-06,0.00057875883,2.1245462e-05,0.0013640675,1.3690164e-05,0.0
261,0.0,0.0,0.0,0.0,0.0,0.0,0.0,0.0,0.000108919034,0.0002940348,3.586359e-05,7.4958175e-06,7.473325e-05,8.908729e-05,0.00041146274,1.9507608e-05,0.0
262,1.0,1.0,1.0,1.0,1.0,1.0,1.0,0.0,0.9999546,0.99939275,0.99969375,0.9998958,0.99307984,0.983236,0.72959876,0.9990583,3.0
263,0.0,0.0,0.0,0.0,0.0,0.0,0.0,0.0,9.5253e-05,0.00046693953,0.00025116283,0.000113782924,0.00044804646,0.0019437956,0.00016417826,4.882909e-05,2.0
264,1.0,1.0,1.0,1.0,1.0,1.0,1.0,1.0,0.00018172401,0.0018113763,0.022748154,9.015994e-05,0.023365151,0.0014939905,0.00023096475,7.3748e-05,2.0
265,1.0,1.0,1.0,1.0,1.0,1.0,1.0,0.0,0.0011096854,0.0044476576,0.005745459,0.00018347535,0.04722437,0.0015325522,0.00057446247,0.00010121001,1.0
266,0.0,0.0,0.0,0.0,0.0,0.0,0.0,0.0,0.99963343,0.995765,0.9946937,0.9831129,0.9996213,0.9986934,0.99801755,0.96496415,1.0
267,1.0,1.0,1.0,1.0,1.0,1.0,0.0,0.0,0.0042682807,0.05350528,0.0020093522,0.0008108949,0.0041935234,0.0029725584,0.002963143,6.534638e-05,3.0
268,1.0,0.0,0.0,0.0,0.0,0.0,0.0,0.0,0.008610413,0.17593104,0.12624869,0.00044790466,0.8960508,0.3296505,0.002394742,0.0009002644,2.0
269,0.0,0.0,0.0,0.0,0.0,0.0,0.0,0.0,1.227316e-05,0.00021176215,0.00018397234,3.4101482e-05,0.0017914122,0.00010543963,3.816544e-05,1.4968343e-05,4.0
270,1.0,1.0,1.0,1.0,1.0,1.0,1.0,1.0,0.99965084,0.99906343,0.9995585,0.999116,0.99963784,0.99939036,0.9938212,0.569128,4.0
271,1.0,1.0,1.0,1.0,1.0,1.0,0.0,0.0,0.3372552,0.049432684,0.002940659,0.105084285,0.02331869,0.0017261615,0.29120886,0.00044040175,2.0
272,1.0,1.0,1.0,1.0,1.0,0.0,0.0,1.0,0.990092,0.9671044,0.9991429,0.99942374,0.99909544,0.9969855,0.054711003,0.0002790837,2.0
273,0.0,0.0,0.0,0.0,0.0,0.0,0.0,0.0,0.0011034943,0.00042413268,0.00013409804,3.5670568e-05,0.0010257561,6.251018e-05,0.3537847,3.698131e-05,4.0
274,1.0,1.0,1.0,1.0,1.0,1.0,1.0,1.0,0.999476,0.9986268,0.9998072,0.99920267,0.99937004,0.99515694,0.9582354,0.2615051,1.0
275,0.0,0.0,0.0,0.0,0.0,0.0,0.0,0.0,5.1352323e-05,0.0005198739,0.0003926651,7.50802e-05,0.00070140895,0.0009570655,0.0003837183,7.095049e-05,0.0
276,0.0,0.0,0.0,0.0,0.0,0.0,0.0,0.0,0.99335927,0.9991787,0.99418086,0.99794024,0.99941075,0.96635747,0.87869006,0.7539354,4.0
277,1.0,1.0,1.0,1.0,1.0,1.0,1.0,0.0,3.202622e-05,0.003157045,0.0014101886,4.2360978e-05,0.004839883,1.8943729e-05,0.00044201803,3.2453634e-05,0.0
278,1.0,1.0,1.0,1.0,1.0,1.0,1.0,0.0,1.6445067e-05,5.8912297e-05,7.490777e-05,1.6273889e-05,0.0018823354,6.027616e-05,0.0006398866,1.0117585e-05,2.0
279,0.0,0.0,0.0,0.0,0.0,0.0,0.0,0.0,0.00016867415,0.0012077971,0.00050560693,8.9751025e-05,0.00024728003,0.00015095368,0.0010261015,2.621778e-05,3.0
280,1.0,1.0,1.0,0.0,1.0,1.0,0.0,0.0,1.8311923e-05,4.8985148e-05,3.7987813e-06,3.968647e-06,0.00033827437,6.740751e-06,1.9497396e-05,1.1348663e-05,1.0
281,1.0,1.0,1.0,1.0,1.0,1.0,1.0,0.0,0.9987907,0.99973005,0.99964714,0.99729794,0.99990773,0.9995509,0.98618305,0.0065973895,1.0
282,1.0,1.0,1.0,1.0,1.0,0.0,1.0,0.0,4.446014e-05,4.4130782e-05,0.00019529556,1.1729792e-05,8.963565e-05,2.5192678e-05,4.6329344e-05,1.4536434e-05,3.0
283,1.0,1.0,1.0,1.0,1.0,1.0,0.0,1.0,5.6999976e-05,0.00015406222,6.716074e-05,5.4392698e-05,5.7008125e-05,1.8436773e-05,0.00020678199,3.379825e-05,3.0
284,0.0,0.0,0.0,0.0,0.0,0.0,0.0,0.0,0.15554167,0.36828923,0.15356024,0.028976155,0.99949646,0.3065463,0.037811823,9.1543305e-05,2.0
285,1.0,1.0,1.0,0.0,1.0,0.0,0.0,0.0,0.00027336256,0.023871707,0.00075985776,4.3438467e-05,0.019561974,3.1416977e-05,0.0013050049,3.349995e-05,2.0
286,0.0,1.0,1.0,1.0,1.0,1.0,1.0,0.0,0.00010748058,0.00019978378,0.0001702658,7.346371e-06,0.0063649667,3.8533675e-05,0.0049484815,1.4262008e-05,0.0
287,1.0,1.0,1.0,1.0,1.0,1.0,0.0,0.0,0.0001389853,0.00074056454,0.0002540711,0.00096792803,0.0009537421,0.00011300635,0.0013982574,5.7462184e-05,3.0
288,1.0,1.0,1.0,1.0,1.0,0.0,1.0,1.0,0.052289072,0.43500596,0.6658414,0.03254484,0.8892012,0.1330377,0.050335716,0.0017735206,4.0
289,0.0,0.0,0.0,0.0,0.0,0.0,0.0,0.0,0.7044321,0.9934156,0.9967541,0.6701295,0.9819281,0.028973592,0.6142826,0.12995487,0.0
290,1.0,1.0,1.0,1.0,1.0,1.0,0.0,1.0,0.7458095,0.05427612,0.21182951,0.0025405975,0.41045186,0.018009128,0.008737311,0.0002985075,0.0
291,1.0,1.0,1.0,1.0,1.0,1.0,1.0,1.0,0.5102115,0.5128952,0.91473645,0.0035967112,0.96295655,0.026744956,0.05856983,0.00012664111,1.0
292,1.0,1.0,1.0,1.0,1.0,1.0,0.0,0.0,5.504485e-05,0.00028355388,1.0746836e-05,2.037585e-05,0.00028563448,4.0911702e-05,0.00014210898,4.447973e-05,1.0
293,0.0,0.0,0.0,0.0,0.0,0.0,0.0,0.0,0.00018228265,0.00018710304,0.00012766078,1.0577107e-05,0.00087177043,3.7707076e-05,0.00033524047,8.749357e-06,3.0
294,0.0,0.0,0.0,0.0,0.0,0.0,0.0,0.0,0.00017891038,5.7091474e-05,0.00012248066,1.0295423e-05,0.0011877912,0.00022637782,0.0037050874,7.268807e-05,0.0
295,0.0,1.0,1.0,0.0,1.0,0.0,0.0,0.0,0.0001871787,0.0016318689,0.0022621867,5.5052933e-05,0.00054815965,0.00011771911,0.02952638,4.493682e-05,4.0
296,0.0,0.0,0.0,0.0,1.0,0.0,0.0,0.0,0.009189934,0.0017148162,9.385834e-05,0.00027952818,0.00029132506,0.00015237975,0.20304084,0.00093414827,0.0
297,0.0,0.0,0.0,0.0,0.0,0.0,0.0,0.0,0.9996555,0.55970585,0.9991047,0.98152924,0.9951348,0.44363,0.0060984264,0.00036273198,3.0
298,0.0,0.0,0.0,0.0,0.0,0.0,1.0,0.0,2.6843929e-05,0.0137658,0.0076497965,1.2245509e-05,0.16306342,1.365423e-05,0.012469936,6.1779785e-05,0.0
299,0.0,1.0,1.0,1.0,1.0,1.0,0.0,0.0,0.9985789,0.99835736,0.99986005,0.99971694,0.9997147,0.96991706,0.67157876,0.02809323,0.0
300,0.0,0.0,0.0,0.0,0.0,0.0,0.0,0.0,0.99985516,0.99991035,0.9999324,0.9998704,0.99990594,0.99969006,0.92522615,0.93133974,1.0
301,0.0,0.0,0.0,0.0,1.0,0.0,0.0,0.0,9.362351e-05,1.8968783e-05,6.659493e-05,4.6943474e-05,0.000246868,0.00015940225,9.623493e-05,2.4079269e-05,3.0
302,1.0,1.0,1.0,1.0,1.0,1.0,1.0,1.0,0.9756068,0.9996081,0.99811673,0.9975865,0.9996288,0.9997669,0.96407306,0.10335897,1.0
303,0.0,0.0,0.0,0.0,0.0,0.0,0.0,0.0,1.8878192e-05,0.00066307327,0.00014771306,5.8677535e-05,0.00019701794,5.7991474e-05,0.0002644551,4.5219465e-05,3.0
304,1.0,1.0,1.0,1.0,1.0,0.0,1.0,1.0,9.184181e-05,0.00017992932,0.00039332244,2.9809595e-05,0.0001796862,0.0002385574,0.00010109021,2.014986e-05,2.0
305,0.0,1.0,1.0,0.0,1.0,1.0,0.0,0.0,0.99713254,0.9080192,0.9994005,0.9159205,0.96242005,0.62696415,0.005686918,0.025394881,1.0
306,0.0,0.0,0.0,0.0,0.0,0.0,0.0,0.0,0.000102459766,0.00017999212,0.00013779975,2.5069585e-05,0.001286787,0.00011955513,0.00036116457,1.0174197e-05,1.0
307,0.0,0.0,0.0,0.0,0.0,0.0,1.0,0.0,0.99960214,0.99130285,0.997985,0.9987935,0.9850439,0.9190301,0.946316,0.16242711,1.0
308,1.0,1.0,1.0,1.0,1.0,1.0,1.0,0.0,0.99038094,0.9994511,0.9951946,0.99407095,0.9998479,0.97615224,0.61695105,0.13060194,4.0
309,0.0,1.0,1.0,1.0,1.0,1.0,0.0,0.0,5.225456e-05,0.0008879847,0.00063910254,1.6481838e-05,0.002947422,0.00019054847,7.254313e-05,7.609989e-06,0.0
310,1.0,1.0,1.0,1.0,1.0,1.0,1.0,1.0,0.0015681478,0.0009796204,7.6195574e-05,2.3794522e-05,0.002046605,0.0028033133,0.009521883,7.5210046e-05,0.0
311,1.0,1.0,1.0,1.0,1.0,0.0,1.0,0.0,0.003914993,0.0044130725,0.011969989,0.00033257794,0.0037578836,0.0011712332,0.3904127,1.449391e-05,1.0
312,1.0,1.0,1.0,1.0,1.0,1.0,0.0,1.0,0.9998247,0.9998386,0.99946016,0.99966383,0.99687356,0.99497354,0.6133497,0.92440814,0.0
313,1.0,1.0,1.0,0.0,1.0,0.0,1.0,0.0,0.9967205,0.9997855,0.9995115,0.989823,0.99974674,0.99980456,0.89343226,0.0037891113,4.0
314,1.0,1.0,1.0,1.0,1.0,1.0,1.0,0.0,0.20934989,0.99877614,0.99851495,0.37173074,0.9992488,0.9994678,0.07680258,0.1726779,0.0
315,1.0,1.0,1.0,1.0,1.0,1.0,1.0,1.0,0.550575,0.93434995,0.8820242,0.68369395,0.95579755,0.012851044,0.80732745,0.0038781457,4.0
316,1.0,1.0,1.0,1.0,1.0,1.0,1.0,1.0,2.9651614e-05,1.8168086e-05,0.00035819583,4.9361035e-05,0.00086373824,3.2710188e-05,1.3734312e-05,2.2534761e-05,1.0
317,1.0,1.0,1.0,1.0,1.0,1.0,1.0,1.0,0.0043553193,0.59903514,0.9177316,0.002047061,0.9977604,0.89077955,0.0020779725,8.537451e-05,3.0
318,0.0,0.0,0.0,0.0,0.0,0.0,0.0,0.0,0.00011168268,8.544048e-05,0.0002865758,1.60107e-05,0.02675906,9.368119e-05,0.0001954064,7.2801636e-06,0.0
319,0.0,0.0,0.0,0.0,0.0,0.0,0.0,0.0,0.9964515,0.99834764,0.9998739,0.99747354,0.9998925,0.9999579,0.9937356,0.96664846,1.0
320,0.0,0.0,0.0,0.0,1.0,0.0,0.0,0.0,5.711077e-06,0.01035497,0.00071827,6.562696e-05,0.045093235,0.0005515405,8.0164486e-05,9.488178e-06,2.0
321,1.0,1.0,1.0,1.0,1.0,1.0,1.0,0.0,0.00026217132,0.004131205,0.20524357,9.137193e-05,0.0046705217,0.00033963835,0.0036111355,3.3758948e-05,0.0
322,0.0,0.0,0.0,0.0,0.0,0.0,0.0,0.0,0.99872786,0.9997379,0.9999459,0.99985445,0.9993799,0.9994299,0.88951844,0.28641087,3.0
323,1.0,1.0,1.0,0.0,1.0,1.0,0.0,0.0,0.9992908,0.9996939,0.9999199,0.9998877,0.99988365,0.9997385,0.9995351,0.016674982,0.0
324,1.0,1.0,1.0,1.0,1.0,1.0,0.0,1.0,0.06697509,0.936961,0.67193365,0.014059482,0.92188513,0.9454403,0.011901663,0.002824315,2.0
325,1.0,1.0,1.0,1.0,1.0,1.0,1.0,0.0,0.0011892392,0.003478852,0.00032135996,4.0470808e-05,0.24044545,0.05610952,0.00011607398,1.1745957e-05,3.0
326,1.0,1.0,1.0,1.0,1.0,0.0,1.0,1.0,0.9929045,0.99946994,0.99954396,0.99925643,0.9993125,0.9998031,0.98542285,0.019711198,1.0
327,1.0,1.0,1.0,1.0,1.0,0.0,0.0,1.0,0.99712664,0.9945996,0.9965012,0.85254085,0.9555702,0.9731972,0.005592844,0.20132676,0.0
328,1.0,1.0,1.0,1.0,1.0,0.0,0.0,1.0,0.00020822647,8.1018385e-05,0.00025691334,9.4459196e-05,0.0011534084,0.00012719103,0.00083867315,0.00038127703,0.0
329,0.0,0.0,0.0,0.0,1.0,0.0,0.0,0.0,4.047401e-05,4.725825e-05,6.806767e-05,3.0415613e-05,0.00018447613,1.8550934e-05,0.00012800758,6.866971e-06,1.0
330,0.0,0.0,0.0,0.0,0.0,0.0,0.0,0.0,0.9998429,0.99976224,0.9998672,0.99969697,0.9997539,0.99951804,0.99870527,0.8963941,4.0
331,0.0,0.0,0.0,0.0,0.0,0.0,0.0,0.0,0.08752396,0.9973271,0.99915946,0.13438937,0.99976856,0.9922839,0.011867003,0.00800098,1.0
332,0.0,0.0,0.0,0.0,0.0,0.0,1.0,0.0,0.99995446,0.9999473,0.9999186,0.9999572,0.9999224,0.9998005,0.98026353,0.9997358,0.0
333,0.0,0.0,0.0,0.0,0.0,0.0,0.0,0.0,4.216997e-05,2.8517941e-05,5.2448313e-06,4.091186e-06,0.00049136695,7.1193235e-06,5.997171e-05,2.8253442e-05,0.0
334,1.0,1.0,1.0,1.0,1.0,1.0,1.0,1.0,0.9996506,0.9999095,0.9998933,0.99992526,0.9999627,0.99974245,0.99637693,0.65566385,0.0
335,0.0,0.0,0.0,0.0,0.0,0.0,0.0,0.0,0.99447143,0.9969133,0.99402606,0.99723744,0.99429816,0.6459699,0.058975093,0.00075071596,2.0
336,1.0,1.0,1.0,1.0,1.0,1.0,0.0,0.0,0.8419009,0.99831414,0.99754494,0.9961563,0.99937004,0.9781221,0.9871149,0.008232348,1.0
337,0.0,0.0,0.0,0.0,0.0,0.0,0.0,0.0,0.0003503885,0.0005641712,0.00012881414,0.00013034987,0.00098616,0.0006491275,0.00036523328,0.00010090174,4.0
338,1.0,1.0,1.0,0.0,1.0,0.0,0.0,0.0,7.781239e-05,8.596064e-05,2.5760959e-05,4.865061e-05,0.00017757811,2.8785547e-05,0.005112286,5.6541267e-05,2.0
339,0.0,0.0,0.0,0.0,0.0,0.0,0.0,0.0,7.718342e-05,0.00045467075,0.0002938616,0.0001563703,0.006398311,8.576495e-05,0.0032144317,6.235349e-05,4.0
340,0.0,0.0,0.0,0.0,0.0,0.0,0.0,0.0,5.9353606e-05,0.00027094348,0.00032091723,4.9843136e-05,0.00033997188,0.00014984499,0.0043217735,2.8493367e-05,2.0
341,0.0,0.0,0.0,0.0,0.0,0.0,0.0,0.0,4.2511685e-05,0.00020824932,0.00010312483,3.6149828e-05,0.0007436036,0.00030029065,0.0274804,1.9016567e-05,2.0
342,0.0,0.0,0.0,0.0,0.0,0.0,1.0,0.0,0.9895398,0.92930895,0.99947065,0.9985468,0.99801826,0.7848475,0.9899329,0.019508401,1.0
343,0.0,0.0,0.0,0.0,0.0,0.0,0.0,0.0,0.0003564493,0.00034549358,9.213374e-05,5.4447602e-05,0.0009648491,0.00018418068,0.0036918146,2.4445719e-05,4.0
344,0.0,0.0,0.0,0.0,0.0,0.0,0.0,0.0,0.9995516,0.999967,0.9961732,0.99945253,0.9992962,0.99748343,0.99221766,0.9936841,0.0
345,1.0,1.0,1.0,1.0,1.0,1.0,0.0,1.0,0.9998555,0.9982792,0.99956244,0.9998872,0.999238,0.99752325,0.6319005,0.73344356,4.0
346,1.0,1.0,1.0,1.0,1.0,1.0,1.0,1.0,0.9978682,0.99775153,0.999201,0.9993413,0.9985557,0.9988244,0.43357742,0.94630265,1.0
347,0.0,0.0,0.0,0.0,0.0,0.0,0.0,0.0,0.00053375796,0.00014929005,0.00010902876,0.000381497,8.6305365e-05,3.8618433e-05,0.0011075521,7.947924e-06,3.0
348,0.0,0.0,0.0,0.0,0.0,0.0,0.0,0.0,0.9999292,0.9992556,0.9994455,0.9969592,0.9982185,0.9995363,0.040794365,0.094081365,3.0
349,1.0,1.0,1.0,1.0,1.0,1.0,1.0,1.0,0.9998222,0.99977785,0.9909609,0.99957985,0.9996087,0.9716215,0.99418736,0.9997701,2.0
350,0.0,0.0,0.0,0.0,0.0,0.0,0.0,0.0,0.3876791,0.9424736,0.9502913,0.8064633,0.87145233,0.10744642,0.10390045,0.010737285,0.0
351,0.0,0.0,0.0,0.0,0.0,0.0,0.0,0.0,0.9996339,0.9956793,0.9992198,0.9996605,0.9999362,0.9991979,0.9570917,0.4970822,0.0
352,0.0,0.0,0.0,0.0,0.0,0.0,0.0,0.0,0.9639576,0.2859583,0.99743974,0.997244,0.98200375,0.28886008,0.23072472,0.031367395,0.0
353,0.0,0.0,0.0,0.0,0.0,0.0,0.0,0.0,4.4001394e-05,0.00083131425,2.1059475e-05,2.8680299e-05,0.0041077635,5.8805144e-05,7.407031e-05,6.763263e-06,2.0
354,0.0,0.0,0.0,0.0,0.0,0.0,0.0,0.0,0.9997472,0.9999336,0.99979776,0.99731284,0.999933,0.99862707,0.46656442,0.2963002,2.0
355,0.0,0.0,0.0,0.0,0.0,0.0,0.0,0.0,3.0719795e-05,0.00024011347,0.0007173547,7.339488e-06,0.0026045276,0.00012598757,0.0011034713,1.6141259e-05,1.0
356,1.0,1.0,1.0,1.0,1.0,1.0,1.0,0.0,5.9939404e-05,0.00024619178,0.00015780042,3.9079674e-05,0.00033794815,0.000101174504,0.00024711882,1.1818644e-05,2.0
357,1.0,0.0,0.0,0.0,0.0,0.0,1.0,0.0,0.7166879,0.9987362,0.99887115,0.027491126,0.99904543,0.9914948,0.8561794,0.07122686,1.0
358,0.0,0.0,0.0,0.0,0.0,0.0,0.0,0.0,0.12347077,0.9868607,0.97184944,0.010500837,0.9989791,0.89354295,0.7846179,0.027034122,3.0
359,0.0,0.0,0.0,0.0,0.0,0.0,0.0,0.0,0.9958007,0.99972147,0.9998846,0.9995772,0.9999541,0.999724,0.9879931,0.00039759686,0.0
360,0.0,0.0,0.0,0.0,0.0,0.0,1.0,0.0,1.9174047e-05,0.0039630136,0.0022624894,2.2729851e-05,0.0042509562,0.00034196826,0.00024150459,1.0890981e-05,2.0
361,0.0,0.0,0.0,0.0,0.0,0.0,0.0,0.0,0.00011526715,0.0007797487,0.00020260895,3.06784e-05,0.00023935389,6.909257e-05,0.0011111541,5.913113e-05,0.0
362,0.0,0.0,0.0,0.0,0.0,0.0,0.0,0.0,0.017684486,0.99077237,0.9655496,0.958984,0.9880163,0.919695,0.88559985,0.0006429517,0.0
363,1.0,1.0,1.0,1.0,1.0,1.0,1.0,1.0,0.9240572,0.6449768,0.96184546,0.8867679,0.98986244,0.91240466,0.9361991,0.00037703125,1.0
364,0.0,1.0,1.0,1.0,1.0,1.0,0.0,0.0,0.00019369756,0.00033143943,0.0009345235,0.000100672805,8.0182916e-05,0.000143643,0.001968242,2.9005001e-05,3.0
365,0.0,0.0,0.0,0.0,1.0,0.0,0.0,0.0,0.9649782,0.93624663,0.99976367,0.048807226,0.9996642,0.99753475,0.012147484,0.024793103,1.0
366,0.0,0.0,0.0,0.0,0.0,0.0,0.0,0.0,0.99247485,0.99962354,0.9991473,0.9993099,0.99973446,0.9999291,0.9996487,0.57130694,4.0
367,0.0,0.0,0.0,0.0,0.0,0.0,0.0,0.0,0.0038456994,0.001512705,0.016748456,0.0044895248,0.0031109198,0.00010044584,0.077028,9.360441e-05,2.0
368,0.0,0.0,0.0,0.0,1.0,0.0,0.0,0.0,0.00013919326,0.00012300197,1.5485912e-05,6.870711e-06,7.747558e-05,2.1809255e-05,0.00037867978,1.9497267e-05,2.0
369,0.0,0.0,0.0,0.0,0.0,0.0,0.0,0.0,0.72751343,0.25997514,0.045642957,0.071496256,0.049583595,0.005969325,0.054407988,0.018261017,2.0
370,1.0,1.0,1.0,1.0,1.0,1.0,1.0,0.0,0.9513475,0.99218893,0.9293107,0.8494601,0.9215534,0.014586128,0.36336374,0.03067653,1.0
371,0.0,0.0,0.0,0.0,0.0,0.0,0.0,0.0,0.99755365,0.51467264,0.9989108,0.9961957,0.9975695,0.20586814,0.12950118,0.2073753,0.0
372,1.0,1.0,1.0,1.0,1.0,1.0,1.0,1.0,2.3471026e-05,0.0075806156,0.0031193914,7.6626355e-05,0.023813436,0.0011633898,0.0032482785,1.783022e-05,4.0
373,0.0,1.0,1.0,1.0,1.0,1.0,0.0,0.0,0.6005171,0.6553829,0.97007126,0.007855759,0.9986431,0.9980977,0.051296618,0.0008385553,3.0
374,0.0,0.0,0.0,0.0,0.0,0.0,0.0,0.0,0.07422211,0.72740173,0.9637184,0.005669443,0.99485,0.13965406,0.0111999195,0.0008041216,3.0
375,0.0,0.0,1.0,0.0,1.0,0.0,0.0,0.0,0.32719505,0.999114,0.9994186,0.99929297,0.9996388,0.96588224,0.08556644,0.0002185867,2.0
376,0.0,0.0,0.0,0.0,0.0,0.0,0.0,0.0,3.7557715e-05,0.00019134316,7.420484e-05,3.7166676e-05,0.00014568868,1.0719609e-05,0.00013869378,4.9288315e-06,3.0
377,0.0,1.0,1.0,0.0,1.0,1.0,0.0,0.0,1.2904234e-05,7.221728e-05,3.683011e-05,8.835328e-06,0.0012549966,3.75537e-05,5.4213524e-05,1.3932963e-05,1.0
378,1.0,0.0,1.0,1.0,1.0,0.0,1.0,1.0,0.9929259,0.99681073,0.8852369,0.059940975,0.79203266,0.5114706,0.26257238,0.11768931,4.0
379,0.0,0.0,0.0,0.0,0.0,0.0,0.0,0.0,0.0076361042,0.048725095,0.004907508,0.00038716174,0.13725805,0.00066011836,0.12848397,8.809803e-05,4.0
380,0.0,0.0,0.0,0.0,0.0,0.0,0.0,0.0,0.6950805,0.9709764,0.1353014,0.23188709,0.9959376,0.67551863,0.27704632,0.0661386,1.0
381,0.0,0.0,0.0,0.0,0.0,0.0,0.0,0.0,0.9990644,0.99313,0.99983156,0.999853,0.9996581,0.96512955,0.9581827,0.4439229,1.0
382,0.0,0.0,0.0,0.0,0.0,0.0,0.0,0.0,7.63711e-05,0.0049268315,0.00082852546,4.005781e-05,0.04682632,0.0030733296,0.00033995244,3.2858006e-05,0.0
383,1.0,1.0,1.0,1.0,1.0,1.0,1.0,1.0,0.9855053,0.97586334,0.99896073,0.8860474,0.9979911,0.99640536,0.97347915,0.92783767,2.0
384,0.0,0.0,0.0,0.0,0.0,0.0,0.0,0.0,7.2748604e-05,0.0008441584,0.00051050016,8.422961e-05,0.0001136321,0.00016548637,0.00063003507,2.181999e-05,3.0
385,0.0,0.0,0.0,0.0,0.0,0.0,0.0,0.0,4.8932852e-05,0.00012468248,0.0002501462,0.00012051213,0.00057197444,7.716104e-05,0.00047473342,4.588513e-05,4.0
386,0.0,1.0,0.0,0.0,0.0,0.0,0.0,0.0,0.81631017,0.5919524,0.9896938,0.9632223,0.99835074,0.43634352,0.002710072,0.0005453403,3.0
387,0.0,1.0,1.0,1.0,1.0,1.0,0.0,0.0,1.6148217e-05,3.093803e-05,8.4291e-06,2.0896012e-05,0.00049410114,2.0995847e-05,0.00018539978,2.0072013e-05,4.0
388,1.0,1.0,0.0,0.0,1.0,0.0,0.0,0.0,0.8159807,0.9828591,0.8403339,0.0019793597,0.99647456,0.90820026,0.016708212,0.0006896329,0.0
389,1.0,1.0,1.0,1.0,1.0,1.0,0.0,1.0,0.99794894,0.99432534,0.04891689,0.03041524,0.99883443,0.8362582,0.08266696,0.005286392,4.0
390,0.0,0.0,0.0,0.0,0.0,0.0,0.0,0.0,0.99996233,0.9998235,0.99983335,0.9966415,0.99937016,0.99932814,0.6293276,0.92457503,2.0
391,1.0,1.0,1.0,1.0,1.0,1.0,1.0,1.0,0.99933416,0.9982064,0.9973392,0.9989317,0.9994623,0.97306395,0.8739566,0.75330895,4.0
392,0.0,0.0,0.0,0.0,0.0,0.0,0.0,0.0,0.060057826,0.9721343,0.99961615,0.99979347,0.99978226,0.9762675,0.123272546,0.022356551,4.0
393,1.0,1.0,1.0,1.0,1.0,1.0,1.0,0.0,0.99831057,0.99970716,0.99987113,0.99849,0.99954104,0.9995517,0.057062533,0.8923439,2.0
394,1.0,1.0,0.0,0.0,1.0,1.0,0.0,0.0,0.9990313,0.99797064,0.99694127,0.99869436,0.9998733,0.9986041,0.20550095,0.3902153,0.0
395,1.0,1.0,1.0,1.0,1.0,1.0,1.0,1.0,0.00083533814,0.00017090749,0.000915411,6.386768e-05,0.00043533728,0.00010089298,0.0010478296,1.1746482e-05,2.0
396,1.0,1.0,1.0,1.0,1.0,1.0,1.0,0.0,0.99996746,0.9994549,0.99974805,0.9995413,0.9982266,0.99642146,0.9733858,0.77024746,2.0
397,1.0,1.0,1.0,1.0,1.0,1.0,1.0,1.0,0.99846077,0.72787565,0.99158937,0.973039,0.98641056,0.98530465,0.68046546,0.04752135,4.0
398,0.0,0.0,0.0,0.0,0.0,0.0,0.0,0.0,4.7664143e-05,0.0002072322,0.0001027052,1.5360756e-05,0.00054207124,0.0016370456,0.0028838767,1.3415702e-05,0.0
399,1.0,0.0,1.0,0.0,1.0,1.0,0.0,0.0,4.819025e-05,0.00032053379,0.00023745977,3.5213645e-05,7.057652e-05,9.738592e-05,8.102448e-05,2.4996058e-05,2.0
400,1.0,1.0,1.0,1.0,1.0,1.0,1.0,0.0,0.9998599,0.999637,0.99961555,0.99993026,0.9994592,0.9991534,0.98322195,0.9777224,3.0
401,0.0,0.0,0.0,0.0,0.0,0.0,0.0,0.0,0.99917525,0.99989235,0.99989474,0.38571674,0.9999012,0.9995528,0.9139802,0.7223311,4.0
402,0.0,0.0,0.0,0.0,0.0,0.0,0.0,0.0,0.99986947,0.99940336,0.9996106,0.99921846,0.999869,0.99914324,0.92425674,0.9931409,3.0
403,0.0,0.0,0.0,0.0,0.0,0.0,0.0,0.0,0.9996307,0.9998485,0.9999285,0.99987185,0.9997558,0.99989927,0.99948126,0.9974112,3.0
404,0.0,0.0,0.0,0.0,0.0,0.0,0.0,0.0,0.98275465,0.90422183,0.99993324,0.9997993,0.99742496,0.93672967,0.036827706,0.03129062,1.0
405,1.0,1.0,1.0,0.0,1.0,1.0,0.0,0.0,0.007220076,0.22052062,0.037491083,0.00020249152,0.16483575,9.186976e-05,0.013325832,0.000116923475,0.0
406,1.0,1.0,1.0,1.0,1.0,1.0,1.0,0.0,5.67018e-05,0.0044169063,0.00044149443,7.8964586e-05,0.14562857,0.00014536647,0.0003479621,1.5534486e-05,4.0
407,0.0,0.0,0.0,0.0,0.0,0.0,0.0,0.0,0.11518713,0.9824471,0.9959382,0.0062684263,0.9997776,0.9862294,0.15931736,0.0001490241,2.0
408,1.0,1.0,1.0,1.0,1.0,1.0,1.0,1.0,1.5304871e-05,0.00021581561,3.3165514e-05,6.8088357e-06,0.0002931567,5.820706e-05,3.224503e-05,3.0696927e-05,1.0
409,1.0,1.0,1.0,1.0,1.0,1.0,0.0,1.0,4.317737e-05,7.8274104e-05,4.9227438e-06,2.8324264e-06,0.0007289206,6.4918486e-06,0.0004497993,1.20389695e-05,0.0
410,1.0,1.0,1.0,1.0,1.0,1.0,0.0,0.0,0.88780767,0.9875252,0.40305763,0.0015442198,0.61662287,0.17282972,0.009097568,0.0021049788,3.0
411,1.0,1.0,1.0,1.0,1.0,1.0,1.0,1.0,0.00021157305,0.00022626754,3.402527e-05,5.7813018e-06,0.0025802979,3.1672254e-05,0.0017189949,5.2592864e-06,0.0
412,0.0,0.0,0.0,0.0,0.0,0.0,0.0,0.0,0.99985087,0.9999014,0.9995214,0.99979085,0.9998919,0.99939084,0.997825,0.31317216,2.0
413,0.0,0.0,0.0,0.0,0.0,0.0,0.0,0.0,0.00018235808,0.0002438754,0.0023126209,0.00045985178,0.0006403713,0.0006067762,0.00015198563,4.8377973e-05,4.0
414,1.0,1.0,0.0,0.0,1.0,1.0,0.0,0.0,0.9995858,0.9758589,0.9996686,0.9985788,0.9914159,0.86254174,0.93465424,0.35250533,3.0
415,1.0,1.0,1.0,1.0,1.0,1.0,1.0,1.0,4.7568017e-05,3.9624643e-05,0.00010355369,2.5663418e-05,0.0005539224,1.89125e-05,9.868985e-05,1.3938864e-05,3.0
416,0.0,0.0,0.0,0.0,0.0,0.0,0.0,0.0,0.9995401,0.99979347,0.99810433,0.88278574,0.9998859,0.94997406,0.97825193,0.94733566,2.0
417,1.0,1.0,1.0,1.0,1.0,1.0,0.0,0.0,0.9733595,0.9997445,0.99984527,0.99985576,0.9999305,0.9997367,0.41863212,0.22638401,2.0
418,0.0,0.0,0.0,0.0,0.0,0.0,0.0,0.0,0.9997334,0.9998851,0.99980634,0.99989283,0.9992963,0.9996762,0.9980737,0.9978809,4.0
419,1.0,1.0,1.0,0.0,1.0,1.0,0.0,0.0,0.9999443,0.99969757,0.9999056,0.9997578,0.9978423,0.9942365,0.98411894,0.9965689,3.0
420,1.0,1.0,1.0,1.0,1.0,1.0,1.0,1.0,0.9993754,0.99944264,0.9998405,0.99987507,0.9993678,0.9997453,0.99636495,0.9748113,0.0
421,1.0,1.0,1.0,1.0,1.0,1.0,0.0,0.0,1.3154641e-05,2.7569404e-05,2.0478199e-05,5.6925887e-06,0.00024397377,5.4615208e-05,0.00010799393,2.2876704e-05,3.0
422,0.0,0.0,0.0,0.0,0.0,0.0,0.0,0.0,0.9983884,0.9988065,0.99742573,0.9996176,0.9995197,0.8985152,0.04279276,0.0061550485,2.0
423,1.0,1.0,1.0,1.0,1.0,1.0,1.0,1.0,0.99939334,0.99662423,0.99954706,0.99961734,0.9998592,0.99094826,0.5489671,0.097862996,0.0
424,0.0,0.0,0.0,0.0,0.0,0.0,0.0,0.0,3.4386307e-05,3.4928362e-05,1.1720377e-05,5.3503878e-05,0.00010664536,8.214893e-06,0.00020922812,7.70202e-06,1.0
425,1.0,1.0,1.0,1.0,1.0,1.0,1.0,1.0,0.009526804,0.6691598,0.31230012,0.0022310524,0.80085695,0.0023920496,0.09509458,0.00014073057,1.0
426,1.0,1.0,1.0,1.0,1.0,1.0,1.0,0.0,0.00056888897,7.248242e-05,0.0007223774,0.00044910563,0.00027670505,0.00011637198,0.0002835212,3.430933e-05,2.0
427,0.0,0.0,0.0,0.0,0.0,0.0,0.0,0.0,0.9865487,0.99846053,0.9990513,0.9998511,0.9998041,0.99992204,0.96780205,0.3428944,4.0
428,1.0,1.0,1.0,1.0,1.0,1.0,0.0,1.0,0.00019604951,4.7650377e-05,8.364825e-05,1.2786547e-05,0.0056504994,1.8219722e-05,0.00019115461,6.804817e-06,0.0
429,0.0,0.0,0.0,0.0,0.0,0.0,0.0,0.0,0.0057824445,0.53535014,0.024989033,6.479499e-05,0.7618927,0.0013255482,0.0011319623,2.2120732e-05,1.0
430,1.0,1.0,1.0,0.0,1.0,1.0,0.0,0.0,0.98830914,0.9941875,0.9976495,0.99753284,0.9998343,0.999495,0.93844354,0.9105809,0.0
431,0.0,0.0,0.0,0.0,0.0,0.0,0.0,0.0,4.8181104e-05,7.128912e-05,7.4181145e-05,1.4682459e-05,0.00092215295,0.00020677646,0.0001337521,1.1392384e-05,2.0
432,1.0,1.0,1.0,1.0,1.0,1.0,1.0,1.0,0.79216963,0.022891445,0.00020552673,0.0018577512,0.00015885918,0.0021526138,0.038027637,0.005913745,0.0
433,0.0,0.0,0.0,0.0,0.0,0.0,0.0,0.0,0.00019606277,0.002278293,0.0004542817,0.0002355359,0.00025010447,0.00028773167,0.0002307387,6.183855e-05,1.0
434,1.0,1.0,1.0,1.0,1.0,1.0,1.0,1.0,5.599017e-05,9.503717e-05,5.349464e-05,6.728934e-05,5.6391193e-05,5.7399964e-05,0.00015989211,5.638205e-05,2.0
435,0.0,0.0,0.0,0.0,0.0,0.0,0.0,0.0,0.0005758799,0.0767868,0.2820369,0.0011726829,0.049710665,0.00041462292,0.0005169767,0.000116691794,2.0
436,1.0,1.0,1.0,1.0,1.0,1.0,1.0,0.0,0.012341807,0.00069178705,0.0002449039,0.00010696251,0.0029047774,0.00013500771,0.008329947,3.893705e-05,1.0
437,0.0,0.0,0.0,0.0,1.0,0.0,0.0,0.0,1.3118648e-05,0.00019907964,0.00026360402,9.9996476e-05,0.000109974986,2.6711905e-05,0.00024362649,4.818597e-06,3.0
438,0.0,0.0,0.0,0.0,0.0,0.0,0.0,0.0,2.694727e-05,4.5399556e-05,0.00011268611,2.2698183e-05,0.0025818225,2.28486e-05,6.192772e-05,7.2943058e-06,3.0
439,0.0,0.0,0.0,0.0,0.0,0.0,0.0,0.0,0.2759767,0.9996123,0.9996275,0.97178644,0.99558216,0.99873024,0.05881045,0.00034284423,1.0
440,1.0,1.0,1.0,1.0,1.0,1.0,1.0,1.0,0.9590731,0.244231,0.9674733,0.99653494,0.9930351,0.923885,0.030374635,0.00081166596,0.0
441,0.0,0.0,0.0,0.0,0.0,0.0,0.0,0.0,0.99922884,0.99952126,0.99913377,0.9991702,0.9997756,0.7327698,0.99961275,0.99290943,3.0
442,1.0,1.0,1.0,1.0,1.0,1.0,1.0,1.0,0.00026573325,0.00044435664,0.00033358933,0.0010737277,0.016211882,0.00010316496,7.5474796e-05,1.4966086e-05,1.0
443,0.0,0.0,0.0,0.0,0.0,0.0,0.0,0.0,0.0031165844,0.021933267,0.09923364,0.01224037,0.15888536,0.0005273344,0.0016965913,0.00011041643,2.0
444,1.0,1.0,1.0,1.0,1.0,1.0,1.0,1.0,0.9997998,0.99997914,0.99988985,0.999887,0.99992263,0.9998312,0.86589473,0.9992093,2.0
445,0.0,0.0,0.0,0.0,0.0,0.0,0.0,0.0,4.087306e-05,6.0153336e-05,2.6652793e-05,2.057329e-05,0.00015544827,9.2690505e-05,0.00051702204,5.744841e-06,2.0
446,1.0,1.0,1.0,1.0,1.0,1.0,1.0,1.0,0.98523986,0.97675043,0.99749374,0.91942567,0.5360816,0.615519,0.04654098,0.30202094,2.0
447,0.0,0.0,0.0,0.0,0.0,0.0,0.0,0.0,0.0106348265,0.08543325,0.027725803,0.0063325423,0.9708603,0.100525,0.019006643,8.611448e-05,1.0
448,1.0,1.0,0.0,0.0,1.0,0.0,0.0,0.0,0.99933654,0.9999293,0.9995035,0.9985353,0.9997447,0.9983935,0.95813185,0.9980508,1.0
449,1.0,1.0,1.0,1.0,1.0,1.0,0.0,1.0,0.00015050411,0.011708003,0.048496675,3.0826646e-05,0.021618364,0.00031408743,0.001652066,1.3550869e-05,0.0
450,1.0,1.0,1.0,1.0,1.0,1.0,1.0,1.0,0.9995701,0.99928015,0.99982005,0.99887735,0.99957234,0.9940434,0.9960077,0.5106691,2.0
451,1.0,1.0,1.0,1.0,1.0,1.0,1.0,0.0,2.5807014e-05,0.00010654839,4.1407635e-05,4.557204e-06,0.0012405306,7.1348964e-05,5.0580526e-05,1.0261135e-05,0.0
452,1.0,1.0,1.0,0.0,1.0,1.0,1.0,0.0,1.8856888e-05,0.00014421117,0.00036092193,0.00032040456,0.00023226546,3.6744408e-05,0.00042080437,1.2366258e-05,3.0
453,1.0,1.0,1.0,1.0,1.0,1.0,1.0,0.0,0.9996113,0.9992855,0.9998454,0.99934596,0.9993493,0.9997836,0.99796057,0.99899226,0.0
454,0.0,0.0,0.0,0.0,0.0,0.0,0.0,0.0,0.00028253466,0.0018575955,0.00033082982,0.00011587425,0.0005140425,4.6440862e-05,0.023869826,0.0001266678,4.0
455,1.0,0.0,1.0,1.0,1.0,1.0,0.0,1.0,0.21567632,0.99042517,0.9606844,0.45596594,0.9973007,0.3719146,0.98128647,0.05870712,4.0
456,0.0,0.0,0.0,0.0,0.0,0.0,0.0,0.0,9.332579e-05,0.00033319235,0.00026654624,6.499215e-05,0.00047467803,0.00021872764,0.0100530805,4.1167816e-05,2.0
457,0.0,0.0,0.0,0.0,0.0,0.0,0.0,0.0,3.2324617e-05,0.0003592964,0.00058487034,0.00011818227,0.0016056104,0.00025881428,0.00017164845,1.4740023e-05,1.0
458,0.0,1.0,1.0,0.0,1.0,0.0,0.0,0.0,0.000104469436,0.001717705,0.0058782143,0.00014104923,0.0223491,0.00012286587,0.0013901289,9.170127e-06,4.0
459,0.0,1.0,1.0,1.0,1.0,1.0,1.0,0.0,0.9705072,0.9968177,0.9997857,0.99971884,0.9998141,0.98113203,0.97153443,0.000616264,4.0
460,1.0,1.0,1.0,1.0,1.0,1.0,0.0,0.0,5.4518678e-05,6.7255016e-05,2.6860522e-05,1.095422e-05,0.0020396188,3.400811e-05,0.0013967421,7.652373e-06,4.0
461,1.0,0.0,1.0,1.0,1.0,0.0,0.0,0.0,6.839234e-05,0.0013647005,0.0019496842,0.00029680086,0.0016763876,0.00067311415,0.011475059,2.637685e-05,4.0
462,1.0,1.0,1.0,1.0,1.0,1.0,1.0,0.0,3.653755e-05,0.00021098381,2.9943303e-05,3.7887924e-06,0.000206997,3.764212e-05,0.0013421988,6.600327e-06,0.0
463,0.0,0.0,0.0,0.0,0.0,0.0,0.0,0.0,0.000110156136,0.00013840011,0.0009818733,4.1785912e-05,0.00015800445,0.00030347265,0.0014233387,2.3345812e-05,3.0
464,1.0,1.0,1.0,1.0,1.0,1.0,1.0,0.0,0.9987135,0.9993179,0.39756015,0.9720221,0.99881303,0.89122903,0.9328466,0.9923179,1.0
465,1.0,1.0,1.0,1.0,1.0,1.0,1.0,1.0,0.16234137,0.00045096813,0.019303076,0.025974,0.011567387,0.00014214178,0.012237787,5.5153087e-05,2.0
466,1.0,1.0,1.0,1.0,1.0,1.0,1.0,0.0,3.673127e-05,0.00220228,0.0009463469,0.00010083778,0.0053561274,0.00021642,0.004088264,1.2569887e-05,4.0
467,0.0,0.0,0.0,0.0,0.0,0.0,0.0,0.0,0.037685513,0.9889966,0.99086845,0.005880215,0.9966427,0.85194075,7.8737285e-05,0.0012526505,1.0
468,0.0,0.0,0.0,0.0,0.0,0.0,0.0,0.0,0.9910607,0.9975587,0.9989785,0.9978758,0.99994934,0.9984847,0.95158035,0.21101137,0.0
469,0.0,0.0,0.0,0.0,1.0,0.0,0.0,0.0,0.99955183,0.99873346,0.99986243,0.99950576,0.99990606,0.99025047,0.9478949,0.06823325,3.0
470,1.0,1.0,0.0,0.0,0.0,0.0,1.0,0.0,2.4147705e-05,6.8666675e-05,0.00023142083,1.1684832e-05,0.00032643983,0.00026507556,8.518843e-05,9.044893e-06,2.0
471,1.0,1.0,1.0,1.0,1.0,1.0,1.0,0.0,0.99299437,0.9983726,0.99981505,0.99937254,0.9999286,0.9989178,0.90181756,0.043083515,4.0
472,0.0,0.0,0.0,0.0,0.0,0.0,0.0,0.0,0.9927866,0.9994505,0.9858905,0.9943146,0.9937087,0.99045765,0.29281497,0.053503595,3.0
473,0.0,1.0,1.0,0.0,1.0,1.0,0.0,0.0,0.98705053,0.99982905,0.9984409,0.9971263,0.9998863,0.98519427,0.6769861,0.2242989,2.0
474,0.0,1.0,1.0,0.0,1.0,0.0,0.0,0.0,0.9992987,0.8290763,0.98034257,0.93436706,0.08801411,0.97249347,0.96199334,0.31106365,4.0
475,0.0,0.0,0.0,0.0,0.0,0.0,0.0,0.0,0.9258045,0.9986286,0.9976671,0.99773777,0.9997378,0.99943966,0.71197444,0.11751255,4.0
476,0.0,0.0,0.0,0.0,0.0,0.0,0.0,0.0,0.9889163,0.9921829,0.99817586,0.993095,0.99876404,0.8808305,0.0010080256,0.0002576711,4.0
477,1.0,1.0,1.0,0.0,1.0,1.0,0.0,0.0,0.02709538,0.13888307,0.004706364,0.0013006569,0.0009896886,0.001337045,0.47396082,0.004043038,0.0
478,1.0,1.0,1.0,1.0,1.0,0.0,0.0,0.0,0.2582703,0.9931966,0.9220691,0.010154083,0.97788286,0.97372425,0.3246659,0.004353938,2.0
479,0.0,0.0,0.0,0.0,0.0,0.0,0.0,0.0,0.97985154,0.99105996,0.776453,0.1688104,0.99869907,0.66355675,0.17191337,0.021389369,0.0
480,0.0,0.0,0.0,0.0,0.0,0.0,0.0,0.0,0.00022868169,0.00084500056,0.0003543139,1.261284e-05,0.0011479006,0.002143086,0.0008683371,6.033614e-05,3.0
481,0.0,0.0,0.0,0.0,0.0,0.0,0.0,0.0,6.435746e-05,0.0005125993,0.0004840952,2.4176807e-05,0.0016979268,0.00041408135,6.685607e-05,1.34869615e-05,1.0
482,1.0,1.0,1.0,1.0,0.0,0.0,1.0,1.0,0.0024732596,0.32563907,0.47818416,0.0007463831,0.12264345,0.0028551247,0.010031322,0.0011355344,1.0
483,0.0,0.0,0.0,0.0,0.0,0.0,0.0,0.0,0.0027827704,0.00049230014,0.0015540755,0.0012005452,0.0013772564,0.001775155,0.0008449269,7.2816765e-05,2.0
484,1.0,1.0,1.0,1.0,1.0,1.0,0.0,0.0,0.91818774,0.8712397,0.92455626,0.51885843,0.99798656,0.9819131,0.8117258,0.087989815,4.0
485,0.0,0.0,0.0,0.0,0.0,0.0,0.0,0.0,8.030542e-05,2.1097025e-05,8.1294675e-06,4.9646756e-06,0.0042854906,1.8426981e-05,0.00026297092,7.3653473e-06,0.0
486,0.0,0.0,0.0,0.0,0.0,0.0,0.0,0.0,0.9986652,0.9934614,0.99904925,0.99475044,0.9639389,0.9602294,0.5491928,0.16051874,1.0
487,0.0,0.0,0.0,0.0,0.0,0.0,0.0,0.0,0.00012523597,0.000271369,0.00066712784,2.3448854e-05,0.0005351607,0.00012451473,0.017742174,8.4152125e-06,2.0
488,0.0,0.0,0.0,0.0,0.0,0.0,0.0,0.0,0.6687765,0.37125075,0.5273929,0.0028105674,0.9854312,0.005762027,0.017942702,0.00033851745,3.0
489,1.0,1.0,1.0,0.0,1.0,0.0,0.0,0.0,0.0033426336,0.99866855,0.9825561,0.01644307,0.8817015,0.96572787,0.0017484216,0.00082120934,4.0
490,1.0,1.0,1.0,1.0,1.0,1.0,1.0,0.0,0.032002293,0.9923268,0.9991385,0.99763286,0.99900264,0.9944312,0.007812706,0.0005223229,1.0
491,1.0,1.0,1.0,1.0,1.0,1.0,1.0,1.0,0.0029279748,0.00013414498,0.0010090764,0.0030150197,0.00015809621,6.940347e-05,0.0101581495,0.00013923734,4.0
492,1.0,1.0,1.0,1.0,1.0,1.0,1.0,1.0,0.98964906,0.99688303,0.99823904,0.99393636,0.9991904,0.9991942,0.16934729,0.5122269,4.0
493,1.0,1.0,1.0,1.0,1.0,1.0,0.0,1.0,0.9965389,0.9990095,0.9998965,0.9821891,0.9996025,0.9998198,0.8348391,0.99533576,1.0
494,0.0,0.0,0.0,0.0,0.0,0.0,0.0,0.0,0.9998392,0.99971455,0.9986842,0.9993905,0.99561346,0.9985549,0.995987,0.75707656,0.0
495,1.0,1.0,1.0,1.0,1.0,1.0,1.0,0.0,0.96473867,0.9906907,0.9947338,0.8783799,0.98057175,0.50358844,0.9739455,0.0011647247,1.0
496,0.0,0.0,0.0,0.0,0.0,0.0,0.0,0.0,2.3340135e-05,4.3817694e-05,6.5397435e-05,2.5295592e-05,0.0021833905,1.1056718e-05,3.5846355e-05,7.535151e-06,3.0
497,0.0,1.0,1.0,0.0,1.0,1.0,0.0,0.0,0.97060925,0.9751403,0.9987342,0.98351306,0.99945647,0.9893637,0.28525242,0.6337858,0.0
498,1.0,1.0,1.0,1.0,1.0,1.0,1.0,0.0,0.9988826,0.9991899,0.9988167,0.99468404,0.9941367,0.9730853,0.9670244,0.9329412,4.0
499,1.0,1.0,1.0,1.0,1.0,1.0,1.0,1.0,0.005942108,0.09284963,0.8274389,0.00058486033,0.99867105,0.08665782,0.005290964,8.011596e-05,2.0
500,1.0,1.0,1.0,1.0,1.0,1.0,1.0,1.0,0.9991622,0.99690884,0.99513394,0.9993723,0.9995852,0.9918207,0.47462094,0.22325903,2.0
501,1.0,1.0,1.0,1.0,1.0,1.0,0.0,0.0,0.9998319,0.999613,0.996912,0.999841,0.9995024,0.9968503,0.08737305,0.9994837,1.0
502,0.0,0.0,0.0,0.0,0.0,0.0,0.0,0.0,2.978547e-05,0.0010712353,0.00029545274,0.00025863198,0.0002459785,5.865572e-05,0.00072679634,3.3492986e-05,4.0
503,0.0,0.0,0.0,0.0,0.0,0.0,0.0,0.0,0.000118515636,0.00011888679,3.114632e-05,5.7917365e-05,0.0002634349,1.168579e-05,0.00030452647,8.09813e-06,3.0
504,0.0,0.0,0.0,0.0,0.0,0.0,0.0,0.0,0.6562123,0.00967695,0.053259186,0.027081216,0.28311995,0.0015780246,0.16707599,0.00074270956,4.0
505,0.0,0.0,0.0,0.0,0.0,0.0,0.0,0.0,0.9955142,0.9996086,0.99986386,0.9997857,0.9999347,0.99973196,0.9929367,0.87129635,3.0
506,0.0,0.0,0.0,0.0,0.0,0.0,0.0,0.0,0.9995944,0.9994031,0.9994949,0.9992994,0.99936503,0.98629576,0.9998097,0.0051379898,0.0
507,1.0,1.0,1.0,1.0,1.0,1.0,1.0,1.0,0.9982747,0.9995977,0.99985933,0.95708275,0.999526,0.99940765,0.98497957,0.02869944,0.0
508,0.0,0.0,0.0,0.0,0.0,0.0,0.0,0.0,5.65849e-05,0.0004952616,0.0055304603,0.00027857808,0.005230995,0.00023599739,0.0002923891,2.5617961e-05,4.0
509,1.0,1.0,1.0,0.0,1.0,1.0,0.0,0.0,0.00016108404,9.100758e-05,0.001784524,0.00021625188,0.0034783594,0.0003343586,0.00015854821,6.8039417e-06,3.0
510,1.0,1.0,1.0,1.0,1.0,1.0,1.0,1.0,0.9924076,0.9991247,0.9996636,0.998052,0.9995578,0.98735386,0.98040926,0.056410898,4.0
511,0.0,0.0,0.0,0.0,0.0,0.0,0.0,0.0,0.99906296,0.9994522,0.99927276,0.9999008,0.9998292,0.9994815,0.9860568,0.55677795,3.0
512,0.0,0.0,0.0,0.0,0.0,0.0,1.0,0.0,2.517195e-05,8.143898e-05,8.6744476e-05,8.038368e-06,0.0006636635,0.00013995319,0.00023410704,9.441034e-06,2.0
513,0.0,0.0,0.0,0.0,0.0,0.0,0.0,0.0,0.9811256,0.9842868,0.5076233,0.8712705,0.13822885,0.0042532054,0.9507693,0.019589238,1.0
514,1.0,1.0,1.0,1.0,1.0,1.0,0.0,0.0,0.99793637,0.99770844,0.9926595,0.99602985,0.9996774,0.9808059,0.1897834,0.0004527548,1.0
515,1.0,1.0,1.0,0.0,1.0,1.0,0.0,0.0,0.74587727,0.20654385,0.024537655,0.025267893,0.8123737,0.020430725,0.0063560405,0.0017490283,3.0
516,0.0,0.0,0.0,0.0,0.0,0.0,0.0,0.0,0.00069754233,0.71989435,0.04223751,0.001684252,0.8848498,0.0014840008,0.0024190994,3.3366294e-05,2.0
517,0.0,0.0,0.0,0.0,0.0,0.0,0.0,0.0,4.8454385e-05,0.0006296335,8.669486e-05,4.3681393e-05,2.4985928e-05,2.0575195e-05,0.00015274998,1.0451937e-05,3.0
518,0.0,0.0,1.0,0.0,1.0,0.0,0.0,0.0,0.99373865,0.99897194,0.9950599,0.9978123,0.9993168,0.99399394,0.96660435,0.81243944,1.0
519,1.0,1.0,1.0,1.0,1.0,1.0,1.0,0.0,0.3269154,0.29000613,0.03183301,0.0022385016,0.64726675,0.00047274557,0.001398302,0.0013675146,2.0
520,0.0,0.0,0.0,0.0,0.0,0.0,0.0,0.0,0.0061789574,0.14826308,0.015763123,0.0035635976,0.9665896,0.038098764,8.767405e-05,0.00019275518,4.0
521,0.0,0.0,0.0,0.0,1.0,0.0,0.0,0.0,0.004880964,0.7805088,0.038956124,0.00077162223,0.93279845,0.07178361,0.00017795949,4.2851752e-05,2.0
522,0.0,1.0,1.0,0.0,1.0,0.0,1.0,0.0,0.9901869,0.99099535,0.9994086,0.87315845,0.99682283,0.9752263,0.91021925,0.32265893,1.0
523,0.0,0.0,0.0,0.0,1.0,0.0,0.0,0.0,0.0003560387,0.00016575215,0.0004650645,4.346416e-05,0.0020629093,0.00033876652,0.003919378,0.00016409875,0.0
524,1.0,1.0,1.0,1.0,1.0,1.0,1.0,1.0,0.99957925,0.9996184,0.99938726,0.99975294,0.99984384,0.9995772,0.5193857,0.046139818,4.0
525,1.0,1.0,1.0,1.0,1.0,1.0,1.0,1.0,0.9987828,0.9871586,0.988208,0.99915314,0.9766887,0.25707665,0.87177104,0.9468452,0.0
526,1.0,1.0,1.0,1.0,1.0,1.0,0.0,0.0,0.0013286119,0.16020527,0.023830159,0.38532513,0.05613025,0.063119456,0.000798964,0.00010730771,0.0
527,1.0,1.0,1.0,1.0,1.0,1.0,1.0,0.0,0.99992454,0.99793786,0.99938214,0.99887806,0.9999641,0.978224,0.6203177,0.99682885,2.0
528,0.0,0.0,0.0,0.0,0.0,0.0,0.0,0.0,0.9993961,0.99982685,0.9997435,0.9997365,0.99973434,0.9999093,0.9430363,0.038089793,1.0
529,0.0,0.0,0.0,0.0,0.0,0.0,0.0,0.0,2.4810106e-05,5.847722e-05,8.9450186e-05,7.1335685e-06,0.0011380961,1.1000481e-05,1.8603321e-05,9.036918e-06,1.0
530,1.0,1.0,1.0,1.0,1.0,1.0,1.0,1.0,2.8212382e-05,3.956419e-05,9.133235e-06,5.3127264e-06,0.00037687708,1.0309816e-05,8.287951e-05,1.4252628e-05,0.0
531,1.0,1.0,1.0,1.0,1.0,0.0,1.0,1.0,4.8999304e-05,5.0631195e-05,0.0010158176,0.00014611328,0.01646453,0.00048284515,0.00012245767,2.7807733e-05,1.0
532,0.0,0.0,0.0,0.0,0.0,0.0,0.0,0.0,2.491481e-05,0.00010452464,0.00023267508,2.1478043e-05,0.00025139787,0.00040832756,0.00010085105,1.1996942e-05,0.0
533,1.0,1.0,1.0,1.0,1.0,1.0,0.0,1.0,0.9995408,0.9979303,0.9922605,0.9985846,0.9975401,0.8305365,0.24934645,0.98419374,0.0
534,1.0,1.0,1.0,1.0,1.0,1.0,1.0,1.0,0.00018649249,0.00017306393,2.7937365e-05,5.6486983e-06,0.00012742581,0.00012514679,0.00034160932,1.6089834e-05,0.0
535,1.0,1.0,1.0,1.0,1.0,1.0,1.0,1.0,0.13746262,0.9771574,0.97861254,0.0020056304,0.9985429,0.3631876,0.00058530335,0.00031514265,0.0
536,1.0,1.0,1.0,1.0,1.0,1.0,1.0,1.0,0.9998653,0.9998739,0.9995147,0.99985003,0.9998222,0.99645716,0.9875273,0.9409344,2.0
537,0.0,0.0,1.0,1.0,1.0,0.0,0.0,0.0,0.9957486,0.99972886,0.99987566,0.9982311,0.999851,0.9994203,0.9540586,0.10019437,2.0
538,0.0,0.0,0.0,0.0,0.0,0.0,0.0,0.0,0.9944614,0.99799925,0.999244,0.9987721,0.99981695,0.99732804,0.9774311,0.057282865,2.0
539,0.0,0.0,0.0,0.0,0.0,0.0,0.0,0.0,2.5807014e-05,5.4993536e-05,1.31078305e-05,4.557204e-06,0.0007824689,2.4149362e-05,3.5691424e-05,1.1569061e-05,0.0
540,1.0,1.0,1.0,1.0,1.0,1.0,1.0,1.0,0.9909197,0.9964653,0.98742455,0.08003245,0.99784756,0.14133757,0.11927819,0.0025485149,4.0
541,1.0,1.0,0.0,1.0,0.0,0.0,1.0,1.0,6.528671e-05,1.9157233e-05,5.8991056e-05,9.456164e-06,3.8648937e-05,2.4091098e-05,4.1870597e-05,1.04214305e-05,2.0
542,1.0,1.0,1.0,1.0,0.0,0.0,1.0,0.0,0.00031594918,0.000325171,5.4252363e-05,3.0661555e-05,0.012811399,0.00013466056,0.0006513188,2.645583e-05,0.0
543,0.0,1.0,1.0,0.0,1.0,1.0,0.0,0.0,0.0004982508,0.4776038,0.005873911,7.133176e-05,0.9903763,0.0037895688,0.0066536725,3.574334e-05,1.0
544,1.0,1.0,1.0,1.0,1.0,1.0,1.0,0.0,0.6697134,0.9987923,0.99975187,0.9943294,0.99938846,0.99730885,0.45712462,0.06806585,1.0
545,0.0,0.0,0.0,0.0,0.0,0.0,0.0,0.0,3.562923e-05,0.024054246,0.019180914,2.9808512e-05,0.027016722,4.5187007e-05,0.00066361105,5.3182186e-05,0.0
546,0.0,1.0,1.0,1.0,1.0,1.0,1.0,0.0,0.9998578,0.938795,0.9989166,0.995808,0.99854374,0.08483862,0.018019171,0.979928,4.0
547,0.0,0.0,0.0,0.0,0.0,0.0,0.0,0.0,0.9997944,0.9998529,0.9997638,0.97145116,0.99976486,0.9994893,0.70776767,0.9778716,0.0
548,1.0,1.0,1.0,1.0,1.0,1.0,0.0,0.0,0.0043208357,0.42590743,0.079180524,0.000477255,0.61931264,0.0005654996,0.8255403,0.0015476776,0.0
549,0.0,0.0,0.0,0.0,0.0,0.0,0.0,0.0,0.9997054,0.9997454,0.9999095,0.935054,0.9998037,0.999178,0.9963426,0.94148946,0.0
550,0.0,0.0,0.0,0.0,0.0,0.0,0.0,0.0,1.3610197e-05,0.00017400643,7.729625e-05,3.7166676e-05,6.788771e-05,2.2939535e-05,0.00014993788,4.456565e-06,3.0
551,1.0,1.0,1.0,1.0,1.0,1.0,1.0,1.0,8.493406e-05,0.00039318952,6.591309e-05,1.51968525e-05,0.00024086186,8.0488506e-05,0.00028871626,3.1871077e-05,1.0
552,0.0,0.0,0.0,0.0,0.0,0.0,0.0,0.0,7.418765e-05,0.00043971904,0.0006670744,8.496785e-05,0.00014045734,2.3852797e-05,0.00022799244,2.5325548e-05,2.0
553,0.0,0.0,0.0,0.0,0.0,0.0,0.0,0.0,0.0008841959,8.233259e-05,7.17763e-05,0.00014144115,0.00024226356,0.00010456671,0.0050288457,0.00024419578,4.0
554,0.0,1.0,1.0,0.0,1.0,1.0,0.0,0.0,0.999532,0.9987054,0.9977506,0.97962624,0.99869233,0.72685874,0.9986909,0.6135949,2.0
555,0.0,0.0,0.0,0.0,0.0,0.0,0.0,0.0,0.9938539,0.9988613,0.9954667,0.97732794,0.99920183,0.99944574,0.9665373,0.5102297,4.0
556,0.0,0.0,0.0,0.0,0.0,0.0,0.0,0.0,0.97932976,0.9995701,0.9997645,0.99963677,0.9991411,0.99875414,0.9999201,0.8717519,4.0
557,0.0,0.0,0.0,0.0,0.0,0.0,0.0,0.0,0.07996195,0.012072009,0.784571,0.3269775,0.97602785,0.02648421,0.0023004299,0.00035674404,1.0
558,0.0,0.0,0.0,0.0,0.0,0.0,0.0,0.0,0.99834526,0.9920455,0.90756845,0.8627046,0.97323674,0.005221956,0.45500073,0.31512603,2.0
559,0.0,0.0,0.0,0.0,0.0,0.0,0.0,0.0,3.091202e-05,0.00014735924,6.304424e-05,2.043565e-05,0.00014049967,0.0001465728,0.000105027895,0.0001064583,2.0
560,0.0,0.0,0.0,0.0,0.0,0.0,0.0,0.0,0.000932369,0.34532133,0.46433946,0.00052611664,0.90169865,0.043263063,0.0063682008,0.00029566718,4.0
561,1.0,1.0,1.0,1.0,1.0,1.0,0.0,1.0,0.00013552635,0.0040915,0.001262274,0.00013783274,0.073184654,0.00018434285,0.0001547706,3.2735403e-05,4.0
562,0.0,0.0,0.0,0.0,0.0,0.0,0.0,0.0,7.7020995e-05,0.00035960684,9.994537e-05,8.1566286e-05,0.00052032206,8.96754e-05,5.9937694e-05,3.2828597e-05,4.0
563,0.0,1.0,1.0,1.0,1.0,1.0,1.0,0.0,0.99991465,0.99985945,0.9998087,0.9984976,0.9980241,0.99855953,0.96304196,0.99154073,4.0
564,0.0,1.0,1.0,0.0,1.0,1.0,0.0,0.0,0.9999442,0.99988604,0.9993598,0.98483235,0.9823446,0.96918833,0.7969349,0.9996847,4.0
565,0.0,0.0,0.0,0.0,1.0,0.0,0.0,0.0,4.4423225e-05,0.00020283315,0.00017351568,6.334338e-05,0.0015547238,0.00015668836,0.00014169508,4.283598e-05,4.0
566,1.0,1.0,1.0,1.0,1.0,1.0,1.0,0.0,0.000107618,0.00011280221,0.00068211334,6.5183325e-05,0.0074634827,5.362141e-05,0.003097798,1.38088835e-05,4.0
567,1.0,1.0,1.0,1.0,1.0,1.0,0.0,0.0,0.99953806,0.9997857,0.9958389,0.9864654,0.9998753,0.9988238,0.13574025,0.10715136,2.0
568,1.0,1.0,1.0,1.0,1.0,1.0,0.0,0.0,0.99930143,0.9987691,0.9990081,0.9980623,0.9986082,0.99958366,0.98371905,0.809268,1.0
569,0.0,0.0,0.0,0.0,0.0,0.0,0.0,0.0,0.00012114316,0.0033836432,0.022676628,1.5245072e-05,0.0026843026,0.006970862,0.001062531,9.606164e-05,3.0
570,1.0,1.0,1.0,1.0,1.0,1.0,1.0,0.0,0.40797374,0.99305636,0.99984455,0.9989085,0.9993906,0.9941327,0.81125885,0.047445513,1.0
571,1.0,1.0,1.0,1.0,1.0,1.0,1.0,1.0,0.00012644214,0.0010887448,0.00018997065,2.445169e-05,0.002218446,0.00011949404,0.005623227,4.3964483e-05,3.0
572,0.0,0.0,0.0,0.0,0.0,0.0,0.0,0.0,0.9992041,0.9990214,0.9974515,0.99850404,0.9999442,0.7619441,0.9884918,0.31306705,1.0
573,0.0,0.0,0.0,0.0,0.0,0.0,0.0,0.0,6.860044e-05,0.00040608953,6.961704e-05,0.00012229593,0.012432927,0.000106411004,0.00043155352,0.00019567396,4.0
574,1.0,1.0,1.0,1.0,1.0,1.0,1.0,1.0,5.935765e-06,0.00015979457,3.0067806e-05,4.714626e-05,0.0029347814,6.8409754e-05,2.1906098e-05,2.953506e-05,4.0
575,1.0,1.0,1.0,1.0,1.0,1.0,1.0,0.0,0.99546635,0.9995203,0.89341944,0.96825916,0.9927192,0.9939324,0.32674977,0.97929764,2.0
576,1.0,1.0,1.0,1.0,1.0,1.0,0.0,1.0,0.996606,0.99976593,0.9995604,0.9989856,0.9993389,0.5431168,0.98056084,0.71704125,0.0
577,1.0,1.0,1.0,1.0,1.0,1.0,1.0,1.0,0.99987054,0.99973685,0.9990687,0.9918927,0.99017817,0.65019375,0.98875403,0.88211745,4.0
578,1.0,1.0,1.0,1.0,1.0,1.0,1.0,1.0,0.0035423823,0.010819209,0.008182878,0.004005624,0.071975894,0.008445575,0.010368303,0.0001459555,0.0
579,0.0,0.0,0.0,0.0,0.0,0.0,0.0,0.0,0.007677429,0.027175099,0.000635065,0.00056241447,0.03325349,0.0073620547,0.0015600246,3.2320884e-05,3.0
580,0.0,0.0,0.0,0.0,0.0,0.0,0.0,0.0,0.9969963,0.9999081,0.9993579,0.99974364,0.9994048,0.99849963,0.9577355,0.2421718,2.0
581,0.0,0.0,0.0,0.0,0.0,0.0,0.0,0.0,0.84644496,0.99876946,0.99946254,0.6584078,0.999736,0.8482411,0.069202915,0.17715706,0.0
582,1.0,1.0,1.0,1.0,1.0,1.0,1.0,0.0,0.99986243,0.9910615,0.99494714,0.9993523,0.9326692,0.9621407,0.34181935,0.89823544,2.0
583,0.0,0.0,0.0,0.0,0.0,0.0,0.0,0.0,0.9920786,0.8972778,0.99795085,0.9927375,0.9983695,0.8565106,0.82089007,0.11902838,1.0
584,1.0,1.0,1.0,1.0,1.0,1.0,1.0,0.0,0.8595786,0.8731302,0.9993542,0.9991715,0.9988391,0.9337972,0.9507989,0.2288014,1.0
585,0.0,0.0,0.0,0.0,0.0,0.0,0.0,0.0,2.5807014e-05,5.4993536e-05,1.31078305e-05,4.557204e-06,0.00013762129,2.4149362e-05,0.0001130501,1.1569061e-05,0.0
586,1.0,1.0,1.0,1.0,1.0,1.0,1.0,0.0,0.9998379,0.98057854,0.8961383,0.97971916,0.4940555,0.8505872,0.98825,0.994052,3.0
587,0.0,1.0,1.0,1.0,1.0,1.0,0.0,0.0,0.9997403,0.9969494,0.72795814,0.980049,0.99535227,0.9012232,0.16420196,0.9899182,0.0
588,1.0,1.0,1.0,1.0,1.0,1.0,1.0,0.0,0.02401644,0.33921692,0.9024955,0.0021758243,0.49517196,0.001544758,0.34110394,0.00064547145,1.0
589,0.0,0.0,0.0,0.0,0.0,0.0,0.0,0.0,0.000288299,0.00087386835,0.00018828582,0.00036101363,0.003045066,0.00019892122,0.0002841398,2.4474037e-05,1.0
590,1.0,1.0,1.0,1.0,1.0,1.0,1.0,1.0,3.8395752e-05,3.0897078e-05,1.3457911e-05,5.705898e-05,6.842985e-05,1.4865449e-05,8.272254e-05,2.1302736e-05,1.0
591,0.0,1.0,1.0,1.0,1.0,1.0,0.0,0.0,0.7042355,0.9601401,0.99878675,0.99096113,0.9992526,0.15548342,0.04423873,0.00041893643,2.0
592,1.0,1.0,1.0,1.0,1.0,1.0,1.0,1.0,3.4786153e-05,0.00037133903,6.295382e-05,7.289082e-05,0.00027077485,0.00010088029,0.00020555455,0.00012252938,4.0
593,1.0,1.0,1.0,1.0,1.0,1.0,1.0,1.0,4.2023163e-05,9.1571856e-05,0.00084682426,2.3715165e-05,0.0005457443,7.286594e-05,0.00083645206,9.0445565e-06,2.0
594,1.0,1.0,1.0,0.0,1.0,0.0,1.0,1.0,0.9992612,0.9930073,0.9987785,0.989461,0.9804159,0.9998311,0.22942226,0.005601942,0.0
595,1.0,1.0,1.0,1.0,1.0,1.0,1.0,1.0,0.0004966832,0.0002421721,0.00022942817,1.2336927e-05,0.0011153856,0.0002796369,4.4852477e-05,1.49806665e-05,0.0
596,1.0,1.0,1.0,1.0,1.0,1.0,1.0,0.0,0.00018971309,0.0001332142,0.0039102444,5.2070114e-05,0.0023469522,0.00069301116,0.0005047868,2.6128773e-05,2.0
597,0.0,0.0,0.0,0.0,0.0,0.0,0.0,0.0,0.55677766,0.9496675,0.07645349,0.04621737,0.13229387,0.12858655,0.97897506,0.0011639678,1.0
598,1.0,1.0,1.0,1.0,1.0,0.0,1.0,1.0,0.00053101394,0.00041835473,0.0006591216,0.00058079266,0.0017545369,0.0011432432,0.034584984,5.0791652e-05,1.0
599,1.0,1.0,1.0,1.0,1.0,1.0,0.0,1.0,0.9999112,0.99935204,0.9809107,0.99916375,0.9829999,0.8679874,0.9469323,0.99949646,1.0
600,0.0,0.0,0.0,0.0,0.0,0.0,0.0,0.0,0.9989661,0.99662244,0.99955076,0.9943428,0.9889775,0.99945265,0.9721057,0.1689622,4.0
601,1.0,1.0,1.0,1.0,1.0,1.0,1.0,0.0,0.005386721,0.00020876303,0.0031449222,0.0005798034,0.0062408657,0.00014309453,0.00011016844,7.01594e-05,1.0
602,0.0,1.0,0.0,0.0,0.0,0.0,0.0,0.0,0.9951049,0.9983109,0.9999281,0.99983025,0.99942917,0.99983406,0.99412435,0.022208078,1.0
603,0.0,0.0,0.0,0.0,0.0,0.0,0.0,0.0,2.9301e-05,3.8491587e-05,7.13291e-05,5.7914053e-06,0.00040676675,1.5657204e-05,0.00010720093,1.1959839e-05,1.0
604,1.0,1.0,1.0,1.0,1.0,1.0,1.0,0.0,0.9995691,0.9990429,0.9995931,0.9999658,0.9996704,0.9995493,0.8616548,0.9939995,0.0
605,0.0,0.0,0.0,0.0,0.0,0.0,0.0,0.0,0.8736852,0.982499,0.9719902,0.78603625,0.9779011,0.32418868,0.66846794,0.5172108,1.0
606,1.0,1.0,1.0,1.0,1.0,1.0,1.0,1.0,0.24530962,0.13668342,0.7228553,0.00021050377,0.994799,0.004975837,0.002335867,0.0001168791,3.0
607,1.0,1.0,1.0,1.0,1.0,1.0,1.0,1.0,0.99937785,0.9999293,0.99984205,0.9996427,0.9992053,0.99139273,0.4909193,0.4665621,3.0
608,1.0,1.0,1.0,1.0,1.0,1.0,0.0,1.0,0.00055212254,0.00012643491,3.862267e-05,1.4419667e-05,1.4972569e-05,4.402503e-06,0.0011462409,5.0416024e-06,3.0
609,1.0,1.0,1.0,1.0,1.0,0.0,0.0,0.0,4.1949686e-05,9.880851e-05,2.2602839e-05,7.3819992e-06,0.0017335047,4.1105595e-05,2.7163922e-05,1.08314025e-05,3.0
610,1.0,1.0,1.0,1.0,1.0,1.0,1.0,0.0,2.770091e-05,7.700293e-05,0.0001138005,2.5342097e-05,0.0017436823,3.2023745e-05,0.00031095627,1.0782839e-05,3.0
611,0.0,0.0,0.0,0.0,0.0,0.0,0.0,0.0,0.8623547,0.6174309,0.25206214,0.60029966,0.82309437,0.31115115,0.100661285,0.0007041848,0.0
612,0.0,0.0,0.0,0.0,0.0,0.0,0.0,0.0,0.99995184,0.99875116,0.98527074,0.7012704,0.9962769,0.99468154,0.38860667,0.7613491,4.0
613,0.0,0.0,0.0,0.0,0.0,0.0,1.0,0.0,0.9999424,0.99993765,0.99983287,0.99976367,0.99933124,0.9993748,0.9966679,0.99990284,2.0
614,1.0,1.0,1.0,1.0,1.0,0.0,1.0,0.0,6.489461e-05,0.00024454086,0.00035587954,7.3948984e-05,0.0014840482,0.00017220518,0.0022762464,0.00015506176,0.0
615,0.0,1.0,1.0,0.0,1.0,1.0,1.0,0.0,0.9568358,0.9579259,0.8865729,0.44646168,0.9976699,0.03329016,0.16444218,0.0010936523,0.0
616,0.0,0.0,0.0,0.0,0.0,0.0,0.0,0.0,0.978728,0.9405993,0.14680508,0.78933555,0.98674774,0.040954188,0.99624217,0.2536201,2.0
617,0.0,0.0,0.0,0.0,0.0,0.0,0.0,0.0,0.22786492,0.9966259,0.83630544,0.0028636558,0.9858392,0.2680354,0.1674668,0.0007974185,0.0
618,0.0,1.0,0.0,0.0,1.0,1.0,0.0,0.0,0.8992244,0.9976507,0.99520314,0.9471858,0.99963474,0.99799335,0.95245063,0.0006784258,0.0
619,1.0,1.0,1.0,1.0,1.0,1.0,1.0,1.0,0.16237645,0.98267823,0.9992951,0.9760809,0.99835545,0.9911315,0.6458008,0.00011843802,4.0
620,1.0,1.0,1.0,1.0,1.0,1.0,1.0,1.0,0.00043743965,7.4144504e-05,3.449894e-05,1.8693469e-05,0.022319125,9.195688e-05,0.00066936226,6.2447643e-06,0.0
621,0.0,1.0,1.0,0.0,1.0,0.0,1.0,0.0,2.2034304e-05,0.0015246724,4.9834864e-05,3.5753255e-05,0.00012963986,0.00033787393,0.00030016387,4.793431e-05,1.0
622,1.0,1.0,1.0,1.0,1.0,1.0,1.0,0.0,3.56739e-05,2.4082483e-05,9.398777e-06,1.9875779e-05,0.00017875488,5.2900514e-06,2.0144922e-05,2.3412409e-05,1.0
623,1.0,1.0,0.0,0.0,1.0,1.0,0.0,0.0,0.6686496,0.9747857,0.89269364,0.0050564157,0.9696092,0.00077563897,0.23128706,0.023374492,3.0
624,1.0,1.0,1.0,1.0,1.0,1.0,1.0,0.0,0.9985274,0.9998789,0.9999577,0.9998572,0.9999013,0.9998186,0.93080825,0.87489367,3.0
625,0.0,0.0,0.0,0.0,0.0,0.0,0.0,0.0,0.00036322718,0.00031017372,4.423114e-05,2.1469687e-05,0.00052097416,8.786044e-05,5.3025098e-05,7.466637e-05,0.0
626,1.0,1.0,1.0,1.0,1.0,1.0,0.0,0.0,0.007378328,0.70085573,0.9797172,0.99276215,0.99932694,0.9658799,0.011796216,1.2285608e-05,0.0
627,0.0,0.0,0.0,0.0,0.0,0.0,0.0,0.0,0.9959831,0.9903252,0.91716164,0.9490052,0.14026158,0.4177944,0.21661861,0.108262084,3.0
628,0.0,0.0,0.0,0.0,0.0,0.0,0.0,0.0,0.0004334203,0.00014580166,0.0015430416,0.000101566184,0.13089485,8.805553e-05,0.000111448855,1.3156008e-05,1.0
629,1.0,1.0,1.0,1.0,1.0,1.0,1.0,1.0,0.9998933,0.9998369,0.99995744,0.9998598,0.9998172,0.99985456,0.96713936,0.96961147,0.0
630,0.0,0.0,0.0,0.0,0.0,0.0,0.0,0.0,0.9987783,0.99830914,0.7423569,0.9643283,0.98446923,0.0014408441,0.66704285,0.081962615,2.0
631,0.0,0.0,0.0,0.0,0.0,0.0,0.0,0.0,0.000746329,0.054111842,0.18367152,9.22526e-05,0.027000481,9.687705e-05,0.0009340473,9.434091e-05,1.0
632,0.0,1.0,1.0,0.0,1.0,1.0,0.0,0.0,2.9636376e-05,0.0010762509,0.00047577382,1.38674395e-05,0.000565592,0.0001498394,0.00031692057,2.8197077e-05,3.0
633,1.0,1.0,0.0,1.0,1.0,0.0,1.0,0.0,0.64188176,0.99875104,0.9970053,0.07973641,0.99642074,0.99233353,0.1684318,0.013383621,2.0
634,1.0,1.0,1.0,1.0,1.0,1.0,1.0,1.0,0.00022016697,5.615636e-05,6.581197e-05,0.00018372167,0.00028781098,4.557398e-05,0.0052918205,4.6765465e-05,1.0
635,1.0,1.0,0.0,1.0,1.0,0.0,0.0,1.0,0.99988735,0.99990034,0.9997917,0.9996164,0.9991586,0.9995327,0.83855623,0.99966955,2.0
636,1.0,1.0,1.0,1.0,1.0,1.0,1.0,0.0,3.3839562e-05,0.0003038137,0.0005362782,4.9240443e-05,0.0006894203,0.0002466285,0.00025437726,1.0261389e-05,2.0
637,1.0,1.0,1.0,1.0,1.0,1.0,0.0,0.0,0.37898457,0.9991078,0.9943299,0.9173832,0.954131,0.976996,0.014643144,0.012786389,3.0
638,0.0,0.0,0.0,0.0,0.0,0.0,0.0,0.0,4.0972103e-05,3.2409036e-05,5.3796434e-06,2.8324264e-06,0.0007928658,7.793158e-06,4.935134e-05,1.1569061e-05,0.0
639,0.0,0.0,0.0,0.0,0.0,0.0,0.0,0.0,3.3325938e-05,0.006189326,0.00030534223,9.273391e-06,0.0014548898,0.0002237246,0.00012660549,2.2073424e-05,3.0
640,1.0,1.0,1.0,1.0,1.0,1.0,1.0,1.0,0.9777892,0.9758017,0.922876,0.82698184,0.9929415,0.36864656,0.9537846,0.537659,3.0
641,0.0,0.0,0.0,0.0,0.0,0.0,0.0,0.0,0.99974996,0.9996644,0.99981445,0.9997619,0.99954706,0.95056105,0.9882224,0.99388945,3.0
642,1.0,1.0,1.0,1.0,1.0,1.0,1.0,0.0,0.9988288,0.9998573,0.99916804,0.9972638,0.9998847,0.9997564,0.3718989,0.40651995,4.0
643,1.0,1.0,1.0,1.0,1.0,1.0,1.0,1.0,0.9960383,0.99967134,0.9998068,0.99963534,0.9999082,0.9964077,0.20675856,0.002290235,2.0
644,1.0,1.0,1.0,1.0,1.0,1.0,0.0,1.0,3.883063e-05,2.358863e-05,7.006163e-06,2.2874416e-05,0.00019954279,5.8465716e-06,7.851736e-05,1.603307e-05,1.0
645,0.0,1.0,1.0,0.0,1.0,0.0,0.0,0.0,0.94047606,0.9965875,0.9988574,0.9939872,0.9985039,0.9932389,0.042945553,0.13483407,4.0
646,0.0,0.0,0.0,0.0,0.0,0.0,0.0,0.0,0.85516375,0.995216,0.99444336,0.99639684,0.99003285,0.997962,0.006622441,0.21968216,4.0
647,0.0,0.0,0.0,0.0,0.0,0.0,0.0,0.0,0.9998741,0.99946743,0.99956137,0.9998448,0.99984884,0.9999515,0.9780057,0.1989426,4.0
648,0.0,0.0,0.0,0.0,0.0,0.0,0.0,0.0,6.911452e-05,0.00016126907,0.00018538653,3.1755335e-05,0.003149364,9.260701e-05,9.093627e-05,1.0382386e-05,3.0
649,1.0,1.0,1.0,1.0,1.0,1.0,0.0,0.0,0.99936396,0.9929223,0.9989706,0.9997999,0.9991247,0.9992987,0.8077902,0.56897885,1.0
650,0.0,1.0,1.0,0.0,1.0,0.0,0.0,0.0,5.574478e-05,2.7147762e-05,4.519136e-05,1.07140695e-05,0.0012275161,3.6010202e-05,0.0006265485,5.0946303e-05,2.0
651,1.0,1.0,1.0,1.0,1.0,1.0,1.0,1.0,0.84745914,0.9967354,0.9992449,0.99967694,0.99919766,0.9974566,0.008325958,0.0072422503,3.0
652,0.0,0.0,0.0,0.0,1.0,0.0,0.0,0.0,0.9995846,0.999411,0.9697017,0.99747545,0.9991548,0.998968,0.049247146,0.04060402,2.0
653,1.0,1.0,1.0,1.0,1.0,1.0,0.0,1.0,0.9981857,0.99941957,0.99990094,0.99908423,0.999481,0.9973667,0.9750294,0.9939038,1.0
654,1.0,1.0,1.0,1.0,1.0,1.0,1.0,1.0,0.99990094,0.99937856,0.99875426,0.99930763,0.99933237,0.9901343,0.3469816,0.9875267,4.0
655,1.0,1.0,1.0,1.0,1.0,1.0,1.0,1.0,6.597811e-05,0.0006734337,8.884619e-05,3.528323e-05,9.635301e-05,4.6003162e-05,0.00015393566,0.00016447832,2.0
656,1.0,1.0,1.0,1.0,1.0,1.0,1.0,1.0,0.9994112,0.9848393,0.998439,0.99863094,0.99816895,0.5270983,0.99814117,0.99871814,0.0
657,1.0,1.0,1.0,1.0,1.0,1.0,1.0,0.0,0.0001243019,0.0001400851,0.00036024093,5.879253e-05,0.00021088446,2.4988789e-05,0.0009934154,8.240448e-06,2.0
658,1.0,1.0,1.0,1.0,1.0,1.0,0.0,1.0,0.9972314,0.9957462,0.9999424,0.99974126,0.9999553,0.9992944,0.59099346,0.011976876,3.0
659,1.0,1.0,1.0,1.0,1.0,0.0,1.0,0.0,0.99960846,0.99994445,0.99942964,0.99974495,0.99958163,0.99811244,0.9907479,0.9681332,3.0
660,0.0,0.0,0.0,0.0,0.0,0.0,0.0,0.0,0.000105813,0.00011529506,6.268443e-05,3.52377e-05,0.00016778307,8.303258e-05,0.00011808179,7.3271956e-05,1.0
661,0.0,0.0,0.0,0.0,0.0,0.0,0.0,0.0,0.00011501878,0.00011040663,9.835464e-05,7.463675e-05,0.00017468452,0.00020934107,0.0002727791,1.5469173e-05,4.0
662,1.0,1.0,1.0,1.0,1.0,1.0,1.0,1.0,0.00054062676,0.0021548213,0.00018148644,8.8793255e-05,0.028767202,0.0014729404,0.00054659054,1.6823054e-05,1.0
663,1.0,1.0,1.0,1.0,1.0,1.0,1.0,1.0,0.0001155838,0.001157127,0.0026624,3.0474754e-05,0.11005243,0.00034352965,0.00024983802,9.670775e-06,4.0
664,0.0,0.0,0.0,0.0,0.0,1.0,1.0,0.0,0.9979438,0.9995043,0.998517,0.96471965,0.99734735,0.9988753,0.9975278,0.6840864,1.0
665,0.0,0.0,0.0,0.0,0.0,0.0,0.0,0.0,8.552894e-06,0.00013187488,1.9208785e-05,4.236528e-06,0.0006853767,3.8642418e-05,1.7841701e-05,2.1862461e-05,1.0
666,0.0,0.0,0.0,0.0,0.0,0.0,0.0,0.0,0.9995468,0.99860954,0.9998783,0.99519485,0.9962276,0.99656725,0.9975541,0.6626582,2.0
667,0.0,0.0,0.0,0.0,0.0,0.0,0.0,0.0,0.000449233,0.00083681,3.064419e-05,0.0002469198,0.003205272,0.0001325443,0.027323516,7.53052e-05,1.0
668,0.0,0.0,0.0,0.0,0.0,0.0,0.0,0.0,5.0204297e-05,4.062765e-05,2.4202734e-05,5.445102e-06,0.0009868555,6.936555e-05,2.9280192e-05,1.387306e-05,0.0
669,0.0,0.0,0.0,0.0,0.0,0.0,0.0,0.0,0.99457294,0.9732242,0.9991279,0.9972275,0.9996019,0.9957669,0.26283056,0.0007063558,0.0
670,1.0,1.0,1.0,1.0,1.0,1.0,0.0,0.0,0.00016280531,0.032996558,0.029605513,0.00013673262,0.0106414305,0.00079978444,0.002460061,0.00017605569,1.0
671,0.0,0.0,0.0,0.0,0.0,0.0,0.0,0.0,0.9888176,0.99989116,0.99978393,0.9646052,0.99990976,0.99976903,0.20001303,0.40249032,3.0
672,0.0,0.0,0.0,0.0,0.0,0.0,0.0,0.0,0.9951546,0.76790106,0.9990107,0.9996182,0.9995559,0.7960036,0.23854883,0.006997507,3.0
673,0.0,0.0,0.0,0.0,1.0,0.0,0.0,0.0,0.0022437049,0.30801067,0.0012864107,4.2962107e-05,0.0082701035,0.003695338,0.08369966,3.965171e-05,0.0
674,1.0,1.0,1.0,1.0,1.0,1.0,1.0,1.0,0.9994204,0.99599236,0.9990557,0.981887,0.98463744,0.86283964,0.99959606,0.9972908,4.0
675,0.0,0.0,0.0,0.0,0.0,0.0,0.0,0.0,0.99879694,0.9998223,0.99971205,0.9994863,0.99979335,0.99944335,0.99994755,0.032797378,0.0
676,0.0,0.0,0.0,0.0,0.0,0.0,0.0,0.0,0.9996667,0.9961933,0.9998099,0.998546,0.99990916,0.9997197,0.17636102,0.78044194,3.0
677,1.0,1.0,1.0,1.0,1.0,1.0,1.0,1.0,0.017448975,0.0011388779,0.00493131,0.0020920886,0.35682175,0.0019893034,0.006919027,0.00043009126,1.0
678,0.0,1.0,1.0,0.0,1.0,1.0,0.0,0.0,0.0006184561,3.9587856e-05,0.0023800014,0.00014305089,0.0071988646,0.00036603655,0.0012603813,6.673918e-05,1.0
679,0.0,0.0,0.0,0.0,0.0,0.0,0.0,0.0,0.99952555,0.9994785,0.996924,0.99891806,0.99935144,0.99905366,0.96764594,0.9985843,3.0
680,0.0,0.0,0.0,0.0,1.0,0.0,0.0,0.0,5.0406696e-05,0.00062068814,6.4744716e-05,5.3816024e-05,0.0009284685,3.076465e-05,0.00042236332,2.079544e-05,3.0
681,0.0,1.0,0.0,0.0,1.0,1.0,0.0,0.0,0.9999448,0.9999646,0.99989533,0.99987733,0.9999031,0.99931395,0.95890135,0.9998447,4.0
682,0.0,0.0,0.0,0.0,0.0,0.0,0.0,0.0,0.99989843,0.99978,0.9968617,0.9990809,0.9993674,0.9972191,0.9956844,0.9991955,3.0
683,0.0,0.0,0.0,0.0,0.0,0.0,0.0,0.0,0.9999583,0.99985063,0.99949574,0.9973726,0.9993717,0.99917966,0.90900934,0.9980501,4.0
684,1.0,1.0,1.0,1.0,1.0,1.0,0.0,0.0,0.0005145334,1.739143e-05,9.1222966e-05,2.6893435e-05,0.124461725,4.325713e-06,0.0011694846,1.1291522e-05,2.0
685,1.0,1.0,1.0,1.0,1.0,1.0,1.0,1.0,7.083145e-05,0.0011174775,0.00069449015,7.713611e-05,0.0009376844,0.00033214546,0.00035730327,7.378895e-06,1.0
686,1.0,1.0,1.0,1.0,1.0,1.0,1.0,1.0,8.477445e-06,7.615649e-05,0.00012087258,2.0896012e-05,0.0010216419,0.00011137438,0.00032348398,1.6782993e-05,4.0
687,1.0,1.0,1.0,1.0,1.0,1.0,1.0,1.0,0.99780935,0.99990606,0.99995494,0.9997279,0.9999212,0.99951077,0.9984256,0.015051533,3.0
688,0.0,0.0,0.0,0.0,0.0,0.0,0.0,0.0,0.99941516,0.99215627,0.99947757,0.9989924,0.999514,0.9943039,0.006039648,0.03435824,1.0
689,1.0,1.0,1.0,1.0,1.0,1.0,0.0,1.0,0.99638605,0.58270365,0.86795723,0.68903023,0.79662454,0.38180792,0.345887,0.08493828,1.0
690,0.0,0.0,0.0,0.0,0.0,0.0,0.0,0.0,0.018705865,0.0015980813,6.781311e-05,7.751489e-05,0.00080105325,0.0032202657,0.052377377,0.00039103607,4.0
691,1.0,1.0,1.0,1.0,1.0,1.0,0.0,1.0,0.0006084658,8.276996e-05,0.00013988648,2.2394715e-05,0.390396,1.7153921e-05,0.0006304778,1.205579e-05,3.0
692,0.0,0.0,0.0,0.0,0.0,0.0,0.0,0.0,3.56886e-05,0.00023478232,7.2713716e-05,5.2125808e-05,0.00050205213,0.00013063868,0.00040892005,2.0277494e-05,2.0
693,0.0,0.0,0.0,0.0,0.0,0.0,0.0,0.0,9.7623015e-05,0.0010139733,0.00033285932,1.2943835e-05,0.00074517244,0.00014963295,0.017313508,2.1849308e-05,3.0
694,0.0,0.0,0.0,0.0,0.0,0.0,0.0,0.0,0.98980767,0.98128945,0.99993145,0.99973255,0.9996817,0.9890631,0.16094838,0.01023021,0.0
695,1.0,1.0,1.0,1.0,1.0,1.0,1.0,1.0,0.0005135498,0.9978942,0.8236072,0.0025703532,0.9992767,0.8940956,0.0012690176,0.00033606798,2.0
696,0.0,0.0,0.0,0.0,0.0,0.0,0.0,0.0,0.46815634,0.9838209,0.9966235,0.9760736,0.9981146,0.9835662,0.54804254,0.00031869183,0.0
697,0.0,0.0,0.0,0.0,0.0,0.0,1.0,0.0,0.0015949089,0.00045525082,0.00084854953,0.00012956274,0.0021624062,0.00059471425,0.0063346582,4.36066e-05,2.0
698,1.0,1.0,1.0,1.0,1.0,1.0,0.0,0.0,0.99966645,0.99924695,0.99036646,0.88638455,0.9947202,0.99502075,0.86386645,0.99175316,4.0
699,1.0,1.0,1.0,1.0,1.0,1.0,1.0,1.0,0.00490724,0.00023469684,4.7802023e-05,4.83639e-05,0.00041412993,4.6016146e-05,0.013042102,7.591837e-05,4.0
700,0.0,0.0,0.0,0.0,0.0,0.0,0.0,0.0,0.00012055407,0.00023720857,5.9703914e-05,6.417428e-05,8.249016e-05,9.0711954e-05,0.0012417441,0.00010000324,2.0
701,1.0,1.0,1.0,0.0,1.0,1.0,0.0,0.0,0.9973476,0.9874973,0.9987998,0.8839298,0.99772555,0.23411128,0.011371118,0.0052213664,4.0
702,0.0,0.0,0.0,0.0,0.0,0.0,0.0,0.0,0.99988556,0.9998896,0.99952185,0.994169,0.99868315,0.9990128,0.9959714,0.99911803,4.0
703,0.0,0.0,0.0,0.0,0.0,0.0,0.0,0.0,5.197392e-05,2.113299e-05,6.189749e-05,8.0698774e-05,0.0001426553,2.5227175e-05,0.00016257682,7.749535e-06,1.0
704,1.0,1.0,1.0,1.0,1.0,1.0,1.0,0.0,0.99958307,0.9998487,0.99986887,0.999948,0.99996126,0.999741,0.9894065,0.8590264,0.0
705,0.0,0.0,0.0,0.0,0.0,0.0,0.0,0.0,0.99879646,0.9986658,0.9984559,0.99970645,0.9970503,0.9967648,0.77548504,0.46488366,0.0
706,1.0,1.0,1.0,1.0,1.0,1.0,1.0,1.0,0.0030853492,0.682579,0.9491136,0.98384696,0.9925257,0.9595799,0.00035356666,3.902515e-05,0.0
707,0.0,1.0,1.0,0.0,1.0,0.0,0.0,0.0,0.9998945,0.9998424,0.9996897,0.9997546,0.99979776,0.9998685,0.9968593,0.59350777,3.0
708,0.0,0.0,0.0,0.0,0.0,0.0,0.0,0.0,0.0001086112,0.00086109224,0.00056238926,3.299812e-05,9.410811e-05,1.8115456e-05,0.00045588182,1.787907e-05,2.0
709,0.0,0.0,0.0,0.0,0.0,0.0,0.0,0.0,0.74587727,0.20654385,0.024537655,0.025267893,0.8123737,0.020430725,0.0063560405,0.0017490283,3.0
710,0.0,0.0,0.0,0.0,0.0,0.0,0.0,0.0,0.088642046,0.00027371803,0.020010253,0.14847039,0.017830474,0.000563775,0.04300346,0.00017900628,3.0
711,0.0,0.0,0.0,0.0,0.0,0.0,0.0,0.0,0.0022918636,0.0001484047,9.812008e-05,3.935215e-05,0.0008906586,7.02067e-06,0.020276997,4.4516883e-06,3.0
712,0.0,0.0,0.0,0.0,0.0,0.0,0.0,0.0,0.00047366263,0.0010241844,7.129177e-05,2.1324891e-05,0.013212343,5.975843e-05,0.0032193873,2.4006951e-05,3.0
713,1.0,1.0,1.0,1.0,1.0,0.0,1.0,1.0,0.98769206,0.9974687,0.99976176,0.9998853,0.99886,0.9958769,0.35633725,0.0060870177,0.0
714,0.0,0.0,0.0,0.0,0.0,0.0,0.0,0.0,3.320327e-05,0.00018220584,5.3085354e-05,3.5681795e-05,0.0001896127,2.690372e-05,0.0001896109,7.0372807e-06,3.0
715,1.0,1.0,1.0,1.0,1.0,1.0,1.0,0.0,5.3542775e-05,0.00011125327,9.763335e-05,5.0372288e-05,0.0008929009,0.0006525522,0.00152851,7.519104e-05,0.0
716,0.0,0.0,0.0,0.0,0.0,0.0,0.0,0.0,5.105325e-05,0.0001814667,9.263616e-05,5.5118435e-05,0.0004820863,2.4338438e-05,8.594088e-05,3.1783056e-05,0.0
717,0.0,0.0,0.0,0.0,0.0,0.0,0.0,0.0,1.8700317e-05,1.7218827e-05,3.9207357e-06,6.7225897e-06,0.00024018282,5.2964374e-06,0.00025163288,5.739491e-06,2.0
718,0.0,0.0,0.0,0.0,0.0,0.0,0.0,0.0,0.0001522534,8.5996966e-05,0.00019264934,4.1541083e-05,0.00029934366,1.1727377e-05,0.010641521,1.2326202e-05,2.0
719,1.0,0.0,1.0,1.0,1.0,0.0,0.0,0.0,0.9931694,0.9964644,0.9980716,0.6767021,0.99973327,0.8322783,0.012936544,0.0039705606,4.0
720,1.0,1.0,1.0,1.0,1.0,1.0,1.0,0.0,5.1358882e-05,9.4085946e-05,1.6755997e-05,7.5551034e-06,0.0009903366,0.00010388105,0.00033670667,8.523604e-06,2.0
721,1.0,1.0,1.0,0.0,1.0,0.0,1.0,0.0,0.00022106725,7.121777e-05,0.00033824568,9.2869304e-05,0.031951554,0.00022950693,0.00055282,6.1118735e-05,0.0
722,0.0,0.0,0.0,0.0,1.0,0.0,0.0,0.0,0.99991024,0.99996555,0.99980336,0.99949765,0.9999664,0.9971795,0.97904587,0.9921847,2.0
723,1.0,1.0,1.0,0.0,1.0,0.0,0.0,0.0,3.167135e-05,8.77372e-05,4.946409e-05,5.5886107e-06,0.00033009952,4.4778117e-05,2.7723503e-05,2.1460068e-05,0.0
724,0.0,0.0,0.0,0.0,0.0,0.0,0.0,0.0,0.00019950607,0.00013201857,0.0018060661,3.7887192e-05,0.00056170917,0.00022016297,0.0060037067,3.2939326e-05,4.0
725,0.0,0.0,0.0,0.0,0.0,0.0,0.0,0.0,0.99802005,0.99880123,0.9854762,0.6207324,0.99872273,0.7271411,0.0150662875,0.0034788586,4.0
726,1.0,1.0,1.0,1.0,1.0,1.0,1.0,1.0,0.99837154,0.9964862,0.99962485,0.99485093,0.9979411,0.99969935,0.86338955,0.08025279,4.0
727,0.0,0.0,0.0,0.0,0.0,0.0,0.0,0.0,0.0003061552,7.052626e-05,6.258343e-05,7.632735e-05,4.465675e-05,8.9039655e-05,0.0015487603,5.1364124e-05,4.0
728,1.0,1.0,1.0,1.0,1.0,1.0,0.0,0.0,1.6055454e-05,0.0023371142,0.010826611,0.00013473968,0.004109908,4.2943637e-05,0.0011142127,9.394332e-06,3.0
729,1.0,1.0,1.0,1.0,1.0,1.0,1.0,0.0,0.9993749,0.9993098,0.9997739,0.9428924,0.99941516,0.9982041,0.65341234,0.9647677,4.0
730,1.0,1.0,1.0,1.0,1.0,1.0,1.0,1.0,0.9220594,0.8577902,0.9978138,0.13835303,0.99941313,0.8054081,0.005195713,0.033024468,3.0
731,1.0,1.0,1.0,0.0,1.0,1.0,0.0,0.0,0.98517346,0.9990037,0.9985411,0.5938706,0.9993906,0.9911543,0.10301287,0.00031794468,2.0
732,1.0,0.0,1.0,1.0,1.0,1.0,0.0,0.0,0.66085696,0.9989343,0.8609783,0.9946517,0.99735606,0.95734507,0.9128743,0.002764468,2.0
733,1.0,1.0,1.0,1.0,1.0,1.0,0.0,0.0,0.96985394,0.96422535,0.92246467,0.39808565,0.52302283,0.0020620802,0.04702546,0.03743689,4.0
734,1.0,1.0,1.0,1.0,1.0,1.0,1.0,1.0,0.00052543834,3.9119088e-05,0.0002055085,4.620272e-05,0.00068452547,4.8608963e-05,7.314644e-05,8.656336e-06,1.0
735,0.0,0.0,0.0,0.0,0.0,0.0,0.0,0.0,0.009812925,0.98268384,0.23429368,0.0015818035,0.9697222,0.9109787,0.005105822,0.0038565085,3.0
736,1.0,1.0,1.0,1.0,1.0,1.0,1.0,1.0,0.99959725,0.9995784,0.9998795,0.9996315,0.9995548,0.9998098,0.99925905,0.7385078,3.0
737,1.0,1.0,1.0,1.0,1.0,1.0,1.0,0.0,0.08938188,0.647717,0.8949006,0.0116122775,0.9981888,0.83316237,0.05891351,3.7956048e-05,2.0
738,0.0,0.0,0.0,0.0,1.0,0.0,0.0,0.0,5.3262833e-05,0.0011320205,0.00031263134,4.1628606e-05,0.0014239609,7.477674e-05,0.004408803,2.7416076e-05,4.0
739,0.0,0.0,0.0,0.0,0.0,0.0,1.0,0.0,5.6999976e-05,0.00015406222,6.716074e-05,5.4392698e-05,5.7008125e-05,1.8436773e-05,0.00020678199,2.4757777e-05,3.0
740,1.0,1.0,1.0,1.0,1.0,1.0,1.0,0.0,2.7898417e-05,4.2859763e-05,2.3174214e-05,5.5886107e-06,5.218211e-05,3.282334e-05,0.00028532473,2.456727e-05,0.0
741,1.0,1.0,1.0,0.0,1.0,1.0,0.0,0.0,0.9998029,0.99963415,0.99975413,0.99980265,0.9994425,0.9991308,0.81338936,0.7166293,0.0
742,0.0,0.0,0.0,0.0,0.0,0.0,0.0,0.0,0.00038718866,0.00097300595,0.004673331,0.00048806015,0.0012664673,0.0044114953,0.00022182695,0.00035525602,4.0
743,0.0,0.0,0.0,0.0,0.0,0.0,0.0,0.0,0.99811304,0.99981457,0.9989874,0.9999211,0.999954,0.99970835,0.9993063,0.99746275,0.0
744,0.0,0.0,0.0,0.0,0.0,0.0,0.0,0.0,0.99971265,0.9998783,0.99957293,0.9975223,0.9995407,0.9998809,0.9967206,0.9981559,3.0
745,0.0,0.0,0.0,0.0,0.0,0.0,0.0,0.0,0.99986947,0.99940336,0.9995003,0.99921846,0.9997398,0.99914324,0.9071231,0.9956585,3.0
746,0.0,0.0,0.0,0.0,0.0,0.0,0.0,0.0,8.875323e-06,6.584907e-05,0.0002038522,5.6925887e-06,0.00016397143,0.0002644405,2.5818636e-05,6.2540266e-06,3.0
747,1.0,0.0,1.0,1.0,1.0,1.0,0.0,0.0,0.99981743,0.49674723,0.9986124,0.9972197,0.999448,0.6447631,0.0072530275,0.041574094,4.0
748,0.0,1.0,1.0,0.0,1.0,1.0,0.0,0.0,0.00014050315,0.00028248454,0.00042964384,6.258235e-05,0.001262414,0.00046934257,0.00031158392,2.302433e-05,4.0
749,1.0,1.0,1.0,1.0,1.0,1.0,1.0,0.0,0.0005145334,1.739143e-05,4.5245517e-05,2.0570702e-05,0.002126274,4.325713e-06,0.00025141847,7.2545686e-06,2.0
750,0.0,0.0,0.0,0.0,0.0,0.0,0.0,0.0,0.0001589257,0.00039518301,0.00032946884,0.00015067858,0.0022530078,0.0003328555,0.00018810853,1.0712793e-05,3.0
751,1.0,1.0,1.0,1.0,1.0,1.0,1.0,1.0,0.043493766,8.1671904e-05,0.019069796,0.015865369,0.045309976,0.0005873613,0.0071583847,0.00020984368,1.0
752,1.0,1.0,1.0,1.0,1.0,1.0,1.0,1.0,0.9987023,0.9998883,0.9997408,0.999803,0.9976018,0.9988532,0.98670214,0.99955505,3.0
753,0.0,0.0,0.0,0.0,0.0,0.0,0.0,0.0,8.2004284e-05,6.034909e-05,0.00043510267,2.0907373e-05,0.002973607,2.2543618e-05,0.0001670365,1.8548864e-05,0.0
754,0.0,0.0,0.0,0.0,0.0,0.0,0.0,0.0,7.781379e-06,0.0016688092,3.6517205e-05,4.646506e-06,0.0005693484,1.2757729e-05,0.0001235143,3.119328e-05,1.0
755,1.0,1.0,1.0,1.0,1.0,1.0,1.0,1.0,0.0024538822,0.4939432,0.0020705017,9.691761e-05,0.1150403,0.10971162,0.043053113,0.00017980995,1.0
756,0.0,0.0,0.0,0.0,0.0,0.0,0.0,0.0,5.9586295e-05,0.00012238798,0.00032870017,1.662107e-05,0.0007485207,0.00011274415,0.020498432,8.575411e-06,0.0
757,1.0,1.0,1.0,1.0,1.0,1.0,1.0,1.0,0.96914434,0.9996506,0.99921584,0.99383706,0.99926347,0.9996964,0.81239706,0.5370807,2.0
758,0.0,0.0,0.0,0.0,0.0,0.0,0.0,0.0,0.00022908674,0.005204132,0.00048072272,1.0443318e-05,0.00151152,1.4626891e-05,0.17501426,3.903267e-05,0.0
759,0.0,0.0,0.0,0.0,0.0,0.0,0.0,0.0,0.9965412,0.99952877,0.9999081,0.9998267,0.9998504,0.9995546,0.098980665,0.013258794,2.0
760,1.0,1.0,1.0,1.0,1.0,1.0,0.0,0.0,0.99850684,0.99979347,0.9998282,0.98549795,0.99971515,0.99853647,0.7913437,0.89974695,0.0
761,1.0,1.0,1.0,1.0,1.0,1.0,1.0,1.0,5.2833846e-05,0.00017614133,0.00024477433,2.0952662e-05,0.0002951203,9.2954804e-05,0.0004465688,2.8914139e-05,0.0
762,0.0,0.0,0.0,0.0,0.0,0.0,0.0,0.0,0.99997497,0.9939207,0.9977677,0.99152046,0.9885566,0.9780548,0.25296065,0.96074635,2.0
763,0.0,0.0,0.0,0.0,0.0,0.0,0.0,0.0,0.0048013697,0.0049366923,0.004401103,0.0014152654,0.052923914,0.003504191,0.0022574444,2.244451e-05,4.0
764,1.0,1.0,1.0,1.0,1.0,1.0,1.0,1.0,0.000105712854,0.00019307598,0.0010033876,3.3132954e-05,0.004169937,0.0003155052,2.9536579e-05,2.0484898e-05,0.0
765,0.0,0.0,0.0,0.0,0.0,0.0,0.0,0.0,5.6261368e-05,0.0005807752,4.113324e-05,0.00012748086,0.0003036912,4.778589e-05,0.0027260492,3.8049147e-05,2.0
766,1.0,1.0,1.0,1.0,1.0,1.0,0.0,0.0,6.797018e-05,0.00017033856,0.00014204667,0.0001223308,0.0007936554,0.00013248125,0.00043191138,0.00033766282,4.0
767,1.0,1.0,1.0,0.0,1.0,0.0,1.0,0.0,0.98949385,0.9994941,0.9999069,0.9986124,0.9997943,0.99913543,0.9987935,0.40534827,1.0
768,0.0,1.0,1.0,1.0,1.0,1.0,1.0,0.0,1.0340805e-05,2.114087e-05,2.0637077e-05,1.5576617e-05,0.0007483089,4.398566e-05,4.0721363e-05,2.2643053e-05,4.0
769,0.0,0.0,0.0,0.0,0.0,0.0,0.0,0.0,0.9913776,0.9237678,0.47457922,0.48427987,0.9579141,0.3809868,0.9765528,0.05656999,4.0
770,1.0,1.0,1.0,1.0,1.0,1.0,0.0,0.0,0.013419097,0.023503669,0.41606426,0.00070436875,0.16944967,0.00473598,0.001893506,0.00030007804,3.0
771,0.0,1.0,1.0,0.0,1.0,0.0,0.0,0.0,0.9997117,0.9910568,0.99951637,0.9995877,0.99849546,0.9941559,0.759134,0.03477901,4.0
772,1.0,1.0,1.0,0.0,1.0,1.0,1.0,0.0,1.3470893e-05,0.0009740216,0.00015492135,7.023525e-05,0.016925868,0.00057734316,0.00062985223,7.2410903e-06,4.0
773,1.0,0.0,0.0,0.0,0.0,0.0,1.0,0.0,0.99950063,0.9982559,0.99911433,0.7156631,0.9982816,0.9970784,0.94184154,0.26724786,3.0
774,0.0,0.0,0.0,0.0,0.0,0.0,0.0,0.0,0.8077705,0.96962637,0.9989311,0.5790953,0.99288493,0.08339115,0.0002827405,0.1400425,0.0
775,0.0,0.0,0.0,0.0,0.0,0.0,0.0,0.0,0.96508014,0.99987006,0.99985456,0.99972624,0.9997009,0.9996401,0.9387643,0.6756921,4.0
776,0.0,0.0,0.0,0.0,0.0,0.0,0.0,0.0,0.99878997,0.9881853,0.99935895,0.9890966,0.9975579,0.99050725,0.17081666,0.007859149,4.0
777,0.0,0.0,0.0,0.0,0.0,0.0,0.0,0.0,0.000121930294,0.0016438578,0.0005455584,8.1266684e-05,0.0003170188,0.00071149983,0.00026366382,3.987749e-05,3.0
778,0.0,0.0,0.0,0.0,0.0,0.0,0.0,0.0,2.8397742e-05,0.00021211438,0.00016480863,2.1478043e-05,0.00044307334,0.00019626011,8.388486e-05,2.456849e-05,0.0
779,0.0,0.0,0.0,0.0,0.0,0.0,0.0,0.0,0.00011033381,3.332613e-05,9.7343245e-06,4.306511e-05,8.12065e-05,3.7053254e-05,0.0012220105,3.6253154e-05,4.0
780,1.0,1.0,1.0,1.0,1.0,1.0,1.0,0.0,0.9035871,0.99832326,0.9976895,0.99706346,0.9991955,0.9985934,0.019366885,0.034759413,1.0
781,1.0,1.0,1.0,1.0,1.0,1.0,1.0,0.0,1.0155236e-05,0.00032651264,0.0014693813,5.6925887e-06,0.0026340468,0.0013183056,8.6647255e-05,6.2540266e-06,3.0
782,0.0,0.0,0.0,0.0,0.0,0.0,0.0,0.0,0.99950576,0.99814415,0.99944705,0.99255085,0.99361765,0.9925459,0.6080174,0.0013846753,4.0
783,0.0,1.0,0.0,0.0,1.0,0.0,0.0,0.0,0.99005216,0.99809414,0.9966898,0.94958293,0.9997861,0.9951396,0.85312086,0.0002997289,2.0
784,0.0,1.0,1.0,0.0,1.0,1.0,0.0,0.0,0.0012868654,0.089257084,0.98089737,0.0033980298,0.9794566,0.64503354,0.09065113,0.0005485731,1.0
785,1.0,1.0,1.0,1.0,1.0,1.0,1.0,1.0,0.9995347,0.99977213,0.9981177,0.9518535,0.9992842,0.97552955,0.9925804,0.009254765,2.0
786,0.0,0.0,0.0,0.0,0.0,0.0,0.0,0.0,0.9943228,0.9750083,0.99482393,0.9931827,0.99829,0.9884177,0.005469897,0.0034902506,3.0
787,0.0,0.0,0.0,0.0,0.0,0.0,0.0,0.0,0.9997589,0.9994916,0.9994758,0.99971324,0.9993143,0.99938786,0.9998565,0.9340478,3.0
788,1.0,1.0,1.0,1.0,1.0,1.0,0.0,0.0,0.00021899871,3.2893247e-05,2.3949326e-05,2.8725242e-05,5.9772618e-05,0.000111040135,0.008394235,2.2959845e-05,2.0
789,0.0,0.0,0.0,0.0,0.0,0.0,0.0,0.0,0.00017077097,0.0002709192,0.0015614354,8.804185e-05,0.084023714,0.011470911,0.0005331237,6.3312036e-05,3.0
790,0.0,0.0,0.0,0.0,0.0,0.0,0.0,0.0,3.8373535e-05,0.0005209551,4.9043574e-05,4.8172788e-05,0.00052252185,0.00020021973,0.000107403015,3.620796e-05,1.0
791,0.0,0.0,0.0,0.0,0.0,0.0,0.0,0.0,2.2886852e-05,0.008006811,0.13136367,0.00057291397,0.8067161,0.2897168,0.00031178896,2.5510762e-05,4.0
792,1.0,1.0,1.0,1.0,1.0,1.0,0.0,0.0,5.992283e-05,0.00010880038,7.920169e-05,5.1124523e-05,9.415182e-05,4.824612e-05,0.00031416886,5.701646e-06,3.0
793,1.0,1.0,1.0,1.0,1.0,1.0,1.0,1.0,0.016695503,0.0009950654,0.01109352,0.022101264,0.037740707,0.0011321348,0.017016906,0.00060509884,1.0
794,0.0,0.0,0.0,0.0,0.0,0.0,0.0,0.0,4.6200737e-05,7.26246e-05,0.00013698201,2.137355e-05,0.0010561807,0.00011953906,0.0003288099,3.2257823e-05,4.0
795,1.0,1.0,1.0,1.0,1.0,1.0,0.0,0.0,0.99994195,0.98773706,0.9980205,0.9996692,0.9992724,0.9988483,0.9770254,0.90653235,4.0
796,0.0,0.0,0.0,0.0,0.0,0.0,0.0,0.0,0.00012602362,6.242006e-05,0.0002555889,2.4229756e-05,0.008306386,0.0001805413,0.0011888428,2.6787364e-05,0.0
797,0.0,0.0,0.0,0.0,0.0,0.0,0.0,0.0,0.9994949,0.9999678,0.99995756,0.99989545,0.99996865,0.99971277,0.9648336,0.028313635,3.0
798,0.0,0.0,0.0,0.0,0.0,0.0,0.0,0.0,2.8055856e-05,6.830136e-05,1.1137062e-05,4.5105808e-06,0.00015222566,3.383666e-05,0.0006748468,2.3681785e-05,0.0
799,0.0,0.0,0.0,0.0,0.0,0.0,0.0,0.0,0.0001937151,7.551547e-05,1.7483275e-05,2.4581637e-05,0.00501919,0.00013580525,0.0031514259,7.5537714e-06,0.0
800,1.0,1.0,1.0,1.0,1.0,1.0,1.0,0.0,0.00021466553,6.694691e-05,1.962595e-05,5.7813018e-06,0.0076739057,1.6103344e-05,0.0026603509,6.697441e-06,0.0
801,0.0,1.0,1.0,0.0,1.0,1.0,0.0,0.0,0.0003777888,0.0007214988,1.04575e-05,1.670064e-05,0.0010105603,3.074462e-05,0.0010448014,2.0572134e-05,0.0
802,0.0,0.0,0.0,0.0,0.0,0.0,0.0,0.0,4.051112e-05,2.295122e-05,1.2757521e-05,9.359743e-06,0.0031261442,0.00012881597,4.4960096e-05,6.288883e-06,0.0
803,0.0,0.0,0.0,0.0,0.0,0.0,0.0,0.0,0.0012363519,0.0009690575,0.0023493394,0.00014315377,0.0012988651,0.0010645711,0.0101287,6.446391e-05,3.0
804,0.0,1.0,1.0,1.0,1.0,0.0,1.0,0.0,0.00024948336,0.00010451826,2.1201742e-05,7.136843e-05,0.00020945369,0.00017872591,0.013201126,2.7861353e-05,4.0
805,1.0,1.0,1.0,0.0,1.0,0.0,1.0,0.0,0.28212243,0.8750666,0.9877273,0.89360756,0.9972059,0.61726785,0.9053677,0.19687022,4.0
806,0.0,0.0,0.0,0.0,0.0,0.0,0.0,0.0,0.010183207,0.005655364,0.09147477,9.9141864e-05,0.99068063,0.020113181,0.0012535685,3.7819183e-05,1.0
807,1.0,1.0,1.0,1.0,1.0,1.0,1.0,1.0,0.99763894,0.49952003,0.8894571,0.987022,0.99012893,0.2863315,0.3566895,0.004537951,3.0
808,1.0,1.0,1.0,1.0,1.0,1.0,1.0,1.0,0.99634725,0.9977629,0.996874,0.9050501,0.9993636,0.98626816,0.002143086,0.027810901,0.0
809,1.0,1.0,1.0,1.0,1.0,1.0,1.0,0.0,0.9973737,0.9963651,0.9030143,0.42842484,0.99330914,0.50037795,0.1786994,0.024386544,3.0
810,0.0,0.0,0.0,0.0,0.0,0.0,0.0,0.0,3.7944068e-05,0.0003780165,1.1768337e-05,1.3450469e-05,0.00079616683,1.46315515e-05,2.5875672e-05,1.2781902e-05,1.0
811,1.0,1.0,1.0,1.0,1.0,1.0,1.0,0.0,0.9996629,0.99892944,0.9989178,0.976938,0.9999497,0.9998541,0.7694216,0.0026488097,3.0
812,0.0,0.0,0.0,0.0,0.0,0.0,0.0,0.0,0.99842465,0.9992047,0.99965286,0.999938,0.99987817,0.9981345,0.9883166,0.40709114,4.0
813,0.0,0.0,0.0,0.0,0.0,0.0,0.0,0.0,7.443156e-05,0.0009453961,0.00040103807,4.802985e-05,0.0006848635,0.00035566624,0.000121991245,1.8797798e-05,2.0
814,1.0,1.0,1.0,1.0,1.0,1.0,0.0,1.0,0.992773,0.9994823,0.9999622,0.9995042,0.99989355,0.9998447,0.98185056,0.4249959,1.0
815,0.0,1.0,0.0,0.0,0.0,0.0,1.0,0.0,0.99893206,0.9996542,0.9962709,0.9971777,0.9958675,0.48400325,0.9706543,0.7278487,4.0
816,1.0,1.0,1.0,1.0,1.0,0.0,1.0,1.0,0.00040473993,0.00023580577,0.0003913068,2.3769913e-05,0.0060187243,9.408361e-05,0.0021753926,1.4111429e-05,1.0
817,1.0,1.0,1.0,1.0,1.0,1.0,0.0,1.0,0.99983203,0.9999236,0.9997346,0.9994708,0.99958223,0.9978861,0.7971807,0.99952805,2.0
818,0.0,0.0,0.0,0.0,0.0,0.0,0.0,0.0,0.20614822,0.992167,0.98944646,0.008445819,0.9998759,0.94095963,0.05536733,0.0001613166,4.0
819,1.0,0.0,1.0,0.0,1.0,1.0,1.0,0.0,0.9888975,0.99991155,0.9998765,0.9998504,0.99991715,0.99979836,0.7803975,0.12054532,2.0
820,1.0,1.0,1.0,1.0,1.0,1.0,1.0,1.0,0.00014077338,0.00059476076,7.84908e-05,5.001411e-05,8.1381455e-05,3.7707076e-05,0.00081434107,8.901788e-06,3.0
821,1.0,1.0,1.0,1.0,1.0,1.0,1.0,0.0,0.08575559,0.9967732,0.996933,0.9714774,0.9998709,0.9997981,0.85163695,0.0020297223,4.0
822,0.0,0.0,0.0,0.0,0.0,0.0,0.0,0.0,0.9997476,0.9980009,0.99235946,0.98503774,0.9968279,0.99917126,0.061191067,0.037635386,0.0
823,0.0,0.0,0.0,0.0,0.0,0.0,0.0,0.0,0.99996614,0.9944735,0.9687718,0.99948967,0.9982791,0.94022495,0.9528259,0.99623054,2.0
824,1.0,1.0,1.0,1.0,1.0,1.0,1.0,1.0,0.9998435,0.99963486,0.99955565,0.99794036,0.9999274,0.9996107,0.97892636,0.995297,1.0
825,0.0,0.0,0.0,0.0,0.0,0.0,0.0,0.0,0.9885563,0.9962174,0.99902296,0.99928707,0.9980876,0.98169327,0.9198867,0.006033814,3.0
826,1.0,1.0,1.0,1.0,1.0,1.0,1.0,0.0,0.99679834,0.9999697,0.9999443,0.9997254,0.9997129,0.9998908,0.99982125,0.705059,2.0
827,1.0,1.0,1.0,0.0,1.0,0.0,1.0,0.0,0.9985037,0.99997926,0.99993443,0.9995889,0.99996865,0.9998473,0.98699605,0.9996289,2.0
828,0.0,0.0,0.0,0.0,0.0,0.0,0.0,0.0,0.93105924,0.9769,0.998863,0.9836076,0.9976635,0.99939096,0.06317086,0.00046917392,1.0
829,0.0,1.0,1.0,0.0,1.0,1.0,1.0,0.0,0.00011256035,0.00013149329,4.7126792e-05,6.563982e-06,0.00042484127,9.564684e-05,0.02516144,5.3171334e-05,0.0
830,0.0,1.0,1.0,0.0,1.0,1.0,0.0,0.0,2.4810106e-05,3.9039e-05,2.733976e-05,2.9599105e-06,0.00045062628,9.626001e-06,1.6377986e-05,6.866971e-06,1.0
831,0.0,0.0,0.0,0.0,0.0,0.0,0.0,0.0,0.9996216,0.99993706,0.99969053,0.9996216,0.9991959,0.9993259,0.9992465,0.9995536,4.0
832,1.0,1.0,1.0,1.0,1.0,1.0,1.0,1.0,0.00081932684,2.2809414e-05,5.7585334e-05,2.0263766e-05,0.0006641067,1.6246599e-05,0.0010108786,9.5094665e-06,2.0
833,0.0,1.0,0.0,0.0,0.0,0.0,1.0,0.0,4.0477757e-05,3.4007593e-05,6.7946885e-06,3.4734746e-06,0.00015613339,9.639505e-06,0.00021143492,2.794195e-05,0.0
834,1.0,1.0,1.0,1.0,1.0,1.0,0.0,1.0,0.042118832,0.89008075,0.95850134,0.27994645,0.9703498,0.0030791103,0.0184801,0.020530362,3.0
835,0.0,0.0,1.0,0.0,1.0,0.0,0.0,0.0,0.9990989,0.998594,0.9987476,0.98138684,0.9999021,0.998961,0.9378422,0.8704567,3.0
836,0.0,0.0,0.0,0.0,0.0,0.0,0.0,0.0,3.8318794e-05,0.00024192888,5.20117e-05,2.272452e-05,2.054261e-05,2.7830894e-05,0.00053694285,1.3538792e-05,2.0
837,1.0,1.0,1.0,1.0,1.0,1.0,1.0,0.0,0.00010388393,0.00032225918,0.00022182462,0.00017279698,0.0002205544,0.00026754607,0.005649136,6.6350374e-05,2.0
838,0.0,0.0,0.0,0.0,0.0,0.0,0.0,0.0,8.446569e-06,0.00010496551,0.00012856907,3.4101482e-05,0.0035791358,0.00011778222,2.2934659e-05,1.4005368e-05,4.0
839,1.0,1.0,1.0,1.0,1.0,1.0,1.0,0.0,1.2927193e-05,0.0002740836,0.00013867897,2.3725775e-05,0.00347456,0.00014919514,0.0014880019,1.550193e-05,4.0
840,0.0,1.0,1.0,0.0,1.0,1.0,0.0,0.0,0.9999387,0.9997285,0.99991405,0.9998031,0.9999591,0.9998754,0.99985147,0.88146037,4.0
841,0.0,0.0,0.0,0.0,0.0,0.0,0.0,0.0,0.9998165,0.99196106,0.99987984,0.9997955,0.99993205,0.9665854,0.99984086,0.999433,0.0
842,0.0,1.0,1.0,0.0,1.0,1.0,0.0,0.0,0.050410956,0.0014684511,0.024840385,0.03408861,0.010332018,0.00043071146,0.82575864,0.00023057948,3.0
843,1.0,1.0,1.0,1.0,1.0,1.0,1.0,1.0,8.016763e-05,2.3482151e-05,2.2970225e-05,1.1622285e-05,0.0038521017,1.030159e-05,8.932557e-05,1.3489251e-05,0.0
844,0.0,0.0,0.0,0.0,0.0,0.0,0.0,0.0,0.0005970929,0.00032732487,0.00045951304,6.869032e-05,0.0023605207,0.0003887854,0.0030127715,3.9450824e-05,0.0
845,1.0,1.0,1.0,0.0,1.0,1.0,0.0,0.0,0.011037348,0.02410862,0.810505,0.0023152176,0.9721299,0.31219625,0.0004535299,0.0001821921,1.0
846,1.0,0.0,0.0,1.0,0.0,0.0,0.0,0.0,0.99350655,0.9981772,0.9994887,0.9920936,0.8743845,0.8490986,0.88540787,0.71959126,2.0
847,0.0,1.0,0.0,0.0,1.0,0.0,1.0,0.0,4.322545e-05,0.0006473486,0.0003527443,9.649714e-06,0.00013738044,0.00011160901,9.865278e-05,1.4624786e-05,3.0
848,1.0,1.0,1.0,1.0,1.0,1.0,1.0,0.0,0.0012529966,0.0013815738,0.0003285705,0.000110168534,0.059562404,0.0014436046,0.0005822709,7.131387e-05,1.0
849,0.0,0.0,0.0,0.0,0.0,0.0,0.0,0.0,0.00013452067,4.8015885e-05,0.00024918024,1.9708625e-05,0.00015179924,0.00023512304,0.00018118507,4.2556425e-05,2.0
850,1.0,1.0,1.0,1.0,1.0,1.0,1.0,1.0,0.9998398,0.99991715,0.9999299,0.999559,0.9998029,0.9998555,0.99979264,0.6844801,2.0
851,0.0,0.0,0.0,0.0,0.0,0.0,0.0,0.0,0.011907849,0.98472255,0.9962514,0.0017256604,0.9995648,0.98439306,0.037505187,0.0002469881,1.0
852,0.0,0.0,0.0,0.0,0.0,0.0,0.0,0.0,0.9999434,0.99488103,0.9914317,0.99931407,0.5223259,0.041663326,0.90067,0.96367216,1.0
853,0.0,0.0,0.0,0.0,0.0,0.0,0.0,0.0,4.207593e-05,4.5108e-05,3.394949e-05,8.777143e-05,0.00010074551,0.00012416484,0.007168915,1.1339608e-05,1.0
854,0.0,0.0,0.0,0.0,0.0,0.0,0.0,0.0,0.9998392,0.9998324,0.9996743,0.99978215,0.99986994,0.9999763,0.8943229,0.020977618,0.0
855,1.0,1.0,1.0,1.0,1.0,1.0,0.0,0.0,3.228509e-05,0.00036263897,4.8255915e-05,2.036328e-05,0.00017394837,0.00013547957,2.9372764e-05,4.599601e-05,1.0
856,0.0,0.0,0.0,0.0,0.0,0.0,0.0,0.0,0.032025617,0.48992532,0.9929766,0.07161642,0.99970406,0.89295834,0.009431286,0.00051439635,4.0
857,0.0,0.0,0.0,0.0,0.0,0.0,0.0,0.0,4.2536056e-05,0.00015803217,0.001552501,1.1875835e-05,0.005854813,0.00014481114,0.0005174007,1.8868706e-05,1.0
858,0.0,0.0,0.0,0.0,1.0,0.0,0.0,0.0,2.8239703e-05,0.0007048683,0.0001690904,3.7378522e-05,0.00083211745,4.3081207e-05,0.0005366832,8.107488e-06,3.0
859,0.0,1.0,1.0,0.0,1.0,0.0,0.0,0.0,3.590445e-05,2.583213e-05,1.27771855e-05,4.21847e-06,0.0011952035,2.6245723e-05,1.6647182e-05,1.7640974e-05,3.0
860,0.0,0.0,0.0,0.0,0.0,0.0,0.0,0.0,0.007396279,0.8996607,0.6510751,0.97254115,0.8567482,0.1697506,0.2137967,0.0031823763,4.0
861,0.0,0.0,0.0,0.0,0.0,0.0,0.0,0.0,3.3839562e-05,0.0003038137,0.00035112782,4.9240443e-05,0.00046344084,0.0002466285,0.00024510946,1.0261389e-05,2.0
862,1.0,1.0,0.0,0.0,0.0,0.0,0.0,0.0,0.99428314,0.9977428,0.9992212,0.9982759,0.99987566,0.99930716,0.9477276,0.005819286,4.0
863,1.0,1.0,1.0,1.0,1.0,1.0,1.0,0.0,0.00012276234,5.0240506e-05,2.9732824e-05,7.0564815e-06,0.0030223816,0.00035148484,0.0016249386,6.0619063e-06,0.0
864,1.0,0.0,0.0,1.0,0.0,0.0,0.0,0.0,0.02619596,0.17822316,0.6701012,0.58953416,0.88930464,0.33496338,0.0017567681,6.305855e-05,0.0
865,0.0,0.0,0.0,0.0,0.0,0.0,0.0,0.0,2.1223894e-05,6.36002e-05,8.022146e-05,1.6853804e-05,0.0036277748,3.5051187e-05,3.6599766e-05,1.4740023e-05,1.0
866,0.0,0.0,0.0,0.0,0.0,0.0,0.0,0.0,0.043830916,0.6576079,0.41497925,0.0006584774,0.33089942,0.39795998,0.7350363,0.00016174925,3.0
867,1.0,1.0,1.0,1.0,1.0,1.0,1.0,1.0,0.9098173,0.9993906,0.99951434,0.9994549,0.99818206,0.9994752,0.52425456,0.020576017,2.0
868,0.0,0.0,0.0,0.0,0.0,0.0,0.0,0.0,0.00013945976,2.933349e-05,3.9142036e-05,4.5127446e-05,0.00092993595,8.208456e-05,3.8326467e-05,1.7969462e-05,3.0
869,0.0,1.0,1.0,0.0,1.0,1.0,0.0,0.0,0.6631295,0.99910945,0.99915564,0.999297,0.9995086,0.9990926,0.018257692,0.0007099471,2.0
870,1.0,1.0,1.0,1.0,1.0,1.0,1.0,1.0,0.00047306743,0.003647333,8.4554325e-05,6.491039e-05,0.0022181293,0.00037179334,0.0024169658,1.0207629e-05,3.0
871,0.0,0.0,0.0,0.0,0.0,0.0,0.0,0.0,7.412726e-05,0.000109658526,0.00088334706,0.00026064503,0.0004766186,4.8780224e-05,0.00476471,1.7985818e-05,4.0
872,0.0,0.0,0.0,0.0,0.0,0.0,0.0,0.0,0.000327114,0.26749212,0.05986871,0.00056112296,0.026723081,0.0012517172,0.09084375,0.000872294,0.0
873,0.0,0.0,0.0,0.0,0.0,0.0,0.0,0.0,0.93076533,0.99982697,0.9996613,0.95962787,0.99979585,0.99819916,0.11438147,0.5988276,2.0
874,1.0,1.0,1.0,1.0,1.0,1.0,1.0,1.0,0.99982685,0.99986815,0.9999136,0.99989545,0.99986446,0.9995704,0.99976844,0.9988527,4.0
875,0.0,0.0,0.0,0.0,0.0,0.0,0.0,0.0,0.99893254,0.99829775,0.9985891,0.9987197,0.99960893,0.9967175,0.9986389,0.9530873,4.0
876,1.0,1.0,1.0,1.0,1.0,1.0,1.0,0.0,0.0031514794,0.0035783197,0.012276218,0.0036395625,0.27650085,0.0005002548,0.013192203,0.0006206914,4.0
877,0.0,0.0,0.0,0.0,1.0,0.0,0.0,0.0,0.9637149,0.82550156,0.9985695,0.9989974,0.9867582,0.759706,0.7293358,0.9676774,0.0
878,0.0,0.0,0.0,0.0,0.0,0.0,0.0,0.0,0.99841833,0.23598193,0.9994122,0.7828619,0.98538834,0.0036277266,0.03353936,0.045480967,4.0
879,1.0,1.0,1.0,1.0,1.0,1.0,1.0,0.0,0.9997818,0.99783725,0.9962353,0.999137,0.9956291,0.9986651,0.97421277,0.12553868,3.0
880,1.0,1.0,1.0,0.0,1.0,1.0,0.0,0.0,0.00065944804,3.951585e-05,0.00012701917,3.5377296e-05,0.009818779,0.00050510064,0.00059268874,2.511534e-05,0.0
881,1.0,1.0,1.0,1.0,1.0,0.0,1.0,0.0,0.23000525,0.98641974,0.98967606,0.9973484,0.99459356,0.73431176,0.7733962,0.0012057654,3.0
882,1.0,1.0,1.0,1.0,1.0,1.0,1.0,1.0,0.00038430767,0.00033065956,0.00033874103,1.7207843e-05,0.15714581,0.00013232332,0.0029531885,2.7824048e-05,3.0
883,0.0,0.0,0.0,0.0,0.0,0.0,0.0,0.0,0.9995772,0.9999609,0.9994956,0.9994141,0.9999689,0.99985945,0.99488294,0.98964536,4.0
884,0.0,0.0,0.0,0.0,0.0,0.0,0.0,0.0,0.9999559,0.99996614,0.99952745,0.9999199,0.9999058,0.999663,0.9983877,0.9995827,1.0
885,0.0,0.0,0.0,0.0,0.0,0.0,0.0,0.0,1.3392333e-05,0.0002791811,0.00035872616,1.6021102e-05,0.0018245826,0.00021239223,0.002258407,2.2328926e-05,4.0
886,1.0,1.0,1.0,1.0,1.0,1.0,0.0,1.0,0.30605066,0.96113086,0.9258716,0.0145263,0.97614485,0.9904687,0.01832338,0.00069987454,3.0
887,1.0,1.0,1.0,1.0,1.0,1.0,1.0,0.0,0.9099436,0.50734293,0.3129549,0.05705427,0.5479696,0.0016560977,0.014863733,0.0002798823,3.0
888,0.0,0.0,0.0,0.0,0.0,0.0,0.0,0.0,0.0003716227,0.0015295409,0.00022060615,0.00020495843,0.0061713224,2.6730559e-05,0.00022551221,8.850811e-06,2.0
889,1.0,1.0,1.0,0.0,1.0,0.0,1.0,0.0,0.99842393,0.9999529,0.99989426,0.99986494,0.99986696,0.9998399,0.9875358,0.98796076,2.0
890,0.0,1.0,0.0,0.0,1.0,0.0,0.0,0.0,0.00022368663,0.00080219365,0.00026927114,0.0005354995,0.0042369696,0.00027398512,0.004187277,1.1977086e-05,1.0
891,0.0,0.0,0.0,0.0,0.0,0.0,0.0,0.0,0.02753938,0.9993944,0.9982168,0.5964523,0.9994087,0.90502375,0.2553004,0.015188378,2.0
892,0.0,0.0,0.0,0.0,0.0,0.0,0.0,0.0,0.63849,0.99906784,0.9998745,0.99719137,0.99966896,0.9975956,0.16194405,0.002660881,3.0
893,1.0,1.0,0.0,0.0,1.0,1.0,0.0,0.0,1.2113967e-05,0.008836252,0.0026903409,5.747763e-05,0.00075855834,5.7216337e-05,0.0005110786,6.0032362e-05,1.0
894,1.0,1.0,1.0,1.0,1.0,1.0,0.0,0.0,0.9997844,0.9999691,0.99991405,0.99986315,0.9999522,0.99944025,0.95980805,0.9992017,2.0
895,1.0,0.0,1.0,1.0,1.0,0.0,0.0,0.0,0.36665782,0.038460407,0.021330029,0.004876558,0.009657452,0.05771538,0.00040772237,7.509352e-05,0.0
896,0.0,1.0,1.0,0.0,1.0,0.0,0.0,0.0,0.0024838038,0.65778166,0.0077062836,0.00016522023,0.21791205,0.009948599,2.8704379e-05,0.0001458783,1.0
897,1.0,1.0,1.0,1.0,1.0,1.0,1.0,1.0,9.798655e-06,0.00013133489,4.293086e-05,2.289495e-05,0.0012175031,8.726626e-05,3.3850407e-05,2.0612353e-05,4.0
898,0.0,0.0,0.0,0.0,0.0,0.0,0.0,0.0,0.99979943,0.99992096,0.9998111,0.9983078,0.9995332,0.9994252,0.988362,0.9999099,2.0
899,0.0,0.0,0.0,0.0,0.0,0.0,0.0,0.0,0.9992483,0.9997876,0.9982304,0.9916277,0.99736977,0.99940884,0.99894387,0.9870396,0.0
900,1.0,1.0,1.0,1.0,1.0,1.0,1.0,1.0,0.7427641,0.9999155,0.99845064,0.23268813,0.9996754,0.9993374,0.040616173,0.008627004,0.0
901,1.0,1.0,1.0,1.0,1.0,1.0,1.0,1.0,8.754214e-05,0.06836418,0.11759642,1.8560915e-05,0.2897388,0.0007809924,0.00048152506,2.6828626e-05,0.0
902,0.0,0.0,0.0,0.0,0.0,0.0,0.0,0.0,0.081925005,0.99608254,0.99659556,0.8159547,0.9726744,0.97721636,0.0014898075,0.053757314,1.0
903,1.0,1.0,1.0,1.0,1.0,0.0,0.0,0.0,3.320327e-05,0.00018220584,5.053472e-05,3.5681795e-05,0.00024521677,2.690372e-05,6.628871e-05,7.0372807e-06,3.0
904,0.0,0.0,0.0,0.0,0.0,0.0,0.0,0.0,0.96470493,0.9832938,0.9630633,0.11885893,0.97263914,0.08886681,0.7244339,0.14253856,1.0
905,0.0,1.0,1.0,1.0,1.0,0.0,1.0,0.0,3.7557715e-05,0.00019134316,7.420484e-05,3.7166676e-05,0.00014568868,1.0719609e-05,0.00013869378,4.9288315e-06,3.0
906,0.0,0.0,0.0,0.0,0.0,0.0,0.0,0.0,0.9992612,0.9978422,0.9998166,0.9900704,0.9968545,0.99905187,0.99554175,0.3978949,4.0
907,0.0,0.0,0.0,0.0,0.0,0.0,0.0,0.0,0.00017166237,0.00036956317,0.0005274297,0.00010632326,0.0035515977,0.00035619028,0.001737471,4.9080765e-05,0.0
908,0.0,0.0,0.0,0.0,0.0,0.0,0.0,0.0,0.0010355623,0.35821494,0.7119549,0.000732474,0.9995425,0.05071861,0.01651255,1.6213846e-05,4.0
909,1.0,1.0,1.0,1.0,1.0,1.0,1.0,0.0,0.9991285,0.9887938,0.9855055,0.98796564,0.9912123,0.99948967,0.9946234,0.6973727,2.0
910,1.0,0.0,1.0,1.0,0.0,1.0,1.0,1.0,0.9998418,0.9999434,0.9988722,0.999813,0.99903286,0.99305385,0.9954111,0.99003196,2.0
911,1.0,1.0,1.0,1.0,1.0,1.0,0.0,0.0,0.0327483,0.14551368,0.20066711,0.00023734159,0.7145697,0.36323258,0.0047573126,1.8232011e-05,0.0
912,0.0,0.0,1.0,1.0,1.0,0.0,0.0,0.0,0.9895251,0.98803407,0.998654,0.9975695,0.9937443,0.97999185,0.99945027,0.04384023,2.0
913,1.0,1.0,1.0,1.0,1.0,1.0,1.0,1.0,0.00010195073,0.015475367,0.0031291042,0.0005790871,0.01675184,0.0010606601,0.008634119,0.0003203859,2.0
914,0.0,1.0,1.0,0.0,1.0,0.0,0.0,0.0,0.9999484,0.9992483,0.9971138,0.99958223,0.99672,0.14465596,0.9170164,0.9772783,2.0
915,0.0,0.0,0.0,0.0,0.0,0.0,0.0,0.0,0.2518896,0.99435586,0.9997682,0.9998511,0.99985826,0.9989599,0.032209102,0.010975829,3.0
916,1.0,1.0,1.0,1.0,1.0,1.0,1.0,1.0,0.00044062748,0.0015275293,6.359947e-05,6.441057e-05,0.0007315393,3.7129197e-05,9.007332e-05,2.2076309e-05,3.0
917,1.0,1.0,1.0,1.0,1.0,0.0,1.0,1.0,0.00014235555,2.11059e-05,4.338771e-05,6.145675e-06,0.00020911983,2.5839572e-05,5.2039828e-05,8.452105e-06,3.0
918,0.0,0.0,0.0,0.0,0.0,0.0,0.0,0.0,0.00014347874,0.000103482125,0.0007470367,6.4301756e-05,0.001214878,0.00024317256,0.012128423,0.00011943219,4.0
919,0.0,0.0,0.0,0.0,0.0,0.0,0.0,0.0,0.9997855,0.99988794,0.9997602,0.9997477,0.99945074,0.99893516,0.97997874,0.9776274,2.0
920,0.0,0.0,0.0,0.0,0.0,0.0,0.0,0.0,0.99994636,0.99798125,0.9990402,0.99975926,0.95906204,0.20538414,0.6795932,0.9954727,1.0
921,0.0,1.0,1.0,1.0,1.0,1.0,1.0,0.0,5.164034e-05,9.3657436e-05,8.187388e-05,5.0952985e-06,0.00019763754,1.7054308e-05,0.00016566856,1.5908437e-05,0.0
922,0.0,1.0,0.0,0.0,1.0,0.0,0.0,0.0,3.9128565e-05,0.00011721059,0.00040547657,3.6602418e-05,0.00010833719,8.2848535e-05,0.00022927814,1.31079305e-05,2.0
923,1.0,1.0,1.0,1.0,1.0,1.0,1.0,0.0,0.22321856,0.057311926,0.063749865,0.074295916,0.05214676,0.00080167403,0.45858514,0.0004112696,1.0
924,1.0,1.0,1.0,1.0,1.0,1.0,0.0,0.0,0.000107491425,4.269341e-05,0.00025090482,1.5262442e-05,0.00015684232,1.2482456e-05,0.00084394286,6.424201e-06,3.0
925,1.0,1.0,1.0,1.0,1.0,1.0,0.0,1.0,0.013459452,0.0005698218,0.0025917348,7.3061906e-06,0.07008898,0.0004182864,0.002246667,2.3545163e-05,4.0
926,0.0,0.0,0.0,0.0,0.0,0.0,0.0,0.0,0.9997191,0.94720155,0.5317597,0.8098214,0.52763426,0.95849407,0.6858819,0.030691706,3.0
927,1.0,1.0,1.0,1.0,1.0,1.0,0.0,0.0,0.9948778,0.9895989,0.8196334,0.5961399,0.93001026,0.66166925,0.25660712,0.0006948135,0.0
928,1.0,1.0,1.0,1.0,1.0,1.0,1.0,0.0,0.99995816,0.999869,0.99983346,0.9999316,0.9992417,0.9999341,0.9926105,0.9981913,3.0
929,0.0,0.0,0.0,0.0,0.0,0.0,0.0,0.0,0.9862277,0.96995485,0.9910228,0.2994832,0.9488619,0.8991732,0.83240896,0.16072679,2.0
930,0.0,0.0,0.0,0.0,0.0,0.0,0.0,0.0,0.9775711,0.9709538,0.99497247,0.9955022,0.9950859,0.8229019,0.97361034,0.27478158,1.0
931,0.0,0.0,0.0,0.0,0.0,0.0,0.0,0.0,0.009077121,0.64230704,0.3824378,0.0016309292,0.9951776,0.11502448,0.07116094,0.004112426,4.0
932,1.0,1.0,1.0,1.0,1.0,1.0,1.0,1.0,6.657131e-05,0.00017645501,0.0009197854,0.00021924693,0.0007579615,0.00042508694,0.0006890154,2.1311187e-05,1.0
933,1.0,1.0,1.0,1.0,1.0,1.0,1.0,1.0,8.491519e-05,2.4231142e-05,1.1779778e-05,5.2529955e-05,7.635836e-05,2.5543628e-05,0.0011571099,4.075602e-05,4.0
934,0.0,0.0,0.0,0.0,0.0,0.0,0.0,0.0,2.269037e-05,7.149813e-05,0.00012314737,8.742743e-06,5.7273384e-05,1.9972418e-05,0.000116797884,7.838259e-06,3.0
935,0.0,0.0,0.0,0.0,0.0,0.0,0.0,0.0,0.99802965,0.9983,0.99417347,0.99599445,0.99969244,0.99529546,0.7655045,0.0073087844,1.0
936,0.0,0.0,0.0,0.0,0.0,0.0,0.0,0.0,0.88623893,0.105460875,0.99340606,0.13853881,0.34678268,0.044425856,0.2489161,0.00089340174,2.0
937,0.0,0.0,0.0,0.0,0.0,0.0,0.0,0.0,0.9938023,0.9713486,0.91037047,0.9809533,0.9977107,0.58525735,0.006505499,0.021290172,3.0
938,1.0,1.0,1.0,1.0,1.0,1.0,1.0,1.0,0.96276796,0.9822499,0.82931644,0.9527874,0.9961576,0.23637894,0.92738265,0.030255036,0.0
939,0.0,0.0,0.0,0.0,0.0,0.0,0.0,0.0,0.00064471184,0.00019162525,0.0038035074,0.00013364258,0.020059736,0.001681586,2.5702164e-05,2.6504289e-05,3.0
940,1.0,1.0,1.0,1.0,1.0,1.0,1.0,0.0,0.000111423135,0.0012189187,0.0015314778,0.000102356644,0.00074597925,0.00010912591,5.157577e-05,3.080305e-05,2.0
941,1.0,1.0,1.0,1.0,1.0,1.0,0.0,1.0,3.1559073e-05,5.025536e-05,0.00015211699,7.2343196e-06,0.0004511444,0.00010289812,0.00012562588,1.9515404e-05,3.0
942,0.0,1.0,1.0,1.0,1.0,1.0,0.0,0.0,9.100353e-06,2.114087e-05,2.0637077e-05,1.5110562e-05,0.0005666432,4.398566e-05,1.2324567e-05,2.3570909e-05,4.0
943,1.0,1.0,1.0,1.0,1.0,1.0,0.0,1.0,1.8562916e-05,2.104195e-05,0.0001368829,1.5310461e-05,3.275389e-05,8.152647e-05,0.00010427128,3.2427277e-05,3.0
944,1.0,1.0,1.0,1.0,1.0,1.0,0.0,0.0,0.99994755,0.9999447,0.9998729,0.999931,0.9998745,0.9992567,0.9940148,0.85368365,0.0
945,1.0,1.0,1.0,1.0,1.0,1.0,0.0,1.0,2.5450016e-05,3.3533765e-05,6.942008e-05,1.8581832e-05,0.006581542,1.24342905e-05,8.167728e-05,7.4179197e-06,3.0
946,1.0,1.0,1.0,1.0,1.0,1.0,1.0,0.0,0.9996846,0.995999,0.99862933,0.99943715,0.9998023,0.99689096,0.94975495,0.3165729,0.0
947,1.0,1.0,1.0,1.0,1.0,1.0,0.0,0.0,0.9781431,0.9997609,0.9491998,0.74546343,0.9958513,0.2926658,0.21093996,0.05273125,1.0
948,0.0,0.0,0.0,0.0,0.0,0.0,0.0,0.0,0.99955195,0.99995625,0.99992156,0.99982184,0.99984014,0.9998925,0.99816954,0.7527231,3.0
949,0.0,0.0,0.0,0.0,0.0,0.0,0.0,0.0,0.9951507,0.99989593,0.99993277,0.99918336,0.9999374,0.999495,0.9986712,0.07937975,2.0
950,1.0,1.0,1.0,1.0,1.0,1.0,1.0,1.0,0.01974872,0.41415176,0.50304246,0.005795983,0.94836295,0.0146971345,0.024118181,0.0029137572,2.0
951,1.0,1.0,1.0,1.0,1.0,1.0,1.0,1.0,0.99907506,0.99860555,0.9965623,0.9979686,0.999613,0.9995358,0.96417725,0.06607419,1.0
952,1.0,1.0,1.0,1.0,1.0,1.0,1.0,1.0,0.15151405,0.9484377,0.20188387,0.03455083,0.97899526,0.88525116,0.0069057476,0.02468142,3.0
953,0.0,0.0,0.0,0.0,0.0,0.0,0.0,0.0,0.9962559,0.9802202,0.99988174,0.997519,0.9995826,0.99316555,0.20130588,0.0006219987,0.0
954,0.0,0.0,0.0,0.0,0.0,0.0,0.0,0.0,0.9991854,0.99617517,0.9999453,0.997355,0.99978536,0.9956137,0.92327833,0.016747797,1.0
955,1.0,1.0,1.0,1.0,1.0,1.0,1.0,1.0,4.076589e-05,0.0008381519,0.00018009788,0.00011069326,0.00025881355,0.00040154016,8.334783e-05,3.7518585e-05,4.0
956,0.0,0.0,0.0,0.0,0.0,0.0,0.0,0.0,0.9995628,0.99914455,0.99952126,0.99799407,0.9993741,0.998116,0.9261705,0.8545318,2.0
957,1.0,1.0,1.0,1.0,1.0,1.0,1.0,1.0,8.3879815e-05,0.0036028088,0.0034561388,0.00022831178,0.27299505,0.00019416187,0.006280411,2.1068074e-05,4.0
958,1.0,1.0,1.0,1.0,1.0,1.0,1.0,1.0,0.99990714,0.99994624,0.99993753,0.9999255,0.999905,0.99981946,0.99849427,0.9909462,2.0
959,0.0,1.0,1.0,0.0,1.0,1.0,0.0,0.0,0.9996911,0.99916136,0.99916947,0.9976247,0.9989243,0.99927896,0.9919071,0.9913038,4.0
960,0.0,0.0,0.0,0.0,0.0,0.0,0.0,0.0,0.0060807434,0.004564543,0.0009932143,2.741574e-05,0.18019234,0.00018409835,0.09842365,3.570535e-05,3.0
961,1.0,1.0,1.0,0.0,1.0,1.0,1.0,0.0,0.99992585,0.9998745,0.99950886,0.99877137,0.99935097,0.99952054,0.90745336,0.971458,0.0
962,1.0,1.0,1.0,1.0,1.0,1.0,1.0,0.0,0.22996323,0.016023116,0.16926537,0.022016494,0.21597935,0.004524775,0.18265702,0.0003004576,3.0
963,0.0,0.0,0.0,0.0,0.0,0.0,0.0,0.0,0.9886807,0.9990528,0.9776063,0.995171,0.99849653,0.99199426,0.9972179,0.9387111,1.0
964,1.0,1.0,1.0,1.0,1.0,1.0,0.0,0.0,0.00046040572,0.20467049,0.36421698,0.00028040446,0.9579821,0.546933,0.0026907646,0.0001698507,1.0
965,1.0,1.0,1.0,1.0,1.0,0.0,0.0,0.0,0.013691268,0.16434792,0.9731338,0.0008520327,0.9991441,0.9289078,0.11657207,9.572906e-05,1.0
966,0.0,0.0,0.0,0.0,0.0,0.0,0.0,0.0,0.99671555,0.996581,0.9991014,0.9961628,0.99960977,0.99735594,0.9978496,0.05488704,1.0
967,0.0,0.0,0.0,0.0,0.0,0.0,0.0,0.0,4.8639147e-05,0.00010792897,2.8859677e-05,8.454798e-06,0.00011272448,3.7835598e-05,0.0013407724,1.0588895e-05,0.0
968,1.0,0.0,1.0,1.0,0.0,0.0,0.0,1.0,0.098852076,0.98983777,0.99940896,0.9482461,0.9973882,0.13199924,0.06853964,0.0011907972,4.0
969,0.0,0.0,0.0,0.0,0.0,0.0,0.0,0.0,0.0018007605,0.14569972,0.0017605685,0.013206344,0.9512565,0.0004452564,6.175092e-05,0.00018288012,1.0
970,0.0,0.0,0.0,0.0,0.0,0.0,0.0,0.0,4.544738e-05,0.00032163947,5.6798996e-05,1.976002e-05,0.0028670917,0.00010802133,1.1854687e-05,5.7191304e-05,1.0
971,0.0,0.0,0.0,0.0,0.0,0.0,0.0,0.0,0.99949694,0.99979514,0.99936074,0.998696,0.9992668,0.99806243,0.6542456,0.9741847,2.0
972,0.0,0.0,0.0,0.0,0.0,0.0,0.0,0.0,5.164034e-05,6.195495e-05,1.5336196e-05,2.8324264e-06,0.0001339111,1.0994188e-05,6.04247e-05,9.157018e-06,0.0
973,1.0,1.0,1.0,0.0,1.0,0.0,1.0,0.0,3.3002212e-05,5.4019532e-05,2.965577e-05,4.557204e-06,0.00021574053,2.46111e-05,0.0024467097,9.304422e-06,0.0
974,1.0,1.0,1.0,1.0,1.0,0.0,1.0,0.0,0.32154575,0.77228373,0.9124454,0.47497815,0.9458427,0.013730737,0.002469949,0.00048114263,3.0
975,0.0,0.0,0.0,0.0,0.0,0.0,0.0,0.0,0.4719614,0.68398577,0.9124396,0.37779224,0.91090906,0.4826125,0.80794525,0.017687295,4.0
976,0.0,1.0,1.0,1.0,1.0,1.0,0.0,0.0,0.85567605,0.94749725,0.7437482,0.37599757,0.98458743,0.040029142,0.9531011,0.052240677,3.0
977,0.0,1.0,1.0,1.0,1.0,1.0,0.0,0.0,0.00082813355,4.0140178e-05,2.6848333e-05,3.1752337e-05,0.0035700714,2.8239918e-05,0.0020052372,1.5994052e-05,0.0
978,0.0,0.0,0.0,0.0,0.0,0.0,0.0,0.0,0.32411516,0.95836794,0.87463045,0.9906949,0.9869667,0.99890924,0.61864364,0.0046454407,4.0
979,1.0,1.0,1.0,1.0,1.0,1.0,1.0,0.0,0.5977037,0.29588437,0.04424937,0.00029782014,0.56758434,0.009560993,0.0019567758,0.0011433259,0.0
980,0.0,0.0,0.0,0.0,1.0,0.0,0.0,0.0,4.2225423e-05,0.00028321779,0.00017362722,7.3209034e-05,0.00084272865,0.0001460059,0.000260279,8.5644915e-06,1.0
981,0.0,0.0,0.0,0.0,0.0,0.0,0.0,0.0,0.999688,0.99993014,0.99935967,0.9987864,0.99981266,0.99978584,0.99919313,0.99262697,4.0
982,1.0,1.0,1.0,1.0,1.0,1.0,1.0,1.0,0.0001293778,0.0049893335,0.04078433,0.00046929938,0.000768687,0.00028783732,0.001137294,0.00019448278,3.0
983,0.0,0.0,0.0,0.0,0.0,0.0,0.0,0.0,0.9995938,0.99545705,0.9905428,0.9975884,0.97078335,0.066526845,0.029021347,0.6470633,2.0
984,1.0,1.0,1.0,1.0,1.0,1.0,1.0,1.0,0.99920017,0.99863094,0.9998803,0.9998622,0.9997805,0.99957114,0.96150786,0.08437487,0.0
985,1.0,1.0,1.0,1.0,1.0,1.0,1.0,0.0,0.9996662,0.99765176,0.9954646,0.99711514,0.99126315,0.9380833,0.09113556,0.08778794,4.0
986,1.0,1.0,1.0,1.0,1.0,1.0,1.0,1.0,0.999564,0.9998349,0.9998306,0.9998536,0.9991026,0.9982393,0.9968664,0.99734974,3.0
987,0.0,1.0,1.0,0.0,1.0,1.0,0.0,0.0,0.9996388,0.99951637,0.9996362,0.9998536,0.9984282,0.9982393,0.993887,0.9984629,3.0
988,1.0,1.0,1.0,1.0,1.0,1.0,1.0,0.0,0.9894644,0.9972855,0.96909297,0.9140243,0.967632,0.9654346,0.57407373,0.7254859,4.0
989,1.0,1.0,1.0,1.0,1.0,1.0,1.0,1.0,0.00030252832,0.0015368867,0.00074286567,0.00010460311,0.0034951612,0.007877326,0.0012529651,2.1298632e-05,0.0
990,0.0,0.0,0.0,0.0,0.0,0.0,0.0,0.0,0.2473971,0.14129345,0.5335604,0.9783278,0.93264216,0.08065268,0.072372675,0.002145742,0.0
991,0.0,0.0,0.0,0.0,0.0,0.0,0.0,0.0,0.53922766,0.0036873152,0.061350767,0.0016474702,0.82322764,0.06501206,0.00023961786,9.086615e-05,4.0
992,1.0,1.0,1.0,1.0,1.0,1.0,1.0,1.0,0.6650077,0.95684266,0.93010604,0.01735812,0.99845886,0.44800505,0.67413694,0.050194778,3.0
993,0.0,1.0,1.0,0.0,1.0,1.0,0.0,0.0,0.99889225,0.99871683,0.9997687,0.9999206,0.9999689,0.9998273,0.9759135,0.8031901,0.0
994,0.0,0.0,0.0,0.0,1.0,0.0,0.0,0.0,0.9863175,0.9997322,0.9999001,0.99986565,0.9998859,0.99962306,0.45747024,0.075480655,2.0
995,0.0,1.0,1.0,1.0,1.0,1.0,1.0,0.0,7.497839e-05,0.0027363226,0.00039147786,2.3742637e-05,0.010114883,5.8198286e-05,0.00026126028,3.0817624e-05,1.0
996,0.0,0.0,0.0,0.0,0.0,0.0,0.0,0.0,0.00064256176,9.4650706e-05,0.00036599068,0.0003568206,0.0050271163,0.0018706359,0.06496817,0.0008691185,4.0
997,1.0,1.0,1.0,1.0,1.0,1.0,1.0,1.0,0.00010621555,2.1956566e-05,3.760165e-05,2.305507e-05,0.0013166124,5.062516e-05,4.76352e-05,1.8704668e-05,3.0
998,1.0,1.0,1.0,1.0,1.0,1.0,1.0,1.0,0.9998447,0.99995697,0.99991834,0.9997532,0.9999399,0.99991083,0.9955128,0.29163998,3.0
999,0.0,0.0,0.0,0.0,0.0,0.0,0.0,0.0,0.0030460404,0.0009412232,9.5212505e-05,6.5706554e-05,0.0003482279,9.645855e-05,0.003579748,0.00011355369,3.0
1000,1.0,0.0,1.0,1.0,0.0,0.0,0.0,0.0,0.00021344343,0.00017811294,7.649769e-06,9.00981e-06,0.00015457798,1.410964e-05,0.001933928,9.582065e-06,2.0
1001,1.0,1.0,1.0,1.0,1.0,1.0,1.0,1.0,6.0115366e-05,0.00014180956,6.0070328e-05,0.00012160948,0.000106816035,2.1220878e-05,0.0006982922,6.2904664e-06,3.0
1002,0.0,0.0,0.0,0.0,0.0,0.0,0.0,0.0,0.9996321,0.98654664,0.9987112,0.99736816,0.98971343,0.8861784,0.21540341,0.21708417,3.0
1003,0.0,0.0,0.0,0.0,0.0,0.0,0.0,0.0,0.8692849,0.569852,0.72635096,0.023055557,0.349741,0.006420621,0.21495838,0.18304914,3.0
1004,1.0,1.0,1.0,1.0,1.0,1.0,1.0,1.0,0.98691314,0.99829715,0.9980525,0.41998553,0.99181867,0.9638463,0.020038608,0.023944348,4.0
1005,0.0,0.0,0.0,0.0,1.0,1.0,0.0,0.0,0.99554366,0.99482626,0.9839102,0.99614525,0.9884024,0.93535876,0.9939686,0.9827262,3.0
1006,0.0,0.0,0.0,0.0,0.0,0.0,0.0,0.0,0.9997422,0.9989557,0.9997868,0.999877,0.99830484,0.9998778,0.69473886,0.94769025,3.0
1007,0.0,0.0,0.0,0.0,0.0,0.0,0.0,0.0,0.6224212,0.9975198,0.9992557,0.30865723,0.9784707,0.9230778,0.62722826,0.03688979,1.0
1008,1.0,1.0,1.0,0.0,1.0,1.0,1.0,0.0,0.99594754,0.99884194,0.99580526,0.17360504,0.9997384,0.9968137,0.8260272,0.025409974,1.0
1009,0.0,0.0,0.0,0.0,0.0,0.0,0.0,0.0,0.0014726956,0.0001431528,0.0027768393,0.0007882944,0.00010523611,0.00019985734,0.002999451,0.00036774186,1.0
1010,0.0,0.0,0.0,0.0,0.0,0.0,0.0,0.0,1.944051e-05,0.00018381506,8.933205e-05,3.6841917e-05,0.0003299435,0.0001877002,0.00032468248,0.00015882344,4.0
1011,0.0,0.0,0.0,0.0,0.0,0.0,0.0,0.0,0.99476904,0.9998361,0.99982834,0.9998287,0.999635,0.9997881,0.9963546,0.95748353,1.0
1012,0.0,0.0,1.0,0.0,0.0,0.0,0.0,0.0,0.999592,0.9994947,0.9998605,0.9778552,0.9992418,0.99543035,0.9304953,0.758239,1.0
1013,1.0,1.0,1.0,1.0,1.0,1.0,1.0,1.0,4.1965814e-05,3.2409036e-05,4.9124915e-06,2.8324264e-06,0.0007928658,7.793158e-06,9.057522e-05,1.1569061e-05,0.0
1014,1.0,1.0,0.0,0.0,0.0,0.0,0.0,0.0,0.0017714764,0.28829226,0.61687225,0.0027827027,0.9812983,0.69056225,0.087627046,0.00013137334,4.0
1015,1.0,1.0,1.0,0.0,1.0,1.0,1.0,1.0,3.5840512e-05,0.00040748628,6.1445144e-06,8.4416015e-06,0.002148848,1.647175e-05,7.469108e-05,1.0465482e-05,3.0
1016,1.0,1.0,1.0,0.0,1.0,1.0,0.0,0.0,0.012158883,0.05271245,0.00398262,0.002244104,0.051453758,0.0008823776,0.0003292688,0.00082080177,4.0
1017,1.0,1.0,1.0,1.0,1.0,1.0,1.0,1.0,7.879294e-05,0.00042506264,8.786103e-05,6.901915e-05,8.579873e-05,3.9416944e-05,0.001574218,1.3538792e-05,2.0
1018,1.0,1.0,1.0,1.0,1.0,1.0,0.0,0.0,0.9923273,0.7412075,0.94497156,0.79108614,0.86109865,0.99650145,0.999121,0.21931112,3.0
1019,1.0,1.0,1.0,1.0,1.0,1.0,0.0,1.0,0.99761873,0.99935144,0.99576074,0.99939823,0.980478,0.9908234,0.79480046,0.88668877,0.0
1020,0.0,0.0,1.0,0.0,1.0,0.0,0.0,0.0,0.0006684032,0.0011300003,0.0017805963,0.0022304007,0.0014845323,7.2982075e-05,0.0031714647,0.0002154478,2.0
1021,0.0,0.0,0.0,0.0,0.0,0.0,0.0,0.0,0.9955101,0.99899143,0.99974364,0.99334997,0.999742,0.961739,0.9633313,0.9775724,3.0
1022,1.0,1.0,1.0,1.0,1.0,1.0,0.0,0.0,0.006942306,0.9818881,0.8646973,0.014487293,0.99928826,0.7532151,0.434373,0.37592086,2.0
1023,0.0,0.0,0.0,0.0,0.0,0.0,0.0,0.0,0.9989716,0.99808,0.9995247,0.9571799,0.99585885,0.9425627,0.99908805,0.95823264,0.0
1024,0.0,0.0,0.0,0.0,1.0,0.0,0.0,0.0,0.058954548,0.58142227,0.6333523,0.004492343,0.9877417,0.29735523,0.018545667,0.0020456198,2.0
1025,0.0,1.0,0.0,0.0,0.0,0.0,0.0,0.0,0.9983187,0.9997185,0.9999571,0.9999727,0.99980634,0.99993145,0.94505256,0.21337236,1.0
